OriginalIndex,ActualScore,PredictedScore,Residual
0,-7.1,-7.598127156290002,0.4981271562900025
3,-8.9,-9.019361992283782,0.11936199228378186
8,-6.1,-5.4922453625955825,-0.6077546374044172
10,-5.791,-5.883967378290258,0.09296737829025759
14,-5.4,-5.2592884458173685,-0.14071155418263182
19,-5.88,-5.864104243339271,-0.015895756660729177
29,-10.2,-9.733864375328322,-0.46613562467167746
31,-8.573,-8.031612632364906,-0.5413873676350942
33,-7.715,-8.300078209387575,0.585078209387575
35,-5.8,-5.744328322988724,-0.05567167701127573
36,-5.9,-5.725117711369103,-0.17488228863089716
39,-5.5,-5.692860602524358,0.192860602524358
41,-5.0,-5.41214730498014,0.41214730498013985
47,-7.0,-6.913829470447135,-0.08617052955286475
50,-6.1,-6.9001641612240165,0.8001641612240169
63,-5.6,-5.821225202996883,0.22122520299688375
70,-10.2,-9.737670268084196,-0.46232973191580307
73,-10.7,-10.2969047776796,-0.40309522232039896
76,-7.8,-8.092797933622185,0.2927979336221851
79,-9.1,-9.406969228933328,0.3069692289333279
80,-8.8,-8.967658642044523,0.16765864204452186
88,-7.9,-8.276008909778358,0.3760089097783581
92,-5.6,-5.367926108366493,-0.23207389163350634
93,-8.9,-9.478664132824127,0.5786641328241267
95,-9.7,-9.615540813572862,-0.08445918642713757
96,-9.3,-9.654512342299801,0.35451234229980066
101,-9.8,-9.921715732649227,0.12171573264922664
103,-10.4,-9.958993124516523,-0.4410068754834775
106,-5.8,-5.851932549926139,0.05193254992613916
107,-8.8,-9.498086438428903,0.6980864384289021
108,-8.2,-8.225292422491613,0.025292422491613564
119,-9.2,-8.90477989201039,-0.29522010798960885
123,-11.0,-11.619909802016817,0.6199098020168172
131,-7.2,-7.7109382432455105,0.5109382432455103
135,-9.4,-9.628662416987492,0.22866241698749157
144,-7.9,-8.489833601559088,0.5898336015590875
149,-10.2,-10.223031120655653,0.023031120655653936
169,-10.9,-10.205950453222904,-0.6940495467770962
173,-9.2,-9.299128336877137,0.09912833687713807
177,-9.0,-10.137430727931056,1.137430727931056
185,-9.2,-8.928386738270314,-0.27161326172968536
200,-8.2,-7.960644477064668,-0.23935552293533124
210,-8.184,-8.257087869897672,0.07308786989767313
214,-9.8,-9.695893573707897,-0.10410642629210365
216,-8.9,-8.84384990016216,-0.05615009983783992
217,-9.6,-10.330227744319082,0.7302277443190821
218,-9.7,-10.395746017596165,0.695746017596166
245,-8.2,-7.852980841733966,-0.3470191582660336
248,-8.7,-8.69786111134569,-0.0021388886543096675
251,-7.6,-7.8172218918711,0.21722189187109997
259,-6.8,-6.587369740473265,-0.2126302595267351
263,-11.4,-10.487637669214138,-0.9123623307858626
265,-9.2,-9.853801424400109,0.6538014244001094
267,-7.5,-7.715194182962398,0.21519418296239756
274,-10.0,-9.877343207499827,-0.12265679250017314
286,-9.3,-9.315899836837293,0.015899836837292014
288,-8.4,-8.666881602707646,0.26688160270764527
290,-6.8,-7.201123119781139,0.4011231197811389
291,-12.3,-10.849010369407303,-1.450989630592698
293,-11.3,-10.681767106184356,-0.6182328938156445
295,-9.0,-8.442776164459895,-0.5572238355401051
299,-8.559,-8.484500240443847,-0.07449975955615251
303,-6.3,-6.763914787273023,0.4639147872730236
304,-9.404,-9.509135399874081,0.10513539987408116
311,-11.2,-10.662131549727189,-0.5378684502728106
315,-8.5,-8.09443009993373,-0.40556990006627025
316,-9.0,-8.373492453656715,-0.6265075463432854
318,-6.5,-7.038123026848011,0.5381230268480106
321,-10.3,-10.376205407410135,0.07620540741013393
330,-10.7,-10.536867995461604,-0.1631320045383955
333,-9.0,-8.874236021623373,-0.1257639783766269
335,-8.1,-8.075983496612817,-0.024016503387182198
346,-7.832,-9.048210720063002,1.2162107200630023
349,-10.7,-10.74211912136574,0.04211912136574014
360,-10.6,-10.413781897155781,-0.1862181028442187
367,-8.824,-8.360204694222336,-0.4637953057776638
373,-8.8,-8.835830634523806,0.03583063452380486
379,-5.8,-5.805566495969973,0.005566495969973495
381,-9.4,-9.428067518922537,0.028067518922537005
388,-5.6,-5.531412949513094,-0.06858705048690528
398,-8.1,-9.860752457235753,1.7607524572357534
399,-9.7,-9.096197224550842,-0.6038027754491573
407,-5.4,-6.510561105763985,1.1105611057639848
408,-8.4,-8.814798442391261,0.41479844239126074
409,-8.7,-8.83717455167221,0.13717455167221004
410,-5.8,-6.546608750725029,0.746608750725029
415,-12.1,-10.759778701215057,-1.3402212987849431
416,-11.7,-10.75776737654207,-0.9422326234579295
424,-11.2,-10.917924526769031,-0.28207547323096804
426,-10.7,-10.542517348695428,-0.15748265130457106
427,-9.0,-9.30930281582203,0.30930281582202923
428,-6.2,-5.713585100465724,-0.4864148995342763
431,-9.1,-9.097068900681812,-0.002931099318187691
434,-9.3,-9.462918239333947,0.1629182393339459
439,-9.3,-7.96566084084475,-1.3343391591552507
440,-7.5,-6.542829142439217,-0.9571708575607829
450,-9.1,-9.433958975969553,0.33395897596955315
457,-10.18,-9.744285101713619,-0.4357148982863812
461,-7.926,-8.386383556860736,0.4603835568607355
465,-9.4,-8.905261906901304,-0.49473809309869665
467,-8.185,-8.802674611978397,0.617674611978396
468,-9.8,-10.009078310541815,0.20907831054181436
469,-6.3,-5.939881025274103,-0.3601189747258964
472,-7.6,-7.133305771391903,-0.4666942286080964
483,-10.5,-9.520150691828924,-0.979849308171076
486,-7.9,-8.392868341176667,0.492868341176667
487,-8.952,-9.525405852194794,0.573405852194794
496,-8.3,-8.580620180168028,0.28062018016802703
500,-8.5,-9.094401630560702,0.5944016305607018
510,-8.7,-8.31680329902877,-0.3831967009712294
518,-11.2,-10.855706280658463,-0.3442937193415361
530,-7.9,-8.10318280799543,0.20318280799542876
532,-10.3,-10.028501936778799,-0.27149806322120185
533,-9.9,-10.18833245755607,0.28833245755606995
542,-7.337,-8.273264959944227,0.9362649599442268
543,-7.5,-7.519303509305594,0.01930350930559399
549,-8.8,-8.708092148254389,-0.09190785174561178
554,-9.569,-9.699887746524691,0.13088774652469048
562,-7.1,-7.52589856168408,0.4258985616840807
563,-9.8,-10.099450868476055,0.29945086847605396
565,-9.826,-8.90720412846179,-0.9187958715382099
567,-8.6,-10.169832803896911,1.5698328038969116
568,-7.7,-7.618343872025023,-0.08165612797497701
573,-9.7,-9.558881934341718,-0.1411180656582811
576,-8.1,-8.821428609760195,0.7214286097601956
577,-9.1,-9.205146327836879,0.10514632783687894
582,-10.32,-9.626540638589049,-0.6934593614109517
586,-9.9,-9.337442318760743,-0.562557681239257
590,-7.2,-8.03310662620687,0.8331066262068694
592,-6.7,-5.962371210823382,-0.7376287891766182
605,-10.2,-10.262281156828742,0.06228115682874247
608,-5.7,-6.4904718228994005,0.7904718228994003
620,-10.2,-9.737371779399139,-0.46262822060086073
621,-10.5,-10.25785854222133,-0.24214145777867024
623,-10.2,-9.97422987141821,-0.22577012858178946
624,-9.0,-9.448301554429348,0.4483015544293476
633,-8.9,-8.900248876831023,0.0002488768310229261
637,-7.0,-6.684224801646092,-0.3157751983539079
647,-8.4,-8.705156005965337,0.3051560059653369
651,-9.9,-9.765591884163024,-0.1344081158369761
655,-7.0,-8.087460494789985,1.087460494789985
668,-9.1,-8.783246287562523,-0.3167537124374764
673,-10.5,-10.423607958976199,-0.07639204102380148
676,-12.7,-11.601792015126957,-1.0982079848730422
683,-10.6,-10.594541893973622,-0.0054581060263778625
694,-9.1,-9.607116946521282,0.5071169465212826
700,-9.0,-8.98764511617026,-0.01235488382974026
704,-7.7,-8.070849004277662,0.37084900427766154
708,-7.9,-7.958816473496383,0.05881647349638275
710,-6.7,-6.8139124352202725,0.11391243522027228
713,-12.3,-10.899586210322086,-1.4004137896779145
714,-10.98,-10.946335746043768,-0.03366425395623196
718,-8.0,-7.841710063585955,-0.15828993641404487
730,-11.9,-10.591669511561175,-1.3083304884388252
733,-9.6,-9.725685921129116,0.1256859211291168
735,-4.0,-2.024371674660097,-1.975628325339903
736,-6.4,-3.4994695128104256,-2.9005304871895747
740,-9.995,-9.602033178946071,-0.39296682105392833
744,-7.4,-8.381685576120205,0.9816855761202046
747,-8.2,-7.783946066650577,-0.4160539333494224
756,-7.7,-7.704456927574828,0.004456927574827851
758,-7.6,-7.582045848106811,-0.017954151893188275
761,-9.3,-9.421390032492804,0.121390032492803
764,-8.7,-8.569257025471387,-0.13074297452861217
765,-8.1,-8.346972974265414,0.24697297426541454
774,-10.3,-10.160500077936206,-0.1394999220637949
777,-8.7,-9.428141866124625,0.7281418661246253
782,-8.6,-8.487543683858618,-0.11245631614138141
788,-8.3,-8.578136501659902,0.2781365016599011
794,-10.88,-10.111121724880993,-0.7688782751190075
795,-10.0,-9.845401848549756,-0.15459815145024436
799,-9.9,-9.202432484307012,-0.6975675156929881
819,-10.1,-9.822756248406673,-0.2772437515933266
836,-8.1,-8.335274090187161,0.23527409018716128
839,-11.2,-10.602802996078827,-0.5971970039211723
850,-10.3,-10.0247647630706,-0.2752352369294009
852,-6.4,-6.141868713991622,-0.2581312860083784
856,-9.7,-9.955256830615145,0.2552568306151457
866,-10.4,-9.838278454689208,-0.5617215453107924
868,-7.705,-7.719718429609855,0.014718429609854589
881,-6.9,-6.9573421075557365,0.0573421075557361
883,-8.1,-8.08042931895929,-0.019570681040709914
895,-10.1,-9.897328139726739,-0.20267186027326112
900,-7.2,-8.15689386030232,0.95689386030232
902,-9.7,-10.117220504427102,0.4172205044271031
908,-10.1,-10.1595079845481,0.05950798454809991
909,-5.6,-5.497253244638851,-0.10274675536114852
914,-6.9,-7.413364919319898,0.5133649193198977
916,-6.2,-6.785480912047814,0.5854809120478137
921,-12.1,-11.126651698930308,-0.9733483010696915
927,-9.6,-9.297193709634167,-0.30280629036583306
932,-7.7,-8.268474168184756,0.568474168184756
937,-9.3,-9.51114028779948,0.2111402877994788
952,-11.1,-10.605977665672961,-0.49402233432703824
957,-9.3,-8.488795150385236,-0.8112048496147644
958,-9.2,-8.696905842688073,-0.5030941573119261
960,-13.3,-11.51203785026993,-1.7879621497300704
967,-8.2,-9.139034191139997,0.9390341911399975
970,-11.1,-10.698520205140882,-0.40147979485911733
971,-11.2,-10.478692112114372,-0.7213078878856276
973,-4.6,-5.413941469148648,0.8139414691486486
993,-9.3,-9.139422664536873,-0.16057733546312747
1002,-10.1,-9.024248203406795,-1.0757517965932042
1010,-6.7,-7.591821396742222,0.8918213967422215
1011,-9.394,-8.311738404962721,-1.082261595037279
1022,-9.1,-9.285027533717816,0.18502753371781644
1026,-6.9,-7.769266842448099,0.8692668424480985
1039,-10.5,-10.887219863858224,0.38721986385822404
1041,-7.1,-7.082825200361254,-0.017174799638745242
1042,-9.7,-9.28927934139709,-0.41072065860290863
1053,-9.7,-10.392371911886023,0.6923719118860241
1056,-10.6,-10.062023256228159,-0.537976743771841
1061,-11.6,-10.87008568978504,-0.7299143102149603
1068,-10.4,-10.030973974327097,-0.36902602567290366
1071,-9.0,-8.938583406055212,-0.061416593944787934
1076,-10.5,-10.074765979938164,-0.4252340200618363
1078,-10.5,-10.054995558681751,-0.44500444131824857
1082,-8.1,-8.29025655667096,0.19025655667095975
1084,-11.2,-10.683190637078438,-0.5168093629215615
1087,-8.5,-8.811211179462779,0.311211179462779
1090,-8.6,-8.387831015042437,-0.21216898495756276
1107,-7.931,-9.211903649142794,1.280903649142794
1110,-8.6,-8.476163630038878,-0.12383636996112202
1111,-7.7,-8.201267298992835,0.5012672989928353
1112,-10.3,-9.943506600734622,-0.3564933992653785
1113,-9.2,-8.694896223534867,-0.5051037764651323
1118,-5.0,-5.613086859805085,0.6130868598050849
1121,-9.9,-9.187658118992063,-0.7123418810079372
1123,-8.1,-8.387661849234211,0.2876618492342118
1142,-9.3,-8.986658290736662,-0.31334170926333904
1145,-10.7,-10.191260650700913,-0.5087393492990859
1147,-5.0,-5.0882666196341955,0.08826661963419546
1149,-8.8,-9.081974682437265,0.281974682437264
1155,-10.5,-10.657695275433325,0.1576952754333245
1156,-9.554,-9.955639163793913,0.40163916379391296
1157,-9.0,-9.290702237411162,0.2907022374111623
1160,-11.5,-10.84988275770151,-0.6501172422984904
1166,-10.39,-9.621776181832022,-0.7682238181679786
1175,-12.36,-12.3836935076429,0.023693507642899903
1178,-9.3,-9.228848190085927,-0.071151809914074
1180,-7.5,-8.066142230232787,0.5661422302327868
1183,-7.9,-7.603420381380646,-0.29657961861935433
1188,-7.8,-8.352937550810012,0.5529375508100118
1190,-10.1,-10.130468664669682,0.0304686646696819
1193,-9.6,-9.17849219410884,-0.4215078058911601
1194,-6.5,-7.310299796428739,0.8102997964287386
1195,-8.3,-10.006891526076933,1.706891526076932
1199,-8.8,-9.2312734779933,0.4312734779932992
1201,-7.9,-7.800700745091876,-0.09929925490812419
1206,-8.8,-9.046422642325481,0.24642264232548072
1208,-7.139,-7.702586980776799,0.5635869807767984
1210,-10.1,-9.982336581986049,-0.11766341801395086
1213,-9.3,-9.354499444886038,0.054499444886037196
1217,-9.4,-9.418967662800325,0.018967662800324803
1219,-8.8,-9.397051476985489,0.597051476985488
1224,-10.0,-9.560394622709701,-0.4396053772902988
1233,-10.7,-9.865086137016078,-0.834913862983921
1237,-12.7,-11.731054090769014,-0.9689459092309853
1245,-10.3,-10.217171169270316,-0.08282883072968517
1247,-7.7,-8.732092836421657,1.0320928364216568
1250,-11.9,-11.310214121687881,-0.589785878312119
1253,-9.7,-9.350465049146079,-0.3495349508539203
1254,-11.2,-9.922683510987666,-1.2773164890123336
1261,-8.8,-8.4111378670442,-0.38886213295580063
1277,-8.0,-8.141041490734755,0.14104149073475547
1281,-9.0,-9.167715532742825,0.16771553274282525
1282,-8.5,-8.305049086061926,-0.19495091393807407
1284,-11.1,-10.634249479857864,-0.46575052014213547
1285,-10.0,-10.233280800259827,0.233280800259827
1297,-8.3,-8.497596146661898,0.19759614666189762
1303,-8.9,-8.92055061047915,0.020550610479149967
1320,-9.8,-8.904558313935617,-0.8954416860643839
1330,-8.9,-8.222658959792183,-0.6773410402078177
1345,-8.3,-8.504201895785561,0.2042018957855607
1347,-10.3,-10.438687199875975,0.13868719987597444
1350,-8.8,-8.751494103483891,-0.048505896516109814
1351,-8.5,-8.918626227696313,0.4186262276963131
1355,-10.3,-9.827418526446705,-0.47258147355329605
1360,-8.5,-9.019709726927168,0.519709726927168
1368,-11.2,-10.794131089653504,-0.40586891034649497
1369,-8.8,-9.668378122053042,0.8683781220530413
1373,-8.818,-10.457438210271626,1.639438210271626
1374,-9.4,-10.117806096830211,0.7178060968302109
1383,-12.2,-9.640160857894662,-2.5598391421053375
1393,-7.4,-7.59879859809636,0.19879859809636002
1396,-11.4,-11.608977223678774,0.20897722367877414
1399,-11.52,-10.641326769879893,-0.878673230120107
1402,-9.1,-9.923254120462028,0.8232541204620283
1406,-8.5,-8.149313233956125,-0.35068676604387505
1408,-8.7,-9.234829331076726,0.5348293310767271
1413,-7.4,-8.726176201200914,1.326176201200914
1418,-10.3,-9.97312984665217,-0.32687015334783
1421,-9.55,-10.300906638329565,0.750906638329564
1427,-9.4,-9.963748260814704,0.5637482608147035
1432,-8.4,-8.570894117204768,0.17089411720476733
1433,-6.9,-7.374024153846309,0.474024153846309
1434,-7.0,-8.133847854764797,1.133847854764797
1437,-10.2,-9.488327757349884,-0.7116722426501152
1453,-8.0,-7.653052639099355,-0.3469473609006446
1454,-9.0,-8.994170948670758,-0.005829051329241608
1457,-6.5,-6.251135041677128,-0.24886495832287192
1458,-6.3,-6.764277311324319,0.46427731132431926
1459,-10.0,-9.841465364785709,-0.15853463521429134
1470,-11.7,-10.133239787095848,-1.5667602129041516
1472,-9.6,-9.743763185293496,0.14376318529349597
1479,-8.8,-8.03146475420323,-0.7685352457967713
1486,-9.3,-9.996387474176359,0.6963874741763583
1488,-10.2,-10.55657360813869,0.35657360813869055
1491,-11.1,-10.184453601563751,-0.9155463984362484
1494,-8.6,-9.214768698169344,0.6147686981693443
1496,-9.3,-8.679423602552921,-0.6205763974470795
1498,-8.2,-8.438733051917163,0.23873305191716376
1501,-11.0,-10.699848840423154,-0.30015115957684557
1506,-8.1,-8.3271227011725,0.227122701172501
1509,-9.428,-8.783973515779543,-0.6440264842204577
1511,-12.7,-11.15775666297075,-1.5422433370292499
1512,-10.1,-9.663202113821837,-0.4367978861781623
1516,-9.78,-9.57737893911379,-0.20262106088620868
1523,-9.0,-9.411261593874944,0.41126159387494354
1530,-11.5,-10.591524295621365,-0.9084757043786347
1533,-11.0,-10.620433076826929,-0.37956692317307095
1536,-9.8,-9.711484483779024,-0.08851551622097631
1562,-8.4,-8.227682723191545,-0.17231727680845488
1566,-9.8,-9.346582794466537,-0.453417205533464
1570,-10.8,-9.775790704681281,-1.0242092953187196
1572,-6.9,-7.378576316877938,0.47857631687793756
1576,-8.6,-8.265546339870891,-0.3344536601291086
1578,-9.1,-9.552929746172127,0.4529297461721278
1579,-8.0,-7.835668427302901,-0.1643315726970993
1584,-9.3,-9.395517313222012,0.09551731322201107
1593,-10.7,-10.23456800457427,-0.46543199542573
1594,-7.1,-8.421755530995274,1.321755530995274
1595,-10.2,-9.568654186933173,-0.6313458130668259
1597,-8.2,-8.955298109451931,0.7552981094519318
1602,-12.4,-11.205905499325395,-1.1940945006746055
1608,-10.3,-9.566336565307044,-0.7336634346929571
1616,-8.9,-8.96576915786298,0.0657691578629791
1617,-5.213,-5.881797754903981,0.6687977549039807
1623,-9.2,-8.550072595007286,-0.6499274049927131
1626,-6.4,-6.11626288397432,-0.2837371160256801
1634,-12.9,-10.998601213418642,-1.9013987865813586
1643,-8.3,-8.671306873486085,0.37130687348608404
1650,-8.4,-8.533813793808426,0.13381379380842517
1655,-9.7,-9.941550689049578,0.24155068904957844
1660,-9.9,-8.814683520785628,-1.085316479214372
1662,-11.6,-10.34739139262568,-1.2526086073743201
1669,-10.7,-9.99795405242288,-0.702045947577119
1670,-11.6,-9.96309268304406,-1.6369073169559396
1671,-10.1,-9.332254865137335,-0.7677451348626647
1683,-9.9,-8.931357808821625,-0.9686421911783754
1688,-8.3,-8.988883998714138,0.6888839987141377
1691,-10.2,-9.290238322789495,-0.9097616772105042
1692,-7.699,-7.116149655557194,-0.5828503444428055
1701,-5.9,-6.813738333581167,0.9137383335811666
1703,-8.1,-8.11659263289712,0.01659263289712065
1710,-10.85,-10.176074595580438,-0.6739254044195615
1713,-6.8,-6.804199932229144,0.0041999322291443875
1718,-7.0,-7.348165832735529,0.34816583273552926
1720,-8.6,-9.003403254709255,0.4034032547092554
1722,-8.2,-7.626032995955896,-0.5739670040441034
1730,-7.9,-7.8180000322084595,-0.08199996779154084
1731,-7.9,-10.512096277596335,2.6120962775963346
1732,-10.3,-10.372331242416799,0.07233124241679789
1740,-8.5,-9.129116865378114,0.6291168653781138
1744,-7.5,-8.667757419927122,1.1677574199271223
1746,-5.7,-5.375594785133652,-0.3244052148663483
1747,-11.3,-10.203620207509918,-1.096379792490083
1758,-10.61,-10.310939235272057,-0.2990607647279422
1766,-7.9,-8.158811205650718,0.25881120565071747
1768,-10.3,-10.103463335577972,-0.19653666442202855
1775,-7.2,-7.73390916800948,0.5339091680094796
1780,-10.7,-10.389484348320046,-0.3105156516799532
1783,-9.114,-9.768025849813151,0.6540258498131504
1785,-8.8,-9.030919014885585,0.23091901488558442
1786,-8.1,-8.252635860998746,0.15263586099874615
1791,-8.5,-8.670278315803735,0.17027831580373487
1793,-9.3,-9.029103685040427,-0.27089631495957356
1795,-10.6,-8.770724046279025,-1.829275953720975
1803,-7.398,-6.646498468027158,-0.751501531972842
1805,-7.6,-7.067743756583894,-0.5322562434161053
1807,-7.707,-7.868072580286904,0.16107258028690374
1825,-7.0,-7.520893142129197,0.5208931421291974
1833,-8.8,-9.524791179175326,0.724791179175325
1835,-8.4,-8.423333211189458,0.02333321118945797
1839,-9.5,-9.219594194798548,-0.2804058052014522
1844,-8.7,-8.478652782882877,-0.22134721711712224
1845,-6.2,-6.6032337994360395,0.4032337994360393
1851,-6.966,-6.797509363449834,-0.1684906365501666
1862,-10.1,-9.499647518355781,-0.6003524816442187
1864,-8.2,-8.636615399247173,0.43661539924717374
1870,-9.6,-9.36030427199836,-0.23969572800164052
1883,-8.2,-7.861150543932469,-0.33884945606753014
1885,-7.6,-8.015788017415874,0.4157880174158741
1889,-9.6,-9.252345152605036,-0.34765484739496344
1891,-7.5,-8.774124257802871,1.274124257802871
1896,-11.0,-9.318568488313147,-1.6814315116868528
1904,-10.2,-9.454008041841531,-0.7459919581584682
1905,-6.6,-7.480336976134587,0.8803369761345872
1923,-9.0,-9.52803837380749,0.5280383738074903
1935,-10.3,-11.168539963205905,0.8685399632059045
1941,-8.3,-8.844513381366395,0.5445133813663947
1950,-10.3,-10.085269267836388,-0.21473073216361271
1952,-11.7,-10.951051513051965,-0.7489484869480343
1953,-10.8,-9.955021900575982,-0.8449780994240186
1954,-7.6,-7.0389518185656375,-0.5610481814343622
1964,-8.6,-9.157932267817223,0.5579322678172236
1965,-8.9,-9.183595639341737,0.2835956393417369
1971,-9.8,-9.224136159393671,-0.5758638406063294
1978,-6.8,-7.655108082422164,0.8551080824221637
1981,-7.3,-9.410532791450875,2.1105327914508747
1983,-8.8,-9.876409514383742,1.0764095143837409
1984,-8.4,-9.089664538167263,0.6896645381672624
2009,-7.6,-7.137437629216333,-0.462562370783667
2012,-8.7,-9.124493070944544,0.42449307094454447
2015,-8.9,-7.777485547515793,-1.1225144524842072
2018,-5.4,-6.060140184292603,0.6601401842926027
2020,-8.6,-8.845571543424521,0.24557154342452137
2021,-7.4,-7.320888311995157,-0.07911168800484347
2030,-6.1,-6.376717953346826,0.27671795334682603
2034,-5.8,-6.2974669607944005,0.49746696079440067
2036,-6.11,-6.970098529217137,0.8600985292171366
2039,-9.4,-9.304893809364449,-0.09510619063555126
2046,-7.9,-7.793770647856897,-0.10622935214310303
2055,-10.9,-11.216345087953231,0.3163450879532306
2069,-8.7,-9.4144637046223,0.7144637046223004
2075,-9.7,-9.190738550584214,-0.509261449415785
2085,-10.36,-10.58272437620731,0.22272437620731012
2087,-8.7,-9.157075753189254,0.45707575318925464
2088,-6.7,-6.198387496755304,-0.5016125032446963
2102,-10.4,-9.79742651031552,-0.602573489684481
2107,-9.1,-9.232258237428429,0.13225823742842913
2108,-11.2,-9.638594547057776,-1.561405452942223
2109,-9.4,-9.665615964010227,0.2656159640102267
2119,-10.3,-10.326238569945772,0.026238569945771673
2124,-6.8,-7.130417492102779,0.3304174921027796
2127,-10.0,-9.470759292629705,-0.5292407073702954
2128,-9.9,-9.443629441262143,-0.4563705587378575
2140,-8.473,-7.857469727973197,-0.6155302720268034
2142,-12.1,-10.630935394488327,-1.4690646055116723
2145,-9.4,-9.752743754343914,0.3527437543439138
2150,-9.6,-8.577045640689022,-1.0229543593109778
2152,-9.4,-9.371441358776057,-0.02855864122394358
2154,-6.6,-6.104806048219636,-0.4951939517803634
2157,-9.5,-9.791854170530831,0.29185417053083107
2167,-6.4,-6.304793468178653,-0.09520653182134708
2168,-8.0,-7.162598050548633,-0.8374019494513671
2174,-8.8,-10.2530661877186,1.4530661877185995
2183,-6.4,-5.9555189423485215,-0.44448105765147883
2184,-6.0,-5.955383372856783,-0.0446166271432169
2189,-8.2,-8.122716425150246,-0.07728357484975312
2191,-10.09,-9.16456177056413,-0.9254382294358692
2199,-10.87,-10.008652717218727,-0.8613472827812725
2210,-6.4,-5.743932325048045,-0.656067674951955
2211,-10.2,-10.153014856092678,-0.046985143907321
2214,-6.1,-5.440467972650156,-0.6595320273498437
2215,-6.147,-6.261448145977834,0.1144481459778337
2216,-6.09,-6.261828916970504,0.1718289169705045
2221,-9.4,-9.543104858946721,0.14310485894672098
2227,-6.2,-6.088996672893838,-0.1110033271061619
2232,-6.7,-6.387980908903399,-0.31201909109660075
2236,-6.4,-6.2772894523327345,-0.12271054766726586
2238,-8.2,-8.200738046941698,0.0007380469416986557
2239,-10.5,-9.928019456552171,-0.5719805434478289
2245,-7.0,-6.592191551016663,-0.4078084489833369
2249,-9.9,-10.434657414847624,0.534657414847624
2252,-6.3,-6.442645365505292,0.1426453655052926
2254,-4.974,-6.204693039838951,1.2306930398389504
2260,-6.1,-6.724528107248364,0.6245281072483646
2270,-10.4,-9.699502358422253,-0.7004976415777477
2271,-10.8,-10.480927653835423,-0.31907234616457814
2288,-9.3,-9.240592934717125,-0.059407065282876204
2301,-6.6,-5.985756720997902,-0.614243279002098
2310,-6.4,-6.403741010820139,0.003741010820138335
2312,-6.2,-6.094363133770282,-0.1056368662297178
2318,-5.3,-5.178518079718071,-0.12148192028192906
2325,-6.1,-6.633544669582988,0.5335446695829882
2328,-9.9,-9.58030121320916,-0.3196987867908412
2337,-8.3,-8.822232198791294,0.5222321987912935
2340,-6.9,-6.354005554931682,-0.5459944450683185
2344,-7.9,-7.269600422823227,-0.6303995771767736
2348,-4.866,-6.1293401425729,1.2633401425729005
2351,-9.6,-9.336397254739994,-0.2636027452600054
2357,-9.3,-8.396863660506055,-0.9031363394939458
2360,-4.9,-6.167153927301055,1.267153927301055
2367,-7.5,-7.95551317777975,0.45551317777974987
2372,-6.6,-6.310938568856916,-0.28906143114308325
2377,-8.7,-8.695153879554809,-0.004846120445190394
2388,-10.6,-10.313786885179258,-0.2862131148207414
2389,-8.498,-9.987993817969995,1.4899938179699959
2390,-6.8,-6.432790026586778,-0.3672099734132219
2391,-9.8,-9.404255834953341,-0.39574416504665955
2392,-10.7,-10.628221597803769,-0.07177840219623022
2405,-5.4,-5.844687553895712,0.4446875538957116
2406,-6.6,-5.935272613018201,-0.6647273869817987
2407,-9.3,-8.498706034680515,-0.8012939653194859
2412,-7.8,-8.338697086179764,0.5386970861797638
2417,-4.0,-2.2801206866979244,-1.7198793133020756
2422,-9.1,-8.99641645890405,-0.10358354109594892
2425,-9.66,-9.967923522044057,0.3079235220440566
2439,-8.1,-10.423222615001617,2.323222615001617
2447,-7.5,-8.756463509829551,1.2564635098295511
2452,-7.3,-7.116238613797597,-0.183761386202403
2453,-6.6,-5.9463543580546645,-0.6536456419453351
2455,-7.1,-6.091230087392537,-1.0087699126074625
2457,-6.4,-6.273452891752011,-0.12654710824798965
2458,-6.4,-6.089723097203118,-0.3102769027968826
2459,-6.4,-6.089708349754984,-0.31029165024501637
2464,-6.9,-5.948573328977519,-0.9514266710224817
2465,-9.2,-9.025194090495095,-0.17480590950490438
2471,-9.7,-9.948138978112418,0.24813897811241858
2473,-6.5,-5.822723788509818,-0.6772762114901818
2474,-6.1,-5.928854083124534,-0.17114591687546543
2478,-9.1,-10.907329959520865,1.8073299595208656
2483,-9.072,-9.787135690448864,0.7151356904488644
2485,-5.069,-5.908758731840814,0.8397587318408144
2487,-6.408,-6.028140453648518,-0.379859546351482
2492,-8.8,-7.582743396588041,-1.2172566034119594
2498,-6.4,-6.972420340202276,0.5724203402022754
2507,-6.4,-6.555936225160936,0.15593622516093575
2514,-10.3,-9.913229223746788,-0.3867707762532131
2516,-5.6,-6.319363424990227,0.7193634249902274
2517,-10.6,-10.002020982127735,-0.5979790178722642
2519,-5.8,-5.870703743031964,0.07070374303196392
2522,-7.6,-7.87741221962442,0.27741221962442
2527,-5.7,-5.965642863575159,0.26564286357515865
2531,-8.2,-8.16143762685185,-0.038562373148149476
2564,-10.6,-10.629400729292419,0.029400729292419214
2574,-5.8,-6.3136563898719675,0.5136563898719677
2576,-11.1,-9.680351310636409,-1.4196486893635907
2577,-9.2,-9.204683246029482,0.004683246029483001
2582,-6.4,-5.935181220008351,-0.4648187799916492
2585,-10.1,-10.207872427432626,0.1078724274326266
2586,-8.5,-10.012483315549213,1.512483315549213
2588,-8.5,-8.964275419666734,0.464275419666734
2589,-7.9,-8.456145694267232,0.5561456942672311
2592,-6.0,-5.8733806723727415,-0.12661932762725847
2595,-8.8,-8.999651438871366,0.19965143887136527
2609,-8.3,-8.692668639928307,0.39266863992830636
2611,-6.3,-6.0776544927752765,-0.22234550722472335
2613,-7.8,-8.668867167996305,0.8688671679963056
2614,-6.2,-5.8419470719371684,-0.35805292806283173
2615,-9.2,-9.006675128749814,-0.19332487125018538
2619,-5.9,-5.992130649467726,0.09213064946772587
2620,-9.6,-9.424714561789404,-0.1752854382105955
2625,-9.8,-9.399112742904776,-0.4008872570952242
2626,-9.8,-9.821002987320512,0.02100298732051087
2627,-8.0,-7.874756858091134,-0.1252431419088662
2628,-9.1,-10.36937470967656,1.2693747096765602
2629,-9.2,-8.545334054987945,-0.654665945012054
2631,-13.1,-12.245445402007022,-0.8545545979929781
2638,-7.9,-8.130984740810323,0.23098474081032272
2651,-5.765,-5.8743611333562455,0.10936113335624587
2664,-9.8,-9.961069979364412,0.16106997936441125
2676,-6.7,-6.498553412301638,-0.20144658769836177
2678,-10.3,-10.20980478664645,-0.0901952133535513
2680,-5.8,-6.264454169711874,0.4644541697118738
2684,-6.18,-6.205002837738828,0.025002837738828276
2685,-6.0,-6.321852974806441,0.3218529748064407
2688,-9.0,-8.96976951698965,-0.030230483010349474
2691,-10.9,-10.389906350412847,-0.5100936495871533
2692,-5.5,-6.071075928657788,0.5710759286577876
2701,-8.3,-8.92543038274042,0.6254303827404186
2709,-6.653,-6.872815223783551,0.21981522378355134
2714,-10.4,-9.331997107808242,-1.0680028921917586
2715,-9.8,-9.30419863019955,-0.49580136980045
2732,-5.7,-6.155469219224721,0.45546921922472094
2751,-8.0,-8.883844867357649,0.8838448673576487
2754,-5.5,-6.038607361418147,0.5386073614181468
2759,-5.763,-6.1992977387843196,0.43629773878431966
2760,-6.418,-6.199299415104454,-0.21870058489554633
2762,-10.2,-9.201463313762309,-0.9985366862376903
2771,-5.824,-6.542851222486287,0.7188512224862871
2777,-7.6,-7.994199555588175,0.394199555588175
2791,-11.0,-11.040711026298037,0.04071102629803747
2802,-5.0,-6.0807603175793945,1.0807603175793945
2807,-7.2,-6.3029696829679125,-0.8970303170320877
2816,-8.3,-8.151448477424083,-0.14855152257591797
2818,-9.1,-10.16924406870501,1.0692440687050109
2826,-7.6,-7.59396597302694,-0.0060340269730598806
2836,-5.5,-6.457449207494582,0.957449207494582
2846,-8.1,-8.978979062993254,0.8789790629932543
2847,-7.3,-7.614601960544802,0.3146019605448025
2855,-8.323,-8.418964141882501,0.0959641418825008
2858,-7.4,-8.158476991020661,0.758476991020661
2864,-7.3,-7.323956968822369,0.023956968822369085
2874,-10.1,-10.886762364459532,0.7867623644595323
2882,-9.1,-9.82518575028043,0.7251857502804295
2884,-9.5,-10.587518287270711,1.0875182872707114
2899,-8.8,-9.261259751271268,0.4612597512712675
2901,-8.4,-8.143055616803677,-0.2569443831963234
2910,-6.7,-6.459750693266001,-0.24024930673399947
2913,-8.1,-8.481785502832127,0.38178550283212687
2922,-5.9,-5.6773968116413025,-0.22260318835869786
2927,-6.7,-6.705164872676296,0.005164872676295396
2929,-6.467,-6.630691276821595,0.163691276821595
2932,-6.8,-6.312901905936762,-0.4870980940632377
2935,-7.8,-6.3622115605178085,-1.4377884394821914
2947,-5.7,-6.052051756634327,0.3520517566343271
2948,-10.8,-10.128985795363665,-0.6710142046363359
2952,-6.3,-6.479060606278292,0.17906060627829223
2954,-10.5,-10.434065942391479,-0.065934057608521
2955,-8.8,-8.595327301162838,-0.20467269883716277
2956,-6.9,-6.614559601580625,-0.2854403984193752
2960,-6.2,-6.651185811801183,0.45118581180118245
2973,-5.9,-5.831362010878573,-0.06863798912142727
2974,-6.16,-7.1695839035061635,1.0095839035061633
2982,-5.7,-6.156022040598461,0.4560220405984605
2986,-9.361,-9.148431856600777,-0.21256814339922414
2992,-5.262,-5.81794273285967,0.5559427328596707
2998,-9.7,-9.107392880930309,-0.5926071190696902
3000,-9.7,-10.407671184011999,0.7076711840119998
3003,-10.1,-9.895878077539498,-0.20412192246050154
3006,-6.2,-6.024138265619161,-0.17586173438083907
3011,-9.6,-10.714299136864978,1.1142991368649788
3013,-8.232,-8.26165099537034,0.029650995370340993
3015,-10.3,-9.641235630273403,-0.6587643697265975
3017,-6.8,-6.267409704178851,-0.5325902958211488
3021,-7.1,-7.039818831342147,-0.06018116865785306
3024,-6.4,-5.991560609611706,-0.4084393903882946
3025,-9.1,-9.11675082078171,0.016750820781711084
3027,-9.0,-9.145386251138408,0.14538625113840808
3031,-9.4,-9.331236897379112,-0.06876310262088836
3034,-10.8,-10.828608926820984,0.028608926820982816
3037,-10.4,-10.240160602804758,-0.15983939719524187
3038,-6.6,-6.219134913073316,-0.38086508692668364
3043,-10.9,-10.790823353270266,-0.10917664672973437
3047,-9.3,-8.347806240995233,-0.9521937590047678
3048,-9.9,-8.762341915551124,-1.1376580844488764
3053,-6.3,-6.157926631914302,-0.14207336808569782
3058,-8.566,-8.681943762947448,0.11594376294744713
3059,-6.5,-5.833903469933794,-0.6660965300662056
3060,-6.135,-5.835927953796029,-0.2990720462039711
3063,-6.7,-6.214976271212319,-0.48502372878768085
3065,-7.1,-7.001189628904102,-0.09881037109589741
3068,-10.8,-10.309120386816694,-0.4908796131833064
3069,-6.0,-5.9923544383427325,-0.007645561657267486
3079,-4.0,-5.722865366675405,1.7228653666754052
3082,-6.8,-6.271327223900104,-0.5286727760998957
3088,-9.0,-9.389246549454498,0.3892465494544979
3090,-10.9,-10.625007965875616,-0.27499203412438433
3094,-5.4,-6.067116699451722,0.6671166994517215
3100,-7.7,-8.709915220176383,1.0099152201763824
3101,-9.0,-8.9377190816124,-0.06228091838760008
3105,-12.6,-11.215405020174135,-1.3845949798258648
3111,-9.4,-8.923609827332541,-0.4763901726674593
3125,-10.05,-10.934243018117835,0.884243018117834
3131,-7.987,-8.662435737271219,0.6754357372712185
3133,-6.4,-6.372825031130432,-0.02717496886956816
3139,-9.5,-9.376316253568277,-0.12368374643172331
3143,-9.0,-8.137448134730441,-0.862551865269559
3146,-12.08,-10.048438590126622,-2.031561409873378
3148,-8.5,-8.490549104241174,-0.009450895758826405
3160,-10.4,-9.98603811508875,-0.4139618849112505
3166,-5.4,-6.136969818899391,0.7369698188993903
3181,-10.0,-10.19058206276313,0.19058206276313072
3184,-6.2,-5.941258072262425,-0.2587419277375753
3187,-9.2,-8.750803893945658,-0.449196106054341
3194,-5.8,-6.0288200795742934,0.22882007957429362
3206,-10.8,-10.710042578605108,-0.08995742139489238
3207,-9.0,-9.072156840250791,0.07215684025079128
3210,-7.0,-7.965956192770957,0.9659561927709568
3231,-6.6,-5.9181819934491795,-0.6818180065508201
3234,-4.2,-4.392911356787639,0.19291135678763904
3238,-10.0,-9.18635713049451,-0.8136428695054896
3263,-6.5,-6.280608786898847,-0.21939121310115262
3264,-11.73,-11.24185860309349,-0.48814139690651004
3265,-8.5,-6.954024884862678,-1.5459751151373222
3272,-6.7,-6.2704000449994,-0.4295999550006
3279,-6.4,-6.239120034211107,-0.16087996578889374
3284,-9.0,-9.288571153722346,0.2885711537223461
3288,-8.8,-8.562945812446667,-0.2370541875533334
3290,-11.9,-10.711603271629617,-1.1883967283703836
3295,-7.6,-7.786387994855929,0.18638799485592905
3297,-6.4,-6.201111996712062,-0.1988880032879381
3299,-8.8,-7.952037087382806,-0.847962912617195
3307,-10.6,-10.581281391074883,-0.018718608925116342
3312,-7.9,-8.187976936288312,0.28797693628831134
3314,-5.9,-5.843449695948015,-0.05655030405198502
3315,-9.2,-9.425746716986193,0.22574671698619397
3316,-8.9,-10.15662871881888,1.2566287188188792
3319,-11.3,-10.305691217157793,-0.9943087828422073
3328,-4.4,-6.252500466141135,1.8525004661411346
3329,-4.3,-6.316921993469168,2.0169219934691682
3333,-6.8,-6.030218256183207,-0.7697817438167931
3334,-6.278,-5.977793776464197,-0.3002062235358025
3344,-5.7,-6.013236256427808,0.3132362564278077
3349,-10.0,-9.570021774792087,-0.42997822520791296
3355,-8.139,-7.5810765606690405,-0.5579234393309589
3369,-9.8,-9.90499405362944,0.10499405362944003
3370,-9.9,-9.412360847909028,-0.4876391520909724
3375,-6.7,-6.464057191998428,-0.23594280800157197
3378,-8.3,-8.282897555939487,-0.017102444060514088
3379,-9.2,-9.010798407572569,-0.1892015924274304
3387,-9.1,-9.333681214134371,0.23368121413437137
3393,-6.1,-6.049156695318972,-0.05084330468102749
3399,-6.9,-6.570291654785794,-0.32970834521420667
3400,-10.3,-10.540416066408092,0.2404160664080912
3403,-7.8,-9.60806797570523,1.8080679757052307
3404,-7.3,-8.031365690729537,0.7313656907295369
3405,-5.8,-6.037143210965891,0.23714321096589153
3411,-9.9,-9.702695419118797,-0.1973045808812035
3412,-5.8,-5.875269318122324,0.07526931812232451
3413,-9.625,-9.679733707503608,0.054733707503608287
3424,-6.9,-6.010476568908224,-0.8895234310917761
3434,-6.7,-6.775116010714623,0.07511601071462248
3437,-8.7,-8.400964487441735,-0.2990355125582642
3441,-11.3,-10.402272461425786,-0.8977275385742143
3447,-9.1,-8.410609370815147,-0.689390629184853
3448,-6.405,-6.105692433275657,-0.29930756672434367
3457,-5.87,-6.396575924828934,0.5265759248289337
3458,-5.8,-5.996578891748541,0.19657889174854137
3461,-4.8,-4.3618696332311195,-0.4381303667688803
3465,-6.462,-6.186406707525195,-0.275593292474805
3467,-8.2,-8.67103816845048,0.4710381684504803
3468,-6.765,-6.046121717996387,-0.7188782820036126
3470,-6.1,-5.69132842804832,-0.4086715719516798
3485,-10.5,-9.438199171638576,-1.0618008283614238
3487,-9.9,-10.038815984948894,0.13881598494889325
3488,-5.6,-6.049075826189268,0.44907582618926867
3495,-6.9,-8.890527036632317,1.990527036632317
3501,-7.1,-7.924700147786607,0.8247001477866069
3520,-6.0,-6.025393944403051,0.025393944403051094
3523,-9.1,-9.305301635482268,0.2053016354822681
3524,-9.1,-10.356103223722878,1.256103223722878
3526,-9.4,-9.256420137969862,-0.14357986203013873
3527,-6.6,-6.206879183193573,-0.39312081680642663
3529,-6.0,-6.472127069665229,0.47212706966522866
3541,-6.6,-6.168991030316409,-0.4310089696835906
3543,-5.9,-6.211230581982821,0.3112305819828203
3546,-7.1,-6.29337415627015,-0.8066258437298499
3547,-6.2,-6.293606024999778,0.09360602499977766
3550,-7.0,-6.518506128998973,-0.48149387100102725
3559,-6.2,-6.238332093767728,0.03833209376772739
3562,-5.1,-6.3553303248161725,1.255330324816173
3570,-12.2,-10.476558304247453,-1.7234416957525465
3574,-9.9,-9.650368029750627,-0.24963197024937323
3578,-6.7,-6.381179324763654,-0.3188206752363465
3585,-6.5,-6.163227174819575,-0.3367728251804252
3592,-7.0,-6.121639367413067,-0.8783606325869329
3593,-6.115,-6.136689778421074,0.02168977842107367
3614,-8.8,-9.610222081094381,0.8102220810943805
3616,-8.7,-9.331463720386417,0.6314637203864173
3635,-10.4,-9.502941158963717,-0.8970588410362836
3643,-7.6,-7.513962908428233,-0.08603709157176631
3649,-10.2,-10.416749163865443,0.21674916386544396
3652,-6.1,-6.129000083828238,0.029000083828238488
3660,-12.2,-10.963091369569941,-1.236908630430058
3668,-6.2,-6.378121604814545,0.1781216048145451
3678,-9.0,-8.836222677858144,-0.16377732214185592
3679,-5.5,-6.394048082271265,0.8940480822712651
3680,-6.8,-6.663406800342369,-0.1365931996576304
3685,-6.652,-6.176816595459714,-0.47518340454028607
3688,-5.9,-5.906200744643695,0.006200744643694911
3689,-8.6,-8.999065413608234,0.3990654136082341
3693,-5.9,-5.846774083655742,-0.05322591634425855
3703,-9.6,-9.652817191147737,0.052817191147736864
3705,-5.59,-5.772808042516053,0.18280804251605343
3707,-9.8,-9.15973948913647,-0.6402605108635306
3717,-10.8,-11.93001333408599,1.130013334085989
3721,-8.7,-8.61455339471941,-0.08544660528058934
3724,-10.3,-10.255448590689397,-0.04455140931060342
3737,-7.3,-7.745223339002441,0.4452233390024416
3742,-10.6,-10.373382664189007,-0.22661733581099242
3745,-5.6,-6.035185845848146,0.4351858458481468
3746,-5.9,-6.035037052148491,0.1350370521484905
3755,-10.6,-10.738820163684741,0.13882016368474126
3761,-9.7,-9.730764742188658,0.030764742188658545
3772,-6.3,-6.215959876205373,-0.08404012379462689
3773,-6.0,-6.490132425880066,0.49013242588006634
3777,-5.8,-5.894640025377339,0.0946400253773394
3780,-6.4,-6.016956060003023,-0.38304393999697695
3781,-5.9,-6.070974909503805,0.1709749095038049
3784,-6.1,-6.031162542928245,-0.06883745707175493
3787,-6.2,-6.432687856237292,0.23268785623729205
3798,-7.3,-8.032984394912496,0.7329843949124966
3819,-8.0,-8.809168488389185,0.8091684883891848
3822,-5.9,-6.452409412174404,0.5524094121744039
3834,-9.9,-9.721289817727458,-0.17871018227254254
3837,-11.2,-10.774038638393396,-0.42596136160660336
3838,-5.6,-5.608128751710757,0.008128751710757776
3842,-6.8,-6.340663550677901,-0.45933644932209905
3844,-6.2,-6.518869403750065,0.3188694037500648
3846,-5.6,-6.105117798304676,0.505117798304676
3852,-6.6,-7.095258366022377,0.4952583660223775
3853,-6.0,-6.450577554482655,0.45057755448265535
3857,-6.262,-6.00117068130407,-0.2608293186959294
3858,-7.878,-7.819899507935151,-0.05810049206484891
3860,-6.3,-6.369351440460643,0.06935144046064323
3869,-6.6,-5.962134019609888,-0.6378659803901119
3872,-9.4,-9.617494585444117,0.2174945854441166
3881,-5.2,-5.870318772065376,0.670318772065376
3885,-6.2,-5.935505351775079,-0.26449464822492086
3886,-12.1,-10.830691531804383,-1.2693084681956162
3887,-8.9,-9.245785609528996,0.3457856095289955
3891,-9.8,-9.788789794720504,-0.011210205279496677
3894,-6.706,-5.755344303585433,-0.9506556964145672
3898,-9.0,-9.645854807867758,0.6458548078677584
3910,-6.0,-5.918997074807018,-0.08100292519298158
3914,-10.0,-9.060997920554891,-0.9390020794451086
3919,-10.3,-9.43738463008067,-0.8626153699193306
3928,-5.0,-5.727610928305683,0.7276109283056833
3936,-7.2,-7.9226470420509845,0.7226470420509843
3938,-9.369,-9.748188478637772,0.37918847863777216
3941,-10.0,-9.797373215613241,-0.20262678438675863
3942,-5.0,-5.743147661840759,0.7431476618407586
3946,-6.594,-5.890341389777319,-0.7036586102226812
3948,-6.7,-6.489658886240491,-0.21034111375950904
3949,-6.4,-6.2396982636861065,-0.16030173631389388
3952,-5.8,-6.626968079716716,0.8269680797167158
3958,-6.1,-5.928226752329147,-0.17177324767085267
3963,-11.01,-10.344345515676528,-0.665654484323472
3971,-11.0,-10.13247285330502,-0.8675271466949805
3979,-6.799,-6.071647148076077,-0.7273528519239232
3984,-6.0,-6.111586479783426,0.11158647978342628
3989,-7.6,-8.560740571981201,0.9607405719812014
3994,-11.7,-10.794859561740605,-0.9051404382593944
3995,-9.4,-10.71519177926805,1.3151917792680496
3999,-9.7,-8.602186782908424,-1.0978132170915753
4001,-8.9,-7.8014620897064395,-1.0985379102935608
4004,-8.6,-8.626993052985092,0.026993052985092802
4010,-8.4,-8.965473670142703,0.565473670142703
4012,-8.7,-8.974965923695878,0.2749659236958788
4026,-8.0,-8.818296149125924,0.8182961491259242
4028,-6.5,-6.422952754370289,-0.07704724562971066
4029,-10.76,-10.793427224341073,0.03342722434107337
4031,-6.3,-6.193040615125836,-0.10695938487416345
4035,-6.5,-5.957713807071634,-0.5422861929283664
4040,-7.8,-8.686437300952086,0.8864373009520863
4053,-11.1,-10.982474843002137,-0.11752515699786237
4055,-10.9,-10.17241166689953,-0.7275883331004707
4064,-7.5,-7.780871926814376,0.2808719268143758
4065,-7.0,-6.9804332298731016,-0.019566770126898447
4067,-11.18,-11.156017097764295,-0.023982902235704984
4074,-5.4,-6.473674893282157,1.0736748932821563
4080,-10.2,-10.056976852371422,-0.14302314762857726
4081,-8.7,-9.211717860378632,0.5117178603786332
4091,-5.6,-6.301162479969021,0.701162479969021
4092,-6.9,-6.134975042182717,-0.7650249578172836
4093,-6.8,-6.079551742154068,-0.7204482578459315
4094,-8.9,-9.024723648602373,0.12472364860237306
4095,-9.2,-10.588571508627718,1.3885715086277184
4097,-6.2,-6.452996973353584,0.25299697335358395
4098,-8.2,-8.864310860462654,0.6643108604626544
4099,-6.513,-6.2864008564161376,-0.22659914358386235
4100,-7.7,-8.474735713954274,0.7747357139542741
4102,-8.7,-9.742868133732825,1.042868133732826
4110,-4.7,-6.056564026773058,1.356564026773058
4111,-10.8,-9.848509050047944,-0.9514909499520563
4127,-6.4,-5.941082285583444,-0.4589177144165566
4139,-10.0,-9.083332357214651,-0.9166676427853488
4148,-4.0,-5.965248061580849,1.9652480615808487
4149,-7.7,-7.669827746956623,-0.030172253043376784
4165,-7.2,-6.376103293725763,-0.8238967062742368
4170,-8.1,-7.758173825611475,-0.34182617438852425
4184,-10.21,-10.098184242181338,-0.11181575781866293
4190,-5.8,-6.049085962746904,0.24908596274690442
4193,-8.7,-8.31393093643791,-0.3860690635620898
4201,-12.7,-12.147751213909531,-0.5522487860904679
4209,-9.4,-8.734736849132004,-0.6652631508679967
4210,-6.7,-6.360656790889896,-0.33934320911010385
4219,-5.8,-6.195483904680987,0.3954839046809875
4220,-6.0,-6.195653078405586,0.1956530784055861
4221,-7.1,-7.780837253632007,0.6808372536320073
4226,-6.2,-5.848110259356389,-0.3518897406436112
4233,-9.342,-9.433769306703576,0.09176930670357564
4238,-10.4,-9.996404320756698,-0.40359567924330264
4245,-10.6,-9.534308336138393,-1.0656916638616067
4253,-6.1,-6.213870693778446,0.11387069377844661
4256,-6.761,-5.918683086196222,-0.8423169138037778
4257,-8.865,-10.466312816407848,1.601312816407848
4265,-5.9,-5.902740569844893,0.0027405698448923488
4269,-10.3,-10.306272852172617,0.0062728521726160835
4271,-7.0,-6.670350166338159,-0.32964983366184075
4273,-11.4,-10.77247722923157,-0.6275227707684312
4281,-8.2,-10.011702326580476,1.8117023265804768
4299,-10.7,-10.296561359527459,-0.4034386404725403
4301,-10.5,-10.100707011166161,-0.3992929888338388
4313,-10.0,-10.360614647268575,0.36061464726857473
4326,-7.0,-8.564170854797915,1.564170854797915
4329,-8.3,-8.826703674045977,0.5267036740459758
4332,-8.6,-8.231557242035105,-0.36844275796489434
4335,-8.5,-8.712724842979297,0.21272484297929672
4337,-9.0,-9.546531269352323,0.5465312693523234
4339,-11.1,-9.781418730655476,-1.3185812693445236
4341,-8.4,-8.35438416613181,-0.045615833868190236
4342,-8.6,-8.271507087690495,-0.32849291230950506
4344,-9.1,-9.608422620517949,0.5084226205179494
4352,-4.9,-4.218974070768423,-0.681025929231577
4353,-7.0,-6.430777886757752,-0.5692221132422484
4354,-8.0,-8.53986678540614,0.5398667854061401
4365,-5.6,-5.9691255090708,0.3691255090708001
4366,-7.5,-7.751426387381911,0.2514263873819109
4372,-6.4,-6.005347678099967,-0.3946523219000335
4374,-6.9,-6.584333207801411,-0.3156667921985896
4381,-9.9,-9.335086254566098,-0.5649137454339019
4382,-5.9,-6.054865620640275,0.15486562064027432
4393,-6.0,-5.966161931870804,-0.033838068129195875
4394,-5.5,-5.970327667959753,0.47032766795975256
4395,-10.6,-10.244405192164344,-0.3555948078356561
4397,-10.3,-10.79894628068213,0.4989462806821301
4398,-5.5,-6.922213990105749,1.4222139901057487
4401,-10.0,-9.36851482103303,-0.6314851789669707
4403,-10.1,-10.884364473302764,0.7843644733027642
4404,-10.3,-10.925550968187695,0.6255509681876941
4412,-5.9,-5.969303345864089,0.06930334586408904
4415,-6.5,-6.471025947865863,-0.02897405213413684
4417,-4.4,-6.24658403737493,1.8465840373749298
4418,-7.9,-8.983284526452175,1.083284526452175
4419,-12.17,-10.479319726895012,-1.690680273104988
4420,-11.52,-10.579645433870398,-0.9403545661296011
4421,-5.45,-6.109473859603323,0.6594738596033229
4429,-7.4,-6.804684751162119,-0.5953152488378812
4438,-5.913,-6.0210915164199275,0.1080915164199272
4442,-6.737,-6.2083209940428485,-0.5286790059571516
4448,-9.424,-9.811316727652445,0.3873167276524452
4449,-5.8,-5.957999113952027,0.1579991139520276
4457,-6.7,-6.069042463828541,-0.6309575361714588
4463,-10.7,-9.742494752250368,-0.9575052477496317
4466,-9.9,-9.827134536250808,-0.07286546374919212
4477,-6.341,-6.185606362128591,-0.15539363787140914
4483,-9.8,-10.491840846598825,0.6918408465988239
4504,-5.506,-5.9130828221973815,0.40708282219738123
4511,-8.2,-8.456062222143293,0.256062222143294
4513,-9.804,-9.400309327563104,-0.4036906724368965
4518,-11.48,-10.582889540520396,-0.8971104594796042
4519,-7.5,-8.10105120241814,0.6010512024181391
4532,-9.2,-9.558718369371753,0.35871836937175416
4533,-5.8,-5.910374676169759,0.11037467616975949
4536,-9.1,-9.24786459756203,0.1478645975620303
4537,-6.8,-6.471400359088719,-0.328599640911281
4540,-6.6,-6.548071374170311,-0.05192862582968871
4541,-6.1,-5.977492333604335,-0.12250766639566457
4553,-6.7,-6.4839366163199355,-0.21606338368006472
4561,-8.8,-8.42751969687219,-0.37248030312781033
4568,-10.0,-9.03311761240309,-0.9668823875969093
4572,-6.1,-5.9921151505339285,-0.10788484946607113
4573,-6.4,-6.058133244880428,-0.34186675511957265
4584,-6.7,-6.520981506559638,-0.17901849344036247
4597,-9.435,-9.726398216071773,0.29139821607177296
4598,-6.6,-6.1138271600055925,-0.4861728399944072
4604,-8.8,-9.031280275516465,0.23128027551646468
4605,-6.2,-6.273801789002595,0.07380178900259526
4606,-8.2,-8.789274496985389,0.5892744969853894
4608,-8.9,-9.290747658635166,0.39074765863516525
4609,-7.0,-6.110892457433747,-0.8891075425662534
4610,-10.5,-9.944893951237844,-0.5551060487621555
4618,-9.1,-9.555658444389428,0.45565844438942804
4619,-6.309,-5.832493325262394,-0.4765066747376059
4622,-6.0,-6.155780262692016,0.15578026269201573
4625,-6.2,-6.0057663510880115,-0.1942336489119887
4634,-10.3,-9.008621376324253,-1.2913786236757474
4639,-9.5,-10.690267409680706,1.1902674096807058
4665,-5.7,-6.517355123586919,0.8173551235869185
4671,-5.5,-5.975382382830444,0.4753823828304444
4674,-9.3,-9.386474121577024,0.08647412157702306
4676,-5.9,-6.046822303029962,0.14682230302996135
4679,-4.6,-6.322317298906217,1.7223172989062174
4680,-6.1,-6.321857872413776,0.22185787241377675
4684,-6.3,-5.805313335844746,-0.4946866641552541
4685,-6.5,-7.18024475075258,0.6802447507525802
4687,-6.8,-6.563442404764179,-0.23655759523582098
4688,-6.2,-5.9755545965105625,-0.22444540348943764
4696,-5.0,-5.904445801574193,0.9044458015741927
4705,-10.1,-9.593297670627098,-0.5067023293729012
4706,-6.2,-6.442548893022181,0.24254889302218086
4708,-7.1,-6.460449038082634,-0.639550961917366
4710,-5.9,-7.928057592348371,2.028057592348371
4715,-6.7,-6.702974114707632,0.0029741147076318697
4716,-5.8,-6.193648561140428,0.3936485611404281
4720,-4.815,-6.000843506065539,1.185843506065539
4721,-6.7,-6.624127399300299,-0.07587260069970103
4722,-5.7,-6.094969443315299,0.3949694433152988
4724,-9.8,-9.623848326430542,-0.17615167356945882
4740,-9.2,-8.821865303001626,-0.378134696998373
4754,-10.0,-9.381494527137898,-0.6185054728621022
4766,-5.9,-6.258742921965533,0.3587429219655327
4770,-6.094,-6.225235511220962,0.13123551122096178
4772,-6.3,-6.192353692179109,-0.10764630782089046
4779,-7.4,-6.522671639101346,-0.8773283608986544
4782,-6.7,-6.086100584386463,-0.6138994156135373
4786,-7.0,-6.062891420355989,-0.9371085796440113
4791,-10.2,-10.213410836000657,0.013410836000657511
4792,-10.6,-9.905686066317033,-0.6943139336829667
4807,-9.8,-10.383052410899358,0.5830524108993576
4808,-8.3,-8.542890162885225,0.24289016288522447
4810,-9.9,-9.302384733095922,-0.5976152669040786
4812,-8.5,-9.200382565646311,0.7003825656463114
4816,-5.254,-5.985160391968995,0.7311603919689951
4822,-6.1,-6.162636807980423,0.06263680798042337
4825,-9.2,-9.074460234578222,-0.12553976542177736
4829,-8.7,-8.52918468573532,-0.17081531426467933
4832,-6.335,-5.90356592446626,-0.4314340755337396
4836,-6.9,-5.841560773496315,-1.058439226503685
4838,-7.4,-6.6077379148456385,-0.7922620851543618
4847,-3.9,-1.7758829196574135,-2.1241170803425864
4850,-13.1,-10.360632847041266,-2.7393671529587333
4851,-6.9,-6.365409201606472,-0.5345907983935287
4860,-6.6,-5.910065346618772,-0.6899346533812274
4864,-9.3,-9.742928866266073,0.4429288662660724
4867,-5.1,-4.394823168615705,-0.7051768313842945
4868,-10.2,-9.066923667025092,-1.1330763329749072
4870,-7.9,-7.976648495146613,0.0766484951466122
4871,-6.768,-5.776277973907771,-0.991722026092229
4879,-6.0,-6.018293723892444,0.01829372389244366
4880,-8.1,-7.866404480773064,-0.23359551922693544
4890,-6.0,-6.364215407125975,0.36421540712597533
4894,-9.0,-10.547159138396506,1.5471591383965055
4896,-5.7,-6.704604273453407,1.004604273453407
4898,-9.4,-8.157749608386585,-1.2422503916134158
4899,-8.663,-9.18421228209014,0.5212122820901399
4901,-8.314,-9.173055764177743,0.859055764177743
4907,-10.9,-10.11009950087625,-0.7899004991237497
4918,-6.2,-5.7283698813426,-0.47163011865740057
4919,-5.7,-5.728386221839859,0.028386221839858727
4949,-5.6,-6.1218156585440315,0.5218156585440319
4955,-10.2,-9.478783162236395,-0.7212168377636043
4959,-5.6,-5.82744147952072,0.2274414795207207
4969,-7.865,-9.104277928925992,1.2392779289259916
4972,-5.4,-6.1689200734872,0.7689200734871999
4978,-9.9,-10.218508381430814,0.3185083814308136
5003,-9.3,-9.293070610395446,-0.006929389604554359
5006,-8.8,-9.137466061698765,0.33746606169876436
5009,-8.8,-9.367395669988387,0.567395669988386
5011,-9.5,-9.04064187242375,-0.45935812757624994
5015,-9.1,-9.28156873548448,0.18156873548448083
5019,-9.9,-9.423101097569532,-0.4768989024304684
5027,-7.9,-7.767659137557358,-0.13234086244264276
5028,-11.8,-11.24025793016804,-0.5597420698319606
5030,-9.2,-9.34493270330743,0.1449327033074308
5034,-8.241,-7.942776286629483,-0.29822371337051656
5035,-7.7,-7.910863646356604,0.2108636463566036
5046,-6.8,-7.215440910943685,0.4154409109436852
5049,-5.8,-6.844850145204355,1.0448501452043555
5050,-7.3,-6.905402684595574,-0.3945973154044262
5058,-6.9,-7.176362451314297,0.2763624513142968
5062,-8.2,-7.379951547132023,-0.8200484528679759
5064,-10.0,-9.532532089504965,-0.467467910495035
5066,-10.1,-9.48233502915701,-0.6176649708429895
5071,-6.8,-6.713182455431671,-0.08681754456832902
5079,-6.7,-6.840834018565193,0.14083401856519284
5081,-6.9,-6.522440663408253,-0.3775593365917471
5082,-8.8,-8.955689600006945,0.15568960000694432
5090,-6.6,-6.538002249613058,-0.061997750386941775
5092,-10.5,-11.013980409106658,0.513980409106658
5094,-8.9,-7.914392261941104,-0.9856077380588966
5099,-9.7,-9.903762866985637,0.20376286698563817
5135,-8.2,-7.824358131511129,-0.37564186848887005
5138,-9.974,-9.384546466899238,-0.5894535331007624
5143,-12.1,-10.176036589071254,-1.9239634109287458
5144,-9.8,-10.15089945813735,0.3508994581373486
5145,-8.7,-9.002998092565752,0.30299809256575294
5151,-10.7,-10.112495261707155,-0.5875047382928447
5153,-8.8,-9.300511365702883,0.5005113657028826
5155,-9.0,-9.888884815670238,0.888884815670238
5156,-9.79,-9.942178903761281,0.15217890376128196
5170,-7.7,-8.042944879689966,0.34294487968996545
5174,-10.9,-10.190056759835663,-0.7099432401643373
5186,-11.6,-11.29892389475614,-0.30107610524385997
5193,-9.2,-9.657484104603443,0.45748410460344324
5194,-8.9,-9.899424337912334,0.999424337912334
5196,-8.5,-8.943088236348324,0.4430882363483235
5198,-9.306,-8.563011892800695,-0.7429881071993041
5202,-8.5,-9.32852087361471,0.8285208736147105
5204,-12.0,-11.091182488577013,-0.9088175114229866
5206,-9.7,-9.150969149873385,-0.5490308501266146
5210,-10.2,-10.225484589607746,0.025484589607746244
5224,-9.6,-9.483566668222023,-0.11643333177797643
5225,-8.8,-8.608332657389097,-0.1916673426109039
5239,-7.9,-9.617746270966784,1.7177462709667832
5245,-9.7,-9.515304374522394,-0.18469562547760532
5250,-10.0,-9.70262256575872,-0.29737743424128027
5259,-9.476,-9.986605566202265,0.5106055662022637
5262,-9.7,-9.890145901708149,0.19014590170814927
5264,-7.8,-8.507562791149093,0.7075627911490932
5273,-12.0,-9.909697286608596,-2.090302713391404
5277,-9.0,-9.375648762034162,0.375648762034162
5286,-9.6,-10.226786956268654,0.6267869562686545
5294,-9.4,-8.752877600162803,-0.6471223998371975
5297,-7.9,-7.3641534371015025,-0.5358465628984979
5298,-10.2,-9.244239123322217,-0.9557608766777825
5302,-9.0,-9.817985063565237,0.8179850635652368
5306,-8.9,-8.985680914351907,0.08568091435190617
5312,-12.1,-10.989894410738268,-1.1101055892617318
5323,-10.0,-9.871768684751082,-0.12823131524891807
5331,-8.0,-9.111867083488656,1.1118670834886561
5335,-9.0,-8.18569556317218,-0.81430443682782
5337,-8.7,-9.962356137937517,1.2623561379375179
5344,-10.6,-11.043580725257318,0.44358072525731806
5354,-9.2,-9.042722088213539,-0.15727791178646022
5357,-9.8,-10.290401956508665,0.4904019565086646
5358,-5.3,-4.606837467090932,-0.693162532909068
5360,-7.8,-7.959356103568376,0.15935610356837593
5361,-8.7,-10.425137525328896,1.725137525328897
5362,-8.8,-9.097408204618821,0.29740820461882045
5363,-9.53,-8.833151670129713,-0.6968483298702868
5365,-9.4,-10.406551011068581,1.0065510110685807
5369,-8.3,-8.656898741475631,0.3568987414756304
5371,-7.2,-8.083749638217801,0.8837496382178012
5377,-12.0,-11.608355956060228,-0.39164404393977215
5379,-10.58,-10.22316371184324,-0.35683628815676016
5381,-11.3,-10.90072815419083,-0.39927184580917086
5382,-8.9,-7.902505335757355,-0.9974946642426454
5386,-7.9,-7.247198787305612,-0.6528012126943885
5391,-9.6,-9.735423702605036,0.13542370260503667
5397,-7.3,-6.916110415183988,-0.38388958481601154
5398,-7.2,-6.907413926189355,-0.2925860738106456
5403,-5.4,-5.718389354054493,0.3183893540544922
5414,-9.8,-9.317433186378278,-0.48256681362172316
5421,-10.2,-10.055735338020847,-0.1442646619791521
5426,-9.6,-8.755525525797974,-0.8444744742020251
5438,-11.2,-9.73653248647266,-1.4634675135273394
5440,-10.7,-10.03545858791292,-0.664541412087079
5441,-10.7,-9.901136117571328,-0.7988638824286713
5452,-7.3,-7.880466450991156,0.5804664509911559
5477,-7.6,-8.086612670907739,0.4866126709077392
5478,-8.5,-7.867095191728791,-0.632904808271209
5479,-7.943,-9.593567374717875,1.650567374717875
5492,-10.7,-9.672474361216882,-1.0275256387831178
5493,-7.3,-8.372780828275872,1.0727808282758717
5502,-6.6,-7.728112248054151,1.1281122480541512
5503,-7.6,-8.267239783289137,0.667239783289137
5508,-10.3,-10.562081004660914,0.26208100466091366
5511,-9.6,-8.978048246387637,-0.6219517536123629
5521,-7.8,-7.628640315297044,-0.17135968470295548
5527,-9.565,-9.767406249452767,0.20240624945276764
5532,-11.3,-10.316282057535524,-0.9837179424644766
5544,-9.6,-9.269534739409867,-0.3304652605901328
5545,-7.6,-7.453473968185552,-0.14652603181444768
5549,-8.1,-8.354483379241044,0.25448337924104436
5551,-8.7,-9.254668171067317,0.554668171067318
5566,-9.8,-9.584133669147544,-0.21586633085245666
5572,-7.3,-7.097022142800097,-0.2029778571999028
5577,-9.6,-9.629740782730766,0.029740782730765858
5580,-8.4,-8.848383588035976,0.4483835880359752
5582,-5.7,-5.666050596801308,-0.033949403198691996
5583,-10.8,-10.10952678606967,-0.6904732139303302
5597,-8.7,-8.183520286814186,-0.516479713185813
5598,-9.4,-9.733073673950745,0.3330736739507447
5613,-10.0,-9.20803444168416,-0.7919655583158391
5615,-9.5,-9.16590074021424,-0.3340992597857593
5616,-9.6,-9.098785852025108,-0.5012141479748919
5620,-5.8,-5.56109738399255,-0.2389026160074499
5632,-10.8,-9.521490396652743,-1.278509603347258
5635,-6.853,-6.286401626138174,-0.5665983738618259
5638,-8.1,-8.292874928846363,0.19287492884636315
5643,-6.3,-6.75877821174509,0.4587782117450905
5651,-7.4,-8.200521866998608,0.8005218669986078
5652,-9.4,-10.170437674713206,0.7704376747132056
5663,-9.6,-9.874223258185474,0.274223258185474
5676,-7.8,-8.055154825344085,0.25515482534408473
5678,-10.3,-10.767901915804542,0.467901915804541
5680,-11.2,-10.698655564729371,-0.501344435270628
5682,-10.3,-9.836194622055814,-0.46380537794418686
5683,-7.7,-7.885418376794297,0.1854183767942965
5684,-9.1,-9.346820088188345,0.2468200881883451
5689,-8.1,-8.88616466113163,0.7861646611316306
5692,-7.4,-6.9775983576188425,-0.42240164238115785
5700,-8.7,-8.186846526597419,-0.5131534734025802
5701,-9.6,-9.317879076926484,-0.28212092307351533
5703,-8.4,-8.711776347212524,0.3117763472125237
5706,-7.5,-8.084895542269434,0.5848955422694342
5707,-7.8,-8.121942160444613,0.3219421604446131
5712,-10.5,-10.12555930436692,-0.3744406956330799
5714,-6.3,-5.446359626481492,-0.8536403735185081
5727,-9.384,-9.039441156557805,-0.34455884344219534
5728,-10.0,-9.316785462435366,-0.6832145375646341
5729,-10.4,-10.679541039674504,0.2795410396745037
5733,-7.5,-8.284886837838824,0.7848868378388243
5740,-9.8,-9.538367390396608,-0.2616326096033923
5743,-11.2,-10.449536984492442,-0.7504630155075578
5747,-9.1,-8.987110627276207,-0.11288937272379229
5748,-9.9,-9.357657478138353,-0.5423425218616469
5751,-8.3,-9.549852230883468,1.2498522308834676
5756,-9.6,-9.645498339461717,0.04549833946171766
5761,-8.5,-8.379515636056713,-0.12048436394328732
5762,-5.3,-4.477569110527343,-0.8224308894726571
5763,-8.3,-7.780619418808153,-0.5193805811918475
5764,-10.14,-9.714213921969089,-0.42578607803091195
5766,-6.999,-6.944035349783947,-0.05496465021605257
5767,-7.311,-7.4070025651520375,0.09600256515203753
5775,-8.8,-8.98281384666755,0.18281384666754974
5786,-8.8,-9.314119773079632,0.5141197730796314
5790,-9.816,-9.61660601943783,-0.19939398056217073
5798,-9.021,-9.644522064479409,0.623522064479408
5799,-6.2,-7.123945235258963,0.9239452352589632
5803,-8.0,-8.350356312894144,0.35035631289414404
5804,-10.2,-9.149115876457266,-1.0508841235427333
5816,-5.9,-6.10197425660882,0.2019742566088194
5820,-8.5,-8.069135197678806,-0.43086480232119406
5822,-9.8,-9.56294520198435,-0.23705479801565055
5829,-7.5,-7.913604570659913,0.4136045706599134
5830,-9.87,-9.504598120821385,-0.36540187917861466
5833,-9.086,-10.161252717025928,1.0752527170259274
5835,-10.8,-10.454025452253903,-0.34597454774609737
5840,-10.2,-10.058658702071197,-0.14134129792880223
5848,-6.9,-7.441967452597408,0.5419674525974081
5851,-9.0,-8.373669616650936,-0.6263303833490639
5852,-7.8,-7.733224519677389,-0.06677548032261083
5853,-9.6,-9.659771551914467,0.05977155191446748
5856,-8.3,-9.14118852372698,0.8411885237269789
5858,-7.2,-7.844160474857382,0.6441604748573821
5859,-7.9,-8.840408546583078,0.9404085465830772
5860,-8.9,-9.187704215207429,0.2877042152074285
5872,-7.7,-8.35184130870082,0.6518413087008197
5882,-11.3,-10.827591511356612,-0.4724084886433886
5903,-8.8,-8.854592469482112,0.05459246948211138
5905,-7.1,-7.950496182777792,0.8504961827777926
5908,-9.7,-10.67065566683813,0.9706556668381303
5910,-7.668,-8.637492190901558,0.9694921909015575
5912,-11.7,-10.322973174216608,-1.3770268257833909
5914,-10.9,-10.724017524526532,-0.17598247547346801
5920,-8.0,-7.5899201450403195,-0.41007985495968047
5928,-9.3,-8.669718554130856,-0.6302814458691444
5931,-8.5,-8.811803193553693,0.31180319355369335
5940,-12.1,-10.537097417798735,-1.5629025822012643
5943,-7.7,-7.558007767002591,-0.14199223299740904
5948,-9.3,-9.761896146285759,0.46189614628575804
5950,-10.02,-9.659777412275684,-0.3602225877243157
5955,-9.2,-9.518615395827418,0.31861539582741827
5957,-9.9,-9.477795069585548,-0.42220493041445195
5961,-7.9,-8.03815673517643,0.13815673517643035
5963,-8.4,-7.303878235692014,-1.096121764307986
5968,-6.6,-7.177725076895271,0.5777250768952715
5974,-9.0,-9.40086192008277,0.4008619200827699
5979,-9.8,-10.065053765249052,0.26505376524905166
5980,-7.865,-8.375493211910346,0.5104932119103456
5981,-5.8,-6.474890853621312,0.6748908536213118
5982,-7.8,-8.278447470577438,0.4784474705774384
5987,-10.7,-10.2534099910698,-0.4465900089301993
6001,-10.1,-9.172739579812294,-0.9272604201877055
6004,-8.9,-9.849573670572518,0.9495736705725175
6010,-7.5,-7.581318284320698,0.0813182843206981
6011,-7.2,-7.8047244414050105,0.6047244414050104
6014,-10.39,-10.277646266464602,-0.11235373353539835
6021,-7.9,-8.645375614581647,0.745375614581647
6022,-6.6,-7.384750152431814,0.7847501524318146
6030,-8.0,-8.534670510632186,0.5346705106321856
6032,-9.8,-10.07818949852924,0.2781894985292386
6037,-10.27,-10.336649388320051,0.06664938832005163
6044,-7.5,-7.867930296378062,0.36793029637806196
6054,-5.9,-6.4350300790454815,0.5350300790454812
6062,-10.4,-10.103794780413443,-0.29620521958655743
6069,-8.4,-9.715374251108756,1.3153742511087554
6076,-9.1,-9.135017513542767,0.035017513542767276
6077,-10.0,-9.608544606324976,-0.3914553936750238
6080,-6.248,-6.2938881392316794,0.045888139231679226
6081,-8.1,-8.92638015677782,0.8263801567778195
6084,-10.8,-10.494522545851675,-0.30547745414832583
6106,-9.9,-9.529700073776226,-0.3702999262237743
6107,-7.4,-8.189855919028695,0.7898559190286942
6109,-6.9,-7.2576162473421775,0.3576162473421771
6110,-9.5,-8.952708509638798,-0.5472914903612018
6114,-8.9,-8.637489900041029,-0.26251009995897157
6117,-8.2,-8.435174176213305,0.23517417621330594
6118,-9.364,-9.336651366343474,-0.02734863365652629
6119,-8.7,-8.303001162824222,-0.39699883717577755
6123,-8.5,-8.737601930184889,0.23760193018488884
6125,-9.122,-9.234693970648657,0.11269397064865672
6135,-10.2,-9.875646480057243,-0.32435351994275585
6137,-9.1,-8.542145552943314,-0.5578544470566857
6141,-13.5,-12.00580160744284,-1.4941983925571591
6145,-10.5,-10.35452395072784,-0.14547604927216007
6147,-5.028,-5.05858057856189,0.030580578561890448
6152,-9.9,-9.321627965099067,-0.5783720349009336
6153,-10.3,-9.532266787237656,-0.7677332127623444
6157,-8.3,-8.191156495463938,-0.10884350453606295
6162,-9.5,-9.170554203057677,-0.32944579694232345
6169,-6.8,-7.465532590285864,0.6655325902858644
6178,-9.0,-8.782551186932832,-0.21744881306716835
6189,-8.333,-8.568156971216274,0.23515697121627355
6201,-8.752,-8.645120274395671,-0.10687972560432968
6213,-8.8,-8.821739275300226,0.021739275300225458
6216,-9.5,-10.018466478446642,0.5184664784466424
6220,-9.169,-9.524489588296124,0.3554895882961233
6221,-7.9,-7.848047781971068,-0.051952218028932684
6225,-9.9,-9.78326326751642,-0.11673673248358085
6227,-8.359,-8.74388912784742,0.38488912784741913
6237,-8.0,-8.416814812828314,0.41681481282831356
6243,-9.4,-8.968811787211926,-0.43118821278807395
6249,-8.1,-7.972243429408622,-0.12775657059137746
6252,-7.008,-7.724193669755826,0.7161936697558264
6253,-7.7,-8.284085832776343,0.584085832776343
6258,-10.5,-10.02662808699507,-0.47337191300493053
6270,-6.9,-7.242938894949805,0.34293889494980423
6277,-9.5,-9.010745065435065,-0.48925493456493463
6282,-7.8,-8.376814938880141,0.5768149388801413
6290,-10.7,-11.424810692991196,0.7248106929911966
6291,-9.9,-9.673782097407694,-0.22621790259230679
6301,-10.5,-9.959341774939908,-0.540658225060092
6311,-8.5,-8.425294006538168,-0.07470599346183171
6319,-8.4,-8.607266138506086,0.20726613850608544
6326,-9.7,-10.509330712698446,0.809330712698447
6330,-12.3,-11.123318093907425,-1.1766819060925755
6343,-8.0,-8.388508206466005,0.38850820646600503
6346,-8.7,-8.593265028656159,-0.10673497134384036
6348,-10.2,-10.082078797337115,-0.11792120266288464
6355,-11.2,-10.28859752321009,-0.9114024767899096
6357,-8.5,-8.638050227998896,0.138050227998896
6369,-6.5,-6.798605612604485,0.2986056126044847
6372,-6.0,-5.230416459534767,-0.7695835404652334
6375,-7.7,-8.03628301260143,0.33628301260143
6377,-9.1,-9.465104770094356,0.3651047700943568
6385,-4.6,-4.105262017342621,-0.49473798265737834
6387,-7.1,-8.66556786587149,1.5655678658714898
6389,-10.0,-10.02284446164413,0.02284446164413012
6391,-8.6,-9.178246856075205,0.5782468560752054
6392,-10.7,-10.200980773588064,-0.4990192264119351
6395,-13.4,-12.112220088000583,-1.2877799119994169
6400,-9.2,-9.389198828989068,0.1891988289890687
6403,-8.2,-8.505670106787514,0.30567010678751494
6408,-9.2,-9.402222526740076,0.20222252674007635
6412,-9.6,-9.592597030039837,-0.007402969960162764
6414,-5.9,-6.400910525510152,0.500910525510152
6425,-11.1,-10.701780347647508,-0.39821965235249124
6429,-11.2,-9.653275833849317,-1.5467241661506819
6433,-10.0,-9.921541191530213,-0.07845880846978659
6434,-9.4,-9.46968535697071,0.06968535697070877
6435,-7.5,-7.399445824444598,-0.10055417555540203
6436,-5.9,-5.095717441961365,-0.8042825580386355
6443,-9.8,-9.930434180625411,0.1304341806254108
6444,-8.6,-8.353580398184086,-0.24641960181591394
6449,-9.8,-9.954730875242769,0.15473087524276785
6455,-6.6,-7.467398795908837,0.8673987959088372
6458,-7.4,-7.9068286140116815,0.5068286140116811
6459,-8.6,-8.844686924389041,0.2446869243890415
6463,-11.9,-11.195118128639745,-0.7048818713602554
6466,-4.5,-3.5885868413507076,-0.9114131586492924
6475,-6.7,-6.723402666430308,0.023402666430308194
6489,-8.9,-10.094126819451096,1.194126819451096
6492,-9.7,-9.569934377872764,-0.13006562212723516
6499,-10.3,-10.632411608726047,0.332411608726046
6505,-10.6,-10.157429458776832,-0.4425705412231675
6508,-6.1,-5.968361003683157,-0.13163899631684295
6510,-11.48,-11.067064369175053,-0.412935630824947
6517,-10.9,-10.381607498867865,-0.5183925011321353
6520,-6.4,-7.707758800522781,1.3077588005227803
6521,-8.5,-8.03674349302782,-0.46325650697217924
6531,-8.5,-10.366425628586436,1.8664256285864358
6545,-4.7,-4.465530817984663,-0.23446918201533684
6553,-8.7,-9.037107207752221,0.33710720775222214
6556,-10.8,-10.7232246538932,-0.07677534610680148
6561,-8.8,-9.493391628861747,0.6933916288617468
6567,-9.4,-9.20157341581229,-0.19842658418771109
6572,-5.2,-6.536943737931912,1.3369437379319118
6577,-11.51,-11.295608102836523,-0.21439189716347684
6578,-11.1,-11.211931181984031,0.11193118198403162
6584,-6.8,-7.730903447070654,0.9309034470706541
6594,-7.3,-7.597750291509419,0.297750291509419
6595,-9.0,-7.84318711561172,-1.1568128843882803
6601,-7.4,-8.401754397021156,1.0017543970211555
6606,-8.861,-9.161674876774072,0.300674876774071
6613,-8.7,-9.413542556378463,0.7135425563784636
6615,-9.6,-9.16271628595748,-0.4372837140425201
6621,-7.8,-7.407684876494624,-0.3923151235053757
6622,-9.8,-9.684892947465254,-0.1151070525347464
6624,-9.0,-8.90916869233523,-0.09083130766476977
6631,-9.2,-9.587952711075369,0.38795271107536955
6657,-8.2,-7.752089680408154,-0.4479103195918457
6658,-9.2,-11.15402672632441,1.954026726324411
6660,-8.8,-9.418150066033338,0.618150066033337
6663,-10.4,-9.458381629374244,-0.9416183706257559
6669,-7.1,-7.061541466443362,-0.03845853355663742
6670,-5.7,-6.664419734329499,0.9644197343294989
6676,-8.1,-8.484439137259686,0.3844391372596867
6682,-6.9,-6.957221418307679,0.05722141830767846
6699,-9.1,-8.956444482814305,-0.14355551718569437
6705,-12.9,-12.10701062562319,-0.7929893743768108
6711,-9.5,-9.454967053152966,-0.04503294684703363
6713,-7.7,-7.696090732468384,-0.003909267531616578
6715,-8.5,-8.676409435376884,0.17640943537688436
6717,-7.8,-7.4333421768994326,-0.36665782310056727
6724,-5.6,-5.593924665029766,-0.0060753349702338255
6729,-8.0,-8.894915137579835,0.8949151375798348
6733,-6.9,-8.003732803396097,1.1037328033960971
6734,-7.6,-8.58157816673546,0.98157816673546
6740,-7.9,-8.66815835550919,0.7681583555091898
6742,-9.7,-9.006024275769573,-0.6939757242304267
6750,-10.9,-10.89870061700155,-0.001299382998450227
6753,-9.951,-10.288817606699626,0.337817606699625
6754,-8.1,-8.749757360453035,0.6497573604530356
6755,-8.8,-9.510665448377573,0.7106654483775721
6758,-7.8,-8.154641464054126,0.35464146405412666
6759,-10.0,-9.27578054839146,-0.7242194516085405
6760,-11.2,-11.463216705281955,0.2632167052819554
6762,-9.5,-8.754694883452562,-0.7453051165474385
6765,-8.3,-8.59707704577129,0.2970770457712888
6768,-6.0,-9.249714804797003,3.2497148047970033
6769,-8.5,-9.422145936034836,0.9221459360348359
6774,-8.2,-8.426693163713496,0.22669316371349701
6778,-7.9,-8.522601665458692,0.6226016654586921
6779,-8.177,-9.275196683887712,1.0981966838877124
6790,-8.7,-9.214194265546924,0.5141942655469247
6803,-8.5,-9.333787854049016,0.8337878540490156
6804,-6.8,-7.255090470726681,0.45509047072668096
6805,-6.9,-7.283165708559571,0.383165708559571
6814,-10.5,-10.001182872363819,-0.49881712763618147
6821,-9.0,-9.23988388789492,0.2398838878949192
6824,-8.6,-9.253281648348839,0.6532816483488393
6826,-8.6,-9.230992430963044,0.6309924309630439
6827,-8.3,-8.094094354673597,-0.20590564532640343
6829,-5.5,-6.766133191932572,1.266133191932572
6838,-8.7,-9.362523405401282,0.6625234054012825
6839,-9.1,-8.259856721017995,-0.8401432789820049
6840,-11.8,-10.929848223700128,-0.8701517762998723
6843,-7.2,-7.195812877231383,-0.004187122768617435
6845,-11.4,-11.018681187465521,-0.3813188125344791
6848,-9.3,-8.180731754912163,-1.119268245087838
6856,-9.2,-9.70186469745704,0.5018646974570409
6860,-9.6,-9.543181410937864,-0.05681858906213577
6861,-8.6,-8.0214981212248,-0.5785018787751994
6870,-8.4,-8.536262942383514,0.13626294238351377
6875,-9.8,-9.225193679141137,-0.5748063208588636
6876,-9.2,-9.711703901001536,0.5117039010015372
6885,-10.2,-10.3906785553089,0.1906785553089012
6903,-9.5,-8.535047190735105,-0.9649528092648954
6906,-6.9,-7.796686104611011,0.8966861046110104
6908,-9.464,-10.325937464728824,0.8619374647288236
6912,-11.5,-10.844166584160178,-0.6558334158398225
6914,-9.1,-8.555640159330398,-0.5443598406696015
6916,-9.7,-8.704124543580438,-0.9958754564195615
6926,-7.2,-6.965942141545625,-0.2340578584543751
6930,-11.42,-10.181276535695188,-1.2387234643048117
6931,-8.7,-9.19873798445625,0.49873798445625006
6933,-8.7,-9.41885751439327,0.718857514393271
6934,-9.3,-9.22229801332951,-0.07770198667049044
6948,-10.5,-9.54427088563615,-0.9557291143638498
6950,-10.1,-9.784569039755086,-0.3154309602449139
6951,-9.7,-9.66168280476916,-0.03831719523083876
6955,-12.1,-11.643741406486427,-0.45625859351357256
6957,-5.3,-5.11068729237342,-0.1893127076265797
6962,-6.7,-6.962942953411432,0.26294295341143226
6964,-9.1,-10.159212198009108,1.0592121980091083
6982,-8.5,-8.30532771137306,-0.19467228862693986
6984,-10.5,-10.389913614784055,-0.11008638521594527
6987,-7.5,-6.955577896226978,-0.5444221037730221
6994,-11.0,-9.94181149624563,-1.0581885037543692
6997,-8.2,-8.571248042417242,0.37124804241724263
7012,-7.297,-7.263924981837999,-0.03307501816200098
7013,-10.0,-10.153199891859435,0.15319989185943506
7017,-7.0,-6.774176547668587,-0.22582345233141332
7018,-8.1,-7.850480937483739,-0.24951906251626088
7021,-7.7,-7.81194036246634,0.1119403624663402
7023,-11.2,-10.767830455696991,-0.432169544303008
7028,-9.6,-9.681425752606543,0.08142575260654361
7036,-6.6,-6.7197435047457885,0.11974350474578888
7040,-7.9,-8.482389872037828,0.5823898720378278
7047,-11.0,-10.64001315938538,-0.3599868406146207
7049,-5.4,-5.690458281187006,0.29045828118700534
7050,-9.2,-8.815037230604219,-0.38496276939578067
7066,-11.4,-10.672313452629995,-0.7276865473700056
7067,-6.8,-6.772531980050838,-0.027468019949162148
7070,-10.6,-9.30861914986755,-1.29138085013245
7076,-11.2,-10.66919316829752,-0.5308068317024794
7077,-8.8,-10.522327303482482,1.7223273034824818
7082,-8.1,-7.991748125645127,-0.10825187435487305
7093,-10.9,-9.867476881679474,-1.0325231183205261
7104,-9.4,-9.75633790939236,0.35633790939236043
7107,-7.2,-7.924025915994045,0.7240259159940452
7111,-7.3,-6.780382378064819,-0.5196176219351809
7113,-9.5,-9.83638542525885,0.3363854252588503
7118,-5.2,-5.361874955292455,0.161874955292455
7120,-8.6,-8.721504097643388,0.12150409764338832
7143,-8.8,-10.363662522541293,1.5636625225412928
7169,-10.5,-9.819184339934232,-0.6808156600657682
7173,-9.3,-9.159933765792104,-0.14006623420789666
7194,-9.446,-9.201453578510291,-0.24454642148970862
7197,-6.9,-7.673885581937756,0.7738855819377557
7202,-8.718,-9.852630042982714,1.1346300429827139
7211,-10.2,-9.656968425028978,-0.5430315749710211
7212,-8.9,-8.54107600218828,-0.35892399781172024
7216,-11.1,-11.099110981965923,-0.000889018034076372
7220,-11.3,-10.935633588512157,-0.3643664114878433
7228,-4.5,-4.613392773338653,0.11339277333865283
7229,-9.4,-9.48844979757192,0.08844979757192029
7231,-11.1,-10.525310470892695,-0.5746895291073049
7251,-8.2,-8.115611978774997,-0.08438802122500277
7255,-5.0,-5.08740688710646,0.08740688710645994
7260,-9.0,-8.907799151353908,-0.09220084864609213
7273,-11.68,-11.155776728626048,-0.5242232713739519
7276,-8.2,-7.788262211526773,-0.41173778847322673
7277,-8.0,-8.538409881549782,0.5384098815497822
7278,-10.9,-10.757054350089827,-0.1429456499101729
7279,-6.3,-6.255796893543723,-0.04420310645627712
7284,-9.3,-9.397570229071352,0.09757022907135138
7286,-9.4,-10.342905627913167,0.9429056279131665
7289,-9.4,-9.895983640276622,0.4959836402766218
7297,-10.0,-9.416091109842153,-0.5839088901578471
7309,-6.5,-6.534521771224063,0.03452177122406308
7317,-7.6,-8.848265340831972,1.2482653408319724
7324,-10.4,-10.101500321877324,-0.29849967812267586
7328,-8.7,-8.946450254600036,0.24645025460003644
7337,-8.9,-9.375124873180958,0.47512487318095786
7342,-6.6,-8.074499660796107,1.4744996607961074
7346,-8.6,-8.636375090893232,0.0363750908932321
7348,-11.9,-11.142847227524143,-0.7571527724758571
7367,-10.0,-9.535470086356641,-0.46452991364335894
7370,-8.5,-8.899036647157436,0.3990366471574358
7383,-10.1,-9.833350413483446,-0.2666495865165537
7386,-9.2,-9.24760723976732,0.04760723976731995
7387,-9.4,-8.560799819328187,-0.8392001806718135
7388,-9.5,-9.862638305848957,0.3626383058489573
7411,-11.8,-10.202483503718002,-1.5975164962819992
7422,-8.2,-8.932126935183259,0.7321269351832598
7428,-8.8,-9.224365250931598,0.42436525093159716
7438,-8.6,-8.69530538184962,0.09530538184962012
7440,-6.0,-7.00334918558206,1.00334918558206
7441,-8.9,-8.71213700850729,-0.18786299149271102
7442,-12.3,-11.35489114884019,-0.9451088511598105
7443,-8.9,-9.576551304844564,0.6765513048445637
7444,-10.1,-9.459160834854586,-0.6408391651454135
7454,-9.4,-9.726437157756166,0.3264371577561658
7458,-10.2,-10.044925652183826,-0.15507434781617313
7464,-8.8,-9.217194656458421,0.41719465645842035
7471,-8.516,-8.496697168513935,-0.019302831486065486
7472,-11.3,-10.69169077802116,-0.6083092219788409
7474,-9.2,-8.418102330327848,-0.7818976696721514
7481,-8.6,-8.486784802687417,-0.11321519731258256
7487,-7.4,-7.552274119218133,0.1522741192181325
7495,-6.1,-6.486336183730706,0.3863361837307062
7499,-9.9,-9.857300228031276,-0.04269977196872432
7501,-8.5,-10.109925243663765,1.6099252436637652
7502,-11.04,-10.768490712457822,-0.27150928754217674
7507,-8.3,-7.634617228413174,-0.6653827715868266
7514,-10.96,-11.013472491431717,0.05347249143171595
7515,-10.2,-9.4896339216162,-0.7103660783837995
7516,-9.5,-9.51134024531016,0.011340245310160313
7522,-7.7,-8.67434100690363,0.9743410069036296
7523,-9.8,-9.401350920276233,-0.39864907972376784
7525,-11.53,-10.542262997716747,-0.9877370022832519
7529,-12.03,-11.730264484672889,-0.29973551532711085
7532,-9.6,-9.485229184014955,-0.1147708159850449
7536,-8.082,-9.620086155187357,1.5380861551873561
7538,-10.9,-10.771696852051154,-0.12830314794884679
7542,-6.9,-7.05115192947983,0.15115192947982958
7556,-9.4,-9.402478227769064,0.002478227769064034
7563,-9.3,-9.852357932760114,0.5523579327601134
7566,-10.6,-10.823014439791123,0.22301443979112356
7579,-8.7,-8.968777254017226,0.26877725401722685
7581,-9.7,-9.714075468999631,0.01407546899963208
7582,-9.5,-9.884440632142478,0.3844406321424785
7588,-8.4,-8.050685402485117,-0.3493145975148835
7589,-9.8,-9.595343624132035,-0.20465637586796603
7591,-9.1,-10.282877273096275,1.1828772730962758
7599,-10.4,-9.183303812762373,-1.216696187237627
7613,-9.7,-9.71170947383284,0.011709473832841155
7615,-10.0,-9.877574996248482,-0.12242500375151799
7620,-7.4,-7.4199935553118985,0.01999355531189817
7626,-9.0,-8.639742531396726,-0.36025746860327423
7627,-8.9,-8.362359850189836,-0.537640149810164
7635,-9.473,-9.934539703326813,0.46153970332681205
7636,-8.8,-8.911570359690138,0.11157035969013762
7639,-9.8,-9.710158461138008,-0.08984153886199309
7642,-12.24,-10.630094863257558,-1.6099051367424426
7644,-10.55,-10.14715331272038,-0.40284668727962014
7647,-8.2,-8.689717546454851,0.48971754645485177
7654,-9.3,-9.354644531891338,0.05464453189133778
7655,-9.7,-10.268014061562075,0.5680140615620761
7658,-11.2,-10.687409006643287,-0.5125909933567119
7660,-9.2,-9.769128861276801,0.569128861276802
7663,-9.1,-8.490125729431803,-0.6098742705681968
7664,-8.6,-8.632674458005857,0.03267445800585733
7666,-11.6,-11.22126172364046,-0.37873827635953994
7672,-9.0,-8.80162230410197,-0.19837769589802967
7680,-11.9,-11.636538496641244,-0.26346150335875684
7685,-10.5,-9.738290378013087,-0.7617096219869133
7696,-9.7,-9.404937587129274,-0.29506241287072577
7698,-9.0,-9.40961272682443,0.4096127268244292
7717,-9.016,-9.158522166604724,0.14252216660472428
7728,-8.7,-8.650858127998752,-0.04914187200124687
7729,-10.1,-10.006970153621893,-0.09302984637810674
7733,-9.0,-9.41447910960366,0.4144791096036595
7737,-11.2,-12.233035077584947,1.0330350775849482
7739,-9.4,-9.28437716729696,-0.11562283270304086
7743,-9.5,-8.779193465061505,-0.7208065349384949
7745,-11.1,-10.168997144186287,-0.9310028558137127
7750,-9.9,-9.27497830222028,-0.6250216977797205
7752,-11.2,-10.38739837539276,-0.8126016246072396
7755,-7.9,-7.900170371517099,0.00017037151709864418
7756,-11.1,-9.815425747762376,-1.2845742522376238
7766,-7.6,-8.983282372925563,1.3832823729255637
7795,-8.3,-8.670076212494505,0.37007621249450473
7802,-10.9,-10.376697375220871,-0.523302624779129
7803,-9.8,-10.017671070921676,0.21767107092167493
7814,-9.6,-9.236946754907748,-0.36305324509225123
7816,-9.4,-9.530819269873378,0.13081926987337766
7817,-7.8,-8.173047047649474,0.3730470476494743
7821,-7.0,-7.731779383111812,0.731779383111812
7824,-7.2,-7.652200367888783,0.45220036788878293
7829,-11.1,-10.791596228346101,-0.3084037716538983
7838,-8.6,-8.701552499380362,0.1015524993803627
7841,-8.6,-9.156823317750911,0.5568233177509114
7845,-8.8,-8.830806523824592,0.030806523824590926
7847,-11.8,-10.70498200539739,-1.0950179946026104
7859,-11.4,-10.431749200043704,-0.9682507999562961
7864,-8.482,-8.59559938724429,0.11359938724429064
7868,-9.9,-9.291460901280388,-0.6085390987196124
7874,-8.6,-8.9454640177659,0.3454640177659005
7881,-8.9,-10.142215541483127,1.2422155414831266
7893,-9.3,-9.137380914265098,-0.16261908573490302
7895,-10.67,-10.566606012511421,-0.10339398748857853
7905,-8.4,-9.33649022335792,0.9364902233579198
7908,-12.2,-11.815113793259819,-0.38488620674018037
7915,-11.2,-10.750302673561173,-0.44969732643882665
7917,-7.2,-9.423301899251776,2.2233018992517755
7918,-6.8,-6.843288723109909,0.04328872310990928
7926,-12.1,-10.52279359979126,-1.5772064002087394
7930,-8.4,-8.803069248492578,0.40306924849257797
7944,-6.617,-6.977296879818373,0.3602968798183728
7946,-7.6,-9.135938651791628,1.5359386517916285
7954,-9.312,-9.810698156584722,0.49869815658472305
7955,-8.4,-8.998540693623914,0.5985406936239137
7966,-12.3,-10.793556078296472,-1.5064439217035286
7968,-7.8,-8.040687498298485,0.24068749829848546
7972,-10.4,-11.099423546324827,0.6994235463248266
7978,-9.2,-8.428169694701367,-0.7718303052986322
7983,-9.9,-9.969398876642993,0.06939887664299249
7990,-8.6,-8.962027482271793,0.3620274822717935
7998,-9.5,-9.561054624632606,0.06105462463260558
8011,-8.1,-8.466545529931459,0.36654552993145906
8015,-8.9,-8.464458520742442,-0.4355414792575587
8018,-10.4,-9.971305478824053,-0.428694521175947
8019,-7.6,-8.487435050581487,0.8874350505814874
8026,-11.3,-10.499413715241424,-0.8005862847585767
8028,-12.1,-9.977748513733703,-2.122251486266297
8031,-8.774,-9.010969655665786,0.23696965566578676
8035,-9.4,-9.163267271934393,-0.23673272806560774
8045,-10.2,-10.447158034799884,0.24715803479988452
8047,-10.1,-9.626517187340363,-0.4734828126596362
8072,-9.3,-9.609916688613577,0.30991668861357624
8075,-8.3,-8.72488699091493,0.42488699091492954
8077,-8.6,-9.13203347135932,0.5320334713593198
8092,-10.5,-9.838532839235414,-0.6614671607645857
8099,-8.5,-8.8775454402695,0.37754544026950043
8104,-6.6,-7.468811442065862,0.8688114420658621
8107,-9.9,-9.911966689015838,0.011966689015837417
8108,-6.9,-6.283743808359364,-0.6162561916406366
8111,-7.4,-7.708082246344987,0.3080822463449868
8115,-11.4,-11.43508136703106,0.035081367031059685
8117,-6.6,-6.780786101413936,0.18078610141393625
8126,-5.9,-6.876256277659012,0.9762562776590116
8127,-9.3,-9.638927286123742,0.33892728612374157
8131,-8.1,-8.0505575295743,-0.04944247042569927
8134,-10.8,-10.18620653908987,-0.6137934609101308
8136,-9.0,-9.228160359083075,0.2281603590830752
8143,-7.5,-8.238667557557974,0.7386675575579744
8147,-9.3,-9.43158001161074,0.13158001161073862
8148,-9.4,-9.377133461008768,-0.022866538991232588
8149,-9.1,-9.275218715296086,0.17521871529608646
8159,-8.8,-8.888576689920628,0.08857668992062706
8171,-10.44,-9.995318629922219,-0.44468137007778097
8184,-9.9,-9.719381834403636,-0.18061816559636412
8198,-8.9,-8.525115431569413,-0.3748845684305877
8203,-9.5,-9.664903985297554,0.16490398529755446
8216,-8.7,-9.417654961221803,0.7176549612218039
8217,-10.5,-9.616067434387364,-0.8839325656126356
8225,-11.2,-11.234112444095501,0.03411244409550207
8231,-11.6,-10.368129393950179,-1.2318706060498208
8247,-10.8,-10.293879025658157,-0.5061209743418438
8249,-7.7,-8.164226012071467,0.4642260120714665
8254,-11.4,-10.839251396035204,-0.5607486039647966
8255,-10.3,-10.734250259397907,0.4342502593979063
8256,-9.0,-9.217982948603558,0.2179829486035576
8260,-8.2,-8.777094984896824,0.5770949848968243
8261,-11.0,-9.58618404751002,-1.4138159524899798
8262,-9.677,-11.150619038181452,1.473619038181452
8263,-8.7,-8.955537878461408,0.25553787846140885
8274,-7.8,-8.207825810422303,0.40782581042230337
8280,-10.6,-9.679476330276602,-0.9205236697233978
8281,-12.4,-10.973229288111092,-1.4267707118889081
8285,-10.4,-10.213357617672898,-0.1866423823271024
8289,-11.9,-10.900086490937529,-0.9999135090624716
8296,-9.9,-9.566333266363584,-0.3336667336364165
8299,-10.8,-10.988335213079939,0.18833521307993806
8314,-12.0,-10.9348275117775,-1.0651724882224993
8328,-8.6,-8.689083762178662,0.08908376217866198
8341,-12.8,-11.063437401521442,-1.7365625984785584
8344,-9.7,-10.830231093865978,1.1302310938659783
8345,-7.8,-7.622332846365403,-0.17766715363459706
8347,-8.2,-7.657773562432847,-0.5422264375671526
8353,-8.8,-8.827328548879017,0.027328548879015813
8355,-7.4,-8.209443465709857,0.8094434657098564
8360,-7.0,-6.6715136644826405,-0.3284863355173595
8370,-8.8,-9.673589414869536,0.8735894148695351
8373,-9.4,-9.70945933610656,0.30945933610655985
8376,-9.8,-9.489444143214385,-0.3105558567856157
8385,-11.8,-10.244733386903668,-1.5552666130963324
8390,-7.5,-9.245367288803056,1.745367288803056
8391,-9.6,-10.310489696069794,0.7104896960697946
8394,-6.8,-6.830431369356866,0.030431369356866078
8396,-5.9,-5.098691331377311,-0.8013086686226893
8399,-6.8,-7.18071965112128,0.3807196511212805
8400,-4.8,-3.782103300476166,-1.0178966995238339
8402,-9.1,-9.094501992640794,-0.005498007359205914
8408,-13.1,-12.63308802658937,-0.46691197341062995
8416,-9.0,-8.701932265790095,-0.29806773420990496
8419,-8.3,-8.924838827437027,0.624838827437026
8420,-7.8,-7.811178318102915,0.011178318102914808
8423,-8.0,-8.890748428621798,0.8907484286217979
8424,-10.0,-9.522119661695257,-0.4778803383047432
8430,-7.7,-8.775655831669988,1.0756558316699882
8446,-8.0,-7.797490210798409,-0.20250978920159124
8450,-9.2,-9.248152717539005,0.04815271753900596
8459,-6.1,-6.758369784324552,0.6583697843245524
8466,-11.5,-10.708811586617806,-0.7911884133821943
8469,-9.8,-9.614104129073487,-0.1858958709265135
8471,-11.0,-10.260223767683318,-0.7397762323166823
8482,-10.4,-9.712225944119762,-0.6877740558802383
8489,-7.3,-7.044548420723094,-0.2554515792769054
8491,-9.0,-8.78869988790815,-0.21130011209185007
8492,-10.4,-9.109564396772814,-1.290435603227186
8510,-10.7,-8.871230205217422,-1.828769794782577
8515,-6.8,-7.229362009990085,0.42936200999008545
8518,-9.1,-8.902757341726304,-0.19724265827369614
8520,-5.7,-5.900231097121369,0.20023109712136922
8523,-6.9,-7.1163211908364525,0.21632119083645218
8531,-7.3,-8.050666160245658,0.7506661602456584
8537,-9.4,-9.26597689394235,-0.13402310605765066
8538,-10.1,-8.61768034937848,-1.4823196506215197
8558,-9.4,-9.353830043433291,-0.0461699565667093
8565,-8.5,-9.00232031932419,0.5023203193241894
8572,-9.7,-9.456624286522384,-0.2433757134776151
8573,-9.6,-9.594830573929782,-0.005169426070217753
8578,-13.0,-11.856536191371998,-1.1434638086280025
8579,-9.2,-8.48453153761471,-0.7154684623852887
8581,-7.4,-7.8916261896808475,0.49162618968084715
8584,-10.9,-10.66893699988481,-0.23106300011519032
8588,-10.6,-9.736114761605327,-0.8638852383946727
8589,-11.5,-11.169243352404102,-0.33075664759589785
8603,-8.3,-7.637524166256998,-0.6624758337430023
8611,-7.5,-8.008347414318138,0.5083474143181377
8621,-6.8,-6.94566490348115,0.14566490348115035
8624,-9.4,-10.10343000793989,0.7034300079398896
8627,-7.0,-7.84050602951138,0.8405060295113804
8631,-9.5,-9.630737553007942,0.13073755300794154
8639,-12.0,-11.06245498445448,-0.9375450155455205
8655,-9.697,-9.480777743327062,-0.21622225667293726
8657,-11.5,-10.80095071022831,-0.6990492897716898
8660,-8.9,-8.040963374065617,-0.8590366259343831
8663,-9.3,-9.354704460932354,0.054704460932352816
8664,-7.7,-9.212029083341326,1.512029083341326
8674,-10.3,-9.903824162655523,-0.3961758373444777
8675,-8.5,-8.726299615598641,0.22629961559864142
8677,-9.8,-9.95947604956017,0.15947604956016903
8681,-8.9,-8.357532719441787,-0.5424672805582134
8682,-8.5,-8.704344280693737,0.20434428069373745
8686,-8.6,-10.039109873822678,1.4391098738226784
8692,-9.9,-9.540803806057419,-0.35919619394258184
8694,-9.1,-9.461639156675513,0.3616391566755137
8709,-7.3,-6.835437943170127,-0.46456205682987317
8735,-11.1,-9.576354552551118,-1.5236454474488816
8740,-10.3,-10.244044583691357,-0.055955416308643535
8742,-5.6,-5.472218156951094,-0.12778184304890594
8744,-11.0,-10.472029224971065,-0.5279707750289351
8756,-10.2,-9.969867848355296,-0.23013215164470324
8757,-8.1,-8.467882702582349,0.36788270258234945
8758,-7.5,-7.932549964882068,0.4325499648820683
8759,-7.4,-6.607808797418959,-0.7921912025810416
8761,-11.3,-11.51056557790577,0.21056557790576846
8769,-9.6,-9.592740920173373,-0.007259079826626547
8778,-8.758,-8.007385248458354,-0.7506147515416455
8786,-10.7,-10.782052699132322,0.08205269913232272
8793,-9.0,-8.444248011878917,-0.5557519881210826
8796,-9.82,-9.25861832719309,-0.5613816728069096
8797,-8.6,-9.873119808429971,1.2731198084299713
8799,-9.2,-8.883327958672536,-0.31667204132746285
8802,-9.3,-9.56296126402282,0.2629612640228185
8810,-9.6,-9.43726623837558,-0.16273376162441977
8813,-10.5,-9.773558137732389,-0.7264418622676114
8819,-8.3,-9.086955453986837,0.7869554539868364
8827,-10.1,-9.146219026130389,-0.9537809738696108
8830,-11.2,-10.399304176102273,-0.8006958238977262
8834,-7.7,-8.171344743802237,0.4713447438022369
8836,-8.5,-8.243415031759728,-0.2565849682402721
8842,-7.4,-8.026687724179425,0.6266877241794244
8844,-9.5,-9.612946313662727,0.1129463136627269
8846,-11.7,-10.223350076353542,-1.4766499236464572
8850,-6.806,-7.175919422737557,0.3699194227375573
8851,-7.2,-7.227372317427633,0.02737231742763324
8861,-11.3,-10.744830823111363,-0.5551691768886382
8862,-9.2,-9.55765016947646,0.3576501694764609
8866,-8.7,-9.385680061281445,0.6856800612814453
8868,-7.5,-7.364324272134606,-0.13567572786539372
8871,-8.8,-9.251643879745123,0.4516438797451219
8873,-8.3,-9.370376359666391,1.0703763596663904
8877,-8.9,-8.222139718773377,-0.6778602812266232
8881,-8.8,-8.274541170295883,-0.5254588297041174
8883,-8.5,-9.804228998421506,1.3042289984215056
8887,-9.0,-8.533141727702299,-0.46685827229770105
8888,-8.1,-9.188776914504214,1.0887769145042139
8890,-7.3,-7.578559877245812,0.27855987724581244
8897,-9.7,-9.924761131647735,0.22476113164773537
8910,-8.3,-9.602537593875025,1.3025375938750248
8911,-7.2,-8.190602998344813,0.990602998344813
8912,-11.3,-10.803427532108994,-0.4965724678910064
8916,-10.0,-9.409083850256204,-0.590916149743796
8919,-7.2,-7.6956019268871,0.49560192688710014
8934,-9.191,-9.54307455733354,0.3520745573335393
8937,-9.0,-8.715266605149655,-0.28473339485034543
8943,-11.1,-10.433799093331105,-0.6662009066688945
8944,-10.8,-10.049487374989413,-0.7505126250105878
8952,-9.6,-9.39216698794729,-0.20783301205270988
8955,-10.0,-9.901280563224597,-0.09871943677540251
8956,-10.1,-10.503475503215883,0.40347550321588344
8957,-9.7,-9.029443314244693,-0.6705566857553062
8963,-9.8,-11.863574064507926,2.0635740645079252
8970,-9.358,-9.208148185124761,-0.14985181487523924
8971,-9.411,-9.285033912969435,-0.1259660870305641
8974,-10.0,-9.615619238257356,-0.38438076174264424
8975,-10.5,-10.091224636915218,-0.40877536308478213
8988,-6.8,-6.396155129940618,-0.4038448700593822
8990,-9.6,-9.794612106566092,0.19461210656609218
8993,-10.0,-10.210520307761662,0.2105203077616622
8995,-6.6,-6.091666135422477,-0.5083338645775228
8998,-9.1,-8.121756132397666,-0.978243867602334
9000,-9.874,-10.240924243077743,0.36692424307774196
9010,-8.953,-8.18591013604033,-0.7670898639596686
9014,-8.795,-8.764168010249856,-0.030831989750144118
9015,-8.1,-8.800822043009875,0.7008220430098753
9029,-9.1,-9.231007427451344,0.13100742745134397
9032,-9.1,-9.378340713867097,0.278340713867097
9033,-12.1,-10.936927898049088,-1.1630721019509114
9036,-7.3,-7.852839433137651,0.5528394331376516
9050,-8.8,-9.783782724957954,0.9837827249579529
9056,-7.7,-8.158187746222222,0.45818774622222147
9069,-5.5,-5.920336732887162,0.42033673288716233
9085,-7.6,-7.18905835921735,-0.4109416407826494
9097,-10.6,-9.986282959222676,-0.613717040777324
9099,-7.7,-7.754401906491967,0.05440190649196719
9102,-8.7,-8.907310577896471,0.20731057789647167
9113,-10.3,-9.772985031735997,-0.5270149682640035
9115,-10.1,-9.87229139220311,-0.22770860779688995
9117,-6.4,-6.000230913098237,-0.39976908690176316
9120,-8.4,-8.539506827209529,0.13950682720952834
9125,-9.7,-9.94030772218235,0.24030772218235086
9128,-4.693,-4.507071551135974,-0.1859284488640256
9134,-10.5,-10.188196293621347,-0.31180370637865273
9145,-9.1,-10.212847198093288,1.112847198093288
9147,-10.7,-10.624307431291035,-0.07569256870896446
9156,-8.828,-9.914822104046019,1.0868221040460195
9176,-8.9,-8.393272313141793,-0.5067276868582073
9178,-7.9,-8.37731096556849,0.4773109655684902
9185,-8.2,-8.47726062784051,0.2772606278405103
9190,-7.6,-7.12868726276454,-0.4713127372354595
9193,-11.6,-10.912243471538092,-0.6877565284619074
9195,-9.6,-9.241899858872799,-0.3581001411272009
9201,-8.3,-8.856948690181353,0.5569486901813523
9205,-6.5,-6.111669944379762,-0.38833005562023803
9209,-7.8,-7.876766911589925,0.07676691158992544
9214,-9.7,-9.749518494602846,0.04951849460284663
9216,-6.6,-7.012231998877802,0.41223199887780204
9219,-8.9,-9.133494998469692,0.23349499846969124
9226,-6.0,-5.79463979156475,-0.20536020843525016
9230,-9.9,-9.968435193988832,0.06843519398883124
9236,-9.6,-9.345421136368909,-0.2545788636310906
9238,-10.0,-10.27656880790184,0.2765688079018407
9239,-7.5,-7.795688662653975,0.2956886626539754
9246,-9.4,-9.858145581558533,0.4581455815585329
9247,-10.8,-9.701924298734436,-1.0980757012655644
9259,-5.8,-5.941256787888118,0.14125678788811857
9263,-10.2,-9.845870166238143,-0.35412983376185636
9270,-7.5,-8.600147724208973,1.1001477242089734
9279,-10.2,-9.789309562417197,-0.41069043758280266
9283,-9.1,-8.469488779210167,-0.6305112207898329
9289,-9.3,-9.633777267318333,0.33377726731833235
9295,-9.2,-9.198014319061572,-0.0019856809384268814
9300,-10.4,-9.073578331019041,-1.3264216689809594
9301,-10.0,-10.809162004147275,0.8091620041472751
9304,-7.8,-8.38904994713026,0.5890499471302606
9305,-11.3,-10.960224703777005,-0.33977529622299585
9312,-6.9,-6.587126712021698,-0.3128732879783023
9316,-9.6,-9.523967296810335,-0.07603270318966437
9317,-12.5,-12.019055472197545,-0.4809445278024551
9320,-9.0,-10.180993871679714,1.1809938716797141
9325,-8.6,-10.248543793629226,1.6485437936292264
9330,-9.2,-9.758508072186663,0.5585080721866635
9346,-8.1,-8.818559896257371,0.7185598962573714
9363,-7.858,-8.389384288940976,0.5313842889409761
9365,-11.6,-10.858091617917545,-0.741908382082455
9380,-8.963,-9.471644662822655,0.5086446628226557
9384,-5.4,-5.1934841121777895,-0.20651588782221086
9387,-8.0,-8.634166263312057,0.634166263312057
9391,-8.8,-9.148592011292013,0.34859201129201267
9403,-8.5,-8.290684368458352,-0.20931563154164756
9408,-8.3,-8.232475669290151,-0.06752433070984942
9410,-10.8,-10.44517359941274,-0.35482640058726034
9414,-5.9,-4.977307049042235,-0.9226929509577655
9418,-6.9,-6.613582742690796,-0.2864172573092043
9419,-9.5,-9.112374847879527,-0.38762515212047255
9424,-10.1,-10.360721797365729,0.2607217973657292
9431,-11.0,-10.216912206889834,-0.7830877931101661
9445,-6.2,-6.6642573569313335,0.4642573569313333
9449,-12.4,-11.197694442318205,-1.202305557681795
9451,-9.7,-10.233387571970983,0.5333875719709837
9485,-11.0,-11.827101552382189,0.8271015523821887
9487,-6.8,-6.983516052114285,0.18351605211428534
9488,-9.3,-9.62872588207053,0.328725882070529
9493,-10.6,-10.573575024429397,-0.026424975570602527
9494,-9.8,-10.506415264086026,0.7064152640860257
9497,-10.02,-9.785069346356117,-0.23493065364388244
9507,-9.6,-9.193590413469547,-0.40640958653045267
9514,-7.3,-7.327596715343595,0.02759671534359498
9515,-7.871,-7.418567729863932,-0.4524322701360681
9528,-11.1,-10.873452393476073,-0.22654760652392625
9531,-8.2,-8.39377786193533,0.19377786193533098
9535,-9.436,-9.168211337651028,-0.2677886623489716
9538,-6.8,-7.015297024108039,0.21529702410803875
9543,-7.3,-8.104730170041243,0.8047301700412435
9553,-11.1,-10.422085617884076,-0.6779143821159241
9554,-11.44,-10.431965853102557,-1.008034146897442
9558,-7.5,-8.326731171956538,0.8267311719565384
9560,-10.0,-9.896462256955875,-0.10353774304412511
9565,-9.5,-9.799406807931387,0.29940680793138696
9568,-10.3,-9.953499006231661,-0.3465009937683394
9571,-11.4,-10.593470355026245,-0.8065296449737556
9581,-8.7,-9.308432925134868,0.6084329251348688
9582,-8.718,-8.470611989729186,-0.24738801027081436
9583,-9.8,-10.225254642909386,0.4252546429093851
9589,-9.847,-10.187908653779516,0.3409086537795165
9594,-9.6,-8.978706819264875,-0.6212931807351243
9596,-9.3,-9.260860344716349,-0.03913965528365182
9597,-10.9,-9.861237376982286,-1.038762623017714
9604,-10.3,-8.97160663613058,-1.32839336386942
9606,-9.0,-9.122782637754383,0.12278263775438347
9607,-9.4,-9.464079563185988,0.06407956318598806
9609,-7.5,-7.700531406979342,0.20053140697934158
9611,-5.3,-2.865433164324635,-2.4345668356753647
9614,-5.9,-6.154064140608395,0.2540641406083948
9616,-8.2,-8.900385532914292,0.700385532914293
9623,-7.0,-7.912977382200776,0.9129773822007756
9625,-9.0,-8.614270622920662,-0.38572937707933797
9626,-10.0,-10.788927661958407,0.7889276619584074
9634,-5.5,-6.213697489153472,0.7136974891534722
9644,-10.3,-10.551486480387478,0.25148648038747723
9647,-9.8,-8.683006115142222,-1.116993884857779
9649,-7.5,-7.432704545585835,-0.06729545441416462
9651,-8.0,-8.44948595834167,0.44948595834167016
9656,-9.8,-9.56501784561029,-0.23498215438971037
9657,-10.1,-9.62310590598067,-0.4768940940193289
9665,-5.7,-5.481389703235611,-0.21861029676438903
9671,-8.4,-7.96709211855817,-0.4329078814418308
9672,-8.1,-7.952493184623931,-0.1475068153760688
9679,-12.8,-10.84153166172395,-1.9584683382760506
9688,-8.1,-7.616137734340519,-0.48386226565948043
9690,-8.6,-8.095829355115002,-0.5041706448849972
9695,-8.3,-7.763297074597752,-0.5367029254022491
9698,-6.2,-6.186369283232015,-0.01363071676798544
9701,-7.1,-10.191073911872158,3.091073911872158
9703,-12.2,-10.814672732173209,-1.3853272678267903
9704,-10.04,-9.039471767671643,-1.0005282323283566
9714,-8.4,-9.144999094706487,0.7449990947064862
9715,-9.049,-8.666993384152425,-0.38200661584757434
9718,-7.0,-7.507935174595289,0.5079351745952891
9729,-6.6,-7.034079733157037,0.43407973315703696
9731,-8.0,-7.465606131915992,-0.5343938680840079
9735,-9.3,-9.213774593798075,-0.08622540620192609
9740,-8.9,-8.607880248849154,-0.292119751150846
9743,-6.6,-7.147894945037178,0.5478949450371786
9745,-9.7,-10.909943130505022,1.2099431305050228
9746,-8.9,-9.246468372623864,0.346468372623864
9751,-7.6,-8.280455282809218,0.6804552828092181
9758,-4.6,-3.9577461400434757,-0.642253859956524
9764,-7.0,-7.668386067759302,0.6683860677593021
9770,-9.6,-9.070248190038093,-0.5297518099619065
9771,-9.5,-9.654997879663833,0.15499787966383316
9780,-10.49,-10.561592429241049,0.0715924292410488
9785,-9.5,-9.317294371063317,-0.18270562893668263
9786,-10.4,-8.739074298057762,-1.6609257019422383
9796,-7.947,-9.045038653294487,1.0980386532944868
9800,-8.727,-10.621312609033238,1.8943126090332374
9806,-8.6,-7.989500648660075,-0.6104993513399251
9809,-5.2,-5.0098079577645835,-0.19019204223541664
9824,-8.9,-8.751904710251765,-0.14809528974823571
9837,-8.538,-9.182651268902047,0.6446512689020469
9838,-4.9,-2.4152331173360615,-2.484766882663939
9839,-9.3,-10.362272939212271,1.0622729392122707
9840,-8.6,-8.450466488802567,-0.14953351119743274
9849,-7.6,-7.66953940999861,0.06953940999860997
9857,-8.5,-8.857730672890279,0.3577306728902787
9859,-6.8,-6.980544979614829,0.18054497961482951
9875,-8.4,-7.000188393787214,-1.3998116062127863
9876,-7.5,-8.094851745233905,0.594851745233905
9878,-8.7,-8.817102995796661,0.11710299579666206
9880,-12.1,-11.304483937699342,-0.7955160623006581
9891,-8.9,-8.511157057716902,-0.3888429422830981
9895,-10.31,-8.977348725607234,-1.3326512743927665
9897,-9.7,-9.436365084428012,-0.2636349155719877
9898,-9.7,-9.29946695652059,-0.40053304347940966
9901,-11.3,-10.811496341372436,-0.4885036586275646
9915,-7.9,-7.95781232784604,0.0578123278460394
9917,-12.2,-11.457407417791437,-0.7425925822085624
9918,-11.9,-11.264924587181024,-0.635075412818976
9919,-8.0,-8.472237235516209,0.472237235516209
9921,-7.4,-7.397989980565988,-0.0020100194340120225
9922,-8.7,-8.954650501140252,0.25465050114025267
9931,-9.5,-8.873345808563986,-0.626654191436014
9932,-5.8,-6.438957079598491,0.6389570795984909
9947,-8.1,-7.920541544055077,-0.17945845594492305
9951,-9.7,-9.594252672280128,-0.10574732771987172
9955,-9.7,-9.335377580504485,-0.36462241949551455
9958,-11.6,-10.822598270556343,-0.7774017294436568
9965,-9.807,-9.401267439160138,-0.4057325608398621
9967,-9.1,-9.12317290765885,0.02317290765885005
9968,-7.3,-7.917177924276537,0.617177924276537
9969,-9.4,-8.840693322050528,-0.559306677949472
10004,-5.8,-6.554048212197295,0.7540482121972953
10005,-5.7,-5.671291721878844,-0.028708278121156283
10006,-7.8,-7.976005307618735,0.1760053076187349
10007,-8.5,-8.555698075816059,0.05569807581605879
10012,-11.5,-10.826254049504147,-0.673745950495853
10013,-10.22,-11.185529926975626,0.9655299269756252
10017,-9.8,-9.131771966346506,-0.6682280336534951
10025,-9.9,-9.423110664041277,-0.47688933595872385
10030,-6.946,-7.840170470980807,0.8941704709808072
10039,-10.8,-10.325647198858453,-0.47435280114154743
10041,-8.7,-9.082997958899941,0.38299795889994215
10046,-10.2,-9.579916538095064,-0.6200834619049349
10051,-9.1,-8.901973159050804,-0.1980268409491952
10053,-8.3,-8.275017081369466,-0.02498291863053481
10062,-9.4,-9.155087824131302,-0.2449121758686985
10070,-7.2,-7.819716449063941,0.6197164490639411
10086,-8.0,-8.157082709524667,0.1570827095246674
10092,-11.2,-10.778502716575638,-0.42149728342436177
10094,-5.8,-5.731779337545323,-0.06822066245467706
10095,-5.4,-4.534862136061026,-0.8651378639389744
10099,-8.3,-8.669694613745822,0.36969461374582124
10101,-5.1,-5.283358543235845,0.18335854323584577
10113,-11.15,-11.096837598912941,-0.05316240108705905
10115,-10.0,-10.020649531304805,0.02064953130480518
10117,-6.9,-7.714587047677696,0.814587047677696
10135,-8.239,-8.383414001364253,0.1444140013642521
10140,-7.8,-8.64471760287028,0.8447176028702801
10142,-10.35,-10.316502382306545,-0.033497617693454274
10151,-8.2,-8.104700525241597,-0.09529947475840217
10153,-10.4,-9.906461042853442,-0.4935389571465585
10154,-10.3,-9.399851675079649,-0.9001483249203517
10159,-9.7,-9.737137751990613,0.03713775199061331
10163,-9.0,-8.803556441413313,-0.1964435585866866
10168,-10.7,-9.452408000091495,-1.2475919999085043
10179,-9.6,-9.916834076596244,0.3168340765962441
10180,-10.5,-11.249066938337029,0.7490669383370285
10187,-6.8,-8.792818987497753,1.9928189874977535
10190,-8.5,-9.26499674525136,0.7649967452513593
10193,-8.4,-9.168133834942667,0.7681338349426667
10196,-8.3,-8.52717207436536,0.22717207436535958
10198,-9.288,-9.18361411836794,-0.10438588163206042
10199,-9.8,-10.371568118631835,0.5715681186318342
10219,-7.4,-8.544015571797619,1.1440155717976186
10221,-10.06,-9.776407572964656,-0.2835924270353445
10222,-9.3,-9.060059074217925,-0.2399409257820757
10226,-7.0,-6.697243635499097,-0.3027563645009028
10228,-9.3,-9.22765512172168,-0.07234487827832048
10242,-7.2,-7.221496042952786,0.021496042952786176
10250,-7.1,-7.6771259253687605,0.5771259253687608
10258,-8.7,-9.176718940725978,0.47671894072597887
10260,-10.6,-10.13681523312263,-0.46318476687736876
10271,-11.33,-10.874381313647259,-0.45561868635274116
10272,-9.8,-10.035658885749417,0.23565888574941596
10274,-7.4,-8.590012266724498,1.190012266724498
10276,-10.41,-10.040254990563277,-0.3697450094367234
10279,-10.8,-10.181917534960476,-0.6180824650395245
10282,-10.0,-8.866021274317218,-1.1339787256827822
10283,-9.1,-9.451813953605518,0.35181395360551804
10288,-7.9,-8.66301565956461,0.7630156595646103
10290,-8.7,-8.97866719813943,0.27866719813943064
10292,-11.8,-10.122525514500502,-1.6774744854994985
10294,-8.8,-8.584541536782845,-0.21545846321715523
10299,-10.8,-10.809165956183652,0.009165956183650792
10301,-8.1,-8.366834032251385,0.2668340322513849
10306,-9.3,-8.4980128235191,-0.8019871764809015
10309,-10.2,-10.028522107320189,-0.1714778926798104
10312,-9.714,-9.92852447401226,0.2145244740122596
10317,-12.2,-10.534105818434508,-1.6658941815654913
10322,-10.8,-10.25706258561298,-0.5429374143870209
10325,-9.1,-8.349002651990377,-0.7509973480096228
10326,-10.6,-10.220480494021984,-0.3795195059780152
10327,-8.7,-9.241058504100664,0.5410585041006648
10329,-8.5,-8.326298681370258,-0.17370131862974247
10334,-7.3,-7.824350544671747,0.5243505446717469
10335,-8.428,-10.326926208047968,1.8989262080479676
10343,-8.7,-9.133298139141779,0.4332981391417796
10346,-8.8,-8.331003702839078,-0.4689962971609223
10353,-8.5,-8.708438460691129,0.20843846069112892
10363,-8.6,-10.271084668814414,1.671084668814414
10367,-9.1,-9.641310893890749,0.5413108938907492
10369,-4.4,-3.1676150235507308,-1.2323849764492696
10379,-9.9,-9.596878761556646,-0.3031212384433548
10388,-8.4,-8.795573573782907,0.39557357378290625
10389,-5.8,-6.239108507594473,0.4391085075944732
10390,-9.7,-10.097775242746616,0.3977752427466168
10392,-8.3,-7.881589614823143,-0.41841038517685814
10395,-8.2,-8.244499731992526,0.0444997319925271
10408,-10.3,-9.4067172111363,-0.8932827888637007
10413,-7.8,-7.703308683386451,-0.09669131661354857
10414,-10.2,-10.067274233607542,-0.1327257663924577
10418,-10.4,-10.003919633691176,-0.3960803663088246
10420,-8.0,-8.126848932453331,0.1268489324533313
10423,-8.8,-8.150074590170545,-0.6499254098294553
10427,-7.5,-7.528006032443907,0.028006032443906648
10430,-10.32,-9.767020390018908,-0.552979609981092
10432,-5.976,-5.687435142975589,-0.2885648570244106
10440,-7.2,-7.308474783870587,0.1084747838705864
10441,-10.88,-10.630617334140412,-0.24938266585958857
10447,-7.5,-7.943519156450457,0.44351915645045725
10454,-8.7,-8.186237960455658,-0.513762039544341
10459,-9.7,-9.383981668392224,-0.3160183316077756
10463,-11.3,-9.799020585378651,-1.5009794146213498
10466,-10.6,-10.18718925643561,-0.41281074356438907
10468,-5.4,-6.245070783917493,0.8450707839174925
10471,-11.1,-10.433361255796328,-0.6666387442036719
10473,-9.2,-8.710456819348934,-0.48954318065106506
10479,-9.5,-9.250172741446413,-0.24982725855358723
10480,-9.31,-9.841071250165347,0.531071250165347
10496,-8.0,-8.758851301467331,0.758851301467331
10499,-9.7,-10.151785806309514,0.45178580630951437
10501,-7.557,-7.3714693107987515,-0.18553068920124893
10516,-7.8,-8.017489419094536,0.21748941909453645
10522,-8.2,-8.15056445807245,-0.049435541927548954
10540,-8.4,-9.159898598701705,0.7598985987017048
10544,-8.7,-8.831427209032665,0.13142720903266536
10546,-9.2,-8.124031302790286,-1.0759686972097136
10547,-10.71,-10.844115125584151,0.13411512558415062
10553,-8.9,-8.878604293063413,-0.021395706936587544
10558,-9.0,-9.2999967906907,0.2999967906907006
10588,-7.0,-8.216149752980785,1.216149752980785
10597,-10.0,-10.059683928574598,0.059683928574598255
10606,-9.6,-10.517562576496616,0.917562576496616
10609,-8.769,-9.361200123741583,0.5922001237415824
10625,-11.1,-10.41682358195722,-0.6831764180427804
10640,-8.016,-8.201262731304721,0.18526273130472148
10641,-10.6,-10.972921429461863,0.37292142946186324
10642,-9.5,-9.75959492044764,0.25959492044763977
10652,-8.461,-9.533307220724247,1.0723072207242463
10669,-4.7,-3.6204804467579885,-1.0795195532420117
10680,-5.1,-7.2139018722462716,2.113901872246272
10685,-8.1,-8.770633934325671,0.6706339343256715
10687,-6.9,-7.894307614120729,0.9943076141207285
10689,-8.3,-8.930088418392188,0.6300884183921873
10690,-5.9,-7.636747309788623,1.7367473097886226
10692,-10.96,-9.862717930441967,-1.0972820695580339
10700,-11.6,-9.785061861451851,-1.8149381385481487
10705,-9.6,-9.139458729889334,-0.4605412701106655
10708,-8.5,-8.573577347106642,0.07357734710664232
10717,-9.6,-9.23748777402392,-0.36251222597607935
10718,-9.8,-10.64198789801979,0.8419878980197897
10719,-10.14,-10.454470526762327,0.31447052676232623
10728,-7.6,-7.412326586040823,-0.18767341395917647
10737,-8.711,-9.818970033939557,1.1079700339395568
10739,-9.5,-9.799741669749933,0.2997416697499329
10747,-10.43,-10.977939836922975,0.5479398369229749
10749,-9.4,-9.0846778213535,-0.31532217864650036
10758,-8.4,-8.516728976303048,0.11672897630304746
10764,-7.3,-9.022258997385014,1.7222589973850146
10766,-9.9,-9.397516287890731,-0.5024837121092691
10769,-8.6,-9.965298935339819,1.365298935339819
10776,-7.7,-8.33478201642941,0.6347820164294093
10786,-9.0,-8.951708428167633,-0.0482915718323671
10787,-5.9,-6.524696073611892,0.6246960736118918
10803,-8.3,-7.9392583454283745,-0.3607416545716262
10810,-8.3,-8.726351549255567,0.42635154925556584
10812,-9.2,-9.679973370835944,0.4799733708359444
10824,-7.0,-6.648539066713383,-0.3514609332866172
10826,-6.9,-6.407581873569444,-0.4924181264305565
10832,-7.231,-6.512271374061857,-0.7187286259381427
10838,-9.2,-8.111233280149053,-1.0887667198509465
10840,-8.8,-9.072003448550944,0.2720034485509437
10843,-8.1,-7.437476878446894,-0.6625231215531056
10844,-7.9,-7.481767699051837,-0.418232300948163
10864,-10.4,-9.539456145726348,-0.8605438542736525
10869,-9.1,-9.32558661628239,0.2255866162823903
10872,-10.1,-10.109679927582878,0.009679927582878278
10875,-11.7,-10.29658782885713,-1.40341217114287
10883,-9.9,-9.788441805372132,-0.11155819462786809
10884,-9.0,-8.89812780058616,-0.10187219941384029
10887,-10.1,-10.15723990275046,0.0572399027504602
10889,-9.9,-10.06605291255393,0.16605291255392984
10896,-9.5,-10.158968051360551,0.6589680513605511
10902,-8.5,-8.370446966293052,-0.12955303370694793
10905,-9.552,-9.74201704827899,0.19001704827899069
10907,-8.6,-8.525754748160818,-0.07424525183918185
10915,-10.8,-10.080794089037994,-0.7192059109620068
10916,-8.7,-9.535455846616156,0.8354558466161564
10917,-8.3,-9.104393290410652,0.8043932904106512
10926,-8.2,-8.745702980500502,0.5457029805005025
10928,-9.6,-9.619470791172027,0.019470791172027546
10929,-10.0,-10.34893109854086,0.34893109854085935
10930,-6.108,-8.614707399669113,2.5067073996691134
10933,-13.5,-12.125722480723192,-1.3742775192768075
10941,-9.2,-9.179753953518244,-0.020246046481755542
10945,-7.4,-8.252319998044639,0.8523199980446385
10952,-9.909,-9.465161458023536,-0.443838541976465
10954,-10.2,-10.10809093379118,-0.09190906620881911
10967,-10.2,-9.651072703116448,-0.5489272968835515
10974,-6.5,-6.315890873645369,-0.18410912635463106
10976,-10.1,-10.234346519241992,0.13434651924199237
10978,-10.0,-9.397194485969036,-0.6028055140309636
10980,-9.0,-8.3857256887474,-0.6142743112526006
10983,-11.1,-10.409545451831049,-0.690454548168951
10987,-8.6,-8.777773985350358,0.17777398535035793
10995,-6.3,-6.197352527077657,-0.10264747292234322
10996,-9.0,-8.576207034707789,-0.4237929652922112
10998,-10.9,-10.403375171697853,-0.4966248283021475
11004,-11.0,-10.439380941983313,-0.5606190580166874
11012,-7.3,-8.878057555711102,1.5780575557111023
11019,-6.8,-7.832043288266974,1.0320432882669746
11023,-8.5,-8.641751602809,0.14175160280900023
11025,-8.3,-8.471218784996752,0.1712187849967517
11031,-7.9,-8.121099351049555,0.22109935104955447
11040,-12.0,-10.855513919578883,-1.1444860804211174
11061,-9.3,-10.089226260195412,0.7892262601954112
11062,-9.9,-9.645981224918167,-0.2540187750818337
11072,-10.4,-10.07280809422875,-0.3271919057712509
11075,-9.5,-9.447639858959809,-0.052360141040191266
11082,-10.16,-10.3084503041938,0.14845030419379945
11085,-9.2,-10.050678080861307,0.8506780808613073
11090,-6.5,-8.622363655288991,2.122363655288991
11092,-9.2,-8.653331656884278,-0.5466683431157211
11093,-9.556,-8.63433875583323,-0.9216612441667689
11095,-7.9,-8.260544371224178,0.3605443712241776
11098,-6.426,-6.094239171885012,-0.3317608281149882
11106,-9.9,-10.104819197031587,0.20481919703158624
11113,-10.0,-9.892180480525774,-0.10781951947422641
11114,-9.4,-9.534922978065888,0.13492297806588738
11120,-7.3,-8.674251793411054,1.3742517934110543
11132,-8.0,-7.936329194987882,-0.06367080501211841
11146,-10.8,-10.034884939907483,-0.7651150600925174
11147,-7.8,-8.20396119321522,0.4039611932152196
11152,-9.3,-9.979487387740765,0.6794873877407639
11153,-4.7,-4.631015466122708,-0.06898453387729209
11155,-6.9,-6.670246486200167,-0.22975351379983344
11159,-7.4,-7.671006745528373,0.27100674552837223
11161,-7.7,-8.160402740670447,0.46040274067044695
11162,-9.6,-9.59572916939275,-0.004270830607250531
11163,-9.7,-9.921596446746545,0.22159644674654544
11166,-10.3,-10.332200437002076,0.03220043700207498
11168,-10.37,-9.680187260009259,-0.6898127399907406
11173,-7.4,-7.954517014811342,0.5545170148113421
11177,-11.1,-10.271599954088448,-0.8284000459115521
11178,-8.4,-8.609048708636761,0.20904870863676095
11179,-7.1,-7.214277381680604,0.11427738168060397
11190,-8.8,-9.104365230483372,0.3043652304833717
11201,-10.7,-10.080683005153862,-0.6193169948461374
11210,-9.9,-9.165651536464827,-0.7343484635351736
11214,-8.2,-8.048348517704301,-0.1516514822956978
11220,-7.4,-7.164113473091609,-0.2358865269083914
11222,-8.6,-9.529207092660634,0.9292070926606346
11227,-7.911,-7.7325646192813196,-0.17843538071868004
11234,-9.5,-10.151367422467796,0.6513674224677963
11235,-7.1,-8.536129691356347,1.4361296913563475
11239,-7.7,-9.068960830135651,1.3689608301356513
11241,-9.8,-9.692417729123937,-0.10758227087606365
11242,-10.08,-9.645710433957488,-0.4342895660425121
11244,-10.98,-10.82488482849494,-0.15511517150506116
11247,-8.5,-8.846207840389278,0.3462078403892779
11252,-11.0,-10.217130317180136,-0.7828696828198645
11263,-9.4,-9.702538263496976,0.30253826349697555
11268,-10.9,-10.903548011217543,0.003548011217542779
11287,-10.6,-9.824992380754935,-0.7750076192450646
11288,-7.3,-7.691979303819105,0.39197930381910506
11294,-5.6,-6.36119769127726,0.7611976912772604
11304,-8.7,-7.705805127589343,-0.994194872410656
11311,-10.0,-9.799337839256578,-0.20066216074342158
11312,-8.5,-9.17215991587724,0.6721599158772396
11314,-5.4,-4.608196577395605,-0.7918034226043957
11318,-9.1,-8.630336111568313,-0.46966388843168616
11319,-10.7,-9.510256707326338,-1.1897432926736613
11321,-8.2,-8.277812320639084,0.07781232063908483
11325,-9.6,-9.232264410228822,-0.3677355897711774
11329,-7.8,-8.216500056890316,0.41650005689031655
11341,-8.9,-9.10770563010498,0.20770563010498044
11351,-8.4,-8.931662306893363,0.531662306893363
11352,-9.2,-9.020441098983236,-0.17955890101676353
11357,-10.0,-9.69973105725674,-0.3002689427432603
