LIGAND_NAME,Hydrogen_bonds,Hydrogen_bond_distance,Hydrophobic_bonds,Hydrophobic_bond_distance
minimized_CNP0130566.2_docked_1,VAL463 | ILE416 | LEU557 | VAL512 | VAL465 | VAL561 | THR560 | ARG326 | VAL465,3.14 | 3.20 | 2.87 | 2.76 | 2.90 | 3.29 | 3.14 | 2.81 | 3.08,TYR525 | TYR572 | SER555 | TYR525 | TYR525 | ARG415 | ALA556 | ALA556 | GLY509 | GLY509 | GLY462 | ARG415 | ARG415 | ARG326 | VAL369 | VAL420 | VAL420 | THR560 | ALA556 | GLY462 | ARG415 | ARG415 | ARG415 | GLY509 | GLY509 | GLY464 | VAL463 | GLY464 | VAL463,3.83 | 3.75 | 3.34 | 3.78 | 3.75 | 3.73 | 3.11 | 3.70 | 3.71 | 3.79 | 3.82 | 3.85 | 3.62 | 3.89 | 3.47 | 3.81 | 3.63 | 3.89 | 3.86 | 3.88 | 3.65 | 3.48 | 3.39 | 3.81 | 3.17 | 3.67 | 3.53 | 2.99 | 3.65
minimized_CNP0130566.2_docked_2,ILE416 | LEU557 | VAL465 | ARG326 | THR560 | VAL465,3.06 | 2.94 | 2.97 | 3.09 | 3.07 | 3.11,TYR572 | SER555 | TYR525 | TYR525 | ARG415 | ALA556 | ALA556 | ARG415 | ARG415 | ARG415 | HIS562 | VAL608 | ALA607 | CYS368 | ILE559 | ILE559 | GLY603 | ALA556 | ALA556 | ALA556 | ARG415 | ARG415 | ARG415 | GLY364 | GLY509 | VAL463 | GLY462 | GLY464 | VAL463 | ILE559,3.85 | 3.56 | 3.73 | 3.74 | 3.69 | 3.22 | 3.90 | 3.79 | 3.68 | 3.42 | 3.80 | 3.63 | 3.76 | 3.70 | 3.62 | 3.89 | 3.46 | 3.72 | 3.90 | 3.57 | 3.59 | 3.71 | 3.50 | 3.72 | 3.54 | 3.62 | 3.84 | 3.28 | 3.54 | 3.64
minimized_CNP0130566.2_docked_3,ILE416 | LEU557 | VAL465 | VAL465,3.08 | 2.96 | 2.95 | 3.09,TYR525 | TYR572 | SER555 | TYR525 | TYR525 | ARG415 | ALA556 | ALA556 | ARG415 | ARG415 | VAL467 | VAL467 | VAL467 | ILE559 | ILE559 | GLY603 | ALA556 | ALA556 | ARG415 | ARG415 | ARG415 | GLY364 | GLY509 | VAL463 | GLY462 | GLY464 | VAL463,3.88 | 3.78 | 3.51 | 3.70 | 3.74 | 3.86 | 3.19 | 3.84 | 3.71 | 3.51 | 3.72 | 3.90 | 3.84 | 3.85 | 3.88 | 3.51 | 3.73 | 3.60 | 3.48 | 3.59 | 3.45 | 3.86 | 3.45 | 3.60 | 3.82 | 3.26 | 3.52
minimized_CNP0130566.2_docked_4,VAL418,3.21,VAL420 | CYS513 | CYS513 | CYS513 | PHE577 | TYR572 | TYR572 | TYR334 | TYR572 | TYR572 | GLY603 | ALA556 | GLY509 | ARG415 | ARG415 | ARG415 | ALA556 | ARG415 | VAL418 | ILE559 | GLY558 | GLY462 | GLY462 | ARG415 | ARG415,3.64 | 3.85 | 3.53 | 3.78 | 3.64 | 3.73 | 3.89 | 3.50 | 3.69 | 3.76 | 3.67 | 3.72 | 3.73 | 3.83 | 3.46 | 3.89 | 3.58 | 3.57 | 3.78 | 3.87 | 3.50 | 3.85 | 3.43 | 3.84 | 3.83
minimized_CNP0130566.2_docked_5,GLY367 | VAL512 | VAL418,3.19 | 3.26 | 3.11,VAL420 | VAL467 | VAL467 | ALA466 | CYS513 | CYS513 | TYR572 | TYR572 | PHE577 | ALA556 | GLY509 | GLY462 | GLY603 | ARG415 | GLY364 | ALA556 | GLY509 | ALA556 | ARG415 | ARG415 | ARG415 | ALA556 | ALA556 | VAL465 | VAL418 | ILE559 | GLY558,3.49 | 3.85 | 3.54 | 3.89 | 3.71 | 3.74 | 3.54 | 3.62 | 3.84 | 3.26 | 3.54 | 3.77 | 3.86 | 3.89 | 3.66 | 3.73 | 3.89 | 3.77 | 3.67 | 3.36 | 3.28 | 3.69 | 3.74 | 3.86 | 3.57 | 3.88 | 3.75
minimized_CNP0130566.2_docked_6,ARG326 | VAL512 | GLN530 | ILE559,2.87 | 2.93 | 2.88 | 3.17,VAL369 | VAL369 | ALA607 | CYS368 | CYS368 | TYR572 | TYR572 | TYR525 | ALA556 | GLY509 | GLY462 | GLY603 | ALA556 | GLY364 | ALA556 | ALA556 | ARG415 | ARG415 | ARG415 | ALA556 | ALA556 | ILE559 | ILE559 | GLY464 | GLY417 | GLY603 | GLY603 | ALA556 | ALA556 | ALA556,3.84 | 3.87 | 3.74 | 3.46 | 3.70 | 3.22 | 3.84 | 3.63 | 3.74 | 3.72 | 3.69 | 3.37 | 3.86 | 3.66 | 3.65 | 3.73 | 3.86 | 3.28 | 3.25 | 3.18 | 3.41 | 3.85 | 3.64 | 3.87 | 3.46 | 3.79 | 3.36 | 3.67 | 3.75 | 3.77
minimized_CNP0130566.2_docked_7,ILE416 | LEU557 | VAL465 | THR560 | VAL465,3.08 | 2.95 | 2.70 | 2.83 | 3.01,TYR572 | TYR572 | SER555 | TYR525 | TYR525 | TYR525 | ALA556 | ALA556 | ARG415 | ARG415 | ALA556 | ARG415 | ARG415 | VAL514 | VAL561 | VAL561 | CYS513 | CYS513 | ALA466 | GLY603 | ALA556 | ALA556 | ARG415 | ARG415 | ARG415 | GLY364 | ALA556 | GLY509 | VAL463 | GLY462 | GLY464 | VAL463,3.75 | 3.77 | 3.77 | 3.85 | 3.72 | 3.73 | 2.98 | 3.57 | 3.46 | 3.69 | 3.84 | 3.75 | 3.47 | 3.84 | 3.88 | 3.55 | 3.69 | 3.43 | 3.66 | 3.33 | 3.88 | 3.81 | 3.38 | 3.55 | 3.40 | 3.69 | 3.89 | 3.58 | 3.73 | 3.79 | 3.38 | 3.52
minimized_CNP0130566.2_docked_8,SER508 | LEU557 | VAL606 | GLY367 | GLY372 | GLY371 | ARG326 | VAL606 | GLY367 | VAL512,3.03 | 2.79 | 2.80 | 2.86 | 2.84 | 3.02 | 3.25 | 3.11 | 3.35 | 3.32,ILE461 | ARG415 | GLY509 | ALA556 | ARG415 | ALA556 | GLY509 | ALA556 | ALA556 | GLY462 | GLY462 | ARG415 | ARG415 | GLY462 | ARG415 | ARG415 | ARG415 | ARG415 | VAL420 | VAL420 | GLY605 | GLY605 | ALA366,3.89 | 3.83 | 3.27 | 3.85 | 3.65 | 3.88 | 3.69 | 3.18 | 3.60 | 3.86 | 2.83 | 3.52 | 3.37 | 3.42 | 3.72 | 3.31 | 3.55 | 3.21 | 3.66 | 3.78 | 3.85 | 3.50 | 3.66
minimized_CNP0130566.2_docked_9,ARG326 | VAL467 | VAL418 | VAL463 | ILE416 | SER555 | VAL514,2.98 | 3.29 | 2.87 | 3.05 | 3.00 | 3.25 | 3.07,GLN563 | PRO322 | ARG415 | GLY462 | ARG415 | ARG415 | ARG415 | GLY509 | GLY462 | ALA556 | GLY509 | ALA556 | ARG415 | ARG415 | GLY509 | GLY509 | GLY462 | GLY603 | GLY603 | GLY364 | GLY364 | GLY558 | VAL514 | VAL514 | ILE559 | ILE559,3.75 | 3.72 | 3.62 | 3.11 | 3.66 | 3.40 | 3.50 | 3.09 | 3.60 | 3.40 | 3.72 | 3.12 | 3.41 | 3.77 | 3.75 | 3.38 | 3.76 | 3.89 | 3.82 | 3.81 | 3.73 | 3.48 | 3.75 | 3.88 | 3.73 | 3.38
minimized_CNP0130566.3_docked_1,VAL418 | GLN563 | ARG326,2.96 | 3.28 | 2.79,GLY603 | GLY603 | ALA556 | ALA556 | GLY558 | ALA466 | ALA466 | VAL467 | VAL467 | VAL608 | ALA607 | ALA607 | VAL608 | VAL561 | VAL561 | VAL561,3.89 | 3.52 | 3.61 | 3.79 | 3.52 | 3.75 | 3.78 | 3.58 | 3.90 | 3.70 | 3.71 | 3.73 | 3.75 | 3.73 | 3.66 | 3.81
minimized_CNP0130566.3_docked_2,VAL418 | GLN563 | ARG326,2.83 | 3.31 | 2.80,GLY509 | VAL463 | GLY462 | GLY417 | ALA466 | VAL467 | VAL608 | ALA607 | ALA607 | VAL608 | VAL561 | VAL561 | VAL561,3.74 | 3.81 | 3.64 | 3.62 | 3.66 | 3.62 | 3.68 | 3.77 | 3.75 | 3.74 | 3.65 | 3.68 | 3.86
minimized_CNP0130566.3_docked_3,VAL606 | ILE559,2.78 | 2.74,GLY364 | GLY364 | ALA556 | ALA556 | GLY509 | GLY509 | GLY509 | GLY464 | GLY464 | ILE559 | VAL418 | CYS368 | GLY367 | VAL369 | VAL369 | CYS513 | ALA466 | VAL514 | VAL467 | VAL467 | VAL467,3.74 | 3.80 | 3.84 | 3.51 | 3.90 | 3.84 | 3.60 | 3.50 | 3.86 | 3.58 | 3.74 | 3.79 | 3.81 | 3.62 | 3.42 | 3.76 | 3.89 | 3.66 | 3.50 | 3.74 | 3.74
minimized_CNP0130566.3_docked_4,VAL606 | THR560 | ILE559 | ASN469,2.90 | 3.09 | 2.71 | 3.12,GLY603 | GLY603 | ALA556 | ALA556 | ALA607 | CYS368 | CYS368 | VAL369 | VAL369 | VAL369 | VAL514 | VAL514 | VAL514 | VAL514 | VAL467 | VAL467,3.90 | 3.56 | 3.63 | 3.84 | 3.79 | 3.89 | 3.58 | 3.89 | 3.54 | 3.53 | 3.73 | 3.79 | 3.76 | 3.87 | 3.79 | 3.84
minimized_CNP0130566.3_docked_5,ILE559 | VAL512 | VAL420,3.13 | 3.30 | 3.22,GLY603 | LEU557 | ALA556 | ILE559 | ILE559 | ALA366 | ALA607 | THR560 | VAL608 | VAL608 | VAL608 | ARG326 | VAL467 | VAL467 | VAL467 | VAL467 | VAL420 | VAL420 | VAL420 | VAL420 | VAL420 | VAL420,3.83 | 3.81 | 3.79 | 3.44 | 3.70 | 3.86 | 3.69 | 3.84 | 3.82 | 3.36 | 3.66 | 3.83 | 3.70 | 3.48 | 3.90 | 3.90 | 3.45 | 3.86 | 3.48 | 3.82 | 3.79 | 3.58
minimized_CNP0130566.3_docked_6,VAL512 | VAL465 | GLN563,2.75 | 2.71 | 3.05,ALA556 | ALA510 | GLY509 | ALA366 | ALA366 | THR560 | GLN563 | PRO322 | PRO322 | GLN563 | VAL561 | ARG326 | PRO322 | VAL420 | VAL369 | VAL369 | VAL369 | VAL369 | VAL369,3.86 | 3.70 | 3.75 | 3.80 | 3.54 | 3.33 | 3.70 | 3.73 | 3.89 | 3.87 | 3.57 | 3.61 | 3.55 | 3.73 | 3.75 | 3.72 | 3.48 | 3.68 | 3.81
minimized_CNP0130566.3_docked_7,GLY564 | GLN563 | GLY564,3.35 | 3.22 | 3.02,GLY464 | GLY605 | GLY558 | ILE559 | VAL418 | ALA366 | ILE559 | VAL467 | VAL514 | LEU468 | VAL561 | VAL561 | VAL561 | VAL561 | VAL561 | VAL561,3.76 | 3.78 | 3.71 | 3.40 | 3.78 | 3.66 | 3.62 | 3.52 | 3.73 | 3.65 | 3.89 | 3.72 | 3.69 | 3.85 | 3.71 | 3.74
minimized_CNP0130566.3_docked_8,VAL465 | VAL608 | VAL608,2.97 | 2.73 | 2.94,GLY464 | ALA366 | ALA466 | GLY419 | VAL514 | LEU468 | LEU468 | LEU468 | VAL561 | VAL561 | VAL561 | VAL561 | HIS516 | LEU515 | VAL561,3.70 | 3.62 | 3.51 | 3.74 | 3.75 | 3.85 | 3.80 | 3.88 | 3.86 | 3.69 | 3.82 | 3.57 | 3.61 | 3.90 | 3.87
minimized_CNP0130566.3_docked_9,THR560 | ASN469 | ARG470,2.72 | 3.11 | 2.98,ALA366 | ALA366 | ILE559 | GLY511 | GLY511 | GLY464 | CYS368 | CYS368 | VAL420 | VAL420 | ARG470,3.60 | 3.82 | 3.82 | 3.65 | 3.89 | 3.75 | 3.84 | 3.89 | 3.64 | 3.68 | 3.80
minimized_CNP0132314.0_docked_1,GLN563 | ARG326 | ARG326 | ARG326 | VAL467 | VAL467 | LEU557 | VAL463 | VAL606 | ILE559,2.88 | 3.09 | 2.80 | 3.10 | 3.15 | 2.78 | 2.93 | 2.74 | 3.18 | 3.27,HIS562 | HIS562 | VAL561 | VAL561 | VAL514 | ILE559 | ILE559,3.85 | 3.77 | 3.64 | 3.88 | 3.35 | 3.67 | 3.87
minimized_CNP0132314.0_docked_2,ARG326 | ARG326 | VAL604 | VAL463 | VAL606,3.28 | 3.25 | 2.75 | 2.71 | 3.07,VAL561 | VAL561 | VAL514 | ALA466 | VAL418,3.62 | 3.66 | 3.80 | 3.85 | 3.78
minimized_CNP0132314.0_docked_3,GLY423 | ASP422 | VAL608 | THR560 | ILE416 | LEU557 | VAL418 | THR560,3.32 | 3.00 | 2.93 | 3.15 | 2.79 | 2.71 | 3.09 | 3.22,ARG470 | VAL420 | VAL420 | THR560 | CYS513 | ILE559 | CYS513,3.73 | 3.86 | 3.56 | 3.60 | 3.78 | 3.86 | 3.80
minimized_CNP0132314.0_docked_4,ARG326 | ARG326 | VAL467 | VAL467 | VAL606 | GLY367,2.83 | 2.92 | 2.75 | 2.85 | 3.14 | 2.97,VAL369 | VAL369 | VAL369 | VAL467,3.76 | 3.78 | 3.66 | 3.81
minimized_CNP0132314.0_docked_5,VAL608 | THR560 | ILE416 | LEU557 | VAL418 | THR560,2.94 | 2.93 | 2.77 | 2.73 | 3.08 | 3.30,ARG470 | VAL467 | VAL467 | VAL467,3.64 | 3.78 | 3.62 | 3.81
minimized_CNP0132314.0_docked_6,ARG470 | VAL561 | THR560 | ALA510 | VAL606 | GLY367,3.16 | 2.94 | 3.11 | 2.98 | 3.24 | 3.13,ARG470 | VAL467 | VAL467 | CYS513 | ILE559,3.32 | 3.51 | 3.58 | 3.65 | 3.76
minimized_CNP0132314.0_docked_7,ARG326 | ARG326 | ALA510 | VAL604 | LEU365 | VAL512,3.20 | 2.97 | 2.71 | 2.87 | 2.73 | 2.86,HIS562 | VAL561 | GLY464 | ILE559,3.84 | 3.74 | 3.83 | 3.83
minimized_CNP0132314.0_docked_8,LEU365 | VAL606 | GLY367 | ARG326 | ARG326,2.85 | 3.10 | 3.08 | 2.85 | 3.32,CYS513 | CYS513 | VAL420 | VAL369 | VAL369 | VAL420 | VAL420 | VAL420 | VAL420,3.52 | 3.89 | 3.80 | 3.72 | 3.77 | 3.84 | 3.59 | 3.73 | 3.58
minimized_CNP0132314.0_docked_9,VAL463 | LEU557 | VAL606 | ILE559 | HIS516,2.91 | 3.10 | 3.32 | 3.33 | 3.22,VAL418 | CYS368 | VAL561 | VAL561 | VAL561 | VAL561 | VAL561 | VAL514,3.78 | 3.75 | 3.74 | 3.85 | 3.82 | 3.81 | 3.44 | 3.66
minimized_CNP0132325.1_docked_1,ILE416 | SER555 | ALA510 | VAL604 | LEU365 | THR560,3.15 | 3.00 | 3.05 | 3.07 | 2.91 | 2.83,ALA556 | ARG415 | ARG415 | GLY509 | ALA556 | VAL467 | VAL467 | VAL467 | ALA466 | CYS513 | ALA466 | ILE559 | GLY464 | ILE559 | GLY509 | GLY462 | ARG415,3.54 | 3.42 | 3.58 | 3.40 | 3.83 | 3.81 | 3.38 | 3.55 | 3.75 | 3.87 | 3.87 | 3.78 | 3.29 | 3.58 | 3.68 | 3.84 | 3.77
minimized_CNP0132325.1_docked_2,GLN563 | HIS562 | ARG326 | ARG326 | VAL606 | GLY367 | ILE559 | VAL512,3.12 | 3.14 | 2.98 | 2.93 | 2.84 | 3.08 | 3.29 | 2.61,VAL608 | GLY603 | ALA556 | ALA556 | ARG415 | GLY603 | ARG415 | GLY364 | ARG415 | GLY511 | ALA556 | GLY509 | GLY509 | ARG415 | ARG415 | ARG415 | GLY364 | GLY364 | ARG415 | GLY364 | GLY364 | GLY462 | VAL463 | ALA366 | GLY419 | VAL561 | VAL561,3.72 | 3.71 | 3.63 | 3.85 | 3.73 | 3.57 | 3.87 | 3.39 | 3.67 | 3.77 | 3.82 | 3.60 | 3.27 | 3.85 | 3.32 | 3.07 | 3.76 | 3.78 | 3.77 | 3.68 | 3.82 | 3.85 | 3.83 | 3.89 | 3.86 | 3.84 | 3.71
minimized_CNP0132325.1_docked_3,ASP422 | VAL467 | VAL467 | VAL467 | VAL465 | VAL418,3.05 | 3.09 | 3.26 | 3.18 | 2.83 | 2.87,ARG470 | VAL467 | VAL467 | GLY509 | ALA556 | ARG415 | GLY509 | GLY462 | GLY417 | GLY462 | GLY462 | ARG415 | GLY603 | GLY603 | ALA556 | ALA556 | ILE416 | ILE559 | GLY511 | ALA366 | ILE559 | ILE559 | CYS513 | CYS513,3.76 | 3.76 | 3.32 | 3.81 | 3.55 | 3.77 | 3.54 | 3.70 | 3.46 | 3.77 | 3.59 | 3.59 | 3.82 | 3.29 | 3.76 | 3.66 | 3.90 | 3.49 | 3.85 | 3.70 | 3.31 | 3.54 | 3.42 | 3.81
minimized_CNP0132325.1_docked_4,VAL514 | VAL465 | VAL418 | GLY367 | VAL418,2.85 | 3.18 | 3.17 | 3.03 | 3.14,VAL514 | GLY509 | ALA556 | ARG415 | GLY509 | GLY462 | GLY417 | GLY462 | ARG415 | ARG415 | GLY603 | GLY603 | ALA556 | ALA556 | ALA556 | ILE559 | GLY511 | ALA366 | ILE559 | ILE559 | THR560 | CYS513,3.67 | 3.80 | 3.52 | 3.76 | 3.55 | 3.54 | 3.46 | 3.67 | 3.42 | 3.71 | 3.90 | 3.25 | 3.84 | 3.64 | 3.46 | 3.61 | 3.83 | 3.71 | 3.39 | 3.51 | 3.84 | 3.61
minimized_CNP0132325.1_docked_5,SER555 | VAL463 | VAL463 | VAL512 | ALA510,3.02 | 2.96 | 3.18 | 3.07 | 2.90,ALA556 | ALA556 | ARG415 | ARG415 | GLY509 | GLY462 | ARG415 | VAL369 | VAL369 | ALA607 | VAL369 | CYS368 | CYS368 | ALA366 | ALA366 | ALA556 | ALA556,3.60 | 3.80 | 3.76 | 3.85 | 3.79 | 3.78 | 3.72 | 3.80 | 3.79 | 3.90 | 3.78 | 3.64 | 3.73 | 3.75 | 3.62 | 3.57 | 3.45
minimized_CNP0132325.1_docked_6,THR609 | ARG326 | ARG326 | ARG326 | VAL369 | VAL369 | VAL606 | GLY367 | THR560 | ILE416 | VAL606 | GLY367 | VAL418,3.18 | 3.02 | 2.84 | 3.01 | 2.73 | 3.16 | 3.16 | 2.73 | 3.03 | 2.82 | 2.93 | 3.09 | 3.22,GLY372 | VAL369 | VAL369 | GLY462 | ARG415 | ARG415 | GLY509 | ALA556 | ALA366 | ALA366 | GLY509 | ALA556 | LEU557 | GLY464 | GLY417 | ILE559 | ILE559,3.67 | 3.50 | 3.56 | 3.70 | 3.67 | 3.86 | 3.35 | 3.79 | 3.62 | 3.62 | 3.80 | 3.73 | 3.76 | 3.84 | 3.88 | 3.54 | 2.81
minimized_CNP0132325.1_docked_7,VAL512 | VAL465 | VAL465 | VAL604 | LEU557 | ALA510 | ILE559 | GLY367 | VAL418 | VAL608 | THR560 | VAL561 | VAL561 | THR560,3.08 | 3.07 | 3.14 | 3.05 | 3.01 | 2.85 | 3.08 | 2.70 | 2.70 | 3.25 | 3.00 | 2.79 | 2.87 | 3.15,GLN563 | PRO322 | PRO322 | PRO322 | GLN563 | PRO322 | PRO322 | VAL608 | VAL608 | VAL561 | VAL561 | CYS513 | GLY417,3.84 | 3.72 | 3.53 | 3.83 | 3.80 | 3.74 | 3.70 | 3.66 | 3.47 | 3.68 | 3.48 | 3.88 | 3.88
minimized_CNP0132325.1_docked_8,VAL512 | VAL512 | VAL604 | LEU557 | LEU557 | ALA510 | ILE559 | GLY367 | VAL418 | LYS323,3.01 | 3.07 | 2.80 | 2.98 | 2.99 | 3.00 | 3.03 | 3.10 | 2.79 | 3.02,GLY603 | GLY603 | VAL369 | VAL369 | VAL369 | VAL369 | VAL369 | VAL369 | THR560 | ILE559 | CYS513,3.87 | 3.57 | 3.76 | 3.16 | 3.70 | 3.64 | 3.72 | 3.80 | 3.62 | 3.84 | 3.30
minimized_CNP0132325.1_docked_9,VAL512 | VAL512 | VAL604 | LEU557 | LEU557 | ALA510 | ILE559 | VAL606 | GLY367 | VAL418 | GLY367,2.98 | 3.10 | 2.79 | 2.97 | 2.94 | 2.96 | 2.95 | 2.85 | 2.90 | 3.05 | 2.91,GLY603 | ASN469 | ASN469 | VAL467 | VAL420 | VAL420 | VAL420 | CYS513 | CYS513,3.58 | 3.76 | 3.83 | 3.87 | 3.34 | 3.83 | 3.77 | 3.46 | 3.78
minimized_CNP0134260.1_docked_1,ARG326 | ARG326 | VAL606 | THR560,2.85 | 3.20 | 3.34 | 3.20,VAL561 | LEU515 | VAL561 | VAL608 | VAL420 | CYS368 | GLY603 | GLY603 | GLY364 | GLY364 | GLY509 | GLY509 | VAL463 | GLY462 | GLY509 | ILE559 | CYS513,3.86 | 3.48 | 3.79 | 3.84 | 3.90 | 3.67 | 3.63 | 3.72 | 3.79 | 3.68 | 3.87 | 3.70 | 3.62 | 3.70 | 3.89 | 3.75 | 3.82
minimized_CNP0134260.1_docked_2,ARG326 | ARG326 | ILE559 | ALA510,3.16 | 3.11 | 3.02 | 2.88,PRO322 | VAL608 | THR560 | GLY603 | GLY603 | GLY511 | GLY464 | GLY417 | GLY417 | ALA366 | ALA366 | CYS368 | CYS368,3.81 | 3.74 | 3.44 | 3.86 | 3.79 | 3.64 | 3.61 | 3.87 | 3.30 | 3.44 | 3.73 | 3.63 | 3.80
minimized_CNP0134260.1_docked_3,ARG326 | ARG326 | GLY367 | LEU557,3.14 | 2.88 | 2.96 | 2.99,GLY372 | GLY372 | VAL369 | VAL369 | VAL369 | ALA607 | ALA607 | CYS368 | GLY558 | GLY464 | VAL418 | ALA466,3.90 | 3.80 | 3.16 | 3.88 | 3.58 | 3.18 | 3.69 | 3.53 | 3.38 | 3.80 | 3.80 | 3.81
minimized_CNP0134260.1_docked_4,,,GLY423 | VAL467 | VAL467 | VAL420 | VAL420 | VAL420 | THR560 | GLY603 | GLY364 | GLY364 | GLY509 | VAL463 | GLY462 | GLY558 | VAL418,3.64 | 3.70 | 3.40 | 3.76 | 3.89 | 3.67 | 3.59 | 3.81 | 3.71 | 3.23 | 3.90 | 3.50 | 3.67 | 3.73 | 3.61
minimized_CNP0134260.1_docked_5,GLY423 | ILE559 | ALA510,2.86 | 2.77 | 2.92,GLY423 | GLY423 | VAL420 | THR560 | THR560 | ALA556 | ALA556 | GLY511 | GLY464 | GLY417 | GLY417 | ALA366 | CYS368 | CYS368,3.68 | 3.75 | 3.76 | 3.88 | 3.54 | 3.86 | 3.69 | 3.81 | 3.65 | 3.86 | 3.60 | 3.29 | 3.56 | 3.88
minimized_CNP0134260.1_docked_6,ILE559,2.76,VAL561 | THR560 | GLY603 | GLY511 | ALA366 | GLY417 | GLY417 | ALA366,3.89 | 3.80 | 3.82 | 3.61 | 3.84 | 3.88 | 3.71 | 3.52
minimized_CNP0134260.1_docked_7,GLY367 | VAL465,2.67 | 2.96,PRO322 | GLN563 | GLN563 | PRO322 | HIS562 | VAL561 | VAL561 | VAL561 | VAL561 | VAL467 | VAL512 | GLY464 | GLY605 | ALA366 | ALA366 | ALA366 | ALA366 | THR560 | CYS513,3.67 | 3.83 | 3.83 | 3.56 | 3.59 | 3.84 | 3.85 | 3.55 | 3.86 | 3.72 | 3.83 | 3.47 | 3.42 | 3.89 | 3.55 | 3.54 | 3.80 | 3.81 | 3.39
minimized_CNP0134260.1_docked_8,HIS516 | VAL467 | VAL418 | GLY367,2.97 | 3.19 | 3.08 | 2.88,HIS516 | GLY564 | VAL561 | LEU515 | VAL514 | CYS513 | ALA466 | GLY464 | VAL606 | VAL606 | GLY605 | GLY605 | GLY558 | THR560,3.87 | 3.85 | 3.62 | 3.43 | 3.82 | 3.74 | 3.38 | 3.79 | 3.86 | 3.79 | 3.87 | 3.79 | 3.45 | 3.87
minimized_CNP0134260.1_docked_9,GLY367 | GLY367 | VAL604 | LEU557,2.91 | 3.33 | 2.87 | 2.94,ARG470 | ARG470 | VAL420 | VAL467 | ALA607 | CYS368 | CYS368 | GLY558 | VAL418 | ALA466 | ALA466,3.64 | 3.88 | 3.75 | 3.73 | 3.89 | 3.86 | 3.59 | 3.40 | 3.75 | 3.60 | 3.27
minimized_CNP0134461.1_docked_1,VAL606 | VAL606 | GLY367 | VAL606 | VAL604 | HIS516 | VAL514 | ILE416 | LEU365 | ALA510 | GLY462 | VAL604,2.72 | 3.12 | 3.01 | 3.16 | 2.99 | 3.35 | 3.00 | 2.70 | 2.93 | 2.87 | 3.31 | 3.21,VAL561 | LEU515 | VAL514 | CYS513 | ALA466 | GLY509 | GLY509 | GLY462 | GLY462 | ILE559 | ILE559 | GLY511,3.76 | 3.57 | 3.73 | 3.78 | 3.68 | 3.86 | 3.37 | 3.50 | 3.81 | 3.39 | 3.83 | 3.81
minimized_CNP0134461.1_docked_2,VAL606 | VAL606 | GLY367 | GLY367 | VAL604 | HIS562 | ARG326 | ARG326 | VAL604 | LEU365 | VAL463 | ILE416 | ARG415 | LEU557,3.12 | 3.29 | 3.04 | 3.17 | 2.85 | 3.17 | 2.96 | 3.24 | 2.62 | 3.04 | 2.74 | 2.76 | 3.07 | 2.86,HIS562 | ALA607 | ALA607 | VAL561 | VAL418 | CYS368 | GLY462 | GLY462 | ARG415 | ARG415 | ILE559 | GLY464,3.61 | 3.42 | 3.76 | 3.84 | 3.80 | 3.87 | 3.59 | 3.30 | 3.55 | 3.78 | 3.59 | 3.77
minimized_CNP0134461.1_docked_3,VAL465 | VAL418 | VAL418 | ILE416 | VAL369 | ARG326 | LEU557 | ILE416 | LEU365 | VAL463,3.12 | 2.87 | 3.21 | 2.84 | 3.09 | 3.00 | 2.59 | 2.70 | 3.03 | 3.04,VAL369 | VAL369 | ALA607 | CYS368 | CYS368 | CYS368 | ARG415 | ARG415 | GLY364 | GLY364 | ALA366 | GLY558,3.88 | 3.60 | 3.77 | 3.58 | 3.87 | 3.76 | 3.88 | 3.62 | 3.69 | 3.73 | 3.70 | 3.58
minimized_CNP0134461.1_docked_4,VAL512 | VAL465 | VAL465 | VAL463 | VAL369 | VAL420 | VAL604 | LEU557 | ILE416 | LEU365 | GLY364,2.90 | 2.80 | 3.08 | 2.88 | 2.79 | 3.30 | 2.72 | 2.85 | 2.68 | 3.04 | 2.84,CYS368 | VAL420 | ARG415 | ARG415 | GLY364 | GLY364 | GLY603 | LEU557 | ALA556 | ALA556 | ALA366 | GLY605 | ALA366 | ALA366,3.86 | 3.63 | 3.59 | 3.34 | 3.64 | 3.69 | 3.88 | 3.88 | 3.72 | 3.88 | 3.88 | 3.39 | 3.80 | 3.45
minimized_CNP0134461.1_docked_5,VAL512 | VAL465 | VAL465 | VAL369 | VAL420 | LEU557 | ALA510 | VAL604 | LEU365 | VAL463,2.87 | 2.37 | 3.02 | 2.92 | 3.12 | 2.94 | 3.09 | 3.08 | 2.70 | 2.87,GLY423 | VAL420 | VAL420 | CYS513 | GLY603 | GLY603 | ALA366 | ALA366 | GLY605 | ALA366 | ALA366,3.68 | 3.25 | 3.85 | 3.86 | 3.61 | 3.39 | 3.86 | 3.72 | 3.27 | 3.70 | 3.31
minimized_CNP0134461.1_docked_6,VAL465 | VAL418 | VAL418 | GLY372 | VAL463 | ILE416 | LEU557 | LEU557 | GLY509 | VAL604 | LEU365,2.88 | 2.81 | 3.32 | 3.31 | 3.11 | 2.83 | 2.67 | 3.07 | 2.82 | 3.03 | 2.89,VAL369 | ALA607 | ALA607 | CYS513 | ALA556 | ALA510 | GLY509 | GLY509 | ALA366 | VAL606 | GLY605 | GLY558,3.43 | 3.45 | 3.55 | 3.84 | 3.70 | 3.83 | 3.30 | 3.54 | 3.70 | 3.90 | 3.86 | 3.73
minimized_CNP0134461.1_docked_7,VAL465 | VAL418 | ARG470 | VAL463 | ILE416 | LEU557 | LEU557 | GLY509 | VAL604 | LEU365,2.89 | 2.82 | 3.06 | 3.08 | 2.84 | 2.69 | 3.15 | 2.84 | 3.08 | 2.83,ASN469 | CYS513 | CYS513 | VAL467 | VAL467 | VAL467 | ALA466 | ALA556 | ALA556 | GLY509 | GLY509 | ALA366 | GLY605 | GLY558,3.81 | 3.80 | 3.86 | 3.63 | 3.46 | 3.70 | 3.69 | 3.86 | 3.44 | 3.38 | 3.59 | 3.63 | 3.90 | 3.66
minimized_CNP0134461.1_docked_8,VAL561 | THR560 | ILE559 | VAL512 | ASP422 | GLY371 | VAL606 | GLY367 | GLY367 | VAL465 | VAL465 | VAL418 | VAL418 | ILE559,3.21 | 2.94 | 3.23 | 3.04 | 3.20 | 3.02 | 2.83 | 2.74 | 3.10 | 3.12 | 3.32 | 3.22 | 3.26 | 3.31,GLY371 | VAL420 | VAL369 | VAL420 | VAL420 | VAL420 | VAL369 | GLY417 | ALA366 | ALA366 | ILE559 | ILE559 | THR560 | VAL418,3.76 | 3.82 | 3.73 | 3.43 | 3.28 | 3.85 | 3.37 | 3.65 | 3.58 | 3.80 | 3.89 | 3.61 | 3.71 | 3.87
minimized_CNP0134461.1_docked_9,THR560 | ILE559 | VAL512 | VAL604 | LEU365 | VAL606 | GLY367 | ILE416,3.32 | 2.89 | 3.01 | 3.02 | 3.05 | 3.26 | 3.10 | 2.96,ASP422 | VAL420 | VAL420 | VAL420 | VAL420 | GLY417 | ALA366 | ALA366 | GLY605 | GLY605 | ILE559 | VAL418,3.74 | 3.62 | 3.60 | 3.87 | 3.77 | 3.87 | 3.81 | 3.79 | 3.89 | 3.50 | 3.42 | 3.68
minimized_CNP0134461.2_docked_1,VAL465 | VAL465 | GLY423 | VAL369 | VAL604 | LEU557 | VAL463 | ILE416 | LEU557 | ALA510 | GLY509,2.97 | 2.97 | 3.09 | 3.24 | 3.17 | 2.84 | 2.70 | 2.76 | 2.69 | 3.30 | 3.10,VAL369 | VAL369 | VAL420 | VAL420 | VAL420 | GLY462 | GLY462 | ARG415 | ALA556 | ALA556 | ALA556 | GLY558,3.60 | 3.78 | 3.42 | 3.82 | 3.62 | 3.82 | 3.60 | 3.87 | 3.62 | 3.54 | 3.85 | 3.58
minimized_CNP0134461.2_docked_2,VAL465 | VAL418 | VAL418 | GLY372 | GLY371 | ARG326 | LEU557 | ALA510 | ILE416 | LEU365 | ALA510 | VAL463,2.94 | 2.87 | 3.12 | 2.83 | 3.09 | 2.95 | 3.00 | 3.17 | 3.02 | 2.97 | 2.79 | 3.17,VAL369 | CYS368 | CYS368 | ARG415 | ALA556 | GLY509 | GLY509 | GLY558,3.69 | 3.83 | 3.86 | 3.72 | 3.69 | 3.63 | 3.58 | 3.90
minimized_CNP0134461.2_docked_3,VAL465 | VAL418 | VAL418 | ASP422 | LEU557 | ALA510 | ILE416 | LEU365 | ALA510 | VAL463,3.20 | 2.72 | 2.91 | 3.35 | 2.98 | 3.12 | 3.06 | 2.97 | 2.78 | 3.14,ARG470 | VAL420 | ALA466 | ALA466 | ARG415 | ALA556 | GLY509 | GLY509 | GLY558,3.87 | 3.81 | 3.63 | 3.53 | 3.78 | 3.63 | 3.60 | 3.57 | 3.81
minimized_CNP0134461.2_docked_4,VAL606 | ILE559 | GLN563 | VAL514 | VAL463 | ILE416 | VAL604 | LEU557 | ILE416 | LEU365,3.32 | 3.20 | 3.00 | 3.10 | 3.15 | 2.98 | 2.88 | 2.99 | 2.41 | 3.02,PRO322 | VAL561 | ALA607 | GLY603 | GLY603 | ALA556 | ALA556 | ILE559 | GLY464 | GLY417,3.74 | 3.57 | 3.81 | 3.76 | 3.25 | 3.45 | 3.54 | 3.83 | 3.84 | 3.41
minimized_CNP0134461.2_docked_5,VAL606 | VAL606 | ILE559 | HIS516 | ILE416 | LEU365 | ALA510 | GLY462 | VAL604,3.25 | 3.11 | 2.88 | 3.08 | 2.70 | 2.70 | 3.01 | 3.06 | 2.59,HIS516 | VAL514 | LEU468 | THR560 | GLY509 | GLY462 | GLY462 | ARG415 | ARG415 | GLY462 | GLY462 | ILE559 | ILE559 | GLY464,3.87 | 3.30 | 3.87 | 3.55 | 3.40 | 3.57 | 3.81 | 3.56 | 3.54 | 3.73 | 3.82 | 3.68 | 3.61 | 3.67
minimized_CNP0134461.2_docked_6,VAL606 | ILE559 | ILE559 | VAL604 | ILE416 | LEU365 | ALA510 | GLY462 | VAL604 | LEU365,3.16 | 3.00 | 3.05 | 3.16 | 2.71 | 2.90 | 2.89 | 3.14 | 2.70 | 3.34,ALA466 | VAL420 | GLY419 | GLY419 | GLY509 | GLY509 | GLY462 | GLY462 | GLY462 | ARG415 | ARG415 | GLY364 | GLY462 | GLY462 | ILE559 | ILE559 | GLY417,3.72 | 3.81 | 3.80 | 3.82 | 3.80 | 3.30 | 3.63 | 3.87 | 3.90 | 3.54 | 3.51 | 3.87 | 3.68 | 3.77 | 3.78 | 3.90 | 3.61
minimized_CNP0134461.2_docked_7,GLY367 | HIS562 | ARG326 | VAL604 | LEU365 | VAL463 | ILE416,2.91 | 3.05 | 3.16 | 2.69 | 2.84 | 2.62 | 2.91,VAL561 | HIS562 | VAL561 | ALA607 | ALA607 | ALA607 | GLY603 | GLY603 | GLY364 | ALA556 | GLY509 | ALA366 | GLY511 | GLY464,3.82 | 3.57 | 3.88 | 3.90 | 3.78 | 3.87 | 3.68 | 3.45 | 3.71 | 3.61 | 3.69 | 3.64 | 3.74 | 3.76
minimized_CNP0134461.2_docked_8,ILE559 | ILE559 | VAL604 | VAL561 | ILE416 | LEU365 | ALA510 | GLY462 | VAL604,2.90 | 3.08 | 3.35 | 3.32 | 2.90 | 2.88 | 2.95 | 3.10 | 2.73,ARG326 | CYS368 | GLY509 | GLY509 | GLY462 | GLY462 | ARG415 | ARG415 | GLY462 | GLY462 | ILE559 | ILE559 | GLY417,3.77 | 3.83 | 3.77 | 3.21 | 3.53 | 3.74 | 3.60 | 3.49 | 3.63 | 3.67 | 3.64 | 3.77 | 3.64
minimized_CNP0134461.2_docked_9,VAL606 | VAL606 | GLY367 | ARG326 | ILE416 | VAL604 | LEU557 | ILE416 | LEU365,3.22 | 2.91 | 3.18 | 2.81 | 3.09 | 3.17 | 2.94 | 2.38 | 2.82,CYS368 | CYS368 | GLY603 | GLY603 | ALA556 | ALA556 | ALA556 | ALA556 | GLY511,3.75 | 3.56 | 3.59 | 3.01 | 3.78 | 3.51 | 3.54 | 3.64 | 3.79
minimized_CNP0134936.1_docked_1,ALA510 | VAL604 | LEU557 | ILE416 | VAL606 | GLY367 | GLY367 | ILE559,2.75 | 2.82 | 2.85 | 3.19 | 3.15 | 2.93 | 2.91 | 3.02,GLY603 | GLY603 | ALA556 | ALA556 | ALA556 | GLY509 | GLY509 | GLY462 | GLY462 | ARG470 | CYS513 | CYS513 | VAL467 | ALA366 | ALA366 | GLY605 | GLY605 | ILE559,3.88 | 3.45 | 3.60 | 3.70 | 3.84 | 3.78 | 3.61 | 3.74 | 3.90 | 3.83 | 3.60 | 3.55 | 3.70 | 3.78 | 3.72 | 3.84 | 3.57 | 3.68
minimized_CNP0134936.1_docked_2,ILE416 | LEU365 | ALA510 | VAL463 | VAL463 | VAL512 | VAL465 | VAL418,2.75 | 2.80 | 2.85 | 3.10 | 3.27 | 3.06 | 2.81 | 2.85,GLY509 | GLY509 | GLY462 | GLY364 | THR560 | VAL369 | VAL369,3.82 | 3.42 | 3.57 | 3.89 | 3.64 | 3.67 | 3.59
minimized_CNP0134936.1_docked_3,LEU557 | ALA510 | GLY509 | VAL604 | LEU365 | VAL463 | GLY367 | GLY367 | ILE559,2.85 | 3.32 | 3.26 | 2.70 | 2.83 | 3.32 | 2.88 | 3.11 | 3.14,GLY364 | GLY364 | ALA556 | ALA556 | GLY509 | GLY509 | CYS368 | VAL420 | VAL420 | VAL467 | VAL467 | ILE559,3.84 | 3.66 | 3.62 | 3.80 | 3.47 | 3.44 | 3.45 | 3.79 | 3.68 | 3.83 | 3.62 | 3.77
minimized_CNP0134936.1_docked_4,LEU557 | VAL604 | LEU365 | VAL463 | GLY367,2.79 | 2.95 | 2.86 | 3.14 | 2.80,GLY364 | GLY364 | ALA556 | ALA556 | GLY509 | GLY509 | ALA466 | VAL514 | VAL514 | VAL514 | VAL514 | VAL514 | VAL514,3.72 | 3.48 | 3.69 | 3.87 | 3.56 | 3.52 | 3.56 | 3.88 | 3.83 | 3.59 | 3.51 | 3.68 | 3.77
minimized_CNP0134936.1_docked_5,ILE416 | LEU365 | ALA510 | VAL463 | VAL512 | VAL465 | VAL418,2.72 | 2.93 | 2.87 | 3.02 | 2.88 | 3.08 | 2.86,GLY509 | GLY462 | GLY364 | GLY364 | THR560 | CYS513 | CYS513 | VAL561 | VAL561 | VAL608 | ARG326,3.54 | 3.57 | 3.85 | 3.87 | 3.47 | 3.13 | 3.85 | 3.83 | 3.65 | 3.76 | 3.84
minimized_CNP0134936.1_docked_6,ILE416 | LEU365 | ALA510 | VAL463 | VAL512 | VAL465 | VAL418 | VAL418,2.77 | 2.91 | 2.90 | 3.03 | 3.10 | 3.17 | 2.90 | 3.00,GLY509 | GLY462 | GLY364 | GLY364 | ALA466 | GLY419 | VAL467 | CYS513 | ALA466 | VAL467,3.50 | 3.53 | 3.81 | 3.81 | 3.81 | 3.81 | 3.70 | 3.84 | 3.79 | 3.86
minimized_CNP0134936.1_docked_7,LEU365 | LEU557 | VAL465 | VAL465 | GLY367 | GLY367,2.76 | 3.08 | 2.91 | 3.17 | 3.20 | 3.33,GLY509 | GLY462 | CYS368 | VAL420 | CYS368 | VAL420 | VAL420 | GLY417,3.59 | 3.49 | 3.81 | 3.51 | 3.73 | 3.82 | 3.86 | 3.90
minimized_CNP0134936.1_docked_8,VAL604 | VAL463 | ILE416 | LEU557 | ALA510 | GLY367 | VAL606,2.89 | 2.93 | 2.73 | 3.12 | 3.17 | 3.26 | 2.69,GLY462 | GLY462 | ARG415 | ARG415 | ALA607 | VAL369 | VAL420 | ILE559 | ILE559,3.56 | 3.25 | 3.69 | 3.86 | 3.59 | 3.72 | 3.67 | 3.61 | 3.85
minimized_CNP0134936.1_docked_9,ALA510 | VAL512 | VAL465 | ILE559 | VAL463 | ILE416 | ILE559 | VAL512,2.95 | 3.29 | 3.24 | 3.10 | 3.00 | 3.15 | 3.26 | 3.02,GLY558 | GLY464 | GLY464 | GLY417 | ALA607 | VAL369 | VAL420 | VAL369 | VAL369 | VAL420 | VAL370 | GLY371 | GLY371,3.80 | 3.40 | 3.80 | 3.73 | 3.70 | 3.63 | 3.88 | 3.78 | 3.63 | 3.86 | 3.86 | 3.76 | 3.88
minimized_CNP0134936.2_docked_1,ALA510 | VAL463 | VAL604 | LEU365 | VAL512 | VAL465 | VAL418,2.77 | 3.07 | 2.80 | 2.85 | 3.19 | 3.21 | 2.98,GLY509 | GLY509 | GLY462 | VAL467 | VAL420 | VAL467 | CYS513,3.70 | 3.39 | 3.67 | 3.60 | 3.84 | 3.80 | 3.90
minimized_CNP0134936.2_docked_2,VAL604 | LEU365 | VAL463 | ILE416 | VAL604 | LEU557 | VAL465 | VAL418,2.73 | 2.78 | 3.12 | 2.77 | 2.62 | 2.76 | 2.94 | 2.82,GLY462 | GLY462 | VAL420 | VAL420 | VAL420 | VAL369 | VAL369 | GLY417 | GLY417 | ALA366,3.12 | 3.12 | 3.26 | 3.51 | 3.74 | 3.72 | 3.89 | 3.81 | 3.78 | 3.88
minimized_CNP0134936.2_docked_3,LEU557 | ALA510 | GLY509 | VAL604 | LEU365 | ALA510 | VAL606 | GLY367 | GLY367 | ILE559,2.85 | 3.05 | 3.25 | 2.84 | 2.83 | 2.32 | 2.80 | 2.94 | 3.15 | 3.17,GLY364 | GLY364 | VAL418 | ALA466 | VAL420 | VAL420 | VAL420 | VAL420 | VAL420 | VAL420 | ALA366 | ALA366 | GLY605 | GLY605 | ILE559 | ILE559 | GLY417 | ALA366,3.62 | 3.68 | 3.82 | 3.67 | 3.80 | 3.86 | 3.76 | 3.57 | 3.89 | 3.63 | 3.71 | 3.60 | 3.87 | 3.69 | 3.82 | 3.79 | 3.72 | 3.72
minimized_CNP0134936.2_docked_4,VAL604 | LEU557 | VAL463 | ILE416 | GLY367 | GLY367 | ILE559,2.56 | 2.86 | 2.84 | 2.80 | 2.93 | 2.96 | 3.24,GLY603 | GLY603 | ALA556 | ALA556 | ARG415 | VAL467 | VAL467 | ALA366 | ALA366 | GLY605 | GLY417,3.67 | 3.28 | 3.43 | 3.68 | 3.80 | 3.73 | 3.73 | 3.72 | 3.71 | 3.82 | 3.89
minimized_CNP0134936.2_docked_5,VAL604 | LEU557 | VAL463 | ILE416 | LEU557 | VAL418 | GLY367 | VAL606,2.89 | 3.18 | 3.01 | 2.83 | 2.94 | 3.28 | 2.86 | 2.78,GLY462 | GLY462 | ARG415 | VAL608 | PRO322 | ALA466 | CYS513 | CYS513 | CYS513 | CYS513 | VAL561 | VAL561 | VAL561 | ARG326 | PRO322 | ALA466,3.80 | 3.50 | 3.82 | 3.84 | 3.67 | 3.80 | 3.68 | 3.75 | 3.31 | 3.79 | 3.66 | 3.62 | 3.60 | 3.64 | 3.38 | 3.89
minimized_CNP0134936.2_docked_6,VAL604 | LEU557 | VAL463 | ILE416 | VAL606 | GLY367 | GLY367 | ILE559,2.60 | 2.60 | 2.70 | 2.79 | 3.03 | 2.74 | 3.03 | 3.16,GLY603 | GLY603 | LEU557 | ALA556 | ALA607 | VAL608 | ILE559 | THR560 | CYS513 | CYS513 | VAL561 | VAL561 | ARG326 | ALA366 | ALA366 | GLY605 | GLY417,3.72 | 3.56 | 3.88 | 3.78 | 3.81 | 3.62 | 3.60 | 3.77 | 3.23 | 3.90 | 3.87 | 3.69 | 3.83 | 3.67 | 3.59 | 3.77 | 3.83
minimized_CNP0134936.2_docked_7,VAL604 | LEU557 | VAL463 | ILE416 | VAL606,2.89 | 2.83 | 3.00 | 2.91 | 3.05,GLY464 | GLY417 | VAL608 | VAL561 | VAL561 | VAL561 | VAL561 | VAL561 | VAL561,3.71 | 3.77 | 3.77 | 3.79 | 3.29 | 3.54 | 3.83 | 3.83 | 3.65
minimized_CNP0134936.2_docked_8,ALA510 | GLY462 | VAL463 | ILE559 | VAL512 | VAL465,3.00 | 3.28 | 3.06 | 2.95 | 2.68 | 2.75,GLY603 | GLY364 | VAL561 | VAL561 | VAL514 | VAL561 | CYS368 | ALA466 | VAL514 | VAL514 | ILE559 | ALA366 | ALA366,3.77 | 3.73 | 3.41 | 3.49 | 3.80 | 3.64 | 3.73 | 3.82 | 3.75 | 3.56 | 3.40 | 3.41 | 3.89
minimized_CNP0134936.2_docked_9,GLN563 | GLN563 | HIS562 | ARG326 | ARG326,3.00 | 3.00 | 3.01 | 3.10 | 2.83,VAL561 | HIS562 | ALA366 | ILE559 | VAL512 | GLY367 | ALA366 | ILE559 | ILE559 | VAL463 | ALA556 | GLY462 | VAL369,3.56 | 3.80 | 3.88 | 3.43 | 3.84 | 3.86 | 3.88 | 3.66 | 3.39 | 3.78 | 3.76 | 3.80 | 3.42
minimized_CNP0134936.3_docked_1,VAL463 | ILE416 | LEU365 | ALA510 | GLY462 | GLY367 | GLY367 | ILE559,3.14 | 2.91 | 2.97 | 3.05 | 3.14 | 2.82 | 3.09 | 3.13,GLY364 | GLY364 | GLY462 | ARG415 | GLY509 | GLY462 | GLY462 | GLY509 | ALA466 | VAL561 | CYS513 | VAL561 | CYS513 | VAL514 | VAL561 | VAL561 | ILE559,3.73 | 3.63 | 3.76 | 3.84 | 3.66 | 3.83 | 3.73 | 3.86 | 3.89 | 3.75 | 3.87 | 3.88 | 3.76 | 3.50 | 3.75 | 3.72 | 3.68
minimized_CNP0134936.3_docked_2,VAL463 | ILE416 | LEU365 | ALA510 | GLY462 | GLY367 | GLY367 | ILE559 | ILE559,3.12 | 2.91 | 2.93 | 3.04 | 3.15 | 2.83 | 2.99 | 3.19 | 2.99,GLY364 | GLY364 | GLY462 | ARG415 | ARG415 | GLY509 | GLY462 | GLY462 | GLY509 | VAL420 | VAL467 | VAL467 | VAL467 | VAL467 | ILE559,3.71 | 3.59 | 3.74 | 3.82 | 3.90 | 3.66 | 3.81 | 3.70 | 3.85 | 3.67 | 3.36 | 3.90 | 3.89 | 3.51 | 3.58
minimized_CNP0134936.3_docked_3,ILE416 | LEU365 | LEU557 | ALA510 | GLY509 | GLY367 | ILE559,2.94 | 2.75 | 3.06 | 3.05 | 3.09 | 2.89 | 3.09,ARG415 | ARG415 | GLY364 | GLY364 | ALA556 | ALA556 | CYS513 | CYS513 | VAL467 | VAL467 | GLY605 | ILE559,3.71 | 3.43 | 3.51 | 3.57 | 3.78 | 3.54 | 3.70 | 3.70 | 3.52 | 3.51 | 3.49 | 3.64
minimized_CNP0134936.3_docked_4,LEU557 | ALA510 | GLY509 | VAL604 | LEU557 | VAL606 | GLY367 | GLY367 | ILE559,3.08 | 3.07 | 3.21 | 3.18 | 2.79 | 3.11 | 2.49 | 3.14 | 3.02,GLY509 | GLY462 | GLY462 | ALA556 | ALA556 | GLY509 | GLY509 | ALA556 | ALA556 | GLY509 | VAL514 | CYS513 | VAL514 | VAL514 | VAL561 | VAL561 | ALA366 | ALA366 | ILE559,3.49 | 3.68 | 3.28 | 3.90 | 3.41 | 3.86 | 3.80 | 3.69 | 3.61 | 3.73 | 3.57 | 3.88 | 3.88 | 3.52 | 3.55 | 3.78 | 3.68 | 3.70 | 3.65
minimized_CNP0134936.3_docked_5,VAL463 | ILE416 | VAL604 | LEU557 | VAL512 | VAL465 | VAL418,2.98 | 2.81 | 2.86 | 2.91 | 2.93 | 2.80 | 2.77,GLY462 | GLY462 | ARG415 | ARG415 | ALA556 | GLY603 | ALA556 | GLY603 | ALA466 | VAL561 | ILE559 | ILE559 | CYS513 | CYS513 | VAL561 | CYS513 | VAL514 | VAL561 | VAL561 | VAL561,3.61 | 3.29 | 3.75 | 3.89 | 3.71 | 3.66 | 3.83 | 3.87 | 3.84 | 3.78 | 3.74 | 3.87 | 3.40 | 3.57 | 3.78 | 3.81 | 3.76 | 3.82 | 3.70 | 3.67
minimized_CNP0134936.3_docked_6,VAL463 | ILE416 | VAL604 | LEU365 | ALA510 | VAL463 | GLY367,3.01 | 2.79 | 3.03 | 2.94 | 2.79 | 3.12 | 3.06,GLY364 | GLY364 | GLY462 | GLY509 | GLY462 | ALA607 | ALA607 | VAL608 | VAL608 | THR560 | CYS513 | VAL561 | ALA366 | ILE559,3.70 | 3.51 | 3.87 | 3.68 | 3.86 | 3.87 | 3.60 | 3.64 | 3.21 | 3.82 | 3.59 | 3.76 | 3.85 | 3.82
minimized_CNP0134936.3_docked_7,ILE416 | ALA510 | VAL463 | VAL604 | LEU365 | VAL512 | VAL512 | VAL418 | VAL418,2.87 | 2.82 | 3.06 | 2.72 | 2.70 | 2.99 | 3.17 | 2.93 | 3.05,GLY509 | GLY509 | GLY462 | VAL467 | ILE559 | VAL467 | ALA366,3.81 | 3.43 | 3.63 | 3.69 | 3.80 | 3.83 | 3.89
minimized_CNP0134936.3_docked_8,ILE416 | ALA510 | VAL463 | VAL604 | LEU365 | VAL512 | VAL465 | VAL418,3.13 | 2.82 | 3.08 | 3.23 | 2.71 | 3.09 | 2.86 | 3.13,GLY509 | GLY509 | GLY462 | VAL420 | VAL420 | VAL369 | ARG326 | ALA607 | ALA607 | ALA607 | VAL420 | ILE559,3.84 | 3.48 | 3.66 | 3.48 | 3.64 | 3.85 | 3.83 | 3.73 | 3.86 | 3.86 | 3.77 | 3.71
minimized_CNP0134936.3_docked_9,LEU557 | GLY509 | VAL604 | LEU557 | ALA510 | VAL463 | GLY367 | VAL606,3.03 | 3.21 | 2.94 | 2.87 | 2.95 | 2.95 | 3.12 | 3.32,GLY603 | GLY603 | GLY509 | GLY509 | ALA607 | ALA607 | CYS368 | VAL369 | VAL369 | ILE559,3.53 | 3.24 | 3.62 | 3.54 | 3.41 | 3.81 | 3.84 | 3.66 | 3.82 | 3.83
minimized_CNP0136154.1_docked_1,LEU557 | ALA510 | GLY509 | LEU557 | VAL465 | VAL606 | THR560 | VAL465,3.14 | 3.10 | 3.07 | 2.56 | 2.55 | 3.30 | 2.92 | 3.14,TYR525 | TYR525 | TYR525 | TYR525 | TYR525 | TYR525 | TYR525 | ALA556 | GLY509 | ALA556 | ALA556 | GLY509 | ARG415 | ALA607 | VAL369 | CYS513 | ALA466 | GLY603 | GLY462 | ARG415 | ARG415 | ALA556 | ALA556 | GLY509 | GLY464 | VAL463,3.88 | 3.70 | 3.87 | 3.57 | 3.69 | 3.43 | 3.85 | 3.44 | 3.51 | 3.60 | 3.80 | 3.07 | 3.75 | 3.68 | 3.72 | 3.60 | 3.61 | 3.83 | 3.42 | 3.70 | 3.63 | 3.75 | 3.23 | 3.69 | 3.81 | 3.83
minimized_CNP0136154.1_docked_2,VAL604 | LEU365 | ILE416 | VAL606 | ILE559 | ARG326 | ILE559,3.02 | 2.50 | 2.73 | 2.87 | 2.70 | 2.94 | 3.27,TYR334 | ARG415 | ALA556 | GLY462 | ARG415 | ARG415 | GLY462 | ARG415 | GLY603 | ALA556 | GLY364 | ALA556 | ALA556 | ALA607 | ALA607 | ILE559 | GLY558,3.77 | 3.89 | 3.81 | 3.73 | 3.60 | 3.16 | 3.85 | 3.75 | 3.55 | 3.75 | 3.87 | 3.82 | 3.58 | 3.25 | 3.85 | 3.88 | 3.72
minimized_CNP0136154.1_docked_3,GLN530 | VAL604 | LEU365 | ILE416 | LEU365 | ILE559 | VAL512 | ILE559,2.92 | 2.85 | 2.84 | 2.62 | 2.92 | 2.55 | 3.33 | 3.22,TYR572 | SER555 | TYR525 | GLY462 | ARG415 | ARG415 | ARG415 | ARG415 | ALA556 | ARG415 | ARG415 | ALA556 | VAL467 | GLY419 | CYS368 | GLY462 | GLY462 | ALA556 | ALA556 | GLY509 | GLY509 | LEU557 | ALA366 | ALA366 | ALA366 | ALA366 | VAL418,3.76 | 3.36 | 3.85 | 3.69 | 3.88 | 3.58 | 3.26 | 3.82 | 3.62 | 3.89 | 3.84 | 3.75 | 3.70 | 3.77 | 3.75 | 3.81 | 3.56 | 3.82 | 3.30 | 3.81 | 3.27 | 3.62 | 3.48 | 3.90 | 3.61 | 3.31 | 3.85
minimized_CNP0136154.1_docked_4,ARG483 | LEU557 | ALA510 | VAL604 | LEU557 | VAL465 | THR560 | VAL465,2.92 | 2.63 | 3.17 | 3.00 | 2.65 | 2.24 | 2.82 | 2.97,PHE478 | PHE478 | PHE478 | ALA556 | ALA556 | GLY509 | ALA556 | ALA556 | GLY509 | ARG415 | ARG415 | CYS513 | CYS513 | ALA466 | ARG415 | ARG415 | ALA556 | GLY464,3.62 | 3.72 | 3.82 | 3.80 | 3.53 | 3.65 | 3.77 | 3.87 | 3.35 | 3.57 | 3.88 | 3.83 | 3.56 | 3.68 | 3.86 | 3.88 | 3.82 | 3.58
minimized_CNP0136154.1_docked_5,LEU557 | ALA510 | VAL604 | LEU557 | VAL465 | THR560 | VAL465,2.64 | 3.13 | 3.05 | 2.62 | 2.25 | 2.87 | 2.97,TYR572 | TYR525 | TYR525 | ARG415 | ALA556 | ALA556 | ARG415 | GLY509 | ALA556 | ALA556 | GLY509 | ARG415 | CYS513 | CYS513 | ALA466 | GLY462 | ARG415 | ALA556 | GLY464,3.58 | 3.65 | 3.54 | 3.86 | 3.83 | 3.62 | 3.85 | 3.63 | 3.63 | 3.75 | 3.29 | 3.64 | 3.86 | 3.60 | 3.75 | 3.89 | 3.90 | 3.79 | 3.55
minimized_CNP0136154.1_docked_6,ALA510 | LEU557 | VAL418 | THR560,2.68 | 2.18 | 2.96 | 3.07,TYR334 | TYR334 | TYR334 | TYR334 | TYR334 | GLY603 | SER363 | TYR334 | GLY603 | ARG415 | ARG415 | ALA556 | ARG415 | ARG415 | ARG415 | ALA607 | VAL369 | ALA466 | ALA466 | GLY603 | GLY603 | ARG415 | ARG415 | ARG415 | ALA556 | GLY509 | VAL463,3.88 | 3.84 | 3.53 | 3.76 | 3.83 | 3.37 | 3.54 | 3.84 | 3.74 | 3.10 | 3.55 | 3.87 | 3.69 | 3.80 | 3.39 | 3.74 | 3.78 | 3.39 | 3.65 | 3.71 | 3.22 | 3.80 | 3.72 | 3.45 | 3.47 | 3.64 | 3.75
minimized_CNP0136154.1_docked_7,LEU557 | VAL604 | THR560,2.86 | 2.81 | 2.76,TYR334 | TYR572 | TYR572 | ALA556 | ARG415 | GLY603 | ALA556 | GLY603 | ALA556 | ALA556 | VAL561 | CYS513 | CYS513 | ALA466 | ARG415 | GLY364 | GLY364 | GLY462 | GLY462 | ARG415 | ARG415 | ARG415 | ARG415 | GLY464,3.74 | 3.80 | 3.82 | 3.60 | 3.75 | 3.68 | 3.11 | 3.40 | 3.77 | 3.40 | 3.84 | 3.55 | 3.32 | 3.69 | 3.78 | 3.58 | 3.55 | 3.53 | 2.98 | 3.65 | 3.46 | 3.47 | 3.81 | 3.87
minimized_CNP0136154.1_docked_8,VAL418 | GLY367 | VAL418 | VAL369 | ASP422 | VAL369,3.19 | 2.98 | 2.96 | 2.86 | 3.27 | 3.06,ARG415 | GLY364 | GLY364 | GLY509 | GLY558 | ILE559 | ASP422 | VAL370 | VAL420 | VAL420 | CYS368 | ALA607 | CYS368 | CYS368 | VAL420 | VAL420 | VAL420,3.51 | 3.86 | 3.59 | 3.66 | 3.65 | 3.62 | 3.88 | 3.85 | 3.81 | 3.66 | 3.82 | 3.88 | 3.79 | 3.53 | 3.53 | 3.68 | 3.88
minimized_CNP0136154.1_docked_9,ARG415 | LEU557 | VAL604 | VAL465 | VAL418,3.08 | 2.74 | 2.80 | 2.78 | 3.14,ARG483 | PHE478 | PHE478 | PHE478 | GLY509 | GLY462 | ARG415 | ARG415 | ALA556 | ALA556 | ALA556 | ALA607 | ALA607 | ILE559 | GLY364 | GLY364 | GLY462 | ARG415 | ARG415 | ARG415 | ALA556 | ALA556,3.82 | 3.67 | 3.74 | 3.85 | 3.70 | 3.35 | 3.67 | 3.86 | 3.44 | 3.62 | 3.22 | 3.82 | 3.58 | 3.89 | 3.62 | 3.49 | 3.33 | 3.62 | 3.64 | 3.45 | 3.86 | 3.55
minimized_CNP0136154.2_docked_1,ILE559 | VAL512 | VAL465,3.20 | 3.30 | 3.02,ALA607 | ALA607 | GLY419 | TYR572 | TYR334 | ALA556 | GLY603 | GLY364 | ALA556 | ARG415 | ARG415 | ALA556 | ALA556 | ARG415 | ARG415 | ARG415 | VAL418 | ALA366 | ILE559 | ILE559 | GLY558 | GLY558 | GLY462 | GLY462 | GLY462 | GLY462 | ARG415 | ARG415,3.63 | 3.76 | 3.77 | 3.65 | 3.80 | 3.39 | 3.49 | 3.63 | 3.69 | 3.90 | 3.44 | 3.61 | 3.20 | 3.20 | 3.57 | 3.86 | 2.97 | 3.27 | 3.64 | 3.73 | 3.67 | 3.37 | 3.80 | 3.87 | 3.70 | 3.24 | 3.74 | 3.74
minimized_CNP0136154.2_docked_2,SER508 | ARG483 | LEU557 | ALA510 | VAL606 | THR560 | VAL465,2.84 | 3.30 | 2.62 | 3.28 | 3.27 | 2.72 | 2.97,GLY462 | ILE461 | ARG415 | TYR525 | TYR525 | ARG415 | ARG415 | ALA556 | ALA556 | ARG415 | ARG415 | ARG415 | ARG415 | VAL608 | VAL608 | VAL561 | VAL561 | CYS513 | ALA466 | ALA466 | ALA556 | ALA556 | GLY603 | ARG415 | ARG415 | ARG415 | ARG415 | GLY364 | GLY364 | GLY509 | GLY509 | GLY509 | VAL463 | GLY462 | GLY464 | VAL463,3.84 | 3.75 | 3.84 | 3.71 | 3.50 | 3.41 | 3.69 | 3.41 | 3.54 | 3.19 | 2.94 | 3.43 | 3.26 | 3.82 | 3.73 | 3.51 | 3.66 | 3.81 | 3.47 | 3.85 | 3.84 | 3.89 | 3.76 | 3.86 | 3.79 | 3.73 | 3.09 | 3.23 | 2.98 | 3.85 | 3.87 | 3.71 | 3.89 | 3.89 | 3.38 | 3.55
minimized_CNP0136154.2_docked_3,VAL608 | VAL512 | ALA510 | THR560,3.06 | 2.86 | 2.99 | 2.72,LYS323 | LYS323 | PRO322 | ARG326 | ARG326 | ARG326 | GLY364 | GLY364 | VAL463 | GLY509 | GLY462 | GLY462 | GLY462 | GLY605 | ILE559 | ILE559,3.77 | 3.88 | 3.86 | 3.83 | 3.60 | 3.79 | 3.46 | 3.65 | 3.83 | 3.89 | 3.47 | 3.77 | 3.90 | 3.87 | 3.71 | 3.47
minimized_CNP0136154.2_docked_4,VAL467 | ILE559 | VAL604 | LEU365 | VAL420,2.98 | 2.68 | 3.06 | 2.94 | 2.82,ASN469 | ARG470 | ARG470 | ARG470 | ARG470 | ARG470 | VAL420 | GLY603 | GLY364 | GLY364 | GLY462 | GLY462 | GLY511 | GLY464 | ILE559 | ILE559 | VAL420,3.70 | 3.84 | 3.71 | 3.80 | 3.90 | 3.89 | 3.77 | 3.51 | 3.85 | 3.28 | 3.50 | 3.55 | 3.68 | 3.89 | 3.81 | 3.73 | 3.68
minimized_CNP0136154.2_docked_5,VAL418 | VAL465 | VAL463 | VAL561 | THR560 | THR560,2.73 | 3.16 | 2.96 | 3.15 | 3.12 | 3.12,HIS516 | LEU515 | HIS562 | VAL561 | GLY462 | ARG415 | ARG415 | ARG415 | GLY605 | ALA366 | ALA366 | ALA366 | GLY417 | VAL561 | VAL514 | VAL514,3.78 | 3.63 | 3.84 | 3.82 | 3.37 | 3.69 | 3.70 | 3.52 | 3.47 | 3.58 | 3.29 | 3.53 | 3.52 | 3.59 | 3.86 | 3.68
minimized_CNP0136154.2_docked_6,VAL418 | VAL465 | VAL463 | VAL561 | THR560 | THR560,2.72 | 3.03 | 2.96 | 3.28 | 3.05 | 2.99,ARG326 | PRO322 | PRO322 | VAL561 | GLY462 | ARG415 | ARG415 | ARG415 | GLY605 | ALA366 | ALA366 | GLY417 | VAL561 | VAL514,3.73 | 3.74 | 3.54 | 3.56 | 3.38 | 3.77 | 3.86 | 3.64 | 3.75 | 3.48 | 3.71 | 3.40 | 3.61 | 3.77
minimized_CNP0136154.2_docked_7,GLY372 | VAL608 | VAL512 | ALA510 | THR560,2.99 | 3.14 | 2.82 | 2.87 | 2.85,GLY364 | GLY364 | VAL463 | GLY509 | GLY462 | GLY462 | ILE559 | CYS368 | CYS368 | ILE559,3.62 | 3.56 | 3.84 | 3.82 | 3.46 | 3.70 | 3.73 | 3.66 | 3.67 | 3.46
minimized_CNP0136154.2_docked_8,LYS323 | VAL418 | VAL512 | ALA510,3.33 | 2.80 | 3.28 | 2.78,HIS562 | ARG326 | PRO322 | ARG326 | PRO322 | GLY603 | GLY603 | GLY364 | GLY509 | GLY558 | VAL420 | VAL420 | ILE559,3.85 | 3.55 | 3.65 | 3.85 | 3.57 | 3.67 | 3.69 | 3.76 | 3.54 | 3.81 | 3.87 | 3.73 | 3.41
minimized_CNP0136154.2_docked_9,VAL561 | GLY367 | VAL418,3.14 | 2.56 | 3.10,GLY564 | GLY564 | HIS516 | GLY564 | HIS516 | GLY558 | ALA366,3.77 | 3.45 | 3.88 | 3.87 | 3.81 | 3.70 | 3.57
minimized_CNP0136154.3_docked_1,,,TYR572 | TYR572 | PHE577 | TYR334 | ALA556 | ARG415 | ARG415 | ALA556 | ALA556 | ALA556 | ARG415 | VAL467 | VAL467 | VAL467 | GLY419 | VAL420 | CYS513 | CYS513 | CYS513 | CYS513 | GLY462 | ARG415 | ARG415 | ARG415 | GLY462 | ILE559 | GLY558 | GLY558,3.86 | 3.61 | 3.70 | 3.76 | 3.86 | 3.62 | 3.32 | 3.87 | 3.30 | 3.86 | 3.40 | 3.86 | 3.85 | 3.83 | 3.89 | 3.75 | 3.53 | 3.88 | 3.77 | 3.75 | 3.34 | 3.81 | 3.86 | 3.68 | 3.82 | 3.72 | 3.78 | 3.44
minimized_CNP0136154.3_docked_2,VAL561 | THR560 | VAL465 | LEU557 | VAL463 | ILE416 | VAL465,3.32 | 3.19 | 2.97 | 2.88 | 3.23 | 3.19 | 3.11,VAL561 | VAL514 | VAL514 | THR560 | THR560 | TYR525 | SER555 | TYR525 | TYR525 | TYR525 | TYR572 | ARG415 | GLY509 | GLY462 | ALA556 | GLY509 | ALA556 | ARG415 | ARG415 | VAL606 | GLY509 | GLY509 | GLY462 | GLY464 | VAL463 | GLY464 | VAL463 | ALA556 | ALA556 | GLY462 | ARG415 | ARG415 | ARG415,3.76 | 3.61 | 3.50 | 3.84 | 3.87 | 3.66 | 3.65 | 3.81 | 3.56 | 3.64 | 3.68 | 3.57 | 3.79 | 3.78 | 3.81 | 3.79 | 3.33 | 3.88 | 3.70 | 3.88 | 3.73 | 3.09 | 3.89 | 3.58 | 3.46 | 2.97 | 3.64 | 3.87 | 3.61 | 3.82 | 3.70 | 3.53 | 3.49
minimized_CNP0136154.3_docked_3,THR560,3.14,TYR525 | TYR525 | TYR525 | TYR572 | ALA556 | ALA556 | ALA556 | ARG415 | ALA556 | ARG415 | ARG415 | ARG415 | GLY509 | GLY462 | ARG415 | ARG415 | VAL608 | VAL561 | CYS513 | ALA466 | ALA466 | CYS513 | CYS513 | GLY462 | GLY462 | GLY462 | GLY558 | GLY558 | GLY367,3.77 | 3.72 | 3.66 | 3.59 | 3.68 | 3.88 | 3.63 | 3.87 | 3.86 | 3.71 | 3.53 | 3.73 | 3.34 | 3.48 | 3.63 | 3.84 | 3.55 | 3.67 | 3.82 | 3.30 | 3.85 | 3.87 | 3.80 | 3.44 | 3.14 | 3.83 | 3.75 | 3.43 | 3.77
minimized_CNP0136154.3_docked_4,VAL512 | VAL604 | LEU557 | VAL512,2.60 | 3.14 | 3.25 | 3.09,VAL420 | VAL369 | VAL369 | THR560 | TYR572 | PHE577 | PHE577 | TYR572 | TYR572 | TYR572 | TYR572 | TYR572 | SER602 | ARG415 | ARG415 | GLY603 | ALA556 | GLY603 | ARG415 | GLY364 | ALA366 | ALA366 | ALA366 | ALA556 | ALA556 | ALA556 | ALA556 | GLY509 | GLY509 | ALA510 | GLY603 | GLY364 | GLY364 | ARG415 | ARG415 | ARG415 | ALA556,3.83 | 3.73 | 3.87 | 3.71 | 3.54 | 3.87 | 3.48 | 3.88 | 3.67 | 3.67 | 3.80 | 3.73 | 3.90 | 3.17 | 3.11 | 3.80 | 3.59 | 3.81 | 3.64 | 3.72 | 3.74 | 3.08 | 3.41 | 3.33 | 3.78 | 3.01 | 3.89 | 3.63 | 3.90 | 3.53 | 3.48 | 3.88 | 3.32 | 3.35 | 3.49 | 3.67 | 3.79
minimized_CNP0136154.3_docked_5,VAL465 | VAL463,3.17 | 2.85,GLY605 | ALA366 | ALA366 | ALA366 | GLY417 | LYS323 | LYS323 | PRO322 | ILE559 | ILE559 | VAL561 | VAL561 | VAL561,3.56 | 3.83 | 3.63 | 3.86 | 3.60 | 3.64 | 3.73 | 3.87 | 3.58 | 3.87 | 3.69 | 3.89 | 3.40
minimized_CNP0136154.3_docked_6,GLN563 | THR560,2.90 | 3.02,GLN563 | PRO322 | PRO322 | GLN563 | GLN563 | GLY603 | GLY558 | ALA366 | ALA366 | ILE559 | ALA366 | VAL608 | VAL561 | CYS513 | CYS513 | CYS513,3.58 | 3.83 | 3.60 | 3.79 | 3.89 | 3.61 | 3.54 | 3.56 | 3.77 | 3.62 | 3.58 | 3.53 | 3.83 | 3.51 | 3.57 | 3.77
minimized_CNP0136154.3_docked_7,VAL512 | VAL465 | LEU557 | ILE416 | VAL465,2.88 | 2.81 | 3.06 | 3.34 | 3.17,VAL420 | VAL420 | VAL420 | CYS368 | CYS368 | ALA607 | THR560 | PHE577 | TYR572 | TYR572 | SER602 | ALA556 | ALA556 | ARG415 | ARG415 | ALA556 | ALA556 | ARG415 | ARG415 | ILE559 | ILE559 | ILE559 | GLY464 | GLY509 | GLY509 | GLY462 | GLY464 | VAL463 | GLY603 | ALA556 | ALA556 | ARG415 | ARG415 | ARG415 | GLY364 | ALA556,3.82 | 3.55 | 3.63 | 3.83 | 3.83 | 3.73 | 3.82 | 3.70 | 3.75 | 3.76 | 3.77 | 3.57 | 3.84 | 3.67 | 3.84 | 3.32 | 3.41 | 3.73 | 3.68 | 3.85 | 3.65 | 3.85 | 3.80 | 3.57 | 3.65 | 3.60 | 3.62 | 3.55 | 3.15 | 3.55 | 3.59 | 3.26 | 3.56 | 3.46 | 3.55 | 3.70
minimized_CNP0136154.3_docked_8,VAL465 | VAL463 | VAL606 | GLY367 | VAL561 | VAL561 | THR560,3.20 | 3.07 | 2.95 | 2.39 | 2.94 | 3.08 | 3.23,GLY605 | ALA366 | ALA366 | GLY417 | PRO322 | HIS562 | VAL561 | VAL561,3.41 | 3.76 | 3.67 | 3.86 | 3.62 | 3.54 | 3.79 | 3.65
minimized_CNP0136154.3_docked_9,VAL604 | LEU365 | ILE559 | VAL467 | ASN469,2.85 | 2.67 | 2.81 | 3.19 | 3.06,GLY603 | GLY603 | GLY364 | GLY364 | GLY462 | GLY462 | ILE559 | GLY511 | ILE559 | ALA366 | ARG470 | ASN469 | ARG470 | ASN469 | ARG470 | ARG470,3.69 | 3.55 | 3.85 | 3.56 | 3.74 | 3.73 | 3.71 | 3.34 | 3.63 | 3.86 | 3.81 | 3.68 | 3.66 | 3.69 | 3.58 | 3.84
minimized_CNP0136563.1_docked_1,HIS516 | HIS516 | VAL514 | VAL606 | VAL606 | GLY367 | GLY367 | VAL606 | VAL604 | VAL463 | ILE416,2.93 | 2.80 | 3.17 | 2.77 | 2.91 | 2.86 | 2.93 | 3.05 | 3.25 | 2.55 | 2.71,VAL514 | LEU468 | VAL514 | ILE559 | GLY511 | GLY605 | VAL608 | VAL608 | VAL608 | VAL561 | VAL561 | VAL561 | CYS513 | ALA466 | THR560 | ILE559,3.87 | 3.81 | 3.44 | 3.72 | 3.76 | 3.70 | 3.86 | 3.51 | 3.23 | 3.41 | 3.86 | 3.63 | 3.73 | 3.78 | 3.82 | 3.80
minimized_CNP0136563.1_docked_2,GLY372 | GLY371 | THR609 | ARG326 | ARG326 | VAL465 | VAL465 | VAL418 | VAL418 | VAL604 | VAL604 | LEU557,3.12 | 3.05 | 2.89 | 3.04 | 3.02 | 2.82 | 3.19 | 2.99 | 3.26 | 2.94 | 2.94 | 2.71,GLY372 | GLY371 | ILE559 | CYS513 | CYS513 | ALA466 | ALA466 | VAL420 | VAL369 | ALA607 | ALA607 | THR560,3.81 | 3.82 | 3.89 | 3.79 | 3.71 | 3.47 | 3.88 | 3.67 | 3.61 | 3.85 | 3.60 | 3.78
minimized_CNP0136563.1_docked_3,GLY372 | VAL369 | ARG326 | GLY371 | VAL512 | VAL465 | VAL465 | ILE416 | VAL604 | LEU365,3.17 | 2.86 | 3.05 | 3.09 | 2.72 | 2.78 | 2.86 | 3.16 | 2.92 | 2.72,VAL369 | VAL369 | VAL369 | GLY605 | ALA366 | ALA366 | THR560 | CYS513 | VAL467 | VAL420 | VAL420 | CYS368 | CYS368,3.78 | 3.50 | 3.73 | 3.86 | 3.68 | 3.57 | 3.62 | 3.44 | 3.86 | 3.65 | 3.84 | 3.73 | 3.73
minimized_CNP0136563.1_docked_4,GLN563 | HIS562 | ARG326 | GLY564 | GLN563 | VAL606 | VAL606 | GLY367 | GLY367 | ILE559 | ILE559 | ILE416 | ILE416 | LEU365,2.79 | 3.11 | 2.90 | 3.11 | 2.93 | 2.56 | 2.76 | 2.84 | 2.97 | 3.34 | 3.18 | 3.32 | 2.54 | 2.71,VAL561 | HIS562 | ARG326 | ILE559 | ILE559 | VAL418 | THR560,3.81 | 3.81 | 3.79 | 3.34 | 3.79 | 3.88 | 3.84
minimized_CNP0136563.1_docked_5,ARG470 | VAL467 | VAL606 | VAL606 | GLY367 | GLY367 | ALA510 | ALA510 | VAL463,3.01 | 2.86 | 2.76 | 3.10 | 3.05 | 3.35 | 3.03 | 3.16 | 3.14,VAL467 | LEU468 | VAL467 | VAL512 | VAL512 | GLY464 | VAL418 | CYS368 | VAL561 | VAL561 | VAL514 | ALA466,3.61 | 3.84 | 3.79 | 3.75 | 3.81 | 3.72 | 3.85 | 3.57 | 3.44 | 3.55 | 3.82 | 3.77
minimized_CNP0136563.1_docked_6,VAL606 | VAL606 | GLY367 | GLY367 | VAL606 | VAL604 | VAL463 | ILE416,2.81 | 2.91 | 2.82 | 2.85 | 3.01 | 3.24 | 2.59 | 2.72,GLY564 | GLN563 | ILE559 | GLY511 | GLY605 | VAL608 | VAL608 | VAL561 | VAL561 | VAL561 | VAL561 | CYS513 | CYS513 | ALA466 | THR560 | ILE559,3.89 | 3.88 | 3.71 | 3.79 | 3.67 | 3.75 | 3.46 | 3.33 | 3.89 | 3.79 | 3.61 | 3.86 | 3.59 | 3.68 | 3.83 | 3.78
minimized_CNP0136563.1_docked_7,ASP422 | VAL512 | VAL465 | VAL465 | ILE416 | VAL604 | LEU365,3.09 | 2.73 | 2.89 | 2.94 | 3.27 | 2.93 | 2.71,ASP422 | GLY605 | ALA366 | ALA366 | ILE559 | THR560 | ILE559 | CYS513 | CYS513 | VAL467 | VAL467 | VAL420 | VAL420 | CYS368,3.52 | 3.79 | 3.58 | 3.44 | 3.87 | 3.74 | 3.87 | 3.30 | 3.87 | 3.88 | 3.87 | 3.51 | 3.87 | 3.68
minimized_CNP0136563.1_docked_8,VAL369 | VAL512 | VAL465 | VAL465 | ILE416 | VAL604 | LEU365,2.89 | 2.61 | 2.68 | 2.94 | 2.86 | 3.02 | 2.69,VAL370 | GLY423 | ASP422 | GLY605 | ALA366 | ALA366 | THR560 | THR560 | ILE559 | VAL514 | LEU468 | VAL467 | VAL467 | VAL467 | ALA466,3.55 | 3.75 | 3.78 | 3.82 | 3.84 | 3.71 | 3.82 | 3.24 | 3.70 | 3.66 | 3.73 | 3.89 | 3.32 | 3.66 | 3.83
minimized_CNP0136563.1_docked_9,GLY564 | VAL465 | VAL418 | VAL418 | GLY367 | ALA510 | VAL512 | VAL465 | VAL465,2.97 | 2.83 | 2.57 | 3.18 | 3.01 | 3.08 | 2.92 | 2.96 | 3.20,GLY564 | GLY564 | ILE559 | ILE559 | THR560 | THR560 | PRO322 | ARG326 | ARG326 | GLN563 | HIS562 | PRO322 | VAL561 | VAL561 | VAL514 | VAL514 | VAL561,3.79 | 3.89 | 3.86 | 3.72 | 3.67 | 3.74 | 3.31 | 3.78 | 3.88 | 3.84 | 3.82 | 3.87 | 3.57 | 3.56 | 3.70 | 3.58 | 3.78
minimized_CNP0136758.5_docked_1,VAL606 | VAL606 | GLY367 | GLY367 | ILE559 | ILE559 | LEU557 | ALA510 | ILE416 | LEU365 | ILE559 | GLY372,3.05 | 2.89 | 3.02 | 2.79 | 3.22 | 3.20 | 3.11 | 3.06 | 2.67 | 3.01 | 2.79 | 2.97,ALA607 | CYS368 | ALA607 | VAL420 | VAL420 | VAL420 | VAL369 | ILE559 | ALA366,3.47 | 3.72 | 3.77 | 3.64 | 3.80 | 3.62 | 3.69 | 3.85 | 3.51
minimized_CNP0136758.5_docked_2,VAL606 | VAL606 | GLY367 | GLY367 | ILE559 | ILE559 | LEU557 | ALA510 | ILE416 | LEU365 | ILE559,2.99 | 2.80 | 3.03 | 2.77 | 3.12 | 3.16 | 3.13 | 3.09 | 2.70 | 3.07 | 2.81,GLY364 | LYS323 | LYS323 | PRO322 | LYS323 | ARG326 | ARG326 | ARG326 | VAL369 | ALA366,3.88 | 3.81 | 3.89 | 3.82 | 3.81 | 3.37 | 3.85 | 3.84 | 3.89 | 3.50
minimized_CNP0136758.5_docked_3,VAL606 | VAL606 | GLY367 | GLY367 | ILE559 | ILE559 | LEU557 | ALA510 | ILE416 | LEU365 | ILE559 | THR560 | GLN563,3.08 | 2.98 | 2.89 | 2.68 | 3.34 | 3.32 | 3.13 | 3.08 | 2.68 | 2.94 | 2.84 | 2.92 | 3.08,PRO322 | CYS513 | CYS513 | VAL561 | VAL561 | VAL561 | VAL561 | ALA366,3.52 | 3.51 | 3.71 | 3.78 | 3.89 | 3.57 | 3.80 | 3.40
minimized_CNP0136758.5_docked_4,VAL606 | VAL606 | GLY367 | GLY367 | ILE559 | ILE559 | ALA510 | LEU557 | ALA510 | ILE416 | ILE559 | VAL420,2.97 | 2.83 | 2.99 | 2.77 | 3.16 | 3.15 | 3.08 | 3.00 | 2.92 | 2.79 | 2.74 | 3.00,ARG415 | ARG415 | ILE421 | ALA607 | CYS368 | ALA607 | VAL420 | VAL420 | VAL420 | VAL369 | ILE559 | ALA366,3.68 | 3.78 | 3.80 | 3.52 | 3.66 | 3.85 | 3.61 | 3.73 | 3.54 | 3.69 | 3.84 | 3.51
minimized_CNP0136758.5_docked_5,ILE416 | LEU365 | GLY364 | SER508 | VAL604 | LEU557 | VAL512 | VAL465 | VAL465,2.65 | 3.21 | 2.89 | 2.93 | 2.82 | 3.23 | 3.01 | 3.06 | 3.05,ARG415 | ALA556 | GLY462 | GLY462 | GLY462 | VAL369 | VAL369 | VAL608 | ILE559 | ILE559 | GLY511 | ILE559 | ALA366 | VAL418 | VAL418 | CYS368 | ARG415 | ARG415 | GLY364 | GLY364 | ARG415,3.80 | 3.27 | 3.86 | 3.73 | 3.29 | 3.74 | 3.60 | 3.79 | 3.31 | 3.61 | 3.73 | 3.42 | 3.41 | 3.23 | 3.90 | 3.48 | 3.87 | 3.62 | 3.79 | 3.81 | 3.87
minimized_CNP0136758.5_docked_6,VAL418 | VAL418 | GLY367 | GLY367 | ILE416 | LEU365 | VAL463 | ILE416 | VAL604 | VAL604 | LEU557 | ALA556 | VAL606 | GLY367 | VAL514,2.96 | 2.99 | 2.96 | 2.85 | 3.04 | 3.12 | 2.89 | 2.86 | 2.91 | 3.09 | 2.94 | 3.20 | 2.73 | 2.99 | 3.00,GLY603 | GLY603 | ALA556 | ALA556 | ILE559 | ARG470 | CYS513 | CYS513 | VAL467 | VAL467 | VAL467 | VAL467 | ALA366,3.88 | 3.53 | 3.73 | 3.89 | 3.72 | 3.61 | 3.45 | 3.74 | 3.73 | 3.48 | 3.66 | 3.86 | 3.83
minimized_CNP0136758.5_docked_7,ILE559 | LEU557 | ALA510 | ALA510 | VAL512 | VAL512 | HIS562,2.88 | 3.28 | 2.80 | 2.76 | 2.96 | 3.07 | 3.33,GLY509 | VAL463 | GLY462 | GLY462 | GLY603 | PRO322 | ARG326 | THR560 | CYS513 | THR560 | CYS513 | VAL561 | ILE559 | GLY511,3.90 | 3.59 | 3.22 | 3.68 | 3.84 | 3.61 | 3.78 | 3.78 | 3.66 | 3.54 | 3.89 | 3.53 | 3.69 | 3.87
minimized_CNP0136758.5_docked_8,VAL465 | VAL418 | VAL418 | VAL604 | LEU365 | ALA510 | GLY462 | VAL606 | GLY367 | ARG470,3.01 | 2.69 | 3.09 | 3.21 | 2.94 | 2.89 | 3.21 | 2.89 | 2.89 | 2.81,GLY509 | GLY462 | ILE559 | ARG470 | ARG470 | VAL467 | ILE421 | ILE421 | VAL467 | CYS513 | ALA466 | VAL514 | THR560 | VAL561 | VAL561,3.74 | 3.61 | 3.83 | 3.49 | 3.90 | 3.33 | 3.83 | 3.49 | 3.86 | 3.73 | 3.79 | 3.81 | 3.67 | 3.80 | 3.70
minimized_CNP0136758.5_docked_9,VAL418 | VAL608 | ARG326 | VAL561 | THR560 | VAL608 | VAL608 | VAL465 | VAL512,3.16 | 3.10 | 2.95 | 2.90 | 2.92 | 3.05 | 3.03 | 3.18 | 3.11,VAL608 | GLY603 | SER363 | ALA556 | ARG415 | GLY364 | ALA556 | ARG415 | GLY509 | GLY462 | GLY462 | ALA366 | ILE559 | ILE559 | ILE559 | GLY558 | GLY558 | LEU557 | GLY603 | GLY603 | GLY603 | GLY603 | ALA556 | ALA556 | ALA556 | ALA556 | CYS368 | CYS368 | CYS368,3.78 | 3.53 | 3.86 | 3.86 | 3.33 | 3.63 | 3.48 | 3.87 | 3.55 | 3.79 | 2.97 | 3.46 | 3.26 | 3.85 | 3.86 | 3.79 | 3.63 | 3.81 | 3.65 | 3.48 | 3.85 | 3.11 | 3.63 | 3.87 | 3.59 | 3.87 | 3.86 | 3.79 | 3.86
minimized_CNP0136979.1_docked_1,VAL561 | VAL561 | THR560 | VAL465 | VAL418 | ILE416 | LEU557 | GLY509 | ILE416 | LEU365,3.07 | 2.75 | 2.96 | 3.03 | 2.51 | 2.86 | 2.96 | 2.92 | 2.68 | 3.03,GLY564 | PRO322 | PRO322 | VAL561 | VAL561 | VAL512 | VAL512 | GLY464 | GLY558 | THR560 | ILE559 | CYS513,3.71 | 3.85 | 3.33 | 3.85 | 3.80 | 3.73 | 3.83 | 3.68 | 3.35 | 3.77 | 3.85 | 3.66
minimized_CNP0136979.1_docked_2,THR560 | VAL606 | ILE559 | VAL604 | VAL604 | LEU557 | VAL463 | ILE416,3.32 | 2.71 | 2.78 | 2.67 | 3.13 | 2.80 | 2.85 | 2.98,PRO322 | GLN563 | VAL561 | VAL514 | VAL561 | VAL561 | VAL561 | GLY603 | ALA556 | ALA556 | GLY364 | ARG415 | GLY603 | GLY603 | VAL512 | VAL512 | GLY511 | GLY511 | GLY464 | GLY558 | ILE559 | VAL418 | CYS368,3.56 | 3.82 | 3.50 | 3.82 | 3.69 | 3.69 | 3.52 | 3.69 | 3.63 | 3.88 | 3.72 | 3.88 | 3.69 | 3.65 | 3.84 | 3.84 | 3.72 | 3.64 | 3.53 | 3.58 | 3.84 | 3.84 | 3.37
minimized_CNP0136979.1_docked_3,VAL465 | VAL418 | ILE416 | LEU557 | GLY509 | ILE416 | LEU365,2.82 | 2.80 | 3.05 | 2.94 | 2.88 | 2.58 | 3.12,GLY423 | VAL370 | VAL369 | VAL512 | GLY464 | ILE559 | GLY558 | ILE559 | THR560,3.90 | 3.85 | 3.55 | 3.81 | 3.71 | 3.86 | 3.84 | 3.82 | 3.79
minimized_CNP0136979.1_docked_4,VAL420 | THR560 | VAL418 | GLY367 | VAL604 | VAL604 | ALA556 | VAL463 | ILE416,2.92 | 3.16 | 2.99 | 3.02 | 2.91 | 3.06 | 3.20 | 2.61 | 3.04,GLY423 | GLY423 | VAL370 | GLY423 | VAL420 | VAL420 | VAL420 | GLY603 | ALA556 | ALA556 | ARG415 | ARG415 | GLY603 | GLY558 | GLY558,3.57 | 3.80 | 3.75 | 3.63 | 3.81 | 3.82 | 3.84 | 3.88 | 3.66 | 3.83 | 3.86 | 3.89 | 3.81 | 3.87 | 3.14
minimized_CNP0136979.1_docked_5,VAL420 | VAL420 | VAL606 | GLY367 | LEU557 | GLY509 | ILE416 | LEU365 | LEU557,3.17 | 2.88 | 3.15 | 2.71 | 2.86 | 2.93 | 3.35 | 3.22 | 2.69,LEU468 | LEU468 | ASN469 | ARG470 | ALA510 | GLY605 | GLY417 | ILE559 | ILE559 | ILE559 | ALA466 | GLY419,3.38 | 3.71 | 3.75 | 3.88 | 3.80 | 3.77 | 3.63 | 3.78 | 3.72 | 3.85 | 3.60 | 3.71
minimized_CNP0136979.1_docked_6,VAL467 | VAL467 | VAL606 | GLY367 | LEU557 | GLY509 | ILE416 | LEU365 | LEU557,3.30 | 3.03 | 2.75 | 3.04 | 2.94 | 2.83 | 2.65 | 2.80 | 2.92,HIS516 | HIS516 | VAL514 | LEU468 | LEU468 | LEU468 | VAL467 | ALA510 | GLY605 | GLY605 | ALA366 | GLY417 | ILE559 | ILE559 | ALA466,3.80 | 3.49 | 3.79 | 3.88 | 3.70 | 3.64 | 3.81 | 3.87 | 3.77 | 3.43 | 3.63 | 3.68 | 3.83 | 3.53 | 3.56
minimized_CNP0136979.1_docked_7,VAL561 | VAL561 | THR560 | ILE559 | VAL512 | LEU557 | GLY509 | ILE416 | LEU365 | LEU557,3.33 | 3.06 | 2.97 | 3.16 | 3.28 | 2.88 | 2.86 | 3.09 | 2.93 | 2.79,PRO322 | VAL561 | HIS516 | LEU515 | LEU515 | VAL561 | VAL561 | VAL561 | VAL561 | ALA510 | GLY558 | GLY417 | GLY417 | ILE559 | ALA607,3.77 | 3.20 | 3.76 | 3.69 | 3.88 | 3.81 | 3.78 | 3.65 | 3.42 | 3.89 | 3.60 | 3.59 | 2.99 | 3.85 | 3.85
minimized_CNP0136979.1_docked_8,VAL606 | ILE559 | LEU557 | GLY509 | ILE416 | LEU365 | LEU557 | ALA510,2.74 | 2.72 | 3.31 | 2.78 | 2.74 | 3.08 | 2.82 | 3.25,PRO322 | PRO322 | PRO322 | GLY509 | GLY509 | GLY605 | ALA366 | ALA366 | VAL465 | GLY417 | GLY417 | ILE559 | ILE559 | VAL418,3.73 | 3.89 | 3.74 | 3.81 | 3.89 | 3.64 | 3.72 | 3.52 | 3.89 | 3.87 | 3.20 | 3.83 | 3.66 | 3.79
minimized_CNP0136979.1_docked_9,GLY367 | LEU557 | GLY509 | ILE416 | LEU365 | LEU557,3.06 | 2.84 | 3.25 | 3.21 | 3.01 | 2.71,GLY423 | VAL370 | VAL420 | VAL370 | VAL370 | VAL420 | VAL420 | VAL420 | VAL606 | VAL606 | GLY605 | GLY605 | GLY558 | ILE559 | ALA466 | ALA466,3.63 | 3.44 | 3.68 | 3.89 | 3.61 | 3.80 | 3.86 | 3.85 | 3.76 | 3.74 | 3.79 | 3.71 | 3.37 | 3.74 | 3.34 | 3.42
minimized_CNP0136979.2_docked_1,VAL604 | VAL465 | VAL465 | VAL418 | VAL418 | VAL514 | VAL561 | VAL561 | THR560 | VAL467 | VAL467,3.24 | 2.95 | 3.29 | 2.91 | 3.10 | 3.08 | 2.73 | 3.15 | 3.07 | 3.06 | 2.84,TYR334 | TYR334 | ALA556 | ARG415 | ARG415 | GLY364 | ARG415 | ARG415 | ARG415 | ALA556 | ARG415 | GLY603 | GLY364 | ARG415 | GLY509 | VAL463 | GLY462 | THR560 | ILE559 | ILE559 | CYS513 | ALA466 | GLY419 | GLY605 | GLY417,3.85 | 3.50 | 2.90 | 3.43 | 3.80 | 3.76 | 3.38 | 3.60 | 3.84 | 3.57 | 3.86 | 3.16 | 3.49 | 3.52 | 3.89 | 3.65 | 3.87 | 3.86 | 2.95 | 3.54 | 3.38 | 3.43 | 3.55 | 3.78 | 3.89
minimized_CNP0136979.2_docked_2,VAL512 | ILE559 | LYS323 | LYS323 | THR609,3.24 | 2.98 | 2.92 | 2.81 | 3.25,ALA556 | GLY509 | VAL463 | GLY462 | GLY464 | ILE559 | VAL418 | CYS513 | GLY372 | ARG326,3.79 | 3.83 | 3.81 | 3.58 | 3.66 | 3.68 | 3.66 | 3.79 | 3.83 | 3.78
minimized_CNP0136979.2_docked_3,VAL512 | ILE559 | HIS516,3.18 | 3.13 | 3.15,ALA556 | ALA556 | GLY509 | GLY462 | GLY464 | ILE559 | VAL418 | ALA466 | GLN563 | GLY564,3.79 | 3.66 | 3.72 | 3.69 | 3.76 | 3.79 | 3.56 | 3.72 | 3.83 | 3.48
minimized_CNP0136979.2_docked_4,ILE559 | VAL512 | VAL465 | ILE416 | SER602,3.18 | 3.22 | 2.96 | 2.53 | 2.98,VAL467 | VAL467 | ALA466 | VAL420 | GLY558 | ALA556 | GLY603 | GLY603 | GLY364 | GLY364 | GLY462 | ARG415 | GLY462 | ARG415 | ALA556 | ALA556 | ALA556 | ALA556 | ALA556 | GLY603 | ALA556 | ALA556 | GLY509 | GLY509 | GLY464 | VAL463 | GLY462 | ILE416,3.58 | 3.89 | 3.72 | 3.70 | 3.73 | 3.66 | 3.35 | 3.13 | 3.51 | 2.98 | 3.75 | 3.76 | 3.78 | 3.82 | 3.17 | 3.82 | 3.46 | 3.78 | 3.11 | 3.52 | 3.25 | 3.60 | 3.59 | 3.89 | 3.74 | 3.33 | 3.64 | 3.78
minimized_CNP0136979.2_docked_5,VAL512 | GLY564,3.07 | 3.03,GLY603 | GLY603 | GLY462 | GLY462 | ARG415 | GLY417 | GLY417 | ALA366 | ILE559 | ALA366 | VAL418 | ALA466 | ALA466 | GLY564 | GLY564,3.67 | 3.78 | 3.74 | 3.41 | 3.84 | 3.33 | 3.58 | 3.48 | 3.39 | 3.88 | 3.72 | 3.51 | 3.78 | 3.51 | 3.87
minimized_CNP0136979.2_docked_6,VAL561 | ARG326 | ARG326 | LEU557 | VAL463 | VAL606 | ILE559 | ILE559,3.03 | 3.01 | 3.32 | 2.79 | 3.29 | 3.33 | 3.17 | 3.04,GLY564 | HIS516 | HIS516 | HIS516 | HIS516 | PRO322 | HIS562 | ILE559 | THR560 | CYS513 | VAL418 | ALA466,3.68 | 3.79 | 3.67 | 3.68 | 3.83 | 3.62 | 3.76 | 3.31 | 3.28 | 3.25 | 3.51 | 3.73
minimized_CNP0136979.2_docked_7,VAL512 | VAL465 | VAL465 | ILE416 | GLY364 | SER602,2.91 | 3.04 | 3.31 | 2.67 | 3.06 | 3.23,VAL420 | VAL420 | ALA607 | GLY558 | ALA556 | GLY603 | GLY603 | GLY364 | GLY364 | GLY462 | ARG415 | GLY462 | ARG415 | ALA556 | ALA556 | ALA556 | ALA556 | GLY603 | ALA556 | ALA556 | GLY509 | GLY509 | VAL463 | GLY462 | ILE416,3.65 | 3.89 | 3.77 | 3.86 | 3.87 | 3.37 | 2.93 | 3.55 | 2.76 | 3.73 | 3.73 | 3.70 | 3.75 | 3.28 | 3.23 | 3.82 | 3.01 | 3.71 | 3.12 | 3.61 | 3.49 | 3.67 | 3.43 | 3.47 | 3.77
minimized_CNP0136979.2_docked_8,GLY367 | VAL604 | SER508,3.04 | 3.28 | 2.89,VAL514 | CYS513 | CYS513 | GLY464 | ILE559 | TYR525 | GLY509 | GLY509 | GLY509 | GLY462 | ALA556 | GLY603 | ALA556 | ARG415 | ARG415 | ARG415 | ARG415 | ARG415 | ARG415 | GLY462 | ARG415 | ARG415 | GLY364 | GLY364 | ILE416 | LEU365 | GLY364,3.78 | 3.79 | 3.79 | 3.61 | 3.74 | 3.80 | 3.85 | 3.54 | 2.86 | 3.89 | 3.69 | 3.78 | 3.43 | 3.84 | 3.53 | 3.48 | 3.33 | 3.80 | 3.21 | 3.66 | 3.88 | 3.89 | 3.86 | 3.26 | 3.73 | 3.63 | 3.62
minimized_CNP0136979.2_docked_9,ILE559 | ARG326,2.89 | 2.99,GLY462 | GLY462 | GLY464 | GLY605 | GLY417 | GLY417 | ILE559 | VAL418 | CYS513 | CYS513 | GLY371,3.28 | 3.39 | 3.87 | 3.89 | 3.59 | 3.80 | 3.53 | 3.64 | 3.75 | 3.63 | 3.81
minimized_CNP0136979.3_docked_1,VAL608 | ILE559 | ILE416 | LEU557 | GLY509 | ASN414 | SER363,3.07 | 2.72 | 3.19 | 3.30 | 2.78 | 3.09 | 3.08,VAL561 | VAL561 | ALA607 | CYS368 | CYS368 | ILE559 | GLY511 | GLY417 | GLY417 | ASN414 | TYR334 | ALA556 | GLY603 | GLY364 | GLY603 | ALA556 | ARG415 | ARG415 | GLY462 | ARG415 | ARG415 | ARG415 | ARG415 | ARG415 | GLY509 | GLY509 | ALA556 | ALA556,3.65 | 3.86 | 3.74 | 3.81 | 3.71 | 3.43 | 3.66 | 3.77 | 3.36 | 3.88 | 3.88 | 3.78 | 3.04 | 3.74 | 3.84 | 3.35 | 3.55 | 3.59 | 3.67 | 3.58 | 3.46 | 3.80 | 3.80 | 3.75 | 3.79 | 3.82 | 3.78 | 3.85
minimized_CNP0136979.3_docked_2,VAL420 | VAL418 | LEU557 | ASN382,3.02 | 2.63 | 3.25 | 3.03,CYS368 | CYS368 | VAL420 | CYS368 | CYS368 | VAL369 | ALA466 | ALA466 | GLY558 | ALA556 | GLY509 | GLY603 | GLY364 | ALA556 | ARG415 | ARG415 | GLY462 | ARG415 | ARG415 | ARG415 | GLY364 | GLY364 | ALA556,3.90 | 3.88 | 3.65 | 3.63 | 3.86 | 3.62 | 3.71 | 3.81 | 3.83 | 3.74 | 3.67 | 3.21 | 3.87 | 3.29 | 3.61 | 3.71 | 3.62 | 3.73 | 3.64 | 3.79 | 3.80 | 3.87 | 3.84
minimized_CNP0136979.3_docked_3,VAL467 | VAL465 | VAL418 | LEU557 | ILE416 | GLN530,3.04 | 2.93 | 2.93 | 2.81 | 2.72 | 3.29,VAL420 | VAL420 | VAL420 | CYS513 | CYS513 | GLY417 | ILE559 | ILE559 | TYR572 | SER555 | ARG415 | GLY364 | ARG415 | ARG415 | ALA556 | GLY603 | ALA556 | ALA556 | GLY603 | ALA556 | ALA556 | GLY509 | GLY462,3.79 | 3.43 | 3.69 | 3.63 | 3.64 | 3.41 | 3.55 | 3.79 | 3.72 | 3.62 | 3.62 | 3.55 | 3.61 | 3.64 | 3.33 | 3.22 | 2.97 | 3.66 | 3.85 | 3.49 | 3.67 | 3.76 | 3.74
minimized_CNP0136979.3_docked_4,VAL467 | VAL420 | VAL606 | THR560 | ILE559 | LEU557 | ALA510 | VAL604 | LEU365 | VAL463 | VAL606,3.16 | 3.18 | 3.10 | 3.30 | 3.33 | 2.92 | 3.17 | 3.02 | 2.73 | 2.73 | 3.25,ASN469 | ASN469 | LEU468 | HIS516 | LEU468 | VAL467 | VAL467 | GLY603 | GLY603 | GLY364 | GLY464 | GLY558 | VAL418 | CYS368,3.77 | 3.69 | 3.68 | 3.89 | 3.22 | 3.62 | 3.69 | 3.76 | 3.52 | 3.60 | 3.72 | 3.26 | 3.73 | 3.53
minimized_CNP0136979.3_docked_5,VAL606 | GLY367 | LEU557 | VAL604 | LEU365 | VAL463 | ILE416,2.69 | 2.97 | 3.15 | 2.73 | 2.84 | 2.66 | 2.98,VAL561 | GLY564 | GLY564 | LEU515 | GLY564 | GLY603 | GLY603 | GLY364 | GLY364 | VAL512 | VAL512 | GLY511 | GLY464 | GLY605 | ALA366 | GLY419,3.73 | 3.78 | 3.82 | 3.71 | 3.80 | 3.78 | 3.66 | 3.58 | 3.30 | 3.64 | 3.68 | 3.89 | 3.48 | 3.54 | 3.88 | 3.86
minimized_CNP0136979.3_docked_6,GLY564 | VAL467 | VAL467 | VAL606 | THR560 | ILE559 | LEU557 | VAL604 | LEU365 | VAL463 | ILE416 | VAL606,3.00 | 3.08 | 3.09 | 3.15 | 3.15 | 3.05 | 2.94 | 2.89 | 2.88 | 2.69 | 3.28 | 3.31,GLY564 | LEU515 | HIS516 | HIS516 | GLY564 | VAL514 | GLY603 | GLY364 | GLY364 | GLY464 | GLY605 | GLY558,3.72 | 3.80 | 3.59 | 3.88 | 3.84 | 3.90 | 3.77 | 3.57 | 3.30 | 3.66 | 3.83 | 3.30
minimized_CNP0136979.3_docked_7,ARG470 | VAL420 | VAL606 | THR560 | ILE559 | LEU557 | ALA510 | VAL604 | LEU365 | VAL463 | ILE416 | VAL606,3.20 | 3.27 | 3.07 | 3.16 | 3.14 | 3.11 | 3.12 | 2.94 | 2.64 | 2.71 | 3.17 | 3.30,ARG470 | ARG470 | ASP422 | VAL467 | VAL467 | GLY603 | GLY603 | GLY364 | GLY464 | GLY558 | CYS368,3.82 | 3.50 | 3.83 | 3.56 | 3.80 | 3.70 | 3.51 | 3.58 | 3.68 | 3.29 | 3.64
minimized_CNP0136979.3_docked_8,VAL467 | VAL467 | VAL606 | THR560 | LEU557 | ALA510 | VAL604 | LEU365 | VAL463 | ILE416,2.83 | 3.20 | 3.24 | 3.32 | 3.01 | 3.19 | 2.81 | 2.64 | 2.70 | 3.21,ASN469 | ASN469 | LEU468 | LEU468 | GLY603 | GLY603 | GLY364 | GLY364 | VAL512 | GLY464 | GLY605 | GLY558 | GLY419 | VAL418,3.88 | 3.61 | 3.41 | 3.68 | 3.74 | 3.59 | 3.84 | 3.55 | 3.88 | 3.70 | 3.88 | 3.37 | 3.87 | 3.84
minimized_CNP0136979.3_docked_9,ASP422 | VAL606 | ILE559 | LEU557 | VAL463,2.98 | 2.84 | 2.86 | 2.68 | 2.98,ARG470 | ASN469 | ASN469 | VAL467 | VAL467 | ARG415 | GLY364 | GLY364 | GLY509 | GLY509 | VAL512 | VAL512 | GLY511 | GLY511 | GLY464 | GLY605,3.74 | 3.87 | 3.59 | 3.60 | 3.71 | 3.62 | 3.71 | 3.51 | 3.70 | 3.69 | 3.68 | 3.84 | 3.79 | 3.78 | 3.14 | 3.88
minimized_CNP0137465.1_docked_1,ALA510 | LEU557 | ALA510 | VAL418 | VAL606 | GLY367,2.84 | 2.85 | 2.92 | 3.17 | 2.71 | 3.17,GLY603 | GLY603 | GLY417 | CYS513 | CYS513 | VAL561 | VAL561 | ALA466 | ALA366 | ALA366,3.80 | 3.50 | 3.61 | 3.61 | 3.71 | 3.72 | 3.64 | 3.65 | 3.81 | 3.76
minimized_CNP0137465.1_docked_2,ALA510 | LEU557 | ALA510 | VAL606 | VAL606 | VAL465 | VAL465 | VAL418 | VAL418,3.03 | 2.93 | 2.90 | 3.33 | 3.20 | 3.05 | 3.27 | 2.91 | 2.96,GLY603 | GLY364 | ILE559 | ALA607 | CYS368 | VAL369 | VAL369 | GLY417,3.73 | 3.71 | 3.83 | 3.74 | 3.80 | 3.48 | 3.59 | 3.82
minimized_CNP0137465.1_docked_3,ALA510 | LEU557 | ALA510 | VAL606 | ILE559 | VAL418,3.15 | 3.07 | 2.91 | 3.28 | 3.09 | 2.94,GLY603 | GLY364 | ILE559 | VAL608 | ILE559 | CYS513 | THR560 | CYS513 | GLY417,3.81 | 3.61 | 3.68 | 3.88 | 3.71 | 3.79 | 3.74 | 3.84 | 3.85
minimized_CNP0137465.1_docked_4,ALA510 | LEU557 | ALA510 | VAL606 | VAL465 | VAL418,3.05 | 2.91 | 2.95 | 3.13 | 3.19 | 2.99,GLY603 | GLY364 | VAL467 | CYS513 | CYS513 | GLY417,3.62 | 3.73 | 3.80 | 3.83 | 3.82 | 3.82
minimized_CNP0137465.1_docked_5,VAL463 | ILE416 | ALA510 | VAL463 | LEU557 | ALA510 | ILE559 | VAL465,2.96 | 3.17 | 2.87 | 2.91 | 3.00 | 3.24 | 2.84 | 2.79,ARG415 | GLY364 | GLY364 | GLY558 | ALA466 | VAL467 | VAL467 | CYS368 | VAL420 | VAL467,3.68 | 3.72 | 3.70 | 3.82 | 3.85 | 3.71 | 3.22 | 3.65 | 3.59 | 3.87
minimized_CNP0137465.1_docked_6,ALA510 | LEU557 | ALA510 | VAL418 | VAL418 | VAL606,3.26 | 3.12 | 2.83 | 2.92 | 2.94 | 3.08,GLY603 | GLY364 | GLY417 | LEU468 | THR560 | VAL561 | CYS513 | VAL514 | VAL514 | VAL514 | VAL514 | ILE559,3.89 | 3.68 | 3.77 | 3.62 | 3.80 | 3.80 | 3.80 | 3.86 | 3.62 | 3.86 | 3.70 | 3.88
minimized_CNP0137465.1_docked_7,LEU557 | VAL604 | LEU557 | VAL606 | GLY367 | VAL512 | VAL465,2.71 | 2.81 | 2.73 | 3.15 | 3.08 | 2.81 | 3.03,ARG415 | ARG415 | GLY364 | GLY364 | GLY605 | ALA366 | CYS368 | VAL420 | VAL420 | ALA607 | ALA607 | ALA366,3.67 | 3.27 | 3.87 | 3.72 | 3.75 | 3.79 | 3.82 | 3.66 | 3.45 | 3.73 | 3.64 | 3.70
minimized_CNP0137465.1_docked_8,ILE416 | LEU365 | VAL465 | VAL465,2.75 | 3.00 | 2.99 | 3.29,GLY509 | GLY509 | VAL463 | GLY462 | GLY462 | GLY605 | LEU468 | CYS513 | THR560 | CYS513 | VAL561 | CYS513 | VAL467 | VAL467 | VAL514 | VAL514 | VAL514 | VAL514 | ILE559,3.85 | 3.47 | 3.78 | 3.39 | 3.90 | 3.48 | 3.74 | 3.85 | 3.73 | 3.61 | 3.71 | 3.59 | 3.85 | 3.80 | 3.77 | 3.65 | 3.82 | 3.78 | 3.89
minimized_CNP0137465.1_docked_9,ILE416 | LEU365 | VAL512 | VAL512 | VAL465,2.71 | 2.86 | 2.72 | 3.26 | 3.04,GLY509 | GLY509 | VAL463 | GLY462 | GLY605 | VAL420 | ALA466 | VAL420 | VAL420 | VAL420 | VAL420 | VAL420,3.86 | 3.49 | 3.89 | 3.50 | 3.85 | 3.69 | 3.73 | 3.60 | 3.53 | 3.48 | 3.78 | 3.74
minimized_CNP0137465.2_docked_1,ALA510 | VAL463 | LEU557 | ALA510 | VAL606 | GLY367 | GLY367 | VAL418 | ILE559,3.05 | 3.13 | 3.30 | 3.24 | 3.18 | 3.18 | 3.07 | 3.04 | 3.07,ARG415 | ARG415 | GLY364 | GLY364 | GLY417 | ALA366 | CYS513 | ALA466 | VAL420 | VAL420 | VAL467 | VAL467 | GLY605 | ALA366 | ALA366 | ILE559,3.82 | 3.60 | 3.71 | 3.78 | 3.46 | 3.83 | 3.87 | 3.75 | 3.77 | 3.41 | 3.63 | 3.47 | 3.70 | 3.82 | 3.90 | 3.50
minimized_CNP0137465.2_docked_2,ALA510 | LEU557 | ALA510 | VAL606 | VAL418,2.89 | 3.03 | 3.08 | 3.15 | 3.01,ARG415 | GLY364 | GLY364 | ILE559 | VAL514 | VAL561 | VAL561,3.85 | 3.74 | 3.83 | 3.74 | 3.80 | 3.72 | 3.71
minimized_CNP0137465.2_docked_3,VAL604 | LEU365 | ILE416 | LEU365 | VAL512 | VAL512 | VAL606 | ILE559,3.14 | 3.05 | 2.58 | 2.45 | 2.77 | 2.87 | 3.29 | 3.03,ALA556 | ALA556 | GLY509 | GLY509 | GLY558 | VAL369 | VAL369 | VAL420 | VAL420 | VAL420,3.83 | 3.54 | 3.60 | 3.89 | 3.72 | 3.84 | 3.66 | 3.80 | 3.79 | 3.87
minimized_CNP0137465.2_docked_4,LEU557 | ALA510 | VAL463 | VAL512 | VAL606 | VAL418,2.87 | 2.77 | 3.01 | 3.00 | 3.29 | 3.26,GLY603 | GLY603 | GLY509 | ALA466 | VAL420 | VAL420 | VAL420 | VAL420 | VAL420 | VAL420,3.80 | 3.83 | 3.79 | 3.72 | 3.76 | 3.85 | 3.71 | 3.62 | 3.65 | 3.51
minimized_CNP0137465.2_docked_5,LEU365 | ILE416 | LEU365 | VAL512 | VAL512 | ILE559 | ARG326,3.25 | 2.49 | 2.49 | 3.20 | 2.88 | 3.05 | 3.01,ALA556 | ALA556 | GLY509 | GLY509 | GLY558 | CYS368 | VAL420 | ALA607 | ALA607 | VAL369,3.78 | 3.49 | 3.62 | 3.89 | 3.79 | 3.76 | 3.83 | 3.51 | 3.51 | 3.67
minimized_CNP0137465.2_docked_6,LEU557 | ALA510 | VAL463 | VAL418 | ARG326 | ARG326,2.93 | 2.73 | 3.23 | 2.90 | 2.82 | 3.16,GLY603 | GLY603 | GLY509 | PRO322 | ALA607 | CYS368 | ARG326,3.69 | 3.77 | 3.89 | 3.83 | 3.90 | 3.87 | 3.74
minimized_CNP0137465.2_docked_7,LEU557 | ALA510 | ALA510 | VAL606 | ILE559 | VAL418,2.76 | 2.87 | 2.92 | 3.11 | 3.35 | 3.00,ALA466 | VAL467 | VAL420 | VAL467 | VAL467 | VAL467,3.76 | 3.86 | 3.48 | 3.78 | 3.55 | 3.71
minimized_CNP0137465.2_docked_8,GLN563 | HIS562 | VAL561 | ARG326 | THR560,3.25 | 3.12 | 3.04 | 3.12 | 2.91,ARG326 | PRO322 | VAL561 | VAL561 | VAL418 | CYS368 | ALA366 | ALA366 | ALA366 | GLY509 | VAL512 | GLY367 | ILE559 | ILE559 | ILE559 | GLY509 | GLY509 | GLY509 | VAL608,3.65 | 3.86 | 3.86 | 3.31 | 3.88 | 3.88 | 3.61 | 3.78 | 3.86 | 3.70 | 3.86 | 3.76 | 3.78 | 3.72 | 3.78 | 3.79 | 3.65 | 3.69 | 3.62
minimized_CNP0137465.2_docked_9,VAL606 | VAL606 | GLY367 | GLY367 | VAL418 | ILE416,3.12 | 3.10 | 3.17 | 3.10 | 3.24 | 2.72,VAL606 | GLY605 | GLY558 | ALA366 | ARG415 | ARG415 | GLY603 | ALA556 | ALA556 | GLY462 | ARG415 | ARG415 | ARG415 | ALA556 | ARG415 | ALA556 | GLY509 | ALA556 | TYR525 | TYR525 | TYR525 | TYR572 | TYR572 | TYR572 | ALA556 | GLY364 | GLY364 | ARG415,3.90 | 3.75 | 3.31 | 3.52 | 2.70 | 3.51 | 3.88 | 2.68 | 3.52 | 3.67 | 3.78 | 3.56 | 3.87 | 3.59 | 3.82 | 3.74 | 3.41 | 3.75 | 3.62 | 3.47 | 3.70 | 3.87 | 3.81 | 3.46 | 3.73 | 3.57 | 3.62 | 3.67
minimized_CNP0137718.1_docked_1,VAL604 | ALA510 | ILE416 | LEU365,2.99 | 2.73 | 2.81 | 3.27,ALA556 | GLY509 | GLY509 | GLY603 | ALA607 | VAL369 | ILE559 | VAL420 | CYS368 | CYS368 | ILE559,3.46 | 3.87 | 3.86 | 3.83 | 3.30 | 3.76 | 3.74 | 3.79 | 3.55 | 3.83 | 3.41
minimized_CNP0137718.1_docked_2,ILE416 | VAL604 | LEU557 | ALA510 | VAL463 | ILE559 | THR560,2.87 | 2.93 | 3.02 | 2.93 | 3.05 | 2.91 | 3.18,GLY603 | THR560 | CYS513 | VAL467 | LEU468 | CYS513 | ALA466 | VAL514 | VAL514 | ALA466 | VAL514 | VAL514 | LEU468 | ILE559,3.78 | 3.42 | 3.70 | 3.75 | 3.67 | 3.78 | 3.79 | 3.67 | 3.57 | 3.85 | 3.73 | 3.68 | 3.55 | 3.74
minimized_CNP0137718.1_docked_3,ILE416 | VAL604 | LEU557 | VAL512 | THR560,2.83 | 2.81 | 2.99 | 3.19 | 2.92,GLY603 | GLY603 | ALA556 | CYS513 | ALA466 | VAL420 | VAL420 | ARG470 | VAL467 | VAL467 | VAL467 | ILE559 | ILE559 | ILE559,3.84 | 3.66 | 3.64 | 3.60 | 3.54 | 3.72 | 3.51 | 3.38 | 3.82 | 3.79 | 3.67 | 3.63 | 3.05 | 3.89
minimized_CNP0137718.1_docked_4,VAL604 | LEU557 | LEU557 | LEU557 | GLY509 | ILE416 | LEU365 | VAL418 | VAL512,2.99 | 3.12 | 2.79 | 3.12 | 2.86 | 2.96 | 3.05 | 3.21 | 3.11,ALA510 | CYS368 | ALA607 | CYS368 | ALA607 | VAL369 | ARG326 | ILE559,3.63 | 3.80 | 3.73 | 3.73 | 3.80 | 3.84 | 3.75 | 3.81
minimized_CNP0137718.1_docked_5,ILE416 | VAL604 | LEU557 | ALA510 | ILE559,2.98 | 3.12 | 3.01 | 3.28 | 3.30,GLY603 | GLY603 | ALA556 | VAL514 | VAL514 | VAL514 | ALA466 | THR560 | VAL561 | CYS513 | ALA366,3.76 | 3.48 | 3.59 | 3.56 | 3.23 | 3.77 | 3.87 | 3.90 | 3.67 | 3.57 | 3.75
minimized_CNP0137718.1_docked_6,ALA510 | VAL463 | ILE416 | VAL604 | LEU557 | VAL465,2.90 | 2.92 | 2.70 | 2.81 | 3.21 | 2.97,GLY462 | GLY462 | ALA556 | ALA556 | ALA466 | GLY419 | VAL420 | CYS368 | VAL420 | VAL420 | CYS368 | VAL420 | VAL420 | VAL420 | GLY464 | ILE559 | ILE559,3.50 | 3.64 | 3.89 | 3.75 | 3.86 | 3.77 | 3.64 | 3.61 | 3.43 | 3.83 | 3.69 | 3.86 | 3.68 | 3.44 | 3.73 | 3.87 | 3.70
minimized_CNP0137718.1_docked_7,LEU557 | ALA510 | VAL463 | ILE416 | VAL604,3.24 | 3.11 | 2.64 | 2.66 | 2.71,ALA556 | ALA556 | ALA556 | LEU557 | CYS368 | VAL561 | ARG326 | ARG326 | ALA366 | ILE559 | ALA366,3.85 | 3.70 | 3.60 | 3.86 | 3.90 | 3.77 | 3.68 | 3.70 | 3.79 | 3.84 | 3.83
minimized_CNP0137718.1_docked_8,ILE416 | VAL604 | LEU557 | ALA510 | VAL465 | THR560,2.77 | 2.85 | 3.01 | 3.09 | 3.01 | 2.89,VAL463 | CYS513 | VAL561 | GLY417 | ALA366,3.62 | 3.50 | 3.69 | 3.54 | 3.71
minimized_CNP0137718.1_docked_9,LEU557 | VAL604 | LEU365 | VAL512 | ALA510 | VAL608 | THR560,3.19 | 2.83 | 2.78 | 3.03 | 3.25 | 3.18 | 2.69,GLY605 | ILE559 | VAL561 | VAL561 | VAL561 | VAL561 | PRO322 | PRO322 | PRO322 | GLN563 | PRO322 | PRO322 | PRO322 | VAL418,3.59 | 3.37 | 3.86 | 3.54 | 3.68 | 3.43 | 3.79 | 3.46 | 3.89 | 3.58 | 3.49 | 3.78 | 3.45 | 3.81
minimized_CNP0137718.2_docked_1,VAL604 | VAL463 | ILE416 | ARG415 | LEU557 | ALA510 | VAL606 | GLY367 | GLY367,2.66 | 2.70 | 2.70 | 3.07 | 3.14 | 3.05 | 3.11 | 3.01 | 3.25,GLY462 | GLY462 | ARG415 | ARG415 | VAL608 | VAL608 | VAL608 | VAL608 | CYS513 | ILE559,3.61 | 3.36 | 3.58 | 3.84 | 3.78 | 3.50 | 3.82 | 3.85 | 3.75 | 3.24
minimized_CNP0137718.2_docked_2,ALA510 | VAL604 | LEU557 | VAL463 | ILE416 | VAL512,2.94 | 2.75 | 2.96 | 2.94 | 2.86 | 3.05,GLY603 | GLY603 | VAL514 | VAL514 | GLY419 | VAL467 | VAL467 | VAL467 | ALA366 | ILE559,3.60 | 3.58 | 3.62 | 3.84 | 3.61 | 3.70 | 3.60 | 3.83 | 3.84 | 3.84
minimized_CNP0137718.2_docked_3,ALA510 | ALA510 | VAL604 | VAL463 | ILE416 | VAL418 | VAL465 | ARG326,3.35 | 3.23 | 2.96 | 2.70 | 2.86 | 2.75 | 2.89 | 3.05,GLY464 | PRO322 | PRO322 | THR560 | CYS513 | THR560 | THR560 | VAL561 | VAL608 | ARG326 | ARG326 | THR560 | VAL418 | ALA366 | ALA366,3.87 | 3.53 | 3.76 | 3.76 | 3.42 | 3.79 | 3.51 | 3.80 | 3.79 | 3.57 | 3.61 | 3.90 | 3.85 | 3.86 | 3.72
minimized_CNP0137718.2_docked_4,ALA510 | VAL604 | LEU557 | VAL463 | ILE416 | VAL465,2.86 | 2.56 | 2.84 | 3.06 | 2.72 | 2.99,GLY603 | ALA556 | ALA556 | VAL467 | VAL467 | CYS368 | VAL420 | VAL420 | CYS368 | VAL420 | ALA366 | ALA366,3.89 | 3.70 | 3.89 | 3.60 | 3.64 | 3.51 | 3.36 | 3.60 | 3.87 | 3.86 | 3.08 | 3.72
minimized_CNP0137718.2_docked_5,LEU557 | VAL604 | LEU365 | ALA510 | VAL463 | VAL418 | VAL465 | VAL418 | ARG326,2.94 | 2.84 | 3.00 | 3.02 | 2.98 | 2.89 | 2.78 | 2.97 | 3.30,LEU365 | GLY464 | CYS513 | ALA607 | ALA607 | ALA607 | VAL369,3.88 | 3.81 | 3.83 | 3.39 | 3.74 | 3.51 | 3.68
minimized_CNP0137718.2_docked_6,LEU557 | ALA510 | LEU557 | GLY367 | GLY367,3.15 | 2.87 | 2.81 | 3.24 | 2.89,GLY464 | ILE559 | ILE559 | VAL369 | VAL369 | VAL369 | GLY419 | VAL420 | ARG326 | ILE559,3.85 | 3.68 | 3.69 | 3.81 | 3.57 | 3.89 | 3.54 | 3.77 | 3.83 | 3.46
minimized_CNP0137718.2_docked_7,VAL604 | LEU365 | VAL606 | GLY367 | ILE416 | VAL420,2.89 | 2.96 | 3.35 | 3.03 | 2.98 | 3.14,GLY417 | ALA366 | ALA366 | GLY605 | ILE559 | VAL467 | ARG470 | ARG470,3.77 | 3.74 | 3.70 | 3.50 | 3.58 | 3.75 | 3.78 | 3.73
minimized_CNP0137718.2_docked_8,VAL369 | VAL608 | VAL418,3.18 | 2.75 | 2.93,ALA366 | ALA366 | GLY364 | GLY364 | ARG415 | ARG415 | ARG415 | GLY364 | ILE559 | ILE559 | GLY558 | ALA556 | GLY509 | GLY509 | ALA556 | ALA556 | ALA556 | ALA556 | GLY509 | ARG415 | GLY462 | ARG415 | ARG415 | ARG415 | ALA556 | GLY462 | ARG415 | ARG415 | ILE559,3.75 | 3.66 | 3.74 | 3.76 | 2.88 | 3.39 | 3.36 | 3.22 | 3.84 | 3.72 | 3.89 | 3.90 | 3.82 | 3.62 | 3.83 | 3.73 | 3.66 | 3.12 | 3.43 | 3.84 | 3.08 | 3.58 | 3.49 | 3.61 | 3.21 | 3.88 | 3.82 | 3.69 | 3.74
minimized_CNP0137718.2_docked_9,VAL561 | THR560 | VAL514 | VAL418 | GLY367,3.21 | 2.87 | 2.79 | 2.95 | 3.09,VAL561 | ALA366 | ALA366 | GLY364 | GLY364 | ARG415 | ARG415 | ARG415 | ARG415 | GLY364 | ILE559 | ILE559 | ALA556 | GLY509 | GLY509 | ALA556 | ALA556 | ALA556 | ALA556 | GLY509 | ARG415 | ALA556 | GLY462 | ARG415 | ARG415 | ARG415 | ALA556 | ARG415 | ARG415 | ILE559,3.68 | 3.77 | 3.73 | 3.74 | 3.73 | 3.90 | 2.83 | 3.38 | 3.40 | 3.25 | 3.75 | 3.70 | 3.84 | 3.72 | 3.50 | 3.74 | 3.67 | 3.54 | 3.03 | 3.40 | 3.78 | 3.87 | 3.23 | 3.51 | 3.48 | 3.68 | 3.20 | 3.81 | 3.73 | 3.66
minimized_CNP0138875.0_docked_1,VAL463 | VAL467 | ARG470,3.22 | 3.02 | 2.98,GLY603 | ALA556 | ALA556 | GLY364 | GLY509 | GLY462 | ALA366 | GLY464 | ARG470 | ARG470 | VAL467 | VAL420,3.55 | 3.46 | 3.69 | 3.61 | 3.72 | 3.90 | 3.39 | 3.66 | 3.46 | 3.76 | 3.19 | 3.64
minimized_CNP0138875.0_docked_2,VAL465 | VAL561,3.17 | 3.30,GLY603 | ALA556 | ALA556 | GLY364 | GLY509 | ALA366 | ILE559 | GLY464 | ALA466 | GLY564 | VAL561 | LEU515,3.68 | 3.48 | 3.45 | 3.87 | 3.89 | 3.19 | 3.81 | 3.88 | 3.61 | 3.66 | 3.74 | 3.63
minimized_CNP0138875.0_docked_3,VAL604 | GLY423 | ASP422,2.55 | 2.91 | 2.85,GLY462 | ALA556 | GLY509 | GLY509 | GLY603 | ALA366 | ALA366 | ILE559 | ILE559 | ALA366 | ALA366 | GLY605 | ALA366 | ALA366 | ILE559 | ILE559 | ARG470 | VAL420 | VAL467 | GLY419 | ALA466,3.38 | 3.70 | 3.63 | 3.82 | 3.65 | 3.66 | 3.81 | 2.83 | 3.86 | 3.48 | 3.73 | 3.50 | 3.73 | 3.44 | 3.80 | 3.45 | 3.68 | 3.78 | 3.81 | 3.81 | 3.87
minimized_CNP0138875.0_docked_4,GLN563,3.08,GLY564 | GLY564 | VAL561 | VAL561 | HIS562 | VAL561 | GLY464 | GLY417 | GLY558 | ILE559 | THR560 | ALA607,3.84 | 3.89 | 3.81 | 3.74 | 3.89 | 3.78 | 3.61 | 3.63 | 3.54 | 3.88 | 3.83 | 3.75
minimized_CNP0138875.0_docked_5,,,GLN563 | PRO322 | VAL561 | VAL561 | GLY464 | VAL606 | VAL606 | GLY605 | GLY605 | GLY558 | ALA366,3.41 | 3.51 | 3.39 | 3.79 | 3.76 | 3.72 | 3.70 | 3.77 | 3.70 | 3.36 | 3.52
minimized_CNP0138875.0_docked_6,VAL512,3.34,GLY603 | GLY364 | ARG415 | ALA556 | ALA556 | ALA366 | GLY464 | GLY464 | GLY417 | ILE559 | ILE559 | VAL418 | ALA366 | VAL418 | ALA366 | THR560,3.62 | 3.84 | 3.89 | 3.77 | 3.39 | 3.79 | 3.88 | 3.77 | 3.85 | 3.01 | 2.96 | 3.64 | 3.68 | 3.35 | 3.90 | 3.55
minimized_CNP0138875.0_docked_7,GLN563 | ILE559 | LEU557,3.22 | 3.24 | 3.04,GLY564 | GLY564 | GLN563 | GLY464 | VAL606 | GLY605 | GLY605 | GLY558 | ILE559 | ILE559 | VAL561,3.71 | 3.59 | 3.68 | 3.45 | 3.77 | 3.87 | 3.81 | 3.57 | 3.55 | 3.75 | 3.87
minimized_CNP0138875.0_docked_8,VAL606 | GLY367 | VAL606 | GLN563,2.97 | 2.99 | 2.98 | 3.06,GLY417 | ALA366 | ILE559 | ILE559 | THR560 | CYS513 | PRO322 | GLN563 | GLN563 | GLY564 | VAL561 | GLN563 | GLN563 | GLN563 | VAL561 | VAL561,3.40 | 3.87 | 3.28 | 3.85 | 3.63 | 3.44 | 3.79 | 3.87 | 3.85 | 3.49 | 3.73 | 3.84 | 3.79 | 3.64 | 3.81 | 3.80
minimized_CNP0138875.0_docked_9,ILE559 | GLY367 | ILE559 | VAL369 | LYS323,2.90 | 3.09 | 2.64 | 3.15 | 3.15,GLY464 | ILE559 | ALA466 | ALA466 | GLY419 | GLY419 | GLY372 | VAL369 | VAL420 | VAL420 | VAL420,3.39 | 3.89 | 3.60 | 3.84 | 3.90 | 3.68 | 3.44 | 3.76 | 3.66 | 3.31 | 3.60
minimized_CNP0139000.1_docked_1,VAL463 | ILE416 | ALA510 | VAL604 | LEU365 | THR560,3.27 | 2.98 | 2.72 | 3.02 | 2.98 | 2.94,ALA556 | ALA556 | ALA556 | ARG415 | ALA556 | ALA556 | GLY509 | VAL561 | VAL561 | VAL561 | VAL561 | VAL561 | VAL561 | VAL561 | ALA466 | ILE559 | GLY417 | ILE559 | GLY509 | GLY462 | GLY462 | ARG415 | ARG415 | ARG415 | ARG415,3.89 | 3.87 | 3.53 | 3.89 | 3.44 | 3.81 | 3.52 | 3.79 | 3.74 | 3.87 | 3.88 | 3.60 | 3.62 | 3.46 | 3.79 | 3.68 | 3.85 | 3.48 | 3.77 | 3.71 | 3.48 | 3.57 | 3.57 | 3.84 | 3.74
minimized_CNP0139000.1_docked_2,VAL512 | VAL465 | VAL604 | LEU365 | LEU557 | VAL604 | LEU557 | ILE559 | VAL606 | GLY367,2.88 | 2.82 | 3.04 | 3.10 | 3.10 | 2.70 | 2.97 | 3.09 | 3.20 | 2.70,GLY603 | GLN563 | PRO322 | GLN563 | VAL561 | HIS562 | VAL561 | VAL561 | VAL561 | VAL561 | VAL561 | VAL561 | VAL561 | VAL561 | ALA466 | ALA466 | GLY417,3.57 | 3.64 | 3.89 | 3.84 | 3.86 | 3.85 | 3.47 | 3.67 | 3.69 | 3.83 | 3.87 | 3.74 | 3.83 | 3.55 | 3.83 | 3.68 | 3.80
minimized_CNP0139000.1_docked_3,VAL606 | GLY367 | ALA510 | VAL463 | ILE416 | ALA510 | VAL463 | VAL418 | VAL418 | VAL606 | VAL561,3.13 | 2.88 | 3.15 | 2.94 | 3.04 | 2.91 | 3.25 | 2.85 | 3.12 | 2.77 | 2.94,GLY509 | PRO322 | PRO322 | ARG326 | ARG326 | ARG326 | VAL608 | VAL608 | VAL608 | GLY419 | CYS368 | ALA366,3.87 | 3.81 | 3.72 | 3.77 | 3.73 | 3.61 | 3.79 | 3.83 | 3.72 | 3.59 | 3.51 | 3.88
minimized_CNP0139000.1_docked_4,VAL606 | GLY367 | GLY367 | ALA510 | ILE416 | VAL463 | ILE416 | VAL418 | VAL418 | VAL512 | VAL465,3.17 | 3.02 | 2.80 | 2.97 | 2.96 | 2.70 | 3.05 | 3.21 | 3.08 | 2.94 | 2.90,GLY462 | ARG470 | ARG470 | ARG470 | ASN469 | ARG470 | ARG470 | ARG470 | VAL467 | VAL467 | ALA466 | GLY419 | ALA366,3.71 | 3.74 | 3.69 | 3.84 | 3.66 | 3.86 | 3.64 | 3.72 | 3.70 | 3.63 | 3.46 | 3.57 | 3.87
minimized_CNP0139000.1_docked_5,VAL512 | VAL465 | LEU557 | ALA510 | GLY509 | ALA510 | ILE559 | VAL606 | GLY367,2.88 | 2.77 | 2.91 | 3.18 | 2.82 | 2.74 | 2.81 | 3.19 | 3.10,ALA556 | ALA556 | HIS516 | HIS516 | VAL514 | VAL514 | VAL561 | VAL561 | VAL561 | VAL561 | ALA466 | ALA466 | THR560,3.83 | 3.47 | 3.71 | 3.79 | 3.28 | 3.80 | 3.87 | 3.81 | 3.63 | 3.83 | 3.85 | 3.80 | 3.89
minimized_CNP0139000.1_docked_6,VAL606 | VAL606 | GLY367 | GLY367 | VAL463 | ILE416 | VAL463 | ILE416 | VAL418 | VAL418 | VAL512 | VAL465,3.23 | 3.04 | 3.07 | 2.79 | 3.04 | 3.05 | 2.68 | 2.80 | 3.06 | 3.08 | 2.86 | 3.15,ARG470 | ARG470 | ASP422 | VAL420 | VAL420 | VAL420 | ALA466 | ALA366,3.47 | 3.80 | 3.42 | 3.79 | 3.52 | 3.73 | 3.70 | 3.79
minimized_CNP0139000.1_docked_7,VAL606 | VAL606 | GLY367 | GLY367 | ALA510 | VAL463 | ILE416 | VAL463 | ILE416 | VAL418 | VAL418 | VAL512 | VAL465,3.17 | 3.00 | 3.05 | 2.80 | 3.07 | 3.09 | 3.00 | 2.70 | 2.94 | 3.10 | 3.11 | 2.84 | 3.10,GLY462 | ASP422 | VAL420 | VAL420 | VAL420 | VAL420 | ALA466 | ALA366,3.75 | 3.78 | 3.57 | 3.76 | 3.87 | 3.35 | 3.65 | 3.86
minimized_CNP0139000.1_docked_8,VAL606 | VAL606 | GLY367 | GLY367 | ILE416 | VAL604 | LEU365 | ILE416 | LEU365 | VAL418 | VAL418 | VAL512 | VAL465,3.28 | 3.06 | 3.12 | 2.80 | 3.06 | 2.87 | 2.93 | 2.61 | 2.70 | 3.13 | 3.11 | 3.14 | 3.04,GLY371 | VAL369 | VAL420 | VAL420 | VAL420 | VAL420 | ALA466 | GLY419 | ALA366,3.80 | 3.70 | 3.78 | 3.70 | 3.84 | 3.83 | 3.88 | 3.88 | 3.75
minimized_CNP0139000.1_docked_9,VAL606 | GLY367 | GLY367 | VAL463 | ILE416 | ALA510 | VAL463 | VAL418 | VAL418 | ILE559,3.29 | 3.10 | 2.79 | 2.97 | 2.74 | 3.10 | 3.21 | 2.98 | 3.26 | 3.12,HIS516 | HIS516 | VAL561 | VAL561 | VAL514 | VAL514 | ALA366,3.72 | 3.50 | 3.39 | 3.75 | 3.72 | 3.82 | 3.88
minimized_CNP0140162.1_docked_1,VAL418 | VAL418,2.81 | 2.81,ILE559 | ILE559 | GLY419 | ILE559 | VAL514 | VAL514 | VAL514 | VAL514 | ALA466 | ALA466 | ASN469,3.52 | 3.66 | 3.78 | 3.74 | 3.70 | 3.84 | 3.25 | 3.72 | 3.55 | 3.77 | 3.82
minimized_CNP0140162.1_docked_2,,,,
minimized_CNP0140162.1_docked_3,,,,
minimized_CNP0140162.1_docked_4,,,,
minimized_CNP0140162.1_docked_5,VAL512 | VAL465,2.62 | 2.79,ILE559 | GLY558 | GLY605 | ALA366 | ALA366 | ALA466 | VAL418 | VAL561 | VAL608 | VAL608 | CYS368 | CYS368,3.40 | 3.85 | 3.89 | 3.55 | 3.50 | 3.68 | 3.56 | 3.80 | 3.78 | 3.82 | 3.71 | 3.81
minimized_CNP0140162.1_docked_6,,,,
minimized_CNP0140162.1_docked_7,,,,
minimized_CNP0140162.1_docked_8,,,,
minimized_CNP0140162.1_docked_9,,,PRO322 | PRO322 | GLN563 | PRO322 | PRO322 | ARG326 | ARG326 | PRO322 | PRO322 | PRO322 | VAL370 | ARG326 | VAL370 | VAL370 | GLY423 | VAL370 | ARG326,3.81 | 3.79 | 3.76 | 3.87 | 3.72 | 3.87 | 3.82 | 3.83 | 3.73 | 3.83 | 3.52 | 3.90 | 3.80 | 3.58 | 3.54 | 3.64 | 3.60
minimized_CNP0140398.0_docked_1,VAL467 | ARG326 | VAL561,2.95 | 2.97 | 2.79,VAL608 | VAL608 | GLY464 | GLY464 | VAL463 | ARG415 | ARG415 | GLY364 | ILE559 | ILE559 | ALA556,3.76 | 3.68 | 3.78 | 3.65 | 3.83 | 3.71 | 3.80 | 3.57 | 3.82 | 3.46 | 3.78
minimized_CNP0140398.0_docked_2,LEU557 | VAL604 | LEU557 | VAL512 | VAL465,2.72 | 2.99 | 3.11 | 2.99 | 3.07,ILE559 | VAL512 | GLY511 | GLY511 | GLY462 | VAL514 | VAL514 | ALA466 | VAL514 | VAL514 | ILE559 | ILE559 | ALA366,3.77 | 3.82 | 3.88 | 3.86 | 3.71 | 3.83 | 3.75 | 3.82 | 3.48 | 3.57 | 3.80 | 3.80 | 3.70
minimized_CNP0140398.0_docked_3,ARG326 | GLN563 | HIS562,3.05 | 3.01 | 3.12,HIS562 | VAL561 | VAL606 | GLY509 | GLY462 | CYS368 | VAL418 | VAL418 | ILE559 | VAL418 | ALA366 | ALA366 | GLY464 | GLY464 | VAL463,3.54 | 3.76 | 3.83 | 3.63 | 3.79 | 3.87 | 3.76 | 3.88 | 3.10 | 3.55 | 3.50 | 3.51 | 3.73 | 3.63 | 3.88
minimized_CNP0140398.0_docked_4,VAL420 | VAL514,2.71 | 2.80,VAL561 | VAL561 | VAL418 | GLY464 | GLY464 | ARG415 | GLY364 | GLY419 | ILE559 | ILE559 | ALA556,3.64 | 3.75 | 3.81 | 3.85 | 3.76 | 3.79 | 3.58 | 3.89 | 3.87 | 3.50 | 3.72
minimized_CNP0140398.0_docked_5,LEU557 | VAL604 | LEU557 | VAL512 | VAL465 | VAL465 | THR560,2.70 | 3.04 | 2.90 | 3.15 | 3.10 | 3.00 | 3.10,ILE559 | VAL512 | GLY462 | VAL420 | VAL467 | ALA466 | ALA466 | VAL467 | ILE559 | ALA366,3.71 | 3.90 | 3.73 | 3.68 | 3.89 | 3.83 | 3.56 | 3.78 | 3.69 | 3.73
minimized_CNP0140398.0_docked_6,GLY372 | GLY371 | ARG326 | VAL420,2.93 | 3.13 | 2.94 | 2.97,VAL369 | ALA466 | ILE559 | GLY509 | CYS368 | VAL418 | VAL418 | ILE559 | VAL418 | ALA366 | ALA366 | GLY464 | GLY464,3.84 | 3.72 | 3.81 | 3.83 | 3.88 | 3.84 | 3.84 | 3.43 | 3.54 | 3.78 | 3.78 | 3.84 | 3.59
minimized_CNP0140398.0_docked_7,VAL420 | HIS516 | HIS516 | HIS516 | VAL514 | VAL420,2.81 | 3.09 | 3.24 | 3.34 | 2.94 | 3.07,VAL467 | VAL467 | VAL514 | VAL606 | ILE559 | VAL418 | ALA366 | GLY464 | GLY464,3.46 | 3.72 | 3.69 | 3.71 | 3.29 | 3.54 | 3.87 | 3.66 | 3.51
minimized_CNP0140398.0_docked_8,ARG326 | GLY371 | GLY372 | GLY371,3.00 | 3.14 | 3.16 | 2.89,VAL370 | VAL369 | VAL606 | GLY509 | GLY509 | GLY462 | CYS368 | VAL418 | VAL418 | ILE559 | VAL418 | ALA366 | ALA366 | GLY464 | GLY464,3.77 | 3.83 | 3.83 | 3.86 | 3.44 | 3.83 | 3.72 | 3.67 | 3.83 | 3.16 | 3.58 | 3.51 | 3.60 | 3.61 | 3.51
minimized_CNP0140398.0_docked_9,ASN469 | ASP422,3.02 | 2.86,ARG470 | VAL467 | VAL514 | VAL514 | ALA466 | ALA466 | VAL514 | CYS513 | CYS513 | ILE559 | CYS513 | ILE559 | ALA366 | ALA366,3.78 | 3.83 | 3.66 | 3.69 | 3.25 | 3.77 | 3.70 | 3.26 | 3.30 | 3.81 | 3.72 | 3.84 | 3.62 | 3.82
minimized_CNP0140612.2_docked_1,ALA510 | VAL463 | ALA510 | GLY367 | GLY367 | ILE559,2.83 | 3.13 | 3.14 | 2.74 | 2.96 | 3.07,GLY364 | GLY364 | GLY417 | ALA366 | ALA607 | VAL608 | CYS513 | VAL561 | ILE559,3.74 | 3.66 | 3.85 | 3.68 | 3.80 | 3.70 | 3.56 | 3.78 | 3.90
minimized_CNP0140612.2_docked_2,ALA510 | VAL463 | ALA510 | GLY367 | ILE559,2.80 | 3.14 | 3.21 | 3.16 | 3.02,ARG415 | GLY364 | GLY364 | ALA366 | ALA607 | ALA607 | VAL369 | ARG326 | ALA366 | ILE559,3.87 | 3.60 | 3.66 | 3.89 | 3.60 | 3.88 | 3.43 | 3.86 | 3.88 | 3.64
minimized_CNP0140612.2_docked_3,VAL604 | VAL604 | LEU365 | VAL512 | ILE559 | VAL418,2.87 | 2.56 | 2.72 | 2.88 | 3.08 | 2.91,GLY509 | GLY509 | VAL463 | GLY462 | VAL608 | CYS513 | VAL561,3.82 | 3.54 | 3.83 | 3.61 | 3.48 | 3.72 | 3.76
minimized_CNP0140612.2_docked_4,VAL604 | VAL604 | LEU365 | VAL512 | ILE559 | VAL418,2.76 | 2.74 | 2.77 | 3.04 | 3.04 | 2.81,GLY509 | GLY509 | VAL463 | GLY462 | CYS513 | CYS513 | VAL561 | VAL561 | VAL514 | VAL514 | VAL514 | VAL561 | VAL514 | VAL514 | VAL418,3.77 | 3.55 | 3.85 | 3.72 | 3.82 | 3.83 | 3.48 | 3.63 | 3.75 | 3.59 | 3.77 | 3.84 | 3.90 | 3.58 | 3.78
minimized_CNP0140612.2_docked_5,LEU557 | VAL606 | VAL604 | VAL606 | VAL606 | GLY367 | GLY367 | THR560,3.26 | 3.07 | 3.12 | 2.92 | 3.01 | 3.01 | 3.04 | 2.85,ALA607 | ALA607 | VAL561 | VAL561 | VAL561 | PRO322 | VAL514 | VAL561 | VAL561,3.79 | 3.67 | 3.68 | 3.67 | 3.69 | 3.75 | 3.72 | 3.78 | 3.69
minimized_CNP0140612.2_docked_6,VAL465 | VAL463 | VAL512 | VAL465 | VAL465,3.30 | 3.03 | 2.89 | 2.80 | 2.99,GLY605 | ALA366 | ALA466 | ALA466 | VAL420 | VAL467 | VAL420 | VAL420 | ARG470 | ARG470,3.44 | 3.71 | 3.85 | 3.59 | 3.87 | 3.57 | 3.63 | 3.59 | 3.69 | 3.86
minimized_CNP0140612.2_docked_7,ILE416 | VAL465 | VAL463 | VAL512 | VAL465 | VAL465,3.23 | 3.05 | 2.96 | 2.85 | 2.79 | 3.07,GLY605 | ALA366 | ALA366 | VAL561 | HIS562 | VAL561 | VAL561 | PRO322 | VAL514 | VAL561 | VAL561,3.58 | 3.80 | 3.49 | 3.61 | 3.90 | 3.62 | 3.59 | 3.86 | 3.74 | 3.75 | 3.77
minimized_CNP0140612.2_docked_8,VAL606 | VAL604 | VAL606 | VAL606 | GLY367 | GLY367 | THR560,3.18 | 3.05 | 2.87 | 2.98 | 2.89 | 2.93 | 2.88,GLY464 | ALA607 | ALA607 | VAL561 | VAL514 | VAL561 | VAL514 | HIS516,3.66 | 3.85 | 3.69 | 3.60 | 3.78 | 3.79 | 3.89 | 3.46
minimized_CNP0140612.2_docked_9,VAL604 | LEU365 | ILE416 | LEU365 | VAL512 | VAL512,3.10 | 2.70 | 3.05 | 2.83 | 2.99 | 2.87,ALA556 | GLY509 | GLY509 | GLY364 | ILE559 | GLY558 | ALA466 | ALA466 | VAL465 | VAL418 | CYS368 | VAL420 | GLY464,3.63 | 3.77 | 2.96 | 3.88 | 3.51 | 3.87 | 3.76 | 3.63 | 3.70 | 3.80 | 3.83 | 3.56 | 3.70
minimized_CNP0140612.3_docked_1,VAL604 | VAL604 | LEU557 | VAL606 | GLY367 | VAL465 | ARG326,3.13 | 2.83 | 3.16 | 3.19 | 3.35 | 2.97 | 3.23,GLY462 | ARG415 | ARG415 | ALA607 | CYS368 | VAL369 | VAL420 | VAL420 | ARG326,3.66 | 3.76 | 3.87 | 3.89 | 3.76 | 3.25 | 3.83 | 3.85 | 3.74
minimized_CNP0140612.3_docked_2,ILE416 | LEU365 | VAL604 | LEU365 | VAL606 | GLY367 | VAL465 | VAL420,2.77 | 2.99 | 2.52 | 2.70 | 3.26 | 2.89 | 3.05 | 3.02,GLY509 | GLY509 | VAL463 | GLY462 | ALA366 | ALA366 | VAL467 | ASP422 | VAL420 | ASP422 | ILE559 | ILE559,3.71 | 3.35 | 3.74 | 3.36 | 3.64 | 3.61 | 3.46 | 3.85 | 3.88 | 3.81 | 3.82 | 3.54
minimized_CNP0140612.3_docked_3,VAL463 | ILE416 | ILE559 | VAL418 | VAL369,2.58 | 2.70 | 3.19 | 2.98 | 2.90,GLY603 | GLY603 | LEU557 | ALA556 | ALA556 | VAL420 | VAL420 | ALA607 | ALA607 | ALA607 | ALA607 | VAL369,3.54 | 3.21 | 3.75 | 3.33 | 3.74 | 3.80 | 3.88 | 3.88 | 3.61 | 3.89 | 3.81 | 3.88
minimized_CNP0140612.3_docked_4,LEU557 | VAL604 | LEU557 | VAL606 | GLY367 | VAL465,3.03 | 2.79 | 3.14 | 3.07 | 3.26 | 2.92,GLY462 | GLY462 | ARG415 | VAL561 | PRO322 | PRO322 | CYS513 | CYS513 | VAL561 | ALA366 | ALA366,3.75 | 3.52 | 3.78 | 3.85 | 3.80 | 3.79 | 3.72 | 3.59 | 3.52 | 3.76 | 3.88
minimized_CNP0140612.3_docked_5,ALA510 | VAL463 | VAL463 | ILE416 | VAL606 | VAL465 | ILE559,3.19 | 3.17 | 2.36 | 3.05 | 3.31 | 3.07 | 2.99,GLY603 | LEU557 | ALA556 | CYS368 | VAL420 | THR560 | THR560 | VAL420 | ILE559,3.76 | 3.74 | 3.62 | 3.85 | 3.72 | 3.84 | 3.72 | 3.44 | 3.89
minimized_CNP0140612.3_docked_6,VAL463 | VAL463 | ILE416 | VAL606 | GLY367 | VAL606 | ILE559,3.10 | 2.52 | 2.70 | 3.17 | 3.17 | 3.13 | 3.27,GLY603 | LEU557 | ALA556 | ALA556 | ILE559 | GLY511 | ALA466 | VAL467 | VAL467 | ARG470 | VAL420 | ARG470 | ILE559,3.60 | 3.79 | 3.48 | 3.80 | 3.84 | 3.89 | 3.76 | 3.85 | 3.77 | 3.72 | 3.81 | 3.76 | 3.24
minimized_CNP0140612.3_docked_7,LEU557 | ALA510 | GLY509 | LEU557 | ILE559 | VAL465,2.81 | 3.00 | 3.29 | 3.24 | 3.08 | 3.15,GLY417 | VAL561 | VAL561 | CYS368 | ALA466 | VAL514 | VAL514 | HIS516 | ALA366,3.70 | 3.73 | 3.40 | 3.71 | 3.79 | 3.65 | 3.54 | 3.89 | 3.72
minimized_CNP0140612.3_docked_8,ILE416 | LEU365 | VAL604 | LEU365 | VAL512 | VAL606 | GLY367 | VAL465,2.72 | 2.86 | 2.53 | 2.78 | 3.29 | 3.04 | 2.81 | 3.13,GLY509 | GLY509 | VAL463 | GLY462 | ALA366 | ALA366 | VAL369 | ALA466 | ARG326 | ILE559,3.73 | 3.51 | 3.73 | 3.62 | 3.70 | 3.63 | 3.55 | 3.86 | 3.52 | 3.50
minimized_CNP0140612.3_docked_9,VAL604 | LEU365 | VAL604 | LEU557 | ILE559 | VAL418,2.67 | 3.03 | 2.77 | 2.76 | 3.09 | 3.06,GLY462 | GLY462 | ARG415 | CYS513 | CYS513 | ALA466 | VAL561 | VAL561 | VAL561 | VAL561 | ILE559,3.41 | 3.39 | 3.67 | 3.85 | 3.64 | 3.85 | 3.71 | 3.87 | 3.55 | 3.87 | 3.70
minimized_CNP0140612.4_docked_1,VAL606 | VAL606 | GLY367 | GLY367 | ILE559 | ALA510 | LEU365 | VAL604 | LEU557 | LEU557 | GLY509,2.96 | 3.28 | 2.74 | 3.00 | 3.06 | 2.96 | 3.07 | 3.26 | 3.06 | 3.26 | 3.01,VAL561 | VAL514 | VAL561 | VAL561 | CYS513 | ILE559 | GLY511 | GLY509 | GLY462 | GLY462,3.40 | 3.80 | 3.74 | 3.89 | 3.90 | 3.36 | 3.84 | 3.75 | 3.69 | 3.81
minimized_CNP0140612.4_docked_2,VAL606 | VAL606 | GLY367 | GLY367 | ILE559 | VAL512 | VAL465 | VAL465 | LEU365 | VAL604 | LEU557 | LEU557 | GLY509,2.87 | 2.99 | 2.89 | 2.95 | 3.31 | 2.87 | 3.24 | 3.19 | 3.04 | 3.18 | 2.90 | 3.22 | 3.02,VAL514 | VAL467 | GLY419 | GLY509 | GLY462 | GLY462,3.85 | 3.55 | 3.68 | 3.72 | 3.71 | 3.76
minimized_CNP0140612.4_docked_3,VAL418 | VAL418 | GLY367 | VAL606 | ILE559 | LEU365 | VAL604 | LEU557 | LEU557,2.91 | 2.85 | 3.17 | 3.22 | 2.89 | 3.32 | 3.21 | 3.13 | 2.85,VAL561 | CYS513 | ALA466 | VAL561 | ILE559 | GLY558 | GLY558 | GLY509 | GLY462 | ALA366 | ALA366 | ALA366 | ILE559,3.77 | 3.63 | 3.66 | 3.73 | 3.60 | 3.82 | 3.65 | 3.90 | 3.84 | 3.34 | 3.70 | 3.90 | 3.60
minimized_CNP0140612.4_docked_4,VAL418 | GLY367 | VAL606 | ILE559 | ILE559 | ILE416 | VAL604 | LEU365 | LEU557,2.71 | 3.10 | 3.35 | 3.15 | 3.01 | 2.73 | 3.03 | 2.68 | 2.93,VAL561 | ALA607 | ALA607 | THR560 | ILE559 | CYS513 | ILE559 | ILE559 | GLY558 | ALA556 | GLY509 | GLY509 | ALA366 | ALA366 | ILE559,3.27 | 3.59 | 3.45 | 3.84 | 3.90 | 3.56 | 3.89 | 3.85 | 3.62 | 3.84 | 3.74 | 3.86 | 3.39 | 3.77 | 3.71
minimized_CNP0140612.4_docked_5,VAL606 | VAL606 | GLY367 | GLY367 | VAL512 | VAL512 | LEU365 | VAL604 | LEU557 | LEU557 | GLY509,2.94 | 3.04 | 2.89 | 2.93 | 2.73 | 3.15 | 3.13 | 3.19 | 3.02 | 3.23 | 3.03,ALA607 | VAL561 | THR560 | THR560 | GLY509 | GLY462 | GLY462,3.75 | 3.37 | 3.58 | 3.68 | 3.65 | 3.70 | 3.72
minimized_CNP0140612.4_docked_6,VAL606 | VAL606 | GLY367 | ILE559 | ALA510 | VAL604 | LEU557 | GLY509,3.25 | 2.92 | 3.05 | 3.23 | 2.89 | 2.80 | 3.06 | 3.13,VAL467 | VAL420 | CYS368 | CYS368 | VAL420 | ILE559 | GLY511 | ARG415 | GLY364 | LEU557 | ALA556,3.49 | 3.67 | 3.78 | 3.68 | 3.83 | 3.46 | 3.78 | 3.78 | 3.82 | 3.90 | 3.76
minimized_CNP0140612.4_docked_7,VAL606 | ILE559 | LEU557 | VAL512 | VAL512 | VAL604 | LEU557 | LEU557 | ALA510 | GLY509,3.11 | 3.29 | 3.10 | 3.27 | 2.85 | 2.89 | 3.19 | 3.16 | 3.35 | 3.13,CYS513 | CYS513 | ALA466 | VAL467 | VAL467 | VAL467 | VAL467 | VAL467 | GLY419 | GLY419 | GLY464 | GLY364 | ALA556 | ILE559,3.77 | 3.56 | 3.85 | 3.85 | 3.72 | 3.73 | 2.97 | 3.86 | 3.71 | 3.83 | 3.40 | 3.63 | 3.69 | 3.33
minimized_CNP0140612.4_docked_8,VAL512 | VAL465 | VAL465 | VAL606 | VAL606 | GLY367 | GLY367 | ALA510 | VAL463 | ILE416 | ILE416,3.10 | 2.92 | 2.95 | 3.23 | 3.00 | 3.19 | 2.90 | 2.99 | 2.73 | 2.73 | 3.30,ALA466 | VAL420 | VAL420 | CYS368 | CYS368 | GLY605 | ALA366 | GLY603 | ALA556 | ALA556 | ILE559,3.61 | 3.85 | 3.47 | 3.62 | 3.63 | 3.63 | 3.70 | 3.47 | 3.90 | 3.82 | 3.66
minimized_CNP0140612.4_docked_9,ILE559 | VAL463 | ILE416 | VAL604 | LEU557 | GLY509,2.92 | 2.86 | 2.88 | 2.95 | 3.08 | 3.11,VAL514 | CYS513 | CYS513 | ALA466 | CYS513 | CYS513 | ALA466 | GLY417 | GLY364 | LEU557 | ALA556 | ALA556 | ILE559 | ILE559 | ALA366,3.59 | 3.87 | 3.66 | 3.85 | 3.80 | 3.56 | 3.78 | 3.61 | 3.58 | 3.83 | 3.80 | 3.55 | 3.76 | 3.62 | 3.90
minimized_CNP0140612.6_docked_1,ILE416 | LEU365 | VAL604 | LEU557 | VAL512 | VAL465 | GLY367,3.02 | 3.06 | 2.72 | 2.98 | 2.98 | 3.25 | 2.84,GLY462 | GLY462 | GLY464 | ALA607 | ALA607 | THR560 | VAL561 | VAL561 | ALA366 | ILE559,3.53 | 3.74 | 3.76 | 3.55 | 3.69 | 3.57 | 3.50 | 3.85 | 3.75 | 3.89
minimized_CNP0140612.6_docked_2,LEU557 | VAL604 | LEU557 | VAL418,3.05 | 2.83 | 2.71 | 3.12,GLY509 | VAL463 | GLY462 | ALA556 | ALA556 | ARG326 | ARG326 | PRO322 | ALA607 | ALA607 | ALA607 | VAL561 | PRO322,3.75 | 3.75 | 3.71 | 3.80 | 3.54 | 3.90 | 3.36 | 3.87 | 3.57 | 3.75 | 3.83 | 3.38 | 3.72
minimized_CNP0140612.6_docked_3,VAL463 | ILE416 | ALA510 | VAL463 | VAL465 | VAL606 | ILE559,3.03 | 3.24 | 2.99 | 2.82 | 2.95 | 3.19 | 3.00,GLY364 | GLY462 | GLY462 | GLY464 | ALA466 | ALA466 | VAL420 | VAL420 | VAL467 | VAL467 | VAL467 | ILE559,3.65 | 3.55 | 3.60 | 3.65 | 3.74 | 3.84 | 3.71 | 3.54 | 3.54 | 3.81 | 3.72 | 3.43
minimized_CNP0140612.6_docked_4,VAL463 | ILE416 | LEU365 | VAL418,2.83 | 3.13 | 2.70 | 3.03,ALA556 | ALA556 | GLY509 | GLY509 | ILE559 | GLY558 | GLY419 | VAL420 | VAL420 | ALA607 | ALA607 | ALA607 | ALA607 | VAL369 | ARG326 | GLY417,3.67 | 3.41 | 3.74 | 3.89 | 3.74 | 3.76 | 3.83 | 3.61 | 3.46 | 3.61 | 3.86 | 3.41 | 3.75 | 3.49 | 3.80 | 3.84
minimized_CNP0140612.6_docked_5,VAL604 | LEU557 | VAL465,2.84 | 2.98 | 3.14,GLY509 | GLY509 | VAL463 | GLY462 | ALA556 | GLY605 | GLY605 | ALA466 | VAL420 | VAL420 | VAL420 | VAL420 | VAL420 | VAL420 | VAL420 | ILE559,3.82 | 3.56 | 3.74 | 3.59 | 3.69 | 3.83 | 3.45 | 3.77 | 3.69 | 3.81 | 3.71 | 3.63 | 3.72 | 3.59 | 3.85 | 3.80
minimized_CNP0140612.6_docked_6,VAL463 | ILE416 | ALA510 | VAL463 | VAL512 | VAL465,2.59 | 2.81 | 2.86 | 3.10 | 2.75 | 2.75,LEU365 | GLY364 | GLY462 | GLY462 | CYS513 | VAL561 | VAL561 | VAL561,3.61 | 3.62 | 3.48 | 3.53 | 3.70 | 3.72 | 3.75 | 3.76
minimized_CNP0140612.6_docked_7,VAL604 | LEU557 | VAL604 | LEU365 | VAL418 | VAL606,3.31 | 2.78 | 2.91 | 2.52 | 2.99 | 3.13,LEU557 | GLY511 | ALA510 | GLY417 | VAL420 | VAL420 | VAL420 | VAL420 | VAL420 | ALA366 | ILE559,3.72 | 3.36 | 3.80 | 3.33 | 3.75 | 3.60 | 3.72 | 3.46 | 3.63 | 3.65 | 3.69
minimized_CNP0140612.6_docked_8,VAL463 | ILE416 | LEU365 | VAL465 | VAL418,2.81 | 3.20 | 2.85 | 3.27 | 3.14,ALA556 | ALA556 | GLY509 | GLY509 | GLY558 | GLY417,3.74 | 3.58 | 3.79 | 3.79 | 3.84 | 3.89
minimized_CNP0140612.6_docked_9,ILE416 | LEU365 | LEU557 | VAL604 | LEU557 | ILE559,2.77 | 3.14 | 3.15 | 3.02 | 2.91 | 3.00,GLY509 | GLY509 | GLY417 | VAL561 | ALA466 | ALA466 | VAL514 | ILE559,3.88 | 3.66 | 3.56 | 3.29 | 3.54 | 3.74 | 3.69 | 3.41
minimized_CNP0140612.7_docked_1,LEU557 | ALA510 | VAL463 | ILE416 | VAL465 | VAL465 | VAL418,3.05 | 3.05 | 2.76 | 2.75 | 3.14 | 2.96 | 3.10,GLY603 | GLY603 | ALA556 | ALA556 | ILE559 | VAL512 | VAL512 | GLY511 | GLY511 | GLY464 | VAL420 | VAL420 | CYS368 | ILE559 | ILE559 | THR560 | ALA607 | ALA607 | VAL369 | VAL369 | ILE559 | GLY417,3.60 | 3.19 | 3.59 | 3.77 | 3.84 | 3.71 | 3.61 | 3.75 | 3.81 | 3.79 | 3.30 | 3.72 | 3.67 | 3.75 | 3.87 | 3.82 | 3.76 | 3.62 | 3.69 | 3.35 | 3.80 | 3.54
minimized_CNP0140612.7_docked_2,VAL467 | VAL467 | ILE416,3.17 | 3.11 | 3.15,VAL514 | VAL465 | VAL465 | GLY417 | ILE559 | ILE559 | VAL418 | VAL418 | ALA366 | ILE559 | GLY464,3.72 | 3.59 | 3.89 | 3.69 | 3.85 | 3.03 | 3.54 | 3.86 | 3.26 | 3.86 | 3.84
minimized_CNP0140612.7_docked_3,VAL514 | VAL561 | VAL467 | ILE416,2.90 | 3.16 | 3.08 | 3.14,VAL561 | VAL561 | VAL561 | VAL465 | VAL465 | GLY417 | GLY417 | ILE559 | ILE559 | VAL418 | VAL418 | ALA366 | GLY464,3.36 | 3.81 | 3.78 | 3.55 | 3.84 | 3.86 | 3.64 | 3.84 | 3.04 | 3.49 | 3.84 | 3.22 | 3.79
minimized_CNP0140612.7_docked_4,VAL561 | VAL561 | VAL514 | VAL467 | VAL561,3.17 | 3.07 | 3.13 | 2.98 | 3.22,VAL608 | VAL608 | GLY464 | ALA366 | ALA366 | LEU365 | ARG415 | VAL418 | VAL606 | GLY417 | ILE559 | GLY509 | ARG415 | GLY462,3.46 | 3.86 | 3.47 | 3.76 | 3.80 | 3.87 | 3.71 | 3.86 | 3.68 | 3.54 | 3.88 | 3.44 | 3.87 | 3.87
minimized_CNP0140612.7_docked_5,VAL465 | VAL418 | VAL418 | VAL606 | GLY367 | GLY367 | VAL420 | THR560,3.13 | 2.71 | 3.11 | 3.23 | 2.89 | 3.22 | 3.06 | 2.94,ALA366 | GLY419 | VAL561 | HIS562 | VAL561 | VAL561 | VAL514 | VAL514 | VAL561 | PRO322,3.63 | 3.80 | 3.85 | 3.80 | 3.42 | 3.65 | 3.83 | 3.64 | 3.59 | 3.61
minimized_CNP0140612.7_docked_6,ARG326 | ARG326 | THR560 | THR560,2.96 | 2.88 | 2.87 | 2.85,VAL369 | ILE559 | GLY558 | GLY558 | ARG415 | VAL418 | VAL418 | ALA366 | ILE559 | ILE559 | ALA366 | ALA366 | GLY603 | ALA556 | ALA556 | GLY462 | ALA556,3.75 | 3.56 | 3.83 | 3.63 | 3.66 | 3.33 | 3.70 | 3.52 | 2.90 | 3.39 | 3.65 | 3.60 | 3.79 | 3.71 | 3.57 | 3.52 | 3.88
minimized_CNP0140612.7_docked_7,VAL369 | VAL369 | VAL467 | ILE416,2.75 | 2.86 | 3.03 | 3.19,VAL467 | VAL467 | VAL420 | VAL420 | GLY417 | GLY509 | GLY462 | ALA607 | THR560 | THR560 | ALA607 | ILE559 | CYS513 | ILE559 | VAL512 | ALA366 | ALA366 | GLY464 | GLY462 | GLY462,3.80 | 3.65 | 3.78 | 3.79 | 3.80 | 3.68 | 3.81 | 3.80 | 3.78 | 3.67 | 3.85 | 3.69 | 3.83 | 2.99 | 3.76 | 3.50 | 3.88 | 3.69 | 3.74 | 3.85
minimized_CNP0140612.7_docked_8,VAL467 | VAL561 | THR560 | VAL463 | ILE416,2.76 | 3.02 | 3.03 | 3.16 | 3.28,VAL514 | VAL561 | VAL465 | GLY417 | GLY417 | GLY509 | ILE559 | VAL418 | ALA366 | ALA366 | GLY464 | GLY462 | GLY462,3.84 | 3.81 | 3.66 | 3.76 | 3.55 | 3.85 | 3.13 | 3.53 | 3.14 | 3.79 | 3.68 | 3.70 | 3.81
minimized_CNP0140612.7_docked_9,ARG326 | ARG326 | ARG326 | VAL512,2.93 | 2.97 | 3.00 | 3.29,ARG326 | CYS513 | VAL418 | VAL369 | VAL420 | ALA607 | ALA607 | ALA607 | ILE559 | GLY464,3.45 | 3.85 | 3.60 | 3.84 | 3.72 | 3.63 | 3.66 | 3.85 | 3.61 | 3.90
minimized_CNP0140612.8_docked_1,ALA510 | VAL463 | GLY367 | GLY367 | VAL465 | ILE559 | VAL561,3.07 | 3.30 | 3.18 | 3.06 | 3.27 | 2.94 | 3.13,GLY364 | GLY364 | GLN563 | THR560 | THR560 | CYS368 | ARG326 | HIS562 | ILE559,3.52 | 3.72 | 3.84 | 3.88 | 3.71 | 3.79 | 3.78 | 3.88 | 3.63
minimized_CNP0140612.8_docked_2,ALA510 | VAL463 | VAL463 | GLY367 | GLY367 | ILE559 | VAL420,3.18 | 3.27 | 3.17 | 3.20 | 2.88 | 2.87 | 2.91,GLY364 | ARG470 | ARG470 | ILE559,3.81 | 3.73 | 3.74 | 3.83
minimized_CNP0140612.8_docked_3,THR560,2.92,ARG415 | GLY364 | ARG415 | ALA556 | ALA556 | ALA556 | GLY509 | ARG415 | ARG415 | ALA556 | ALA556 | ALA466 | ALA466 | ILE559 | ILE559 | VAL418 | ALA366 | ALA366 | VAL418 | ALA366 | ILE559 | VAL561 | GLY509,3.55 | 3.63 | 3.74 | 3.37 | 3.58 | 3.89 | 3.68 | 3.43 | 3.80 | 3.38 | 3.50 | 3.75 | 3.60 | 3.75 | 3.15 | 3.87 | 3.11 | 3.85 | 3.25 | 3.84 | 3.78 | 3.86 | 3.64
minimized_CNP0140612.8_docked_4,ALA510 | GLY509 | ALA510 | GLY367 | VAL465 | VAL467,3.03 | 2.96 | 2.69 | 2.88 | 2.95 | 2.89,ARG415 | GLY364 | GLY364 | THR560 | VAL514 | ALA366 | ALA366,3.66 | 3.53 | 3.62 | 3.71 | 3.89 | 3.58 | 3.85
minimized_CNP0140612.8_docked_5,VAL604 | LEU557 | VAL604 | LEU557 | ILE559 | VAL418 | VAL420,3.21 | 3.17 | 2.98 | 3.00 | 2.85 | 3.01 | 3.01,GLY509 | VAL463 | GLY462 | ASP422 | VAL420 | ARG470,3.81 | 3.73 | 3.60 | 3.83 | 3.86 | 3.73
minimized_CNP0140612.8_docked_6,ALA510 | GLY367 | GLY367 | ILE559,2.95 | 3.16 | 2.98 | 2.86,GLY364 | GLY364 | VAL467 | VAL467 | VAL514 | LEU468 | ILE559,3.54 | 3.74 | 3.87 | 3.48 | 3.56 | 3.85 | 3.61
minimized_CNP0140612.8_docked_7,LEU557 | ALA510 | GLY509 | ALA510 | VAL606 | GLY367 | VAL418,3.23 | 3.10 | 3.11 | 2.71 | 3.12 | 3.29 | 3.33,ARG415 | GLY364 | GLY364 | ALA607 | ALA607 | CYS368 | VAL369 | VAL369 | VAL418 | CYS368 | VAL370 | VAL465 | ALA366,3.77 | 3.53 | 3.61 | 3.32 | 3.79 | 3.71 | 3.73 | 3.68 | 3.84 | 3.63 | 3.70 | 3.90 | 3.77
minimized_CNP0140612.8_docked_8,VAL604 | LEU557 | VAL465 | VAL606 | VAL514,2.99 | 3.31 | 3.34 | 3.06 | 3.08,GLY509 | VAL463 | GLY462 | ILE559 | ALA466 | ALA466 | VAL514 | ILE559 | CYS513 | LEU515 | ALA366 | ALA366 | ILE559,3.75 | 3.64 | 3.67 | 3.70 | 3.72 | 3.82 | 3.64 | 3.50 | 3.66 | 3.88 | 3.58 | 3.87 | 3.69
minimized_CNP0140612.8_docked_9,VAL604 | ILE416 | VAL418 | GLN563 | GLY564,3.08 | 2.75 | 2.86 | 2.85 | 3.06,GLY558 | VAL561 | GLN563 | GLN563 | PRO322 | GLY564 | PRO322 | PRO322 | PRO322,3.78 | 3.42 | 3.77 | 3.29 | 3.55 | 3.81 | 3.66 | 3.81 | 3.76
minimized_CNP0145057.1_docked_1,VAL369 | VAL608 | SER508 | VAL463 | ILE416 | VAL606 | VAL606,3.18 | 3.14 | 2.93 | 3.06 | 3.10 | 2.88 | 3.29,CYS368 | ARG415 | ALA556 | ALA556 | GLY509 | GLY462 | GLY603 | GLY603 | ALA556 | GLY462 | GLY462 | GLY605 | ALA366 | ALA366 | VAL512 | GLY464 | GLY464 | ILE559 | ILE559,3.84 | 3.58 | 3.89 | 3.35 | 3.53 | 2.99 | 3.74 | 3.16 | 3.87 | 3.70 | 3.89 | 3.69 | 3.84 | 3.55 | 3.84 | 3.70 | 3.04 | 3.73 | 3.79
minimized_CNP0145057.1_docked_2,VAL561 | VAL561 | THR560 | SER508 | VAL463 | ILE416 | VAL606 | VAL606 | ILE559,3.21 | 3.04 | 3.30 | 3.10 | 2.79 | 3.34 | 2.78 | 3.03 | 3.20,VAL561 | THR560 | ARG415 | ALA556 | ALA556 | ARG415 | GLY509 | GLY462 | GLY603 | GLY603 | GLY462 | GLY605 | ALA366 | GLY464 | GLY464 | ILE559 | ILE559 | ILE559,3.90 | 3.82 | 3.74 | 3.79 | 3.20 | 3.77 | 3.61 | 2.93 | 3.73 | 3.34 | 3.73 | 3.54 | 3.85 | 3.72 | 3.24 | 3.72 | 3.79 | 3.90
minimized_CNP0145057.1_docked_3,VAL420 | VAL420 | VAL463 | ILE416 | VAL606 | ILE559,3.32 | 2.81 | 2.96 | 3.13 | 3.01 | 2.76,ALA607 | ALA466 | ARG415 | ALA556 | ALA556 | ARG415 | GLY509 | GLY462 | ARG415 | ARG415 | GLY603 | GLY603 | GLY462 | GLY462 | GLY605 | VAL604 | GLY464 | GLY417 | ILE559,3.81 | 3.73 | 3.84 | 3.77 | 3.18 | 3.62 | 3.85 | 2.93 | 3.82 | 3.83 | 3.66 | 3.48 | 3.64 | 3.79 | 3.46 | 3.52 | 3.87 | 3.60 | 3.78
minimized_CNP0145057.1_docked_4,VAL512 | VAL465 | VAL606,2.78 | 2.86 | 3.13,TYR334 | TYR334 | TYR334 | TYR334 | TYR334 | TYR334 | TYR334 | ARG415 | ARG415 | ARG415 | GLY603 | GLY364 | GLY603 | ALA556 | THR560 | GLY417 | ILE559 | ILE559 | ALA510 | GLY509 | GLY509 | GLY464 | VAL463 | GLY462 | VAL604 | GLY603 | GLY603 | LEU557 | ALA556 | ALA556 | ALA556 | ALA556,3.69 | 3.74 | 3.88 | 3.82 | 3.62 | 3.74 | 3.75 | 3.81 | 3.60 | 3.59 | 3.47 | 3.84 | 3.84 | 3.29 | 3.89 | 3.58 | 3.75 | 3.72 | 3.86 | 3.81 | 3.77 | 3.66 | 3.41 | 3.79 | 3.58 | 3.65 | 3.77 | 3.79 | 3.76 | 3.83 | 3.62 | 3.62
minimized_CNP0145057.1_docked_5,VAL561 | ILE416 | LEU365 | ILE559 | ILE559,2.95 | 2.82 | 3.06 | 2.81 | 2.96,LEU515 | VAL561 | GLY603 | GLY603 | GLY364 | VAL463 | GLY462 | ILE559 | GLY419 | CYS368 | THR560 | ILE559 | ILE559 | CYS513,3.63 | 3.55 | 3.74 | 3.30 | 3.52 | 3.85 | 3.65 | 3.50 | 3.67 | 3.48 | 3.73 | 3.71 | 3.78 | 3.75
minimized_CNP0145057.1_docked_6,GLN530 | GLN530 | ILE559 | THR560 | VAL606,2.86 | 2.94 | 3.17 | 2.79 | 3.03,TYR525 | TYR525 | ALA556 | ALA556 | ALA556 | ARG415 | GLY603 | ALA556 | ALA556 | ARG415 | ARG415 | ARG415 | ARG415 | ALA607 | ALA607 | ALA466 | ALA466 | ILE559 | ILE559 | GLY464 | VAL463 | VAL604 | GLY603 | GLY603 | LEU557 | ALA556,3.68 | 3.82 | 2.60 | 3.89 | 3.77 | 3.74 | 3.73 | 3.70 | 3.76 | 3.89 | 3.74 | 3.08 | 3.85 | 3.84 | 3.69 | 3.50 | 3.66 | 3.87 | 3.85 | 3.37 | 3.15 | 3.88 | 3.75 | 3.72 | 3.40 | 3.73
minimized_CNP0145057.1_docked_7,ASP422 | VAL463 | ILE416 | VAL606 | VAL606 | GLY367 | GLY367,2.88 | 2.79 | 2.97 | 3.22 | 3.31 | 3.23 | 3.28,ARG470 | ARG470 | ASP422 | ARG470 | VAL420 | ARG415 | GLY364 | ALA510 | GLY509 | ILE559 | ILE559 | ALA366 | THR560 | THR560 | THR560 | CYS513 | CYS368,3.76 | 3.82 | 3.78 | 3.34 | 3.81 | 3.45 | 3.71 | 3.83 | 3.80 | 3.15 | 3.62 | 3.62 | 3.85 | 3.82 | 3.12 | 3.60 | 3.41
minimized_CNP0145057.1_docked_8,GLY564 | VAL418 | VAL606 | GLY367,2.88 | 3.07 | 2.75 | 2.86,HIS516 | HIS516 | VAL512 | GLY464 | THR560 | ILE559 | ILE559 | CYS513 | VAL561,3.85 | 3.78 | 3.89 | 3.59 | 3.65 | 3.47 | 3.66 | 3.46 | 3.79
minimized_CNP0145057.1_docked_9,HIS516 | ALA510 | VAL512 | THR560 | VAL608,3.29 | 3.15 | 2.88 | 2.92 | 3.18,VAL561 | LEU515 | GLY558 | ILE559 | ILE559 | CYS513 | THR560 | CYS368 | VAL561,3.87 | 3.42 | 3.78 | 3.33 | 3.84 | 3.86 | 3.62 | 3.81 | 3.68
minimized_CNP0145160.1_docked_1,ARG326 | ARG326 | ARG326 | VAL465,2.80 | 2.91 | 3.06 | 3.18,VAL561 | ARG326 | GLY511 | CYS368 | VAL418 | CYS368 | ILE559 | VAL512 | VAL418 | ALA366 | ALA366,3.88 | 3.75 | 3.81 | 3.65 | 3.81 | 3.88 | 3.71 | 3.88 | 3.56 | 3.83 | 3.88
minimized_CNP0145160.1_docked_2,VAL465 | VAL418 | VAL418 | VAL418 | VAL606 | VAL606 | GLY367 | GLY367 | VAL420 | VAL606 | GLY564,2.76 | 2.79 | 3.22 | 2.78 | 2.88 | 2.92 | 3.05 | 3.06 | 2.90 | 2.72 | 2.81,ALA366 | GLY564 | PRO322 | PRO322 | VAL608 | VAL608 | VAL561 | VAL561 | PRO322 | PRO322 | PRO322 | PRO322,3.75 | 3.53 | 3.45 | 3.82 | 3.82 | 3.31 | 3.39 | 3.78 | 3.84 | 3.61 | 3.77 | 3.86
minimized_CNP0145160.1_docked_3,ARG326 | GLY372 | GLY371 | ASP422,2.97 | 2.92 | 3.14 | 3.21,VAL369 | VAL369 | ALA607 | ILE559 | GLY511 | GLY419 | CYS368 | GLY419 | VAL418 | VAL418 | ILE559 | VAL418 | ILE559 | VAL420,3.80 | 3.36 | 3.66 | 3.19 | 3.55 | 3.88 | 3.55 | 3.77 | 3.61 | 3.46 | 3.75 | 3.53 | 3.79 | 3.88
minimized_CNP0145160.1_docked_4,ILE559 | VAL512 | VAL418 | VAL418 | VAL606 | VAL606 | GLY367 | GLY367 | VAL606 | GLY367 | GLY423 | ASP422,3.30 | 2.99 | 2.93 | 3.17 | 3.08 | 2.97 | 3.13 | 2.97 | 2.82 | 2.57 | 2.78 | 2.87,ALA366 | VAL561 | THR560 | CYS513 | ASP422 | ASP422 | VAL420 | ARG470 | THR560,3.51 | 3.82 | 3.87 | 3.40 | 3.86 | 3.65 | 3.85 | 3.72 | 3.57
minimized_CNP0145160.1_docked_5,VAL512 | VAL465 | VAL418 | VAL418 | VAL606 | VAL606 | GLY367 | GLY367 | VAL514 | VAL606,2.62 | 2.87 | 2.96 | 2.91 | 2.95 | 2.99 | 3.04 | 3.03 | 2.98 | 2.83,ALA366 | CYS513 | ALA466 | VAL420 | VAL420 | VAL420,3.56 | 3.74 | 3.45 | 3.61 | 3.60 | 3.74
minimized_CNP0145160.1_docked_6,ILE559 | VAL512 | VAL512 | VAL418 | VAL418 | VAL561 | THR560 | VAL465 | VAL418 | GLY371,2.73 | 3.18 | 3.12 | 2.85 | 2.77 | 3.01 | 2.98 | 3.08 | 2.68 | 3.15,ILE559 | ILE559 | ILE559 | THR560 | CYS513 | GLY372 | VAL369 | VAL467 | VAL420 | VAL420 | VAL420 | VAL369 | VAL369,3.79 | 3.76 | 3.26 | 3.78 | 3.72 | 3.77 | 3.88 | 3.66 | 3.71 | 3.65 | 3.88 | 3.72 | 3.73
minimized_CNP0145160.1_docked_7,VAL512 | VAL465 | GLY367 | GLY367 | ILE559 | ILE559 | VAL514 | VAL606 | THR560 | ILE559 | GLY372 | GLY371 | GLY371 | THR560,2.63 | 2.84 | 2.80 | 3.24 | 2.70 | 3.12 | 3.20 | 2.89 | 3.06 | 3.22 | 3.22 | 2.80 | 3.33 | 2.94,ALA366 | ILE559 | CYS513 | ALA466 | CYS513 | CYS513,3.49 | 3.72 | 3.75 | 3.36 | 3.77 | 3.81
minimized_CNP0145160.1_docked_8,VAL606 | GLY367 | VAL512 | VAL512 | VAL465 | VAL418 | VAL418 | THR560 | VAL512 | VAL465 | GLY564,2.72 | 2.68 | 3.02 | 2.79 | 3.06 | 2.86 | 2.98 | 3.08 | 3.19 | 2.58 | 3.14,ILE559 | ALA607 | ALA607 | HIS516 | PRO322 | VAL514 | VAL514 | VAL561 | VAL561 | VAL561 | VAL561 | PRO322,3.73 | 3.27 | 3.46 | 3.76 | 3.58 | 3.35 | 3.88 | 3.88 | 3.80 | 3.90 | 3.62 | 3.74
minimized_CNP0145160.1_docked_9,GLY371 | ARG326,2.98 | 3.09,VAL420 | VAL370 | VAL608 | ALA366 | ALA366 | LEU365 | GLY509 | GLY509 | ILE559 | VAL418 | ALA366 | ILE559 | ILE559 | ILE559,3.88 | 3.60 | 3.56 | 3.58 | 3.52 | 3.68 | 3.61 | 2.95 | 3.61 | 3.61 | 3.75 | 3.79 | 2.78 | 3.71
minimized_CNP0145307.1_docked_1,SER555 | SER508 | VAL512 | VAL606 | GLY367 | GLY367,3.01 | 3.05 | 3.33 | 3.08 | 3.01 | 3.28,ARG415 | ARG415 | THR560 | ILE559 | CYS513 | VAL418 | ALA510 | ALA556 | ALA556 | GLY509 | GLY509 | ALA556 | ALA556 | GLY509 | GLY462 | ARG415 | ARG415 | ARG415 | ARG415 | ARG415 | GLY364 | GLY603 | GLY603 | ILE559 | ILE559,3.86 | 3.81 | 3.34 | 3.90 | 3.58 | 3.89 | 3.55 | 3.76 | 3.43 | 3.68 | 3.88 | 3.66 | 3.46 | 3.72 | 3.78 | 3.85 | 3.87 | 3.68 | 3.64 | 3.30 | 3.75 | 3.76 | 3.59 | 3.54 | 3.72
minimized_CNP0145307.1_docked_2,LEU557 | VAL604 | LEU365 | ILE416 | VAL606 | GLY367 | GLY367 | ARG326,2.81 | 2.80 | 2.70 | 3.08 | 3.23 | 3.31 | 2.94 | 3.25,ALA366 | GLN563 | PRO322 | PRO322 | PRO322 | VAL561 | CYS368 | CYS368 | VAL608 | VAL608,3.90 | 3.58 | 3.71 | 3.70 | 3.63 | 3.80 | 3.89 | 3.78 | 3.67 | 3.52
minimized_CNP0145307.1_docked_3,VAL463 | ILE416 | ALA510 | VAL561 | THR560,2.82 | 2.57 | 3.06 | 3.26 | 2.86,ARG415 | GLY364 | GLY462 | GLY462 | ARG415 | GLY462 | GLY462 | ARG415 | ARG415 | VAL467 | VAL418 | VAL418 | ALA366 | ILE559 | ILE559 | ALA466 | ALA466 | ILE559,3.82 | 3.80 | 3.54 | 3.32 | 3.75 | 3.70 | 3.89 | 3.65 | 3.54 | 3.86 | 3.39 | 3.82 | 3.64 | 3.52 | 3.70 | 3.88 | 3.81 | 3.47
minimized_CNP0145307.1_docked_4,VAL604 | LEU557 | LEU365 | ILE416 | LEU365 | VAL369 | VAL369 | VAL420,2.79 | 2.83 | 3.13 | 2.80 | 3.08 | 3.23 | 2.84 | 2.98,ALA556 | GLY509 | GLY603 | ALA556 | ALA556 | VAL369 | ILE559 | ILE559 | ILE559 | GLY417 | ALA366 | ALA366 | ALA607 | CYS368 | CYS368 | VAL418,3.71 | 3.71 | 3.79 | 3.87 | 3.65 | 3.63 | 3.60 | 3.75 | 3.56 | 3.48 | 3.14 | 3.69 | 3.66 | 3.63 | 3.83 | 3.67
minimized_CNP0145307.1_docked_5,ILE416 | LEU365 | VAL463 | VAL420 | VAL467,2.74 | 2.92 | 2.93 | 3.07 | 3.07,GLY603 | ALA556 | ALA556 | GLY364 | GLY364 | ARG415 | ILE559 | GLY464 | ALA366 | VAL465,3.22 | 3.80 | 3.73 | 3.86 | 3.89 | 3.86 | 3.74 | 3.74 | 3.69 | 3.87
minimized_CNP0145307.1_docked_6,ASP422 | ARG470 | VAL604 | LEU365 | LEU557 | ALA510 | VAL465,2.94 | 3.04 | 2.89 | 2.96 | 2.68 | 2.83 | 2.79,VAL467 | GLY605 | VAL604 | GLY558 | ALA466 | ALA466 | VAL418 | VAL418,3.75 | 3.65 | 3.70 | 3.37 | 3.68 | 3.87 | 3.64 | 3.66
minimized_CNP0145307.1_docked_7,VAL604 | LEU365 | LEU557 | ILE559 | ILE559 | ARG326,3.18 | 3.04 | 3.08 | 3.12 | 2.86 | 2.81,VAL606 | VAL606 | ARG326 | VAL561 | VAL561 | CYS368 | CYS368 | CYS368 | VAL608,3.79 | 3.82 | 3.58 | 3.84 | 3.67 | 3.88 | 3.48 | 3.73 | 3.82
minimized_CNP0145307.1_docked_8,VAL467 | VAL420 | VAL604 | LEU365 | ALA510 | VAL465,3.06 | 3.05 | 3.06 | 3.10 | 2.89 | 2.80,VAL467 | VAL467 | GLY605 | VAL604 | GLY558 | ILE559 | CYS513 | CYS513 | CYS513,3.70 | 3.66 | 3.68 | 3.70 | 3.35 | 3.85 | 3.73 | 3.58 | 3.56
minimized_CNP0145307.1_docked_9,VAL512 | ALA510 | VAL465 | VAL418 | VAL418 | ARG470,3.12 | 2.81 | 2.93 | 2.80 | 3.09 | 3.16,GLY417 | GLY464 | GLY464 | ILE559 | ARG470 | VAL467 | VAL467 | THR560,3.46 | 3.85 | 3.90 | 3.62 | 3.42 | 3.47 | 3.89 | 3.81
minimized_CNP0145485.1_docked_1,ILE416 | LEU365 | ALA510 | GLY462 | LEU557 | VAL418 | VAL418 | VAL606 | VAL606 | GLY367 | GLY367 | VAL512 | VAL465 | VAL561 | VAL561,2.79 | 3.18 | 2.98 | 2.91 | 2.74 | 3.15 | 3.03 | 2.88 | 3.32 | 2.74 | 3.13 | 2.99 | 3.13 | 2.88 | 3.07,GLY509 | GLY462 | GLY462 | ALA366 | ARG326 | THR560 | ALA607 | ALA607 | THR560 | VAL370 | ALA607 | CYS368 | VAL369 | VAL369,3.61 | 3.55 | 3.89 | 3.60 | 3.79 | 3.45 | 3.83 | 3.40 | 3.77 | 3.74 | 3.68 | 3.89 | 3.75 | 3.37
minimized_CNP0145485.1_docked_2,LEU557 | ALA510 | VAL463 | VAL512 | VAL512 | VAL465 | VAL418 | VAL418 | ILE559 | VAL512 | GLY423,2.77 | 3.01 | 2.72 | 2.89 | 3.11 | 2.96 | 2.70 | 3.23 | 3.11 | 2.94 | 3.06,GLY603 | GLY603 | ILE559 | THR560 | VAL420 | CYS368 | CYS368 | VAL467 | VAL420 | VAL420 | VAL467,3.77 | 3.71 | 3.65 | 3.72 | 3.83 | 3.68 | 3.83 | 3.33 | 3.58 | 3.68 | 3.71
minimized_CNP0145485.1_docked_3,ILE416 | LEU365 | LEU557 | VAL465 | VAL418 | VAL418 | GLY367 | GLY367 | VAL512 | VAL465,2.88 | 3.31 | 2.77 | 3.04 | 2.90 | 3.09 | 2.60 | 3.30 | 2.81 | 2.71,GLY509 | GLY462 | GLY462 | ILE559 | ALA466 | THR560 | ALA607 | ALA607 | CYS368 | VAL369 | VAL369,3.79 | 3.74 | 3.76 | 3.82 | 3.80 | 3.75 | 3.71 | 3.47 | 3.78 | 3.82 | 3.38
minimized_CNP0145485.1_docked_4,VAL604 | ILE416 | LEU365 | VAL604 | LEU557 | VAL465 | VAL465 | GLY367 | ILE559 | VAL512 | VAL369 | GLY371 | VAL369,3.14 | 3.00 | 3.27 | 2.98 | 2.92 | 3.28 | 3.30 | 2.70 | 3.14 | 3.29 | 2.95 | 3.09 | 3.31,ALA556 | GLY509 | GLY509 | ILE559 | VAL418 | THR560 | CYS513 | THR560 | CYS368 | ARG470 | VAL467 | VAL420 | VAL420 | VAL420,3.76 | 3.88 | 3.69 | 3.67 | 3.83 | 3.78 | 3.60 | 3.84 | 3.87 | 3.82 | 3.53 | 3.75 | 3.46 | 3.40
minimized_CNP0145485.1_docked_5,LEU557 | ILE416 | LEU365 | VAL463 | VAL606 | VAL606 | GLY367 | GLY367 | ILE559 | VAL606 | THR560 | ILE559 | ARG470 | ASN469,2.82 | 2.90 | 3.34 | 3.04 | 3.13 | 3.21 | 3.03 | 3.05 | 2.71 | 3.00 | 3.07 | 3.25 | 3.22 | 3.01,ALA366 | ALA607 | ALA607 | CYS368 | VAL561 | LEU515 | LEU515 | VAL514 | VAL514 | VAL514 | VAL514,3.51 | 3.76 | 3.69 | 3.78 | 3.79 | 3.88 | 3.69 | 3.86 | 3.85 | 3.67 | 3.88
minimized_CNP0145485.1_docked_6,LEU557 | ALA510 | VAL463 | VAL512 | VAL512 | VAL465 | VAL418 | VAL418 | THR560 | VAL369 | VAL608 | ARG326 | ARG326,2.72 | 2.99 | 2.83 | 3.04 | 3.07 | 2.99 | 2.83 | 3.03 | 3.30 | 2.75 | 3.28 | 2.93 | 3.09,GLY603 | GLY603 | ALA556 | GLY509 | ILE559 | VAL465 | GLY367 | CYS368 | LEU468 | LEU468 | VAL467 | VAL467,3.73 | 3.63 | 3.81 | 3.79 | 3.64 | 3.88 | 3.77 | 3.69 | 3.77 | 3.77 | 3.78 | 3.59
minimized_CNP0145485.1_docked_7,ALA510 | VAL463 | LEU557 | ILE416 | VAL463 | ILE559 | VAL512 | VAL465 | ARG326 | ARG326 | VAL561,3.11 | 3.03 | 3.08 | 3.11 | 2.76 | 3.19 | 2.89 | 2.83 | 3.03 | 3.00 | 2.73,ILE559 | ALA366 | ILE559 | ALA466 | ALA607 | VAL420 | VAL420 | VAL370 | VAL370 | CYS368 | ALA607 | CYS368 | VAL369 | VAL369,3.63 | 3.83 | 3.45 | 3.89 | 3.84 | 3.72 | 3.71 | 3.75 | 3.65 | 3.89 | 3.85 | 3.64 | 3.76 | 3.57
minimized_CNP0145485.1_docked_8,ALA510 | VAL604 | LEU365 | VAL463 | VAL465 | VAL465 | VAL418 | VAL418 | GLY367 | VAL512 | VAL465 | ARG326 | ARG326,3.07 | 2.72 | 2.95 | 3.18 | 3.05 | 3.28 | 2.95 | 3.02 | 2.93 | 2.84 | 2.72 | 2.81 | 2.77,VAL604 | ALA366 | LEU365 | CYS513 | ALA466 | ARG326 | THR560 | ALA607 | ALA607 | VAL420 | CYS368 | VAL369 | VAL369,3.76 | 3.88 | 3.54 | 3.71 | 3.79 | 3.81 | 3.72 | 3.60 | 3.45 | 3.73 | 3.85 | 3.87 | 3.44
minimized_CNP0145485.1_docked_9,LEU557 | VAL604 | LEU365 | VAL463 | ILE416 | LEU557 | GLY367 | ILE559 | VAL465 | VAL418 | ARG326,3.00 | 2.85 | 3.07 | 2.94 | 2.97 | 3.06 | 3.15 | 2.47 | 2.95 | 3.09 | 2.81,GLY462 | VAL418 | ALA366 | ALA466 | ALA466 | ARG326 | ARG326 | VAL420 | VAL420 | VAL370 | VAL370 | CYS368 | CYS368 | CYS368,3.81 | 3.67 | 3.77 | 3.62 | 3.35 | 3.73 | 3.68 | 3.64 | 3.38 | 3.75 | 3.81 | 3.54 | 3.77 | 3.75
minimized_CNP0147317.1_docked_1,LEU557 | GLY509 | SER555 | SER508 | VAL604 | LEU557 | VAL604 | LEU365 | VAL606,2.78 | 3.20 | 2.71 | 3.15 | 2.88 | 2.76 | 3.04 | 3.20 | 2.84,ALA556 | GLY509 | ALA556 | GLY462 | GLY462 | ARG415 | ARG415 | ARG415 | GLY509 | GLY462 | GLY462 | CYS368 | CYS368 | VAL420 | VAL420 | VAL420 | VAL420 | VAL420 | VAL420 | GLY464 | ALA366 | ILE559 | ALA556 | ALA556 | ALA556 | ALA556 | GLY509,3.70 | 3.15 | 3.42 | 3.52 | 3.55 | 3.88 | 3.58 | 3.81 | 3.51 | 3.57 | 3.25 | 3.84 | 3.76 | 3.90 | 3.72 | 3.70 | 3.67 | 3.78 | 3.58 | 3.61 | 3.84 | 3.75 | 3.78 | 3.69 | 3.69 | 3.21 | 3.69
minimized_CNP0147317.1_docked_2,ILE559 | ILE559 | VAL604 | LEU365 | VAL604 | ALA510 | VAL606 | VAL606 | GLY367 | GLY367 | VAL512 | VAL465,2.77 | 2.96 | 2.89 | 3.27 | 2.93 | 3.07 | 2.73 | 3.11 | 2.69 | 3.00 | 2.50 | 3.18,ALA556 | ALA556 | PRO322 | PRO322 | VAL561 | VAL561 | VAL561 | VAL561 | VAL561 | GLN563 | PRO322 | GLY564 | PRO322 | VAL418 | VAL418 | CYS368 | GLY367 | ALA366 | ALA366 | GLY605 | GLY558 | ILE559,3.85 | 3.82 | 3.75 | 3.72 | 3.54 | 3.84 | 3.87 | 3.21 | 3.86 | 3.76 | 3.80 | 3.90 | 3.59 | 3.18 | 3.88 | 3.41 | 3.90 | 3.85 | 3.87 | 3.45 | 3.86 | 3.67
minimized_CNP0147317.1_docked_3,ILE416 | SER555 | VAL604 | LEU365 | VAL465,2.79 | 2.70 | 3.17 | 2.79 | 3.26,GLY509 | SER508 | GLY462 | GLY462 | ARG415 | ARG415 | GLY509 | GLY462 | ALA466 | ALA466 | ILE559 | THR560 | CYS513 | VAL561 | VAL561 | VAL561 | VAL561 | VAL561 | HIS562 | GLY558 | ILE559 | GLY464 | ALA556,3.59 | 3.85 | 3.65 | 3.72 | 3.63 | 3.68 | 3.35 | 3.54 | 3.55 | 3.85 | 3.86 | 3.87 | 3.62 | 3.75 | 3.67 | 3.72 | 3.87 | 3.79 | 3.80 | 3.68 | 3.84 | 3.84 | 3.85
minimized_CNP0147317.1_docked_4,ILE559 | ILE559 | VAL604 | LEU557 | VAL606 | GLY367 | VAL418 | GLY367,3.33 | 3.07 | 2.70 | 2.98 | 2.95 | 2.92 | 3.23 | 2.82,GLY603 | ALA556 | ALA556 | PRO322 | VAL608 | VAL561 | VAL561 | GLN563 | PRO322 | ILE559 | CYS513 | CYS513 | ILE559,3.78 | 3.68 | 3.86 | 3.78 | 3.89 | 3.84 | 3.84 | 3.49 | 3.62 | 3.70 | 3.44 | 3.87 | 3.38
minimized_CNP0147317.1_docked_5,ILE559 | ILE559 | ILE416 | LEU365 | LEU557 | ALA510 | VAL606 | VAL606 | GLY367 | GLY367 | VAL606 | GLY367 | THR560,3.11 | 3.12 | 3.11 | 3.15 | 3.11 | 3.14 | 2.49 | 3.14 | 2.69 | 3.25 | 2.52 | 2.50 | 3.12,VAL561 | VAL561 | VAL561 | VAL561 | VAL514 | VAL514 | HIS516 | HIS516 | HIS516 | HIS516 | HIS516 | ALA466 | ILE559,3.84 | 3.64 | 3.57 | 3.55 | 3.49 | 3.85 | 3.73 | 3.55 | 3.90 | 3.76 | 3.78 | 3.68 | 3.47
minimized_CNP0147317.1_docked_6,VAL606 | ILE559 | ILE559 | LEU365 | VAL604 | ALA510 | VAL606 | VAL606 | GLY367 | GLY367 | ILE559 | VAL512,3.34 | 3.11 | 2.98 | 3.28 | 2.84 | 2.99 | 2.71 | 3.08 | 2.71 | 3.01 | 3.07 | 3.12,VAL514 | VAL514 | LEU468 | LEU468 | VAL418 | CYS368 | GLY605 | GLY558 | ILE559,3.77 | 3.66 | 3.77 | 3.75 | 3.61 | 3.65 | 3.52 | 3.85 | 3.55
minimized_CNP0147317.1_docked_7,VAL606 | VAL606 | GLY367 | GLY367 | ILE416 | LEU365 | LEU557 | ALA510 | VAL418 | GLY367 | VAL606 | ILE559 | THR560,2.92 | 2.96 | 2.99 | 2.98 | 3.05 | 3.06 | 3.07 | 3.03 | 3.11 | 3.02 | 2.92 | 2.68 | 2.82,ILE559 | VAL561 | VAL561 | VAL561 | VAL561 | GLY564 | GLY564 | HIS516 | GLY564 | ALA466 | ALA366 | ALA366,3.82 | 3.70 | 3.86 | 3.29 | 3.66 | 3.86 | 3.47 | 3.71 | 3.78 | 3.48 | 3.30 | 3.79
minimized_CNP0147317.1_docked_8,SER602 | ARG483,2.91 | 2.96,ARG415 | TYR525 | ALA366 | ALA366 | GLY558 | ILE559 | GLY417 | ILE559 | GLY509 | ARG415 | GLY364 | ARG415 | GLY364 | ALA556 | ARG415 | ALA556,3.75 | 3.61 | 3.45 | 3.68 | 3.86 | 3.80 | 3.75 | 3.87 | 3.22 | 3.23 | 3.52 | 3.75 | 3.60 | 3.48 | 3.80 | 3.52
minimized_CNP0147317.1_docked_9,ILE416 | LEU365 | LEU557 | ALA510 | VAL606 | VAL606 | GLY367 | GLY367 | VAL606 | THR560,3.00 | 3.18 | 3.15 | 3.19 | 2.88 | 3.27 | 2.80 | 3.14 | 2.88 | 3.29,GLY464 | VAL561 | VAL561 | VAL561 | VAL514 | LEU468 | LEU468 | LEU468 | ALA466 | GLY419 | ALA366 | ILE559,3.87 | 3.58 | 3.89 | 3.80 | 3.77 | 3.66 | 3.30 | 3.59 | 3.82 | 3.89 | 3.84 | 3.89
minimized_CNP0148135.2_docked_1,ASN469 | VAL606 | ILE559 | ILE416,2.80 | 3.23 | 2.86 | 2.90,ILE421 | ASN469 | ASN469 | VAL467 | VAL467 | VAL467 | VAL467 | VAL420 | CYS513 | CYS513 | GLY603 | GLY364 | ILE559 | GLY511 | ILE559 | VAL606 | GLY558,3.85 | 3.85 | 3.77 | 3.83 | 3.25 | 3.84 | 3.83 | 3.63 | 3.73 | 3.73 | 3.47 | 3.78 | 3.78 | 3.52 | 3.62 | 3.68 | 3.53
minimized_CNP0148135.2_docked_2,VAL606 | ILE559 | ILE416,3.13 | 2.71 | 2.80,ARG470 | ARG470 | ARG470 | ARG470 | VAL420 | CYS513 | CYS513 | CYS513 | VAL418 | GLY603 | GLY364 | GLY511 | ILE559 | VAL606 | GLY558 | GLY558,3.75 | 3.85 | 3.35 | 3.62 | 3.67 | 3.59 | 3.79 | 3.72 | 3.88 | 3.57 | 3.68 | 3.61 | 3.71 | 3.78 | 3.86 | 3.52
minimized_CNP0148135.2_docked_3,VAL418 | GLY367 | VAL467,3.02 | 2.69 | 3.12,ARG470 | ARG470 | ARG470 | THR560 | ILE559 | ILE559 | VAL467 | VAL467 | VAL467 | VAL467 | CYS368 | CYS368 | GLY603 | ALA556 | ALA556 | GLY558 | ILE559 | ALA366,3.87 | 3.86 | 3.63 | 3.77 | 3.79 | 3.81 | 3.63 | 3.84 | 3.48 | 3.10 | 3.77 | 3.57 | 3.55 | 3.78 | 3.89 | 3.39 | 3.75 | 3.87
minimized_CNP0148135.2_docked_4,VAL465 | VAL465,2.68 | 3.16,GLY462 | ARG415 | ARG415 | ALA556 | TYR334 | TYR334 | ARG415 | ALA556 | ARG415 | ARG415 | ARG415 | ARG415 | GLY364 | ALA556 | ALA556 | VAL606 | GLY364 | GLY364 | ALA556 | GLY364 | GLY364 | GLY511 | ALA366 | ILE559 | ALA366 | THR560,3.89 | 3.28 | 3.68 | 3.81 | 3.67 | 3.74 | 3.89 | 3.82 | 3.15 | 3.08 | 3.73 | 3.04 | 3.83 | 3.21 | 3.77 | 3.81 | 3.87 | 3.42 | 3.75 | 3.75 | 3.84 | 3.81 | 3.61 | 3.71 | 3.79 | 3.79
minimized_CNP0148135.2_docked_5,ARG483 | ILE559 | ILE559 | VAL608,2.87 | 3.00 | 3.12 | 3.02,ALA556 | TYR525 | TYR525 | ARG415 | ARG415 | ARG415 | ARG415 | ALA556 | ALA556 | ALA556 | GLY509 | ARG415 | VAL418 | ALA366 | GLY509 | GLY509 | GLY462 | GLY462 | ALA556 | GLY509 | GLY462 | GLY462 | VAL604 | GLY558 | GLY558 | THR560 | CYS513,2.97 | 3.88 | 3.79 | 3.44 | 3.74 | 3.78 | 3.81 | 3.72 | 3.26 | 3.67 | 3.49 | 3.89 | 3.33 | 3.58 | 3.85 | 3.18 | 3.43 | 3.13 | 3.82 | 3.60 | 3.53 | 3.74 | 3.64 | 3.76 | 3.70 | 3.34 | 3.77
minimized_CNP0148135.2_docked_6,VAL418 | GLY367 | VAL467 | VAL463,3.02 | 2.80 | 3.05 | 2.71,ARG470 | THR560 | ILE559 | ILE559 | VAL467 | VAL467 | VAL467 | CYS368 | CYS368 | GLY603 | GLY603 | ALA556 | GLY558 | GLY558 | ILE559 | ALA366,3.90 | 3.79 | 3.77 | 3.79 | 3.72 | 3.54 | 3.16 | 3.69 | 3.54 | 3.84 | 3.49 | 3.82 | 3.89 | 3.31 | 3.72 | 3.79
minimized_CNP0148135.2_docked_7,VAL465 | VAL465 | VAL418 | VAL467,2.66 | 3.30 | 3.29 | 2.97,GLY462 | ARG415 | ARG415 | ALA556 | TYR334 | TYR334 | ALA556 | ALA556 | ARG415 | ARG415 | ARG415 | GLY364 | ALA556 | ALA556 | ILE559 | ILE559 | GLY603 | GLY364 | GLY464 | GLY464 | ILE559,3.73 | 3.40 | 3.64 | 3.68 | 3.67 | 3.63 | 3.75 | 3.63 | 3.26 | 3.03 | 3.18 | 3.61 | 3.24 | 3.71 | 3.79 | 3.75 | 3.66 | 3.53 | 3.32 | 3.54 | 3.82
minimized_CNP0148135.2_docked_8,VAL561 | THR560 | ARG326 | VAL561,2.70 | 3.23 | 2.95 | 2.86,VAL418 | ALA366 | ALA366 | GLY464 | GLY511 | ILE559 | ILE559 | THR560 | CYS513 | ARG326 | ARG326 | PRO322,3.00 | 2.92 | 3.83 | 3.82 | 3.32 | 3.58 | 3.84 | 3.63 | 3.73 | 3.51 | 3.80 | 3.60
minimized_CNP0148135.2_docked_9,ILE559 | THR560 | VAL420 | VAL467 | ASN469,2.80 | 3.34 | 3.19 | 2.93 | 3.06,GLY603 | ALA556 | ALA556 | ALA556 | VAL606 | VAL606 | GLY558 | GLY558 | GLY605 | VAL465 | VAL418 | LEU468 | VAL514 | LEU468 | LEU468 | LEU468,3.79 | 3.75 | 3.80 | 3.45 | 3.68 | 3.58 | 3.67 | 3.21 | 3.62 | 3.90 | 3.79 | 3.85 | 3.85 | 3.64 | 3.72 | 3.77
minimized_CNP0148179.0_docked_1,ARG326 | VAL608 | THR560 | THR560 | VAL606,2.95 | 3.18 | 2.77 | 2.85 | 3.24,ARG326 | ARG326 | VAL608 | CYS368 | GLY603 | ALA556 | GLY509 | GLY462 | ALA556 | GLY509 | ALA556 | ARG415 | ARG415 | ARG415 | ARG415 | ARG415 | ARG415 | ARG415 | GLY509 | VAL463 | GLY462 | GLY511 | ALA366 | ALA366,3.75 | 3.51 | 3.52 | 3.85 | 3.45 | 3.75 | 3.54 | 3.81 | 3.65 | 3.77 | 3.72 | 3.81 | 3.79 | 3.82 | 3.30 | 3.67 | 3.75 | 3.85 | 3.76 | 3.81 | 3.53 | 3.77 | 3.30 | 3.89
minimized_CNP0148179.0_docked_2,SER508 | GLY509 | ILE416 | VAL512 | VAL418 | GLY367,2.71 | 3.19 | 3.09 | 3.09 | 2.91 | 3.19,GLY462 | ARG415 | GLY462 | ALA556 | ALA556 | GLY509 | GLY509 | ARG415 | ARG415 | ARG415 | GLY364 | GLY509 | GLY462 | GLY603 | ALA556 | ALA556 | GLY509 | GLY509 | VAL463 | GLY464 | VAL463 | ILE559 | ILE559 | ILE559 | VAL420 | VAL420 | VAL420 | VAL420 | VAL420 | VAL420 | CYS513 | CYS513 | ALA466 | ALA466,3.67 | 3.46 | 3.41 | 3.19 | 3.65 | 3.57 | 3.57 | 3.39 | 3.47 | 3.18 | 3.48 | 3.64 | 3.70 | 3.54 | 3.61 | 3.57 | 3.88 | 3.81 | 3.85 | 3.48 | 3.77 | 3.89 | 3.40 | 3.86 | 3.76 | 3.62 | 3.83 | 3.73 | 3.68 | 3.80 | 3.82 | 3.40 | 3.34 | 3.87
minimized_CNP0148179.0_docked_3,ARG470 | VAL420 | VAL465,2.80 | 2.99 | 3.10,VAL467 | VAL467 | VAL420 | ILE559 | GLY462 | ARG415 | ALA556 | ALA556 | ARG415 | ARG415 | ARG415 | ARG415 | ALA556 | ALA556 | GLY509 | GLY603 | ALA556 | VAL463 | GLY462 | GLY462 | GLY605 | ALA366 | ILE559 | ILE559,3.80 | 3.83 | 3.78 | 3.81 | 3.83 | 3.68 | 3.59 | 3.83 | 3.88 | 3.47 | 3.60 | 3.75 | 3.39 | 3.44 | 3.65 | 3.71 | 3.83 | 3.66 | 3.79 | 3.80 | 3.72 | 3.57 | 3.64 | 3.87
minimized_CNP0148179.0_docked_4,LEU557 | ILE416 | VAL512 | VAL465 | ILE559 | VAL512 | HIS516 | THR560,3.18 | 2.77 | 3.23 | 3.23 | 3.01 | 3.27 | 3.24 | 3.23,GLY603 | SER363 | ARG415 | ARG415 | ALA556 | ARG415 | ARG415 | ALA556 | ARG415 | ARG415 | ARG415 | ARG415 | GLY364 | GLY509 | GLY603 | GLY464 | VAL463 | GLY464 | ALA366 | VAL561 | VAL514 | VAL514 | VAL561 | VAL561 | VAL561 | VAL561 | ALA607,3.82 | 3.73 | 3.73 | 3.89 | 3.88 | 3.66 | 3.68 | 3.72 | 3.64 | 3.88 | 3.88 | 3.45 | 3.53 | 3.77 | 3.57 | 3.21 | 3.73 | 3.88 | 3.82 | 3.86 | 3.66 | 3.73 | 3.41 | 3.42 | 3.87 | 3.28 | 3.71
minimized_CNP0148179.0_docked_5,LEU557 | ILE416 | VAL512 | VAL465 | VAL606 | ILE559,3.14 | 2.91 | 3.04 | 3.29 | 2.69 | 2.83,SER363 | ARG415 | ARG415 | ARG415 | GLY364 | ALA556 | ARG415 | ARG415 | ALA556 | ARG415 | ARG415 | GLY364 | GLY364 | GLY603 | GLY464 | VAL463 | GLY464 | VAL608 | VAL608 | VAL608 | CYS368 | CYS368,3.58 | 3.60 | 3.74 | 3.82 | 3.79 | 3.89 | 3.64 | 3.58 | 3.77 | 3.66 | 3.66 | 3.77 | 3.38 | 3.49 | 3.25 | 3.77 | 3.86 | 3.89 | 3.87 | 3.86 | 3.39 | 3.86
minimized_CNP0148179.0_docked_6,ALA510 | GLY509 | ILE416 | VAL512 | VAL418,3.26 | 3.25 | 3.14 | 3.01 | 2.67,GLY603 | SER363 | ARG415 | ARG415 | ARG415 | ARG415 | ARG415 | ALA556 | ARG415 | ARG415 | ARG415 | ARG415 | ARG415 | GLY364 | GLY509 | GLY603 | ALA556 | ALA556 | ALA556 | VAL463 | GLY464 | VAL463 | ILE559 | ILE559 | VAL420 | VAL467 | VAL420 | VAL467 | VAL420 | VAL420 | VAL467 | CYS513 | CYS513 | ALA466,3.54 | 3.85 | 3.69 | 3.88 | 3.76 | 3.40 | 3.58 | 3.88 | 3.89 | 3.43 | 3.87 | 3.88 | 3.52 | 3.66 | 3.61 | 3.67 | 3.74 | 3.83 | 3.49 | 3.80 | 3.28 | 3.87 | 3.73 | 3.46 | 3.57 | 3.85 | 3.79 | 3.79 | 3.73 | 3.82 | 3.86 | 3.70 | 3.38 | 3.52
minimized_CNP0148179.0_docked_7,LEU557 | ILE416 | VAL512 | VAL606 | ILE559,3.09 | 2.87 | 3.06 | 3.24 | 2.92,SER363 | ARG415 | ARG415 | ARG415 | ALA556 | ARG415 | ARG415 | ALA556 | ARG415 | ARG415 | GLY364 | GLY364 | GLY603 | GLY603 | GLY509 | GLY509 | ALA510 | GLY464 | VAL463 | GLY464 | VAL369 | VAL369 | VAL369 | VAL608 | VAL608 | CYS368 | ALA607 | CYS368,3.61 | 3.59 | 3.83 | 3.82 | 3.82 | 3.69 | 3.65 | 3.81 | 3.63 | 3.52 | 3.65 | 3.18 | 3.69 | 3.29 | 3.83 | 3.75 | 3.85 | 3.51 | 3.83 | 3.65 | 3.68 | 3.72 | 3.74 | 3.80 | 3.35 | 3.82 | 3.60 | 3.59
minimized_CNP0148179.0_docked_8,GLY564 | GLN563 | VAL561 | THR560 | ILE559,3.21 | 2.81 | 2.89 | 2.80 | 3.26,HIS562 | HIS562 | VAL561 | VAL561 | ILE559 | ILE559 | ARG415 | GLY603 | ARG415 | GLY364 | ARG415 | GLY364 | ARG415 | ALA556 | GLY603 | ALA556 | GLY462 | GLY462 | ARG415 | ARG415 | ALA556 | ALA556 | ALA556 | GLY464 | VAL463 | GLY417 | ALA366,3.86 | 3.76 | 3.87 | 3.58 | 3.44 | 3.58 | 3.51 | 3.61 | 3.60 | 2.99 | 3.57 | 3.80 | 3.89 | 3.49 | 3.61 | 3.61 | 3.75 | 3.36 | 3.53 | 3.66 | 3.80 | 3.43 | 3.22 | 3.61 | 3.85 | 3.86 | 3.83
minimized_CNP0148179.0_docked_9,TYR525 | SER508 | ALA510,2.87 | 3.08 | 3.20,TYR572 | TYR572 | TYR525 | ALA556 | GLY509 | ALA556 | ARG415 | ALA556 | ARG415 | GLY509 | GLY462 | GLY364 | THR560 | CYS513 | GLY464 | ILE559 | LEU365 | GLY462 | GLY462,3.84 | 3.56 | 3.88 | 3.61 | 3.68 | 3.54 | 3.83 | 3.73 | 3.75 | 3.63 | 3.21 | 3.86 | 3.47 | 3.67 | 3.68 | 3.82 | 3.76 | 3.58 | 3.82
minimized_CNP0148484.1_docked_1,VAL606 | THR560 | VAL608 | ARG326 | VAL608 | THR560,2.81 | 3.16 | 3.24 | 3.26 | 2.93 | 3.11,ALA556 | GLY603 | ARG415 | GLY364 | ARG415 | ALA556 | GLY509 | ILE559 | GLY511 | ARG415 | ARG415 | ARG415 | GLY364 | GLY364 | CYS368,3.40 | 3.75 | 3.88 | 3.68 | 3.87 | 3.59 | 3.82 | 3.35 | 3.66 | 3.87 | 3.59 | 3.31 | 3.54 | 3.60 | 3.81
minimized_CNP0148484.1_docked_2,ILE559 | ILE559 | ARG326 | VAL604 | LEU365 | ALA510 | GLY462 | VAL604 | LEU365,3.28 | 3.19 | 3.02 | 3.14 | 2.85 | 2.84 | 3.19 | 2.71 | 3.03,VAL369 | VAL369 | VAL369 | ALA607 | GLY509 | GLY509 | GLY462 | ILE559 | GLY464 | GLY464,3.77 | 3.34 | 3.80 | 3.76 | 3.84 | 3.47 | 3.67 | 3.73 | 3.82 | 3.36
minimized_CNP0148484.1_docked_3,GLY367 | VAL608 | ARG326 | VAL369 | VAL561 | THR560,3.16 | 2.83 | 3.09 | 3.12 | 2.74 | 2.93,ALA556 | GLY603 | ALA556 | ARG415 | ARG415 | ALA556 | GLY509 | GLY509 | ILE559 | GLY511 | GLY462 | ARG415 | ARG415 | ARG415 | ARG415 | GLY364 | GLY364 | GLY462 | GLY464 | VAL608 | VAL608 | VAL369,3.50 | 3.82 | 3.75 | 3.89 | 3.78 | 3.49 | 3.85 | 3.61 | 3.53 | 3.72 | 3.88 | 3.85 | 3.78 | 3.40 | 3.06 | 3.75 | 3.70 | 3.84 | 3.77 | 3.81 | 3.75 | 3.82
minimized_CNP0148484.1_docked_4,VAL604 | LEU365 | ALA510 | GLY462 | VAL604 | LEU365,3.26 | 3.07 | 2.86 | 3.23 | 2.70 | 2.66,VAL514 | VAL561 | VAL561 | VAL561 | VAL561 | VAL561 | GLY509 | GLY509 | GLY462 | GLY464,3.79 | 3.87 | 3.66 | 3.62 | 3.64 | 3.76 | 3.85 | 3.46 | 3.63 | 3.78
minimized_CNP0148484.1_docked_5,VAL608 | VAL561 | THR560 | VAL369 | VAL369,2.90 | 2.79 | 3.11 | 3.10 | 2.85,ALA556 | ALA556 | GLY509 | ARG415 | ALA556 | GLY509 | ILE559 | ARG415 | ARG415 | ARG415 | ARG415 | GLY364 | GLY364 | GLY464 | GLY417 | ALA607 | VAL369 | CYS368 | THR560 | CYS513,3.26 | 3.81 | 3.80 | 3.80 | 3.59 | 3.78 | 3.50 | 3.90 | 3.84 | 3.39 | 3.08 | 3.74 | 3.72 | 3.89 | 3.86 | 3.87 | 3.83 | 3.87 | 3.39 | 3.32
minimized_CNP0148484.1_docked_6,THR560 | VAL467 | VAL420 | VAL514,3.06 | 3.00 | 3.19 | 3.17,ALA556 | GLY603 | ARG415 | GLY364 | ARG415 | ALA556 | GLY509 | ILE559 | GLY511 | ARG415 | ARG415 | ARG415 | GLY364 | GLY364 | VAL514 | CYS368,3.39 | 3.81 | 3.86 | 3.76 | 3.87 | 3.58 | 3.75 | 3.33 | 3.63 | 3.89 | 3.61 | 3.32 | 3.57 | 3.61 | 3.49 | 3.57
minimized_CNP0148484.1_docked_7,ASN414,2.96,ILE559 | LEU557 | GLY417 | ALA366 | ALA366 | GLY464 | ARG415 | ARG415 | GLY364 | GLY364 | GLY462 | GLY462 | ARG415 | ARG415 | ASN414 | ARG415 | ARG415 | ARG415 | GLY603 | GLY603 | ALA556 | GLY364 | ARG415 | ARG415 | ALA556 | ARG415 | ARG415,3.53 | 3.88 | 3.63 | 3.62 | 3.63 | 3.45 | 3.80 | 3.65 | 3.77 | 3.90 | 3.80 | 3.73 | 3.86 | 3.61 | 3.87 | 3.76 | 3.51 | 3.59 | 3.79 | 3.22 | 3.68 | 3.79 | 3.32 | 3.87 | 3.74 | 3.85 | 3.73
minimized_CNP0148484.1_docked_8,ARG483 | ARG483 | ARG483,2.90 | 3.01 | 3.14,ILE559 | GLY417 | ALA366 | ALA366 | GLY464 | ARG415 | ARG415 | GLY364 | GLY364 | GLY462 | ARG415 | ARG415 | ARG415 | PHE478 | ARG415 | ALA556 | ARG415 | ARG415 | ALA556 | GLY509,3.61 | 3.69 | 3.57 | 3.59 | 3.63 | 3.71 | 3.53 | 3.68 | 3.80 | 3.75 | 3.84 | 3.85 | 3.53 | 3.76 | 3.80 | 3.56 | 3.83 | 3.41 | 3.35 | 3.26
minimized_CNP0148484.1_docked_9,VAL420 | VAL561 | VAL467,3.28 | 2.86 | 2.88,ALA556 | ARG415 | GLY509 | GLY462 | ALA556 | ARG415 | GLY417 | GLY603 | ALA556 | ALA556 | LEU557 | ALA366 | GLY511 | ILE559 | ALA366 | ALA366 | ILE559 | CYS513 | ALA466 | ALA466,3.79 | 3.68 | 3.33 | 3.86 | 3.68 | 3.88 | 3.57 | 3.49 | 3.54 | 3.56 | 3.79 | 3.78 | 3.87 | 3.40 | 3.19 | 3.71 | 3.43 | 3.69 | 3.25 | 3.72
minimized_CNP0148737.1_docked_1,ILE416 | LEU365 | VAL604 | VAL606 | VAL606 | GLY367 | GLY367,2.96 | 3.17 | 2.96 | 3.23 | 3.13 | 3.01 | 2.80,CYS513 | CYS513 | VAL561 | VAL561 | VAL561 | VAL514 | ALA366,3.62 | 3.72 | 3.70 | 3.63 | 3.81 | 3.65 | 3.84
minimized_CNP0148737.1_docked_2,ILE416 | LEU365 | VAL604 | VAL512 | VAL465 | VAL465 | VAL606 | VAL606 | GLY367 | GLY367,2.99 | 3.09 | 2.90 | 3.06 | 2.85 | 3.03 | 3.14 | 3.34 | 2.94 | 3.09,ALA466 | VAL467 | ARG470 | ARG470 | CYS368 | VAL420 | VAL420,3.74 | 3.69 | 3.75 | 3.44 | 3.66 | 3.72 | 3.45
minimized_CNP0148737.1_docked_3,VAL604 | LEU557 | VAL606 | VAL512 | VAL512 | VAL465 | VAL465 | THR560,2.97 | 3.06 | 3.16 | 2.84 | 3.22 | 3.29 | 3.24 | 2.85,ALA556 | GLY509 | GLY603 | ILE559 | VAL420 | VAL420 | VAL369 | VAL369 | ILE559,3.68 | 3.88 | 3.89 | 3.65 | 3.58 | 3.31 | 3.70 | 3.73 | 3.83
minimized_CNP0148737.1_docked_4,ILE416 | LEU365 | VAL604 | LEU557 | VAL418 | VAL606 | VAL606 | ILE559,2.95 | 3.08 | 2.95 | 3.09 | 2.89 | 2.83 | 3.17 | 3.11,GLY417 | ALA366 | GLN563 | THR560 | CYS513 | VAL561,3.68 | 3.69 | 3.84 | 3.87 | 3.71 | 3.34
minimized_CNP0148737.1_docked_5,ALA510 | VAL463 | VAL418 | ILE559 | ILE559,3.14 | 3.05 | 3.00 | 3.07 | 3.14,GLY509 | ALA366 | ALA466 | VAL514 | VAL514 | VAL514 | ILE559 | THR560 | CYS513 | VAL561 | VAL514 | LEU468 | LEU468 | ILE559,3.56 | 3.48 | 3.85 | 3.86 | 3.89 | 3.31 | 3.60 | 3.84 | 3.81 | 3.82 | 3.61 | 3.76 | 3.85 | 3.65
minimized_CNP0148737.1_docked_6,VAL606 | ILE559 | VAL512 | VAL512 | ILE416,3.11 | 2.85 | 3.10 | 3.05 | 2.97,ILE559 | ILE559 | GLY603 | ALA556 | ALA556 | TYR525 | GLY509 | GLY462 | ALA556 | ARG415 | GLY462 | ARG415 | ARG415 | ARG415 | TYR525 | TYR525 | TYR525 | ARG415 | ARG415,3.37 | 3.90 | 3.85 | 2.77 | 3.52 | 3.78 | 3.59 | 3.46 | 3.55 | 3.77 | 3.83 | 3.88 | 3.56 | 3.66 | 3.65 | 3.51 | 3.62 | 3.43 | 3.77
minimized_CNP0148737.1_docked_7,VAL604 | ILE559 | VAL512 | VAL512 | VAL465 | VAL465,2.70 | 3.13 | 2.79 | 3.33 | 2.99 | 2.98,ALA556 | GLY462 | GLY462 | VAL369 | VAL420 | VAL420 | ALA607 | VAL420,3.87 | 3.84 | 3.88 | 3.47 | 3.69 | 3.88 | 3.81 | 3.67
minimized_CNP0148737.1_docked_8,ILE416 | LEU365 | VAL604 | LEU557 | VAL606 | VAL606 | GLY367 | THR560,3.10 | 3.04 | 2.89 | 3.00 | 2.76 | 3.26 | 2.92 | 3.05,CYS368 | CYS368 | ARG326,3.61 | 3.81 | 3.84
minimized_CNP0148737.1_docked_9,VAL463 | ILE416 | LEU365 | ILE559 | VAL465 | VAL418 | GLY367,3.06 | 3.17 | 2.97 | 3.15 | 2.88 | 2.69 | 3.19,CYS513 | CYS513 | CYS513 | CYS513 | VAL467 | VAL514 | VAL514 | VAL514 | VAL514 | ALA366,3.64 | 3.88 | 3.76 | 3.79 | 3.56 | 3.79 | 3.80 | 3.55 | 3.65 | 3.87
minimized_CNP0148962.1_docked_1,GLN563 | ARG326 | VAL608 | VAL608 | VAL604,3.12 | 2.65 | 2.93 | 3.04 | 2.52,ILE559 | ILE559 | GLY511 | GLY462 | ARG415 | ARG415 | ARG415 | VAL418 | CYS368 | VAL418 | VAL418 | ILE559 | ILE559 | ILE559 | ALA366,3.71 | 3.58 | 3.15 | 3.47 | 3.80 | 3.36 | 3.41 | 3.74 | 3.74 | 3.30 | 3.69 | 3.51 | 2.79 | 3.66 | 3.52
minimized_CNP0148962.1_docked_2,GLN563 | HIS562 | VAL369 | ILE416 | LEU365,2.80 | 3.16 | 2.59 | 3.07 | 3.01,VAL608 | VAL608 | PRO322 | GLY558 | GLY509 | GLY509 | GLY462 | ALA466 | ALA466 | ALA466 | VAL465 | ILE559 | ILE559,3.42 | 3.81 | 3.51 | 3.76 | 3.80 | 3.43 | 3.67 | 3.69 | 3.90 | 3.74 | 3.75 | 3.83 | 3.80
minimized_CNP0148962.1_docked_3,VAL561 | VAL608 | LEU557,2.81 | 2.94 | 3.04,ARG326 | PRO322 | VAL369 | ILE559 | GLY511 | GLY464 | VAL463 | ARG415 | ARG415 | GLY364 | CYS513 | ILE559 | VAL606 | GLY464 | ALA556 | GLY603 | ALA556 | ALA556 | ARG415 | ARG415 | ARG415 | GLY364 | THR560,3.65 | 3.88 | 3.69 | 3.45 | 3.66 | 3.60 | 3.47 | 3.37 | 3.85 | 2.95 | 3.87 | 3.46 | 3.77 | 3.70 | 3.64 | 3.85 | 3.61 | 3.53 | 3.79 | 3.70 | 3.42 | 3.70 | 3.80
minimized_CNP0148962.1_docked_4,VAL561 | VAL512 | VAL418,3.25 | 2.99 | 3.13,VAL608 | VAL561 | GLN563 | PRO322 | PRO322 | PRO322 | ARG326 | ALA466 | VAL369 | VAL369 | VAL369 | ALA607 | ILE559 | VAL418,3.68 | 3.54 | 3.46 | 3.45 | 3.87 | 3.88 | 3.74 | 3.71 | 3.86 | 3.48 | 3.52 | 3.73 | 3.77 | 3.81
minimized_CNP0148962.1_docked_5,VAL514 | GLN563 | VAL467 | THR560 | VAL604 | LEU557,2.63 | 3.10 | 3.23 | 3.15 | 2.74 | 2.96,ARG326 | VAL561 | VAL561 | ILE559 | LEU557 | GLY511 | ALA510 | ARG415 | ARG415 | ARG415 | GLY364 | CYS368 | VAL418 | GLY367 | VAL418 | ALA366 | ILE559 | ILE559 | ALA366 | ALA366 | ALA556 | GLY603 | GLY603,3.83 | 3.38 | 3.85 | 3.52 | 3.88 | 3.41 | 3.44 | 3.31 | 3.60 | 3.51 | 3.61 | 3.89 | 3.04 | 3.76 | 3.30 | 3.51 | 3.11 | 3.17 | 3.50 | 3.70 | 3.86 | 3.82 | 3.33
minimized_CNP0148962.1_docked_6,VAL467 | VAL467 | VAL606 | VAL514 | VAL606 | GLY367,3.15 | 2.98 | 3.05 | 3.24 | 2.70 | 2.99,VAL561 | VAL514 | VAL514 | VAL608 | CYS513 | ALA466 | ARG415 | ARG415 | ARG415 | ARG415 | ARG415 | ARG415 | GLY364 | ALA366 | GLY417 | ALA366 | ILE559 | GLY511 | GLY509 | GLY509 | ALA556 | ALA556 | GLY509 | GLY509 | ARG415 | ARG415 | ALA556 | GLY509 | GLY462 | ARG415 | ARG415 | ALA556,3.76 | 3.41 | 3.77 | 3.77 | 3.86 | 3.57 | 3.66 | 3.84 | 3.78 | 2.88 | 3.60 | 3.79 | 3.52 | 3.47 | 3.82 | 3.46 | 3.89 | 3.89 | 3.40 | 3.11 | 3.76 | 3.28 | 3.73 | 3.10 | 3.58 | 3.85 | 3.76 | 3.86 | 3.77 | 3.57 | 3.79 | 3.02
minimized_CNP0148962.1_docked_7,HIS516 | HIS516 | HIS516 | VAL514 | VAL608 | THR560 | VAL604 | LEU557,2.96 | 3.13 | 3.16 | 3.05 | 3.03 | 2.99 | 3.14 | 3.06,GLY564 | ILE559 | GLY558 | ALA510 | GLY509 | ARG415 | ARG415 | ARG415 | GLY364 | GLY364 | VAL418 | VAL418 | ALA366 | ILE559 | VAL512 | ILE559 | ALA366 | ALA366 | GLY603 | ALA556 | ALA556 | GLY603 | GLY603 | GLY364,3.73 | 3.51 | 3.89 | 3.35 | 3.88 | 3.02 | 3.53 | 3.40 | 3.87 | 2.98 | 3.47 | 3.73 | 3.52 | 3.05 | 3.85 | 3.58 | 3.73 | 3.82 | 3.76 | 3.73 | 3.69 | 3.60 | 3.01 | 3.64
minimized_CNP0148962.1_docked_8,ARG326 | ARG326 | VAL608 | ARG326 | VAL606 | GLY367 | VAL512 | VAL465,3.25 | 2.91 | 2.80 | 2.80 | 2.57 | 2.90 | 2.83 | 2.89,VAL420 | VAL420 | VAL369 | GLY371 | THR560 | ILE559 | ILE559 | CYS513 | GLY417 | ALA366 | VAL467 | VAL467 | VAL467 | VAL467,3.61 | 3.68 | 3.78 | 3.66 | 3.78 | 3.54 | 3.74 | 3.65 | 3.50 | 3.75 | 3.72 | 3.44 | 3.88 | 3.27
minimized_CNP0148962.1_docked_9,VAL606 | GLY367 | VAL606 | GLY367 | VAL608 | ARG326 | VAL369 | VAL369 | VAL369 | VAL420 | VAL514 | VAL420,3.31 | 3.12 | 3.01 | 2.97 | 2.89 | 3.00 | 3.00 | 3.01 | 3.06 | 3.19 | 3.14 | 3.17,VAL608 | VAL369 | CYS513 | VAL561 | GLY564 | VAL561 | GLY564 | GLN563 | PRO322 | PRO322 | VAL467,3.84 | 3.47 | 3.75 | 3.72 | 3.76 | 3.82 | 3.71 | 3.77 | 3.74 | 3.81 | 3.76
minimized_CNP0150930.3_docked_1,VAL604 | LEU365 | VAL463 | ILE416 | VAL604 | ALA510 | VAL463 | VAL418 | VAL561 | ARG326,2.97 | 3.20 | 2.91 | 3.06 | 3.00 | 2.98 | 3.03 | 3.10 | 3.24 | 3.13,GLY419 | VAL418 | VAL418 | CYS368 | ALA466 | GLY419 | VAL561 | VAL561 | VAL561 | ALA366 | ALA366 | ALA366,3.80 | 3.84 | 3.86 | 3.47 | 3.86 | 3.78 | 3.45 | 3.75 | 3.66 | 3.74 | 3.57 | 3.56
minimized_CNP0150930.3_docked_2,VAL604 | VAL463 | ILE416 | VAL604 | LEU365 | ALA510 | VAL463 | VAL418 | VAL418,2.86 | 3.03 | 2.87 | 2.90 | 2.70 | 3.12 | 3.12 | 3.21 | 3.08,ALA607 | CYS368 | CYS368 | GLY367 | CYS368 | ALA466 | ALA466 | VAL514 | VAL561 | VAL514 | VAL514 | VAL514,3.84 | 3.82 | 3.51 | 3.75 | 3.72 | 3.76 | 3.78 | 3.73 | 3.74 | 3.79 | 3.10 | 3.71
minimized_CNP0150930.3_docked_3,VAL512 | VAL465 | VAL512 | VAL465 | VAL465 | VAL606 | VAL606 | GLY367 | GLY367 | THR560 | GLY564 | GLN563,2.79 | 2.70 | 3.06 | 3.13 | 3.08 | 2.94 | 2.99 | 3.01 | 3.02 | 2.95 | 3.13 | 2.97,ALA366 | ILE559 | VAL608 | HIS562 | VAL561 | VAL561 | VAL561 | VAL561 | VAL561,3.86 | 3.41 | 3.73 | 3.76 | 3.39 | 3.62 | 3.14 | 3.68 | 3.90
minimized_CNP0150930.3_docked_4,VAL463 | LEU557 | VAL604 | LEU365 | ILE416 | GLY364 | VAL604 | LEU557 | ILE559,2.97 | 3.11 | 3.04 | 3.05 | 2.73 | 3.33 | 3.04 | 2.70 | 3.23,ARG415 | ARG415 | CYS513 | CYS513 | THR560 | ALA607 | CYS368 | VAL420 | VAL369 | GLY417,3.72 | 3.74 | 3.87 | 3.68 | 3.75 | 3.80 | 3.84 | 3.69 | 3.81 | 3.86
minimized_CNP0150930.3_docked_5,VAL606 | GLY367 | VAL465 | VAL463 | VAL512 | VAL465 | VAL465 | GLN563,2.93 | 2.91 | 3.20 | 3.16 | 2.70 | 2.87 | 2.91 | 3.29,ALA366 | ALA366 | GLY464 | ALA366 | PRO322 | PRO322 | VAL561 | VAL561 | VAL561 | VAL561,3.67 | 3.75 | 3.84 | 3.76 | 3.73 | 3.82 | 3.44 | 3.75 | 3.56 | 3.22
minimized_CNP0150930.3_docked_6,VAL606 | ILE559 | VAL463 | VAL604 | LEU365 | VAL512 | VAL512 | VAL465 | GLY372,2.73 | 2.96 | 3.25 | 3.18 | 3.01 | 3.04 | 3.04 | 3.28 | 2.94,ALA366 | ALA366 | ALA366 | ILE559 | VAL467 | VAL467 | VAL420 | VAL369 | VAL369 | VAL369 | THR560 | ILE559,3.87 | 3.70 | 3.82 | 3.76 | 3.68 | 3.88 | 3.74 | 3.41 | 3.18 | 3.80 | 3.83 | 3.85
minimized_CNP0150930.3_docked_7,VAL418 | LEU557 | VAL604 | LEU365 | ILE559 | ILE559 | ARG470,2.74 | 2.85 | 2.99 | 3.19 | 3.19 | 3.01 | 3.00,ILE559 | VAL561 | VAL561 | VAL514 | VAL467 | VAL467,3.88 | 3.65 | 3.90 | 3.80 | 3.32 | 3.53
minimized_CNP0150930.3_docked_8,VAL465 | VAL418 | VAL512 | VAL465 | VAL465 | VAL606 | GLY367 | HIS516 | HIS516,2.81 | 2.82 | 3.04 | 2.81 | 2.98 | 3.08 | 3.08 | 2.98 | 3.19,GLY464 | ILE559 | ALA366 | ALA366 | VAL608 | VAL561 | VAL514 | VAL514,3.84 | 3.48 | 3.73 | 3.88 | 3.74 | 3.68 | 3.41 | 3.54
minimized_CNP0150930.3_docked_9,VAL418 | VAL604 | VAL512 | VAL512 | VAL606 | GLY367,2.74 | 3.20 | 3.14 | 3.02 | 2.98 | 2.98,ALA366 | ILE559 | ALA366 | VAL561 | PRO322 | ARG326,3.89 | 3.59 | 3.90 | 3.53 | 3.78 | 3.64
minimized_CNP0150930.4_docked_1,ILE559 | ILE559 | ALA510 | ILE416 | LEU365 | ALA510 | VAL512 | VAL369,3.04 | 3.06 | 2.87 | 2.70 | 2.91 | 2.87 | 2.93 | 2.94,GLY364 | GLY464 | ALA466 | CYS513 | ALA466 | CYS368 | VAL369,3.88 | 3.81 | 3.66 | 3.73 | 3.70 | 3.88 | 3.43
minimized_CNP0150930.4_docked_2,ILE559 | ILE559 | ALA510 | ILE416 | LEU365 | ALA510 | VAL512,3.34 | 3.02 | 2.90 | 2.70 | 3.01 | 2.75 | 2.94,ARG415 | GLY364 | GLY364 | ALA466 | THR560 | CYS513 | CYS368 | VAL420 | VAL369 | ILE559,3.80 | 3.77 | 3.81 | 3.77 | 3.62 | 3.76 | 3.89 | 3.80 | 3.82 | 3.76
minimized_CNP0150930.4_docked_3,VAL418 | VAL604 | LEU557 | VAL463 | ILE416 | VAL604 | LEU557 | VAL369,3.15 | 3.15 | 3.04 | 2.88 | 2.90 | 2.80 | 3.06 | 2.76,GLY462 | ARG415 | ARG415 | CYS513 | THR560 | CYS513 | VAL369 | VAL369 | GLY417,3.77 | 3.77 | 3.89 | 3.86 | 3.35 | 3.23 | 3.59 | 3.82 | 3.88
minimized_CNP0150930.4_docked_4,ILE559 | ILE559 | ALA510 | VAL604 | LEU365 | ALA510 | VAL465 | VAL561,2.85 | 3.34 | 3.03 | 2.84 | 2.80 | 3.24 | 2.86 | 2.90,PRO322 | CYS368 | CYS368 | GLY419 | VAL418 | VAL561 | VAL561 | VAL561,3.61 | 3.80 | 3.78 | 3.51 | 3.86 | 3.68 | 3.76 | 3.20
minimized_CNP0150930.4_docked_5,ILE559 | ILE559 | LEU557 | ALA510 | ILE416 | LEU557 | ALA510 | VAL512 | ARG326,2.96 | 3.25 | 3.18 | 3.16 | 3.07 | 3.04 | 3.19 | 2.76 | 2.85,GLY364 | CYS368 | ALA466,3.82 | 3.69 | 3.83
minimized_CNP0150930.4_docked_6,VAL418 | GLY367 | VAL604 | LEU365 | LEU557 | ALA510 | VAL606 | GLY367 | ASP422,3.21 | 3.06 | 2.70 | 2.50 | 3.17 | 2.87 | 3.15 | 2.90 | 3.11,GLY511 | ALA366 | ALA366 | ARG470 | ARG470 | ARG470 | ALA466 | VAL467 | VAL467 | ARG470,3.66 | 3.89 | 3.85 | 3.69 | 3.72 | 3.84 | 3.60 | 3.88 | 3.81 | 3.17
minimized_CNP0150930.4_docked_7,VAL465 | VAL418 | VAL418 | VAL604 | LEU365 | VAL463 | VAL604 | LEU365 | GLY367 | GLY367,3.00 | 2.86 | 3.28 | 2.90 | 3.04 | 3.04 | 2.74 | 2.52 | 2.82 | 3.16,ALA607 | VAL467 | VAL467 | VAL467 | VAL514 | LEU468,3.65 | 3.49 | 3.82 | 3.46 | 3.57 | 3.63
minimized_CNP0150930.4_docked_8,VAL512 | VAL512 | VAL463 | ILE416 | VAL604 | LEU557 | VAL463 | ILE416 | VAL418 | VAL418,2.73 | 3.09 | 3.08 | 3.01 | 2.93 | 2.87 | 2.42 | 3.11 | 3.01 | 3.03,GLY603 | GLY603 | CYS368 | CYS368 | VAL514 | VAL514 | VAL514 | VAL514 | VAL561 | VAL561 | ILE559 | ILE559,3.58 | 3.40 | 3.31 | 3.53 | 3.77 | 3.27 | 3.87 | 3.83 | 3.36 | 3.84 | 3.47 | 3.02
minimized_CNP0150930.4_docked_9,VAL512 | VAL604 | VAL512 | VAL465 | VAL465 | VAL606 | VAL606 | GLY367 | GLY367 | GLY372,2.77 | 2.76 | 2.80 | 3.01 | 3.07 | 2.92 | 2.98 | 2.94 | 2.95 | 2.96,GLY464 | VAL467 | VAL420 | VAL420 | VAL369 | VAL369 | VAL369 | VAL369,3.63 | 3.82 | 3.86 | 3.55 | 3.81 | 3.58 | 3.49 | 3.83
minimized_CNP0151900.2_docked_1,ARG415 | ALA510,2.99 | 3.33,TYR525 | TYR525 | ALA556 | ALA556 | TYR525 | TYR525 | TYR525 | ARG415 | ARG415 | ALA556 | GLY509 | GLY462 | ALA556 | GLY462 | ARG415 | ARG415 | ARG415 | ARG415 | ARG415 | GLY462 | GLY462 | ARG415 | ARG415 | ALA556 | ALA556 | ALA556 | VAL606 | VAL606 | VAL606 | GLY605 | GLY558 | VAL418 | CYS368 | VAL467 | VAL467 | ALA466 | ALA466 | GLY419 | VAL420 | VAL420 | ALA607 | THR560 | ILE559 | VAL465 | GLY417 | ILE559,3.60 | 3.86 | 3.28 | 3.83 | 3.72 | 3.56 | 3.88 | 3.79 | 3.55 | 3.71 | 3.40 | 3.68 | 3.25 | 2.92 | 3.65 | 3.52 | 3.57 | 3.66 | 3.88 | 3.89 | 3.62 | 3.35 | 3.65 | 3.60 | 3.88 | 3.46 | 3.61 | 3.37 | 3.72 | 3.87 | 3.51 | 3.85 | 3.84 | 3.57 | 3.73 | 3.84 | 3.71 | 3.45 | 3.84 | 3.71 | 3.76 | 3.90 | 3.89 | 3.85 | 3.70 | 3.88
minimized_CNP0151900.2_docked_2,ARG415,2.88,TYR525 | TYR525 | ALA556 | ALA556 | TYR525 | ARG415 | ARG415 | ARG415 | ALA556 | ALA556 | ARG415 | GLY509 | ALA556 | GLY462 | ARG415 | ARG415 | ARG415 | ARG415 | GLY603 | LEU557 | ALA556 | ALA556 | VAL606 | GLY605 | GLY558 | VAL418 | CYS368 | VAL514 | ALA607 | THR560 | ILE559 | VAL465 | GLY417 | ALA366,3.58 | 3.72 | 2.58 | 3.46 | 3.52 | 3.49 | 3.31 | 3.76 | 3.70 | 3.85 | 3.77 | 3.55 | 3.48 | 3.56 | 3.69 | 3.28 | 3.51 | 3.50 | 3.64 | 3.69 | 3.26 | 3.56 | 3.86 | 3.83 | 3.52 | 3.85 | 3.78 | 3.67 | 3.81 | 3.72 | 3.89 | 3.72 | 3.77 | 3.90
minimized_CNP0151900.2_docked_3,,,ALA556 | ALA556 | ALA556 | GLY509 | GLY364 | GLY364 | GLY417 | ILE416 | GLY417 | ILE559 | ILE559 | ILE559 | ALA466 | ALA466 | VAL608 | GLN563 | GLN563 | PRO322 | GLY564 | PRO322 | VAL561 | HIS562 | VAL561,3.55 | 3.79 | 2.98 | 3.64 | 3.65 | 3.46 | 3.72 | 3.73 | 3.72 | 3.76 | 3.64 | 3.61 | 3.67 | 3.82 | 3.66 | 3.87 | 3.59 | 3.76 | 3.65 | 3.58 | 3.53 | 3.87 | 3.85
minimized_CNP0151900.2_docked_4,ALA510 | VAL463,3.19 | 3.15,GLN563 | GLN563 | GLN563 | PRO322 | PRO322 | VAL561 | LEU515 | VAL561 | THR560 | ILE559 | ILE559 | CYS513 | GLY464 | LEU557 | ARG415 | ARG415 | VAL418 | ALA366 | VAL418 | VAL418 | CYS368,3.72 | 3.86 | 3.51 | 3.89 | 3.57 | 3.41 | 3.87 | 3.66 | 3.63 | 3.77 | 3.86 | 3.35 | 3.86 | 3.77 | 3.58 | 3.36 | 3.87 | 3.67 | 3.42 | 3.75 | 3.16
minimized_CNP0151900.2_docked_5,VAL606 | THR560 | ARG326 | GLY564,3.26 | 2.97 | 2.90 | 3.02,ARG415 | ARG415 | GLY605 | ALA366 | GLY509 | GLY509 | GLY462 | LEU557 | GLY417 | GLY417 | ALA366 | ILE559 | VAL418 | ILE559 | ALA607 | CYS368 | ALA607 | ALA607 | VAL369 | VAL369 | GLN563 | PRO322 | PRO322 | GLN563 | GLN563 | VAL561,3.89 | 3.62 | 3.82 | 3.82 | 3.57 | 3.32 | 3.82 | 3.71 | 3.40 | 3.71 | 3.85 | 3.63 | 3.87 | 3.72 | 3.70 | 3.79 | 3.83 | 3.82 | 3.86 | 3.77 | 3.79 | 3.83 | 3.70 | 3.78 | 3.43 | 3.56
minimized_CNP0151900.2_docked_6,VAL606 | THR560 | ARG326 | LYS323 | ARG326,2.91 | 3.10 | 2.89 | 3.11 | 2.85,ARG415 | ARG415 | GLY509 | GLY509 | GLY462 | LEU557 | GLY417 | GLY417 | ILE559 | ILE559 | ALA607 | ALA607 | LYS323 | LYS323 | LYS323 | LYS323 | ARG326 | ARG326 | ARG326,3.72 | 3.57 | 3.67 | 3.44 | 3.75 | 3.86 | 3.35 | 3.77 | 3.57 | 3.70 | 3.67 | 3.66 | 3.84 | 3.66 | 3.79 | 3.64 | 3.87 | 3.61 | 3.90
minimized_CNP0151900.2_docked_7,HIS516,3.21,ALA556 | ALA556 | ALA556 | GLY509 | GLY603 | GLY364 | GLY364 | GLY417 | ILE416 | GLY417 | ILE559 | ILE559 | VAL418 | CYS368 | ALA466 | ALA466 | HIS562 | VAL561 | VAL561 | GLN563 | GLN563 | GLY564 | VAL561 | LEU515 | LEU515 | VAL514,3.60 | 3.57 | 2.89 | 3.80 | 3.89 | 3.82 | 3.66 | 3.67 | 3.69 | 3.57 | 3.67 | 3.79 | 3.79 | 3.79 | 3.84 | 3.64 | 3.79 | 3.56 | 3.66 | 3.75 | 3.66 | 3.78 | 3.84 | 3.34 | 3.70 | 3.89
minimized_CNP0151900.2_docked_8,VAL467 | VAL467 | ILE416 | LEU365,2.81 | 3.21 | 2.73 | 2.72,ARG470 | ARG470 | ARG470 | ASN469 | ASN469 | ARG470 | LEU468 | VAL514 | VAL514 | GLY419 | VAL418 | VAL418 | CYS368 | VAL418 | ALA366 | VAL463 | GLY603 | ALA556 | ALA556 | GLY464 | ILE559 | ILE559 | THR560 | ILE559 | ILE559 | CYS513,3.75 | 3.81 | 3.35 | 3.80 | 3.69 | 3.68 | 3.87 | 3.87 | 3.64 | 3.63 | 3.88 | 3.79 | 3.51 | 3.72 | 3.22 | 3.82 | 3.43 | 3.66 | 3.66 | 3.71 | 3.61 | 3.68 | 3.51 | 3.80 | 3.80 | 3.33
minimized_CNP0151900.2_docked_9,LYS323 | LYS323,2.80 | 3.28,ALA556 | ALA556 | ALA556 | GLY509 | GLY364 | GLY364 | GLY417 | ILE416 | GLY417 | ILE559 | ILE559 | ILE559 | ALA466 | ALA466 | VAL420 | ARG326 | GLY372 | VAL369,3.44 | 3.80 | 2.94 | 3.64 | 3.59 | 3.35 | 3.77 | 3.67 | 3.70 | 3.81 | 3.66 | 3.54 | 3.65 | 3.83 | 3.87 | 3.80 | 3.54 | 3.34
minimized_CNP0151984.1_docked_1,,,,
minimized_CNP0151984.1_docked_2,,,,
minimized_CNP0151984.1_docked_3,,,,
minimized_CNP0151984.1_docked_4,,,,
minimized_CNP0151984.1_docked_5,,,,
minimized_CNP0151984.1_docked_6,,,,
minimized_CNP0151984.1_docked_7,,,,
minimized_CNP0151984.1_docked_8,,,,
minimized_CNP0151984.1_docked_9,,,,
minimized_CNP0152201.1_docked_1,VAL512 | VAL465 | VAL465 | LEU557 | VAL512 | ALA510 | VAL463 | ILE416,2.81 | 2.98 | 3.06 | 2.87 | 3.20 | 2.89 | 2.67 | 2.71,VAL561 | VAL561 | VAL561 | ALA466 | ALA466 | VAL418 | GLY603 | LEU557 | ALA556,3.75 | 3.61 | 3.85 | 3.67 | 3.71 | 3.86 | 3.86 | 3.59 | 3.64
minimized_CNP0152201.1_docked_2,VAL418 | VAL418 | VAL467 | VAL467,2.70 | 2.93 | 3.14 | 2.83,ALA556 | ARG415 | ARG415 | ARG415 | ALA366 | GLY509 | ARG415 | GLY462 | ARG415 | ARG415 | ARG415 | GLY509 | GLY462 | ARG415 | GLY509 | GLY509 | ALA556 | ALA556 | GLY509 | GLY509 | GLY462 | GLY462 | GLY603 | GLY605 | ILE559 | ILE559 | ALA607 | VAL561,3.65 | 3.78 | 3.80 | 3.69 | 3.40 | 3.58 | 3.20 | 3.63 | 3.19 | 3.47 | 3.84 | 3.66 | 3.88 | 3.77 | 3.54 | 2.70 | 3.79 | 3.64 | 3.79 | 3.27 | 3.67 | 3.87 | 3.90 | 3.77 | 3.09 | 3.66 | 3.63 | 3.86
minimized_CNP0152201.1_docked_3,VAL418 | VAL418 | ALA510 | VAL463 | ILE416 | LEU365,3.11 | 2.74 | 2.93 | 2.86 | 2.72 | 2.75,VAL467 | VAL467 | VAL467 | CYS368 | ILE559 | GLY511 | ALA556 | ALA510 | GLY509 | GLY417,3.61 | 3.76 | 3.88 | 3.68 | 3.35 | 3.87 | 3.69 | 3.80 | 3.59 | 3.72
minimized_CNP0152201.1_docked_4,ALA510 | ARG326 | VAL561 | HIS562 | VAL561,3.11 | 3.11 | 2.74 | 3.10 | 3.14,GLY462 | ILE559 | GLY558 | CYS368 | CYS368 | GLY464 | ILE559 | ILE559 | VAL418 | VAL369 | ARG326 | PRO322 | HIS562,3.75 | 3.90 | 3.74 | 3.89 | 3.86 | 3.74 | 3.64 | 3.84 | 3.86 | 3.87 | 3.64 | 3.84 | 3.62
minimized_CNP0152201.1_docked_5,SER602 | ASN382 | SER363 | ASN414,2.87 | 2.68 | 3.24 | 3.20,VAL606 | ILE559 | GLY558 | ALA556 | ALA556 | GLY464 | GLY509 | GLY462 | GLY603 | GLY509 | GLY462 | GLY462 | ARG415 | GLY364 | ARG415 | ARG415 | ARG415 | ALA556 | ARG415 | ARG415 | ALA556 | ALA556 | ARG415 | ARG415 | ALA556,3.82 | 3.72 | 3.87 | 3.36 | 3.27 | 3.86 | 3.77 | 3.76 | 3.82 | 3.86 | 3.71 | 3.17 | 3.62 | 3.46 | 3.52 | 3.64 | 3.80 | 3.01 | 3.41 | 3.64 | 3.90 | 3.73 | 3.79 | 3.63 | 3.42
minimized_CNP0152201.1_docked_6,THR560 | THR560 | VAL369,2.97 | 2.85 | 2.79,ARG415 | GLY364 | VAL463 | ILE559 | GLY511 | ILE559 | ARG415 | GLY364 | ALA556 | ALA556 | ALA556 | ALA556 | GLY464 | GLY367 | ALA466,3.61 | 3.68 | 3.90 | 3.42 | 3.76 | 3.40 | 3.72 | 3.85 | 3.81 | 3.55 | 3.88 | 3.53 | 3.73 | 3.79 | 3.87
minimized_CNP0152201.1_docked_7,VAL606 | VAL606 | ILE559 | VAL418 | VAL418 | VAL606 | GLY367 | LEU557 | ALA510 | ALA510,2.69 | 3.11 | 3.00 | 2.83 | 2.79 | 3.33 | 3.15 | 2.74 | 2.66 | 3.05,VAL369 | VAL369 | THR560 | THR560 | GLY417 | ALA366 | GLY364 | GLY509 | GLY509 | ILE559,3.71 | 3.79 | 3.71 | 3.68 | 3.82 | 3.40 | 3.68 | 3.78 | 3.68 | 3.42
minimized_CNP0152201.1_docked_8,VAL418 | VAL418 | ALA510 | VAL463 | ILE416 | LEU365,3.04 | 2.70 | 2.91 | 2.88 | 2.69 | 2.66,ALA607 | VAL561 | VAL561 | THR560 | THR560 | CYS513 | THR560 | CYS513 | ILE559 | ILE559 | GLY511 | ALA556 | ALA510 | GLY509 | GLY417,3.82 | 3.29 | 3.87 | 3.85 | 3.43 | 3.73 | 3.63 | 3.60 | 3.88 | 3.32 | 3.85 | 3.76 | 3.68 | 3.58 | 3.73
minimized_CNP0152201.1_docked_9,VAL561 | ARG326 | ARG326 | GLN563,3.06 | 3.16 | 2.98 | 3.08,ALA556 | GLY509 | GLY509 | ILE416 | ALA366 | ALA366 | ILE559 | ILE559 | ALA366 | VAL418 | ILE559 | ALA607,3.31 | 3.79 | 3.35 | 3.77 | 3.19 | 3.68 | 3.09 | 3.81 | 3.71 | 3.73 | 3.34 | 3.85
minimized_CNP0152201.2_docked_1,VAL465 | VAL465 | VAL604 | LEU557 | VAL512 | ALA510 | ALA510 | VAL463 | LEU557,3.06 | 3.13 | 2.93 | 3.16 | 3.02 | 3.06 | 2.80 | 3.18 | 2.96,VAL420 | VAL369 | ALA607 | VAL369 | VAL420 | VAL420 | VAL420 | CYS368 | GLY605 | ARG415 | GLY364 | GLY364 | ILE559,3.89 | 3.73 | 3.86 | 3.44 | 3.36 | 3.30 | 3.81 | 3.82 | 3.90 | 3.82 | 3.63 | 3.78 | 3.76
minimized_CNP0152201.2_docked_2,VAL604 | VAL512 | VAL465 | ILE416 | LEU365 | VAL604 | LEU557 | ILE416 | LEU365,3.07 | 2.91 | 3.12 | 3.23 | 2.89 | 2.70 | 3.27 | 3.10 | 3.26,ALA607 | VAL561 | VAL561 | THR560 | THR560 | VAL418 | GLY464 | GLY509 | GLY462 | GLY462 | GLY603 | ARG415 | ALA366 | ALA366 | ALA366,3.68 | 3.37 | 3.88 | 3.84 | 3.79 | 3.82 | 3.69 | 3.68 | 3.53 | 3.33 | 3.79 | 3.77 | 3.81 | 3.84 | 3.71
minimized_CNP0152201.2_docked_3,VAL512 | VAL465 | VAL465 | VAL604 | LEU365 | VAL604 | LEU557 | ILE416,2.94 | 2.86 | 3.01 | 3.03 | 2.92 | 2.90 | 2.91 | 2.95,VAL514 | VAL467 | VAL467 | VAL467 | VAL514 | GLY464 | GLY509 | GLY462 | GLY462,3.61 | 3.70 | 3.88 | 3.80 | 3.37 | 3.63 | 3.62 | 3.49 | 3.77
minimized_CNP0152201.2_docked_4,VAL463 | ILE416 | LEU557 | ALA510 | ILE416 | LEU365 | ALA510 | VAL465 | VAL465 | VAL418 | VAL418,3.25 | 2.77 | 2.76 | 2.79 | 2.69 | 2.92 | 2.81 | 3.18 | 3.16 | 3.32 | 3.19,TYR572 | TYR572 | ARG415 | TYR525 | TYR572 | TYR572 | TYR525 | TYR525 | TYR525 | TYR525 | TYR525 | SER555 | ALA556 | GLY509 | ALA556 | ALA556 | ALA556 | ARG415 | ARG415 | ALA556 | ARG415 | ALA556 | ALA556 | GLY509 | ALA366 | ALA366 | GLY464 | ALA366 | GLY462 | ARG415 | ARG415,3.87 | 3.40 | 3.32 | 3.83 | 3.65 | 3.88 | 3.62 | 3.48 | 3.89 | 3.58 | 3.77 | 3.89 | 3.82 | 3.90 | 3.65 | 3.34 | 3.86 | 3.89 | 3.54 | 3.60 | 3.88 | 3.70 | 3.48 | 3.72 | 3.67 | 3.85 | 3.67 | 3.49 | 3.66 | 3.57 | 3.59
minimized_CNP0152201.2_docked_5,VAL512 | VAL465 | VAL465 | VAL604 | LEU365 | VAL604 | LEU557 | ILE416 | LEU365,3.00 | 2.88 | 2.97 | 3.05 | 2.96 | 2.86 | 2.94 | 2.98 | 3.13,VAL467 | VAL514 | VAL467 | CYS513 | CYS513 | GLY464 | GLY509 | GLY462 | GLY462 | ILE559,3.66 | 3.85 | 3.65 | 3.70 | 3.81 | 3.60 | 3.85 | 3.47 | 3.64 | 3.80
minimized_CNP0152201.2_docked_6,VAL418 | VAL604 | VAL465 | VAL604 | LEU557 | LEU557,3.05 | 3.12 | 3.29 | 2.83 | 2.91 | 3.02,ARG326 | VAL608 | VAL561 | ALA607 | ALA607 | ALA607 | ALA607 | GLY509 | VAL463 | GLY462,3.71 | 3.58 | 3.44 | 3.76 | 3.62 | 3.58 | 3.67 | 3.75 | 3.88 | 3.85
minimized_CNP0152201.2_docked_7,VAL465 | VAL604 | VAL512 | ALA510 | ALA510 | VAL604 | LEU557,2.81 | 2.74 | 3.14 | 3.00 | 2.53 | 2.70 | 3.08,VAL369 | VAL420 | VAL369 | VAL420 | VAL420 | GLY419 | GLY605 | ARG415 | GLY364 | GLY364 | ALA556 | ALA556 | GLY603,3.52 | 3.61 | 3.82 | 3.45 | 3.66 | 3.84 | 3.76 | 3.86 | 3.71 | 3.58 | 3.83 | 3.59 | 3.75
minimized_CNP0152201.2_docked_8,ILE559 | ILE559 | VAL465 | VAL418 | VAL418 | VAL604 | ALA510 | VAL463 | LEU557 | GLY509,3.13 | 3.22 | 2.96 | 2.73 | 2.94 | 2.92 | 3.31 | 3.07 | 3.01 | 2.98,VAL514 | VAL514 | LEU468 | VAL514 | VAL561 | VAL561 | GLY417 | ALA556,3.49 | 3.66 | 3.59 | 3.71 | 3.86 | 3.85 | 3.74 | 3.65
minimized_CNP0152201.2_docked_9,VAL465 | VAL465 | VAL604 | LEU557 | ALA510 | ALA510 | VAL463 | LEU557,3.06 | 3.06 | 3.00 | 3.12 | 3.00 | 2.84 | 3.16 | 2.93,ARG470 | VAL420 | VAL420 | VAL420 | VAL420 | VAL420 | ARG415 | GLY364 | GLY364 | ILE559,3.61 | 3.81 | 3.75 | 3.68 | 2.98 | 3.79 | 3.84 | 3.61 | 3.73 | 3.85
minimized_CNP0152935.1_docked_1,HIS516 | VAL561 | THR560 | GLY367 | VAL606 | VAL606 | VAL561,3.22 | 2.94 | 3.10 | 2.73 | 3.08 | 3.06 | 3.20,HIS516 | LEU515 | GLN563 | PRO322 | GLY603 | GLY603 | GLY417 | ALA366 | ILE559 | ILE559 | ALA607 | ALA607 | THR560 | CYS513 | ILE559 | CYS513,3.79 | 3.36 | 3.50 | 3.80 | 3.80 | 3.77 | 3.51 | 3.40 | 3.11 | 3.64 | 3.80 | 3.85 | 3.69 | 3.55 | 3.42 | 3.87
minimized_CNP0152935.1_docked_2,GLN563 | ARG326 | ARG326 | VAL465 | VAL418 | VAL606 | GLY367,3.34 | 3.07 | 3.00 | 2.65 | 2.87 | 3.34 | 3.07,GLN563 | HIS562 | ARG326 | PRO322 | ARG326 | ARG326 | GLY603 | GLY364 | ALA556 | GLY417 | ALA366 | ILE559 | GLY605 | VAL514 | VAL514,3.77 | 3.66 | 3.61 | 3.63 | 3.89 | 3.64 | 3.88 | 3.71 | 3.86 | 3.54 | 3.59 | 3.74 | 3.85 | 3.63 | 3.64
minimized_CNP0152935.1_docked_3,GLY564 | GLY367,2.95 | 3.34,VAL561 | GLN563 | PRO322 | ARG326 | ARG326 | GLY603 | GLY603 | GLY364 | GLY417 | ILE559 | ILE559 | VAL420 | VAL420 | VAL420 | VAL420 | CYS368 | ILE559,3.72 | 3.83 | 3.74 | 3.86 | 3.84 | 3.82 | 3.74 | 3.73 | 3.35 | 3.83 | 3.81 | 3.78 | 3.77 | 3.55 | 3.89 | 3.80 | 3.71
minimized_CNP0152935.1_docked_4,ASN469 | ARG470 | ILE559 | VAL465 | THR560,3.23 | 3.14 | 2.69 | 3.11 | 2.85,LEU468 | ASN469 | VAL467 | ARG470 | ARG470 | VAL467 | ILE421 | GLY603 | GLY603 | GLY364 | GLY364 | ILE559 | ALA366 | VAL369 | VAL418 | VAL420,3.68 | 3.66 | 3.81 | 3.15 | 3.73 | 3.66 | 3.68 | 3.88 | 3.72 | 3.86 | 3.60 | 3.48 | 3.50 | 3.67 | 3.62 | 3.52
minimized_CNP0152935.1_docked_5,GLY371 | VAL512,2.92 | 2.90,VAL370 | VAL370 | VAL420 | ARG415 | ARG415 | GLY509 | GLY509 | VAL608 | VAL561 | VAL561 | VAL561 | VAL561,3.66 | 3.86 | 3.62 | 3.70 | 3.44 | 3.85 | 3.80 | 3.23 | 3.78 | 3.43 | 3.67 | 3.74
minimized_CNP0152935.1_docked_6,ASP422 | VAL467 | VAL512,2.97 | 3.15 | 3.26,ARG470 | ARG470 | ASP422 | ARG470 | ASN469 | GLY603 | GLY603 | ALA556 | ALA556 | GLY558 | VAL561 | CYS513,3.66 | 3.86 | 3.64 | 3.66 | 3.73 | 3.86 | 3.49 | 3.73 | 3.86 | 3.58 | 3.85 | 3.87
minimized_CNP0152935.1_docked_7,GLY423 | VAL512 | VAL465 | ARG326,3.13 | 2.86 | 3.09 | 2.92,ARG470 | ARG470 | ASP422 | VAL420 | GLY423 | VAL420 | VAL370 | ARG415 | ARG415 | GLY509 | GLY509 | GLY464 | VAL608 | VAL418 | VAL369,3.68 | 3.87 | 3.78 | 3.66 | 3.82 | 3.70 | 3.77 | 3.88 | 3.59 | 3.80 | 3.76 | 3.77 | 3.56 | 3.56 | 3.55
minimized_CNP0152935.1_docked_8,ILE559 | VAL512 | VAL512,3.15 | 3.03 | 3.14,GLY564 | VAL561 | VAL561 | GLY603 | ALA556 | ALA556 | GLY462 | GLY462 | ALA556 | GLY464 | VAL608 | VAL561 | VAL418,3.74 | 3.64 | 3.86 | 3.86 | 3.58 | 3.63 | 3.83 | 3.53 | 3.75 | 3.83 | 3.84 | 3.84 | 3.75
minimized_CNP0152935.1_docked_9,HIS516 | VAL512 | VAL465,2.93 | 2.97 | 3.04,GLY564 | LEU515 | VAL561 | VAL561 | ARG415 | GLY364 | GLY364 | ILE559,3.68 | 3.86 | 3.60 | 3.60 | 3.83 | 3.64 | 3.72 | 3.52
minimized_CNP0153482.1_docked_1,VAL514 | ARG326 | ARG326 | THR560 | VAL512 | VAL465 | VAL418 | GLY367 | VAL512 | VAL465 | VAL465 | VAL465,2.63 | 3.16 | 3.15 | 3.30 | 2.87 | 2.55 | 3.00 | 3.14 | 2.76 | 2.88 | 3.23 | 3.07,VAL514 | GLY364 | GLY364 | GLY603 | ALA556 | GLY603 | GLY509 | GLY462 | GLY462 | GLY509 | GLY462 | GLY603 | GLY364 | ALA556 | ALA556 | GLY603 | ARG415 | GLY364 | ALA556 | ARG415 | ARG415 | ALA556 | ALA556 | ARG415 | ARG415 | GLY464 | ILE559 | ALA607 | VAL606 | THR560,3.89 | 3.68 | 3.79 | 3.59 | 2.71 | 3.75 | 3.09 | 3.77 | 3.51 | 3.27 | 3.61 | 3.08 | 2.98 | 3.35 | 3.78 | 3.78 | 3.60 | 3.25 | 3.76 | 3.76 | 3.64 | 3.80 | 3.84 | 3.69 | 3.64 | 3.59 | 3.90 | 3.65 | 3.79 | 3.85
minimized_CNP0153482.1_docked_2,VAL465 | VAL418 | VAL604 | LEU557 | VAL606 | ILE559 | ILE559 | VAL606 | ILE559 | VAL608 | THR560 | VAL369 | VAL561 | VAL561,2.88 | 2.77 | 2.88 | 3.06 | 3.16 | 3.00 | 3.01 | 2.77 | 2.77 | 2.88 | 2.84 | 3.13 | 2.82 | 2.99,ILE559 | ALA466 | LEU468 | HIS516 | HIS516 | LEU468 | LEU468 | ASN517 | ALA607 | ALA607 | ALA607,3.75 | 3.60 | 3.43 | 3.70 | 3.45 | 3.64 | 3.85 | 3.78 | 3.72 | 3.77 | 3.83
minimized_CNP0153482.1_docked_3,VAL604 | ILE416 | VAL604 | LEU557 | VAL512 | VAL512 | VAL418 | GLY367 | VAL465 | THR560 | VAL608,2.93 | 3.05 | 2.70 | 2.82 | 3.15 | 3.03 | 2.91 | 3.15 | 3.19 | 3.12 | 2.82,VAL463 | ALA366 | ALA366 | ILE559 | ILE559 | ILE559 | VAL420 | VAL420 | GLN563 | PRO322 | PRO322 | PRO322 | GLN563 | ALA607 | ILE559 | CYS513,3.89 | 3.50 | 3.84 | 3.65 | 3.55 | 3.35 | 3.52 | 3.45 | 3.88 | 3.72 | 3.65 | 3.81 | 3.61 | 3.67 | 3.60 | 3.55
minimized_CNP0153482.1_docked_4,VAL604 | ILE416 | VAL604 | LEU557 | VAL512 | VAL512 | VAL512 | VAL606 | ILE559 | VAL561 | THR560,2.95 | 3.17 | 2.70 | 2.84 | 3.11 | 3.17 | 2.74 | 2.75 | 2.95 | 3.05 | 3.00,VAL463 | ALA366 | ALA366 | ILE559 | ILE559 | ILE559 | VAL561 | VAL561 | VAL561 | PRO322 | VAL561 | VAL561 | VAL561 | GLN563 | GLY564 | GLY564 | THR560 | VAL418,3.82 | 3.51 | 3.73 | 3.65 | 3.67 | 3.44 | 3.69 | 3.78 | 3.59 | 3.77 | 3.68 | 3.58 | 3.79 | 3.73 | 3.88 | 3.76 | 3.77 | 3.61
minimized_CNP0153482.1_docked_5,GLY372 | GLY371 | VAL369 | VAL369 | VAL608 | VAL608 | THR560 | VAL418 | VAL512,3.02 | 3.00 | 2.69 | 3.10 | 3.06 | 3.09 | 3.12 | 2.98 | 3.10,GLY423 | VAL369 | VAL369 | VAL369 | CYS368 | GLY462 | GLY462 | ARG415 | ARG415 | ARG415 | ARG415 | ALA556 | ILE559 | ALA366 | ILE559 | ILE559 | GLY558 | GLY603 | ALA556 | ARG415 | ALA556 | ARG415 | ARG415 | ARG415 | GLY364 | ALA556 | ALA556 | ARG415 | ALA556 | VAL369,3.70 | 3.60 | 3.75 | 3.87 | 3.72 | 3.59 | 2.74 | 3.72 | 3.23 | 3.66 | 3.39 | 3.79 | 3.76 | 3.71 | 3.79 | 3.86 | 3.66 | 3.88 | 3.72 | 3.77 | 3.86 | 3.83 | 3.02 | 3.87 | 3.56 | 3.13 | 3.89 | 3.90 | 2.90 | 3.79
minimized_CNP0153482.1_docked_6,HIS562 | ARG326 | VAL561 | GLN563 | VAL467 | VAL369 | VAL369,3.24 | 2.97 | 2.70 | 3.02 | 2.38 | 3.14 | 3.02,PRO322 | HIS562 | PRO322 | VAL561 | VAL561 | ILE559 | GLY417 | GLY509 | VAL463 | ALA556 | ARG415 | VAL606 | ALA366 | GLY462 | ARG415 | ARG415 | ALA556 | ALA556 | ARG415 | ARG415 | ARG415 | GLY364 | ALA556 | VAL514,3.37 | 3.74 | 3.48 | 3.66 | 3.58 | 3.42 | 3.33 | 3.85 | 3.82 | 3.44 | 3.88 | 3.78 | 3.85 | 3.88 | 3.78 | 3.64 | 3.35 | 3.16 | 3.47 | 3.52 | 3.29 | 3.72 | 3.80 | 3.83
minimized_CNP0153482.1_docked_7,VAL604 | ILE416 | VAL604 | LEU557 | VAL512 | VAL512 | VAL418 | GLY367 | VAL465 | THR560 | VAL608,2.83 | 3.13 | 2.70 | 2.88 | 3.27 | 3.17 | 3.24 | 2.76 | 3.13 | 2.95 | 2.96,ALA366 | ALA366 | ILE559 | ILE559 | ILE559 | VAL420 | VAL420 | CYS368 | GLN563 | PRO322 | PRO322 | PRO322 | VAL561 | GLY564 | ILE559 | CYS513 | CYS513,3.40 | 3.63 | 3.70 | 3.62 | 3.44 | 3.35 | 3.72 | 3.72 | 3.76 | 3.81 | 3.79 | 3.55 | 3.82 | 3.74 | 3.56 | 3.54 | 3.86
minimized_CNP0153482.1_docked_8,VAL604 | ILE416 | VAL604 | LEU557 | VAL512 | VAL512 | VAL512 | VAL606 | ILE559 | VAL561 | THR560 | VAL467,2.88 | 3.10 | 2.70 | 2.90 | 3.10 | 3.16 | 2.76 | 2.72 | 3.06 | 2.91 | 3.18 | 2.92,GLY464 | VAL463 | ALA366 | ALA366 | ILE559 | ILE559 | ILE559 | VAL420 | VAL420 | VAL420 | ASP422 | GLY423 | THR560 | VAL418 | VAL418,3.89 | 3.78 | 3.47 | 3.72 | 3.69 | 3.65 | 3.43 | 3.68 | 3.37 | 3.55 | 3.83 | 3.89 | 3.74 | 3.75 | 3.87
minimized_CNP0153482.1_docked_9,VAL420 | VAL561 | VAL608 | VAL608,2.92 | 2.69 | 2.96 | 3.08,VAL467 | VAL514 | ALA607 | ILE559 | GLY417 | VAL463 | ALA556 | ARG415 | VAL606 | GLY367 | ALA366 | ALA366 | ARG415 | ARG415 | ALA556 | ALA556 | ARG415 | ARG415 | ARG415 | ARG415 | GLY364 | VAL561,3.86 | 3.85 | 3.34 | 3.61 | 3.33 | 3.75 | 3.57 | 3.84 | 3.71 | 3.83 | 3.70 | 3.70 | 3.77 | 3.77 | 3.62 | 3.33 | 3.70 | 3.62 | 3.86 | 3.26 | 3.76 | 3.73
