LIGAND_NAME,Hydrogen_bonds,Hydrogen_bond_distance,Hydrophobic_bonds,Hydrophobic_bond_distance
minimized_CNP0153482.2_docked_1,ASN414 | SER363 | VAL604 | LEU557 | VAL512 | VAL465 | LEU557 | VAL418,2.84 | 2.97 | 3.08 | 3.22 | 2.96 | 3.18 | 2.79 | 3.18,GLY509 | ALA556 | ARG415 | ARG415 | ARG415 | ARG415 | ALA556 | ARG415 | ARG415 | ILE559 | GLY558 | CYS368 | ALA607 | ALA607 | ALA607 | ALA607 | VAL369 | GLY509 | GLY509 | GLY462 | GLY462,3.26 | 3.55 | 3.73 | 3.64 | 3.63 | 3.86 | 3.88 | 3.58 | 3.76 | 3.56 | 3.83 | 3.68 | 3.84 | 3.71 | 3.81 | 3.77 | 3.66 | 3.67 | 3.19 | 3.42 | 3.79
minimized_CNP0153482.2_docked_2,ASN414 | SER363 | VAL604 | LEU557 | VAL512 | VAL512 | VAL606 | VAL604 | VAL418,2.80 | 3.09 | 2.96 | 3.12 | 2.74 | 3.31 | 3.35 | 2.86 | 3.25,GLY509 | GLY462 | ALA556 | ARG415 | ARG415 | ARG415 | ARG415 | ALA556 | ARG415 | ARG415 | GLY558 | ALA466 | VAL467 | VAL467 | ALA466 | GLY509 | GLY509 | GLY462,3.19 | 3.84 | 3.56 | 3.72 | 3.59 | 3.61 | 3.78 | 3.90 | 3.61 | 3.80 | 3.79 | 3.64 | 3.82 | 3.44 | 3.70 | 3.79 | 3.36 | 3.54
minimized_CNP0153482.2_docked_3,ASN414 | SER363 | LEU365 | VAL604 | LEU557 | VAL512 | LEU557 | VAL418,2.79 | 3.04 | 3.34 | 2.89 | 3.23 | 2.76 | 2.88 | 3.28,SER363 | GLY509 | GLY462 | ALA556 | ALA556 | ARG415 | ARG415 | ARG415 | ARG415 | ARG415 | ARG415 | GLY558 | VAL418 | ALA466 | VAL467 | VAL420 | VAL420 | VAL420 | VAL420 | VAL420 | GLY509 | GLY462,3.87 | 3.14 | 3.71 | 3.53 | 3.89 | 3.74 | 3.56 | 3.61 | 3.74 | 3.63 | 3.82 | 3.68 | 3.89 | 3.80 | 3.68 | 3.64 | 3.74 | 3.56 | 3.66 | 3.76 | 3.53 | 3.58
minimized_CNP0153482.2_docked_4,ASN414 | SER363 | VAL604 | VAL512 | ILE559 | ILE559 | VAL418,2.81 | 2.99 | 2.81 | 2.93 | 3.07 | 3.09 | 3.02,GLY509 | ALA556 | ARG415 | ARG415 | ARG415 | ARG415 | ARG415 | ARG415 | VAL561 | ILE559 | CYS513 | VAL561 | VAL561 | VAL561 | VAL561 | GLY509 | GLY509 | GLY462,3.16 | 3.46 | 3.74 | 3.61 | 3.68 | 3.88 | 3.55 | 3.76 | 3.81 | 3.86 | 3.90 | 3.57 | 3.57 | 3.89 | 3.70 | 3.81 | 3.40 | 3.59
minimized_CNP0153482.2_docked_5,ASN382 | SER363 | SER602 | LEU365 | VAL604 | VAL512 | VAL465 | LEU557 | VAL418,3.04 | 2.74 | 3.19 | 3.13 | 2.85 | 2.64 | 3.24 | 3.06 | 3.20,TYR334 | TYR334 | TYR334 | TYR334 | TYR334 | GLY509 | GLY462 | ALA556 | ALA556 | ARG415 | ARG415 | GLY462 | ARG415 | ARG415 | ARG415 | GLY364 | GLY558 | CYS513 | ALA466 | VAL514 | VAL514 | GLY419 | VAL467 | VAL467 | VAL467 | VAL467 | LEU468 | GLY509 | VAL463 | GLY462,3.68 | 3.63 | 3.45 | 3.89 | 3.82 | 3.10 | 3.66 | 3.39 | 3.80 | 3.90 | 3.57 | 3.88 | 3.65 | 3.70 | 3.75 | 3.90 | 3.80 | 3.77 | 3.69 | 3.75 | 3.61 | 3.69 | 3.90 | 3.58 | 3.88 | 3.74 | 3.75 | 3.67 | 3.88 | 3.71
minimized_CNP0153482.2_docked_6,VAL514 | VAL514 | VAL561 | VAL561 | THR560 | VAL606 | THR560 | ILE559 | VAL606 | ILE559 | ILE559 | VAL604 | VAL463 | ILE416 | LEU557,2.96 | 3.07 | 2.82 | 3.07 | 2.70 | 3.00 | 3.27 | 2.67 | 3.20 | 2.91 | 3.26 | 3.00 | 2.81 | 2.70 | 2.97,VAL561 | VAL561 | VAL418 | VAL418 | CYS368 | LEU365 | GLY364 | ALA556 | ALA556 | GLY509 | TYR525 | TYR525 | GLY462 | ARG415 | ARG415 | ARG415 | ALA556 | ALA556 | GLY509 | GLY462 | ALA556 | TYR525 | TYR525 | TYR525 | TYR525 | TYR525 | GLY462 | ARG415 | ARG415 | GLY509 | GLY509 | ALA556 | ILE559,3.69 | 3.86 | 3.29 | 3.62 | 3.84 | 3.58 | 3.62 | 3.48 | 3.90 | 3.72 | 3.67 | 3.70 | 2.93 | 3.61 | 3.60 | 3.67 | 3.14 | 3.75 | 3.44 | 3.75 | 3.45 | 3.86 | 3.69 | 3.66 | 3.88 | 3.74 | 3.67 | 3.71 | 3.88 | 3.68 | 3.58 | 3.83 | 3.68
minimized_CNP0153482.2_docked_7,ILE416 | LEU365 | VAL512 | VAL606 | ILE559,2.48 | 3.15 | 3.26 | 3.04 | 3.20,TYR572 | SER555 | TYR572 | GLY603 | ARG415 | GLY364 | ARG415 | ARG415 | ALA556 | GLY603 | ALA556 | ALA556 | ALA556 | GLY558 | GLY419 | VAL467 | VAL420 | CYS513 | VAL420 | GLY603 | ALA556 | ALA556,3.47 | 3.66 | 3.90 | 3.81 | 3.61 | 3.06 | 3.54 | 3.68 | 3.48 | 3.85 | 3.61 | 3.54 | 3.69 | 3.67 | 3.83 | 3.73 | 3.80 | 3.90 | 3.84 | 3.49 | 3.38 | 3.60
minimized_CNP0153482.2_docked_8,ASN414 | ASN414 | SER363 | VAL604 | LEU557 | VAL418 | VAL512 | VAL512,3.00 | 2.76 | 3.32 | 2.99 | 3.26 | 3.03 | 3.27 | 2.80,SER363 | ARG415 | GLY509 | SER508 | ALA556 | ARG415 | ARG415 | ARG415 | ALA556 | ARG415 | ARG415 | GLY511 | PRO322 | THR560 | CYS513 | CYS513 | VAL561 | VAL561 | VAL561 | ALA366 | ALA366 | ALA366 | GLY509 | GLY509 | GLY462,3.59 | 3.82 | 3.30 | 3.81 | 3.78 | 3.65 | 3.75 | 3.72 | 3.77 | 3.55 | 3.75 | 3.73 | 3.64 | 3.75 | 3.38 | 3.65 | 3.19 | 3.77 | 3.72 | 3.25 | 3.49 | 3.84 | 3.81 | 3.42 | 3.69
minimized_CNP0153482.2_docked_9,VAL369 | VAL418 | VAL418 | VAL418 | ALA510 | VAL463 | LEU365 | TYR334,2.74 | 2.68 | 2.94 | 3.05 | 2.91 | 2.98 | 2.87 | 3.17,ALA607 | VAL369 | VAL369 | ILE559 | CYS513 | GLY509 | GLY509 | GLY603 | SER602 | SER602 | ALA556 | PHE577 | PHE577 | TYR334 | TYR334 | ALA556 | ARG415 | ARG415 | GLY603 | ARG415 | GLY364 | ALA556 | ALA556 | TYR334 | TYR334 | PHE577 | ARG415 | ARG415 | ARG415 | GLY364 | GLY364 | GLY364 | ALA366 | ILE559,3.75 | 3.76 | 3.53 | 3.53 | 3.51 | 3.82 | 3.62 | 3.50 | 3.81 | 3.88 | 3.09 | 3.75 | 3.69 | 3.65 | 3.63 | 3.89 | 3.65 | 3.51 | 3.73 | 3.59 | 3.15 | 2.73 | 3.54 | 3.73 | 3.73 | 3.79 | 3.84 | 3.09 | 3.87 | 3.85 | 3.85 | 3.74 | 3.86 | 3.87
minimized_CNP0153498.1_docked_1,VAL606 | GLY367 | GLY367 | VAL418 | VAL418 | ALA510 | VAL418 | GLY367,2.90 | 2.83 | 3.25 | 3.29 | 3.13 | 3.18 | 3.08 | 2.82,ILE559 | ARG326 | VAL467 | VAL467 | VAL608 | VAL608 | VAL608 | ALA607 | ALA607 | VAL418 | VAL418 | ALA366,3.67 | 3.85 | 3.77 | 3.72 | 3.87 | 3.85 | 3.33 | 3.73 | 3.61 | 3.87 | 3.59 | 3.67
minimized_CNP0153498.1_docked_2,VAL606 | GLY367 | VAL418 | VAL418 | ILE416 | GLY509 | VAL465 | GLY367 | PRO322 | THR560,2.70 | 2.85 | 2.95 | 3.24 | 3.28 | 2.94 | 3.35 | 2.84 | 2.92 | 3.21,ILE559 | ARG326 | VAL467 | VAL608 | VAL608 | ALA607 | ALA607 | VAL418 | ILE559,3.47 | 3.71 | 3.60 | 3.70 | 3.37 | 3.82 | 3.73 | 3.64 | 3.85
minimized_CNP0153498.1_docked_3,VAL606 | GLY367 | GLY367 | VAL418 | VAL418 | ILE416 | GLY509 | VAL465 | GLY367 | THR560,2.83 | 2.71 | 3.28 | 2.90 | 3.24 | 3.27 | 2.94 | 3.27 | 2.79 | 2.94,ILE559 | PRO322 | PRO322 | VAL561 | CYS513 | ALA466 | ALA466 | VAL608 | VAL608 | VAL608 | ALA607 | ALA607 | VAL418,3.48 | 3.67 | 3.80 | 3.80 | 3.71 | 3.81 | 3.66 | 3.71 | 3.43 | 3.80 | 3.77 | 3.76 | 3.58
minimized_CNP0153498.1_docked_4,VAL369 | ASN469 | VAL467 | VAL467 | ARG470 | ASP422 | ILE416 | LEU365,2.85 | 3.12 | 3.23 | 2.94 | 3.01 | 3.02 | 3.21 | 3.22,VAL467 | VAL467 | VAL467 | GLY509 | GLY509 | GLY462 | ALA366 | ALA366 | THR560 | CYS513 | VAL420 | VAL420 | CYS368 | VAL467 | VAL467 | GLY464 | ILE559 | ILE559,3.69 | 3.81 | 3.84 | 3.77 | 3.30 | 3.70 | 3.45 | 3.64 | 3.47 | 3.68 | 3.29 | 3.58 | 3.75 | 3.73 | 3.41 | 3.64 | 3.72 | 3.61
minimized_CNP0153498.1_docked_5,HIS516 | HIS516 | GLY564 | GLN563 | VAL465 | VAL418 | VAL418,3.14 | 3.26 | 3.12 | 3.11 | 3.16 | 2.70 | 2.86,LEU515 | VAL561 | VAL561 | VAL561 | VAL561 | GLY417 | THR560 | THR560 | CYS513 | ARG326,3.81 | 3.45 | 3.82 | 3.33 | 3.56 | 3.88 | 3.73 | 3.82 | 3.51 | 3.81
minimized_CNP0153498.1_docked_6,VAL420 | ARG326 | ARG326 | GLY372 | ARG326 | VAL467 | LEU557 | GLY509 | VAL463,2.90 | 3.08 | 3.13 | 2.91 | 3.03 | 3.11 | 3.12 | 3.08 | 3.05,VAL369 | VAL369 | VAL370 | VAL420 | VAL420 | GLY417 | ALA366 | ILE559 | CYS368 | CYS368 | VAL514 | VAL561 | ILE559 | ILE559 | VAL418 | VAL418 | VAL418 | VAL418,3.54 | 3.74 | 3.88 | 3.76 | 3.83 | 3.90 | 3.27 | 3.16 | 3.64 | 3.42 | 3.59 | 3.45 | 3.40 | 3.86 | 3.69 | 3.78 | 3.51 | 3.76
minimized_CNP0153498.1_docked_7,ARG470 | VAL369 | VAL369 | ASP422 | ASN469 | VAL604 | LEU365 | VAL418 | VAL418 | VAL514,3.26 | 2.89 | 3.12 | 3.30 | 3.08 | 3.07 | 3.08 | 3.04 | 3.24 | 2.93,VAL420 | VAL420 | VAL420 | VAL420 | ALA366 | ALA366 | VAL418 | CYS368 | VAL514,3.52 | 3.71 | 3.55 | 3.76 | 3.67 | 3.63 | 3.80 | 3.75 | 3.34
minimized_CNP0153498.1_docked_8,VAL512 | VAL606 | GLY367 | LEU557 | LEU557 | VAL465 | VAL418 | VAL606 | THR560 | ILE559 | VAL467 | VAL467,2.81 | 2.63 | 3.30 | 2.96 | 3.15 | 3.28 | 3.08 | 2.85 | 3.10 | 2.86 | 3.01 | 2.83,GLY464 | VAL418 | VAL418 | ASN469 | ASN469 | ASN469 | LEU468 | VAL514 | LEU468 | ALA466 | VAL467 | ALA466 | ALA466 | GLY419,3.68 | 3.56 | 3.84 | 3.81 | 3.85 | 3.67 | 3.88 | 3.46 | 3.69 | 3.60 | 3.84 | 3.79 | 3.48 | 3.34
minimized_CNP0153498.1_docked_9,VAL420 | ARG326 | ARG326 | VAL608 | ARG326 | VAL467 | ILE416 | VAL465 | VAL418 | VAL418 | VAL514,2.87 | 3.02 | 3.12 | 2.95 | 2.93 | 2.99 | 3.08 | 2.93 | 2.89 | 3.15 | 2.76,VAL369 | VAL369 | ALA366 | VAL465 | VAL418 | CYS513 | CYS513 | VAL514 | THR560 | VAL561,3.87 | 3.70 | 3.62 | 3.90 | 3.69 | 3.88 | 3.88 | 3.52 | 3.74 | 3.82
minimized_CNP0155189.1_docked_1,ILE416 | LEU365 | VAL604 | LEU557 | VAL463 | ILE559 | VAL606 | ILE559,2.70 | 2.76 | 3.02 | 2.99 | 2.82 | 3.14 | 2.90 | 2.74,GLY603 | ALA556 | ALA556 | ARG326 | ARG326 | VAL608 | VAL608 | THR560 | THR560 | ARG326 | ILE559,3.57 | 3.79 | 3.89 | 3.85 | 3.87 | 3.86 | 3.82 | 3.88 | 3.57 | 3.67 | 3.26
minimized_CNP0155189.1_docked_2,ILE416 | VAL604 | ALA510 | VAL606 | VAL606 | GLY367 | GLY367,2.49 | 2.99 | 2.70 | 2.61 | 2.81 | 2.76 | 2.88,ALA556 | ALA556 | THR560 | VAL420 | VAL420 | CYS368 | ILE559,3.64 | 3.78 | 3.84 | 3.77 | 3.41 | 3.85 | 3.62
minimized_CNP0155189.1_docked_3,LEU557 | ALA510 | GLY509 | VAL463 | ILE416 | VAL604 | LEU365 | VAL606 | VAL606 | GLY367 | GLY367,2.86 | 3.03 | 3.26 | 2.84 | 3.07 | 2.56 | 3.18 | 2.90 | 3.29 | 2.73 | 3.06,GLY462 | GLY462 | ALA556 | GLY509 | GLY509 | ALA556 | ILE559 | ILE559 | CYS513 | VAL514 | VAL467 | ALA366 | ALA366 | GLY417 | ALA366,3.26 | 3.35 | 3.83 | 3.80 | 3.83 | 3.86 | 3.18 | 3.84 | 3.75 | 3.77 | 3.62 | 3.47 | 3.74 | 3.47 | 3.54
minimized_CNP0155189.1_docked_4,LEU557 | ALA510 | VAL463 | ILE416 | VAL604 | LEU365 | VAL465 | VAL512 | VAL465,2.73 | 3.13 | 2.63 | 2.74 | 2.65 | 2.79 | 3.11 | 2.56 | 2.57,GLY462 | GLY462 | VAL418 | CYS368 | VAL608 | VAL608 | VAL608 | ALA366,3.66 | 3.74 | 3.74 | 3.39 | 3.85 | 3.63 | 3.63 | 3.67
minimized_CNP0155189.1_docked_5,VAL463 | ILE416 | VAL604 | LEU365 | LEU557 | ALA510 | GLY367,2.82 | 2.90 | 2.94 | 2.71 | 2.89 | 2.85 | 2.68,THR560 | ILE559 | ILE559 | CYS513 | THR560 | THR560 | VAL467 | ALA366,3.70 | 3.68 | 3.80 | 3.54 | 3.74 | 3.85 | 3.64 | 3.82
minimized_CNP0155189.1_docked_6,ALA510 | VAL604 | LEU557 | VAL463 | ILE416 | VAL606 | VAL604 | VAL418 | VAL465 | VAL418,3.18 | 2.89 | 2.92 | 2.79 | 2.80 | 3.32 | 2.95 | 3.22 | 2.88 | 2.83,ALA607 | CYS368 | GLN563 | HIS562 | HIS562 | VAL561 | VAL561 | PRO322 | ILE559,3.51 | 3.49 | 3.66 | 3.88 | 3.77 | 3.50 | 3.68 | 3.58 | 3.85
minimized_CNP0155189.1_docked_7,VAL604 | LEU557 | VAL606 | ILE559 | ILE559 | VAL465 | VAL418,3.14 | 2.77 | 3.28 | 3.17 | 3.11 | 3.07 | 2.95,ALA366 | VAL561 | VAL561 | GLY564 | GLY564 | VAL561 | LEU515 | ILE559,3.76 | 3.69 | 3.67 | 3.88 | 3.71 | 3.74 | 3.35 | 3.70
minimized_CNP0155189.1_docked_8,VAL512 | VAL604 | LEU557 | ILE416 | ILE559 | ILE559 | VAL465 | VAL418,3.34 | 3.10 | 3.04 | 2.98 | 2.82 | 3.04 | 3.18 | 2.94,ALA366 | ILE559 | ILE559 | THR560 | LEU468 | VAL561 | VAL561 | ILE559,3.58 | 3.84 | 3.89 | 3.87 | 3.85 | 3.88 | 3.73 | 3.70
minimized_CNP0155189.1_docked_9,VAL463 | ILE416 | ALA510 | VAL512 | ALA510 | VAL606 | GLY367,2.89 | 2.56 | 2.64 | 3.02 | 3.02 | 2.75 | 3.17,ALA466 | ALA466 | ARG326 | PRO322 | HIS562 | VAL561 | ARG326 | ILE559,3.86 | 3.71 | 3.68 | 3.75 | 3.84 | 3.66 | 3.84 | 3.76
minimized_CNP0155820.2_docked_1,VAL369 | VAL369 | VAL606 | THR560,2.86 | 2.99 | 2.99 | 2.88,VAL420 | VAL420 | ALA556 | GLY509 | GLY462 | ALA556 | ARG415 | ARG415 | ALA556 | GLY509 | GLY509 | ILE559 | GLY511 | ARG415 | ARG415 | ARG415 | GLY364 | GLY364 | GLY462 | ALA366 | ALA366 | GLY464,3.70 | 3.49 | 3.76 | 3.80 | 3.51 | 3.73 | 3.70 | 3.69 | 3.23 | 3.76 | 3.49 | 3.54 | 3.88 | 3.88 | 3.83 | 3.33 | 3.65 | 3.44 | 3.87 | 3.77 | 3.67 | 3.70
minimized_CNP0155820.2_docked_2,VAL604 | LEU365 | VAL463 | ILE416 | LEU557 | ALA510 | VAL606 | ILE559 | VAL418 | ARG326,2.70 | 3.25 | 2.88 | 2.71 | 2.90 | 3.26 | 3.16 | 3.25 | 3.27 | 3.09,GLY462 | GLY462 | ARG415 | ARG415 | ILE559 | ARG326 | VAL369,3.71 | 3.44 | 3.66 | 3.87 | 3.88 | 3.75 | 3.61
minimized_CNP0155820.2_docked_3,VAL604 | LEU557 | ILE416 | LEU365 | ALA510 | VAL512 | VAL606 | VAL418 | VAL561,3.02 | 2.98 | 2.70 | 3.04 | 2.79 | 2.92 | 3.06 | 3.27 | 3.00,ARG415 | ARG415 | ARG326 | VAL608 | VAL561 | VAL561 | ALA466,3.83 | 3.71 | 3.89 | 3.60 | 3.77 | 3.76 | 3.88
minimized_CNP0155820.2_docked_4,VAL561 | THR560 | VAL467 | VAL606 | THR560 | ILE559,3.01 | 3.10 | 3.08 | 3.06 | 3.19 | 3.10,VAL514 | VAL561 | CYS368 | ALA556 | ARG415 | ARG415 | GLY462 | ARG415 | ALA556 | ARG415 | ARG415 | ALA556 | GLY509 | GLY509 | ILE559 | GLY511 | ARG415 | ARG415 | GLY364 | GLY364 | GLY464,3.48 | 3.86 | 3.81 | 3.85 | 3.80 | 3.78 | 3.49 | 3.79 | 3.79 | 3.68 | 3.63 | 3.38 | 3.70 | 3.40 | 3.51 | 3.67 | 3.85 | 3.61 | 3.50 | 3.28 | 3.74
minimized_CNP0155820.2_docked_5,LEU557 | ALA510 | VAL604 | LEU365 | VAL463 | ILE416 | GLY367 | VAL465 | ILE559 | ILE559 | VAL369,3.07 | 3.13 | 2.95 | 2.71 | 2.70 | 2.99 | 3.30 | 2.83 | 3.07 | 3.24 | 2.83,GLY603 | GLY603 | VAL420 | VAL420 | CYS368 | CYS368 | ALA607 | CYS368 | ALA607 | ILE559,3.76 | 3.58 | 3.87 | 3.64 | 3.80 | 3.78 | 3.66 | 3.81 | 3.89 | 3.85
minimized_CNP0155820.2_docked_6,ARG326 | VAL608 | ARG326 | VAL561 | THR560 | ILE559 | LEU557,3.31 | 2.90 | 2.94 | 2.85 | 2.85 | 2.89 | 3.01,VAL369 | CYS513 | ALA466 | ALA556 | GLY509 | GLY462 | GLY603 | ALA556 | GLY509 | GLY509 | ILE559 | GLY603 | GLY364 | GLY364 | GLY558,3.56 | 3.68 | 3.88 | 3.53 | 3.82 | 3.68 | 3.76 | 3.71 | 3.78 | 3.51 | 3.77 | 3.76 | 3.76 | 3.49 | 3.89
minimized_CNP0155820.2_docked_7,ILE416 | LEU365 | ALA510 | GLY462 | VAL604 | LEU557 | VAL606 | VAL418 | VAL514,2.71 | 2.88 | 3.02 | 3.09 | 3.07 | 2.98 | 3.09 | 3.17 | 3.14,GLY509 | GLY509 | GLY462 | GLY462 | ILE559 | VAL561 | VAL561 | VAL561 | VAL514 | ALA466 | ALA466 | ALA466,3.88 | 3.39 | 3.59 | 3.86 | 3.76 | 3.88 | 3.44 | 3.89 | 3.51 | 3.70 | 3.76 | 3.67
minimized_CNP0155820.2_docked_8,LEU557 | ALA510 | VAL604 | LEU365 | VAL463 | ILE416 | VAL418 | VAL418 | VAL465 | VAL467,3.11 | 3.32 | 2.94 | 2.69 | 2.70 | 3.02 | 3.21 | 2.88 | 3.05 | 2.80,GLY603 | GLY603 | GLY364 | ILE559 | VAL514 | VAL514 | ALA366,3.68 | 3.49 | 3.79 | 3.60 | 3.73 | 3.77 | 3.24
minimized_CNP0155820.2_docked_9,VAL606 | VAL606 | GLY367 | GLY367 | LEU557 | ILE416,2.88 | 2.96 | 2.93 | 2.94 | 3.00 | 2.99,ALA366 | ALA366 | ILE559 | GLY509 | GLY509 | VAL463 | GLY462 | TYR525 | TYR525 | TYR525 | TYR525 | ALA556 | ALA556 | TYR525 | ALA556 | ARG415 | GLY462 | ARG415 | ARG415 | ALA556 | ARG415 | ALA556 | ARG415 | ARG415 | ARG415 | GLY364,3.56 | 3.74 | 3.83 | 3.76 | 3.53 | 3.82 | 3.67 | 3.86 | 3.68 | 3.62 | 3.79 | 2.93 | 3.63 | 3.88 | 3.69 | 3.82 | 3.83 | 3.77 | 3.71 | 3.59 | 3.65 | 3.89 | 3.62 | 3.16 | 3.87 | 3.87
minimized_CNP0155833.1_docked_1,ARG326 | ARG326 | VAL512 | VAL465 | VAL606 | VAL606 | GLY367 | GLY367 | VAL604 | LEU365 | GLY462 | LEU557,3.12 | 3.13 | 2.68 | 2.82 | 3.18 | 3.11 | 3.17 | 3.05 | 2.98 | 2.85 | 3.33 | 2.73,ARG326 | PRO322 | ARG326 | VAL561 | VAL561 | CYS368 | GLY364 | GLY364 | ALA366 | ALA366 | ALA366 | ALA366 | GLY417,3.54 | 3.81 | 3.82 | 3.30 | 3.89 | 3.58 | 3.74 | 3.60 | 3.51 | 3.73 | 3.86 | 3.89 | 3.76
minimized_CNP0155833.1_docked_2,ARG326 | VAL512 | VAL465 | VAL606 | VAL606 | GLY367 | GLY367 | VAL604 | LEU365 | LEU557,2.80 | 2.83 | 2.85 | 2.98 | 3.14 | 2.98 | 3.09 | 2.97 | 3.06 | 2.70,GLN563 | VAL561 | VAL561 | VAL418 | CYS368 | GLY364 | GLY364 | ALA366 | ALA366 | ALA366 | GLY417 | ALA366,3.84 | 3.75 | 3.71 | 3.83 | 3.47 | 3.76 | 3.66 | 3.57 | 3.79 | 3.89 | 3.79 | 3.85
minimized_CNP0155833.1_docked_3,VAL512 | VAL465 | VAL606 | VAL606 | GLY367 | VAL604 | LEU365 | GLY462 | LEU557,2.63 | 2.97 | 3.22 | 2.90 | 3.13 | 2.66 | 2.78 | 3.27 | 2.71,VAL561 | VAL561 | VAL561 | VAL561 | VAL514 | CYS368 | GLY364 | GLY364 | GLY509 | ALA366 | ALA366 | GLY417,3.76 | 3.70 | 3.57 | 3.58 | 3.90 | 3.70 | 3.70 | 3.46 | 3.82 | 3.55 | 3.66 | 3.81
minimized_CNP0155833.1_docked_4,GLN563 | ARG326 | VAL606 | ILE559 | VAL465 | VAL418 | VAL418 | VAL463 | ILE416 | ILE416 | LEU365,3.08 | 3.29 | 2.83 | 2.90 | 3.02 | 3.05 | 3.23 | 2.80 | 3.32 | 2.82 | 3.03,PRO322 | ARG326 | ARG326 | VAL369 | ALA607 | CYS513 | ALA466 | ALA466 | GLY509 | GLY462 | GLY462 | ILE559,3.84 | 3.74 | 3.69 | 3.74 | 3.84 | 3.82 | 3.41 | 3.74 | 3.81 | 3.68 | 3.58 | 3.57
minimized_CNP0155833.1_docked_5,VAL514 | VAL514 | GLY367 | VAL512 | VAL465 | VAL465 | ALA510 | ILE416 | LEU365,2.70 | 3.07 | 2.84 | 3.01 | 2.93 | 2.97 | 2.69 | 2.95 | 2.97,VAL561 | VAL561 | VAL561 | VAL418 | GLY462 | ARG415 | ARG415 | GLY603 | GLY603 | ILE559 | GLY464 | ILE559,3.76 | 3.72 | 3.85 | 3.58 | 3.49 | 3.79 | 3.66 | 3.82 | 3.79 | 3.86 | 3.80 | 3.83
minimized_CNP0155833.1_docked_6,GLY367 | VAL606 | VAL606 | GLY367 | GLY367 | VAL604 | LEU365 | VAL463 | LEU557,3.21 | 3.12 | 3.05 | 3.20 | 3.10 | 2.84 | 2.95 | 3.02 | 2.58,ARG326 | VAL561 | VAL561 | VAL561 | VAL561 | VAL514 | ILE559 | GLY603 | GLY364 | GLY364 | ALA366 | ALA366 | ALA366 | ALA366 | GLY417 | ALA366 | ALA366,3.82 | 3.68 | 3.75 | 3.44 | 3.87 | 3.82 | 3.50 | 3.90 | 3.83 | 3.61 | 3.47 | 3.66 | 3.87 | 3.88 | 3.60 | 3.84 | 3.78
minimized_CNP0155833.1_docked_7,ARG326 | ILE559 | VAL418 | VAL418 | VAL418 | ILE416 | ILE416 | LEU557 | ALA510,2.87 | 2.84 | 2.88 | 3.30 | 3.30 | 3.04 | 3.03 | 3.13 | 2.79,VAL420 | VAL420 | VAL420 | ALA607 | VAL369 | GLY603 | GLY603 | ALA556 | ALA556 | GLY509,3.63 | 3.61 | 3.26 | 3.39 | 3.71 | 3.76 | 3.41 | 3.71 | 3.87 | 3.81
minimized_CNP0155833.1_docked_8,VAL418 | VAL606 | ILE559 | VAL604 | LEU557 | ALA510,2.78 | 2.88 | 2.71 | 2.85 | 3.09 | 3.09,VAL514 | VAL514 | VAL514 | VAL561 | VAL561 | VAL561 | VAL606 | GLY603 | GLY603 | ALA556 | ALA556 | ALA366,3.55 | 3.70 | 3.80 | 3.77 | 3.54 | 3.74 | 3.80 | 3.88 | 3.47 | 3.62 | 3.74 | 3.46
minimized_CNP0155833.1_docked_9,VAL420 | VAL512 | VAL465 | VAL606 | VAL606 | GLY367 | VAL604 | LEU365 | GLY462 | LEU557,2.77 | 2.49 | 3.12 | 3.21 | 2.88 | 3.14 | 2.72 | 2.76 | 3.27 | 2.72,ILE559 | GLY364 | GLY364 | GLY509 | ALA366 | ALA366 | GLY417,3.87 | 3.73 | 3.51 | 3.80 | 3.60 | 3.71 | 3.88
minimized_CNP0156119.1_docked_1,ARG326 | VAL465 | VAL465 | VAL418 | VAL418 | VAL606 | ILE559 | ILE416 | VAL604 | ILE416 | LEU365,3.13 | 2.95 | 3.18 | 3.03 | 3.15 | 3.14 | 3.10 | 3.03 | 3.15 | 2.85 | 2.99,VAL608 | VAL608 | VAL608 | THR560 | ILE559 | GLY509 | GLY509 | GLY462 | GLY417 | ALA366,3.57 | 3.68 | 3.52 | 3.74 | 3.65 | 3.86 | 3.53 | 3.71 | 3.72 | 3.72
minimized_CNP0156119.1_docked_2,ARG326 | VAL606 | GLY367 | GLY367 | VAL512 | VAL465 | VAL465 | VAL604 | LEU365 | ALA510 | VAL463 | LEU557,2.92 | 3.34 | 3.10 | 2.84 | 2.90 | 2.83 | 3.12 | 3.04 | 3.13 | 3.27 | 3.12 | 2.80,VAL420 | GLY464 | ARG415 | ARG415 | GLY364 | GLY364 | ALA556 | GLY509 | GLY509 | ILE559 | ALA366,3.57 | 3.79 | 3.64 | 3.36 | 3.60 | 3.64 | 3.80 | 3.84 | 3.75 | 3.63 | 3.86
minimized_CNP0156119.1_docked_3,VAL465 | VAL465 | VAL418 | VAL418 | VAL606 | ILE559 | ILE416 | VAL604 | ILE416 | LEU365,2.86 | 3.21 | 3.06 | 3.31 | 3.21 | 3.08 | 3.14 | 3.13 | 2.85 | 3.01,VAL467 | VAL467 | VAL467 | VAL514 | CYS513 | GLY605 | GLY509 | GLY509 | GLY462 | GLY417 | ALA366,3.86 | 3.63 | 3.89 | 3.75 | 3.60 | 3.83 | 3.83 | 3.49 | 3.73 | 3.80 | 3.77
minimized_CNP0156119.1_docked_4,ARG326 | ILE559 | ILE559 | VAL465 | VAL604 | LEU557 | VAL463 | ILE416,3.26 | 2.90 | 2.94 | 2.91 | 3.34 | 2.94 | 2.92 | 2.81,VAL608 | VAL608 | ARG326 | VAL608 | CYS368 | CYS368 | CYS368 | GLY464 | GLY464 | GLY603 | GLY603 | GLY364 | GLY364 | GLY509 | ILE559 | ILE559,3.78 | 3.84 | 3.86 | 3.81 | 3.84 | 3.71 | 3.60 | 3.87 | 3.61 | 3.61 | 3.67 | 3.43 | 3.28 | 3.82 | 3.60 | 3.84
minimized_CNP0156119.1_docked_5,VAL606 | VAL606 | GLY367 | GLY367 | VAL512 | VAL465 | VAL604 | LEU365 | VAL463 | LEU557,3.25 | 2.95 | 3.24 | 2.89 | 2.89 | 2.94 | 2.83 | 3.13 | 2.90 | 2.86,VAL514 | VAL514 | VAL514 | ARG415 | ARG415 | GLY364 | GLY364 | GLY509 | GLY509 | ILE559,3.72 | 3.50 | 3.79 | 3.84 | 3.50 | 3.47 | 3.47 | 3.82 | 3.72 | 3.50
minimized_CNP0156119.1_docked_6,VAL465 | VAL465 | VAL418 | VAL418 | VAL606 | ILE559 | ILE416 | VAL604 | LEU557 | LEU365,3.07 | 3.29 | 2.93 | 2.98 | 3.07 | 3.24 | 3.16 | 3.27 | 2.96 | 3.02,ALA466 | GLY605 | GLY509 | GLY509 | GLY462 | ALA366 | ALA366 | GLY417 | ALA366,3.86 | 3.72 | 3.74 | 3.41 | 3.71 | 3.74 | 3.79 | 3.69 | 3.72
minimized_CNP0156119.1_docked_7,ARG470 | VAL512 | VAL465 | VAL606 | VAL606 | GLY367 | GLY367 | VAL512 | VAL512 | VAL463 | ILE416 | LEU557 | ALA510,3.06 | 2.71 | 2.34 | 2.92 | 2.79 | 3.07 | 2.90 | 2.96 | 3.03 | 2.75 | 2.95 | 3.24 | 2.94,VAL467 | VAL467 | VAL467 | VAL467 | VAL420 | CYS368 | GLY605 | ALA366 | ALA366 | GLY603 | GLY603 | GLY364 | ALA366,3.85 | 3.69 | 3.75 | 3.62 | 3.85 | 3.62 | 3.46 | 3.82 | 3.54 | 3.83 | 3.88 | 3.84 | 3.86
minimized_CNP0156119.1_docked_8,VAL606 | VAL606 | GLY367 | GLY367 | VAL512 | VAL465 | VAL604 | LEU365 | VAL463 | ILE416 | ALA510,3.28 | 2.83 | 3.30 | 2.80 | 3.28 | 3.30 | 2.94 | 2.89 | 2.46 | 2.70 | 2.97,VAL514 | VAL561 | ILE559 | GLY603 | GLY364 | GLY364 | GLY509 | ILE559,3.68 | 3.72 | 3.60 | 3.85 | 3.90 | 3.38 | 3.82 | 3.43
minimized_CNP0156119.1_docked_9,VAL606 | VAL606 | GLY367 | GLY367 | VAL512 | ALA510 | VAL604 | LEU365 | VAL463 | ILE416 | ALA510,2.94 | 3.27 | 2.78 | 3.05 | 3.04 | 2.73 | 3.01 | 3.28 | 2.71 | 2.70 | 2.89,VAL420 | ALA607 | CYS368 | CYS368 | VAL418 | GLY464 | GLY603 | GLY364 | ILE559,3.68 | 3.58 | 3.65 | 3.66 | 3.45 | 3.78 | 3.57 | 3.65 | 3.79
minimized_CNP0156536.1_docked_1,VAL512 | ALA510 | ARG326,3.11 | 3.07 | 2.98,GLY603 | ALA556 | ALA556 | ALA556 | ARG415 | ALA556 | GLY509 | GLY509 | GLY462 | ARG415 | GLY603 | GLY603 | GLY364 | GLY364 | ALA556 | CYS368 | CYS368 | VAL608 | ALA366 | ALA366,3.60 | 3.71 | 3.52 | 3.66 | 3.67 | 3.85 | 3.75 | 3.87 | 3.33 | 3.86 | 3.81 | 3.82 | 3.85 | 3.72 | 3.74 | 3.89 | 3.76 | 3.58 | 3.67 | 3.57
minimized_CNP0156536.1_docked_2,VAL418 | GLY367 | VAL606 | VAL604 | LEU365 | ASN382 | ASN382,3.00 | 3.05 | 3.17 | 2.98 | 2.85 | 2.80 | 3.11,THR560 | CYS513 | ILE559 | GLY511 | GLY511 | TYR334 | GLY603 | ALA556 | ARG415 | ARG415 | ALA556 | SER363 | SER363 | ALA556 | ARG415 | VAL463 | GLY462 | ARG415 | GLY364 | GLY364,3.89 | 3.65 | 3.67 | 3.79 | 3.45 | 3.83 | 3.10 | 3.64 | 3.60 | 3.76 | 3.56 | 3.58 | 3.68 | 3.82 | 3.52 | 3.84 | 3.80 | 3.84 | 3.88 | 3.45
minimized_CNP0156536.1_docked_3,VAL604,2.84,ALA556 | ALA556 | ALA556 | ARG415 | ALA556 | GLY509 | GLY462 | ARG415 | ARG415 | ARG415 | VAL463 | GLY462 | GLY462 | ALA466 | VAL561 | VAL561 | GLY464 | ILE559 | ILE559 | ILE559,3.86 | 3.45 | 3.77 | 3.72 | 3.75 | 3.86 | 3.70 | 3.36 | 3.55 | 3.76 | 3.81 | 3.60 | 3.79 | 3.65 | 3.86 | 3.51 | 3.38 | 3.78 | 3.83 | 3.68
minimized_CNP0156536.1_docked_4,ASN469 | VAL465 | VAL418 | LEU557,2.97 | 2.85 | 3.02 | 3.07,ARG470 | ILE421 | VAL467 | VAL467 | VAL467 | VAL514 | VAL514 | ARG415 | ALA556 | ALA556 | ILE559 | GLY511 | GLY509 | GLY509 | ALA366 | ILE559 | GLY558 | GLY558 | LEU557 | GLY364 | GLY364,3.59 | 3.84 | 3.63 | 3.84 | 3.84 | 3.85 | 3.78 | 3.69 | 3.74 | 3.83 | 3.62 | 3.89 | 3.69 | 3.51 | 3.73 | 3.89 | 3.75 | 3.71 | 3.90 | 3.77 | 3.61
minimized_CNP0156536.1_docked_5,ARG326 | ARG326 | VAL561,3.11 | 3.14 | 2.83,VAL561 | GLY509 | GLY462 | ILE559 | ALA556 | ALA556 | GLY509 | GLY509 | GLY605 | ALA366 | ALA366 | GLY462 | ARG415 | ARG415 | GLY462 | ALA607,3.87 | 3.81 | 3.78 | 3.24 | 3.84 | 3.43 | 3.72 | 3.81 | 3.85 | 3.83 | 3.62 | 3.70 | 3.46 | 3.50 | 3.67 | 3.68
minimized_CNP0156536.1_docked_6,GLY423 | ASP422 | VAL420 | VAL604,3.12 | 3.22 | 3.17 | 3.20,VAL420 | VAL420 | VAL420 | VAL420 | VAL420 | ALA556 | ARG415 | ALA556 | ILE559 | GLY511 | ALA556 | GLY509 | GLY509 | GLY464 | GLY464 | ARG415 | GLY364 | GLY364 | ALA607 | CYS368,3.80 | 3.17 | 3.80 | 3.68 | 3.89 | 3.66 | 3.78 | 3.70 | 3.29 | 3.57 | 3.64 | 3.76 | 3.74 | 3.85 | 3.88 | 3.63 | 3.76 | 3.75 | 3.56 | 3.52
minimized_CNP0156536.1_docked_7,VAL369 | VAL608 | ARG326,3.05 | 2.83 | 3.03,ALA556 | ARG415 | ALA556 | ILE559 | GLY511 | ALA556 | GLY509 | GLY509 | VAL604 | ARG415 | ARG415 | ALA607 | ALA607,3.88 | 3.69 | 3.77 | 3.25 | 3.65 | 3.45 | 3.70 | 3.65 | 3.84 | 3.64 | 3.36 | 3.51 | 3.70
minimized_CNP0156536.1_docked_8,GLN563 | HIS562 | ARG326 | VAL606 | THR560 | ILE559 | LEU557,3.24 | 2.94 | 3.17 | 3.00 | 3.11 | 3.08 | 3.01,VAL561 | HIS562 | ALA556 | ALA556 | ALA556 | ILE559 | GLY511 | GLY511 | GLY509 | GLY509 | ILE559 | ILE559 | ILE559 | GLY464 | VAL463 | GLY364 | GLY364,3.65 | 3.49 | 3.67 | 3.76 | 3.89 | 3.82 | 3.72 | 3.54 | 3.65 | 3.47 | 3.71 | 3.68 | 3.84 | 3.84 | 3.83 | 3.69 | 3.70
minimized_CNP0156536.1_docked_9,VAL514 | LEU557,2.90 | 3.11,ARG415 | ALA556 | ILE559 | GLY511 | GLY509 | GLY509 | ILE559 | ALA366 | ILE559 | GLY558 | GLY558 | GLY364 | GLY364 | THR560,3.69 | 3.83 | 3.60 | 3.80 | 3.65 | 3.47 | 3.84 | 3.87 | 3.82 | 3.78 | 3.75 | 3.80 | 3.67 | 3.65
minimized_CNP0156536.2_docked_1,ARG326 | VAL561 | VAL561 | THR560 | VAL512 | VAL465,3.02 | 2.73 | 2.80 | 2.79 | 3.19 | 3.05,VAL561 | VAL561 | ARG415 | ARG415 | ALA556 | ILE559 | GLY511 | ALA556 | ALA556 | GLY509 | GLY509 | GLY464 | GLY462 | ARG415 | ARG415 | ARG415 | ARG415 | GLY364 | ILE559,3.88 | 3.46 | 3.86 | 3.79 | 3.74 | 3.67 | 3.80 | 3.78 | 3.19 | 3.75 | 3.63 | 3.78 | 3.83 | 3.89 | 3.75 | 3.79 | 3.26 | 3.70 | 3.85
minimized_CNP0156536.2_docked_2,VAL514 | VAL465 | VAL604,2.86 | 2.83 | 3.31,VAL561 | LEU515 | VAL514 | VAL514 | VAL561 | VAL514 | ALA556 | ALA556 | ILE559 | ALA556 | GLY509 | GLY509 | ALA366 | GLY364 | ARG415 | GLY364 | GLY364,3.73 | 3.46 | 3.60 | 3.89 | 3.47 | 3.48 | 3.64 | 3.88 | 3.66 | 3.51 | 3.86 | 3.84 | 3.77 | 3.89 | 3.56 | 3.82 | 3.56
minimized_CNP0156536.2_docked_3,GLY371 | VAL369 | VAL606 | VAL463 | ILE416,3.02 | 2.89 | 2.90 | 3.27 | 2.72,VAL370 | VAL420 | VAL369 | ALA556 | ARG415 | ARG415 | ALA366 | ALA366 | GLY364 | GLY364 | ILE559 | ILE559 | GLY417 | GLY464 | GLY417 | GLY509 | GLY509 | GLY462 | GLY462 | ILE559,3.73 | 3.44 | 3.82 | 3.78 | 3.71 | 3.83 | 3.52 | 3.44 | 3.80 | 3.81 | 3.54 | 3.70 | 3.87 | 3.73 | 3.78 | 3.72 | 3.03 | 3.71 | 3.70 | 3.76
minimized_CNP0156536.2_docked_4,VAL369 | VAL369 | VAL606 | ILE416,2.78 | 2.94 | 2.83 | 2.71,VAL369 | VAL369 | VAL420 | VAL420 | ALA556 | ARG415 | ARG415 | GLY605 | ALA366 | ALA366 | GLY364 | GLY364 | ILE559 | ILE559 | GLY464 | GLY417 | GLY509 | GLY509 | GLY462 | GLY462 | ILE559 | CYS513 | CYS513,3.64 | 3.79 | 3.80 | 3.63 | 3.81 | 3.65 | 3.75 | 3.88 | 3.56 | 3.41 | 3.70 | 3.71 | 3.58 | 3.77 | 3.84 | 3.86 | 3.78 | 3.08 | 3.78 | 3.74 | 3.67 | 3.82 | 3.81
minimized_CNP0156536.2_docked_5,LEU557 | ALA510 | VAL604 | LEU557 | VAL606 | GLY367 | VAL512 | VAL465,2.92 | 2.98 | 2.78 | 2.88 | 3.11 | 2.86 | 3.32 | 3.22,GLY464 | ALA366 | GLY558 | GLY558 | ILE559 | ALA366 | ALA366 | GLN563 | HIS562 | PRO322 | PRO322 | VAL561 | VAL561 | VAL561 | VAL561 | VAL608 | VAL608 | VAL608 | ALA466,3.26 | 3.86 | 3.86 | 3.54 | 3.73 | 3.53 | 3.82 | 3.44 | 3.69 | 3.56 | 3.75 | 3.81 | 3.84 | 3.88 | 3.83 | 3.48 | 3.59 | 3.54 | 3.81
minimized_CNP0156536.2_docked_6,VAL369 | VAL369 | GLY367,2.88 | 2.96 | 3.10,VAL420 | VAL420 | VAL369 | GLY462 | ARG415 | ILE559 | GLY511 | ALA556 | GLY509 | GLY509 | GLY605 | ARG415 | GLY364,3.84 | 3.65 | 3.71 | 3.46 | 3.80 | 3.20 | 3.86 | 3.50 | 3.72 | 3.75 | 3.82 | 3.55 | 3.86
minimized_CNP0156536.2_docked_7,GLN563 | VAL561 | THR560 | VAL463 | ILE416,3.01 | 3.27 | 2.97 | 3.29 | 2.70,VAL608 | GLY603 | ALA556 | ARG415 | ALA366 | ALA366 | GLY364 | GLY364 | ILE559 | ILE559 | GLY464 | GLY417 | GLY464 | VAL463 | GLY417 | GLY509 | GLY509 | ILE559,3.52 | 3.82 | 3.70 | 3.86 | 3.39 | 3.51 | 3.72 | 3.86 | 3.48 | 3.59 | 3.75 | 3.87 | 3.54 | 3.75 | 3.80 | 3.85 | 3.21 | 3.80
minimized_CNP0156536.2_docked_8,VAL463 | ILE416 | ILE559,2.75 | 2.75 | 2.79,GLY603 | GLY603 | GLY462 | GLY462 | ALA366 | ALA366 | ILE559 | ILE559 | VAL467 | VAL420 | VAL420 | VAL420 | VAL418 | ILE559 | CYS513 | CYS513,3.76 | 3.52 | 3.69 | 3.72 | 3.79 | 3.76 | 3.71 | 3.58 | 3.63 | 3.82 | 3.76 | 3.73 | 3.75 | 3.79 | 3.64 | 3.74
minimized_CNP0156536.2_docked_9,VAL463 | ILE416 | ILE559 | ARG326 | ARG326,3.04 | 2.80 | 2.87 | 3.08 | 3.29,GLY603 | GLY603 | GLY462 | GLY462 | GLY509 | GLY462 | ALA366 | ALA366 | ILE559 | ILE559 | VAL608 | VAL608 | VAL608 | VAL608 | VAL418 | ILE559,3.86 | 3.64 | 3.63 | 3.51 | 3.69 | 3.55 | 3.73 | 3.89 | 3.58 | 3.68 | 3.80 | 3.70 | 3.67 | 3.41 | 3.56 | 3.85
minimized_CNP0156791.3_docked_1,VAL604 | LEU365 | LEU557 | ILE416 | LEU365 | ALA510 | VAL463 | VAL418 | VAL418 | HIS516 | HIS516 | VAL514 | VAL467,2.80 | 2.86 | 2.79 | 2.67 | 2.98 | 2.81 | 2.90 | 3.22 | 3.13 | 3.02 | 3.28 | 3.14 | 3.00,ARG415 | GLY364 | GLY364 | ALA366 | ALA366 | ALA366 | VAL514 | ALA466 | VAL465 | ILE559 | THR560 | CYS513 | CYS513 | VAL561 | VAL561,3.84 | 3.67 | 3.77 | 3.76 | 3.69 | 3.89 | 3.50 | 3.83 | 3.83 | 3.82 | 3.62 | 3.74 | 3.68 | 3.59 | 3.44
minimized_CNP0156791.3_docked_2,ILE416 | ILE416 | LEU365 | ALA510 | GLY462 | VAL604 | LEU557 | VAL512 | VAL465 | GLY371 | VAL369 | VAL369,2.96 | 2.92 | 2.78 | 2.73 | 3.15 | 2.81 | 2.87 | 2.65 | 3.21 | 2.99 | 3.24 | 3.03,VAL463 | GLY462 | ALA366 | ALA366 | ALA366 | ILE559 | VAL467 | THR560 | THR560 | THR560 | ILE559 | CYS513 | CYS513 | ILE421,3.42 | 3.41 | 3.84 | 3.32 | 3.89 | 3.81 | 3.51 | 3.88 | 3.87 | 3.35 | 3.83 | 3.14 | 3.88 | 3.82
minimized_CNP0156791.3_docked_3,ILE416 | ILE416 | LEU365 | ALA510 | GLY462 | VAL604 | LEU557 | VAL512 | VAL465 | VAL465 | ARG326,3.01 | 2.87 | 2.86 | 2.70 | 3.14 | 2.83 | 2.84 | 2.71 | 3.10 | 3.33 | 3.05,VAL463 | GLY462 | ALA366 | ILE559 | ARG326 | ARG326 | ARG326 | THR560 | THR560 | ILE559 | THR560 | CYS513 | CYS513 | VAL420 | VAL420 | VAL420 | VAL420 | VAL420,3.43 | 3.37 | 3.51 | 3.87 | 3.82 | 3.88 | 3.84 | 3.89 | 3.81 | 3.85 | 3.46 | 3.15 | 3.86 | 3.82 | 3.83 | 3.67 | 3.27 | 3.32
minimized_CNP0156791.3_docked_4,VAL604 | LEU365 | VAL604 | ILE416 | LEU557 | ALA510 | GLY509 | VAL420 | VAL420 | VAL369,2.80 | 2.84 | 2.97 | 2.74 | 2.91 | 2.98 | 3.08 | 3.16 | 2.90 | 3.10,ILE416 | ARG415 | ARG415 | ALA556 | ALA556 | LEU557 | VAL420 | ILE559 | THR560 | VAL561,3.87 | 3.43 | 3.67 | 3.68 | 3.65 | 3.81 | 3.76 | 3.53 | 3.55 | 3.88
minimized_CNP0156791.3_docked_5,VAL463 | ILE416 | ILE416 | LEU365 | ALA510 | GLY462 | VAL604 | LEU557 | VAL512 | VAL512 | ARG326,2.95 | 2.81 | 3.09 | 3.13 | 2.85 | 3.17 | 2.74 | 2.91 | 2.60 | 3.00 | 2.92,GLY509 | GLY509 | GLY462 | GLY462 | GLY417 | GLY417 | ALA366 | ILE559 | VAL467 | VAL467 | THR560 | ILE559 | ILE559 | CYS513 | VAL467,3.82 | 3.35 | 3.40 | 3.77 | 3.65 | 3.81 | 3.37 | 3.77 | 3.37 | 3.75 | 3.59 | 3.58 | 3.66 | 3.55 | 3.88
minimized_CNP0156791.3_docked_6,ALA510 | ILE416 | LEU365 | ALA510 | GLY462 | VAL604 | LEU557 | ILE559 | GLY372 | GLY371 | ARG326,2.77 | 2.81 | 2.91 | 2.88 | 3.09 | 2.69 | 3.06 | 2.62 | 3.01 | 3.06 | 3.04,GLY509 | VAL463 | GLY462 | GLY462 | ILE559 | ILE559 | GLY464 | ILE559 | VAL418 | CYS368 | CYS368 | VAL420 | VAL420 | VAL420 | VAL420,3.78 | 3.74 | 3.25 | 3.66 | 3.61 | 3.70 | 3.87 | 3.72 | 3.79 | 3.80 | 3.54 | 3.53 | 3.49 | 3.88 | 3.33
minimized_CNP0156791.3_docked_7,LEU557 | ALA510 | ALA510 | VAL604 | LEU557 | VAL463 | ILE416 | HIS562 | HIS562 | VAL561 | GLY564 | GLN563,3.11 | 3.13 | 2.99 | 3.22 | 3.06 | 2.67 | 2.72 | 3.07 | 3.02 | 3.04 | 3.16 | 3.08,GLY603 | GLY603 | GLY509 | VAL463 | ILE559 | ILE559 | HIS562 | THR560 | ILE559 | ILE559 | VAL514 | VAL561,3.49 | 3.31 | 3.83 | 3.81 | 3.84 | 3.77 | 3.54 | 3.74 | 2.95 | 3.59 | 3.56 | 3.81
minimized_CNP0156791.3_docked_8,VAL604 | LEU557 | VAL604 | LEU365 | ALA510 | VAL463 | VAL418 | ARG470,2.83 | 2.48 | 3.08 | 2.87 | 3.04 | 2.82 | 3.30 | 2.97,GLY364 | ALA366 | ILE559 | LEU468 | ALA466 | CYS513 | ALA466 | ALA466 | VAL514 | VAL514 | VAL514 | VAL561,3.73 | 3.86 | 3.88 | 3.62 | 3.88 | 3.69 | 3.85 | 3.81 | 3.50 | 3.84 | 3.45 | 3.64
minimized_CNP0156791.3_docked_9,ALA510 | ALA510 | VAL604 | LEU557 | VAL463 | ILE416 | VAL369 | ARG326,2.97 | 2.69 | 2.73 | 2.93 | 2.90 | 2.54 | 2.94 | 3.06,GLY603 | GLY603 | ALA556 | ALA556 | GLY509 | ILE559 | ILE559 | VAL467 | VAL467 | VAL606 | ILE559 | ILE559 | VAL418 | VAL418 | CYS368 | CYS368,3.64 | 3.26 | 3.77 | 3.90 | 3.87 | 3.63 | 3.72 | 3.56 | 3.75 | 3.69 | 3.41 | 3.84 | 3.81 | 3.82 | 3.75 | 3.80
minimized_CNP0156791.4_docked_1,VAL604 | LEU557 | LEU557 | ALA510 | VAL604 | LEU557 | VAL463 | ILE416 | VAL418 | VAL418 | HIS562 | ARG326 | ARG326,3.10 | 2.88 | 3.34 | 2.87 | 2.83 | 2.96 | 2.58 | 3.12 | 2.92 | 3.15 | 2.93 | 2.92 | 2.86,GLY603 | GLY603 | ALA366 | ALA366 | VAL608 | ARG326 | VAL369 | VAL369 | CYS513 | CYS513 | ALA466 | THR560 | ALA607 | VAL369 | VAL370,3.61 | 3.50 | 3.84 | 3.58 | 3.70 | 3.83 | 3.74 | 3.77 | 3.76 | 3.44 | 3.59 | 3.89 | 3.78 | 3.81 | 3.49
minimized_CNP0156791.4_docked_2,VAL604 | LEU557 | ALA510 | VAL604 | LEU557 | VAL463 | ILE416 | GLY367 | GLY367 | VAL514 | VAL514,2.75 | 2.98 | 2.91 | 2.80 | 3.00 | 2.63 | 2.98 | 2.71 | 3.18 | 2.86 | 2.79,GLY603 | GLY603 | GLY605 | ILE559 | VAL514 | VAL514 | VAL418 | CYS368 | ARG326,3.59 | 3.53 | 3.86 | 3.50 | 3.58 | 3.52 | 3.88 | 3.56 | 3.59
minimized_CNP0156791.4_docked_3,LEU557 | ALA510 | VAL604 | LEU557 | VAL463 | ILE416 | GLY367 | ASN469 | VAL467 | VAL420,3.16 | 2.89 | 2.77 | 2.90 | 2.71 | 2.83 | 2.70 | 3.19 | 2.94 | 2.98,GLY603 | GLY603 | ILE559 | ILE559 | VAL467 | VAL561 | CYS368 | GLY419 | CYS513 | CYS513 | ALA466 | ALA466 | VAL514 | VAL561 | GLY564 | VAL561 | LEU515,3.78 | 3.80 | 3.29 | 3.71 | 3.88 | 3.59 | 3.82 | 3.56 | 3.81 | 3.80 | 3.73 | 3.80 | 3.56 | 3.81 | 3.69 | 3.28 | 3.72
minimized_CNP0156791.4_docked_4,ALA510 | VAL463 | LEU557 | ALA510 | GLY509 | ILE416 | LEU365 | ILE559 | ILE559 | VAL420 | VAL467,3.05 | 2.38 | 2.78 | 2.72 | 3.23 | 3.01 | 2.71 | 2.66 | 3.25 | 2.88 | 2.77,ALA556 | ALA556 | ILE559 | ILE559 | VAL467 | VAL467 | VAL514 | VAL514 | ALA607 | CYS368 | GLY367 | VAL514 | VAL514 | VAL561 | LEU515 | LEU515,3.54 | 3.41 | 3.37 | 3.90 | 3.79 | 3.50 | 3.78 | 3.76 | 3.69 | 3.64 | 3.68 | 3.88 | 3.57 | 3.88 | 3.44 | 3.74
minimized_CNP0156791.4_docked_5,ILE416 | ILE416 | LEU365 | VAL604 | LEU557 | ILE559 | VAL512 | ASN469 | ASN469 | VAL467,3.01 | 3.13 | 2.89 | 2.70 | 2.80 | 3.04 | 3.14 | 3.19 | 3.19 | 2.81,ILE559 | VAL465 | ILE559 | LEU468 | LEU468 | VAL514 | ALA607 | CYS368 | CYS368 | GLY367 | CYS368 | VAL514 | LEU515 | LEU515,3.64 | 3.89 | 3.63 | 3.72 | 3.89 | 3.82 | 3.74 | 3.78 | 3.45 | 3.87 | 3.81 | 3.71 | 3.60 | 3.79
minimized_CNP0156791.4_docked_6,GLY367 | VAL463 | VAL463 | LEU557 | GLY509 | ILE416 | LEU365 | VAL465 | VAL418 | ARG326 | ARG326 | LYS323 | GLY372 | GLY371,3.30 | 2.97 | 2.76 | 2.54 | 3.26 | 3.08 | 2.88 | 3.07 | 2.99 | 2.83 | 3.26 | 3.12 | 3.21 | 2.88,ALA556 | GLY509 | VAL369 | VAL420 | VAL420 | THR560 | CYS513 | THR560 | THR560 | ALA607 | CYS368 | VAL420 | VAL420,3.80 | 3.71 | 3.55 | 3.29 | 3.87 | 3.49 | 3.36 | 3.75 | 3.75 | 3.59 | 3.83 | 3.68 | 3.85
minimized_CNP0156791.4_docked_7,VAL604 | LEU557 | ALA510 | VAL604 | LEU365 | VAL463 | ILE416 | VAL418,3.27 | 3.16 | 2.89 | 2.99 | 2.94 | 2.53 | 2.83 | 2.87,GLY603 | GLY603 | ALA366 | ALA466 | ALA466 | CYS513 | THR560 | VAL561,3.74 | 3.74 | 3.71 | 3.81 | 3.66 | 3.84 | 3.75 | 3.69
minimized_CNP0156791.4_docked_8,VAL465 | VAL418 | VAL465 | VAL418 | VAL418 | VAL512 | VAL465 | VAL465 | ILE559,2.50 | 3.05 | 3.27 | 2.92 | 3.07 | 2.79 | 3.16 | 3.09 | 3.05,ALA366 | ALA366 | ALA366 | LEU468 | VAL608 | VAL608 | ALA607 | GLY564 | HIS516,3.21 | 3.55 | 3.83 | 3.87 | 3.79 | 3.82 | 3.87 | 3.36 | 3.70
minimized_CNP0156791.4_docked_9,VAL606 | ILE559 | VAL512 | VAL606 | VAL418 | HIS516,2.90 | 2.70 | 2.96 | 3.21 | 3.11 | 2.94,GLY605 | ALA366 | ALA366 | ALA366 | VAL465 | LEU468 | VAL514 | VAL514 | VAL514 | PRO322 | GLY564,3.80 | 3.82 | 3.64 | 3.85 | 3.87 | 3.77 | 3.85 | 3.67 | 3.77 | 3.73 | 3.55
minimized_CNP0157323.1_docked_1,ARG326 | ARG326 | VAL514 | THR560 | ILE416 | LEU365 | GLY364 | LEU557,3.27 | 3.18 | 2.89 | 2.84 | 2.68 | 3.17 | 3.09 | 2.64,HIS562 | VAL561 | ARG415 | GLY603 | GLY462 | ALA556 | ILE559 | ALA366 | ILE559 | VAL418 | CYS368,3.87 | 3.61 | 3.67 | 3.40 | 3.79 | 3.79 | 3.65 | 3.64 | 3.79 | 3.82 | 3.83
minimized_CNP0157323.1_docked_2,ARG326 | ARG326 | ARG326 | VAL369 | VAL369 | ILE416 | GLY364,3.07 | 3.11 | 3.01 | 2.98 | 2.90 | 2.82 | 3.07,ARG326 | VAL369 | ALA556 | ARG415 | GLY603 | GLY462 | ALA556 | ALA556 | GLY509 | ILE559 | ALA366 | ILE559,3.76 | 3.40 | 3.88 | 3.62 | 3.42 | 3.74 | 3.80 | 3.46 | 3.85 | 3.66 | 3.57 | 3.66
minimized_CNP0157323.1_docked_3,ASP422 | VAL420 | VAL467 | VAL467 | VAL420 | VAL420 | ILE416 | LEU365 | GLY364 | LEU557,3.07 | 3.11 | 2.99 | 3.19 | 3.34 | 3.01 | 2.70 | 3.24 | 3.05 | 2.64,VAL467 | VAL467 | VAL420 | ARG415 | GLY603 | GLY364 | GLY462 | ALA556 | GLY509 | ILE559 | ALA366 | ILE559 | ALA607 | ALA607 | THR560,3.31 | 3.80 | 3.48 | 3.55 | 3.55 | 3.75 | 3.67 | 3.67 | 3.87 | 3.53 | 3.68 | 3.55 | 3.77 | 3.88 | 3.79
minimized_CNP0157323.1_docked_4,ARG326 | VAL608 | VAL608 | ILE416 | GLY364 | VAL604,3.07 | 3.22 | 3.06 | 2.88 | 3.12 | 3.13,VAL608 | VAL608 | VAL608 | ARG415 | GLY603 | GLY462 | ALA556 | ALA556 | GLY509 | GLY509 | ILE559 | ALA366 | ILE559 | CYS513 | ALA466,3.73 | 3.88 | 3.57 | 3.65 | 3.62 | 3.56 | 3.81 | 3.41 | 3.70 | 3.81 | 3.70 | 3.48 | 3.65 | 3.64 | 3.70
minimized_CNP0157323.1_docked_5,VAL369 | GLY423 | VAL608 | ILE416 | GLY364 | VAL604,2.70 | 3.21 | 3.33 | 2.85 | 3.14 | 3.05,ARG415 | GLY603 | ALA556 | GLY462 | ALA556 | ALA556 | GLY509 | ILE559 | ALA366 | ILE559 | VAL418,3.65 | 3.53 | 3.78 | 3.59 | 3.80 | 3.46 | 3.78 | 3.76 | 3.45 | 3.77 | 3.83
minimized_CNP0157323.1_docked_6,VAL514 | VAL514 | ILE416 | LEU365 | GLY364,3.07 | 3.02 | 2.73 | 3.33 | 3.04,VAL561 | VAL561 | ARG415 | GLY603 | GLY364 | GLY462 | ALA556 | ALA556 | GLY509 | ILE559 | ALA366 | ILE559 | CYS368 | CYS368,3.89 | 3.85 | 3.54 | 3.44 | 3.71 | 3.78 | 3.85 | 3.51 | 3.89 | 3.52 | 3.73 | 3.49 | 3.72 | 3.65
minimized_CNP0157323.1_docked_7,GLY564 | ARG326 | ARG326 | VAL514 | LEU557 | GLY509 | VAL463,3.34 | 3.16 | 3.00 | 2.85 | 3.03 | 3.14 | 2.59,HIS562 | HIS562 | ALA556 | GLY509 | GLY462 | GLY603 | ALA556 | ALA556 | ALA556 | ARG415 | ARG415 | GLY364 | LEU365 | GLY464 | GLY417 | ILE559 | ILE559 | CYS368 | CYS368,3.86 | 3.80 | 3.50 | 3.24 | 3.73 | 3.85 | 3.50 | 3.74 | 3.89 | 3.85 | 3.86 | 3.85 | 3.87 | 3.67 | 3.86 | 3.29 | 3.54 | 3.85 | 3.73
minimized_CNP0157323.1_docked_8,LEU557 | ALA510 | VAL604 | LEU557 | VAL465 | VAL465 | VAL418 | VAL418 | ILE559,2.73 | 2.93 | 2.78 | 2.79 | 2.72 | 3.12 | 2.69 | 3.00 | 2.63,GLY509 | GLY462 | GLY462 | ALA556 | GLY605 | GLY605 | ALA366 | VAL369 | VAL420 | VAL369 | VAL369 | ALA466 | THR560 | GLY417 | ALA366 | ALA366 | ALA366,3.75 | 3.44 | 3.58 | 3.85 | 3.72 | 3.29 | 3.74 | 3.74 | 3.71 | 3.67 | 3.85 | 3.59 | 3.85 | 3.52 | 3.84 | 3.43 | 3.68
minimized_CNP0157323.1_docked_9,VAL561 | VAL561 | VAL608 | THR560 | LEU557 | GLY509 | ILE416,2.88 | 2.84 | 3.34 | 2.96 | 3.05 | 3.14 | 2.60,VAL561 | ALA556 | GLY509 | GLY462 | GLY603 | ALA556 | ALA556 | ARG415 | ARG415 | GLY364 | LEU365 | GLY464 | GLY417 | GLY417 | ILE559 | ILE559 | VAL420 | VAL420,3.75 | 3.53 | 3.23 | 3.74 | 3.87 | 3.55 | 3.78 | 3.85 | 3.87 | 3.85 | 3.87 | 3.63 | 3.89 | 3.81 | 3.32 | 3.58 | 3.77 | 3.87
minimized_CNP0157339.1_docked_1,GLY423 | GLY371 | VAL512 | VAL465 | VAL606 | ILE559 | VAL606 | ILE559 | ILE559 | LEU557 | VAL463 | ILE416 | VAL604 | LEU557,3.21 | 3.05 | 2.69 | 2.92 | 3.31 | 3.02 | 3.18 | 3.10 | 3.07 | 2.87 | 2.70 | 2.83 | 3.12 | 2.97,ASP422 | VAL369 | VAL420 | VAL420 | GLY462 | GLY462 | ARG415 | ALA556 | GLY603 | GLY603 | GLY603 | GLY417 | GLY558,3.54 | 3.36 | 3.89 | 3.81 | 3.67 | 3.43 | 3.88 | 3.57 | 3.55 | 3.89 | 3.77 | 3.52 | 3.89
minimized_CNP0157339.1_docked_2,HIS516 | HIS516 | VAL606 | GLY367 | VAL465 | VAL465 | ALA510 | GLY462 | VAL604 | LEU557,3.17 | 3.10 | 2.85 | 2.86 | 2.99 | 2.89 | 2.89 | 3.09 | 2.97 | 2.95,GLY564 | VAL561 | VAL514 | GLY509 | GLY462 | GLY462 | ALA556 | GLY509 | GLY509 | VAL606 | GLY558,3.62 | 3.84 | 3.64 | 3.65 | 3.48 | 3.86 | 3.57 | 3.70 | 3.54 | 3.85 | 3.69
minimized_CNP0157339.1_docked_3,ILE559 | VAL606 | GLY367 | VAL606 | VAL606 | GLY367 | GLY367 | VAL606 | VAL604 | LEU557 | ALA510 | GLY509 | LEU365,2.97 | 2.86 | 3.23 | 3.05 | 2.92 | 2.98 | 2.77 | 3.08 | 3.12 | 2.89 | 3.19 | 2.92 | 2.57,ARG470 | VAL420 | VAL420 | ALA556 | GLY509 | GLY509 | ARG415 | ALA556 | GLY605,3.35 | 3.70 | 3.75 | 3.74 | 3.56 | 3.59 | 3.82 | 3.69 | 3.54
minimized_CNP0157339.1_docked_4,HIS516 | VAL512 | VAL465 | ILE559 | VAL606 | ILE559 | ILE559 | LEU557 | ILE416 | ALA510 | VAL463 | VAL604 | LEU365,2.81 | 2.70 | 2.78 | 3.03 | 3.08 | 3.12 | 3.04 | 2.87 | 3.27 | 2.82 | 3.19 | 2.90 | 3.17,GLY564 | HIS516 | VAL561 | GLY509 | GLY462 | GLY417 | GLY558 | ILE559,3.54 | 3.56 | 3.70 | 3.52 | 3.58 | 3.84 | 3.89 | 3.62
minimized_CNP0157339.1_docked_5,GLY372 | ARG326 | VAL512 | VAL465 | ILE559 | VAL606 | VAL606 | ILE559 | ILE559 | LEU557 | ALA510 | GLY462 | VAL604,2.85 | 3.14 | 2.87 | 3.21 | 2.78 | 3.11 | 2.96 | 3.19 | 3.07 | 3.33 | 3.00 | 3.15 | 2.70,VAL369 | VAL608 | ARG326 | ALA607 | GLY509 | GLY462 | GLY462 | ALA556 | GLY417,3.84 | 3.47 | 3.67 | 3.74 | 3.75 | 3.48 | 3.77 | 3.64 | 3.74
minimized_CNP0157339.1_docked_6,VAL606 | GLY367 | VAL465 | VAL418 | VAL465 | VAL465 | VAL418 | VAL418 | ILE416 | VAL604 | LEU557 | VAL463 | ILE416,2.84 | 2.79 | 3.20 | 3.02 | 3.13 | 3.02 | 3.25 | 3.08 | 3.21 | 2.71 | 3.02 | 2.80 | 2.95,GLY423 | ASP422 | ASP422 | VAL467 | VAL467 | VAL467 | VAL467 | GLY603 | GLY603 | ALA556 | ALA556 | GLY558 | GLY417,3.88 | 3.74 | 3.90 | 3.75 | 3.59 | 3.78 | 3.45 | 3.76 | 3.33 | 3.67 | 3.76 | 3.80 | 3.64
minimized_CNP0157339.1_docked_7,ARG326 | VAL418 | GLY367 | VAL465 | VAL512 | VAL512 | VAL465 | VAL465 | VAL465 | VAL463 | ILE416 | LEU365 | GLY364 | ALA510,3.00 | 3.18 | 3.14 | 2.89 | 2.81 | 3.16 | 3.21 | 3.08 | 3.28 | 3.04 | 2.57 | 2.98 | 2.90 | 2.75,LYS323 | VAL561 | PRO322 | ARG415 | GLY364 | GLY364 | GLY462 | ALA556 | ALA556 | GLY605 | ALA366 | GLY464,3.55 | 3.68 | 3.73 | 3.68 | 3.57 | 3.66 | 3.88 | 3.89 | 3.39 | 3.77 | 3.74 | 3.73
minimized_CNP0157339.1_docked_8,GLY371 | VAL606 | GLY367 | VAL418 | VAL465 | VAL465 | VAL418 | ALA510 | GLY462 | VAL604 | LEU557,2.85 | 2.85 | 2.91 | 2.89 | 2.95 | 2.97 | 3.34 | 2.82 | 3.09 | 2.78 | 2.97,GLY371 | GLY423 | VAL467 | VAL467 | VAL370 | VAL420 | VAL420 | GLY509 | GLY462 | ALA556 | GLY509 | GLY509 | ILE559,3.83 | 3.32 | 3.80 | 3.51 | 3.83 | 3.87 | 3.79 | 3.60 | 3.52 | 3.81 | 3.82 | 3.75 | 3.85
minimized_CNP0157339.1_docked_9,GLY367 | VAL465 | VAL512 | VAL512 | VAL465 | VAL465 | VAL465 | VAL463 | VAL463 | VAL604 | LEU557,3.08 | 2.90 | 2.73 | 3.29 | 2.96 | 2.98 | 3.22 | 3.31 | 2.93 | 2.71 | 2.95,VAL608 | VAL561 | GLY462 | GLY462 | ALA556 | ALA556 | GLY603 | GLY509 | GLY605 | ALA366 | ALA366 | GLY464,3.78 | 3.68 | 3.57 | 3.44 | 3.90 | 3.63 | 3.88 | 3.87 | 3.73 | 3.88 | 3.68 | 3.84
minimized_CNP0158320.1_docked_1,ARG470 | ASN469 | VAL467 | GLY367 | VAL512 | VAL465 | VAL465 | VAL606 | ILE559 | VAL463 | ILE416 | VAL463 | ILE416,3.11 | 3.13 | 2.88 | 3.10 | 2.99 | 2.98 | 2.91 | 3.29 | 2.99 | 2.82 | 3.13 | 3.00 | 3.11,VAL467 | ALA466 | GLY603 | GLY603 | ALA556 | ALA556,3.83 | 3.88 | 3.83 | 3.51 | 3.66 | 3.89
minimized_CNP0158320.1_docked_2,GLY423 | ASP422 | VAL420 | GLY367 | VAL512 | VAL465 | VAL465 | ILE559 | ILE559 | VAL463 | ILE416 | VAL463 | ILE416,3.24 | 2.91 | 2.98 | 3.10 | 2.92 | 2.89 | 2.93 | 2.88 | 3.31 | 2.87 | 3.05 | 2.96 | 3.07,VAL420 | VAL420 | VAL420 | THR560 | GLY603 | ALA556 | ALA556,3.70 | 3.55 | 3.86 | 3.85 | 3.47 | 3.52 | 3.63
minimized_CNP0158320.1_docked_3,GLY564 | VAL561 | VAL512 | VAL512 | ILE559 | ILE559 | VAL418 | VAL604 | LEU557 | VAL604 | LEU557,3.27 | 2.79 | 2.77 | 3.22 | 3.15 | 3.06 | 2.99 | 2.79 | 2.79 | 3.27 | 3.27,VAL561 | VAL561 | VAL561 | ALA466 | VAL561 | THR560 | THR560 | GLY462 | ARG415 | ARG415,3.87 | 3.45 | 3.90 | 3.83 | 3.51 | 3.79 | 3.52 | 3.77 | 3.70 | 3.81
minimized_CNP0158320.1_docked_4,VAL561 | THR560 | ILE559 | VAL512 | VAL512 | VAL606 | ILE559 | ILE559 | VAL604 | LEU365 | VAL604 | LEU365,2.78 | 3.24 | 3.30 | 3.25 | 2.95 | 3.29 | 3.15 | 3.05 | 2.91 | 2.80 | 3.18 | 2.73,VAL608 | THR560 | CYS513 | GLY558 | GLY509 | GLY462 | ILE559 | ILE559,3.60 | 3.63 | 3.46 | 3.54 | 3.29 | 3.59 | 3.65 | 3.72
minimized_CNP0158320.1_docked_5,ASP422 | VAL420 | VAL420 | VAL465 | GLY367 | VAL465 | VAL604 | LEU365,3.15 | 3.19 | 3.28 | 3.06 | 3.16 | 2.97 | 2.93 | 2.73,VAL420 | VAL420 | VAL467 | ILE559 | GLY417 | GLY509 | GLY509 | VAL463 | GLY462,3.88 | 3.90 | 3.39 | 3.85 | 3.39 | 3.81 | 3.60 | 3.80 | 3.71
minimized_CNP0158320.1_docked_6,HIS516 | VAL514 | THR560 | VAL512 | VAL465 | VAL606 | ILE559 | ILE559 | LEU557 | ALA510 | LEU557,3.07 | 3.00 | 2.98 | 2.92 | 2.99 | 3.23 | 3.19 | 2.93 | 3.09 | 3.21 | 3.11,VAL514 | VAL514 | VAL514 | CYS513 | CYS513 | CYS513 | GLY364,3.76 | 3.77 | 3.48 | 3.73 | 3.30 | 3.73 | 3.73
minimized_CNP0158320.1_docked_7,VAL467 | VAL512 | VAL604 | LEU365 | VAL465 | VAL418 | VAL418 | ALA510 | LEU557 | GLY509,2.92 | 3.16 | 2.71 | 2.99 | 3.25 | 2.75 | 2.96 | 3.07 | 2.88 | 2.86,CYS368 | VAL467 | VAL467 | ALA466 | GLY419 | ALA366 | ALA366 | GLY462 | ARG415 | ARG415 | ARG415 | GLY509 | GLY417,3.85 | 3.72 | 3.61 | 3.55 | 3.61 | 3.69 | 3.72 | 3.60 | 3.87 | 3.61 | 3.54 | 3.87 | 3.82
minimized_CNP0158320.1_docked_8,VAL514 | VAL514 | VAL512 | VAL418 | VAL418 | VAL604 | LEU365 | VAL604 | LEU365,3.18 | 2.81 | 2.66 | 3.30 | 3.19 | 2.71 | 2.86 | 3.09 | 2.86,VAL561 | VAL561 | VAL561 | ALA466 | GLY509 | GLY462 | GLY462 | ILE559,3.87 | 3.52 | 3.75 | 3.89 | 3.67 | 3.50 | 3.84 | 3.80
minimized_CNP0158320.1_docked_9,ARG326 | VAL512 | VAL512 | VAL606 | ILE559 | ILE559 | ALA510 | VAL463 | VAL463,2.92 | 2.85 | 3.28 | 3.08 | 2.99 | 3.10 | 2.93 | 2.95 | 2.89,VAL561 | ALA607 | ALA607 | GLY558 | GLY603 | GLY603 | ILE559,3.53 | 3.57 | 3.74 | 3.59 | 3.49 | 3.54 | 3.73
minimized_CNP0158365.1_docked_1,VAL604 | LEU365 | ALA510 | VAL463 | VAL561 | THR560 | VAL608 | THR560,2.89 | 3.18 | 2.71 | 2.98 | 2.78 | 2.94 | 2.83 | 3.16,ALA556 | ARG415 | GLY509 | ALA556 | ARG415 | ARG415 | ALA556 | ALA556 | GLY464 | ARG415 | ARG415 | GLY364 | GLY364 | GLY364 | ALA366 | ALA366 | GLY417 | ILE559 | THR560 | THR560 | CYS513 | CYS368,3.50 | 3.85 | 3.72 | 3.90 | 3.61 | 3.84 | 3.60 | 3.28 | 3.63 | 3.68 | 3.25 | 3.44 | 3.36 | 3.88 | 3.76 | 3.69 | 3.73 | 3.84 | 3.82 | 3.47 | 3.65 | 3.76
minimized_CNP0158365.1_docked_2,VAL604 | LEU365 | ALA510 | VAL463 | VAL561 | VAL514 | VAL561 | VAL561 | THR560,2.95 | 3.29 | 2.95 | 2.99 | 3.17 | 3.05 | 3.11 | 2.80 | 2.70,ALA556 | ALA556 | ARG415 | GLY509 | GLY462 | ALA556 | ALA556 | ARG415 | ARG415 | GLY364 | GLY364 | GLY364 | ALA366 | ALA366 | LEU365 | GLY605 | ALA366 | VAL514 | VAL561 | THR560 | CYS513,3.74 | 3.77 | 3.67 | 3.42 | 3.57 | 3.70 | 3.37 | 3.64 | 3.24 | 3.57 | 3.50 | 3.87 | 3.77 | 3.55 | 3.87 | 3.85 | 3.85 | 3.64 | 3.70 | 3.36 | 3.33
minimized_CNP0158365.1_docked_3,ALA510 | VAL463 | VAL604 | LEU365 | VAL608,3.03 | 3.11 | 2.77 | 2.71 | 3.10,ARG415 | GLY603 | ALA556 | GLY509 | GLY462 | ALA556 | ALA366 | ALA366 | ALA556 | GLY509 | GLY509 | ALA510 | ILE559 | ALA607 | ALA607 | VAL467 | VAL467 | CYS513 | CYS513,3.72 | 3.79 | 3.87 | 3.38 | 3.79 | 3.87 | 3.42 | 3.64 | 3.69 | 3.57 | 3.79 | 3.78 | 3.58 | 3.73 | 3.67 | 3.62 | 3.42 | 3.59 | 3.88
minimized_CNP0158365.1_docked_4,VAL463 | ILE416 | VAL604 | LEU557 | VAL561 | VAL608 | VAL608,2.70 | 2.54 | 2.71 | 3.28 | 2.89 | 2.76 | 3.32,ALA556 | ARG415 | GLY509 | GLY462 | GLY603 | ALA556 | GLY509 | GLY509 | GLY462 | GLY464 | GLY417 | GLY417 | ALA366 | ILE559 | ILE559 | VAL608 | CYS513 | CYS368 | CYS368,3.69 | 3.73 | 3.78 | 3.69 | 3.69 | 3.66 | 3.77 | 3.35 | 3.81 | 3.67 | 3.68 | 3.51 | 3.88 | 3.33 | 3.64 | 3.88 | 3.87 | 3.54 | 3.37
minimized_CNP0158365.1_docked_5,VAL463 | ILE416 | VAL604 | LEU557 | VAL467 | VAL514,2.81 | 2.51 | 2.67 | 3.07 | 3.05 | 2.75,ALA556 | ARG415 | GLY509 | GLY462 | GLY603 | ALA556 | ALA556 | ALA556 | GLY509 | GLY509 | GLY462 | GLY464 | GLY417 | GLY417 | ALA366 | ILE559 | ILE559 | VAL467 | VAL467 | THR560 | CYS513,3.65 | 3.71 | 3.72 | 3.64 | 3.75 | 3.57 | 3.88 | 3.89 | 3.77 | 3.33 | 3.76 | 3.82 | 3.73 | 3.61 | 3.83 | 3.25 | 3.52 | 3.72 | 3.58 | 3.87 | 3.68
minimized_CNP0158365.1_docked_6,VAL369 | VAL369 | VAL463 | ILE416 | ALA510 | VAL604 | LEU365 | LEU557 | ALA510 | GLY509,2.95 | 3.01 | 2.83 | 2.70 | 3.17 | 2.79 | 2.64 | 2.99 | 2.65 | 3.34,VAL420 | ALA607 | CYS368 | CYS368 | GLY464 | GLY417 | GLY605 | GLY558,3.75 | 3.61 | 3.84 | 3.68 | 3.82 | 3.38 | 3.76 | 3.49
minimized_CNP0158365.1_docked_7,VAL420 | VAL420 | VAL463 | ILE416 | ALA510 | VAL604 | LEU365 | LEU557 | ALA510,2.91 | 3.12 | 2.86 | 2.70 | 3.16 | 3.04 | 2.75 | 2.98 | 2.70,VAL467 | VAL420 | VAL420 | GLY417 | GLY605 | VAL604 | GLY558,3.82 | 3.69 | 3.64 | 3.19 | 3.74 | 3.75 | 3.16
minimized_CNP0158365.1_docked_8,VAL604 | LEU365 | ALA510 | VAL463 | VAL420 | VAL369 | VAL420 | VAL420,2.73 | 3.31 | 2.73 | 3.00 | 3.16 | 3.28 | 3.07 | 2.81,ALA556 | ARG415 | GLY509 | GLY462 | ARG415 | ARG415 | ALA556 | ALA556 | GLY464 | ARG415 | ARG415 | GLY364 | GLY364 | ALA366 | ILE559 | VAL420 | GLY419 | CYS368,3.62 | 3.69 | 3.80 | 3.64 | 3.66 | 3.86 | 3.61 | 3.29 | 3.81 | 3.83 | 3.48 | 3.40 | 3.40 | 3.85 | 3.41 | 3.52 | 3.51 | 3.52
minimized_CNP0158365.1_docked_9,VAL463 | ILE416 | VAL604 | LEU557 | VAL561 | VAL561 | VAL561 | THR560,2.70 | 2.53 | 2.63 | 3.02 | 2.94 | 2.92 | 2.96 | 2.70,ARG415 | ALA556 | ALA556 | GLY509 | GLY462 | GLY509 | GLY509 | GLY509 | GLY509 | GLY462 | VAL463 | GLY464 | GLY417 | GLY417 | ALA366 | ILE559 | ILE559 | THR560 | CYS513,3.77 | 3.49 | 3.84 | 3.36 | 3.60 | 3.88 | 3.83 | 3.70 | 3.24 | 3.58 | 3.87 | 3.86 | 3.62 | 3.48 | 3.62 | 3.43 | 3.70 | 3.70 | 3.50
minimized_CNP0158529.1_docked_1,VAL463 | ILE416 | VAL604 | LEU365 | ALA510 | VAL463 | VAL512 | VAL465 | VAL418 | VAL418 | VAL561 | THR560 | ARG326,3.15 | 2.90 | 3.09 | 2.92 | 2.94 | 2.92 | 3.08 | 3.19 | 3.06 | 3.06 | 3.18 | 3.08 | 2.88,GLY364 | GLY364 | GLY462 | ARG415 | GLY509 | GLY462 | THR560 | CYS368 | CYS368 | ALA607 | CYS368 | VAL369 | VAL369 | ARG326 | VAL465 | GLY464,3.61 | 3.43 | 3.75 | 3.88 | 3.71 | 3.90 | 3.74 | 3.81 | 3.67 | 3.68 | 3.58 | 3.52 | 3.73 | 3.88 | 3.87 | 3.75
minimized_CNP0158529.1_docked_2,VAL463 | ILE416 | LEU365 | ALA510 | VAL463 | VAL512 | VAL512 | VAL465 | VAL418 | VAL418,3.04 | 2.88 | 2.93 | 2.89 | 2.90 | 3.15 | 3.07 | 3.12 | 3.03 | 3.22,GLY364 | GLY364 | GLY462 | ARG415 | GLY509 | GLY462 | GLY462 | CYS513 | ALA466 | VAL514 | VAL420,3.67 | 3.51 | 3.72 | 3.89 | 3.69 | 3.88 | 3.87 | 3.75 | 3.56 | 3.76 | 3.82
minimized_CNP0158529.1_docked_3,VAL463 | ILE416 | VAL604 | LEU365 | ALA510 | VAL463 | VAL512 | VAL512 | VAL465 | VAL418,3.09 | 2.87 | 3.15 | 2.88 | 2.94 | 2.92 | 3.23 | 2.91 | 2.98 | 3.21,GLY364 | GLY364 | GLY462 | ARG415 | GLY509 | GLY462 | GLY462 | ALA607 | VAL369 | VAL369 | VAL369 | CYS368 | VAL420 | VAL420 | GLY464,3.63 | 3.46 | 3.69 | 3.83 | 3.68 | 3.83 | 3.78 | 3.80 | 3.75 | 3.38 | 3.79 | 3.80 | 3.80 | 3.88 | 3.80
minimized_CNP0158529.1_docked_4,VAL463 | ILE416 | VAL604 | LEU365 | ALA510 | VAL463 | VAL512 | VAL418 | VAL418 | THR560,3.01 | 2.85 | 3.06 | 2.94 | 2.89 | 2.90 | 3.14 | 3.18 | 3.24 | 3.04,GLY364 | GLY364 | GLY462 | ARG415 | GLY509 | GLY462 | GLY462 | CYS513 | CYS513 | VAL467 | VAL467,3.73 | 3.58 | 3.72 | 3.89 | 3.66 | 3.82 | 3.81 | 3.78 | 3.76 | 3.74 | 3.45
minimized_CNP0158529.1_docked_5,VAL463 | ILE416 | VAL604 | ALA510 | VAL512 | VAL465 | VAL418 | VAL418 | THR560,3.10 | 2.94 | 2.99 | 2.87 | 3.32 | 3.33 | 3.10 | 2.97 | 2.97,GLY364 | GLY364 | GLY509 | ILE559 | THR560,3.83 | 3.81 | 3.73 | 3.81 | 3.69
minimized_CNP0158529.1_docked_6,VAL604 | LEU557 | VAL463 | ILE416 | VAL465,2.91 | 2.99 | 2.67 | 2.77 | 3.00,GLY603 | GLY603 | ALA556 | ALA556 | GLY464 | ALA607 | ALA607 | PRO322 | VAL418 | VAL561 | VAL561 | VAL561 | VAL561 | ALA366 | ALA366 | ALA366,3.65 | 3.17 | 3.57 | 3.66 | 3.59 | 3.66 | 3.89 | 3.79 | 3.82 | 3.87 | 3.15 | 3.74 | 3.81 | 3.70 | 3.86 | 3.57
minimized_CNP0158529.1_docked_7,LEU557 | ILE416 | LEU365 | VAL463 | ILE416 | VAL604 | LEU365 | VAL418 | VAL465 | VAL606 | VAL606 | GLY367 | VAL467,3.07 | 2.91 | 3.30 | 2.98 | 3.01 | 2.88 | 2.99 | 3.00 | 3.02 | 2.79 | 3.28 | 2.97 | 2.86,GLY462 | GLY462 | ILE559 | ALA466 | ALA466 | CYS513 | VAL561 | VAL561 | VAL561 | VAL561 | ALA366 | ILE559,3.51 | 3.57 | 3.58 | 3.86 | 3.73 | 3.84 | 3.50 | 3.62 | 3.59 | 3.46 | 3.34 | 3.82
minimized_CNP0158529.1_docked_8,LEU557 | GLY509 | VAL604 | LEU557 | ALA510 | VAL463 | VAL465,2.85 | 3.21 | 2.86 | 2.77 | 2.99 | 2.84 | 3.10,GLY603 | GLY603 | ALA556 | GLY509 | GLY509 | GLY464 | CYS513 | CYS513 | VAL467 | VAL514 | VAL514 | ILE559 | ILE559,3.64 | 3.30 | 3.85 | 3.61 | 3.66 | 3.76 | 3.59 | 3.85 | 3.45 | 3.81 | 3.86 | 3.58 | 3.66
minimized_CNP0158529.1_docked_9,LEU557 | ILE416 | VAL463 | ILE416 | VAL604 | LEU365 | VAL606 | ILE559 | VAL561 | THR560,3.02 | 2.87 | 2.87 | 3.15 | 2.70 | 2.78 | 3.01 | 2.78 | 3.34 | 2.74,GLY462 | GLY462 | GLY464 | CYS368 | CYS368 | VAL369 | VAL369 | VAL369 | ILE559,3.62 | 3.81 | 3.61 | 3.72 | 3.60 | 3.80 | 3.88 | 3.76 | 3.67
minimized_CNP0159069.1_docked_1,ARG483 | GLN530 | SER508 | SER555 | VAL514 | VAL561 | THR560 | VAL467 | VAL467,2.90 | 3.01 | 3.20 | 3.16 | 2.85 | 2.94 | 2.75 | 2.87 | 2.82,TYR525 | TYR525 | TYR525 | ALA556 | GLY509 | VAL514 | VAL514 | ALA466 | VAL561 | ILE559 | ILE559 | GLY558 | ALA556 | ALA556 | GLY364 | GLY462 | ARG415 | ARG415 | GLY509 | GLY462 | GLY509 | GLY509 | GLY462 | GLY464 | VAL463 | ILE559 | VAL606,3.68 | 3.40 | 3.68 | 3.58 | 3.89 | 3.86 | 3.71 | 3.81 | 3.79 | 3.89 | 3.59 | 3.86 | 3.45 | 3.40 | 3.81 | 3.88 | 3.67 | 3.77 | 3.24 | 3.80 | 3.84 | 3.73 | 3.69 | 3.77 | 3.72 | 3.79 | 3.74
minimized_CNP0159069.1_docked_2,VAL604 | LEU365 | VAL463 | ILE416 | GLY371 | VAL369 | THR609 | ARG326 | ARG326 | ARG326 | THR560,2.91 | 2.66 | 3.09 | 2.91 | 3.10 | 2.77 | 2.74 | 2.91 | 3.00 | 3.26 | 3.22,ARG415 | ARG415 | ALA556 | ALA556 | ARG415 | GLY603 | GLY603 | GLY364 | GLY364 | GLY509 | GLY462 | GLY462 | GLY462 | GLY372 | VAL369 | VAL369 | ILE559 | VAL512 | ILE559 | ILE559 | VAL418 | ALA366 | VAL418 | CYS368 | CYS368 | CYS368,3.47 | 3.65 | 3.43 | 3.75 | 3.64 | 3.64 | 3.47 | 3.45 | 3.05 | 3.76 | 3.89 | 3.74 | 3.74 | 3.74 | 3.81 | 3.80 | 3.64 | 3.73 | 3.18 | 3.79 | 3.84 | 3.44 | 3.22 | 3.66 | 3.67 | 3.80
minimized_CNP0159069.1_docked_3,ILE559 | ILE559 | VAL465 | VAL418 | VAL418 | VAL604 | LEU365 | LEU557 | ALA510 | VAL463 | ILE416 | GLY574 | TYR572 | TYR572 | TYR572,2.75 | 3.24 | 3.07 | 2.88 | 3.17 | 2.62 | 3.34 | 3.12 | 2.77 | 3.01 | 2.77 | 2.76 | 3.12 | 3.10 | 3.29,GLY417 | ARG415 | ARG415 | GLY462 | GLY574 | TYR572 | ARG415 | ALA556 | ALA556 | ARG415 | ALA556 | ALA556 | TYR525 | TYR525 | TYR525 | TYR525 | TYR572 | TYR572 | TYR572,3.83 | 3.44 | 3.56 | 3.68 | 3.69 | 3.50 | 3.15 | 3.16 | 3.69 | 3.72 | 3.59 | 3.87 | 3.63 | 3.41 | 3.50 | 3.77 | 3.55 | 3.70 | 3.90
minimized_CNP0159069.1_docked_4,SER508 | ILE416 | LEU557 | ALA510 | GLY509 | GLY423 | VAL420 | VAL420,3.02 | 2.70 | 3.08 | 2.95 | 2.98 | 2.93 | 3.10 | 3.33,ARG415 | ALA556 | GLY509 | ALA556 | ARG415 | ARG415 | ALA556 | GLY462 | GLY462 | GLY509 | ALA556 | ALA556 | ALA556 | LEU557 | ALA556 | ALA556 | VAL420 | VAL420 | ALA466 | ALA466 | ILE559 | ILE559 | ILE559 | ILE559 | GLY558 | ALA366 | ALA366 | VAL418 | ALA366 | GLY419 | VAL418,3.64 | 3.63 | 3.81 | 3.84 | 3.89 | 3.45 | 3.70 | 3.36 | 3.42 | 3.74 | 3.83 | 3.59 | 3.19 | 3.80 | 3.78 | 3.81 | 3.68 | 3.52 | 3.74 | 3.79 | 3.68 | 3.50 | 3.41 | 3.89 | 3.75 | 3.12 | 3.84 | 3.24 | 3.82 | 3.78 | 3.72
minimized_CNP0159069.1_docked_5,VAL604 | VAL512 | VAL465 | VAL465 | VAL606 | VAL606 | GLY367 | GLY367 | VAL606 | VAL465 | VAL418 | HIS424 | ASP422 | GLY423 | GLY371,3.33 | 2.87 | 2.70 | 3.00 | 2.92 | 2.77 | 3.16 | 2.99 | 2.65 | 2.72 | 2.66 | 3.05 | 2.88 | 3.07 | 3.35,ILE559 | THR560 | THR560 | GLY423 | ASP422 | VAL420 | VAL420,3.71 | 3.81 | 3.62 | 3.72 | 3.69 | 3.89 | 3.85
minimized_CNP0159069.1_docked_6,ALA510 | VAL604 | LEU557 | ALA510 | VAL463 | VAL512 | VAL604 | VAL418 | VAL418 | GLY423 | GLY371,3.22 | 2.88 | 2.96 | 3.14 | 3.09 | 3.12 | 2.76 | 3.33 | 3.31 | 2.99 | 2.94,GLY603 | GLY603 | ALA556 | ALA556 | ASP422 | VAL369 | VAL369 | ALA607 | CYS368,3.77 | 3.35 | 3.69 | 3.79 | 3.83 | 3.81 | 3.13 | 3.64 | 3.84
minimized_CNP0159069.1_docked_7,SER508 | LEU365 | ALA510 | VAL463 | VAL604 | LEU557 | HIS516 | HIS516 | VAL514,3.06 | 3.20 | 2.86 | 3.26 | 3.22 | 2.64 | 3.21 | 3.09 | 2.85,GLY509 | GLY462 | ARG415 | ARG415 | ALA556 | ARG415 | ARG415 | GLY509 | ARG415 | ARG415 | ALA556 | GLY509 | GLY509 | GLY462 | GLY603 | VAL514 | CYS513 | ALA466 | ALA466 | ILE559 | ILE559 | ALA366 | ALA366 | ALA366 | ALA366 | VAL418 | ALA366 | VAL418 | VAL418,3.67 | 3.88 | 3.41 | 3.90 | 3.83 | 3.76 | 3.84 | 3.80 | 3.81 | 3.28 | 3.70 | 3.75 | 3.34 | 3.82 | 3.68 | 3.55 | 3.66 | 3.40 | 3.82 | 3.36 | 3.81 | 3.88 | 3.89 | 3.31 | 3.87 | 3.27 | 3.53 | 3.39 | 3.88
minimized_CNP0159069.1_docked_8,VAL463 | ILE416 | VAL604 | LEU557 | VAL463 | ILE416 | LEU557 | GLY367 | GLY367 | ASP422,2.99 | 3.09 | 2.91 | 2.98 | 2.72 | 2.85 | 2.87 | 2.75 | 3.24 | 2.96,GLY603 | GLY603 | ALA556 | ALA556 | GLY558 | ASP422 | ASP422 | ASP422 | ALA466 | ALA466 | VAL467 | VAL467 | VAL467,3.86 | 3.43 | 3.67 | 3.74 | 3.37 | 3.69 | 3.89 | 3.88 | 3.77 | 3.74 | 3.79 | 3.89 | 3.74
minimized_CNP0159069.1_docked_9,ALA510 | VAL604 | LEU557 | ALA510 | VAL463 | VAL512 | VAL604 | VAL418 | VAL418 | GLY371,3.17 | 2.90 | 2.94 | 3.22 | 3.12 | 3.09 | 2.86 | 3.22 | 3.29 | 3.35,GLY603 | GLY603 | ALA556 | GLY371 | GLY371 | VAL369 | ALA607,3.79 | 3.43 | 3.85 | 3.82 | 3.33 | 3.40 | 3.67
minimized_CNP0160065.1_docked_1,VAL606 | LEU557,2.85 | 2.93,GLY419 | CYS368 | GLY462 | ARG415 | ARG415 | ARG415 | ARG415 | VAL604 | LEU557 | LEU557 | ALA556 | ALA556 | GLY509 | GLY509 | GLY462 | GLY462 | GLY509 | TYR525 | TYR525 | TYR525 | ALA556 | ALA556 | ARG415 | GLY509 | GLY462 | ARG415,3.73 | 3.64 | 3.58 | 3.53 | 3.31 | 3.85 | 3.33 | 3.69 | 3.73 | 3.84 | 3.74 | 3.52 | 3.85 | 3.16 | 3.64 | 3.64 | 3.83 | 3.86 | 3.63 | 3.86 | 3.12 | 3.69 | 3.86 | 3.64 | 3.20 | 3.82
minimized_CNP0160065.1_docked_2,GLY367 | VAL418,3.31 | 3.15,ARG415 | GLY364 | ARG415 | ARG415 | ARG415 | ALA556 | ARG415 | ALA556 | GLY509 | ALA556 | ALA556 | GLY509 | GLY462 | GLY462 | GLY558 | VAL369 | VAL369 | VAL420 | ALA607 | ALA607 | CYS368 | VAL420 | CYS368,3.60 | 3.82 | 3.62 | 3.61 | 3.65 | 3.47 | 3.86 | 3.64 | 3.71 | 3.84 | 3.82 | 3.14 | 3.71 | 3.61 | 3.56 | 3.79 | 3.70 | 3.76 | 3.49 | 3.83 | 3.54 | 3.73 | 3.85
minimized_CNP0160065.1_docked_3,VAL512 | LEU557 | VAL463 | VAL465 | GLN530,2.94 | 3.28 | 3.11 | 3.27 | 3.17,ALA466 | GLY419 | GLY603 | ALA556 | ALA556 | ALA556 | ALA366 | ALA366 | ALA510 | GLY464 | GLY509 | ARG415 | GLY364 | TYR572 | TYR572 | ALA556 | SER555 | SER555 | TYR525 | TYR525 | TYR525 | TYR572 | GLY462 | ARG415 | ALA556 | ARG415 | ARG415 | ARG415 | ARG415,3.52 | 3.61 | 3.20 | 3.16 | 3.78 | 3.27 | 3.52 | 3.68 | 3.86 | 3.55 | 3.65 | 3.86 | 3.75 | 3.81 | 3.90 | 3.85 | 3.87 | 3.80 | 3.84 | 3.70 | 3.76 | 3.79 | 3.22 | 3.69 | 3.30 | 3.32 | 3.27 | 3.86 | 3.87
minimized_CNP0160065.1_docked_4,GLY367 | GLY367 | VAL418 | VAL561 | THR560,3.32 | 3.16 | 3.16 | 3.11 | 3.00,GLY509 | GLY462 | ARG415 | ALA556 | ALA556 | ARG415 | GLY462 | ARG415 | ARG415 | ALA556 | ARG415 | ARG415 | ALA556 | ARG415 | ALA556 | ALA556 | GLY462 | GLY558 | ALA366 | VAL418 | VAL608 | VAL608 | CYS368,3.75 | 3.68 | 3.67 | 3.66 | 3.86 | 3.79 | 3.76 | 3.66 | 3.69 | 3.89 | 3.78 | 3.48 | 3.89 | 3.78 | 3.52 | 3.63 | 3.85 | 3.60 | 3.89 | 3.65 | 3.78 | 3.48 | 3.74
minimized_CNP0160065.1_docked_5,VAL418,3.14,ARG415 | GLY364 | ARG415 | ARG415 | ARG415 | ALA556 | ARG415 | ALA556 | ALA556 | ALA556 | GLY509 | ARG415 | GLY462 | GLY462 | GLY558 | VAL561 | ALA607 | CYS368,3.67 | 3.82 | 3.63 | 3.60 | 3.68 | 3.50 | 3.87 | 3.55 | 3.69 | 3.76 | 3.26 | 3.84 | 3.63 | 3.45 | 3.58 | 3.83 | 3.53 | 3.69
minimized_CNP0160065.1_docked_6,ARG483 | VAL561 | THR560,2.98 | 3.04 | 2.94,ARG415 | ALA556 | ALA556 | GLY509 | ARG415 | ALA366 | GLY603 | GLY509 | GLY462 | GLY603 | GLY464 | VAL463 | GLY464 | VAL561 | VAL561,3.82 | 3.84 | 3.59 | 3.58 | 3.67 | 3.87 | 3.69 | 3.57 | 3.83 | 3.64 | 3.05 | 3.82 | 3.42 | 3.71 | 3.56
minimized_CNP0160065.1_docked_7,VAL604 | VAL512 | VAL606 | GLY367 | VAL418,3.25 | 3.23 | 3.25 | 2.85 | 3.06,GLY509 | GLY462 | ARG415 | ARG415 | ALA556 | ALA556 | ARG415 | GLY462 | ARG415 | ARG415 | GLY364 | GLY603 | GLY364 | ALA556 | ALA556 | GLY558 | VAL418 | VAL418,3.41 | 3.72 | 3.60 | 3.89 | 3.42 | 3.50 | 3.85 | 3.89 | 3.72 | 3.56 | 3.88 | 3.71 | 3.59 | 3.75 | 3.70 | 3.88 | 3.85 | 3.80
minimized_CNP0160065.1_docked_8,ARG483,3.21,ARG415 | ARG415 | ARG415 | ALA556 | ARG415 | ALA556 | GLY509 | ARG415 | VAL418 | GLY364 | GLY509 | GLY464 | GLY464 | VAL420 | VAL467 | VAL420 | VAL420 | CYS513,3.62 | 3.78 | 3.50 | 3.79 | 3.84 | 3.76 | 3.31 | 3.55 | 3.64 | 3.77 | 3.71 | 3.04 | 3.61 | 3.83 | 3.80 | 3.83 | 3.58 | 3.83
minimized_CNP0160065.1_docked_9,THR560,3.05,PRO322 | PRO322 | GLN563 | GLN563 | VAL561 | VAL561 | VAL561 | VAL561 | ALA607 | ALA607 | ALA556 | GLY509 | GLY509 | ALA366 | ILE559,3.86 | 3.71 | 3.81 | 3.65 | 3.67 | 3.84 | 3.66 | 3.68 | 3.80 | 3.89 | 3.64 | 3.62 | 3.61 | 3.69 | 3.90
minimized_CNP0160065.2_docked_1,ILE559 | VAL467 | VAL467 | VAL467 | ARG326 | ARG326 | ARG326,2.61 | 2.79 | 3.04 | 3.10 | 3.07 | 2.91 | 3.10,ALA556 | ALA556 | VAL606 | GLY558 | MET610 | GLY372 | VAL369,3.66 | 3.73 | 3.89 | 3.66 | 3.88 | 3.71 | 3.69
minimized_CNP0160065.2_docked_2,VAL561 | GLY367 | THR560,2.98 | 3.03 | 2.81,HIS516 | GLY564 | LEU515 | HIS516 | HIS516 | LEU515 | VAL561 | VAL561 | ILE559 | VAL561 | GLY509 | GLY509 | VAL463 | GLY462 | GLY603 | ALA556 | GLY605 | ALA366 | ALA366 | ILE559 | ILE559 | ILE559,3.57 | 3.73 | 3.86 | 3.82 | 3.31 | 3.85 | 3.64 | 3.88 | 3.87 | 3.83 | 3.80 | 3.49 | 3.85 | 3.56 | 3.85 | 3.83 | 3.43 | 3.71 | 3.39 | 3.79 | 3.60 | 3.58
minimized_CNP0160065.2_docked_3,LYS323 | ARG326 | VAL561 | THR560,2.96 | 2.96 | 2.94 | 3.13,VAL370 | GLY372 | GLY371 | VAL369 | CYS513 | ARG415 | ARG415 | GLY364 | GLY364,3.76 | 3.65 | 3.88 | 3.82 | 3.88 | 3.88 | 3.63 | 3.77 | 3.80
minimized_CNP0160065.2_docked_4,VAL606 | GLY367 | VAL561,3.17 | 3.02 | 3.16,VAL514 | VAL514 | LEU468 | ILE559 | THR560 | THR560 | GLY603 | GLY603 | ILE559 | ILE559,3.75 | 3.86 | 3.64 | 3.73 | 3.82 | 3.84 | 3.70 | 3.68 | 3.72 | 3.89
minimized_CNP0160065.2_docked_5,GLY371 | THR560 | THR560,3.01 | 3.11 | 3.00,ASP422 | GLY423 | VAL370 | VAL420 | VAL420 | ALA556 | GLY509 | ILE559 | GLY511 | ALA366 | GLY417 | ALA366,3.86 | 3.27 | 3.88 | 3.78 | 3.82 | 3.80 | 3.69 | 3.41 | 3.83 | 3.86 | 3.82 | 3.69
minimized_CNP0160065.2_docked_6,VAL467 | VAL420 | VAL514,3.34 | 3.22 | 3.24,PRO322 | GLY564 | VAL561 | ALA607 | VAL561 | VAL561 | VAL514 | VAL514 | GLY509 | ILE559 | VAL418 | ALA366 | GLY417 | ALA366,3.74 | 3.61 | 3.86 | 3.83 | 3.81 | 3.66 | 3.89 | 3.88 | 3.71 | 3.17 | 3.72 | 3.76 | 3.87 | 3.68
minimized_CNP0160065.2_docked_7,,,VAL606 | VAL606 | VAL606 | GLY605 | GLY605 | GLY558 | ILE559 | VAL467 | ILE559 | CYS513 | LEU468 | ASN469 | LEU468 | LEU468 | VAL514,3.81 | 3.63 | 3.89 | 3.80 | 3.80 | 3.60 | 3.56 | 3.45 | 3.46 | 3.64 | 3.71 | 3.76 | 3.70 | 3.80 | 3.86
minimized_CNP0160065.2_docked_8,VAL420 | VAL420 | VAL467,3.14 | 3.22 | 3.05,ALA556 | ALA556 | VAL606 | GLY605 | GLY558 | ARG326 | ARG326 | LYS323 | LYS323 | PRO322,3.74 | 3.74 | 3.89 | 3.90 | 3.63 | 3.70 | 3.80 | 3.53 | 3.83 | 3.78
minimized_CNP0160065.2_docked_9,VAL369 | VAL465 | VAL418 | VAL369,2.81 | 2.97 | 2.95 | 3.27,LYS323 | ARG326 | CYS368 | GLY419 | ARG415 | GLY417 | ALA366 | ALA366 | ILE559,3.85 | 3.69 | 3.58 | 3.70 | 3.68 | 3.58 | 3.68 | 3.79 | 3.68
minimized_CNP0160065.3_docked_1,THR560 | VAL465 | LEU557 | LEU557 | ALA510 | GLY509 | VAL465,3.33 | 2.62 | 2.39 | 3.05 | 3.26 | 2.84 | 3.28,CYS368 | GLY462 | GLY462 | ARG415 | GLY464 | GLY509 | GLY509 | ALA556 | ALA556 | GLY509 | TYR572 | TYR334 | TYR334 | TYR334 | ARG415 | ARG415 | ALA556 | ARG415 | ARG415 | GLY364 | ARG415 | ARG415,3.65 | 3.77 | 2.99 | 3.68 | 3.79 | 3.80 | 3.75 | 3.81 | 3.29 | 3.70 | 3.49 | 3.80 | 3.53 | 3.39 | 3.01 | 3.67 | 3.80 | 3.32 | 3.46 | 3.68 | 3.47 | 3.46
minimized_CNP0160065.3_docked_2,VAL465 | VAL465,3.07 | 2.65,ARG415 | ARG415 | GLY364 | ALA556 | ALA556 | GLY603 | ALA556 | ARG415 | ARG415 | ARG415 | GLY603 | ALA556 | ALA556 | ILE559 | ILE559 | GLY364 | GLY364 | ALA556 | GLY364 | ILE559 | GLY511 | ILE559 | ALA607 | VAL369 | VAL369 | GLY419,3.59 | 3.24 | 3.84 | 3.89 | 3.24 | 3.75 | 3.81 | 3.77 | 3.84 | 3.61 | 3.75 | 3.33 | 3.82 | 3.18 | 3.85 | 3.60 | 3.31 | 3.87 | 3.70 | 3.81 | 3.67 | 3.52 | 3.76 | 3.80 | 3.82 | 3.39
minimized_CNP0160065.3_docked_3,VAL418 | VAL418 | VAL606 | ARG326,2.63 | 3.13 | 3.21 | 2.80,ARG415 | GLY364 | SER508 | SER508 | ALA556 | GLY603 | ALA556 | ARG415 | ARG415 | ARG415 | GLY462 | ARG415 | ARG415 | ALA556 | ALA556 | ILE559 | CYS513 | GLY603 | GLY464 | ILE559 | ILE559 | CYS368,3.39 | 3.47 | 3.82 | 3.88 | 3.25 | 3.59 | 3.30 | 3.61 | 3.28 | 3.71 | 3.87 | 3.73 | 3.75 | 3.80 | 3.84 | 3.88 | 3.86 | 3.87 | 3.83 | 3.18 | 3.89 | 3.63
minimized_CNP0160065.3_docked_4,VAL561 | VAL561,2.85 | 2.89,VAL465 | VAL465 | GLY417 | GLY417 | LEU557 | ALA366 | ILE559 | ILE559 | THR560 | GLN563 | GLN563 | GLN563 | GLY564 | HIS562,3.38 | 3.70 | 3.64 | 3.30 | 3.77 | 3.85 | 3.55 | 3.55 | 3.62 | 3.75 | 3.78 | 3.64 | 3.60 | 3.69
minimized_CNP0160065.3_docked_5,VAL606 | THR560 | VAL420 | ASP422,2.60 | 3.17 | 3.24 | 3.19,ALA556 | ALA556 | VAL606 | VAL606 | GLY605 | GLY605 | VAL604 | GLY558 | GLY558 | ILE416 | ILE559 | GLY558 | GLY558 | ALA366 | ARG470 | ASP422 | ASP422 | VAL467,3.56 | 3.71 | 3.63 | 3.75 | 3.78 | 3.68 | 3.82 | 3.83 | 3.09 | 3.82 | 3.88 | 3.87 | 3.53 | 3.85 | 3.62 | 3.65 | 3.53 | 3.68
minimized_CNP0160065.3_docked_6,ASN382 | SER363 | VAL512 | ILE559 | VAL465 | THR560,2.84 | 2.90 | 3.09 | 2.71 | 2.93 | 2.82,ALA556 | GLY509 | ARG415 | ARG415 | SER363 | ARG415 | ARG415 | ARG415 | ARG415 | GLY603 | ALA556 | GLY603 | ALA556 | ALA556 | VAL418 | GLY367 | GLY509 | GLY605 | ALA366 | VAL561 | VAL420 | CYS368 | ALA466 | ALA466,3.60 | 3.86 | 3.29 | 3.50 | 3.47 | 3.32 | 3.19 | 3.84 | 3.84 | 3.88 | 3.12 | 3.59 | 2.99 | 3.44 | 3.49 | 3.81 | 3.57 | 3.76 | 3.73 | 3.60 | 3.57 | 3.57 | 3.78 | 3.34
minimized_CNP0160065.3_docked_7,VAL418 | VAL369 | THR560 | GLN563,2.67 | 3.07 | 2.89 | 2.79,ARG415 | ARG415 | VAL512 | GLY464 | GLY464 | GLY603 | GLY464 | ILE559 | ILE559 | ILE559 | VAL420 | CYS368 | VAL420 | VAL608 | PRO322,3.72 | 3.83 | 3.67 | 3.77 | 2.83 | 3.74 | 3.32 | 3.78 | 3.31 | 3.84 | 3.73 | 3.45 | 3.76 | 3.83 | 3.73
minimized_CNP0160065.3_docked_8,ILE559 | VAL467 | VAL467 | ARG470,3.07 | 2.82 | 3.15 | 3.18,ALA556 | VAL606 | GLY605 | GLY605 | GLY464 | VAL463 | ARG470 | ARG470 | ASP422 | ARG470 | ASP422 | ASP422 | ARG470 | LEU468 | VAL467 | VAL467,3.51 | 3.84 | 3.64 | 3.55 | 3.45 | 3.63 | 3.84 | 3.75 | 3.76 | 3.81 | 3.79 | 3.70 | 3.78 | 3.84 | 3.53 | 3.90
minimized_CNP0160065.3_docked_9,ILE559 | VAL606 | VAL606 | ILE559,3.09 | 2.85 | 3.15 | 2.94,ARG415 | ARG415 | GLY364 | ARG415 | ALA556 | GLY603 | ALA556 | GLY462 | ARG415 | ARG415 | ARG415 | GLY462 | ALA556 | ALA556 | VAL418 | ALA556 | ALA556 | GLY509 | GLY509 | ALA510 | ALA366 | ALA366 | ALA366 | ILE559 | VAL514 | VAL514 | VAL561 | ALA466 | ALA466,3.86 | 3.02 | 3.14 | 3.68 | 3.50 | 3.83 | 3.41 | 3.73 | 3.68 | 3.46 | 3.80 | 3.49 | 3.53 | 3.42 | 3.56 | 3.80 | 3.70 | 3.53 | 3.61 | 3.65 | 3.34 | 3.28 | 3.89 | 3.56 | 3.66 | 3.90 | 3.47 | 3.57 | 3.60
minimized_CNP0160065.4_docked_1,SER602 | VAL467,2.64 | 2.85,TYR572 | GLY462 | ARG415 | ALA556 | ARG415 | ARG415 | ARG415 | ARG415 | ALA556 | VAL418 | ALA556 | GLY364 | ALA556 | ALA556 | GLY509 | GLY364 | GLY511 | ILE559 | GLY511 | ILE559 | ALA366 | ALA366 | ALA366 | VAL514 | ALA466,3.68 | 3.76 | 3.71 | 3.74 | 2.95 | 3.38 | 3.27 | 2.97 | 3.42 | 3.53 | 3.79 | 3.72 | 3.79 | 3.34 | 3.81 | 3.76 | 3.41 | 3.22 | 3.82 | 3.75 | 3.71 | 3.69 | 3.89 | 3.84 | 3.67
minimized_CNP0160065.4_docked_2,GLY372 | VAL606 | VAL512 | VAL465,2.81 | 2.68 | 3.04 | 3.19,THR560 | CYS513 | THR560 | CYS513 | ILE559 | GLY509 | GLY462 | ALA556 | ALA556 | GLY603 | GLY603 | GLY603 | ALA556 | GLY464 | GLY464 | GLY417,3.78 | 3.84 | 3.76 | 3.63 | 3.35 | 3.60 | 3.58 | 3.86 | 3.67 | 3.62 | 3.39 | 3.74 | 3.90 | 3.87 | 3.38 | 3.67
minimized_CNP0160065.4_docked_3,ARG415 | ILE416 | LEU365,2.94 | 2.97 | 3.19,PHE478 | ARG415 | ARG415 | ARG415 | GLY509 | GLY462 | ALA556 | ARG415 | ARG415 | GLY509 | GLY462 | ALA556 | ARG415 | GLY509 | GLY462 | GLY603 | GLY603 | GLY603 | GLY364 | GLY603 | GLY603,3.78 | 3.73 | 3.39 | 3.70 | 3.34 | 3.74 | 3.87 | 3.76 | 3.55 | 3.75 | 3.89 | 3.86 | 3.64 | 3.38 | 3.64 | 3.85 | 3.32 | 2.87 | 3.38 | 3.45 | 3.49
minimized_CNP0160065.4_docked_4,ARG326 | VAL606,3.12 | 2.71,PRO322 | PRO322 | ARG326 | ARG326 | GLN563 | GLN563 | PRO322 | PRO322 | PRO322 | PRO322 | VAL561 | VAL561 | VAL561 | VAL561 | VAL561 | ALA607 | ALA607 | CYS368 | GLY364 | GLY417 | ALA366,3.70 | 3.72 | 3.75 | 3.76 | 3.84 | 3.82 | 3.89 | 3.88 | 3.78 | 3.51 | 3.81 | 3.74 | 3.79 | 3.22 | 3.89 | 3.65 | 3.48 | 3.73 | 3.88 | 3.78 | 3.59
minimized_CNP0160065.4_docked_5,GLN530 | ARG415 | LEU557 | ILE416,2.80 | 3.33 | 3.27 | 2.78,TYR525 | TYR525 | TYR572 | GLY511 | ARG415 | ARG415 | ARG415 | GLY509 | ALA556 | ARG415 | ALA556 | GLY603 | ARG415 | GLY364 | GLY509 | GLY603 | GLY364 | GLY603 | GLY603 | GLY364 | GLY364 | GLY603 | THR560 | ILE559 | ILE559,3.76 | 3.83 | 3.78 | 3.83 | 3.69 | 3.50 | 3.61 | 3.65 | 3.73 | 3.56 | 3.72 | 3.71 | 3.78 | 3.64 | 3.47 | 3.72 | 3.84 | 3.32 | 3.10 | 3.84 | 3.37 | 3.75 | 3.90 | 3.80 | 3.75
minimized_CNP0160065.4_docked_6,VAL606,2.77,PRO322 | PRO322 | ARG326 | ARG326 | VAL369 | VAL369 | THR560 | CYS513 | ILE559 | GLY603 | GLY364 | GLY364 | ALA556 | ALA556 | GLY509 | GLY509 | GLY464 | GLY464 | ILE559 | GLY417 | VAL465 | GLY417,3.57 | 3.56 | 3.74 | 3.83 | 3.47 | 3.69 | 3.80 | 3.58 | 3.41 | 3.87 | 3.74 | 3.30 | 3.73 | 3.85 | 3.89 | 3.76 | 3.77 | 3.71 | 3.65 | 3.83 | 3.79 | 3.61
minimized_CNP0160065.4_docked_7,VAL606 | THR560,2.84 | 3.17,ARG326 | PRO322 | PRO322 | PRO322 | VAL561 | VAL561 | VAL561 | VAL561 | VAL561 | ALA607 | ALA607 | ALA607 | ALA607 | GLY364 | GLY364 | ALA366 | GLY605 | ALA366,3.42 | 3.87 | 3.70 | 3.86 | 3.69 | 3.70 | 3.74 | 3.22 | 3.74 | 3.72 | 3.88 | 3.33 | 3.63 | 3.82 | 3.86 | 3.67 | 3.71 | 3.89
minimized_CNP0160065.4_docked_8,ASP422 | VAL606 | VAL512 | VAL465,3.04 | 2.91 | 3.13 | 3.01,VAL420 | CYS513 | ILE559 | GLY509 | GLY462 | ALA556 | GLY603 | GLY603 | GLY603 | ALA556 | GLY464,3.70 | 3.61 | 3.33 | 3.58 | 3.46 | 3.76 | 3.63 | 3.44 | 3.70 | 3.88 | 3.54
minimized_CNP0160065.4_docked_9,GLY564 | VAL465 | VAL606 | GLY367,2.96 | 2.85 | 2.81 | 3.24,PRO322 | VAL465 | CYS368 | ILE559 | GLY509 | GLY462 | ALA556 | GLY603 | GLY603 | GLY603 | GLY603 | ALA366 | ALA366 | ALA366 | GLY558,3.79 | 3.74 | 3.70 | 3.57 | 3.58 | 3.48 | 3.77 | 3.63 | 3.45 | 3.85 | 3.59 | 3.78 | 3.71 | 3.66 | 3.85
minimized_CNP0161786.1_docked_1,GLY564 | GLN563 | ILE416 | LEU557 | ALA510 | VAL418,2.96 | 3.23 | 3.00 | 3.34 | 2.75 | 2.84,PRO322 | GLY564 | PRO322 | GLN563 | PRO322 | VAL608 | HIS562 | HIS562 | VAL561 | GLY603 | ALA556 | ALA366 | GLY462 | GLY462 | ARG415 | GLY464 | VAL420 | VAL420 | VAL514,3.78 | 3.71 | 3.87 | 3.59 | 3.68 | 3.75 | 3.73 | 3.64 | 3.85 | 3.83 | 3.69 | 3.51 | 3.52 | 3.33 | 3.82 | 3.53 | 3.78 | 3.90 | 3.86
minimized_CNP0161786.1_docked_2,VAL463 | ILE416 | LEU557 | ALA510 | VAL418,3.18 | 3.08 | 3.10 | 2.86 | 2.91,VAL561 | VAL561 | VAL561 | VAL561 | VAL608 | VAL369 | GLY603 | ALA556 | ALA366 | GLY462 | GLY462 | GLY509 | GLY464 | GLY464 | VAL467 | VAL467 | ALA607 | ALA607,3.71 | 3.75 | 3.59 | 3.89 | 3.85 | 3.76 | 3.67 | 3.63 | 3.51 | 3.36 | 3.14 | 3.76 | 3.48 | 3.74 | 3.81 | 3.45 | 3.79 | 3.78
minimized_CNP0161786.1_docked_3,GLN563 | HIS562 | VAL463 | ILE416 | LEU557 | ALA510 | VAL418,3.12 | 3.08 | 3.11 | 3.06 | 3.10 | 2.93 | 3.21,VAL608 | ARG326 | PRO322 | PRO322 | VAL561 | VAL467 | GLY603 | ALA556 | ALA366 | GLY462 | GLY462 | GLY509 | GLY464 | GLY464 | CYS368 | THR560 | VAL561,3.51 | 3.67 | 3.57 | 3.71 | 3.87 | 3.79 | 3.68 | 3.64 | 3.44 | 3.32 | 3.11 | 3.74 | 3.48 | 3.74 | 3.79 | 3.78 | 3.81
minimized_CNP0161786.1_docked_4,VAL463 | ILE416 | LEU557 | ALA510 | VAL465,3.29 | 3.11 | 3.24 | 2.80 | 3.06,HIS516 | GLN563 | GLN563 | GLY564 | ARG326 | PRO322 | HIS562 | VAL514 | ALA366 | GLY462 | GLY462 | GLY464 | ILE559 | ILE559 | ALA607,3.60 | 3.77 | 3.67 | 3.60 | 3.78 | 3.88 | 3.75 | 3.72 | 3.61 | 3.37 | 3.25 | 3.51 | 3.85 | 3.90 | 3.65
minimized_CNP0161786.1_docked_5,GLY371 | GLY371 | VAL463 | ILE416 | LEU557 | ALA510 | VAL465,2.95 | 3.05 | 3.19 | 3.09 | 3.11 | 2.84 | 3.01,VAL370 | GLY371 | VAL420 | ALA556 | ALA366 | GLY462 | GLY462 | GLY509 | GLY464 | GLY464 | VAL514 | ALA466 | CYS368 | VAL420,3.80 | 3.75 | 3.78 | 3.80 | 3.55 | 3.25 | 3.07 | 3.80 | 3.53 | 3.87 | 3.85 | 3.87 | 3.81 | 3.84
minimized_CNP0161786.1_docked_6,ASN517 | HIS516 | VAL463 | ILE416 | LEU557 | ALA510 | VAL418,3.06 | 3.01 | 3.12 | 3.08 | 3.13 | 2.90 | 3.33,LEU468 | VAL514 | GLY603 | ALA556 | ALA556 | ALA366 | GLY462 | GLY462 | GLY509 | GLY464 | GLY464 | CYS368 | THR560 | VAL514,3.53 | 3.41 | 3.72 | 3.60 | 3.88 | 3.44 | 3.30 | 3.11 | 3.73 | 3.47 | 3.76 | 3.82 | 3.80 | 3.82
minimized_CNP0161786.1_docked_7,ARG470 | VAL463 | ILE416 | LEU557 | ALA510,2.84 | 3.07 | 3.08 | 3.05 | 2.96,ASN469 | ARG470 | VAL608 | VAL608 | GLY603 | ALA556 | ALA366 | GLY462 | GLY462 | GLY509 | GLY464 | GLY464 | CYS368 | THR560,3.72 | 3.73 | 3.87 | 3.80 | 3.66 | 3.78 | 3.52 | 3.32 | 3.10 | 3.77 | 3.48 | 3.70 | 3.66 | 3.65
minimized_CNP0161786.1_docked_8,PRO322 | ARG326 | ARG326 | VAL463 | ILE416 | LEU557 | ALA510 | VAL465 | VAL418,2.79 | 3.06 | 2.87 | 3.27 | 3.01 | 3.08 | 2.80 | 2.96 | 3.24,LYS323 | LYS323 | LYS323 | PRO322 | ARG326 | ARG326 | GLY603 | ALA556 | ALA366 | GLY462 | GLY462 | ARG415 | GLY509 | GLY464 | GLY464 | ILE559 | ILE559 | VAL420 | VAL420 | ALA607,3.78 | 3.76 | 3.56 | 3.60 | 3.88 | 3.71 | 3.73 | 3.78 | 3.62 | 3.42 | 3.08 | 3.81 | 3.82 | 3.51 | 3.72 | 3.90 | 3.78 | 3.88 | 3.75 | 3.82
minimized_CNP0161786.1_docked_9,VAL463 | ILE416 | LEU557 | ALA510 | VAL465,3.20 | 3.14 | 3.11 | 2.90 | 2.97,ARG326 | PRO322 | LYS323 | LYS323 | PRO322 | PRO322 | ARG326 | VAL369 | VAL420 | GLY603 | ALA556 | ALA366 | GLY462 | GLY462 | GLY509 | GLY464 | GLY464 | CYS368 | CYS368 | VAL420,3.86 | 3.76 | 3.79 | 3.65 | 3.71 | 3.86 | 3.46 | 3.58 | 3.68 | 3.77 | 3.66 | 3.50 | 3.32 | 3.18 | 3.80 | 3.54 | 3.88 | 3.70 | 3.66 | 3.51
minimized_CNP0161969.1_docked_1,VAL369 | VAL463 | ILE416 | ALA510,2.85 | 3.08 | 2.77 | 2.91,VAL369 | CYS368 | ILE559 | GLY603 | GLY603 | ALA556 | ALA556 | GLY417 | ILE559 | ILE559 | ALA366,3.61 | 3.77 | 3.75 | 3.87 | 3.43 | 3.57 | 3.67 | 3.68 | 3.43 | 3.76 | 3.85
minimized_CNP0161969.1_docked_2,VAL608 | ARG326 | VAL606 | VAL604 | VAL463 | ILE416 | ALA510,3.08 | 3.15 | 3.27 | 3.28 | 3.04 | 2.70 | 2.91,VAL608 | VAL608 | VAL608 | CYS368 | CYS368 | THR560 | ILE559 | GLY603 | GLY603 | ALA556 | ALA556 | VAL418 | ALA366 | ILE559 | ILE559,3.72 | 3.69 | 3.79 | 3.86 | 3.74 | 3.86 | 3.81 | 3.86 | 3.48 | 3.64 | 3.80 | 3.71 | 3.57 | 3.59 | 3.37
minimized_CNP0161969.1_docked_3,VAL514 | ILE559 | VAL512 | ALA510 | VAL604 | LEU365 | ILE416 | LEU365,2.97 | 2.85 | 3.32 | 3.01 | 2.76 | 2.81 | 2.72 | 3.14,VAL514 | THR560 | THR560 | CYS513 | VAL418 | ALA556 | ALA556 | GLY509 | GLY509 | GLY558,3.31 | 3.85 | 3.35 | 3.71 | 3.75 | 3.74 | 3.27 | 3.77 | 3.15 | 3.73
minimized_CNP0161969.1_docked_4,VAL420 | VAL467 | VAL512 | ILE416 | LEU365 | VAL463 | ILE416,3.11 | 3.12 | 3.19 | 3.06 | 3.27 | 3.25 | 2.87,VAL420 | VAL420 | ALA466 | ALA466 | ALA466 | ALA466 | GLY509 | GLY509 | VAL463 | GLY462 | ILE559 | ILE559,3.63 | 3.83 | 3.72 | 3.90 | 3.50 | 3.61 | 3.74 | 3.51 | 3.70 | 3.58 | 3.77 | 3.54
minimized_CNP0161969.1_docked_5,GLY367 | VAL606 | VAL604 | VAL463 | ILE416 | ALA510 | LEU557,2.68 | 3.23 | 3.02 | 2.93 | 2.70 | 2.73 | 3.35,CYS368 | VAL420 | VAL420 | VAL420 | ALA607 | ALA607 | ALA607 | GLY603 | ALA556 | VAL418 | ALA366 | ILE559 | ILE559,3.45 | 3.89 | 3.82 | 3.56 | 3.60 | 3.82 | 3.88 | 3.72 | 3.71 | 3.54 | 3.56 | 3.48 | 3.39
minimized_CNP0161969.1_docked_6,THR560 | VAL606 | VAL604 | VAL463 | ILE416 | ALA510 | VAL463 | LEU557 | ALA510,3.12 | 3.20 | 2.93 | 3.06 | 2.70 | 2.80 | 3.22 | 3.35 | 3.31,VAL514 | VAL514 | VAL514 | THR560 | THR560 | CYS513 | GLY603 | LEU557 | ALA556 | ALA556 | VAL418 | ALA366 | ILE559 | ILE559 | ALA366,3.79 | 3.67 | 3.79 | 3.75 | 3.83 | 3.45 | 3.72 | 3.87 | 3.58 | 3.85 | 3.41 | 3.31 | 3.68 | 3.58 | 3.79
minimized_CNP0161969.1_docked_7,ALA510 | VAL463 | VAL418 | VAL369 | VAL369 | VAL608 | VAL608,3.00 | 3.03 | 2.80 | 2.97 | 3.20 | 2.68 | 3.27,ALA556 | ARG415 | GLY603 | GLY603 | GLY364 | GLY364 | ALA556 | ALA556 | GLY417 | ALA366 | GLY462 | GLY462 | ALA556 | ALA556 | GLY464 | ILE559 | ALA366 | ALA366 | ILE559,3.67 | 3.79 | 3.78 | 3.25 | 3.85 | 3.14 | 3.54 | 3.68 | 3.67 | 3.60 | 3.71 | 3.66 | 3.86 | 3.56 | 3.39 | 3.42 | 3.77 | 3.89 | 3.23
minimized_CNP0161969.1_docked_8,ARG326 | VAL606 | ILE559 | ILE416 | VAL463,2.92 | 2.85 | 2.76 | 2.81 | 2.91,GLN563 | PRO322 | VAL608 | VAL608 | VAL561 | VAL561 | CYS513 | GLY558 | GLY417 | ALA366 | ALA366 | ILE559,3.56 | 3.85 | 3.85 | 3.71 | 3.62 | 3.80 | 3.90 | 3.48 | 3.75 | 3.83 | 3.63 | 3.86
minimized_CNP0161969.1_docked_9,VAL418 | ILE416 | GLY367 | THR560 | HIS562 | GLN563,3.29 | 3.24 | 2.96 | 2.79 | 3.14 | 2.85,GLY605 | ALA366 | ALA366 | GLY417 | ILE559 | ILE559 | CYS513 | CYS513 | CYS513 | VAL561,3.83 | 3.79 | 3.65 | 3.77 | 3.67 | 3.00 | 3.37 | 3.85 | 3.41 | 3.59
minimized_CNP0163701.1_docked_1,GLN530 | SER508 | LEU557 | VAL561 | THR560,3.14 | 2.90 | 3.16 | 3.19 | 3.14,TYR525 | TYR525 | TYR525 | ALA556 | GLY603 | ALA556 | ALA556 | ALA556 | ARG415 | GLY509 | GLY462 | GLY462 | ARG415 | ARG415 | ARG415 | ALA607 | THR560 | CYS513 | GLY417 | ALA366 | ALA366 | GLY605 | ALA366 | ALA366 | ALA366 | ALA366 | GLY509 | GLY509 | GLY462 | LEU557,3.81 | 3.89 | 3.81 | 3.31 | 3.90 | 3.59 | 3.21 | 3.75 | 3.59 | 3.74 | 3.76 | 3.40 | 3.45 | 3.42 | 3.79 | 3.77 | 3.70 | 3.76 | 3.68 | 3.80 | 3.78 | 3.73 | 3.78 | 3.58 | 3.55 | 3.86 | 3.78 | 3.41 | 3.67 | 3.83
minimized_CNP0163701.1_docked_2,SER508 | VAL604 | LEU557 | VAL369,2.89 | 3.25 | 3.11 | 3.01,ALA556 | GLY603 | ALA556 | ALA556 | ARG415 | GLY462 | GLY462 | ARG415 | ARG415 | ARG415 | VAL420 | VAL420 | VAL420 | VAL420 | ALA607 | ALA607 | ALA607 | GLY464 | ALA366 | ALA366 | ALA366 | ALA366 | GLY509 | GLY509 | LEU557,3.41 | 3.86 | 3.85 | 3.30 | 3.50 | 3.78 | 3.70 | 3.50 | 3.46 | 3.63 | 3.79 | 3.43 | 3.25 | 3.69 | 3.56 | 3.73 | 3.64 | 3.76 | 3.90 | 3.68 | 3.60 | 3.86 | 3.66 | 3.30 | 3.71
minimized_CNP0163701.1_docked_3,VAL369 | ARG326 | VAL369 | ALA510,3.13 | 3.13 | 2.68 | 3.13,ARG326 | GLY603 | ARG415 | GLY364 | ALA556 | GLY603 | GLY364 | ALA556 | GLY462 | GLY462 | ALA366 | ALA366 | ALA556 | ALA556 | GLY509 | GLY509 | GLY509 | ILE559 | GLY605 | ILE559 | GLY605 | VAL420 | GLY419 | CYS368 | VAL561 | CYS513 | VAL467,3.75 | 3.57 | 3.75 | 3.49 | 3.58 | 3.12 | 3.38 | 3.84 | 3.34 | 3.14 | 3.16 | 3.82 | 3.87 | 3.15 | 3.62 | 3.40 | 3.75 | 3.32 | 3.64 | 3.48 | 3.76 | 3.86 | 3.59 | 3.39 | 3.80 | 3.87 | 3.86
minimized_CNP0163701.1_docked_4,LYS323 | GLY372 | GLY371 | ARG326 | ARG326 | VAL369 | VAL463,3.11 | 3.09 | 3.16 | 3.32 | 3.17 | 3.21 | 3.03,GLY603 | ARG415 | GLY364 | ALA556 | GLY603 | GLY603 | GLY364 | ALA556 | GLY462 | GLY462 | ALA366 | ALA366 | ALA556 | ALA556 | GLY509 | GLY509 | GLY509 | ILE559 | GLY605 | ILE559 | GLY605 | CYS513 | ALA466 | ALA466 | VAL608,3.53 | 3.79 | 3.49 | 3.61 | 3.90 | 3.08 | 3.40 | 3.83 | 3.30 | 3.08 | 3.18 | 3.88 | 3.88 | 3.15 | 3.62 | 3.38 | 3.72 | 3.39 | 3.75 | 3.51 | 3.88 | 3.62 | 3.37 | 3.81 | 3.78
minimized_CNP0163701.1_docked_5,HIS562 | VAL561 | ALA510,2.89 | 2.81 | 3.10,VAL561 | GLY603 | ARG415 | GLY364 | ALA556 | GLY603 | GLY364 | ALA556 | GLY462 | GLY462 | ALA366 | ALA366 | ALA556 | ALA556 | GLY509 | GLY509 | GLY509 | ILE559 | GLY605 | ALA366 | ILE559 | GLY605 | ALA366 | ALA607 | VAL418 | VAL418 | VAL467,3.23 | 3.57 | 3.75 | 3.48 | 3.59 | 3.15 | 3.39 | 3.86 | 3.27 | 3.09 | 3.18 | 3.89 | 3.90 | 3.19 | 3.60 | 3.39 | 3.74 | 3.34 | 3.74 | 3.88 | 3.53 | 3.89 | 3.89 | 3.78 | 3.65 | 3.88 | 3.41
minimized_CNP0163701.1_docked_6,ARG470 | VAL420 | ASN469 | VAL467 | VAL561 | VAL561 | THR560,3.07 | 2.79 | 2.85 | 2.77 | 2.62 | 3.25 | 3.15,VAL467 | VAL467 | LEU468 | VAL514 | VAL561 | GLY603 | ARG415 | GLY364 | ALA556 | GLY603 | GLY364 | GLY462 | GLY462 | GLY417 | ALA366 | ALA556 | GLY509 | GLY509 | ALA510 | GLY509 | GLY511 | ILE559 | ILE559 | GLY367,3.63 | 3.57 | 3.80 | 3.56 | 3.65 | 3.55 | 3.78 | 3.45 | 3.66 | 3.24 | 3.49 | 3.17 | 3.13 | 3.83 | 3.36 | 3.30 | 3.55 | 3.45 | 3.74 | 3.80 | 3.80 | 3.17 | 3.51 | 3.82
minimized_CNP0163701.1_docked_7,GLN530 | SER508 | SER555,2.93 | 2.86 | 3.06,TYR525 | TYR525 | TYR525 | TYR525 | ALA556 | ALA556 | ALA556 | ALA556 | ALA556 | ARG415 | GLY509 | GLY462 | GLY462 | ARG415 | ARG415 | VAL561 | VAL561 | VAL561 | VAL561 | VAL514 | VAL514 | CYS513 | CYS513 | GLY605 | ALA366 | ALA366 | ILE559 | ILE559 | GLY603 | GLY603 | GLY364 | GLY364,3.66 | 3.78 | 3.88 | 3.72 | 3.23 | 3.69 | 3.08 | 3.84 | 3.74 | 3.56 | 3.42 | 3.90 | 3.25 | 3.80 | 3.75 | 3.82 | 3.79 | 3.60 | 3.83 | 3.74 | 3.57 | 3.86 | 3.80 | 3.64 | 3.69 | 3.46 | 3.57 | 3.77 | 3.60 | 3.58 | 3.75 | 3.54
minimized_CNP0163701.1_docked_8,VAL608 | VAL608 | ALA510,2.85 | 3.08 | 3.16,VAL608 | GLY603 | ARG415 | GLY364 | ALA556 | GLY603 | GLY603 | GLY364 | ALA556 | GLY462 | GLY462 | ALA366 | ALA556 | ALA556 | GLY509 | GLY509 | GLY509 | ILE559 | GLY605 | ALA366 | ILE559 | ALA366 | VAL418,3.83 | 3.53 | 3.78 | 3.45 | 3.63 | 3.89 | 3.08 | 3.37 | 3.85 | 3.30 | 3.06 | 3.20 | 3.88 | 3.14 | 3.64 | 3.40 | 3.72 | 3.40 | 3.77 | 3.89 | 3.50 | 3.90 | 3.59
minimized_CNP0163701.1_docked_9,VAL420 | VAL514 | ALA510,2.93 | 3.12 | 3.13,ASP422 | VAL467 | GLY603 | ARG415 | GLY364 | ALA556 | GLY603 | GLY364 | ALA556 | GLY462 | GLY462 | ALA366 | ALA556 | GLY509 | GLY509 | ALA510 | GLY509 | ILE559 | GLY605 | ILE559 | GLY605 | CYS513 | ALA466 | ALA466,3.61 | 3.86 | 3.60 | 3.72 | 3.50 | 3.66 | 3.16 | 3.41 | 3.87 | 3.26 | 3.07 | 3.20 | 3.21 | 3.58 | 3.35 | 3.90 | 3.71 | 3.35 | 3.75 | 3.47 | 3.88 | 3.56 | 3.40 | 3.87
minimized_CNP0163701.2_docked_1,ASN382 | ARG380 | ARG380 | ASN414 | ASN382 | VAL463 | ILE416 | VAL561,2.73 | 3.15 | 3.05 | 3.27 | 3.10 | 2.88 | 2.84 | 3.02,ARG415 | ARG380 | ARG380 | TYR334 | TYR334 | VAL561 | THR560 | ALA466 | ALA466 | ILE559 | CYS368 | CYS368 | VAL418 | VAL418 | VAL418 | ALA366 | ILE559 | ILE559 | ALA556 | GLY509 | GLY509 | ALA556 | ARG415 | ARG415 | GLY603 | ALA556 | GLY603 | ARG415 | GLY364 | ALA556,3.88 | 3.89 | 3.70 | 3.56 | 3.52 | 3.81 | 3.84 | 3.73 | 3.63 | 3.65 | 3.85 | 3.84 | 3.06 | 3.86 | 3.70 | 3.41 | 3.40 | 3.58 | 3.58 | 3.65 | 3.79 | 3.55 | 3.72 | 3.83 | 3.80 | 3.62 | 3.86 | 3.55 | 3.56 | 3.88
minimized_CNP0163701.2_docked_2,VAL514 | VAL418 | GLY367 | VAL512 | VAL465 | VAL465 | ARG483 | TYR525,3.31 | 3.21 | 2.99 | 3.04 | 2.87 | 2.93 | 2.88 | 2.89,ALA466 | VAL467 | VAL467 | VAL467 | VAL467 | TYR525 | TYR525 | ALA556 | ARG415 | ARG415 | ALA556 | GLY509 | ALA556 | ALA556 | ARG415 | GLY462 | GLY464,3.61 | 3.43 | 3.86 | 3.72 | 3.51 | 3.89 | 3.76 | 3.22 | 3.64 | 3.86 | 3.25 | 3.33 | 3.57 | 3.56 | 3.70 | 3.82 | 3.83
minimized_CNP0163701.2_docked_3,VAL420 | VAL420 | VAL418 | GLY367 | VAL512 | VAL465 | VAL465 | LEU557 | TYR334,2.96 | 3.00 | 3.17 | 2.97 | 2.92 | 2.83 | 3.11 | 2.90 | 2.96,VAL467 | VAL467 | VAL467 | ARG415 | ARG415 | TYR572 | TYR572 | TYR572 | ALA556 | ALA556 | ALA556 | ALA556 | ALA556 | GLY603 | ARG415 | GLY364 | ALA556 | ARG415 | GLY509 | GLY462 | GLY462 | GLY603 | GLY364 | ILE559 | ILE559 | ILE559,3.53 | 3.88 | 3.88 | 2.82 | 3.47 | 3.57 | 3.37 | 3.40 | 3.88 | 3.76 | 3.02 | 3.58 | 3.69 | 3.88 | 3.56 | 3.74 | 3.71 | 3.88 | 3.55 | 3.60 | 3.58 | 3.66 | 3.70 | 3.64 | 3.70 | 3.87
minimized_CNP0163701.2_docked_4,VAL604 | LEU557 | VAL512 | ALA510 | ILE416 | LEU365 | VAL606 | VAL606 | GLY367 | GLY367 | VAL606 | ILE559 | VAL369 | VAL369 | HIS516,3.00 | 2.95 | 2.96 | 3.16 | 3.13 | 3.09 | 3.05 | 2.93 | 2.99 | 2.79 | 3.14 | 2.51 | 2.63 | 3.03 | 3.10,GLY511 | VAL418 | ILE559 | GLY564 | GLY564 | VAL561 | LEU515 | LEU515 | VAL514 | LEU468 | VAL514 | VAL467 | VAL420 | ALA466,3.67 | 3.79 | 3.57 | 3.86 | 3.81 | 3.89 | 3.54 | 3.84 | 3.59 | 3.64 | 3.75 | 3.82 | 3.58 | 3.87
minimized_CNP0163701.2_docked_5,TYR334 | SER602 | VAL467,3.01 | 2.93 | 3.19,TYR572 | TYR572 | PHE577 | TYR334 | TYR334 | TYR334 | TYR334 | TYR334 | TYR334 | TYR334 | TYR334 | VAL467 | ALA466 | CYS368 | VAL606 | ILE559 | VAL512 | GLY464 | ILE416 | ARG415 | ALA556 | ALA556 | GLY462 | GLY462 | ARG415 | ARG415 | ARG415 | ALA556 | GLY509 | ALA556,3.74 | 3.75 | 3.62 | 3.90 | 3.84 | 3.85 | 3.64 | 3.65 | 3.55 | 3.77 | 3.80 | 3.88 | 3.79 | 3.68 | 3.69 | 3.70 | 3.81 | 3.52 | 3.88 | 3.88 | 3.88 | 3.59 | 3.81 | 3.77 | 3.58 | 3.32 | 3.77 | 3.67 | 3.84 | 3.80
minimized_CNP0163701.2_docked_6,GLY372 | GLY371 | VAL369,3.15 | 3.13 | 2.85,VAL369 | VAL420 | VAL370 | VAL370 | GLY603 | ARG415 | GLY364 | GLY603 | GLY603 | GLY364 | ALA556 | GLY462 | GLY462 | ALA366 | ALA556 | ALA556 | ALA510 | GLY509 | GLY464 | GLY464,3.74 | 3.60 | 3.83 | 3.79 | 3.63 | 3.76 | 3.53 | 3.78 | 3.34 | 3.58 | 3.71 | 3.46 | 3.50 | 3.38 | 3.62 | 3.24 | 3.56 | 3.69 | 3.47 | 3.75
minimized_CNP0163701.2_docked_7,GLN530 | LEU365 | VAL467,2.93 | 2.99 | 2.96,TYR525 | TYR525 | TYR572 | VAL467 | CYS368 | CYS368 | THR560 | VAL606 | ILE559 | ILE559 | GLY464 | GLY462 | GLY462 | ARG415 | ARG415 | ALA556 | ARG415 | ALA556 | GLY509 | ALA556 | ARG415,3.88 | 3.62 | 3.37 | 3.66 | 3.73 | 3.84 | 3.69 | 3.75 | 3.69 | 3.65 | 3.68 | 3.58 | 3.68 | 3.82 | 3.70 | 3.87 | 3.64 | 3.77 | 3.82 | 3.80 | 3.81
minimized_CNP0163701.2_docked_8,VAL604 | LEU557 | LEU557 | GLY509 | ILE416 | LEU365 | VAL606 | ILE559 | VAL512 | VAL608 | VAL608 | THR560,2.76 | 3.06 | 2.64 | 3.15 | 2.89 | 3.02 | 3.11 | 2.93 | 3.08 | 3.09 | 2.96 | 3.33,ALA510 | VAL418 | ALA366 | ALA366 | ILE559 | ILE559 | GLY564 | PRO322 | GLY564 | VAL561 | VAL561 | VAL561 | VAL561 | VAL608 | THR560 | THR560,3.61 | 3.67 | 3.03 | 3.81 | 3.70 | 3.73 | 3.53 | 3.36 | 3.73 | 3.65 | 3.65 | 3.82 | 3.86 | 3.88 | 3.83 | 3.52
minimized_CNP0163701.2_docked_9,LEU557 | VAL512 | ILE416 | LEU365 | VAL606 | VAL606 | ILE559 | ILE559 | VAL512 | VAL608 | VAL608,2.74 | 3.34 | 2.76 | 3.18 | 3.22 | 2.90 | 3.31 | 3.17 | 3.24 | 3.05 | 2.77,GLY511 | VAL418 | ALA366 | GLN563 | GLN563 | GLY564 | GLN563 | PRO322 | PRO322 | PRO322 | GLY564 | PRO322 | CYS513 | THR560,3.72 | 3.27 | 3.39 | 3.77 | 3.59 | 3.73 | 3.72 | 3.83 | 3.80 | 3.75 | 3.60 | 3.90 | 3.81 | 3.64
minimized_CNP0163980.1_docked_1,VAL465 | VAL465 | VAL418 | ILE416 | LEU365 | ARG380 | ASN382 | ARG415,2.84 | 2.83 | 3.13 | 3.02 | 3.29 | 3.30 | 2.92 | 2.84,ILE559 | ASN382 | ARG380 | ALA556 | SER363 | GLY603 | SER363 | ARG415 | GLY364 | ALA556 | ARG415 | ARG415 | GLY603 | GLY603 | GLY603 | ALA556 | ALA556,3.65 | 3.86 | 3.83 | 3.89 | 3.71 | 3.86 | 3.84 | 3.28 | 3.49 | 3.41 | 3.56 | 3.38 | 3.60 | 3.33 | 3.77 | 3.70 | 3.86
minimized_CNP0163980.1_docked_2,LEU557 | ALA510 | ALA510 | VAL465 | VAL465 | VAL418 | VAL418 | ASP422 | VAL420 | VAL420,3.14 | 2.91 | 2.65 | 3.31 | 2.93 | 3.00 | 3.21 | 2.94 | 2.61 | 3.15,VAL420 | CYS513 | VAL420 | VAL420 | GLY419 | THR560,3.86 | 3.88 | 3.83 | 3.45 | 3.71 | 3.79
minimized_CNP0163980.1_docked_3,VAL606 | VAL606 | GLY367 | GLY367 | ILE559 | ILE559 | LEU557 | SER602,3.29 | 3.11 | 3.20 | 2.94 | 2.74 | 3.12 | 2.51 | 2.72,ALA366 | ALA366 | TYR572 | TYR572 | PHE577 | TYR572 | TYR572 | ARG415 | ARG415 | PHE577 | PHE577 | TYR572 | TYR572 | TYR572 | TYR334 | TYR334 | TYR334 | ARG415 | ALA556 | GLY603 | GLY364 | ARG415 | ARG415 | GLY603 | ALA556 | ALA556 | ALA556 | GLY462 | ARG415 | GLY462,3.30 | 3.65 | 3.62 | 3.47 | 3.44 | 3.78 | 3.58 | 3.49 | 3.47 | 3.86 | 3.89 | 3.65 | 3.63 | 3.75 | 3.74 | 3.51 | 3.84 | 3.19 | 3.27 | 3.42 | 3.56 | 3.22 | 3.39 | 3.23 | 3.65 | 3.42 | 3.90 | 3.89 | 3.88 | 3.60
minimized_CNP0163980.1_docked_4,LEU557 | ALA510 | LEU557 | VAL606 | GLY367 | VAL608 | VAL608,2.96 | 3.14 | 3.15 | 3.12 | 3.24 | 3.25 | 3.35,ARG326 | ALA607 | ALA607 | ALA607 | ALA607 | ALA366,3.79 | 3.58 | 3.55 | 3.29 | 3.63 | 3.61
minimized_CNP0163980.1_docked_5,VAL463 | ILE416 | ALA510 | ALA510 | ILE559 | ILE559 | HIS516 | VAL514,3.32 | 2.94 | 2.72 | 3.07 | 3.02 | 3.15 | 3.12 | 2.69,VAL463 | VAL514 | VAL514 | VAL514 | VAL514 | CYS513 | THR560 | CYS513 | CYS368 | ILE559 | ALA366,3.77 | 3.53 | 3.78 | 3.80 | 3.38 | 3.58 | 3.82 | 3.81 | 3.87 | 3.77 | 3.70
minimized_CNP0163980.1_docked_6,ILE416 | LEU365 | ILE416 | LEU365 | VAL512 | VAL465 | VAL465 | ARG470 | ASN469 | VAL467,3.08 | 3.04 | 3.03 | 3.34 | 3.31 | 3.14 | 2.98 | 3.15 | 3.04 | 2.75,VAL467 | VAL467 | VAL467 | VAL467 | ALA466 | CYS513 | CYS513 | ILE559,3.86 | 3.34 | 3.82 | 3.37 | 3.83 | 3.73 | 3.60 | 3.75
minimized_CNP0163980.1_docked_7,VAL604 | LEU365 | ILE416 | VAL463 | ILE416 | VAL512,3.17 | 3.01 | 3.08 | 3.03 | 2.70 | 2.80,VAL420 | GLY419 | GLY419 | ILE559 | ILE559,3.89 | 3.85 | 3.67 | 3.80 | 3.87
minimized_CNP0163980.1_docked_8,ILE416 | ALA510 | VAL512 | ALA510 | ARG470 | VAL467,2.89 | 2.91 | 3.24 | 3.00 | 3.21 | 2.82,VAL467 | VAL467 | VAL467 | CYS368 | CYS368,3.63 | 3.47 | 3.25 | 3.85 | 3.66
minimized_CNP0163980.1_docked_9,LEU557 | ALA510 | ILE416 | LEU365 | VAL465 | GLY372 | VAL369,2.86 | 3.21 | 3.04 | 2.93 | 3.24 | 3.34 | 2.70,VAL369 | VAL369,3.88 | 3.55
minimized_CNP0164648.3_docked_1,VAL606 | GLY367 | VAL463 | ILE416 | VAL604 | LEU365 | VAL606 | GLY367,2.97 | 2.81 | 3.02 | 2.91 | 2.93 | 3.01 | 2.77 | 2.74,GLY364 | GLY364 | GLY462 | ARG415 | GLY509 | GLY462 | GLY462 | ALA466 | ALA466 | VAL608 | HIS562 | VAL608 | CYS513 | VAL561 | VAL561 | VAL561,3.62 | 3.65 | 3.78 | 3.90 | 3.69 | 3.84 | 3.82 | 3.41 | 3.71 | 3.75 | 3.82 | 3.53 | 3.88 | 3.88 | 3.66 | 3.28
minimized_CNP0164648.3_docked_2,LEU557 | VAL606 | VAL463 | ILE416 | VAL604 | LEU365 | VAL606 | ILE559 | ASN469 | ARG470,2.88 | 3.12 | 3.07 | 2.94 | 2.77 | 2.80 | 2.36 | 2.75 | 3.23 | 2.81,GLY364 | GLY364 | GLY462 | GLY509 | GLY462 | GLY462 | GLY509 | GLY464 | ASN469 | CYS368 | ALA466 | VAL561 | VAL561 | VAL561 | ALA466 | VAL514 | VAL514 | VAL514 | ILE559 | ILE559,3.84 | 3.85 | 3.78 | 3.58 | 3.76 | 3.69 | 3.74 | 3.89 | 3.85 | 3.90 | 3.77 | 3.80 | 3.66 | 3.50 | 3.68 | 3.86 | 3.84 | 3.36 | 3.59 | 3.88
minimized_CNP0164648.3_docked_3,VAL606 | VAL606 | GLY367 | GLY367 | ILE416 | VAL604 | LEU365 | VAL606 | GLY367,3.24 | 2.90 | 3.20 | 2.79 | 3.08 | 3.16 | 2.64 | 2.77 | 2.86,GLY603 | GLY603 | GLY509 | PRO322 | ALA466 | GLY419 | ALA466 | VAL608 | HIS562 | VAL608 | VAL608 | VAL608 | VAL561 | ARG326,3.79 | 3.67 | 3.55 | 3.74 | 3.59 | 3.85 | 3.84 | 3.71 | 3.85 | 3.80 | 3.89 | 3.41 | 3.57 | 3.76
minimized_CNP0164648.3_docked_4,VAL465 | VAL465 | VAL418 | VAL418 | VAL463 | ILE416 | LEU557 | VAL604 | LEU365 | VAL465 | VAL418 | ARG326 | ARG326,2.94 | 3.24 | 2.94 | 3.12 | 3.12 | 3.15 | 3.26 | 2.94 | 2.71 | 2.70 | 2.69 | 2.90 | 3.15,GLY603 | GLY372 | THR560 | THR560 | ALA607 | VAL420 | VAL420 | VAL420 | ALA607 | VAL369 | VAL369 | VAL369,3.88 | 3.81 | 3.88 | 3.46 | 3.88 | 3.82 | 3.18 | 3.60 | 3.66 | 3.66 | 3.88 | 3.40
minimized_CNP0164648.3_docked_5,VAL606 | VAL606 | GLY367 | GLY367 | VAL463 | LEU557 | ILE416 | LEU365 | VAL606 | GLY367,2.91 | 3.08 | 2.86 | 2.96 | 3.19 | 2.86 | 2.79 | 3.22 | 2.80 | 2.86,PRO322 | ALA466 | VAL514 | VAL608 | VAL561 | VAL561 | VAL561,3.51 | 3.68 | 3.84 | 3.79 | 3.48 | 3.82 | 3.41
minimized_CNP0164648.3_docked_6,VAL606 | ILE559 | ILE559 | LEU557 | VAL604 | VAL606 | ILE559,3.23 | 3.10 | 3.01 | 2.84 | 2.69 | 2.81 | 2.68,GLY603 | GLY603 | GLY509 | CYS368 | CYS368 | GLY367 | VAL418 | VAL418 | CYS368 | ALA466 | GLY419 | VAL561 | VAL561 | VAL561 | ALA466 | VAL514 | VAL514 | VAL514 | VAL514 | ILE559,3.68 | 3.63 | 3.83 | 3.77 | 3.50 | 3.79 | 3.71 | 3.85 | 3.47 | 3.88 | 3.66 | 3.52 | 3.71 | 3.44 | 3.80 | 3.88 | 3.89 | 3.33 | 3.73 | 3.73
minimized_CNP0164648.3_docked_7,VAL512 | VAL512 | VAL465 | ILE416 | ALA510 | VAL463 | VAL512 | VAL465 | GLY371 | VAL369,2.80 | 3.30 | 2.97 | 2.73 | 2.85 | 2.90 | 2.72 | 2.61 | 3.11 | 3.11,GLY509 | GLY509 | GLY462 | THR560 | ALA607 | VAL606 | THR560 | ALA607 | ALA607 | CYS368 | VAL467 | VAL467 | VAL467 | CYS368 | VAL420,3.58 | 3.29 | 3.74 | 3.75 | 3.70 | 3.60 | 3.66 | 3.19 | 3.80 | 3.66 | 3.61 | 3.69 | 3.65 | 3.77 | 3.54
minimized_CNP0164648.3_docked_8,VAL418 | VAL418 | GLY367 | VAL604 | LEU557 | ILE416 | LEU557 | ALA510 | ASN469 | ASN469,2.95 | 2.94 | 3.09 | 2.89 | 3.06 | 3.06 | 3.12 | 3.10 | 3.04 | 3.23,ALA366 | ILE559 | LEU468 | LEU468 | ASN469 | CYS513 | CYS513 | VAL561 | THR560 | THR560 | CYS513 | VAL467 | VAL514 | VAL514 | VAL514 | VAL514 | VAL418,3.87 | 3.67 | 3.70 | 3.69 | 3.74 | 3.89 | 3.82 | 3.80 | 3.88 | 3.73 | 3.56 | 3.73 | 3.52 | 3.82 | 3.33 | 3.76 | 3.87
minimized_CNP0164648.3_docked_9,HIS516 | HIS516 | HIS516 | VAL606 | ILE559 | ILE559 | VAL512 | VAL465,2.99 | 3.03 | 3.33 | 3.22 | 3.03 | 2.75 | 2.78 | 2.72,VAL514 | ALA366 | ALA366 | ILE559 | ARG326 | VAL608 | VAL608 | VAL514 | CYS513 | ALA466 | ALA466 | VAL561 | PRO322 | PRO322,3.60 | 3.33 | 3.87 | 3.63 | 3.85 | 3.62 | 3.69 | 3.83 | 3.79 | 2.87 | 3.45 | 3.89 | 3.79 | 3.84
minimized_CNP0165067.1_docked_1,VAL604 | LEU557 | VAL512 | VAL465 | VAL465 | ILE559 | ILE559 | ASP422,2.98 | 2.93 | 2.93 | 2.91 | 3.10 | 3.07 | 3.21 | 3.02,ILE559 | ASP422 | ARG470 | ARG470 | VAL467 | ILE421 | VAL420 | VAL467 | VAL420,3.69 | 3.75 | 3.32 | 3.82 | 3.46 | 3.66 | 3.80 | 3.57 | 3.56
minimized_CNP0165067.1_docked_2,VAL463 | ILE416 | VAL606 | VAL606 | GLY367 | VAL465 | VAL465 | VAL418 | VAL418 | GLN563,3.00 | 3.27 | 2.82 | 2.98 | 3.11 | 3.05 | 3.18 | 3.05 | 3.05 | 3.15,GLY605 | ALA366 | ALA366 | GLN563 | PRO322 | PRO322 | VAL561 | ALA607 | ALA607 | VAL561,3.89 | 3.64 | 3.54 | 3.77 | 3.83 | 3.74 | 3.81 | 3.77 | 3.88 | 3.76
minimized_CNP0165067.1_docked_3,VAL604 | LEU557 | VAL512 | VAL465 | VAL465 | ILE559 | ILE559 | GLY371,3.04 | 3.05 | 3.03 | 2.90 | 2.87 | 3.01 | 3.06 | 3.35,GLY464 | ILE559 | GLY423 | VAL420 | VAL370 | VAL370 | VAL369 | VAL369 | VAL420 | CYS368 | CYS368 | ILE559,3.59 | 3.56 | 3.80 | 3.61 | 3.61 | 3.66 | 3.54 | 3.64 | 3.74 | 3.83 | 3.76 | 3.79
minimized_CNP0165067.1_docked_4,LEU557 | VAL463 | VAL606 | VAL606 | GLY367 | VAL465 | VAL465 | THR560 | GLY564 | GLN563,3.28 | 3.19 | 2.92 | 2.98 | 3.14 | 2.93 | 2.98 | 3.29 | 3.23 | 2.95,GLY605 | ALA366 | ALA366 | VAL561 | VAL561 | VAL561 | VAL561 | VAL561 | VAL561 | VAL561 | ALA607 | ALA607,3.78 | 3.82 | 3.67 | 3.59 | 3.43 | 3.86 | 3.52 | 3.63 | 3.86 | 3.79 | 3.57 | 3.77
minimized_CNP0165067.1_docked_5,LEU557 | ALA510 | VAL606 | VAL606 | GLY367 | GLY367 | VAL512 | VAL465 | VAL465 | THR560 | ARG326,2.67 | 3.13 | 3.26 | 3.18 | 3.16 | 3.01 | 3.21 | 2.81 | 3.02 | 3.17 | 2.82,ILE559 | ILE559 | ILE559 | ALA607 | ALA607 | CYS368,3.82 | 3.50 | 3.89 | 3.36 | 3.83 | 3.75
minimized_CNP0165067.1_docked_6,SER363 | THR560,3.21 | 3.17,ARG415 | ARG415 | GLY364 | ARG415 | ARG415 | ALA556 | GLY419 | GLY417 | ALA556 | ALA556 | GLY603 | GLY364 | ALA556 | GLY509 | ALA510 | ALA366 | ILE559 | GLY511 | ILE559 | GLY603 | ALA556 | ALA556,3.76 | 3.35 | 3.63 | 3.31 | 3.53 | 3.21 | 3.85 | 3.28 | 3.80 | 3.57 | 3.62 | 3.43 | 3.80 | 3.81 | 3.80 | 3.76 | 3.66 | 3.75 | 3.70 | 3.65 | 3.63 | 3.87
minimized_CNP0165067.1_docked_7,VAL604 | LEU557 | VAL512 | VAL465 | VAL465 | VAL606 | ILE559 | ILE559,2.85 | 2.88 | 3.05 | 2.90 | 3.06 | 3.16 | 3.31 | 3.08,ILE559 | ILE559 | VAL514 | LEU468 | VAL467 | VAL467 | VAL514 | VAL467,3.83 | 3.84 | 3.68 | 3.62 | 3.52 | 3.84 | 3.86 | 3.83
minimized_CNP0165067.1_docked_8,VAL463 | ILE416 | LEU365 | VAL512 | VAL512 | VAL604 | LEU365,2.90 | 2.87 | 3.08 | 3.27 | 2.93 | 3.07 | 3.10,ALA366 | VAL561 | VAL561 | VAL514 | VAL514 | ILE559 | CYS513 | CYS513,3.78 | 3.56 | 3.88 | 3.75 | 3.78 | 3.71 | 3.67 | 3.84
minimized_CNP0165067.1_docked_9,ILE416 | VAL604 | LEU365 | VAL512 | VAL512 | VAL606 | GLY367 | ASN469,2.92 | 2.72 | 2.72 | 2.77 | 2.96 | 3.14 | 3.32 | 3.10,ILE559 | ALA366 | ALA366 | ARG470 | VAL467 | VAL467 | VAL467 | THR560 | CYS513,3.74 | 3.79 | 3.84 | 3.89 | 3.88 | 3.72 | 3.86 | 3.88 | 3.80
minimized_CNP0165067.2_docked_1,THR560 | ILE559 | VAL512 | VAL465,3.00 | 3.23 | 2.95 | 3.00,THR560 | GLY364 | ALA556 | ARG415 | ARG415 | GLY364 | ALA556 | ALA556 | GLY462 | GLY462 | ARG415 | ARG415 | ARG415 | ARG415 | ILE559 | GLY558 | LEU557 | ALA556 | GLY603 | ALA556 | ALA556 | ALA556,3.55 | 3.51 | 3.69 | 3.68 | 3.35 | 3.52 | 3.43 | 3.88 | 3.87 | 3.10 | 3.85 | 3.45 | 3.82 | 3.51 | 3.18 | 3.69 | 3.61 | 3.85 | 3.43 | 3.90 | 3.65 | 3.57
minimized_CNP0165067.2_docked_2,VAL418 | GLY367 | VAL465 | VAL418 | SER508,3.02 | 2.97 | 3.02 | 2.75 | 3.01,ARG415 | ALA556 | ARG415 | ARG415 | ALA556 | GLY603 | GLY364 | ARG415 | ALA366 | ARG415 | ARG415 | ILE559 | GLY464 | GLY509 | GLY509 | GLY462 | GLY509 | GLY509 | GLY462 | GLY462 | ILE559,3.84 | 3.72 | 3.83 | 3.90 | 3.73 | 3.56 | 3.63 | 3.84 | 3.45 | 3.65 | 3.78 | 3.05 | 3.69 | 3.85 | 3.46 | 3.63 | 3.69 | 2.84 | 3.66 | 3.52 | 3.70
minimized_CNP0165067.2_docked_3,ILE559 | LEU557 | VAL604 | LEU365 | VAL465 | VAL606 | VAL606 | GLY367 | GLY367 | GLY423 | ASP422,3.16 | 3.19 | 3.18 | 2.97 | 3.26 | 2.90 | 2.86 | 3.05 | 2.97 | 3.32 | 2.95,GLY605 | VAL467 | CYS368 | VAL420 | VAL420 | VAL467,3.84 | 3.89 | 3.76 | 3.39 | 3.88 | 3.46
minimized_CNP0165067.2_docked_4,VAL463 | ILE416 | ALA510 | VAL604 | LEU557 | VAL512 | VAL512 | VAL465 | VAL465 | ARG326 | ARG326,3.11 | 2.80 | 2.77 | 3.31 | 3.11 | 2.93 | 3.33 | 3.22 | 3.14 | 3.00 | 2.95,GLY464 | PRO322 | VAL561 | ALA466 | ALA466 | VAL418 | CYS368,3.79 | 3.83 | 3.55 | 3.80 | 3.62 | 3.78 | 3.65
minimized_CNP0165067.2_docked_5,ILE416 | LEU365 | VAL604 | LEU557 | VAL463 | VAL512 | VAL512 | VAL465 | VAL465,3.03 | 3.27 | 2.81 | 3.04 | 2.80 | 2.69 | 3.22 | 3.09 | 3.13,GLY603 | GLY364 | GLY364 | VAL420 | VAL420 | ILE559 | GLY511 | GLY367,3.58 | 3.86 | 3.74 | 3.69 | 3.71 | 3.90 | 3.85 | 3.89
minimized_CNP0165067.2_docked_6,ALA510 | VAL606 | ILE559 | VAL512 | VAL465 | VAL465 | HIS516,3.03 | 3.26 | 3.11 | 3.11 | 3.03 | 3.00 | 3.27,ILE559 | GLY558 | VAL561 | VAL561 | CYS513 | ALA466 | ALA466 | CYS513 | VAL561 | VAL561 | VAL561,3.83 | 3.84 | 3.78 | 3.66 | 3.78 | 3.32 | 3.70 | 3.86 | 3.82 | 3.46 | 3.78
minimized_CNP0165067.2_docked_7,ILE416 | ALA510 | ILE559 | ILE559 | VAL512 | VAL465 | VAL465 | ARG326 | ARG326,3.26 | 2.75 | 3.23 | 3.05 | 2.83 | 3.03 | 3.13 | 3.10 | 3.29,GLY558 | HIS562 | ALA466 | ALA466 | VAL418 | GLY419 | CYS368 | VAL420 | VAL420,3.80 | 3.61 | 3.90 | 3.82 | 3.76 | 3.82 | 3.73 | 3.74 | 3.63
minimized_CNP0165067.2_docked_8,LEU557 | VAL604 | LEU365 | VAL465 | VAL606 | VAL606 | GLY367 | GLY367 | ARG470,3.14 | 3.19 | 2.98 | 3.26 | 3.02 | 2.98 | 3.14 | 3.06 | 2.88,ARG470 | VAL467 | VAL467 | VAL467 | VAL514,3.67 | 3.20 | 3.87 | 3.84 | 3.87
minimized_CNP0165067.2_docked_9,LEU557 | LEU365 | VAL465 | VAL465 | VAL606 | VAL606 | GLY367,3.01 | 3.15 | 2.99 | 3.05 | 3.23 | 2.87 | 3.11,ILE559 | ALA607 | CYS368 | VAL420 | VAL420 | VAL420,3.87 | 3.71 | 3.66 | 3.73 | 3.46 | 3.87
minimized_CNP0165424.1_docked_1,VAL608 | ARG326 | VAL608 | HIS562 | GLY564 | ARG326 | ARG326 | VAL369 | VAL463 | ILE416,3.12 | 2.86 | 3.28 | 2.89 | 3.16 | 2.92 | 3.24 | 3.13 | 3.34 | 2.89,ALA556 | ARG415 | GLY509 | GLY462 | GLY603 | ALA556 | ALA556 | ALA556 | ALA366 | ALA366 | GLY509 | GLY509 | LEU557 | GLY417 | GLY417 | ALA366 | ILE559 | CYS368 | VAL369,3.88 | 3.74 | 3.85 | 3.49 | 3.67 | 3.53 | 3.68 | 3.87 | 3.59 | 3.55 | 3.66 | 3.68 | 3.80 | 3.37 | 3.58 | 3.77 | 3.60 | 3.49 | 3.78
minimized_CNP0165424.1_docked_2,ALA510 | VAL463 | ILE416 | ASP422 | VAL420 | VAL420 | VAL467,2.50 | 2.55 | 2.78 | 3.34 | 2.69 | 3.17 | 3.25,GLY509 | GLY462 | ARG415 | ALA556 | ALA556 | ARG415 | GLY364 | GLY603 | ALA556 | GLY603 | GLY364 | CYS513 | CYS513 | ALA466 | VAL420 | VAL420 | GLY419 | ALA466 | GLY419 | GLY558 | GLY558 | GLY605 | ALA366 | ALA366,3.41 | 3.74 | 3.66 | 3.69 | 3.56 | 3.57 | 3.78 | 3.85 | 3.74 | 3.61 | 3.88 | 3.88 | 3.60 | 3.65 | 3.69 | 3.61 | 3.55 | 3.86 | 3.83 | 3.82 | 3.06 | 3.77 | 3.62 | 3.56
minimized_CNP0165424.1_docked_3,VAL608 | ARG326 | VAL608 | GLY371 | GLY372 | GLY371 | GLY423 | ARG326 | VAL369 | VAL369 | VAL463 | ILE416,3.14 | 2.99 | 2.90 | 2.89 | 3.19 | 3.10 | 3.29 | 3.30 | 2.87 | 2.92 | 3.30 | 2.85,VAL369 | ARG415 | GLY509 | GLY462 | GLY603 | ALA556 | ALA556 | ALA366 | ALA366 | GLY509 | GLY509 | LEU557 | GLY417 | GLY417 | ALA366 | ILE559 | CYS368 | VAL369,3.78 | 3.72 | 3.88 | 3.43 | 3.72 | 3.55 | 3.69 | 3.59 | 3.56 | 3.67 | 3.68 | 3.84 | 3.32 | 3.55 | 3.77 | 3.59 | 3.53 | 3.74
minimized_CNP0165424.1_docked_4,VAL561 | VAL561 | THR560 | HIS516 | GLY564 | GLN563 | VAL514 | VAL463 | ILE416,3.06 | 2.98 | 2.98 | 3.08 | 3.16 | 3.02 | 3.12 | 3.34 | 2.88,LEU515 | ALA556 | ARG415 | GLY509 | GLY462 | GLY603 | ALA556 | ALA556 | ALA556 | ALA366 | ALA366 | GLY509 | GLY509 | LEU557 | GLY417 | GLY417 | ALA366 | ILE559 | CYS368 | CYS368 | VAL561 | CYS513,3.73 | 3.87 | 3.73 | 3.88 | 3.49 | 3.67 | 3.51 | 3.67 | 3.87 | 3.58 | 3.53 | 3.66 | 3.67 | 3.81 | 3.36 | 3.57 | 3.76 | 3.61 | 3.59 | 3.78 | 3.83 | 3.79
minimized_CNP0165424.1_docked_5,VAL369 | VAL369 | GLN563 | GLN563 | HIS562 | ARG326 | ARG326,3.09 | 2.98 | 3.10 | 3.13 | 3.04 | 3.02 | 3.08,VAL561 | HIS562 | VAL561 | VAL561 | HIS562 | ALA556 | ALA556 | GLY603 | ARG415 | GLY364 | ALA556 | ALA556 | GLY417 | GLY417 | GLY603 | ALA556 | LEU557 | LEU365 | ALA366 | ALA366 | GLY511 | GLY464 | ALA366 | ILE559 | ALA466 | ALA607 | ALA607 | CYS513,3.63 | 3.82 | 3.79 | 3.75 | 3.84 | 3.58 | 3.87 | 3.85 | 3.80 | 3.57 | 3.79 | 3.61 | 3.82 | 3.24 | 3.82 | 3.84 | 3.78 | 3.77 | 3.43 | 3.84 | 3.87 | 3.86 | 3.72 | 3.15 | 3.47 | 3.54 | 3.58 | 3.78
minimized_CNP0165424.1_docked_6,VAL561 | HIS516 | VAL514 | VAL463 | ILE416,2.88 | 3.04 | 2.88 | 3.28 | 3.02,LEU468 | VAL514 | VAL514 | ARG415 | GLY603 | ALA556 | GLY509 | ALA556 | ALA366 | ALA366 | ALA510 | GLY509 | GLY509 | LEU557 | GLY417 | GLY417 | ILE559 | CYS368 | VAL561 | CYS513,3.71 | 3.87 | 3.49 | 3.84 | 3.58 | 3.83 | 3.54 | 3.82 | 3.55 | 3.58 | 3.86 | 3.73 | 3.87 | 3.83 | 3.42 | 3.65 | 3.70 | 3.87 | 3.71 | 3.57
minimized_CNP0165424.1_docked_7,VAL514 | VAL514 | VAL369 | ASP422 | VAL420 | VAL604,3.01 | 2.97 | 3.02 | 3.14 | 3.03 | 3.29,VAL420 | VAL420 | VAL420 | GLY603 | ALA556 | ALA556 | GLY603 | GLY364 | ARG415 | ALA556 | GLY509 | ILE559 | GLY511 | ARG415 | ARG415 | ARG415 | GLY364 | GLY364 | GLY464 | ALA366 | ALA607 | VAL606 | THR560 | CYS513 | ALA466 | ALA466 | VAL561,3.48 | 3.72 | 3.57 | 3.83 | 3.40 | 3.85 | 3.65 | 3.59 | 3.86 | 3.65 | 3.79 | 3.43 | 3.57 | 3.83 | 3.58 | 3.30 | 3.49 | 3.56 | 3.87 | 3.81 | 3.61 | 3.71 | 3.58 | 3.80 | 3.14 | 3.57 | 3.80
minimized_CNP0165424.1_docked_8,ARG326 | VAL608 | THR560 | VAL467 | VAL514 | VAL369 | VAL463 | ILE416,3.08 | 2.91 | 3.14 | 2.89 | 3.03 | 3.16 | 3.32 | 3.00,ARG415 | GLY603 | ALA556 | GLY509 | GLY462 | ALA556 | ALA366 | ALA366 | GLY509 | GLY509 | LEU557 | GLY417 | GLY417 | GLY417 | ALA366 | ILE559 | CYS368,3.71 | 3.61 | 3.83 | 3.47 | 3.88 | 3.75 | 3.50 | 3.51 | 3.58 | 3.63 | 3.80 | 3.34 | 3.87 | 3.46 | 3.86 | 3.63 | 3.55
minimized_CNP0165424.1_docked_9,VAL608 | ARG326 | VAL608 | VAL608 | VAL514 | VAL369 | VAL463 | ILE416,3.05 | 2.73 | 3.25 | 3.03 | 3.06 | 3.24 | 3.23 | 2.89,ALA556 | GLY462 | GLY603 | ALA556 | ALA556 | ALA366 | ALA366 | GLY509 | GLY509 | GLY417 | GLY417 | GLY417 | ILE559 | CYS368 | VAL369,3.89 | 3.58 | 3.66 | 3.65 | 3.71 | 3.55 | 3.62 | 3.79 | 3.90 | 3.33 | 3.89 | 3.60 | 3.68 | 3.53 | 3.70
minimized_CNP0166055.2_docked_1,VAL604 | LEU557 | GLY367 | VAL606 | GLY367 | VAL561 | THR560 | HIS562 | VAL561 | ARG326 | GLN563,3.15 | 3.20 | 3.09 | 3.01 | 3.22 | 2.75 | 2.73 | 3.31 | 2.91 | 3.11 | 3.04,GLY509 | ALA556 | GLY462 | ALA366 | ALA366 | GLY558 | VAL418 | THR560 | ILE559 | VAL606 | VAL465 | ALA466 | ALA466 | VAL420 | VAL420 | VAL420 | VAL608 | VAL608 | PRO322 | HIS562 | PRO322,3.85 | 3.53 | 3.72 | 3.55 | 3.73 | 3.88 | 3.86 | 3.79 | 3.55 | 3.81 | 3.64 | 3.67 | 3.87 | 3.65 | 3.66 | 3.60 | 3.79 | 3.49 | 3.80 | 3.58 | 3.71
minimized_CNP0166055.2_docked_2,VAL465 | VAL418 | VAL418 | LEU557 | VAL604 | LEU557 | LEU557 | GLY509,2.82 | 2.85 | 3.26 | 2.93 | 2.91 | 2.70 | 3.11 | 3.35,GLN563 | GLN563 | VAL561 | VAL561 | CYS513 | CYS513 | ALA466 | ALA466 | ALA466 | VAL418 | GLY558 | GLY509 | GLY509 | VAL463 | GLY462 | ALA556 | ALA556,3.79 | 3.37 | 3.17 | 3.32 | 3.85 | 3.60 | 3.74 | 3.55 | 3.82 | 3.73 | 3.80 | 3.85 | 3.68 | 3.77 | 3.79 | 3.82 | 3.52
minimized_CNP0166055.2_docked_3,VAL606 | VAL606 | GLY367 | GLY367 | VAL512 | VAL465 | VAL465 | VAL604 | ALA510 | VAL463 | VAL463 | ILE416,3.08 | 3.04 | 3.08 | 2.98 | 2.78 | 2.98 | 3.01 | 3.05 | 3.01 | 3.05 | 2.94 | 3.00,ARG470 | ARG470 | ASN469 | VAL467 | VAL467 | CYS368 | CYS368 | VAL420 | GLY419 | GLY464 | GLY364 | GLY364 | GLY462 | ILE559,3.70 | 3.77 | 3.46 | 3.47 | 3.82 | 3.62 | 3.75 | 3.46 | 3.83 | 3.75 | 3.52 | 3.88 | 3.80 | 3.81
minimized_CNP0166055.2_docked_4,VAL604 | LEU557 | GLY367 | VAL606 | GLY564 | GLN563,3.24 | 3.24 | 3.04 | 2.90 | 3.10 | 2.81,GLY509 | GLY462 | ALA556 | GLY462 | GLY462 | ALA366 | ALA366 | GLY558 | THR560 | GLY464 | ILE559 | VAL606 | VAL465 | ALA466 | ALA466 | VAL420 | VAL420 | VAL420 | HIS562,3.87 | 3.83 | 3.60 | 3.60 | 3.78 | 3.65 | 3.79 | 3.77 | 3.75 | 3.82 | 3.74 | 3.83 | 3.60 | 3.69 | 3.84 | 3.65 | 3.74 | 3.82 | 3.75
minimized_CNP0166055.2_docked_5,VAL604 | LEU557 | GLY367 | VAL606 | GLY367 | VAL608 | GLY371 | ARG326 | GLY372,3.29 | 3.10 | 2.98 | 3.20 | 3.06 | 3.27 | 3.12 | 2.78 | 3.19,GLY509 | GLY462 | ALA556 | GLY462 | GLY462 | ALA366 | ALA366 | VAL418 | THR560 | THR560 | ILE559 | VAL512 | VAL606 | VAL465 | ALA466 | VAL420 | VAL420 | GLY371 | VAL369 | VAL369,3.82 | 3.83 | 3.63 | 3.58 | 3.83 | 3.51 | 3.81 | 3.84 | 3.89 | 3.71 | 3.40 | 3.89 | 3.73 | 3.86 | 3.90 | 3.53 | 3.54 | 3.55 | 3.15 | 3.70
minimized_CNP0166055.2_docked_6,VAL606 | VAL606 | GLY367 | GLY367 | VAL512 | VAL465 | VAL465 | VAL604 | ALA510 | VAL463 | VAL463 | ILE416,3.07 | 3.11 | 2.97 | 2.94 | 2.77 | 2.89 | 2.94 | 3.10 | 2.99 | 3.07 | 2.90 | 3.04,VAL561 | VAL561 | VAL561 | VAL514 | VAL514 | VAL514 | CYS513 | ALA466 | GLY367 | GLY464 | LEU365 | GLY364 | GLY462,3.52 | 3.76 | 3.71 | 3.79 | 3.34 | 3.57 | 3.74 | 3.66 | 3.81 | 3.65 | 3.89 | 3.54 | 3.82
minimized_CNP0166055.2_docked_7,VAL604 | LEU557 | GLY367 | VAL606 | GLY367 | GLY423,3.19 | 3.29 | 3.10 | 3.02 | 3.27 | 2.84,GLY509 | GLY462 | ALA556 | GLY462 | GLY462 | ALA366 | ALA366 | GLY558 | THR560 | ILE559 | VAL606 | VAL465 | ALA466 | VAL420 | VAL420 | VAL420 | ARG470 | ARG470,3.87 | 3.85 | 3.60 | 3.63 | 3.81 | 3.58 | 3.78 | 3.90 | 3.65 | 3.53 | 3.81 | 3.68 | 3.70 | 3.73 | 3.74 | 3.75 | 3.82 | 3.63
minimized_CNP0166055.2_docked_8,VAL604 | LEU557 | GLY367 | VAL606 | GLY371 | ASP422,3.32 | 3.16 | 2.91 | 2.87 | 3.12 | 2.92,GLY509 | GLY462 | ALA556 | GLY509 | GLY462 | GLY462 | ALA366 | GLY558 | THR560 | GLY464 | ILE559 | VAL606 | VAL465 | ALA466 | VAL420 | VAL420 | VAL370 | ASP422,3.86 | 3.81 | 3.58 | 3.87 | 3.52 | 3.69 | 3.77 | 3.73 | 3.59 | 3.75 | 3.70 | 3.78 | 3.72 | 3.85 | 3.79 | 3.83 | 3.64 | 3.44
minimized_CNP0166055.2_docked_9,VAL604 | VAL606 | GLY367 | VAL606 | ARG326,3.05 | 3.26 | 3.08 | 2.75 | 3.07,GLY509 | GLY462 | ALA556 | GLY509 | GLY462 | GLY462 | GLY558 | THR560 | GLY464 | ILE559 | VAL465 | ALA466 | ALA466 | VAL420 | ARG326 | PRO322 | PRO322 | PRO322 | ARG326,3.84 | 3.82 | 3.75 | 3.66 | 3.59 | 3.72 | 3.53 | 3.67 | 3.65 | 3.82 | 3.60 | 3.79 | 3.85 | 3.85 | 3.64 | 3.87 | 3.82 | 3.88 | 3.75
minimized_CNP0166169.10_docked_1,VAL606 | ILE559 | GLY367 | GLY367 | GLY564,3.19 | 2.70 | 2.71 | 3.10 | 2.95,GLY417 | ILE559 | ILE559 | THR560 | THR560 | CYS513 | CYS513 | VAL561 | VAL561 | HIS562,3.71 | 3.50 | 3.50 | 3.83 | 3.48 | 3.51 | 3.73 | 3.76 | 3.75 | 3.65
minimized_CNP0166169.10_docked_2,VAL606 | ILE559 | GLY367 | GLY367 | VAL514 | ARG326 | HIS562 | ARG326,3.35 | 2.63 | 2.70 | 2.97 | 3.34 | 3.09 | 3.01 | 2.97,GLY417 | ILE559 | ILE559 | THR560 | CYS513 | ALA466 | CYS513 | CYS513 | ARG326 | VAL608,3.66 | 3.42 | 3.38 | 3.50 | 3.76 | 3.68 | 3.29 | 3.38 | 3.78 | 3.64
minimized_CNP0166169.10_docked_3,VAL606 | ILE559 | GLY367 | GLY367 | VAL608 | ARG326,3.23 | 2.75 | 2.71 | 3.19 | 3.11 | 3.08,GLY417 | VAL418 | ILE559 | ILE559 | THR560 | THR560 | CYS513 | THR560 | CYS513 | CYS513 | VAL561 | VAL420 | VAL420 | VAL420,3.70 | 3.83 | 3.50 | 3.48 | 3.71 | 3.36 | 3.86 | 3.82 | 3.45 | 3.74 | 3.59 | 3.56 | 3.87 | 3.81
minimized_CNP0166169.10_docked_4,VAL512 | VAL512 | ILE559 | ILE559 | ARG326 | ARG326 | ARG326,2.67 | 2.89 | 2.87 | 3.03 | 2.99 | 3.14 | 2.87,ILE559 | GLY605 | ALA366 | ALA366 | ILE559 | ILE559 | VAL606 | ILE559 | ALA466 | ALA466 | ALA466 | ALA466 | ALA466 | GLY419,3.62 | 3.73 | 3.71 | 3.52 | 3.78 | 3.82 | 3.64 | 3.80 | 3.47 | 3.69 | 3.46 | 3.40 | 3.89 | 3.84
minimized_CNP0166169.10_docked_5,VAL606 | ILE559 | GLY367 | GLY367 | VAL514 | VAL369,2.96 | 2.72 | 2.70 | 3.20 | 3.30 | 2.74,ALA366 | GLY417 | ILE559 | ILE559 | THR560 | THR560 | CYS513 | CYS513 | ALA466 | CYS513 | CYS513 | VAL467 | VAL467 | ASP422 | VAL420 | VAL420,3.82 | 3.78 | 3.57 | 3.50 | 3.89 | 3.52 | 3.89 | 3.65 | 3.78 | 3.28 | 3.49 | 3.57 | 3.63 | 3.80 | 3.49 | 3.74
minimized_CNP0166169.10_docked_6,GLY372 | GLY371 | ILE559 | ALA510 | VAL463 | GLY509,2.94 | 3.04 | 2.64 | 3.08 | 3.26 | 3.03,VAL369 | VAL369 | VAL420 | VAL420 | VAL420 | VAL467 | VAL514 | CYS513 | ALA466 | CYS513 | GLY603 | LEU557 | ALA556 | ALA556 | VAL465 | GLY464 | GLY464 | GLY417 | ALA366 | ALA366 | ALA366,3.60 | 3.87 | 3.72 | 3.66 | 3.87 | 3.74 | 3.84 | 3.86 | 3.65 | 3.85 | 3.69 | 3.85 | 3.46 | 3.72 | 3.88 | 3.68 | 3.53 | 3.89 | 3.49 | 3.83 | 3.74
minimized_CNP0166169.10_docked_7,VAL418 | GLY367 | VAL465 | VAL514 | ASN469 | VAL467,3.19 | 3.04 | 2.89 | 3.24 | 3.10 | 3.14,ILE559 | ILE559 | VAL369 | VAL514 | VAL561 | VAL561 | VAL561,3.73 | 3.34 | 3.64 | 3.84 | 3.80 | 3.56 | 3.87
minimized_CNP0166169.10_docked_8,VAL418 | GLY367 | VAL465 | GLY423 | ARG470,2.83 | 3.15 | 2.81 | 3.16 | 2.81,ILE559 | ILE559 | ILE559 | CYS368 | VAL369 | VAL369 | VAL369 | VAL467 | VAL467 | VAL467 | VAL420 | VAL420,3.37 | 3.36 | 3.84 | 3.82 | 3.80 | 3.68 | 3.87 | 3.52 | 3.88 | 3.84 | 3.87 | 3.77
minimized_CNP0166169.10_docked_9,GLY564 | ARG326 | VAL608 | THR560 | VAL465 | VAL418 | VAL418 | VAL418,2.94 | 3.22 | 3.13 | 3.23 | 3.26 | 2.94 | 3.25 | 2.97,HIS516 | HIS516 | LEU515 | VAL561 | HIS562 | VAL561 | VAL561 | VAL369 | VAL608 | VAL418 | CYS513 | CYS513 | ALA466,3.74 | 3.64 | 3.87 | 3.69 | 3.84 | 3.51 | 3.70 | 3.63 | 3.63 | 3.83 | 3.87 | 3.58 | 3.67
minimized_CNP0166169.11_docked_1,LEU557 | GLY509 | VAL463 | VAL465 | VAL561 | VAL561 | THR560 | VAL561,2.71 | 3.32 | 2.92 | 3.17 | 2.80 | 2.96 | 2.64 | 2.77,GLY603 | ARG415 | GLY364 | ALA556 | ARG415 | GLY603 | GLY364 | ALA556 | GLY509 | GLY509 | GLY558 | GLY462 | ARG415 | ARG415 | ARG415 | ILE416 | ALA556 | ALA556 | GLY464 | ALA366 | ALA366 | ILE559 | ALA366 | CYS368 | CYS368 | VAL561 | VAL561 | VAL514,3.62 | 3.79 | 3.68 | 3.83 | 3.68 | 3.42 | 3.16 | 3.88 | 3.23 | 2.53 | 3.52 | 3.50 | 3.78 | 3.36 | 3.39 | 3.77 | 3.78 | 3.58 | 3.80 | 3.63 | 3.66 | 3.31 | 3.89 | 3.72 | 3.88 | 3.88 | 3.89 | 3.75
minimized_CNP0166169.11_docked_2,ARG326 | ARG326 | VAL465 | VAL463,3.12 | 3.00 | 3.16 | 3.35,ALA607 | VAL561 | VAL561 | ILE559 | GLY511 | GLY417 | ARG415 | GLY509 | GLY462 | ARG415 | ARG415 | ALA556 | GLY462 | ARG415 | GLY603 | GLY603 | GLY364 | GLY364,3.70 | 3.34 | 3.89 | 3.62 | 3.86 | 3.51 | 3.62 | 3.35 | 3.37 | 3.36 | 3.64 | 3.31 | 3.84 | 3.79 | 3.47 | 3.48 | 3.64 | 3.40
minimized_CNP0166169.11_docked_3,VAL463 | ILE416,2.77 | 2.82,VAL369 | VAL369 | CYS368 | GLY417 | GLY603 | GLY364 | GLY462 | ARG415 | ARG415 | ARG415 | ARG415 | GLY603 | ALA556 | ARG415 | ARG415 | ALA556 | ALA556 | GLY509 | GLY509,3.88 | 3.55 | 3.66 | 3.72 | 3.54 | 3.63 | 3.50 | 3.90 | 3.89 | 3.34 | 3.21 | 3.83 | 3.39 | 3.79 | 3.87 | 3.66 | 3.33 | 3.56 | 3.81
minimized_CNP0166169.11_docked_4,VAL606 | GLY367 | VAL418 | ALA510 | GLN530,2.85 | 2.92 | 2.70 | 2.94 | 2.94,VAL606 | VAL606 | VAL606 | ILE559 | ALA466 | ALA466 | ALA466 | VAL465 | ALA366 | ILE559 | GLY605 | ALA366 | ILE559 | GLY603 | ALA556 | ALA556 | TYR572 | TYR525 | TYR525 | TYR572 | GLY462 | ARG415 | ARG415 | ARG415 | ARG415 | GLY509 | GLY462 | ALA556 | GLY509 | GLY462,3.42 | 3.68 | 3.63 | 3.78 | 3.75 | 3.71 | 3.82 | 3.86 | 3.40 | 3.28 | 3.68 | 3.69 | 3.76 | 3.70 | 3.75 | 3.71 | 3.87 | 3.76 | 3.89 | 3.64 | 3.31 | 3.50 | 3.67 | 3.25 | 3.86 | 3.65 | 3.84 | 3.14 | 3.84 | 3.35
minimized_CNP0166169.11_docked_5,ILE559 | VAL606 | GLY367 | LEU557 | GLY509,3.00 | 3.29 | 3.20 | 2.83 | 2.95,GLY564 | GLY564 | GLY564 | GLY564 | LEU515 | VAL561 | CYS513 | CYS513 | CYS513 | GLY603 | GLY603 | GLY509 | GLY417 | GLY417,3.51 | 3.79 | 3.68 | 3.81 | 3.61 | 3.28 | 3.85 | 3.89 | 3.82 | 3.75 | 3.60 | 3.82 | 3.86 | 3.11
minimized_CNP0166169.11_docked_6,LEU557 | GLY509 | VAL463 | VAL465 | VAL561 | VAL561 | THR560 | VAL369,2.70 | 3.33 | 2.86 | 3.21 | 2.78 | 3.01 | 2.67 | 3.30,GLY603 | ARG415 | GLY364 | ALA556 | ARG415 | GLY603 | GLY364 | GLY509 | GLY509 | GLY558 | GLY462 | ARG415 | ARG415 | ARG415 | ILE416 | ALA556 | ALA556 | GLY464 | ALA366 | ALA366 | ILE559 | ALA366 | VAL514 | VAL514,3.60 | 3.85 | 3.77 | 3.90 | 3.65 | 3.37 | 3.26 | 3.20 | 2.53 | 3.49 | 3.52 | 3.81 | 3.37 | 3.41 | 3.75 | 3.80 | 3.60 | 3.86 | 3.63 | 3.63 | 3.34 | 3.87 | 3.51 | 3.89
minimized_CNP0166169.11_docked_7,GLY423 | ASP422 | VAL420 | VAL606 | GLY367 | VAL512 | VAL465 | VAL465 | ALA510,3.30 | 3.04 | 3.20 | 2.84 | 3.20 | 3.12 | 2.95 | 3.25 | 3.09,ARG470 | ASP422 | VAL420 | VAL420 | VAL420 | VAL420 | CYS368 | GLY364 | GLY464 | ILE559,3.89 | 3.75 | 3.88 | 3.36 | 3.78 | 3.68 | 3.68 | 3.89 | 3.85 | 3.59
minimized_CNP0166169.11_docked_8,ASN469 | VAL467 | VAL606 | GLY367 | VAL512 | ILE416 | LEU365,3.28 | 3.11 | 2.85 | 3.17 | 2.88 | 2.79 | 3.18,ARG470 | VAL420 | VAL420 | VAL467 | VAL467 | VAL420 | VAL418 | VAL418 | CYS368 | GLY509 | VAL463 | GLY462 | VAL606 | GLY558 | ILE559,3.60 | 3.59 | 3.71 | 3.84 | 3.81 | 3.48 | 3.82 | 3.82 | 3.85 | 3.80 | 3.86 | 3.82 | 3.87 | 3.68 | 3.25
minimized_CNP0166169.11_docked_9,VAL514 | VAL606 | GLY367 | VAL512 | VAL465 | ALA510,3.01 | 2.80 | 3.33 | 3.02 | 3.20 | 3.05,VAL514 | VAL514 | VAL561 | VAL561 | VAL561 | CYS368 | GLY464 | ILE559,3.55 | 3.51 | 3.82 | 3.78 | 3.74 | 3.75 | 3.77 | 3.48
minimized_CNP0166169.13_docked_1,VAL369 | VAL606 | ILE559 | VAL465 | VAL465 | VAL418 | VAL418 | ALA510 | VAL463,3.01 | 2.70 | 2.75 | 3.09 | 3.33 | 2.95 | 3.00 | 3.10 | 3.04,GLY423 | VAL420 | VAL370 | VAL370 | VAL370 | VAL420 | ALA466 | GLY558 | GLY605 | ALA366,3.75 | 3.68 | 3.59 | 3.89 | 3.56 | 3.52 | 3.83 | 3.56 | 3.76 | 3.81
minimized_CNP0166169.13_docked_2,ARG326 | VAL606 | ILE559 | VAL465 | VAL465 | VAL418 | VAL418 | ALA510 | VAL463 | ALA510,3.26 | 2.70 | 2.84 | 3.05 | 3.22 | 3.01 | 3.04 | 2.86 | 3.13 | 2.90,GLY371 | GLY371 | GLY558 | GLY605 | ALA366 | ALA366,3.73 | 3.69 | 3.53 | 3.75 | 3.83 | 3.80
minimized_CNP0166169.13_docked_3,ILE559 | VAL465 | VAL465 | VAL418 | VAL418 | ALA510 | VAL463,3.12 | 3.04 | 3.18 | 3.14 | 3.17 | 2.98 | 3.07,PRO322 | GLN563 | PRO322 | PRO322 | PRO322 | PRO322 | VAL561 | GLY558 | GLY605 | ALA366 | ALA366 | ALA366 | ILE559,3.74 | 3.60 | 3.78 | 3.78 | 3.86 | 3.63 | 3.76 | 3.70 | 3.53 | 3.86 | 3.61 | 3.76 | 3.76
minimized_CNP0166169.13_docked_4,VAL606 | ILE559 | VAL465 | VAL465 | VAL418 | VAL418 | ALA510 | VAL463,2.73 | 2.73 | 3.07 | 3.29 | 2.94 | 2.98 | 2.89 | 3.11,ASP422 | VAL467 | VAL467 | VAL467 | GLY558 | GLY605 | ALA366 | ALA366,3.77 | 3.44 | 3.75 | 3.53 | 3.53 | 3.78 | 3.90 | 3.80
minimized_CNP0166169.13_docked_5,ASN469 | VAL512 | VAL465 | VAL465 | VAL418 | VAL418 | ALA510 | VAL463,3.11 | 3.11 | 3.05 | 3.25 | 3.07 | 3.14 | 3.11 | 3.02,ASN469 | LEU468 | LEU468 | VAL514 | VAL514 | VAL514 | VAL467 | VAL467 | CYS368 | GLY558 | GLY605 | GLY605 | ALA366 | ALA366,3.86 | 3.52 | 3.42 | 3.79 | 3.64 | 3.84 | 3.74 | 3.68 | 3.89 | 3.56 | 3.90 | 3.64 | 3.71 | 3.75
minimized_CNP0166169.13_docked_6,VAL606 | ILE559 | VAL465 | VAL465 | VAL418 | VAL418 | ALA510 | VAL463,2.60 | 2.56 | 3.04 | 3.27 | 2.93 | 3.00 | 2.89 | 3.12,VAL420 | VAL420 | VAL420 | VAL420 | VAL420 | VAL369 | VAL369 | GLY558 | GLY605 | ALA366,3.70 | 3.66 | 3.76 | 3.79 | 3.21 | 3.70 | 3.84 | 3.54 | 3.85 | 3.86
minimized_CNP0166169.13_docked_7,ARG326 | VAL465 | VAL418 | VAL604 | LEU365,3.14 | 2.69 | 2.72 | 2.94 | 2.97,PRO322 | VAL608 | VAL608 | GLY417 | ILE416 | ILE559 | ILE559 | ILE559,3.84 | 3.60 | 3.69 | 3.57 | 3.84 | 3.65 | 3.33 | 3.59
minimized_CNP0166169.13_docked_8,ILE559 | VAL512 | VAL606 | ILE559 | VAL604 | LEU365,3.05 | 3.07 | 3.08 | 3.20 | 2.77 | 3.15,PRO322 | ARG326 | PRO322 | PRO322 | VAL561 | VAL561 | VAL561 | CYS368 | GLY417 | ILE416 | ILE559 | ILE559 | ILE559,3.76 | 3.40 | 3.43 | 3.80 | 3.79 | 3.72 | 3.70 | 3.86 | 3.39 | 3.89 | 3.85 | 3.64 | 3.45
minimized_CNP0166169.13_docked_9,VAL606 | GLY367 | VAL465 | VAL465 | VAL418 | VAL418 | ALA510 | VAL463,2.53 | 2.74 | 3.14 | 3.20 | 3.10 | 3.03 | 2.99 | 3.12,ASP422 | ASP422 | ILE421 | VAL420 | VAL420 | CYS513 | CYS513 | GLY558 | GLY605 | ALA366,3.63 | 3.64 | 3.77 | 3.73 | 3.78 | 3.64 | 3.49 | 3.54 | 3.80 | 3.81
minimized_CNP0166169.14_docked_1,ASP422 | VAL420 | VAL420 | LEU557 | VAL604,3.18 | 2.71 | 3.03 | 2.88 | 2.96,VAL420 | ALA607 | ILE559 | GLY462 | ARG415 | ARG415 | ARG415 | GLY364 | ARG415 | ARG415 | ALA556 | ALA556 | GLY509 | ALA556 | ALA556 | GLY509 | GLY462,3.65 | 3.76 | 3.31 | 3.55 | 3.47 | 3.68 | 3.45 | 3.77 | 3.83 | 3.38 | 3.15 | 3.68 | 3.87 | 3.62 | 3.73 | 3.83 | 3.72
minimized_CNP0166169.14_docked_2,GLY423 | VAL369 | VAL604 | ILE416,3.12 | 3.09 | 2.90 | 3.09,VAL420 | VAL420 | ALA607 | CYS368 | CYS368 | VAL467 | VAL420 | VAL420 | VAL420 | GLY464 | ALA366 | GLY462 | ARG415 | ARG415 | ARG415 | ARG415 | ARG415 | ALA556 | ALA556 | ALA556 | ALA556 | GLY603 | ALA556,3.62 | 3.69 | 3.68 | 3.87 | 3.53 | 3.86 | 3.48 | 3.84 | 3.84 | 3.66 | 3.86 | 3.58 | 3.48 | 3.77 | 3.56 | 3.75 | 3.30 | 3.33 | 3.78 | 3.39 | 3.46 | 3.64 | 3.63
minimized_CNP0166169.14_docked_3,ARG326 | VAL561 | VAL561 | THR560 | VAL465 | VAL463 | VAL604,2.84 | 2.66 | 3.34 | 3.23 | 3.22 | 3.04 | 3.18,ALA466 | ALA466 | GLY605 | ALA366 | GLY462 | ARG415 | ARG415 | ARG415 | GLY364 | ARG415 | ARG415 | ALA556 | ALA556 | ALA556 | ALA556 | GLY509 | GLY462 | GLY462 | LEU557 | ALA556,3.72 | 3.86 | 3.57 | 3.85 | 3.50 | 3.50 | 3.64 | 3.47 | 3.66 | 3.74 | 3.27 | 3.29 | 3.61 | 3.48 | 3.65 | 3.79 | 3.51 | 3.84 | 3.82 | 3.66
minimized_CNP0166169.14_docked_4,VAL604 | LEU557 | GLY367 | VAL608 | VAL608 | ARG326,2.84 | 2.98 | 3.04 | 2.86 | 3.11 | 3.03,GLY509 | GLY462 | GLY462 | ARG415 | ARG415 | ARG415 | ALA556 | ALA556 | GLY509 | ALA556 | ALA556 | GLY509 | GLY464 | GLY364 | GLY558 | LEU557 | ILE559 | GLY417 | ILE559 | ALA466 | VAL369 | VAL369 | VAL420 | VAL369,3.49 | 3.81 | 3.26 | 3.44 | 3.30 | 3.60 | 3.24 | 3.34 | 3.42 | 3.70 | 3.49 | 3.89 | 3.46 | 3.67 | 3.64 | 3.84 | 3.13 | 3.79 | 3.85 | 3.80 | 3.88 | 3.68 | 3.71 | 3.68
minimized_CNP0166169.14_docked_5,ASN382 | LEU557 | ALA510 | VAL512 | VAL465 | VAL465 | VAL465 | VAL418,2.98 | 2.94 | 3.09 | 3.08 | 3.27 | 3.11 | 2.90 | 2.91,TYR334 | TYR334 | ALA556 | ARG415 | ARG415 | SER363 | GLY364 | SER363 | ARG415 | ARG415 | ARG415 | GLY603 | ALA556 | GLY364 | ALA556 | ALA556 | ARG415 | LEU365 | GLY364 | GLY509 | GLY462 | GLY509 | GLY509 | ALA556 | ILE559,3.63 | 3.59 | 3.28 | 3.62 | 3.84 | 3.84 | 3.65 | 3.75 | 3.56 | 3.30 | 3.72 | 3.46 | 3.77 | 3.82 | 3.64 | 3.83 | 3.61 | 3.86 | 3.66 | 3.76 | 3.78 | 3.47 | 3.01 | 3.82 | 3.55
minimized_CNP0166169.14_docked_6,ILE559 | ALA510,2.78 | 3.10,PRO322 | GLN563 | PRO322 | VAL418 | VAL418 | CYS368 | ALA366 | ILE559,3.63 | 3.41 | 3.81 | 3.60 | 3.87 | 3.68 | 3.63 | 3.65
minimized_CNP0166169.14_docked_7,VAL604 | LEU557 | VAL420 | VAL420 | ASN469,2.89 | 2.99 | 3.19 | 2.81 | 3.03,GLY509 | GLY462 | GLY462 | ARG415 | ARG415 | ARG415 | ALA556 | ALA556 | GLY509 | ALA556 | ALA556 | GLY509 | GLY464 | ALA556 | GLY603 | GLY364 | GLY558 | LEU557 | ILE559 | GLY417 | ALA366 | CYS513 | CYS368 | VAL467 | VAL467 | VAL467 | VAL514 | VAL467,3.49 | 3.80 | 3.29 | 3.38 | 3.27 | 3.61 | 3.24 | 3.37 | 3.40 | 3.66 | 3.42 | 3.88 | 3.65 | 3.83 | 3.78 | 3.59 | 3.55 | 3.72 | 3.29 | 3.86 | 3.84 | 3.83 | 3.85 | 3.60 | 3.83 | 3.83 | 3.74 | 3.87
minimized_CNP0166169.14_docked_8,VAL369 | ILE559 | VAL512 | ALA510 | VAL463,2.88 | 2.97 | 3.14 | 3.27 | 3.11,VAL370 | VAL369 | VAL369 | VAL420 | VAL420 | VAL420 | VAL420 | VAL369 | VAL418 | CYS368 | THR560 | THR560 | VAL465 | GLY417,3.77 | 3.74 | 3.85 | 3.85 | 3.83 | 3.70 | 3.89 | 3.85 | 3.82 | 3.83 | 3.82 | 3.71 | 3.83 | 3.66
minimized_CNP0166169.14_docked_9,ILE559 | VAL512 | VAL418 | ALA510 | VAL463,3.27 | 2.93 | 3.23 | 3.15 | 3.13,HIS516 | HIS516 | LEU515 | VAL561 | LEU515 | LEU515 | VAL561 | VAL514 | VAL561 | VAL561 | VAL514 | VAL418 | CYS368 | ALA366,3.74 | 3.81 | 3.60 | 3.68 | 3.52 | 3.76 | 3.86 | 3.83 | 3.71 | 3.89 | 3.58 | 3.86 | 3.89 | 3.84
minimized_CNP0166169.15_docked_1,VAL465 | VAL418 | LEU557 | ALA510,2.90 | 3.06 | 3.06 | 2.80,GLY371 | GLY423 | VAL370 | VAL420 | VAL420 | CYS513 | GLY417 | ALA366 | ILE559,3.69 | 3.72 | 3.44 | 3.63 | 3.72 | 3.85 | 3.44 | 3.79 | 3.44
minimized_CNP0166169.15_docked_2,VAL606 | GLY367 | VAL465 | VAL465 | VAL463 | ILE416 | ILE416,2.98 | 2.85 | 3.21 | 2.90 | 2.99 | 3.01 | 2.71,PRO322 | GLN563 | VAL608 | GLY605 | ILE559,3.71 | 3.49 | 3.63 | 3.56 | 3.65
minimized_CNP0166169.15_docked_3,ARG326 | VAL465 | VAL418 | LEU557 | ALA510,2.87 | 3.11 | 3.07 | 3.02 | 2.84,GLY371 | GLY371 | VAL420 | VAL420 | VAL420 | ILE559 | CYS513 | GLY417 | ALA366 | ILE559,3.75 | 3.73 | 3.89 | 3.80 | 3.40 | 3.77 | 3.67 | 3.41 | 3.87 | 3.48
minimized_CNP0166169.15_docked_4,VAL606 | ILE559 | VAL465 | VAL463 | ILE416 | ILE416 | GLY364,2.74 | 2.97 | 2.98 | 3.25 | 3.01 | 2.70 | 3.09,HIS516 | GLY564 | VAL561 | VAL514 | VAL514 | GLY603 | GLY605 | ILE559,3.65 | 3.38 | 3.56 | 3.63 | 3.83 | 3.59 | 3.62 | 3.51
minimized_CNP0166169.15_docked_5,GLN563 | VAL606 | VAL465 | VAL465 | ALA510 | VAL463 | ILE416,3.33 | 2.63 | 2.92 | 2.82 | 2.91 | 2.82 | 2.69,GLN563 | PRO322 | VAL514 | VAL514 | VAL561 | VAL561 | VAL418 | VAL418 | CYS368 | GLY464 | GLY605 | ALA366 | ALA366,3.62 | 3.66 | 3.75 | 3.80 | 3.66 | 3.88 | 3.64 | 3.86 | 3.68 | 3.72 | 3.50 | 3.88 | 3.61
minimized_CNP0166169.15_docked_6,ASN469 | ILE559 | VAL606 | GLY367 | ILE416 | LEU365,2.79 | 3.05 | 3.32 | 3.06 | 2.80 | 3.18,ASN469 | ASN469 | LEU468 | LEU468 | LEU468 | LEU468 | VAL514 | VAL514 | VAL514 | CYS513 | ALA366 | ILE559 | ILE559,3.58 | 3.90 | 3.83 | 3.15 | 3.88 | 3.81 | 3.88 | 3.60 | 3.90 | 3.80 | 3.77 | 3.58 | 3.61
minimized_CNP0166169.15_docked_7,ARG470 | ILE559 | VAL512 | VAL606 | LEU365,3.24 | 3.27 | 3.18 | 3.17 | 2.96,ARG470 | ASN469 | ASN469 | ARG470 | VAL467 | VAL467 | VAL467 | VAL467 | VAL467 | VAL467 | ALA607 | VAL606 | CYS513 | GLY509 | GLY464 | ILE559 | ILE559,3.72 | 3.82 | 3.75 | 3.63 | 3.27 | 3.85 | 3.78 | 3.81 | 3.14 | 3.72 | 3.79 | 3.86 | 3.75 | 3.81 | 3.83 | 3.62 | 3.71
minimized_CNP0166169.15_docked_8,VAL418 | GLY367 | VAL512 | VAL465 | VAL604 | LEU557 | LEU557 | ALA510,3.00 | 3.03 | 2.89 | 3.07 | 2.90 | 2.92 | 2.91 | 3.11,GLY564 | VAL561 | LEU515 | HIS562 | HIS562 | VAL561 | HIS562 | VAL608 | ALA466 | ALA466 | VAL465 | GLY419 | VAL420 | CYS368 | CYS368 | ALA366 | ILE559,3.85 | 3.59 | 3.83 | 3.86 | 3.73 | 3.64 | 3.57 | 3.67 | 3.89 | 3.27 | 3.81 | 3.85 | 3.67 | 3.66 | 3.45 | 3.90 | 3.76
minimized_CNP0166169.15_docked_9,ILE416 | LEU365 | ALA510 | VAL463 | VAL608 | HIS562,3.14 | 3.21 | 2.85 | 3.07 | 3.06 | 3.19,GLY603 | ARG415 | GLY364 | GLY603 | GLY603 | GLY364 | ARG415 | GLY462 | GLY462 | ALA556 | ALA556 | ALA510 | GLY509 | GLY509 | GLY511 | ILE559 | ALA366 | ALA366 | VAL418 | ALA366 | VAL608 | VAL608 | VAL561 | VAL608 | ALA607,3.80 | 3.55 | 3.50 | 3.52 | 2.97 | 3.54 | 3.75 | 3.48 | 3.53 | 3.55 | 3.20 | 3.69 | 3.53 | 3.83 | 3.56 | 3.02 | 3.10 | 3.87 | 3.65 | 3.58 | 3.55 | 3.89 | 3.59 | 3.68 | 3.89
minimized_CNP0166169.1_docked_1,ARG326 | VAL512 | VAL604 | VAL463 | ILE416,3.07 | 2.59 | 2.97 | 2.97 | 2.85,GLN563 | GLN563 | GLN563 | VAL608 | VAL608 | VAL608 | VAL608 | VAL561 | CYS368 | ALA510 | GLY509 | GLY509 | ALA556 | GLY417 | ALA366 | ALA366 | GLY605,3.64 | 3.69 | 3.90 | 3.80 | 3.87 | 3.27 | 3.56 | 3.74 | 3.86 | 3.66 | 3.84 | 3.87 | 3.67 | 3.65 | 3.61 | 3.57 | 3.67
minimized_CNP0166169.1_docked_2,VAL561 | GLY367 | VAL465 | ILE416 | LEU365,2.86 | 2.79 | 3.28 | 3.11 | 3.21,ARG326 | ARG326 | PRO322 | ARG326 | VAL561 | VAL561 | VAL561 | THR560 | CYS513 | GLY509 | GLY462 | ILE559 | ILE559,3.57 | 3.79 | 3.40 | 3.64 | 3.65 | 3.60 | 3.76 | 3.76 | 3.79 | 3.82 | 3.77 | 3.81 | 3.76
minimized_CNP0166169.1_docked_3,ARG326 | GLY367 | VAL465 | VAL463 | LEU557 | GLY509,2.95 | 2.83 | 3.26 | 2.94 | 3.00 | 3.03,GLN563 | GLN563 | PRO322 | VAL608 | VAL608 | VAL608 | VAL561 | THR560 | ILE559 | ILE559 | CYS513 | ALA556 | GLY464,3.84 | 3.84 | 3.81 | 3.71 | 3.37 | 3.86 | 3.66 | 3.63 | 3.69 | 3.70 | 3.75 | 3.76 | 3.32
minimized_CNP0166169.1_docked_4,VAL512 | VAL465 | VAL418 | VAL463 | ILE416 | GLN530,2.63 | 2.87 | 2.94 | 3.18 | 2.96 | 3.26,ILE559 | VAL512 | CYS368 | ILE559 | VAL418 | ALA366 | ILE559 | ILE559 | GLY603 | GLY603 | GLY462 | GLY462 | ALA556 | SER555 | TYR572 | GLY462 | ARG415 | ARG415 | ARG415 | ARG415 | ALA556 | ALA556 | ARG415 | ARG415 | ARG415 | ALA556,3.57 | 3.84 | 3.90 | 3.77 | 3.30 | 3.36 | 3.29 | 3.72 | 3.79 | 3.64 | 3.59 | 3.67 | 3.83 | 3.80 | 3.89 | 3.24 | 3.80 | 3.64 | 3.01 | 3.89 | 3.90 | 3.87 | 3.86 | 3.78 | 3.73 | 3.63
minimized_CNP0166169.1_docked_5,ARG326 | ARG326 | VAL512 | VAL465 | VAL604 | LEU557 | ALA510 | GLY509,3.20 | 3.09 | 2.82 | 2.84 | 3.12 | 2.83 | 3.26 | 2.91,PRO322 | VAL608 | VAL608 | VAL561 | VAL561 | VAL561 | VAL561 | CYS368 | CYS513 | GLY603 | GLY603 | ALA556 | GLY417 | ALA366 | GLY605 | ALA366,3.80 | 3.82 | 3.47 | 3.80 | 3.56 | 3.72 | 3.88 | 3.86 | 3.89 | 3.80 | 3.84 | 3.76 | 3.83 | 3.89 | 3.56 | 3.78
minimized_CNP0166169.1_docked_6,VAL512 | VAL465 | VAL418 | ILE416 | SER508 | ARG483 | ARG483 | ARG415,2.66 | 2.79 | 2.89 | 3.17 | 3.20 | 3.02 | 3.20 | 3.15,THR560 | ILE559 | VAL512 | CYS368 | GLY367 | ILE559 | VAL418 | ALA366 | ALA366 | ILE559 | ILE559 | ILE559 | GLY603 | ALA556 | GLY462 | GLY462 | ARG415 | ALA556 | ALA556 | ALA556 | GLY509 | ARG415 | ARG415 | ALA556 | GLY509 | GLY509 | GLY462,3.85 | 3.64 | 3.80 | 3.85 | 3.89 | 3.61 | 3.40 | 3.31 | 3.84 | 3.86 | 3.16 | 3.69 | 3.59 | 3.89 | 3.69 | 3.51 | 3.68 | 3.70 | 3.27 | 3.35 | 2.94 | 3.36 | 3.65 | 3.89 | 3.23 | 3.79 | 3.70
minimized_CNP0166169.1_docked_7,VAL512 | VAL465 | LEU557 | ALA510 | GLY509,2.73 | 2.80 | 2.96 | 3.23 | 2.89,GLY371 | GLY371 | GLY372 | GLY371 | VAL369 | VAL369 | VAL420 | VAL420 | VAL369 | ALA607 | GLY367 | GLY603 | GLY603 | ALA556 | GLY417 | ALA366 | ALA366,3.80 | 3.80 | 3.86 | 3.64 | 3.67 | 3.82 | 3.89 | 3.79 | 3.78 | 3.80 | 3.79 | 3.83 | 3.88 | 3.67 | 3.63 | 3.87 | 3.89
minimized_CNP0166169.1_docked_8,VAL420 | VAL512 | VAL604 | LEU557 | ALA510 | GLY509,2.70 | 2.79 | 3.31 | 2.92 | 3.25 | 2.91,VAL420 | VAL420 | VAL418 | CYS368 | GLY603 | GLY603 | ALA556 | GLY417 | ALA366 | ALA366 | ALA366,3.79 | 3.80 | 3.83 | 3.80 | 3.80 | 3.83 | 3.66 | 3.55 | 3.82 | 3.73 | 3.69
minimized_CNP0166169.1_docked_9,VAL369 | VAL512 | VAL465 | ILE559 | LEU557 | ALA510,2.71 | 3.14 | 3.21 | 3.19 | 2.94 | 3.15,VAL370 | VAL420 | VAL420 | VAL369 | VAL369 | CYS513 | ILE559,3.78 | 3.84 | 3.81 | 3.68 | 3.66 | 3.85 | 3.67
minimized_CNP0166169.2_docked_1,VAL512 | VAL465 | ILE416 | LEU557 | ALA510 | GLY509,2.75 | 2.72 | 3.15 | 3.08 | 3.06 | 3.05,GLN563 | GLN563 | PRO322 | PRO322 | VAL608 | VAL608 | VAL608 | ARG415 | ARG415 | GLY509 | GLY558 | ALA366 | ALA366,3.89 | 3.79 | 3.83 | 3.69 | 3.73 | 3.27 | 3.87 | 3.80 | 3.67 | 3.62 | 3.57 | 3.18 | 3.89
minimized_CNP0166169.2_docked_2,ASP422 | VAL418 | GLY367 | VAL604 | LEU365 | VAL463,3.07 | 3.14 | 2.92 | 2.71 | 2.79 | 3.13,ARG470 | ARG470 | ARG470 | ILE421 | VAL514 | VAL514 | VAL514 | ALA466 | ALA466 | ILE559 | CYS513 | GLY364 | GLY509 | GLY462 | GLY462 | GLY462 | ARG415 | ILE559 | GLY511 | ILE559 | ILE559,3.89 | 3.57 | 3.89 | 3.84 | 3.86 | 3.85 | 3.72 | 3.88 | 3.86 | 3.82 | 3.85 | 3.80 | 3.71 | 3.81 | 3.66 | 3.46 | 3.84 | 3.87 | 3.66 | 3.74 | 3.83
minimized_CNP0166169.2_docked_3,GLY371 | VAL512 | VAL465 | VAL465 | LEU557 | GLY509,3.03 | 2.80 | 2.89 | 3.17 | 2.79 | 3.16,VAL370 | GLY423 | VAL370 | ASP422 | VAL467 | VAL420 | VAL420 | VAL420 | CYS513 | CYS513 | GLY462 | GLY462 | ALA556 | GLY558,3.84 | 3.81 | 3.79 | 3.69 | 3.89 | 3.69 | 3.64 | 3.80 | 3.83 | 3.83 | 3.44 | 3.55 | 3.80 | 3.89
minimized_CNP0166169.2_docked_4,ARG326 | VAL465 | LEU557 | GLY509,2.80 | 2.79 | 2.72 | 3.17,GLY372 | GLY371 | VAL420 | VAL420 | VAL420 | VAL369 | VAL420 | VAL420 | VAL369 | GLY462 | GLY462 | ALA556 | GLY558,3.73 | 3.75 | 3.48 | 3.58 | 3.52 | 3.79 | 3.66 | 3.85 | 3.88 | 3.50 | 3.57 | 3.87 | 3.76
minimized_CNP0166169.2_docked_5,VAL514 | GLY367 | VAL604 | LEU365 | ALA510 | VAL463,2.93 | 2.72 | 2.99 | 2.93 | 3.32 | 3.22,GLY564 | GLY564 | VAL561 | LEU515 | VAL514 | VAL514 | VAL561 | VAL561 | ILE559 | CYS513 | GLY509 | GLY462 | GLY462 | GLY511 | ILE559,3.87 | 3.64 | 3.68 | 3.73 | 3.59 | 3.70 | 3.70 | 3.88 | 3.84 | 3.80 | 3.64 | 3.70 | 3.53 | 3.78 | 3.74
minimized_CNP0166169.2_docked_6,ARG326 | VAL418 | GLY367 | VAL604 | LEU365 | ALA510 | VAL463,3.04 | 3.14 | 2.99 | 3.01 | 3.29 | 3.31 | 3.19,ARG326 | ARG326 | VAL561 | VAL561 | CYS513 | GLY509 | GLY462 | GLY462 | ILE559 | ILE559,3.65 | 3.83 | 3.81 | 3.65 | 3.87 | 3.72 | 3.81 | 3.68 | 3.68 | 3.86
minimized_CNP0166169.2_docked_7,VAL369 | VAL465 | VAL418 | VAL604 | VAL463,2.86 | 3.04 | 2.64 | 3.13 | 3.12,VAL369 | VAL369 | THR560 | GLY364 | GLY509 | GLY462 | GLY462 | GLY511 | ILE559 | ILE559,3.55 | 3.39 | 3.81 | 3.88 | 3.80 | 3.82 | 3.66 | 3.83 | 3.69 | 3.55
minimized_CNP0166169.2_docked_8,GLY371 | VAL369 | VAL606 | GLY367 | LEU557 | ALA510 | VAL463,3.24 | 3.10 | 3.15 | 2.74 | 2.65 | 2.84 | 3.10,VAL370 | VAL370 | VAL420 | VAL420 | VAL420 | VAL420 | VAL467 | VAL467 | VAL420 | CYS368 | CYS513 | ALA466 | GLY509 | GLY605 | ALA366 | ALA366 | ILE559 | ILE559,3.68 | 3.45 | 3.67 | 3.33 | 3.79 | 3.78 | 3.88 | 3.79 | 3.88 | 3.79 | 3.79 | 3.79 | 3.84 | 3.51 | 3.63 | 3.26 | 3.70 | 3.28
minimized_CNP0166169.2_docked_9,ASN469 | VAL467 | ILE559 | VAL512 | VAL418 | ALA510 | VAL463,3.30 | 3.16 | 3.16 | 3.25 | 3.14 | 3.01 | 3.03,VAL467 | VAL467 | VAL467 | THR560 | ALA556 | ALA556 | GLY605 | GLY558 | ALA366,3.69 | 3.26 | 3.55 | 3.85 | 3.73 | 3.83 | 3.88 | 3.71 | 3.80
minimized_CNP0166169.3_docked_1,ARG326 | VAL561 | THR560 | VAL512 | VAL512 | ALA510,3.15 | 3.03 | 3.24 | 3.16 | 3.03 | 3.14,VAL561 | VAL561 | VAL561 | ALA366 | ALA366 | GLY464 | GLY509 | GLY462 | GLY509 | ALA556 | ALA556 | ARG415 | ARG415 | GLY603 | GLY364 | GLY509 | GLY509,3.75 | 3.43 | 3.83 | 3.78 | 3.78 | 3.86 | 3.85 | 3.54 | 3.89 | 3.85 | 3.85 | 3.75 | 3.63 | 3.82 | 3.71 | 3.76 | 3.55
minimized_CNP0166169.3_docked_2,ASN469 | VAL467 | VAL465 | ALA510,3.07 | 2.70 | 3.04 | 3.19,VAL467 | THR560 | CYS513 | VAL514 | ALA466 | ALA466 | ALA466 | ALA466 | ILE559 | GLY417 | GLY603 | ALA556 | GLY462 | ARG415 | GLY509 | ALA556 | ALA556 | ARG415 | ARG415 | ARG415 | GLY603 | GLY603 | ALA556 | ALA556,3.86 | 3.61 | 3.85 | 3.89 | 3.56 | 3.87 | 3.56 | 3.55 | 3.88 | 3.84 | 3.84 | 3.77 | 3.32 | 3.78 | 3.81 | 3.60 | 3.74 | 3.89 | 3.60 | 3.89 | 3.82 | 3.41 | 3.65 | 3.77
minimized_CNP0166169.3_docked_3,VAL608 | THR560 | ILE559 | VAL606 | GLY367 | VAL604,2.77 | 2.86 | 3.27 | 3.32 | 3.04 | 3.25,ALA466 | ALA466 | GLY417 | CYS368 | GLY464 | ALA556 | ALA556 | GLY603 | ALA556 | ALA556 | ALA556 | TYR572 | TYR572 | TYR334 | TYR334 | TYR572 | ALA556 | GLY603 | GLY364 | ALA556 | ARG415 | GLY603 | ALA556 | ALA556,3.88 | 3.64 | 3.74 | 3.70 | 3.49 | 3.85 | 3.71 | 3.75 | 3.82 | 3.56 | 3.39 | 3.85 | 3.70 | 3.88 | 3.78 | 3.77 | 3.75 | 3.22 | 3.54 | 3.88 | 3.73 | 3.75 | 3.29 | 3.48
minimized_CNP0166169.3_docked_4,ASP422 | VAL420 | VAL512 | ALA510,2.94 | 3.03 | 2.93 | 3.08,VAL420 | GLY419 | GLY419 | GLY605 | ALA366 | ILE559 | GLY603 | ALA556 | GLY462 | ARG415 | ARG415 | ALA556 | ALA556 | ARG415 | ARG415 | GLY603 | GLY603 | ALA556 | ALA556 | GLY462,3.66 | 3.86 | 3.58 | 3.90 | 3.84 | 3.68 | 3.90 | 3.80 | 3.47 | 3.89 | 3.75 | 3.69 | 3.73 | 3.66 | 3.89 | 3.90 | 3.47 | 3.63 | 3.72 | 3.84
minimized_CNP0166169.3_docked_5,VAL369 | VAL606 | GLY367 | LEU557 | GLY509 | GLN530,3.28 | 2.95 | 3.10 | 3.32 | 2.87 | 2.88,THR560 | CYS513 | ALA466 | ALA466 | VAL418 | VAL418 | ALA366 | ILE559 | ALA366 | ALA366 | GLY364 | GLY364 | GLY603 | ALA556 | GLY509 | GLY509 | ALA556 | ALA556 | TYR572 | TYR572 | SER555 | SER555 | ALA556 | ARG415 | ALA556 | ALA556,3.87 | 3.62 | 3.82 | 3.84 | 3.55 | 3.63 | 3.60 | 3.35 | 3.47 | 3.85 | 3.67 | 3.49 | 3.55 | 3.71 | 3.83 | 3.61 | 3.61 | 3.30 | 3.64 | 3.77 | 3.12 | 3.83 | 3.15 | 3.47 | 3.77 | 3.45
minimized_CNP0166169.3_docked_6,LYS323 | VAL465 | VAL418 | VAL512 | VAL512 | LEU557 | ALA510,3.07 | 2.85 | 2.99 | 3.04 | 2.99 | 3.04 | 3.17,VAL420 | VAL369 | VAL369 | VAL369 | VAL369 | VAL369 | VAL369 | THR560 | GLY603 | GLY603 | GLY364 | GLY364 | GLY509 | ILE559,3.69 | 3.88 | 3.84 | 3.81 | 3.82 | 3.54 | 3.35 | 3.82 | 3.84 | 3.75 | 3.87 | 3.66 | 3.86 | 3.58
minimized_CNP0166169.3_docked_7,GLN563 | VAL561 | ARG326 | ILE559 | VAL606 | ILE416 | LEU365,2.99 | 3.24 | 2.98 | 2.75 | 3.04 | 2.83 | 2.91,PRO322 | ARG326 | PRO322 | VAL608 | ILE559 | GLY509 | VAL463 | GLY462 | GLY417 | ALA366 | ILE559 | ALA366,3.79 | 3.76 | 3.88 | 3.77 | 3.86 | 3.61 | 3.86 | 3.58 | 3.40 | 3.86 | 3.31 | 3.72
minimized_CNP0166169.3_docked_8,VAL512 | VAL465 | VAL512 | VAL512 | LEU557 | ALA510,2.83 | 3.31 | 3.12 | 3.16 | 2.89 | 3.14,PRO322 | PRO322 | PRO322 | ARG326 | VAL608 | PRO322 | PRO322 | VAL561 | VAL561 | VAL561 | VAL561 | GLY603 | GLY603 | GLY364 | GLY509 | GLY509 | ILE559,3.81 | 3.86 | 3.81 | 3.74 | 3.47 | 3.89 | 3.79 | 3.79 | 3.66 | 3.67 | 3.76 | 3.89 | 3.76 | 3.73 | 3.84 | 3.86 | 3.58
minimized_CNP0166169.3_docked_9,ILE559 | VAL512 | VAL512 | VAL512 | LEU557 | ALA510,3.20 | 3.21 | 3.22 | 3.10 | 2.93 | 3.17,ARG326 | PRO322 | PRO322 | VAL561 | VAL561 | VAL561 | GLY603 | GLY603 | GLY364 | GLY509 | GLY509 | ALA556,3.73 | 3.39 | 3.78 | 3.49 | 3.86 | 3.88 | 3.72 | 3.52 | 3.74 | 3.60 | 3.58 | 3.68
minimized_CNP0166169.4_docked_1,VAL604 | LEU365 | VAL463 | ILE416 | THR560 | VAL561,3.10 | 2.67 | 2.87 | 2.45 | 2.93 | 3.06,ALA556 | ARG415 | GLY509 | GLY462 | GLY603 | ALA556 | ALA556 | ALA556 | ARG415 | ARG415 | ALA366 | ALA556 | ALA556 | GLY509 | GLY509 | GLY509 | GLY462 | GLY464 | ILE559 | ILE559 | ILE559 | CYS368 | HIS562,3.66 | 3.63 | 3.51 | 3.77 | 3.86 | 3.38 | 3.69 | 3.78 | 3.58 | 3.38 | 3.78 | 3.84 | 3.89 | 3.59 | 3.36 | 3.70 | 3.72 | 3.89 | 3.68 | 3.26 | 3.77 | 3.70 | 3.85
minimized_CNP0166169.4_docked_2,VAL463 | ILE416 | LEU557 | ALA510 | VAL561 | THR560 | HIS562 | ARG326,2.66 | 2.79 | 3.09 | 3.21 | 2.68 | 2.77 | 2.83 | 3.05,ALA556 | ARG415 | GLY462 | ARG415 | ARG415 | GLY603 | ALA556 | GLY509 | GLY509 | ILE559 | GLY603 | GLY603 | ALA556 | ALA556 | VAL604 | VAL418 | ALA366 | ALA466 | VAL608 | VAL608,3.63 | 3.66 | 3.62 | 3.79 | 3.90 | 3.65 | 3.74 | 3.89 | 3.35 | 3.74 | 3.79 | 3.53 | 3.61 | 3.71 | 3.82 | 3.64 | 3.48 | 3.61 | 3.63 | 3.79
minimized_CNP0166169.4_docked_3,VAL463 | ILE416 | LEU557 | ALA510 | VAL420 | VAL420 | ASP422 | VAL420,2.69 | 2.81 | 3.15 | 3.11 | 2.90 | 3.21 | 2.98 | 3.12,ALA556 | ARG415 | GLY462 | ARG415 | GLY603 | ALA556 | GLY364 | GLY509 | GLY509 | ILE559 | GLY603 | GLY603 | ALA556 | ALA556 | THR560 | CYS513 | CYS513,3.69 | 3.64 | 3.80 | 3.75 | 3.47 | 3.85 | 3.75 | 3.89 | 3.33 | 3.63 | 3.80 | 3.57 | 3.56 | 3.68 | 3.65 | 3.84 | 3.89
minimized_CNP0166169.4_docked_4,VAL604 | LEU365 | VAL463 | ILE416 | VAL369 | VAL369 | GLY371 | VAL369,3.17 | 2.62 | 2.80 | 2.61 | 2.83 | 3.00 | 3.13 | 3.25,ALA556 | GLY603 | ALA556 | ALA556 | ALA556 | GLY509 | ALA556 | ALA556 | ARG415 | ARG415 | GLY417 | ALA366 | ALA556 | ALA556 | GLY509 | GLY509 | GLY509 | GLY462 | ILE559 | ILE559 | ALA466 | VAL420 | VAL420,3.85 | 3.86 | 3.41 | 3.82 | 3.86 | 3.30 | 3.53 | 3.58 | 3.62 | 3.41 | 3.87 | 3.71 | 3.77 | 3.81 | 3.58 | 3.44 | 3.63 | 3.84 | 3.81 | 3.51 | 3.70 | 3.58 | 3.58
minimized_CNP0166169.4_docked_5,VAL604 | LEU365 | VAL463 | ILE416 | VAL420 | VAL420 | ASP422 | VAL420 | ASP422,3.13 | 2.54 | 2.79 | 2.59 | 2.73 | 3.16 | 3.27 | 3.20 | 3.13,ALA556 | ARG415 | GLY509 | GLY462 | GLY603 | ALA556 | ALA556 | ALA556 | ARG415 | ARG415 | ALA366 | ALA556 | ALA556 | GLY509 | GLY509 | GLY509 | GLY462 | ILE559 | ILE559 | ILE559 | ALA607 | ALA607 | CYS368,3.61 | 3.68 | 3.52 | 3.88 | 3.76 | 3.38 | 3.65 | 3.73 | 3.58 | 3.42 | 3.89 | 3.83 | 3.78 | 3.64 | 3.45 | 3.65 | 3.86 | 3.60 | 3.18 | 3.80 | 3.76 | 3.64 | 3.79
minimized_CNP0166169.4_docked_6,VAL604 | LEU365 | VAL463 | ILE416 | ARG326 | VAL561,3.17 | 2.53 | 2.79 | 2.59 | 2.94 | 2.83,ALA556 | ARG415 | ALA556 | GLY509 | GLY603 | ALA556 | ALA556 | ALA556 | ARG415 | ARG415 | ALA366 | ALA556 | ALA556 | GLY509 | GLY509 | GLY509 | GLY462 | ILE559 | ILE559 | ALA607 | ALA607 | VAL418 | CYS368 | VAL561 | VAL561,3.59 | 3.70 | 3.85 | 3.43 | 3.77 | 3.45 | 3.61 | 3.68 | 3.57 | 3.39 | 3.81 | 3.83 | 3.79 | 3.64 | 3.47 | 3.64 | 3.85 | 3.71 | 3.36 | 3.63 | 3.73 | 3.76 | 3.68 | 3.79 | 3.60
minimized_CNP0166169.4_docked_7,VAL463 | ILE416 | LEU557 | ALA510 | VAL514 | VAL514 | HIS516 | HIS516,2.64 | 2.72 | 3.04 | 3.11 | 2.87 | 3.08 | 3.19 | 2.86,ARG415 | ARG415 | GLY603 | ALA556 | GLY462 | GLY509 | GLY509 | ILE559 | GLY603 | GLY603 | LEU557 | ALA556 | ALA556 | VAL604 | VAL418 | ALA366 | ALA607 | VAL561,3.81 | 3.53 | 3.64 | 3.75 | 3.74 | 3.89 | 3.41 | 3.65 | 3.80 | 3.58 | 3.88 | 3.59 | 3.74 | 3.88 | 3.64 | 3.57 | 3.85 | 3.88
minimized_CNP0166169.4_docked_8,VAL606 | SER555,2.92 | 2.97,CYS368 | CYS368 | VAL418 | ILE559 | ILE559 | ILE559 | ILE559 | GLY417 | LEU557 | ALA556 | ALA556 | GLY603 | GLY462 | ARG415 | ARG415 | ALA556 | GLY509 | ALA556 | ALA556 | ARG415,3.46 | 3.53 | 3.50 | 3.89 | 2.86 | 3.88 | 3.80 | 3.69 | 3.72 | 3.88 | 3.65 | 3.83 | 3.46 | 3.63 | 3.67 | 3.78 | 3.72 | 3.45 | 3.89 | 3.51
minimized_CNP0166169.4_docked_9,GLY423 | ASP422 | VAL512 | VAL465 | VAL465 | VAL465 | VAL463 | ILE416 | GLY462,3.27 | 2.81 | 2.58 | 2.93 | 3.02 | 3.15 | 3.05 | 3.13 | 3.10,ARG470 | ASP422 | ASP422 | VAL420 | VAL467 | VAL420 | VAL467 | VAL467 | THR560 | GLY464 | GLY605 | ALA366,3.75 | 3.84 | 3.69 | 3.85 | 3.89 | 3.75 | 3.61 | 3.24 | 3.70 | 3.69 | 3.43 | 3.85
minimized_CNP0166169.5_docked_1,VAL606 | GLY367 | VAL561 | VAL561 | THR560 | ARG326,2.98 | 2.83 | 3.29 | 3.04 | 3.00 | 2.80,ALA556 | ARG415 | GLY603 | GLY364 | ARG415 | ALA556 | GLY509 | GLY509 | ILE559 | GLY511 | ARG415 | ARG415 | ALA366 | VAL608,3.61 | 3.69 | 3.43 | 3.30 | 3.72 | 3.47 | 3.53 | 3.30 | 3.18 | 3.88 | 3.68 | 3.59 | 3.37 | 3.84
minimized_CNP0166169.5_docked_2,VAL608 | VAL465 | VAL463 | ILE416 | SER555,3.05 | 2.98 | 3.20 | 3.26 | 3.12,CYS513 | VAL420 | VAL420 | VAL420 | ILE559 | ALA366 | ILE559 | GLY464 | GLY464 | ARG415 | GLY509 | GLY462 | GLY509 | ALA556 | ALA556 | ALA556 | GLY509 | GLY603 | ALA556 | GLY509 | GLY462 | GLY462 | GLY509,3.75 | 3.64 | 3.85 | 3.84 | 3.82 | 3.85 | 3.66 | 3.87 | 3.62 | 3.77 | 3.14 | 3.18 | 3.89 | 3.90 | 3.32 | 3.79 | 3.73 | 3.40 | 3.84 | 3.87 | 3.39 | 3.56 | 3.85
minimized_CNP0166169.5_docked_3,TYR334 | VAL604 | VAL465 | VAL418,3.08 | 3.10 | 3.10 | 3.02,ASN382 | ALA556 | TYR334 | GLY603 | GLY603 | ALA556 | ARG415 | ARG415 | GLY603 | ARG415 | GLY364 | ALA556 | ALA556 | ARG415 | VAL463 | GLY462 | GLY462 | ILE416 | ARG415 | ALA556 | ALA556 | ALA556 | ALA556 | GLY605 | ALA366 | GLY464 | GLY417,3.64 | 3.36 | 3.88 | 3.83 | 3.79 | 3.50 | 3.31 | 3.59 | 3.55 | 3.86 | 3.63 | 3.58 | 3.84 | 3.69 | 3.84 | 3.53 | 3.63 | 3.69 | 3.76 | 3.79 | 3.52 | 3.58 | 3.24 | 3.57 | 3.77 | 3.88 | 3.74
minimized_CNP0166169.5_docked_4,VAL606 | GLY367 | VAL514,2.93 | 3.03 | 3.02,ALA556 | ARG415 | ARG415 | GLY603 | GLY364 | ARG415 | ARG415 | ALA556 | GLY509 | GLY509 | ILE559 | GLY511 | ARG415 | ARG415 | ALA366 | VAL561 | VAL514 | VAL514 | VAL561,3.70 | 3.88 | 3.60 | 3.45 | 3.26 | 3.64 | 3.86 | 3.48 | 3.54 | 3.28 | 3.18 | 3.82 | 3.67 | 3.57 | 3.43 | 3.78 | 3.77 | 3.84 | 3.64
minimized_CNP0166169.5_docked_5,ILE416 | LEU365 | ILE559,2.70 | 2.92 | 3.04,ALA556 | ALA556 | ALA556 | GLY509 | ALA556 | ARG415 | ALA556 | GLY462 | GLY462 | ARG415 | ARG415 | GLY417 | GLY603 | ALA556 | ALA556 | ILE416 | GLY511 | ALA510 | ILE559 | GLY511 | ILE559 | ALA366 | ALA366 | ILE559 | ALA607 | VAL561,3.56 | 3.59 | 3.53 | 3.18 | 3.80 | 3.62 | 3.80 | 3.84 | 3.53 | 3.47 | 3.70 | 3.75 | 3.61 | 3.86 | 3.89 | 3.77 | 3.88 | 3.84 | 3.70 | 3.68 | 3.79 | 3.40 | 3.82 | 3.45 | 3.67 | 3.87
minimized_CNP0166169.5_docked_6,,,TYR525 | TYR525 | TYR572 | ARG415 | ARG415 | TYR572 | TYR525 | TYR525 | ARG415 | ARG415 | ARG415 | ALA556 | ALA556 | ALA556 | ARG415 | ALA556 | GLY603 | GLY603 | LEU557 | ALA556 | ARG415 | GLY364 | ARG415 | ARG415 | ILE559 | GLY417 | ILE559 | GLY511 | ILE559,3.65 | 3.88 | 3.77 | 3.06 | 3.71 | 3.83 | 3.84 | 3.62 | 3.80 | 3.33 | 3.83 | 3.25 | 3.78 | 3.56 | 3.86 | 3.47 | 3.80 | 3.59 | 3.83 | 3.69 | 3.75 | 3.87 | 3.59 | 3.56 | 3.70 | 3.34 | 3.85 | 3.80 | 3.59
minimized_CNP0166169.5_docked_7,GLY372 | GLY371 | THR560 | ILE559 | ILE559 | VAL604 | VAL463 | ILE416,3.31 | 2.81 | 2.89 | 2.67 | 3.28 | 3.34 | 2.96 | 2.79,GLY423 | VAL420 | VAL370 | VAL370 | VAL420 | VAL370 | VAL369 | VAL369 | CYS513 | ALA466 | ALA556 | GLY509 | GLY509 | GLY464 | ILE559,3.78 | 3.77 | 3.61 | 3.73 | 3.39 | 3.81 | 3.74 | 3.33 | 3.78 | 3.64 | 3.49 | 3.81 | 3.76 | 3.88 | 3.83
minimized_CNP0166169.5_docked_8,GLY423 | VAL606 | GLY367 | LEU557,3.35 | 3.30 | 2.72 | 3.09,ARG470 | ARG470 | ARG470 | ARG470 | VAL467 | ILE421 | VAL467 | VAL420 | VAL420 | VAL420 | VAL420 | VAL420 | VAL420 | THR560 | ILE559 | CYS513 | GLY364 | GLY364 | ALA556 | GLY417,3.56 | 3.89 | 3.48 | 3.78 | 3.88 | 3.90 | 3.79 | 3.73 | 3.64 | 3.56 | 3.83 | 3.26 | 3.83 | 3.78 | 3.78 | 3.55 | 3.70 | 3.77 | 3.78 | 3.58
minimized_CNP0166169.5_docked_9,ALA510 | ARG470 | ASN469,3.22 | 2.93 | 3.00,ALA556 | ARG415 | GLY603 | GLY364 | ALA556 | GLY509 | GLY509 | ILE559 | ILE559 | VAL604 | GLY605 | ALA366 | CYS368 | CYS368 | ARG470 | ARG470 | VAL467 | VAL420 | VAL420 | VAL467 | VAL467,3.67 | 3.63 | 3.46 | 3.37 | 3.54 | 3.63 | 3.63 | 2.55 | 3.74 | 3.88 | 3.74 | 3.82 | 3.80 | 3.61 | 3.75 | 3.86 | 3.68 | 3.79 | 3.48 | 3.62 | 3.78
minimized_CNP0166169.6_docked_1,GLY423 | VAL606 | THR560 | ILE559 | VAL465 | VAL465 | LEU557 | ALA510 | GLY509 | VAL463,3.18 | 2.89 | 3.09 | 2.95 | 3.28 | 3.00 | 3.01 | 3.08 | 2.90 | 3.34,ARG470 | ARG470 | ARG470 | ARG470 | VAL467 | ILE421 | VAL467 | VAL420 | VAL420 | VAL420 | VAL420 | VAL420 | GLY509 | GLY558,3.78 | 3.89 | 3.69 | 3.57 | 3.83 | 3.78 | 3.38 | 3.77 | 3.43 | 3.74 | 3.90 | 3.15 | 3.69 | 3.63
minimized_CNP0166169.6_docked_2,ALA510 | VAL512 | VAL465 | VAL561 | VAL561 | THR560 | HIS562 | ARG326,3.08 | 2.92 | 3.18 | 2.71 | 3.13 | 2.72 | 3.23 | 3.30,ALA556 | GLY603 | GLY364 | ARG415 | ALA556 | ILE559 | GLY511 | GLY462 | ARG415 | ARG415 | ARG415 | GLY462 | VAL463 | GLY464 | ALA366 | ALA366 | VAL418 | CYS368 | VAL608 | VAL608 | VAL608,3.36 | 3.51 | 3.84 | 3.84 | 3.50 | 3.03 | 3.71 | 3.82 | 3.86 | 3.16 | 3.28 | 3.67 | 3.89 | 3.86 | 3.50 | 3.66 | 3.90 | 3.51 | 3.84 | 3.60 | 3.37
minimized_CNP0166169.6_docked_3,VAL512 | VAL465 | LEU557 | ALA510 | GLY509,2.76 | 3.07 | 3.10 | 3.06 | 2.95,PRO322 | VAL514 | VAL561 | VAL561 | VAL561 | VAL561 | VAL561 | VAL561 | CYS513 | ALA607 | ARG415 | GLY509 | GLY417 | ALA366,3.78 | 3.79 | 3.70 | 3.80 | 3.82 | 3.65 | 3.52 | 3.47 | 3.88 | 3.73 | 3.83 | 3.56 | 3.85 | 3.86
minimized_CNP0166169.6_docked_4,HIS516 | VAL606 | GLY367 | VAL604 | VAL463 | ILE416,3.11 | 3.27 | 2.74 | 2.97 | 3.11 | 3.02,VAL514 | GLY564 | VAL561 | VAL561 | VAL561 | VAL561 | VAL514 | VAL561 | VAL561 | VAL561 | VAL561 | VAL514 | VAL514 | THR560 | GLY603 | ALA556 | ALA556 | GLY417 | ILE559,3.83 | 3.84 | 3.80 | 3.61 | 3.62 | 3.82 | 3.50 | 3.79 | 3.56 | 3.87 | 3.90 | 3.83 | 3.86 | 3.74 | 3.69 | 3.87 | 3.64 | 3.50 | 3.84
minimized_CNP0166169.6_docked_5,GLY423 | VAL465 | VAL418 | VAL606 | VAL604 | ILE416 | LEU365 | VAL604,3.28 | 2.67 | 2.88 | 3.06 | 3.05 | 2.59 | 3.00 | 2.70,ARG470 | ARG470 | ARG470 | ARG470 | VAL467 | ILE421 | VAL467 | VAL420 | VAL420 | VAL420 | VAL420 | VAL467 | VAL420 | THR560 | ALA556 | ALA556 | GLY417 | ILE559 | ILE559,3.84 | 3.89 | 3.69 | 3.57 | 3.68 | 3.70 | 3.21 | 3.62 | 3.89 | 3.37 | 3.73 | 3.75 | 3.39 | 3.60 | 3.83 | 3.38 | 3.88 | 3.59 | 3.81
minimized_CNP0166169.6_docked_6,VAL463 | ILE416 | VAL604 | LEU557 | VAL467 | HIS562 | ARG326,3.26 | 2.83 | 2.51 | 2.70 | 3.03 | 3.01 | 3.19,GLY462 | ARG415 | ARG415 | GLY462 | GLY462 | ALA556 | ALA556 | ALA510 | GLY509 | GLY464 | GLY417 | ILE559 | CYS513 | ALA466,3.66 | 3.81 | 3.85 | 3.83 | 3.55 | 3.89 | 3.72 | 3.67 | 3.89 | 3.87 | 3.78 | 3.55 | 3.88 | 3.53
minimized_CNP0166169.6_docked_7,VAL463 | ILE416 | VAL604 | LEU557 | VAL369 | ARG326 | ARG326,3.24 | 2.91 | 2.56 | 2.89 | 2.77 | 2.95 | 3.03,GLY462 | ARG415 | GLY462 | ARG415 | ALA556 | ALA556 | GLY509 | ALA366 | ALA366 | ALA510 | GLY509 | GLY509 | ALA556 | GLY464 | GLY417 | ILE559 | ILE559 | ALA466 | VAL369 | VAL608,3.76 | 3.70 | 3.47 | 3.81 | 3.46 | 3.47 | 3.68 | 3.73 | 3.65 | 3.83 | 3.47 | 3.67 | 3.77 | 3.70 | 3.66 | 3.54 | 3.64 | 3.74 | 3.74 | 3.75
minimized_CNP0166169.6_docked_8,ALA510 | VAL512,3.09 | 3.04,ALA556 | ARG415 | GLY603 | GLY364 | ARG415 | ALA556 | ALA556 | GLY509 | ILE559 | GLY511 | GLY511 | GLY462 | ARG415 | ARG415 | ARG415 | GLY462 | ARG415 | ALA366 | ALA366 | CYS368 | LEU468 | LEU468 | VAL467,3.47 | 3.83 | 3.60 | 3.71 | 3.79 | 3.87 | 3.38 | 3.88 | 2.97 | 3.88 | 3.49 | 3.75 | 3.84 | 3.16 | 3.28 | 3.62 | 3.89 | 3.63 | 3.78 | 3.62 | 3.64 | 3.81 | 3.65
minimized_CNP0166169.6_docked_9,ALA510 | GLY462 | VAL512 | VAL420 | VAL420,2.99 | 2.94 | 2.91 | 3.29 | 2.80,ALA556 | GLY603 | ALA556 | ALA556 | GLY509 | GLY509 | ILE559 | GLY511 | GLY462 | ARG415 | ARG415 | ARG415 | GLY462 | ARG415 | VAL463 | GLY464 | ALA366 | ALA366 | VAL418 | CYS368 | VAL467,3.35 | 3.63 | 3.89 | 3.48 | 3.88 | 3.84 | 3.01 | 3.63 | 3.68 | 3.87 | 3.21 | 3.35 | 3.57 | 3.88 | 3.84 | 3.79 | 3.58 | 3.77 | 3.89 | 3.59 | 3.88
minimized_CNP0166169.8_docked_1,VAL369 | VAL608 | THR560 | VAL463 | ILE416 | ILE416 | SER508,3.04 | 3.28 | 2.87 | 2.72 | 2.84 | 3.01 | 2.84,VAL369 | VAL369 | ALA607 | VAL369 | VAL369 | CYS368 | CYS368 | THR560 | CYS513 | ILE559 | ILE559 | ARG415 | ARG415 | GLY462 | GLY509 | ALA556 | ALA556 | ARG415 | GLY603 | GLY603 | GLY364 | GLY509 | GLY462 | GLY603,3.80 | 3.84 | 3.46 | 3.62 | 3.44 | 3.75 | 3.59 | 3.86 | 3.85 | 3.69 | 3.84 | 3.26 | 3.82 | 3.59 | 3.52 | 3.61 | 3.82 | 3.83 | 3.84 | 3.78 | 3.73 | 3.77 | 3.79 | 3.79
minimized_CNP0166169.8_docked_2,VAL467 | VAL467 | LEU557 | ALA510 | ILE416 | SER508 | SER508,2.81 | 3.03 | 2.82 | 3.12 | 3.25 | 2.75 | 2.94,VAL420 | CYS513 | GLY417 | ALA366 | ILE559 | ILE559 | ALA556 | GLY462 | ARG415 | ARG415 | ARG415 | GLY509 | GLY462 | ALA556 | GLY509 | GLY603 | GLY603 | ALA556 | GLY462 | GLY462 | ARG415 | ARG415 | ALA556 | ALA556,3.89 | 3.77 | 3.52 | 3.79 | 3.60 | 3.71 | 3.56 | 3.54 | 3.34 | 3.55 | 3.88 | 3.82 | 3.52 | 3.63 | 3.90 | 3.87 | 3.40 | 3.87 | 3.79 | 3.88 | 3.79 | 3.70 | 3.89 | 3.45
minimized_CNP0166169.8_docked_3,ASP422 | VAL420 | VAL512 | GLY367 | GLY367 | ALA510 | VAL463 | GLY509,3.13 | 3.06 | 2.79 | 2.96 | 3.04 | 3.01 | 3.22 | 3.01,ARG470 | ARG470 | ARG470 | ILE421 | VAL467 | VAL420 | VAL467 | ALA366 | ALA366 | ILE559,3.51 | 3.82 | 3.55 | 3.87 | 3.59 | 3.66 | 3.77 | 3.32 | 3.89 | 3.79
minimized_CNP0166169.8_docked_4,VAL420 | VAL418 | GLY367 | LEU557 | GLY509,3.05 | 3.08 | 2.96 | 2.99 | 2.99,ARG470 | VAL467 | VAL467 | VAL467 | VAL420 | VAL420 | VAL420 | VAL420 | VAL467 | VAL467 | VAL467 | GLY419 | ILE559 | GLY364 | ILE559,3.73 | 3.76 | 3.43 | 3.60 | 3.73 | 3.90 | 3.80 | 3.51 | 3.58 | 3.87 | 3.86 | 3.90 | 3.86 | 3.78 | 3.65
minimized_CNP0166169.8_docked_5,VAL604 | LEU365 | VAL463 | ILE416 | VAL467 | ASP422 | GLY423 | ASP422,2.88 | 3.27 | 2.57 | 2.70 | 3.29 | 3.12 | 3.17 | 2.93,ALA556 | ARG415 | GLY603 | GLY603 | GLY364 | ALA556 | ALA556 | ARG415 | ARG415 | ILE559 | GLY509 | GLY462 | GLY462 | GLY509 | GLY464 | ILE559 | ALA366 | ALA466 | ILE421 | VAL467 | VAL467,3.61 | 3.69 | 3.87 | 3.01 | 3.63 | 3.63 | 3.80 | 3.68 | 3.74 | 3.86 | 3.34 | 3.70 | 3.62 | 3.79 | 3.39 | 3.66 | 3.87 | 3.77 | 3.88 | 3.80 | 3.60
minimized_CNP0166169.8_docked_6,VAL514 | VAL514 | ILE416 | ILE416 | SER508 | SER508,2.78 | 2.86 | 2.62 | 3.30 | 2.76 | 3.03,VAL561 | VAL561 | THR560 | GLY558 | ALA366 | ALA366 | ALA556 | GLY462 | ARG415 | ARG415 | GLY509 | GLY462 | ALA556 | ALA556 | GLY509 | GLY603 | ALA556 | ALA556 | GLY462 | GLY462 | GLY462 | ARG415 | ALA556,3.71 | 3.77 | 3.59 | 3.79 | 3.67 | 3.64 | 3.57 | 3.59 | 3.49 | 3.70 | 3.78 | 3.64 | 3.66 | 3.74 | 3.73 | 3.72 | 3.88 | 3.85 | 3.54 | 3.67 | 3.77 | 3.85 | 3.40
minimized_CNP0166169.8_docked_7,HIS516 | GLY367 | GLY367 | ALA510 | VAL463 | LEU557 | ALA510 | GLY509,3.22 | 2.84 | 3.02 | 3.25 | 3.23 | 3.12 | 3.12 | 3.06,LEU515 | VAL561 | VAL561 | VAL514 | VAL514 | VAL561 | CYS513 | ALA366 | ILE559,3.51 | 3.41 | 3.86 | 3.37 | 3.78 | 3.71 | 3.75 | 3.42 | 3.82
minimized_CNP0166169.8_docked_8,VAL463 | ILE416 | ILE416 | SER508 | SER508,2.96 | 2.95 | 2.94 | 2.87 | 3.07,VAL369 | VAL369 | CYS368 | ILE559 | ALA366 | ALA556 | GLY462 | ARG415 | ARG415 | ARG415 | GLY462 | ALA556 | ALA556 | GLY509 | GLY603 | GLY462 | GLY462 | GLY462 | ALA556 | ALA556,3.80 | 3.71 | 3.82 | 3.81 | 3.79 | 3.68 | 3.43 | 3.41 | 3.57 | 3.86 | 3.55 | 3.73 | 3.87 | 3.74 | 3.60 | 3.66 | 3.81 | 3.59 | 3.87 | 3.41
minimized_CNP0166169.8_docked_9,VAL420 | ALA510 | VAL463 | LEU365 | ARG415,2.88 | 2.89 | 3.11 | 3.04 | 3.35,VAL420 | VAL420 | ALA466 | ALA466 | THR560 | ILE559 | ALA366 | ALA366 | GLY464 | GLY464 | ALA556 | GLY509 | ALA556 | ARG415 | ARG415 | ARG415 | ALA556 | GLY603 | ALA556 | ALA556 | ARG415 | ARG415 | ARG415 | ALA556 | ALA556,3.51 | 3.57 | 3.71 | 3.85 | 3.72 | 3.48 | 3.44 | 3.58 | 3.74 | 3.81 | 3.66 | 3.63 | 3.18 | 3.23 | 3.48 | 3.73 | 3.61 | 3.41 | 3.60 | 3.61 | 3.89 | 3.79 | 3.51 | 3.82 | 3.54
minimized_CNP0166169.9_docked_1,GLY564 | GLN563 | VAL465 | VAL418 | VAL604 | VAL463 | ILE416,3.00 | 3.10 | 2.80 | 2.70 | 2.92 | 3.16 | 2.90,VAL561 | VAL561 | VAL561 | VAL561 | VAL561 | VAL467 | VAL420 | VAL420 | THR560 | VAL418 | CYS368 | GLY603 | GLY464 | ILE559 | GLY558 | ILE559,3.78 | 3.72 | 3.73 | 3.67 | 3.30 | 3.74 | 3.87 | 3.71 | 3.80 | 3.55 | 3.79 | 3.61 | 3.68 | 3.33 | 3.88 | 3.63
minimized_CNP0166169.9_docked_2,ARG470 | VAL606 | GLY367 | VAL465 | VAL463 | VAL604 | LEU557,2.94 | 2.78 | 2.88 | 3.24 | 2.88 | 3.13 | 3.04,VAL467 | VAL467 | VAL467 | VAL467 | VAL369 | ALA607 | ALA607 | ALA466 | THR560 | GLY462 | GLY605 | ALA366 | VAL465 | ALA366 | ALA366 | GLY417,3.71 | 3.75 | 3.86 | 3.49 | 3.74 | 3.77 | 3.79 | 3.86 | 3.85 | 3.77 | 3.81 | 3.89 | 3.89 | 3.31 | 3.73 | 3.44
minimized_CNP0166169.9_docked_3,ARG326 | THR560 | VAL606 | ILE559 | VAL604 | ALA510 | VAL463,3.24 | 3.13 | 2.89 | 2.73 | 2.97 | 3.19 | 3.16,GLN563 | PRO322 | PRO322 | GLN563 | HIS562 | VAL561 | VAL561 | VAL561 | VAL608 | VAL608 | CYS368 | GLY464 | ILE559,3.62 | 3.52 | 3.66 | 3.88 | 3.68 | 3.41 | 3.70 | 3.81 | 3.74 | 3.68 | 3.80 | 3.81 | 3.50
minimized_CNP0166169.9_docked_4,GLY423 | ASP422 | VAL467 | THR560 | ILE559 | ILE416 | LEU557 | ALA510,3.12 | 3.06 | 2.80 | 3.04 | 2.89 | 3.16 | 2.94 | 3.15,VAL420 | VAL420 | VAL561 | VAL561 | THR560 | CYS513 | CYS513 | ILE559 | ALA366,3.61 | 3.61 | 3.69 | 3.86 | 3.73 | 3.23 | 3.82 | 3.77 | 3.21
minimized_CNP0166169.9_docked_5,HIS516 | VAL418 | GLY367 | ILE416 | VAL604,3.20 | 3.05 | 3.11 | 3.24 | 2.95,LEU515 | VAL514 | VAL561 | VAL514 | VAL514 | VAL420 | VAL420 | VAL420 | VAL420 | CYS513 | ALA466 | GLY462 | ILE559 | ALA366,3.89 | 3.32 | 3.66 | 3.89 | 3.66 | 3.73 | 3.83 | 3.71 | 3.85 | 3.72 | 3.73 | 3.89 | 3.81 | 3.75
minimized_CNP0166169.9_docked_6,GLN563 | VAL608 | ARG326 | VAL465 | VAL418,3.32 | 3.02 | 2.88 | 2.83 | 2.43,VAL561 | VAL420 | VAL420 | CYS513 | GLY509 | GLY462 | GLY462 | ALA556 | GLY558 | ILE559,3.81 | 3.71 | 3.45 | 3.69 | 3.77 | 3.54 | 3.74 | 3.88 | 3.80 | 3.84
minimized_CNP0166169.9_docked_7,ARG470 | ASN469 | VAL465 | VAL418 | VAL463 | VAL604 | LEU365,3.32 | 2.91 | 2.92 | 2.91 | 2.95 | 3.13 | 2.97,ARG470 | ARG470 | ASP422 | ARG470 | VAL467 | VAL514 | THR560 | ILE559 | ILE559 | CYS513 | GLY509 | GLY605 | ALA366 | GLY417,3.83 | 3.68 | 3.83 | 3.59 | 3.56 | 3.76 | 3.77 | 3.76 | 3.85 | 3.70 | 3.67 | 3.73 | 3.75 | 3.89
minimized_CNP0166169.9_docked_8,VAL420 | VAL420 | VAL418 | GLY367 | VAL606 | ILE559,3.17 | 2.77 | 3.15 | 2.92 | 3.19 | 3.22,GLY564 | LEU515 | LEU468 | LEU468 | VAL467 | VAL514 | VAL514 | ALA366 | ILE559 | ILE559 | THR560,3.61 | 3.83 | 3.65 | 3.81 | 3.90 | 3.85 | 3.61 | 3.72 | 3.80 | 3.71 | 3.65
minimized_CNP0166169.9_docked_9,VAL463 | VAL606 | ILE559 | ILE559 | VAL606 | GLY367,2.91 | 3.18 | 3.31 | 3.24 | 2.87 | 2.82,TYR525 | TYR525 | TYR525 | TYR334 | TYR334 | TYR572 | PHE577 | PHE577 | TYR334 | TYR334 | TYR334 | GLY509 | GLY462 | ARG415 | ARG415 | GLY364 | ARG415 | ARG415 | ARG415 | GLY462 | ARG415 | ARG415 | ALA366 | ALA366 | ALA366 | ALA366 | LEU557 | ALA556 | GLY462 | LEU557,3.78 | 3.72 | 3.83 | 3.73 | 3.63 | 3.69 | 3.86 | 3.47 | 3.82 | 3.47 | 3.58 | 3.66 | 3.64 | 3.46 | 3.25 | 2.96 | 3.58 | 3.31 | 3.77 | 3.72 | 3.80 | 3.81 | 3.81 | 3.85 | 3.08 | 3.53 | 3.30 | 3.69 | 3.88 | 3.85
minimized_CNP0166209.1_docked_1,VAL604 | VAL604 | LEU557 | VAL463 | ILE416,2.71 | 3.06 | 2.85 | 2.69 | 2.65,VAL420 | ALA466 | VAL467 | GLY603 | GLY603 | ALA556 | ALA556 | VAL512 | VAL512 | GLY511 | GLY511 | GLY464 | VAL465 | VAL465 | GLY417 | ILE559 | ILE559,3.51 | 3.69 | 3.64 | 3.55 | 3.14 | 3.42 | 3.68 | 3.78 | 3.83 | 3.81 | 3.79 | 3.44 | 3.72 | 3.90 | 3.80 | 3.69 | 3.84
minimized_CNP0166209.1_docked_2,VAL467 | VAL467 | VAL420 | ALA510 | GLY462 | VAL604 | LEU557 | VAL512 | VAL512,3.05 | 3.25 | 3.02 | 2.70 | 2.99 | 2.56 | 2.71 | 2.88 | 2.98,VAL467 | VAL467 | GLY419 | ALA466 | GLY509 | VAL463 | GLY462 | GLY462 | VAL465 | GLY417 | GLY417 | GLY605 | ALA366 | ILE559,3.68 | 3.17 | 3.71 | 3.67 | 3.52 | 3.71 | 3.25 | 3.75 | 3.88 | 3.79 | 3.65 | 3.90 | 3.85 | 3.88
minimized_CNP0166209.1_docked_3,VAL561 | VAL606 | VAL606 | GLY367 | GLY367 | VAL512 | VAL465 | VAL465 | VAL512 | VAL465 | VAL418,2.64 | 2.95 | 2.99 | 3.03 | 3.02 | 3.03 | 2.91 | 2.83 | 3.29 | 2.90 | 2.72,HIS562 | VAL561 | VAL561 | GLY605 | ALA366 | ALA366 | ILE559 | CYS368 | CYS368 | THR560,3.88 | 3.74 | 3.78 | 3.63 | 3.85 | 3.64 | 3.73 | 3.62 | 3.69 | 3.86
minimized_CNP0166209.1_docked_4,GLY564 | VAL512 | VAL465 | VAL465 | VAL606 | VAL606 | GLY367 | GLY367 | VAL606 | GLY367,3.05 | 2.83 | 3.00 | 2.97 | 2.87 | 3.17 | 2.77 | 3.01 | 2.57 | 2.81,VAL561 | VAL561 | VAL561 | GLY464 | ALA366 | THR560 | CYS513 | ALA466,3.52 | 3.45 | 3.89 | 3.86 | 3.77 | 3.76 | 3.61 | 3.80
minimized_CNP0166209.1_docked_5,GLY371 | VAL604 | LEU557 | VAL465 | VAL418 | VAL418 | VAL465 | VAL418,3.12 | 3.09 | 3.11 | 3.21 | 2.99 | 3.09 | 2.73 | 2.71,VAL420 | VAL420 | VAL420 | VAL467 | GLY558 | CYS368 | THR560 | CYS513 | CYS513,3.64 | 3.66 | 3.79 | 3.73 | 3.75 | 3.73 | 3.46 | 3.67 | 3.79
minimized_CNP0166209.1_docked_6,ILE559 | ILE559 | VAL465 | VAL463 | VAL418,3.08 | 3.04 | 3.18 | 2.94 | 3.23,TYR572 | TYR572 | TYR572 | SER602 | TYR572 | TYR572 | TYR572 | ALA556 | ALA556 | PHE577 | TYR334 | TYR334 | ARG415 | ARG415 | ARG415 | ALA556 | ARG415 | ALA556 | ALA556 | GLY462 | GLY462 | ARG415 | ARG415 | ARG415 | GLY417 | LEU557 | ALA556 | GLY364 | GLY364 | GLY509 | GLY509,3.81 | 3.38 | 3.82 | 3.85 | 3.85 | 3.67 | 3.07 | 3.69 | 3.88 | 3.74 | 3.61 | 3.49 | 3.46 | 3.69 | 3.69 | 3.16 | 3.58 | 3.12 | 3.66 | 3.45 | 3.54 | 3.89 | 3.65 | 3.89 | 3.59 | 3.53 | 3.75 | 3.39 | 3.18 | 3.88 | 3.48
minimized_CNP0166209.1_docked_7,VAL561 | LEU365 | ILE559 | ILE559 | VAL465 | VAL418 | VAL418 | VAL512 | VAL465,3.22 | 3.18 | 3.08 | 3.05 | 3.23 | 2.85 | 2.99 | 2.80 | 3.19,ARG326 | ARG326 | HIS562 | ARG326 | VAL561 | VAL561 | VAL561 | GLY605 | GLY419,3.82 | 3.54 | 3.43 | 3.86 | 3.70 | 3.80 | 3.54 | 3.86 | 3.60
minimized_CNP0166209.1_docked_8,ALA510 | GLY462 | VAL604 | LEU557 | VAL512 | VAL512,2.70 | 2.99 | 2.58 | 2.70 | 3.02 | 3.04,VAL467 | VAL420 | VAL420 | VAL420 | VAL420 | CYS513 | GLY509 | VAL463 | GLY462 | GLY462 | GLY417 | ILE416 | ALA366 | ALA366,3.85 | 3.64 | 3.39 | 3.82 | 3.77 | 3.87 | 3.54 | 3.71 | 3.28 | 3.78 | 3.35 | 3.84 | 2.83 | 3.67
minimized_CNP0166209.1_docked_9,VAL463 | VAL606 | VAL606 | ILE559 | VAL606 | GLY367 | VAL512 | VAL465,2.87 | 2.83 | 3.28 | 2.84 | 3.18 | 3.01 | 2.85 | 2.91,PRO322 | PRO322 | HIS562 | VAL561 | VAL561 | VAL561 | GLY464 | GLY417 | ALA366 | ILE559 | GLY419 | ALA607,3.70 | 3.51 | 3.54 | 3.64 | 3.59 | 3.82 | 3.84 | 3.76 | 3.79 | 3.61 | 3.83 | 3.86
minimized_CNP0167093.3_docked_1,VAL369 | VAL608 | VAL608 | VAL369 | THR560 | VAL512 | VAL465 | ILE559,3.23 | 2.87 | 2.99 | 2.87 | 3.07 | 3.05 | 3.00 | 3.20,VAL420 | ILE559 | ALA556 | ARG415 | ALA556 | ARG415 | GLY364 | ARG415 | ALA556 | ALA366 | GLY605 | ALA366 | ARG415 | ARG415 | ARG415 | GLY364 | GLY364 | ARG415,3.78 | 3.52 | 3.47 | 3.89 | 3.90 | 3.68 | 3.81 | 3.79 | 3.41 | 3.88 | 3.74 | 3.86 | 3.76 | 3.32 | 3.00 | 3.72 | 3.70 | 3.87
minimized_CNP0167093.3_docked_2,VAL604 | LEU365 | ALA510 | GLY462 | VAL604 | LEU365 | GLY367,2.88 | 3.15 | 2.79 | 3.14 | 3.03 | 2.81 | 3.29,GLY509 | GLY509 | GLY462 | CYS513 | CYS513 | VAL561 | VAL561 | VAL561 | VAL561 | VAL514 | ALA366,3.85 | 3.47 | 3.61 | 3.89 | 3.89 | 3.72 | 3.86 | 3.65 | 3.73 | 3.88 | 3.88
minimized_CNP0167093.3_docked_3,VAL608 | VAL608 | VAL561 | VAL561 | THR560 | VAL369 | VAL418 | VAL512,2.75 | 3.01 | 2.72 | 3.10 | 2.94 | 2.89 | 2.98 | 2.80,ILE559 | GLY511 | ALA556 | ARG415 | GLY509 | GLY462 | ALA556 | ARG415 | ARG415 | GLY509 | GLY509 | GLY558 | GLY364 | GLY364 | ARG415,3.79 | 3.76 | 3.48 | 3.85 | 3.68 | 3.45 | 3.85 | 3.73 | 3.86 | 3.79 | 3.44 | 3.61 | 3.49 | 3.29 | 3.88
minimized_CNP0167093.3_docked_4,VAL514 | VAL467 | VAL561 | VAL606 | ILE559 | VAL512,2.71 | 3.09 | 3.09 | 3.22 | 2.85 | 3.13,VAL467 | ILE559 | ALA556 | ALA556 | ARG415 | GLY509 | GLY462 | ARG415 | ALA556 | GLY509 | ALA366 | GLY417 | GLY605 | ARG415 | ARG415 | ARG415 | GLY364 | GLY364 | GLY364 | GLY462 | ARG415,3.55 | 3.67 | 3.55 | 3.70 | 3.86 | 3.85 | 3.79 | 3.80 | 3.61 | 3.76 | 3.64 | 3.72 | 3.82 | 3.71 | 3.37 | 2.98 | 3.69 | 3.61 | 3.84 | 3.87 | 3.80
minimized_CNP0167093.3_docked_5,SER555 | ILE416 | VAL465 | VAL606 | GLY367,3.18 | 3.02 | 3.21 | 2.93 | 2.51,ARG415 | ALA556 | ARG415 | ARG415 | ALA556 | ALA556 | ILE559 | GLY511 | GLY511 | GLY462 | GLY462 | GLY509 | ALA556,3.84 | 3.65 | 3.81 | 3.36 | 3.61 | 3.89 | 3.30 | 3.89 | 3.64 | 3.62 | 3.84 | 3.44 | 3.58
minimized_CNP0167093.3_docked_6,VAL512 | VAL465 | VAL418,3.19 | 2.78 | 2.86,GLY603 | ALA556 | ARG415 | ARG415 | ARG415 | ALA556 | GLY509 | ARG415 | ILE559 | ALA366 | GLY605 | GLY417 | VAL418 | VAL418 | ILE559 | ALA556,3.58 | 3.82 | 3.71 | 3.85 | 3.60 | 3.89 | 3.85 | 3.73 | 3.17 | 3.61 | 3.75 | 3.69 | 3.76 | 3.85 | 3.58 | 3.58
minimized_CNP0167093.3_docked_7,ALA510 | VAL604 | LEU365 | ALA510 | VAL606,3.10 | 3.02 | 2.83 | 3.12 | 3.31,GLY364 | GLY364 | CYS368 | VAL467 | ILE559 | ILE559 | ALA366,3.67 | 3.58 | 3.59 | 3.49 | 3.39 | 3.58 | 3.81
minimized_CNP0167093.3_docked_8,VAL463 | ILE416 | VAL604 | VAL604 | LEU557 | ALA556 | VAL463 | ILE416 | VAL606 | VAL512 | VAL467,2.84 | 3.35 | 2.81 | 3.11 | 2.87 | 3.31 | 2.92 | 3.15 | 3.23 | 3.06 | 2.93,GLY603 | GLY603 | ALA556 | ALA556 | CYS513 | ALA466 | ALA466 | ILE559 | ILE559 | ALA366,3.80 | 3.42 | 3.58 | 3.75 | 3.51 | 3.58 | 3.48 | 3.70 | 3.73 | 3.64
minimized_CNP0167093.3_docked_9,SER555 | VAL512,3.09 | 3.09,GLY509 | SER508 | ALA556 | ALA556 | ARG415 | ARG415 | ALA556 | ILE559 | ALA366 | GLY417 | VAL418 | CYS368 | VAL418 | ILE559 | GLY603 | ALA556 | ALA556,3.73 | 3.86 | 3.77 | 3.88 | 3.60 | 3.41 | 3.43 | 3.31 | 3.72 | 3.59 | 3.73 | 3.89 | 3.83 | 3.47 | 3.76 | 3.75 | 3.56
minimized_CNP0167093.4_docked_1,ALA510 | ILE416 | LEU365 | ALA510 | VAL606 | VAL606 | GLY367 | GLY367 | ARG470,2.94 | 2.73 | 3.17 | 2.70 | 2.71 | 2.87 | 2.80 | 2.89 | 3.02,ARG415 | GLY364 | GLY364 | GLY464 | CYS513 | LEU468 | VAL467 | VAL467 | VAL467 | VAL514 | ALA366,3.81 | 3.80 | 3.80 | 3.78 | 3.73 | 3.82 | 3.83 | 3.79 | 3.64 | 3.72 | 3.86
minimized_CNP0167093.4_docked_2,ALA510 | ILE416 | LEU365 | ALA510 | VAL606 | VAL606 | GLY367 | GLY367 | GLY423 | ASP422,3.01 | 2.70 | 3.18 | 2.75 | 2.61 | 2.84 | 2.73 | 2.88 | 3.15 | 3.00,ARG415 | GLY364 | GLY364 | GLY464 | VAL420 | VAL420 | VAL420 | VAL420 | VAL467 | ALA366 | ALA366,3.87 | 3.76 | 3.77 | 3.82 | 3.80 | 3.69 | 3.72 | 3.26 | 3.75 | 3.85 | 3.89
minimized_CNP0167093.4_docked_3,ALA510 | ILE416 | LEU365 | ALA510 | VAL606 | VAL606 | GLY367 | GLY367 | THR560 | HIS516,2.92 | 2.71 | 3.18 | 2.65 | 2.76 | 2.82 | 2.81 | 2.79 | 2.72 | 3.18,ARG415 | GLY364 | GLY364 | GLY464 | VAL514 | VAL514 | VAL514 | VAL514 | VAL514 | VAL514 | ALA366 | ALA366,3.77 | 3.83 | 3.84 | 3.78 | 3.62 | 3.63 | 3.82 | 3.81 | 3.74 | 3.13 | 3.83 | 3.88
minimized_CNP0167093.4_docked_4,LEU557 | ALA510 | ILE416 | LEU365 | LEU557 | ALA510 | VAL606 | VAL606 | GLY367 | GLY367 | VAL420 | GLN563,2.99 | 3.30 | 2.70 | 2.95 | 3.25 | 3.12 | 3.04 | 3.18 | 2.98 | 3.06 | 3.22 | 3.22,ARG415 | VAL561 | VAL561 | VAL561 | VAL561 | ALA466 | ALA466 | VAL561 | VAL514 | VAL418 | ALA366,3.81 | 3.46 | 3.65 | 3.58 | 3.85 | 3.60 | 3.39 | 3.85 | 3.84 | 3.70 | 3.71
minimized_CNP0167093.4_docked_5,ALA510 | VAL463 | VAL604 | LEU365 | VAL606 | ILE559 | ILE559 | ASN469,2.72 | 2.99 | 2.85 | 2.64 | 3.35 | 2.96 | 3.16 | 3.29,GLY509 | GLY509 | VAL463 | GLY462 | CYS513 | VAL467,3.80 | 3.58 | 3.78 | 3.66 | 3.60 | 3.45
minimized_CNP0167093.4_docked_6,VAL463 | ILE416 | VAL604 | VAL604 | LEU557 | ALA556 | VAL463 | ILE559 | VAL606 | ILE559 | THR560,2.86 | 3.07 | 2.86 | 3.15 | 2.78 | 3.25 | 2.90 | 3.14 | 2.76 | 2.71 | 2.99,GLY603 | GLY603 | ALA556 | ALA466 | ALA466 | CYS368 | CYS368 | VAL420 | ILE559,3.74 | 3.42 | 3.69 | 3.76 | 3.63 | 3.75 | 3.60 | 3.72 | 3.76
minimized_CNP0167093.4_docked_7,VAL561 | VAL514 | VAL608 | THR560 | ILE559 | ILE559 | ALA510,3.18 | 2.90 | 3.31 | 3.07 | 2.83 | 2.96 | 2.98,VAL608 | VAL561 | ILE559 | GLY603 | ARG415 | GLY364 | GLY603 | ALA366 | ALA366 | GLY511 | GLY509 | GLY509 | GLY462 | GLY462 | VAL463 | VAL418,3.87 | 3.68 | 3.29 | 3.89 | 3.71 | 3.89 | 3.58 | 2.85 | 3.41 | 3.69 | 3.65 | 3.11 | 3.68 | 3.86 | 3.85 | 3.73
minimized_CNP0167093.4_docked_8,VAL604 | LEU365 | ALA510 | VAL604 | LEU365 | VAL465 | VAL512 | VAL465,2.99 | 2.83 | 2.71 | 2.89 | 2.81 | 3.04 | 2.66 | 2.75,GLY509 | GLY462 | ALA607 | CYS513 | VAL561 | VAL561,3.69 | 3.76 | 3.75 | 3.69 | 3.71 | 3.90
minimized_CNP0167093.4_docked_9,VAL604 | ILE559,2.99 | 3.19,GLY603 | GLY364 | ARG415 | ARG415 | ALA556 | ARG415 | GLY603 | ALA556 | ARG415 | ALA556 | ILE559 | ALA466 | GLY464 | ILE559 | ALA366 | ALA366 | ILE559 | GLY367 | VAL418 | CYS368 | ILE559 | GLY464,3.50 | 3.61 | 3.52 | 3.54 | 3.78 | 3.85 | 3.63 | 3.72 | 3.70 | 3.56 | 3.49 | 3.64 | 3.65 | 3.12 | 3.13 | 3.62 | 3.83 | 3.71 | 3.81 | 3.56 | 3.79 | 3.70
minimized_CNP0169870.1_docked_1,VAL463 | ILE416 | ALA510 | VAL463 | VAL512 | VAL606 | VAL606 | GLY367 | GLY367,3.02 | 3.31 | 2.88 | 3.01 | 2.90 | 2.91 | 2.84 | 3.10 | 3.00,GLY603 | GLY603 | GLY364 | GLY364 | GLY462 | GLY464 | VAL467 | VAL467 | CYS368 | VAL420 | VAL420 | ASP422,3.61 | 3.64 | 3.88 | 3.73 | 3.86 | 3.66 | 3.85 | 3.33 | 3.75 | 3.87 | 3.45 | 3.81
minimized_CNP0169870.1_docked_2,VAL463 | ILE416 | ALA510 | VAL463 | VAL512 | VAL606 | VAL606 | GLY367 | GLY367,3.00 | 3.15 | 2.99 | 2.91 | 2.91 | 2.91 | 2.87 | 3.13 | 3.07,GLY603 | GLY603 | GLY364 | GLY364 | GLY462 | GLY462 | GLY464 | CYS368 | VAL420 | ALA607 | ALA607 | ALA607 | ALA607 | VAL369,3.64 | 3.69 | 3.79 | 3.65 | 3.81 | 3.85 | 3.67 | 3.74 | 3.68 | 3.62 | 3.54 | 3.64 | 3.87 | 3.86
minimized_CNP0169870.1_docked_3,VAL463 | ILE416 | ALA510 | VAL463 | VAL512 | VAL606 | VAL606 | GLY367 | GLY367,2.99 | 3.22 | 2.96 | 2.94 | 2.94 | 2.96 | 2.73 | 3.22 | 2.99,GLY603 | GLY603 | GLY364 | GLY364 | GLY462 | GLY462 | GLY464 | THR560 | CYS513 | VAL561,3.64 | 3.64 | 3.78 | 3.60 | 3.78 | 3.83 | 3.73 | 3.88 | 3.84 | 3.41
minimized_CNP0169870.1_docked_4,VAL604 | LEU365 | VAL606 | ILE559 | VAL465 | VAL465 | VAL418 | VAL418,2.70 | 2.63 | 3.28 | 3.04 | 2.89 | 3.17 | 3.12 | 3.31,VAL463 | GLY558 | VAL608 | VAL608 | VAL561 | PRO322,3.70 | 3.79 | 3.76 | 3.88 | 3.63 | 3.59
minimized_CNP0169870.1_docked_5,VAL463 | ILE416 | ALA510 | VAL463 | VAL512 | VAL606 | VAL606 | GLY367 | GLY367,2.90 | 3.15 | 2.99 | 2.86 | 2.88 | 2.92 | 2.89 | 3.04 | 2.97,GLY603 | GLY603 | GLY364 | GLY462 | GLY462 | GLY464 | CYS513 | CYS513 | CYS513 | CYS513 | VAL514 | VAL514 | VAL514,3.67 | 3.69 | 3.75 | 3.79 | 3.89 | 3.74 | 3.85 | 3.69 | 3.80 | 3.74 | 3.46 | 3.62 | 3.74
minimized_CNP0169870.1_docked_6,VAL604 | LEU365 | ILE559 | VAL465 | VAL465 | VAL418 | VAL418 | THR560,2.70 | 2.69 | 3.31 | 3.08 | 3.18 | 3.03 | 2.99 | 2.97,GLY509 | VAL463 | GLY462 | GLY605 | CYS513 | CYS513 | VAL561 | VAL561 | VAL514 | VAL514 | VAL514 | GLY417,3.78 | 3.73 | 3.74 | 3.70 | 3.74 | 3.83 | 3.54 | 3.60 | 3.81 | 3.73 | 3.88 | 3.64
minimized_CNP0169870.1_docked_7,VAL604 | LEU365 | VAL606 | ILE559 | VAL465 | VAL465 | VAL418,2.84 | 2.68 | 3.11 | 3.22 | 3.10 | 3.34 | 3.26,GLY509 | VAL463 | GLY462 | GLY558 | ALA466 | ALA466 | ILE559 | VAL420 | VAL420,3.73 | 3.78 | 3.59 | 3.72 | 3.61 | 3.73 | 3.86 | 3.45 | 3.88
minimized_CNP0169870.1_docked_8,ILE416 | VAL463 | ILE416 | VAL606 | VAL606 | ILE559,2.92 | 2.57 | 2.66 | 3.07 | 3.26 | 2.65,GLY603 | GLY603 | LEU557 | ALA556 | ALA556 | GLY417 | ALA607 | CYS368 | VAL369,3.55 | 3.24 | 3.78 | 3.38 | 3.78 | 3.68 | 3.59 | 3.63 | 3.37
minimized_CNP0169870.1_docked_9,VAL512 | VAL512 | VAL465 | ILE559 | VAL465 | VAL604,3.28 | 2.70 | 2.59 | 3.08 | 3.25 | 2.61,ALA607 | ALA607 | ALA556 | ALA556 | ALA556 | ALA556 | GLY509 | GLY462 | GLY462 | GLY603 | GLY364 | GLY364 | GLY462 | GLY603 | GLY364 | GLY509 | GLY462 | GLY462 | ALA556 | GLY509 | GLY462 | ALA556 | ARG415 | ARG415 | ALA556 | ARG415 | TYR525 | TYR525 | TYR525 | ALA366,3.60 | 3.85 | 3.86 | 3.30 | 3.35 | 3.87 | 3.76 | 3.83 | 3.89 | 3.54 | 3.80 | 3.15 | 3.73 | 3.44 | 3.63 | 2.88 | 3.69 | 3.02 | 3.38 | 3.64 | 3.27 | 3.88 | 3.66 | 3.61 | 3.72 | 3.60 | 3.77 | 3.27 | 3.52 | 3.69
minimized_CNP0170620.2_docked_1,VAL418 | GLY367 | VAL465 | VAL465 | VAL418 | VAL418,3.21 | 3.00 | 2.86 | 3.22 | 3.01 | 3.26,GLY423 | VAL370 | VAL370 | VAL370 | VAL420 | VAL370 | VAL369 | VAL369 | VAL369 | GLY603 | GLY511 | ILE416 | GLY605 | ALA366,3.79 | 3.28 | 3.85 | 3.54 | 3.33 | 3.83 | 3.74 | 3.60 | 3.70 | 3.71 | 3.60 | 3.89 | 3.87 | 3.77
minimized_CNP0170620.2_docked_2,GLY423 | ASP422 | VAL418 | GLY367 | VAL465 | VAL465,3.09 | 2.97 | 3.13 | 2.76 | 2.88 | 2.98,ARG470 | ARG470 | ARG470 | ARG470 | VAL467 | VAL420 | VAL420 | VAL420 | ALA466 | ALA466 | CYS368 | GLY603 | GLY511 | ALA510 | ILE416 | GLY605 | ILE559 | ALA366,3.87 | 3.38 | 3.82 | 3.67 | 3.71 | 3.81 | 3.50 | 3.80 | 3.61 | 3.75 | 3.82 | 3.72 | 3.69 | 3.89 | 3.83 | 3.67 | 3.76 | 3.82
minimized_CNP0170620.2_docked_3,HIS516 | ILE559 | VAL418 | VAL418 | ILE416,3.04 | 3.26 | 3.05 | 2.97 | 2.92,HIS516 | LEU515 | LEU515 | VAL561 | LEU515 | VAL514 | VAL514 | CYS368 | ALA556 | ALA556 | ALA556 | GLY464 | VAL606,3.84 | 3.07 | 3.74 | 3.38 | 3.74 | 3.74 | 3.73 | 3.64 | 3.83 | 3.75 | 3.41 | 3.69 | 3.72
minimized_CNP0170620.2_docked_4,HIS516 | VAL606 | VAL418 | VAL418 | ILE416,3.17 | 2.81 | 2.85 | 3.21 | 2.88,GLY564 | VAL561 | VAL561 | VAL561 | VAL418 | VAL418 | CYS368 | ALA556 | GLY509 | GLY509 | GLY464 | VAL606,3.60 | 3.76 | 3.61 | 3.61 | 3.68 | 3.83 | 3.53 | 3.51 | 3.81 | 3.88 | 3.31 | 3.68
minimized_CNP0170620.2_docked_5,VAL606 | GLY367 | VAL418 | VAL418,2.88 | 2.98 | 2.95 | 2.88,ARG470 | ASP422 | ASP422 | VAL467 | VAL467 | ALA466 | ALA556 | ALA556 | ALA556 | GLY464 | ALA366 | VAL606,3.89 | 3.90 | 3.31 | 3.74 | 3.78 | 3.68 | 3.86 | 3.68 | 3.43 | 3.74 | 3.89 | 3.78
minimized_CNP0170620.2_docked_6,VAL512 | VAL465 | VAL606 | VAL606 | ILE559,2.73 | 2.70 | 3.16 | 3.11 | 3.20,LEU515 | LEU515 | VAL561 | VAL561 | ALA366 | ALA366 | LEU365 | LEU557 | GLY464 | ILE559 | ILE559,3.59 | 3.61 | 3.52 | 3.83 | 3.54 | 3.78 | 3.82 | 3.70 | 3.87 | 3.81 | 3.28
minimized_CNP0170620.2_docked_7,VAL514 | ARG326 | THR560 | VAL418 | VAL606 | GLY367,2.85 | 3.25 | 3.26 | 3.13 | 2.87 | 2.94,HIS516 | GLY564 | LEU515 | VAL608 | ALA607 | ILE559 | GLY558 | GLY417 | CYS513 | CYS513,3.72 | 3.47 | 3.75 | 3.71 | 3.87 | 3.63 | 3.89 | 3.60 | 3.49 | 3.67
minimized_CNP0170620.2_docked_8,GLY564 | ILE559 | VAL512,2.90 | 2.69 | 3.15,GLN563 | GLN563 | PRO322 | GLN563 | PRO322 | VAL561 | ALA466 | ALA466 | ALA466 | GLY558 | ILE559 | VAL418 | CYS368,3.85 | 3.68 | 3.76 | 3.53 | 3.51 | 3.75 | 3.56 | 3.88 | 3.57 | 3.90 | 3.48 | 3.75 | 3.70
minimized_CNP0170620.2_docked_9,GLY564 | GLN563 | THR560 | VAL418 | GLY367 | VAL606 | VAL604,2.93 | 3.03 | 3.01 | 3.22 | 3.09 | 3.27 | 2.98,VAL561 | VAL420 | CYS368 | CYS368 | ALA607 | GLY417 | ALA366 | ILE559 | THR560 | ILE559 | CYS513,3.65 | 3.63 | 3.58 | 3.85 | 3.88 | 3.60 | 3.71 | 3.86 | 3.68 | 3.86 | 3.31
minimized_CNP0170620.3_docked_1,VAL604 | LEU557 | ALA510 | VAL514 | GLY564 | GLN563,2.84 | 3.26 | 2.86 | 3.02 | 2.90 | 3.22,GLY603 | ALA556 | ARG415 | ALA556 | GLY603 | GLY364 | ALA556 | ALA556 | GLY509 | GLY509 | GLY462 | GLY462 | VAL463 | GLY462 | GLY464 | GLY464 | ILE559 | ALA366 | ILE559 | ALA366 | VAL561 | HIS562 | VAL561 | VAL561,3.85 | 3.87 | 3.70 | 3.69 | 3.50 | 3.88 | 3.78 | 3.84 | 3.79 | 3.13 | 3.65 | 3.69 | 3.83 | 3.85 | 3.51 | 3.87 | 3.46 | 3.74 | 3.77 | 3.86 | 3.69 | 3.79 | 3.77 | 3.68
minimized_CNP0170620.3_docked_2,VAL604 | LEU557 | ALA510 | VAL369 | VAL561 | ARG326 | ARG326,2.75 | 3.22 | 2.75 | 2.85 | 2.71 | 3.09 | 3.03,GLY603 | ALA556 | ARG415 | ALA556 | GLY509 | GLY603 | ALA556 | ALA556 | GLY509 | GLY509 | GLY462 | GLY462 | VAL463 | GLY464 | ILE559 | ALA366 | ILE559 | VAL608 | VAL420,3.89 | 3.80 | 3.77 | 3.86 | 3.82 | 3.59 | 3.90 | 3.85 | 3.77 | 3.23 | 3.67 | 3.85 | 3.71 | 3.60 | 3.33 | 3.80 | 3.78 | 3.62 | 3.84
minimized_CNP0170620.3_docked_3,VAL604 | LEU557 | ALA510 | VAL420 | ARG326,2.94 | 3.28 | 2.85 | 3.16 | 2.80,ALA556 | ARG415 | ALA556 | GLY603 | ALA556 | ALA556 | ALA556 | GLY558 | GLY509 | GLY462 | GLY462 | VAL463 | GLY464 | ILE559 | ALA366 | ILE559 | VAL561 | VAL561,3.82 | 3.65 | 3.66 | 3.61 | 3.87 | 3.76 | 3.81 | 3.76 | 3.24 | 3.60 | 3.65 | 3.81 | 3.73 | 3.36 | 3.81 | 3.64 | 3.47 | 3.74
minimized_CNP0170620.3_docked_4,VAL463 | ILE416 | LEU365 | VAL561 | THR560 | VAL608 | ARG326,3.27 | 2.79 | 2.88 | 3.28 | 3.01 | 2.96 | 2.91,GLY509 | ALA556 | ARG415 | GLY509 | GLY462 | GLY464 | GLY417 | GLY603 | GLY603 | GLY364 | GLY603 | GLY603 | VAL463 | ALA366 | ALA366 | ALA366 | ILE559 | ILE559 | THR560 | THR560 | VAL369 | VAL369,3.75 | 3.71 | 3.66 | 3.44 | 3.49 | 3.79 | 3.35 | 3.69 | 3.28 | 3.76 | 3.74 | 3.87 | 3.85 | 3.74 | 3.54 | 3.76 | 3.49 | 3.80 | 3.82 | 3.89 | 3.54 | 3.79
minimized_CNP0170620.3_docked_5,VAL604 | LEU557 | ALA510 | VAL467 | VAL514,2.82 | 3.14 | 2.92 | 3.20 | 2.72,GLY603 | ALA556 | ARG415 | ALA556 | GLY603 | ALA556 | ALA556 | ALA556 | GLY509 | GLY509 | GLY462 | GLY462 | VAL463 | GLY464 | ILE559 | ALA366 | ALA366 | CYS368 | LEU468 | VAL514 | VAL561,3.84 | 3.79 | 3.76 | 3.86 | 3.46 | 3.79 | 3.82 | 3.82 | 3.67 | 3.08 | 3.74 | 3.84 | 3.85 | 3.57 | 3.56 | 3.58 | 3.71 | 3.75 | 3.87 | 3.64 | 3.85
minimized_CNP0170620.3_docked_6,VAL463 | ILE416 | LEU365 | VAL561 | THR560 | VAL608 | ARG326 | HIS562,3.26 | 2.74 | 2.96 | 3.12 | 3.24 | 2.95 | 3.17 | 3.14,GLY509 | GLY462 | ALA556 | GLY509 | GLY462 | GLY464 | GLY417 | GLY603 | GLY603 | GLY364 | GLY603 | GLY603 | VAL463 | ALA366 | ALA366 | ALA366 | ALA366 | ALA366 | ILE559 | ILE559 | THR560 | CYS513 | THR560 | THR560 | PRO322 | VAL608,3.76 | 3.88 | 3.42 | 3.56 | 3.25 | 3.80 | 3.37 | 3.76 | 3.34 | 3.72 | 3.75 | 3.86 | 3.84 | 3.71 | 3.51 | 3.84 | 3.85 | 3.70 | 3.47 | 3.83 | 3.82 | 3.88 | 3.63 | 3.35 | 3.82 | 3.72
minimized_CNP0170620.3_docked_7,VAL604 | ALA510 | HIS516,3.04 | 2.95 | 3.15,GLY603 | ARG415 | GLY364 | ALA556 | GLY603 | GLY364 | ALA556 | ILE559 | GLY558 | GLY509 | GLY462 | GLY462 | VAL463 | GLY462 | GLY462 | GLY464 | GLY464 | ILE559 | ALA366 | ILE559 | ALA366 | CYS368 | VAL561 | VAL514,3.78 | 3.72 | 3.87 | 3.65 | 3.39 | 3.67 | 3.73 | 3.76 | 3.82 | 3.47 | 3.48 | 3.26 | 3.85 | 3.47 | 3.83 | 3.38 | 3.67 | 3.69 | 3.84 | 3.74 | 3.88 | 3.73 | 3.76 | 3.63
minimized_CNP0170620.3_docked_8,VAL604 | LEU557 | ALA510 | VAL369,2.83 | 3.30 | 2.85 | 2.86,GLY603 | ARG415 | GLY364 | ALA556 | GLY603 | GLY364 | ALA556 | ALA556 | GLY509 | GLY509 | GLY462 | GLY462 | VAL463 | GLY462 | GLY464 | ILE559 | ALA366 | ILE559 | ALA607 | CYS368 | CYS368 | VAL369,3.83 | 3.69 | 3.88 | 3.69 | 3.48 | 3.84 | 3.79 | 3.86 | 3.88 | 3.20 | 3.63 | 3.64 | 3.82 | 3.83 | 3.53 | 3.39 | 3.83 | 3.65 | 3.62 | 3.90 | 3.52 | 3.47
minimized_CNP0170620.3_docked_9,GLN563 | LYS323 | LYS323 | ILE559 | VAL512 | VAL512 | ALA510 | ILE416,3.21 | 3.31 | 3.18 | 3.04 | 3.31 | 2.84 | 3.02 | 2.87,ARG326 | PRO322 | ARG326 | PRO322 | VAL561 | VAL561 | VAL561 | VAL418 | GLY364 | ALA556 | ALA556 | GLY509 | GLY509 | ILE559,3.45 | 3.50 | 3.85 | 3.78 | 3.37 | 3.81 | 3.81 | 3.78 | 3.31 | 3.66 | 3.13 | 3.71 | 3.68 | 3.82
minimized_CNP0171082.0_docked_1,,,PRO322 | PRO322 | GLN563 | PRO322 | VAL420 | GLY419 | GLY419 | VAL418 | VAL418 | CYS368 | CYS368 | VAL418 | VAL561 | VAL561 | VAL561 | VAL561 | VAL561 | VAL561 | VAL561 | GLN563,3.72 | 3.71 | 3.85 | 3.63 | 3.57 | 3.65 | 3.39 | 3.68 | 3.72 | 3.02 | 3.72 | 3.85 | 3.68 | 3.72 | 3.77 | 3.54 | 3.43 | 3.78 | 3.68 | 3.84
minimized_CNP0171082.0_docked_2,,,VAL420 | GLY419 | GLY419 | VAL418 | VAL418 | CYS368 | VAL418 | CYS368 | PRO322 | GLN563 | PRO322 | PRO322 | VAL561 | VAL561 | VAL561 | VAL561 | VAL561 | VAL561 | VAL561,3.56 | 3.65 | 3.39 | 3.66 | 3.71 | 2.99 | 3.81 | 3.67 | 3.74 | 3.89 | 3.70 | 3.76 | 3.73 | 3.68 | 3.81 | 3.57 | 3.46 | 3.80 | 3.73
minimized_CNP0171082.0_docked_3,,,VAL420 | GLY419 | GLY419 | VAL418 | VAL418 | CYS368 | VAL418 | CYS368 | PRO322 | PRO322 | PRO322 | VAL561 | VAL561 | VAL561 | VAL561 | VAL561 | VAL561 | VAL561 | VAL561 | VAL561,3.64 | 3.67 | 3.38 | 3.63 | 3.67 | 3.04 | 3.83 | 3.71 | 3.75 | 3.67 | 3.69 | 3.69 | 3.65 | 3.66 | 3.40 | 3.74 | 3.75 | 3.49 | 3.88 | 3.88
minimized_CNP0171082.0_docked_4,,,GLY417 | VAL606 | VAL606 | VAL420 | VAL420 | VAL420 | VAL514 | VAL514 | VAL514 | CYS513 | CYS513,3.38 | 3.60 | 3.84 | 3.84 | 3.66 | 3.77 | 3.86 | 3.77 | 3.57 | 3.69 | 3.53
minimized_CNP0171082.0_docked_5,,,GLY417 | VAL606 | VAL606 | CYS513 | CYS513 | ALA466 | VAL514 | VAL514 | VAL420 | VAL420 | VAL420,3.38 | 3.60 | 3.84 | 3.78 | 3.56 | 3.80 | 3.82 | 3.62 | 3.68 | 3.76 | 3.59
minimized_CNP0171082.0_docked_6,,,VAL606 | VAL606 | GLY417 | VAL420 | VAL420 | VAL420 | CYS513 | CYS513 | ALA466 | VAL514 | VAL514,3.62 | 3.86 | 3.36 | 3.67 | 3.75 | 3.60 | 3.78 | 3.59 | 3.87 | 3.88 | 3.69
minimized_CNP0171082.0_docked_7,,,GLY558 | GLY464 | ILE559 | ILE559 | ILE559 | ILE559 | ILE559 | ILE559 | VAL420 | VAL420 | VAL420 | VAL420 | CYS368 | CYS368,3.55 | 3.38 | 3.85 | 3.79 | 3.84 | 3.75 | 3.78 | 3.88 | 3.88 | 3.81 | 3.72 | 3.42 | 3.69 | 3.56
minimized_CNP0171082.0_docked_8,,,VAL420 | VAL420 | CYS368 | VAL561 | VAL561 | VAL561 | VAL561 | VAL561 | VAL561 | VAL561 | GLN563 | GLN563 | GLN563,3.41 | 3.79 | 3.71 | 3.58 | 3.90 | 3.81 | 3.84 | 3.80 | 3.44 | 3.79 | 3.81 | 3.51 | 3.89
minimized_CNP0171082.0_docked_9,,,VAL420 | VAL420 | CYS368 | VAL561 | VAL561 | VAL561 | VAL561 | VAL561 | VAL561 | VAL561 | GLN563 | GLN563 | GLN563,3.41 | 3.78 | 3.77 | 3.78 | 3.79 | 3.44 | 3.58 | 3.90 | 3.81 | 3.84 | 3.89 | 3.54 | 3.87
minimized_CNP0171733.1_docked_1,VAL512 | VAL463 | ILE416,2.97 | 3.07 | 2.70,VAL418 | ILE559 | GLY464 | GLY464 | GLY464 | PHE577 | TYR572 | GLY509 | GLY462 | ALA556 | ALA556 | ALA556 | TYR334 | PHE577 | PHE577 | TYR572 | TYR572 | TYR572 | GLY603 | GLY603 | ALA556 | ALA556 | GLY462 | ARG415,3.88 | 3.85 | 3.88 | 2.74 | 3.46 | 3.64 | 3.73 | 3.77 | 3.55 | 3.62 | 3.17 | 3.70 | 3.74 | 3.48 | 3.67 | 3.54 | 3.78 | 3.82 | 3.65 | 3.42 | 3.76 | 3.83 | 3.54 | 3.80
minimized_CNP0171733.1_docked_2,VAL606 | ILE559 | VAL604 | LEU557,3.09 | 3.06 | 2.90 | 2.87,CYS513 | CYS513 | GLY605 | VAL604 | GLY558 | GLY558 | TYR525 | GLY603 | ARG415 | GLY364 | GLY364 | ALA556 | ALA556 | ALA556 | TYR525 | TYR525 | TYR525 | TYR525 | TYR525 | TYR525 | TYR525 | ALA556 | ARG415 | VAL463 | GLY603 | ALA556 | ALA556 | ALA556,3.75 | 3.70 | 3.74 | 3.57 | 3.10 | 3.62 | 3.67 | 3.70 | 3.54 | 3.17 | 3.59 | 3.33 | 3.17 | 3.70 | 3.62 | 3.70 | 3.67 | 3.74 | 3.59 | 3.65 | 3.81 | 3.74 | 3.62 | 3.71 | 3.56 | 3.73 | 3.90 | 3.54
minimized_CNP0171733.1_docked_3,VAL418 | VAL463 | ILE416 | GLN563 | HIS562 | GLN563,2.94 | 3.09 | 2.95 | 3.29 | 3.19 | 2.95,GLY464 | GLY417 | GLY464 | ALA366 | ILE559 | CYS368 | HIS516 | VAL608 | VAL608 | HIS562 | VAL561 | GLY564 | HIS516 | GLY564 | THR560 | CYS513,3.29 | 3.75 | 3.76 | 3.72 | 3.69 | 3.76 | 3.68 | 3.78 | 3.59 | 3.75 | 3.87 | 3.69 | 3.69 | 3.84 | 3.77 | 3.60
minimized_CNP0171733.1_docked_4,VAL418 | ILE416 | VAL561 | THR560 | ASN469 | ASN469,2.92 | 3.09 | 3.11 | 3.09 | 3.32 | 3.29,GLY464 | ALA366 | ILE559 | CYS368 | VAL467 | VAL467 | VAL467 | VAL514 | LEU468 | VAL514 | LEU468 | LEU468 | LEU468 | HIS516 | HIS516,3.54 | 3.76 | 3.56 | 3.66 | 3.50 | 3.71 | 3.89 | 3.86 | 3.67 | 3.80 | 3.67 | 3.70 | 3.75 | 3.75 | 3.70
minimized_CNP0171733.1_docked_5,VAL465 | VAL418 | VAL604 | THR560,2.81 | 2.97 | 3.16 | 2.86,ILE559 | GLY605 | ALA366 | ILE559 | GLY419 | PRO322 | PRO322 | VAL514 | VAL514 | GLN563 | GLN563 | GLN563 | PRO322,3.89 | 3.54 | 3.74 | 3.86 | 3.67 | 3.57 | 3.78 | 3.54 | 3.86 | 3.68 | 3.53 | 3.39 | 3.41
minimized_CNP0171733.1_docked_6,VAL512 | VAL463 | THR560 | VAL608 | THR560 | ARG326,2.68 | 3.16 | 2.96 | 3.15 | 3.12 | 2.92,ALA366 | THR560 | CYS513 | THR560 | THR560 | VAL369 | GLY372 | GLY372 | GLY371 | GLY371 | VAL420 | CYS368,3.65 | 3.77 | 3.77 | 3.87 | 3.48 | 3.48 | 3.86 | 3.70 | 3.88 | 3.82 | 3.57 | 3.55
minimized_CNP0171733.1_docked_7,GLY367 | VAL604 | LEU365,2.94 | 3.03 | 2.94,ALA366 | ALA366 | GLY605 | ILE559 | ILE559 | CYS368 | VAL561 | VAL561 | VAL561 | LEU468 | LEU468 | LEU468 | LEU468 | ASN469 | VAL561 | VAL561 | CYS513,3.88 | 3.81 | 3.73 | 3.78 | 3.49 | 3.60 | 3.90 | 3.35 | 3.74 | 3.74 | 3.43 | 3.79 | 3.65 | 3.73 | 3.56 | 3.82 | 3.45
minimized_CNP0171733.1_docked_8,GLY564 | VAL420 | VAL420 | VAL418,3.32 | 2.97 | 2.94 | 2.71,GLN563 | GLN563 | GLY564 | VAL561 | VAL467 | VAL467 | CYS513 | CYS513 | CYS513 | VAL418 | VAL561,3.78 | 3.81 | 3.71 | 3.75 | 3.72 | 3.80 | 3.37 | 3.73 | 3.84 | 3.81 | 3.69
minimized_CNP0171733.1_docked_9,ARG470 | ASN469 | VAL514 | VAL561 | THR560 | ILE559 | THR560,3.27 | 3.09 | 3.06 | 2.94 | 2.82 | 2.79 | 2.79,VAL514 | VAL514 | VAL514 | ARG470 | VAL467 | ILE421 | ARG470 | CYS368 | VAL418 | CYS368 | ILE559,3.65 | 3.45 | 3.79 | 3.75 | 3.52 | 3.67 | 3.82 | 3.43 | 3.90 | 3.88 | 3.66
minimized_CNP0172406.1_docked_1,GLY372 | GLY371 | ARG326 | ARG326 | VAL369 | VAL512 | VAL465 | VAL465 | ALA510 | ILE416 | VAL604 | LEU365 | VAL467,3.08 | 2.97 | 3.04 | 3.05 | 2.88 | 2.84 | 3.12 | 3.10 | 2.88 | 3.20 | 2.84 | 2.71 | 3.31,VAL369 | VAL369 | GLY603 | GLY603 | GLY364 | GLY364 | ARG415 | ARG415 | GLY509 | ILE559 | GLY558 | ILE559 | ALA466,3.75 | 3.71 | 3.82 | 3.64 | 3.65 | 3.32 | 3.89 | 3.70 | 3.87 | 3.83 | 3.66 | 3.86 | 3.81
minimized_CNP0172406.1_docked_2,ARG326 | VAL561 | VAL512 | VAL465 | VAL465 | ALA510 | ILE416 | VAL604 | LEU365,3.10 | 2.96 | 2.91 | 2.65 | 3.02 | 3.21 | 3.23 | 2.91 | 2.61,VAL608 | VAL608 | ARG326 | GLY603 | GLY603 | GLY364 | ARG415 | GLY509,3.71 | 3.80 | 3.53 | 3.74 | 3.57 | 3.59 | 3.87 | 3.80
minimized_CNP0172406.1_docked_3,ARG326 | ARG326 | VAL512 | VAL465 | ILE416 | VAL604 | LEU365,2.95 | 3.12 | 2.91 | 2.77 | 3.00 | 2.78 | 2.70,HIS562 | PRO322 | GLY603 | GLY603 | GLY364 | GLY364 | ARG415 | GLY558 | CYS513 | CYS513 | VAL514 | VAL514 | ILE559,3.71 | 3.72 | 3.88 | 3.72 | 3.69 | 3.41 | 3.86 | 3.80 | 3.68 | 3.86 | 3.88 | 3.56 | 3.82
minimized_CNP0172406.1_docked_4,VAL420 | VAL467 | VAL606 | ILE559 | LEU557 | ALA510 | GLY509 | VAL463 | ILE416,2.99 | 2.99 | 2.72 | 3.02 | 2.95 | 3.11 | 2.75 | 2.78 | 2.98,VAL467 | ARG470 | GLY462 | GLY462 | ALA556 | GLY509 | GLY509 | ALA556 | ALA556 | GLY417 | GLY417 | ALA366 | ILE559 | CYS368 | VAL369 | VAL420 | VAL420 | VAL467,3.61 | 3.41 | 3.73 | 3.83 | 3.56 | 3.81 | 3.88 | 3.75 | 3.79 | 3.80 | 3.43 | 3.79 | 3.86 | 3.86 | 3.87 | 3.85 | 3.64 | 3.85
minimized_CNP0172406.1_docked_5,HIS516 | VAL465 | VAL418 | VAL418 | ILE416 | VAL604 | LEU557,2.93 | 2.86 | 2.71 | 3.21 | 3.10 | 2.85 | 3.08,HIS516 | LEU515 | GLY603 | GLY603 | ALA556 | ALA556 | ILE559 | VAL608 | VAL608 | VAL608 | ARG326 | VAL561 | CYS513 | ALA607 | ALA607,3.79 | 3.64 | 3.82 | 3.40 | 3.86 | 3.88 | 2.93 | 3.73 | 3.56 | 3.71 | 3.84 | 3.71 | 3.78 | 3.72 | 3.87
minimized_CNP0172406.1_docked_6,VAL606 | GLY367 | VAL606 | VAL606 | GLY367 | GLY367 | VAL463 | ILE416 | ALA510 | VAL604 | LEU365,2.71 | 3.06 | 3.29 | 3.19 | 3.20 | 3.05 | 2.73 | 2.93 | 2.91 | 3.12 | 2.87,GLY564 | GLY417 | ALA366 | VAL608 | VAL608 | PRO322 | ARG326 | VAL561 | VAL561 | VAL561 | CYS513,3.72 | 3.80 | 3.42 | 3.85 | 3.64 | 3.62 | 3.79 | 3.58 | 3.60 | 3.53 | 3.43
minimized_CNP0172406.1_docked_7,VAL369 | VAL512 | VAL465 | VAL465 | ALA510 | ILE416 | VAL604 | LEU365,3.03 | 2.73 | 2.95 | 3.35 | 3.10 | 2.87 | 2.85 | 2.84,GLY423 | GLY423 | GLY364 | GLY364 | ARG415 | ARG415 | ILE559 | GLY558 | GLY558 | ILE559 | VAL467 | VAL467 | VAL467 | VAL420 | VAL420 | CYS368 | CYS368 | ALA466 | ALA466,3.84 | 3.56 | 3.61 | 3.37 | 3.83 | 3.81 | 3.71 | 3.63 | 3.36 | 3.69 | 3.81 | 3.08 | 3.88 | 3.72 | 3.81 | 3.81 | 3.39 | 3.71 | 3.54
minimized_CNP0172406.1_docked_8,ASP422 | VAL420 | VAL606 | VAL604 | LEU557,3.22 | 3.26 | 2.85 | 2.98 | 3.08,ASP422 | ARG470 | ALA556 | GLY509 | GLY509 | GLY603 | ALA556 | ALA556 | ALA556 | ALA556 | GLY417 | ILE559 | CYS368 | CYS368 | VAL369,3.62 | 3.46 | 3.78 | 3.64 | 3.43 | 3.72 | 3.76 | 3.79 | 3.75 | 3.66 | 3.56 | 3.61 | 3.88 | 3.80 | 3.62
minimized_CNP0172406.1_docked_9,GLN563 | GLY564 | GLN563 | VAL418 | VAL418 | VAL465 | VAL463 | ILE416 | VAL369,3.13 | 2.90 | 3.01 | 2.87 | 2.81 | 3.10 | 3.13 | 3.11 | 3.33,VAL561 | GLY603 | GLY462 | ILE559 | GLY511 | GLY511 | GLY417 | ILE559 | ARG326 | ALA607 | CYS368 | CYS368,3.83 | 3.84 | 3.85 | 3.34 | 3.90 | 3.78 | 3.70 | 3.83 | 3.77 | 3.61 | 3.87 | 3.48
minimized_CNP0172406.2_docked_1,LYS323 | THR609 | ARG326 | LYS323 | VAL465 | VAL512 | ALA510 | VAL463 | ILE416 | VAL604 | LEU365 | VAL608 | ARG326,3.07 | 2.95 | 3.05 | 3.20 | 3.10 | 2.99 | 3.30 | 3.23 | 2.90 | 3.35 | 2.95 | 3.05 | 2.88,GLY372 | GLY364 | GLY364 | GLY462 | ARG415 | ARG415 | GLY509 | GLY462 | ILE559 | GLY558 | GLY558 | GLY464 | VAL369 | VAL369 | VAL369 | VAL369,3.57 | 3.57 | 3.29 | 3.71 | 3.81 | 3.83 | 3.69 | 3.79 | 3.17 | 3.84 | 3.79 | 3.63 | 3.77 | 3.84 | 3.25 | 3.72
minimized_CNP0172406.2_docked_2,VAL465 | VAL512 | ALA510 | VAL463 | ILE416 | LEU365 | VAL608 | ARG326,3.06 | 2.90 | 3.18 | 3.28 | 2.97 | 2.97 | 3.12 | 2.89,ARG326 | PRO322 | LYS323 | LYS323 | PRO322 | LYS323 | GLY364 | GLY364 | GLY462 | ARG415 | ARG415 | GLY509 | GLY462 | GLY462 | ILE559 | GLY558 | GLY558 | GLY464 | VAL369 | VAL369 | VAL369 | VAL369,3.70 | 3.70 | 3.73 | 3.74 | 3.85 | 3.50 | 3.58 | 3.29 | 3.68 | 3.80 | 3.80 | 3.65 | 3.89 | 3.74 | 3.23 | 3.81 | 3.74 | 3.57 | 3.70 | 3.88 | 3.25 | 3.74
minimized_CNP0172406.2_docked_3,ASN517 | HIS516 | VAL418 | VAL418 | VAL512 | VAL463 | ILE416 | VAL604 | LEU365,2.89 | 2.98 | 2.79 | 3.03 | 3.28 | 3.09 | 2.94 | 3.04 | 2.89,HIS516 | HIS516 | HIS516 | HIS516 | GLY364 | GLY364 | GLY462 | GLY509 | GLY558 | VAL514 | VAL514 | VAL514 | CYS513 | THR560 | CYS513,3.64 | 3.87 | 3.70 | 3.61 | 3.71 | 3.54 | 3.80 | 3.74 | 3.73 | 3.85 | 3.71 | 3.68 | 3.60 | 3.64 | 3.62
minimized_CNP0172406.2_docked_4,VAL465 | VAL418 | VAL418 | VAL512 | ILE416 | VAL604 | LEU365,3.04 | 2.80 | 3.03 | 3.30 | 3.29 | 2.88 | 3.03,GLY564 | GLY564 | PRO322 | GLY364 | GLY364 | GLY462 | GLY509 | VAL561 | THR560 | CYS513 | THR560 | CYS513 | ALA607 | ALA607,3.89 | 3.90 | 3.84 | 3.77 | 3.60 | 3.76 | 3.59 | 3.55 | 3.82 | 3.65 | 3.64 | 3.76 | 3.83 | 3.84
minimized_CNP0172406.2_docked_5,ASN517 | ASN517 | HIS516 | ASN469 | HIS516 | VAL606 | VAL606 | GLY367 | GLY367 | VAL418 | VAL418 | LEU557 | ILE416 | ALA510 | GLY462,3.30 | 2.74 | 2.73 | 2.88 | 3.00 | 2.87 | 3.08 | 2.83 | 2.97 | 3.32 | 3.26 | 3.03 | 3.01 | 2.74 | 2.97,GLY509 | GLY509 | GLY462 | ALA366 | ILE559 | THR560 | VAL514 | VAL561 | CYS513,3.74 | 3.37 | 3.53 | 3.47 | 3.79 | 3.72 | 3.69 | 3.88 | 3.61
minimized_CNP0172406.2_docked_6,GLY564 | GLN563 | VAL465 | VAL463 | VAL512 | LEU365 | VAL463 | ILE416 | VAL561,2.94 | 2.98 | 3.02 | 3.08 | 3.14 | 2.83 | 2.72 | 2.80 | 2.87,GLY462 | GLY462 | ARG415 | ARG415 | GLY558 | GLY464 | VAL418 | CYS368 | CYS368 | ALA466,3.67 | 3.31 | 3.38 | 3.58 | 3.51 | 3.86 | 3.72 | 3.69 | 3.79 | 3.79
minimized_CNP0172406.2_docked_7,LYS323 | VAL465 | VAL465 | VAL512 | ALA510 | VAL463 | ILE416 | VAL608 | ARG326,3.09 | 2.99 | 2.93 | 3.07 | 3.34 | 2.97 | 2.91 | 3.11 | 2.99,GLY371 | GLY371 | ARG415 | GLY364 | GLY364 | GLY462 | GLY462 | ARG415 | ARG415 | GLY509 | GLY462 | GLY462 | ILE559 | GLY558 | GLY558 | GLY464 | VAL369 | VAL369,3.89 | 3.85 | 3.90 | 3.56 | 3.25 | 3.84 | 3.50 | 3.76 | 3.86 | 3.65 | 3.76 | 3.71 | 3.58 | 3.81 | 3.58 | 3.86 | 3.36 | 3.77
minimized_CNP0172406.2_docked_8,ASN517 | HIS516 | ASN469 | HIS516 | VAL418 | VAL418 | VAL512 | ILE416,2.80 | 2.92 | 2.89 | 3.00 | 2.96 | 2.93 | 3.32 | 3.09,ASN469 | LEU468 | LEU468 | GLY364 | GLY364 | GLY509 | ILE559 | GLY558 | CYS513 | CYS513,3.85 | 3.89 | 3.88 | 3.84 | 3.66 | 3.72 | 3.57 | 3.85 | 3.86 | 3.62
minimized_CNP0172406.2_docked_9,LEU557 | ALA510 | GLY509 | VAL604 | LEU365 | ALA510 | GLY564 | GLN563 | HIS516 | GLY564,2.93 | 2.96 | 3.24 | 3.15 | 2.89 | 2.77 | 3.06 | 2.95 | 3.05 | 2.97,GLY364 | GLY364 | ALA366 | GLN563 | GLN563 | GLY564 | LEU515 | VAL418 | THR560 | CYS513 | VAL514,3.63 | 3.50 | 3.63 | 3.68 | 3.87 | 3.60 | 3.51 | 3.39 | 3.82 | 3.83 | 3.84
minimized_CNP0172890.3_docked_1,ASP422 | VAL420 | VAL420 | LEU557 | LEU557 | GLY509 | ILE416 | LEU365,3.07 | 2.75 | 3.08 | 2.80 | 3.14 | 2.78 | 2.70 | 2.72,VAL420 | VAL467 | ALA466 | VAL420 | GLY419 | ALA556 | ALA556 | GLY464,3.71 | 3.73 | 3.85 | 3.89 | 3.83 | 3.69 | 3.54 | 3.41
minimized_CNP0172890.3_docked_2,VAL561 | VAL514 | VAL514 | VAL561 | THR560,3.02 | 3.02 | 3.24 | 3.04 | 2.92,ALA556 | ARG415 | ALA556 | GLY603 | ARG415 | GLY364 | ALA556 | GLY509 | GLY509 | ILE559 | GLY462 | ARG415 | ARG415 | ARG415 | GLY605 | VAL561 | VAL561 | VAL561 | ALA466 | CYS513 | THR560 | CYS513 | ALA466,3.64 | 3.84 | 3.75 | 3.86 | 3.85 | 3.65 | 3.51 | 3.77 | 3.74 | 3.43 | 3.79 | 3.82 | 3.23 | 3.23 | 3.79 | 3.87 | 3.33 | 3.72 | 3.83 | 3.58 | 3.75 | 3.78 | 3.75
minimized_CNP0172890.3_docked_3,VAL514 | VAL467 | VAL561 | VAL561 | THR560 | VAL467 | VAL467 | VAL514,2.73 | 2.98 | 3.27 | 2.86 | 2.93 | 3.14 | 3.05 | 3.30,GLY509 | GLY462 | ALA556 | GLY509 | GLY462 | GLY462 | GLY462 | ARG415 | ARG415 | GLY603 | ALA556 | ALA556 | ALA556 | ALA556 | ILE559 | GLY511 | ALA366 | ALA366 | ILE559 | VAL514 | VAL561 | VAL561 | CYS368 | THR560,3.55 | 3.70 | 3.39 | 3.46 | 3.11 | 3.84 | 3.61 | 3.48 | 3.80 | 3.32 | 3.73 | 3.74 | 3.73 | 3.60 | 3.78 | 3.79 | 3.54 | 3.49 | 3.32 | 3.44 | 3.90 | 3.84 | 3.78 | 3.72
minimized_CNP0172890.3_docked_4,VAL561 | VAL561 | THR560 | VAL463 | ILE416 | VAL604 | LEU365,2.86 | 3.04 | 3.11 | 3.18 | 2.96 | 2.73 | 2.98,VAL608 | THR560 | CYS513 | THR560 | CYS513 | VAL463 | GLY462 | GLY509 | GLY605 | GLY558 | GLY417 | ILE559,3.64 | 3.66 | 3.76 | 3.56 | 3.63 | 3.68 | 3.65 | 3.90 | 3.86 | 3.43 | 3.38 | 3.85
minimized_CNP0172890.3_docked_5,VAL514 | VAL514 | THR560,3.15 | 2.85 | 3.21,ALA556 | ARG415 | GLY364 | GLY509 | GLY462 | GLY509 | GLY509 | GLY462 | ILE559 | ARG415 | ARG415 | GLY364 | GLY364 | ILE416 | GLY558 | ILE559 | VAL514,3.57 | 3.83 | 3.68 | 3.86 | 3.69 | 3.88 | 3.56 | 3.89 | 3.67 | 3.87 | 3.79 | 3.69 | 3.81 | 3.77 | 3.57 | 3.50 | 3.71
minimized_CNP0172890.3_docked_6,VAL420 | VAL467 | VAL420,2.71 | 3.17 | 3.25,ALA556 | ARG415 | GLY364 | GLY462 | GLY509 | GLY509 | GLY462 | ILE559 | ARG415 | ARG415 | GLY364 | GLY364 | VAL463 | ILE416 | GLY464 | GLY558 | ILE559 | VAL467 | VAL420 | VAL467,3.57 | 3.90 | 3.66 | 3.69 | 3.89 | 3.57 | 3.87 | 3.73 | 3.87 | 3.79 | 3.70 | 3.86 | 3.87 | 3.75 | 3.85 | 3.70 | 3.51 | 3.84 | 3.87 | 3.88
minimized_CNP0172890.3_docked_7,ILE416 | VAL561 | VAL608 | THR560,3.03 | 3.04 | 3.10 | 2.94,GLY462 | ARG415 | GLY603 | ALA556 | GLY509 | ALA556 | ALA366 | ALA366 | ALA556 | ALA556 | GLY509 | GLY509 | LEU557 | GLY464 | GLY417 | GLY417 | ILE559 | VAL608 | VAL608 | VAL608,3.81 | 3.69 | 3.75 | 3.88 | 3.38 | 3.68 | 3.37 | 3.62 | 3.67 | 3.88 | 3.73 | 3.90 | 3.78 | 3.89 | 3.71 | 3.43 | 3.56 | 3.82 | 3.75 | 3.61
minimized_CNP0172890.3_docked_8,ILE416 | VAL561 | VAL561 | THR560 | VAL467,2.97 | 2.97 | 3.14 | 3.18 | 2.90,GLY462 | ARG415 | GLY603 | GLY509 | GLY462 | ALA556 | ALA366 | ALA366 | ALA556 | GLY509 | GLY509 | LEU557 | GLY417 | GLY417 | ILE559 | VAL561 | VAL561 | VAL561 | VAL561 | VAL514 | VAL467 | VAL467 | CYS513 | CYS513 | ALA466,3.69 | 3.74 | 3.87 | 3.29 | 3.85 | 3.70 | 3.44 | 3.58 | 3.69 | 3.69 | 3.87 | 3.69 | 3.65 | 3.46 | 3.55 | 3.85 | 3.77 | 3.83 | 3.19 | 3.86 | 3.90 | 3.49 | 3.80 | 3.77 | 3.86
minimized_CNP0172890.3_docked_9,VAL467 | LEU557 | GLY509 | VAL604 | LEU365 | LEU557 | ALA510,2.87 | 2.97 | 2.99 | 2.99 | 3.12 | 2.86 | 3.06,VAL514 | VAL514 | VAL467 | GLY419 | VAL606 | GLY558 | ILE559,3.85 | 3.79 | 3.63 | 3.66 | 3.83 | 3.73 | 3.18
minimized_CNP0172930.1_docked_1,VAL465 | VAL418 | VAL561 | THR560 | VAL606 | GLY367 | VAL606 | VAL606 | VAL465 | VAL465 | VAL463 | ILE416 | ALA510 | LEU557 | ALA510,3.12 | 2.67 | 2.85 | 2.71 | 3.22 | 3.05 | 3.02 | 3.01 | 2.84 | 2.86 | 3.18 | 3.18 | 3.09 | 2.78 | 3.22,ARG470 | ASN469 | ALA607 | GLY509 | GLY509 | GLY509 | ALA556 | ILE559 | ILE559,3.72 | 3.75 | 3.70 | 3.89 | 3.59 | 3.62 | 3.71 | 3.73 | 3.42
minimized_CNP0172930.1_docked_2,VAL512 | VAL465 | VAL418 | VAL606 | VAL606 | GLY367 | VAL465 | VAL465 | VAL604 | LEU365 | ILE416 | ALA510 | LEU557 | ALA510,2.89 | 2.96 | 3.00 | 3.09 | 2.93 | 3.19 | 2.93 | 3.01 | 3.01 | 2.64 | 3.17 | 3.21 | 2.75 | 3.15,GLN563 | PRO322 | PRO322 | VAL561 | VAL561 | VAL420 | VAL608 | ALA556 | ALA556 | GLY509 | GLY509 | ALA556,3.72 | 3.76 | 3.77 | 3.79 | 3.60 | 3.37 | 3.87 | 3.88 | 3.74 | 3.61 | 3.66 | 3.60
minimized_CNP0172930.1_docked_3,VAL561 | THR560 | ILE559 | VAL512 | VAL606 | VAL606 | GLY367 | GLY367 | VAL465 | VAL465 | VAL418 | VAL604 | LEU365 | VAL463 | ILE416 | ALA510 | LEU557 | ALA510,3.21 | 3.12 | 3.08 | 3.18 | 2.87 | 2.85 | 3.11 | 3.06 | 2.76 | 3.22 | 3.01 | 2.87 | 2.90 | 3.18 | 3.19 | 3.02 | 2.74 | 3.05,HIS516 | LEU515 | VAL514 | VAL561 | VAL561 | VAL561 | VAL467 | VAL467 | VAL467 | VAL561 | CYS513 | GLY417 | GLY417 | ALA556 | GLY509 | ALA366,3.84 | 3.70 | 3.84 | 3.85 | 3.60 | 3.33 | 3.83 | 3.71 | 3.58 | 3.62 | 3.80 | 3.81 | 3.37 | 3.70 | 3.84 | 3.83
minimized_CNP0172930.1_docked_4,VAL420 | VAL418 | VAL418 | GLY367 | VAL467 | VAL606 | VAL606 | ILE559 | VAL465 | VAL418 | VAL604 | VAL463 | ILE416 | ALA510 | LEU557 | ALA510,3.21 | 3.29 | 3.07 | 2.88 | 3.17 | 2.87 | 3.32 | 2.75 | 3.21 | 2.95 | 2.82 | 3.13 | 2.94 | 3.17 | 2.71 | 3.08,VAL420 | VAL420 | VAL561 | VAL561 | VAL561 | VAL420 | VAL420 | VAL467 | ALA366 | GLY509 | GLY509 | ILE559,3.89 | 3.68 | 3.79 | 3.48 | 3.84 | 3.65 | 3.72 | 3.62 | 3.77 | 3.75 | 3.84 | 3.54
minimized_CNP0172930.1_docked_5,VAL418 | GLY367 | VAL606 | VAL606 | VAL606 | ILE559 | VAL465 | VAL418 | VAL604 | VAL463 | ILE416 | ALA510 | LEU557 | ALA510,2.84 | 3.23 | 3.03 | 2.85 | 3.29 | 2.76 | 3.15 | 2.93 | 2.81 | 3.07 | 2.91 | 3.17 | 2.71 | 3.11,ARG470 | ASP422 | ASP422 | VAL467 | VAL467 | VAL514 | VAL561 | VAL514 | ALA366 | GLY509 | GLY509 | ILE559,3.57 | 3.86 | 3.70 | 3.34 | 3.81 | 3.81 | 3.70 | 3.77 | 3.80 | 3.79 | 3.87 | 3.53
minimized_CNP0172930.1_docked_6,VAL512 | VAL465 | VAL608 | VAL606 | VAL606 | GLY367 | VAL512 | VAL465 | VAL465 | VAL604 | LEU365 | VAL463 | ILE416 | ALA510 | LEU557 | ALA510,2.83 | 3.08 | 3.13 | 3.13 | 2.92 | 3.31 | 3.30 | 3.00 | 3.14 | 3.09 | 2.65 | 3.18 | 3.17 | 3.13 | 2.83 | 3.20,LEU468 | VAL514 | VAL420 | VAL420 | CYS368 | GLY509 | GLY509 | GLY509 | ALA556 | ILE559 | ILE559,3.80 | 3.87 | 3.50 | 3.88 | 3.80 | 3.89 | 3.55 | 3.56 | 3.70 | 3.75 | 3.76
minimized_CNP0172930.1_docked_7,THR560 | ILE559 | VAL512 | VAL369 | VAL465 | VAL465 | ILE559 | ILE559 | LEU557 | ALA510 | VAL604 | LEU557,3.12 | 3.21 | 3.04 | 3.16 | 2.86 | 3.27 | 3.17 | 2.86 | 3.02 | 3.18 | 2.89 | 3.29,GLN563 | PRO322 | PRO322 | VAL561 | VAL561 | VAL420 | VAL420 | VAL608 | VAL420 | VAL420 | ILE559 | ALA556 | ALA556 | ALA556 | ALA556 | GLY417,3.69 | 3.86 | 3.43 | 3.56 | 3.87 | 3.56 | 3.82 | 3.83 | 3.86 | 3.76 | 3.38 | 3.87 | 3.86 | 3.83 | 3.78 | 3.84
minimized_CNP0172930.1_docked_8,VAL418 | GLY367 | VAL606 | VAL606 | VAL606 | ILE559 | VAL465 | VAL418 | VAL463 | ILE416 | ALA510 | LEU557 | ALA510,2.83 | 3.10 | 3.12 | 2.86 | 3.33 | 2.77 | 3.25 | 2.94 | 3.10 | 2.93 | 3.14 | 2.71 | 3.08,GLY564 | HIS516 | LEU515 | VAL561 | VAL561 | VAL369 | GLY417 | ALA366 | GLY509 | GLY509 | ILE559,3.70 | 3.80 | 3.71 | 3.72 | 3.23 | 3.72 | 3.89 | 3.73 | 3.75 | 3.84 | 3.58
minimized_CNP0172930.1_docked_9,VAL512 | VAL465 | THR560 | VAL418 | VAL606 | VAL606 | GLY367 | GLY367 | VAL465 | VAL465 | VAL418 | VAL604 | LEU365 | GLY509 | VAL604 | LEU557,2.85 | 3.18 | 3.04 | 2.93 | 2.99 | 2.91 | 3.09 | 2.97 | 2.79 | 3.17 | 3.09 | 2.80 | 2.92 | 2.82 | 2.84 | 2.88,HIS516 | VAL561 | VAL561 | VAL369 | VAL561 | VAL561 | VAL561 | VAL608 | ALA466 | ALA466 | GLY417 | GLY417 | ALA556 | ALA366 | ALA366,3.40 | 3.81 | 3.87 | 3.50 | 3.76 | 3.38 | 3.71 | 3.82 | 3.85 | 3.89 | 3.85 | 3.35 | 3.86 | 3.78 | 3.89
minimized_CNP0172930.3_docked_1,THR560 | GLY367 | VAL561 | THR560 | VAL418 | VAL606 | VAL606 | GLY367 | GLY367 | VAL512 | VAL463 | ILE416 | ALA510 | LEU557 | ALA510 | GLY509,3.01 | 2.98 | 2.83 | 3.06 | 3.19 | 2.80 | 2.94 | 3.14 | 3.26 | 3.09 | 3.09 | 3.14 | 2.82 | 3.18 | 3.29 | 2.98,ARG470 | VAL514 | VAL369 | VAL369 | VAL608 | GLY603 | ALA556 | ALA556 | VAL463 | ILE559 | ALA366 | ALA366 | ILE559,3.71 | 3.47 | 3.79 | 3.48 | 3.80 | 3.77 | 3.60 | 3.79 | 3.82 | 3.76 | 3.65 | 3.88 | 3.82
minimized_CNP0172930.3_docked_2,VAL465 | VAL418 | VAL512 | VAL465 | VAL606 | ILE559 | ILE559 | VAL465 | VAL418 | VAL463 | ILE416 | ALA510 | LEU557 | ALA510 | GLY509,3.06 | 2.96 | 2.97 | 3.09 | 3.30 | 3.16 | 3.02 | 3.03 | 3.32 | 3.25 | 2.95 | 2.83 | 3.03 | 3.23 | 3.28,VAL608 | VAL608 | VAL608 | VAL467 | VAL561 | VAL420 | VAL420 | GLY417 | GLY603 | ALA556 | ALA556 | ILE559 | ILE559,3.84 | 3.63 | 3.49 | 3.58 | 3.80 | 3.66 | 3.29 | 3.75 | 3.60 | 3.44 | 3.58 | 3.76 | 3.69
minimized_CNP0172930.3_docked_3,VAL465 | VAL418 | VAL369 | VAL512 | VAL606 | VAL606 | GLY367 | GLY367 | VAL512 | VAL465 | VAL465 | VAL463 | ILE416 | ALA510 | LEU557 | ALA510 | GLY509,2.90 | 2.77 | 3.20 | 3.27 | 2.83 | 2.92 | 3.03 | 3.08 | 2.85 | 3.29 | 3.23 | 3.09 | 3.03 | 2.87 | 3.16 | 3.23 | 3.05,LEU468 | VAL561 | VAL514 | VAL514 | VAL369 | VAL369 | GLY603 | ALA556 | VAL463 | ILE559 | ALA366 | ALA366,3.64 | 3.88 | 3.66 | 3.60 | 3.64 | 3.22 | 3.89 | 3.69 | 3.81 | 3.76 | 3.58 | 3.82
minimized_CNP0172930.3_docked_4,VAL418 | VAL465 | VAL418 | VAL512 | VAL465 | VAL465 | VAL606 | VAL604 | VAL604 | LEU365 | ILE416 | LEU365,2.97 | 2.95 | 2.89 | 3.00 | 2.95 | 2.86 | 3.24 | 3.14 | 2.93 | 2.76 | 2.69 | 3.19,VAL608 | VAL608 | VAL608 | VAL467 | VAL467 | VAL420 | VAL608 | VAL420 | VAL420 | GLY605 | ALA366 | GLY462 | GLY462 | ARG415 | ILE559,3.83 | 3.62 | 3.40 | 3.79 | 3.67 | 3.76 | 3.79 | 3.57 | 3.67 | 3.56 | 3.81 | 3.61 | 3.54 | 3.66 | 3.80
minimized_CNP0172930.3_docked_5,VAL465 | VAL418 | VAL606 | VAL606 | GLY367 | GLY367 | VAL512 | VAL465 | VAL463 | ILE416 | ALA510 | LEU557 | ALA510 | GLY509,2.89 | 2.75 | 2.84 | 3.06 | 2.87 | 3.03 | 3.06 | 3.15 | 2.95 | 3.02 | 2.79 | 3.16 | 3.21 | 3.01,ARG470 | VAL420 | VAL420 | VAL561 | VAL561 | VAL561 | VAL514 | VAL514 | ARG470 | ARG470 | VAL420 | ILE559 | ALA556 | VAL463 | ILE559 | ALA366,3.64 | 3.54 | 3.63 | 3.72 | 3.59 | 3.11 | 3.65 | 3.52 | 3.74 | 3.31 | 3.82 | 3.73 | 3.72 | 3.76 | 3.57 | 3.63
minimized_CNP0172930.3_docked_6,VAL420 | VAL369 | VAL512 | VAL465 | VAL418 | VAL418 | ILE559 | LEU557 | VAL604 | VAL604 | VAL604 | LEU365,3.23 | 3.28 | 3.32 | 2.96 | 2.75 | 2.97 | 3.22 | 2.99 | 2.99 | 3.09 | 2.90 | 2.78,VAL514 | LEU468 | VAL561 | VAL514 | VAL369 | VAL369 | VAL514 | VAL369 | VAL369 | VAL369 | GLY605 | ARG415 | ARG415 | GLY364 | LEU557 | GLY603,3.80 | 3.53 | 3.61 | 3.88 | 3.65 | 3.86 | 3.43 | 3.89 | 3.61 | 3.08 | 3.86 | 3.63 | 3.65 | 3.81 | 3.73 | 3.85
minimized_CNP0172930.3_docked_7,VAL418 | VAL465 | VAL418 | VAL606 | VAL606 | ILE559 | VAL465 | VAL418 | VAL418 | VAL463 | LEU557 | ALA510 | VAL604 | LEU557,3.28 | 2.47 | 2.70 | 3.17 | 3.10 | 2.84 | 3.06 | 2.94 | 3.11 | 3.06 | 2.76 | 2.94 | 3.35 | 2.82,LEU515 | VAL514 | VAL514 | VAL608 | GLY564 | VAL561 | VAL561 | GLY603 | GLY603 | GLY364 | GLY364 | ILE559 | ILE559,3.54 | 3.60 | 3.88 | 3.48 | 3.79 | 3.82 | 3.70 | 3.85 | 3.79 | 3.77 | 3.58 | 3.73 | 3.77
minimized_CNP0172930.3_docked_8,VAL465 | VAL418 | VAL512 | VAL465 | ILE559 | VAL606 | VAL604 | VAL512 | VAL465 | VAL465 | LEU557 | VAL604 | LEU557,2.82 | 2.81 | 2.70 | 3.00 | 3.08 | 2.81 | 3.25 | 2.98 | 2.84 | 3.21 | 2.84 | 3.32 | 3.04,ARG326 | VAL514 | VAL514 | ALA466 | ALA466 | ARG326 | VAL608 | GLY464 | GLY462 | ARG415 | ARG415 | ARG415 | GLY558 | ILE559 | ILE559,3.76 | 3.60 | 3.68 | 3.21 | 3.68 | 3.87 | 3.87 | 3.68 | 3.42 | 3.58 | 3.73 | 3.46 | 3.67 | 3.57 | 3.60
minimized_CNP0172930.3_docked_9,VAL467 | VAL514 | VAL420 | VAL465 | VAL418 | VAL418 | VAL604 | VAL604 | ILE416 | LEU365 | VAL463 | ILE416,3.06 | 3.24 | 3.32 | 2.98 | 2.78 | 3.06 | 3.12 | 2.95 | 3.03 | 2.64 | 2.69 | 2.68,LEU515 | VAL561 | VAL561 | VAL467 | VAL561 | VAL420 | VAL420 | VAL420 | GLY509 | GLY509 | VAL463 | GLY462,3.77 | 3.86 | 3.45 | 3.74 | 3.84 | 3.87 | 3.85 | 3.87 | 3.56 | 3.40 | 3.87 | 3.77
minimized_CNP0174304.1_docked_1,ALA510 | VAL463 | ILE416 | LEU365 | LEU557 | VAL418 | VAL512,3.10 | 3.11 | 2.70 | 2.98 | 2.76 | 3.15 | 2.95,ARG415 | ARG415 | GLY364 | GLY364 | GLY509 | GLY509 | HIS562 | VAL561 | ALA607 | CYS368 | ALA607 | ALA607 | VAL608 | VAL608 | ARG326 | ILE559,3.75 | 3.51 | 3.73 | 3.78 | 3.67 | 3.50 | 3.83 | 3.77 | 3.72 | 3.89 | 3.49 | 3.83 | 3.89 | 3.63 | 3.66 | 3.85
minimized_CNP0174304.1_docked_2,VAL463 | VAL604 | LEU365 | LEU557 | GLY509,2.80 | 2.86 | 2.77 | 3.03 | 3.10,GLY364 | GLY364 | GLY509 | ALA510 | ALA466 | VAL514 | VAL561 | CYS513 | VAL514 | VAL514 | GLY558,3.84 | 3.77 | 3.85 | 3.78 | 3.64 | 3.71 | 3.47 | 3.88 | 3.66 | 3.83 | 3.78
minimized_CNP0174304.1_docked_3,VAL463 | ILE416 | LEU365 | LEU557 | GLY509 | VAL512,2.78 | 2.77 | 2.95 | 3.15 | 3.19 | 3.27,GLY364 | GLY364 | ALA510 | CYS368 | VAL467 | VAL467 | VAL467 | VAL467 | VAL467 | GLY558 | ILE559 | ILE559,3.71 | 3.73 | 3.86 | 3.76 | 3.58 | 3.89 | 3.79 | 3.08 | 3.85 | 3.54 | 3.88 | 3.78
minimized_CNP0174304.1_docked_4,VAL463 | ILE416 | GLY364 | LEU557 | VAL418,2.71 | 2.85 | 3.32 | 2.87 | 3.28,GLY364 | ALA510 | THR560 | THR560 | PRO322 | CYS513 | ALA466,3.81 | 3.86 | 3.62 | 3.31 | 3.53 | 3.87 | 3.87
minimized_CNP0174304.1_docked_5,ILE416 | VAL465 | VAL418 | VAL604 | LEU365,3.25 | 3.19 | 3.07 | 2.99 | 2.85,GLY605 | ALA366 | ALA366 | GLY417 | ILE559 | VAL561 | VAL561 | VAL561 | HIS516 | VAL561 | THR560 | ILE559 | ILE559 | CYS513,3.82 | 3.81 | 3.64 | 3.85 | 3.88 | 3.72 | 3.85 | 3.47 | 3.64 | 3.72 | 3.65 | 3.63 | 3.70 | 3.67
minimized_CNP0174304.1_docked_6,LEU557 | VAL606 | ILE559 | VAL512,3.01 | 3.00 | 2.69 | 2.92,ILE559 | ILE559 | GLY564 | HIS516 | VAL561 | VAL514 | VAL561 | VAL561 | VAL561 | VAL561 | VAL418 | VAL418 | CYS368,3.62 | 3.65 | 3.50 | 3.66 | 3.78 | 3.86 | 3.75 | 3.62 | 3.62 | 3.62 | 3.61 | 3.76 | 3.70
minimized_CNP0174304.1_docked_7,VAL604 | LEU557 | VAL463 | ILE416 | VAL604 | LEU365,3.19 | 2.85 | 3.04 | 2.88 | 2.98 | 2.99,GLY558 | VAL561 | PRO322 | VAL561 | VAL561 | PRO322 | VAL418 | VAL418 | VAL418 | ALA366 | ILE559,3.78 | 3.51 | 3.56 | 3.78 | 3.52 | 3.79 | 3.61 | 3.75 | 3.77 | 3.76 | 3.79
minimized_CNP0174304.1_docked_8,VAL463 | VAL418 | VAL418 | LEU365 | VAL512 | VAL465 | VAL465 | GLY371,3.19 | 2.90 | 3.02 | 3.10 | 3.11 | 3.20 | 3.28 | 3.19,VAL420 | VAL420 | VAL370 | VAL369 | VAL369 | VAL369 | VAL369 | VAL370 | GLY423 | VAL418,3.63 | 3.55 | 3.86 | 3.88 | 3.78 | 3.52 | 3.86 | 3.78 | 3.88 | 3.77
minimized_CNP0174304.1_docked_9,VAL463 | VAL465 | VAL418 | VAL418 | ILE416 | LEU365 | VAL512 | VAL512,3.03 | 3.09 | 2.98 | 3.08 | 3.08 | 3.06 | 3.25 | 3.15,GLY417 | GLY564 | LEU515 | PRO322 | VAL608 | VAL561 | VAL561 | VAL561 | ILE559 | ILE559 | CYS513,3.84 | 3.28 | 3.71 | 3.72 | 3.83 | 3.76 | 3.84 | 3.61 | 3.40 | 3.82 | 3.69
minimized_CNP0174304.2_docked_1,VAL463 | ILE416 | VAL604 | LEU557 | ALA510 | VAL606 | ILE559,3.01 | 2.94 | 2.86 | 2.96 | 2.87 | 2.99 | 3.16,GLY603 | GLY603 | GLY462 | VAL463 | VAL561 | ALA607 | ALA607 | VAL561 | VAL561 | VAL561 | VAL561 | GLY417 | ALA366 | ILE559,3.71 | 3.62 | 3.89 | 3.83 | 3.86 | 3.76 | 3.76 | 3.71 | 3.53 | 3.54 | 3.77 | 3.73 | 3.77 | 3.76
minimized_CNP0174304.2_docked_2,ALA510 | ILE416 | LEU365 | LEU557 | ALA510 | VAL606 | GLY367 | GLY367,3.07 | 2.70 | 3.01 | 2.80 | 2.70 | 2.95 | 2.90 | 2.67,GLY364 | GLY364 | VAL561 | VAL561 | VAL561 | VAL561 | CYS368 | CYS368 | VAL608 | VAL608 | GLY464 | GLY417 | ALA366 | ALA366 | GLY417 | ALA366,3.63 | 3.71 | 3.69 | 3.73 | 3.61 | 3.79 | 3.62 | 3.61 | 3.71 | 3.88 | 3.84 | 3.75 | 3.84 | 3.78 | 3.85 | 3.84
minimized_CNP0174304.2_docked_3,ALA510 | VAL463 | ILE416 | LEU365 | LEU557 | ALA510 | VAL606,3.16 | 2.90 | 2.73 | 2.97 | 2.85 | 2.79 | 3.23,GLY364 | GLY364 | VAL467 | VAL467 | ILE559 | THR560 | CYS513 | VAL514 | VAL514 | GLY464 | GLY417,3.49 | 3.50 | 3.79 | 3.80 | 3.86 | 3.78 | 3.58 | 3.75 | 3.77 | 3.71 | 3.80
minimized_CNP0174304.2_docked_4,VAL463 | ILE416 | VAL604 | LEU365 | ALA510 | VAL465 | VAL418,2.90 | 2.89 | 2.95 | 2.88 | 2.86 | 3.29 | 3.15,GLY603 | GLY603 | GLY462 | THR560 | CYS513 | VAL369 | VAL369 | ALA466 | VAL420 | VAL420 | ILE559 | GLY558 | GLY417,3.61 | 3.40 | 3.88 | 3.70 | 3.61 | 3.88 | 3.80 | 3.87 | 3.72 | 3.50 | 3.43 | 3.85 | 3.86
minimized_CNP0174304.2_docked_5,LEU557 | GLY509 | VAL512 | ALA510 | ILE416 | VAL606 | VAL606 | ILE559,2.77 | 3.31 | 3.01 | 3.08 | 2.79 | 3.10 | 3.14 | 2.71,GLY511 | ALA510 | ALA607 | VAL467 | VAL467 | VAL467 | THR560 | CYS513 | VAL514 | VAL514 | LEU468 | LEU468 | GLY417 | ALA366 | ALA366 | ALA366 | ILE559,3.39 | 3.83 | 3.86 | 3.78 | 3.55 | 3.74 | 3.67 | 3.67 | 3.72 | 3.76 | 3.83 | 3.85 | 3.45 | 3.66 | 3.37 | 3.87 | 3.83
minimized_CNP0174534.1_docked_1,ILE416 | VAL465 | VAL418 | ILE416 | LEU365 | VAL604 | LEU365 | VAL604 | LEU557 | ARG326,2.81 | 2.95 | 2.74 | 2.64 | 2.80 | 2.80 | 2.92 | 2.73 | 2.73 | 3.12,CYS368 | ALA607 | THR560 | ALA607 | VAL369 | ILE559 | GLY417 | ALA366 | GLY417,3.77 | 3.79 | 3.86 | 3.76 | 3.65 | 3.90 | 3.87 | 3.81 | 3.71
minimized_CNP0174534.1_docked_2,VAL604 | LEU365 | GLY367 | GLY367 | LEU557 | ARG470,3.30 | 2.92 | 3.20 | 2.99 | 2.81 | 2.99,ARG415 | ARG470 | ILE559 | CYS513 | CYS513 | ALA466 | VAL467 | VAL420 | VAL420 | VAL467 | VAL467 | ILE559 | GLY605 | ALA366 | ALA366 | ALA366 | ALA366 | ILE559,3.87 | 3.53 | 3.67 | 3.61 | 3.55 | 3.89 | 3.47 | 3.84 | 3.58 | 3.88 | 3.45 | 3.86 | 3.60 | 3.82 | 3.59 | 3.77 | 3.87 | 3.55
minimized_CNP0174534.1_docked_3,VAL604 | GLY367 | ILE416 | LEU365 | VAL604 | LEU365 | VAL604 | LEU557 | ILE559,2.94 | 2.69 | 2.69 | 3.02 | 3.15 | 3.07 | 2.90 | 3.12 | 2.99,ARG415 | GLY364 | GLY364 | ARG415 | THR560 | CYS513 | ALA366 | ALA366,3.76 | 3.78 | 3.83 | 3.89 | 3.63 | 3.57 | 3.73 | 3.81
minimized_CNP0174534.1_docked_4,VAL604 | LEU365 | VAL606 | GLY367 | GLY367 | GLY509 | VAL463 | ILE416 | ILE559 | ASP422,2.87 | 3.05 | 2.81 | 2.81 | 3.03 | 3.06 | 2.72 | 2.87 | 3.10 | 3.19,ALA556 | GLY417 | ALA466 | ALA466 | ALA466 | VAL420 | VAL420 | VAL467 | GLY605 | GLY605 | ALA366 | ALA366 | ILE559,3.73 | 3.85 | 3.53 | 3.58 | 3.89 | 3.73 | 3.63 | 3.75 | 3.75 | 3.57 | 3.64 | 3.58 | 3.60
minimized_CNP0174534.1_docked_5,ALA510 | VAL512 | VAL512 | ILE416 | LEU365 | HIS562,3.28 | 2.66 | 3.14 | 2.79 | 3.00 | 3.17,ALA556 | ALA556 | ALA556 | ARG326 | ILE559 | ALA607 | ALA607 | CYS513 | HIS562 | VAL561 | VAL561 | VAL465 | GLY464 | GLY464 | GLY464,3.87 | 3.61 | 3.53 | 3.65 | 3.83 | 3.72 | 3.88 | 3.87 | 3.88 | 3.72 | 3.56 | 3.88 | 3.77 | 3.65 | 3.41
minimized_CNP0174534.1_docked_6,VAL604 | LEU365 | GLY367 | ILE416 | LEU365 | VAL604 | LEU365 | VAL604 | LEU557 | ILE559,2.74 | 3.23 | 2.86 | 2.66 | 2.99 | 3.26 | 3.10 | 2.78 | 3.09 | 3.26,ARG415 | GLY364 | GLY364 | VAL467 | VAL467 | ALA466 | VAL514 | ALA366 | ALA366 | ILE559,3.79 | 3.80 | 3.84 | 3.30 | 3.83 | 3.88 | 3.85 | 3.83 | 3.84 | 3.55
minimized_CNP0174534.1_docked_7,VAL604 | GLY367 | VAL463 | ILE416 | ILE416 | VAL604 | LEU365 | VAL606 | VAL606 | ILE559,2.97 | 3.00 | 2.70 | 2.70 | 2.90 | 3.03 | 2.89 | 3.12 | 3.12 | 3.03,GLY462 | GLY462 | GLY509 | GLY462 | CYS368 | VAL420 | VAL420 | VAL420 | VAL420 | ALA366 | ILE559,3.78 | 3.62 | 3.68 | 3.84 | 3.69 | 3.78 | 3.54 | 3.50 | 3.83 | 3.87 | 3.65
minimized_CNP0174534.1_docked_8,VAL604 | VAL606 | GLY367 | GLY367 | VAL604 | LEU557 | LEU557 | GLY509 | ALA510,2.57 | 2.86 | 2.85 | 2.77 | 3.13 | 2.84 | 2.91 | 3.05 | 2.48,ALA366 | THR560 | THR560 | VAL561 | CYS513 | ALA466 | ALA466 | VAL514 | GLY605 | GLY605 | GLY605 | ALA366,3.59 | 3.88 | 3.75 | 3.51 | 3.71 | 3.49 | 3.89 | 3.86 | 3.83 | 3.72 | 3.76 | 3.81
minimized_CNP0174534.1_docked_9,VAL463 | ILE416 | VAL512 | VAL465 | ILE416 | VAL604 | LEU557 | VAL418 | VAL418,2.95 | 3.24 | 2.91 | 3.26 | 2.95 | 3.11 | 3.25 | 3.02 | 2.99,ARG415 | ARG415 | VAL467 | VAL420 | VAL467 | GLY464,3.87 | 3.61 | 3.65 | 3.90 | 3.72 | 3.82
minimized_CNP0175015.1_docked_1,ARG326 | VAL608 | ASN469 | HIS516 | VAL467 | VAL467 | THR560,2.86 | 3.06 | 3.03 | 3.04 | 3.28 | 3.15 | 3.17,VAL369 | VAL369 | VAL420 | VAL420 | ILE421 | VAL514 | VAL514 | CYS513 | CYS513 | ALA466 | ALA466 | ASN469 | ASN469,3.52 | 3.76 | 3.85 | 3.88 | 3.83 | 3.85 | 3.68 | 3.84 | 3.51 | 3.13 | 3.79 | 3.79 | 3.53
minimized_CNP0175015.1_docked_2,LEU557 | LEU557 | ALA510 | VAL465 | VAL465 | VAL561 | VAL561 | THR560 | LYS323 | ARG326 | ARG326,3.07 | 2.70 | 2.89 | 2.96 | 2.87 | 2.98 | 2.97 | 2.95 | 3.02 | 3.04 | 3.08,GLY364 | GLY364 | ILE559 | ALA366 | VAL418 | CYS368 | ALA466 | ALA466 | ARG326 | LYS323 | LYS323 | LYS323 | LYS323 | PRO322 | VAL369 | VAL369 | VAL514 | VAL561,3.79 | 3.83 | 3.51 | 3.69 | 3.86 | 3.86 | 3.84 | 3.78 | 3.75 | 3.66 | 3.75 | 3.66 | 3.76 | 3.83 | 3.65 | 3.83 | 3.89 | 3.87
minimized_CNP0175015.1_docked_3,LEU557 | LEU557 | ALA510 | VAL465 | VAL465 | VAL561 | VAL561 | THR560 | ASN469,3.08 | 2.71 | 2.88 | 3.00 | 2.90 | 2.81 | 3.02 | 2.67 | 2.87,GLY364 | GLY364 | ILE559 | GLY417 | ALA366 | VAL418 | CYS368 | VAL467 | ARG470 | ARG470 | ARG470 | VAL420 | VAL420 | VAL561,3.77 | 3.78 | 3.59 | 3.89 | 3.63 | 3.84 | 3.84 | 3.73 | 3.63 | 3.64 | 3.59 | 3.84 | 3.57 | 3.90
minimized_CNP0175015.1_docked_4,ILE416 | ILE416 | LEU365 | VAL512 | VAL512 | VAL608 | THR560 | ARG470 | ASN469,3.09 | 2.74 | 2.92 | 2.81 | 3.23 | 2.86 | 3.05 | 2.85 | 3.20,GLY509 | VAL463 | GLY462 | GLY558 | CYS513 | CYS513 | ALA466 | HIS516 | HIS516 | ILE421 | VAL467 | LEU468 | VAL420 | VAL420 | VAL420 | VAL420 | ALA607 | ALA607,3.76 | 3.66 | 3.76 | 3.71 | 3.83 | 3.56 | 3.81 | 3.87 | 3.77 | 3.84 | 3.70 | 3.74 | 3.83 | 3.55 | 3.78 | 3.78 | 3.64 | 3.69
minimized_CNP0175015.1_docked_5,ALA510 | VAL463 | VAL608 | VAL608,2.91 | 3.18 | 2.90 | 3.01,GLY603 | LEU557 | ALA556 | GLY511 | GLY464 | ALA366 | ILE559 | VAL418 | HIS516 | VAL467 | ARG470 | ASN469 | VAL514 | VAL514 | HIS516 | VAL467 | VAL467 | VAL467,3.75 | 3.85 | 3.71 | 3.76 | 3.55 | 3.80 | 3.56 | 3.89 | 3.79 | 3.67 | 3.87 | 3.83 | 3.80 | 3.57 | 3.52 | 3.43 | 3.87 | 3.90
minimized_CNP0175015.1_docked_6,ILE416 | ILE416 | LEU365 | VAL512 | VAL512 | VAL608 | THR560 | ASP422,3.05 | 2.78 | 2.92 | 2.84 | 3.30 | 3.09 | 2.95 | 2.80,VAL463 | GLY558 | CYS513 | ALA466 | ASP422 | ASP422 | ASN469 | ARG470 | ARG470 | ARG470 | ARG470 | ASN469 | VAL420 | VAL420 | VAL420 | VAL420 | ALA607,3.67 | 3.78 | 3.56 | 3.59 | 3.71 | 3.56 | 3.89 | 3.84 | 3.70 | 3.67 | 3.87 | 3.70 | 3.85 | 3.56 | 3.61 | 3.64 | 3.67
minimized_CNP0175015.1_docked_7,LEU557 | GLY509 | VAL465 | VAL465 | VAL467 | ASP422,2.75 | 3.20 | 3.23 | 3.04 | 2.80 | 3.08,ARG415 | GLY364 | GLY364 | GLY509 | GLY509 | GLY558 | VAL418 | ASP422 | ASP422 | ARG470 | ARG470 | ARG470 | ARG470 | ARG470 | ASN469 | ASN469 | ARG470 | VAL420 | VAL467 | VAL467 | VAL561 | VAL561,3.87 | 3.75 | 3.81 | 3.80 | 3.84 | 3.77 | 3.78 | 3.47 | 3.70 | 3.68 | 3.66 | 3.55 | 3.74 | 3.74 | 3.87 | 3.72 | 3.77 | 3.88 | 3.67 | 3.86 | 3.72 | 3.87
minimized_CNP0175015.1_docked_8,VAL512 | LEU557 | ARG336 | TYR334,3.09 | 2.70 | 2.70 | 2.89,GLY464 | GLY417 | ILE559 | ALA556 | GLY509 | ARG415 | ARG415 | GLY462 | GLY462 | ARG415 | ALA556 | ALA556 | ALA556 | GLY509 | ALA556 | ARG415 | ARG415 | PRO384 | ASN382 | ASN387 | ASN382 | ASN382 | ASN382 | TYR334,3.89 | 3.57 | 3.74 | 3.86 | 3.80 | 3.54 | 3.55 | 3.46 | 3.62 | 3.56 | 3.40 | 3.87 | 3.82 | 3.81 | 3.26 | 3.53 | 3.58 | 3.67 | 3.84 | 3.88 | 3.79 | 3.70 | 3.78 | 3.63
minimized_CNP0175015.1_docked_9,LEU557 | LEU557 | ALA510 | VAL465 | VAL465 | VAL561 | THR560 | ARG470 | ASN469,3.10 | 2.70 | 2.88 | 3.08 | 2.96 | 2.83 | 2.70 | 3.01 | 3.12,GLY364 | GLY364 | ILE559 | GLY417 | ALA366 | VAL418 | CYS368 | HIS516 | HIS516 | ARG470 | VAL561,3.78 | 3.73 | 3.75 | 3.86 | 3.54 | 3.86 | 3.90 | 3.73 | 3.78 | 3.55 | 3.81
minimized_CNP0175961.1_docked_1,LEU557 | GLY509 | ILE416 | LEU365 | LEU557 | ALA510 | VAL418 | VAL606 | VAL606 | ILE559 | GLY367,3.27 | 2.73 | 2.80 | 2.89 | 2.84 | 3.17 | 2.86 | 2.83 | 3.15 | 3.08 | 2.85,GLY509 | GLY509 | GLY417 | VAL420 | ALA466 | VAL467 | VAL420 | VAL420 | VAL420 | VAL420 | VAL420 | ILE559,3.76 | 3.84 | 3.87 | 3.76 | 3.58 | 3.87 | 3.69 | 3.79 | 3.86 | 3.59 | 3.50 | 3.47
minimized_CNP0175961.1_docked_2,ILE416 | LEU557 | GLY509 | ILE416 | LEU365 | VAL512 | VAL465 | VAL465,2.71 | 2.94 | 3.11 | 2.92 | 3.13 | 3.00 | 2.99 | 2.92,ALA556 | GLY509 | GLY509 | GLY364 | ALA556 | ILE559 | GLY558 | GLY558 | ALA466 | GLY419 | VAL467 | CYS368 | CYS368 | CYS368 | CYS368 | VAL420 | VAL420,3.67 | 3.87 | 3.77 | 3.87 | 3.70 | 3.29 | 3.89 | 3.84 | 3.62 | 3.90 | 3.78 | 3.64 | 3.60 | 3.55 | 3.70 | 3.87 | 3.56
minimized_CNP0175961.1_docked_3,LEU557 | GLY509 | VAL604 | LEU557 | GLY367 | VAL465 | VAL418 | VAL606 | GLY367,2.89 | 2.86 | 2.99 | 2.76 | 3.34 | 3.30 | 2.91 | 2.70 | 2.81,GLY417 | VAL608 | VAL608 | PRO322 | PRO322 | CYS513 | CYS513 | VAL561 | VAL561 | VAL561 | VAL561 | VAL561 | VAL561 | PRO322,3.57 | 3.80 | 3.61 | 3.80 | 3.62 | 3.47 | 3.68 | 3.75 | 3.80 | 3.75 | 3.23 | 3.68 | 3.87 | 3.55
minimized_CNP0175961.1_docked_4,VAL604 | VAL604 | LEU557 | VAL463 | VAL512 | VAL465 | VAL465 | VAL606 | ILE559,2.70 | 3.09 | 2.98 | 2.83 | 3.01 | 2.91 | 2.85 | 2.85 | 2.70,GLY603 | ALA556 | ALA556 | ARG415 | GLY603 | GLY603 | CYS513 | CYS513 | VAL561 | GLY464,3.65 | 3.45 | 3.62 | 3.89 | 3.89 | 3.61 | 3.83 | 3.66 | 3.64 | 3.82
minimized_CNP0175961.1_docked_5,VAL604 | LEU365 | VAL463 | VAL604 | LEU365 | VAL465 | VAL418 | VAL418 | VAL465,3.19 | 2.83 | 2.92 | 2.73 | 2.70 | 3.02 | 2.90 | 3.10 | 2.87,GLY462 | GLY462 | GLY603 | VAL512 | GLY464 | CYS368 | VAL420 | VAL420 | VAL369 | VAL369 | ALA366 | ILE559,3.76 | 3.79 | 3.89 | 3.82 | 3.47 | 3.54 | 3.44 | 3.63 | 3.81 | 3.78 | 3.86 | 3.71
minimized_CNP0175961.1_docked_6,ILE416 | LEU557 | ALA510 | GLY509 | ILE416 | LEU365 | VAL512 | VAL606 | VAL512 | VAL465 | VAL606,2.86 | 3.01 | 3.15 | 3.08 | 2.87 | 3.11 | 3.33 | 3.21 | 2.73 | 2.69 | 2.51,ALA556 | GLY509 | GLY509 | ALA556 | ILE559 | GLY558 | GLY558 | CYS513 | CYS513 | ALA466 | VAL514 | GLY419 | VAL467 | ILE559,3.83 | 3.76 | 3.71 | 3.68 | 3.62 | 3.89 | 3.72 | 3.88 | 3.64 | 3.80 | 3.56 | 3.46 | 3.50 | 3.90
minimized_CNP0175961.1_docked_7,ILE416 | LEU557 | GLY509 | ILE416 | LEU365 | VAL512 | VAL606 | VAL512 | VAL465,2.87 | 2.82 | 2.93 | 2.80 | 3.14 | 3.35 | 3.08 | 2.83 | 2.58,GLY509 | ALA556 | ALA607 | ALA607 | PRO322 | THR560 | CYS513 | VAL561 | VAL561 | VAL561 | VAL561,3.88 | 3.78 | 3.67 | 3.68 | 3.86 | 3.87 | 3.47 | 3.88 | 3.86 | 3.52 | 3.83
minimized_CNP0175961.1_docked_8,LEU557 | ALA510 | ILE416 | LEU365 | VAL418 | VAL418,2.96 | 2.89 | 2.51 | 2.84 | 2.93 | 3.00,GLY509 | GLY509 | GLY364 | ALA556 | ALA556 | ILE559 | THR560 | THR560 | VAL561 | CYS513 | ALA466 | CYS513 | CYS513 | VAL561 | VAL561 | ALA366 | ALA366 | ALA366,3.81 | 3.87 | 3.73 | 3.75 | 3.50 | 3.41 | 3.69 | 3.87 | 3.69 | 3.87 | 3.85 | 3.60 | 3.48 | 3.82 | 3.68 | 3.82 | 3.62 | 3.71
minimized_CNP0175961.1_docked_9,GLY509 | ALA510 | VAL463 | VAL604 | LEU365 | VAL606 | VAL606 | GLY367 | GLY367 | VAL512,3.28 | 3.05 | 2.84 | 2.90 | 2.73 | 2.80 | 2.83 | 3.12 | 3.13 | 2.70,VAL463 | ALA556 | GLY509 | GLY509 | GLY509 | CYS368 | CYS368 | VAL420 | VAL467,3.67 | 3.77 | 3.83 | 3.83 | 3.83 | 3.61 | 3.84 | 3.45 | 3.76
minimized_CNP0175961.2_docked_1,ALA510 | VAL604 | LEU365 | ALA510 | GLY367 | VAL418 | ILE559 | ILE559 | VAL465 | VAL418,3.26 | 2.96 | 2.76 | 3.03 | 3.04 | 3.10 | 2.94 | 2.85 | 3.11 | 2.91,GLY364 | GLY364 | GLY417 | VAL420 | ARG470 | CYS513 | VAL420 | VAL467 | ARG470 | ILE559,3.61 | 3.45 | 3.72 | 3.86 | 3.68 | 3.81 | 3.49 | 3.79 | 3.62 | 3.47
minimized_CNP0175961.2_docked_2,LEU557 | ALA510 | ILE416 | LEU365 | LEU557 | VAL418 | VAL606 | VAL606 | ILE559,3.06 | 3.02 | 2.70 | 3.01 | 2.84 | 3.22 | 3.29 | 3.16 | 3.09,ARG415 | ARG415 | GLY417 | ASP422 | ALA466 | VAL420 | VAL420 | VAL420 | VAL420 | ALA366 | ALA366 | ILE559,3.80 | 3.72 | 3.87 | 3.70 | 3.87 | 3.68 | 3.63 | 3.84 | 3.89 | 3.86 | 3.84 | 3.60
minimized_CNP0175961.2_docked_3,LEU557 | VAL463 | ILE416 | ARG415 | VAL604 | LEU557 | VAL418 | VAL512 | VAL465 | VAL606 | GLY367 | GLY367 | VAL418,2.82 | 2.75 | 2.77 | 3.13 | 2.89 | 2.94 | 3.29 | 3.17 | 3.31 | 3.27 | 3.24 | 2.97 | 2.70,GLY462 | ARG415 | ARG415 | ARG470 | VAL420 | VAL467 | VAL467 | ARG470 | ARG470 | ALA366,3.69 | 3.57 | 3.82 | 3.78 | 3.49 | 3.78 | 3.76 | 3.64 | 3.89 | 3.38
minimized_CNP0175961.2_docked_4,VAL604 | LEU365 | ALA510 | GLY462 | VAL604 | LEU365 | VAL606 | VAL418 | VAL418,3.20 | 3.23 | 2.87 | 3.14 | 2.64 | 2.70 | 3.07 | 2.83 | 2.73,GLY509 | GLY462 | GLY462 | ILE559 | VAL514 | VAL561 | VAL561 | VAL561 | VAL561 | VAL561,3.50 | 3.52 | 3.89 | 3.90 | 3.69 | 3.84 | 3.63 | 3.56 | 3.68 | 3.62
minimized_CNP0175961.2_docked_5,VAL604 | LEU365 | ALA510 | GLY462 | VAL604 | LEU365 | VAL606 | VAL418 | VAL418 | VAL418,3.11 | 3.00 | 2.87 | 3.21 | 2.74 | 2.73 | 3.06 | 2.78 | 2.93 | 3.02,GLY509 | GLY462 | ILE559 | GLY558 | VAL467 | VAL514 | VAL514 | VAL514 | VAL514,3.53 | 3.63 | 3.85 | 3.82 | 3.89 | 3.74 | 3.65 | 3.49 | 3.88
minimized_CNP0175961.2_docked_6,LEU557 | GLY509 | ILE416 | LEU365 | LEU557 | VAL465 | VAL606 | VAL606 | GLY367 | VAL465,2.86 | 3.08 | 2.70 | 2.99 | 2.92 | 2.61 | 3.14 | 2.84 | 3.32 | 2.89,ARG415 | ARG415 | THR560 | VAL561 | CYS513 | VAL561 | VAL514 | VAL514 | VAL514 | VAL514 | LEU468 | ALA366 | ILE559,3.90 | 3.76 | 3.84 | 3.86 | 3.76 | 3.87 | 3.86 | 3.86 | 3.45 | 3.89 | 3.83 | 3.39 | 3.86
minimized_CNP0175961.2_docked_7,LEU557 | GLY509 | ILE416 | ALA510 | VAL512 | VAL512 | ILE559 | VAL418 | VAL418 | ARG326,2.91 | 2.94 | 2.99 | 2.91 | 2.66 | 2.91 | 3.24 | 3.34 | 3.11 | 3.23,ARG415 | GLY364 | ARG326 | PRO322 | PRO322 | ALA607 | ALA607 | ALA607 | ALA607 | VAL561 | VAL608 | VAL608 | PRO322,3.63 | 3.86 | 3.45 | 3.86 | 3.27 | 3.45 | 3.76 | 3.75 | 3.69 | 3.60 | 3.53 | 3.72 | 3.48
minimized_CNP0175961.2_docked_8,VAL604 | VAL512 | VAL465 | VAL465 | VAL606 | VAL606 | GLY367 | GLY367 | VAL512 | VAL465,3.05 | 2.83 | 2.96 | 2.98 | 2.95 | 3.16 | 2.81 | 2.95 | 2.92 | 2.72,GLY464 | ILE559 | ALA607 | CYS368 | CYS368 | VAL514 | VAL514 | VAL561 | VAL561 | VAL561 | VAL561 | PRO322 | GLY564,3.88 | 3.62 | 3.51 | 3.86 | 3.44 | 3.77 | 3.53 | 3.90 | 3.80 | 3.86 | 3.57 | 3.58 | 3.85
minimized_CNP0175961.2_docked_9,VAL512 | ALA510 | VAL604 | LEU365 | VAL512 | VAL465 | VAL465 | VAL606 | GLY367 | VAL465 | VAL418,3.14 | 2.50 | 3.09 | 2.76 | 2.94 | 2.85 | 2.84 | 3.10 | 2.98 | 2.89 | 2.69,ALA366 | GLY464 | VAL606 | GLN563 | PRO322 | VAL608 | VAL608 | PRO322 | GLY564 | GLN563 | PRO322,3.78 | 3.77 | 3.83 | 3.83 | 3.80 | 3.75 | 3.89 | 3.76 | 3.57 | 3.86 | 3.58
minimized_CNP0175961.3_docked_1,VAL463 | VAL604 | LEU557 | VAL463 | ILE416 | VAL465 | VAL606 | VAL606 | ILE559 | VAL465,3.01 | 2.90 | 2.82 | 2.69 | 2.68 | 2.92 | 3.10 | 2.96 | 2.85 | 2.96,GLY603 | GLY603 | ALA556 | ALA556 | GLY464 | THR560 | VAL561 | VAL561 | VAL467 | VAL514 | VAL514 | VAL514 | LEU468 | ILE559 | GLY558 | ILE559 | ILE559,3.78 | 3.33 | 3.53 | 3.66 | 3.43 | 3.64 | 3.71 | 3.70 | 3.73 | 3.80 | 3.54 | 3.88 | 3.67 | 3.84 | 3.77 | 3.58 | 3.31
minimized_CNP0175961.3_docked_2,VAL463 | VAL604 | LEU557 | VAL463 | ILE416 | VAL606 | VAL606 | ILE559 | ILE559 | VAL418,2.89 | 2.75 | 2.95 | 2.62 | 2.89 | 3.31 | 2.92 | 2.92 | 3.16 | 2.99,GLY603 | GLY603 | ALA556 | ALA556 | GLY464 | VAL467 | ILE559 | GLY558 | ILE559 | ILE559,3.75 | 3.34 | 3.64 | 3.77 | 3.62 | 3.54 | 3.79 | 3.81 | 3.72 | 3.52
minimized_CNP0175961.3_docked_3,VAL463 | VAL604 | VAL604 | LEU557 | VAL463 | ILE416 | VAL418 | VAL465 | VAL418 | ARG326,2.84 | 2.70 | 3.09 | 2.97 | 2.73 | 2.90 | 3.21 | 2.75 | 2.94 | 3.06,GLY603 | ALA556 | ALA556 | GLY558 | ALA607 | ALA607 | ALA607 | ALA607 | VAL369 | ALA366,3.61 | 3.51 | 3.67 | 3.62 | 3.41 | 3.31 | 3.59 | 3.59 | 3.76 | 3.72
minimized_CNP0175961.3_docked_4,VAL604 | ALA510 | GLY462 | VAL604 | LEU557 | ILE559 | VAL465 | VAL465 | VAL418 | VAL418 | ARG326,3.06 | 2.76 | 2.96 | 2.72 | 2.91 | 3.14 | 2.95 | 3.24 | 2.90 | 3.05 | 2.84,GLY509 | VAL463 | GLY462 | GLY605 | GLY605 | VAL420 | CYS368 | VAL420 | CYS368 | GLY417,3.65 | 3.82 | 3.50 | 3.88 | 3.70 | 3.76 | 3.72 | 3.62 | 3.82 | 3.86
minimized_CNP0175961.3_docked_5,LEU557 | GLY509 | ILE416 | ALA510 | VAL465 | VAL465 | VAL418 | VAL606,2.85 | 3.23 | 2.90 | 2.80 | 3.34 | 2.58 | 2.68 | 2.70,GLY605 | GLY605 | ALA366 | ARG326 | ALA607 | ALA607 | VAL420 | VAL420 | ALA366 | ALA366,3.82 | 3.31 | 3.88 | 3.87 | 3.81 | 3.68 | 3.58 | 3.75 | 3.80 | 3.79
minimized_CNP0175961.3_docked_6,LEU557 | ALA510 | ILE416 | LEU365 | VAL512 | ALA510 | VAL465 | VAL512 | VAL465,3.08 | 2.84 | 2.84 | 3.13 | 3.27 | 2.82 | 3.09 | 2.82 | 2.70,LEU365 | GLY605 | GLY605 | ALA366 | CYS368 | CYS368 | VAL420 | VAL420,3.62 | 3.79 | 3.50 | 3.85 | 3.51 | 3.71 | 3.42 | 3.43
minimized_CNP0175961.3_docked_7,VAL604 | VAL465 | VAL418 | VAL418 | VAL606 | VAL606 | ILE559 | VAL561 | THR560 | VAL608,3.06 | 3.00 | 2.90 | 3.01 | 2.77 | 3.24 | 2.71 | 3.18 | 3.11 | 2.79,GLY417 | VAL369 | VAL420 | VAL420 | VAL420 | VAL420 | GLY423 | GLY423 | THR560 | CYS513,3.71 | 3.70 | 3.51 | 3.44 | 3.78 | 3.84 | 3.81 | 3.39 | 3.86 | 3.84
minimized_CNP0175961.3_docked_8,LEU557 | ALA510 | ILE416 | LEU365 | VAL512 | ALA510 | VAL418 | ILE559 | VAL465 | VAL418,2.89 | 2.90 | 2.85 | 3.02 | 3.14 | 2.83 | 2.97 | 2.92 | 2.72 | 2.56,LEU365 | ARG326 | THR560 | THR560 | VAL608 | VAL608,3.52 | 3.74 | 3.74 | 3.82 | 3.85 | 3.87
minimized_CNP0175961.3_docked_9,VAL604 | ALA510 | VAL604 | LEU557 | VAL465 | VAL606 | GLY367 | VAL512 | VAL465 | VAL606 | THR560,2.57 | 2.92 | 3.00 | 3.14 | 3.28 | 2.71 | 2.73 | 2.34 | 2.67 | 2.82 | 3.10,GLY464 | VAL463 | ALA366 | ALA366 | VAL420 | VAL420 | VAL420 | VAL420 | VAL420 | ILE559,3.58 | 3.34 | 3.64 | 3.57 | 3.51 | 3.86 | 3.65 | 3.71 | 3.61 | 3.90
minimized_CNP0176052.1_docked_1,VAL604 | LEU557 | VAL463 | ILE416 | VAL561 | THR560,2.59 | 2.78 | 2.97 | 2.84 | 2.93 | 3.05,GLY603 | GLY603 | ALA556 | ALA556 | ARG415 | GLY462 | VAL608 | GLY464 | ILE559 | ALA366 | ALA366 | ILE559,3.79 | 3.42 | 3.42 | 3.69 | 3.79 | 3.87 | 3.67 | 3.52 | 3.67 | 3.47 | 3.75 | 3.32
minimized_CNP0176052.1_docked_2,VAL604 | LEU365 | VAL512 | VAL465 | VAL465 | VAL606 | VAL606 | GLY367 | GLY367,2.75 | 3.06 | 3.04 | 3.04 | 2.94 | 3.34 | 2.96 | 3.24 | 2.77,GLY464 | ALA366 | ALA366 | VAL561 | VAL561 | VAL561 | VAL561 | VAL561 | VAL561 | VAL514 | VAL514 | VAL514 | VAL561,3.71 | 3.74 | 3.83 | 3.54 | 3.87 | 3.70 | 3.80 | 3.58 | 3.85 | 3.83 | 3.85 | 3.82 | 3.81
minimized_CNP0176052.1_docked_3,VAL463 | VAL606 | VAL604 | VAL465 | VAL465 | VAL418 | VAL418,3.12 | 3.13 | 3.16 | 3.21 | 3.23 | 3.08 | 2.93,ILE559 | GLN563 | GLN563 | PRO322 | PRO322 | PRO322 | ALA607 | ALA607 | ALA607 | VAL561,3.88 | 3.88 | 3.82 | 3.78 | 3.57 | 3.78 | 3.58 | 3.85 | 3.75 | 3.62
minimized_CNP0176052.1_docked_4,ALA510 | VAL604 | LEU365 | ALA510 | VAL467,3.20 | 3.15 | 2.83 | 3.05 | 2.70,GLY364 | GLY364 | VAL467 | VAL514 | ILE559 | ILE559 | ILE559 | VAL418 | ALA366 | VAL418 | VAL418 | VAL606 | GLY419,3.66 | 3.49 | 3.69 | 3.86 | 3.51 | 3.45 | 3.83 | 3.76 | 3.87 | 3.38 | 3.56 | 3.86 | 3.70
minimized_CNP0176052.1_docked_5,LEU365 | ILE416 | ILE559 | ILE559 | VAL465 | VAL465 | VAL418 | VAL418 | GLN563,3.25 | 3.02 | 3.14 | 3.07 | 3.00 | 3.27 | 3.14 | 3.28 | 3.10,GLY605 | ALA366 | PRO322 | VAL608 | HIS562 | THR560 | CYS513 | ALA466,3.82 | 3.83 | 3.64 | 3.48 | 3.68 | 3.76 | 3.75 | 3.76
minimized_CNP0176052.1_docked_6,ALA510 | VAL604 | LEU365 | VAL512 | VAL465 | VAL465 | ARG326,2.80 | 2.74 | 2.69 | 2.78 | 2.97 | 2.99 | 2.98,GLY605 | VAL370 | VAL369 | GLY419 | VAL420 | VAL420,3.66 | 3.88 | 3.55 | 3.73 | 3.70 | 3.38
minimized_CNP0176052.1_docked_7,VAL604 | LEU365 | VAL512 | VAL465 | VAL465 | VAL606 | VAL606 | GLY367 | GLY367,2.98 | 2.94 | 2.91 | 3.21 | 3.17 | 3.17 | 2.82 | 3.31 | 2.95,GLY464 | ILE559 | ARG470 | VAL467 | ILE421 | VAL467 | VAL467,3.85 | 3.81 | 3.85 | 3.72 | 3.66 | 3.87 | 3.51
minimized_CNP0176052.1_docked_8,VAL604 | LEU557 | VAL463 | ILE416 | VAL606 | ILE559 | ILE559,2.70 | 3.00 | 3.15 | 3.06 | 3.33 | 3.08 | 2.96,GLY464 | ILE559 | VAL370 | VAL420 | CYS368 | VAL420 | VAL420,3.67 | 3.73 | 3.60 | 3.60 | 3.78 | 3.71 | 3.53
minimized_CNP0176052.1_docked_9,VAL463 | VAL606 | VAL604 | VAL512 | VAL465 | VAL465,3.20 | 3.15 | 3.12 | 3.00 | 2.85 | 2.93,GLY605 | ALA366 | VAL369 | VAL369 | VAL369 | THR560,3.42 | 3.69 | 3.49 | 3.63 | 3.70 | 3.85
minimized_CNP0177268.0_docked_1,VAL606 | ILE416 | VAL606 | VAL606 | GLY367 | GLY367 | GLY564,2.93 | 2.90 | 2.99 | 3.01 | 3.06 | 3.04 | 3.20,VAL514 | VAL561 | VAL561 | VAL418 | GLY367 | CYS368 | THR560 | PRO322 | VAL561 | GLY605,3.87 | 3.33 | 3.33 | 3.57 | 3.77 | 3.89 | 3.85 | 3.75 | 3.65 | 3.87
minimized_CNP0177268.0_docked_2,VAL465 | VAL465 | VAL418 | VAL512 | VAL465 | VAL465 | ILE416 | LEU365 | VAL512 | ASN469,3.32 | 2.89 | 3.25 | 2.97 | 2.92 | 2.89 | 3.08 | 3.08 | 2.70 | 2.96,ALA366 | VAL514 | VAL514 | LEU468 | ILE559 | GLY417 | ALA366,3.81 | 3.74 | 3.80 | 3.85 | 3.79 | 3.82 | 3.53
minimized_CNP0177268.0_docked_3,LEU557 | VAL463 | ILE416 | VAL604 | GLY367,3.03 | 3.00 | 2.79 | 2.85 | 3.02,GLY462 | GLY462 | ARG415 | ARG415 | VAL369 | VAL369 | ILE559 | ALA466 | VAL467 | GLY464 | ALA366 | ILE559 | VAL512 | VAL418 | VAL418 | CYS513 | CYS513 | ALA466 | ALA556,3.79 | 3.47 | 3.74 | 3.87 | 3.70 | 3.37 | 3.39 | 3.70 | 3.59 | 3.87 | 3.90 | 3.65 | 3.84 | 3.61 | 3.71 | 3.88 | 3.73 | 3.80 | 3.78
minimized_CNP0177268.0_docked_4,VAL418 | VAL465 | VAL463 | VAL604 | LEU365 | VAL512 | VAL512 | ARG470,2.96 | 3.15 | 3.33 | 2.78 | 2.96 | 2.78 | 3.02 | 3.19,GLY605 | ARG470 | VAL514 | VAL514 | VAL514 | THR560 | ILE559 | ILE559 | THR560 | ALA466 | ALA466 | VAL467 | ASN469 | ILE559 | ALA366 | ALA366 | ALA366,3.82 | 3.52 | 3.87 | 3.80 | 3.30 | 3.74 | 3.88 | 3.80 | 3.87 | 3.75 | 3.79 | 3.59 | 3.84 | 3.84 | 3.64 | 3.56 | 3.83
minimized_CNP0177268.0_docked_5,VAL604 | LEU365 | VAL465 | VAL606 | VAL606 | GLY367 | GLY367 | VAL561 | THR560,3.04 | 3.18 | 2.96 | 3.33 | 2.87 | 3.33 | 2.81 | 3.34 | 3.12,VAL514 | LEU468 | CYS513 | ALA466 | VAL467 | VAL467 | VAL467 | VAL467 | ALA366 | ALA366,3.45 | 3.81 | 3.79 | 3.55 | 3.58 | 3.29 | 3.73 | 3.76 | 3.67 | 3.82
minimized_CNP0177268.0_docked_6,LEU557 | VAL606 | VAL604 | VAL606 | VAL606 | GLY367 | GLY367 | THR560,3.01 | 2.96 | 3.06 | 3.25 | 3.12 | 3.27 | 3.11 | 2.88,PRO322 | PRO322,3.82 | 3.62
minimized_CNP0177268.0_docked_7,ILE559 | LEU557 | VAL606 | VAL604 | VAL463 | VAL606 | VAL606 | GLY367 | GLY367,3.12 | 3.04 | 2.91 | 3.07 | 3.08 | 3.25 | 3.06 | 3.27 | 3.04,VAL561 | VAL561 | VAL561 | ALA466 | GLY605,3.87 | 3.56 | 3.74 | 3.83 | 3.84
minimized_CNP0177268.0_docked_8,LEU365 | VAL463 | ILE416 | ILE559 | ILE559 | VAL465,2.88 | 3.34 | 3.24 | 3.07 | 3.04 | 3.02,ILE559 | VAL514 | THR560 | CYS513 | VAL561 | VAL561 | CYS513 | VAL561 | VAL561 | VAL561 | VAL561 | ALA366,3.70 | 3.83 | 3.72 | 3.60 | 3.47 | 3.72 | 3.54 | 3.65 | 3.81 | 3.65 | 3.80 | 3.49
minimized_CNP0177268.0_docked_9,VAL463 | ILE416 | ALA510 | VAL463 | VAL604 | LEU365 | ALA510,2.76 | 2.70 | 2.77 | 3.15 | 2.98 | 2.90 | 2.98,VAL465 | ALA607 | VAL369 | ALA366 | ILE559 | VAL418 | CYS368 | CYS368 | CYS368,3.63 | 3.64 | 3.55 | 3.60 | 3.54 | 3.50 | 3.87 | 3.22 | 3.75
minimized_CNP0177728.1_docked_1,LEU557 | LEU557 | ALA510 | ILE559 | VAL514 | VAL514 | ARG326 | VAL561 | THR560,2.82 | 2.82 | 3.32 | 3.06 | 2.90 | 2.98 | 2.98 | 3.07 | 2.96,ARG415 | GLY364 | GLY462 | ARG415 | ARG415 | GLY364 | ALA556 | GLY509 | GLY509 | ILE559 | GLY464 | GLY558 | ILE559 | VAL418 | ALA366,3.55 | 3.80 | 3.55 | 3.76 | 3.84 | 3.65 | 3.66 | 3.27 | 3.13 | 3.63 | 3.73 | 3.76 | 3.78 | 3.81 | 3.42
minimized_CNP0177728.1_docked_2,VAL514 | VAL514 | VAL606 | ILE559 | VAL604 | LEU365 | ILE416 | LEU365 | ILE416,2.85 | 3.19 | 2.93 | 2.73 | 2.79 | 2.94 | 2.84 | 2.76 | 2.97,VAL561 | VAL561 | CYS513 | VAL561 | VAL514 | ALA466 | GLY417 | GLY509 | GLY462 | GLY603 | GLY364 | ARG415 | GLY462 | ALA366,3.54 | 3.78 | 3.72 | 3.20 | 3.55 | 3.56 | 3.83 | 3.49 | 3.18 | 3.70 | 3.85 | 3.69 | 3.68 | 3.78
minimized_CNP0177728.1_docked_3,VAL369 | VAL369 | VAL369 | VAL465 | VAL418 | VAL512 | ALA510 | LEU557 | ALA510,3.06 | 2.71 | 3.11 | 2.32 | 3.05 | 3.07 | 3.15 | 2.96 | 3.17,VAL420 | CYS368 | VAL420 | VAL369 | ALA607 | ALA607 | CYS368 | ALA607 | ALA607 | ILE559 | GLY603 | GLY364 | GLY509 | GLY462 | ALA556 | ALA556 | GLY603,3.49 | 3.81 | 3.42 | 3.43 | 3.06 | 3.77 | 3.76 | 3.83 | 3.76 | 3.65 | 3.25 | 3.66 | 3.74 | 3.67 | 3.90 | 3.50 | 3.78
minimized_CNP0177728.1_docked_4,VAL465 | VAL418 | VAL512 | ALA510 | LEU557 | ALA510,2.60 | 2.75 | 2.88 | 2.98 | 2.72 | 3.26,VAL561 | VAL561 | VAL514 | VAL514 | ILE559 | GLY603 | ALA556 | GLY364 | GLY509 | GLY462 | GLY462 | ALA556 | ALA556 | GLY509 | GLY603,3.66 | 3.53 | 3.77 | 3.64 | 3.60 | 3.39 | 3.83 | 3.74 | 3.68 | 3.79 | 3.44 | 3.83 | 3.50 | 3.89 | 3.83
minimized_CNP0177728.1_docked_5,ASP422 | VAL512 | VAL465 | VAL418 | GLY367 | VAL465 | VAL418 | VAL418 | VAL604 | LEU365 | LEU365 | VAL463 | ILE416,3.22 | 2.77 | 2.81 | 2.89 | 3.07 | 3.29 | 3.16 | 3.32 | 2.73 | 3.02 | 3.17 | 2.90 | 3.26,ASP422 | VAL420 | VAL467 | VAL467 | VAL420 | VAL467 | ALA607 | ILE559,3.64 | 3.80 | 3.88 | 3.56 | 3.60 | 3.85 | 3.88 | 3.59
minimized_CNP0177728.1_docked_6,LEU557 | LEU557 | ALA510 | ILE559 | VAL608 | THR560 | VAL561,2.79 | 2.86 | 3.29 | 3.15 | 3.09 | 2.98 | 2.78,ARG415 | GLY364 | GLY462 | ARG415 | ARG415 | GLY364 | ALA556 | GLY509 | GLY509 | ILE559 | GLY464 | GLY558 | ILE559 | VAL418 | ALA366,3.62 | 3.82 | 3.61 | 3.75 | 3.85 | 3.65 | 3.66 | 3.27 | 3.12 | 3.68 | 3.75 | 3.76 | 3.75 | 3.80 | 3.39
minimized_CNP0177728.1_docked_7,VAL463 | VAL463 | ILE416 | VAL512 | VAL465 | VAL420 | VAL420 | VAL467 | VAL467,3.27 | 2.52 | 2.87 | 3.28 | 3.03 | 3.17 | 3.01 | 2.94 | 3.00,ALA556 | ALA556 | ALA556 | GLY509 | GLY603 | ALA556 | GLY462 | ARG415 | ARG415 | ALA366 | ILE416 | GLY464 | GLY464 | ILE559 | ILE559 | VAL514 | VAL514 | VAL514 | VAL514,3.26 | 3.60 | 3.41 | 3.29 | 3.89 | 3.74 | 3.67 | 3.26 | 3.46 | 3.44 | 3.83 | 3.32 | 3.52 | 3.52 | 3.40 | 3.53 | 3.67 | 3.89 | 3.73
minimized_CNP0177728.1_docked_8,VAL512 | VAL465 | VAL418 | GLY367 | VAL465 | VAL418 | VAL418 | VAL604 | LEU365 | LEU365 | VAL463 | ILE416,2.80 | 3.18 | 2.88 | 3.18 | 3.24 | 2.97 | 3.25 | 2.77 | 2.91 | 3.12 | 2.94 | 3.20,GLY564 | HIS516 | VAL514 | VAL514 | VAL561 | VAL514 | VAL514 | THR560 | ALA366 | ALA366 | ILE559,3.77 | 3.73 | 3.71 | 3.79 | 3.37 | 3.81 | 3.66 | 3.66 | 3.85 | 3.89 | 3.61
minimized_CNP0177728.1_docked_9,ILE559 | ILE559 | LEU557 | ALA510,2.65 | 3.13 | 2.87 | 3.16,VAL467 | VAL420 | VAL420 | VAL420 | VAL418 | ALA366 | ILE559 | GLY603 | ALA556 | GLY364 | GLY509 | GLY462 | GLY462 | ALA556 | ALA556 | GLY509 | GLY603,3.75 | 3.86 | 3.30 | 3.74 | 2.95 | 3.25 | 3.24 | 3.59 | 3.80 | 3.84 | 3.72 | 3.72 | 3.35 | 3.80 | 3.53 | 3.79 | 3.84
minimized_CNP0177797.1_docked_1,VAL369 | VAL512 | VAL465 | ARG415 | SER508,3.16 | 2.70 | 3.03 | 2.82 | 3.18,VAL369 | VAL369 | CYS368 | CYS368 | CYS368 | VAL420 | VAL420 | CYS368 | THR560 | ILE559 | ILE559 | CYS513 | GLY462 | ARG415 | ARG415 | ALA556 | ALA556 | GLY509 | ARG415 | ARG415 | GLY509 | GLY462 | ARG415 | ALA556 | ALA556 | GLY603 | ALA556 | GLY364 | GLY603 | GLY603 | GLY364 | GLY464 | GLY417 | GLY417 | VAL465 | VAL465 | VAL465 | GLY464 | GLY464 | VAL465 | ILE559,3.68 | 3.70 | 3.89 | 3.64 | 3.63 | 3.06 | 3.36 | 3.69 | 3.83 | 3.30 | 3.71 | 3.38 | 3.35 | 3.85 | 3.74 | 3.48 | 3.09 | 3.54 | 2.84 | 3.76 | 3.18 | 3.37 | 3.68 | 3.33 | 3.56 | 3.08 | 3.41 | 3.67 | 3.89 | 3.52 | 3.56 | 3.83 | 3.47 | 3.81 | 3.87 | 3.86 | 3.74 | 3.84 | 3.86 | 3.73 | 3.83
minimized_CNP0177797.1_docked_2,VAL604 | LEU557 | VAL465 | VAL418,3.24 | 3.12 | 2.86 | 3.03,GLY605 | VAL604 | GLY558 | ILE559 | ILE559 | VAL418 | CYS368 | VAL561 | PRO322 | PRO322 | PRO322 | PRO322 | VAL561 | VAL514 | VAL514 | VAL514 | CYS513 | ALA466 | CYS513,3.61 | 3.82 | 3.56 | 3.36 | 3.50 | 3.79 | 3.75 | 3.47 | 3.48 | 3.61 | 3.74 | 3.71 | 3.69 | 3.60 | 3.90 | 3.89 | 3.69 | 3.89 | 3.75
minimized_CNP0177797.1_docked_3,ILE416 | VAL606 | ILE559,3.05 | 2.81 | 3.15,GLY464 | GLY417 | ALA366 | ALA366 | ALA366 | ALA366 | THR560 | ILE559 | CYS513 | VAL420 | VAL420 | VAL420 | VAL420 | VAL420 | VAL420 | VAL420 | CYS368 | CYS368 | CYS368 | ILE559 | VAL606 | ILE559 | ILE559,3.52 | 3.60 | 3.04 | 3.76 | 3.46 | 3.81 | 3.26 | 3.70 | 3.80 | 3.90 | 3.34 | 3.76 | 3.90 | 3.79 | 3.41 | 3.88 | 3.84 | 3.61 | 3.79 | 3.73 | 3.75 | 3.73 | 3.66
minimized_CNP0177797.1_docked_4,VAL418 | THR560,3.24 | 3.01,ILE559 | CYS368 | CYS368 | GLY367 | VAL561 | VAL561 | VAL514 | VAL514 | VAL514 | VAL514 | ALA466 | ALA466 | ILE559 | VAL418 | VAL418 | ALA366,3.23 | 3.87 | 3.65 | 3.73 | 3.78 | 3.58 | 3.76 | 3.64 | 3.44 | 3.89 | 3.83 | 3.89 | 3.86 | 3.25 | 3.74 | 3.78
minimized_CNP0177797.1_docked_5,VAL467 | LYS323,3.27 | 3.21,ALA466 | ILE559 | ILE559 | CYS513 | VAL418 | ALA366 | ILE559 | VAL369 | VAL369 | VAL369,3.82 | 3.24 | 3.65 | 3.84 | 3.85 | 3.34 | 3.88 | 3.66 | 3.78 | 3.71
minimized_CNP0180142.1_docked_1,VAL604 | LEU557 | ILE416 | LEU365 | VAL604 | VAL512 | VAL465 | VAL465 | VAL606 | VAL606 | GLY367,2.93 | 2.78 | 2.70 | 3.22 | 2.94 | 2.82 | 3.01 | 3.02 | 2.96 | 3.04 | 2.93,GLY364 | GLY364 | ALA466 | THR560 | CYS513 | VAL561 | THR560 | THR560 | CYS513 | VAL561 | VAL561 | VAL561 | ILE559,3.72 | 3.79 | 3.81 | 3.46 | 3.74 | 3.79 | 3.85 | 3.70 | 3.57 | 3.66 | 3.81 | 3.65 | 3.78
minimized_CNP0180142.1_docked_2,VAL463 | ILE416 | LEU557 | ALA510 | GLY509 | VAL606 | GLY367 | GLY367 | VAL465,2.83 | 2.80 | 2.86 | 3.32 | 2.86 | 2.81 | 3.04 | 2.86 | 2.93,ALA556 | ALA556 | GLY605 | ALA366 | ALA366 | VAL467 | VAL420 | CYS368 | VAL420 | VAL420 | VAL420,3.90 | 3.55 | 3.62 | 3.75 | 3.54 | 3.75 | 3.68 | 3.76 | 3.56 | 3.86 | 3.42
minimized_CNP0180142.1_docked_3,ILE416 | LEU365 | ALA510 | LEU557 | VAL606 | VAL465 | VAL418 | VAL418 | ARG326,2.85 | 3.15 | 3.14 | 3.28 | 2.93 | 3.06 | 2.74 | 3.10 | 3.02,GLY509 | GLY509 | ILE559 | GLY558 | VAL420 | VAL420 | ALA607 | CYS368 | ALA607 | ALA607 | CYS368 | VAL369 | ARG326,3.82 | 3.65 | 3.86 | 3.82 | 3.88 | 3.61 | 3.58 | 3.71 | 3.29 | 3.88 | 3.84 | 3.64 | 3.73
minimized_CNP0180142.1_docked_4,LEU557 | ALA510 | GLY509 | VAL604 | LEU557 | VAL512 | VAL606 | ILE559,2.69 | 3.10 | 3.07 | 3.02 | 3.11 | 3.15 | 2.90 | 3.31,ALA556 | GLY509 | GLY509 | ALA556 | GLY464 | CYS368 | VAL514 | ARG470 | ALA466 | ALA466 | GLY419 | VAL467 | VAL467 | VAL467 | ILE559 | ILE559 | ILE559,3.68 | 3.69 | 3.80 | 3.88 | 3.47 | 3.83 | 3.47 | 3.85 | 3.72 | 3.77 | 3.85 | 3.80 | 3.81 | 3.70 | 3.85 | 3.75 | 3.69
minimized_CNP0180142.1_docked_5,LEU557 | ALA510 | VAL463 | VAL604 | LEU365 | VAL512 | VAL606 | VAL606 | GLY367,2.90 | 3.04 | 3.19 | 2.96 | 3.33 | 2.92 | 2.95 | 3.00 | 2.95,GLY464 | THR560 | CYS513 | VAL514 | VAL514 | VAL561 | VAL561 | VAL561 | ALA366,3.60 | 3.64 | 3.74 | 3.79 | 3.40 | 3.53 | 3.88 | 3.57 | 3.85
minimized_CNP0180142.1_docked_6,VAL604 | LEU557 | VAL604 | LEU365 | VAL512 | GLY367 | GLY367,2.87 | 2.97 | 3.07 | 2.90 | 2.81 | 2.95 | 3.04,GLY364 | GLY364 | GLY603 | ALA556 | ALA556 | GLY603 | ALA556 | GLY511 | ALA607 | THR560 | THR560 | ARG326 | PRO322 | CYS368 | ARG326 | ILE559 | ALA366,3.70 | 3.25 | 3.53 | 3.70 | 3.76 | 3.82 | 3.83 | 3.50 | 3.75 | 3.49 | 3.86 | 3.80 | 3.77 | 3.89 | 3.66 | 3.82 | 3.79
minimized_CNP0180142.1_docked_7,ILE416 | LEU365 | ALA510 | GLY462 | LEU557 | VAL606 | VAL418,3.05 | 2.96 | 3.12 | 3.05 | 3.24 | 3.05 | 3.25,GLY509 | GLY462 | GLY558 | VAL420 | CYS368 | VAL369 | VAL420,3.68 | 3.76 | 3.71 | 3.75 | 3.69 | 3.82 | 3.69
minimized_CNP0180142.1_docked_8,ILE416 | LEU365 | VAL463 | ILE416 | VAL606 | ILE559 | ILE559 | VAL465 | VAL418 | VAL418,2.77 | 3.00 | 3.21 | 3.07 | 3.25 | 3.16 | 3.05 | 3.30 | 3.15 | 3.21,GLY509 | GLY462 | GLY558 | VAL608 | THR560 | CYS513,3.63 | 3.83 | 3.86 | 3.85 | 3.49 | 3.83
minimized_CNP0180142.1_docked_9,HIS562 | VAL561 | VAL561 | VAL608,3.28 | 2.76 | 3.18 | 2.92,ARG326 | VAL418 | GLY511 | GLY511 | VAL463 | ARG415 | GLY364 | ILE559 | GLY464 | ALA366 | ARG415 | GLY364 | GLY603 | ALA556 | ALA556 | VAL561,3.76 | 3.52 | 3.88 | 3.46 | 3.78 | 3.48 | 3.65 | 3.70 | 3.66 | 3.88 | 3.54 | 3.80 | 3.29 | 3.86 | 3.80 | 3.80
minimized_CNP0180671.2_docked_1,VAL606 | ILE559 | VAL606 | ARG470 | ASN469 | VAL467 | LEU557 | LEU365 | VAL463 | ILE416 | VAL604 | LEU557,2.63 | 2.79 | 3.31 | 2.97 | 3.00 | 2.82 | 2.89 | 3.04 | 3.05 | 2.92 | 3.06 | 2.86,VAL467 | VAL467 | VAL420 | VAL420 | VAL467 | VAL467 | CYS513 | CYS513 | ALA466 | GLY462 | GLY462 | VAL465 | GLY417,3.78 | 3.43 | 3.84 | 3.78 | 3.89 | 3.85 | 3.81 | 3.54 | 3.72 | 3.50 | 3.74 | 3.85 | 3.67
minimized_CNP0180671.2_docked_2,VAL465 | VAL418 | VAL512 | VAL465 | ASN469 | VAL369 | ILE416 | ALA510 | VAL604 | LEU557 | VAL463 | ILE416,2.78 | 2.85 | 3.32 | 3.28 | 3.29 | 3.26 | 3.03 | 3.01 | 2.90 | 2.95 | 2.78 | 2.89,VAL420 | VAL420 | GLY603 | ALA556 | ALA556 | ILE559 | ILE559 | GLY558 | GLY558,3.65 | 3.52 | 3.58 | 3.79 | 3.87 | 3.90 | 3.65 | 3.78 | 3.61
minimized_CNP0180671.2_docked_3,VAL606 | ILE559 | VAL606 | GLY367 | VAL514 | VAL604 | LEU365 | VAL463 | ILE416 | ARG415 | VAL604 | LEU557,2.84 | 2.85 | 3.27 | 3.30 | 2.91 | 3.28 | 2.70 | 2.77 | 2.78 | 3.16 | 3.23 | 2.68,THR560 | VAL561 | VAL561 | VAL561 | GLY462 | GLY462 | ARG415 | GLY417,3.71 | 3.65 | 3.56 | 3.74 | 3.79 | 3.56 | 3.77 | 3.41
minimized_CNP0180671.2_docked_4,VAL606 | ILE559 | VAL606 | ASP422 | LEU557 | ALA510 | GLY462 | VAL604 | LEU557,2.66 | 2.72 | 3.27 | 3.00 | 2.75 | 2.71 | 2.95 | 2.93 | 2.73,VAL420 | VAL420 | VAL420 | VAL420 | VAL420 | VAL420 | ALA466 | GLY509 | VAL463 | GLY462 | GLY417,3.70 | 3.41 | 3.75 | 3.88 | 3.82 | 3.85 | 3.84 | 3.75 | 3.67 | 3.50 | 3.69
minimized_CNP0180671.2_docked_5,VAL512 | VAL465 | VAL465 | VAL512 | ALA510 | VAL467 | THR560 | VAL604 | LEU365 | ALA510 | VAL463,3.08 | 2.51 | 3.06 | 2.99 | 3.23 | 2.93 | 3.18 | 2.89 | 2.70 | 3.15 | 2.95,VAL561 | VAL561 | VAL561 | CYS513 | CYS513 | VAL514 | VAL514 | VAL514 | VAL561 | VAL561 | GLY603 | GLY364 | GLY364 | GLY509 | ILE559 | ILE559,3.82 | 3.67 | 3.72 | 3.54 | 3.76 | 3.70 | 3.65 | 3.85 | 3.54 | 3.45 | 3.77 | 3.63 | 3.36 | 3.72 | 3.43 | 3.69
minimized_CNP0180671.2_docked_6,VAL606 | ILE559 | VAL561 | VAL604 | LEU365 | VAL463 | ILE416 | ARG415 | LEU557,2.86 | 2.74 | 2.94 | 3.02 | 2.90 | 2.83 | 2.74 | 3.07 | 2.55,VAL608 | VAL608 | GLY462 | GLY462 | ARG415 | ILE559 | VAL465 | GLY417,3.80 | 3.89 | 3.87 | 3.65 | 3.73 | 3.87 | 3.90 | 3.69
minimized_CNP0180671.2_docked_7,ILE559 | ILE559 | VAL606 | ASP422 | THR560 | LEU557 | VAL604 | LEU365 | VAL463,2.70 | 3.11 | 3.21 | 3.17 | 3.27 | 2.66 | 2.93 | 2.77 | 2.75,VAL420 | VAL420 | VAL420 | VAL420 | THR560 | ILE559 | GLY603 | GLY603 | VAL418 | VAL418 | VAL418 | GLY417 | GLY417 | ALA366,3.84 | 3.79 | 3.82 | 3.67 | 3.47 | 3.87 | 3.86 | 3.71 | 3.54 | 3.82 | 3.72 | 3.78 | 3.79 | 3.51
minimized_CNP0180671.2_docked_8,VAL512 | ILE559 | VAL561 | THR560 | VAL463 | VAL512 | LEU557 | VAL465 | VAL465 | VAL418 | VAL418,2.80 | 2.65 | 2.96 | 2.84 | 3.15 | 2.99 | 3.09 | 3.08 | 3.32 | 2.89 | 2.93,ARG326 | VAL561 | VAL561 | VAL561 | VAL418 | CYS368,3.37 | 3.70 | 3.72 | 3.54 | 3.63 | 3.71
minimized_CNP0180671.2_docked_9,GLY367 | VAL465 | VAL418 | ASN469 | VAL420 | VAL420 | VAL604 | GLY367 | ILE416 | VAL606 | VAL606 | ILE559,3.01 | 3.11 | 2.83 | 3.21 | 3.18 | 3.03 | 2.86 | 2.98 | 2.73 | 3.01 | 3.09 | 2.85,VAL467 | VAL467 | VAL467 | VAL420 | VAL420 | VAL420 | GLY417 | ALA366 | ALA366 | ALA366 | ILE559 | THR560 | ILE559 | CYS513,3.82 | 3.14 | 3.56 | 3.87 | 3.55 | 3.59 | 3.85 | 3.87 | 3.90 | 3.89 | 3.48 | 3.72 | 3.87 | 3.33
minimized_CNP0181001.1_docked_1,ALA510 | VAL463 | ILE416 | VAL512 | VAL606 | VAL606 | GLY367 | GLY367 | ARG326 | ARG326,2.96 | 2.99 | 2.79 | 2.95 | 2.72 | 2.86 | 2.94 | 3.02 | 3.11 | 2.92,GLY603 | ALA556 | ALA556 | GLY464 | PRO322 | VAL514 | VAL561,3.55 | 3.69 | 3.85 | 3.77 | 3.86 | 3.69 | 3.76
minimized_CNP0181001.1_docked_2,ALA510 | VAL463 | ILE416 | VAL604 | LEU365 | VAL512 | VAL606 | VAL606 | GLY367 | GLY367 | GLY564 | GLN563 | THR560,2.99 | 3.06 | 2.77 | 3.28 | 3.10 | 3.34 | 2.70 | 2.80 | 2.92 | 2.97 | 3.34 | 3.02 | 2.88,GLY603 | ALA556 | ALA556 | GLY464 | ALA366 | HIS562 | VAL608 | VAL561 | GLY419,3.57 | 3.63 | 3.77 | 3.65 | 3.89 | 3.67 | 3.77 | 3.75 | 3.85
minimized_CNP0181001.1_docked_3,VAL604 | LEU557 | VAL606 | VAL604 | VAL465 | VAL606 | VAL606 | ILE559 | GLY371,3.16 | 3.08 | 3.32 | 2.96 | 2.87 | 3.13 | 3.27 | 2.80 | 2.90,GLY509 | VAL463 | GLY462 | GLY464 | GLY417 | ILE559 | GLY423 | VAL420 | VAL420 | VAL369 | VAL420 | VAL369 | VAL420 | VAL369 | ALA607 | VAL369 | ALA607 | ALA607 | CYS513 | CYS513,3.75 | 3.82 | 3.65 | 3.75 | 3.76 | 3.36 | 3.72 | 3.76 | 3.74 | 3.89 | 3.74 | 3.74 | 3.68 | 3.51 | 3.71 | 3.73 | 3.88 | 3.84 | 3.82 | 3.78
minimized_CNP0181001.1_docked_4,ALA510 | VAL463 | ILE416 | VAL512 | ALA510 | VAL606 | VAL512 | VAL465 | VAL465 | ARG326 | ARG326,3.11 | 2.73 | 2.70 | 3.08 | 3.04 | 3.32 | 2.93 | 2.68 | 2.90 | 2.87 | 3.34,GLY603 | GLY603 | GLY605 | ALA366 | ALA366 | HIS562 | HIS562 | VAL561 | VAL514 | ALA466,3.86 | 3.24 | 3.59 | 3.85 | 3.55 | 3.77 | 3.76 | 3.80 | 3.67 | 3.83
minimized_CNP0181001.1_docked_5,ALA510 | VAL463 | ILE416 | VAL604 | LEU365 | VAL512 | VAL606 | VAL606 | GLY367 | GLY367 | ASP422,2.99 | 3.02 | 2.75 | 3.27 | 3.06 | 3.27 | 2.70 | 2.83 | 2.92 | 3.00 | 3.03,GLY603 | ALA556 | ALA556 | GLY464 | ARG470 | ARG470 | VAL467 | VAL467 | ILE559 | CYS513 | CYS513,3.46 | 3.62 | 3.68 | 3.61 | 3.65 | 3.53 | 3.62 | 3.73 | 3.51 | 3.74 | 3.82
minimized_CNP0181001.1_docked_6,VAL604 | LEU365 | VAL604 | LEU557 | ALA510 | VAL606 | GLY367 | VAL512 | VAL465 | VAL465 | ARG326 | ARG326,3.14 | 2.92 | 3.04 | 3.05 | 2.84 | 3.10 | 2.98 | 2.74 | 2.82 | 2.91 | 3.02 | 3.17,GLY509 | GLY462 | GLY462 | GLY605 | ALA366 | ALA366 | GLN563 | VAL514 | CYS513 | ALA466 | GLY419,3.43 | 3.70 | 3.62 | 3.72 | 3.83 | 3.63 | 3.90 | 3.49 | 3.89 | 3.89 | 3.72
minimized_CNP0181001.1_docked_7,ALA510 | VAL463 | ILE416 | VAL512 | VAL606 | VAL606 | GLY367 | GLY367 | ARG326 | ARG326,3.05 | 3.02 | 2.77 | 3.02 | 2.75 | 2.89 | 2.97 | 3.06 | 3.06 | 3.17,GLY603 | GLY603 | ALA556 | ALA556 | GLY464 | VAL369 | VAL369 | VAL369 | VAL369 | VAL369 | THR560 | CYS513,3.82 | 3.44 | 3.72 | 3.84 | 3.76 | 3.45 | 3.69 | 3.90 | 3.75 | 3.80 | 3.66 | 3.45
minimized_CNP0181001.1_docked_8,LEU557 | GLY509 | ALA510 | VAL463 | VAL606 | VAL465 | VAL418 | VAL418,2.88 | 3.08 | 2.92 | 2.83 | 3.26 | 2.74 | 2.71 | 3.26,ARG415 | GLY364 | GLY364 | GLY417 | GLY564 | GLN563 | VAL561 | VAL514 | ALA466 | ALA466 | GLY419 | CYS368,3.58 | 3.74 | 3.51 | 3.78 | 3.87 | 3.86 | 3.71 | 3.72 | 3.64 | 3.75 | 3.67 | 3.85
minimized_CNP0181001.1_docked_9,LEU557 | VAL463 | VAL606 | ILE559 | VAL465 | VAL465 | VAL418 | VAL418,3.02 | 3.05 | 3.31 | 3.12 | 2.86 | 3.28 | 2.90 | 3.19,GLY509 | VAL463 | GLY462 | VAL561 | ALA607,3.68 | 3.85 | 3.62 | 3.51 | 3.51
minimized_CNP0181969.1_docked_1,VAL463 | ILE416 | VAL467 | VAL514 | VAL514,2.70 | 2.69 | 2.97 | 2.95 | 2.84,ALA556 | ARG415 | GLY603 | ALA556 | GLY364 | GLY603 | ALA556 | GLY364 | ALA556 | ALA556 | ARG415 | GLY364 | ALA366 | ALA366 | GLY509 | GLY462 | GLY462 | GLY509 | GLY464 | GLY464 | ILE559 | ILE559 | VAL514 | VAL420 | VAL420 | CYS368 | CYS368 | CYS513 | CYS513 | ALA466,3.80 | 3.67 | 3.40 | 3.80 | 3.79 | 3.41 | 3.79 | 3.87 | 3.77 | 3.78 | 3.82 | 3.90 | 3.29 | 3.51 | 3.17 | 3.52 | 3.50 | 3.85 | 3.35 | 3.82 | 3.84 | 3.71 | 3.82 | 3.66 | 3.80 | 3.83 | 3.86 | 3.75 | 3.47 | 3.67
minimized_CNP0181969.1_docked_2,VAL463 | ILE416 | VAL561 | VAL561 | THR560 | VAL369,2.72 | 2.82 | 3.09 | 2.96 | 3.06 | 3.14,ARG415 | ARG415 | GLY603 | GLY364 | GLY603 | ALA556 | GLY364 | ALA556 | ALA556 | ARG415 | ARG415 | GLY364 | ALA366 | ALA366 | GLY509 | GLY509 | GLY462 | GLY462 | GLY509 | GLY464 | GLY464 | ILE559 | ILE559 | ALA607 | CYS368 | CYS368 | CYS368 | CYS513 | CYS513,3.83 | 3.63 | 3.48 | 3.70 | 3.44 | 3.87 | 3.77 | 3.70 | 3.74 | 3.83 | 3.71 | 3.88 | 3.27 | 3.51 | 3.87 | 3.10 | 3.58 | 3.50 | 3.72 | 3.36 | 3.74 | 3.81 | 3.70 | 3.30 | 3.85 | 3.81 | 3.73 | 3.41 | 3.37
minimized_CNP0181969.1_docked_3,VAL604 | LEU557 | VAL608 | ARG326 | VAL369 | VAL561 | VAL608 | VAL512 | VAL514,3.26 | 2.80 | 3.00 | 3.08 | 2.99 | 3.08 | 3.22 | 3.04 | 2.94,ARG415 | ARG415 | ALA556 | ARG415 | ARG415 | ALA556 | ARG415 | GLY509 | GLY462 | GLY462 | ALA556 | ALA556 | GLY509 | GLY509 | ILE559 | GLY603 | GLY603 | GLY364 | GLY603 | GLY605 | VAL604 | GLY417 | VAL465 | VAL465 | VAL465 | VAL561 | VAL561 | CYS513 | ALA607 | CYS368 | GLY367,3.67 | 3.87 | 3.86 | 3.69 | 3.67 | 3.62 | 3.76 | 3.71 | 3.88 | 3.11 | 3.89 | 3.40 | 3.83 | 3.79 | 3.86 | 3.60 | 3.21 | 3.65 | 3.83 | 3.89 | 3.85 | 3.62 | 3.86 | 3.76 | 3.86 | 3.72 | 3.67 | 3.88 | 3.66 | 3.56 | 3.62
minimized_CNP0181969.1_docked_4,VAL604 | LEU557 | VAL420 | VAL420 | ILE559 | VAL514,3.17 | 3.13 | 3.06 | 2.81 | 3.10 | 2.80,ARG415 | ALA556 | ARG415 | ARG415 | ALA556 | ARG415 | GLY509 | GLY462 | GLY462 | ALA556 | ALA556 | GLY509 | GLY509 | ILE559 | GLY603 | GLY603 | GLY364 | GLY605 | VAL604 | GLY605 | GLY417 | VAL465 | VAL420 | VAL561 | VAL561 | CYS513 | CYS368 | CYS368,3.78 | 3.86 | 3.76 | 3.82 | 3.57 | 3.78 | 3.65 | 3.79 | 2.98 | 3.69 | 3.18 | 3.89 | 3.82 | 3.72 | 3.80 | 3.36 | 3.44 | 3.86 | 3.75 | 3.88 | 3.83 | 3.86 | 3.66 | 3.59 | 3.52 | 3.88 | 3.37 | 3.66
minimized_CNP0181969.1_docked_5,LEU557 | GLN530 | GLN530,3.00 | 3.17 | 3.26,ILE559 | GLY603 | GLY603 | ILE559 | GLY464 | ALA366 | ALA510 | ALA556 | GLY509 | GLY509 | ARG415 | ARG415 | ARG415 | ARG415 | ARG415 | GLY364 | GLY364 | ARG415 | ARG415 | ARG415 | TYR572 | ALA556 | ALA556 | GLY509 | ALA556 | ALA556,3.87 | 3.70 | 3.60 | 3.49 | 3.89 | 3.87 | 3.75 | 3.70 | 3.61 | 3.57 | 3.87 | 3.83 | 3.81 | 3.85 | 3.17 | 3.33 | 3.00 | 3.41 | 3.63 | 3.64 | 3.50 | 3.66 | 3.81 | 3.54 | 3.17 | 3.66
minimized_CNP0181969.1_docked_6,GLY367 | GLY367 | GLY564 | HIS516 | VAL514 | GLN563,2.61 | 2.99 | 3.21 | 3.16 | 3.19 | 3.25,GLY417 | ALA366 | VAL418 | ALA366 | ILE559 | ILE559 | VAL418 | CYS513 | CYS513 | CYS513 | LEU515 | VAL608 | HIS562 | HIS562 | VAL514 | VAL561,3.71 | 3.27 | 3.74 | 3.81 | 3.21 | 3.19 | 3.86 | 3.61 | 3.82 | 3.79 | 3.70 | 3.71 | 3.85 | 3.78 | 3.85 | 3.76
minimized_CNP0181969.1_docked_7,LEU557 | ARG415,3.03 | 2.99,GLY603 | GLY603 | ILE559 | VAL512 | ILE559 | GLY511 | ALA366 | ALA510 | ALA556 | GLY509 | GLY509 | ARG415 | ARG415 | ARG415 | GLY364 | GLY364 | ARG415 | ARG415 | ARG415 | GLY509 | ALA556 | ARG415,3.78 | 3.77 | 3.09 | 3.89 | 3.76 | 3.77 | 3.82 | 3.72 | 3.67 | 3.77 | 3.90 | 3.84 | 3.73 | 3.19 | 3.56 | 3.34 | 3.69 | 3.82 | 3.79 | 3.71 | 3.31 | 3.76
minimized_CNP0181969.1_docked_8,ILE559 | ILE559 | VAL561 | GLN563 | VAL514,2.71 | 3.30 | 2.77 | 2.91 | 3.22,ILE559 | CYS513 | GLY605 | ALA366 | VAL606 | ALA466 | VAL561,3.09 | 3.78 | 3.67 | 3.90 | 3.76 | 3.68 | 3.70
minimized_CNP0181969.1_docked_9,GLY367 | GLY367 | GLY564 | GLY564 | ARG326,2.59 | 3.18 | 2.96 | 3.32 | 3.02,THR560 | THR560 | GLY417 | ALA366 | VAL418 | ILE559 | ILE559 | CYS513 | CYS513 | VAL561 | VAL608,3.85 | 3.80 | 3.83 | 3.40 | 3.66 | 3.18 | 3.22 | 3.63 | 3.78 | 3.85 | 3.73
minimized_CNP0181969.2_docked_1,ILE416 | LEU365 | VAL608 | VAL608 | VAL369 | VAL561 | THR560 | VAL420,2.88 | 2.85 | 2.82 | 3.02 | 2.92 | 2.87 | 2.81 | 3.25,ALA556 | ARG415 | ALA556 | ARG415 | GLY509 | GLY462 | GLY462 | ALA556 | ILE559 | GLY511 | GLY603 | GLY364 | GLY364 | GLY603 | GLY603 | GLY605 | VAL604 | ALA366 | ALA366 | VAL608 | GLY419 | GLY419 | CYS513 | ALA466,3.57 | 3.82 | 3.78 | 3.72 | 3.59 | 3.85 | 3.10 | 3.74 | 3.26 | 3.88 | 3.84 | 3.56 | 3.21 | 3.70 | 3.80 | 3.88 | 3.88 | 3.78 | 3.68 | 3.69 | 3.60 | 3.72 | 3.59 | 3.58
minimized_CNP0181969.2_docked_2,ILE416 | LEU365 | VAL608 | VAL608 | VAL561 | VAL561 | THR560 | VAL369,2.85 | 2.94 | 2.69 | 3.33 | 3.02 | 3.18 | 3.02 | 3.03,ARG415 | GLY509 | GLY462 | GLY509 | GLY462 | ALA556 | ARG415 | ARG415 | ALA556 | ILE559 | GLY511 | GLY603 | GLY364 | GLY364 | GLY603 | GLY603 | ALA366 | ALA366 | GLY464 | VAL465 | ILE559 | VAL608 | ALA607 | ALA466 | THR560 | ILE559,3.83 | 3.78 | 3.66 | 3.84 | 3.27 | 3.74 | 3.68 | 3.75 | 3.52 | 3.50 | 3.70 | 3.75 | 3.44 | 3.02 | 3.61 | 3.68 | 3.81 | 3.77 | 3.65 | 3.85 | 3.88 | 3.84 | 3.80 | 3.69 | 3.55 | 3.80
minimized_CNP0181969.2_docked_3,VAL604 | LEU365 | VAL561 | VAL561 | THR560 | THR560 | THR560,2.85 | 2.77 | 2.97 | 3.02 | 3.01 | 3.13 | 2.91,GLY462 | ALA556 | ARG415 | ALA556 | GLY509 | GLY462 | GLY462 | ILE559 | GLY603 | GLY603 | LEU557 | GLY558 | VAL420 | CYS368 | CYS513 | ALA466 | CYS513,3.75 | 3.74 | 3.72 | 3.59 | 3.64 | 3.83 | 3.28 | 3.60 | 3.53 | 3.11 | 3.85 | 3.55 | 3.85 | 3.78 | 3.70 | 3.65 | 3.80
minimized_CNP0181969.2_docked_4,ALA510 | VAL561 | VAL561 | THR560 | THR560 | THR560 | VAL420,2.85 | 2.96 | 2.95 | 3.22 | 3.17 | 2.90 | 3.16,ALA556 | ARG415 | ARG415 | GLY509 | GLY603 | ALA556 | ALA556 | ALA556 | ALA366 | ALA366 | GLY509 | GLY509 | VAL463 | GLY464 | GLY464 | VAL561 | CYS513 | ALA466 | CYS513,3.83 | 3.58 | 3.61 | 3.74 | 3.34 | 3.77 | 3.87 | 3.73 | 3.03 | 3.77 | 3.37 | 3.17 | 3.71 | 3.82 | 3.20 | 3.77 | 3.75 | 3.75 | 3.87
minimized_CNP0181969.2_docked_5,VAL467 | VAL463 | ILE416 | VAL604 | LEU557 | VAL512,3.09 | 2.93 | 3.17 | 2.72 | 3.08 | 2.81,VAL420 | VAL420 | VAL420 | CYS513 | ALA466 | GLY462 | ARG415 | ARG415 | ALA556 | GLY464 | GLY511 | GLY464 | GLY417 | ALA366,3.79 | 3.85 | 3.58 | 3.80 | 3.68 | 3.51 | 3.40 | 3.54 | 3.54 | 3.70 | 3.86 | 3.79 | 3.81 | 3.62
minimized_CNP0181969.2_docked_6,ALA510 | ARG326 | VAL608 | ARG326 | VAL561,2.70 | 2.86 | 2.95 | 3.04 | 2.98,ALA556 | ARG415 | ARG415 | GLY509 | GLY603 | ALA556 | ALA556 | ALA556 | ALA366 | ALA366 | GLY509 | GLY509 | VAL463 | GLY464 | GLY464 | CYS513,3.83 | 3.61 | 3.46 | 3.89 | 3.28 | 3.67 | 3.78 | 3.74 | 3.17 | 3.79 | 3.48 | 3.18 | 3.63 | 3.85 | 3.23 | 3.64
minimized_CNP0181969.2_docked_7,VAL604 | LEU365 | VAL467 | VAL514 | VAL420 | THR560,2.84 | 2.75 | 2.72 | 3.01 | 3.09 | 2.83,ARG415 | ARG415 | GLY509 | GLY462 | GLY509 | GLY462 | ALA556 | ILE559 | GLY603 | GLY603 | LEU557 | GLY558 | VAL467 | ALA607 | CYS368,3.84 | 3.79 | 3.47 | 3.14 | 3.77 | 3.50 | 3.56 | 3.70 | 3.37 | 3.04 | 3.84 | 3.62 | 3.68 | 3.40 | 3.81
minimized_CNP0181969.2_docked_8,VAL604 | LEU365 | VAL420 | VAL369 | VAL467 | THR560,2.76 | 2.90 | 2.91 | 2.92 | 2.76 | 2.86,GLY462 | ARG415 | ALA556 | ARG415 | ALA556 | GLY462 | ILE559 | GLY603 | GLY603 | LEU557 | GLY558 | VAL420 | VAL420 | ALA607 | ALA607 | CYS368 | GLY419,3.81 | 3.77 | 3.58 | 3.80 | 3.58 | 3.46 | 3.88 | 3.61 | 3.35 | 3.62 | 3.74 | 3.82 | 3.40 | 3.78 | 3.65 | 3.62 | 3.73
minimized_CNP0181969.2_docked_9,LEU557 | ALA510 | VAL467 | VAL467 | THR560,3.08 | 3.16 | 2.78 | 3.12 | 3.07,ALA556 | ARG415 | ARG415 | GLY509 | GLY603 | ALA556 | ALA556 | ALA556 | ALA366 | ALA366 | ALA556 | GLY509 | GLY509 | GLY464 | VAL420 | VAL467 | CYS368,3.88 | 3.46 | 3.67 | 3.66 | 3.29 | 3.72 | 3.84 | 3.63 | 2.99 | 3.81 | 3.86 | 3.22 | 3.13 | 3.33 | 3.86 | 3.85 | 3.53
minimized_CNP0181969.3_docked_1,VAL463 | ILE416 | VAL369 | VAL369 | VAL512 | VAL467,2.77 | 2.72 | 3.22 | 3.02 | 3.07 | 3.02,ALA556 | ALA556 | ALA556 | GLY603 | GLY364 | ARG415 | ARG415 | GLY364 | GLY364 | ALA366 | ALA366 | GLY462 | GLY509 | GLY509 | GLY462 | GLY462 | GLY509 | GLY462 | GLY464 | VAL463 | GLY417 | GLY417 | ILE559 | ALA607 | VAL369 | VAL467 | ALA466 | ALA466 | ALA607 | VAL606 | THR560,3.53 | 3.56 | 3.86 | 3.73 | 3.71 | 3.66 | 3.51 | 3.58 | 3.76 | 3.41 | 3.30 | 3.73 | 3.75 | 2.98 | 3.70 | 3.61 | 3.81 | 3.87 | 3.59 | 3.80 | 3.89 | 3.67 | 3.52 | 3.60 | 3.89 | 3.80 | 3.72 | 3.74 | 3.53 | 3.77 | 3.68
minimized_CNP0181969.3_docked_2,ALA510 | VAL463 | VAL420 | ILE559 | VAL514,2.79 | 3.34 | 2.97 | 3.31 | 2.91,ARG415 | ARG415 | GLY603 | GLY364 | GLY603 | ALA556 | ALA556 | ALA556 | GLY462 | GLY417 | ALA366 | ALA366 | GLY509 | ALA556 | ALA556 | GLY509 | GLY509 | ALA510 | GLY464 | VAL420 | VAL514 | VAL514 | ALA466 | ALA607 | CYS368 | CYS368,3.81 | 3.34 | 3.39 | 3.43 | 3.67 | 3.86 | 3.88 | 3.88 | 3.90 | 3.73 | 3.00 | 3.82 | 3.67 | 3.58 | 3.07 | 3.59 | 3.63 | 3.82 | 3.83 | 3.64 | 3.80 | 3.75 | 3.58 | 3.56 | 3.82 | 3.43
minimized_CNP0181969.3_docked_3,VAL604 | LEU557 | VAL369 | VAL369 | VAL606 | VAL561 | THR560,3.15 | 2.83 | 3.05 | 2.94 | 3.17 | 3.02 | 2.70,GLY462 | ARG415 | ARG415 | ARG415 | ALA556 | GLY509 | GLY462 | ALA556 | ALA556 | ALA556 | ALA556 | GLY509 | GLY509 | ALA556 | GLY603 | GLY364 | VAL604 | GLY417 | CYS513 | GLY419 | CYS368,3.66 | 3.88 | 3.60 | 3.64 | 3.46 | 3.15 | 3.39 | 3.77 | 3.86 | 3.72 | 3.36 | 3.68 | 3.85 | 3.74 | 3.66 | 3.59 | 3.78 | 3.71 | 3.74 | 3.78 | 3.41
minimized_CNP0181969.3_docked_4,VAL604 | LEU557 | VAL608 | THR560 | VAL514 | VAL514 | THR560,3.13 | 2.75 | 3.29 | 2.81 | 3.22 | 3.20 | 2.98,GLY462 | ARG415 | ARG415 | ARG415 | ARG415 | ALA556 | GLY509 | GLY462 | ALA556 | ALA556 | ALA556 | GLY509 | GLY509 | ALA556 | GLY603 | GLY364 | VAL604 | GLY417 | VAL608 | VAL608 | CYS368 | ALA466 | ALA466,3.67 | 3.71 | 3.84 | 3.57 | 3.55 | 3.46 | 3.33 | 3.38 | 3.80 | 3.69 | 3.34 | 3.69 | 3.86 | 3.80 | 3.66 | 3.62 | 3.90 | 3.88 | 3.89 | 3.75 | 3.87 | 3.67 | 3.58
minimized_CNP0181969.3_docked_5,GLY367 | HIS516 | HIS516,2.74 | 2.74 | 3.04,THR560 | THR560 | ALA366 | GLY417 | VAL418 | ILE559 | ILE559 | CYS513 | CYS513 | CYS513 | GLY564 | VAL561 | LEU515 | VAL561 | VAL561,3.71 | 3.73 | 3.85 | 3.61 | 3.81 | 3.52 | 3.34 | 3.64 | 3.89 | 3.73 | 3.68 | 3.89 | 3.73 | 3.88 | 3.85
minimized_CNP0181969.3_docked_6,VAL418 | VAL418 | GLY564,3.15 | 3.09 | 3.15,ALA366 | ALA366 | VAL606 | GLY417 | VAL465 | ILE559 | ILE559 | VAL418 | THR560 | CYS513 | THR560 | CYS513 | VAL561 | VAL561 | VAL561 | VAL561,3.68 | 3.68 | 3.79 | 3.82 | 3.87 | 3.58 | 3.40 | 3.81 | 3.89 | 3.83 | 3.65 | 3.84 | 3.84 | 3.59 | 3.89 | 3.55
minimized_CNP0181969.3_docked_7,GLY367 | GLY367 | ARG326 | VAL608 | ARG326,2.70 | 2.97 | 3.02 | 2.93 | 3.02,THR560 | GLY417 | ALA366 | VAL418 | ALA366 | ILE559 | ILE559 | VAL418 | CYS513 | ALA466 | CYS513,3.85 | 3.54 | 3.62 | 3.79 | 3.84 | 3.61 | 3.30 | 3.77 | 3.74 | 3.78 | 3.83
minimized_CNP0181969.3_docked_8,GLY367 | GLY367 | ARG326 | ARG326,2.76 | 3.18 | 3.21 | 3.08,THR560 | THR560 | GLY417 | VAL418 | ILE559 | ILE559 | VAL418 | CYS513 | CYS513 | CYS513 | ARG326 | VAL561,3.82 | 3.72 | 3.54 | 3.89 | 3.49 | 3.27 | 3.80 | 3.80 | 3.87 | 3.90 | 3.73 | 3.81
minimized_CNP0181969.3_docked_9,GLN563,2.73,VAL418 | CYS368 | ALA607 | VAL608 | GLN563 | ARG326 | PRO322 | ARG326,3.77 | 3.73 | 3.72 | 3.54 | 3.71 | 3.32 | 3.47 | 3.82
minimized_CNP0183210.1_docked_1,VAL512 | VAL465 | VAL465 | VAL418,3.00 | 3.29 | 2.86 | 2.75,GLY417 | GLY417 | ALA366 | PHE577 | TYR572 | TYR572 | TYR572 | ALA556 | ALA556 | ARG415 | ALA556 | GLY603 | GLY603 | GLY364 | GLY364 | GLY603 | GLY364 | GLY603 | ARG415 | ARG415 | ARG415 | ARG415 | GLY364 | GLY509 | ALA556 | ARG415 | ALA556 | ILE559 | ILE559 | ALA366,3.74 | 3.46 | 3.84 | 3.89 | 3.70 | 3.59 | 3.81 | 3.56 | 3.13 | 3.25 | 3.88 | 3.60 | 3.32 | 3.55 | 3.04 | 3.46 | 3.80 | 3.57 | 3.80 | 3.76 | 3.66 | 3.50 | 3.84 | 3.73 | 3.63 | 3.81 | 3.59 | 3.25 | 3.60 | 3.76
minimized_CNP0183210.1_docked_2,VAL604 | GLY367 | VAL465 | VAL465 | ILE559,3.13 | 2.84 | 3.20 | 3.09 | 3.28,GLY417 | GLN563 | HIS562 | ARG326 | ALA607 | ALA607 | CYS513 | VAL561 | CYS513 | VAL561 | ILE559,3.83 | 3.88 | 3.61 | 3.59 | 3.87 | 3.59 | 3.39 | 3.89 | 3.75 | 3.32 | 3.81
minimized_CNP0183210.1_docked_3,ILE416 | ALA510 | GLY462,2.98 | 3.21 | 3.14,GLY462 | GLY462 | VAL467 | VAL467 | VAL512 | VAL465 | ILE559 | VAL418 | ALA366 | ILE559 | VAL467 | VAL418 | ALA366 | CYS368 | GLY509,3.39 | 3.59 | 3.53 | 3.69 | 3.85 | 3.87 | 3.72 | 3.87 | 3.25 | 3.07 | 3.68 | 3.18 | 3.72 | 3.82 | 3.77
minimized_CNP0183210.1_docked_4,GLY367 | GLY367 | VAL465 | VAL418 | ILE559,3.02 | 2.91 | 3.01 | 3.08 | 3.04,GLY417 | ALA366 | GLY564 | HIS516 | LEU515 | THR560 | THR560 | ALA466 | ALA466 | VAL561 | ALA466 | VAL514 | VAL514,3.79 | 3.85 | 3.66 | 3.77 | 3.75 | 3.88 | 3.41 | 3.29 | 3.64 | 3.45 | 3.71 | 3.76 | 3.50
minimized_CNP0183210.1_docked_5,VAL604 | LEU557 | VAL512,2.94 | 2.75 | 2.84,ARG470 | ALA466 | ALA466 | ILE559 | VAL418 | VAL467 | CYS368 | VAL420 | GLY605 | ILE559,3.81 | 3.63 | 3.76 | 3.53 | 3.81 | 3.71 | 3.54 | 3.48 | 3.87 | 3.67
minimized_CNP0183210.1_docked_6,ILE416,2.75,VAL369 | VAL369 | VAL418 | ALA366 | GLY417 | ILE559 | THR560 | ARG415,3.66 | 3.53 | 3.40 | 3.43 | 3.73 | 3.72 | 3.86 | 3.86
minimized_CNP0183210.1_docked_7,ILE416 | VAL606 | GLY367 | VAL465,3.00 | 3.08 | 2.94 | 3.13,GLY605 | ARG470 | ALA466 | ALA466 | ILE559 | VAL467 | CYS368 | VAL420 | ALA366 | ALA366,3.60 | 3.76 | 3.56 | 3.72 | 3.78 | 3.75 | 3.76 | 3.54 | 3.48 | 3.70
minimized_CNP0183210.1_docked_8,VAL512 | VAL512 | VAL606 | ILE559 | VAL418,3.07 | 3.19 | 3.19 | 3.15 | 3.31,ILE559 | GLY423 | VAL370 | ALA607 | ALA607 | VAL420 | ALA607,3.74 | 3.71 | 3.63 | 3.54 | 3.75 | 3.66 | 3.58
minimized_CNP0183210.1_docked_9,VAL512 | VAL606 | VAL606 | ILE559 | VAL418,3.32 | 2.93 | 3.11 | 2.91 | 2.94,ILE559 | LEU468 | VAL467 | VAL467 | CYS513 | CYS513 | CYS513 | CYS513 | VAL514 | VAL514 | VAL514 | VAL467,3.85 | 3.73 | 3.83 | 3.75 | 3.35 | 3.73 | 3.72 | 3.90 | 3.89 | 3.78 | 3.78 | 3.89
minimized_CNP0183210.2_docked_1,ILE416 | VAL606 | VAL606 | GLY367 | GLY367 | VAL465 | VAL369,3.14 | 3.01 | 3.06 | 2.98 | 2.97 | 3.03 | 3.18,ASP422 | ALA466 | VAL420 | VAL467 | VAL467 | VAL420 | VAL420 | VAL420 | ALA366 | ALA366,3.77 | 3.62 | 3.68 | 3.76 | 3.62 | 3.79 | 3.36 | 3.75 | 3.45 | 3.85
minimized_CNP0183210.2_docked_2,VAL604 | LEU365 | VAL465 | VAL418 | VAL606 | GLY367 | VAL514,2.88 | 2.74 | 2.69 | 3.18 | 2.86 | 3.08 | 3.29,GLY417 | ALA607 | ALA607 | CYS513 | HIS562 | VAL561 | VAL561 | ALA366,3.50 | 3.80 | 3.78 | 3.85 | 3.73 | 3.65 | 3.80 | 3.82
minimized_CNP0183210.2_docked_3,LEU365 | VAL463 | ILE416 | VAL606 | ILE559 | ILE559 | VAL465 | VAL420,2.89 | 3.15 | 3.21 | 3.34 | 3.12 | 3.18 | 3.16 | 2.98,GLY558 | VAL420 | CYS513 | CYS513 | ALA466 | LEU468 | VAL467 | CYS513 | ALA466 | VAL467,3.77 | 3.44 | 3.56 | 3.40 | 3.87 | 3.89 | 3.70 | 3.88 | 3.64 | 3.77
minimized_CNP0183210.2_docked_4,VAL604 | LEU557 | VAL465 | VAL465 | VAL418 | VAL418 | VAL606 | ILE559 | VAL467,3.11 | 3.12 | 3.04 | 3.32 | 3.11 | 3.23 | 3.35 | 3.16 | 3.01,GLY417 | VAL467 | THR560 | CYS513 | VAL514 | LEU468 | VAL561 | VAL561 | CYS513 | VAL514 | VAL514 | ILE559,3.87 | 3.77 | 3.59 | 3.88 | 3.37 | 3.83 | 3.75 | 3.89 | 3.80 | 3.72 | 3.89 | 3.39
minimized_CNP0183210.2_docked_5,ALA510 | LEU557 | VAL465 | VAL465 | VAL418 | VAL418 | ILE559 | VAL420,2.97 | 2.70 | 2.97 | 3.28 | 2.89 | 3.04 | 3.19 | 2.96,GLY417 | VAL420 | CYS513 | CYS513 | LEU468 | ILE559 | ILE559 | ILE559,3.58 | 3.79 | 3.79 | 3.74 | 3.67 | 3.78 | 3.62 | 3.57
minimized_CNP0183210.2_docked_6,ILE416 | VAL463 | VAL606 | VAL606 | VAL465,2.89 | 2.99 | 2.91 | 2.85 | 2.98,VAL370 | VAL369 | VAL369 | VAL420 | CYS368 | VAL369 | VAL420 | ALA366 | ALA366,3.75 | 3.69 | 3.78 | 3.72 | 3.81 | 3.89 | 3.83 | 3.56 | 3.85
minimized_CNP0183210.2_docked_7,VAL604 | LEU365,2.97 | 2.64,GLY603 | GLY603 | VAL420 | VAL420 | VAL514 | CYS513 | CYS513 | ILE559 | VAL418 | ALA366 | ILE559 | VAL418,3.80 | 3.70 | 3.68 | 3.54 | 3.70 | 3.37 | 3.34 | 3.46 | 3.47 | 3.52 | 3.14 | 3.17
minimized_CNP0183210.2_docked_8,ILE416 | LEU365 | VAL463 | VAL606 | VAL465,3.18 | 3.00 | 2.99 | 3.06 | 3.10,ALA466 | ALA466 | CYS368 | CYS368 | VAL420 | GLY417,3.71 | 3.76 | 3.77 | 3.61 | 3.53 | 3.89
minimized_CNP0183210.2_docked_9,LEU557 | VAL606 | ILE416,2.92 | 3.17 | 3.11,ALA607 | CYS368 | ALA607 | ILE559 | ILE559,3.74 | 3.72 | 3.52 | 3.80 | 3.53
minimized_CNP0183210.3_docked_1,ILE416 | VAL463 | ILE416 | VAL604 | LEU557,3.05 | 3.05 | 3.29 | 2.88 | 3.01,ALA556 | ALA556 | VAL369 | VAL369 | VAL418 | THR560,3.79 | 3.90 | 3.84 | 3.83 | 3.72 | 3.62
minimized_CNP0183210.3_docked_2,VAL463 | ILE416 | ALA510 | VAL604 | LEU365,3.12 | 2.76 | 2.78 | 3.04 | 2.91,VAL608 | ILE559 | VAL418 | ILE559 | ALA607 | THR560,3.69 | 3.89 | 3.70 | 3.29 | 3.64 | 3.87
minimized_CNP0183210.3_docked_3,LEU557 | VAL604 | LEU365 | ALA510 | GLY462,2.85 | 2.97 | 2.90 | 2.84 | 3.08,VAL463 | GLY462 | VAL467 | VAL420 | CYS368 | ILE559 | ILE559 | ILE559 | ALA466,3.68 | 3.86 | 3.74 | 3.87 | 3.89 | 3.22 | 3.48 | 3.80 | 3.82
minimized_CNP0183210.3_docked_4,ILE416 | VAL465 | VAL463 | VAL604 | LEU557 | VAL465 | VAL561,2.86 | 3.28 | 2.68 | 2.94 | 2.79 | 3.08 | 3.04,VAL561 | VAL608,3.58 | 3.50
minimized_CNP0183210.3_docked_5,LEU557 | VAL604 | LEU557 | ALA510,2.92 | 2.82 | 2.76 | 3.02,VAL463 | ILE559 | VAL418 | CYS513 | VAL514 | CYS513 | VAL514 | ALA466,3.86 | 3.61 | 3.77 | 3.73 | 3.87 | 3.82 | 3.49 | 3.81
minimized_CNP0183210.3_docked_6,ILE416 | VAL463 | VAL604 | LEU557 | VAL465,3.04 | 2.87 | 3.02 | 2.84 | 3.20,ARG326 | THR560 | CYS513 | THR560 | VAL561,3.81 | 3.52 | 3.50 | 3.87 | 3.87
minimized_CNP0183210.3_docked_7,LEU557 | VAL606 | VAL604 | VAL463 | ILE416 | VAL606 | GLY367,2.92 | 3.00 | 3.03 | 3.06 | 3.09 | 2.91 | 3.16,LEU468 | ALA466 | GLY419 | VAL420 | VAL420,3.51 | 3.60 | 3.88 | 3.69 | 3.89
minimized_CNP0183210.3_docked_8,LEU557 | VAL604 | VAL463 | ILE416 | VAL606,2.79 | 2.94 | 2.82 | 2.95 | 3.11,GLY417 | VAL420 | VAL467 | VAL420 | VAL467 | VAL467 | VAL420,3.78 | 3.67 | 3.64 | 3.88 | 3.90 | 3.68 | 3.70
minimized_CNP0183210.3_docked_9,VAL512 | VAL512 | VAL463 | ILE416,3.26 | 2.91 | 3.02 | 3.32,GLY417 | THR560 | CYS513 | VAL561 | CYS513 | VAL514 | VAL514 | ILE559 | ALA366,3.14 | 3.70 | 3.69 | 3.65 | 3.52 | 3.68 | 3.79 | 3.90 | 3.72
minimized_CNP0183210.5_docked_1,VAL604 | LEU365 | GLY367 | GLY367 | ILE416 | ILE559 | VAL561 | THR560,2.92 | 3.20 | 2.77 | 2.87 | 2.78 | 3.13 | 2.75 | 3.32,GLY564 | VAL561 | VAL561 | ILE559 | ALA466 | ALA466 | ALA466 | ALA466 | VAL514 | VAL514 | GLY605 | ALA366 | ALA366 | ILE559,3.65 | 3.77 | 3.58 | 3.76 | 3.59 | 3.47 | 3.56 | 3.72 | 3.78 | 3.72 | 3.74 | 3.75 | 3.79 | 3.70
minimized_CNP0183210.5_docked_2,ALA510 | VAL512 | VAL604 | LEU557,3.16 | 2.98 | 2.80 | 2.82,GLY558 | VAL369 | VAL369 | ALA466 | VAL420 | VAL369 | VAL369 | THR560 | GLY464 | GLY464,3.85 | 3.75 | 3.90 | 3.82 | 3.53 | 3.69 | 3.82 | 3.74 | 3.70 | 3.43
minimized_CNP0183210.5_docked_3,VAL604 | ILE416 | THR560,2.88 | 3.06 | 2.67,CYS368 | CYS368 | VAL608 | ILE559 | ALA466,3.89 | 3.89 | 3.83 | 3.66 | 3.72
minimized_CNP0183210.5_docked_4,VAL465 | VAL418 | VAL418 | ALA510 | THR560,3.23 | 2.79 | 3.11 | 3.08 | 2.88,ILE559 | GLY511 | HIS562 | ARG326 | CYS513 | CYS513 | ALA466 | HIS562 | VAL561 | ALA366 | ALA366,3.36 | 3.62 | 3.86 | 3.86 | 3.89 | 3.64 | 3.76 | 3.59 | 3.76 | 3.73 | 3.81
minimized_CNP0183210.5_docked_5,ILE416 | LEU557 | ALA510,2.90 | 2.75 | 2.94,VAL420 | VAL420 | VAL467 | ILE559 | VAL420 | ALA366 | ALA366 | ALA366,3.69 | 3.89 | 3.27 | 3.77 | 3.79 | 3.64 | 3.81 | 3.31
minimized_CNP0183210.5_docked_6,LEU557 | ILE559 | VAL604 | LEU365,2.73 | 3.32 | 2.92 | 3.03,VAL514 | VAL561 | VAL561 | ILE559 | ILE559,3.61 | 3.81 | 3.45 | 3.74 | 3.68
minimized_CNP0183210.5_docked_7,VAL604 | LEU365 | GLY367 | ILE416 | ILE559,2.96 | 3.32 | 2.83 | 2.98 | 3.08,VAL420 | CYS513 | ALA466 | ALA466 | ALA466 | GLY605 | ALA366 | ALA366 | ILE559,3.76 | 3.87 | 3.48 | 3.86 | 3.85 | 3.54 | 3.87 | 3.86 | 3.75
minimized_CNP0183210.5_docked_8,VAL418 | VAL418 | VAL512 | ALA510,3.22 | 3.26 | 3.09 | 3.03,ILE559 | GLY511 | ARG470 | VAL467 | ALA607 | CYS368 | CYS368 | VAL420 | ALA366 | ALA366,3.88 | 3.86 | 3.47 | 3.83 | 3.85 | 3.72 | 3.80 | 3.86 | 3.82 | 3.54
minimized_CNP0183210.5_docked_9,ILE416 | VAL465 | VAL465 | VAL418 | ALA510,3.23 | 2.96 | 3.31 | 2.90 | 3.12,GLY511 | THR560 | CYS513 | VAL561 | VAL561 | VAL561 | VAL561 | ALA607 | ALA607 | ALA607 | ALA607 | GLY417,3.71 | 3.46 | 3.87 | 3.51 | 3.89 | 3.87 | 3.87 | 3.72 | 3.79 | 3.74 | 3.88 | 3.67
minimized_CNP0183210.6_docked_1,VAL604 | VAL465 | VAL465 | VAL418 | VAL606 | GLY367 | VAL514,2.77 | 2.76 | 3.18 | 2.99 | 3.00 | 2.92 | 3.31,GLY417 | VAL561 | LEU515 | CYS513 | VAL514 | ALA607 | ALA607 | VAL561 | ALA366,3.48 | 3.71 | 3.61 | 3.63 | 3.77 | 3.69 | 3.65 | 3.80 | 3.84
minimized_CNP0183210.6_docked_2,LEU557 | VAL604 | VAL512 | VAL465 | VAL465 | GLY367 | ARG326 | VAL561 | THR560,2.95 | 3.10 | 3.01 | 2.89 | 2.90 | 2.92 | 3.05 | 3.07 | 2.94,GLY464 | THR560 | THR560 | VAL561 | VAL561 | CYS368 | CYS368 | ALA366 | ILE559,3.78 | 3.67 | 3.77 | 3.88 | 3.32 | 3.64 | 3.73 | 3.84 | 3.71
minimized_CNP0183210.6_docked_3,VAL604 | LEU365 | VAL465 | VAL465 | VAL418 | VAL606 | GLY367 | VAL420,2.78 | 3.27 | 2.76 | 3.22 | 2.94 | 2.88 | 2.85 | 3.26,GLY417 | ARG470 | ALA466 | ALA466 | GLY419 | VAL514 | CYS513 | CYS513 | ALA466 | CYS513 | VAL467 | ALA366,3.50 | 3.72 | 3.86 | 3.33 | 3.18 | 3.48 | 3.79 | 3.58 | 3.81 | 3.77 | 3.89 | 3.81
minimized_CNP0183210.6_docked_4,ILE416 | VAL463 | VAL606 | VAL606 | ILE559 | VAL465,3.26 | 3.14 | 3.20 | 3.12 | 3.18 | 3.10,VAL370 | CYS368 | VAL369 | ALA466 | ALA466,3.70 | 3.64 | 3.82 | 3.67 | 3.55
minimized_CNP0183210.6_docked_5,LEU557 | VAL604 | LEU365 | VAL465 | VAL465 | VAL606 | GLY367 | THR560,3.25 | 2.68 | 2.89 | 2.88 | 2.84 | 3.33 | 2.88 | 3.30,ARG326 | ALA466 | VAL561 | VAL561 | ALA366,3.73 | 3.89 | 3.90 | 3.48 | 3.87
minimized_CNP0183210.6_docked_6,LEU365 | VAL463 | ILE416 | ILE559 | ILE559 | VAL465,2.88 | 2.97 | 3.03 | 3.05 | 2.94 | 3.05,ILE559 | VAL420 | VAL420 | VAL418 | CYS368 | VAL420 | GLY419 | CYS368 | VAL467,3.74 | 3.66 | 3.87 | 3.86 | 3.67 | 3.85 | 3.75 | 3.81 | 3.82
minimized_CNP0183210.6_docked_7,VAL604 | LEU557,2.72 | 2.92,ALA556 | ILE559 | VAL420 | CYS513 | ILE559 | ALA366 | ILE559 | VAL418 | VAL418 | ILE559 | GLY419 | VAL418 | ALA466 | GLY462,3.87 | 3.35 | 3.82 | 3.76 | 3.67 | 3.32 | 3.34 | 3.30 | 3.83 | 3.86 | 3.69 | 3.79 | 3.82 | 3.70
minimized_CNP0183210.6_docked_8,VAL463 | ILE416 | ALA510 | VAL604 | VAL512 | THR560,3.17 | 2.70 | 2.60 | 2.96 | 2.98 | 2.88,ALA366 | ALA366 | VAL561 | ILE559 | VAL514 | VAL514 | VAL514 | GLY464 | ALA366,3.74 | 3.70 | 3.37 | 3.71 | 3.67 | 3.84 | 3.47 | 3.65 | 3.65
minimized_CNP0183210.6_docked_9,LEU557 | ALA510 | VAL604 | LEU557 | VAL463 | ILE416 | VAL606,3.03 | 2.99 | 2.94 | 2.95 | 3.13 | 3.12 | 3.28,GLY464 | VAL420 | VAL420 | VAL420 | VAL418 | VAL369 | ILE559,3.85 | 3.89 | 3.79 | 3.31 | 3.88 | 3.34 | 3.73
minimized_CNP0183210.7_docked_1,LEU557 | GLY509 | ILE416 | LEU365,3.04 | 2.92 | 2.70 | 3.08,ARG415 | GLY364 | GLY364 | ILE559 | CYS513 | CYS513 | ALA466 | ALA366 | VAL418 | ALA366 | ILE559 | VAL418 | VAL418,3.81 | 3.68 | 3.68 | 3.78 | 3.62 | 3.45 | 3.87 | 3.64 | 3.36 | 3.64 | 3.63 | 3.43 | 3.86
minimized_CNP0183210.7_docked_2,VAL606 | ILE559 | VAL465 | VAL418 | VAL418,2.91 | 2.76 | 2.93 | 2.92 | 3.13,GLY417 | TYR525 | GLY462 | GLY462 | ARG415 | ARG415 | GLY509 | GLY603 | GLY603 | GLY364 | GLY509 | GLY603 | ALA556 | GLY364 | ALA556 | ARG415 | ARG415 | GLY364 | GLY462 | ARG415 | ARG415 | ARG415 | ARG415 | ALA556 | ARG415 | ARG415 | GLY509 | GLY462 | ALA556 | ALA556,3.85 | 3.79 | 3.69 | 3.53 | 3.79 | 3.90 | 3.74 | 3.71 | 3.35 | 3.61 | 3.62 | 3.01 | 3.78 | 3.77 | 3.47 | 3.31 | 3.88 | 3.77 | 3.84 | 3.65 | 3.67 | 3.83 | 3.65 | 3.43 | 3.57 | 3.27 | 3.66 | 3.64 | 3.75 | 3.82
minimized_CNP0183210.7_docked_3,LEU557 | ALA510 | VAL512 | ALA510 | VAL606 | VAL604 | VAL465,2.93 | 3.17 | 2.83 | 2.91 | 3.08 | 3.19 | 2.94,GLY558 | ALA466 | VAL420 | VAL369 | GLY464 | ILE559,3.50 | 3.69 | 3.73 | 3.76 | 3.86 | 3.67
minimized_CNP0183210.7_docked_4,LEU557 | VAL512 | ALA510 | VAL606 | ILE559 | ILE559 | VAL465,2.76 | 2.88 | 2.94 | 3.33 | 3.13 | 3.06 | 3.11,GLY558 | VAL467 | VAL420 | VAL420 | ILE559,3.52 | 3.69 | 3.77 | 3.51 | 3.57
minimized_CNP0183210.7_docked_5,LEU557 | VAL604 | LEU557 | VAL512 | VAL465 | VAL465 | VAL606,3.02 | 2.72 | 3.04 | 3.00 | 2.96 | 2.89 | 2.97,GLY464 | CYS513 | CYS513 | VAL467 | VAL467 | VAL420 | GLY558 | ILE559,3.47 | 3.67 | 3.77 | 3.87 | 3.39 | 3.89 | 3.82 | 3.50
minimized_CNP0183210.7_docked_6,VAL604 | LEU365 | ILE416 | ILE559 | ILE559 | VAL418 | THR560,2.95 | 3.03 | 2.70 | 2.84 | 3.16 | 3.24 | 3.12,GLY605 | GLY558 | VAL561 | VAL561 | VAL561 | ALA466 | ALA366,3.85 | 3.85 | 3.20 | 3.86 | 3.80 | 3.76 | 3.80
minimized_CNP0183210.7_docked_7,ARG326 | VAL369 | ARG326,2.86 | 2.88 | 2.94,VAL608 | GLY603 | GLY603 | GLY364 | THR560 | THR560 | GLY464 | GLY605 | ALA607 | CYS368 | ALA556 | GLY417 | ALA366 | VAL369,3.70 | 3.75 | 3.38 | 3.53 | 3.87 | 3.58 | 3.44 | 3.56 | 3.81 | 3.69 | 3.74 | 3.65 | 3.86 | 3.88
minimized_CNP0183210.7_docked_8,ILE416 | VAL604 | LEU365 | VAL465 | VAL418 | VAL418 | ILE559,3.10 | 2.73 | 3.33 | 3.00 | 3.07 | 3.23 | 3.26,GLY464 | GLY417 | ARG326 | PRO322 | VAL608 | CYS513 | CYS513 | VAL561 | VAL561 | ALA366,3.85 | 3.51 | 3.73 | 3.66 | 3.67 | 3.86 | 3.90 | 3.72 | 3.65 | 3.84
minimized_CNP0183210.7_docked_9,SER508,3.00,THR560 | GLY603 | GLY603 | GLY364 | VAL418 | VAL418 | ILE559 | GLY462 | ARG415 | ARG415 | ARG415 | ALA556 | GLY509 | GLY509 | GLY462 | ILE416 | ARG415 | ALA556 | ILE416 | ILE559 | GLY417 | ILE416 | ALA556 | ALA556 | GLY509 | GLY509 | ALA556 | GLY509,3.56 | 3.68 | 3.51 | 3.69 | 3.49 | 3.85 | 3.01 | 3.85 | 3.82 | 3.70 | 3.69 | 3.31 | 3.79 | 3.35 | 3.90 | 3.87 | 3.75 | 3.84 | 3.76 | 3.61 | 3.46 | 3.79 | 3.74 | 3.74 | 3.89 | 3.62 | 3.41 | 3.85
minimized_CNP0183210.9_docked_1,VAL606 | VAL606 | GLY367 | GLY367 | VAL465,2.98 | 3.02 | 3.03 | 3.01 | 3.20,GLY605 | ALA366 | ALA366 | VAL608 | VAL608 | HIS562 | VAL561 | ALA607 | ALA607 | VAL608 | ILE559,3.79 | 3.67 | 3.53 | 3.49 | 3.79 | 3.88 | 3.60 | 3.60 | 3.87 | 3.68 | 3.65
minimized_CNP0183210.9_docked_2,VAL512 | VAL465 | VAL606 | VAL606 | ILE559 | VAL418 | THR560,3.02 | 3.11 | 3.30 | 3.27 | 2.84 | 3.13 | 2.89,PRO322 | PRO322 | THR560 | VAL608 | VAL608,3.78 | 3.61 | 3.64 | 3.73 | 3.52
minimized_CNP0183210.9_docked_3,VAL606 | GLY367 | GLY367 | VAL418 | VAL418 | VAL606 | ILE559 | ILE559 | ASP422,3.19 | 3.12 | 2.83 | 2.95 | 3.18 | 3.26 | 3.16 | 2.98 | 3.25,ILE559 | ARG470 | VAL467 | VAL420 | VAL420 | CYS513 | CYS513 | VAL514 | VAL514 | VAL514 | VAL467 | VAL467 | VAL418 | ALA366,3.49 | 3.55 | 3.52 | 3.41 | 3.55 | 3.75 | 3.84 | 3.65 | 3.82 | 3.51 | 3.84 | 3.78 | 3.63 | 3.84
minimized_CNP0183210.9_docked_4,GLY367 | GLY367 | VAL512 | VAL465 | VAL465 | GLY371,2.92 | 3.09 | 2.99 | 2.99 | 2.93 | 3.35,VAL370 | VAL370 | VAL369 | VAL369 | VAL467 | VAL467 | VAL370 | VAL420 | VAL420 | VAL420 | ILE559,3.89 | 3.67 | 3.63 | 3.64 | 3.67 | 3.79 | 3.84 | 3.69 | 3.86 | 3.50 | 3.79
minimized_CNP0183210.9_docked_5,LEU557 | VAL604 | LEU365 | ALA510 | THR560,2.71 | 2.87 | 2.95 | 2.99 | 2.91,GLY464 | VAL463 | VAL369 | VAL418 | VAL418 | ILE559 | CYS368,3.36 | 3.71 | 3.83 | 3.70 | 3.78 | 3.79 | 3.65
minimized_CNP0183210.9_docked_6,VAL512 | ALA510 | ILE559 | ILE559 | VAL514,3.11 | 3.08 | 3.13 | 3.08 | 3.20,VAL561 | VAL561 | VAL514 | VAL514 | VAL514 | VAL561 | VAL561,3.79 | 3.79 | 3.82 | 3.51 | 3.82 | 3.76 | 3.77
minimized_CNP0183210.9_docked_7,VAL604 | LEU557,2.55 | 2.93,GLY603 | GLY603 | ALA556 | ALA556 | VAL418 | ALA366 | ALA366 | VAL561 | VAL561 | CYS513 | ILE559 | ILE559 | THR560 | THR560 | ARG415 | GLY462,3.77 | 3.35 | 3.35 | 3.59 | 3.65 | 2.90 | 3.59 | 3.67 | 3.86 | 3.67 | 3.81 | 3.89 | 3.82 | 3.65 | 3.82 | 3.78
minimized_CNP0183210.9_docked_8,GLY423,2.87,GLY419 | VAL606 | GLY558 | VAL418 | ALA366 | VAL420 | VAL420 | VAL420 | CYS368 | ILE559 | ILE559 | ILE559 | VAL420,3.68 | 3.78 | 3.90 | 3.32 | 3.50 | 3.81 | 3.42 | 3.67 | 3.85 | 3.62 | 3.04 | 3.82 | 3.84
minimized_CNP0183210.9_docked_9,VAL465 | VAL465 | VAL606 | VAL604 | THR560,3.32 | 3.34 | 3.05 | 3.13 | 3.23,ILE559 | GLY558 | THR560 | THR560 | CYS513 | CYS513 | VAL561 | VAL561 | ALA466 | ALA466 | VAL514 | VAL514 | VAL514,3.83 | 3.88 | 3.80 | 3.51 | 3.08 | 3.89 | 3.75 | 3.70 | 3.41 | 3.77 | 3.84 | 3.68 | 3.64
minimized_CNP0183354.15_docked_1,VAL465 | VAL418 | ALA510 | VAL606 | VAL467 | VAL420,2.89 | 2.92 | 3.20 | 3.26 | 3.17 | 2.82,ALA556 | ARG415 | ALA556 | ALA556 | GLY509 | ALA556 | ARG415 | ALA556 | GLY558 | GLY462 | GLY462 | ARG415 | GLY603 | ALA556 | ALA556 | ALA556 | ALA556 | GLY511 | ILE559 | ALA366 | ALA366 | VAL420 | VAL467 | VAL467 | THR560,3.64 | 3.68 | 3.75 | 3.78 | 3.50 | 3.77 | 3.83 | 3.83 | 3.62 | 3.80 | 3.56 | 3.87 | 3.61 | 3.82 | 3.81 | 3.63 | 3.56 | 3.70 | 3.69 | 3.77 | 3.70 | 3.70 | 3.60 | 3.71 | 3.69
minimized_CNP0183354.15_docked_2,VAL606 | THR560 | THR560 | ALA510 | ILE559 | THR560 | VAL561,2.88 | 3.19 | 3.18 | 3.19 | 2.98 | 2.79 | 2.96,ALA556 | ARG415 | ALA556 | ALA556 | GLY509 | GLY603 | GLY364 | ILE559 | GLY462 | GLY462 | ARG415 | GLY511 | VAL561,3.64 | 3.65 | 3.81 | 3.76 | 3.52 | 3.78 | 3.89 | 3.29 | 3.90 | 3.71 | 3.73 | 3.66 | 3.58
minimized_CNP0183354.15_docked_3,VAL465 | ALA510 | VAL467 | ILE416 | LEU365 | ALA510 | GLY462 | VAL604 | LEU557,3.03 | 2.95 | 3.20 | 3.23 | 3.03 | 2.83 | 3.16 | 2.84 | 2.97,VAL420 | ALA466 | VAL369 | VAL420 | VAL420 | VAL420 | VAL420 | VAL420 | CYS368 | GLY509 | VAL463 | GLY462 | GLY462 | ILE559 | GLY605,3.87 | 3.80 | 3.76 | 3.68 | 3.86 | 3.57 | 3.89 | 3.76 | 3.86 | 3.81 | 3.73 | 3.30 | 3.73 | 3.73 | 3.80
minimized_CNP0183354.15_docked_4,VAL465 | VAL465 | VAL512 | VAL514 | VAL463 | LEU557 | ALA510 | GLY509 | ILE416 | LEU365,2.92 | 3.07 | 3.34 | 3.07 | 2.83 | 2.80 | 3.20 | 2.87 | 3.10 | 2.80,VAL420 | VAL420 | VAL420 | VAL467 | ALA466 | ALA466 | ALA556 | ALA556 | GLY509 | GLY509 | ILE559 | GLY605 | ALA366,3.75 | 3.51 | 3.82 | 3.66 | 3.78 | 3.70 | 3.86 | 3.41 | 3.65 | 3.71 | 3.30 | 3.70 | 3.79
minimized_CNP0183354.15_docked_5,LEU557 | VAL604 | LEU557 | ALA510 | VAL463,2.79 | 2.64 | 2.63 | 3.34 | 2.92,VAL420 | VAL420 | VAL420 | CYS368 | CYS368 | GLY364 | ALA556 | ILE559 | ILE559 | GLY464 | GLY417,3.64 | 3.54 | 3.77 | 3.68 | 3.59 | 3.39 | 3.70 | 3.74 | 3.34 | 3.76 | 3.51
minimized_CNP0183354.15_docked_6,VAL604 | LEU365 | VAL604 | LEU557 | ALA510,3.00 | 2.87 | 2.96 | 2.99 | 2.54,VAL467 | VAL420 | VAL467 | VAL420 | VAL420 | ARG415 | GLY364 | GLY364 | ALA366 | ALA366 | GLY464,3.71 | 3.65 | 3.63 | 3.65 | 3.88 | 3.48 | 3.74 | 3.58 | 3.84 | 3.84 | 3.82
minimized_CNP0183354.15_docked_7,VAL465 | VAL463 | ILE416 | VAL512 | VAL467 | VAL514 | VAL420 | VAL420,2.85 | 3.19 | 2.90 | 3.27 | 3.16 | 2.83 | 2.77 | 3.07,GLY509 | GLY462 | ALA556 | ARG415 | GLY509 | GLY462 | ALA556 | ALA556 | ILE559 | ARG415 | ARG415 | GLY364 | GLY364 | ALA556 | GLY509 | GLY509 | ALA556 | GLY509 | GLY464 | VAL463 | GLY417 | VAL514 | CYS368,3.83 | 3.63 | 3.63 | 3.75 | 3.15 | 3.54 | 3.74 | 3.82 | 3.39 | 3.87 | 3.48 | 3.65 | 3.55 | 3.56 | 3.80 | 3.68 | 3.68 | 3.76 | 3.72 | 3.88 | 3.59 | 3.43 | 3.77
minimized_CNP0183354.15_docked_8,VAL465 | VAL418 | ALA510 | ILE559 | VAL608 | VAL608 | VAL369 | THR560,3.27 | 3.07 | 3.18 | 3.05 | 2.95 | 2.95 | 3.11 | 2.92,ALA556 | ARG415 | ALA556 | ALA556 | GLY509 | ALA556 | ILE559 | GLY462 | GLY462 | ARG415 | GLY511 | GLY464 | ALA366 | CYS513 | CYS513,3.55 | 3.79 | 3.89 | 3.74 | 3.30 | 3.81 | 3.34 | 3.87 | 3.70 | 3.69 | 3.84 | 3.83 | 3.82 | 3.31 | 3.69
minimized_CNP0183354.15_docked_9,ILE559 | VAL604 | THR560 | LEU557 | ALA510 | VAL463,3.31 | 3.03 | 2.83 | 2.69 | 3.19 | 3.05,VAL514 | VAL514 | VAL561 | VAL561 | VAL561 | VAL561 | THR560 | GLY364 | GLY364 | VAL465 | VAL465 | GLY464 | GLY464,3.65 | 3.47 | 3.77 | 3.75 | 3.81 | 3.88 | 3.69 | 3.61 | 3.44 | 3.89 | 3.80 | 3.87 | 3.86
minimized_CNP0183354.1_docked_1,VAL606 | ILE559 | ILE559 | VAL604 | LEU557 | VAL420 | VAL420 | VAL463 | VAL604 | LEU557 | VAL463 | ILE416,3.21 | 2.76 | 2.91 | 2.96 | 3.11 | 2.90 | 2.93 | 3.08 | 2.92 | 3.00 | 2.56 | 2.84,VAL420 | VAL420 | VAL467 | VAL420 | VAL420 | ALA466 | ALA466 | GLY603 | GLY603 | ALA556 | ALA556 | ILE559 | ILE559,3.67 | 3.83 | 3.69 | 3.77 | 3.55 | 3.65 | 3.77 | 3.71 | 3.19 | 3.52 | 3.58 | 3.65 | 3.81
minimized_CNP0183354.1_docked_2,VAL465 | VAL465 | VAL418 | VAL418 | VAL561 | THR560 | THR560 | VAL604 | ALA510 | GLY462 | VAL604 | LEU557,2.87 | 3.28 | 2.89 | 3.16 | 2.80 | 2.86 | 3.13 | 2.73 | 2.95 | 2.95 | 2.70 | 3.04,VAL561 | VAL561 | ALA607 | ALA607 | ALA607 | ALA607 | GLY509 | GLY462 | GLY462,3.62 | 3.37 | 3.80 | 3.82 | 3.48 | 3.82 | 3.60 | 3.40 | 3.80
minimized_CNP0183354.1_docked_3,VAL606 | ILE559 | ILE559 | VAL604 | LEU557 | ARG326 | VAL369 | VAL369 | GLY367 | VAL463 | VAL604 | LEU557 | VAL463 | ILE416,3.27 | 2.75 | 3.11 | 3.13 | 3.16 | 3.12 | 2.70 | 3.34 | 2.83 | 3.18 | 2.91 | 2.96 | 2.48 | 2.93,VAL420 | VAL420 | VAL420 | VAL420 | ALA607 | ALA607 | GLY603 | GLY603 | ALA556 | ALA556 | ILE559,3.90 | 3.54 | 3.71 | 3.78 | 3.86 | 3.80 | 3.73 | 3.21 | 3.47 | 3.55 | 3.72
minimized_CNP0183354.1_docked_4,VAL512 | VAL512 | VAL463 | VAL608 | VAL606 | VAL463 | ILE416 | VAL604 | LEU557,2.99 | 3.05 | 3.09 | 2.85 | 2.74 | 3.06 | 2.91 | 2.71 | 2.78,THR560 | CYS513 | GLY462 | ARG415 | ARG415 | ILE559 | ALA366 | VAL418 | ALA366,3.78 | 3.80 | 3.83 | 3.54 | 3.65 | 3.83 | 3.67 | 3.43 | 3.51
minimized_CNP0183354.1_docked_5,VAL418 | GLY367 | VAL604 | LEU365 | VAL512 | VAL608 | ARG326 | VAL561,3.16 | 3.10 | 2.99 | 2.76 | 3.06 | 2.80 | 3.03 | 2.85,ARG415 | ARG415 | GLY509 | GLY462 | GLY462 | ALA556 | ILE559 | GLY603 | GLY603 | ALA556 | ALA556 | ALA556 | GLY603 | GLY603 | LEU557 | ALA556 | VAL465,3.84 | 3.69 | 3.85 | 3.73 | 3.00 | 3.39 | 3.71 | 3.73 | 3.07 | 3.67 | 3.59 | 3.48 | 3.89 | 3.75 | 3.78 | 3.80 | 3.82
minimized_CNP0183354.1_docked_6,VAL418 | GLY367 | ILE416 | VAL369 | VAL561 | THR560,2.91 | 3.24 | 2.83 | 2.91 | 3.09 | 2.70,GLY509 | GLY462 | ALA556 | ARG415 | ARG415 | GLY509 | GLY462 | ARG415 | ALA556 | ALA556 | GLY603 | GLY364 | GLY603 | GLY603 | GLY364 | ALA366 | LEU365 | GLY464 | VAL369 | CYS513 | CYS513,3.89 | 3.68 | 3.77 | 3.82 | 3.55 | 3.67 | 3.12 | 3.68 | 3.67 | 3.22 | 3.34 | 3.24 | 3.52 | 3.46 | 3.73 | 3.80 | 3.86 | 3.43 | 3.49 | 3.86 | 3.76
minimized_CNP0183354.1_docked_7,VAL465 | VAL418 | VAL418 | VAL467 | VAL604 | ALA510 | GLY462 | VAL604 | LEU557,2.88 | 2.79 | 3.16 | 2.81 | 2.77 | 2.80 | 3.02 | 2.75 | 2.97,VAL467 | GLY419 | VAL418 | GLY509 | VAL463 | GLY462 | GLY462,3.53 | 3.65 | 3.84 | 3.58 | 3.86 | 3.44 | 3.89
minimized_CNP0183354.1_docked_8,VAL606 | THR560 | ILE559 | THR560 | LEU557 | VAL467 | VAL467 | VAL467,2.77 | 3.09 | 2.80 | 2.91 | 3.18 | 2.98 | 2.82 | 2.93,GLY603 | ARG415 | GLY364 | ALA556 | ARG415 | GLY603 | ALA556 | GLY364 | ALA556 | ALA366 | ALA366 | GLY509 | GLY509 | GLY462 | GLY462 | ALA556 | GLY509 | GLY509 | GLY462 | GLY464 | GLY464,3.73 | 3.69 | 3.71 | 3.79 | 3.76 | 3.38 | 3.86 | 3.76 | 3.67 | 3.22 | 3.82 | 3.65 | 2.84 | 3.78 | 3.65 | 3.79 | 3.81 | 3.47 | 3.71 | 3.72 | 3.82
minimized_CNP0183354.1_docked_9,VAL606 | GLY367 | VAL604 | LEU365 | VAL561 | VAL514 | VAL514 | THR560,2.93 | 2.75 | 2.76 | 2.75 | 3.04 | 3.01 | 2.90 | 3.24,ARG415 | ARG415 | GLY462 | ARG415 | ALA556 | ALA556 | GLY603 | GLY603 | ALA556 | ALA556 | ALA556 | LEU557 | ALA556 | GLY417 | VAL561 | VAL561 | VAL561 | VAL561 | ALA466,3.80 | 3.61 | 3.13 | 3.81 | 3.31 | 3.85 | 3.80 | 3.14 | 3.62 | 3.42 | 3.36 | 3.61 | 3.73 | 3.71 | 3.68 | 3.78 | 3.51 | 3.87 | 3.90
minimized_CNP0183354.7_docked_1,VAL465 | VAL418 | VAL604 | LEU365 | VAL369 | VAL369 | VAL369 | VAL608,3.00 | 2.91 | 2.84 | 3.13 | 3.15 | 3.15 | 3.11 | 3.03,ALA556 | ALA556 | ARG415 | GLY509 | GLY462 | ILE559 | ALA556 | ALA556 | ALA556 | ARG415 | ARG415 | GLY364 | GLY364 | ALA366 | GLY605 | ILE559,3.78 | 3.84 | 3.68 | 3.62 | 3.67 | 3.72 | 3.82 | 3.41 | 3.21 | 3.68 | 3.37 | 3.62 | 3.62 | 3.71 | 3.84 | 3.48
minimized_CNP0183354.7_docked_2,VAL606 | GLY367 | THR560 | ALA510 | VAL463 | VAL606 | GLY367 | VAL418 | ARG326 | VAL608 | VAL608 | VAL561,3.22 | 2.75 | 2.81 | 3.23 | 3.13 | 3.06 | 3.05 | 3.22 | 3.21 | 3.25 | 3.03 | 2.96,ALA556 | ARG415 | GLY509 | GLY603 | ALA556 | ALA556 | ALA556 | ALA366 | ALA366 | ALA556 | GLY509 | GLY464 | ILE559 | ILE559,3.82 | 3.67 | 3.61 | 3.45 | 3.75 | 3.89 | 3.74 | 3.47 | 3.63 | 3.63 | 3.74 | 3.75 | 3.48 | 3.35
minimized_CNP0183354.7_docked_3,VAL606 | THR560 | VAL561 | THR560 | ALA510 | VAL463 | VAL606 | GLY367 | VAL418 | VAL514 | VAL467 | VAL467,3.21 | 2.93 | 3.19 | 2.89 | 3.17 | 3.09 | 3.07 | 3.02 | 3.26 | 2.83 | 3.03 | 3.04,ARG415 | GLY603 | GLY364 | GLY509 | ALA556 | ALA366 | ALA366 | ALA556 | GLY509 | GLY509 | GLY464 | ILE559 | ILE559 | VAL514 | VAL514 | CYS368,3.69 | 3.67 | 3.88 | 3.53 | 3.85 | 3.43 | 3.57 | 3.64 | 3.67 | 3.82 | 3.79 | 3.52 | 3.29 | 3.76 | 3.63 | 3.89
minimized_CNP0183354.7_docked_4,VAL418 | VAL604 | LEU365 | VAL465 | ARG326 | VAL561 | THR560,3.25 | 2.70 | 3.11 | 3.08 | 2.94 | 2.89 | 2.75,ALA556 | ARG415 | GLY509 | GLY462 | ILE559 | ALA556 | ALA556 | ARG415 | ARG415 | GLY364 | GLY364 | ALA366 | ALA366 | GLY605 | ILE559 | VAL608 | CYS368 | ALA466 | ALA466,3.85 | 3.72 | 3.45 | 3.48 | 3.90 | 3.64 | 3.48 | 3.76 | 3.54 | 3.60 | 3.70 | 3.85 | 3.60 | 3.88 | 3.67 | 3.83 | 3.84 | 3.80 | 3.35
minimized_CNP0183354.7_docked_5,VAL465 | VAL418 | VAL604 | LEU365 | VAL465 | VAL561 | VAL514,3.12 | 3.09 | 2.81 | 3.06 | 3.09 | 2.98 | 3.04,ALA556 | ALA556 | ARG415 | GLY509 | GLY462 | ALA556 | ALA556 | ARG415 | ARG415 | GLY364 | GLY364 | ALA366 | ALA366 | ILE559 | CYS513 | CYS513,3.61 | 3.86 | 3.72 | 3.51 | 3.73 | 3.54 | 3.38 | 3.68 | 3.40 | 3.63 | 3.67 | 3.77 | 3.59 | 3.68 | 3.86 | 3.74
minimized_CNP0183354.7_docked_6,VAL606 | THR560 | VAL561 | THR560 | ALA510 | VAL463 | VAL606 | GLY367 | VAL418 | VAL608 | ARG326,3.14 | 2.91 | 3.16 | 2.95 | 3.13 | 3.13 | 3.14 | 2.97 | 3.25 | 2.91 | 3.09,ARG415 | GLY603 | ALA556 | ALA556 | GLY509 | ALA556 | ALA556 | ALA366 | ALA366 | ALA556 | GLY509 | GLY509 | GLY464 | ILE559 | ILE559 | CYS368,3.77 | 3.68 | 3.89 | 3.89 | 3.44 | 3.89 | 3.76 | 3.32 | 3.47 | 3.56 | 3.60 | 3.75 | 3.77 | 3.60 | 3.36 | 3.82
minimized_CNP0183354.7_docked_7,GLY367 | GLY367 | VAL418 | VAL561 | THR560 | VAL420 | ILE416 | ILE416 | LEU365 | ALA510 | GLY462 | VAL604 | LEU557,2.76 | 3.30 | 3.16 | 2.69 | 3.07 | 3.34 | 3.17 | 2.84 | 2.86 | 2.86 | 3.17 | 3.12 | 2.98,ARG326 | VAL608 | GLY509 | GLY509 | GLY462 | ALA366 | VAL418 | ILE559 | ILE559,3.71 | 3.60 | 3.73 | 3.33 | 3.61 | 3.87 | 3.80 | 3.67 | 3.59
minimized_CNP0183354.7_docked_8,VAL606 | GLY367 | LEU557 | VAL561 | THR560 | VAL467 | VAL467,3.03 | 2.74 | 2.83 | 3.04 | 3.11 | 2.95 | 3.01,ARG415 | ARG415 | ALA556 | ARG415 | GLY462 | ARG415 | ARG415 | GLY464 | ALA556 | GLY509 | GLY509 | GLY603 | GLY603 | GLY364 | ILE559 | ILE559 | ALA366 | ILE559 | VAL561 | VAL561 | CYS513 | GLY419 | VAL418 | VAL418 | CYS368,3.74 | 3.63 | 3.61 | 3.86 | 3.39 | 3.89 | 3.90 | 3.80 | 3.69 | 3.72 | 3.57 | 3.77 | 3.55 | 3.61 | 3.66 | 3.53 | 3.61 | 3.12 | 3.59 | 3.78 | 3.61 | 3.58 | 3.77 | 3.73 | 3.41
minimized_CNP0183354.7_docked_9,VAL418 | VAL418 | VAL465 | VAL463 | VAL561 | THR560 | LEU557 | ALA510 | ILE416 | LEU365,3.31 | 2.88 | 2.96 | 2.87 | 2.81 | 2.98 | 2.72 | 3.08 | 2.71 | 3.00,VAL608 | THR560 | THR560 | GLY364 | GLY509 | GLY509 | GLY509 | GLY509,3.57 | 3.89 | 3.41 | 3.76 | 3.80 | 3.88 | 3.89 | 3.83
minimized_CNP0183354.8_docked_1,VAL418 | VAL418 | VAL465 | VAL463 | VAL369 | VAL369 | VAL606 | VAL604 | LEU365 | VAL463 | ILE416 | ARG415 | LEU557,2.89 | 2.86 | 3.31 | 3.09 | 3.26 | 3.09 | 2.91 | 2.87 | 2.70 | 2.79 | 2.71 | 3.08 | 2.68,VAL369 | VAL369 | ALA607 | ALA607 | GLY462 | GLY462 | ARG415 | ARG415 | GLY603 | GLY605,3.71 | 3.25 | 3.67 | 3.67 | 3.35 | 3.02 | 3.53 | 3.75 | 3.85 | 3.87
minimized_CNP0183354.8_docked_2,VAL606 | VAL606 | ILE559 | VAL369 | VAL369 | LEU557 | ALA510 | VAL604 | LEU365 | VAL463,2.97 | 3.13 | 2.90 | 3.13 | 2.96 | 2.95 | 2.94 | 3.02 | 2.82 | 2.77,VAL420 | VAL420 | VAL369 | THR560 | GLY364 | GLY364,3.72 | 3.65 | 3.56 | 3.65 | 3.64 | 3.46
minimized_CNP0183354.8_docked_3,VAL418 | VAL418 | VAL465 | VAL420 | VAL420 | GLY367 | VAL604 | LEU557 | VAL463 | ILE416 | LEU557 | ALA510,2.76 | 3.16 | 3.07 | 3.12 | 2.82 | 3.25 | 2.92 | 3.20 | 2.94 | 2.79 | 2.85 | 2.98,VAL467 | VAL467 | VAL420 | GLY462 | ARG415 | ARG415 | ALA556 | ILE559 | GLY558,3.68 | 3.52 | 3.33 | 3.65 | 3.52 | 3.67 | 3.85 | 3.60 | 3.89
minimized_CNP0183354.8_docked_4,VAL418 | VAL418 | VAL463 | VAL514 | VAL514 | VAL465 | VAL604 | ILE416 | LEU365 | GLY364 | LEU557 | ALA510,2.80 | 2.75 | 2.97 | 2.99 | 2.80 | 3.18 | 2.85 | 2.73 | 3.17 | 2.96 | 2.98 | 3.16,VAL561 | VAL561 | VAL514 | VAL514 | ARG415 | ARG415 | ALA556 | ALA556 | LEU557 | ILE559 | ILE559,3.82 | 3.49 | 3.78 | 3.31 | 3.39 | 3.47 | 3.75 | 3.88 | 3.86 | 3.42 | 3.72
minimized_CNP0183354.8_docked_5,VAL606 | ILE559 | VAL606 | VAL561 | THR560 | LEU557 | ALA510 | VAL604 | LEU365 | VAL463 | ILE416,3.13 | 2.81 | 3.18 | 3.29 | 2.90 | 3.16 | 2.74 | 3.01 | 2.69 | 2.81 | 3.32,VAL514 | VAL561 | VAL561 | ALA466 | CYS368 | GLY603 | GLY603 | GLY364 | GLY364 | GLY417,3.82 | 3.63 | 3.43 | 3.75 | 3.68 | 3.83 | 3.64 | 3.84 | 3.53 | 3.86
minimized_CNP0183354.8_docked_6,VAL418 | GLY367 | VAL418 | VAL418 | THR560 | ALA510 | ALA510 | VAL604 | LEU557 | VAL463 | ILE416,3.34 | 2.79 | 3.09 | 2.85 | 3.04 | 2.79 | 2.50 | 2.79 | 2.86 | 3.09 | 2.89,VAL514 | ALA466 | THR560 | CYS513 | ALA366 | VAL606 | VAL606 | GLY605 | GLY605,3.50 | 3.78 | 3.62 | 3.54 | 3.66 | 3.83 | 3.87 | 3.73 | 3.67
minimized_CNP0183354.8_docked_7,VAL606 | THR560 | VAL606 | GLY367 | VAL561 | THR560 | VAL512 | ALA510 | VAL604 | LEU365 | VAL465 | VAL465,2.75 | 3.32 | 2.70 | 2.78 | 3.09 | 2.84 | 2.89 | 3.21 | 2.84 | 2.81 | 2.95 | 2.98,HIS562 | VAL561 | VAL561 | GLY605 | CYS513 | ALA466 | ALA466,3.56 | 3.72 | 3.63 | 3.81 | 3.51 | 3.25 | 3.70
minimized_CNP0183354.8_docked_8,THR560 | ILE559 | VAL606 | ILE559 | VAL512 | VAL604 | LEU365 | VAL465 | VAL418 | VAL418,3.28 | 2.81 | 3.11 | 3.08 | 2.97 | 3.02 | 2.78 | 3.08 | 3.33 | 3.30,GLY371 | VAL369 | ALA607 | ALA607 | ALA366 | GLY464 | ALA466,3.73 | 3.86 | 3.82 | 3.88 | 3.80 | 3.79 | 3.75
minimized_CNP0183354.8_docked_9,ILE559 | VAL512 | LYS323 | VAL463 | VAL465 | VAL465 | VAL418 | VAL418 | LEU557 | GLY367,3.06 | 3.32 | 2.89 | 3.28 | 3.04 | 3.11 | 3.04 | 3.00 | 2.85 | 3.19,LYS323 | ARG326 | VAL369 | VAL369 | VAL369 | ILE559 | CYS368,3.83 | 3.66 | 3.64 | 3.77 | 3.48 | 3.74 | 3.84
minimized_CNP0186541.4_docked_1,LEU557 | ALA510 | ILE416 | VAL512 | VAL512 | VAL465 | THR560 | GLY371 | ARG326 | VAL369,3.32 | 3.31 | 2.86 | 2.60 | 3.35 | 3.27 | 3.13 | 2.95 | 3.08 | 3.27,ARG415 | ARG415 | ARG415 | GLY364 | GLY509 | GLY603 | ALA556 | VAL463 | GLY464 | VAL463 | CYS513 | CYS513 | VAL369 | VAL420 | VAL420 | ALA607 | CYS368 | ALA607 | VAL369,3.82 | 3.81 | 3.48 | 3.75 | 3.64 | 3.66 | 3.83 | 3.77 | 3.14 | 3.69 | 3.85 | 3.67 | 3.70 | 3.89 | 3.62 | 3.72 | 3.83 | 3.78 | 3.65
minimized_CNP0186541.4_docked_2,VAL561 | ARG326 | VAL418 | GLY367 | ALA510 | VAL463,3.05 | 2.93 | 3.17 | 3.21 | 3.03 | 3.18,ARG326 | VAL561 | VAL561 | VAL561 | VAL561 | ALA466 | VAL465 | GLY419 | GLY364 | ILE559 | ALA366 | ALA366,3.85 | 3.54 | 3.75 | 3.86 | 3.61 | 3.55 | 3.90 | 3.48 | 3.73 | 3.73 | 3.79 | 3.72
minimized_CNP0186541.4_docked_3,ARG415 | GLY364 | LEU557 | ALA510 | VAL512 | VAL465,3.28 | 2.84 | 2.93 | 3.00 | 2.78 | 2.82,TYR334 | TYR334 | TYR334 | TYR334 | ARG415 | GLY603 | GLY364 | ALA556 | ARG415 | ARG415 | ALA556 | ARG415 | ALA556 | GLY603 | GLY364 | GLY509 | ALA510 | GLY509 | GLY509 | GLY464 | VAL463 | GLY462 | THR560 | ILE559 | GLY417 | ALA366 | ALA366,3.82 | 3.68 | 3.63 | 3.85 | 3.84 | 3.75 | 3.89 | 3.71 | 3.80 | 3.76 | 3.83 | 3.68 | 3.74 | 3.73 | 3.75 | 3.68 | 3.74 | 3.72 | 3.71 | 3.66 | 3.45 | 3.82 | 3.87 | 3.85 | 3.75 | 3.82 | 3.86
minimized_CNP0186541.4_docked_4,VAL420 | VAL512 | VAL465 | LEU557 | ALA510 | GLY509,3.34 | 2.90 | 2.75 | 2.88 | 3.24 | 3.07,VAL420 | VAL420 | VAL420 | VAL420 | THR560 | CYS513 | GLY462 | GLY462 | ARG415 | GLY558 | ALA366,3.61 | 3.86 | 3.86 | 3.82 | 3.57 | 3.45 | 3.83 | 3.69 | 3.77 | 3.71 | 3.78
minimized_CNP0186541.4_docked_5,GLN563 | VAL606 | GLY367 | VAL604 | LEU365,3.08 | 3.17 | 2.74 | 2.88 | 3.06,PRO322 | GLN563 | VAL561 | VAL561 | VAL561 | VAL561 | CYS368 | GLY509 | ILE559,3.75 | 3.86 | 3.85 | 3.68 | 3.67 | 3.54 | 3.70 | 3.82 | 3.52
minimized_CNP0186541.4_docked_6,VAL369 | VAL512 | VAL465 | VAL604 | LEU557,3.14 | 2.96 | 2.80 | 3.03 | 3.06,VAL369 | VAL369 | VAL369 | VAL420 | THR560 | CYS513 | GLY462 | GLY603 | GLY605 | ALA366 | GLY417 | ALA366,3.50 | 3.78 | 3.85 | 3.68 | 3.57 | 3.32 | 3.82 | 3.77 | 3.63 | 3.88 | 3.79 | 3.62
minimized_CNP0186541.4_docked_7,ALA510 | ILE416 | VAL512 | VAL465 | GLN563 | VAL561 | THR560,3.32 | 2.89 | 2.63 | 3.16 | 2.98 | 3.25 | 2.97,ARG415 | ARG415 | GLY364 | GLY509 | GLY603 | ALA556 | VAL463 | GLY464 | VAL463 | CYS368 | VAL561 | VAL561 | VAL561 | VAL561,3.87 | 3.55 | 3.52 | 3.79 | 3.58 | 3.76 | 3.69 | 3.17 | 3.58 | 3.73 | 3.77 | 3.74 | 3.51 | 3.87
minimized_CNP0186541.4_docked_8,ASP422 | ALA510 | VAL463,3.30 | 3.06 | 2.97,ARG470 | ARG470 | VAL420 | VAL420 | VAL420 | VAL420 | VAL420 | VAL420 | VAL467 | ALA607 | THR560 | GLY464 | ALA366,3.76 | 3.62 | 3.56 | 3.72 | 3.90 | 3.78 | 3.48 | 3.77 | 3.33 | 3.62 | 3.80 | 3.72 | 3.79
minimized_CNP0186541.4_docked_9,VAL606 | GLY367 | VAL463,3.24 | 3.08 | 3.12,VAL561 | VAL561 | VAL561 | VAL514 | CYS368 | ILE559 | ILE559 | ILE559,3.71 | 3.77 | 3.88 | 3.67 | 3.32 | 3.57 | 3.86 | 3.67
minimized_CNP0186702.1_docked_1,VAL463 | VAL604 | LEU557 | VAL463 | ILE416 | VAL604 | LEU557 | VAL606 | VAL606 | ILE559 | ILE559 | GLY372 | GLY371 | ARG326 | LYS323,2.88 | 2.86 | 2.90 | 2.75 | 2.82 | 3.03 | 3.07 | 3.20 | 3.11 | 2.81 | 3.32 | 2.85 | 3.05 | 2.98 | 3.16,GLY603 | GLY603 | ALA556 | ALA556 | GLY464 | ILE559 | GLY558 | GLY558 | ILE559 | ILE559 | LYS323 | VAL369 | VAL418 | THR560 | CYS513 | CYS513 | VAL608 | VAL608 | VAL608 | VAL608,3.70 | 3.29 | 3.70 | 3.81 | 3.44 | 3.68 | 3.90 | 3.64 | 3.39 | 3.48 | 3.72 | 3.89 | 3.45 | 3.83 | 3.89 | 3.78 | 3.88 | 3.76 | 3.18 | 3.88
minimized_CNP0186702.1_docked_2,VAL463 | VAL604 | LEU557 | VAL463 | ILE416 | VAL604 | LEU557 | VAL606 | VAL606 | ILE559 | ILE559 | LYS323,2.87 | 2.78 | 2.90 | 2.73 | 2.87 | 3.06 | 3.10 | 3.19 | 3.14 | 2.76 | 3.31 | 3.13,GLY603 | GLY603 | ALA556 | GLY464 | ILE559 | GLY558 | ILE559 | ILE559 | ILE559 | ARG326 | PRO322 | ARG326 | ARG326 | LYS323 | ARG326 | VAL418 | THR560 | CYS513 | VAL608 | HIS562 | VAL561,3.64 | 3.29 | 3.82 | 3.43 | 3.65 | 3.67 | 3.36 | 3.88 | 3.44 | 3.81 | 3.70 | 3.82 | 3.68 | 3.90 | 3.67 | 3.52 | 3.88 | 3.79 | 3.40 | 3.88 | 3.87
minimized_CNP0186702.1_docked_3,VAL463 | VAL604 | LEU557 | VAL463 | ILE416 | VAL604 | LEU557 | VAL606 | VAL606 | ILE559 | GLY423 | VAL369,2.89 | 2.86 | 2.93 | 2.70 | 2.94 | 3.01 | 3.01 | 3.17 | 2.96 | 2.94 | 3.03 | 2.92,GLY603 | GLY603 | ALA556 | ALA556 | GLY464 | ILE559 | GLY558 | GLY558 | ILE559 | ILE559 | VAL420 | VAL418 | CYS513 | VAL608,3.78 | 3.33 | 3.54 | 3.66 | 3.52 | 3.71 | 3.87 | 3.60 | 3.34 | 3.58 | 3.82 | 3.21 | 3.86 | 3.84
minimized_CNP0186702.1_docked_4,ARG326 | HIS562 | VAL512 | VAL465 | ILE559 | VAL465 | VAL418 | VAL606 | THR560 | ILE559 | VAL608 | THR560,2.85 | 3.01 | 2.87 | 2.74 | 2.96 | 2.94 | 2.80 | 2.82 | 2.97 | 3.13 | 2.84 | 3.01,HIS562 | PRO322 | ALA466 | ALA466 | VAL514 | VAL514 | VAL514 | VAL608 | VAL369 | VAL369,3.76 | 3.63 | 3.89 | 3.55 | 3.84 | 3.66 | 3.79 | 3.85 | 3.81 | 3.87
minimized_CNP0186702.1_docked_5,ASN469 | VAL467 | VAL467 | VAL418 | VAL418 | VAL606 | VAL604 | VAL418 | THR560,3.24 | 3.12 | 3.08 | 2.92 | 2.86 | 3.05 | 3.17 | 2.70 | 3.01,VAL467 | VAL467 | VAL467 | ASP422 | ILE421 | VAL420 | VAL418 | ALA366 | VAL608 | ALA607 | ALA607 | ALA607 | VAL514 | CYS513 | CYS513 | ALA466 | THR560 | THR560 | CYS513,3.83 | 3.84 | 3.61 | 3.68 | 3.77 | 3.36 | 3.87 | 3.86 | 3.71 | 3.88 | 3.87 | 3.76 | 3.87 | 3.79 | 3.56 | 3.44 | 3.74 | 3.46 | 3.19
minimized_CNP0186702.1_docked_6,GLY423 | VAL604 | VAL465 | VAL418 | VAL418 | VAL606 | VAL606 | ILE559,3.29 | 2.96 | 2.95 | 2.72 | 3.01 | 2.74 | 3.08 | 2.74,VAL420 | VAL420 | VAL369 | ARG326 | ARG326 | GLY417 | VAL561 | THR560 | THR560 | CYS368 | GLY419 | VAL418 | VAL418 | CYS368 | ALA466 | VAL465,3.40 | 3.79 | 3.62 | 3.83 | 3.72 | 3.74 | 3.55 | 3.75 | 3.52 | 3.88 | 3.57 | 3.76 | 3.75 | 3.30 | 3.69 | 3.76
minimized_CNP0186702.1_docked_7,LYS323 | ARG326 | VAL604 | VAL465 | VAL418 | VAL418 | VAL606 | VAL606 | ILE559,2.99 | 2.99 | 2.87 | 3.00 | 2.88 | 3.04 | 2.94 | 3.15 | 2.74,LYS323 | LYS323 | LYS323 | LYS323 | ARG326 | GLY417 | VAL561 | THR560 | THR560 | CYS368 | CYS368 | GLY419 | VAL418 | VAL418 | CYS368 | ALA466 | VAL465,3.74 | 3.70 | 3.90 | 3.74 | 3.78 | 3.71 | 3.74 | 3.65 | 3.50 | 3.75 | 3.72 | 3.53 | 3.59 | 3.62 | 3.27 | 3.71 | 3.77
minimized_CNP0186702.1_docked_8,VAL604 | VAL463 | VAL604 | LEU557 | ILE416 | VAL465 | VAL418 | VAL418 | LYS323 | GLY372 | ARG326,2.91 | 2.88 | 2.71 | 3.08 | 3.33 | 2.75 | 2.76 | 3.23 | 3.05 | 3.26 | 3.29,VAL463 | GLY462 | GLY605 | GLY605 | GLY417 | ALA366 | ALA366 | LYS323 | GLY419 | ALA466 | VAL465 | VAL418 | VAL418 | ALA466 | ALA466 | VAL608,3.60 | 3.67 | 3.50 | 3.15 | 3.80 | 3.74 | 3.80 | 3.57 | 3.85 | 3.48 | 3.29 | 3.52 | 3.64 | 3.62 | 3.80 | 3.81
minimized_CNP0186702.1_docked_9,HIS562 | ARG326 | VAL561 | LYS323 | LYS323 | VAL465 | VAL418 | VAL418 | VAL606 | ILE559 | ILE559 | VAL418 | THR560,2.76 | 2.84 | 3.16 | 3.10 | 3.08 | 2.85 | 2.59 | 3.31 | 3.11 | 2.93 | 3.08 | 2.92 | 3.01,GLN563 | HIS562 | PRO322 | PRO322 | ILE559 | VAL467 | VAL514 | VAL514 | VAL514 | VAL514 | ALA607 | VAL369 | VAL369 | ALA607 | ALA607 | CYS368 | CYS368,3.49 | 3.89 | 3.78 | 3.39 | 3.49 | 3.72 | 3.74 | 3.36 | 3.10 | 3.38 | 3.23 | 3.45 | 3.28 | 3.44 | 3.76 | 3.52 | 3.46
minimized_CNP0188145.2_docked_1,,,ALA556 | ALA556 | GLY509 | ARG415 | ARG415 | GLY603 | GLY603 | ALA556 | ALA556 | ILE559 | GLY558 | GLY558 | ILE559 | ALA366 | VAL418 | VAL418 | THR560 | HIS562 | ARG326 | ALA466 | ALA466,3.87 | 3.71 | 3.06 | 3.46 | 3.52 | 3.77 | 3.26 | 3.89 | 3.78 | 3.61 | 3.79 | 3.54 | 3.41 | 3.65 | 3.71 | 3.84 | 3.62 | 3.55 | 3.79 | 3.70 | 3.86
minimized_CNP0188145.2_docked_2,ARG470 | ASN469 | VAL420 | VAL418 | VAL604 | LEU365,2.94 | 2.90 | 3.13 | 3.09 | 2.99 | 3.29,ASN469 | LEU468 | VAL420 | VAL606 | VAL606 | GLY605 | GLY558 | CYS513 | ALA466 | ALA466 | VAL420 | VAL420 | VAL420 | CYS368,3.79 | 3.75 | 3.70 | 3.88 | 3.86 | 3.80 | 3.36 | 3.48 | 3.23 | 3.70 | 3.85 | 3.45 | 3.84 | 3.72
minimized_CNP0188145.2_docked_3,GLY367 | ARG326,3.13 | 2.88,GLY511 | GLY417 | ALA366 | ALA366 | ILE559 | ILE559 | VAL418 | MET610 | GLY372 | ARG326 | VAL369 | ARG326,3.69 | 3.50 | 3.62 | 3.80 | 3.65 | 3.33 | 3.29 | 3.64 | 3.57 | 3.59 | 3.77 | 3.85
minimized_CNP0188145.2_docked_4,GLY367 | VAL369 | ARG326,3.28 | 2.89 | 3.28,GLY511 | ILE559 | GLY417 | ALA366 | ILE559 | ILE559 | VAL418 | GLY367 | CYS513 | CYS513 | VAL370 | VAL369,3.71 | 3.88 | 3.69 | 3.63 | 3.68 | 3.29 | 3.37 | 3.87 | 3.89 | 3.85 | 3.81 | 3.66
minimized_CNP0188145.2_docked_5,GLY367 | LYS323 | ARG326,3.21 | 3.15 | 3.24,GLY511 | ILE559 | GLY417 | ALA366 | ILE559 | ILE559 | VAL418 | CYS513 | CYS513 | CYS513 | LYS323 | LYS323 | VAL369,3.68 | 3.82 | 3.78 | 3.66 | 3.63 | 3.28 | 3.39 | 3.86 | 3.82 | 3.78 | 3.74 | 3.74 | 3.73
minimized_CNP0188145.2_docked_6,GLY367,3.29,GLY511 | ALA366 | ALA366 | ILE559 | ILE559 | VAL418 | VAL418 | HIS516 | HIS516 | GLY564 | HIS516 | LEU515 | VAL514,3.50 | 3.51 | 3.82 | 3.56 | 3.17 | 3.07 | 3.58 | 3.83 | 3.78 | 3.76 | 3.46 | 3.82 | 3.66
minimized_CNP0188145.2_docked_7,SER508 | HIS575 | ARG336,2.85 | 2.88 | 2.95,GLY462 | ARG415 | TYR525 | GLY509 | PHE577 | TYR572 | PHE577 | PHE577 | TYR572 | TYR572 | TYR572 | TYR572 | TYR572 | TYR572 | TYR572 | PHE577 | PHE335 | ARG336 | ARG336,3.50 | 3.65 | 3.56 | 3.38 | 3.79 | 3.86 | 3.24 | 3.73 | 3.85 | 3.75 | 3.80 | 3.86 | 3.86 | 3.79 | 3.81 | 3.70 | 3.86 | 3.71 | 3.51
minimized_CNP0188145.2_docked_8,VAL418 | HIS516,3.16 | 2.85,LEU365 | GLY464 | ILE559 | VAL465 | ALA466 | THR560 | THR560 | THR560 | HIS516 | HIS516,3.90 | 3.73 | 3.14 | 3.54 | 3.86 | 3.74 | 3.74 | 3.57 | 3.76 | 3.76
minimized_CNP0188145.2_docked_9,GLN530,3.15,GLY574 | GLN530 | GLY574 | GLY462 | GLY462 | ARG415 | GLY603 | GLY364 | GLY603 | ALA556 | GLY509 | GLY462 | GLY462 | ARG415 | PHE478 | GLY509 | SER555 | TYR525 | TYR525,3.86 | 3.72 | 3.88 | 3.76 | 3.60 | 3.86 | 3.07 | 3.55 | 3.84 | 3.32 | 3.70 | 3.86 | 3.10 | 3.89 | 3.56 | 3.90 | 3.57 | 3.82 | 3.86
minimized_CNP0188145.3_docked_1,GLN530 | VAL606 | VAL465 | VAL418,3.20 | 3.20 | 2.83 | 2.93,TYR572 | TYR572 | ARG415 | TYR525 | TYR525 | ALA556 | GLY509 | ALA556 | ARG415 | ALA556 | VAL463 | ILE416 | CYS513 | ALA466 | CYS368 | CYS368 | GLY558 | ILE559 | GLY462 | GLY462 | GLY509 | GLY603 | GLY603 | LEU557 | ALA556 | ALA556 | ALA556,3.75 | 3.85 | 3.48 | 3.75 | 3.84 | 3.16 | 3.77 | 3.55 | 3.74 | 3.53 | 3.81 | 3.88 | 3.85 | 3.76 | 3.82 | 3.82 | 3.74 | 3.87 | 3.84 | 3.86 | 3.69 | 3.66 | 3.50 | 3.84 | 3.74 | 3.80 | 3.72
minimized_CNP0188145.3_docked_2,GLY367 | GLY367 | LEU557 | ALA510,3.28 | 3.25 | 3.13 | 3.30,VAL370 | VAL370 | VAL369 | VAL369 | VAL369 | VAL369 | GLY419 | GLY509 | GLY509 | GLY462 | GLY462 | GLY603 | GLY603 | ILE559 | VAL418 | ILE559 | ALA366 | ALA366 | ALA607 | ALA607 | CYS513,3.56 | 3.90 | 3.54 | 3.84 | 3.39 | 3.88 | 3.65 | 3.69 | 3.23 | 3.33 | 3.77 | 3.80 | 3.57 | 3.31 | 3.80 | 3.74 | 3.48 | 3.90 | 3.90 | 3.88 | 3.73
minimized_CNP0188145.3_docked_3,GLN563 | GLY367 | GLY367 | LEU557,2.89 | 3.06 | 3.09 | 3.06,GLY564 | VAL608 | VAL608 | VAL608 | THR560 | CYS513 | GLY509 | GLY509 | GLY462 | GLY603 | GLY603 | ALA366 | ILE559 | VAL418 | ILE559 | ALA366 | GLY419 | VAL418 | CYS368,3.60 | 3.86 | 3.84 | 3.52 | 3.49 | 3.55 | 3.59 | 3.24 | 3.60 | 3.84 | 3.81 | 3.89 | 3.26 | 3.72 | 3.80 | 3.48 | 3.66 | 3.85 | 3.56
minimized_CNP0188145.3_docked_4,ASN382 | VAL512 | VAL606 | ILE559,2.84 | 3.20 | 2.69 | 2.79,ARG415 | ARG415 | GLY364 | ARG415 | ARG415 | GLY603 | ALA556 | ALA556 | ALA556 | ARG415 | VAL604 | GLY603 | GLY603 | CYS368 | CYS368 | CYS513 | CYS513 | ALA556 | VAL463 | GLY462,3.67 | 3.63 | 3.42 | 3.78 | 3.48 | 3.87 | 3.21 | 3.75 | 3.62 | 3.82 | 3.88 | 3.81 | 3.83 | 3.88 | 3.71 | 3.37 | 3.63 | 3.87 | 3.30 | 3.60
minimized_CNP0188145.3_docked_5,VAL465 | VAL465 | LEU365,2.86 | 3.25 | 2.69,GLY564 | VAL561 | VAL561 | VAL514 | VAL514 | VAL514 | GLY419 | CYS368 | GLY603 | GLY603 | ALA556 | ALA556 | ALA556 | GLY462 | GLY462 | GLY605 | ALA366 | ALA366 | THR560 | CYS513,3.72 | 3.86 | 3.76 | 3.82 | 3.62 | 3.42 | 3.58 | 3.59 | 3.66 | 3.14 | 3.90 | 3.47 | 3.57 | 3.56 | 3.67 | 3.74 | 3.90 | 3.72 | 3.70 | 3.36
minimized_CNP0188145.3_docked_6,ARG326 | VAL465 | LEU365,3.09 | 2.81 | 2.87,ARG326 | ARG326 | PRO322 | ARG326 | VAL608 | GLY419 | CYS368 | GLY603 | GLY603 | ALA556 | ALA556 | GLY462 | GLY462 | GLY605 | ALA366 | ALA366 | ILE559 | THR560 | CYS513,3.83 | 3.83 | 3.67 | 3.82 | 3.81 | 3.72 | 3.75 | 3.56 | 3.05 | 3.77 | 3.77 | 3.40 | 3.54 | 3.69 | 3.84 | 3.62 | 3.68 | 3.56 | 3.38
minimized_CNP0188145.3_docked_7,TYR334 | LEU557,2.96 | 3.06,PHE577 | TYR334 | PHE577 | GLY603 | GLY464 | ILE559 | GLY603 | GLY603 | ALA556 | ALA556 | GLY462 | ARG415 | ARG415 | ALA556 | ALA556 | ALA556 | GLY509 | ARG415 | ALA556,3.31 | 3.78 | 3.74 | 3.67 | 3.77 | 3.84 | 3.80 | 3.46 | 3.59 | 3.83 | 3.44 | 3.70 | 3.63 | 3.66 | 3.78 | 3.75 | 3.56 | 3.82 | 3.39
minimized_CNP0188145.3_docked_8,VAL465 | GLY367 | GLY367 | VAL606,3.21 | 2.85 | 3.32 | 3.14,PRO322 | PRO322 | GLY564 | LEU515 | VAL561 | VAL467 | GLY558 | GLY417 | ALA366 | ILE559 | VAL514,3.89 | 3.85 | 3.63 | 3.77 | 3.89 | 3.67 | 3.51 | 3.73 | 3.80 | 3.84 | 3.81
minimized_CNP0188145.3_docked_9,VAL418 | VAL606 | GLY367 | GLY367 | ILE559,2.93 | 3.14 | 2.93 | 3.13 | 3.32,HIS516 | HIS516 | VAL561 | VAL561 | VAL561 | GLY558 | GLY417 | ALA366 | ALA366 | ILE559 | ILE559 | ALA607 | ALA607 | VAL369,3.73 | 3.73 | 3.78 | 3.38 | 3.78 | 3.52 | 3.68 | 3.64 | 3.77 | 3.79 | 3.86 | 3.88 | 3.78 | 3.80
minimized_CNP0188145.5_docked_1,VAL420 | VAL420 | ARG470,2.79 | 3.23 | 2.92,GLY603 | ALA556 | GLY364 | GLY364 | ALA556 | GLY462 | GLY509 | GLY417 | ALA366 | GLY464 | ILE559 | ILE559 | ALA607 | ALA607 | LEU468 | LEU468 | ARG470 | VAL467 | ILE421 | VAL467 | CYS513 | CYS513,3.77 | 3.41 | 3.51 | 3.41 | 3.75 | 3.62 | 3.82 | 3.66 | 3.74 | 3.20 | 3.78 | 3.89 | 3.59 | 3.47 | 3.63 | 3.67 | 3.44 | 3.57 | 3.70 | 3.40 | 3.75 | 3.79
minimized_CNP0188145.5_docked_2,VAL561 | ARG326,3.07 | 3.01,GLY603 | ALA556 | ALA556 | GLY364 | GLY364 | ALA556 | GLY462 | GLY509 | GLY417 | ALA366 | GLY464 | VAL420 | CYS368 | THR560 | CYS513,3.76 | 3.24 | 3.84 | 3.69 | 3.61 | 3.73 | 3.75 | 3.86 | 3.67 | 3.64 | 3.23 | 3.70 | 3.84 | 3.73 | 3.78
minimized_CNP0188145.5_docked_3,ASP422,3.31,GLY603 | ALA556 | GLY364 | GLY364 | ALA556 | ALA556 | GLY462 | ALA556 | GLY509 | GLY417 | ALA366 | GLY464 | ALA366 | GLY419 | VAL467 | VAL420 | VAL467 | ALA607 | ALA607,3.87 | 3.24 | 3.55 | 3.37 | 3.87 | 3.60 | 3.59 | 3.81 | 3.70 | 3.49 | 3.75 | 3.24 | 3.89 | 3.69 | 3.47 | 3.86 | 3.75 | 3.90 | 3.71
minimized_CNP0188145.5_docked_4,ARG326 | ARG326 | VAL465 | VAL465 | VAL604,2.98 | 3.11 | 3.14 | 2.89 | 2.79,GLN563 | VAL608 | THR560 | GLY558 | GLY364 | ALA366 | CYS368,3.67 | 3.46 | 3.43 | 3.27 | 3.89 | 3.71 | 3.63
minimized_CNP0188145.5_docked_5,ARG326,3.04,GLY603 | ALA556 | GLY364 | GLY364 | GLY509 | ALA556 | GLY417 | GLY417 | GLY464 | ILE559 | ALA366 | ALA366 | VAL418 | ALA366 | CYS513 | CYS513 | ALA466 | ARG326 | CYS368 | CYS368,3.63 | 3.45 | 3.51 | 3.65 | 3.58 | 3.79 | 3.68 | 2.88 | 3.54 | 3.83 | 3.09 | 3.83 | 3.34 | 3.60 | 3.84 | 3.58 | 3.70 | 3.88 | 3.51 | 3.85
minimized_CNP0188145.5_docked_6,TYR572,2.93,ALA366 | ALA366 | ILE559 | GLY464 | ALA366 | ALA366 | LEU557 | ALA556 | ALA556 | VAL463 | GLY509 | GLY462 | GLY462 | GLY603 | GLY603 | GLY603 | GLY364 | ARG415 | TYR572 | TYR572 | PHE577 | PHE577 | GLY603 | ARG415 | GLY364 | GLY603 | ALA556 | ARG415 | ARG415,3.62 | 3.88 | 3.66 | 3.62 | 3.40 | 3.58 | 3.78 | 3.64 | 3.71 | 3.84 | 3.42 | 3.61 | 3.85 | 3.89 | 3.86 | 3.17 | 3.75 | 3.77 | 3.89 | 3.61 | 3.60 | 3.85 | 3.86 | 3.88 | 3.43 | 3.70 | 3.71 | 3.55 | 3.78
minimized_CNP0188145.5_docked_7,VAL465 | VAL418 | VAL606,2.80 | 2.79 | 3.22,ASN469 | ARG470 | ARG470 | VAL467 | ILE421 | VAL467 | VAL420 | VAL467 | ALA607 | GLY417 | GLY605 | GLY558 | GLY558 | ALA366 | ALA366 | THR560 | VAL467,3.83 | 3.58 | 3.59 | 3.79 | 3.77 | 3.88 | 3.80 | 3.72 | 3.82 | 3.69 | 3.86 | 3.89 | 3.22 | 3.61 | 3.57 | 3.84 | 3.84
minimized_CNP0188145.5_docked_8,VAL606 | THR560 | ILE559,2.82 | 3.15 | 2.81,ASP422 | ASP422 | GLY423 | VAL370 | ASP422 | ASP422 | VAL420 | VAL420 | VAL512 | GLY464 | GLY605 | GLY558 | CYS513 | ALA466,3.83 | 3.73 | 3.74 | 3.63 | 3.89 | 3.72 | 3.78 | 3.66 | 3.83 | 3.67 | 3.90 | 3.47 | 3.67 | 3.62
minimized_CNP0188145.5_docked_9,VAL465 | VAL418 | VAL606,2.86 | 2.78 | 3.26,HIS516 | LEU468 | HIS516 | VAL514 | VAL514 | VAL467 | VAL467 | GLY417 | GLY558 | ALA366 | ALA366,3.76 | 3.67 | 3.73 | 3.38 | 3.54 | 3.89 | 3.67 | 3.64 | 3.25 | 3.58 | 3.62
minimized_CNP0188145.6_docked_1,VAL604 | LEU365,2.97 | 3.12,VAL420 | VAL369 | VAL369 | VAL369 | GLY419 | LEU557 | ALA556 | ALA556 | ARG415 | ARG415 | GLY364 | GLY364 | GLY464 | ILE559 | CYS513,3.39 | 3.72 | 3.57 | 3.62 | 3.65 | 3.85 | 3.40 | 3.57 | 3.64 | 3.42 | 3.45 | 3.60 | 3.68 | 3.90 | 3.70
minimized_CNP0188145.6_docked_2,,,CYS368 | VAL463 | GLY603 | ALA556 | ALA556 | ALA556 | GLY417 | ILE559 | CYS513 | ALA466,3.75 | 3.83 | 3.55 | 3.75 | 3.47 | 3.35 | 3.88 | 3.83 | 3.73 | 3.77
minimized_CNP0188145.6_docked_3,GLN563,3.28,GLY603 | ALA556 | ALA556 | GLY509 | GLY464 | GLY558 | ILE559 | ALA366 | ALA366 | GLY417 | ALA607 | VAL369 | VAL369 | HIS562 | VAL561 | VAL561,3.41 | 3.84 | 3.73 | 3.57 | 3.65 | 3.85 | 3.61 | 3.24 | 3.38 | 3.61 | 3.52 | 3.83 | 3.62 | 3.80 | 3.87 | 3.72
minimized_CNP0188145.6_docked_4,VAL420 | VAL514,3.22 | 2.71,ARG415 | ARG415 | ARG415 | GLY364 | ALA556 | ALA556 | GLY509 | GLY509 | ALA556 | ALA510 | GLY417 | ALA366 | GLY464 | VAL420 | VAL420 | CYS368 | LEU515,3.63 | 3.87 | 3.66 | 3.54 | 3.76 | 3.15 | 3.76 | 3.32 | 3.71 | 3.87 | 3.81 | 3.52 | 3.53 | 3.25 | 3.52 | 3.82 | 3.59
minimized_CNP0188145.6_docked_5,VAL561 | ARG326,2.89 | 3.33,GLY364 | ALA556 | ALA556 | GLY509 | GLY509 | ALA556 | VAL604 | ALA366 | GLY464 | VAL467 | VAL467 | ARG326 | ARG326 | PRO322 | ALA607 | CYS368 | CYS368,3.48 | 3.89 | 3.18 | 3.80 | 3.48 | 3.84 | 3.90 | 3.47 | 3.64 | 3.52 | 3.30 | 3.58 | 3.60 | 3.81 | 3.34 | 3.89 | 3.40
minimized_CNP0188145.6_docked_6,THR560 | VAL420,3.03 | 3.23,LEU468 | VAL514 | VAL514 | VAL514 | VAL561 | VAL561 | VAL561 | VAL420 | VAL420 | VAL420 | ALA607 | VAL369 | CYS368,3.83 | 3.53 | 3.35 | 3.62 | 3.89 | 3.85 | 3.89 | 3.79 | 3.63 | 3.77 | 3.64 | 3.80 | 3.89
minimized_CNP0188145.6_docked_7,GLY564 | GLN563 | VAL467,3.08 | 2.81 | 3.02,VAL561 | VAL561 | VAL561 | VAL608 | LEU468,3.37 | 3.68 | 3.88 | 3.71 | 3.47
minimized_CNP0188145.6_docked_8,VAL512 | VAL465 | THR560,2.70 | 2.78 | 2.92,GLY423 | VAL370 | GLY423 | GLY423 | VAL370 | GLY371 | GLY371 | ALA466 | THR560 | CYS513 | VAL369 | ALA607 | ALA607,3.30 | 3.85 | 3.81 | 3.84 | 3.80 | 3.73 | 3.64 | 3.77 | 3.53 | 3.74 | 3.88 | 3.62 | 3.87
minimized_CNP0188145.7_docked_1,GLY423,3.22,GLY603 | ARG415 | GLY364 | ARG415 | GLY364 | GLY364 | GLY509 | GLY462 | ALA556 | GLY509 | ALA366 | ALA366 | GLY511 | GLY464 | CYS368 | VAL420 | VAL420 | VAL420 | VAL420 | THR560 | CYS513 | CYS513,3.50 | 3.89 | 3.38 | 3.85 | 3.74 | 3.82 | 3.31 | 3.43 | 3.74 | 3.60 | 3.34 | 3.72 | 3.89 | 3.75 | 3.55 | 3.52 | 3.86 | 3.78 | 3.87 | 3.81 | 3.48 | 3.84
minimized_CNP0188145.7_docked_2,VAL514,2.67,GLY603 | ALA556 | ALA556 | GLY462 | GLY462 | ARG415 | ARG415 | GLY605 | ALA366 | ALA366 | GLY417 | GLY417 | ILE559 | VAL608 | HIS562 | VAL561 | VAL561 | VAL561 | ALA607 | ALA607,3.54 | 3.09 | 3.40 | 3.61 | 3.16 | 3.70 | 3.73 | 3.84 | 3.47 | 3.34 | 3.39 | 3.84 | 3.84 | 3.68 | 3.78 | 3.77 | 3.79 | 3.83 | 3.87 | 3.82
minimized_CNP0188145.7_docked_3,VAL369,3.03,GLY603 | ALA556 | ALA556 | GLY462 | GLY462 | ARG415 | ARG415 | GLY605 | ALA366 | ALA366 | GLY417 | ILE559 | VAL467 | VAL467 | VAL420 | ALA466 | ALA466,3.50 | 3.41 | 3.74 | 3.71 | 3.30 | 3.55 | 3.65 | 3.79 | 3.69 | 3.53 | 3.72 | 3.60 | 3.80 | 3.63 | 3.88 | 3.81 | 3.83
minimized_CNP0188145.7_docked_4,GLN563,2.91,GLY603 | ARG415 | GLY364 | ARG415 | GLY364 | GLY364 | ARG415 | ALA556 | ALA556 | GLY509 | GLY462 | ALA556 | GLY509 | ALA366 | ALA366 | GLY464 | ALA607 | VAL608 | HIS562 | THR560 | CYS513,3.55 | 3.85 | 3.61 | 3.75 | 3.63 | 3.55 | 3.87 | 3.85 | 3.72 | 3.33 | 3.37 | 3.62 | 3.48 | 3.34 | 3.58 | 3.76 | 3.87 | 3.77 | 3.90 | 3.85 | 3.25
minimized_CNP0188145.7_docked_5,VAL420 | VAL420,2.81 | 3.28,GLY603 | ALA556 | GLY364 | ARG415 | GLY364 | GLY364 | ARG415 | ALA556 | ALA556 | GLY509 | GLY462 | ALA556 | GLY509 | ALA366 | ALA366 | GLY464 | ALA607 | CYS368 | VAL514 | THR560 | CYS513,3.54 | 3.83 | 3.78 | 3.76 | 3.62 | 3.46 | 3.87 | 3.73 | 3.62 | 3.33 | 3.36 | 3.60 | 3.42 | 3.26 | 3.43 | 3.75 | 3.72 | 3.69 | 3.75 | 3.74 | 3.67
minimized_CNP0188145.7_docked_6,,,GLY603 | ALA556 | GLY364 | ARG415 | GLY364 | GLY364 | ALA556 | ALA556 | GLY509 | GLY462 | ALA556 | GLY509 | ALA366 | ALA366 | GLY464 | GLY464 | ALA366 | CYS368 | CYS368 | VAL514 | VAL561 | VAL514 | VAL561 | CYS513 | VAL514 | THR560 | CYS513,3.46 | 3.70 | 3.89 | 3.48 | 3.66 | 3.43 | 3.70 | 3.62 | 3.18 | 3.59 | 3.46 | 3.42 | 3.07 | 3.43 | 3.56 | 3.68 | 3.86 | 3.89 | 3.64 | 3.85 | 3.79 | 3.73 | 3.66 | 3.85 | 3.80 | 3.39 | 3.53
minimized_CNP0188145.7_docked_7,VAL467,2.93,GLY603 | ALA556 | ALA556 | GLY462 | GLY462 | ARG415 | ARG415 | ARG415 | GLY605 | ALA366 | ALA366 | GLY417 | GLY417 | ALA466 | VAL561 | VAL561,3.49 | 3.04 | 3.39 | 3.67 | 3.18 | 3.88 | 3.70 | 3.68 | 3.76 | 3.43 | 3.26 | 3.37 | 3.84 | 3.70 | 3.75 | 3.41
minimized_CNP0188145.7_docked_8,ARG326 | VAL418 | VAL418 | LEU557 | ALA510,3.29 | 3.23 | 2.91 | 3.25 | 2.99,GLN563 | PRO322 | VAL561 | VAL561 | ALA466 | ALA466 | ARG415 | ILE559 | LEU557 | GLY511 | ALA366 | GLY419 | CYS368 | CYS368,3.78 | 3.58 | 3.86 | 3.87 | 3.65 | 3.58 | 3.86 | 3.54 | 3.61 | 3.03 | 3.74 | 3.76 | 3.74 | 3.89
minimized_CNP0188145.7_docked_9,ARG326 | VAL418 | VAL418,3.01 | 3.29 | 2.78,VAL369 | VAL369 | VAL369 | VAL369 | ALA466 | GLY419 | GLY464 | ARG415 | GLY364 | GLY364 | THR560 | THR560,3.81 | 3.72 | 3.75 | 3.31 | 3.57 | 3.49 | 3.88 | 3.76 | 3.52 | 3.65 | 3.69 | 3.78
minimized_CNP0188206.17_docked_1,VAL606 | VAL606 | GLY367 | GLY367 | VAL514 | VAL514 | ILE559 | ALA510 | VAL604 | LEU557 | VAL463,2.69 | 2.87 | 2.71 | 2.81 | 2.66 | 3.27 | 3.12 | 3.23 | 2.93 | 2.97 | 2.92,VAL561 | CYS513 | VAL561 | VAL514 | ALA466 | ALA466 | GLY603 | GLY603 | ALA556 | ALA556,3.90 | 3.72 | 3.63 | 3.63 | 3.65 | 3.52 | 3.85 | 3.38 | 3.59 | 3.66
minimized_CNP0188206.17_docked_2,VAL606 | GLY367 | ILE559 | ARG326 | VAL561 | VAL561 | THR560 | VAL606 | THR560 | ILE416 | LEU365 | ALA510 | GLY462 | VAL604 | LEU365,2.75 | 2.98 | 3.29 | 2.97 | 2.60 | 3.32 | 3.13 | 2.92 | 2.80 | 2.81 | 2.85 | 2.88 | 3.18 | 2.77 | 2.70,ARG326 | THR560 | THR560 | VAL561 | CYS513 | CYS513 | GLY509 | GLY509 | GLY462 | GLY462 | GLY417,3.86 | 3.86 | 3.90 | 3.64 | 3.46 | 3.61 | 3.60 | 3.14 | 3.37 | 3.79 | 3.78
minimized_CNP0188206.17_docked_3,VAL512 | VAL465 | VAL465 | ARG326 | THR560 | VAL463 | ILE416 | ARG415 | VAL604 | LEU557,2.80 | 2.92 | 3.00 | 3.11 | 2.94 | 2.86 | 2.77 | 3.09 | 2.70 | 2.70,ARG326 | VAL369 | GLY462 | GLY462 | ARG415 | ARG415 | ALA556 | ALA556,3.83 | 3.49 | 3.64 | 3.30 | 3.55 | 3.72 | 3.82 | 3.77
minimized_CNP0188206.17_docked_4,VAL512 | VAL465 | VAL420 | VAL420 | VAL463 | VAL604 | LEU557 | VAL463 | ILE416,3.07 | 2.84 | 2.77 | 3.02 | 2.91 | 2.52 | 2.93 | 2.68 | 2.70,VAL467 | VAL467 | VAL467 | VAL420 | CYS368 | CYS368 | GLY603 | GLY603 | ALA556 | ALA556,3.79 | 3.74 | 3.87 | 3.45 | 3.56 | 3.63 | 3.86 | 3.49 | 3.49 | 3.72
minimized_CNP0188206.17_docked_5,VAL606 | ILE559 | VAL606 | GLY367 | LEU557 | VAL561 | VAL561 | THR560 | VAL514 | VAL514,2.83 | 2.70 | 2.91 | 2.87 | 2.70 | 3.26 | 2.81 | 2.89 | 3.15 | 3.07,ALA556 | GLY509 | GLY462 | ARG415 | ALA556 | GLY462 | ARG415 | ARG415 | ILE559 | GLY509 | GLY509 | GLY462 | GLY462 | ARG415 | ARG415 | ARG415 | GLY364 | GLY364 | GLY364 | ALA366 | GLY464 | VAL561 | ALA466 | ALA466,3.71 | 3.87 | 2.98 | 3.89 | 3.35 | 3.89 | 3.61 | 3.89 | 3.74 | 3.66 | 3.01 | 3.88 | 3.86 | 3.74 | 3.69 | 3.67 | 3.28 | 3.79 | 3.53 | 3.82 | 3.41 | 3.77 | 3.54 | 3.79
minimized_CNP0188206.17_docked_6,VAL418 | GLY367 | VAL418 | ILE416 | LEU365 | VAL467 | VAL561 | VAL561 | THR560 | VAL467 | VAL467,3.23 | 2.97 | 2.91 | 3.14 | 3.35 | 3.00 | 2.84 | 3.05 | 2.84 | 2.85 | 2.91,GLY603 | ARG415 | GLY364 | ALA556 | GLY603 | ARG415 | GLY364 | ALA556 | ALA366 | ALA366 | GLY603 | GLY462 | GLY462 | ARG415 | ARG415 | ARG415 | GLY462 | GLY462 | ARG415 | GLY417 | ILE559 | ILE559 | VAL561 | VAL514 | THR560,3.70 | 3.80 | 3.78 | 3.18 | 3.68 | 3.78 | 3.41 | 3.77 | 3.57 | 3.50 | 3.49 | 3.74 | 3.08 | 3.60 | 3.74 | 3.56 | 3.75 | 3.62 | 3.73 | 3.67 | 3.36 | 3.21 | 3.87 | 3.60 | 3.65
minimized_CNP0188206.17_docked_7,VAL465 | VAL465 | ILE416 | ALA510 | VAL463 | VAL604 | LEU365,3.25 | 3.03 | 2.93 | 2.75 | 3.11 | 2.71 | 2.99,VAL420 | VAL467 | VAL467 | CYS513 | GLY509 | GLY509 | GLY462 | GLY603,3.62 | 3.62 | 3.18 | 3.81 | 3.74 | 3.38 | 3.62 | 3.83
minimized_CNP0188206.17_docked_8,ILE559 | THR560 | VAL463 | ILE416 | VAL418 | VAL369 | VAL608 | ARG326,3.24 | 2.68 | 2.85 | 2.77 | 2.94 | 2.74 | 2.88 | 3.07,GLY603 | ARG415 | GLY364 | GLY462 | ARG415 | ARG415 | ARG415 | GLY603 | ALA556 | ALA556 | ALA366 | GLY509 | GLY509 | GLY464 | VAL420 | VAL420 | VAL369,3.70 | 3.89 | 3.74 | 3.89 | 3.77 | 3.67 | 3.66 | 3.39 | 3.44 | 3.65 | 3.58 | 3.62 | 3.30 | 3.61 | 3.88 | 3.85 | 3.89
minimized_CNP0188206.17_docked_9,VAL606 | VAL606 | GLY367 | GLY367 | VAL604 | ALA510 | VAL463,2.99 | 2.85 | 2.91 | 2.68 | 3.15 | 3.01 | 3.34,VAL514 | VAL514 | VAL514 | VAL561 | VAL561 | GLY603 | GLY364 | GLY462,3.67 | 3.84 | 3.49 | 3.82 | 3.81 | 3.60 | 3.47 | 3.82
