LIGAND_NAME,Hydrogen_bonds,Hydrogen_bond_distance,Hydrophobic_bonds,Hydrophobic_bond_distance
minimized_CNP0108955.3_docked_1,ALA510 | VAL604 | THR560,2.95 | 2.82 | 3.12,GLY464 | VAL463 | ILE559 | ALA466 | GLY558 | ALA366 | ILE559 | ALA366 | VAL418 | ALA366 | VAL418 | VAL418 | ILE559 | ILE559 | VAL467 | VAL467 | LEU557 | ALA556,3.72 | 3.74 | 3.54 | 3.88 | 3.84 | 3.71 | 3.68 | 3.82 | 3.76 | 3.51 | 3.28 | 3.83 | 3.73 | 3.85 | 3.85 | 3.65 | 3.88 | 3.85
minimized_CNP0108955.3_docked_2,LEU557 | VAL512 | ALA510 | VAL606 | VAL465 | ARG326,3.14 | 2.96 | 3.32 | 3.11 | 2.89 | 2.94,GLY558 | ILE559 | CYS368 | VAL369 | VAL369 | ILE559,3.74 | 3.84 | 3.57 | 3.60 | 3.34 | 3.71
minimized_CNP0108955.3_docked_3,VAL512 | ALA510 | ILE416 | LEU365 | VAL465 | VAL369,3.13 | 3.31 | 3.05 | 3.11 | 2.88 | 2.88,ALA366 | ALA366 | ALA466 | ALA466 | VAL420 | VAL420 | VAL420,3.68 | 3.65 | 3.75 | 3.52 | 3.71 | 3.35 | 3.66
minimized_CNP0108955.3_docked_4,VAL512 | VAL512 | VAL465 | VAL606 | VAL606 | ILE559 | VAL418 | VAL418,3.26 | 2.76 | 2.73 | 3.05 | 3.09 | 3.08 | 3.07 | 2.85,ILE559 | ARG326 | PRO322 | ALA607 | ALA607 | ALA607 | VAL608 | VAL608 | HIS562 | ARG326 | ARG326 | ILE559 | ILE559,3.78 | 3.55 | 3.50 | 3.63 | 3.82 | 3.76 | 3.63 | 3.87 | 3.73 | 3.82 | 3.73 | 3.82 | 3.28
minimized_CNP0108955.3_docked_5,VAL604 | ALA510 | VAL463 | ILE559 | ILE559 | VAL467,2.94 | 3.25 | 3.17 | 3.06 | 3.22 | 3.30,GLY464 | THR560 | CYS513 | CYS513 | VAL514 | VAL514 | VAL514 | LEU468 | ILE559 | ILE559,3.63 | 3.42 | 3.84 | 3.38 | 3.76 | 3.59 | 3.55 | 3.84 | 3.75 | 3.89
minimized_CNP0108955.3_docked_6,VAL604 | VAL512 | VAL512 | VAL606 | ILE559,2.88 | 2.79 | 3.20 | 3.19 | 3.08,GLY464 | VAL514 | VAL514 | GLY419 | VAL418 | GLY419 | VAL467 | ILE559,3.49 | 3.72 | 3.55 | 3.67 | 3.77 | 3.73 | 3.33 | 3.61
minimized_CNP0108955.3_docked_7,VAL604 | VAL418,2.85 | 2.83,VAL606 | GLY558 | VAL608 | THR560 | CYS513 | VAL561 | ALA366 | ALA366,3.73 | 3.78 | 3.85 | 3.54 | 3.51 | 3.60 | 3.55 | 3.80
minimized_CNP0108955.3_docked_8,VAL604 | VAL465,2.99 | 3.01,VAL606 | VAL420 | ALA466 | ALA466 | ALA607 | ALA607 | VAL369 | ARG326 | ILE559,3.71 | 3.77 | 3.88 | 3.83 | 3.59 | 3.57 | 3.50 | 3.75 | 3.63
minimized_CNP0108955.3_docked_9,VAL604 | VAL418 | ARG326,2.80 | 2.99 | 2.87,VAL606 | GLY558 | ARG326 | ARG326 | LYS323 | ALA607 | ALA607 | ARG326 | ARG326 | ALA366 | ILE559,3.67 | 3.76 | 3.74 | 3.50 | 3.86 | 3.71 | 3.88 | 3.88 | 3.67 | 3.71 | 3.84
minimized_CNP0108955.4_docked_1,ALA510 | VAL463 | ILE416 | LEU365 | GLY364 | LEU557 | THR560,3.19 | 2.89 | 2.70 | 3.18 | 2.86 | 3.02 | 3.19,ARG415 | ARG415 | GLY364 | GLY364 | ILE559 | VAL467 | VAL467 | ILE559 | GLY558 | ILE559 | ALA366 | VAL418 | CYS368 | GLY509,3.74 | 3.46 | 3.73 | 3.74 | 3.31 | 3.67 | 3.65 | 3.79 | 3.63 | 3.64 | 3.57 | 3.17 | 3.86 | 3.86
minimized_CNP0108955.4_docked_2,VAL604 | ILE559 | ILE559 | LEU557 | ALA510 | VAL606 | VAL606 | GLY367,3.18 | 3.22 | 3.09 | 3.06 | 3.17 | 2.83 | 3.21 | 3.26,ARG326 | PRO322 | THR560 | CYS513 | CYS513 | VAL561 | ARG326,3.87 | 3.88 | 3.47 | 3.74 | 3.80 | 3.24 | 3.85
minimized_CNP0108955.4_docked_3,LEU365 | VAL463 | ILE416 | VAL606 | GLY367 | THR560,2.91 | 2.83 | 2.82 | 2.88 | 2.85 | 3.06,GLY464 | CYS513 | CYS513 | VAL561 | VAL561 | THR560 | VAL561 | ALA366 | ALA366 | GLY605,3.89 | 3.67 | 3.61 | 3.71 | 3.65 | 3.84 | 3.69 | 3.63 | 3.65 | 3.76
minimized_CNP0108955.4_docked_4,VAL604 | LEU365 | LEU557 | ILE416 | ILE559 | VAL514,2.90 | 3.32 | 2.83 | 2.98 | 3.05 | 3.03,GLY417 | VAL467 | VAL514 | GLY558,3.65 | 3.72 | 3.87 | 3.72
minimized_CNP0108955.4_docked_5,VAL463 | ILE416 | VAL604 | LEU365 | VAL463,2.71 | 2.97 | 2.83 | 2.70 | 2.86,GLY603 | GLY603 | GLY364 | GLY364 | ALA607 | CYS368 | VAL420 | ALA366 | ILE559 | ALA366 | ILE559 | ILE559 | ILE559 | ILE559 | VAL418 | CYS368 | VAL369 | GLY462 | GLY462,3.73 | 3.53 | 3.89 | 3.55 | 3.89 | 3.71 | 3.45 | 3.50 | 3.58 | 3.58 | 3.66 | 2.74 | 3.73 | 3.77 | 3.44 | 3.79 | 3.77 | 3.65 | 3.79
minimized_CNP0108955.4_docked_6,ILE416 | VAL604 | LEU557,3.04 | 2.68 | 2.98,GLY603 | GLY603 | ALA556 | ALA556 | ALA556 | VAL465 | VAL465 | ILE559 | VAL418 | ALA366 | VAL418 | ILE559 | CYS368 | ARG415 | ARG415,3.67 | 3.16 | 3.84 | 3.25 | 3.44 | 3.44 | 3.78 | 3.05 | 3.75 | 3.47 | 3.41 | 3.57 | 3.75 | 3.74 | 3.53
minimized_CNP0108955.4_docked_7,LEU557 | VAL463 | ILE416 | VAL606 | ILE559,2.84 | 3.12 | 2.84 | 3.13 | 3.25,GLY417 | THR560 | CYS513 | CYS513 | VAL561 | GLY558 | ILE559,3.75 | 3.36 | 3.76 | 3.37 | 3.81 | 3.86 | 3.82
minimized_CNP0108955.4_docked_8,VAL604 | LEU365 | VAL606 | VAL604 | LEU557 | ALA510 | VAL606 | GLY367 | GLY367,3.20 | 3.09 | 3.08 | 3.19 | 2.98 | 3.10 | 3.10 | 3.14 | 3.18,ALA466 | CYS368 | VAL420 | CYS368 | VAL420 | GLY605,3.77 | 3.62 | 3.85 | 3.51 | 3.57 | 3.46
minimized_CNP0108955.4_docked_9,VAL606 | GLY367 | VAL512 | VAL512 | VAL465 | ARG326,3.26 | 2.70 | 2.97 | 3.09 | 3.18 | 3.09,VAL608 | VAL608 | ARG326 | PRO322 | PRO322 | VAL418 | ALA366,3.75 | 3.43 | 3.64 | 3.89 | 3.84 | 3.83 | 3.81
minimized_CNP0108955.5_docked_1,VAL604 | ALA510 | LEU365,3.00 | 3.07 | 2.90,ALA556 | GLY509 | GLY509 | VAL418 | VAL418 | ALA366 | VAL369 | GLY417 | ALA366 | VAL606 | VAL465 | GLY603 | GLY603 | ALA556 | ALA556 | ALA556,3.77 | 3.57 | 3.34 | 3.38 | 3.82 | 3.82 | 3.83 | 3.76 | 3.86 | 3.71 | 3.81 | 3.87 | 3.64 | 3.77 | 3.68 | 3.81
minimized_CNP0108955.5_docked_2,LEU557 | ALA510 | GLY509 | VAL463 | ILE416 | VAL604,3.02 | 2.99 | 3.09 | 2.96 | 3.09 | 2.68,GLY462 | GLY462 | VAL418 | VAL608 | GLY417 | GLY417 | ALA366 | ILE559 | ILE559 | ILE559 | ALA556 | GLY509,3.40 | 3.36 | 3.82 | 3.66 | 3.85 | 3.39 | 3.74 | 3.27 | 3.34 | 3.76 | 3.81 | 3.89
minimized_CNP0108955.5_docked_3,LEU557 | ALA510 | GLY509 | VAL463 | ILE416 | LEU365 | THR560,2.92 | 3.34 | 2.98 | 2.87 | 3.00 | 3.26 | 3.34,GLY462 | GLY462 | ALA466 | ALA366 | ILE559 | VAL418 | ALA366 | VAL418 | ILE559 | VAL467 | ALA556 | ALA556 | ALA556 | GLY509 | GLY509,3.35 | 3.42 | 3.88 | 3.33 | 3.31 | 3.17 | 3.83 | 3.60 | 3.44 | 3.78 | 3.83 | 3.61 | 3.55 | 3.80 | 3.74
minimized_CNP0108955.5_docked_4,ILE559 | ILE559 | ILE416 | SER508,3.13 | 3.02 | 2.94 | 3.23,GLY605 | ALA556 | ALA556 | GLY509 | TYR572 | GLY462 | GLY462 | GLY364 | GLY603 | ALA556 | GLY364 | GLY462 | ARG415 | ARG415 | ALA556 | ARG415 | GLY509 | GLY462 | ALA556 | ARG415 | GLY462 | ARG415 | ARG415 | TYR525 | TYR525 | ILE559,3.88 | 3.52 | 3.03 | 3.53 | 3.49 | 3.74 | 3.40 | 3.74 | 2.93 | 3.77 | 3.65 | 3.80 | 3.64 | 3.89 | 3.83 | 3.71 | 3.21 | 3.09 | 3.47 | 3.89 | 3.71 | 3.36 | 3.73 | 3.70 | 3.63 | 3.62
minimized_CNP0108955.5_docked_5,VAL604 | LEU365 | ILE416 | VAL606 | GLY367 | GLY367 | VAL561 | THR560,2.70 | 3.00 | 3.00 | 3.26 | 3.12 | 2.79 | 3.23 | 3.24,GLY417 | CYS513 | CYS513 | VAL561 | VAL561 | VAL561 | VAL514 | ALA366 | ALA366,3.69 | 3.70 | 3.60 | 3.87 | 3.86 | 3.69 | 3.55 | 3.66 | 3.80
minimized_CNP0108955.5_docked_6,ILE416 | ALA510 | VAL604 | LEU557 | VAL512 | VAL369,2.99 | 2.89 | 3.03 | 2.90 | 3.14 | 3.04,ALA466 | ALA466 | VAL420 | VAL420,3.79 | 3.54 | 3.70 | 3.69
minimized_CNP0108955.5_docked_7,VAL512 | VAL512 | LEU557 | VAL463 | ILE416 | ILE559,3.07 | 2.82 | 2.88 | 2.83 | 3.02 | 3.16,GLY417 | ARG470 | GLY419 | VAL467 | ILE559 | ILE559,3.80 | 3.33 | 3.78 | 3.67 | 3.84 | 3.47
minimized_CNP0108955.5_docked_8,VAL604 | LEU365 | LEU557 | VAL606 | ILE559 | VAL561 | THR560,3.29 | 3.05 | 2.85 | 2.83 | 2.91 | 2.96 | 2.70,CYS368 | CYS368 | CYS368 | CYS368,3.51 | 3.79 | 3.74 | 3.60
minimized_CNP0108955.5_docked_9,LEU557 | ILE559 | ILE559 | VAL512 | VAL608,2.90 | 2.92 | 3.23 | 3.15 | 3.16,GLY558 | VAL369 | VAL369 | ILE559 | CYS368 | VAL420 | VAL420 | VAL369 | ILE559,3.67 | 3.57 | 3.80 | 3.64 | 3.74 | 3.57 | 3.60 | 3.88 | 3.85
minimized_CNP0108955.6_docked_1,ALA510 | VAL463 | ILE416 | THR560,2.55 | 2.89 | 2.80 | 3.08,ARG415 | ILE559 | CYS513 | ALA466 | ALA366 | ALA366 | ILE559 | ALA366 | VAL418 | ALA366 | VAL418 | VAL418 | ILE559 | ILE559 | VAL514 | VAL514 | VAL514 | ALA556,3.87 | 3.87 | 3.80 | 3.73 | 3.43 | 3.76 | 3.56 | 3.81 | 3.50 | 3.61 | 3.35 | 3.77 | 3.54 | 3.88 | 3.59 | 3.79 | 3.34 | 3.63
minimized_CNP0108955.6_docked_2,ILE416 | LEU365 | VAL463,2.71 | 2.93 | 3.11,GLY603 | ALA556 | ILE559 | ILE559 | ALA366 | VAL418 | ALA366 | ILE559 | VAL418 | VAL418 | CYS368 | CYS368 | VAL420 | ARG415 | ARG415 | ARG415 | ARG415 | GLY364 | GLY364 | GLY603 | GLY364,3.23 | 3.87 | 3.44 | 2.77 | 3.38 | 3.33 | 3.67 | 3.60 | 3.76 | 3.90 | 3.78 | 3.78 | 3.74 | 3.76 | 3.85 | 3.78 | 3.52 | 3.63 | 3.67 | 3.87 | 3.68
minimized_CNP0108955.6_docked_3,VAL604 | LEU557 | LEU365 | LEU365,2.97 | 2.70 | 3.33 | 2.92,ALA556 | GLY509 | VAL418 | ALA366 | GLY417 | ILE559 | ILE559 | THR560 | GLY603 | ALA556 | ALA556,3.58 | 3.86 | 3.79 | 3.33 | 3.50 | 3.66 | 3.71 | 3.79 | 3.72 | 3.88 | 3.54
minimized_CNP0108955.6_docked_4,VAL604 | LEU557 | ILE416 | VAL606 | ILE559 | ILE559 | VAL514,2.99 | 2.73 | 3.13 | 3.23 | 3.25 | 3.19 | 2.82,ALA366 | CYS513 | CYS513 | VAL514 | VAL514 | LEU468,3.78 | 3.89 | 3.77 | 3.85 | 3.81 | 3.55
minimized_CNP0108955.6_docked_5,VAL604 | LEU557 | VAL463 | ILE416 | VAL606 | VAL604 | VAL561 | THR560,2.80 | 3.06 | 2.79 | 3.00 | 3.06 | 3.24 | 2.79 | 2.85,ILE559 | THR560 | VAL514,3.87 | 3.90 | 3.71
minimized_CNP0108955.6_docked_6,LEU557 | VAL604 | LEU365 | VAL463 | GLY367 | VAL561 | THR560,3.13 | 2.90 | 2.80 | 2.99 | 3.14 | 3.21 | 2.72,CYS368 | CYS368 | CYS368 | ALA366,3.52 | 3.73 | 3.81 | 3.87
minimized_CNP0108955.6_docked_7,VAL512 | VAL512 | LEU557 | VAL463 | ILE559,3.02 | 2.99 | 2.98 | 3.03 | 2.97,GLY417 | ALA466 | VAL467 | GLY419 | VAL418 | VAL418 | CYS368 | CYS368 | VAL420 | ILE559 | ILE559 | GLY464,3.81 | 3.78 | 3.72 | 3.87 | 3.83 | 3.78 | 3.78 | 3.82 | 3.44 | 3.80 | 3.66 | 3.78
minimized_CNP0108955.6_docked_8,VAL369 | VAL420 | VAL418,2.81 | 3.01 | 2.98,VAL420 | ALA466 | ILE559 | ALA366 | ILE559 | LEU557 | ALA556 | ALA556 | VAL420 | VAL420,3.88 | 3.87 | 3.75 | 3.82 | 3.75 | 3.87 | 3.77 | 3.72 | 3.80 | 3.66
minimized_CNP0108955.6_docked_9,LEU557 | VAL604 | LEU365 | VAL463 | GLY367,3.31 | 3.02 | 2.86 | 3.08 | 3.06,VAL561 | ALA607 | ALA607 | ALA607 | ALA366,3.60 | 3.58 | 3.74 | 3.76 | 3.87
minimized_CNP0109837.1_docked_1,VAL604 | GLY364 | SER508 | ARG483,3.08 | 3.09 | 3.26 | 3.16,GLY419 | ARG326 | GLY558 | VAL604 | ARG415 | GLY364 | GLY364 | GLY364 | PHE478 | ILE461 | ILE461 | ARG415 | ARG415 | ALA556 | ALA556 | GLY509 | GLY462 | GLY509 | GLY509 | GLY462 | ILE559,3.79 | 3.88 | 3.76 | 3.88 | 3.76 | 3.70 | 3.77 | 3.42 | 3.65 | 3.76 | 3.44 | 3.15 | 3.63 | 3.62 | 3.87 | 2.60 | 3.39 | 3.76 | 3.60 | 3.27 | 3.82
minimized_CNP0109837.1_docked_2,VAL606 | ILE559 | VAL514,2.14 | 2.78 | 2.65,TYR334 | TYR334 | VAL463 | VAL463 | GLY462 | ALA556 | GLY603 | ALA556 | GLY603 | ALA556 | ARG415 | ALA556 | ALA556 | GLY603 | GLY603 | ALA366 | ALA366 | LEU365,3.89 | 3.77 | 3.41 | 3.80 | 3.75 | 3.07 | 3.53 | 3.67 | 3.74 | 3.80 | 3.87 | 3.57 | 3.60 | 3.84 | 3.72 | 3.57 | 3.71 | 3.67
minimized_CNP0109837.1_docked_3,SER508 | SER508,3.29 | 3.20,GLY603 | GLY364 | GLY603 | GLY603 | TYR525 | TYR525 | GLY509 | ALA556 | ALA556 | GLY509 | GLY509 | GLY462 | GLY462 | ARG415 | GLY509 | ALA556 | ALA556 | ARG415 | ARG415 | ARG415,3.45 | 3.41 | 3.26 | 3.00 | 3.85 | 3.67 | 3.51 | 3.78 | 3.59 | 3.72 | 2.68 | 3.56 | 2.97 | 3.87 | 3.84 | 3.68 | 3.62 | 3.87 | 3.01 | 3.45
minimized_CNP0109837.1_docked_4,VAL465 | VAL465 | VAL418 | ALA510,2.92 | 2.99 | 2.84 | 2.97,THR560 | THR560 | VAL561 | VAL561 | GLY417 | GLY464 | GLY509 | GLY462 | GLY509 | GLY603 | ALA556 | ARG415 | GLY603 | ALA556 | GLY603 | GLY603 | GLY364 | GLY603 | ARG415 | GLY364 | GLY603,3.75 | 3.55 | 3.89 | 3.89 | 3.67 | 3.72 | 3.65 | 3.83 | 3.86 | 3.63 | 3.88 | 3.85 | 3.68 | 2.99 | 3.51 | 2.94 | 3.35 | 3.76 | 3.80 | 3.51 | 3.83
minimized_CNP0109837.1_docked_5,VAL606 | VAL606 | GLY367 | GLY367,2.73 | 2.93 | 2.76 | 2.88,GLY509 | GLY509 | TYR334 | TYR334 | TYR334 | ARG415 | ARG415 | ALA556 | ARG415 | ARG415 | GLY364 | ALA556 | ALA556 | ARG415 | GLY364 | ALA556 | GLY603 | GLY364 | GLY364 | ILE416,3.58 | 3.24 | 3.54 | 3.63 | 3.79 | 3.86 | 3.80 | 3.40 | 3.44 | 3.05 | 3.89 | 3.11 | 3.73 | 3.45 | 3.45 | 3.56 | 3.55 | 3.86 | 3.21 | 3.32
minimized_CNP0109837.1_docked_6,VAL512,3.03,GLY462 | GLY462 | ARG415 | ARG415 | GLY509 | GLY462 | GLY462 | ARG415 | ALA556 | ALA556 | GLY509 | GLY603 | ALA556 | ALA556 | ALA556 | ILE559 | VAL514 | VAL514 | GLY364 | GLY364 | GLY417 | ALA366,3.68 | 3.35 | 3.77 | 3.89 | 3.58 | 3.38 | 2.89 | 3.70 | 3.45 | 3.48 | 3.74 | 3.26 | 2.97 | 3.72 | 3.86 | 3.40 | 3.89 | 3.46 | 3.22 | 3.28 | 3.85 | 3.57
minimized_CNP0109837.1_docked_7,VAL463 | ILE416 | ARG415,2.83 | 2.90 | 3.01,VAL420 | VAL420 | ILE559 | ILE559 | ILE559 | ILE559 | ILE559 | GLY462 | GLY462 | ARG415 | ARG415 | GLY509 | GLY462 | GLY462 | TYR572 | ARG415 | GLY462 | ALA556 | GLY603 | ALA556 | ALA556 | ALA556 | ALA556 | ALA366 | ALA366,3.81 | 3.85 | 2.83 | 3.88 | 3.44 | 3.78 | 3.46 | 3.82 | 3.51 | 3.48 | 3.69 | 3.85 | 3.46 | 3.09 | 3.88 | 3.65 | 3.88 | 3.78 | 3.51 | 3.46 | 2.91 | 3.70 | 3.87 | 2.75 | 3.22
minimized_CNP0109837.1_docked_8,VAL606,2.88,VAL369 | THR560 | ILE559 | GLY462 | GLY603 | GLY364 | GLY417 | ILE559,3.85 | 3.70 | 3.83 | 3.79 | 3.79 | 3.69 | 3.53 | 3.78
minimized_CNP0109837.1_docked_9,VAL561 | THR560 | GLY367 | GLY367,3.05 | 2.99 | 2.77 | 2.97,VAL467 | VAL467 | GLY462 | GLY462 | ALA466 | ALA466,3.43 | 3.60 | 3.74 | 3.75 | 3.87 | 3.74
minimized_CNP0109945.1_docked_1,ARG326 | ARG326 | VAL561 | THR560,3.00 | 2.97 | 3.35 | 3.06,ALA556 | GLY464 | ILE559 | HIS562 | VAL561 | VAL369 | VAL369 | VAL369,3.59 | 3.65 | 3.79 | 3.89 | 3.88 | 3.87 | 3.78 | 3.36
minimized_CNP0109945.1_docked_2,ARG470 | VAL561 | VAL514,3.08 | 3.33 | 3.06,GLY605 | ALA366 | ALA366 | LEU468 | VAL467 | ILE559 | THR560 | VAL514 | VAL514,3.67 | 3.72 | 3.50 | 3.81 | 3.70 | 3.61 | 3.84 | 3.74 | 3.65
minimized_CNP0109945.1_docked_3,LEU557 | ALA510 | VAL606 | ILE559 | ARG326 | VAL467 | VAL467 | THR560,3.23 | 3.07 | 2.71 | 2.87 | 3.18 | 2.69 | 3.07 | 2.91,GLY462 | GLY462 | GLY558 | GLY558 | ILE559 | ALA366 | ALA366 | ALA366,3.86 | 3.83 | 3.76 | 3.28 | 3.89 | 3.29 | 3.33 | 3.75
minimized_CNP0109945.1_docked_4,GLY509 | ILE559 | GLN563 | VAL420 | THR560,3.13 | 2.96 | 3.27 | 3.10 | 2.94,GLY558 | ILE559 | ALA366 | ALA366 | VAL561 | VAL561 | VAL418 | VAL420,3.75 | 3.38 | 3.76 | 3.86 | 3.58 | 3.79 | 3.77 | 3.88
minimized_CNP0109945.1_docked_5,ILE416 | VAL512 | VAL465 | GLY564 | THR560,3.23 | 2.85 | 3.26 | 3.19 | 2.89,GLY509 | VAL465 | GLY417 | ILE559 | ILE559 | VAL608,3.76 | 3.88 | 3.36 | 3.76 | 3.42 | 3.76
minimized_CNP0109945.1_docked_6,ILE416 | VAL418 | VAL608 | THR560,3.23 | 2.72 | 3.01 | 2.84,GLY509 | GLY417 | ALA366 | ILE559 | ILE559 | VAL420 | VAL420 | VAL420 | VAL420 | VAL420,3.74 | 3.55 | 3.84 | 3.83 | 3.58 | 3.63 | 3.48 | 3.88 | 3.90 | 3.85
minimized_CNP0109945.1_docked_7,VAL561 | THR560,3.03 | 2.84,GLY509 | GLY462 | GLY417 | ALA366 | ALA366 | ILE559 | ILE559 | VAL369 | VAL369 | VAL420 | ILE559 | THR560,3.83 | 3.77 | 3.36 | 3.72 | 3.63 | 3.76 | 3.08 | 3.64 | 3.86 | 3.83 | 3.61 | 3.75
minimized_CNP0109945.1_docked_8,VAL512 | VAL465 | VAL465 | TYR525,2.96 | 2.77 | 3.05 | 2.93,GLY464 | GLY509 | GLY509 | VAL463 | GLY462 | ILE416 | ARG415 | GLY462 | ARG415 | ARG415 | ARG415 | GLY509 | GLY462 | TYR572 | TYR572 | ALA556 | ARG415 | GLY364 | GLY603 | ARG415 | GLY364 | ALA556 | ALA556 | TYR334,3.89 | 3.57 | 3.46 | 3.80 | 3.80 | 3.74 | 3.74 | 3.66 | 3.75 | 3.49 | 3.39 | 3.88 | 3.47 | 3.89 | 3.77 | 3.74 | 3.73 | 3.83 | 3.64 | 3.74 | 3.65 | 3.71 | 3.56 | 3.83
minimized_CNP0109945.1_docked_9,LEU365 | GLY367 | ARG326 | VAL561,3.06 | 3.27 | 2.83 | 3.28,VAL418 | ALA366 | ILE559 | ILE559 | VAL369 | VAL369 | VAL369,3.51 | 3.35 | 3.58 | 3.63 | 3.30 | 3.46 | 3.90
minimized_CNP0109978.3_docked_1,LEU557 | ALA510 | GLY509 | VAL463 | VAL604 | VAL369,2.78 | 3.10 | 3.08 | 2.78 | 2.77 | 2.91,ALA556 | GLY603 | THR560 | CYS513 | ALA466 | ALA466 | CYS368 | CYS368 | VAL420 | VAL420 | VAL606 | ILE559 | GLY509 | ALA556 | GLY509 | GLY509,3.70 | 3.89 | 3.83 | 3.63 | 3.58 | 3.89 | 3.82 | 3.87 | 3.49 | 3.56 | 3.79 | 3.54 | 3.84 | 3.64 | 3.80 | 3.87
minimized_CNP0109978.3_docked_2,LEU557 | ALA510 | VAL463 | VAL604,2.90 | 2.78 | 2.69 | 3.18,ARG415 | GLY603 | GLY564 | LEU515 | GLY419 | VAL418 | VAL418 | CYS368 | CYS368 | VAL514 | CYS513 | VAL561,3.76 | 3.70 | 3.63 | 3.70 | 3.74 | 3.77 | 3.74 | 3.59 | 3.89 | 3.71 | 3.88 | 3.78
minimized_CNP0109978.3_docked_3,VAL512 | VAL512 | VAL463 | ILE416 | ILE416 | LEU365 | VAL465 | VAL465 | VAL418 | VAL418 | VAL606 | ILE559,3.33 | 2.81 | 2.98 | 3.23 | 2.92 | 2.80 | 3.05 | 3.24 | 2.92 | 2.94 | 2.90 | 2.72,GLN563 | GLN563 | PRO322 | PRO322 | VAL561 | GLY464,3.86 | 3.55 | 3.73 | 3.79 | 3.52 | 3.58
minimized_CNP0109978.3_docked_4,LEU557 | ALA510 | VAL463 | ILE416 | LEU365 | GLY364 | VAL465 | VAL463 | VAL606 | VAL606 | GLY367,3.00 | 2.87 | 2.86 | 2.76 | 3.27 | 2.90 | 3.21 | 3.15 | 3.24 | 2.92 | 3.31,ARG415 | ASP422 | CYS513 | CYS513 | ALA466 | VAL467 | VAL467 | VAL420 | VAL420 | VAL420 | VAL606,3.71 | 3.80 | 3.75 | 3.40 | 3.49 | 3.47 | 3.88 | 3.42 | 3.64 | 3.85 | 3.63
minimized_CNP0109978.3_docked_5,VAL512 | ALA510 | VAL463 | ILE416 | ILE416 | LEU365 | VAL465 | VAL465 | VAL418 | VAL418 | VAL606 | ILE559,2.91 | 3.19 | 3.19 | 3.09 | 3.02 | 2.74 | 2.90 | 3.06 | 3.13 | 3.23 | 2.69 | 2.95,ASP422 | VAL420 | VAL420 | THR560 | THR560 | GLY464,3.75 | 3.41 | 3.76 | 3.83 | 3.73 | 3.63
minimized_CNP0109978.3_docked_6,ALA510 | VAL463 | ILE416 | ILE416 | GLY364 | VAL465 | ILE559 | ILE559 | ARG326 | ARG326,2.80 | 2.70 | 3.22 | 2.81 | 3.35 | 3.33 | 2.90 | 3.22 | 2.82 | 3.00,GLY372 | VAL420 | GLY419 | GLY419 | VAL420 | CYS368 | CYS368 | VAL369 | ILE559 | ILE559,3.77 | 3.85 | 3.62 | 3.33 | 3.88 | 3.73 | 3.81 | 3.66 | 3.82 | 3.71
minimized_CNP0109978.3_docked_7,LEU365 | VAL604 | LEU557 | LEU557 | LEU557 | ALA510 | GLY509 | VAL606 | ILE559 | ILE559 | GLY367,3.27 | 2.78 | 2.70 | 2.80 | 3.13 | 3.20 | 2.82 | 3.25 | 3.20 | 3.16 | 3.21,VAL514 | VAL514 | ALA466 | VAL467 | ALA466 | VAL420 | VAL420 | VAL467 | VAL420,3.84 | 3.76 | 3.90 | 3.89 | 3.82 | 3.75 | 3.37 | 3.83 | 3.48
minimized_CNP0109978.3_docked_8,GLN563 | VAL608 | ARG326 | VAL608 | VAL606,3.04 | 2.68 | 2.84 | 3.22 | 3.24,VAL608 | VAL608 | VAL608 | VAL467 | VAL514 | VAL514 | CYS513 | CYS513 | CYS368 | ALA366 | ALA366 | VAL418 | ILE559 | ILE559 | ARG326,3.83 | 3.84 | 3.69 | 3.75 | 3.74 | 3.66 | 3.45 | 3.54 | 3.81 | 3.60 | 3.53 | 3.86 | 3.77 | 3.78 | 3.86
minimized_CNP0109978.3_docked_9,LEU557 | ALA510 | VAL463 | ILE416 | LEU365 | VAL512 | VAL512 | VAL465 | VAL465 | GLY367,2.97 | 3.33 | 3.15 | 2.70 | 3.14 | 2.86 | 3.07 | 3.27 | 2.99 | 2.85,ARG470 | ASN469 | ASN469 | VAL467 | VAL467 | VAL467 | VAL467 | GLY367 | GLY464 | GLY464 | ILE559,3.65 | 3.84 | 3.69 | 3.79 | 3.54 | 3.49 | 3.75 | 3.90 | 3.87 | 3.85 | 3.58
minimized_CNP0110279.1_docked_1,LEU557 | ALA510 | GLY509 | ALA510 | ILE416 | LEU365 | GLY367 | GLY367 | VAL418 | ILE559,2.97 | 3.33 | 3.04 | 2.53 | 3.10 | 3.08 | 3.07 | 2.96 | 3.20 | 3.21,GLY509 | GLY462 | ARG415 | ARG415 | ARG415 | GLY364 | GLY364 | GLY462 | ARG415 | ARG415 | ARG415 | GLY364 | THR560 | CYS513 | VAL561 | VAL561 | CYS513 | VAL514 | VAL514 | VAL514 | VAL514 | LEU468 | ILE559 | GLY603 | LEU557 | ALA556 | ALA556,3.14 | 3.63 | 3.82 | 3.76 | 3.65 | 3.73 | 3.08 | 3.47 | 3.90 | 3.65 | 3.36 | 3.85 | 3.87 | 3.69 | 3.69 | 3.86 | 3.86 | 3.85 | 3.70 | 3.45 | 3.86 | 3.87 | 3.76 | 3.60 | 3.73 | 3.42 | 3.75
minimized_CNP0110279.1_docked_2,LEU557 | ALA510 | GLY509 | ALA510 | ILE416 | LEU365 | VAL418 | VAL418 | VAL512 | VAL465 | VAL465,2.93 | 3.34 | 3.14 | 2.58 | 3.11 | 3.06 | 3.29 | 3.13 | 2.82 | 2.90 | 2.85,GLY509 | GLY462 | ARG415 | ARG415 | ARG415 | GLY364 | GLY364 | GLY462 | ARG415 | ARG415 | GLY364 | GLY364 | ILE559 | VAL512 | ARG326 | PRO322 | PRO322 | ALA607 | ALA607 | VAL561 | VAL608 | ARG326 | ALA366 | ILE559 | GLY603 | LEU557 | ALA556 | ALA556,3.09 | 3.65 | 3.88 | 3.80 | 3.68 | 3.73 | 3.08 | 3.50 | 3.66 | 3.36 | 3.88 | 3.83 | 3.87 | 3.86 | 3.76 | 3.71 | 3.69 | 3.56 | 3.53 | 3.44 | 3.81 | 3.75 | 3.38 | 3.87 | 3.64 | 3.74 | 3.54 | 3.89
minimized_CNP0110279.1_docked_3,VAL514 | GLN563 | HIS562 | GLN563 | VAL608 | THR560,3.08 | 3.03 | 3.08 | 3.00 | 3.13 | 2.88,ILE559 | ALA510 | GLY509 | GLY509 | VAL463 | GLY462 | GLY603 | ARG415 | GLY364 | VAL418 | GLY367 | VAL418 | ALA366 | ILE559 | VAL512 | GLY464 | ALA366 | GLY462 | ALA556 | ALA556 | ARG415 | ARG415 | ARG415 | GLY364,3.50 | 3.83 | 3.66 | 3.61 | 3.62 | 3.81 | 3.52 | 3.80 | 3.10 | 3.47 | 3.89 | 3.76 | 3.21 | 3.74 | 3.88 | 3.47 | 3.74 | 3.69 | 3.35 | 3.24 | 3.68 | 3.77 | 3.32 | 3.82
minimized_CNP0110279.1_docked_4,VAL608 | VAL608 | VAL369 | VAL369 | VAL369 | VAL369 | VAL420,3.20 | 3.02 | 2.81 | 2.76 | 2.91 | 3.06 | 3.27,VAL420 | ALA466 | GLY419 | ILE559 | GLY511 | ALA556 | ALA556 | GLY509 | GLY462 | ARG415 | ARG415 | ARG415 | ARG415 | TYR334 | ILE559 | VAL512 | ILE559 | GLY464 | GLY603 | GLY603 | GLY603 | GLY364 | ARG415 | ALA556 | ARG415 | ARG415 | ARG415 | ARG415 | GLY364 | ALA556 | ARG415 | GLY364 | GLY603 | ILE559,3.43 | 3.53 | 3.51 | 3.45 | 3.13 | 3.71 | 3.16 | 3.88 | 3.02 | 3.54 | 3.11 | 3.12 | 3.85 | 3.72 | 3.82 | 3.87 | 3.36 | 3.86 | 3.68 | 3.54 | 3.66 | 3.46 | 3.84 | 3.72 | 3.73 | 3.31 | 2.57 | 3.66 | 3.50 | 3.39 | 3.63 | 3.36 | 3.64 | 3.88
minimized_CNP0110279.1_docked_5,VAL606 | GLY367 | VAL606 | VAL606 | VAL606 | GLY367 | GLY367 | VAL467 | VAL467 | VAL561 | THR560,2.61 | 2.64 | 3.08 | 2.71 | 3.24 | 2.69 | 3.16 | 3.04 | 2.95 | 2.80 | 2.97,GLY464 | VAL514 | VAL514 | CYS513 | CYS513 | ALA466 | ALA466 | VAL561 | GLN563 | GLY564 | GLN563 | GLN563 | GLN563 | PRO322 | PRO322 | VAL561 | VAL561 | VAL561 | GLY419,3.84 | 3.67 | 3.62 | 3.84 | 3.74 | 3.22 | 3.90 | 3.52 | 3.86 | 3.51 | 3.71 | 3.75 | 3.77 | 3.88 | 3.70 | 3.78 | 3.76 | 3.75 | 3.58
minimized_CNP0110279.1_docked_6,LEU557 | ALA510 | VAL604 | VAL604 | LEU365,2.78 | 3.17 | 2.70 | 3.27 | 2.86,GLY509 | GLY509 | VAL463 | GLY462 | VAL418 | VAL418 | VAL420 | VAL420 | ASP422 | ASP422 | ILE559 | ILE559 | VAL606 | VAL606 | GLY605 | GLY558 | ILE559,3.80 | 3.46 | 3.81 | 3.48 | 3.54 | 3.87 | 3.76 | 3.81 | 3.77 | 3.86 | 3.58 | 3.58 | 3.87 | 3.77 | 3.85 | 3.46 | 3.83
minimized_CNP0110279.1_docked_7,LEU557 | VAL512 | VAL604 | LEU365,3.02 | 3.12 | 2.70 | 3.05,GLY509 | GLY509 | VAL463 | GLY462 | VAL418 | VAL467 | VAL467 | ARG470 | VAL467 | VAL467 | ARG470 | ILE559 | ILE559 | VAL606 | GLY605 | GLY558 | ILE559,3.78 | 3.56 | 3.69 | 3.60 | 3.60 | 3.84 | 3.87 | 3.54 | 3.62 | 3.68 | 3.81 | 3.48 | 3.46 | 3.82 | 3.87 | 3.67 | 3.80
minimized_CNP0110279.1_docked_8,LEU557 | VAL512 | ALA510 | VAL604 | LEU557 | VAL604 | LEU365,2.79 | 3.31 | 3.28 | 2.68 | 3.33 | 3.15 | 2.94,GLY509 | VAL463 | GLY462 | VAL418 | VAL418 | ASP422 | ASP422 | VAL467 | VAL467 | VAL420 | ASP422 | ASP422 | ARG470 | ILE559 | ILE559 | VAL606 | VAL606 | GLY605 | GLY558 | GLY558 | ILE559,3.58 | 3.76 | 3.50 | 3.38 | 3.69 | 3.90 | 3.69 | 3.86 | 3.86 | 3.81 | 3.74 | 3.39 | 3.32 | 3.49 | 3.51 | 3.76 | 3.70 | 3.87 | 3.89 | 3.32 | 3.80
minimized_CNP0110279.1_docked_9,HIS516 | HIS516 | HIS516 | GLN563,3.13 | 3.06 | 2.95 | 2.81,VAL561 | VAL514 | VAL514 | CYS368 | VAL606 | GLY558 | ALA466 | ALA466 | ALA466 | ALA466 | VAL465 | VAL606 | ILE559 | ILE559,3.62 | 3.50 | 3.52 | 3.71 | 3.73 | 3.69 | 3.61 | 3.40 | 3.52 | 3.48 | 3.89 | 3.83 | 3.74 | 3.75
minimized_CNP0110279.3_docked_1,HIS516 | VAL514 | GLN563 | HIS562 | VAL561 | VAL467,3.08 | 2.88 | 2.92 | 3.17 | 3.14 | 3.07,PRO322 | ILE559 | GLY511 | ARG415 | VAL418 | VAL418 | ILE559 | ILE559 | VAL418 | ALA366 | ALA366 | ILE416,3.68 | 3.82 | 3.60 | 3.84 | 3.71 | 3.78 | 3.82 | 3.07 | 3.69 | 3.49 | 3.84 | 3.66
minimized_CNP0110279.3_docked_2,GLN563 | HIS562 | GLY564 | GLN563 | VAL467 | VAL467,3.02 | 2.89 | 3.30 | 2.83 | 2.89 | 2.70,ARG326 | ILE559 | ILE559 | GLY464 | VAL463 | ALA556 | ARG415 | VAL418 | GLY367 | VAL418 | ALA366 | ILE559 | VAL512 | GLY464 | ALA366 | ALA366 | ALA556 | ARG415 | ARG415 | ALA556 | ALA556 | VAL561 | VAL561,3.82 | 3.72 | 3.85 | 3.85 | 3.69 | 3.82 | 3.85 | 3.68 | 3.87 | 3.69 | 3.65 | 3.58 | 3.86 | 3.88 | 3.41 | 3.59 | 3.88 | 3.90 | 3.50 | 3.70 | 3.34 | 3.76 | 3.72
minimized_CNP0110279.3_docked_3,GLY371 | VAL608 | VAL608 | VAL369 | VAL369 | ARG326,3.32 | 3.21 | 3.01 | 3.25 | 2.98 | 3.00,VAL369 | VAL369 | ILE559 | GLY419 | GLY419 | VAL418 | CYS368 | VAL512 | VAL418 | ALA366 | VAL467 | VAL370 | VAL370,3.66 | 3.41 | 3.89 | 3.78 | 3.82 | 3.78 | 3.88 | 3.76 | 3.50 | 3.78 | 3.55 | 3.63 | 3.61
minimized_CNP0110279.3_docked_4,GLY371 | ASP422 | VAL608 | ARG326 | VAL608 | LEU557,2.80 | 2.85 | 3.04 | 2.97 | 3.07 | 3.22,ALA366 | GLY509 | GLY509 | GLY462 | GLY462 | CYS513 | ILE559 | CYS513 | GLY367 | ILE559 | ILE559 | ILE559 | VAL369,3.74 | 3.85 | 3.10 | 3.81 | 3.69 | 3.75 | 3.54 | 3.89 | 3.83 | 3.55 | 3.18 | 3.73 | 3.84
minimized_CNP0110279.3_docked_5,GLY564 | GLN563 | HIS562 | VAL514,3.19 | 2.97 | 3.15 | 2.91,PRO322 | VAL514 | CYS368 | VAL418 | ALA366 | GLY605 | GLY558 | ALA466 | ALA466 | ALA466 | ALA466 | ILE559 | ILE559 | VAL561 | VAL561 | VAL561,3.69 | 3.55 | 3.83 | 3.84 | 3.87 | 3.89 | 3.84 | 3.61 | 3.60 | 3.52 | 3.59 | 3.78 | 3.75 | 3.70 | 3.64 | 3.78
minimized_CNP0110279.3_docked_6,VAL420 | VAL420 | THR560,2.95 | 3.23 | 3.20,VAL467 | ILE559 | GLY462 | GLY462 | ARG415 | ARG415 | ARG415 | ALA556 | GLY417 | ALA556 | ALA556 | GLY509 | GLY603 | ALA556 | GLY509 | GLY462 | ALA556 | ARG415 | ARG415 | VAL514,3.80 | 3.32 | 3.72 | 3.28 | 3.71 | 3.06 | 3.28 | 3.31 | 3.79 | 3.67 | 3.51 | 3.23 | 3.84 | 3.61 | 3.76 | 3.79 | 3.89 | 3.71 | 3.50 | 3.73
minimized_CNP0110279.3_docked_7,ARG326 | ARG326 | HIS516 | VAL514 | GLY564,3.08 | 2.99 | 3.16 | 3.12 | 3.06,VAL561 | ILE559 | GLY511 | CYS368 | VAL418 | VAL418 | CYS368 | VAL418 | ALA366 | ALA366 | VAL608,3.57 | 3.71 | 3.86 | 3.56 | 3.57 | 3.79 | 3.66 | 3.52 | 3.68 | 3.71 | 3.60
minimized_CNP0110279.3_docked_8,HIS516 | HIS516 | HIS516 | GLY564,2.80 | 3.02 | 3.01 | 3.20,VAL561 | VAL561 | VAL561 | VAL561 | ILE559 | GLY511 | CYS368 | VAL418 | VAL418 | ILE559 | VAL418 | ALA366 | ALA366 | VAL514,3.76 | 3.48 | 3.54 | 3.87 | 3.35 | 3.64 | 3.83 | 3.81 | 3.90 | 3.45 | 3.54 | 3.71 | 3.87 | 3.77
minimized_CNP0110279.3_docked_9,GLY423 | ASP422 | VAL420 | ASN469 | VAL369,2.91 | 2.91 | 3.05 | 2.97 | 3.13,ARG470 | ARG470 | ALA366 | ALA366 | LEU365 | GLY509 | GLY509 | GLY462 | GLY462 | CYS513 | ILE559 | ALA366 | ILE559 | ILE559 | ILE559 | VAL420,3.72 | 3.84 | 3.88 | 3.64 | 3.71 | 3.68 | 2.85 | 3.80 | 3.64 | 3.85 | 3.28 | 3.86 | 3.58 | 3.12 | 3.88 | 3.56
minimized_CNP0110784.1_docked_1,VAL465 | VAL418 | VAL418 | ILE416 | VAL369 | ALA510 | VAL604 | LEU557 | VAL463,2.95 | 2.95 | 3.21 | 3.14 | 3.12 | 3.29 | 2.87 | 2.93 | 2.92,VAL369 | VAL369 | VAL369 | VAL369 | VAL369 | VAL420 | CYS368 | GLY419 | GLY603 | GLY603 | ALA556 | ALA556 | ALA366,3.82 | 3.49 | 3.77 | 3.53 | 3.75 | 3.62 | 3.54 | 3.67 | 3.76 | 3.33 | 3.61 | 3.72 | 3.71
minimized_CNP0110784.1_docked_2,VAL606 | VAL606 | GLY367 | GLY367 | VAL604 | VAL463 | VAL604 | LEU557 | VAL463 | ILE416,2.75 | 3.06 | 2.92 | 3.18 | 2.89 | 3.12 | 2.68 | 2.87 | 2.39 | 2.92,VAL561 | VAL561 | VAL514 | VAL514 | VAL514 | VAL418 | CYS368 | GLY603 | GLY603 | ALA556 | ALA556 | ALA366 | ILE559,3.43 | 3.90 | 3.79 | 3.25 | 3.85 | 3.59 | 3.53 | 3.88 | 3.45 | 3.41 | 3.60 | 3.82 | 3.66
minimized_CNP0110784.1_docked_3,VAL606 | VAL606 | ILE559 | LEU557 | ASN469 | VAL463 | VAL604 | LEU557 | VAL463 | ILE416,2.89 | 2.97 | 3.01 | 3.32 | 2.98 | 2.99 | 2.70 | 2.96 | 2.59 | 3.17,LEU468 | VAL514 | VAL514 | VAL514 | CYS513 | CYS513 | ALA466 | ALA466 | GLY419 | GLY603 | GLY603 | ALA556 | ALA556 | ILE559,3.76 | 3.84 | 3.54 | 3.05 | 3.63 | 3.35 | 3.66 | 3.82 | 3.89 | 3.87 | 3.42 | 3.43 | 3.59 | 3.86
minimized_CNP0110784.1_docked_4,VAL465 | VAL465 | VAL418 | VAL418 | ILE416 | VAL561 | VAL604 | VAL463 | ILE416 | VAL604 | LEU557,3.02 | 3.23 | 2.96 | 3.02 | 3.15 | 3.12 | 2.69 | 2.87 | 3.05 | 3.00 | 2.77,VAL369 | VAL369 | VAL369 | VAL369 | GLY462 | GLY462,3.81 | 3.84 | 3.45 | 3.75 | 3.30 | 3.48
minimized_CNP0110784.1_docked_5,VAL465 | VAL418 | ALA510 | GLY462 | VAL561 | VAL514 | VAL514,2.75 | 2.69 | 2.74 | 3.25 | 2.87 | 2.72 | 3.09,ALA556 | ALA556 | GLY509 | GLY462 | ALA556 | GLY509 | GLY509 | ILE559 | GLY462 | GLY462 | GLY462 | GLY462 | ARG415 | ARG415 | ILE416 | ARG415 | VAL463 | ALA366 | LEU365 | GLY605 | ALA366 | ALA366 | VAL561 | THR560 | ILE559 | ILE559 | CYS513,3.19 | 3.45 | 3.35 | 3.81 | 3.63 | 3.80 | 3.79 | 3.39 | 3.69 | 3.40 | 3.86 | 3.49 | 3.20 | 3.44 | 3.65 | 3.83 | 3.77 | 3.79 | 3.81 | 3.66 | 3.63 | 3.68 | 3.76 | 3.64 | 3.59 | 3.69 | 3.57
minimized_CNP0110784.1_docked_6,VAL512 | VAL465 | VAL465 | VAL463 | VAL420 | LEU557 | LEU557 | ALA510,2.63 | 3.03 | 3.33 | 3.32 | 2.91 | 3.06 | 3.22 | 3.22,VAL420 | VAL420 | CYS513 | ALA466 | VAL420 | VAL420 | VAL420 | GLY419 | ALA466 | CYS513 | CYS513 | GLY364 | GLY364 | ALA366 | VAL418 | ALA366 | ALA366,3.38 | 3.75 | 3.79 | 3.60 | 3.88 | 3.72 | 3.50 | 3.77 | 3.36 | 3.45 | 3.85 | 3.69 | 3.65 | 3.75 | 3.28 | 3.12 | 3.89
minimized_CNP0110784.1_docked_7,VAL465 | VAL418 | LEU365 | ILE416 | VAL606 | ILE559 | ILE559 | VAL465 | VAL418 | VAL418,2.84 | 2.86 | 3.22 | 3.07 | 3.33 | 2.87 | 3.26 | 3.05 | 2.89 | 3.05,PRO322 | PRO322 | ARG326 | PRO322 | VAL561 | VAL561 | VAL561 | VAL561 | CYS513 | GLY605 | ALA366,3.70 | 3.69 | 3.47 | 3.67 | 3.84 | 3.58 | 3.71 | 3.87 | 3.73 | 3.78 | 3.66
minimized_CNP0110784.1_docked_8,VAL465 | VAL418 | VAL418 | ILE416 | VAL369 | ALA510 | VAL604 | LEU557 | VAL463,2.84 | 2.91 | 3.28 | 3.13 | 2.95 | 3.20 | 2.92 | 2.96 | 2.86,VAL420 | VAL420 | GLY603 | GLY603 | ALA556 | ALA556 | ALA366 | GLY605,3.77 | 3.52 | 3.81 | 3.35 | 3.60 | 3.68 | 3.69 | 3.87
minimized_CNP0110784.1_docked_9,THR560 | ILE559 | GLY423 | ALA510 | VAL606 | VAL606 | GLY367 | GLY367,3.12 | 2.71 | 3.09 | 3.02 | 2.84 | 2.91 | 2.99 | 3.01,ARG470 | ARG470 | ARG470 | VAL467 | ILE421 | VAL467 | VAL420 | VAL420 | VAL420 | VAL420 | GLY464 | ILE559 | ALA466,3.52 | 3.73 | 3.76 | 3.74 | 3.86 | 3.41 | 3.67 | 3.46 | 3.89 | 3.57 | 3.79 | 3.85 | 3.66
minimized_CNP0111592.1_docked_1,SER555 | SER508 | VAL512 | VAL465 | VAL465 | GLY367 | GLY367 | GLY367,2.98 | 3.02 | 2.92 | 2.60 | 2.86 | 3.12 | 3.05 | 3.14,ARG415 | ALA556 | GLY603 | GLY603 | ALA556 | ALA556 | GLY509 | ARG415 | ARG415 | ARG415 | GLY364 | ARG415 | ALA556 | GLY509 | ALA510 | ALA366 | ALA366 | GLY511 | ILE559 | ARG415,3.85 | 3.80 | 3.69 | 3.52 | 3.40 | 3.24 | 3.82 | 3.53 | 3.70 | 3.48 | 3.55 | 3.76 | 3.56 | 3.75 | 3.80 | 3.56 | 3.89 | 3.87 | 3.86 | 3.81
minimized_CNP0111592.1_docked_2,SER555 | ARG415 | ILE559 | ILE559 | VAL465 | VAL465 | VAL512 | VAL465,3.18 | 3.09 | 2.99 | 2.80 | 2.98 | 2.93 | 3.18 | 2.80,ALA556 | THR560 | CYS513 | GLY462 | ARG415 | ARG415 | ALA366 | GLY509 | GLY462 | GLY509 | GLY509 | GLY462 | GLY603 | GLY364 | ALA556 | ALA556,3.54 | 3.78 | 3.81 | 3.75 | 3.42 | 3.62 | 3.64 | 3.23 | 3.34 | 3.87 | 3.13 | 3.81 | 3.83 | 3.72 | 3.52 | 3.89
minimized_CNP0111592.1_docked_3,SER602 | VAL465 | VAL418 | VAL418 | VAL606 | VAL606 | GLY367 | GLY367 | GLY367,3.21 | 3.10 | 2.99 | 2.99 | 2.91 | 3.06 | 2.94 | 3.03 | 3.22,GLY603 | TYR334 | ARG415 | GLY603 | ARG415 | ARG415 | ARG415 | ARG415 | LEU557 | ALA556 | ALA556 | ILE559 | ALA556 | ALA556 | GLY509 | GLY603 | GLY364 | GLY603 | GLY364 | GLY509 | GLY509 | ALA366 | ALA366 | GLY464,3.82 | 3.66 | 3.59 | 3.75 | 3.54 | 3.81 | 3.68 | 3.32 | 3.73 | 3.45 | 3.69 | 3.82 | 3.72 | 3.51 | 3.72 | 3.15 | 3.60 | 3.78 | 3.74 | 3.75 | 3.66 | 3.87 | 3.76 | 3.52
minimized_CNP0111592.1_docked_4,LEU557 | VAL604 | LEU365 | VAL463 | GLY367 | GLY367 | VAL608 | ARG326 | GLN563,3.24 | 2.98 | 2.83 | 3.05 | 3.15 | 3.06 | 2.72 | 2.80 | 3.32,ALA366 | HIS562 | VAL561 | VAL561,3.87 | 3.88 | 3.80 | 3.73
minimized_CNP0111592.1_docked_5,VAL604 | LEU365 | LEU557 | VAL606 | ILE559 | VAL463 | VAL608 | VAL608 | ARG326,3.24 | 2.75 | 3.06 | 3.34 | 3.15 | 3.22 | 2.89 | 3.07 | 3.11,GLY558 | GLY558 | VAL561 | VAL561 | VAL418 | ILE559 | ILE559 | CYS368,3.87 | 3.48 | 3.79 | 3.53 | 3.81 | 3.89 | 3.79 | 3.86
minimized_CNP0111592.1_docked_6,VAL608 | VAL369 | VAL606 | VAL604 | VAL463 | ILE416,2.80 | 3.04 | 3.34 | 2.84 | 3.32 | 2.86,VAL369 | GLY364 | GLY364 | GLY462 | ALA556 | ALA556 | ALA556 | GLY509 | CYS368 | VAL418 | VAL418 | VAL418 | ALA366 | ILE559,3.74 | 3.89 | 3.84 | 3.79 | 3.69 | 3.57 | 2.97 | 3.74 | 3.58 | 3.56 | 3.75 | 3.83 | 3.80 | 3.74
minimized_CNP0111592.1_docked_7,LEU557 | VAL604 | LEU365 | ILE416 | VAL606 | VAL606 | GLY367 | GLY367 | ARG326,3.31 | 2.72 | 2.78 | 3.08 | 3.33 | 3.20 | 3.17 | 2.97 | 2.97,ALA366 | VAL561 | VAL561 | VAL561 | VAL561,3.83 | 3.57 | 3.80 | 3.34 | 3.77
minimized_CNP0111592.1_docked_8,ILE416 | ALA510 | LEU557 | VAL512 | VAL512 | VAL420,3.09 | 2.85 | 3.20 | 2.88 | 3.09 | 3.25,GLY464 | VAL420 | VAL420 | VAL370 | VAL369 | VAL369 | VAL420 | VAL420,3.75 | 3.59 | 3.89 | 3.84 | 3.66 | 3.87 | 3.59 | 3.60
minimized_CNP0111592.1_docked_9,VAL512 | VAL512 | LEU557 | VAL463 | ILE416 | ILE559 | ILE559 | VAL467 | ASP422,3.32 | 2.80 | 3.00 | 3.23 | 2.86 | 3.02 | 3.15 | 2.70 | 3.03,GLY417 | ILE559 | ILE559 | VAL420 | VAL420 | ARG470,3.88 | 3.65 | 3.88 | 3.56 | 3.88 | 3.55
minimized_CNP0111955.0_docked_1,ILE416 | LEU557 | LEU557 | GLY509 | ILE416 | LEU365 | GLN563,2.87 | 2.82 | 3.09 | 2.69 | 2.70 | 2.81 | 3.10,VAL561 | VAL561 | VAL561 | VAL561 | CYS513 | THR560 | THR560 | CYS513 | GLY605 | ALA366 | ALA366,3.70 | 3.68 | 3.84 | 3.75 | 3.58 | 3.87 | 3.49 | 3.39 | 3.59 | 3.88 | 3.63
minimized_CNP0111955.0_docked_2,ILE416 | ALA510 | GLY462 | VAL604 | LEU365,3.11 | 2.80 | 3.12 | 2.72 | 2.90,GLY509 | GLY509 | GLY462 | GLY462 | GLY462 | VAL369 | ALA607 | VAL369 | CYS368 | CYS368 | CYS368 | CYS368 | ILE559 | ALA366 | ALA366 | GLY464 | GLY464 | ILE559,3.85 | 3.66 | 3.84 | 3.70 | 3.86 | 3.65 | 3.87 | 3.89 | 3.81 | 3.55 | 3.68 | 3.89 | 3.77 | 3.43 | 3.57 | 3.85 | 3.62 | 3.34
minimized_CNP0111955.0_docked_3,VAL604 | LEU557 | VAL463 | ILE416,2.90 | 2.94 | 2.71 | 2.70,GLY603 | ALA556 | GLY509 | GLY462 | GLY462 | ALA556 | ALA556 | VAL467 | VAL420 | VAL420 | VAL420 | VAL420 | VAL420 | CYS368 | GLY419 | GLY464 | GLY417 | ILE559,3.70 | 3.61 | 3.88 | 3.86 | 3.69 | 3.70 | 3.47 | 3.66 | 3.63 | 3.79 | 3.82 | 3.71 | 3.75 | 3.75 | 3.55 | 3.66 | 3.79 | 3.66
minimized_CNP0111955.0_docked_4,VAL608 | VAL561 | VAL561 | THR560 | THR560,2.68 | 3.07 | 2.88 | 2.96 | 3.05,VAL608 | VAL608 | VAL608 | GLY509 | GLY462 | ALA556 | ARG415 | GLY509 | GLY462 | ALA556 | GLY364 | GLY417 | ALA556 | GLY603 | GLY603 | ALA556 | ALA556 | LEU557 | ILE559 | GLY511 | ALA366 | ILE559,3.74 | 3.86 | 3.75 | 3.79 | 3.69 | 3.87 | 3.87 | 3.25 | 3.87 | 3.84 | 3.90 | 3.44 | 3.89 | 3.67 | 3.21 | 3.67 | 3.75 | 3.67 | 3.75 | 3.89 | 3.70 | 3.39
minimized_CNP0111955.0_docked_5,ILE416 | LEU557 | LEU557 | GLY509 | ILE416 | LEU365,2.99 | 2.82 | 3.16 | 2.80 | 2.71 | 2.81,GLY509 | VAL369 | VAL369 | GLY419 | CYS368 | VAL420 | ALA607 | ALA607 | GLY605 | GLY417 | ALA366 | ALA366,3.87 | 3.47 | 3.85 | 3.83 | 3.49 | 3.65 | 3.45 | 3.83 | 3.71 | 3.65 | 3.82 | 3.86
minimized_CNP0111955.0_docked_6,VAL561 | VAL561 | THR560 | THR560,3.14 | 2.81 | 2.72 | 2.90,ALA556 | ARG415 | ALA556 | ALA556 | GLY509 | ALA556 | ARG415 | ALA556 | ALA556 | GLY462 | ARG415 | ARG415 | GLY464 | GLY464 | GLY603 | GLY364 | GLY364 | GLY603 | GLY364 | GLY364 | ALA366 | ILE559 | ALA466,3.74 | 3.88 | 3.84 | 3.78 | 2.99 | 3.63 | 3.75 | 3.67 | 3.83 | 3.65 | 3.58 | 3.78 | 3.78 | 3.28 | 3.61 | 3.74 | 3.25 | 3.89 | 3.88 | 3.90 | 3.70 | 3.66 | 3.85
minimized_CNP0111955.0_docked_7,VAL561 | VAL561 | THR560 | THR560,3.06 | 3.14 | 2.94 | 3.12,VAL561 | ALA556 | ARG415 | GLY364 | ALA556 | ALA556 | GLY509 | GLY509 | GLY462 | VAL463 | GLY417 | GLY417 | ALA366 | ILE559 | ILE559,3.65 | 3.83 | 3.56 | 3.33 | 3.81 | 3.90 | 3.75 | 3.30 | 3.81 | 3.77 | 3.63 | 3.41 | 3.51 | 3.17 | 3.55
minimized_CNP0111955.0_docked_8,LEU557 | ALA510 | VAL604 | VAL512 | VAL465 | VAL465 | ILE559 | ILE559 | GLY564,3.15 | 3.15 | 2.87 | 3.06 | 2.92 | 3.05 | 2.86 | 2.87 | 3.03,GLY464 | ILE559 | VAL561 | VAL561 | VAL561 | VAL514 | VAL561 | VAL561 | VAL561 | VAL561 | VAL561 | VAL561 | ILE559 | ILE559 | VAL418,3.77 | 3.37 | 3.82 | 3.81 | 3.60 | 3.79 | 3.78 | 3.65 | 3.83 | 3.80 | 3.89 | 3.90 | 3.84 | 3.87 | 3.89
minimized_CNP0111955.0_docked_9,VAL467 | VAL420 | VAL467 | VAL420 | VAL420,2.89 | 3.14 | 2.80 | 2.96 | 2.80,VAL467 | VAL467 | ARG415 | ARG415 | ARG415 | GLY364 | GLY509 | ALA556 | GLY605 | GLY509 | GLY509 | GLY462 | VAL463 | GLY417 | GLY417 | ALA366 | ILE559 | ILE559 | ALA466 | ALA466,3.77 | 3.68 | 3.50 | 3.89 | 3.78 | 3.42 | 3.88 | 3.86 | 3.85 | 3.72 | 3.29 | 3.79 | 3.76 | 3.62 | 3.40 | 3.48 | 3.26 | 3.66 | 3.86 | 3.42
minimized_CNP0114877.1_docked_1,ALA510 | VAL604 | LEU557 | VAL463 | ILE416 | ALA510 | VAL512 | VAL465 | VAL465 | VAL606 | GLY367 | VAL465,2.87 | 2.70 | 2.94 | 2.87 | 2.76 | 2.78 | 2.88 | 2.86 | 3.08 | 3.01 | 2.70 | 2.79,ALA556 | ALA556 | GLY509 | ALA607 | CYS368 | CYS368 | GLY367 | CYS513 | VAL514 | VAL561 | VAL561 | VAL561 | VAL514 | VAL561 | GLY564 | ILE559 | ILE559,3.68 | 3.85 | 3.76 | 3.50 | 3.74 | 3.32 | 3.74 | 3.66 | 3.56 | 3.63 | 3.77 | 3.83 | 3.68 | 3.72 | 3.85 | 3.45 | 3.75
minimized_CNP0114877.1_docked_2,LEU557 | ILE416 | LEU365 | GLY364 | ALA510 | VAL604 | LEU557 | ILE559 | ILE559 | VAL465 | VAL418 | VAL467 | VAL606,3.22 | 2.52 | 2.99 | 3.06 | 2.73 | 2.76 | 3.30 | 2.90 | 3.02 | 2.84 | 2.72 | 3.26 | 2.78,GLY364 | GLY364 | ALA556 | ALA556 | ALA556 | ALA466 | GLY419 | LEU468 | HIS516 | HIS516 | VAL561 | VAL514 | VAL514 | VAL514 | HIS516 | HIS516 | ALA366,3.49 | 3.61 | 3.80 | 3.66 | 3.62 | 3.74 | 3.57 | 3.62 | 3.79 | 3.76 | 3.83 | 3.62 | 3.49 | 3.72 | 3.65 | 3.53 | 3.54
minimized_CNP0114877.1_docked_3,LEU557 | ILE416 | LEU365 | VAL463 | ILE416 | VAL604 | LEU557 | VAL465 | VAL606 | VAL606 | GLY367 | GLY367 | VAL465 | GLY367 | VAL369 | VAL369 | HIS516,2.88 | 3.34 | 3.04 | 2.69 | 2.85 | 2.70 | 2.84 | 2.95 | 3.09 | 3.13 | 3.10 | 3.10 | 2.48 | 2.95 | 2.96 | 3.03 | 3.20,GLY464 | VAL463 | HIS516 | VAL514 | VAL561 | VAL561 | VAL561 | VAL561 | GLY564 | GLY564,3.56 | 3.90 | 3.70 | 3.81 | 3.80 | 3.62 | 3.86 | 3.85 | 3.54 | 3.85
minimized_CNP0114877.1_docked_4,ALA510 | LEU557 | VAL604 | LEU365 | VAL512 | ALA510 | ILE559 | VAL465 | VAL418 | VAL418 | ILE559 | VAL467 | VAL467,2.70 | 3.10 | 2.76 | 3.23 | 3.08 | 2.56 | 3.08 | 3.01 | 2.64 | 3.25 | 2.64 | 2.98 | 2.93,VAL608 | VAL608 | VAL608 | VAL561 | GLN563 | GLN563 | GLN563 | PRO322 | GLN563,3.79 | 3.64 | 3.71 | 3.62 | 3.89 | 3.89 | 3.40 | 3.56 | 3.77
minimized_CNP0114877.1_docked_5,ALA510 | VAL604 | LEU557 | VAL463 | ILE416 | VAL604 | VAL512 | VAL512 | VAL606 | VAL606 | ILE559 | VAL512 | VAL465 | VAL514 | VAL606,2.71 | 2.50 | 2.71 | 2.61 | 2.70 | 2.98 | 3.27 | 3.02 | 2.82 | 3.16 | 2.85 | 2.47 | 2.78 | 3.04 | 2.61,LEU557 | ALA556 | CYS513 | ALA466 | ALA607 | VAL420 | VAL369 | VAL369 | GLY371 | CYS513 | ILE559 | ILE559,3.78 | 3.88 | 3.84 | 3.47 | 3.59 | 3.70 | 3.76 | 3.89 | 3.34 | 3.87 | 3.84 | 3.74
minimized_CNP0114877.1_docked_6,ALA510 | LEU557 | VAL604 | LEU365 | VAL512 | ALA510 | VAL418 | VAL418 | ILE559 | VAL418 | GLY367 | VAL606 | THR560 | VAL608,2.67 | 2.97 | 3.02 | 3.20 | 3.14 | 2.95 | 2.98 | 2.98 | 2.80 | 2.90 | 3.16 | 2.88 | 3.12 | 3.11,ASN469 | VAL467 | VAL467 | VAL514 | LEU468 | VAL467 | VAL467 | LEU468 | LEU468 | LEU468 | LEU468 | ILE559,3.59 | 3.67 | 3.66 | 3.88 | 3.83 | 3.80 | 3.77 | 3.89 | 3.84 | 3.89 | 3.27 | 3.49
minimized_CNP0114877.1_docked_7,VAL465 | VAL512 | ALA510 | ILE416 | LEU365 | VAL465 | VAL418 | VAL606 | VAL606 | ILE559 | VAL418 | GLY367 | VAL420 | VAL420,3.31 | 2.89 | 2.85 | 2.93 | 3.14 | 3.14 | 2.70 | 2.84 | 3.31 | 2.88 | 2.77 | 3.08 | 3.08 | 2.80,ILE559 | GLY511 | GLY417 | ALA366 | ASN469 | VAL514 | VAL561 | VAL561 | VAL514 | VAL514 | LEU468 | LEU468 | VAL561 | VAL561,3.73 | 3.26 | 3.70 | 3.59 | 3.85 | 3.70 | 3.44 | 3.82 | 3.38 | 3.61 | 3.52 | 3.64 | 3.90 | 3.68
minimized_CNP0114877.1_docked_8,LEU557 | ILE416 | LEU365 | VAL463 | ILE416 | VAL604 | LEU557 | VAL465 | VAL465 | VAL606 | VAL606 | VAL465 | VAL418 | VAL606 | THR560,3.04 | 3.24 | 3.10 | 3.10 | 3.08 | 2.69 | 2.70 | 2.99 | 3.27 | 2.96 | 2.93 | 2.66 | 2.76 | 2.81 | 2.69,GLY464 | VAL463 | VAL420 | VAL467 | VAL420 | VAL420 | VAL420 | VAL420 | ASP422 | ASP422 | ASP422,3.49 | 3.84 | 3.67 | 3.83 | 3.57 | 3.80 | 3.24 | 3.80 | 3.82 | 3.75 | 3.56
minimized_CNP0114877.1_docked_9,LEU557 | ILE416 | LEU365 | VAL463 | ILE416 | VAL604 | LEU557 | VAL606 | VAL606 | VAL465 | VAL465 | VAL606 | ILE559 | VAL512 | VAL465 | VAL467 | VAL467,3.24 | 3.16 | 3.20 | 2.90 | 3.12 | 2.56 | 2.69 | 3.22 | 3.00 | 3.08 | 3.17 | 2.86 | 3.00 | 3.05 | 3.08 | 3.03 | 2.92,GLY464 | VAL463 | VAL514 | VAL514 | ALA466 | VAL420 | VAL420 | VAL420 | ASP422 | GLY423 | ASP422 | ASP422,3.49 | 3.89 | 3.82 | 3.67 | 3.57 | 3.81 | 3.79 | 3.60 | 3.81 | 3.87 | 3.67 | 3.71
minimized_CNP0115315.1_docked_1,ALA510 | VAL463 | VAL514 | VAL467 | VAL514 | VAL467 | VAL606 | THR560 | THR560,3.19 | 3.11 | 2.84 | 3.30 | 2.92 | 3.35 | 2.89 | 2.98 | 3.34,GLY417 | GLY417 | ALA366 | ARG415 | GLY603 | ALA556 | GLY509 | ALA556 | GLY509 | GLY509 | ALA510 | GLY464 | ILE559 | VAL561 | VAL514 | VAL514 | VAL514 | ALA607 | ALA607 | GLY419,3.87 | 3.53 | 3.24 | 3.57 | 3.32 | 3.73 | 3.76 | 3.48 | 3.67 | 3.74 | 3.83 | 3.65 | 3.56 | 3.84 | 3.46 | 3.87 | 3.61 | 3.80 | 3.87 | 3.74
minimized_CNP0115315.1_docked_2,VAL463 | VAL420 | VAL420 | VAL369 | VAL369 | VAL467 | THR560 | THR560,3.06 | 2.70 | 3.34 | 2.94 | 3.19 | 3.13 | 2.95 | 3.13,ALA366 | ARG415 | GLY364 | GLY603 | ALA556 | ALA556 | ALA556 | GLY509 | GLY509 | ALA510 | GLY464 | ILE559 | ILE559 | VAL420 | VAL420 | ALA466,3.29 | 3.50 | 3.84 | 3.13 | 3.68 | 3.89 | 3.37 | 3.58 | 3.52 | 3.80 | 3.61 | 3.49 | 3.56 | 3.76 | 3.62 | 3.89
minimized_CNP0115315.1_docked_3,ALA510 | VAL463 | THR560 | VAL369 | VAL369 | VAL561 | VAL561 | THR560,3.15 | 3.10 | 2.73 | 2.89 | 3.05 | 3.09 | 3.14 | 2.98,GLY417 | GLY417 | ALA366 | GLY603 | ALA556 | GLY603 | ALA556 | GLY509 | ALA556 | GLY509 | ALA510 | ALA366 | GLY464 | ILE559 | VAL369 | VAL608 | VAL608 | VAL467 | VAL561 | CYS513 | CYS513,3.89 | 3.63 | 3.31 | 3.79 | 3.77 | 3.09 | 3.76 | 3.84 | 3.63 | 3.80 | 3.79 | 3.83 | 3.62 | 3.56 | 3.45 | 3.77 | 3.72 | 3.75 | 3.69 | 3.19 | 3.73
minimized_CNP0115315.1_docked_4,ILE416 | VAL604 | LEU557 | ALA510 | VAL463 | VAL465 | VAL418,2.99 | 2.96 | 2.94 | 2.98 | 3.17 | 2.81 | 3.06,VAL420 | VAL467 | VAL467 | VAL467 | VAL420 | GLY603 | GLY603 | GLY417 | GLY558,3.81 | 3.84 | 3.86 | 3.70 | 3.50 | 3.64 | 3.34 | 3.29 | 3.61
minimized_CNP0115315.1_docked_5,LEU557 | LEU557 | GLY509 | ILE416 | LEU365 | VAL606,2.69 | 3.03 | 2.81 | 2.72 | 2.70 | 2.92,VAL608 | VAL608 | VAL561 | ALA510 | GLY509 | GLY558 | GLY464 | GLY417 | ILE559,3.37 | 3.62 | 3.89 | 3.70 | 3.66 | 3.25 | 3.70 | 3.60 | 3.87
minimized_CNP0115315.1_docked_6,ARG470 | ASN469 | VAL463 | ILE416 | LEU557 | VAL604 | VAL463 | VAL606,3.33 | 3.25 | 2.97 | 3.22 | 3.08 | 2.71 | 2.95 | 3.20,VAL420 | CYS368 | LEU468 | VAL467 | VAL467 | VAL467 | GLY558 | VAL465 | GLY417 | ILE559,3.89 | 3.68 | 3.78 | 3.47 | 3.67 | 3.24 | 3.52 | 3.73 | 3.76 | 3.88
minimized_CNP0115315.1_docked_7,ALA510 | VAL463 | VAL514 | VAL418,3.15 | 3.23 | 2.85 | 2.95,GLY417 | GLY417 | ALA366 | ALA556 | ARG415 | GLY603 | ALA556 | GLY509 | ALA556 | ALA556 | ALA556 | GLY509 | GLY509 | GLY464 | ILE559 | VAL514 | VAL514 | CYS368 | THR560 | CYS513,3.84 | 3.40 | 3.04 | 3.88 | 3.45 | 3.52 | 3.58 | 3.57 | 3.86 | 3.80 | 3.30 | 3.58 | 3.62 | 3.81 | 3.60 | 3.74 | 3.66 | 3.69 | 3.80 | 3.48
minimized_CNP0115315.1_docked_8,VAL604 | LEU365 | VAL369 | VAL369 | VAL608,2.87 | 3.20 | 2.74 | 3.10 | 3.11,ILE559 | GLY511 | ARG415 | ARG415 | GLY462 | ARG415 | ARG415 | ARG415 | ALA556 | ALA556 | ALA556 | ARG415 | ARG415 | GLY364 | GLY364 | ALA366 | ALA366 | ALA366 | ALA366 | ILE559 | VAL512 | VAL420 | CYS513 | CYS368,3.00 | 3.64 | 3.69 | 3.67 | 3.26 | 3.81 | 3.87 | 3.56 | 3.68 | 3.63 | 3.19 | 3.64 | 3.32 | 3.56 | 3.56 | 3.83 | 3.64 | 3.62 | 3.81 | 3.75 | 3.85 | 3.77 | 3.69 | 3.49
minimized_CNP0115315.1_docked_9,LEU557 | LEU557 | GLY509 | ILE416 | LEU365 | VAL606,2.70 | 3.03 | 2.79 | 2.74 | 2.69 | 3.28,VAL514 | LEU468 | VAL514 | VAL514 | ALA510 | GLY509 | GLY558 | GLY558 | GLY464 | GLY417 | ILE559,3.56 | 3.84 | 3.81 | 3.79 | 3.66 | 3.61 | 3.88 | 3.15 | 3.81 | 3.66 | 3.88
minimized_CNP0115791.1_docked_1,VAL467 | VAL467 | VAL420,3.14 | 3.04 | 3.02,VAL420 | VAL467 | VAL467 | VAL467 | VAL467 | GLY417 | ALA366 | ALA556 | ALA510 | GLY509 | ALA556 | ILE559 | ALA366 | ALA366 | ALA366 | ALA366 | ILE559 | GLY462 | GLY462 | GLY509 | ALA556 | ALA556 | ARG415 | GLY462 | ARG415 | ARG415 | ARG415 | ARG415 | ARG415 | GLY364 | ALA556 | ALA556,3.43 | 3.82 | 3.79 | 3.87 | 3.67 | 3.71 | 3.56 | 3.82 | 3.58 | 3.62 | 3.81 | 3.55 | 3.81 | 3.88 | 3.68 | 3.63 | 3.52 | 3.83 | 3.56 | 3.65 | 3.45 | 3.36 | 3.78 | 3.87 | 3.79 | 3.45 | 3.81 | 3.87 | 3.27 | 3.71 | 3.59 | 3.26
minimized_CNP0115791.1_docked_2,VAL420 | VAL561 | THR560,3.26 | 3.01 | 3.12,VAL420 | VAL420 | CYS368 | GLY417 | ALA366 | ALA556 | ALA556 | ALA510 | GLY509 | ILE559 | ALA366 | ALA366 | ALA366 | ILE559 | GLY464 | GLY462 | GLY462 | ALA556 | GLY509 | ALA556 | ALA556 | ARG415 | ARG415 | ARG415 | ARG415 | ARG415 | GLY364 | ALA556 | ALA556,3.36 | 3.56 | 3.61 | 3.63 | 3.61 | 3.90 | 3.70 | 3.63 | 3.51 | 3.47 | 3.85 | 3.72 | 3.71 | 3.67 | 3.79 | 3.90 | 3.55 | 3.88 | 3.69 | 3.39 | 3.37 | 3.69 | 3.63 | 3.29 | 3.75 | 3.38 | 3.61 | 3.60 | 3.32
minimized_CNP0115791.1_docked_3,VAL608 | ARG326 | VAL369 | VAL608 | VAL465,3.06 | 3.01 | 2.90 | 3.16 | 3.11,VAL608 | VAL369 | VAL608 | ALA466 | ALA466 | GLY417 | ALA366 | ALA556 | ALA510 | GLY509 | ALA556 | ILE559 | ALA366 | ALA366 | ILE559 | GLY464 | GLY462 | GLY462 | GLY509 | ALA556 | ALA556 | ARG415 | GLY462 | ARG415 | ARG415 | ARG415 | ARG415 | GLY364 | ALA556 | ALA556,3.72 | 3.56 | 3.69 | 3.41 | 3.72 | 3.82 | 3.56 | 3.81 | 3.56 | 3.55 | 3.85 | 3.42 | 3.82 | 3.74 | 3.51 | 3.88 | 3.88 | 3.59 | 3.69 | 3.46 | 3.38 | 3.76 | 3.89 | 3.71 | 3.35 | 3.71 | 3.31 | 3.64 | 3.66 | 3.30
minimized_CNP0115791.1_docked_4,LEU557 | VAL604 | LEU365 | ILE416 | LEU365,2.61 | 3.10 | 2.70 | 3.25 | 2.81,ALA556 | ALA510 | GLY509 | VAL606 | GLY558 | VAL420 | ILE559 | ILE559,3.81 | 3.86 | 3.62 | 3.88 | 3.85 | 3.72 | 3.71 | 3.55
minimized_CNP0115791.1_docked_5,ILE416 | ALA510 | ALA510 | ILE559,2.83 | 2.82 | 2.84 | 3.11,LEU365 | GLY364 | VAL465 | GLY417 | GLY417 | ALA466 | ILE559 | CYS513 | VAL561 | VAL561 | LEU515 | ALA366 | ILE559,3.88 | 3.80 | 3.72 | 3.81 | 3.23 | 3.83 | 3.49 | 3.65 | 3.56 | 3.75 | 3.80 | 3.59 | 3.76
minimized_CNP0115791.1_docked_6,ILE416 | ALA510 | LEU557 | ALA510 | ILE559 | LEU557,2.89 | 2.74 | 3.31 | 2.76 | 3.10 | 3.17,GLY364 | GLY509 | GLY509 | GLY417 | ALA466 | ALA466 | VAL420 | VAL420 | CYS368 | GLY419 | CYS368 | VAL467 | ALA366 | ILE559,3.86 | 3.89 | 3.82 | 3.29 | 3.79 | 3.66 | 3.72 | 3.62 | 3.57 | 3.75 | 3.80 | 3.57 | 3.71 | 3.47
minimized_CNP0115791.1_docked_7,VAL369 | ASP422 | VAL420 | GLY372 | GLY371 | ARG326,2.86 | 2.86 | 3.33 | 3.22 | 2.97 | 3.02,CYS513 | VAL369 | ALA607 | ALA366 | ALA366 | VAL369,3.54 | 3.49 | 3.48 | 3.83 | 3.72 | 3.66
minimized_CNP0115791.1_docked_8,ARG483 | ARG483 | ARG415,3.10 | 3.27 | 2.96,TYR525 | SER508 | TYR525 | ARG415 | ARG415 | GLY364 | VAL418 | GLY417 | GLY417 | ALA366 | ALA607 | GLY603 | GLY603 | LEU557 | ALA556 | ALA556 | LEU557 | GLY417 | ALA366 | ILE559 | GLY603 | ALA556 | ALA556 | ARG415 | ARG415 | ALA556 | GLY603 | GLY364,3.75 | 3.82 | 3.79 | 3.41 | 3.66 | 3.67 | 3.62 | 3.76 | 3.63 | 2.89 | 3.87 | 3.86 | 3.53 | 3.84 | 3.45 | 3.75 | 3.83 | 3.71 | 3.89 | 3.61 | 3.85 | 3.72 | 3.51 | 3.43 | 3.48 | 3.69 | 3.76 | 3.89
minimized_CNP0115791.1_docked_9,GLN563 | HIS562 | VAL561 | VAL467,3.04 | 3.04 | 3.02 | 2.83,HIS562 | VAL465 | GLY417 | GLY417 | GLY509 | THR560 | CYS513 | THR560 | CYS513 | ALA366 | ALA366 | ALA366,3.59 | 3.88 | 3.85 | 3.72 | 3.58 | 3.52 | 3.50 | 3.74 | 3.58 | 3.76 | 3.77 | 3.79
minimized_CNP0115974.1_docked_1,VAL606 | VAL606 | GLY367 | GLY367 | VAL369 | VAL369 | VAL420 | VAL463 | VAL604 | LEU365 | ALA510 | VAL463,2.92 | 2.75 | 3.03 | 2.80 | 2.70 | 2.95 | 3.09 | 2.91 | 2.96 | 2.63 | 3.10 | 2.94,CYS368 | VAL420 | VAL420 | VAL369 | VAL420 | VAL420 | GLY603 | GLY603 | GLY364 | GLY364 | GLY462,3.54 | 3.77 | 3.78 | 3.75 | 3.71 | 3.80 | 3.69 | 3.49 | 3.86 | 3.51 | 3.84
minimized_CNP0115974.1_docked_2,VAL606 | VAL606 | ILE559 | ILE559 | LEU557 | THR560 | VAL463 | ILE416 | VAL604 | LEU365 | ALA510 | VAL463,2.96 | 2.99 | 2.85 | 3.12 | 3.19 | 3.08 | 2.83 | 3.19 | 2.97 | 2.66 | 3.09 | 2.80,CYS513 | GLY603 | GLY603 | GLY364 | GLY364 | GLY462 | GLY462 | ILE559 | ALA366,3.89 | 3.73 | 3.53 | 3.87 | 3.53 | 3.63 | 3.75 | 3.41 | 3.78
minimized_CNP0115974.1_docked_3,VAL512 | VAL465 | VAL465 | VAL463 | VAL467 | LEU557 | ALA510 | GLY509 | ILE416 | LEU365,2.99 | 2.98 | 2.96 | 3.09 | 3.27 | 2.68 | 2.98 | 3.14 | 2.64 | 2.70,VAL467 | ALA556 | ALA556 | GLY509 | GLY509,3.42 | 3.74 | 3.27 | 3.34 | 3.52
minimized_CNP0115974.1_docked_4,VAL512 | VAL465 | VAL465 | VAL465 | VAL561 | THR560 | VAL604 | LEU557 | ALA510 | GLY462 | VAL604 | LEU365,2.53 | 2.84 | 2.98 | 3.05 | 3.17 | 2.91 | 2.99 | 3.22 | 2.79 | 3.19 | 2.82 | 2.82,VAL561 | VAL561 | CYS368 | CYS368 | GLY509 | GLY509 | GLY462 | ALA366,3.75 | 3.44 | 3.37 | 3.78 | 3.89 | 3.50 | 3.56 | 3.68
minimized_CNP0115974.1_docked_5,VAL512 | VAL465 | VAL465 | VAL465 | THR560 | VAL604 | LEU557 | ALA510 | GLY462 | VAL604 | LEU365,2.64 | 2.55 | 2.95 | 3.32 | 3.03 | 2.94 | 3.25 | 2.77 | 3.26 | 2.81 | 2.99,VAL467 | GLY419 | CYS368 | ALA607 | ALA607 | CYS368 | GLY367 | GLY509 | GLY509 | GLY462,3.57 | 3.79 | 3.80 | 3.44 | 3.80 | 3.87 | 3.89 | 3.84 | 3.49 | 3.65
minimized_CNP0115974.1_docked_6,VAL606 | THR560 | ILE559 | ARG326 | ARG326 | THR560 | ILE416 | VAL604 | LEU557 | VAL465 | VAL418 | VAL418,3.02 | 2.96 | 2.90 | 2.98 | 3.16 | 3.02 | 3.00 | 2.98 | 2.92 | 3.07 | 3.04 | 3.03,ARG326 | HIS562 | VAL561 | VAL561 | VAL561 | ILE559 | GLY558 | GLY417 | CYS368,3.90 | 3.77 | 3.74 | 3.76 | 3.76 | 3.86 | 3.73 | 3.81 | 3.73
minimized_CNP0115974.1_docked_7,VAL418 | GLY367 | VAL561 | VAL608 | VAL561 | THR560 | VAL604 | LEU557 | VAL606 | VAL512 | ALA510 | VAL606 | VAL606 | GLY367 | GLY367,3.07 | 3.13 | 2.85 | 3.19 | 3.25 | 3.27 | 3.18 | 2.79 | 2.92 | 2.96 | 3.20 | 2.91 | 3.01 | 2.94 | 2.99,VAL608 | HIS562 | VAL561 | VAL561 | VAL561 | GLY511 | GLY605 | ILE559 | ILE559,3.79 | 3.56 | 3.82 | 3.85 | 3.60 | 3.89 | 3.62 | 3.79 | 3.66
minimized_CNP0115974.1_docked_8,VAL465 | VAL418 | VAL418 | GLY367 | VAL514 | VAL561 | VAL561 | THR560 | VAL604 | VAL512 | VAL465 | VAL465 | VAL606 | GLY367,3.21 | 3.01 | 3.14 | 3.22 | 2.65 | 2.79 | 3.07 | 3.19 | 2.93 | 2.86 | 3.11 | 3.12 | 3.06 | 2.88,VAL561 | VAL561 | VAL561 | GLY464 | ILE559 | ALA366 | THR560 | CYS513,3.87 | 3.79 | 3.55 | 3.77 | 3.89 | 3.90 | 3.78 | 3.64
minimized_CNP0115974.1_docked_9,GLY367 | LYS323 | LEU557 | VAL512 | VAL512 | VAL606 | VAL606 | GLY367 | GLY367,2.79 | 3.06 | 2.85 | 3.11 | 2.94 | 2.71 | 2.82 | 2.91 | 2.96,LYS323 | ARG326 | VAL369 | VAL369 | VAL369 | ILE559 | GLY605 | ILE559 | CYS513,3.89 | 3.53 | 3.84 | 3.48 | 3.61 | 3.83 | 3.84 | 3.52 | 3.77
minimized_CNP0116318.1_docked_1,VAL512 | VAL465 | VAL465 | ALA510 | ARG326 | VAL561 | VAL561 | THR560 | ALA510 | GLY462 | VAL604,2.96 | 2.90 | 2.96 | 3.13 | 3.14 | 2.44 | 3.19 | 3.03 | 2.93 | 3.04 | 2.90,ARG326 | VAL608 | THR560 | THR560 | CYS513 | GLY509 | GLY509 | ILE559 | ALA366 | ALA366,3.81 | 3.70 | 3.86 | 3.57 | 3.54 | 3.60 | 3.48 | 3.88 | 3.46 | 3.46
minimized_CNP0116318.1_docked_2,VAL512 | VAL465 | VAL465 | VAL420 | VAL420 | VAL465 | ALA510 | GLY462 | VAL604,3.22 | 2.84 | 3.11 | 2.65 | 3.33 | 3.13 | 2.95 | 3.06 | 2.95,VAL467 | VAL420 | VAL420 | VAL420 | GLY419 | CYS368 | GLY509 | GLY509 | ILE559 | GLY605,3.83 | 3.71 | 3.69 | 3.89 | 3.74 | 3.77 | 3.59 | 3.42 | 3.53 | 3.63
minimized_CNP0116318.1_docked_3,VAL418 | GLY367 | ALA510 | VAL369 | VAL561 | VAL561 | THR560,3.13 | 2.94 | 2.56 | 3.02 | 3.01 | 3.15 | 2.88,ALA556 | GLY509 | GLY462 | ALA556 | ARG415 | ARG415 | ALA556 | GLY509 | GLY417 | ARG415 | ARG415 | GLY364 | GLY364 | GLY364 | GLY364 | GLY462 | VAL463 | ALA366 | GLY464 | ILE559 | VAL369 | CYS513,3.55 | 3.65 | 3.60 | 3.71 | 3.61 | 3.68 | 3.46 | 3.64 | 3.26 | 3.77 | 3.32 | 3.49 | 3.16 | 3.57 | 3.79 | 3.80 | 3.77 | 3.89 | 3.65 | 3.72 | 3.79 | 3.46
minimized_CNP0116318.1_docked_4,VAL465 | VAL465 | VAL418 | VAL418 | VAL463 | ILE416 | VAL514 | ALA510 | VAL463 | VAL604 | LEU557,2.91 | 3.25 | 3.03 | 3.24 | 2.92 | 3.31 | 2.82 | 3.01 | 2.75 | 2.81 | 3.30,VAL561 | CYS513 | ALA466 | CYS513 | CYS513 | ALA466 | GLY509 | GLY509 | GLY462 | GLY462,3.60 | 3.89 | 3.85 | 3.75 | 3.38 | 3.41 | 3.78 | 3.58 | 3.86 | 3.85
minimized_CNP0116318.1_docked_5,VAL465 | VAL465 | VAL418 | VAL418 | VAL463 | ILE416 | ALA510 | VAL463 | VAL604,2.99 | 3.13 | 3.21 | 3.27 | 2.89 | 3.23 | 2.97 | 2.81 | 2.69,THR560 | CYS513 | VAL561 | VAL561 | VAL514 | GLY509 | GLY509,3.57 | 3.72 | 3.87 | 3.74 | 3.89 | 3.80 | 3.63
minimized_CNP0116318.1_docked_6,VAL512 | VAL465 | VAL604 | ALA510 | ILE559 | VAL369 | VAL467 | VAL369 | VAL369,2.71 | 3.06 | 3.11 | 2.59 | 3.34 | 2.84 | 3.31 | 3.13 | 3.15,GLY509 | ALA556 | ARG415 | GLY509 | GLY462 | GLY462 | ALA556 | ALA366 | ARG415 | GLY364 | GLY364 | LEU365 | GLY364 | GLY605 | ALA366 | GLY605 | ILE559 | ILE559 | ILE559 | VAL467 | VAL420 | VAL420 | ALA607,3.76 | 3.78 | 3.84 | 3.50 | 3.85 | 3.07 | 3.88 | 3.81 | 3.61 | 3.50 | 3.51 | 3.73 | 3.86 | 3.79 | 3.72 | 3.49 | 3.79 | 3.73 | 3.33 | 3.71 | 3.73 | 3.60 | 3.85
minimized_CNP0116318.1_docked_7,VAL606 | THR560 | ILE559 | THR560 | ALA510 | VAL467 | VAL467 | VAL467,2.90 | 3.31 | 2.70 | 3.01 | 2.70 | 3.10 | 2.76 | 3.14,GLY509 | ALA556 | ARG415 | GLY509 | GLY462 | ALA556 | GLY509 | GLY417 | ALA366 | ARG415 | ARG415 | GLY364 | GLY364 | GLY364 | GLY364 | ALA366 | LEU365 | GLY605 | ALA366 | ALA466,3.76 | 3.47 | 3.88 | 3.34 | 3.34 | 3.67 | 3.74 | 3.48 | 3.52 | 3.89 | 3.38 | 3.60 | 3.32 | 3.59 | 3.83 | 3.79 | 3.79 | 3.63 | 3.67 | 3.74
minimized_CNP0116318.1_docked_8,VAL418 | VAL418 | ILE416 | ALA510 | VAL463 | VAL604 | LEU557,3.21 | 2.98 | 2.76 | 3.03 | 3.03 | 2.84 | 3.28,GLY509 | GLY509 | ALA366 | ILE559 | GLY558,3.86 | 3.65 | 3.83 | 3.80 | 3.70
minimized_CNP0116318.1_docked_9,VAL465 | VAL418 | VAL465 | VAL418 | VAL418 | VAL514 | VAL561 | THR560 | ILE416 | VAL604 | LEU365 | ALA510 | VAL604 | LEU365,2.84 | 2.71 | 3.31 | 3.15 | 3.22 | 2.89 | 3.10 | 3.32 | 3.16 | 3.10 | 2.84 | 3.05 | 2.88 | 3.17,VAL561 | VAL561 | VAL561 | VAL514 | CYS513 | CYS513 | ILE559,3.75 | 3.73 | 3.87 | 3.89 | 3.69 | 3.78 | 3.62
minimized_CNP0116318.2_docked_1,VAL465 | VAL465 | VAL418 | VAL418 | VAL512 | VAL512 | VAL561 | ILE416 | LEU365 | LEU557 | ALA510 | GLY509 | LEU365,3.06 | 3.20 | 3.25 | 3.29 | 3.12 | 3.33 | 2.93 | 2.78 | 2.93 | 2.92 | 2.83 | 3.24 | 2.99,THR560 | CYS513 | VAL608 | VAL561 | ALA556 | GLY509 | GLY509 | ILE559 | ILE559 | GLY558,3.89 | 3.81 | 3.53 | 3.86 | 3.61 | 3.76 | 3.85 | 3.73 | 3.68 | 3.87
minimized_CNP0116318.2_docked_2,VAL465 | VAL465 | VAL418 | VAL418 | VAL465 | VAL463 | VAL514 | VAL514 | THR560 | LEU557 | LEU557 | GLY509 | ILE416 | LEU365,3.11 | 3.33 | 2.94 | 2.97 | 3.15 | 3.06 | 2.96 | 3.08 | 2.97 | 2.82 | 3.15 | 2.80 | 2.70 | 2.96,VAL561 | VAL514 | VAL514 | VAL514 | THR560 | CYS513 | THR560 | ARG415 | GLY417,3.51 | 3.71 | 3.49 | 3.71 | 3.83 | 3.89 | 3.45 | 3.88 | 3.78
minimized_CNP0116318.2_docked_3,VAL512 | VAL465 | VAL465 | VAL512 | ALA510 | VAL561 | VAL561 | THR560 | VAL604 | VAL604 | LEU557 | VAL463 | ILE416,2.88 | 2.94 | 2.87 | 3.14 | 2.92 | 3.01 | 3.02 | 2.83 | 2.90 | 3.14 | 2.92 | 2.71 | 2.82,VAL561 | VAL561 | GLY603 | GLY603 | GLY462 | ALA556 | ILE559 | GLY605 | ALA366 | ALA366,3.42 | 3.69 | 3.81 | 3.72 | 3.70 | 3.83 | 3.78 | 3.87 | 3.89 | 3.69
minimized_CNP0116318.2_docked_4,VAL606 | VAL606 | ILE559 | VAL606 | GLY367 | VAL420 | VAL420 | VAL514 | LEU557 | VAL463 | ILE416 | VAL604 | LEU557,2.89 | 3.18 | 2.75 | 3.23 | 3.09 | 2.82 | 3.09 | 3.34 | 3.07 | 3.02 | 2.88 | 2.84 | 2.72,VAL467 | VAL420 | VAL420 | VAL420 | ALA466 | ALA466 | GLY417,3.72 | 3.76 | 3.51 | 3.68 | 3.62 | 3.45 | 3.67
minimized_CNP0116318.2_docked_5,ILE559 | ILE559 | VAL606 | GLY367 | VAL420 | LEU557 | ALA510 | GLY509 | ILE416 | LEU365 | ALA510,2.90 | 3.02 | 3.33 | 3.33 | 3.06 | 2.99 | 3.30 | 2.99 | 2.70 | 2.94 | 3.15,VAL418 | VAL418 | VAL467 | VAL420 | VAL420 | VAL420 | VAL420 | ALA366 | ILE559 | VAL465 | GLY417,3.79 | 3.87 | 3.85 | 3.75 | 3.31 | 3.84 | 3.87 | 3.87 | 3.75 | 3.80 | 3.65
minimized_CNP0116318.2_docked_6,VAL465 | VAL512 | VAL512 | VAL420 | VAL420 | VAL463 | ILE416 | VAL604 | VAL463 | ILE416,2.68 | 3.23 | 3.15 | 2.73 | 3.28 | 3.06 | 2.95 | 3.01 | 2.91 | 2.82,VAL420 | VAL420 | VAL420 | ALA466 | ALA466 | GLY603 | ALA556 | ALA556 | ALA556 | GLY558,3.89 | 3.68 | 3.47 | 3.84 | 3.49 | 3.85 | 3.59 | 3.61 | 3.86 | 3.53
minimized_CNP0116318.2_docked_7,VAL418 | GLY367 | VAL606 | GLY367 | VAL463 | ILE416 | VAL604 | LEU557 | ARG326 | VAL561 | VAL561 | THR560,3.18 | 3.09 | 2.90 | 2.77 | 2.93 | 2.63 | 2.68 | 2.79 | 3.03 | 2.87 | 3.25 | 3.04,ALA556 | ARG415 | GLY509 | GLY462 | GLY603 | ALA556 | ALA556 | ALA556 | ALA556 | ILE559 | GLY509 | GLY509 | GLY462 | GLY462 | GLY417 | ALA366 | GLY417 | ALA366 | ALA366 | ALA366 | ILE559 | THR560 | CYS513,3.63 | 3.68 | 3.77 | 3.66 | 3.79 | 3.45 | 3.84 | 3.86 | 3.86 | 3.61 | 3.74 | 3.19 | 3.62 | 3.81 | 3.87 | 3.57 | 3.83 | 3.04 | 3.83 | 3.80 | 3.52 | 3.34 | 3.69
minimized_CNP0116318.2_docked_8,VAL606 | ILE559 | VAL604 | LEU365 | ALA510 | VAL463 | VAL608 | VAL369 | VAL369 | VAL561 | VAL561 | THR560,2.66 | 2.64 | 2.85 | 3.19 | 2.75 | 3.01 | 2.72 | 2.97 | 3.31 | 2.98 | 3.32 | 2.94,ALA556 | ARG415 | GLY509 | GLY462 | ARG415 | ARG415 | ALA556 | ALA556 | GLY464 | GLY464 | ARG415 | ARG415 | GLY364 | GLY364 | GLY364 | ILE559 | ALA366 | ILE559 | ALA366 | ALA366 | ALA466,3.60 | 3.74 | 3.76 | 3.73 | 3.61 | 3.82 | 3.61 | 3.31 | 3.77 | 3.29 | 3.77 | 3.35 | 3.36 | 3.31 | 3.86 | 3.81 | 3.86 | 3.65 | 3.24 | 3.81 | 3.78
minimized_CNP0116318.2_docked_9,VAL418 | GLY367 | GLY367 | ILE416 | LEU365 | LEU557 | ALA510 | VAL608 | VAL608 | VAL369 | VAL369 | THR560,2.92 | 3.10 | 3.18 | 3.17 | 3.10 | 2.70 | 2.71 | 3.24 | 3.07 | 3.12 | 2.80 | 2.78,ALA556 | ARG415 | ALA556 | GLY509 | ARG415 | GLY603 | ILE559 | GLY511 | GLY511 | GLY462 | GLY462 | ARG415 | ARG415 | ARG415 | ILE416 | VAL420 | VAL420 | THR560 | CYS513,3.67 | 3.66 | 3.74 | 3.55 | 3.59 | 3.55 | 3.03 | 3.86 | 3.45 | 3.83 | 3.35 | 3.82 | 3.45 | 3.49 | 3.83 | 3.61 | 3.69 | 3.86 | 3.67
minimized_CNP0116362.0_docked_1,VAL608 | VAL606 | VAL606 | GLY367 | GLY367 | VAL606 | VAL604 | LEU557 | ALA510 | VAL604 | LEU365 | ILE416,3.19 | 2.76 | 2.94 | 2.88 | 3.00 | 2.95 | 2.92 | 2.95 | 3.04 | 2.70 | 2.52 | 3.02,VAL608 | VAL608 | ILE559 | GLY511 | GLY509 | VAL463 | GLY462 | GLY605 | ILE559,3.62 | 3.72 | 3.75 | 3.68 | 3.61 | 3.64 | 3.41 | 3.67 | 3.62
minimized_CNP0116362.0_docked_2,VAL606 | VAL606 | GLY367 | GLY367 | VAL512 | VAL465 | VAL465 | VAL604 | LEU557 | VAL604 | LEU365,3.31 | 3.08 | 3.23 | 2.94 | 2.80 | 2.95 | 2.96 | 2.50 | 2.84 | 2.99 | 3.01,THR560 | CYS513 | VAL514 | VAL514 | VAL561 | GLY464 | GLY462 | GLY462 | ARG415 | ARG415 | GLY603 | GLY603 | ILE559,3.63 | 3.30 | 3.60 | 3.75 | 3.87 | 3.71 | 3.59 | 3.32 | 3.44 | 3.73 | 3.87 | 3.61 | 3.78
minimized_CNP0116362.0_docked_3,VAL606 | VAL606 | GLY367 | GLY367 | VAL606 | VAL604 | VAL512 | VAL512 | VAL604 | LEU365 | ILE416,2.73 | 2.80 | 2.90 | 2.90 | 2.96 | 2.94 | 3.24 | 2.88 | 2.64 | 2.63 | 3.05,VAL561 | VAL561 | VAL561 | VAL561 | VAL561 | CYS513 | ILE559 | GLY511 | GLY509 | GLY509 | VAL463 | GLY462 | GLY605 | ILE559,3.70 | 3.86 | 3.75 | 3.87 | 3.78 | 3.89 | 3.65 | 3.73 | 3.87 | 3.57 | 3.63 | 3.47 | 3.64 | 3.57
minimized_CNP0116362.0_docked_4,VAL514 | VAL606 | VAL606 | GLY367 | GLY367 | VAL512 | ALA510 | VAL604 | LEU557 | VAL604 | LEU365,2.75 | 3.00 | 3.19 | 2.87 | 2.99 | 2.82 | 3.12 | 2.59 | 2.70 | 2.74 | 3.09,VAL514 | VAL514 | ALA607 | VAL561 | VAL561 | CYS368 | GLY464 | GLY462 | GLY462 | ARG415 | GLY603,3.19 | 3.69 | 3.66 | 3.75 | 3.73 | 3.69 | 3.54 | 3.58 | 3.46 | 3.80 | 3.86
minimized_CNP0116362.0_docked_5,VAL369 | VAL369 | VAL465 | VAL465 | VAL418 | VAL418 | VAL604 | LEU557 | ILE416 | LEU365,2.61 | 3.07 | 2.78 | 3.15 | 3.06 | 3.08 | 3.22 | 3.23 | 2.63 | 2.97,VAL369 | VAL369 | ALA466 | ALA466 | VAL420 | VAL420 | GLY605 | ALA556 | ALA510 | GLY509 | GLY417 | ALA366,3.78 | 3.70 | 3.59 | 3.39 | 3.38 | 3.86 | 3.73 | 3.74 | 3.85 | 3.72 | 3.60 | 3.87
minimized_CNP0116362.0_docked_6,ILE416 | VAL512 | VAL512 | VAL561 | VAL561 | VAL608 | ARG326 | ARG326 | ARG326,3.32 | 2.79 | 3.18 | 3.06 | 2.99 | 3.14 | 2.94 | 3.06 | 3.14,LEU365 | GLY364 | GLY364 | ILE559 | GLY511 | CYS368 | GLY464 | GLY417 | ILE559 | VAL465 | ALA607 | PRO322,3.87 | 3.44 | 3.70 | 3.66 | 3.46 | 3.57 | 3.89 | 3.84 | 3.20 | 3.65 | 3.81 | 3.82
minimized_CNP0116362.0_docked_7,VAL512 | VAL465 | VAL465 | VAL606 | VAL606 | GLY367 | GLY367 | VAL463 | ILE416,2.69 | 2.84 | 3.05 | 3.06 | 2.90 | 3.12 | 2.91 | 2.47 | 2.70,VAL467 | GLY605 | ALA366 | ALA366 | ALA366 | GLY603 | GLY603 | LEU557 | ALA556 | ALA556 | ALA366,3.89 | 3.68 | 3.52 | 3.86 | 3.34 | 3.61 | 3.25 | 3.79 | 3.31 | 3.67 | 3.81
minimized_CNP0116362.0_docked_8,ILE559 | ILE559 | LEU557 | VAL465 | VAL418 | LEU557 | ALA510 | LEU557,2.83 | 2.84 | 3.31 | 2.95 | 3.18 | 2.70 | 2.96 | 2.86,VAL418 | CYS368 | VAL420 | VAL420 | VAL420 | GLY464 | GLY464 | GLY417 | ARG415 | ARG415 | GLY364 | GLY364 | ALA556 | ALA556 | ILE559 | ILE559,3.72 | 3.30 | 3.88 | 3.53 | 3.58 | 3.86 | 3.75 | 3.84 | 3.77 | 3.56 | 3.27 | 3.49 | 3.68 | 3.37 | 3.86 | 3.66
minimized_CNP0116362.0_docked_9,VAL369 | VAL512 | VAL465 | VAL465 | VAL418 | VAL606 | VAL604 | ALA510 | LEU557 | ALA510 | VAL463,2.66 | 2.74 | 2.97 | 2.97 | 3.05 | 3.11 | 3.26 | 3.06 | 3.12 | 3.02 | 3.28,VAL420 | VAL420 | VAL420 | THR560 | GLY605 | ALA366 | ALA366 | GLY364 | GLY464,3.78 | 3.88 | 3.64 | 3.62 | 3.56 | 3.88 | 3.63 | 3.84 | 3.90
minimized_CNP0116456.1_docked_1,VAL369 | VAL369 | VAL606 | GLY367 | VAL512 | VAL465 | VAL463 | ILE416,3.09 | 3.07 | 2.80 | 2.74 | 2.70 | 3.10 | 2.89 | 2.62,ILE559 | CYS513 | CYS513 | ARG380 | ARG415 | ALA556 | ALA556 | TYR334 | TYR334 | TYR334 | ARG415 | GLY603 | ARG415 | ARG415 | GLY603 | ARG415 | GLY364 | ALA556 | ARG415 | ARG415 | GLY603 | ALA556 | ARG415 | ARG415 | ARG415 | ARG415 | GLY462 | ARG415 | ARG415 | GLY603 | GLY603 | GLY509 | ALA556 | GLY509 | GLY509 | ILE559 | GLY464,3.81 | 3.50 | 3.87 | 3.71 | 3.51 | 2.70 | 3.56 | 3.87 | 3.62 | 3.59 | 3.78 | 3.76 | 3.50 | 3.82 | 3.52 | 3.83 | 3.32 | 3.65 | 3.86 | 3.81 | 3.85 | 3.44 | 3.02 | 3.01 | 3.57 | 3.86 | 2.97 | 3.71 | 3.69 | 3.82 | 3.68 | 3.83 | 3.68 | 3.54 | 3.29 | 3.54 | 3.84
minimized_CNP0116456.1_docked_2,VAL463 | LEU557 | LEU557 | GLY509 | LEU365 | VAL512 | ALA510 | GLY367 | THR560 | GLY564 | GLN563,3.02 | 2.70 | 3.03 | 2.78 | 2.72 | 3.08 | 2.80 | 2.69 | 2.95 | 2.89 | 3.00,ALA510 | GLY509 | ALA556 | ILE559 | GLY564 | VAL561 | LEU515 | VAL561 | VAL561 | VAL561 | VAL369 | ILE559 | ILE559 | CYS513,3.76 | 3.63 | 3.82 | 3.73 | 3.58 | 3.70 | 3.86 | 3.86 | 3.75 | 3.82 | 3.56 | 3.30 | 3.78 | 3.63
minimized_CNP0116456.1_docked_3,VAL561 | THR560 | VAL514 | VAL514 | VAL512 | VAL465 | VAL606 | VAL606 | LEU557,3.09 | 3.18 | 2.93 | 3.05 | 2.77 | 3.23 | 3.27 | 2.88 | 2.90,VAL418 | ILE559 | TYR525 | ALA556 | ALA556 | GLY509 | ALA556 | ALA556 | GLY462 | ARG415 | ARG415 | ARG415 | ARG415 | GLY462 | ARG415 | ARG415 | ARG415 | ARG415 | GLY462 | GLY462 | ALA556 | ALA556 | ILE559,3.77 | 3.84 | 3.64 | 3.19 | 3.43 | 3.09 | 3.74 | 3.09 | 3.56 | 3.39 | 3.39 | 3.72 | 3.54 | 3.19 | 3.41 | 3.36 | 3.84 | 3.82 | 3.67 | 3.78 | 3.67 | 3.62 | 3.88
minimized_CNP0116456.1_docked_4,LEU557 | VAL604 | LEU365 | VAL463 | VAL604 | VAL512 | VAL465 | VAL608 | ASP422,2.80 | 2.77 | 2.70 | 3.10 | 3.01 | 2.71 | 2.97 | 3.22 | 2.90,GLY603 | ALA556 | GLY509 | GLY509 | GLY417 | ILE559 | ILE559 | ARG470 | ARG470 | ARG470 | ASN469 | ARG470 | ARG470 | ARG470 | VAL467 | VAL467 | VAL420 | ILE559 | ILE559,3.87 | 3.67 | 3.56 | 3.56 | 3.33 | 3.68 | 3.41 | 3.77 | 3.77 | 3.59 | 3.76 | 3.85 | 3.80 | 3.74 | 3.81 | 3.69 | 3.79 | 3.70 | 3.62
minimized_CNP0116456.1_docked_5,ILE416 | LEU557 | ALA510 | GLY509 | VAL604 | LEU365 | ALA510 | ILE559 | VAL512 | VAL420 | HIS516,3.09 | 3.12 | 3.00 | 3.00 | 3.23 | 2.82 | 2.78 | 3.19 | 3.18 | 3.27 | 3.01,ALA556 | GLY509 | GLY509 | ALA556 | ALA556 | GLY558 | GLY564 | GLY564 | VAL561 | VAL561 | VAL561 | VAL561 | ALA466 | VAL418 | VAL418 | ALA366,3.88 | 3.59 | 3.53 | 3.82 | 3.37 | 3.49 | 3.48 | 3.78 | 3.83 | 3.88 | 3.65 | 3.26 | 3.58 | 3.12 | 3.80 | 3.72
minimized_CNP0116456.1_docked_6,VAL606 | GLY367 | VAL606 | THR560 | VAL512 | ILE416,3.25 | 2.70 | 3.03 | 2.80 | 2.81 | 2.93,THR560 | THR560 | CYS368 | CYS368 | VAL465 | GLY417 | ILE559 | ILE559 | PHE577 | PHE577 | TYR572 | TYR572 | TYR572 | TYR572 | PHE577 | TYR334 | TYR334 | TYR334 | TYR334 | ARG415 | GLY603 | ARG415 | ARG415 | GLY603 | GLY364 | ALA556 | ALA556 | GLY509 | GLY603 | GLY603 | ALA556 | ALA556 | ALA556 | ALA556 | GLY603 | ARG415 | GLY364 | GLY509 | GLY462 | GLY511 | ALA366 | ALA366,3.89 | 3.88 | 3.80 | 3.71 | 3.86 | 3.83 | 3.78 | 3.82 | 3.55 | 3.77 | 3.88 | 3.60 | 3.65 | 3.89 | 3.74 | 3.73 | 3.49 | 3.70 | 3.71 | 3.87 | 3.40 | 3.31 | 3.15 | 3.71 | 3.74 | 3.79 | 3.76 | 2.85 | 3.68 | 2.92 | 3.84 | 3.51 | 3.59 | 3.16 | 3.76 | 3.89 | 3.66 | 3.86 | 3.76 | 3.49 | 3.74 | 3.82
minimized_CNP0116456.1_docked_7,VAL604 | VAL604 | VAL604 | LEU365 | VAL512 | VAL465,2.96 | 2.91 | 3.08 | 2.92 | 2.72 | 2.72,LEU557 | ALA556 | ALA556 | GLY509 | GLY603 | GLY464 | GLY417 | GLY464 | ILE559 | HIS516 | HIS516 | HIS516 | VAL561 | VAL514 | VAL514 | VAL467 | VAL420 | CYS368 | ILE559 | ILE559,3.80 | 3.64 | 3.43 | 3.65 | 3.68 | 3.86 | 3.31 | 3.85 | 3.64 | 3.83 | 3.64 | 3.77 | 3.85 | 3.86 | 3.59 | 3.83 | 3.50 | 3.52 | 3.76 | 3.56
minimized_CNP0116456.1_docked_8,VAL463 | ILE416 | LEU557 | GLY509 | LEU365 | VAL512 | ALA510 | GLY367 | VAL369 | ARG326,2.98 | 3.31 | 2.79 | 3.23 | 2.67 | 3.20 | 2.72 | 2.52 | 3.27 | 2.84,ALA510 | GLY509 | GLY509 | ALA556 | ILE559 | PRO322 | PRO322 | GLN563 | PRO322 | PRO322 | PRO322 | HIS562 | VAL467 | VAL467 | GLY419 | ILE559 | ILE559 | CYS513,3.83 | 3.49 | 3.67 | 3.80 | 3.74 | 3.77 | 3.88 | 3.71 | 3.72 | 3.77 | 3.53 | 3.87 | 3.81 | 3.77 | 3.90 | 3.22 | 3.85 | 3.64
minimized_CNP0116456.1_docked_9,ALA510 | VAL604 | LEU557 | ILE416 | ILE416 | VAL512 | VAL420 | HIS516,3.21 | 2.80 | 3.31 | 3.05 | 2.83 | 2.86 | 3.11 | 2.92,ALA556 | ALA556 | GLY509 | GLY464 | VAL561 | VAL561 | VAL418 | ALA366 | ILE559,3.35 | 3.39 | 3.59 | 3.66 | 3.89 | 3.50 | 3.26 | 3.51 | 3.86
minimized_CNP0116456.2_docked_1,VAL606 | GLY367 | VAL369 | VAL369 | VAL604 | LEU365 | VAL463 | ILE416 | LEU557 | ALA510,2.85 | 3.07 | 3.01 | 3.17 | 2.71 | 3.11 | 2.83 | 2.78 | 3.03 | 3.14,GLN563 | PRO322 | PRO322 | PRO322 | GLN563 | GLN563 | PRO322 | PRO322 | PRO322 | GLY462 | GLY462 | GLY417 | ILE559 | CYS368 | CYS513 | CYS513,3.84 | 3.81 | 3.69 | 3.88 | 3.73 | 3.29 | 3.61 | 3.68 | 3.61 | 3.59 | 3.42 | 3.71 | 3.89 | 3.86 | 3.60 | 3.73
minimized_CNP0116456.2_docked_2,VAL512 | HIS516 | VAL561 | THR560 | LEU557 | ALA510 | VAL463 | ILE416,3.18 | 3.11 | 2.74 | 3.02 | 3.25 | 3.06 | 2.70 | 2.93,GLY564 | GLN563 | GLN563 | GLY564 | PRO322 | PRO322 | VAL561 | VAL561 | VAL561 | GLY603 | GLY364 | GLY605 | ALA366 | ILE559 | VAL418 | VAL418 | CYS368,3.83 | 3.64 | 3.60 | 3.82 | 3.46 | 3.77 | 3.72 | 3.75 | 3.65 | 3.52 | 3.75 | 3.64 | 3.83 | 3.68 | 3.55 | 3.76 | 3.64
minimized_CNP0116456.2_docked_3,LEU557 | ALA510 | VAL420 | VAL467,3.12 | 2.81 | 2.85 | 3.00,TYR525 | ALA556 | ALA556 | ARG415 | GLY509 | GLY462 | ALA556 | ARG415 | GLY462 | ARG415 | ARG415 | ARG415 | ARG415 | ARG415 | GLY462 | GLY462 | ARG415 | ALA556 | ALA556 | ALA556 | ALA556 | VAL420 | GLY419 | THR560 | THR560 | ILE559,3.81 | 2.98 | 3.57 | 3.77 | 3.48 | 3.87 | 3.45 | 3.84 | 3.05 | 3.61 | 3.52 | 3.63 | 3.47 | 3.80 | 3.53 | 3.34 | 3.69 | 3.89 | 3.72 | 3.52 | 3.17 | 3.87 | 3.66 | 3.80 | 3.86 | 3.89
minimized_CNP0116456.2_docked_4,VAL512 | LEU557 | ALA510 | VAL604 | LEU365 | VAL463 | ILE416 | VAL512,3.27 | 3.17 | 3.13 | 3.00 | 2.70 | 2.77 | 3.20 | 3.08,PRO322 | VAL561 | VAL561 | VAL561 | GLY564 | VAL561 | LEU515 | VAL561 | GLY603 | GLY603 | GLY364 | GLY364 | ILE559 | THR560 | VAL418 | CYS368,3.70 | 3.08 | 3.73 | 3.77 | 3.55 | 3.51 | 3.80 | 3.79 | 3.71 | 3.48 | 3.88 | 3.51 | 3.67 | 3.80 | 3.73 | 3.79
minimized_CNP0116456.2_docked_5,VAL418 | ARG326 | ARG326 | VAL467 | LEU557 | ALA510 | VAL604 | LEU365 | VAL463 | ILE416 | VAL512,2.90 | 3.34 | 2.96 | 3.02 | 3.19 | 2.88 | 2.97 | 2.68 | 2.73 | 3.05 | 3.22,GLY371 | GLY371 | VAL420 | VAL420 | GLY603 | GLY603 | GLY364 | GLY558 | ILE559 | ILE559 | ALA466 | ALA466 | THR560,3.61 | 3.73 | 3.68 | 3.90 | 3.68 | 3.47 | 3.84 | 3.51 | 3.27 | 3.75 | 3.80 | 3.68 | 3.80
minimized_CNP0116456.2_docked_6,VAL606 | THR560 | ILE559 | GLY564 | VAL608 | VAL604 | LEU365 | VAL463 | ILE416 | LEU557 | ALA510,2.95 | 3.18 | 3.27 | 2.81 | 3.18 | 2.72 | 3.20 | 2.84 | 2.74 | 2.98 | 3.10,GLY564 | GLY462 | GLY462 | ARG415 | GLY417 | ILE559 | ALA466,3.61 | 3.64 | 3.44 | 3.84 | 3.81 | 3.43 | 3.75
minimized_CNP0116456.2_docked_7,VAL418 | LEU557 | ALA510 | VAL604 | LEU365 | VAL463 | VAL512,3.14 | 2.92 | 2.98 | 2.83 | 2.70 | 2.73 | 3.11,PRO322 | PRO322 | PRO322 | PRO322 | GLN563 | GLN563 | PRO322 | PRO322 | PRO322 | GLY564 | GLY603 | GLY603 | GLY364 | GLY509 | GLY509 | GLY558 | ILE559 | ILE559 | ALA466 | THR560,3.83 | 3.77 | 3.60 | 3.81 | 3.78 | 3.43 | 3.76 | 3.72 | 3.80 | 3.85 | 3.79 | 3.57 | 3.82 | 3.83 | 3.89 | 3.57 | 3.37 | 3.88 | 3.85 | 3.85
minimized_CNP0116456.2_docked_8,VAL606 | HIS516 | VAL604 | LEU365 | VAL463 | ILE416 | ARG415 | LEU557 | ALA510,3.09 | 3.11 | 2.63 | 3.13 | 2.79 | 2.77 | 3.08 | 2.97 | 3.17,GLN563 | GLN563 | PRO322 | PRO322 | PRO322 | GLN563 | HIS562 | VAL561 | VAL561 | VAL561 | VAL561 | VAL561 | GLY462 | GLY462 | ARG415 | GLY417 | GLY417 | ILE559 | CYS368 | CYS513 | ALA466,3.68 | 3.67 | 3.40 | 3.81 | 3.60 | 3.83 | 3.85 | 3.67 | 3.60 | 3.51 | 3.83 | 3.82 | 3.55 | 3.37 | 3.88 | 3.88 | 3.65 | 3.85 | 3.76 | 3.71 | 3.72
minimized_CNP0116456.2_docked_9,GLY371 | VAL420 | LEU557 | ALA510 | VAL604 | LEU365 | VAL463 | ILE416 | VAL512,3.17 | 2.75 | 3.35 | 2.97 | 2.70 | 2.74 | 2.59 | 2.81 | 3.30,GLY423 | VAL370 | GLY423 | GLY423 | ASP422 | ASP422 | ASP422 | VAL420 | VAL420 | VAL420 | VAL420 | VAL420 | GLY603 | GLY603 | GLY364 | GLY364 | GLY558 | ILE559 | ILE559 | ALA466 | THR560 | ILE559,3.79 | 3.60 | 3.79 | 3.62 | 3.90 | 3.61 | 3.84 | 3.49 | 3.77 | 3.65 | 3.65 | 3.89 | 3.90 | 3.76 | 3.89 | 3.66 | 3.64 | 3.34 | 3.79 | 3.80 | 3.50 | 3.88
minimized_CNP0116817.3_docked_1,LEU557 | ILE416 | LEU365 | LEU557 | GLY367 | GLY367 | VAL465 | VAL465 | VAL418 | ILE559 | ILE559 | VAL467 | VAL467,2.98 | 2.72 | 3.27 | 2.87 | 2.67 | 3.04 | 2.92 | 3.23 | 3.12 | 2.97 | 3.12 | 2.72 | 2.70,GLY364 | GLY364 | GLY417 | ALA366 | VAL420 | VAL420 | CYS513 | CYS513 | ALA366 | ILE559,3.73 | 3.77 | 3.72 | 3.86 | 3.66 | 3.89 | 3.58 | 3.62 | 3.86 | 3.87
minimized_CNP0116817.3_docked_2,LEU557 | VAL604 | LEU365 | LEU557 | ALA510 | GLY367 | GLY367 | VAL465 | VAL465 | VAL418 | ILE559 | ILE559 | VAL561 | GLY564,2.96 | 2.98 | 2.80 | 3.08 | 3.20 | 2.78 | 2.89 | 2.95 | 3.28 | 2.92 | 2.85 | 3.27 | 2.81 | 2.85,GLY364 | GLY364 | GLY417 | GLY417 | ALA366 | GLY564 | LEU515 | VAL561 | VAL561 | VAL561 | VAL561 | VAL561,3.75 | 3.69 | 3.89 | 3.59 | 3.83 | 3.70 | 3.76 | 3.81 | 3.32 | 3.76 | 3.76 | 3.56
minimized_CNP0116817.3_docked_3,ALA510 | VAL604 | LEU557 | VAL463 | GLY367 | GLY367 | VAL465 | VAL465 | VAL418 | VAL418 | ILE559 | ILE559 | VAL467 | VAL420,3.24 | 2.94 | 3.02 | 3.07 | 3.10 | 3.03 | 2.98 | 3.27 | 2.94 | 3.08 | 3.11 | 2.86 | 2.92 | 2.76,GLY603 | GLY603 | ALA556 | ALA556 | ASP422 | VAL420 | VAL420 | VAL420 | VAL467 | ILE559,3.85 | 3.41 | 3.68 | 3.74 | 3.69 | 3.76 | 3.77 | 3.87 | 3.75 | 3.72
minimized_CNP0116817.3_docked_4,LEU557 | ALA510 | ILE416 | LEU365 | LEU557 | GLY367 | GLY367 | VAL465 | VAL418 | ILE559 | ILE559,3.09 | 3.02 | 2.70 | 3.16 | 2.84 | 2.67 | 2.98 | 3.04 | 3.16 | 3.20 | 3.06,ARG415 | GLY364 | GLY417 | ALA366 | VAL608 | VAL608 | CYS513 | ALA466 | VAL514 | GLY419 | VAL467 | VAL467 | ALA366 | ALA366 | ILE559,3.82 | 3.89 | 3.81 | 3.74 | 3.68 | 3.47 | 3.58 | 3.38 | 3.71 | 3.77 | 3.86 | 3.73 | 3.76 | 3.88 | 3.75
minimized_CNP0116817.3_docked_5,LEU557 | ALA510 | LEU557 | GLY367 | GLY367 | VAL465 | VAL465 | ILE559,3.21 | 3.02 | 2.90 | 2.70 | 3.03 | 3.19 | 3.17 | 3.11,ARG415 | ARG415 | GLY364 | VAL369 | VAL420 | THR560 | CYS513 | ALA466 | ALA466 | ALA466 | VAL514 | GLY605 | ALA366 | ALA366 | ILE559,3.74 | 3.57 | 3.85 | 3.82 | 3.63 | 3.77 | 3.75 | 3.30 | 3.76 | 3.74 | 3.78 | 3.86 | 3.68 | 3.79 | 3.54
minimized_CNP0116817.3_docked_6,LEU557 | GLY509 | ILE416 | LEU365 | LEU557 | GLY367 | VAL418 | VAL418 | ILE559 | ILE559,2.91 | 2.97 | 2.70 | 3.05 | 2.99 | 2.88 | 3.13 | 2.72 | 3.11 | 3.30,GLY364 | PRO322 | ARG326 | ARG326 | ARG326 | VAL608 | VAL561 | VAL561 | ILE559,3.87 | 3.68 | 3.60 | 3.64 | 3.86 | 3.86 | 3.75 | 3.71 | 3.61
minimized_CNP0116817.3_docked_7,VAL514 | VAL467 | VAL561 | GLY367 | VAL606 | THR560 | VAL604 | VAL418,3.09 | 2.76 | 2.94 | 3.01 | 3.03 | 2.78 | 3.24 | 2.86,VAL561 | THR560 | THR560 | GLY603 | ARG415 | GLY364 | ARG415 | ALA556 | ALA556 | ARG415 | ALA556 | GLY364 | GLY364 | GLY464 | VAL463 | ILE559 | ILE559 | ILE559 | GLY558 | GLY417 | LEU557 | ALA556 | ALA556,3.65 | 3.82 | 3.79 | 3.77 | 3.72 | 3.76 | 3.61 | 3.76 | 3.70 | 3.87 | 3.88 | 3.75 | 3.59 | 3.76 | 3.71 | 3.89 | 3.38 | 3.81 | 3.79 | 3.75 | 3.73 | 3.63 | 3.20
minimized_CNP0116817.3_docked_8,ARG326 | VAL369 | ARG326 | GLY367 | THR560 | VAL604 | VAL418,2.97 | 2.73 | 3.07 | 2.95 | 2.84 | 3.29 | 2.92,VAL608 | GLY603 | ARG415 | GLY364 | ARG415 | ALA556 | ALA556 | ARG415 | ALA556 | GLY364 | GLY364 | GLY464 | VAL463 | ILE559 | ILE559 | ILE559 | GLY558 | GLY417 | LEU557 | ALA556 | ALA556 | CYS368 | CYS368 | CYS368,3.47 | 3.74 | 3.73 | 3.75 | 3.62 | 3.73 | 3.70 | 3.87 | 3.89 | 3.80 | 3.66 | 3.70 | 3.70 | 3.82 | 3.32 | 3.76 | 3.79 | 3.77 | 3.73 | 3.64 | 3.22 | 3.69 | 3.72 | 3.67
minimized_CNP0116817.3_docked_9,VAL512 | VAL512 | VAL512 | VAL606 | VAL606 | GLY367 | GLY367 | ALA510 | VAL604 | LEU557 | VAL463 | ILE416 | ARG415 | ARG483 | ARG415 | ARG415 | SER508,3.30 | 2.93 | 2.95 | 3.20 | 3.06 | 3.23 | 3.05 | 2.94 | 2.67 | 2.90 | 3.16 | 2.76 | 2.80 | 2.95 | 3.23 | 3.17 | 3.01,ALA366 | GLY464 | GLY603 | ALA556 | ALA556 | PHE478 | PHE478 | ALA556 | TYR525 | TYR525 | ALA556 | ARG415 | GLY509 | GLY462 | ALA556 | ARG415 | GLY509 | GLY462 | ARG415 | ALA556 | ALA556 | ARG415 | ARG415,3.79 | 3.86 | 3.86 | 3.60 | 3.73 | 3.44 | 3.82 | 3.79 | 3.36 | 3.59 | 3.65 | 3.63 | 3.31 | 3.44 | 3.86 | 3.83 | 3.71 | 3.86 | 3.73 | 3.31 | 3.64 | 3.61 | 3.64
minimized_CNP0117528.0_docked_1,GLY423 | VAL606 | VAL604 | VAL604 | LEU557 | VAL512 | VAL465 | VAL465 | ALA510 | GLY462 | ALA510 | GLY509,3.32 | 3.18 | 2.91 | 3.26 | 2.74 | 2.96 | 2.86 | 2.87 | 2.88 | 3.19 | 3.17 | 3.07,VAL514 | VAL514 | VAL467 | VAL420 | VAL420 | VAL420 | THR560 | VAL418 | GLY464 | GLY603 | GLY603 | GLY509 | GLY462 | GLY509 | GLY509 | ALA556,3.68 | 3.47 | 3.90 | 3.65 | 3.78 | 3.86 | 3.74 | 3.80 | 3.74 | 3.86 | 3.82 | 3.89 | 3.73 | 3.54 | 3.23 | 3.90
minimized_CNP0117528.0_docked_2,ARG470 | ASN469 | VAL465 | VAL418 | VAL418 | VAL463 | ILE416 | VAL604 | LEU557 | ALA510 | LEU557 | ALA510 | GLY509,2.95 | 3.08 | 3.19 | 3.15 | 3.16 | 2.97 | 3.14 | 2.84 | 2.96 | 2.70 | 3.32 | 3.06 | 3.26,VAL467 | VAL467 | GLY603 | GLY603 | GLY509 | GLY509,3.75 | 3.75 | 3.69 | 3.69 | 3.65 | 3.48
minimized_CNP0117528.0_docked_3,VAL369 | VAL465 | VAL463 | ILE416 | VAL606 | GLY367 | VAL604 | LEU365 | ILE416 | LEU365,2.84 | 3.10 | 3.24 | 2.65 | 3.01 | 3.19 | 2.81 | 2.60 | 2.72 | 3.11,ALA607 | VAL369 | VAL369 | CYS368 | ILE559 | GLY605 | ALA366 | GLY509 | GLY462 | GLY603 | GLY603 | GLY364 | GLY364 | ILE559,3.40 | 3.69 | 3.53 | 3.47 | 3.46 | 3.30 | 3.61 | 3.71 | 3.87 | 3.83 | 3.78 | 3.67 | 3.63 | 3.86
minimized_CNP0117528.0_docked_4,VAL514 | VAL604 | VAL604 | VAL512 | VAL465 | VAL465 | ALA510 | GLY462 | LEU557 | ALA510 | GLY509,2.84 | 3.32 | 3.05 | 2.92 | 2.82 | 3.08 | 2.80 | 3.19 | 3.35 | 3.20 | 3.23,VAL514 | VAL514 | VAL561 | VAL561 | THR560 | CYS513 | ILE559 | VAL418 | GLY367 | GLY464 | GLY603 | GLY603 | GLY364 | GLY509 | GLY462 | ALA556 | GLY509 | GLY509 | ALA556 | ALA366,3.70 | 3.21 | 3.76 | 3.70 | 3.60 | 3.45 | 3.78 | 3.62 | 3.81 | 3.53 | 3.85 | 3.80 | 3.82 | 3.71 | 3.77 | 3.88 | 3.50 | 3.27 | 3.72 | 3.46
minimized_CNP0117528.0_docked_5,HIS516 | HIS516 | VAL465 | VAL465 | VAL418 | VAL463 | ILE416 | VAL606 | VAL604 | ALA510 | VAL463 | LEU557 | ALA510,2.78 | 2.98 | 2.95 | 2.97 | 3.18 | 2.88 | 3.28 | 3.35 | 2.75 | 2.70 | 3.10 | 2.88 | 2.97,VAL608 | VAL608 | VAL514 | VAL561 | CYS368 | CYS368 | GLY605 | GLY603 | GLY603 | GLY509 | GLY509 | ALA556 | GLY417 | GLY417,3.66 | 3.58 | 3.65 | 3.70 | 3.70 | 3.75 | 3.75 | 3.41 | 3.40 | 3.78 | 3.84 | 3.74 | 3.76 | 3.72
minimized_CNP0117528.0_docked_6,HIS516 | VAL465 | VAL418 | VAL418 | THR560 | VAL606 | VAL606 | ILE559 | ILE559 | GLY367,3.10 | 3.15 | 3.17 | 2.67 | 2.96 | 3.18 | 3.11 | 2.77 | 3.30 | 2.92,HIS516 | GLN563 | HIS516 | GLY564 | VAL561 | VAL561 | VAL561 | VAL561 | THR560 | THR560 | GLY417 | GLY605 | ALA366 | ILE559,3.79 | 3.78 | 3.83 | 3.60 | 3.72 | 3.61 | 3.76 | 3.50 | 3.72 | 3.78 | 3.48 | 3.90 | 3.70 | 3.60
minimized_CNP0117528.0_docked_7,VAL418 | VAL418 | GLY367 | THR560 | VAL606 | VAL606 | ILE559 | ILE559 | VAL606 | GLY367,2.90 | 2.92 | 3.10 | 2.86 | 3.18 | 3.11 | 2.76 | 3.30 | 3.24 | 2.88,VAL561 | HIS516 | HIS516 | VAL561 | VAL514 | VAL514 | THR560 | THR560 | GLY417 | ALA366 | ILE559,3.53 | 3.44 | 3.86 | 3.53 | 3.68 | 3.60 | 3.72 | 3.80 | 3.50 | 3.70 | 3.69
minimized_CNP0117528.0_docked_8,GLN530 | VAL463 | ILE416 | VAL463 | VAL604 | VAL604 | ALA556 | VAL604,2.92 | 2.86 | 2.88 | 3.10 | 2.83 | 2.87 | 3.16 | 2.71,TYR572 | TYR572 | TYR572 | TYR572 | ARG415 | ARG415 | TYR525 | TYR525 | TYR525 | TYR525 | ALA556 | GLY509 | SER508 | GLY509 | ALA556 | GLY509 | GLY462 | ARG415 | ARG415 | ARG415 | ARG415 | LEU557 | ALA556 | ALA556 | ILE559,3.80 | 2.86 | 3.37 | 3.07 | 2.75 | 3.63 | 3.76 | 3.65 | 3.57 | 3.87 | 3.83 | 3.09 | 3.71 | 3.78 | 3.50 | 3.76 | 3.16 | 3.59 | 3.01 | 3.82 | 3.69 | 3.63 | 3.49 | 3.80 | 3.59
minimized_CNP0117528.0_docked_9,ARG326 | VAL465 | VAL418 | VAL418 | GLY367 | THR560 | VAL606 | VAL606 | ILE559 | ILE559 | VAL606 | GLY367 | GLY367,2.98 | 3.34 | 2.92 | 2.79 | 3.33 | 2.90 | 3.16 | 3.12 | 2.69 | 3.26 | 3.31 | 3.10 | 2.91,LYS323 | VAL420 | VAL370 | VAL420 | THR560 | THR560 | GLY417 | GLY605 | ALA366 | ILE559,3.55 | 3.46 | 3.81 | 3.75 | 3.75 | 3.85 | 3.55 | 3.90 | 3.67 | 3.63
minimized_CNP0119984.3_docked_1,VAL604 | LEU557 | VAL463 | ILE416 | VAL604 | LEU557 | VAL418 | VAL606 | GLY367 | VAL512 | VAL512 | VAL606 | GLY367 | VAL467,3.16 | 3.06 | 2.99 | 2.81 | 3.00 | 2.94 | 2.96 | 2.98 | 2.96 | 2.98 | 3.16 | 2.71 | 2.87 | 3.26,GLY462 | GLY462 | ALA366 | ALA366 | THR560 | CYS513 | CYS513 | VAL514 | VAL561 | VAL561 | CYS513 | VAL561 | VAL561 | VAL561,3.86 | 3.60 | 3.50 | 3.71 | 3.64 | 3.18 | 3.83 | 3.84 | 3.66 | 3.78 | 3.87 | 3.59 | 3.34 | 3.86
minimized_CNP0119984.3_docked_2,SER508 | VAL604 | ALA510 | VAL606,2.80 | 2.94 | 2.72 | 3.01,GLY509 | ARG415 | ARG415 | ARG415 | ALA556 | ALA556 | ARG415 | GLY462 | GLY462 | GLY417 | ALA607 | ILE559 | ILE559 | CYS513 | CYS513 | VAL467 | VAL467 | ALA556 | ALA556,3.38 | 3.83 | 3.47 | 3.54 | 3.51 | 3.79 | 3.77 | 3.63 | 3.78 | 3.82 | 3.90 | 3.83 | 3.82 | 3.88 | 3.89 | 3.85 | 3.44 | 3.68 | 3.36
minimized_CNP0119984.3_docked_3,LEU365 | VAL512 | VAL512 | VAL465,2.79 | 3.10 | 3.12 | 3.32,GLY603 | ARG415 | ARG415 | ALA556 | ARG415 | ALA556 | GLY603 | GLY603 | CYS513 | ALA366 | ILE559 | VAL465 | ILE559 | ILE559 | CYS368 | CYS368 | VAL369 | ALA556,3.79 | 3.42 | 3.76 | 3.49 | 3.88 | 3.66 | 3.66 | 3.31 | 3.88 | 3.73 | 3.44 | 3.88 | 3.71 | 3.83 | 3.85 | 3.69 | 3.72 | 3.52
minimized_CNP0119984.3_docked_4,LEU557 | ILE416 | LEU365 | LEU557 | ALA510 | VAL418 | VAL606 | VAL465 | VAL465 | VAL606 | ILE559,2.89 | 2.70 | 3.03 | 3.20 | 3.07 | 2.97 | 2.83 | 3.00 | 3.04 | 2.90 | 2.81,ARG415 | GLY364 | GLY364 | GLY605 | ALA366 | ALA366 | CYS513 | CYS513 | ALA466 | VAL467 | VAL514 | VAL514 | GLY417,3.75 | 3.75 | 3.83 | 3.88 | 3.88 | 3.76 | 3.74 | 3.35 | 3.40 | 3.84 | 3.71 | 3.65 | 3.79
minimized_CNP0119984.3_docked_5,SER363 | VAL604 | LEU365 | LEU557 | ALA510 | VAL606 | GLY367,3.12 | 3.31 | 2.87 | 3.11 | 3.03 | 3.13 | 3.13,SER363 | ALA556 | ALA556 | ARG415 | ARG415 | GLY603 | ALA556 | GLY509 | GLY462 | GLY462 | ILE559 | VAL514 | VAL514 | GLY603 | ALA556,3.68 | 3.69 | 3.83 | 3.73 | 3.50 | 3.64 | 3.55 | 3.59 | 3.76 | 3.83 | 3.40 | 3.72 | 3.56 | 3.55 | 3.79
minimized_CNP0119984.3_docked_6,ILE416 | ALA510 | VAL606,2.74 | 2.78 | 2.87,GLY603 | GLY364 | ARG415 | ARG415 | ALA556 | ALA556 | ALA556 | GLY603 | GLY603 | GLY417 | ALA366 | ALA607 | ILE559 | VAL467 | GLY462 | ALA556,3.75 | 3.52 | 3.54 | 3.80 | 3.65 | 3.37 | 3.82 | 3.72 | 3.50 | 3.67 | 3.89 | 3.88 | 3.74 | 3.45 | 3.87 | 3.65
minimized_CNP0119984.3_docked_7,ALA510 | ILE416 | LEU365 | GLY364 | ALA510 | GLY367 | VAL606 | VAL418 | VAL512,2.80 | 2.65 | 3.05 | 2.84 | 3.14 | 2.96 | 2.82 | 3.33 | 3.05,GLY364 | GLY364 | ILE559 | ALA466 | GLY419 | VAL420 | VAL467 | LEU468 | ASN469 | LEU468 | ALA366 | ALA366 | ILE559,3.50 | 3.56 | 3.63 | 3.73 | 3.70 | 3.89 | 3.59 | 3.80 | 3.72 | 3.88 | 3.23 | 3.73 | 3.79
minimized_CNP0119984.3_docked_8,VAL463 | ILE416 | VAL604 | VAL604 | LEU557 | VAL463 | ILE416 | VAL465 | ILE559 | VAL512 | VAL465 | THR560,2.96 | 3.07 | 2.97 | 3.13 | 2.99 | 2.84 | 3.05 | 3.20 | 3.22 | 2.88 | 2.90 | 2.82,GLY603 | GLY603 | ALA556 | ALA556 | CYS368 | VAL369 | VAL420 | CYS368 | VAL420 | VAL420 | ILE559 | ILE559,3.85 | 3.39 | 3.56 | 3.64 | 3.88 | 3.57 | 3.77 | 3.79 | 3.67 | 3.67 | 2.93 | 3.53
minimized_CNP0119984.3_docked_9,LEU557 | ALA510 | ILE416 | LEU365 | ALA510 | VAL418 | VAL606 | VAL512 | VAL465 | VAL465 | VAL465 | VAL418,2.81 | 3.23 | 2.68 | 3.15 | 2.86 | 3.20 | 2.98 | 3.31 | 3.27 | 3.05 | 2.95 | 2.62,GLY364 | GLY364 | ALA366 | ALA366 | ALA607 | CYS368 | ILE559,3.64 | 3.70 | 3.78 | 3.80 | 3.72 | 3.64 | 3.78
minimized_CNP0120750.1_docked_1,VAL420 | ARG326 | GLY372 | GLY371 | VAL608 | GLY371 | ILE559 | LEU557 | VAL604 | LEU365 | VAL465 | VAL465 | VAL606 | VAL606 | GLY367 | GLY367,2.95 | 3.14 | 2.88 | 3.12 | 2.94 | 3.16 | 3.14 | 3.22 | 3.14 | 3.19 | 3.17 | 3.25 | 3.30 | 2.81 | 3.28 | 2.72,VAL369 | VAL369 | VAL369 | ILE559 | CYS368 | VAL418 | CYS513 | CYS513 | ALA466 | VAL514 | VAL514 | VAL561 | VAL561 | VAL561,3.82 | 3.68 | 3.59 | 3.86 | 3.70 | 3.84 | 3.68 | 3.41 | 3.67 | 3.86 | 3.74 | 3.88 | 3.76 | 3.43
minimized_CNP0120750.1_docked_2,ARG326 | VAL420 | GLY371 | VAL512 | VAL512 | VAL418 | VAL418 | ILE559,3.08 | 2.81 | 3.08 | 3.20 | 2.80 | 2.94 | 2.97 | 2.83,VAL370 | VAL420 | VAL420 | VAL420 | ILE559 | ILE559 | ILE559 | ALA466 | HIS562 | THR560 | CYS513 | VAL561,3.52 | 3.62 | 3.74 | 3.82 | 3.66 | 3.81 | 3.63 | 3.80 | 3.55 | 3.80 | 3.71 | 3.61
minimized_CNP0120750.1_docked_3,HIS562 | ARG326 | VAL512 | VAL418 | ILE559 | ILE559,3.02 | 3.01 | 2.85 | 2.98 | 3.00 | 3.21,ARG326 | GLY417 | ALA366 | ILE559 | ILE559 | ILE559 | ALA466 | ALA466 | VAL467 | VAL561 | CYS513 | VAL514 | VAL514 | VAL514 | VAL514,3.87 | 3.77 | 3.89 | 3.79 | 3.74 | 3.53 | 3.86 | 3.46 | 3.81 | 3.67 | 3.79 | 3.76 | 3.80 | 3.83 | 3.19
minimized_CNP0120750.1_docked_4,VAL369 | VAL608 | ARG326 | ARG326 | LYS323 | LYS323 | ARG326 | ARG326 | VAL512 | VAL418 | ILE559 | ILE559,2.97 | 3.04 | 2.90 | 3.06 | 2.99 | 3.00 | 3.22 | 2.93 | 2.86 | 2.97 | 3.09 | 3.19,LYS323 | GLY417 | ALA366 | ILE559 | ILE559 | ILE559 | ALA466 | ALA466 | VAL561 | VAL561 | CYS513 | CYS513 | VAL514 | VAL514 | VAL561 | VAL561,3.76 | 3.75 | 3.89 | 3.85 | 3.76 | 3.50 | 3.60 | 3.55 | 3.78 | 3.87 | 3.57 | 3.78 | 3.78 | 3.74 | 3.76 | 3.73
minimized_CNP0120750.1_docked_5,ARG326 | ARG326 | HIS516 | HIS516 | VAL467 | ILE559 | ILE559 | VAL512 | VAL512 | VAL465 | VAL465,3.18 | 2.96 | 3.06 | 2.95 | 3.11 | 2.87 | 3.06 | 2.76 | 3.33 | 3.02 | 3.07,VAL514 | VAL514 | VAL514 | THR560 | CYS513 | CYS368 | CYS368 | VAL420 | VAL420 | VAL420,3.62 | 3.62 | 3.32 | 3.90 | 3.62 | 3.64 | 3.62 | 3.79 | 3.77 | 3.47
minimized_CNP0120750.1_docked_6,VAL420 | VAL608 | VAL608 | LEU365 | VAL465 | VAL418 | VAL606 | VAL606 | GLY367 | GLY367,3.30 | 2.98 | 3.01 | 3.10 | 3.05 | 3.03 | 3.20 | 2.79 | 3.26 | 2.80,VAL369 | CYS368 | CYS368 | VAL418 | CYS513 | ALA466 | ALA466 | VAL514 | VAL514 | VAL561 | CYS513 | VAL561 | VAL561,3.80 | 3.65 | 3.80 | 3.73 | 3.54 | 3.35 | 3.83 | 3.84 | 3.81 | 3.86 | 3.56 | 3.42 | 3.39
minimized_CNP0120750.1_docked_7,VAL561 | GLY564 | GLN563 | HIS562 | VAL561 | ILE416 | VAL512 | VAL465 | VAL465 | VAL418 | VAL418,3.16 | 2.97 | 2.99 | 3.09 | 3.12 | 3.13 | 2.70 | 2.92 | 3.05 | 2.81 | 2.82,VAL608 | HIS562 | VAL561 | GLY464 | ALA366 | ILE559 | ALA466 | ALA607 | ALA607 | VAL420 | CYS368 | CYS368 | ALA607 | VAL369 | VAL369,3.82 | 3.86 | 3.77 | 3.86 | 3.76 | 3.53 | 3.69 | 3.68 | 3.50 | 3.60 | 3.77 | 3.77 | 3.79 | 3.44 | 3.88
minimized_CNP0120750.1_docked_8,VAL369 | GLN563 | HIS562 | ARG326 | VAL369 | VAL463 | ILE416 | VAL604 | ALA510,2.84 | 2.95 | 3.15 | 2.95 | 2.97 | 3.23 | 3.02 | 2.69 | 2.59,GLY462 | ARG415 | GLY509 | GLY558 | ALA366 | ALA366 | VAL418 | ALA366 | VAL418 | CYS368 | GLY367 | VAL561 | VAL561 | VAL514 | CYS513 | VAL514 | VAL606 | VAL465 | ALA466,3.83 | 3.86 | 3.75 | 3.72 | 3.80 | 3.71 | 3.89 | 3.78 | 3.67 | 3.87 | 3.47 | 2.72 | 3.08 | 3.79 | 3.57 | 3.68 | 3.72 | 3.75 | 3.84
minimized_CNP0120750.1_docked_9,VAL561 | ARG326 | ARG326 | ILE416 | VAL512 | VAL465 | VAL418 | VAL418,2.88 | 3.03 | 3.28 | 3.02 | 2.79 | 3.14 | 2.88 | 2.85,PRO322 | GLY464 | ALA366 | ILE559 | ALA466 | ALA466 | ALA607 | ALA607 | VAL420 | CYS368 | CYS368 | VAL369,3.70 | 3.87 | 3.60 | 3.64 | 3.60 | 3.84 | 3.78 | 3.64 | 3.45 | 3.78 | 3.84 | 3.67
minimized_CNP0121074.2_docked_1,LEU557 | VAL463 | VAL467 | VAL561 | THR560,2.70 | 2.74 | 3.34 | 3.27 | 2.90,ARG415 | GLY364 | GLY364 | GLY509 | GLY509 | CYS513 | ILE559 | ILE559 | GLY558 | VAL418 | ALA366 | VAL418 | VAL418,3.42 | 3.88 | 3.58 | 3.87 | 3.89 | 3.88 | 3.58 | 3.44 | 3.84 | 3.87 | 3.49 | 3.60 | 3.87
minimized_CNP0121074.2_docked_2,SER602 | VAL512 | VAL512 | GLY367,3.07 | 2.73 | 2.81 | 3.04,SER602 | ALA556 | ARG415 | ARG415 | ARG415 | THR560 | ALA366 | ALA366 | ALA556 | ALA556 | GLY603 | GLY364 | GLY603 | ALA556 | GLY364 | ARG415 | GLY509 | GLY462 | GLY462 | VAL463 | GLY462 | GLY464,3.69 | 3.63 | 3.85 | 3.40 | 3.64 | 3.77 | 3.72 | 3.88 | 3.56 | 3.30 | 3.58 | 3.60 | 3.06 | 3.86 | 3.65 | 3.45 | 3.46 | 3.34 | 3.39 | 3.78 | 3.88 | 3.52
minimized_CNP0121074.2_docked_3,VAL463 | VAL512 | VAL512 | ILE416 | LEU365 | VAL418 | VAL418 | VAL420 | ARG470 | ASN469,3.23 | 2.97 | 3.18 | 2.78 | 3.14 | 2.95 | 2.92 | 2.78 | 2.90 | 3.08,ALA366 | ALA366 | ALA366 | ARG470 | VAL467 | ILE421 | ARG470 | ASN469 | ASN469 | ILE559 | CYS368 | CYS368 | VAL420,3.82 | 3.86 | 3.76 | 3.77 | 3.65 | 3.88 | 3.51 | 3.83 | 3.84 | 3.63 | 3.73 | 3.86 | 3.68
minimized_CNP0121074.2_docked_4,VAL608 | ARG326 | VAL369 | VAL608 | THR560 | VAL465 | VAL463,2.64 | 3.07 | 2.81 | 3.09 | 3.30 | 3.00 | 3.28,VAL608 | GLY603 | ALA556 | ALA556 | ALA556 | ARG415 | ARG415 | ARG415 | GLY364 | ARG415 | VAL418 | ALA366 | VAL465,3.64 | 3.69 | 3.62 | 3.89 | 3.81 | 3.53 | 3.77 | 3.68 | 3.80 | 3.69 | 3.77 | 3.81 | 3.77
minimized_CNP0121074.2_docked_5,SER508 | VAL512 | VAL512 | GLY367,2.76 | 2.64 | 2.88 | 3.04,ARG415 | ARG415 | ARG415 | ALA556 | ALA556 | THR560 | ALA366 | ALA556 | ALA556 | GLY603 | GLY364 | GLY603 | ALA556 | ARG415 | GLY509 | GLY462 | GLY462 | GLY509 | GLY462 | GLY462 | VAL463 | GLY462 | GLY464,3.42 | 3.53 | 3.77 | 3.48 | 3.61 | 3.54 | 3.81 | 3.64 | 3.30 | 3.79 | 3.84 | 3.44 | 3.72 | 3.45 | 3.77 | 3.62 | 3.70 | 3.45 | 3.15 | 3.36 | 3.56 | 3.89 | 3.53
minimized_CNP0121074.2_docked_6,LEU365 | THR560,2.70 | 2.84,GLY509 | GLY462 | ALA556 | ALA556 | VAL608 | ILE559 | ILE559 | ALA366 | VAL418 | VAL418,3.16 | 3.79 | 3.85 | 3.56 | 3.72 | 3.76 | 3.26 | 3.21 | 3.39 | 3.86
minimized_CNP0121074.2_docked_7,LEU557 | VAL512 | VAL512 | ILE559 | ILE559 | ILE416 | ARG326,2.74 | 3.33 | 3.00 | 2.97 | 3.28 | 3.33 | 3.04,GLY558 | ILE559 | ARG326 | ARG326 | CYS368,3.87 | 3.64 | 3.80 | 3.81 | 3.61
minimized_CNP0121074.2_docked_8,ALA510 | VAL512 | VAL512 | VAL604 | LEU365 | VAL463 | VAL608 | ARG326 | ARG326 | ARG326,3.15 | 3.31 | 2.69 | 2.76 | 2.82 | 2.90 | 2.98 | 3.10 | 3.18 | 2.95,GLY464 | GLY464 | VAL369 | VAL369 | ALA607 | VAL369 | VAL606 | ILE559 | THR560,3.52 | 3.67 | 3.83 | 3.89 | 3.69 | 3.86 | 3.80 | 3.89 | 3.76
minimized_CNP0121074.2_docked_9,ARG326 | VAL561 | VAL608 | VAL608 | VAL512,2.94 | 2.93 | 2.96 | 3.22 | 2.86,VAL608 | GLY603 | GLY603 | LEU557 | ALA556 | ALA556 | GLY364 | GLY462 | GLY462 | ARG415 | ARG415 | ILE559 | ILE559 | CYS368 | CYS368 | VAL418 | GLY367 | ALA366 | ALA366 | ALA366,3.88 | 3.88 | 3.52 | 3.86 | 3.41 | 3.69 | 3.88 | 3.72 | 3.43 | 3.69 | 3.86 | 3.58 | 3.89 | 3.74 | 3.86 | 3.89 | 3.83 | 3.70 | 3.32 | 3.70
minimized_CNP0121440.1_docked_1,VAL463 | ILE416 | VAL514 | VAL467,2.48 | 2.88 | 2.86 | 3.01,PHE577 | PHE577 | TYR572 | TYR572 | TYR334 | ARG415 | ARG415 | ALA556 | ARG415 | ALA556 | ARG415 | GLY603 | GLY364 | GLY603 | GLY364 | ALA510 | VAL465 | GLY417 | ALA366 | VAL561 | ALA466 | THR560 | ILE559 | CYS513,3.78 | 3.79 | 3.79 | 3.83 | 3.69 | 3.73 | 3.68 | 3.74 | 3.80 | 3.72 | 3.62 | 2.97 | 3.21 | 3.41 | 3.30 | 3.88 | 3.81 | 3.77 | 3.88 | 3.79 | 3.85 | 3.84 | 3.89 | 3.57
minimized_CNP0121440.1_docked_2,GLY564 | GLY564 | GLN563 | VAL465,3.15 | 3.25 | 2.98 | 3.30,VAL561 | VAL561 | VAL561 | VAL606 | VAL606 | ARG415 | GLY364 | GLY364 | GLY462 | GLY509 | GLY509 | GLY464 | GLY464,3.76 | 3.77 | 3.57 | 3.59 | 3.83 | 3.73 | 3.81 | 3.43 | 3.84 | 3.57 | 3.85 | 3.82 | 3.30
minimized_CNP0121440.1_docked_3,VAL467 | VAL467 | VAL467 | VAL418 | GLY367 | GLY367 | LEU365 | SER363,2.89 | 2.84 | 3.00 | 2.93 | 2.90 | 3.30 | 2.99 | 2.97,VAL467 | VAL606 | ILE559 | GLY558 | GLY558 | GLY605 | GLY605 | GLY605 | GLY509 | GLY509 | VAL463 | GLY462 | GLY462 | LEU557 | ALA556 | GLY509 | GLY509 | ARG415 | GLY364 | SER363 | GLY603 | ALA556 | GLY509 | ARG415 | ARG415 | ARG415 | ARG415 | GLY364 | GLY603 | ARG415 | GLY364 | ALA556 | ARG415,3.52 | 3.80 | 3.86 | 3.61 | 3.39 | 3.81 | 3.67 | 3.87 | 3.58 | 3.22 | 3.59 | 3.20 | 3.85 | 3.85 | 3.85 | 3.88 | 3.78 | 3.84 | 3.74 | 3.87 | 3.61 | 3.90 | 3.80 | 3.78 | 3.36 | 3.77 | 3.72 | 3.55 | 3.85 | 3.62 | 3.08 | 3.55 | 3.86
minimized_CNP0121440.1_docked_4,VAL561 | VAL561 | THR560 | VAL512 | VAL465 | VAL608 | THR560 | THR560 | VAL465 | VAL463 | SER363,3.00 | 3.14 | 2.97 | 2.70 | 2.32 | 3.24 | 3.03 | 2.87 | 3.31 | 3.30 | 3.00,GLY417 | ALA366 | ALA366 | GLY417 | ILE559 | GLY509 | GLY509 | VAL463 | GLY462 | LEU557 | ALA556 | ALA556 | ALA556 | SER363 | GLY603 | ALA556 | ALA556 | ARG415 | ARG415 | ARG415 | GLY364 | ARG415 | GLY364 | ALA556 | ARG415,3.65 | 2.78 | 3.75 | 3.65 | 3.87 | 3.71 | 3.48 | 3.84 | 3.67 | 3.69 | 3.68 | 3.85 | 3.64 | 3.72 | 3.57 | 3.89 | 3.66 | 3.81 | 3.49 | 3.58 | 3.54 | 3.43 | 3.04 | 3.53 | 3.85
minimized_CNP0121440.1_docked_5,ARG483 | ARG483 | ARG483 | SER508 | VAL604 | VAL514,3.02 | 2.78 | 3.13 | 3.11 | 2.47 | 3.13,PHE478 | PHE478 | PHE478 | ARG415 | ARG415 | ARG415 | GLY509 | GLY462 | ALA556 | GLY509 | GLY462 | ALA556 | ALA556 | ARG415 | ARG415 | GLY364 | GLY364 | GLY364 | GLY364 | ALA556 | ALA556 | VAL512 | VAL512 | GLY464 | GLY464 | THR560 | ILE559 | ILE559 | VAL418,3.67 | 3.77 | 3.58 | 3.86 | 3.84 | 3.70 | 3.43 | 3.55 | 3.31 | 3.27 | 3.63 | 3.44 | 3.80 | 3.63 | 3.53 | 3.46 | 3.74 | 3.67 | 3.53 | 3.58 | 3.61 | 3.62 | 3.79 | 3.78 | 3.50 | 3.82 | 3.61 | 3.61 | 3.90
minimized_CNP0121440.1_docked_6,VAL512 | ILE559 | VAL561 | THR560 | ARG326,2.84 | 2.74 | 3.21 | 3.09 | 3.06,THR560 | ALA607 | ALA607 | VAL420 | VAL420 | VAL420 | VAL420 | VAL420 | VAL608 | VAL608,3.73 | 3.73 | 3.58 | 3.75 | 3.83 | 3.38 | 3.80 | 3.87 | 3.43 | 3.71
minimized_CNP0121440.1_docked_7,ARG470 | ARG470 | ASN469 | ASN469 | VAL608 | THR560,3.07 | 3.32 | 2.99 | 2.86 | 3.18 | 3.12,ARG470 | VAL608 | VAL608 | VAL608 | VAL418 | CYS368 | THR560 | ALA556 | GLY417 | ILE559,3.51 | 3.84 | 3.77 | 3.74 | 3.83 | 3.79 | 3.82 | 3.77 | 3.70 | 3.68
minimized_CNP0121440.1_docked_8,VAL465 | VAL512 | THR560 | ARG326,2.98 | 2.60 | 3.05 | 3.03,THR560 | CYS513 | THR560 | VAL369 | VAL369 | VAL467 | ARG470 | VAL467,3.76 | 3.69 | 3.74 | 3.76 | 3.57 | 3.77 | 3.67 | 3.66
minimized_CNP0121440.1_docked_9,GLY367 | VAL418 | THR560 | ARG326,3.03 | 2.99 | 3.25 | 3.01,ILE559 | ALA466 | ALA466 | VAL561 | VAL561 | VAL561 | ARG326 | VAL369,3.65 | 3.87 | 3.87 | 3.84 | 3.54 | 3.74 | 3.75 | 3.76
minimized_CNP0122619.0_docked_1,GLY372 | THR560 | THR560 | ILE559 | VAL512 | VAL418 | GLY367 | VAL465 | VAL512 | LEU365,3.25 | 2.94 | 3.15 | 3.32 | 2.80 | 3.09 | 3.23 | 3.07 | 3.02 | 2.89,GLY371 | VAL369 | VAL369 | VAL369 | VAL369 | VAL369 | VAL608 | THR560 | THR560 | ALA556 | VAL606 | GLY558 | ILE559 | ILE559,3.63 | 3.84 | 3.17 | 3.86 | 3.62 | 3.74 | 3.64 | 3.81 | 3.56 | 3.88 | 3.77 | 3.53 | 3.69 | 3.42
minimized_CNP0122619.0_docked_2,HIS516 | VAL418 | VAL418 | GLY367 | VAL606 | LEU557,3.09 | 3.28 | 3.16 | 3.15 | 2.80 | 2.66,GLY564 | HIS516 | HIS516 | VAL561 | VAL514 | THR560 | GLY364 | GLY509 | GLY509 | GLY417 | GLY417 | ILE559,3.74 | 3.78 | 3.61 | 3.63 | 3.82 | 3.66 | 3.76 | 3.70 | 3.52 | 3.76 | 3.09 | 3.88
minimized_CNP0122619.0_docked_3,ASP422 | VAL606 | THR560 | ILE559 | VAL512 | VAL465 | VAL606 | VAL606 | GLY367 | VAL604,3.29 | 2.70 | 3.15 | 2.73 | 2.74 | 2.72 | 3.28 | 3.27 | 3.11 | 2.88,ARG470 | ASP422 | VAL420 | VAL420 | GLY509 | GLY509 | GLY462 | VAL465 | GLY417 | GLY417 | ILE559,3.57 | 3.61 | 3.85 | 3.80 | 3.83 | 3.66 | 3.88 | 3.89 | 3.82 | 3.47 | 3.60
minimized_CNP0122619.0_docked_4,GLY372 | VAL514 | VAL465 | VAL418 | VAL606 | ILE559 | VAL606 | ALA510 | ALA510 | VAL463,2.97 | 3.24 | 2.86 | 2.80 | 2.73 | 2.71 | 2.92 | 3.20 | 3.19 | 3.14,VAL514 | THR560 | THR560 | ALA466 | ALA466 | ALA510 | ALA510 | GLY509 | GLY509 | GLY417 | GLY417 | ALA366,3.64 | 3.78 | 3.71 | 3.67 | 3.79 | 3.74 | 3.81 | 3.73 | 3.84 | 3.50 | 3.02 | 3.68
minimized_CNP0122619.0_docked_5,ALA510 | VAL606 | GLY367 | ARG326 | ARG326 | ARG326 | ARG326,3.24 | 2.67 | 3.20 | 3.18 | 3.01 | 2.80 | 3.19,VAL418 | ALA366 | VAL418 | VAL418 | GLY464 | ILE559 | ILE559 | ALA466 | VAL561 | VAL369 | PRO322,3.69 | 3.36 | 3.81 | 3.81 | 3.83 | 3.68 | 3.71 | 3.65 | 3.42 | 3.62 | 3.71
minimized_CNP0122619.0_docked_6,ARG470 | GLY423 | GLY367 | ILE559 | VAL606 | ALA510 | VAL463,3.29 | 3.30 | 2.73 | 3.01 | 3.04 | 2.92 | 3.23,ARG470 | ASP422 | ASP422 | VAL420 | VAL420 | VAL467 | THR560 | ALA510 | GLY509 | GLY509 | GLY417 | GLY417 | ILE559,3.60 | 3.82 | 3.62 | 3.70 | 3.40 | 3.79 | 3.53 | 3.89 | 3.79 | 3.65 | 3.79 | 3.27 | 3.57
minimized_CNP0122619.0_docked_7,ASN469 | ASN469 | GLY367 | GLY367 | ILE559 | VAL512 | VAL606 | ILE559 | VAL606 | VAL463,2.90 | 2.93 | 3.03 | 2.49 | 3.12 | 3.24 | 3.33 | 3.20 | 3.27 | 2.98,ASN469 | VAL467 | VAL467 | CYS513 | GLY603 | GLY509 | GLY417 | GLY417 | ILE559,3.44 | 3.80 | 3.50 | 3.76 | 3.85 | 3.67 | 3.85 | 3.17 | 3.49
minimized_CNP0122619.0_docked_8,GLY367 | ILE559 | VAL606 | ILE559 | VAL463,2.46 | 2.87 | 3.18 | 3.34 | 3.05,LEU468 | VAL514 | VAL467 | CYS513 | GLY509 | GLY417 | GLY417 | ILE559,3.56 | 3.30 | 3.65 | 3.78 | 3.76 | 3.77 | 3.28 | 3.55
minimized_CNP0122619.0_docked_9,VAL463 | ILE416 | THR560 | ARG326 | THR609 | ARG326 | ARG326 | LYS323,2.62 | 2.90 | 3.27 | 3.15 | 3.35 | 3.19 | 2.80 | 3.26,ALA556 | GLY511 | GLY603 | GLY364 | GLY603 | ALA556 | ALA556 | ALA556 | ARG415 | ARG415 | ALA366 | GLY464 | ILE559 | ILE559 | VAL606 | VAL418 | LYS323 | GLY372 | VAL369 | GLY372,3.47 | 3.56 | 3.78 | 3.86 | 3.54 | 3.71 | 3.89 | 3.54 | 3.89 | 3.51 | 3.72 | 3.82 | 3.51 | 3.72 | 3.78 | 3.66 | 3.69 | 3.79 | 3.79 | 3.59
minimized_CNP0123164.1_docked_1,VAL465 | ILE559 | ILE559 | ILE416,2.87 | 2.88 | 3.02 | 3.13,GLY564 | VAL561 | GLY603 | GLY603 | GLY364 | GLY364 | GLY509 | GLY509 | ILE559 | ALA607 | CYS368,3.82 | 3.84 | 3.72 | 3.69 | 3.75 | 3.56 | 3.58 | 3.57 | 3.57 | 3.82 | 3.67
minimized_CNP0123164.1_docked_2,VAL604 | LEU557,2.90 | 3.04,CYS513 | ALA466 | CYS513 | CYS513 | ALA556 | GLY509 | ARG415 | ARG415 | ARG415 | ALA556 | ARG415 | GLY603 | ALA556 | ALA556 | GLY462 | GLY462 | GLY417 | ILE559,3.84 | 3.79 | 3.67 | 3.55 | 3.61 | 3.41 | 3.48 | 3.68 | 3.49 | 3.57 | 3.89 | 3.56 | 3.47 | 3.60 | 3.83 | 3.57 | 3.71 | 3.62
minimized_CNP0123164.1_docked_3,ARG415 | VAL463 | ILE416 | VAL606,3.08 | 2.69 | 2.63 | 3.03,TYR525 | TYR525 | TYR525 | ALA556 | ALA556 | ARG415 | ARG415 | ARG415 | ALA556 | ARG415 | ALA556 | GLY509 | GLY462 | ARG415 | ARG415 | CYS513 | ILE559 | ILE559 | GLY603 | ALA556 | ALA556 | GLY509 | GLY462,3.63 | 3.65 | 3.52 | 3.17 | 3.78 | 3.89 | 3.84 | 3.67 | 3.81 | 3.77 | 3.18 | 3.71 | 3.43 | 3.41 | 3.89 | 3.88 | 3.50 | 3.55 | 3.72 | 3.67 | 3.79 | 3.86 | 3.78
minimized_CNP0123164.1_docked_4,VAL608 | ARG326,2.92 | 3.23,GLY603 | ALA556 | GLY364 | GLY364 | GLY509 | ALA556 | ALA366 | ALA366 | GLY464 | GLY417 | ILE559 | HIS562 | VAL561 | VAL561 | ARG326 | VAL608,3.68 | 3.48 | 3.65 | 3.77 | 3.46 | 3.85 | 3.47 | 3.53 | 3.34 | 3.90 | 3.53 | 3.84 | 3.31 | 3.82 | 3.62 | 3.79
minimized_CNP0123164.1_docked_5,VAL604 | LEU365 | VAL512 | VAL512,2.65 | 2.93 | 3.07 | 2.91,TYR572 | ALA556 | ALA556 | ARG415 | ALA556 | GLY509 | GLY462 | ARG415 | ARG415 | CYS368 | ALA466 | GLY509 | GLY509 | GLY462 | ARG415,3.72 | 3.59 | 3.77 | 3.88 | 3.07 | 3.67 | 3.49 | 3.87 | 3.55 | 3.62 | 3.81 | 3.88 | 3.47 | 3.61 | 3.78
minimized_CNP0123164.1_docked_6,VAL512 | VAL606 | VAL606,3.25 | 3.27 | 2.85,PRO322 | ARG326 | ARG326 | ARG326 | VAL608 | GLY364 | ALA556 | ALA366 | ILE559 | ALA366 | ALA366 | CYS368,3.86 | 3.59 | 3.84 | 3.55 | 3.78 | 3.89 | 3.77 | 3.77 | 3.73 | 3.50 | 3.63 | 3.89
minimized_CNP0123164.1_docked_7,VAL369,2.86,ALA556 | ARG415 | ARG415 | ARG415 | GLY364 | GLY364 | GLY603 | GLY509 | ALA556 | ALA366 | ALA366 | GLY464 | ILE559 | ILE559 | ILE559 | VAL467 | VAL420,3.86 | 3.70 | 3.88 | 3.56 | 3.56 | 3.56 | 3.84 | 3.30 | 3.32 | 3.71 | 3.63 | 3.48 | 3.45 | 3.38 | 3.77 | 3.61 | 3.60
minimized_CNP0123164.1_docked_8,ARG326 | VAL606 | THR560 | ILE559 | VAL418,3.14 | 2.89 | 3.18 | 2.67 | 3.03,VAL369 | GLY462 | ARG415 | ARG415 | ARG415 | ALA556 | THR560,3.85 | 3.42 | 3.68 | 3.71 | 3.51 | 3.90 | 3.64
minimized_CNP0123164.1_docked_9,,,CYS368 | ALA607 | ILE559 | GLY417 | ALA366 | ILE559 | TYR525 | TYR525 | ALA556 | GLY509 | GLY462 | GLY462 | ARG415 | GLY509 | GLY509 | GLY462 | ALA556 | GLY509 | GLY364 | GLY603,3.73 | 3.67 | 3.87 | 3.55 | 3.74 | 3.53 | 3.81 | 3.66 | 3.42 | 3.49 | 2.95 | 3.58 | 3.83 | 3.74 | 3.33 | 3.88 | 3.65 | 3.56 | 3.88 | 3.68
minimized_CNP0123327.1_docked_1,VAL604 | LEU557 | VAL420 | VAL467 | VAL467 | GLY564,2.95 | 2.97 | 3.13 | 3.29 | 3.10 | 3.01,PRO322 | VAL561 | GLN563 | GLN563 | GLY564 | PRO322 | GLY419 | VAL561 | VAL561 | VAL561 | ILE559 | ILE559 | VAL418,3.67 | 3.88 | 3.85 | 3.85 | 3.79 | 3.64 | 3.78 | 3.71 | 3.62 | 3.66 | 3.83 | 3.71 | 3.73
minimized_CNP0123327.1_docked_2,VAL606 | ILE559 | ILE559 | ILE559 | LEU557 | VAL512,3.32 | 3.05 | 3.29 | 2.96 | 3.32 | 2.91,VAL514 | VAL514 | VAL467 | ALA556 | GLY509 | ARG415 | ARG415 | ALA556 | TYR525 | TYR525 | TYR525 | ARG415 | VAL418 | ALA366 | ILE559 | GLY605 | ALA366 | ILE559 | GLY605 | ALA366 | ALA366 | ALA556 | GLY509 | GLY509 | ALA556 | GLY509 | GLY509 | ALA466 | ALA466,3.88 | 3.75 | 3.88 | 3.75 | 3.38 | 3.48 | 3.36 | 3.69 | 3.56 | 3.81 | 3.90 | 3.85 | 3.52 | 3.37 | 3.70 | 3.60 | 3.87 | 3.68 | 3.56 | 3.85 | 3.50 | 3.76 | 3.54 | 3.56 | 3.39 | 3.56 | 3.05 | 3.52 | 3.79
minimized_CNP0123327.1_docked_3,ILE416 | LEU365 | VAL514 | ARG326 | LYS323 | THR560,2.90 | 3.14 | 3.10 | 3.26 | 2.97 | 3.03,GLY462 | GLY462 | VAL369 | LYS323 | VAL369 | VAL369 | CYS513 | ALA466 | VAL369 | VAL369,3.81 | 3.90 | 3.62 | 3.71 | 3.38 | 3.79 | 3.81 | 3.71 | 3.87 | 3.85
minimized_CNP0123327.1_docked_4,VAL604 | LEU365 | GLY367 | ASN469 | VAL420,2.89 | 3.08 | 2.77 | 3.27 | 3.20,ARG415 | ARG415 | ASN469 | ASN469 | LEU468 | LEU468 | ASN469 | LEU468 | THR560 | VAL467 | VAL467,3.80 | 3.71 | 3.84 | 3.73 | 3.41 | 3.58 | 3.79 | 3.58 | 3.86 | 3.79 | 3.45
minimized_CNP0123327.1_docked_5,ALA510 | LEU557 | VAL418 | VAL465,2.91 | 1.94 | 2.88 | 2.94,PHE577 | TYR572 | TYR572 | TYR334 | TYR334 | ALA466 | GLY462 | ARG415 | ARG415 | ARG415 | GLY509 | VAL463 | GLY464 | VAL463 | ALA556 | ARG415 | ARG415 | ARG415 | ARG415 | GLY603 | ARG415 | GLY364 | GLY603 | ALA556 | ALA556,3.59 | 3.77 | 3.74 | 3.66 | 3.61 | 3.58 | 3.48 | 3.80 | 3.21 | 3.35 | 3.85 | 3.87 | 3.47 | 3.49 | 3.21 | 3.45 | 3.61 | 3.42 | 3.48 | 3.83 | 3.82 | 3.87 | 3.15 | 3.09 | 3.60
minimized_CNP0123327.1_docked_6,VAL604 | LEU557 | GLY367 | ASN469 | VAL420,2.95 | 3.02 | 2.96 | 3.33 | 3.30,GLY364 | ASN469 | ARG470 | ASN469 | ASN469 | ARG470 | ARG470 | ILE559 | VAL467 | VAL467 | GLY605,3.76 | 3.89 | 3.57 | 3.72 | 3.53 | 3.75 | 3.78 | 3.76 | 3.84 | 3.39 | 3.76
minimized_CNP0123327.1_docked_7,VAL418,3.12,GLY364 | GLY364 | GLY509 | GLY462 | GLY462 | VAL463 | GLY462 | PRO322 | VAL561 | VAL561 | CYS368 | VAL561 | VAL561 | ILE559,3.69 | 3.82 | 3.56 | 3.82 | 3.80 | 3.85 | 3.88 | 3.70 | 3.61 | 3.82 | 3.90 | 3.62 | 3.81 | 3.66
minimized_CNP0123327.1_docked_8,LEU557 | ALA510 | THR560 | THR560 | GLY371,2.87 | 3.07 | 2.98 | 2.80 | 3.10,GLY417 | ALA366 | GLY423 | GLY423 | VAL370 | ALA466 | ALA466 | VAL369 | VAL369 | VAL369 | VAL369 | ILE559 | ILE559 | VAL418,3.81 | 3.77 | 3.54 | 3.71 | 3.81 | 3.68 | 3.51 | 3.75 | 3.34 | 3.69 | 3.81 | 3.52 | 3.77 | 3.79
minimized_CNP0123327.1_docked_9,LEU557 | ALA510 | VAL514,3.02 | 3.06 | 3.21,GLY564 | HIS516 | HIS516 | ALA607 | CYS368 | VAL561 | VAL561 | VAL561 | ALA366 | ILE559 | ILE559,3.57 | 3.58 | 3.78 | 3.62 | 3.54 | 3.55 | 3.69 | 3.75 | 3.82 | 3.75 | 3.70
minimized_CNP0123327.2_docked_1,LYS323 | THR560,3.06 | 3.10,ALA556 | VAL369 | LYS323 | VAL369 | VAL418 | CYS368 | VAL369 | VAL369,3.86 | 3.72 | 3.73 | 3.72 | 3.89 | 3.90 | 3.64 | 3.89
minimized_CNP0123327.2_docked_2,THR560 | VAL420 | THR560 | VAL467,3.05 | 2.72 | 3.03 | 3.33,GLY364 | ALA556 | ARG470 | VAL467 | ILE421 | VAL420 | CYS513 | CYS513 | ALA466 | ILE559,3.89 | 3.73 | 3.83 | 3.50 | 3.77 | 3.87 | 3.87 | 3.73 | 3.89 | 3.70
minimized_CNP0123327.2_docked_3,GLY371 | VAL514 | VAL514 | VAL514 | ILE559 | VAL467 | THR560,2.93 | 2.99 | 3.29 | 3.22 | 2.87 | 3.27 | 3.20,GLY423 | GLY558 | GLY558 | GLY603 | ALA556 | ALA556 | ALA366 | ALA366 | VAL561 | VAL561 | THR560 | VAL420 | VAL420,3.84 | 3.85 | 3.15 | 3.71 | 3.79 | 3.57 | 3.33 | 3.66 | 3.80 | 3.66 | 3.81 | 3.61 | 3.86
minimized_CNP0123327.2_docked_4,GLY423 | VAL514 | VAL514 | VAL514 | ILE559 | VAL467 | THR560,3.19 | 3.04 | 3.33 | 3.23 | 2.92 | 3.21 | 3.20,ASP422 | ASP422 | ASP422 | GLY605 | GLY558 | GLY558 | GLY603 | ALA556 | ALA556 | ALA366 | ALA366 | VAL561 | VAL561 | THR560 | VAL420 | VAL420,3.68 | 3.87 | 3.89 | 3.86 | 3.88 | 3.17 | 3.65 | 3.77 | 3.57 | 3.32 | 3.63 | 3.89 | 3.73 | 3.86 | 3.46 | 3.74
minimized_CNP0123327.2_docked_5,VAL606 | GLY367 | VAL561,2.93 | 2.89 | 3.30,GLY509 | GLY462 | GLY462 | VAL561 | LEU515 | VAL514 | THR560 | THR560 | ILE559 | ALA366,3.52 | 3.64 | 3.86 | 3.68 | 3.74 | 3.56 | 3.86 | 3.88 | 3.84 | 3.39
minimized_CNP0123327.2_docked_6,VAL606 | THR560 | ARG470,3.32 | 2.91 | 3.33,ARG415 | VAL467 | ARG470 | ASP422 | ARG470 | VAL467 | CYS513 | ALA466 | THR560 | VAL467 | ILE559 | ALA366,3.83 | 3.55 | 3.88 | 3.70 | 3.83 | 3.85 | 3.66 | 3.80 | 3.74 | 3.89 | 3.67 | 3.46
minimized_CNP0123327.2_docked_7,GLY367 | THR560,2.95 | 3.18,GLY462 | ARG415 | ARG415 | GLY603 | VAL514 | VAL514 | VAL514 | VAL561 | VAL514 | VAL514 | GLY605 | ALA366,3.82 | 3.77 | 3.74 | 3.81 | 3.73 | 3.89 | 3.70 | 3.77 | 3.67 | 3.71 | 3.64 | 3.83
minimized_CNP0123327.2_docked_8,VAL463 | ILE416 | VAL369 | GLN563,3.13 | 2.88 | 2.92 | 3.02,GLY464 | GLY417 | GLY464 | GLY417 | GLN563 | PRO322 | PRO322 | GLN563 | VAL561 | ALA607 | ALA607 | VAL369 | VAL608 | VAL561 | VAL561 | ALA466,3.78 | 3.72 | 3.79 | 3.58 | 3.57 | 3.45 | 3.64 | 3.73 | 3.46 | 3.76 | 3.65 | 3.76 | 3.89 | 3.82 | 3.57 | 3.84
minimized_CNP0123327.2_docked_9,VAL418,2.90,GLY603 | ALA556 | ALA556 | VAL561 | VAL561 | GLY564 | ALA607 | VAL561 | VAL561 | VAL561 | ILE559,3.81 | 3.78 | 3.72 | 3.52 | 3.78 | 3.61 | 3.85 | 3.55 | 3.71 | 3.36 | 3.50
minimized_CNP0123502.1_docked_1,VAL418 | VAL463 | ILE416 | ALA510 | VAL463 | VAL512 | VAL465,2.90 | 3.04 | 2.91 | 2.84 | 2.86 | 3.34 | 3.21,GLY462 | GLY509 | GLY605 | ALA466 | VAL420 | VAL420 | VAL420 | ALA366 | ALA366,3.78 | 3.71 | 3.85 | 3.79 | 3.85 | 3.68 | 3.56 | 3.65 | 3.70
minimized_CNP0123502.1_docked_2,VAL418 | VAL463 | ILE416 | ALA510 | VAL463 | VAL512,3.10 | 2.94 | 2.86 | 2.81 | 2.98 | 3.23,GLY462 | ARG415 | GLY509 | GLY605 | CYS368 | CYS368 | VAL420 | VAL420 | VAL420 | ALA366 | ALA366,3.70 | 3.83 | 3.81 | 3.74 | 3.77 | 3.75 | 3.69 | 3.85 | 3.72 | 3.67 | 3.83
minimized_CNP0123502.1_docked_3,VAL512 | VAL512 | LEU557 | GLY509 | VAL604 | LEU557 | ILE559,2.83 | 3.00 | 3.02 | 2.95 | 2.79 | 2.70 | 3.10,ALA556 | GLY509 | GLY509 | ALA556 | GLY417 | ALA466 | ALA466 | VAL514 | VAL561 | CYS513 | CYS513 | VAL561 | VAL561,3.57 | 3.81 | 3.68 | 3.88 | 3.24 | 3.71 | 3.84 | 3.84 | 3.77 | 3.81 | 3.78 | 3.56 | 3.51
minimized_CNP0123502.1_docked_4,VAL418 | VAL418 | VAL463 | ILE416 | ALA510 | VAL463 | VAL606 | VAL606 | VAL512,3.07 | 2.82 | 2.94 | 2.77 | 2.85 | 3.17 | 3.23 | 2.88 | 2.78,GLY605 | ALA366 | VAL420 | CYS513 | CYS513 | ALA466 | VAL514 | VAL420 | VAL467 | ALA366 | ALA366,3.75 | 3.88 | 3.78 | 3.69 | 3.79 | 3.83 | 3.76 | 3.61 | 3.79 | 3.46 | 3.81
minimized_CNP0123502.1_docked_5,GLY367 | VAL463 | ILE416 | ALA510 | VAL463 | VAL418 | ARG326,3.01 | 3.17 | 2.72 | 2.96 | 3.15 | 3.00 | 3.06,ILE559 | ILE559 | ILE559 | GLY558 | GLY558 | CYS368 | ALA607 | VAL608 | ARG326,2.93 | 3.82 | 3.83 | 3.80 | 3.88 | 3.79 | 3.69 | 3.52 | 3.84
minimized_CNP0123502.1_docked_6,SER555 | GLN530,2.85 | 2.79,TYR525 | TYR525 | TYR572 | TYR525 | TYR525 | GLY603 | ALA556 | VAL418 | ALA366 | GLY603 | GLY364 | GLY364 | ALA556 | ALA556 | GLY364 | GLY364 | GLY509 | GLY509 | ALA366 | ALA366 | GLY464 | ARG415 | ARG415 | ALA556 | GLY509 | ALA556,3.76 | 3.65 | 3.65 | 3.72 | 3.75 | 3.72 | 3.89 | 3.61 | 3.70 | 3.79 | 3.88 | 3.14 | 3.60 | 3.52 | 3.78 | 3.62 | 3.74 | 3.45 | 3.39 | 3.63 | 3.69 | 3.62 | 3.89 | 3.85 | 3.78 | 3.74
minimized_CNP0123502.1_docked_7,SER555 | GLN530 | ARG415,2.97 | 2.94 | 2.94,TYR525 | TYR525 | ARG415 | ARG415 | GLY364 | GLY364 | ALA366 | GLY462 | ARG415 | ARG415 | GLY603 | ALA556 | GLY462 | GLY462 | GLY603 | GLY603 | GLY603 | ALA556 | ALA556 | ALA556 | GLY558 | ILE559 | ILE559 | ILE559 | ILE559 | ALA556 | TYR525,3.65 | 3.74 | 3.57 | 3.34 | 3.82 | 3.85 | 3.73 | 3.29 | 3.67 | 3.68 | 3.72 | 3.50 | 3.83 | 3.37 | 3.74 | 3.61 | 3.01 | 3.81 | 3.69 | 3.63 | 3.78 | 3.72 | 3.54 | 3.49 | 3.75 | 3.46 | 3.76
minimized_CNP0123502.1_docked_8,VAL608 | VAL608 | VAL561 | ARG326 | ARG326 | ARG326 | THR560,3.00 | 3.06 | 3.09 | 3.17 | 3.17 | 2.91 | 2.98,ALA366 | GLY558 | GLY364 | ALA466 | VAL512 | VAL465 | ILE559 | ILE559 | ILE559 | VAL608,3.88 | 3.87 | 3.60 | 3.85 | 3.74 | 3.77 | 3.81 | 3.65 | 3.71 | 3.46
minimized_CNP0123502.1_docked_9,ILE416 | LEU365 | VAL463 | ILE416 | VAL606 | ILE559 | VAL465 | VAL465,2.76 | 2.92 | 2.52 | 2.70 | 3.09 | 3.06 | 3.16 | 3.17,GLY605 | ALA466 | GLY419 | VAL420 | CYS513 | VAL512 | ALA466 | CYS368 | CYS368 | VAL420 | VAL420 | ALA366,3.90 | 3.57 | 3.81 | 3.47 | 3.66 | 3.87 | 3.86 | 3.59 | 3.72 | 3.76 | 3.83 | 3.68
minimized_CNP0123913.0_docked_1,VAL514 | VAL514 | ASN382,3.03 | 2.82 | 2.86,GLY419 | VAL418 | GLY367 | ALA366 | ILE559 | GLY511 | CYS513 | CYS513 | ALA466 | ILE559 | GLY509 | GLY462 | ALA556 | ALA556 | GLY603 | ARG415 | GLY364 | GLY603 | GLY462 | ARG415 | ARG415 | ALA556 | ARG415,3.82 | 2.91 | 3.62 | 3.36 | 3.84 | 3.54 | 3.70 | 3.41 | 3.60 | 3.53 | 2.80 | 3.30 | 3.88 | 3.66 | 3.85 | 3.67 | 3.68 | 3.57 | 3.52 | 3.63 | 3.79 | 3.57 | 3.80
minimized_CNP0123913.0_docked_2,VAL369 | VAL369 | VAL561 | THR560 | VAL514 | ARG326 | HIS562 | ARG326,2.92 | 2.81 | 3.12 | 2.85 | 3.13 | 2.94 | 2.92 | 2.87,GLY603 | ARG415 | GLY364 | VAL463 | GLY462 | VAL512 | VAL512 | GLY511 | GLY511 | GLY464 | GLY367 | ALA366 | ARG415 | ARG415 | ARG415 | GLY364 | ARG415 | GLY364 | GLY364 | ALA556 | GLY464 | ILE559 | ILE559 | ILE559 | ILE559 | ILE559 | ILE559 | VAL418 | VAL418 | VAL418 | VAL418 | VAL514 | VAL514 | VAL561 | VAL561,3.72 | 3.65 | 3.04 | 3.51 | 3.67 | 3.71 | 3.76 | 3.58 | 3.52 | 3.34 | 3.70 | 3.90 | 3.67 | 3.75 | 3.51 | 3.74 | 3.69 | 3.53 | 3.50 | 3.88 | 3.79 | 3.66 | 3.34 | 3.24 | 3.82 | 3.76 | 3.82 | 3.78 | 3.63 | 3.70 | 3.86 | 3.86 | 3.54 | 3.87 | 3.89
minimized_CNP0123913.0_docked_3,VAL420 | VAL420 | VAL467 | VAL420 | ASP422 | ASP422,2.92 | 3.20 | 2.83 | 2.74 | 3.00 | 3.05,GLY603 | ARG415 | GLY364 | VAL463 | GLY462 | VAL512 | VAL512 | GLY511 | GLY511 | GLY464 | GLY367 | ALA366 | ARG415 | ARG415 | ARG415 | GLY364 | ARG415 | GLY364 | GLY364 | ALA556 | GLY464 | ILE559 | ILE559 | ILE559 | ILE559 | ILE559 | ILE559 | VAL418 | VAL418 | VAL418 | ARG470,3.72 | 3.64 | 3.06 | 3.54 | 3.69 | 3.74 | 3.78 | 3.59 | 3.51 | 3.39 | 3.66 | 3.88 | 3.66 | 3.75 | 3.52 | 3.74 | 3.69 | 3.53 | 3.48 | 3.85 | 3.84 | 3.66 | 3.33 | 3.26 | 3.80 | 3.77 | 3.78 | 3.76 | 3.68 | 3.69 | 3.70
minimized_CNP0123913.0_docked_4,ALA510 | VAL512 | VAL465 | VAL465 | ARG326,2.84 | 3.18 | 3.16 | 3.33 | 2.84,GLY511 | VAL418 | ALA366 | CYS368 | ILE559 | VAL608 | VAL514 | GLN563 | PRO322 | PRO322,3.64 | 3.11 | 3.51 | 3.64 | 2.94 | 3.72 | 3.84 | 3.45 | 3.81 | 3.46
minimized_CNP0123913.0_docked_5,ALA510 | VAL465 | ARG326 | ARG326 | HIS516 | HIS516,3.04 | 3.24 | 3.11 | 3.06 | 3.11 | 3.11,VAL418 | ALA366 | ALA366 | VAL418 | CYS368 | THR560 | THR560 | ILE559 | HIS516 | HIS516 | PRO322,3.35 | 3.11 | 3.80 | 3.81 | 3.67 | 3.88 | 3.72 | 3.24 | 3.90 | 3.84 | 3.72
minimized_CNP0123913.0_docked_6,VAL463 | ILE416 | ASN469 | ASN517 | HIS516 | ASN469 | ASN469,3.20 | 3.03 | 2.90 | 2.76 | 3.05 | 3.12 | 3.01,GLY464 | VAL463 | ALA607 | ALA607 | VAL606 | ALA466 | ALA466 | GLY464 | ILE559 | VAL514 | ARG470 | ARG470 | ASN469 | ASN469,3.61 | 3.86 | 3.76 | 3.74 | 3.65 | 3.41 | 3.79 | 3.85 | 3.81 | 3.66 | 3.70 | 3.43 | 3.88 | 3.86
minimized_CNP0123913.0_docked_7,ALA510 | VAL465 | ARG326 | ARG326 | PRO322,2.91 | 3.33 | 3.19 | 2.96 | 3.05,GLY511 | VAL418 | ALA366 | CYS368 | THR560 | ILE559 | ARG326 | LYS323 | LYS323 | LYS323,3.77 | 3.33 | 3.33 | 3.68 | 3.88 | 2.99 | 3.86 | 3.56 | 3.64 | 3.87
minimized_CNP0123913.0_docked_8,VAL604 | LEU557 | VAL369 | GLY423,2.95 | 2.73 | 3.33 | 3.05,VAL465 | VAL418 | VAL418 | ALA466 | VAL465 | ALA607 | ALA607 | ALA607 | GLY605 | VAL369 | GLY423,3.80 | 3.69 | 3.89 | 3.68 | 3.81 | 3.21 | 3.66 | 2.96 | 3.87 | 3.73 | 3.79
minimized_CNP0123913.0_docked_9,ALA510 | VAL514 | VAL514 | GLN563 | HIS516,2.70 | 3.15 | 3.02 | 2.94 | 2.98,VAL418 | GLY367 | ALA366 | ALA366 | CYS368 | VAL561 | VAL561 | CYS513 | ILE559 | ALA466 | VAL561 | VAL561 | GLY564 | GLY564 | HIS516 | HIS516 | VAL561,3.44 | 3.77 | 3.34 | 3.90 | 3.83 | 3.55 | 3.68 | 3.72 | 3.30 | 3.80 | 3.67 | 3.89 | 3.80 | 3.37 | 3.79 | 3.80 | 3.73
minimized_CNP0124185.2_docked_1,ILE416 | ILE559 | LEU557 | VAL512 | VAL465 | VAL465 | VAL604 | LEU365 | THR560,2.70 | 3.09 | 3.24 | 3.23 | 3.15 | 3.23 | 3.11 | 2.97 | 2.84,GLY603 | GLY603 | GLY462 | ALA556 | GLY462 | GLY464 | VAL561 | VAL561 | VAL561 | VAL561 | VAL561 | VAL561 | VAL561 | VAL369 | VAL369,3.76 | 3.49 | 3.69 | 3.80 | 3.87 | 3.61 | 3.61 | 3.76 | 3.80 | 3.79 | 3.68 | 3.75 | 3.89 | 3.32 | 3.84
minimized_CNP0124185.2_docked_2,VAL604 | ILE416 | VAL512 | VAL465 | VAL465 | LEU557 | ARG326,3.17 | 2.77 | 2.99 | 3.18 | 3.12 | 3.20 | 3.01,ALA556 | GLY509 | GLY509 | GLY417 | ILE559 | ILE559 | ILE559 | HIS562 | VAL561 | VAL561 | VAL561 | VAL420 | ILE559,3.54 | 3.77 | 3.84 | 3.42 | 3.89 | 3.31 | 3.84 | 3.79 | 3.49 | 3.89 | 3.82 | 3.81 | 3.49
minimized_CNP0124185.2_docked_3,VAL463 | ILE416 | ALA510 | VAL606 | VAL463 | VAL606 | THR560 | ILE559 | GLN563,2.97 | 3.31 | 3.20 | 3.21 | 2.96 | 3.20 | 3.25 | 3.21 | 3.02,ARG415 | ARG415 | GLY364 | GLY364 | GLY462 | GLY558 | ALA366 | PRO322 | VAL561 | VAL514 | VAL561 | VAL561 | VAL561 | VAL420,3.76 | 3.49 | 3.54 | 3.60 | 3.88 | 3.54 | 3.67 | 3.81 | 3.54 | 3.56 | 3.77 | 3.70 | 3.87 | 3.83
minimized_CNP0124185.2_docked_4,VAL604 | ILE416 | VAL512 | VAL465 | LEU557 | VAL514,3.05 | 2.80 | 3.08 | 3.07 | 3.29 | 3.04,ALA556 | GLY509 | GLY417 | ILE559 | ASN469 | VAL467 | VAL420 | VAL420 | ARG470 | VAL467 | VAL467 | VAL467 | VAL514 | VAL561 | VAL561 | ILE559,3.57 | 3.85 | 3.32 | 3.33 | 3.78 | 3.71 | 3.70 | 3.87 | 3.78 | 3.81 | 3.63 | 3.70 | 3.76 | 3.79 | 3.37 | 3.57
minimized_CNP0124185.2_docked_5,ILE416 | VAL604 | LEU557 | VAL418 | ASP422,2.73 | 2.82 | 3.15 | 2.81 | 2.97,GLY603 | GLY603 | GLY462 | ALA556 | GLY417 | ALA366 | ALA366 | GLY558 | ARG470 | VAL467 | VAL420 | VAL420 | VAL420 | VAL561,3.82 | 3.45 | 3.76 | 3.70 | 3.49 | 3.38 | 3.76 | 3.88 | 3.86 | 3.90 | 3.75 | 3.86 | 3.83 | 3.55
minimized_CNP0124185.2_docked_6,VAL463 | ILE416 | LEU557 | ALA510 | ILE559 | ILE559 | GLY564 | GLN563 | VAL514,2.71 | 3.13 | 3.13 | 2.81 | 2.66 | 2.90 | 2.84 | 2.93 | 3.00,GLY364 | VAL606 | GLY558 | ALA366 | ILE559 | VAL561 | GLY419,3.86 | 3.88 | 3.79 | 3.37 | 3.86 | 3.72 | 3.83
minimized_CNP0124185.2_docked_7,VAL463 | ILE559 | VAL465 | VAL465 | VAL604 | LEU365 | THR560,3.08 | 3.23 | 3.04 | 2.97 | 2.91 | 2.93 | 3.11,ARG415 | GLY364 | GLY509 | GLY464 | GLY605 | GLY423,3.80 | 3.79 | 3.74 | 3.72 | 3.78 | 3.70
minimized_CNP0124185.2_docked_8,VAL512 | VAL465 | VAL418 | GLY367 | ILE559 | ILE559 | ARG483,2.92 | 2.58 | 3.31 | 2.95 | 3.11 | 3.12 | 2.81,THR560 | ILE559 | ILE559 | CYS513 | GLY464 | ILE559 | GLY558 | TYR525 | TYR525 | ALA556 | TYR525 | TYR525 | TYR525 | TYR525 | ALA556 | ALA556 | ALA556 | ALA556 | ARG415 | ARG415 | ARG415 | SER363 | TYR334 | TYR334 | TYR334 | ALA556 | GLY603 | ALA556 | ARG415 | GLY462 | ARG415 | ARG415 | ARG415 | GLY603 | GLY364,3.64 | 3.75 | 3.73 | 3.77 | 3.76 | 3.42 | 3.86 | 3.60 | 3.89 | 3.41 | 3.71 | 3.68 | 3.80 | 3.66 | 3.10 | 3.76 | 3.72 | 3.22 | 3.05 | 3.35 | 3.87 | 3.48 | 3.48 | 3.35 | 3.39 | 3.73 | 3.78 | 3.75 | 3.84 | 3.66 | 3.74 | 3.85 | 3.36 | 3.77 | 3.86
minimized_CNP0124185.2_docked_9,VAL512 | VAL465 | ALA510 | VAL465 | ILE416 | ALA510 | GLY462 | VAL604 | SER508 | ASN387,3.16 | 3.23 | 2.89 | 3.11 | 3.08 | 2.87 | 3.04 | 2.86 | 2.89 | 2.96,ILE559 | GLY558 | ILE559 | GLY464 | GLY464 | GLY509 | VAL463 | GLY462 | GLY462 | ALA556 | ASN382 | ASN382 | TYR334 | TYR334 | TYR334 | TYR334 | TYR334 | TYR334 | TYR572 | TYR572 | TYR572 | GLY509 | ARG415 | ARG415 | GLY509 | GLY462,3.66 | 3.82 | 3.50 | 3.74 | 3.78 | 3.76 | 3.73 | 3.29 | 3.72 | 3.77 | 3.75 | 3.33 | 3.74 | 3.43 | 3.60 | 3.62 | 3.25 | 3.89 | 3.40 | 3.49 | 3.76 | 3.30 | 3.79 | 3.61 | 3.38 | 3.57
minimized_CNP0125430.0_docked_1,ARG470 | ASN469 | VAL420 | VAL420 | VAL561 | THR560,2.98 | 3.12 | 2.95 | 2.75 | 2.92 | 2.72,ARG470 | VAL467 | ALA556 | ALA556 | GLY603 | ALA556 | GLY509 | GLY509 | GLY462 | GLY462 | ARG415 | ARG415 | VAL463 | GLY462 | GLY462 | ILE416 | GLY417 | GLY417 | ALA366 | ALA366 | ILE559 | ALA366 | ILE559 | VAL561 | VAL561 | CYS513 | ALA466 | GLY419,3.80 | 3.67 | 3.47 | 3.76 | 3.83 | 3.51 | 3.75 | 3.80 | 3.90 | 3.57 | 3.41 | 3.48 | 3.85 | 3.64 | 3.79 | 3.87 | 3.70 | 3.67 | 3.74 | 3.71 | 3.38 | 3.87 | 3.61 | 3.54 | 3.77 | 3.71 | 3.52 | 3.67
minimized_CNP0125430.0_docked_2,HIS562 | ARG326 | GLY564 | VAL463 | VAL369,3.29 | 3.24 | 2.91 | 3.19 | 3.19,HIS562 | GLY603 | ALA556 | ALA556 | GLY603 | GLY364 | ALA556 | GLY509 | GLY462 | ARG415 | ARG415 | VAL463 | GLY462 | GLY462 | ILE416 | GLY417 | GLY417 | ALA366 | ALA366 | ILE559 | ALA366 | ILE559 | ALA607 | CYS368 | THR560 | CYS513 | VAL608,3.68 | 3.83 | 3.60 | 3.63 | 3.81 | 3.75 | 3.58 | 3.88 | 3.54 | 3.41 | 3.52 | 3.74 | 3.57 | 3.76 | 3.89 | 3.62 | 3.49 | 3.88 | 3.66 | 3.42 | 3.85 | 3.71 | 3.40 | 3.73 | 3.27 | 3.71 | 3.69
minimized_CNP0125430.0_docked_3,GLY371 | ARG326 | VAL608 | ILE416 | VAL514,2.97 | 2.83 | 3.03 | 2.54 | 3.02,VAL370 | VAL369 | ALA556 | ARG415 | GLY509 | GLY462 | ARG415 | GLY462 | GLY462 | ARG415 | ARG415 | GLY464 | GLY603 | GLY603 | GLY603 | GLY603 | GLY364 | GLY364 | GLY417 | ILE559 | VAL561 | VAL561 | CYS513 | CYS513 | CYS513 | CYS368 | VAL420,3.73 | 3.76 | 3.50 | 3.78 | 3.62 | 3.63 | 3.84 | 3.69 | 3.36 | 3.38 | 3.62 | 3.23 | 3.77 | 3.16 | 3.72 | 3.73 | 3.88 | 3.73 | 3.73 | 3.32 | 3.69 | 3.87 | 3.75 | 3.69 | 3.77 | 3.47 | 3.76
minimized_CNP0125430.0_docked_4,GLY371 | ASP422 | VAL369 | VAL369 | VAL369 | ALA510 | VAL561 | THR560,3.16 | 2.96 | 2.71 | 2.92 | 3.29 | 3.10 | 2.85 | 2.79,VAL420 | GLY603 | ALA556 | ALA556 | GLY603 | GLY364 | ALA556 | GLY509 | GLY462 | ARG415 | ARG415 | VAL463 | GLY462 | GLY462 | ILE416 | GLY417 | GLY417 | ALA366 | ALA366 | ILE559 | ALA366 | ILE559 | VAL561 | CYS513 | GLY419,3.33 | 3.88 | 3.54 | 3.67 | 3.80 | 3.81 | 3.55 | 3.86 | 3.55 | 3.40 | 3.48 | 3.80 | 3.59 | 3.76 | 3.88 | 3.63 | 3.52 | 3.78 | 3.62 | 3.45 | 3.78 | 3.72 | 3.66 | 3.67 | 3.65
minimized_CNP0125430.0_docked_5,GLY423 | VAL369 | VAL369 | LEU365 | VAL514,3.11 | 2.85 | 2.71 | 2.90 | 2.91,VAL370 | VAL420 | GLY509 | ALA556 | ARG415 | GLY509 | GLY462 | GLY462 | GLY462 | ARG415 | ARG415 | GLY464 | GLY603 | GLY603 | GLY603 | GLY603 | GLY417 | ILE559 | VAL561 | CYS513 | CYS513 | CYS513 | GLY419 | CYS368,3.77 | 3.72 | 3.81 | 3.59 | 3.70 | 3.47 | 3.67 | 3.79 | 3.53 | 3.42 | 3.72 | 3.19 | 3.76 | 3.22 | 3.77 | 3.84 | 3.73 | 3.29 | 3.85 | 3.89 | 3.86 | 3.89 | 3.77 | 3.57
minimized_CNP0125430.0_docked_6,VAL514 | VAL561 | VAL561 | ALA510 | VAL420,3.07 | 3.24 | 3.05 | 2.88 | 3.04,HIS562 | VAL561 | VAL561 | VAL561 | VAL561 | GLY603 | ARG415 | GLY364 | ALA556 | GLY603 | GLY364 | ALA556 | LEU557 | ALA556 | ALA556 | GLY605 | ALA366 | ALA366 | ALA556 | GLY509 | GLY462 | GLY462 | GLY509 | GLY462 | GLY464 | GLY464 | ILE559 | ILE559 | VAL420 | THR560 | THR560,3.89 | 3.34 | 3.90 | 3.66 | 3.69 | 3.73 | 3.66 | 3.65 | 3.63 | 3.40 | 3.59 | 3.73 | 3.79 | 3.43 | 3.61 | 3.89 | 3.39 | 3.28 | 3.87 | 3.77 | 3.63 | 3.43 | 3.65 | 3.82 | 3.57 | 3.69 | 3.85 | 3.60 | 3.75 | 3.65 | 3.46
minimized_CNP0125430.0_docked_7,GLY372 | GLY371 | VAL369 | LEU365 | VAL561,3.09 | 3.19 | 2.90 | 2.89 | 3.26,VAL369 | VAL369 | VAL369 | GLY509 | ALA556 | ARG415 | GLY509 | GLY462 | GLY462 | GLY462 | ARG415 | GLY464 | GLY603 | GLY603 | GLY603 | GLY603 | GLY364 | ALA366 | ILE559 | VAL418 | CYS368 | VAL369,3.81 | 3.83 | 3.89 | 3.47 | 3.58 | 3.74 | 3.28 | 3.35 | 3.76 | 3.62 | 3.60 | 3.75 | 3.88 | 3.32 | 3.79 | 3.83 | 3.83 | 3.87 | 3.28 | 3.85 | 3.51 | 3.80
minimized_CNP0125430.0_docked_8,VAL369 | ASP422 | VAL369 | VAL420 | ALA510 | VAL608 | THR560,3.03 | 3.04 | 3.33 | 3.15 | 2.73 | 3.18 | 2.96,VAL420 | ARG415 | GLY509 | GLY603 | LEU557 | ALA556 | ALA556 | GLY605 | ALA366 | ALA366 | GLY509 | GLY462 | GLY462 | VAL463 | GLY464 | ILE559 | ILE559 | ALA607 | VAL369 | ALA607 | ALA607 | ALA466,3.32 | 3.56 | 3.84 | 3.81 | 3.61 | 3.64 | 3.88 | 3.68 | 3.57 | 3.39 | 3.88 | 3.54 | 3.71 | 3.84 | 3.77 | 3.68 | 3.56 | 3.52 | 3.87 | 3.72 | 3.82 | 3.89
minimized_CNP0125430.0_docked_9,GLY423 | ASP422 | VAL420 | ALA510 | VAL561 | THR560,3.01 | 3.10 | 3.11 | 3.16 | 2.96 | 2.74,ALA556 | ALA556 | GLY509 | ALA556 | ALA556 | GLY509 | GLY509 | GLY558 | GLY462 | GLY462 | ARG415 | ARG415 | VAL463 | GLY462 | GLY462 | ILE416 | GLY417 | GLY417 | ALA366 | ALA366 | ILE559 | ALA366 | ILE559 | VAL561 | CYS513 | ALA466 | GLY419 | VAL467,3.33 | 3.69 | 3.74 | 3.85 | 3.58 | 3.67 | 3.75 | 3.83 | 3.88 | 3.59 | 3.45 | 3.51 | 3.89 | 3.71 | 3.86 | 3.83 | 3.70 | 3.76 | 3.56 | 3.66 | 3.41 | 3.80 | 3.68 | 3.68 | 3.74 | 3.63 | 3.46 | 3.68
minimized_CNP0125481.0_docked_1,ARG415 | VAL369 | VAL369 | VAL604 | VAL606,3.06 | 3.03 | 2.94 | 2.86 | 3.12,ARG415 | GLY364 | GLY509 | ALA556 | ARG415 | GLY603 | ALA556 | ARG415 | ALA556 | GLY603 | GLY364 | GLY509 | GLY509 | GLY462 | GLY462 | CYS368 | CYS368 | CYS368 | ALA607 | ALA607 | ALA607 | ILE559 | ILE559 | ALA366,3.70 | 3.59 | 3.51 | 3.50 | 3.81 | 3.76 | 3.80 | 3.80 | 3.78 | 3.59 | 3.47 | 3.85 | 3.06 | 3.49 | 3.29 | 3.64 | 3.78 | 3.83 | 3.57 | 3.66 | 3.82 | 3.79 | 3.90 | 3.73
minimized_CNP0125481.0_docked_2,ARG326 | ILE559 | VAL606 | ILE559,3.17 | 3.19 | 3.03 | 2.96,VAL608 | VAL608 | VAL420 | THR560 | CYS513 | CYS513 | GLY509 | ALA556 | ALA556 | ALA556 | ARG415 | GLY509 | ARG415 | ARG415 | GLY509 | GLY462 | ILE559 | GLY558,3.63 | 3.82 | 3.65 | 3.61 | 3.68 | 3.55 | 3.82 | 3.58 | 3.88 | 3.55 | 3.82 | 3.76 | 3.62 | 3.56 | 3.17 | 3.58 | 3.87 | 3.79
minimized_CNP0125481.0_docked_3,VAL606 | VAL606 | ILE559,3.29 | 3.10 | 2.94,VAL561 | VAL561 | CYS513 | ALA466 | GLY462 | ARG415 | ALA556 | GLY603 | ALA556 | ARG415 | ALA556 | ARG415 | ARG415 | GLY509 | GLY462 | ARG415 | ARG415 | GLY558,3.80 | 3.89 | 3.69 | 3.72 | 3.69 | 3.68 | 3.63 | 3.85 | 3.61 | 3.89 | 3.90 | 3.62 | 3.45 | 3.42 | 3.66 | 3.77 | 3.76 | 3.84
minimized_CNP0125481.0_docked_4,VAL465,3.24,PHE577 | TYR572 | TYR572 | TYR572 | TYR572 | TYR334 | TYR334 | ALA556 | ALA556 | ALA556 | ALA556 | GLY509 | ARG415 | ARG415 | ILE559 | VAL463 | GLY464,3.69 | 3.83 | 3.80 | 3.81 | 3.68 | 3.60 | 3.70 | 3.46 | 3.57 | 3.56 | 3.75 | 3.88 | 3.51 | 3.87 | 3.56 | 3.77 | 3.50
minimized_CNP0125481.0_docked_5,ARG326 | VAL561 | VAL561,2.80 | 3.05 | 2.91,GLN563 | HIS562 | VAL608 | VAL608 | ILE559 | ALA366 | CYS368 | CYS368 | CYS368,3.76 | 3.54 | 3.60 | 3.66 | 3.87 | 3.66 | 3.84 | 3.66 | 3.76
minimized_CNP0125481.0_docked_6,ARG326 | GLY367,2.96 | 3.12,HIS562 | VAL514 | ALA366 | ALA366 | VAL418 | ILE559 | ILE559,3.64 | 3.60 | 3.82 | 3.77 | 3.80 | 3.69 | 3.28
minimized_CNP0125481.0_docked_7,GLY564 | ALA510 | VAL420,2.99 | 2.95 | 3.23,LEU515 | HIS562 | VAL561 | VAL561 | VAL561 | VAL561 | VAL514 | VAL514 | GLY603 | GLY464 | ILE559,3.70 | 3.68 | 3.78 | 3.79 | 3.86 | 3.84 | 3.74 | 3.76 | 3.82 | 3.81 | 3.83
minimized_CNP0125481.0_docked_8,VAL463 | VAL420,3.13 | 3.17,GLN563 | PRO322 | PRO322 | PRO322 | VAL561 | VAL514 | GLY464 | CYS513,3.63 | 3.68 | 3.75 | 3.64 | 3.85 | 3.80 | 3.32 | 3.65
minimized_CNP0125481.0_docked_9,VAL463 | VAL467,2.71 | 3.21,ASN469 | LEU468 | LEU468 | LEU468 | VAL561 | VAL561 | VAL561 | GLY417 | ILE559 | VAL561 | VAL561,3.50 | 3.71 | 3.81 | 3.75 | 3.38 | 3.76 | 3.64 | 3.76 | 3.81 | 3.81 | 3.81
minimized_CNP0125862.1_docked_1,VAL606 | GLY367 | VAL420 | LEU557 | ALA510 | VAL604 | LEU365 | VAL463 | ILE416,2.82 | 2.87 | 3.14 | 3.07 | 3.33 | 2.98 | 2.70 | 2.71 | 3.03,CYS368 | CYS368 | GLY603 | GLY603 | GLY364 | VAL512 | GLY464 | ILE559,3.61 | 3.83 | 3.73 | 3.53 | 3.60 | 3.88 | 3.59 | 3.87
minimized_CNP0125862.1_docked_2,VAL512 | VAL420 | ILE416 | LEU365 | VAL604 | LEU557,2.88 | 3.17 | 3.10 | 2.90 | 2.97 | 3.23,VAL369 | VAL420 | ALA466 | ALA466 | GLY509 | ALA556 | GLY417 | GLY417 | ALA366 | GLY464 | ILE559 | ILE559,3.81 | 3.82 | 3.73 | 3.82 | 3.33 | 3.84 | 3.87 | 3.67 | 3.40 | 3.49 | 3.75 | 3.73
minimized_CNP0125862.1_docked_3,VAL465 | VAL418 | VAL608 | VAL561 | THR560 | ILE416 | LEU365 | VAL604 | LEU557,2.81 | 2.93 | 3.00 | 3.08 | 3.17 | 3.05 | 2.81 | 3.09 | 3.25,CYS368 | ILE559 | GLY509 | GLY462 | GLY605 | ALA366 | ALA366 | GLY417 | GLY417 | ILE559 | ILE559,3.90 | 3.84 | 3.37 | 3.85 | 3.73 | 3.78 | 3.62 | 3.79 | 2.82 | 3.70 | 3.52
minimized_CNP0125862.1_docked_4,VAL514 | VAL604 | VAL463 | ILE416 | LEU557,3.01 | 2.71 | 2.91 | 2.80 | 3.23,VAL514 | CYS513 | CYS513 | ILE559 | GLY462 | GLY462 | ARG415 | ARG415 | ALA556 | GLY417 | ILE559 | ILE559,3.79 | 3.73 | 3.79 | 3.90 | 3.61 | 3.23 | 3.55 | 3.69 | 3.89 | 3.43 | 3.87 | 3.49
minimized_CNP0125862.1_docked_5,THR560 | ILE559 | ILE416 | LEU365 | VAL604 | LEU557,3.10 | 3.18 | 2.93 | 3.15 | 3.14 | 2.69,VAL467 | VAL561 | VAL561 | THR560 | THR560 | CYS513 | GLY509 | GLY462 | ALA366 | ALA366 | ALA366 | VAL465 | GLY417 | ILE559 | ILE559,3.89 | 3.87 | 3.88 | 3.88 | 3.42 | 3.89 | 3.55 | 3.88 | 3.71 | 3.89 | 3.64 | 3.89 | 3.55 | 3.68 | 3.59
minimized_CNP0125862.1_docked_6,VAL465 | VAL418 | ARG326 | THR560 | VAL608 | VAL608,2.92 | 3.00 | 2.97 | 3.06 | 2.98 | 2.90,GLY603 | GLY603 | GLY364 | VAL463 | GLY462 | GLY462 | ARG415 | GLY417 | ALA366 | ALA556 | ALA556 | GLY464 | GLY464 | ILE559 | VAL608 | CYS513 | ALA466,3.78 | 3.14 | 3.40 | 3.90 | 3.39 | 3.46 | 3.86 | 3.72 | 3.25 | 3.88 | 3.61 | 3.39 | 3.78 | 3.84 | 3.76 | 3.84 | 3.76
minimized_CNP0125862.1_docked_7,ARG326 | VAL463 | VAL512 | VAL512 | ILE416 | LEU365 | VAL465 | VAL418 | VAL418,2.87 | 3.00 | 2.87 | 3.30 | 2.97 | 2.99 | 3.20 | 3.01 | 2.98,VAL420 | VAL420 | VAL369 | VAL369 | CYS368 | CYS368 | ALA366 | ALA366 | ALA366 | ILE559 | CYS513,3.88 | 3.68 | 3.78 | 3.76 | 3.90 | 3.87 | 3.70 | 3.75 | 3.83 | 3.72 | 3.65
minimized_CNP0125862.1_docked_8,VAL561 | VAL561 | THR560 | VAL512 | VAL465 | ILE559 | ILE559 | VAL418 | VAL418 | THR560,2.78 | 3.01 | 2.63 | 2.68 | 2.92 | 3.06 | 3.14 | 3.28 | 3.12 | 3.19,PRO322 | VAL608 | VAL608 | PRO322 | VAL561 | THR560 | CYS513,3.72 | 3.83 | 3.57 | 3.60 | 3.90 | 3.77 | 3.71
minimized_CNP0125862.1_docked_9,ARG326 | VAL604 | LEU365 | GLY367 | GLY367 | ILE416 | ILE559 | ILE559,2.97 | 2.93 | 3.30 | 2.68 | 3.01 | 2.78 | 3.30 | 3.12,ARG326 | PRO322 | PRO322 | ARG326 | VAL608 | ALA366 | ALA366 | ILE559 | CYS368 | THR560,3.58 | 3.85 | 3.64 | 3.51 | 3.79 | 3.75 | 3.81 | 3.75 | 3.70 | 3.89
minimized_CNP0125862.2_docked_1,VAL512 | VAL465 | VAL463 | ILE416 | ILE416 | LEU365 | ALA510,3.08 | 2.96 | 3.26 | 3.11 | 2.92 | 2.99 | 2.90,VAL514 | VAL467 | VAL467 | VAL467 | ALA466 | ALA466 | GLY419 | GLY464 | VAL463 | GLY464 | GLY417 | ILE559 | ALA366,3.63 | 3.85 | 3.54 | 3.75 | 3.69 | 3.78 | 3.83 | 3.76 | 3.82 | 3.73 | 3.58 | 3.53 | 3.51
minimized_CNP0125862.2_docked_2,VAL465 | VAL418 | VAL561 | LEU557 | ALA510 | GLY509 | ILE416 | LEU365 | VAL463,2.77 | 3.09 | 3.23 | 2.95 | 3.33 | 2.94 | 2.70 | 3.04 | 3.28,VAL608 | GLY364 | ALA556 | GLY509 | GLY509 | GLY509 | GLY509 | VAL606 | VAL606 | GLY605 | GLY605 | GLY558 | GLY417 | ILE559 | ILE559,3.69 | 3.85 | 3.87 | 3.67 | 3.66 | 3.84 | 3.84 | 3.85 | 3.80 | 3.86 | 3.76 | 3.43 | 3.56 | 3.76 | 3.78
minimized_CNP0125862.2_docked_3,VAL418 | VAL608 | ILE416 | LEU365 | ALA510 | VAL463 | VAL604 | LEU557,2.74 | 2.81 | 3.10 | 2.79 | 2.81 | 2.87 | 3.13 | 3.30,VAL608 | ALA607 | CYS368 | CYS368 | GLY509 | GLY509 | GLY462 | VAL606 | GLY605 | GLY605 | GLY558 | GLY417 | GLY417 | ILE559,3.68 | 3.74 | 3.75 | 3.81 | 3.63 | 3.38 | 3.76 | 3.88 | 3.79 | 3.65 | 3.59 | 3.85 | 3.65 | 3.58
minimized_CNP0125862.2_docked_4,VAL606 | VAL514 | VAL514 | VAL561 | VAL561 | THR560 | VAL467,3.25 | 2.84 | 3.09 | 2.93 | 3.01 | 3.04 | 3.29,GLY462 | GLY462 | ARG415 | ARG415 | ARG415 | LEU557 | ALA510 | GLY509 | ILE559 | GLY603 | ALA556 | GLY462 | GLY462 | GLY605 | VAL604 | GLY605 | ALA366 | VAL418 | VAL561 | VAL561 | VAL561 | GLY419,3.80 | 3.10 | 3.53 | 3.76 | 3.52 | 3.85 | 3.52 | 3.74 | 3.41 | 3.90 | 3.74 | 3.83 | 3.67 | 3.78 | 3.65 | 3.52 | 3.85 | 3.69 | 3.79 | 3.52 | 3.70 | 3.82
minimized_CNP0125862.2_docked_5,ARG326 | VAL606 | VAL606 | GLY367 | GLY367 | VAL465 | VAL418 | VAL418 | ILE559 | ILE559,2.90 | 3.29 | 3.14 | 3.02 | 2.75 | 3.07 | 3.11 | 3.23 | 2.84 | 3.06,PRO322 | PRO322 | ARG326 | VAL561 | VAL561 | VAL561 | VAL420 | GLY419 | GLY419 | VAL418 | VAL418 | CYS368 | CYS513 | CYS513,3.85 | 3.74 | 3.89 | 3.64 | 3.69 | 3.50 | 3.75 | 3.77 | 3.44 | 3.87 | 3.81 | 3.21 | 3.83 | 3.68
minimized_CNP0125862.2_docked_6,VAL512 | VAL465 | VAL465 | ALA510 | VAL465 | VAL418 | VAL418,2.97 | 2.82 | 3.22 | 2.66 | 3.20 | 2.76 | 2.96,PHE577 | TYR334 | ARG415 | TYR572 | TYR572 | TYR572 | ALA556 | ALA556 | ALA556 | ARG415 | ARG415 | ALA556 | GLY509 | ARG415 | ARG415 | ARG415 | ALA556 | GLY509 | ILE559 | GLY603 | GLY603 | LEU557 | ALA556 | GLY509 | GLY509 | GLY462 | GLY462,3.68 | 3.61 | 3.02 | 3.62 | 3.76 | 3.60 | 3.66 | 3.57 | 3.87 | 3.70 | 3.70 | 3.83 | 3.08 | 3.55 | 3.11 | 3.79 | 3.66 | 3.79 | 3.86 | 3.86 | 3.66 | 3.85 | 3.73 | 3.60 | 3.33 | 3.68 | 3.83
minimized_CNP0125862.2_docked_7,ARG415 | ILE559 | VAL465 | VAL418 | VAL606 | GLY367,3.13 | 2.92 | 2.84 | 2.88 | 3.23 | 2.96,ARG415 | ARG415 | TYR525 | TYR525 | TYR525 | TYR525 | TYR525 | TYR525 | TYR525 | GLY509 | ALA556 | GLY509 | ALA556 | ARG415 | ALA556 | ALA556 | GLY509 | ALA556 | ARG415 | ARG415 | ALA556 | ALA556 | GLY417 | GLY605 | GLY464 | GLY364 | GLY364 | ALA556,3.03 | 3.83 | 3.79 | 3.76 | 3.79 | 3.67 | 3.72 | 3.70 | 3.72 | 3.64 | 3.85 | 3.76 | 3.90 | 3.81 | 3.65 | 3.78 | 2.93 | 3.86 | 3.76 | 3.43 | 3.09 | 3.47 | 3.58 | 3.65 | 3.39 | 3.60 | 3.52 | 3.67
minimized_CNP0125862.2_docked_8,ARG326 | GLY367 | GLY367 | VAL512 | ALA510 | ILE559 | ILE559,2.81 | 2.91 | 2.91 | 3.06 | 2.99 | 2.70 | 3.30,GLN563 | GLN563 | PRO322 | PRO322 | PRO322 | PRO322 | VAL561 | VAL561 | GLY464 | ILE559 | GLY419 | VAL418 | CYS368 | CYS513 | ALA466,3.59 | 3.82 | 3.68 | 3.47 | 3.78 | 3.80 | 3.37 | 3.73 | 3.86 | 3.86 | 3.68 | 3.88 | 3.54 | 3.60 | 3.57
minimized_CNP0125862.2_docked_9,VAL512 | VAL369 | VAL369 | VAL369 | THR560,2.84 | 3.08 | 2.91 | 3.21 | 3.11,ARG415 | GLY364 | GLY364 | ALA510 | GLY509 | GLY509 | VAL463 | ALA556 | ALA556 | ILE559 | GLY558 | ILE559 | ILE559 | ALA366 | ILE559 | THR560 | CYS513,3.76 | 3.71 | 3.33 | 3.88 | 3.72 | 3.67 | 3.77 | 3.69 | 3.30 | 3.82 | 3.86 | 3.12 | 3.68 | 3.63 | 3.76 | 3.81 | 3.81
minimized_CNP0126324.1_docked_1,LEU365 | ILE559 | THR560,3.01 | 3.06 | 3.02,ARG415 | ALA556 | GLY603 | GLY364 | ALA556 | GLY603 | GLY603 | ALA556 | ALA556 | ALA556 | GLY462 | GLY462 | ALA366 | ALA366 | GLY417 | VAL514 | ALA607 | CYS513,3.39 | 3.75 | 3.57 | 3.74 | 3.68 | 3.87 | 3.51 | 3.56 | 3.77 | 3.73 | 3.79 | 3.61 | 3.81 | 3.79 | 3.59 | 3.60 | 3.66 | 3.87
minimized_CNP0126324.1_docked_2,LEU557 | VAL465 | VAL418,3.16 | 2.58 | 2.71,ALA556 | ARG415 | GLY603 | ARG415 | GLY364 | GLY509 | GLY509 | ALA366 | ARG415 | GLY364 | GLY364 | ILE559 | GLY605 | ALA366 | ALA366 | ILE559 | VAL514 | CYS513 | CYS513,3.55 | 3.87 | 3.80 | 3.82 | 3.60 | 3.61 | 3.41 | 3.49 | 3.79 | 3.66 | 3.73 | 3.50 | 3.88 | 3.78 | 3.65 | 3.59 | 3.79 | 3.39 | 3.79
minimized_CNP0126324.1_docked_3,ARG326 | ARG326 | VAL608 | THR560 | ILE416,3.07 | 3.07 | 3.34 | 3.02 | 2.80,ARG326 | ALA607 | ALA607 | GLY603 | ALA556 | GLY364 | GLY509 | GLY509 | GLY462 | GLY462 | GLY364 | GLY558,3.88 | 3.60 | 3.77 | 3.43 | 3.81 | 3.76 | 3.88 | 3.53 | 3.58 | 3.89 | 3.85 | 3.79
minimized_CNP0126324.1_docked_4,VAL606 | VAL561 | THR560,3.22 | 3.12 | 2.74,ALA556 | ALA366 | ALA366 | ILE559 | ILE559 | GLY511 | ALA366 | ILE559 | VAL418 | VAL418 | HIS562 | VAL608 | ALA607,3.90 | 3.77 | 3.69 | 3.79 | 3.89 | 3.56 | 3.76 | 3.81 | 3.48 | 3.82 | 3.82 | 3.58 | 3.68
minimized_CNP0126324.1_docked_5,HIS516 | VAL514 | VAL514 | VAL606 | VAL604,3.31 | 2.66 | 3.12 | 3.17 | 2.94,VAL514 | VAL514 | VAL561 | VAL514 | CYS513 | THR560 | GLY603 | ALA556 | GLY364 | GLY509 | GLY509 | VAL463 | GLY462 | ALA366 | GLY605,3.79 | 3.64 | 3.57 | 3.47 | 3.89 | 3.49 | 3.31 | 3.72 | 3.90 | 3.86 | 3.57 | 3.78 | 3.57 | 3.88 | 3.65
minimized_CNP0126324.1_docked_6,VAL467 | VAL467 | VAL604,2.77 | 2.93 | 3.35,VAL467 | ALA466 | VAL418 | GLY509 | GLY509 | VAL463 | GLY462 | GLY603 | GLY364 | GLY364 | ALA556 | ALA556 | GLY509 | GLY464,3.49 | 3.70 | 3.71 | 3.86 | 3.57 | 3.76 | 3.56 | 3.81 | 3.50 | 3.45 | 3.83 | 3.77 | 3.55 | 3.71
minimized_CNP0126324.1_docked_7,VAL369 | VAL369 | ILE416,2.79 | 2.99 | 2.99,VAL369 | VAL369 | VAL420 | VAL369 | VAL420 | CYS368 | GLY603 | ALA556 | GLY364 | GLY509 | GLY509 | GLY462 | GLY462 | GLY558,3.69 | 3.67 | 3.76 | 3.60 | 3.74 | 3.72 | 3.42 | 3.76 | 3.79 | 3.79 | 3.47 | 3.63 | 3.81 | 3.41
minimized_CNP0126324.1_docked_8,VAL561 | THR560 | VAL418,3.24 | 3.03 | 3.18,ALA607 | GLY464 | GLY364 | GLY364,3.81 | 3.34 | 3.71 | 3.59
minimized_CNP0126324.1_docked_9,VAL606 | VAL514,3.22 | 2.99,ALA366 | ALA366 | ILE559 | GLY511 | ALA366 | ILE559 | VAL418 | VAL418 | LEU515,3.78 | 3.67 | 3.79 | 3.60 | 3.71 | 3.82 | 3.45 | 3.83 | 3.68
minimized_CNP0126692.0_docked_1,HIS516 | VAL465 | VAL418 | VAL512 | VAL465 | VAL606 | ILE559 | VAL606 | GLY367 | GLY367 | VAL606 | VAL604 | VAL463 | VAL463 | ILE416,3.18 | 2.75 | 2.83 | 2.91 | 3.00 | 2.72 | 2.78 | 2.93 | 3.01 | 2.83 | 3.31 | 3.08 | 3.06 | 3.00 | 3.13,GLY564 | HIS516 | VAL467 | VAL467 | VAL467 | GLY603 | ALA556 | GLY417 | ALA366,3.47 | 3.55 | 3.79 | 3.79 | 3.84 | 3.73 | 3.84 | 3.37 | 3.39
minimized_CNP0126692.0_docked_2,VAL561 | VAL465 | VAL418 | VAL418 | VAL512 | VAL465 | VAL465 | LEU557 | ALA510 | ALA510,2.82 | 2.71 | 2.52 | 3.11 | 3.34 | 3.19 | 3.09 | 2.96 | 2.94 | 2.92,GLY419 | CYS368 | ILE559 | GLY603 | GLY364 | ALA556 | ALA556 | GLY509 | ALA556 | ARG415 | ARG415 | ALA556 | ALA556 | GLY603 | GLY603 | LEU557 | ALA556 | ALA556 | ILE559,3.52 | 3.89 | 3.74 | 3.52 | 3.82 | 3.67 | 3.74 | 3.30 | 3.39 | 3.67 | 3.21 | 3.65 | 3.81 | 3.67 | 3.38 | 3.80 | 3.48 | 3.85 | 3.70
minimized_CNP0126692.0_docked_3,HIS516 | VAL465 | VAL418 | VAL606 | THR560 | ILE559 | VAL512 | VAL512 | VAL512 | VAL463 | VAL463 | ILE416,3.10 | 3.26 | 2.99 | 2.77 | 3.24 | 3.16 | 2.98 | 2.79 | 3.12 | 2.79 | 2.89 | 3.13,HIS516 | ARG326 | VAL369 | VAL561 | LEU515 | VAL608 | VAL608 | GLY603 | VAL606 | GLY558 | ILE559 | ILE559 | ILE559 | CYS368,3.76 | 3.89 | 3.81 | 3.87 | 3.77 | 3.79 | 3.54 | 3.75 | 3.84 | 3.46 | 3.83 | 3.83 | 3.82 | 3.51
minimized_CNP0126692.0_docked_4,VAL418 | ILE559 | VAL606 | GLY367 | GLY367 | VAL604 | VAL463 | VAL463 | ILE416,2.90 | 3.13 | 2.89 | 3.03 | 2.98 | 2.96 | 3.03 | 2.97 | 3.00,GLN563 | GLY564 | LEU515 | PRO322 | PRO322 | GLN563 | CYS513 | CYS513 | VAL512 | GLY603 | GLY603 | GLY417 | ALA366,3.65 | 3.45 | 3.74 | 3.69 | 3.76 | 3.86 | 3.83 | 3.81 | 3.80 | 3.87 | 3.69 | 3.49 | 3.77
minimized_CNP0126692.0_docked_5,VAL465 | VAL418 | VAL606 | THR560 | ILE559 | ILE559 | VAL512 | VAL512 | VAL512 | VAL463 | VAL463 | ILE416,3.21 | 2.99 | 2.86 | 3.21 | 3.29 | 3.17 | 2.94 | 2.87 | 3.09 | 2.75 | 2.97 | 3.07,GLN563 | GLN563 | PRO322 | PRO322 | PRO322 | GLN563 | PRO322 | PRO322 | THR560 | GLY603 | VAL606 | GLY558 | ILE559 | ILE559 | ILE559 | CYS368,3.69 | 3.52 | 3.73 | 3.68 | 3.76 | 3.82 | 3.90 | 3.72 | 3.88 | 3.67 | 3.85 | 3.49 | 3.78 | 3.82 | 3.86 | 3.63
minimized_CNP0126692.0_docked_6,PRO322 | THR560 | VAL606 | THR560 | ILE559 | VAL465 | VAL418 | VAL606 | VAL604 | ALA510 | VAL463 | ILE416,3.05 | 3.16 | 2.83 | 3.09 | 2.90 | 2.95 | 2.54 | 3.08 | 3.04 | 2.91 | 2.81 | 3.08,PRO322 | VAL420 | LYS323 | ARG326 | LYS323 | LYS323 | VAL369 | VAL418 | GLY603 | GLY603 | GLY364 | GLY364 | GLY417 | ILE559 | ILE559 | THR560 | ILE559,3.77 | 3.46 | 3.60 | 3.89 | 3.43 | 3.84 | 3.53 | 3.84 | 3.65 | 3.66 | 3.79 | 3.62 | 3.57 | 3.77 | 3.47 | 3.69 | 3.69
minimized_CNP0126692.0_docked_7,VAL467 | VAL465 | VAL418 | VAL418 | VAL465 | VAL465 | LEU557 | ALA510 | ALA510,2.67 | 2.77 | 2.61 | 3.07 | 3.28 | 3.03 | 2.87 | 2.78 | 3.17,ALA607 | ALA607 | VAL514 | LEU468 | VAL561 | CYS513 | CYS513 | ILE559 | GLY558 | GLY509 | ARG415 | ARG415 | ARG415 | GLY364 | ARG415 | ARG415 | ALA556 | ARG415 | ARG415 | ALA556 | ALA556 | GLY509 | GLY462 | ARG415 | GLY603 | ALA556 | ALA556 | ILE559,3.85 | 3.62 | 3.67 | 3.76 | 3.75 | 3.59 | 3.67 | 3.66 | 3.89 | 3.01 | 3.01 | 3.44 | 3.59 | 3.86 | 3.87 | 3.37 | 3.81 | 3.74 | 3.77 | 3.10 | 3.55 | 3.74 | 3.65 | 3.90 | 3.45 | 3.66 | 3.65 | 3.66
minimized_CNP0126692.0_docked_8,VAL561 | ILE559 | GLY367 | GLY367 | VAL512 | ALA510 | VAL463 | VAL604 | LEU365,3.33 | 2.84 | 3.02 | 2.99 | 2.69 | 3.02 | 3.16 | 2.58 | 2.72,GLN563 | PRO322 | ARG326 | VAL608 | VAL418 | ALA366 | GLY509 | GLY509 | GLY462 | GLY462 | GLY603 | GLY364 | GLY509 | GLY558 | GLY464,3.59 | 3.77 | 3.84 | 3.82 | 3.72 | 3.66 | 3.75 | 2.92 | 3.37 | 3.32 | 3.58 | 3.82 | 3.82 | 3.45 | 3.65
minimized_CNP0126692.0_docked_9,ASP422 | VAL465 | VAL418 | ILE559 | VAL512 | VAL606 | VAL606 | GLY367 | GLY367 | VAL604 | VAL463 | VAL463 | ILE416,2.95 | 2.99 | 2.83 | 3.03 | 3.05 | 2.77 | 2.86 | 3.03 | 3.08 | 3.08 | 3.05 | 3.03 | 3.00,ARG470 | VAL467 | VAL467 | VAL467 | THR560 | CYS513 | GLY603 | GLY603 | GLY417 | ALA366,3.70 | 3.66 | 3.84 | 3.57 | 3.63 | 3.88 | 3.84 | 3.69 | 3.51 | 3.68
minimized_CNP0127480.1_docked_1,ARG326 | ILE559 | ILE559 | VAL512 | GLN530 | VAL465,3.06 | 2.94 | 3.10 | 3.13 | 3.25 | 3.08,VAL369 | VAL369 | CYS368 | CYS368 | TYR572 | GLY509 | GLY462 | ALA556 | ALA556 | ARG415 | GLY462 | ARG415 | ARG415 | ALA556 | GLY462 | ARG415 | ARG415 | ILE559 | GLY605 | ALA366 | ALA366 | GLY509 | GLY462 | GLY462,3.68 | 3.67 | 3.59 | 3.71 | 3.50 | 3.60 | 3.57 | 3.71 | 3.72 | 3.57 | 3.59 | 3.73 | 3.76 | 3.65 | 3.84 | 3.82 | 3.82 | 3.81 | 3.81 | 3.90 | 3.73 | 3.59 | 3.74 | 3.82
minimized_CNP0127480.1_docked_2,LEU365 | ILE416 | ILE559 | VAL606 | GLY367,3.12 | 2.65 | 2.97 | 2.86 | 3.30,PHE577 | TYR572 | TYR572 | TYR334 | TYR334 | TYR334 | TYR334 | ALA556 | ARG415 | ARG415 | ALA556 | ALA556 | ALA556 | GLY509 | ALA556 | GLY509 | ALA466 | ALA466 | ILE559 | ALA556 | GLY509 | GLY509 | GLY462 | GLY462 | ARG415 | ARG415 | GLY603 | GLY603,3.70 | 3.73 | 3.73 | 3.88 | 3.76 | 3.38 | 3.78 | 3.86 | 3.86 | 3.83 | 3.19 | 3.69 | 3.51 | 3.76 | 3.73 | 3.77 | 3.74 | 3.41 | 3.87 | 3.65 | 3.73 | 3.12 | 3.71 | 2.75 | 3.81 | 3.64 | 3.87 | 3.48
minimized_CNP0127480.1_docked_3,VAL606 | ILE559 | VAL606 | GLY367 | VAL514,3.05 | 2.70 | 3.11 | 2.99 | 3.31,GLY509 | ALA366 | ALA366 | GLY417 | GLY464 | ASP422 | ARG470 | ARG470 | ARG470 | LEU468 | VAL467 | GLY367 | ALA366 | ILE559 | CYS513 | CYS513,3.67 | 3.39 | 3.81 | 3.86 | 3.30 | 3.61 | 3.69 | 3.87 | 3.77 | 3.77 | 3.58 | 3.86 | 3.63 | 3.75 | 3.53 | 3.78
minimized_CNP0127480.1_docked_4,THR560 | ILE559 | VAL606 | GLY367 | ASP422,3.31 | 2.92 | 2.90 | 3.00 | 3.14,GLY509 | GLY462 | ALA366 | ALA366 | GLY464 | GLY464 | ARG470 | LEU468 | VAL467 | VAL467 | VAL467 | VAL467 | VAL420 | VAL420,3.61 | 3.88 | 3.45 | 3.78 | 3.16 | 3.79 | 3.78 | 3.78 | 3.48 | 3.83 | 3.89 | 3.67 | 3.83 | 3.79
minimized_CNP0127480.1_docked_5,ARG326 | VAL465,2.95 | 2.87,GLY564 | PRO322 | PRO322 | HIS562 | GLY603 | GLY605 | ALA366 | ALA366 | ALA366 | VAL561,3.75 | 3.69 | 3.66 | 3.87 | 3.68 | 3.52 | 3.82 | 3.53 | 3.76 | 3.89
minimized_CNP0127480.1_docked_6,VAL606 | ILE559 | VAL606 | GLY367 | ASN469 | VAL467,3.29 | 2.81 | 2.93 | 2.85 | 3.16 | 3.32,GLY509 | ALA366 | ALA366 | GLY464 | GLY464 | VAL514 | LEU468 | VAL467 | VAL467 | ALA366 | CYS513 | CYS513,3.58 | 3.46 | 3.77 | 3.37 | 3.88 | 3.81 | 3.68 | 3.55 | 3.72 | 3.75 | 3.82 | 3.89
minimized_CNP0127480.1_docked_7,ASN469 | VAL418 | VAL604 | VAL514 | VAL561 | THR560,3.06 | 2.90 | 3.27 | 3.17 | 3.23 | 3.03,ASN469 | LEU468 | VAL514 | GLY603 | GLY603 | ALA556 | VAL465 | GLY417 | GLY417 | ALA366 | ALA366 | ALA366 | VAL514 | VAL514 | VAL561,3.56 | 3.77 | 3.76 | 3.81 | 3.50 | 3.78 | 3.84 | 3.83 | 3.26 | 3.55 | 3.60 | 3.76 | 3.80 | 3.62 | 3.83
minimized_CNP0127480.1_docked_8,GLY423 | VAL608 | VAL608 | GLY367 | VAL465 | VAL465,3.04 | 3.18 | 3.19 | 2.74 | 3.28 | 2.99,GLY423 | ASP422 | GLY603 | GLY605 | ILE559 | ALA607 | VAL369 | ALA607 | THR560 | CYS513 | ILE559 | CYS513,3.83 | 3.70 | 3.78 | 3.72 | 3.55 | 3.77 | 3.79 | 3.82 | 3.84 | 3.76 | 3.68 | 3.84
minimized_CNP0127480.1_docked_9,VAL604,3.13,ARG470 | ARG470 | VAL467 | GLY462 | GLY462 | GLY511 | GLY464 | ILE559 | VAL420 | VAL420 | VAL420 | ILE559,3.80 | 3.50 | 3.80 | 3.54 | 3.64 | 3.78 | 3.79 | 3.69 | 3.79 | 3.83 | 3.64 | 3.73
minimized_CNP0127480.2_docked_1,LEU557 | GLY509 | VAL604 | LEU557 | VAL465 | VAL465,2.79 | 3.32 | 3.12 | 2.58 | 2.42 | 3.30,PHE577 | TYR572 | TYR572 | PHE577 | ALA556 | ALA556 | ARG415 | ARG415 | ARG415 | ARG415 | GLY364 | THR560 | GLY603 | GLY603 | GLY364 | ARG415 | ARG415 | ARG415 | GLY603 | ALA556 | ALA556 | ALA556 | ALA556,3.74 | 3.85 | 3.78 | 3.82 | 3.87 | 3.40 | 3.59 | 3.54 | 3.90 | 3.22 | 3.86 | 3.82 | 3.70 | 3.46 | 3.69 | 3.89 | 3.84 | 3.72 | 3.82 | 3.39 | 3.57 | 2.94 | 3.87
minimized_CNP0127480.2_docked_2,GLN530 | LEU557 | GLY509 | VAL604 | LEU557 | VAL465 | VAL465,2.96 | 2.98 | 3.13 | 3.29 | 2.64 | 2.47 | 3.30,TYR572 | TYR572 | TYR572 | ALA556 | ALA556 | ARG415 | ALA556 | ALA556 | ARG415 | ARG415 | ARG415 | ARG415 | THR560 | GLY603 | GLY603 | GLY364 | ARG415 | ARG415 | ARG415 | ALA556 | ALA556 | ALA556 | ALA556 | GLY509,3.42 | 3.89 | 3.77 | 3.63 | 3.81 | 3.63 | 3.12 | 3.21 | 3.51 | 3.49 | 3.65 | 3.09 | 3.67 | 3.86 | 3.54 | 3.65 | 3.75 | 3.69 | 3.65 | 3.33 | 3.65 | 2.92 | 3.79 | 3.82
minimized_CNP0127480.2_docked_3,SER602 | ALA510 | LEU557 | VAL465 | THR560,3.21 | 2.92 | 2.43 | 2.89 | 3.28,TYR334 | PHE577 | PHE577 | TYR572 | TYR572 | PHE577 | SER363 | GLY603 | ALA556 | GLY603 | ALA556 | ARG415 | ARG415 | ARG415 | ARG415 | ALA466 | GLY419 | GLY603 | GLY603 | ARG415 | ARG415 | ARG415 | ALA556 | ALA556 | ALA556 | ALA556 | GLY509 | VAL463,3.83 | 3.87 | 3.73 | 3.80 | 3.77 | 3.75 | 3.71 | 3.72 | 3.43 | 3.35 | 3.66 | 3.45 | 3.55 | 3.86 | 3.33 | 3.53 | 3.75 | 3.78 | 3.24 | 3.54 | 3.53 | 3.52 | 3.77 | 3.90 | 3.62 | 3.17 | 3.63 | 3.83
minimized_CNP0127480.2_docked_4,GLN530 | ALA510 | LEU557,2.91 | 3.06 | 2.70,TYR525 | TYR572 | ALA556 | TYR334 | ALA556 | GLY603 | ALA556 | ARG415 | ARG415 | ARG415 | ARG415 | GLY364 | GLY603 | ALA556 | GLY364 | VAL514 | GLY419 | GLY603 | GLY364 | GLY462 | ARG415 | ARG415 | ARG415 | ALA556 | ALA556 | GLY509 | GLY509 | VAL463,3.81 | 3.60 | 3.65 | 3.77 | 3.58 | 3.76 | 3.10 | 3.46 | 3.70 | 3.50 | 3.09 | 3.88 | 3.49 | 3.81 | 3.84 | 3.72 | 3.88 | 3.56 | 3.77 | 3.63 | 3.52 | 3.34 | 3.38 | 3.65 | 3.25 | 3.54 | 3.89 | 3.82
minimized_CNP0127480.2_docked_5,ARG326 | VAL418 | VAL418,2.80 | 3.18 | 2.97,VAL369 | CYS368 | CYS368 | TYR525 | TYR525 | TYR525 | SER508 | ALA556 | TYR525 | GLY462 | ARG415 | GLY603 | ALA556 | GLY364 | ALA556 | ARG415 | ARG415 | ALA556 | ALA556 | ILE559 | GLY464 | GLY603,3.88 | 3.54 | 3.65 | 3.65 | 3.88 | 3.43 | 3.82 | 3.56 | 3.83 | 3.30 | 3.86 | 3.45 | 3.68 | 3.88 | 3.39 | 3.31 | 3.31 | 3.47 | 3.62 | 3.74 | 3.69 | 3.69
minimized_CNP0127480.2_docked_6,VAL604 | LEU365 | ILE416 | VAL606 | ILE559 | ILE559,3.03 | 2.67 | 2.85 | 2.87 | 2.91 | 3.31,ARG415 | TYR525 | TYR525 | SER508 | GLY509 | ARG415 | ALA556 | ALA556 | GLY509 | ALA556 | ALA556 | GLY462 | ARG415 | ARG415 | GLY462 | GLY462 | ARG415 | ARG415 | ARG415 | ARG415 | VAL420 | VAL369 | VAL369 | VAL369 | ALA607 | ALA607 | ILE559 | ALA556 | GLY558,3.66 | 3.52 | 3.77 | 3.89 | 3.86 | 3.50 | 3.47 | 3.77 | 3.69 | 3.15 | 3.66 | 3.04 | 3.77 | 3.79 | 3.89 | 2.98 | 3.52 | 3.18 | 3.83 | 3.40 | 3.83 | 3.88 | 3.62 | 3.72 | 3.79 | 3.73 | 3.82 | 3.88 | 3.66
minimized_CNP0127480.2_docked_7,,,VAL467 | VAL467 | VAL420 | TYR572 | ALA556 | GLY509 | GLY462 | ALA556 | ARG415 | ARG415 | ARG415 | ARG415 | VAL418 | ALA366 | GLY605 | ALA366 | GLY509 | GLY462 | GLY509 | GLY462 | GLY462,3.89 | 3.78 | 3.84 | 3.48 | 3.71 | 3.45 | 3.84 | 3.87 | 3.73 | 3.79 | 3.81 | 3.69 | 3.59 | 3.81 | 3.82 | 3.82 | 3.43 | 3.67 | 3.03 | 3.54 | 3.30
minimized_CNP0127480.2_docked_8,VAL608 | ILE559 | ILE559 | VAL512,3.34 | 2.87 | 3.29 | 3.00,VAL514 | VAL514 | ALA466 | ALA466 | GLY603 | ALA556 | GLY509 | GLY462 | GLY462 | ALA556 | ARG415 | GLY509 | GLY462 | ALA556 | GLY462 | VAL418 | GLY605 | ALA366 | ALA366 | GLY509 | GLY462,3.83 | 3.81 | 3.61 | 3.69 | 3.81 | 3.44 | 2.86 | 3.83 | 3.21 | 3.83 | 3.47 | 3.69 | 3.46 | 3.80 | 3.76 | 3.78 | 3.82 | 3.72 | 3.58 | 3.59 | 3.81
minimized_CNP0127480.2_docked_9,ILE559,3.31,VAL561 | VAL561 | TYR572 | ALA556 | GLY509 | GLY462 | ARG415 | ARG415 | ARG415 | ARG415 | VAL418 | GLY605 | GLY605 | ALA366 | GLY509 | GLY509 | GLY462 | GLY509 | GLY462 | GLY462,3.80 | 3.84 | 3.44 | 3.74 | 3.40 | 3.69 | 3.63 | 3.67 | 3.76 | 3.69 | 3.69 | 3.89 | 3.74 | 3.79 | 3.90 | 3.48 | 3.76 | 3.04 | 3.54 | 3.35
minimized_CNP0127480.3_docked_1,ILE559 | ILE416 | LEU365 | VAL604 | LEU365 | ARG483 | ARG483 | ARG415 | ILE559,2.63 | 2.70 | 2.98 | 2.80 | 2.80 | 3.02 | 3.10 | 3.02 | 3.25,ALA607 | THR560 | CYS513 | PHE478 | PHE478 | TYR525 | TYR525 | ALA556 | GLY509 | GLY462 | ALA556 | GLY509 | GLY462 | ARG415 | ARG415 | ALA366 | ALA366 | VAL418 | ALA366 | ALA366 | GLY603 | GLY558 | LEU557 | ALA556 | ALA556 | GLY509 | GLY509 | ALA556,3.81 | 3.46 | 3.45 | 3.82 | 3.26 | 3.50 | 3.85 | 3.72 | 3.70 | 3.14 | 3.29 | 3.65 | 3.61 | 3.67 | 3.84 | 3.42 | 3.88 | 3.89 | 3.47 | 3.60 | 3.85 | 3.89 | 3.64 | 3.65 | 3.07 | 3.70 | 3.62 | 3.87
minimized_CNP0127480.3_docked_2,VAL608 | ARG326 | VAL512 | VAL465 | VAL465,3.14 | 2.85 | 2.56 | 3.00 | 2.96,ARG326 | ARG326 | GLY509 | GLY462 | GLY603 | ALA556 | ARG415 | GLY364 | ALA556 | ALA556 | ARG415 | ARG415 | ALA556 | ARG415 | ARG415 | ARG415 | GLY364 | GLY364 | LEU557 | GLY603 | ALA556 | ALA556 | GLY603 | ALA366 | VAL418 | ILE559 | ILE559 | ILE559 | ALA366 | ALA366,3.77 | 3.70 | 3.68 | 3.83 | 3.64 | 3.85 | 3.84 | 3.81 | 3.67 | 3.82 | 3.75 | 3.88 | 3.86 | 3.68 | 3.55 | 3.39 | 3.56 | 3.74 | 3.84 | 3.69 | 3.62 | 3.79 | 3.67 | 3.65 | 3.40 | 3.83 | 3.54 | 3.82 | 3.62 | 3.49
minimized_CNP0127480.3_docked_3,HIS516 | GLN563 | VAL465 | VAL418 | VAL514,3.24 | 2.92 | 2.94 | 3.05 | 3.22,GLY564 | GLY564 | VAL561 | VAL561 | VAL561 | GLY462 | GLY462 | ARG415 | ALA556 | ALA556 | ALA556 | GLY417 | GLY605 | ALA366 | ILE559 | VAL561 | VAL514 | ILE559 | VAL606,3.77 | 3.58 | 3.52 | 3.77 | 3.89 | 3.66 | 3.47 | 3.69 | 3.86 | 3.53 | 3.32 | 3.70 | 3.67 | 3.87 | 3.89 | 3.88 | 3.75 | 3.90 | 3.74
minimized_CNP0127480.3_docked_4,ARG470 | GLY367 | VAL606 | THR560 | ILE559,2.98 | 3.29 | 2.99 | 3.09 | 3.22,ARG470 | LEU468 | LEU468 | VAL467 | VAL467 | VAL467 | GLY462 | GLY462 | ARG415 | ARG415 | GLY603 | GLY603 | ALA556 | ALA556 | ALA556 | GLY464 | ALA366 | ALA366 | THR560 | CYS513,3.79 | 3.89 | 3.67 | 3.72 | 3.87 | 3.48 | 3.70 | 3.44 | 3.57 | 3.82 | 3.68 | 3.67 | 3.61 | 3.64 | 3.31 | 3.71 | 3.69 | 3.56 | 3.81 | 3.65
minimized_CNP0127480.3_docked_5,VAL512 | VAL465 | VAL465 | VAL418,3.26 | 3.21 | 3.18 | 2.92,LYS323 | LYS323 | LYS323 | PRO322 | ARG326 | GLY603 | GLY603 | ALA556 | ALA556 | GLY509 | GLY462 | GLY462 | GLY462 | ALA366 | ILE559 | VAL561 | VAL561 | ILE559,3.68 | 3.80 | 3.72 | 3.68 | 3.71 | 3.83 | 3.51 | 3.63 | 3.87 | 3.80 | 3.60 | 3.85 | 3.63 | 3.81 | 3.83 | 3.69 | 3.64 | 3.23
minimized_CNP0127480.3_docked_6,VAL467 | VAL606 | GLY367 | VAL606 | ILE559,2.99 | 3.06 | 3.02 | 3.21 | 2.98,ARG470 | ARG470 | VAL467 | VAL467 | GLY603 | ALA556 | ALA556 | GLY462 | GLY462 | GLY511 | GLY464 | ALA366 | VAL420 | VAL420 | VAL418,3.89 | 3.80 | 3.52 | 3.60 | 3.21 | 3.70 | 3.80 | 3.69 | 3.77 | 3.74 | 3.83 | 3.88 | 3.88 | 3.76 | 3.54
minimized_CNP0127480.3_docked_7,VAL604 | VAL369,2.90 | 3.33,GLY364 | GLY464 | ILE559 | GLY371 | GLY371 | VAL369 | ARG326 | VAL369 | VAL418 | VAL418 | VAL369,3.89 | 3.79 | 3.39 | 3.89 | 3.50 | 3.86 | 3.84 | 3.74 | 3.78 | 3.76 | 3.50
minimized_CNP0127480.3_docked_8,LYS323 | GLY371 | THR560,3.03 | 2.86 | 3.06,LYS323 | VAL369 | VAL369 | GLY603 | GLY364 | VAL463 | GLY462 | GLY462 | GLY605 | ALA366 | ALA366 | ILE559,3.90 | 3.54 | 3.89 | 3.86 | 3.89 | 3.90 | 3.52 | 3.66 | 3.89 | 3.82 | 3.60 | 3.42
minimized_CNP0127480.3_docked_9,GLY564 | VAL465 | VAL418 | VAL514,3.03 | 3.11 | 3.04 | 3.32,PRO322 | HIS562 | VAL561 | VAL561 | VAL561 | VAL561 | GLY462 | GLY462 | ARG415 | ARG415 | GLY603 | GLY603 | ALA556 | ALA556 | ALA556 | GLY464 | ALA366 | ALA366 | VAL561 | VAL561 | VAL561 | VAL561 | ILE559,3.56 | 3.74 | 3.85 | 3.24 | 3.66 | 3.84 | 3.69 | 3.41 | 3.62 | 3.84 | 3.77 | 3.65 | 3.65 | 3.60 | 3.33 | 3.57 | 3.69 | 3.64 | 3.82 | 3.33 | 3.86 | 3.65 | 3.68
minimized_CNP0127480.4_docked_1,ARG483 | ARG483 | ARG415 | LEU557 | ALA510 | GLY509 | LEU557 | VAL465 | THR560,3.30 | 2.96 | 2.80 | 3.20 | 3.09 | 3.08 | 2.64 | 2.85 | 3.18,PHE478 | GLY462 | ILE461 | ILE461 | TYR525 | ARG415 | ARG415 | ARG415 | ALA556 | GLY509 | ALA556 | ALA556 | VAL420 | ALA466 | GLY419 | ILE559 | ILE559 | GLY462 | GLY462 | ARG415 | ARG415 | ALA556 | GLY509 | GLY464 | VAL606,3.43 | 3.83 | 3.54 | 3.86 | 3.78 | 3.75 | 3.66 | 3.61 | 3.68 | 3.69 | 3.49 | 3.87 | 3.81 | 3.76 | 3.86 | 3.78 | 3.70 | 3.72 | 3.39 | 3.52 | 3.72 | 3.89 | 3.81 | 3.56 | 3.88
minimized_CNP0127480.4_docked_2,ARG483 | ARG483 | ARG415 | LEU557 | ALA510 | GLY509 | LEU557 | VAL465 | VAL465,3.29 | 2.93 | 2.82 | 3.17 | 3.13 | 3.14 | 2.70 | 2.61 | 3.24,PHE478 | GLY462 | ILE461 | ILE461 | TYR525 | ARG415 | ARG415 | ARG415 | ALA556 | GLY509 | ALA556 | ALA556 | VAL420 | VAL467 | THR560 | CYS513 | ILE559 | GLY462 | GLY462 | ARG415 | ARG415 | ALA556 | GLY509 | GLY464,3.42 | 3.87 | 3.52 | 3.87 | 3.72 | 3.79 | 3.71 | 3.68 | 3.69 | 3.70 | 3.45 | 3.85 | 3.61 | 3.67 | 3.76 | 3.75 | 3.86 | 3.69 | 3.34 | 3.51 | 3.68 | 3.87 | 3.85 | 3.53
minimized_CNP0127480.4_docked_3,ARG483 | ARG415 | LEU557 | VAL604 | LEU557,3.09 | 3.14 | 2.88 | 3.11 | 2.89,ARG415 | ARG415 | ARG415 | ALA556 | ALA556 | VAL467 | THR560 | CYS513 | ILE559 | ILE559 | GLY364 | GLY462 | GLY462 | ARG415 | ARG415 | ALA556 | GLY464,3.90 | 3.86 | 3.68 | 3.51 | 3.45 | 3.54 | 3.76 | 3.50 | 3.88 | 3.81 | 3.89 | 3.83 | 3.44 | 3.54 | 3.65 | 3.78 | 3.75
minimized_CNP0127480.4_docked_4,GLY509 | LEU557 | VAL512 | VAL465 | VAL465 | VAL418,2.85 | 2.90 | 2.91 | 2.82 | 3.28 | 3.17,TYR572 | TYR572 | TYR334 | TYR334 | TYR334 | TYR334 | ARG415 | GLY364 | ARG415 | GLY364 | GLY603 | ALA556 | GLY603 | ALA556 | GLY603 | ALA556 | GLY364 | GLY364 | GLY462 | ARG415 | ARG415 | ARG415 | ARG415 | ALA556 | ALA556 | ALA556 | GLY509 | GLY509,3.72 | 3.64 | 3.59 | 3.80 | 3.73 | 3.69 | 3.69 | 3.66 | 3.58 | 3.77 | 3.47 | 3.53 | 3.66 | 2.78 | 3.31 | 3.81 | 3.71 | 3.52 | 3.41 | 3.81 | 3.39 | 3.58 | 3.27 | 3.52 | 3.32 | 3.62 | 3.77 | 3.47
minimized_CNP0127480.4_docked_5,ARG483 | ARG483 | ARG415 | VAL604 | LEU365 | ILE416 | LEU365 | ILE559 | ARG326 | THR560 | ILE559,3.22 | 2.83 | 2.82 | 3.00 | 2.75 | 2.48 | 3.08 | 2.47 | 3.04 | 2.88 | 3.27,PHE478 | GLY462 | ILE461 | ILE461 | PHE478 | TYR525 | ARG415 | ARG415 | ARG415 | ARG415 | ARG415 | ALA556 | GLY509 | ALA556 | ALA556 | GLY509 | VAL608 | CYS368 | GLY462 | GLY462 | ALA556 | GLY509 | GLY509 | LEU557 | ALA366 | ALA366 | ALA366 | VAL418 | ALA366 | VAL418,3.33 | 3.86 | 3.54 | 3.86 | 3.79 | 3.73 | 3.88 | 3.82 | 3.77 | 3.62 | 3.65 | 3.82 | 3.31 | 3.25 | 3.53 | 3.67 | 3.71 | 3.79 | 3.83 | 3.78 | 3.16 | 3.62 | 3.36 | 3.67 | 3.35 | 3.76 | 3.55 | 3.88 | 3.35 | 3.88
minimized_CNP0127480.4_docked_6,VAL465 | VAL465 | VAL512 | ARG326 | ARG326,2.84 | 3.05 | 2.62 | 3.20 | 3.08,ARG415 | GLY364 | ARG415 | ALA556 | ARG415 | ALA556 | ALA556 | ARG415 | GLY462 | GLY462 | ARG415 | GLY603 | GLY603 | GLY364 | ARG326 | VAL369 | ILE559 | ILE559 | ILE559 | ALA366 | ALA366 | ALA366 | VAL418,3.58 | 3.67 | 3.69 | 3.75 | 3.77 | 3.81 | 3.78 | 3.74 | 3.51 | 3.35 | 3.64 | 3.71 | 3.47 | 3.74 | 3.88 | 3.84 | 3.87 | 3.69 | 3.89 | 3.56 | 3.45 | 3.60 | 3.34
minimized_CNP0127480.4_docked_7,VAL604 | LEU365 | ILE416 | LEU365 | ILE559 | ILE559,2.76 | 2.81 | 2.70 | 2.81 | 2.71 | 3.28,TYR525 | TYR525 | ARG415 | ARG415 | GLY509 | GLY462 | ALA556 | CYS513 | VAL561 | VAL561 | VAL561 | ALA607 | ALA607 | GLY462 | ALA556 | ALA556 | GLY509 | GLY509 | GLY603 | LEU557 | ALA366 | ALA366 | ALA366 | ALA366,3.80 | 3.79 | 3.48 | 3.83 | 3.63 | 3.61 | 3.60 | 3.72 | 3.71 | 3.79 | 3.77 | 3.73 | 3.54 | 3.62 | 3.79 | 3.25 | 3.86 | 3.36 | 3.90 | 3.65 | 3.44 | 3.88 | 3.67 | 3.43
minimized_CNP0127480.4_docked_8,,,GLY462 | ARG415 | ARG415 | GLY603 | ILE559 | GLY558 | GLY417 | GLN563 | GLN563 | PRO322 | PRO322 | PRO322 | GLN563 | VAL561 | VAL561 | VAL561 | VAL514,3.53 | 3.70 | 3.62 | 3.77 | 3.86 | 3.83 | 3.75 | 3.85 | 3.50 | 3.85 | 3.38 | 3.83 | 3.82 | 3.77 | 3.69 | 3.80 | 3.67
minimized_CNP0127480.4_docked_9,VAL465 | VAL465 | VAL418 | GLN530,3.16 | 3.01 | 3.35 | 3.03,VAL420 | VAL467 | ALA466 | TYR525 | TYR572 | TYR572 | ALA556 | ARG415 | ARG415 | ARG415 | ARG415 | ARG415 | ALA556 | ALA556 | ALA366 | ILE559 | ILE559 | ILE559 | ILE559 | ARG415 | GLY364,3.76 | 3.88 | 3.65 | 3.88 | 3.80 | 3.59 | 3.80 | 3.51 | 3.85 | 3.41 | 3.62 | 3.85 | 3.30 | 3.74 | 3.82 | 3.47 | 3.82 | 3.58 | 3.87 | 3.69 | 3.71
minimized_CNP0127480.5_docked_1,LEU557 | ILE416 | ILE559 | ILE559,2.70 | 3.22 | 2.70 | 3.34,TYR525 | TYR525 | TYR525 | TYR572 | SER555 | ARG415 | ARG415 | GLY462 | ARG415 | ARG415 | VAL561 | VAL608 | VAL420 | CYS368 | GLY509 | GLY462 | GLY462 | ARG415 | ARG415 | ARG415 | ALA556 | LEU557 | VAL604 | GLY558 | LEU557,3.54 | 3.81 | 3.79 | 3.53 | 3.66 | 3.63 | 3.74 | 3.57 | 3.83 | 3.73 | 3.84 | 3.64 | 3.88 | 3.74 | 3.55 | 3.72 | 3.71 | 3.66 | 3.70 | 3.41 | 3.77 | 3.73 | 3.77 | 3.75 | 3.79
minimized_CNP0127480.5_docked_2,LEU557 | ILE416 | ILE559 | VAL606 | THR560 | ILE559 | ILE559,2.80 | 3.28 | 2.68 | 2.85 | 3.13 | 3.29 | 3.27,PHE577 | TYR572 | TYR572 | ALA556 | ARG415 | ARG415 | ALA556 | ARG415 | ARG415 | ALA607 | VAL369 | CYS513 | GLY509 | GLY462 | GLY462 | GLY462 | ARG415 | ARG415 | ARG415 | ARG415 | ALA556 | LEU557 | VAL604 | GLY558 | LEU557,3.74 | 3.84 | 3.78 | 3.77 | 3.72 | 3.63 | 3.60 | 3.79 | 3.58 | 3.72 | 3.75 | 3.64 | 3.47 | 3.67 | 3.77 | 3.83 | 3.83 | 3.53 | 3.71 | 3.31 | 3.68 | 3.70 | 3.85 | 3.75 | 3.71
minimized_CNP0127480.5_docked_3,LEU557 | ILE416 | ILE559 | VAL606 | THR560 | ILE559,2.70 | 3.27 | 2.73 | 2.97 | 3.13 | 3.24,TYR525 | TYR525 | TYR525 | ARG415 | ARG415 | GLY462 | ARG415 | ARG415 | ARG415 | VAL420 | VAL420 | ALA607 | GLY462 | ARG415 | ARG415 | ARG415 | LEU557 | VAL604 | GLY558 | LEU557,3.77 | 3.71 | 3.80 | 3.66 | 3.56 | 3.74 | 3.72 | 3.78 | 3.61 | 3.82 | 3.87 | 3.89 | 3.86 | 3.80 | 3.69 | 3.38 | 3.65 | 3.85 | 3.59 | 3.84
minimized_CNP0127480.5_docked_4,VAL463 | ILE416 | VAL465 | VAL512 | ARG326 | VAL465,2.89 | 3.12 | 2.87 | 3.34 | 3.27 | 3.27,TYR525 | TYR525 | GLY462 | ARG415 | ALA556 | GLY509 | GLY509 | GLY462 | ARG415 | ALA607 | ALA607 | VAL369 | GLY419 | ARG415 | GLY364 | GLY603 | ALA556 | ALA556 | GLY509 | GLY462 | VAL463 | GLY464 | VAL463 | ALA366 | ALA366,3.76 | 3.60 | 3.68 | 3.82 | 3.52 | 3.64 | 3.82 | 3.29 | 3.89 | 3.80 | 3.85 | 3.81 | 3.69 | 3.66 | 3.80 | 3.75 | 3.16 | 3.30 | 3.55 | 3.78 | 3.80 | 3.34 | 3.82 | 3.90 | 3.86
minimized_CNP0127480.5_docked_5,LEU557 | ILE559 | VAL418 | ILE559,2.75 | 2.70 | 3.00 | 3.21,TYR334 | TYR334 | TYR334 | TYR334 | ALA556 | ARG415 | ARG415 | ALA556 | ARG415 | ARG415 | ARG415 | ARG415 | VAL514 | ALA607 | CYS368 | GLY509 | GLY462 | ARG415 | ARG415 | ARG415 | ARG415 | ALA556 | LEU557 | VAL604 | GLY558 | LEU557,3.75 | 3.73 | 3.61 | 3.84 | 3.84 | 3.89 | 3.67 | 3.29 | 3.67 | 3.89 | 3.83 | 3.42 | 3.65 | 3.39 | 3.51 | 3.69 | 3.86 | 3.69 | 3.55 | 3.81 | 3.25 | 3.69 | 3.64 | 3.72 | 3.64 | 3.67
minimized_CNP0127480.5_docked_6,THR560 | VAL512 | ALA510,2.92 | 3.23 | 3.02,LYS323 | LYS323 | LYS323 | PRO322 | ARG326 | ARG326 | LYS323 | VAL608 | GLY364 | GLY509 | ALA556 | GLY509 | ARG415 | ARG415 | GLY462 | GLY464 | GLY464 | VAL418 | VAL418 | ALA366,3.62 | 3.75 | 3.73 | 3.76 | 3.73 | 3.64 | 3.74 | 3.68 | 3.72 | 3.61 | 3.74 | 3.60 | 3.83 | 3.60 | 3.72 | 3.78 | 3.48 | 3.48 | 3.68 | 3.76
minimized_CNP0127480.5_docked_7,VAL604 | LEU557 | VAL606 | GLY367 | ARG326 | GLY367,3.04 | 2.96 | 2.70 | 2.72 | 3.02 | 2.96,TYR525 | TYR525 | TYR525 | TYR525 | ALA556 | ALA556 | GLY603 | ALA556 | ALA556 | ARG415 | ARG415 | ALA556 | ARG415 | GLY509 | GLY509 | GLY462 | VAL369 | ALA510 | GLY462 | GLY462 | LEU365 | GLY605 | ALA366 | ALA366 | ILE559 | ILE559 | VAL512,3.78 | 3.73 | 3.77 | 3.78 | 3.46 | 3.84 | 3.75 | 3.81 | 3.89 | 3.70 | 3.79 | 3.71 | 3.61 | 3.69 | 3.86 | 3.29 | 3.47 | 3.89 | 3.53 | 3.71 | 3.77 | 3.80 | 3.52 | 3.26 | 3.84 | 3.72 | 3.67
minimized_CNP0127480.5_docked_8,ARG415 | LEU557 | VAL606 | GLY367 | VAL420,3.09 | 3.04 | 2.73 | 3.22 | 3.14,PHE478 | GLY462 | ARG415 | GLY462 | ALA556 | ALA556 | GLY509 | GLY509 | VAL467 | THR560 | CYS513 | GLY509 | GLY462 | ARG415 | ARG415 | ARG415 | GLY364 | GLY603 | ALA556 | ALA556 | ALA556 | LEU557 | VAL604 | GLY558 | LEU557 | GLY417,3.71 | 3.63 | 3.49 | 3.78 | 3.44 | 3.80 | 3.35 | 3.34 | 3.44 | 3.84 | 3.89 | 3.58 | 3.67 | 3.26 | 3.37 | 3.24 | 3.76 | 3.64 | 3.57 | 3.48 | 3.90 | 3.68 | 3.80 | 3.82 | 3.59 | 3.84
minimized_CNP0127480.5_docked_9,VAL418,3.00,GLY364 | GLY364 | ALA556 | GLY558 | VAL420 | ILE559 | VAL369 | VAL369 | VAL369,3.55 | 3.74 | 3.59 | 3.83 | 3.70 | 3.83 | 3.58 | 3.68 | 3.45
minimized_CNP0128822.1_docked_1,VAL604 | LEU557 | VAL606 | THR560 | ILE559 | GLN563 | VAL514 | VAL561,2.96 | 2.99 | 3.07 | 2.94 | 3.31 | 3.20 | 3.05 | 2.97,ALA556 | ARG415 | GLY603 | GLY364 | GLY462 | ALA556 | ALA556 | GLY509 | GLY464 | GLY464 | GLY464 | ILE559 | ALA366 | ILE559 | VAL418 | ALA366 | ALA466 | VAL561 | VAL561 | VAL561 | VAL561 | VAL608,3.69 | 3.69 | 3.44 | 3.83 | 3.89 | 3.55 | 3.17 | 3.87 | 3.84 | 3.65 | 3.73 | 3.84 | 3.53 | 3.78 | 3.89 | 3.59 | 3.81 | 3.46 | 3.67 | 3.76 | 3.86 | 3.77
minimized_CNP0128822.1_docked_2,VAL465 | VAL418 | VAL463 | ILE416 | ARG483 | GLN530 | ARG415,2.66 | 2.57 | 2.87 | 2.92 | 3.30 | 3.15 | 3.03,ALA466 | ILE559 | ILE559 | ILE559 | ILE559 | ALA366 | ALA366 | ALA556 | GLY509 | ALA556 | TYR525 | TYR525 | ALA556 | GLY509 | ARG415 | ARG415 | ALA556,3.81 | 2.97 | 3.89 | 3.38 | 3.67 | 3.56 | 3.55 | 3.85 | 3.89 | 3.61 | 3.67 | 3.74 | 3.89 | 3.69 | 3.88 | 3.33 | 3.38
minimized_CNP0128822.1_docked_3,VAL604 | LEU557 | HIS562 | ARG326 | ARG326 | VAL514,3.22 | 2.81 | 3.30 | 2.87 | 2.90 | 3.25,GLY603 | ARG415 | GLY364 | ARG415 | GLY603 | GLY364 | ALA556 | ALA556 | GLY509 | GLY509 | ILE559 | ALA366 | ILE559 | ALA366 | VAL561 | HIS562 | VAL561 | VAL608 | VAL561,3.83 | 3.71 | 3.84 | 3.85 | 3.74 | 3.58 | 3.76 | 3.24 | 3.70 | 3.68 | 3.57 | 3.46 | 3.33 | 3.90 | 3.61 | 3.56 | 3.80 | 3.80 | 3.47
minimized_CNP0128822.1_docked_4,VAL604 | LEU557 | THR560 | GLN563 | HIS562 | ARG326 | VAL369 | VAL369,3.01 | 2.93 | 2.99 | 2.96 | 3.17 | 3.02 | 3.03 | 3.14,ALA556 | ARG415 | GLY603 | GLY364 | GLY462 | ALA556 | ALA556 | GLY509 | GLY464 | GLY464 | ILE559 | ALA366 | ILE559 | ALA366 | ALA466 | VAL369 | VAL369,3.76 | 3.73 | 3.64 | 3.85 | 3.74 | 3.64 | 3.28 | 3.80 | 3.83 | 3.67 | 3.70 | 3.60 | 3.67 | 3.73 | 3.90 | 3.62 | 3.89
minimized_CNP0128822.1_docked_5,VAL606 | THR560 | ILE559 | VAL463 | ILE416 | VAL604 | VAL604 | LEU557 | ALA556 | VAL463 | ILE416 | VAL465,2.84 | 2.73 | 3.24 | 3.24 | 2.99 | 2.88 | 3.12 | 2.90 | 3.24 | 2.73 | 2.95 | 2.57,ARG470 | ARG470 | ARG470 | ASN469 | ARG470 | ARG470 | ARG470 | VAL467 | VAL467 | VAL467 | CYS368 | GLY603 | GLY603 | ALA556 | ALA556 | VAL512 | VAL512 | GLY464 | GLY558,3.71 | 3.85 | 3.84 | 3.76 | 3.74 | 3.61 | 3.60 | 3.67 | 3.84 | 3.61 | 3.78 | 3.78 | 3.36 | 3.56 | 3.71 | 3.79 | 3.90 | 3.59 | 3.79
minimized_CNP0128822.1_docked_6,VAL604 | LEU365 | GLY372 | GLY371 | THR560,2.63 | 3.23 | 3.09 | 2.80 | 3.15,ARG415 | ARG415 | ARG415 | GLY364 | GLY509 | GLY462 | ALA556 | ALA556 | ALA556 | ALA366 | ALA366 | VAL418 | ALA366 | CYS368 | VAL369 | ARG326 | VAL369 | VAL608,3.84 | 3.52 | 3.75 | 3.65 | 3.66 | 3.83 | 3.85 | 3.21 | 3.12 | 3.76 | 3.64 | 3.82 | 3.81 | 3.67 | 3.76 | 3.66 | 3.84 | 3.61
minimized_CNP0128822.1_docked_7,VAL604 | LEU557 | ASN469 | ASP422 | VAL420 | VAL467,3.26 | 2.79 | 3.03 | 3.24 | 3.11 | 2.97,GLY603 | ALA556 | ARG415 | GLY603 | GLY364 | ALA556 | ALA556 | GLY509 | GLY509 | ILE559 | ALA366 | ILE559 | ALA366 | ALA466 | VAL514 | VAL420,3.81 | 3.80 | 3.79 | 3.71 | 3.63 | 3.82 | 3.30 | 3.67 | 3.65 | 3.73 | 3.26 | 3.55 | 3.70 | 3.78 | 3.67 | 3.66
minimized_CNP0128822.1_docked_8,VAL463 | ILE416 | VAL418 | VAL420 | VAL467,3.10 | 2.75 | 3.34 | 2.90 | 3.11,GLY509 | GLY462 | ALA556 | GLY509 | GLY462 | ALA556 | ALA556 | ARG415 | ARG415 | GLY364 | GLY364 | ALA556 | ALA556 | GLY509 | GLY509 | GLY509 | GLY464 | VAL463 | GLY417 | GLY417 | ILE559 | ILE559 | VAL420 | VAL420 | VAL467,3.75 | 3.72 | 3.48 | 3.13 | 3.59 | 3.72 | 3.77 | 3.79 | 3.41 | 3.64 | 3.56 | 3.76 | 3.70 | 3.88 | 3.78 | 3.87 | 3.72 | 3.85 | 3.82 | 3.35 | 3.32 | 3.59 | 3.45 | 3.79 | 3.74
minimized_CNP0128822.1_docked_9,VAL604 | LEU557 | ARG470 | ASN469 | VAL369 | VAL369,2.95 | 2.90 | 2.95 | 3.11 | 2.96 | 3.31,ALA556 | ARG415 | GLY603 | GLY364 | GLY462 | ALA556 | ALA556 | GLY509 | GLY464 | ILE559 | ALA366 | ILE559 | ALA366 | ALA466 | VAL420 | VAL467 | VAL420,3.82 | 3.71 | 3.66 | 3.77 | 3.73 | 3.70 | 3.38 | 3.87 | 3.73 | 3.63 | 3.59 | 3.62 | 3.83 | 3.72 | 3.84 | 3.56 | 3.79
minimized_CNP0130566.1_docked_1,GLN563 | ARG326 | ARG326 | ILE559 | VAL512 | VAL512 | THR560 | VAL369,2.94 | 3.24 | 2.95 | 2.90 | 3.13 | 2.97 | 2.74 | 2.89,VAL561 | PRO322 | ARG326 | PRO322 | ARG326 | GLY603 | GLY364 | GLY509 | GLY509 | ALA556 | ARG415 | ARG415 | ALA556 | ARG415 | ARG415 | ARG415 | ARG415 | GLY603 | GLY603 | ALA556 | ILE559 | VAL369 | CYS368 | VAL418 | VAL418,3.87 | 3.74 | 3.51 | 3.64 | 3.81 | 3.72 | 3.76 | 3.61 | 3.78 | 3.73 | 3.82 | 3.68 | 3.65 | 3.82 | 3.78 | 3.76 | 3.72 | 3.89 | 3.58 | 3.87 | 3.62 | 3.68 | 3.86 | 3.54 | 3.78
minimized_CNP0130566.1_docked_2,VAL606 | ILE559 | VAL512 | VAL512 | THR560 | VAL369,2.81 | 2.88 | 3.19 | 2.91 | 2.74 | 3.27,ASP422 | GLY603 | GLY364 | GLY509 | GLY509 | ALA556 | ARG415 | ARG415 | GLY603 | ALA556 | ARG415 | ARG415 | ARG415 | ARG415 | GLY603 | GLY603 | ALA556 | ILE559 | VAL369 | VAL369 | VAL608 | VAL418,3.85 | 3.67 | 3.77 | 3.66 | 3.82 | 3.70 | 3.84 | 3.69 | 3.85 | 3.63 | 3.86 | 3.80 | 3.81 | 3.75 | 3.82 | 3.50 | 3.77 | 3.52 | 3.49 | 3.90 | 3.73 | 3.90
minimized_CNP0130566.1_docked_3,VAL514,3.25,HIS516 | HIS516 | GLY564 | GLY564 | ALA556 | ARG415 | ALA556 | ARG415 | ARG415 | ARG415 | ARG415 | GLY462 | ARG415 | ALA556 | ALA556 | GLY509 | GLY462 | ILE416 | ARG415 | ARG415 | ALA556 | ALA556 | GLY605 | GLY558 | ALA366 | VAL514 | VAL514 | VAL514 | VAL514 | ILE559,3.58 | 3.85 | 3.67 | 3.80 | 3.77 | 3.74 | 3.65 | 3.88 | 3.74 | 3.48 | 3.82 | 3.75 | 3.72 | 3.44 | 3.54 | 3.56 | 3.69 | 3.90 | 3.35 | 3.66 | 3.70 | 3.54 | 3.73 | 3.81 | 3.87 | 3.88 | 3.85 | 3.71 | 3.57 | 3.88
minimized_CNP0130566.1_docked_4,ILE559 | VAL512 | VAL512 | VAL604 | LEU557 | VAL418,3.19 | 3.26 | 2.69 | 3.28 | 3.07 | 3.24,VAL608 | VAL608 | VAL369 | PHE577 | PHE577 | TYR572 | TYR572 | TYR572 | PHE577 | TYR572 | TYR572 | TYR572 | TYR572 | ALA556 | GLY509 | GLY462 | GLY603 | GLY364 | ALA556 | ALA556 | GLY509 | GLY603 | ALA556 | GLY364 | ARG415 | ARG415 | ALA556 | ALA556 | VAL418 | VAL418 | CYS368 | ILE559 | ILE559 | ILE559,3.86 | 3.42 | 3.51 | 3.63 | 3.84 | 3.81 | 3.62 | 3.73 | 3.61 | 3.74 | 3.75 | 3.88 | 3.65 | 3.47 | 3.39 | 3.69 | 3.63 | 3.75 | 3.54 | 3.89 | 3.86 | 3.63 | 3.81 | 3.83 | 3.60 | 3.18 | 3.75 | 3.56 | 3.76 | 3.87 | 3.87 | 3.70 | 3.83 | 3.83
minimized_CNP0130566.1_docked_5,THR560 | VAL512,3.09 | 3.25,VAL608 | ALA607 | VAL369 | VAL369 | ALA607 | THR560 | PHE577 | TYR334 | PHE577 | TYR572 | TYR572 | PHE577 | TYR334 | ALA556 | GLY603 | GLY364 | ALA556 | ARG415 | ALA556 | ALA556 | ARG415 | ARG415 | VAL418 | ILE559 | ILE559 | GLY558 | GLY462 | GLY462 | GLY462 | GLY462 | ARG415 | ARG415 | ARG415,3.70 | 3.70 | 3.89 | 3.66 | 3.89 | 3.88 | 3.70 | 3.69 | 3.55 | 3.74 | 3.72 | 3.57 | 3.54 | 3.89 | 3.46 | 3.64 | 3.55 | 3.50 | 3.62 | 3.32 | 3.25 | 3.68 | 3.87 | 3.67 | 3.70 | 3.75 | 3.76 | 3.74 | 3.76 | 3.21 | 3.75 | 3.62 | 3.55
minimized_CNP0130566.1_docked_6,ILE559 | THR560 | VAL369,2.71 | 2.90 | 3.32,GLY423 | VAL370 | GLY423 | VAL370 | VAL420 | GLY603 | ALA556 | ALA556 | ALA556 | ALA556 | ARG415 | ARG415 | GLY603 | ALA556 | ARG415 | ARG415 | ARG415 | GLY603 | GLY603 | ALA556 | GLY464 | ILE559 | ILE559,3.88 | 3.71 | 3.72 | 3.57 | 3.46 | 3.86 | 3.77 | 3.85 | 3.79 | 3.68 | 3.82 | 3.72 | 3.76 | 3.64 | 3.70 | 3.89 | 3.83 | 3.73 | 3.45 | 3.66 | 3.61 | 3.56 | 3.62
minimized_CNP0130566.1_docked_7,TYR334 | ILE416 | LEU365,3.15 | 2.73 | 2.96,ARG336 | PHE577 | PHE577 | PHE577 | PHE577 | PHE577 | TYR572 | TYR572 | ILE559 | ALA366 | ALA510 | GLY509 | GLY509 | ARG415 | ARG415 | GLY364 | ARG415 | ARG415 | GLY462 | ALA556 | ALA556 | ALA556 | ARG415 | ARG415,3.68 | 3.59 | 3.79 | 3.62 | 3.08 | 3.65 | 3.45 | 3.48 | 3.51 | 3.58 | 3.86 | 3.67 | 3.86 | 3.86 | 3.42 | 3.83 | 3.85 | 3.90 | 3.79 | 3.86 | 3.73 | 3.82 | 3.58 | 3.63
minimized_CNP0130566.1_docked_8,LEU365 | VAL606 | VAL604 | SER555,2.88 | 3.29 | 3.19 | 2.99,TYR334 | PHE577 | PHE577 | TYR572 | TYR572 | VAL561 | VAL514 | ILE559 | ILE559 | GLY417 | GLY417 | ALA366 | ALA366 | ALA366 | GLY603 | GLY364 | ALA556 | ALA556 | ALA556 | ARG415 | ALA556 | GLY509 | GLY462 | GLY509 | GLY462 | GLY462,3.87 | 3.75 | 3.72 | 3.84 | 3.77 | 3.72 | 3.90 | 3.77 | 3.51 | 3.33 | 3.69 | 3.69 | 3.82 | 3.69 | 3.66 | 3.74 | 3.76 | 3.75 | 3.50 | 3.81 | 3.62 | 3.36 | 3.67 | 3.70 | 3.66 | 3.66
minimized_CNP0130566.1_docked_9,ILE559 | VAL606 | THR560,2.74 | 3.26 | 2.96,VAL467 | ILE421 | GLY509 | GLY509 | ALA556 | ARG415 | ARG415 | ALA556 | ARG415 | ARG415 | ARG415 | ARG415 | GLY603 | GLY603 | ALA556 | ALA556 | GLY464 | ILE559 | ILE559 | VAL420 | VAL420,3.89 | 3.71 | 3.72 | 3.68 | 3.72 | 3.86 | 3.81 | 3.49 | 3.88 | 3.62 | 3.70 | 3.69 | 3.74 | 3.38 | 3.72 | 3.87 | 3.62 | 3.42 | 3.66 | 3.89 | 3.83
