CNP_ID,n_conformations,n_conformations_with_bonds_of_interest,total_interactions,total_hydrogen_bond_interactions,total_hydrogen_bond_interactions_of_interest,total_hydrophobic_interactions,total_hydrophobic_interactions_of_interest,conf_1_h_bonds_of_interest,conf_1_h_bond_count,conf_1_h_bond_distances,conf_1_hydrophobic_bonds_of_interest,conf_1_hydrophobic_count,conf_1_hydrophobic_distances,conf_2_h_bonds_of_interest,conf_2_h_bond_count,conf_2_h_bond_distances,conf_2_hydrophobic_bonds_of_interest,conf_2_hydrophobic_count,conf_2_hydrophobic_distances,conf_3_h_bonds_of_interest,conf_3_h_bond_count,conf_3_h_bond_distances,conf_3_hydrophobic_bonds_of_interest,conf_3_hydrophobic_count,conf_3_hydrophobic_distances,conf_4_h_bonds_of_interest,conf_4_h_bond_count,conf_4_h_bond_distances,conf_4_hydrophobic_bonds_of_interest,conf_4_hydrophobic_count,conf_4_hydrophobic_distances,conf_5_h_bonds_of_interest,conf_5_h_bond_count,conf_5_h_bond_distances,conf_5_hydrophobic_bonds_of_interest,conf_5_hydrophobic_count,conf_5_hydrophobic_distances,conf_6_h_bonds_of_interest,conf_6_h_bond_count,conf_6_h_bond_distances,conf_6_hydrophobic_bonds_of_interest,conf_6_hydrophobic_count,conf_6_hydrophobic_distances,conf_7_h_bonds_of_interest,conf_7_h_bond_count,conf_7_h_bond_distances,conf_7_hydrophobic_bonds_of_interest,conf_7_hydrophobic_count,conf_7_hydrophobic_distances,conf_8_h_bonds_of_interest,conf_8_h_bond_count,conf_8_h_bond_distances,conf_8_hydrophobic_bonds_of_interest,conf_8_hydrophobic_count,conf_8_hydrophobic_distances,conf_9_h_bonds_of_interest,conf_9_h_bond_count,conf_9_h_bond_distances,conf_9_hydrophobic_bonds_of_interest,conf_9_hydrophobic_count,conf_9_hydrophobic_distances,Genomic_AMES_Mutagenesis,Organic_hERG_I_Inhibitor,Organic_hERG_II_Inhibitor,Genomic_Micronucleus,Genomic_Carcinogenesis
CNP0389765.1,9,9,185,43,18,142,95,SER602,1,2.92,TYR334 | ARG415 | ARG415 | ARG415 | GLY603 | ARG415 | ALA556 | ARG415 | ARG415,9,3.81 | 3.74 | 3.74 | 3.66 | 3.77 | 3.65 | 3.74 | 3.55 | 3.89,ARG483 | SER508 | ARG483 | SER508 | ARG415,5,2.96 | 2.81 | 2.98 | 3.23 | 3.19,PHE478 | PHE478 | ILE461 | ILE461 | ARG415 | GLY509 | ALA556 | GLY509 | GLY462 | ARG415 | ARG415,11,3.78 | 3.76 | 3.75 | 3.66 | 3.54 | 3.88 | 3.88 | 3.62 | 3.73 | 3.86 | 3.84,ARG483 | SER508,2,3.03 | 2.98,SER508 | PHE478 | ILE461 | ILE461 | ARG415 | ARG415 | GLY462 | ARG415 | ALA556 | GLY509 | GLY462 | GLY462,12,3.77 | 3.75 | 3.75 | 3.79 | 3.90 | 3.24 | 3.37 | 3.87 | 3.86 | 3.42 | 3.82 | 3.50,ASN414 | ASN382 | SER363,3,3.28 | 3.15 | 3.04,GLY605 | SER363 | GLY603 | SER363 | TYR334 | TYR334 | ARG415 | ARG415 | ALA556 | ARG415 | GLY603,11,3.76 | 3.85 | 3.84 | 3.33 | 3.80 | 3.32 | 3.53 | 3.28 | 3.65 | 3.67 | 3.63,,0,,ARG415 | ALA556 | ARG415 | ALA556 | ALA556 | GLY509 | ALA556 | GLY509 | GLY509 | GLY509,10,3.66 | 3.80 | 3.51 | 3.80 | 3.80 | 3.87 | 3.88 | 3.00 | 3.87 | 3.73,VAL467 | SER363,2,2.80 | 3.05,GLY603 | SER363 | TYR334 | TYR334 | ALA556 | ARG415 | ARG415 | ALA556 | ARG415 | ARG415 | GLY603 | ALA556,12,3.80 | 3.27 | 3.71 | 3.19 | 3.89 | 3.71 | 3.71 | 3.74 | 3.87 | 3.57 | 3.73 | 3.67,SER363,1,3.13,GLY603 | TYR334 | ARG415 | ARG415 | ALA556 | ARG415 | ALA556 | ARG415,8,3.78 | 3.55 | 3.70 | 3.73 | 3.62 | 3.69 | 3.84 | 3.71,ARG415 | SER508 | SER508,3,2.94 | 2.97 | 3.03,ARG415 | ARG415 | ARG415 | ALA556 | ARG415 | ALA556 | ARG415 | ALA556 | ARG415 | GLY509 | GLY462 | GLY603 | GLY509,13,3.60 | 3.77 | 3.83 | 3.87 | 3.74 | 3.87 | 3.89 | 3.70 | 3.71 | 3.30 | 3.56 | 3.64 | 3.85,SER555,1,2.86,ALA556 | GLY462 | ARG415 | GLY603 | ARG415 | ARG415 | ALA556 | ALA556 | GLY509,9,3.59 | 3.79 | 3.55 | 3.59 | 3.82 | 3.43 | 3.57 | 3.65 | 3.79,Low Safety,High Safety,Low Safety,Low Toxicity,High Safety
CNP0153482.2,9,9,300,77,15,223,142,ASN414 | SER363,2,2.84 | 2.97,GLY509 | ALA556 | ARG415 | ARG415 | ARG415 | ARG415 | ALA556 | ARG415 | ARG415 | GLY509 | GLY509 | GLY462 | GLY462,13,3.26 | 3.55 | 3.73 | 3.64 | 3.63 | 3.86 | 3.88 | 3.58 | 3.76 | 3.67 | 3.19 | 3.42 | 3.79,ASN414 | SER363,2,2.80 | 3.09,GLY509 | GLY462 | ALA556 | ARG415 | ARG415 | ARG415 | ARG415 | ALA556 | ARG415 | ARG415 | VAL467 | VAL467 | GLY509 | GLY509 | GLY462,15,3.19 | 3.84 | 3.56 | 3.72 | 3.59 | 3.61 | 3.78 | 3.90 | 3.61 | 3.80 | 3.82 | 3.44 | 3.79 | 3.36 | 3.54,ASN414 | SER363,2,2.79 | 3.04,SER363 | GLY509 | GLY462 | ALA556 | ALA556 | ARG415 | ARG415 | ARG415 | ARG415 | ARG415 | ARG415 | VAL467 | GLY509 | GLY462,14,3.87 | 3.14 | 3.71 | 3.53 | 3.89 | 3.74 | 3.56 | 3.61 | 3.74 | 3.63 | 3.82 | 3.68 | 3.53 | 3.58,ASN414 | SER363,2,2.81 | 2.99,GLY509 | ALA556 | ARG415 | ARG415 | ARG415 | ARG415 | ARG415 | ARG415 | GLY509 | GLY509 | GLY462,11,3.16 | 3.46 | 3.74 | 3.61 | 3.68 | 3.88 | 3.55 | 3.76 | 3.81 | 3.40 | 3.59,ASN382 | SER363 | SER602,3,3.04 | 2.74 | 3.19,TYR334 | TYR334 | TYR334 | TYR334 | TYR334 | GLY509 | GLY462 | ALA556 | ALA556 | ARG415 | ARG415 | GLY462 | ARG415 | ARG415 | ARG415 | VAL467 | VAL467 | VAL467 | VAL467 | GLY509 | GLY462,21,3.68 | 3.63 | 3.45 | 3.89 | 3.82 | 3.10 | 3.66 | 3.39 | 3.80 | 3.90 | 3.57 | 3.88 | 3.65 | 3.70 | 3.75 | 3.90 | 3.58 | 3.88 | 3.74 | 3.67 | 3.71,,0,,ALA556 | ALA556 | GLY509 | GLY462 | ARG415 | ARG415 | ARG415 | ALA556 | ALA556 | GLY509 | GLY462 | ALA556 | GLY462 | ARG415 | ARG415 | GLY509 | GLY509 | ALA556,18,3.48 | 3.90 | 3.72 | 2.93 | 3.61 | 3.60 | 3.67 | 3.14 | 3.75 | 3.44 | 3.75 | 3.45 | 3.67 | 3.71 | 3.88 | 3.68 | 3.58 | 3.83,,0,,TYR572 | SER555 | TYR572 | GLY603 | ARG415 | ARG415 | ARG415 | ALA556 | GLY603 | ALA556 | ALA556 | ALA556 | VAL467 | GLY603 | ALA556 | ALA556,16,3.47 | 3.66 | 3.90 | 3.81 | 3.61 | 3.54 | 3.68 | 3.48 | 3.85 | 3.61 | 3.54 | 3.69 | 3.73 | 3.49 | 3.38 | 3.60,ASN414 | ASN414 | SER363,3,3.00 | 2.76 | 3.32,SER363 | ARG415 | GLY509 | SER508 | ALA556 | ARG415 | ARG415 | ARG415 | ALA556 | ARG415 | ARG415 | GLY509 | GLY509 | GLY462,14,3.59 | 3.82 | 3.30 | 3.81 | 3.78 | 3.65 | 3.75 | 3.72 | 3.77 | 3.55 | 3.75 | 3.81 | 3.42 | 3.69,TYR334,1,3.17,GLY509 | GLY509 | GLY603 | SER602 | SER602 | ALA556 | TYR334 | TYR334 | ALA556 | ARG415 | ARG415 | GLY603 | ARG415 | ALA556 | ALA556 | TYR334 | TYR334 | ARG415 | ARG415 | ARG415,20,3.82 | 3.62 | 3.50 | 3.81 | 3.88 | 3.09 | 3.65 | 3.63 | 3.89 | 3.65 | 3.51 | 3.73 | 3.59 | 2.73 | 3.54 | 3.73 | 3.73 | 3.84 | 3.09 | 3.87,High Safety,High Safety,Low Toxicity,Low Toxicity,High Safety
CNP0572972.2,9,9,276,37,11,239,164,SER508 | ARG415 | SER508,3,3.06 | 2.89 | 2.93,PHE478 | PHE478 | ALA556 | ALA556 | GLY462 | ARG415 | ARG415 | GLY462 | ARG415 | ARG415 | GLY462 | GLY509 | GLY509 | GLY603 | GLY603,15,3.79 | 3.87 | 3.61 | 3.53 | 2.84 | 3.75 | 3.78 | 3.68 | 3.88 | 3.70 | 3.72 | 3.86 | 3.43 | 3.88 | 3.50,SER602,1,2.92,TYR334 | ALA556 | ALA556 | ALA556 | ALA556 | ARG415 | ARG415 | ARG415 | GLY462 | ARG415 | ARG415 | GLY509 | GLY509 | ALA556 | ALA556,15,3.62 | 3.61 | 3.60 | 3.37 | 3.51 | 3.87 | 3.75 | 3.65 | 3.86 | 3.86 | 3.85 | 3.73 | 3.63 | 3.81 | 3.37,ARG415 | SER508,2,2.88 | 3.10,VAL467 | VAL467 | PHE478 | PHE478 | PHE478 | ARG415 | ALA556 | GLY462 | ARG415 | GLY462 | ARG415 | ARG415 | GLY509 | GLY462 | ALA556 | GLY509 | GLY603,17,3.63 | 3.52 | 3.67 | 3.74 | 3.82 | 3.89 | 3.37 | 3.12 | 3.77 | 3.69 | 3.84 | 3.64 | 3.64 | 3.86 | 3.86 | 3.51 | 3.80,TYR334,1,3.13,ARG415 | ARG415 | TYR572 | TYR572 | TYR572 | TYR572 | TYR572 | TYR334 | TYR334 | TYR334 | GLY603 | TYR334 | ARG415 | ALA556 | ARG415 | ARG415 | GLY603 | ALA556 | ALA556 | GLY603 | ALA556 | ALA556 | GLY462 | GLY462 | ARG415 | ALA556 | GLY605,27,3.11 | 3.38 | 3.76 | 3.55 | 3.59 | 3.76 | 3.83 | 3.65 | 3.76 | 3.72 | 3.82 | 3.79 | 3.76 | 3.71 | 3.45 | 3.36 | 3.25 | 3.80 | 3.28 | 3.61 | 3.69 | 3.70 | 3.82 | 3.32 | 3.84 | 3.76 | 3.86,TYR334,1,2.77,TYR334 | ARG380 | ALA556 | ARG415 | ARG415 | ARG415 | ARG415 | ARG415 | GLY603 | ALA556 | ARG415 | ALA556 | ALA556 | GLY509 | GLY509 | ARG415 | ARG415,17,3.81 | 3.86 | 3.53 | 3.74 | 3.76 | 3.81 | 3.44 | 3.75 | 3.37 | 3.46 | 3.37 | 3.64 | 3.11 | 3.74 | 3.71 | 3.84 | 3.56,TYR334,1,2.80,TYR334 | ARG380 | ALA556 | ARG415 | ARG415 | ARG415 | ARG415 | ARG415 | ARG415 | GLY603 | ALA556 | ARG415 | ALA556 | ALA556 | GLY462 | ARG415 | ARG415 | ARG415 | GLY605,19,3.73 | 3.90 | 3.39 | 3.83 | 3.67 | 3.68 | 3.86 | 3.46 | 3.76 | 3.29 | 3.41 | 3.48 | 3.61 | 3.36 | 3.80 | 3.85 | 3.56 | 3.28 | 3.85,TYR334,1,3.11,TYR334 | TYR572 | ARG415 | ARG415 | TYR572 | TYR572 | TYR572 | TYR572 | TYR572 | TYR334 | TYR334 | TYR334 | GLY603 | TYR334 | ALA556 | ARG415 | GLY603 | ALA556 | ARG415 | ARG415 | GLY603 | ALA556 | GLY603 | ALA556 | ALA556 | GLY462 | ARG415 | ARG415,28,3.86 | 3.88 | 2.99 | 3.13 | 3.89 | 3.62 | 3.56 | 3.68 | 3.88 | 3.75 | 3.78 | 3.64 | 3.57 | 3.81 | 3.87 | 3.84 | 3.61 | 3.60 | 3.72 | 3.48 | 3.01 | 3.80 | 3.86 | 3.24 | 3.85 | 3.55 | 3.86 | 3.84,SER555,1,3.13,TYR572 | ARG415 | TYR572 | TYR572 | ARG415 | ALA556 | GLY509 | ARG415 | ALA556 | ALA556 | GLY509 | ARG415 | ARG415 | ALA556 | ALA556 | GLY462 | GLY462 | GLY603 | ALA556 | ALA556 | ALA556,21,3.44 | 3.70 | 3.27 | 3.47 | 3.46 | 3.74 | 3.67 | 3.84 | 3.71 | 3.84 | 2.87 | 3.45 | 3.28 | 3.26 | 3.67 | 3.76 | 3.76 | 3.48 | 3.72 | 3.81 | 3.51,,0,,ARG415 | ARG415 | ALA556 | GLY509 | GLY509,5,3.81 | 3.73 | 3.84 | 3.54 | 3.78,High Safety,High Safety,Low Safety,Low Toxicity,High Safety
CNP0418012.1,9,9,241,56,10,185,102,VAL467 | VAL467,2,3.20 | 2.88,GLY462 | GLY462 | ARG415 | ARG415 | ARG415 | ALA556 | ALA556 | ALA556 | GLY509 | GLY603 | ARG415 | ARG415 | ARG415,13,3.56 | 3.14 | 3.86 | 3.41 | 3.55 | 3.63 | 3.33 | 3.37 | 3.77 | 3.39 | 3.68 | 3.67 | 3.19,,0,,GLY462 | GLY462 | ARG415 | ARG415 | ARG415 | ALA556 | ALA556 | ALA556 | GLY603 | ALA556 | ARG415 | ARG415 | ARG415,13,3.68 | 3.15 | 3.69 | 3.39 | 3.43 | 3.64 | 3.14 | 3.28 | 3.21 | 3.88 | 3.66 | 3.77 | 3.31,VAL467 | VAL467,2,3.18 | 2.94,ARG415 | ALA556 | ARG415 | ALA556 | ALA556 | ARG415 | VAL467,7,3.43 | 3.57 | 3.58 | 3.79 | 3.57 | 3.87 | 3.54,VAL467 | VAL467,2,3.22 | 2.94,VAL467 | GLY462 | GLY462 | ARG415 | ARG415 | ARG415 | ALA556 | ALA556 | ALA556 | ALA556 | ALA556 | GLY603 | ALA556 | ARG415 | ARG415 | ARG415 | ARG415,17,3.70 | 3.62 | 2.93 | 3.42 | 3.49 | 3.36 | 3.80 | 3.76 | 3.86 | 2.97 | 3.27 | 3.41 | 3.86 | 3.84 | 3.71 | 3.62 | 3.37,,0,,VAL467 | GLY462 | GLY462 | ARG415 | ARG415 | ARG415 | ALA556 | ALA556 | ALA556 | GLY509 | GLY603 | ARG415 | ARG415 | ARG415,14,3.76 | 3.67 | 3.15 | 3.70 | 3.38 | 3.43 | 3.60 | 3.20 | 3.31 | 3.83 | 3.27 | 3.67 | 3.73 | 3.31,,0,,ARG415 | ALA556 | ARG415 | ALA556 | ALA556 | GLY509 | ARG415,7,3.32 | 3.53 | 3.51 | 3.82 | 3.60 | 3.80 | 3.81,,0,,GLY462 | GLY462 | ARG415 | ARG415 | ARG415 | ARG415 | GLY603 | ALA556 | ALA556 | ALA556 | ALA556 | GLY603 | ALA556 | ARG415 | ARG415 | ARG415 | ARG415,17,3.89 | 3.08 | 3.68 | 3.19 | 3.46 | 3.17 | 3.80 | 3.65 | 3.86 | 2.85 | 3.32 | 3.25 | 3.84 | 3.72 | 3.61 | 3.72 | 3.48,VAL467,1,3.12,ARG415 | ALA556 | ARG415 | ALA556 | ALA556 | ARG415 | ARG415,7,3.32 | 3.55 | 3.51 | 3.79 | 3.61 | 3.78 | 3.89,ASN469 | VAL467 | VAL467,3,3.23 | 3.17 | 3.12,ARG415 | ALA556 | ARG415 | ALA556 | ALA556 | ARG415 | VAL467,7,3.44 | 3.57 | 3.57 | 3.79 | 3.57 | 3.86 | 3.66,High Safety,High Safety,Low Toxicity,Low Toxicity,High Safety
CNP0205250.3,9,9,280,87,10,193,76,VAL467 | VAL467,2,3.05 | 3.12,GLY509 | GLY462 | ALA556 | ARG415 | GLY509 | GLY462 | GLY462 | GLY603 | ALA556 | ALA556 | ALA556 | ARG415 | ARG415,13,3.54 | 3.60 | 3.62 | 3.76 | 3.32 | 3.82 | 3.06 | 3.56 | 3.89 | 3.51 | 3.47 | 3.84 | 3.39,ALA556,1,2.96,GLY603 | GLY603 | ALA556 | ALA556,4,3.74 | 3.38 | 3.62 | 3.81,VAL467 | VAL467 | VAL467,3,2.87 | 2.71 | 2.89,VAL467 | VAL467 | GLY603 | ARG415 | GLY603 | ALA556 | GLY462 | GLY462 | ALA556 | ALA556 | GLY509 | GLY509 | ALA556 | GLY509,14,3.82 | 3.54 | 3.59 | 3.77 | 3.18 | 3.83 | 3.51 | 3.65 | 3.55 | 3.02 | 3.81 | 3.76 | 3.88 | 3.63,SER508,1,3.21,GLY509 | GLY462 | ALA556 | ARG415 | GLY509 | GLY462 | GLY462 | GLY603 | ALA556 | ALA556 | ALA556 | ARG415,12,3.41 | 3.47 | 3.62 | 3.80 | 3.20 | 3.71 | 2.99 | 3.73 | 3.69 | 3.28 | 3.19 | 3.52,SER508 | SER555,2,2.85 | 3.09,ARG415 | GLY462 | ALA556 | GLY509 | ALA556 | GLY509 | GLY605 | ALA556 | ALA556,9,3.63 | 3.85 | 3.59 | 3.48 | 3.71 | 3.04 | 3.62 | 3.85 | 3.45,,0,,GLY462,1,3.73,,0,,ASN382 | TYR334 | TYR334 | TYR334 | TYR334 | TYR334 | GLY509 | ARG415 | GLY603 | GLY603 | ALA556 | ALA556 | ARG415 | ARG415 | ARG415 | ALA556 | ALA556 | GLY509 | GLY509 | ALA556,20,3.68 | 3.70 | 3.66 | 3.52 | 3.82 | 3.83 | 3.69 | 3.47 | 3.57 | 3.61 | 3.67 | 3.86 | 3.71 | 3.44 | 3.84 | 3.64 | 3.69 | 3.48 | 3.78 | 3.71,GLY509,1,2.77,ALA556 | GLY509,2,3.77 | 3.86,,0,,GLY605,1,3.45,High Safety,High Safety,Low Toxicity,Low Toxicity,High Safety
CNP0136979.3,9,9,231,74,10,157,71,GLY509 | ASN414 | SER363,3,2.78 | 3.09 | 3.08,ASN414 | TYR334 | ALA556 | GLY603 | GLY603 | ALA556 | ARG415 | ARG415 | GLY462 | ARG415 | ARG415 | ARG415 | ARG415 | ARG415 | GLY509 | GLY509 | ALA556 | ALA556,18,3.88 | 3.88 | 3.78 | 3.04 | 3.84 | 3.35 | 3.55 | 3.59 | 3.67 | 3.58 | 3.46 | 3.80 | 3.80 | 3.75 | 3.79 | 3.82 | 3.78 | 3.85,ASN382,1,3.03,ALA556 | GLY509 | GLY603 | ALA556 | ARG415 | ARG415 | GLY462 | ARG415 | ARG415 | ARG415 | ALA556,11,3.74 | 3.67 | 3.21 | 3.29 | 3.61 | 3.71 | 3.62 | 3.73 | 3.64 | 3.79 | 3.84,VAL467,1,3.04,TYR572 | SER555 | ARG415 | ARG415 | ARG415 | ALA556 | GLY603 | ALA556 | ALA556 | GLY603 | ALA556 | ALA556 | GLY509 | GLY462,14,3.72 | 3.62 | 3.62 | 3.61 | 3.64 | 3.33 | 3.22 | 2.97 | 3.66 | 3.85 | 3.49 | 3.67 | 3.76 | 3.74,VAL467,1,3.16,ASN469 | ASN469 | VAL467 | VAL467 | GLY603 | GLY603,6,3.77 | 3.69 | 3.62 | 3.69 | 3.76 | 3.52,,0,,GLY603 | GLY603 | GLY605,3,3.78 | 3.66 | 3.54,VAL467 | VAL467,2,3.08 | 3.09,GLY603 | GLY605,2,3.77 | 3.83,,0,,VAL467 | VAL467 | GLY603 | GLY603,4,3.56 | 3.80 | 3.70 | 3.51,VAL467 | VAL467,2,2.83 | 3.20,ASN469 | ASN469 | GLY603 | GLY603 | GLY605,5,3.88 | 3.61 | 3.74 | 3.59 | 3.88,,0,,ASN469 | ASN469 | VAL467 | VAL467 | ARG415 | GLY509 | GLY509 | GLY605,8,3.87 | 3.59 | 3.60 | 3.71 | 3.62 | 3.70 | 3.69 | 3.88,High Safety,High Safety,Low Toxicity,Low Toxicity,High Safety
CNP0107000.1,9,9,213,65,10,148,65,,0,,GLY509 | ARG415 | ARG415 | GLY509 | GLY462 | GLY462 | GLY603 | GLY603 | ALA556 | ALA556 | ALA556 | ARG415 | ARG415 | ARG415 | ARG415 | ALA556 | ALA556,17,3.75 | 3.85 | 3.42 | 3.23 | 3.16 | 3.88 | 3.79 | 2.92 | 3.39 | 3.89 | 3.52 | 3.89 | 3.66 | 3.52 | 3.03 | 3.84 | 3.55,,0,,ALA556 | ALA556 | ALA556,3,3.87 | 3.52 | 3.47,VAL467 | VAL467 | GLY509,3,2.86 | 3.31 | 2.98,VAL467 | VAL467 | VAL467 | ALA556 | GLY509 | GLY509 | ARG415 | ARG415 | ALA556,9,3.80 | 3.81 | 3.60 | 3.88 | 3.63 | 3.64 | 3.88 | 3.75 | 3.67,GLY462,1,3.15,GLY462 | GLY462 | GLY509,3,3.42 | 3.77 | 3.67,,0,,GLY603 | ALA556 | ALA556 | GLY509 | GLY605,5,3.81 | 3.42 | 3.45 | 3.62 | 3.46,GLY509,1,2.88,GLY509 | GLY509 | ALA556 | ALA556,4,3.64 | 3.83 | 3.72 | 3.39,VAL467 | VAL467,2,2.99 | 3.01,ARG415 | ALA556 | GLY603 | ALA556 | ALA556 | ALA556 | GLY462 | GLY462 | ARG415 | ARG415 | ARG415 | GLY605 | ALA556 | ALA556 | ALA556 | GLY509 | GLY509 | GLY509 | GLY509,19,3.66 | 3.47 | 3.35 | 3.86 | 3.49 | 3.88 | 3.57 | 2.90 | 3.53 | 3.63 | 3.50 | 3.44 | 3.76 | 3.84 | 3.19 | 3.52 | 3.08 | 3.59 | 3.57,VAL467 | VAL467 | GLY462,3,2.96 | 3.06 | 3.06,,0,,,0,,VAL467 | VAL467 | VAL467 | ALA556 | ALA556,5,3.81 | 3.17 | 3.56 | 3.83 | 3.69,High Safety,High Safety,Low Toxicity,Low Toxicity,High Safety
CNP0136979.1,9,9,207,76,10,131,22,GLY509,1,2.92,,0,,,0,,GLY603 | ALA556 | ALA556 | ARG415 | GLY603 | GLY603,6,3.69 | 3.63 | 3.88 | 3.88 | 3.69 | 3.65,GLY509,1,2.88,,0,,ALA556,1,3.20,GLY603 | ALA556 | ALA556 | ARG415 | ARG415 | GLY603,6,3.88 | 3.66 | 3.83 | 3.86 | 3.89 | 3.81,GLY509,1,2.93,ASN469 | GLY605,2,3.75 | 3.77,VAL467 | VAL467 | GLY509,3,3.30 | 3.03 | 2.83,VAL467 | GLY605 | GLY605,3,3.81 | 3.77 | 3.43,GLY509,1,2.86,,0,,GLY509,1,2.78,GLY509 | GLY509 | GLY605,3,3.81 | 3.89 | 3.64,GLY509,1,3.25,GLY605 | GLY605,2,3.79 | 3.71,High Safety,High Safety,Low Toxicity,Low Toxicity,High Safety
CNP0148484.1,9,9,203,43,8,160,88,,0,,ALA556 | GLY603 | ARG415 | ARG415 | ALA556 | GLY509 | ARG415 | ARG415 | ARG415,9,3.40 | 3.75 | 3.88 | 3.87 | 3.59 | 3.82 | 3.87 | 3.59 | 3.31,GLY462,1,3.19,GLY509 | GLY509 | GLY462,3,3.84 | 3.47 | 3.67,,0,,ALA556 | GLY603 | ALA556 | ARG415 | ARG415 | ALA556 | GLY509 | GLY509 | GLY462 | ARG415 | ARG415 | ARG415 | ARG415 | GLY462,14,3.50 | 3.82 | 3.75 | 3.89 | 3.78 | 3.49 | 3.85 | 3.61 | 3.88 | 3.85 | 3.78 | 3.40 | 3.06 | 3.84,GLY462,1,3.23,GLY509 | GLY509 | GLY462,3,3.85 | 3.46 | 3.63,,0,,ALA556 | ALA556 | GLY509 | ARG415 | ALA556 | GLY509 | ARG415 | ARG415 | ARG415 | ARG415,10,3.26 | 3.81 | 3.80 | 3.80 | 3.59 | 3.78 | 3.90 | 3.84 | 3.39 | 3.08,VAL467,1,3.00,ALA556 | GLY603 | ARG415 | ARG415 | ALA556 | GLY509 | ARG415 | ARG415 | ARG415,9,3.39 | 3.81 | 3.86 | 3.87 | 3.58 | 3.75 | 3.89 | 3.61 | 3.32,ASN414,1,2.96,ARG415 | ARG415 | GLY462 | GLY462 | ARG415 | ARG415 | ASN414 | ARG415 | ARG415 | ARG415 | GLY603 | GLY603 | ALA556 | ARG415 | ARG415 | ALA556 | ARG415 | ARG415,18,3.80 | 3.65 | 3.80 | 3.73 | 3.86 | 3.61 | 3.87 | 3.76 | 3.51 | 3.59 | 3.79 | 3.22 | 3.68 | 3.32 | 3.87 | 3.74 | 3.85 | 3.73,ARG483 | ARG483 | ARG483,3,2.90 | 3.01 | 3.14,ARG415 | ARG415 | GLY462 | ARG415 | ARG415 | ARG415 | PHE478 | ARG415 | ALA556 | ARG415 | ARG415 | ALA556 | GLY509,13,3.71 | 3.53 | 3.75 | 3.84 | 3.85 | 3.53 | 3.76 | 3.80 | 3.56 | 3.83 | 3.41 | 3.35 | 3.26,VAL467,1,2.88,ALA556 | ARG415 | GLY509 | GLY462 | ALA556 | ARG415 | GLY603 | ALA556 | ALA556,9,3.79 | 3.68 | 3.33 | 3.86 | 3.68 | 3.88 | 3.49 | 3.54 | 3.56,High Safety,High Safety,Low Safety,Low Toxicity,High Safety
CNP0172890.3,9,9,206,50,8,156,74,GLY509,1,2.78,VAL467 | ALA556 | ALA556,3,3.73 | 3.69 | 3.54,,0,,ALA556 | ARG415 | ALA556 | GLY603 | ARG415 | ALA556 | GLY509 | GLY509 | GLY462 | ARG415 | ARG415 | ARG415 | GLY605,13,3.64 | 3.84 | 3.75 | 3.86 | 3.85 | 3.51 | 3.77 | 3.74 | 3.79 | 3.82 | 3.23 | 3.23 | 3.79,VAL467 | VAL467 | VAL467,3,2.98 | 3.14 | 3.05,GLY509 | GLY462 | ALA556 | GLY509 | GLY462 | GLY462 | GLY462 | ARG415 | ARG415 | GLY603 | ALA556 | ALA556 | ALA556 | ALA556,14,3.55 | 3.70 | 3.39 | 3.46 | 3.11 | 3.84 | 3.61 | 3.48 | 3.80 | 3.32 | 3.73 | 3.74 | 3.73 | 3.60,,0,,GLY462 | GLY509 | GLY605,3,3.65 | 3.90 | 3.86,,0,,ALA556 | ARG415 | GLY509 | GLY462 | GLY509 | GLY509 | GLY462 | ARG415 | ARG415,9,3.57 | 3.83 | 3.86 | 3.69 | 3.88 | 3.56 | 3.89 | 3.87 | 3.79,VAL467,1,3.17,ALA556 | ARG415 | GLY462 | GLY509 | GLY509 | GLY462 | ARG415 | ARG415 | VAL467 | VAL467,10,3.57 | 3.90 | 3.69 | 3.89 | 3.57 | 3.87 | 3.87 | 3.79 | 3.84 | 3.88,,0,,GLY462 | ARG415 | GLY603 | ALA556 | GLY509 | ALA556 | ALA556 | ALA556 | GLY509 | GLY509,10,3.81 | 3.69 | 3.75 | 3.88 | 3.38 | 3.68 | 3.67 | 3.88 | 3.73 | 3.90,VAL467,1,2.90,GLY462 | ARG415 | GLY603 | GLY509 | GLY462 | ALA556 | ALA556 | GLY509 | GLY509 | VAL467 | VAL467,11,3.69 | 3.74 | 3.87 | 3.29 | 3.85 | 3.70 | 3.69 | 3.69 | 3.87 | 3.90 | 3.49,VAL467 | GLY509,2,2.87 | 2.99,VAL467,1,3.63,High Safety,High Safety,Low Safety,Low Toxicity,High Safety
CNP0212184.1,9,9,248,69,8,179,74,GLY509,1,3.26,ARG415 | GLY509 | GLY509 | VAL467,4,3.79 | 3.76 | 3.76 | 3.67,ASN469,1,3.13,GLY509 | GLY509 | GLY462 | GLY462 | VAL467 | VAL467 | VAL467,7,3.62 | 3.18 | 3.36 | 3.81 | 3.77 | 3.84 | 3.63,,0,,GLY603 | GLY603 | ALA556 | ALA556 | GLY605,5,3.73 | 3.34 | 3.70 | 3.83 | 3.70,GLY462,1,3.27,GLY509 | GLY509 | GLY462 | GLY462 | VAL467,5,3.66 | 3.20 | 3.35 | 3.77 | 3.61,SER508,1,3.18,GLY509 | GLY462 | ALA556 | ARG415 | ARG415 | GLY509 | GLY462 | GLY462 | ALA556 | ALA556 | GLY509 | GLY509 | GLY603 | GLY603 | GLY603,15,3.70 | 3.54 | 3.74 | 3.90 | 3.66 | 3.20 | 3.90 | 3.11 | 3.59 | 3.09 | 3.75 | 3.74 | 3.65 | 3.69 | 3.54,GLY509,1,3.16,VAL467 | VAL467,2,3.87 | 3.75,,0,,ARG415 | GLY603 | GLY509 | GLY509 | GLY603 | GLY603 | ALA556 | ALA556 | VAL467,9,3.70 | 3.81 | 3.61 | 3.86 | 3.81 | 3.44 | 3.69 | 3.84 | 3.71,VAL467 | VAL467 | VAL467,3,2.95 | 3.20 | 3.00,GLY603 | ARG415 | ALA556 | ARG415 | GLY603 | ALA556 | ALA556 | ALA556 | GLY509 | GLY509 | ALA556 | GLY509 | GLY509,13,3.77 | 3.58 | 3.90 | 3.87 | 3.25 | 3.80 | 3.69 | 3.06 | 3.70 | 3.56 | 3.85 | 3.55 | 3.87,,0,,GLY603 | ARG415 | ALA556 | ARG415 | GLY603 | ALA556 | ARG415 | ARG415 | GLY509 | GLY462 | GLY509 | GLY509 | GLY462 | GLY462,14,3.74 | 3.84 | 3.58 | 3.81 | 3.39 | 3.77 | 3.53 | 3.44 | 3.16 | 3.69 | 3.87 | 3.31 | 3.55 | 3.75,High Safety,High Safety,Low Toxicity,Low Toxicity,High Safety
CNP0210563.5,9,9,184,71,8,113,45,GLY462,1,3.07,GLY509 | GLY509 | GLY462 | GLY462,4,3.61 | 3.17 | 3.40 | 3.82,GLY509,1,3.26,GLY603 | GLY603,2,3.50 | 3.24,GLY509,1,2.99,GLY603 | GLY603 | ALA556 | ALA556 | GLY509 | GLY509 | VAL467 | VAL467 | VAL467,9,3.64 | 3.23 | 3.61 | 3.76 | 3.77 | 3.80 | 3.80 | 3.83 | 3.76,GLY509,1,2.91,ALA556 | ALA556 | GLY509,3,3.56 | 3.14 | 3.90,,0,,GLY603 | GLY603,2,3.90 | 3.75,ARG415 | ARG415 | ARG415 | SER508,4,2.89 | 2.85 | 3.17 | 3.10,ALA556 | GLY603 | GLY603 | GLY462 | GLY462 | ARG415 | ARG415 | ARG415 | ALA556 | ALA556 | GLY509 | ALA556 | ALA556 | GLY509 | GLY462 | ALA556 | ARG415,17,3.78 | 3.84 | 3.73 | 3.77 | 3.28 | 3.90 | 3.69 | 3.67 | 3.76 | 3.49 | 3.74 | 3.88 | 3.70 | 3.88 | 3.86 | 3.35 | 3.90,,0,,GLY462 | GLY462,2,3.61 | 3.84,,0,,ALA556 | ALA556 | GLY509,3,3.83 | 3.45 | 3.88,,0,,VAL467 | VAL467 | VAL467,3,3.39 | 3.78 | 3.65,High Safety,High Safety,Low Toxicity,Low Toxicity,High Safety
CNP0210147.3,9,9,171,65,8,106,44,,0,,GLY603 | ALA556 | ALA556 | GLY509 | GLY509 | GLY462 | GLY605,7,3.59 | 3.36 | 3.54 | 3.88 | 3.77 | 3.89 | 3.79,GLY462,1,3.23,GLY509 | GLY509 | GLY462 | GLY462,4,3.88 | 3.42 | 3.47 | 3.84,GLY462,1,3.16,GLY509 | GLY509 | GLY462 | GLY462,4,3.76 | 3.28 | 3.48 | 3.81,GLY462,1,3.15,GLY509 | GLY509 | GLY462 | GLY462,4,3.85 | 3.37 | 3.37 | 3.76,ARG415 | GLY509,2,3.21 | 2.95,GLY462 | ARG415 | ARG415 | ALA556 | ALA556,5,3.77 | 3.53 | 3.76 | 3.71 | 3.70,,0,,ARG415 | GLY509 | VAL467 | VAL467 | VAL467,5,3.75 | 3.89 | 3.68 | 3.84 | 3.87,GLY462,1,3.19,GLY509 | GLY462 | VAL467 | VAL467,4,3.86 | 3.49 | 3.84 | 3.67,,0,,GLY603 | ALA556,2,3.66 | 3.87,GLY509 | VAL467,2,3.04 | 2.74,ARG415 | ARG415 | GLY603 | GLY603 | ALA556 | ALA556 | ALA556 | ALA556 | VAL467,9,3.54 | 3.35 | 3.82 | 3.86 | 3.40 | 3.45 | 3.86 | 3.85 | 3.63,High Safety,High Safety,Medium Safety,Low Toxicity,High Safety
CNP0206403.6,9,9,195,82,8,113,37,ARG415,1,3.17,GLY462 | GLY462 | ARG415,3,3.64 | 3.43 | 3.74,GLY462,1,3.15,GLY509 | GLY509 | GLY462,3,3.85 | 3.46 | 3.62,GLY462,1,3.14,GLY509 | GLY509 | GLY462,3,3.84 | 3.45 | 3.59,ALA556,1,3.29,GLY603 | GLY603 | ALA556 | ALA556,4,3.78 | 3.38 | 3.65 | 3.79,,0,,GLY603 | GLY603 | ALA556 | ALA556,4,3.87 | 3.45 | 3.64 | 3.75,GLY462,1,3.28,GLY509 | GLY462,2,3.65 | 3.57,SER555,1,3.09,GLY509 | SER508 | ALA556 | ALA556 | GLY509 | ARG415 | ARG415 | ALA556 | ALA556 | GLY509 | GLY462 | GLY462,12,3.73 | 3.90 | 3.51 | 3.88 | 3.77 | 3.76 | 3.37 | 3.62 | 3.90 | 3.60 | 3.51 | 3.69,GLY509,1,2.88,VAL467 | VAL467,2,3.75 | 3.77,GLY462,1,3.28,GLY509 | GLY462 | VAL467 | VAL467,4,3.65 | 3.59 | 3.46 | 3.70,High Safety,High Safety,Medium Safety,Low Toxicity,High Safety
CNP0518218.1,9,9,188,30,7,158,105,TYR334 | ARG380,2,3.18 | 3.03,GLY509 | GLY509 | GLY462 | ASN382 | ASN382 | ASN382 | ARG415 | TYR334 | TYR334 | ASN382 | ARG415 | ALA556 | ARG415 | ARG415 | GLY603 | GLY603,16,3.83 | 3.47 | 3.68 | 3.83 | 3.64 | 3.73 | 3.85 | 3.75 | 3.78 | 3.74 | 3.90 | 3.67 | 3.65 | 3.83 | 3.20 | 3.77,SER602,1,3.01,TYR572 | TYR572 | TYR572 | ARG415 | ARG415 | ALA556 | ALA556 | ARG415 | GLY462 | GLY462 | ARG415 | ARG415 | ARG415 | ARG415 | GLY603 | GLY603 | GLY605,17,3.73 | 3.59 | 3.73 | 3.87 | 3.71 | 3.72 | 3.57 | 3.83 | 3.66 | 3.50 | 3.72 | 3.76 | 3.79 | 3.76 | 3.86 | 3.44 | 3.82,,0,,TYR572 | TYR572 | ALA556 | GLY603 | GLY603 | GLY603 | ARG415 | GLY462,8,3.61 | 3.83 | 3.60 | 3.63 | 3.52 | 3.85 | 3.83 | 3.59,SER602 | VAL467,2,2.97 | 3.02,ARG415 | ALA556 | ALA556 | ARG415 | GLY462 | GLY462 | ARG415 | ARG415 | ARG415 | ARG415 | GLY603 | ALA556 | ALA556 | VAL467 | VAL467,15,3.78 | 3.81 | 3.60 | 3.79 | 3.55 | 3.42 | 3.66 | 3.76 | 3.74 | 3.67 | 3.77 | 3.88 | 3.72 | 3.83 | 3.45,,0,,TYR572 | TYR572 | TYR572 | GLY462 | ARG415 | ALA556 | ARG415 | ARG415 | ARG415 | ALA556 | ALA556,11,3.73 | 3.85 | 3.74 | 3.81 | 3.65 | 3.79 | 3.88 | 3.82 | 3.70 | 3.78 | 3.33,VAL467 | SER508,2,3.21 | 3.18,VAL467 | VAL467 | VAL467 | TYR572 | GLY603 | GLY603 | ALA556 | ARG415 | ARG415 | ARG415 | GLY509 | GLY462 | ALA556 | ARG415 | GLY509 | GLY462 | ALA556 | ALA556 | ALA556 | GLY509 | GLY509,21,3.55 | 3.82 | 3.79 | 3.58 | 3.49 | 3.13 | 3.73 | 3.66 | 2.90 | 3.88 | 3.53 | 3.12 | 3.53 | 3.80 | 3.69 | 3.66 | 3.51 | 3.68 | 3.57 | 3.42 | 3.55,,0,,ARG415 | ARG415 | GLY509 | GLY462 | GLY462 | GLY603 | GLY605 | GLY605,8,3.82 | 3.63 | 3.41 | 3.39 | 3.39 | 3.59 | 3.88 | 3.65,,0,,TYR572 | ARG415 | ALA556 | ALA556 | ALA556 | ALA556 | GLY605,7,3.79 | 3.69 | 3.89 | 3.52 | 3.38 | 3.68 | 3.81,,0,,GLY509 | GLY462,2,3.72 | 3.85,Medium Safety,High Safety,Low Toxicity,Low Toxicity,High Safety
CNP0080938.1,9,9,220,42,7,178,87,,0,,SER363 | SER363 | TYR572 | ARG415 | GLY509 | ALA556 | ARG415 | ARG415 | ALA556 | ALA556 | ALA556 | TYR572 | TYR572,13,3.77 | 3.76 | 3.62 | 3.60 | 3.57 | 3.87 | 3.54 | 3.72 | 3.54 | 3.52 | 3.74 | 3.52 | 3.77,GLY509 | VAL467 | VAL467,3,2.77 | 3.26 | 3.14,GLY509 | GLY462 | ALA556 | ARG415 | ARG415 | GLY462 | ARG415 | ARG415 | ARG415 | ALA556 | ARG415 | ALA556 | ALA556 | GLY509,14,3.69 | 3.57 | 3.76 | 3.84 | 3.88 | 3.63 | 3.56 | 3.54 | 3.89 | 3.79 | 3.53 | 3.54 | 3.90 | 3.79,,0,,ARG415 | GLY509 | GLY462 | ALA556 | ARG415 | ARG415 | GLY462 | ARG415 | ARG415 | ALA556 | ARG415 | ALA556 | ALA556 | ALA556 | ALA556 | GLY509 | GLY605,17,3.79 | 3.90 | 3.73 | 3.85 | 3.75 | 3.77 | 3.57 | 3.61 | 3.62 | 3.79 | 3.54 | 3.43 | 3.69 | 3.84 | 3.70 | 3.33 | 3.60,ASN469,1,3.24,ARG415 | GLY509 | GLY462 | ALA556 | ARG415 | ARG415 | GLY462 | ARG415 | ARG415 | ALA556 | ARG415 | ALA556 | ALA556 | ALA556 | ALA556 | GLY509 | ASN469 | GLY605,18,3.83 | 3.88 | 3.74 | 3.90 | 3.72 | 3.80 | 3.63 | 3.55 | 3.61 | 3.82 | 3.48 | 3.41 | 3.77 | 3.81 | 3.74 | 3.47 | 3.85 | 3.46,VAL467 | VAL467,2,2.64 | 3.09,,0,,,0,,GLY603 | GLY509 | GLY509 | GLY462,4,3.60 | 3.88 | 3.67 | 3.71,,0,,TYR334 | TYR334 | TYR334 | TYR334 | ARG415 | GLY603 | ARG415 | ALA556 | ARG415 | ARG415 | ALA556 | TYR572 | TYR572 | TYR572 | GLY509 | GLY462 | GLY509,17,3.70 | 3.45 | 3.33 | 3.72 | 3.77 | 3.75 | 3.50 | 3.90 | 3.64 | 3.37 | 3.33 | 3.76 | 3.75 | 3.81 | 3.76 | 3.66 | 3.39,,0,,GLY603 | GLY509 | GLY509 | GLY462,4,3.58 | 3.69 | 3.48 | 3.65,VAL467,1,2.75,,0,,Low Safety,High Safety,Low Toxicity,Low Toxicity,High Safety
CNP0128822.1,9,9,233,63,7,170,77,,0,,ALA556 | ARG415 | GLY603 | GLY462 | ALA556 | ALA556 | GLY509,7,3.69 | 3.69 | 3.44 | 3.89 | 3.55 | 3.17 | 3.87,ARG483 | ARG415,2,3.30 | 3.03,ALA556 | GLY509 | ALA556 | ALA556 | GLY509 | ARG415 | ARG415 | ALA556,8,3.85 | 3.89 | 3.61 | 3.89 | 3.69 | 3.88 | 3.33 | 3.38,,0,,GLY603 | ARG415 | ARG415 | GLY603 | ALA556 | ALA556 | GLY509 | GLY509,8,3.83 | 3.71 | 3.85 | 3.74 | 3.76 | 3.24 | 3.70 | 3.68,,0,,ALA556 | ARG415 | GLY603 | GLY462 | ALA556 | ALA556 | GLY509,7,3.76 | 3.73 | 3.64 | 3.74 | 3.64 | 3.28 | 3.80,ALA556,1,3.24,ASN469 | VAL467 | VAL467 | VAL467 | GLY603 | GLY603 | ALA556 | ALA556,8,3.76 | 3.67 | 3.84 | 3.61 | 3.78 | 3.36 | 3.56 | 3.71,,0,,ARG415 | ARG415 | ARG415 | GLY509 | GLY462 | ALA556 | ALA556 | ALA556,8,3.84 | 3.52 | 3.75 | 3.66 | 3.83 | 3.85 | 3.21 | 3.12,ASN469 | VAL467,2,3.03 | 2.97,GLY603 | ALA556 | ARG415 | GLY603 | ALA556 | ALA556 | GLY509 | GLY509,8,3.81 | 3.80 | 3.79 | 3.71 | 3.82 | 3.30 | 3.67 | 3.65,VAL467,1,3.11,GLY509 | GLY462 | ALA556 | GLY509 | GLY462 | ALA556 | ALA556 | ARG415 | ARG415 | ALA556 | ALA556 | GLY509 | GLY509 | GLY509 | VAL467,15,3.75 | 3.72 | 3.48 | 3.13 | 3.59 | 3.72 | 3.77 | 3.79 | 3.41 | 3.76 | 3.70 | 3.88 | 3.78 | 3.87 | 3.74,ASN469,1,3.11,ALA556 | ARG415 | GLY603 | GLY462 | ALA556 | ALA556 | GLY509 | VAL467,8,3.82 | 3.71 | 3.66 | 3.73 | 3.70 | 3.38 | 3.87 | 3.56,High Safety,High Safety,Low Toxicity,Low Toxicity,High Safety
CNP0203452.16,9,9,213,61,7,152,75,,0,,ALA556 | ARG415 | ALA556 | ALA556 | GLY509 | GLY603 | ALA556 | ALA556 | ARG415 | ARG415 | GLY603 | ALA556 | ALA556 | ALA556 | ALA556,15,3.65 | 3.63 | 3.66 | 3.69 | 3.63 | 3.69 | 3.78 | 3.77 | 3.55 | 3.70 | 3.86 | 3.59 | 3.64 | 3.89 | 3.81,,0,,GLY509 | GLY509 | GLY462 | GLY605,4,3.80 | 3.50 | 3.70 | 3.83,,0,,ALA556 | ARG415 | ARG415 | GLY509 | ALA556 | ARG415 | ALA556 | GLY462 | ARG415 | ARG415 | GLY603 | ALA556 | ALA556 | ALA556 | ALA556 | VAL467,16,3.72 | 3.83 | 3.64 | 3.57 | 3.69 | 3.83 | 3.87 | 3.87 | 3.65 | 3.84 | 3.47 | 3.76 | 3.73 | 3.64 | 3.59 | 3.75,,0,,GLY509 | GLY462 | GLY603 | ALA556 | ALA556 | GLY509 | GLY603 | GLY605,8,3.60 | 3.55 | 3.89 | 3.86 | 3.70 | 3.66 | 3.89 | 3.77,GLY509,1,3.12,,0,,VAL467 | GLY462,2,3.21 | 3.10,GLY462 | ALA556 | GLY605,3,3.58 | 3.64 | 3.81,VAL467 | VAL467 | VAL467,3,2.95 | 2.94 | 2.97,ALA556 | ARG415 | ARG415 | GLY603 | ARG415 | ARG415 | ALA556 | GLY509 | GLY509 | ARG415 | ARG415 | ARG415,12,3.75 | 3.81 | 3.68 | 3.78 | 3.69 | 3.58 | 3.33 | 3.59 | 3.21 | 3.57 | 3.26 | 3.83,,0,,ALA556 | ARG415 | ARG415 | GLY509 | GLY462 | ALA556 | ARG415 | ALA556 | ARG415 | ARG415 | GLY603 | ALA556 | ALA556 | ALA556 | ALA556 | VAL467,16,3.79 | 3.75 | 3.60 | 3.61 | 3.76 | 3.62 | 3.85 | 3.87 | 3.52 | 3.70 | 3.57 | 3.61 | 3.53 | 3.67 | 3.54 | 3.54,GLY509,1,3.01,GLY605,1,3.90,High Safety,High Safety,Low Safety,Low Toxicity,High Safety
CNP0572972.4,9,9,319,55,6,264,127,ARG483,1,2.86,GLY509 | SER508 | ALA556 | ARG415 | ALA556 | ARG415 | GLY462 | ARG415 | ARG415 | ARG415 | GLY509 | ARG415 | ARG415 | ARG415 | ARG415,15,3.51 | 3.58 | 3.79 | 3.73 | 3.76 | 3.87 | 3.14 | 3.84 | 3.82 | 3.67 | 3.51 | 3.89 | 3.77 | 3.77 | 3.76,TYR334,1,2.95,ASN382 | TYR334 | TYR334 | ALA556 | ARG415 | TYR334 | TYR334 | ARG415 | ARG415 | ARG415 | ARG415 | ARG415 | ARG415 | ARG415 | ARG415 | ALA556 | ARG415 | ALA556 | ALA556 | GLY462 | GLY462 | GLY605,22,3.41 | 3.88 | 3.74 | 3.26 | 3.83 | 3.71 | 3.73 | 3.83 | 3.90 | 3.86 | 3.61 | 3.90 | 3.62 | 2.79 | 3.81 | 3.35 | 3.46 | 3.87 | 3.73 | 3.82 | 3.74 | 3.74,SER508,1,3.24,SER555 | ARG415 | ARG415 | TYR572 | TYR572 | TYR572 | ARG415 | ARG415 | GLY509 | ARG415 | ARG415 | ALA556 | ALA556 | GLY509 | ARG415 | ARG415 | ALA556 | ALA556 | ALA556 | GLY509 | GLY462,21,3.89 | 2.51 | 3.34 | 3.54 | 3.42 | 3.69 | 3.64 | 3.63 | 3.55 | 3.67 | 3.88 | 3.22 | 3.41 | 3.19 | 3.53 | 3.12 | 3.67 | 3.78 | 3.50 | 3.82 | 3.80,SER508,1,2.86,ARG415 | ARG415 | TYR572 | TYR572 | TYR572 | ARG415 | GLY509 | ALA556 | ARG415 | ALA556 | ALA556 | GLY509 | ALA556 | ARG415 | ARG415 | ALA556 | ALA556 | GLY509 | GLY603 | ALA556 | ALA556 | ALA556 | GLY509 | GLY462 | GLY462 | GLY462 | ARG415 | ARG415 | ARG415,29,2.81 | 3.73 | 3.47 | 3.58 | 3.69 | 3.72 | 3.76 | 3.90 | 3.87 | 3.32 | 3.53 | 3.02 | 3.90 | 3.71 | 3.47 | 3.47 | 3.75 | 3.68 | 3.39 | 3.86 | 3.78 | 3.61 | 3.59 | 3.78 | 3.43 | 3.74 | 3.87 | 3.77 | 3.58,,0,,GLY603 | ARG415 | ARG415 | ARG415 | ALA556 | ALA556 | ALA556 | GLY509,8,3.79 | 3.85 | 3.79 | 3.51 | 3.68 | 3.56 | 3.66 | 3.71,,0,,GLY603 | ALA556 | ARG415 | ALA556 | ALA556 | ALA556 | GLY509 | GLY509,8,3.86 | 3.90 | 3.59 | 3.56 | 3.49 | 3.78 | 3.69 | 3.88,GLY509,1,3.10,ARG415 | ARG415 | ARG415 | ARG415 | GLY603 | GLY509 | GLY462 | ALA556,8,3.74 | 3.67 | 3.80 | 3.17 | 3.80 | 3.79 | 3.78 | 3.71,GLY509,1,2.99,VAL467 | VAL467 | GLY603 | ALA556 | GLY509 | GLY509 | GLY462 | ALA556 | GLY509,9,3.36 | 3.62 | 3.55 | 3.90 | 3.81 | 3.76 | 3.89 | 3.79 | 3.89,,0,,ARG415 | ARG415 | ARG415 | ARG415 | ARG415 | ALA556 | GLY509,7,3.70 | 3.87 | 3.63 | 3.84 | 3.61 | 3.86 | 3.83,High Safety,High Safety,Low Safety,Low Toxicity,High Safety
CNP0076447.1,9,9,269,60,6,209,118,ASN382,1,2.82,ASN382 | ALA556 | ARG380 | SER363 | GLY603 | SER363 | GLY603 | ALA556 | ARG415 | ARG415 | ARG415 | ALA556 | ARG415 | GLY509 | GLY509 | GLY462 | GLY462 | GLY603 | GLY603,19,3.54 | 3.35 | 3.86 | 3.56 | 3.40 | 3.85 | 3.63 | 3.88 | 3.80 | 3.82 | 3.11 | 3.35 | 3.29 | 3.89 | 3.17 | 3.88 | 3.77 | 3.72 | 3.55,ASN382 | SER363,2,2.81 | 3.21,ASN382 | ASN382 | ALA556 | ARG380 | SER363 | GLY603 | GLY603 | ALA556 | ARG415 | ARG415 | ALA556 | ARG415 | GLY603 | GLY603 | ALA556 | ALA556 | ARG415,17,3.72 | 3.83 | 3.34 | 3.40 | 3.53 | 3.10 | 3.62 | 3.62 | 3.64 | 3.18 | 3.51 | 3.41 | 3.86 | 3.37 | 3.32 | 3.47 | 3.85,ASN382,1,3.06,ASN382 | ALA556 | ARG380 | ARG415 | SER363 | ARG415 | ARG415 | GLY603 | ALA556 | GLY603 | ALA556 | ARG415 | ARG415 | ARG415 | ARG415 | ARG415 | ALA556 | ARG415 | ARG415 | GLY462 | GLY462 | GLY603 | GLY603,23,3.68 | 2.96 | 3.82 | 3.73 | 3.78 | 3.51 | 3.90 | 3.22 | 3.77 | 3.61 | 3.77 | 3.68 | 3.89 | 3.83 | 2.96 | 3.81 | 3.53 | 3.42 | 3.80 | 3.72 | 3.75 | 3.57 | 3.42,,0,,ALA556 | ARG415 | ARG415 | ALA556 | ARG415 | GLY462 | ARG415 | ALA556 | GLY509 | GLY509 | ARG415 | ARG415,12,3.90 | 3.88 | 3.87 | 3.74 | 3.85 | 3.59 | 3.88 | 3.42 | 3.90 | 3.77 | 3.71 | 3.41,,0,,ALA556 | ARG415 | GLY603 | ALA556 | GLY462 | ARG415 | ALA556 | GLY509 | ARG415,9,3.78 | 3.78 | 3.72 | 3.83 | 3.75 | 3.87 | 3.51 | 3.84 | 3.73,ASN469,1,3.26,ALA556 | ARG415 | ARG415 | GLY603 | GLY462 | ARG415 | ALA556 | ARG415,8,3.84 | 3.86 | 3.66 | 3.65 | 3.74 | 3.82 | 3.56 | 3.84,,0,,ALA556 | ARG415 | GLY462 | ARG415 | GLY603 | ALA556 | GLY509 | ARG415,8,3.59 | 3.76 | 3.80 | 3.87 | 3.80 | 3.52 | 3.90 | 3.81,,0,,ALA556 | ARG415 | ARG415 | GLY603 | ALA556 | ARG415 | GLY462 | ARG415 | ARG415 | ALA556 | GLY509 | GLY509 | ARG415,13,3.85 | 3.84 | 3.78 | 3.80 | 3.78 | 3.89 | 3.72 | 3.81 | 3.86 | 3.46 | 3.88 | 3.72 | 3.60,VAL467,1,3.17,GLY462 | ARG415 | GLY603 | ALA556 | ALA556 | GLY509 | GLY462 | GLY509 | GLY509,9,3.69 | 3.85 | 3.88 | 3.59 | 3.75 | 3.37 | 3.52 | 3.82 | 3.82,High Safety,High Safety,Low Toxicity,Low Toxicity,High Safety
CNP0586769.2,9,9,229,38,6,191,115,GLY462,1,3.07,ARG415 | ALA556 | ARG415 | ARG415 | GLY509 | GLY462 | ALA556 | ARG415 | GLY509 | GLY462,10,3.74 | 3.78 | 3.87 | 3.68 | 3.70 | 3.73 | 3.64 | 3.79 | 3.76 | 3.71,,0,,ARG415 | ARG415 | ALA556 | ARG415 | ALA556 | ARG415 | GLY462 | GLY462 | GLY605,9,3.87 | 3.80 | 3.75 | 3.67 | 3.73 | 3.68 | 3.70 | 3.72 | 3.88,SER602,1,3.13,TYR334 | TYR334 | TYR334 | ALA556 | GLY603 | ALA556 | ARG415 | ARG415 | ALA556 | ARG415 | ARG415 | GLY509 | GLY462,13,3.85 | 3.72 | 3.76 | 3.54 | 3.89 | 3.88 | 3.62 | 3.72 | 3.90 | 3.67 | 3.89 | 3.79 | 3.71,SER363,1,3.09,SER555 | TYR572 | TYR572 | TYR572 | ALA556 | ALA556 | ALA556 | ARG415 | ARG415 | ARG415 | GLY603 | ARG415 | GLY462 | ARG415 | ARG415 | ARG415 | GLY603 | GLY605 | ALA556,19,3.66 | 3.70 | 3.74 | 3.52 | 3.82 | 3.60 | 3.73 | 3.68 | 3.87 | 3.76 | 3.82 | 3.68 | 3.58 | 3.75 | 3.83 | 3.72 | 3.89 | 3.71 | 3.71,,0,,ARG415 | ARG415 | ARG415 | ALA556 | ARG415 | ALA556 | ARG415 | GLY603 | GLY462 | GLY462,10,3.72 | 3.87 | 3.90 | 3.68 | 3.82 | 3.68 | 3.66 | 3.89 | 3.82 | 3.76,,0,,TYR572 | TYR572 | TYR572 | TYR334 | ARG415 | ARG415 | ALA556 | ARG415 | ARG415 | ALA556 | ARG415 | GLY603 | GLY462,13,3.66 | 3.58 | 3.84 | 3.89 | 3.78 | 3.78 | 3.89 | 3.81 | 3.76 | 3.78 | 3.55 | 3.85 | 3.71,SER602 | SER508,2,3.31 | 2.82,TYR572 | TYR572 | TYR572 | TYR572 | TYR572 | TYR572 | ALA556 | ALA556 | ALA556 | ALA556 | ARG415 | GLY509 | GLY462,13,3.83 | 3.82 | 3.59 | 3.83 | 3.64 | 3.61 | 3.70 | 3.79 | 3.75 | 3.88 | 3.65 | 3.28 | 3.85,GLY462,1,3.09,SER555 | ARG415 | ARG415 | ARG415 | ALA556 | ARG415 | GLY509 | GLY462 | GLY603 | ALA556 | ALA556 | GLY509 | VAL467,13,3.56 | 3.80 | 3.69 | 3.80 | 3.72 | 3.73 | 3.74 | 3.87 | 3.77 | 3.63 | 3.86 | 3.81 | 3.87,,0,,TYR334 | TYR334 | TYR334 | GLY603 | ALA556 | GLY603 | ALA556 | ARG415 | ARG415 | ARG415 | GLY603 | ALA556 | GLY509 | GLY509 | GLY462,15,3.66 | 3.67 | 3.68 | 3.87 | 3.72 | 3.52 | 3.85 | 3.66 | 3.74 | 3.85 | 3.87 | 3.89 | 3.81 | 3.87 | 3.90,Medium Safety,Medium Safety,Low Toxicity,Low Toxicity,High Safety
CNP0201578.2,9,9,219,51,6,168,96,,0,,GLY603 | ARG415 | GLY509 | ALA556 | ALA556 | ARG415 | ARG415 | ALA556 | ARG415,9,3.81 | 3.72 | 3.33 | 3.76 | 3.72 | 3.79 | 3.75 | 3.61 | 3.82,,0,,GLY509 | GLY462 | ALA556 | ALA556 | GLY509 | GLY462 | GLY462 | GLY603 | GLY603 | ALA556,10,3.64 | 3.84 | 3.60 | 3.39 | 3.41 | 3.54 | 3.45 | 3.86 | 3.68 | 3.79,,0,,GLY509 | GLY603 | ALA556 | ALA556 | ARG415 | ALA556 | ARG415 | ARG415 | GLY509 | ALA556 | ALA556 | GLY509 | GLY509 | GLY462,14,3.62 | 3.73 | 3.69 | 3.76 | 3.67 | 3.81 | 3.72 | 3.60 | 3.88 | 3.63 | 3.53 | 3.76 | 3.50 | 3.59,ARG415 | GLY462,2,3.15 | 3.19,TYR334 | TYR334 | TYR334 | TYR334 | ARG415 | ARG415 | ARG415 | ALA556 | ARG415 | GLY603 | ALA556 | ALA556 | GLY509 | ALA556 | ALA556 | ALA556 | GLY509 | GLY509 | GLY462 | GLY462 | GLY509,21,3.82 | 3.67 | 3.80 | 3.87 | 3.63 | 3.59 | 3.72 | 3.84 | 3.68 | 3.78 | 3.64 | 3.78 | 3.68 | 3.61 | 3.85 | 3.89 | 3.87 | 3.17 | 3.80 | 3.74 | 3.85,VAL467,1,3.03,GLY509 | GLY462 | GLY603 | GLY603 | ALA556 | ARG415 | ALA556,7,3.35 | 3.79 | 3.42 | 3.59 | 3.76 | 3.55 | 3.82,VAL467,1,3.10,GLY509 | GLY462 | GLY603 | ALA556 | GLY603 | ALA556 | ARG415 | ALA556 | ARG415 | ARG415 | ARG415 | ALA556 | ALA556 | GLY509 | GLY462,15,3.52 | 3.71 | 3.24 | 3.85 | 3.80 | 3.90 | 3.71 | 3.90 | 3.66 | 3.42 | 3.79 | 3.75 | 3.76 | 3.75 | 3.67,,0,,GLY509 | GLY605,2,3.82 | 3.59,ARG415 | SER508,2,2.79 | 2.89,ARG415 | ARG415 | ALA556 | ARG415 | GLY509 | ALA556 | ALA556 | GLY603 | ALA556 | ALA556 | ALA556,11,3.82 | 3.71 | 3.71 | 3.81 | 3.62 | 3.54 | 3.64 | 3.58 | 3.87 | 3.84 | 3.60,,0,,ARG415 | ARG415 | ARG415 | GLY509 | GLY509 | GLY509 | GLY462,7,3.77 | 3.14 | 3.87 | 3.85 | 3.66 | 3.34 | 3.81,Low Safety,High Safety,Low Safety,Low Toxicity,Medium Safety
CNP0167093.3,9,9,183,55,6,128,74,,0,,ALA556 | ARG415 | ALA556 | ARG415 | ARG415 | ALA556 | GLY605 | ARG415 | ARG415 | ARG415 | ARG415,11,3.47 | 3.89 | 3.90 | 3.68 | 3.79 | 3.41 | 3.74 | 3.76 | 3.32 | 3.00 | 3.87,GLY462,1,3.14,GLY509 | GLY509 | GLY462,3,3.85 | 3.47 | 3.61,,0,,ALA556 | ARG415 | GLY509 | GLY462 | ALA556 | ARG415 | ARG415 | GLY509 | GLY509 | ARG415,10,3.48 | 3.85 | 3.68 | 3.45 | 3.85 | 3.73 | 3.86 | 3.79 | 3.44 | 3.88,VAL467,1,3.09,VAL467 | ALA556 | ALA556 | ARG415 | GLY509 | GLY462 | ARG415 | ALA556 | GLY509 | GLY605 | ARG415 | ARG415 | ARG415 | GLY462 | ARG415,15,3.55 | 3.55 | 3.70 | 3.86 | 3.85 | 3.79 | 3.80 | 3.61 | 3.76 | 3.82 | 3.71 | 3.37 | 2.98 | 3.87 | 3.80,SER555,1,3.18,ARG415 | ALA556 | ARG415 | ARG415 | ALA556 | ALA556 | GLY462 | GLY462 | GLY509 | ALA556,10,3.84 | 3.65 | 3.81 | 3.36 | 3.61 | 3.89 | 3.62 | 3.84 | 3.44 | 3.58,,0,,GLY603 | ALA556 | ARG415 | ARG415 | ARG415 | ALA556 | GLY509 | ARG415 | GLY605 | ALA556,10,3.58 | 3.82 | 3.71 | 3.85 | 3.60 | 3.89 | 3.85 | 3.73 | 3.75 | 3.58,,0,,VAL467,1,3.49,ALA556 | VAL467,2,3.31 | 2.93,GLY603 | GLY603 | ALA556 | ALA556,4,3.80 | 3.42 | 3.58 | 3.75,SER555,1,3.09,GLY509 | SER508 | ALA556 | ALA556 | ARG415 | ARG415 | ALA556 | GLY603 | ALA556 | ALA556,10,3.73 | 3.86 | 3.77 | 3.88 | 3.60 | 3.41 | 3.43 | 3.76 | 3.75 | 3.56,High Safety,High Safety,Low Safety,Low Toxicity,High Safety
CNP0183354.1,9,9,213,86,6,127,73,,0,,VAL467 | GLY603 | GLY603 | ALA556 | ALA556,5,3.69 | 3.71 | 3.19 | 3.52 | 3.58,GLY462,1,2.95,GLY509 | GLY462 | GLY462,3,3.60 | 3.40 | 3.80,,0,,GLY603 | GLY603 | ALA556 | ALA556,4,3.73 | 3.21 | 3.47 | 3.55,,0,,GLY462 | ARG415 | ARG415,3,3.83 | 3.54 | 3.65,,0,,ARG415 | ARG415 | GLY509 | GLY462 | GLY462 | ALA556 | GLY603 | GLY603 | ALA556 | ALA556 | ALA556 | GLY603 | GLY603 | ALA556,14,3.84 | 3.69 | 3.85 | 3.73 | 3.00 | 3.39 | 3.73 | 3.07 | 3.67 | 3.59 | 3.48 | 3.89 | 3.75 | 3.80,,0,,GLY509 | GLY462 | ALA556 | ARG415 | ARG415 | GLY509 | GLY462 | ARG415 | ALA556 | ALA556 | GLY603 | GLY603 | GLY603,13,3.89 | 3.68 | 3.77 | 3.82 | 3.55 | 3.67 | 3.12 | 3.68 | 3.67 | 3.22 | 3.34 | 3.52 | 3.46,VAL467 | GLY462,2,2.81 | 3.02,VAL467 | GLY509 | GLY462 | GLY462,4,3.53 | 3.58 | 3.44 | 3.89,VAL467 | VAL467 | VAL467,3,2.98 | 2.82 | 2.93,GLY603 | ARG415 | ALA556 | ARG415 | GLY603 | ALA556 | ALA556 | GLY509 | GLY509 | GLY462 | GLY462 | ALA556 | GLY509 | GLY509 | GLY462,15,3.73 | 3.69 | 3.79 | 3.76 | 3.38 | 3.86 | 3.67 | 3.65 | 2.84 | 3.78 | 3.65 | 3.79 | 3.81 | 3.47 | 3.71,,0,,ARG415 | ARG415 | GLY462 | ARG415 | ALA556 | ALA556 | GLY603 | GLY603 | ALA556 | ALA556 | ALA556 | ALA556,12,3.80 | 3.61 | 3.13 | 3.81 | 3.31 | 3.85 | 3.80 | 3.14 | 3.62 | 3.42 | 3.36 | 3.73,High Safety,High Safety,Low Safety,Low Toxicity,High Safety
CNP0087101.4,9,9,241,108,6,133,64,,0,,ARG415 | GLY509 | ALA556 | ARG415 | ALA556 | GLY509 | ALA556 | ARG415 | ARG415 | ARG415 | ARG415 | ARG415 | GLY462 | GLY462,14,3.67 | 3.72 | 3.65 | 3.84 | 3.77 | 3.75 | 3.87 | 3.70 | 3.83 | 3.74 | 3.65 | 3.39 | 3.59 | 3.65,ASN469,1,2.91,GLY603 | GLY603 | GLY462 | GLY462,4,3.76 | 3.53 | 3.55 | 3.68,,0,,GLY603 | GLY603 | GLY462 | GLY462,4,3.75 | 3.53 | 3.49 | 3.61,,0,,GLY603 | GLY603 | GLY462 | GLY462 | VAL467 | VAL467 | VAL467,7,3.78 | 3.56 | 3.47 | 3.58 | 3.77 | 3.90 | 3.16,,0,,GLY603 | GLY603 | GLY462 | GLY462,4,3.58 | 3.39 | 3.60 | 3.68,GLY462 | VAL467,2,3.15 | 3.20,GLY509 | GLY462 | VAL467 | VAL467 | VAL467 | VAL467,6,3.69 | 3.64 | 3.72 | 3.71 | 3.69 | 3.36,GLY509,1,3.31,ARG415 | GLY509 | GLY509,3,3.78 | 3.49 | 3.26,,0,,ARG415 | ALA556 | ARG415 | ARG415 | ALA556 | ARG415 | ARG415 | ALA556 | ALA556 | ARG415 | ARG415 | ARG415 | GLY509 | GLY462 | GLY462,15,3.85 | 3.83 | 3.59 | 3.65 | 3.72 | 3.86 | 3.82 | 3.57 | 3.86 | 3.80 | 3.65 | 3.30 | 3.70 | 3.58 | 3.76,GLY509 | ARG415,2,3.17 | 3.09,GLY462 | GLY462 | ARG415 | ARG415 | ALA556 | ALA556 | ALA556,7,3.70 | 3.37 | 3.58 | 3.75 | 3.85 | 3.50 | 3.29,High Safety,High Safety,Low Safety,Low Toxicity,High Safety
CNP0152201.1,9,9,187,50,6,137,64,,0,,GLY603 | ALA556,2,3.86 | 3.64,VAL467 | VAL467,2,3.14 | 2.83,ALA556 | ARG415 | ARG415 | ARG415 | GLY509 | ARG415 | GLY462 | ARG415 | ARG415 | ARG415 | GLY509 | GLY462 | ARG415 | GLY509 | GLY509 | ALA556 | ALA556 | GLY509 | GLY509 | GLY462 | GLY462 | GLY603 | GLY605,23,3.65 | 3.78 | 3.80 | 3.69 | 3.58 | 3.20 | 3.63 | 3.19 | 3.47 | 3.84 | 3.66 | 3.88 | 3.77 | 3.54 | 2.70 | 3.79 | 3.64 | 3.79 | 3.27 | 3.67 | 3.87 | 3.90 | 3.77,,0,,VAL467 | VAL467 | VAL467 | ALA556 | GLY509,5,3.61 | 3.76 | 3.88 | 3.69 | 3.59,,0,,GLY462,1,3.75,SER602 | ASN382 | SER363 | ASN414,4,2.87 | 2.68 | 3.24 | 3.20,ALA556 | ALA556 | GLY509 | GLY462 | GLY603 | GLY509 | GLY462 | GLY462 | ARG415 | ARG415 | ARG415 | ARG415 | ALA556 | ARG415 | ARG415 | ALA556 | ALA556 | ARG415 | ARG415 | ALA556,20,3.36 | 3.27 | 3.77 | 3.76 | 3.82 | 3.86 | 3.71 | 3.17 | 3.62 | 3.52 | 3.64 | 3.80 | 3.01 | 3.41 | 3.64 | 3.90 | 3.73 | 3.79 | 3.63 | 3.42,,0,,ARG415 | ARG415 | ALA556 | ALA556 | ALA556 | ALA556,6,3.61 | 3.72 | 3.81 | 3.55 | 3.88 | 3.53,,0,,GLY509 | GLY509,2,3.78 | 3.68,,0,,ALA556 | GLY509,2,3.76 | 3.58,,0,,ALA556 | GLY509 | GLY509,3,3.31 | 3.79 | 3.35,High Safety,High Safety,Low Toxicity,Low Toxicity,High Safety
CNP0115315.1,9,9,201,61,6,140,53,VAL467 | VAL467,2,3.30 | 3.35,ARG415 | GLY603 | ALA556 | GLY509 | ALA556 | GLY509 | GLY509,7,3.57 | 3.32 | 3.73 | 3.76 | 3.48 | 3.67 | 3.74,VAL467,1,3.13,ARG415 | GLY603 | ALA556 | ALA556 | ALA556 | GLY509 | GLY509,7,3.50 | 3.13 | 3.68 | 3.89 | 3.37 | 3.58 | 3.52,,0,,GLY603 | ALA556 | GLY603 | ALA556 | GLY509 | ALA556 | GLY509 | VAL467,8,3.79 | 3.77 | 3.09 | 3.76 | 3.84 | 3.63 | 3.80 | 3.75,,0,,VAL467 | VAL467 | VAL467 | GLY603 | GLY603,5,3.84 | 3.86 | 3.70 | 3.64 | 3.34,GLY509,1,2.81,GLY509,1,3.66,ASN469,1,3.25,VAL467 | VAL467 | VAL467,3,3.47 | 3.67 | 3.24,,0,,ALA556 | ARG415 | GLY603 | ALA556 | GLY509 | ALA556 | ALA556 | ALA556 | GLY509 | GLY509,10,3.88 | 3.45 | 3.52 | 3.58 | 3.57 | 3.86 | 3.80 | 3.30 | 3.58 | 3.62,,0,,ARG415 | ARG415 | GLY462 | ARG415 | ARG415 | ARG415 | ALA556 | ALA556 | ALA556 | ARG415 | ARG415,11,3.69 | 3.67 | 3.26 | 3.81 | 3.87 | 3.56 | 3.68 | 3.63 | 3.19 | 3.64 | 3.32,GLY509,1,2.79,GLY509,1,3.61,High Safety,High Safety,Low Safety,Low Toxicity,High Safety
CNP0490429.1,9,9,190,83,6,107,48,VAL467,1,2.84,GLY603 | ALA556 | ALA556,3,3.56 | 3.80 | 3.84,GLY509,1,3.00,GLY462 | GLY462 | ALA556 | GLY509 | GLY509 | ALA556,6,3.68 | 3.61 | 3.67 | 3.83 | 3.81 | 3.82,,0,,ALA556 | ARG415 | GLY603 | ARG415 | ALA556 | ALA556 | GLY603 | ALA556 | GLY462 | GLY462 | ARG415 | ARG415 | ARG415,13,3.55 | 3.85 | 3.60 | 3.86 | 3.51 | 3.86 | 3.56 | 3.86 | 3.77 | 3.25 | 3.84 | 3.70 | 3.64,,0,,GLY603 | ALA556 | ALA556,3,3.48 | 3.81 | 3.83,,0,,GLY509 | GLY509 | ALA556,3,3.73 | 3.48 | 3.84,GLY462,1,3.14,GLY509 | GLY462,2,3.54 | 3.56,VAL467 | GLY462,2,3.09 | 3.13,VAL467 | GLY509 | GLY462,3,3.88 | 3.68 | 3.52,,0,,GLY603 | ARG415 | ALA556 | GLY603 | ARG415 | GLY603 | ALA556 | ALA556 | GLY462 | GLY462 | ARG415 | ARG415 | ARG415,13,3.83 | 3.67 | 3.53 | 3.69 | 3.87 | 3.50 | 3.90 | 3.85 | 3.82 | 3.31 | 3.86 | 3.69 | 3.64,GLY509,1,2.83,ALA556 | ALA556,2,3.85 | 3.49,High Safety,High Safety,Low Safety,Low Toxicity,High Safety
CNP0087291.3,9,9,232,100,6,132,46,GLY509,1,3.11,GLY603 | GLY603 | ALA556,3,3.70 | 3.59 | 3.79,GLY509 | ASN469,2,3.15 | 3.20,GLY462 | ARG415 | ARG415 | ARG415 | GLY509 | VAL467 | VAL467 | VAL467 | VAL467 | VAL467,10,3.49 | 3.68 | 3.83 | 3.55 | 3.80 | 3.56 | 3.35 | 3.84 | 3.82 | 3.89,GLY509,1,3.08,GLY462 | ARG415 | ARG415 | ARG415 | GLY509,5,3.35 | 3.80 | 3.87 | 3.67 | 3.70,GLY509,1,3.11,GLY603 | GLY603 | ALA556,3,3.77 | 3.68 | 3.85,,0,,GLY603 | ALA556 | ALA556 | VAL467 | VAL467 | VAL467,6,3.64 | 3.65 | 3.82 | 3.48 | 3.68 | 3.85,,0,,GLY509 | GLY509 | GLY462,3,3.79 | 3.51 | 3.65,GLY509,1,3.17,GLY462 | ARG415 | ARG415 | ARG415 | ALA556,5,3.82 | 3.64 | 3.81 | 3.43 | 3.90,,0,,ALA556 | ALA556 | GLY509 | GLY509 | ALA556 | ALA556,6,3.76 | 3.52 | 3.47 | 3.88 | 3.81 | 3.76,,0,,GLY509 | GLY462 | GLY462 | ALA556 | ALA556,5,3.78 | 3.89 | 3.46 | 3.70 | 3.86,High Safety,High Safety,Low Toxicity,Low Toxicity,High Safety
CNP0175961.1,9,9,199,82,6,117,33,GLY509,1,2.73,GLY509 | GLY509 | VAL467,3,3.76 | 3.84 | 3.87,GLY509,1,3.11,ALA556 | GLY509 | GLY509 | ALA556 | VAL467,5,3.67 | 3.87 | 3.77 | 3.70 | 3.78,GLY509,1,2.86,,0,,,0,,GLY603 | ALA556 | ALA556 | ARG415 | GLY603 | GLY603,6,3.65 | 3.45 | 3.62 | 3.89 | 3.89 | 3.61,,0,,GLY462 | GLY462 | GLY603,3,3.76 | 3.79 | 3.89,GLY509,1,3.08,ALA556 | GLY509 | GLY509 | ALA556 | VAL467,5,3.83 | 3.76 | 3.71 | 3.68 | 3.50,GLY509,1,2.93,GLY509 | ALA556,2,3.88 | 3.78,,0,,GLY509 | GLY509 | ALA556 | ALA556,4,3.81 | 3.87 | 3.75 | 3.50,GLY509,1,3.28,ALA556 | GLY509 | GLY509 | GLY509 | VAL467,5,3.77 | 3.83 | 3.83 | 3.83 | 3.76,Medium Safety,High Safety,Low Safety,Low Safety,High Safety
CNP0403720.2,9,9,200,75,6,125,32,,0,,GLY509 | VAL467,2,3.75 | 3.73,,0,,GLY462 | GLY603,2,3.62 | 3.81,GLY462,1,3.08,GLY509 | GLY509 | GLY462,3,3.84 | 3.47 | 3.60,,0,,GLY603 | GLY603 | VAL467 | VAL467 | VAL467 | VAL467,6,3.79 | 3.49 | 3.64 | 3.86 | 3.45 | 3.88,GLY509,1,3.21,GLY603 | GLY603 | ALA556 | GLY509,4,3.90 | 3.34 | 3.86 | 3.82,GLY509 | ASN469 | ASN469,3,3.10 | 3.01 | 3.11,GLY509 | GLY509,2,3.64 | 3.62,,0,,GLY509 | GLY462 | GLY462 | VAL467 | VAL467 | VAL467,6,3.59 | 3.52 | 3.87 | 3.78 | 3.77 | 3.64,,0,,GLY603 | ALA556 | ALA556,3,3.71 | 3.89 | 3.62,GLY462,1,2.98,GLY509 | GLY509 | GLY462 | GLY462,4,3.87 | 3.44 | 3.50 | 3.88,High Safety,High Safety,Low Safety,Low Toxicity,High Safety
CNP0140612.4,9,9,190,88,6,102,30,GLY509,1,3.01,GLY509 | GLY462 | GLY462,3,3.75 | 3.69 | 3.81,GLY509,1,3.02,VAL467 | GLY509 | GLY462 | GLY462,4,3.55 | 3.72 | 3.71 | 3.76,,0,,GLY509 | GLY462,2,3.90 | 3.84,,0,,ALA556 | GLY509 | GLY509,3,3.84 | 3.74 | 3.86,GLY509,1,3.03,GLY509 | GLY462 | GLY462,3,3.65 | 3.70 | 3.72,GLY509,1,3.13,VAL467 | ARG415 | ALA556,3,3.49 | 3.78 | 3.76,GLY509,1,3.13,VAL467 | VAL467 | VAL467 | VAL467 | VAL467 | ALA556,6,3.85 | 3.72 | 3.73 | 2.97 | 3.86 | 3.69,,0,,GLY605 | GLY603 | ALA556 | ALA556,4,3.63 | 3.47 | 3.90 | 3.82,GLY509,1,3.11,ALA556 | ALA556,2,3.80 | 3.55,High Safety,High Safety,Low Toxicity,Low Toxicity,High Safety
CNP0109837.1,9,9,187,26,5,161,108,SER508 | ARG483,2,3.26 | 3.16,ARG415 | PHE478 | ILE461 | ILE461 | ARG415 | ARG415 | ALA556 | ALA556 | GLY509 | GLY462 | GLY509 | GLY509 | GLY462,13,3.76 | 3.65 | 3.76 | 3.44 | 3.15 | 3.63 | 3.62 | 3.87 | 2.60 | 3.39 | 3.76 | 3.60 | 3.27,,0,,TYR334 | TYR334 | GLY462 | ALA556 | GLY603 | ALA556 | GLY603 | ALA556 | ARG415 | ALA556 | ALA556 | GLY603 | GLY603,13,3.89 | 3.77 | 3.75 | 3.07 | 3.53 | 3.67 | 3.74 | 3.80 | 3.87 | 3.57 | 3.60 | 3.84 | 3.72,SER508 | SER508,2,3.29 | 3.20,GLY603 | GLY603 | GLY603 | GLY509 | ALA556 | ALA556 | GLY509 | GLY509 | GLY462 | GLY462 | ARG415 | GLY509 | ALA556 | ALA556 | ARG415 | ARG415 | ARG415,17,3.45 | 3.26 | 3.00 | 3.51 | 3.78 | 3.59 | 3.72 | 2.68 | 3.56 | 2.97 | 3.87 | 3.84 | 3.68 | 3.62 | 3.87 | 3.01 | 3.45,,0,,GLY509 | GLY462 | GLY509 | GLY603 | ALA556 | ARG415 | GLY603 | ALA556 | GLY603 | GLY603 | GLY603 | ARG415 | GLY603,13,3.65 | 3.83 | 3.86 | 3.63 | 3.88 | 3.85 | 3.68 | 2.99 | 3.51 | 2.94 | 3.76 | 3.80 | 3.83,,0,,GLY509 | GLY509 | TYR334 | TYR334 | TYR334 | ARG415 | ARG415 | ALA556 | ARG415 | ARG415 | ALA556 | ALA556 | ARG415 | ALA556 | GLY603,15,3.58 | 3.24 | 3.54 | 3.63 | 3.79 | 3.86 | 3.80 | 3.40 | 3.44 | 3.05 | 3.11 | 3.73 | 3.45 | 3.56 | 3.55,,0,,GLY462 | GLY462 | ARG415 | ARG415 | GLY509 | GLY462 | GLY462 | ARG415 | ALA556 | ALA556 | GLY509 | GLY603 | ALA556 | ALA556 | ALA556,15,3.68 | 3.35 | 3.77 | 3.89 | 3.58 | 3.38 | 2.89 | 3.70 | 3.45 | 3.48 | 3.74 | 3.26 | 2.97 | 3.72 | 3.86,ARG415,1,3.01,GLY462 | GLY462 | ARG415 | ARG415 | GLY509 | GLY462 | GLY462 | TYR572 | ARG415 | GLY462 | ALA556 | GLY603 | ALA556 | ALA556 | ALA556 | ALA556,16,3.82 | 3.51 | 3.48 | 3.69 | 3.85 | 3.46 | 3.09 | 3.88 | 3.65 | 3.88 | 3.78 | 3.51 | 3.46 | 2.91 | 3.70 | 3.87,,0,,GLY462 | GLY603,2,3.79 | 3.79,,0,,VAL467 | VAL467 | GLY462 | GLY462,4,3.43 | 3.60 | 3.74 | 3.75,Medium Safety,High Safety,Low Toxicity,Low Toxicity,High Safety
CNP0181969.2,9,9,223,58,5,165,87,,0,,ALA556 | ARG415 | ALA556 | ARG415 | GLY509 | GLY462 | GLY462 | ALA556 | GLY603 | GLY603 | GLY603 | GLY605,12,3.57 | 3.82 | 3.78 | 3.72 | 3.59 | 3.85 | 3.10 | 3.74 | 3.84 | 3.70 | 3.80 | 3.88,,0,,ARG415 | GLY509 | GLY462 | GLY509 | GLY462 | ALA556 | ARG415 | ARG415 | ALA556 | GLY603 | GLY603 | GLY603,12,3.83 | 3.78 | 3.66 | 3.84 | 3.27 | 3.74 | 3.68 | 3.75 | 3.52 | 3.75 | 3.61 | 3.68,,0,,GLY462 | ALA556 | ARG415 | ALA556 | GLY509 | GLY462 | GLY462 | GLY603 | GLY603,9,3.75 | 3.74 | 3.72 | 3.59 | 3.64 | 3.83 | 3.28 | 3.53 | 3.11,,0,,ALA556 | ARG415 | ARG415 | GLY509 | GLY603 | ALA556 | ALA556 | ALA556 | GLY509 | GLY509,10,3.83 | 3.58 | 3.61 | 3.74 | 3.34 | 3.77 | 3.87 | 3.73 | 3.37 | 3.17,VAL467,1,3.09,GLY462 | ARG415 | ARG415 | ALA556,4,3.51 | 3.40 | 3.54 | 3.54,,0,,ALA556 | ARG415 | ARG415 | GLY509 | GLY603 | ALA556 | ALA556 | ALA556 | GLY509 | GLY509,10,3.83 | 3.61 | 3.46 | 3.89 | 3.28 | 3.67 | 3.78 | 3.74 | 3.48 | 3.18,VAL467,1,2.72,ARG415 | ARG415 | GLY509 | GLY462 | GLY509 | GLY462 | ALA556 | GLY603 | GLY603 | VAL467,10,3.84 | 3.79 | 3.47 | 3.14 | 3.77 | 3.50 | 3.56 | 3.37 | 3.04 | 3.68,VAL467,1,2.76,GLY462 | ARG415 | ALA556 | ARG415 | ALA556 | GLY462 | GLY603 | GLY603,8,3.81 | 3.77 | 3.58 | 3.80 | 3.58 | 3.46 | 3.61 | 3.35,VAL467 | VAL467,2,2.78 | 3.12,ALA556 | ARG415 | ARG415 | GLY509 | GLY603 | ALA556 | ALA556 | ALA556 | ALA556 | GLY509 | GLY509 | VAL467,12,3.88 | 3.46 | 3.67 | 3.66 | 3.29 | 3.72 | 3.84 | 3.63 | 3.86 | 3.22 | 3.13 | 3.85,High Safety,High Safety,Low Safety,Low Toxicity,High Safety
CNP0413252.10,9,9,207,34,5,173,83,,0,,GLY462 | GLY462 | ARG415 | GLY603 | ALA556 | ALA556 | ALA556 | ALA556 | ALA556 | GLY605,10,3.64 | 3.41 | 3.69 | 3.72 | 3.73 | 3.63 | 3.63 | 3.49 | 3.89 | 3.83,,0,,GLY462 | GLY462 | ARG415 | GLY603 | ALA556 | ALA556 | ALA556 | ALA556,8,3.78 | 3.61 | 3.68 | 3.70 | 3.82 | 3.70 | 3.65 | 3.57,,0,,GLY509 | GLY509 | GLY462,3,3.85 | 3.48 | 3.62,,0,,ASN469 | VAL467 | VAL467 | GLY462 | GLY462 | ARG415 | GLY603 | ALA556 | ALA556 | ALA556 | ALA556,11,3.36 | 3.59 | 3.82 | 3.80 | 3.66 | 3.69 | 3.84 | 3.82 | 3.71 | 3.67 | 3.53,SER555 | SER508,2,3.04 | 3.01,GLY462 | ARG415 | ARG415 | ALA556 | GLY509 | GLY462 | ARG415 | ARG415 | ARG415 | GLY509 | GLY462 | ARG415 | GLY509 | GLY509 | GLY462 | GLY509 | GLY605,17,3.80 | 3.63 | 3.72 | 3.46 | 3.87 | 3.15 | 3.52 | 3.60 | 3.76 | 3.54 | 3.86 | 3.57 | 3.44 | 3.04 | 3.52 | 3.89 | 3.81,SER555 | SER508,2,3.05 | 3.04,ARG415 | ALA556 | GLY509 | GLY462 | ARG415 | ARG415 | ARG415 | GLY509 | ARG415 | GLY509 | GLY509 | GLY462 | GLY509 | GLY605,14,3.71 | 3.46 | 3.90 | 3.15 | 3.52 | 3.62 | 3.78 | 3.57 | 3.55 | 3.39 | 3.01 | 3.55 | 3.86 | 3.87,SER508,1,2.80,GLY605 | GLY605 | GLY509 | ARG415 | ARG415 | ARG415 | ARG415 | ALA556 | ALA556 | GLY603 | GLY509 | GLY509 | ALA556 | ALA556 | GLY509,15,3.70 | 3.23 | 3.50 | 3.57 | 3.85 | 3.22 | 3.88 | 3.16 | 3.72 | 3.76 | 3.52 | 3.00 | 3.79 | 3.63 | 3.84,,0,,GLY509,1,3.24,,0,,ALA556 | ALA556 | GLY509 | GLY509,4,3.75 | 3.33 | 3.37 | 3.60,Medium Safety,High Safety,Low Toxicity,Low Toxicity,High Safety
CNP0413769.3,9,9,223,64,5,159,83,ASN414 | TYR334,2,3.05 | 2.92,ARG380 | ARG380 | ARG380 | ASN382 | ALA556 | TYR334 | TYR334 | TYR334 | ARG415 | ARG415 | GLY603 | ALA556 | ARG415 | ALA556 | ARG415 | ALA556 | ALA556 | ALA556 | GLY603 | ALA556 | GLY462 | ARG415 | ARG415 | GLY605,24,3.60 | 3.75 | 3.85 | 3.66 | 3.64 | 3.62 | 3.44 | 3.71 | 3.84 | 3.79 | 3.82 | 3.51 | 3.58 | 3.79 | 3.68 | 3.40 | 3.29 | 3.82 | 3.89 | 3.84 | 3.80 | 3.56 | 3.57 | 3.84,ASN414 | TYR334,2,3.26 | 2.91,ARG380 | ARG380 | ASN382 | ALA556 | ASN382 | TYR334 | TYR334 | TYR334 | ARG415 | ARG415 | GLY603 | ALA556 | ARG415 | ARG415 | ARG415 | ALA556 | ALA556 | ARG415,18,3.57 | 3.86 | 3.58 | 3.46 | 3.84 | 3.68 | 3.41 | 3.65 | 3.80 | 3.68 | 3.89 | 3.85 | 3.40 | 3.78 | 3.32 | 3.48 | 3.68 | 3.87,,0,,ALA556 | GLY509 | GLY603 | ALA556 | ALA556 | ALA556,6,3.76 | 3.55 | 3.70 | 3.89 | 3.88 | 3.73,,0,,GLY603,1,3.75,VAL467,1,3.12,VAL467 | ALA556 | GLY509 | GLY603 | ALA556 | ALA556 | ALA556,7,3.42 | 3.89 | 3.64 | 3.55 | 3.85 | 3.88 | 3.53,,0,,VAL467 | VAL467 | VAL467 | ALA556 | GLY509 | GLY603 | ALA556 | ALA556 | ALA556 | ALA556,10,3.69 | 3.61 | 3.38 | 3.71 | 3.56 | 3.56 | 3.87 | 3.86 | 3.78 | 3.51,,0,,ALA556 | GLY509 | GLY603 | ALA556 | ALA556 | ALA556,6,3.80 | 3.55 | 3.72 | 3.90 | 3.89 | 3.70,,0,,GLY509 | GLY603 | ALA556 | ALA556,4,3.53 | 3.68 | 3.85 | 3.58,,0,,ALA556 | GLY509 | GLY603 | ALA556 | ALA556 | ALA556 | ALA556,7,3.76 | 3.60 | 3.63 | 3.84 | 3.90 | 3.84 | 3.68,High Safety,High Safety,Low Toxicity,Low Toxicity,High Safety
CNP0214069.1,9,9,232,77,5,155,76,,0,,ARG415 | ARG415 | ALA556 | ARG415 | ARG415 | GLY509 | GLY462 | ALA556 | ALA556,9,3.72 | 3.72 | 3.62 | 3.67 | 3.88 | 3.71 | 3.20 | 3.76 | 3.34,,0,,ARG415 | ARG415 | GLY462 | ARG415 | GLY509 | GLY462 | ARG415 | ALA556 | ALA556 | ARG415,10,3.66 | 3.69 | 3.84 | 3.89 | 3.84 | 3.32 | 3.74 | 3.58 | 3.14 | 3.87,VAL467,1,2.99,ALA556 | ALA556 | ARG415 | ARG415 | ALA556 | ARG415 | ALA556 | ALA556 | GLY509 | ALA556 | GLY603 | ALA556 | ALA556 | ALA556 | GLY462 | ARG415 | ARG415 | ARG415 | ARG415 | ARG415 | GLY605,21,3.58 | 3.74 | 3.83 | 3.62 | 3.88 | 3.61 | 3.70 | 3.84 | 3.12 | 3.88 | 3.22 | 3.62 | 3.64 | 3.44 | 3.61 | 3.88 | 3.57 | 3.52 | 3.60 | 3.47 | 3.88,GLY509,1,3.04,GLY603 | GLY509,2,3.71 | 3.82,,0,,ALA556 | ARG415 | ARG415 | ALA556 | ARG415 | ALA556 | ALA556 | GLY509 | GLY603 | ALA556 | ALA556 | ALA556 | ALA556 | GLY509 | GLY509 | GLY509,16,3.78 | 3.82 | 3.52 | 3.82 | 3.86 | 3.75 | 3.85 | 3.69 | 3.24 | 3.61 | 3.65 | 3.64 | 3.84 | 3.49 | 3.34 | 3.87,GLY509,1,3.26,VAL467 | VAL467 | GLY462 | GLY462 | ARG415 | ARG415 | ALA556 | ALA556,8,3.73 | 3.65 | 3.81 | 3.58 | 3.41 | 3.75 | 3.82 | 3.57,,0,,GLY509 | GLY462 | GLY462 | GLY605,4,3.66 | 3.41 | 3.82 | 3.61,GLY509,1,3.34,GLY603 | GLY603,2,3.82 | 3.78,GLY509,1,3.33,GLY509 | GLY462 | GLY462 | GLY605,4,3.56 | 3.41 | 3.87 | 3.35,High Safety,High Safety,Low Safety,Low Toxicity,High Safety
CNP0194151.1,9,9,257,94,5,163,75,ARG415,1,3.02,ALA556 | ALA556 | GLY509 | GLY509 | ARG415 | GLY603 | GLY603 | GLY462 | GLY603 | GLY603 | GLY462 | ARG415 | GLY603 | ALA556 | ARG415 | GLY509 | GLY462 | GLY462 | ALA556 | GLY462 | ARG415 | ARG415,22,3.79 | 3.23 | 3.62 | 3.72 | 3.74 | 3.87 | 3.77 | 3.74 | 3.74 | 3.03 | 3.82 | 3.71 | 3.84 | 3.64 | 3.87 | 3.19 | 3.72 | 2.87 | 3.35 | 3.26 | 3.51 | 3.81,,0,,VAL467 | VAL467,2,3.83 | 3.60,ARG415,1,3.05,GLY605 | ALA556 | ALA556 | GLY509 | GLY509 | ALA556 | ALA556 | GLY462 | GLY462 | GLY603 | GLY603 | GLY462 | GLY603 | GLY509 | GLY462 | ALA556 | ALA556 | GLY509 | GLY462 | ALA556 | ARG415 | ARG415 | ARG415 | ARG415,24,3.72 | 3.78 | 3.11 | 3.68 | 3.50 | 3.15 | 3.82 | 3.69 | 3.75 | 3.89 | 3.35 | 3.86 | 3.45 | 2.76 | 3.28 | 3.26 | 3.81 | 3.69 | 3.57 | 3.86 | 3.66 | 3.60 | 3.65 | 3.46,VAL467,1,2.90,,0,,ASN469,1,3.05,GLY605,1,3.57,,0,,ALA556 | GLY509 | ARG415 | ARG415 | ARG415 | GLY509 | ARG415 | ALA556 | ALA556 | GLY509 | GLY462 | GLY462,12,3.78 | 3.57 | 3.52 | 3.28 | 3.39 | 3.21 | 3.54 | 3.13 | 3.29 | 3.63 | 3.71 | 3.77,,0,,TYR334 | TYR334 | ARG415 | GLY509 | GLY603 | ALA556 | ALA556 | ALA556 | ARG415 | ARG415,10,3.78 | 3.90 | 3.90 | 3.82 | 3.58 | 3.71 | 3.76 | 3.81 | 3.77 | 3.48,,0,,VAL467 | VAL467 | VAL467,3,3.75 | 3.53 | 3.35,VAL467,1,3.10,GLY605,1,3.52,High Safety,High Safety,Low Toxicity,Low Toxicity,High Safety
CNP0183354.7,9,9,226,87,5,139,74,,0,,ALA556 | ALA556 | ARG415 | GLY509 | GLY462 | ALA556 | ALA556 | ALA556 | ARG415 | ARG415 | GLY605,11,3.78 | 3.84 | 3.68 | 3.62 | 3.67 | 3.82 | 3.41 | 3.21 | 3.68 | 3.37 | 3.84,,0,,ALA556 | ARG415 | GLY509 | GLY603 | ALA556 | ALA556 | ALA556 | ALA556 | GLY509,9,3.82 | 3.67 | 3.61 | 3.45 | 3.75 | 3.89 | 3.74 | 3.63 | 3.74,VAL467 | VAL467,2,3.03 | 3.04,ARG415 | GLY603 | GLY509 | ALA556 | ALA556 | GLY509 | GLY509,7,3.69 | 3.67 | 3.53 | 3.85 | 3.64 | 3.67 | 3.82,,0,,ALA556 | ARG415 | GLY509 | GLY462 | ALA556 | ALA556 | ARG415 | ARG415 | GLY605,9,3.85 | 3.72 | 3.45 | 3.48 | 3.64 | 3.48 | 3.76 | 3.54 | 3.88,,0,,ALA556 | ALA556 | ARG415 | GLY509 | GLY462 | ALA556 | ALA556 | ARG415 | ARG415,9,3.61 | 3.86 | 3.72 | 3.51 | 3.73 | 3.54 | 3.38 | 3.68 | 3.40,,0,,ARG415 | GLY603 | ALA556 | ALA556 | GLY509 | ALA556 | ALA556 | ALA556 | GLY509 | GLY509,10,3.77 | 3.68 | 3.89 | 3.89 | 3.44 | 3.89 | 3.76 | 3.56 | 3.60 | 3.75,GLY462,1,3.17,GLY509 | GLY509 | GLY462,3,3.73 | 3.33 | 3.61,VAL467 | VAL467,2,2.95 | 3.01,ARG415 | ARG415 | ALA556 | ARG415 | GLY462 | ARG415 | ARG415 | ALA556 | GLY509 | GLY509 | GLY603 | GLY603,12,3.74 | 3.63 | 3.61 | 3.86 | 3.39 | 3.89 | 3.90 | 3.69 | 3.72 | 3.57 | 3.77 | 3.55,,0,,GLY509 | GLY509 | GLY509 | GLY509,4,3.80 | 3.88 | 3.89 | 3.83,High Safety,High Safety,Low Safety,Low Toxicity,High Safety
CNP0188206.17,9,9,209,88,5,121,70,,0,,GLY603 | GLY603 | ALA556 | ALA556,4,3.85 | 3.38 | 3.59 | 3.66,GLY462,1,3.18,GLY509 | GLY509 | GLY462 | GLY462,4,3.60 | 3.14 | 3.37 | 3.79,ARG415,1,3.09,GLY462 | GLY462 | ARG415 | ARG415 | ALA556 | ALA556,6,3.64 | 3.30 | 3.55 | 3.72 | 3.82 | 3.77,,0,,VAL467 | VAL467 | VAL467 | GLY603 | GLY603 | ALA556 | ALA556,7,3.79 | 3.74 | 3.87 | 3.86 | 3.49 | 3.49 | 3.72,,0,,ALA556 | GLY509 | GLY462 | ARG415 | ALA556 | GLY462 | ARG415 | ARG415 | GLY509 | GLY509 | GLY462 | GLY462 | ARG415 | ARG415 | ARG415,15,3.71 | 3.87 | 2.98 | 3.89 | 3.35 | 3.89 | 3.61 | 3.89 | 3.66 | 3.01 | 3.88 | 3.86 | 3.74 | 3.69 | 3.67,VAL467 | VAL467 | VAL467,3,3.00 | 2.85 | 2.91,GLY603 | ARG415 | ALA556 | GLY603 | ARG415 | ALA556 | GLY603 | GLY462 | GLY462 | ARG415 | ARG415 | ARG415 | GLY462 | GLY462 | ARG415,15,3.70 | 3.80 | 3.18 | 3.68 | 3.78 | 3.77 | 3.49 | 3.74 | 3.08 | 3.60 | 3.74 | 3.56 | 3.75 | 3.62 | 3.73,,0,,VAL467 | VAL467 | GLY509 | GLY509 | GLY462 | GLY603,6,3.62 | 3.18 | 3.74 | 3.38 | 3.62 | 3.83,,0,,GLY603 | ARG415 | GLY462 | ARG415 | ARG415 | ARG415 | GLY603 | ALA556 | ALA556 | GLY509 | GLY509,11,3.70 | 3.89 | 3.89 | 3.77 | 3.67 | 3.66 | 3.39 | 3.44 | 3.65 | 3.62 | 3.30,,0,,GLY603 | GLY462,2,3.60 | 3.82,High Safety,High Safety,Low Toxicity,Low Toxicity,High Safety
CNP0134936.3,9,9,198,72,5,126,57,GLY462,1,3.14,GLY462 | ARG415 | GLY509 | GLY462 | GLY462 | GLY509,6,3.76 | 3.84 | 3.66 | 3.83 | 3.73 | 3.86,GLY462,1,3.15,GLY462 | ARG415 | ARG415 | GLY509 | GLY462 | GLY462 | GLY509 | VAL467 | VAL467 | VAL467 | VAL467,11,3.74 | 3.82 | 3.90 | 3.66 | 3.81 | 3.70 | 3.85 | 3.36 | 3.90 | 3.89 | 3.51,GLY509,1,3.09,ARG415 | ARG415 | ALA556 | ALA556 | VAL467 | VAL467 | GLY605,7,3.71 | 3.43 | 3.78 | 3.54 | 3.52 | 3.51 | 3.49,GLY509,1,3.21,GLY509 | GLY462 | GLY462 | ALA556 | ALA556 | GLY509 | GLY509 | ALA556 | ALA556 | GLY509,10,3.49 | 3.68 | 3.28 | 3.90 | 3.41 | 3.86 | 3.80 | 3.69 | 3.61 | 3.73,,0,,GLY462 | GLY462 | ARG415 | ARG415 | ALA556 | GLY603 | ALA556 | GLY603,8,3.61 | 3.29 | 3.75 | 3.89 | 3.71 | 3.66 | 3.83 | 3.87,,0,,GLY462 | GLY509 | GLY462,3,3.87 | 3.68 | 3.86,,0,,GLY509 | GLY509 | GLY462 | VAL467 | VAL467,5,3.81 | 3.43 | 3.63 | 3.69 | 3.83,,0,,GLY509 | GLY509 | GLY462,3,3.84 | 3.48 | 3.66,GLY509,1,3.21,GLY603 | GLY603 | GLY509 | GLY509,4,3.53 | 3.24 | 3.62 | 3.54,High Safety,High Safety,Low Safety,Low Toxicity,High Safety
CNP0172930.3,9,9,250,125,5,125,30,GLY509,1,2.98,GLY603 | ALA556 | ALA556,3,3.77 | 3.60 | 3.79,GLY509,1,3.28,VAL467 | GLY603 | ALA556 | ALA556,4,3.58 | 3.60 | 3.44 | 3.58,GLY509,1,3.05,GLY603 | ALA556,2,3.89 | 3.69,,0,,VAL467 | VAL467 | GLY605 | GLY462 | GLY462 | ARG415,6,3.79 | 3.67 | 3.56 | 3.61 | 3.54 | 3.66,GLY509,1,3.01,ALA556,1,3.72,,0,,GLY605 | ARG415 | ARG415 | GLY603,4,3.86 | 3.63 | 3.65 | 3.85,,0,,GLY603 | GLY603,2,3.85 | 3.79,,0,,GLY462 | ARG415 | ARG415 | ARG415,4,3.42 | 3.58 | 3.73 | 3.46,VAL467,1,3.06,VAL467 | GLY509 | GLY509 | GLY462,4,3.74 | 3.56 | 3.40 | 3.77,High Safety,High Safety,Low Safety,Low Toxicity,High Safety
CNP0201578.3,9,9,164,27,4,137,82,VAL467,1,3.13,GLY603 | GLY462 | GLY509 | GLY462 | ALA556 | ARG415 | GLY603 | ALA556 | ARG415 | ARG415 | ARG415 | GLY509 | GLY509,13,3.42 | 3.16 | 3.79 | 3.70 | 3.60 | 3.80 | 3.86 | 3.68 | 3.90 | 3.80 | 3.61 | 3.65 | 3.55,ARG415,1,3.28,ALA556 | ALA556 | ARG415 | ARG415 | ALA556 | ARG415 | ARG415 | GLY509 | GLY462 | ALA556 | ARG415 | GLY509 | GLY462 | GLY509 | GLY462 | GLY462,16,3.45 | 3.42 | 3.71 | 3.86 | 3.83 | 3.71 | 3.55 | 3.61 | 3.76 | 3.90 | 3.64 | 3.76 | 3.74 | 3.19 | 3.56 | 3.30,,0,,ALA556 | ALA556 | ALA556 | GLY603 | ARG415 | ARG415,6,3.73 | 3.79 | 3.78 | 3.79 | 3.71 | 3.67,,0,,TYR572 | TYR334 | TYR334 | TYR334 | ARG415 | ALA556 | ARG415 | ARG415 | ARG415 | ALA556 | ARG415 | GLY509 | GLY462 | ARG415 | GLY509 | GLY462 | ARG415 | ARG415 | ARG415 | GLY509,20,3.87 | 3.64 | 3.52 | 3.81 | 3.52 | 3.76 | 3.84 | 3.74 | 3.58 | 3.70 | 3.66 | 3.89 | 3.59 | 3.79 | 3.71 | 3.56 | 3.84 | 3.70 | 3.47 | 3.74,ASN469 | ASN469,2,3.03 | 3.22,VAL467 | VAL467 | VAL467 | VAL467 | GLY603,5,3.77 | 3.72 | 3.82 | 3.74 | 3.68,,0,,GLY509 | GLY509 | GLY462,3,3.81 | 3.53 | 3.63,,0,,GLY603 | GLY462 | ARG415 | GLY509 | GLY462 | ALA556 | ARG415 | GLY603 | ARG415 | ARG415 | ARG415 | ARG415 | GLY603 | ALA556 | ALA556,15,3.41 | 3.27 | 3.87 | 3.76 | 3.45 | 3.68 | 3.85 | 3.81 | 3.90 | 3.75 | 3.75 | 3.30 | 3.54 | 3.38 | 3.62,,0,,ARG415 | ARG415,2,3.43 | 3.45,,0,,GLY509 | GLY462,2,3.83 | 3.81,Low Safety,High Safety,Low Safety,Low Toxicity,Medium Safety
CNP0151900.2,9,9,260,21,4,239,74,ARG415,1,2.99,ALA556 | ALA556 | ARG415 | ARG415 | ALA556 | GLY509 | GLY462 | ALA556 | GLY462 | ARG415 | ARG415 | ARG415 | ARG415 | ARG415 | GLY462 | GLY462 | ARG415 | ARG415 | ALA556 | ALA556 | ALA556 | GLY605 | VAL467 | VAL467,24,3.28 | 3.83 | 3.79 | 3.55 | 3.71 | 3.40 | 3.68 | 3.25 | 2.92 | 3.65 | 3.52 | 3.57 | 3.66 | 3.88 | 3.89 | 3.62 | 3.35 | 3.65 | 3.60 | 3.88 | 3.46 | 3.87 | 3.57 | 3.73,ARG415,1,2.88,ALA556 | ALA556 | ARG415 | ARG415 | ARG415 | ALA556 | ALA556 | ARG415 | GLY509 | ALA556 | GLY462 | ARG415 | ARG415 | ARG415 | ARG415 | GLY603 | ALA556 | ALA556 | GLY605,19,2.58 | 3.46 | 3.49 | 3.31 | 3.76 | 3.70 | 3.85 | 3.77 | 3.55 | 3.48 | 3.56 | 3.69 | 3.28 | 3.51 | 3.50 | 3.64 | 3.26 | 3.56 | 3.83,,0,,ALA556 | ALA556 | ALA556 | GLY509,4,3.55 | 3.79 | 2.98 | 3.64,,0,,ARG415 | ARG415,2,3.58 | 3.36,,0,,ARG415 | ARG415 | GLY605 | GLY509 | GLY509 | GLY462,6,3.89 | 3.62 | 3.82 | 3.57 | 3.32 | 3.82,,0,,ARG415 | ARG415 | GLY509 | GLY509 | GLY462,5,3.72 | 3.57 | 3.67 | 3.44 | 3.75,,0,,ALA556 | ALA556 | ALA556 | GLY509 | GLY603,5,3.60 | 3.57 | 2.89 | 3.80 | 3.89,VAL467 | VAL467,2,2.81 | 3.21,ASN469 | ASN469 | GLY603 | ALA556 | ALA556,5,3.80 | 3.69 | 3.43 | 3.66 | 3.66,,0,,ALA556 | ALA556 | ALA556 | GLY509,4,3.44 | 3.80 | 2.94 | 3.64,High Safety,High Safety,Low Toxicity,Low Toxicity,High Safety
CNP0157323.1,9,9,197,65,4,132,61,,0,,ARG415 | GLY603 | GLY462 | ALA556,4,3.67 | 3.40 | 3.79 | 3.79,,0,,ALA556 | ARG415 | GLY603 | GLY462 | ALA556 | ALA556 | GLY509,7,3.88 | 3.62 | 3.42 | 3.74 | 3.80 | 3.46 | 3.85,VAL467 | VAL467,2,2.99 | 3.19,VAL467 | VAL467 | ARG415 | GLY603 | GLY462 | ALA556 | GLY509,7,3.31 | 3.80 | 3.55 | 3.55 | 3.67 | 3.67 | 3.87,,0,,ARG415 | GLY603 | GLY462 | ALA556 | ALA556 | GLY509 | GLY509,7,3.65 | 3.62 | 3.56 | 3.81 | 3.41 | 3.70 | 3.81,,0,,ARG415 | GLY603 | ALA556 | GLY462 | ALA556 | ALA556 | GLY509,7,3.65 | 3.53 | 3.78 | 3.59 | 3.80 | 3.46 | 3.78,,0,,ARG415 | GLY603 | GLY462 | ALA556 | ALA556 | GLY509,6,3.54 | 3.44 | 3.78 | 3.85 | 3.51 | 3.89,GLY509,1,3.14,ALA556 | GLY509 | GLY462 | GLY603 | ALA556 | ALA556 | ALA556 | ARG415 | ARG415,9,3.50 | 3.24 | 3.73 | 3.85 | 3.50 | 3.74 | 3.89 | 3.85 | 3.86,,0,,GLY509 | GLY462 | GLY462 | ALA556 | GLY605 | GLY605,6,3.75 | 3.44 | 3.58 | 3.85 | 3.72 | 3.29,GLY509,1,3.14,ALA556 | GLY509 | GLY462 | GLY603 | ALA556 | ALA556 | ARG415 | ARG415,8,3.53 | 3.23 | 3.74 | 3.87 | 3.55 | 3.78 | 3.85 | 3.87,High Safety,High Safety,Low Toxicity,Low Toxicity,High Safety
CNP0134461.2,9,9,193,87,4,106,52,GLY509,1,3.10,GLY462 | GLY462 | ARG415 | ALA556 | ALA556 | ALA556,6,3.82 | 3.60 | 3.87 | 3.62 | 3.54 | 3.85,,0,,ARG415 | ALA556 | GLY509 | GLY509,4,3.72 | 3.69 | 3.63 | 3.58,,0,,ARG415 | ALA556 | GLY509 | GLY509,4,3.78 | 3.63 | 3.60 | 3.57,,0,,GLY603 | GLY603 | ALA556 | ALA556,4,3.76 | 3.25 | 3.45 | 3.54,GLY462,1,3.06,GLY509 | GLY462 | GLY462 | ARG415 | ARG415 | GLY462 | GLY462,7,3.40 | 3.57 | 3.81 | 3.56 | 3.54 | 3.73 | 3.82,GLY462,1,3.14,GLY509 | GLY509 | GLY462 | GLY462 | GLY462 | ARG415 | ARG415 | GLY462 | GLY462,9,3.80 | 3.30 | 3.63 | 3.87 | 3.90 | 3.54 | 3.51 | 3.68 | 3.77,,0,,GLY603 | GLY603 | ALA556 | GLY509,4,3.68 | 3.45 | 3.61 | 3.69,GLY462,1,3.10,GLY509 | GLY509 | GLY462 | GLY462 | ARG415 | ARG415 | GLY462 | GLY462,8,3.77 | 3.21 | 3.53 | 3.74 | 3.60 | 3.49 | 3.63 | 3.67,,0,,GLY603 | GLY603 | ALA556 | ALA556 | ALA556 | ALA556,6,3.59 | 3.01 | 3.78 | 3.51 | 3.54 | 3.64,High Safety,High Safety,Low Toxicity,Low Toxicity,High Safety
CNP0157339.1,9,9,212,112,4,100,52,,0,,GLY462 | GLY462 | ARG415 | ALA556 | GLY603 | GLY603 | GLY603,7,3.67 | 3.43 | 3.88 | 3.57 | 3.55 | 3.89 | 3.77,GLY462,1,3.09,GLY509 | GLY462 | GLY462 | ALA556 | GLY509 | GLY509,6,3.65 | 3.48 | 3.86 | 3.57 | 3.70 | 3.54,GLY509,1,2.92,ALA556 | GLY509 | GLY509 | ARG415 | ALA556 | GLY605,6,3.74 | 3.56 | 3.59 | 3.82 | 3.69 | 3.54,,0,,GLY509 | GLY462,2,3.52 | 3.58,GLY462,1,3.15,GLY509 | GLY462 | GLY462 | ALA556,4,3.75 | 3.48 | 3.77 | 3.64,,0,,VAL467 | VAL467 | VAL467 | VAL467 | GLY603 | GLY603 | ALA556 | ALA556,8,3.75 | 3.59 | 3.78 | 3.45 | 3.76 | 3.33 | 3.67 | 3.76,,0,,ARG415 | GLY462 | ALA556 | ALA556 | GLY605,5,3.68 | 3.88 | 3.89 | 3.39 | 3.77,GLY462,1,3.09,VAL467 | VAL467 | GLY509 | GLY462 | ALA556 | GLY509 | GLY509,7,3.80 | 3.51 | 3.60 | 3.52 | 3.81 | 3.82 | 3.75,,0,,GLY462 | GLY462 | ALA556 | ALA556 | GLY603 | GLY509 | GLY605,7,3.57 | 3.44 | 3.90 | 3.63 | 3.88 | 3.87 | 3.73,High Safety,High Safety,Medium Safety,Low Toxicity,High Safety
CNP0087291.2,9,9,239,113,4,126,47,ASN469,1,2.95,GLY603 | GLY603 | VAL467 | VAL467 | VAL467 | VAL467 | VAL467,7,3.57 | 3.55 | 3.34 | 3.86 | 3.69 | 3.90 | 3.78,,0,,GLY603 | GLY603,2,3.56 | 3.64,,0,,GLY509 | GLY509 | GLY462 | GLY605,4,3.81 | 3.58 | 3.62 | 3.50,,0,,GLY603 | GLY603 | GLY462 | GLY462,4,3.66 | 3.56 | 3.71 | 3.83,GLY509,1,3.20,GLY462 | GLY462 | ARG415 | ARG415 | ARG415 | ALA556,6,3.69 | 3.14 | 3.72 | 3.60 | 3.55 | 3.87,GLY509,1,3.31,GLY603 | GLY603 | ALA556 | ALA556 | GLY509 | GLY509 | GLY509,7,3.50 | 3.59 | 3.73 | 3.76 | 3.45 | 3.81 | 3.84,,0,,GLY509 | GLY509 | GLY462 | VAL467,4,3.85 | 3.48 | 3.51 | 3.73,GLY509,1,3.28,GLY603 | GLY603 | ALA556 | ALA556 | GLY509 | GLY509 | GLY509 | GLY509 | VAL467,9,3.56 | 3.61 | 3.67 | 3.80 | 3.81 | 3.35 | 3.75 | 3.84 | 3.69,,0,,GLY509 | GLY509 | GLY462 | GLY462,4,3.82 | 3.35 | 3.48 | 3.82,High Safety,High Safety,Low Toxicity,Low Toxicity,High Safety
CNP0204757.5,9,9,212,95,4,117,44,,0,,ARG415 | ARG415 | GLY509 | GLY509,4,3.70 | 3.45 | 3.59 | 3.37,,0,,GLY603 | GLY603 | GLY605,3,3.67 | 3.44 | 3.78,,0,,VAL467 | ARG415,2,3.82 | 3.70,,0,,ARG415 | GLY509 | GLY509 | GLY605,4,3.87 | 3.67 | 3.49 | 3.89,,0,,GLY603 | ARG415 | ALA556 | ARG415 | ALA556 | ALA556 | GLY603 | GLY603 | GLY605 | GLY462 | GLY462 | ALA556 | ALA556 | GLY509 | GLY509,15,3.81 | 3.53 | 3.60 | 3.71 | 3.46 | 3.70 | 3.79 | 3.23 | 3.50 | 3.40 | 3.36 | 3.82 | 3.33 | 3.70 | 3.69,GLY462,1,3.14,GLY509 | GLY509 | GLY462 | GLY605,4,3.68 | 3.27 | 3.56 | 3.73,,0,,GLY603,1,3.81,VAL467 | VAL467,2,3.02 | 2.87,VAL467 | GLY509 | GLY462 | GLY603 | GLY603 | GLY603,6,3.84 | 3.15 | 3.78 | 3.90 | 3.89 | 3.78,VAL467,1,2.88,VAL467 | VAL467 | VAL467 | GLY603 | GLY603,5,3.88 | 3.88 | 3.22 | 3.79 | 3.55,High Safety,High Safety,Low Safety,Low Toxicity,High Safety
CNP0108681.2,9,9,186,73,4,113,38,,0,,GLY603 | GLY603,2,3.49 | 3.49,VAL467,1,2.86,GLY603 | GLY603,2,3.45 | 3.41,,0,,GLY603 | GLY603 | GLY462 | GLY462 | VAL467 | VAL467,6,3.46 | 3.46 | 3.83 | 3.83 | 3.81 | 3.55,VAL467,1,3.05,GLY509 | GLY509 | GLY462,3,3.83 | 3.57 | 3.61,,0,,GLY509 | GLY509 | GLY462 | GLY605,4,3.79 | 3.55 | 3.62 | 3.70,,0,,GLY509 | GLY605,2,3.78 | 3.83,,0,,GLY603 | GLY603,2,3.41 | 3.46,ASN382 | SER363,2,3.31 | 2.81,ASN414 | ALA556 | ALA556 | GLY603 | ALA556 | ARG415 | ARG415 | ARG415 | ARG415 | ARG415 | TYR334 | TYR334 | ALA556 | ARG415 | ALA556 | ALA556,16,3.82 | 3.50 | 3.48 | 3.50 | 3.59 | 3.38 | 3.80 | 3.76 | 3.89 | 3.72 | 3.88 | 3.60 | 3.72 | 3.73 | 3.51 | 3.51,,0,,GLY462,1,3.88,High Safety,High Safety,Low Toxicity,Low Toxicity,High Safety
CNP0210147.1,9,9,171,56,4,115,33,GLY509,1,2.94,GLY509 | GLY509,2,3.65 | 3.66,GLY509,1,2.97,GLY509 | GLY509 | VAL467 | VAL467,4,3.70 | 3.73 | 3.89 | 3.76,,0,,GLY603,1,3.74,,0,,GLY509 | GLY509 | GLY462 | VAL467 | VAL467,5,3.56 | 3.27 | 3.81 | 3.80 | 3.64,,0,,GLY462 | GLY462 | GLY603 | GLY603,4,3.58 | 3.76 | 3.77 | 3.64,,0,,GLY509 | GLY509,2,3.87 | 3.69,GLY509,1,2.81,GLY509 | GLY509 | VAL467 | VAL467,4,3.76 | 3.89 | 3.49 | 3.71,,0,,GLY603 | ALA556 | VAL467 | VAL467 | VAL467 | VAL467,6,3.71 | 3.88 | 3.69 | 3.88 | 3.63 | 3.50,GLY509,1,3.20,GLY603 | ALA556 | ALA556 | ALA556 | ALA556,5,3.89 | 3.71 | 3.79 | 3.81 | 3.85,High Safety,High Safety,Medium Safety,Low Toxicity,High Safety
CNP0172406.2,9,9,213,88,4,125,32,,0,,GLY462 | ARG415 | ARG415 | GLY509 | GLY462,5,3.71 | 3.81 | 3.83 | 3.69 | 3.79,,0,,GLY462 | ARG415 | ARG415 | GLY509 | GLY462 | GLY462,6,3.68 | 3.80 | 3.80 | 3.65 | 3.89 | 3.74,,0,,GLY462 | GLY509,2,3.80 | 3.74,,0,,GLY462 | GLY509,2,3.76 | 3.59,ASN469 | GLY462,2,2.88 | 2.97,GLY509 | GLY509 | GLY462,3,3.74 | 3.37 | 3.53,,0,,GLY462 | GLY462 | ARG415 | ARG415,4,3.67 | 3.31 | 3.38 | 3.58,,0,,ARG415 | GLY462 | GLY462 | ARG415 | ARG415 | GLY509 | GLY462 | GLY462,8,3.90 | 3.84 | 3.50 | 3.76 | 3.86 | 3.65 | 3.76 | 3.71,ASN469,1,2.89,ASN469 | GLY509,2,3.85 | 3.72,GLY509,1,3.24,,0,,High Safety,High Safety,Low Toxicity,Low Toxicity,High Safety
CNP0601926.1,9,9,177,76,4,101,28,,0,,ARG415 | ARG415,2,3.85 | 3.53,ASN469,1,3.12,ARG415 | ARG415 | ARG415 | GLY509 | GLY462 | GLY462,6,3.60 | 3.76 | 3.80 | 3.88 | 3.82 | 3.77,,0,,GLY509 | GLY462,2,3.60 | 3.74,GLY509,1,2.84,ARG415 | GLY509 | GLY509,3,3.61 | 3.82 | 3.52,,0,,ARG415,1,3.73,,0,,GLY509 | GLY462 | GLY462,3,3.40 | 3.69 | 3.66,,0,,GLY509 | GLY462 | GLY462 | GLY603 | ALA556,5,3.69 | 3.72 | 3.60 | 3.78 | 3.79,,0,,ALA556,1,3.62,VAL467 | GLY509,2,2.74 | 2.84,VAL467 | VAL467 | ARG415 | GLY509 | GLY509,5,3.77 | 3.28 | 3.57 | 3.84 | 3.54,High Safety,High Safety,Low Toxicity,Low Toxicity,High Safety
CNP0103758.1,9,9,150,66,4,84,22,GLY509,1,2.83,ALA556 | GLY509 | GLY509 | VAL467,4,3.69 | 3.81 | 3.87 | 3.66,,0,,ALA556 | GLY605,2,3.60 | 3.59,GLY509,1,3.22,ALA556,1,3.67,GLY509,1,3.03,ALA556 | GLY509 | GLY462 | GLY605 | VAL467,5,3.73 | 3.81 | 3.89 | 3.79 | 3.75,,0,,ARG415,1,3.83,,0,,ALA556 | ALA556 | GLY605,3,3.84 | 3.74 | 3.58,,0,,GLY603 | VAL467 | GLY605,3,3.85 | 3.67 | 3.76,GLY509,1,3.05,ALA556,1,3.58,,0,,VAL467 | VAL467,2,3.84 | 3.72,High Safety,High Safety,Low Safety,Low Toxicity,High Safety
CNP0108140.0,9,9,209,73,4,136,15,,0,,VAL467 | GLY603 | ARG415 | GLY462 | ALA556,5,3.74 | 3.88 | 3.88 | 3.81 | 3.79,VAL467,1,3.13,GLY605,1,3.74,,0,,GLY603 | ALA556,2,3.78 | 3.72,VAL467,1,3.28,,0,,,0,,ARG415 | GLY462 | ALA556,3,3.64 | 3.63 | 3.74,,0,,GLY603 | ALA556,2,3.89 | 3.81,,0,,GLY605,1,3.77,VAL467,1,3.18,GLY605,1,3.71,VAL467,1,3.20,,0,,High Safety,High Safety,Low Toxicity,Low Toxicity,High Safety
CNP0413769.2,9,9,210,57,3,153,86,TYR572,1,2.93,TYR572 | TYR334 | TYR334 | ALA556 | TYR334 | TYR334 | TYR334 | TYR334 | TYR334 | TYR334 | SER363 | TYR334 | TYR334 | TYR334 | ALA556 | ARG415 | GLY603 | ALA556 | ALA556 | ALA556 | ALA556 | GLY462 | ARG415 | ARG415 | ALA556 | ARG415 | ARG415 | GLY605,28,3.84 | 3.89 | 3.77 | 3.23 | 3.88 | 3.23 | 3.59 | 3.84 | 3.80 | 3.84 | 3.72 | 3.74 | 3.71 | 3.86 | 3.79 | 3.89 | 3.74 | 3.89 | 3.59 | 3.89 | 3.77 | 3.77 | 3.83 | 3.90 | 3.76 | 3.83 | 3.68 | 3.65,SER555,1,3.04,GLY462 | ARG415 | ALA556 | ALA556 | ALA556 | GLY462 | GLY462 | ARG415 | ARG415 | ARG415 | GLY603 | GLY509 | GLY509,13,3.84 | 3.71 | 3.18 | 3.72 | 3.25 | 3.85 | 3.48 | 3.89 | 3.61 | 3.83 | 3.51 | 3.53 | 3.08,,0,,GLY603 | GLY603 | GLY462 | GLY462,4,3.83 | 3.76 | 3.58 | 3.71,,0,,VAL467 | VAL467 | VAL467 | VAL467 | VAL467 | GLY603 | ALA556 | GLY509 | GLY462 | GLY509 | ALA556 | ARG415 | ARG415 | GLY603 | GLY603,15,3.88 | 3.37 | 3.79 | 3.86 | 3.76 | 3.59 | 3.75 | 3.10 | 3.56 | 3.65 | 3.21 | 3.69 | 3.31 | 3.47 | 3.49,,0,,VAL467 | GLY603 | GLY603 | GLY462 | GLY462,5,3.75 | 3.83 | 3.82 | 3.66 | 3.76,,0,,GLY603 | GLY603 | GLY462 | GLY462,4,3.83 | 3.74 | 3.62 | 3.78,,0,,GLY603 | GLY603 | GLY462 | GLY462,4,3.82 | 3.74 | 3.60 | 3.74,GLY509,1,3.02,GLY462 | GLY462 | ARG415 | ARG415 | ARG415 | ALA556 | ALA556 | ALA556 | GLY605,9,3.82 | 3.30 | 3.75 | 3.47 | 3.46 | 3.60 | 3.31 | 3.75 | 3.72,,0,,GLY603 | GLY603 | GLY462 | GLY462,4,3.86 | 3.86 | 3.67 | 3.83,High Safety,High Safety,Low Toxicity,Low Toxicity,High Safety
CNP0156536.1,9,9,195,34,3,161,80,,0,,GLY603 | ALA556 | ALA556 | ALA556 | ARG415 | ALA556 | GLY509 | GLY509 | GLY462 | ARG415 | GLY603 | GLY603 | ALA556,13,3.60 | 3.71 | 3.52 | 3.66 | 3.67 | 3.85 | 3.75 | 3.87 | 3.33 | 3.86 | 3.81 | 3.82 | 3.74,ASN382 | ASN382,2,2.80 | 3.11,TYR334 | GLY603 | ALA556 | ARG415 | ARG415 | ALA556 | SER363 | SER363 | ALA556 | ARG415 | GLY462 | ARG415,12,3.83 | 3.10 | 3.64 | 3.60 | 3.76 | 3.56 | 3.58 | 3.68 | 3.82 | 3.52 | 3.80 | 3.84,,0,,ALA556 | ALA556 | ALA556 | ARG415 | ALA556 | GLY509 | GLY462 | ARG415 | ARG415 | ARG415 | GLY462 | GLY462,12,3.86 | 3.45 | 3.77 | 3.72 | 3.75 | 3.86 | 3.70 | 3.36 | 3.55 | 3.76 | 3.60 | 3.79,ASN469,1,2.97,VAL467 | VAL467 | VAL467 | ARG415 | ALA556 | ALA556 | GLY509 | GLY509,8,3.63 | 3.84 | 3.84 | 3.69 | 3.74 | 3.83 | 3.69 | 3.51,,0,,GLY509 | GLY462 | ALA556 | ALA556 | GLY509 | GLY509 | GLY605 | GLY462 | ARG415 | ARG415 | GLY462,11,3.81 | 3.78 | 3.84 | 3.43 | 3.72 | 3.81 | 3.85 | 3.70 | 3.46 | 3.50 | 3.67,,0,,ALA556 | ARG415 | ALA556 | ALA556 | GLY509 | GLY509 | ARG415,7,3.66 | 3.78 | 3.70 | 3.64 | 3.76 | 3.74 | 3.63,,0,,ALA556 | ARG415 | ALA556 | ALA556 | GLY509 | GLY509 | ARG415 | ARG415,8,3.88 | 3.69 | 3.77 | 3.45 | 3.70 | 3.65 | 3.64 | 3.36,,0,,ALA556 | ALA556 | ALA556 | GLY509 | GLY509,5,3.67 | 3.76 | 3.89 | 3.65 | 3.47,,0,,ARG415 | ALA556 | GLY509 | GLY509,4,3.69 | 3.83 | 3.65 | 3.47,Medium Safety,High Safety,Low Toxicity,Low Toxicity,High Safety
CNP0155820.2,9,9,199,72,3,127,64,,0,,ALA556 | GLY509 | GLY462 | ALA556 | ARG415 | ARG415 | ALA556 | GLY509 | GLY509 | ARG415 | ARG415 | ARG415 | GLY462,13,3.76 | 3.80 | 3.51 | 3.73 | 3.70 | 3.69 | 3.23 | 3.76 | 3.49 | 3.88 | 3.83 | 3.33 | 3.87,,0,,GLY462 | GLY462 | ARG415 | ARG415,4,3.71 | 3.44 | 3.66 | 3.87,,0,,ARG415 | ARG415,2,3.83 | 3.71,VAL467,1,3.08,ALA556 | ARG415 | ARG415 | GLY462 | ARG415 | ALA556 | ARG415 | ARG415 | ALA556 | GLY509 | GLY509 | ARG415 | ARG415,13,3.85 | 3.80 | 3.78 | 3.49 | 3.79 | 3.79 | 3.68 | 3.63 | 3.38 | 3.70 | 3.40 | 3.85 | 3.61,,0,,GLY603 | GLY603,2,3.76 | 3.58,,0,,ALA556 | GLY509 | GLY462 | GLY603 | ALA556 | GLY509 | GLY509 | GLY603,8,3.53 | 3.82 | 3.68 | 3.76 | 3.71 | 3.78 | 3.51 | 3.76,GLY462,1,3.09,GLY509 | GLY509 | GLY462 | GLY462,4,3.88 | 3.39 | 3.59 | 3.86,VAL467,1,2.80,GLY603 | GLY603,2,3.68 | 3.49,,0,,GLY509 | GLY509 | GLY462 | ALA556 | ALA556 | ALA556 | ARG415 | GLY462 | ARG415 | ARG415 | ALA556 | ARG415 | ALA556 | ARG415 | ARG415 | ARG415,16,3.76 | 3.53 | 3.67 | 2.93 | 3.63 | 3.69 | 3.82 | 3.83 | 3.77 | 3.71 | 3.59 | 3.65 | 3.89 | 3.62 | 3.16 | 3.87,Medium Safety,High Safety,Low Safety,Low Toxicity,High Safety
CNP0086353.1,9,9,245,120,3,125,49,,0,,GLY603 | GLY603 | GLY462 | GLY462 | VAL467 | VAL467 | VAL467 | VAL467 | VAL467 | VAL467,10,3.81 | 3.81 | 3.50 | 3.48 | 3.51 | 3.67 | 3.46 | 3.89 | 3.16 | 3.82,,0,,GLY509 | GLY462 | VAL467 | VAL467 | VAL467 | VAL467,6,3.67 | 3.65 | 3.84 | 3.89 | 3.76 | 3.24,,0,,ALA556 | ALA556 | GLY509 | GLY509,4,3.82 | 3.50 | 3.56 | 3.82,ASN469 | VAL467,2,3.29 | 2.85,ALA556 | ALA556 | GLY509 | GLY509 | ASN469,5,3.77 | 3.47 | 3.57 | 3.85 | 3.88,,0,,GLY603 | GLY603 | GLY462 | GLY462,4,3.66 | 3.59 | 3.73 | 3.80,,0,,GLY603 | GLY603 | GLY462 | GLY462 | VAL467 | VAL467,6,3.65 | 3.60 | 3.77 | 3.84 | 3.87 | 3.40,VAL467,1,3.24,GLY603 | GLY603 | GLY462 | GLY462 | ASN469 | ASN469 | ASN469,7,3.67 | 3.54 | 3.72 | 3.79 | 3.79 | 3.84 | 3.38,,0,,GLY603 | GLY603 | GLY462 | GLY462,4,3.67 | 3.64 | 3.73 | 3.79,,0,,ALA556 | ALA556 | GLY509,3,3.90 | 3.61 | 3.63,High Safety,High Safety,Low Safety,Low Toxicity,High Safety
CNP0116318.2,9,9,230,110,3,120,49,GLY509,1,3.24,ALA556 | GLY509 | GLY509,3,3.61 | 3.76 | 3.85,GLY509,1,2.80,ARG415,1,3.88,,0,,GLY603 | GLY603 | GLY462 | ALA556 | GLY605,5,3.81 | 3.72 | 3.70 | 3.83 | 3.87,,0,,VAL467,1,3.72,GLY509,1,2.99,VAL467,1,3.85,,0,,GLY603 | ALA556 | ALA556 | ALA556,4,3.85 | 3.59 | 3.61 | 3.86,,0,,ALA556 | ARG415 | GLY509 | GLY462 | GLY603 | ALA556 | ALA556 | ALA556 | ALA556 | GLY509 | GLY509 | GLY462 | GLY462,13,3.63 | 3.68 | 3.77 | 3.66 | 3.79 | 3.45 | 3.84 | 3.86 | 3.86 | 3.74 | 3.19 | 3.62 | 3.81,,0,,ALA556 | ARG415 | GLY509 | GLY462 | ARG415 | ARG415 | ALA556 | ALA556 | ARG415 | ARG415,10,3.60 | 3.74 | 3.76 | 3.73 | 3.61 | 3.82 | 3.61 | 3.31 | 3.77 | 3.35,,0,,ALA556 | ARG415 | ALA556 | GLY509 | ARG415 | GLY603 | GLY462 | GLY462 | ARG415 | ARG415 | ARG415,11,3.67 | 3.66 | 3.74 | 3.55 | 3.59 | 3.55 | 3.83 | 3.35 | 3.82 | 3.45 | 3.49,High Safety,High Safety,Low Toxicity,Low Toxicity,High Safety
CNP0106801.2,9,9,168,65,3,103,34,GLY509,1,3.01,GLY509 | GLY509,2,3.79 | 3.80,,0,,GLY462 | GLY462 | GLY603,3,3.45 | 3.66 | 3.76,,0,,GLY509 | GLY509 | GLY462 | VAL467,4,3.62 | 3.27 | 3.83 | 3.87,,0,,GLY462 | ARG415 | ARG415 | ARG415,4,3.56 | 3.83 | 3.83 | 3.63,GLY509,1,2.99,GLY509 | GLY509,2,3.76 | 3.78,,0,,GLY462 | ARG415 | ARG415,3,3.21 | 3.77 | 3.86,GLY509,1,3.11,ALA556 | ALA556 | GLY509 | VAL467,4,3.83 | 3.49 | 3.79 | 3.78,,0,,ARG415 | ARG415 | ASN469 | VAL467 | VAL467 | VAL467 | VAL467 | VAL467,8,3.39 | 3.41 | 3.88 | 3.74 | 3.82 | 3.72 | 3.56 | 3.79,,0,,VAL467 | VAL467 | VAL467 | VAL467,4,3.75 | 3.60 | 3.66 | 3.78,Medium Safety,High Safety,Low Safety,Low Toxicity,High Safety
CNP0409471.1,9,9,210,101,3,109,25,,0,,ARG415,1,3.60,VAL467,1,3.20,,0,,,0,,VAL467 | VAL467 | GLY509 | GLY462 | GLY462,5,3.90 | 3.85 | 3.66 | 3.71 | 3.82,,0,,GLY509 | GLY462,2,3.74 | 3.72,,0,,ASN469 | VAL467 | VAL467 | GLY509 | GLY462 | GLY462,6,3.63 | 3.69 | 3.74 | 3.61 | 3.61 | 3.73,VAL467,1,3.18,GLY603,1,3.81,VAL467,1,3.15,VAL467 | VAL467 | VAL467 | VAL467 | GLY603,5,3.76 | 3.85 | 3.74 | 3.80 | 3.86,,0,,VAL467 | GLY603,2,3.87 | 3.81,,0,,GLY509 | GLY462 | GLY462,3,3.61 | 3.66 | 3.79,High Safety,High Safety,Low Safety,Low Toxicity,High Safety
CNP0205219.3,9,9,223,64,2,159,83,,0,,GLY603 | GLY603 | VAL467 | VAL467 | VAL467 | VAL467,6,3.78 | 3.55 | 3.74 | 3.61 | 3.58 | 3.88,,0,,ARG415 | GLY603,2,3.84 | 3.87,GLY509,1,2.76,GLY509 | ARG415 | GLY603 | ARG415 | ARG415 | ARG415 | ALA556 | ALA556 | ALA556 | TYR572 | ALA556 | ALA556 | ALA556 | GLY603,14,3.60 | 3.19 | 3.86 | 3.83 | 3.89 | 3.67 | 3.57 | 3.51 | 3.52 | 3.47 | 3.41 | 3.61 | 3.46 | 3.74,,0,,GLY462 | ARG415 | VAL467,3,3.81 | 3.83 | 3.52,,0,,GLY509 | GLY462 | GLY462 | GLY509 | GLY509,5,3.39 | 3.61 | 3.77 | 3.89 | 3.51,,0,,GLY605 | GLY509 | ARG415 | GLY603 | ALA556 | ARG415 | ARG415 | GLY603 | ALA556 | ALA556 | ALA556 | TYR334 | TYR334 | TYR334 | TYR334 | TYR572 | TYR572 | GLY603 | ALA556 | ALA556 | ALA556 | GLY603,22,3.84 | 3.61 | 3.60 | 3.38 | 3.81 | 3.74 | 3.52 | 3.57 | 3.50 | 3.20 | 3.80 | 3.56 | 3.84 | 3.76 | 3.87 | 3.69 | 3.75 | 3.70 | 3.58 | 3.68 | 3.51 | 3.78,,0,,GLY509 | GLY509 | GLY462,3,3.80 | 3.46 | 3.35,VAL467,1,2.85,ARG415 | GLY603 | ALA556 | ALA556 | GLY462 | ARG415 | ARG415 | ARG415,8,3.51 | 3.77 | 3.81 | 3.81 | 3.42 | 3.83 | 3.70 | 3.83,,0,,GLY603 | GLY603 | ALA556 | ARG415 | ARG415 | ARG415 | GLY509 | GLY462 | ALA556 | GLY509 | GLY509 | TYR572 | TYR572 | TYR572 | GLY509 | GLY462 | GLY603 | GLY462 | GLY462 | GLY462,20,3.48 | 3.16 | 3.84 | 3.04 | 3.70 | 3.34 | 3.08 | 3.60 | 3.60 | 3.89 | 3.81 | 3.89 | 3.74 | 3.29 | 3.29 | 3.78 | 3.87 | 3.89 | 3.88 | 3.79,High Safety,High Safety,Low Toxicity,Low Toxicity,High Safety
CNP0165424.1,9,9,262,72,2,190,78,,0,,ALA556 | ARG415 | GLY509 | GLY462 | GLY603 | ALA556 | ALA556 | ALA556 | GLY509 | GLY509,10,3.88 | 3.74 | 3.85 | 3.49 | 3.67 | 3.53 | 3.68 | 3.87 | 3.66 | 3.68,VAL467,1,3.25,GLY509 | GLY462 | ARG415 | ALA556 | ALA556 | ARG415 | GLY603 | ALA556 | GLY603 | GLY605,10,3.41 | 3.74 | 3.66 | 3.69 | 3.56 | 3.57 | 3.85 | 3.74 | 3.61 | 3.77,,0,,ARG415 | GLY509 | GLY462 | GLY603 | ALA556 | ALA556 | GLY509 | GLY509,8,3.72 | 3.88 | 3.43 | 3.72 | 3.55 | 3.69 | 3.67 | 3.68,,0,,ALA556 | ARG415 | GLY509 | GLY462 | GLY603 | ALA556 | ALA556 | ALA556 | GLY509 | GLY509,10,3.87 | 3.73 | 3.88 | 3.49 | 3.67 | 3.51 | 3.67 | 3.87 | 3.66 | 3.67,,0,,ALA556 | ALA556 | GLY603 | ARG415 | ALA556 | ALA556 | GLY603 | ALA556,8,3.58 | 3.87 | 3.85 | 3.80 | 3.79 | 3.61 | 3.82 | 3.84,,0,,ARG415 | GLY603 | ALA556 | GLY509 | ALA556 | GLY509 | GLY509,7,3.84 | 3.58 | 3.83 | 3.54 | 3.82 | 3.73 | 3.87,,0,,GLY603 | ALA556 | ALA556 | GLY603 | ARG415 | ALA556 | GLY509 | ARG415 | ARG415 | ARG415,10,3.83 | 3.40 | 3.85 | 3.65 | 3.86 | 3.65 | 3.79 | 3.83 | 3.58 | 3.30,VAL467,1,2.89,ARG415 | GLY603 | ALA556 | GLY509 | GLY462 | ALA556 | GLY509 | GLY509,8,3.71 | 3.61 | 3.83 | 3.47 | 3.88 | 3.75 | 3.58 | 3.63,,0,,ALA556 | GLY462 | GLY603 | ALA556 | ALA556 | GLY509 | GLY509,7,3.89 | 3.58 | 3.66 | 3.65 | 3.71 | 3.79 | 3.90,High Safety,High Safety,Low Toxicity,Low Toxicity,High Safety
CNP0158365.1,9,9,224,70,2,154,76,,0,,ALA556 | ARG415 | GLY509 | ALA556 | ARG415 | ARG415 | ALA556 | ALA556 | ARG415 | ARG415,10,3.50 | 3.85 | 3.72 | 3.90 | 3.61 | 3.84 | 3.60 | 3.28 | 3.68 | 3.25,,0,,ALA556 | ALA556 | ARG415 | GLY509 | GLY462 | ALA556 | ALA556 | ARG415 | ARG415 | GLY605,10,3.74 | 3.77 | 3.67 | 3.42 | 3.57 | 3.70 | 3.37 | 3.64 | 3.24 | 3.85,,0,,ARG415 | GLY603 | ALA556 | GLY509 | GLY462 | ALA556 | ALA556 | GLY509 | GLY509 | VAL467 | VAL467,11,3.72 | 3.79 | 3.87 | 3.38 | 3.79 | 3.87 | 3.69 | 3.57 | 3.79 | 3.62 | 3.42,,0,,ALA556 | ARG415 | GLY509 | GLY462 | GLY603 | ALA556 | GLY509 | GLY509 | GLY462,9,3.69 | 3.73 | 3.78 | 3.69 | 3.69 | 3.66 | 3.77 | 3.35 | 3.81,VAL467,1,3.05,ALA556 | ARG415 | GLY509 | GLY462 | GLY603 | ALA556 | ALA556 | ALA556 | GLY509 | GLY509 | GLY462 | VAL467 | VAL467,13,3.65 | 3.71 | 3.72 | 3.64 | 3.75 | 3.57 | 3.88 | 3.89 | 3.77 | 3.33 | 3.76 | 3.72 | 3.58,GLY509,1,3.34,GLY605,1,3.76,,0,,VAL467 | GLY605,2,3.82 | 3.74,,0,,ALA556 | ARG415 | GLY509 | GLY462 | ARG415 | ARG415 | ALA556 | ALA556 | ARG415 | ARG415,10,3.62 | 3.69 | 3.80 | 3.64 | 3.66 | 3.86 | 3.61 | 3.29 | 3.83 | 3.48,,0,,ARG415 | ALA556 | ALA556 | GLY509 | GLY462 | GLY509 | GLY509 | GLY509 | GLY509 | GLY462,10,3.77 | 3.49 | 3.84 | 3.36 | 3.60 | 3.88 | 3.83 | 3.70 | 3.24 | 3.58,High Safety,High Safety,Low Toxicity,Low Toxicity,High Safety
CNP0189659.1,9,9,212,49,2,163,67,VAL467,1,3.00,ALA556 | ARG415 | GLY603 | ALA556 | ALA556 | GLY509 | GLY462 | GLY462 | ALA556 | GLY509 | GLY509 | VAL467,12,3.79 | 3.67 | 3.75 | 3.61 | 3.66 | 3.81 | 3.78 | 3.81 | 3.53 | 3.63 | 3.73 | 3.84,,0,,GLY603 | ARG415 | ALA556 | GLY603 | ALA556 | GLY462 | GLY462 | ALA556 | ALA556 | GLY509 | GLY509,11,3.88 | 3.64 | 3.77 | 3.38 | 3.84 | 3.83 | 3.79 | 3.87 | 3.41 | 3.60 | 3.68,,0,,VAL467 | VAL467 | GLY603 | ARG415,4,3.86 | 3.62 | 3.74 | 3.77,ASN469,1,3.17,VAL467 | VAL467 | VAL467,3,3.55 | 3.78 | 3.39,,0,,ALA556 | ARG415 | GLY603 | ALA556 | ALA556 | GLY462 | GLY462 | ALA556 | ALA556 | GLY509 | GLY509,11,3.75 | 3.59 | 3.59 | 3.52 | 3.70 | 3.66 | 3.55 | 3.87 | 3.36 | 3.62 | 3.62,,0,,VAL467 | VAL467 | ALA556,3,3.65 | 3.61 | 3.65,,0,,ALA556 | ARG415 | GLY509 | GLY462 | ARG415 | GLY603 | ALA556 | ALA556 | ALA556 | ARG415 | ARG415 | GLY605 | GLY605,13,3.80 | 3.84 | 2.93 | 3.41 | 3.51 | 3.74 | 3.73 | 3.47 | 3.30 | 3.71 | 3.34 | 3.79 | 3.75,,0,,GLY509 | GLY462 | GLY462 | GLY462 | ARG415 | ARG415 | GLY509 | GLY605,8,3.63 | 3.90 | 3.66 | 3.68 | 3.78 | 3.82 | 3.76 | 3.46,,0,,VAL467 | GLY509,2,3.63 | 3.73,High Safety,High Safety,Low Toxicity,Low Toxicity,High Safety
CNP0376228.1,9,9,205,40,2,165,63,,0,,ALA556 | GLY509 | GLY462 | ARG415 | ARG415 | GLY509 | GLY462 | GLY462,8,3.88 | 3.64 | 3.67 | 3.82 | 3.88 | 3.63 | 3.88 | 3.74,,0,,VAL467 | GLY509 | GLY509 | GLY462 | GLY603 | ALA556 | ALA556 | ALA556,8,3.79 | 3.82 | 3.64 | 3.85 | 3.53 | 3.81 | 3.82 | 3.56,,0,,VAL467 | VAL467 | ALA556 | GLY509 | GLY462 | ARG415 | ARG415 | GLY509 | GLY509 | GLY462 | GLY462,11,3.43 | 3.78 | 3.83 | 3.40 | 3.54 | 3.64 | 3.67 | 3.72 | 3.62 | 3.68 | 3.46,,0,,GLY509 | GLY509 | GLY603 | ALA556 | ALA556 | ALA556,6,3.83 | 3.64 | 3.47 | 3.81 | 3.78 | 3.56,,0,,GLY509 | GLY509 | GLY603 | ALA556 | ALA556 | ALA556,6,3.85 | 3.68 | 3.57 | 3.75 | 3.88 | 3.54,,0,,GLY603 | GLY462 | GLY462 | GLY605 | GLY605,5,3.55 | 3.48 | 3.60 | 3.89 | 3.62,GLY462,1,3.08,VAL467 | ALA556 | ALA556 | GLY462 | ARG415 | ARG415 | ARG415 | GLY462 | GLY462 | GLY509 | GLY462,11,3.74 | 3.71 | 3.90 | 3.78 | 3.77 | 3.68 | 3.46 | 3.86 | 3.82 | 3.45 | 3.80,,0,,GLY509 | GLY603 | ALA556 | ALA556,4,3.89 | 3.49 | 3.80 | 3.68,ASN469,1,3.21,ARG415 | ALA556 | GLY509 | GLY509,4,3.64 | 3.82 | 3.59 | 3.28,High Safety,High Safety,Low Toxicity,Low Toxicity,High Safety
CNP0195108.1,9,9,238,43,2,195,61,,0,,GLY462 | GLY462 | ARG415 | ARG415 | ARG415 | ARG415,6,3.73 | 3.47 | 3.65 | 3.87 | 3.70 | 3.41,,0,,GLY462 | ALA556 | GLY509 | GLY509,4,3.77 | 3.86 | 3.77 | 3.54,,0,,GLY603 | ALA556 | ARG415 | ARG415 | ALA556 | GLY509 | GLY509 | ARG415 | GLY509 | GLY462 | ALA556 | ARG415 | ALA556 | ALA556 | ARG415,15,3.27 | 3.83 | 3.28 | 3.67 | 3.59 | 3.54 | 2.82 | 3.70 | 3.43 | 3.87 | 3.49 | 3.85 | 3.50 | 3.12 | 3.32,,0,,GLY462 | ALA556 | ARG415 | ARG415 | GLY603 | ALA556 | ALA556 | ARG415 | ARG415 | ARG415,10,3.87 | 3.63 | 3.72 | 3.65 | 3.62 | 3.67 | 3.56 | 3.63 | 3.62 | 3.25,,0,,GLY462 | GLY462 | ARG415 | ARG415 | ARG415 | ARG415 | ARG415,7,3.65 | 3.37 | 3.63 | 3.85 | 3.85 | 3.66 | 3.35,,0,,GLY462 | GLY462 | ARG415 | ARG415 | ARG415 | ARG415,6,3.65 | 3.15 | 3.84 | 3.72 | 3.62 | 3.38,,0,,ALA556 | ALA556 | GLY509,3,3.81 | 3.76 | 3.80,,0,,GLY462 | GLY462 | ARG415,3,3.61 | 3.48 | 3.69,VAL467 | VAL467,2,2.92 | 2.80,VAL467 | GLY462 | GLY462 | ARG415 | ARG415 | ARG415 | ARG415,7,3.66 | 3.70 | 3.45 | 3.61 | 3.86 | 3.66 | 3.38,High Safety,High Safety,Low Toxicity,Low Toxicity,High Safety
CNP0204684.1,9,9,223,76,2,147,57,,0,,ALA556 | ARG415 | ALA556 | ALA556 | GLY509 | ALA556 | ALA556 | GLY509 | GLY462 | GLY462 | ARG415 | ARG415 | GLY605,13,3.62 | 3.82 | 3.57 | 3.76 | 3.58 | 3.87 | 3.51 | 3.86 | 3.77 | 3.88 | 3.46 | 3.70 | 3.52,ARG415,1,2.94,ALA556 | ARG415 | ALA556 | ALA556 | GLY509 | ALA556 | ALA556 | GLY462 | GLY462 | ARG415 | ARG415 | GLY605,12,3.60 | 3.83 | 3.59 | 3.80 | 3.61 | 3.90 | 3.52 | 3.72 | 3.80 | 3.37 | 3.58 | 3.46,GLY509,1,3.07,ARG415 | GLY603 | GLY509 | ALA556 | ALA556 | ALA556 | GLY509,7,3.73 | 3.72 | 3.47 | 3.73 | 3.87 | 3.67 | 3.69,,0,,GLY509 | GLY462,2,3.80 | 3.74,,0,,ALA556 | ALA556 | GLY509 | ALA556 | GLY509 | GLY462 | GLY509 | GLY462 | ARG415 | ARG415 | ARG415,11,3.43 | 3.77 | 3.67 | 3.84 | 3.37 | 3.49 | 3.68 | 3.74 | 3.87 | 3.76 | 3.78,,0,,ARG415 | ARG415,2,3.85 | 3.69,,0,,GLY509 | GLY509 | GLY462,3,3.90 | 3.58 | 3.59,,0,,GLY462 | GLY462 | ARG415,3,3.71 | 3.67 | 3.67,,0,,VAL467 | GLY603 | ALA556 | ALA556,4,3.52 | 3.68 | 3.55 | 3.75,High Safety,High Safety,Low Toxicity,Low Toxicity,High Safety
CNP0417684.2,9,9,186,33,2,153,45,,0,,VAL467 | GLY462 | GLY603 | GLY603 | ALA556 | ALA556,6,3.58 | 3.84 | 3.63 | 3.28 | 3.39 | 3.72,,0,,VAL467 | GLY603 | GLY509 | GLY509 | GLY462 | GLY462 | GLY603 | GLY603,8,3.66 | 3.47 | 3.65 | 3.18 | 3.39 | 3.79 | 3.75 | 3.89,,0,,GLY509 | GLY509 | GLY462 | GLY603 | GLY603 | ALA556,6,3.77 | 3.53 | 3.68 | 3.66 | 3.50 | 3.73,VAL467,1,2.96,GLY509 | GLY509 | GLY462 | GLY603 | GLY603 | ALA556,6,3.73 | 3.50 | 3.63 | 3.69 | 3.54 | 3.76,,0,,GLY603 | GLY603 | ALA556 | GLY462 | GLY462 | ARG415 | ARG415 | ALA556 | ALA556,9,3.67 | 3.50 | 3.72 | 3.46 | 3.28 | 3.26 | 3.72 | 3.84 | 3.38,,0,,GLY462 | GLY603 | GLY603 | ALA556 | ALA556,5,3.86 | 3.66 | 3.39 | 3.55 | 3.89,,0,,ARG415 | ARG415,2,3.65 | 3.47,,0,,GLY605,1,3.51,VAL467,1,2.89,GLY605 | GLY605,2,3.86 | 3.80,High Safety,High Safety,Low Toxicity,Low Toxicity,High Safety
CNP0076125.1,9,9,190,71,2,119,39,,0,,GLY603 | GLY603 | GLY462 | GLY462,4,3.64 | 3.64 | 3.82 | 3.88,,0,,GLY603 | GLY603 | GLY462 | GLY462,4,3.72 | 3.76 | 3.75 | 3.81,,0,,GLY509 | GLY509 | GLY462 | VAL467 | VAL467 | VAL467,6,3.77 | 3.67 | 3.70 | 3.54 | 3.73 | 3.73,,0,,GLY462 | GLY462 | ARG415 | ALA556 | ALA556,5,3.54 | 3.51 | 3.75 | 3.82 | 3.63,,0,,GLY603 | GLY603 | GLY462 | GLY462,4,3.77 | 3.83 | 3.66 | 3.71,,0,,GLY462 | GLY509 | GLY509,3,3.73 | 3.55 | 3.32,GLY509,1,3.32,ARG415 | ARG415 | GLY509 | GLY509 | GLY605 | VAL467,6,3.81 | 3.73 | 3.79 | 3.46 | 3.77 | 3.85,ASN469,1,3.01,VAL467 | GLY462 | GLY509 | GLY509,4,3.60 | 3.70 | 3.86 | 3.53,,0,,GLY509 | GLY509 | GLY462,3,3.75 | 3.36 | 3.82,High Safety,High Safety,Low Toxicity,Low Toxicity,High Safety
CNP0158529.1,9,9,195,87,2,108,36,,0,,GLY462 | ARG415 | GLY509 | GLY462,4,3.75 | 3.88 | 3.71 | 3.90,,0,,GLY462 | ARG415 | GLY509 | GLY462 | GLY462,5,3.72 | 3.89 | 3.69 | 3.88 | 3.87,,0,,GLY462 | ARG415 | GLY509 | GLY462 | GLY462,5,3.69 | 3.83 | 3.68 | 3.83 | 3.78,,0,,GLY462 | ARG415 | GLY509 | GLY462 | GLY462 | VAL467 | VAL467,7,3.72 | 3.89 | 3.66 | 3.82 | 3.81 | 3.74 | 3.45,,0,,GLY509,1,3.73,,0,,GLY603 | GLY603 | ALA556 | ALA556,4,3.65 | 3.17 | 3.57 | 3.66,VAL467,1,2.86,GLY462 | GLY462,2,3.51 | 3.57,GLY509,1,3.21,GLY603 | GLY603 | ALA556 | GLY509 | GLY509 | VAL467,6,3.64 | 3.30 | 3.85 | 3.61 | 3.66 | 3.45,,0,,GLY462 | GLY462,2,3.62 | 3.81,High Safety,High Safety,Low Toxicity,Low Toxicity,High Safety
CNP0087291.1,9,9,223,114,2,109,35,,0,,ALA556 | ALA556 | GLY509,3,3.87 | 3.76 | 3.67,,0,,ALA556 | ALA556 | GLY509,3,3.90 | 3.79 | 3.68,,0,,ALA556 | GLY509 | VAL467,3,3.78 | 3.41 | 3.56,,0,,ARG415,1,3.78,GLY509,1,3.25,GLY603 | ALA556 | ALA556 | ALA556 | VAL467 | VAL467,6,3.69 | 3.39 | 3.89 | 3.72 | 3.64 | 3.79,GLY509,1,2.86,GLY462 | GLY462 | ARG415 | ARG415 | GLY509,5,3.68 | 3.40 | 3.58 | 3.80 | 3.74,,0,,ALA556 | ALA556 | GLY509 | VAL467 | VAL467,5,3.85 | 3.71 | 3.56 | 3.41 | 3.85,,0,,GLY603 | GLY603 | ALA556 | ALA556 | VAL467,5,3.87 | 3.43 | 3.57 | 3.68 | 3.47,,0,,ALA556 | GLY509 | VAL467 | VAL467,4,3.78 | 3.60 | 3.34 | 3.86,High Safety,High Safety,Low Toxicity,Low Toxicity,High Safety
CNP0413252.4,9,9,219,43,2,176,34,,0,,GLY603 | ALA556 | ALA556 | ALA556 | GLY462 | GLY462,6,3.54 | 3.18 | 3.75 | 3.17 | 3.56 | 3.51,VAL467 | ASN469,2,2.98 | 3.08,GLY603 | ALA556 | ALA556 | ALA556 | GLY462 | GLY462 | VAL467,7,3.67 | 3.35 | 3.82 | 3.27 | 3.54 | 3.58 | 3.63,,0,,ARG415 | ARG415 | GLY509 | GLY509,4,3.84 | 3.60 | 3.60 | 3.66,,0,,VAL467,1,3.83,,0,,ARG415 | ARG415,2,3.78 | 3.62,,0,,VAL467 | GLY605,2,3.53 | 3.52,,0,,ARG415 | ARG415 | GLY605,3,3.86 | 3.60 | 3.48,,0,,GLY603 | ALA556 | ALA556,3,3.84 | 3.55 | 3.58,,0,,GLY603 | GLY603 | GLY509 | GLY509 | GLY462 | GLY605,6,3.54 | 3.46 | 3.73 | 3.67 | 3.79 | 3.85,Medium Safety,High Safety,Low Toxicity,Low Toxicity,High Safety
CNP0167093.4,9,9,181,77,2,104,33,,0,,ARG415 | VAL467 | VAL467 | VAL467,4,3.81 | 3.83 | 3.79 | 3.64,,0,,ARG415 | VAL467,2,3.87 | 3.75,,0,,ARG415,1,3.77,,0,,ARG415,1,3.81,ASN469,1,3.29,GLY509 | GLY509 | GLY462 | VAL467,4,3.80 | 3.58 | 3.66 | 3.45,ALA556,1,3.25,GLY603 | GLY603 | ALA556,3,3.74 | 3.42 | 3.69,,0,,GLY603 | ARG415 | GLY603 | GLY509 | GLY509 | GLY462 | GLY462,7,3.89 | 3.71 | 3.58 | 3.65 | 3.11 | 3.68 | 3.86,,0,,GLY509 | GLY462,2,3.69 | 3.76,,0,,GLY603 | ARG415 | ARG415 | ALA556 | ARG415 | GLY603 | ALA556 | ARG415 | ALA556,9,3.50 | 3.52 | 3.54 | 3.78 | 3.85 | 3.63 | 3.72 | 3.70 | 3.56,High Safety,High Safety,Low Safety,Low Toxicity,High Safety
CNP0172930.1,9,9,248,134,2,114,33,,0,,ASN469 | GLY509 | GLY509 | GLY509 | ALA556,5,3.75 | 3.89 | 3.59 | 3.62 | 3.71,,0,,ALA556 | ALA556 | GLY509 | GLY509 | ALA556,5,3.88 | 3.74 | 3.61 | 3.66 | 3.60,,0,,VAL467 | VAL467 | VAL467 | ALA556 | GLY509,5,3.83 | 3.71 | 3.58 | 3.70 | 3.84,VAL467,1,3.17,VAL467 | GLY509 | GLY509,3,3.62 | 3.75 | 3.84,,0,,VAL467 | VAL467 | GLY509 | GLY509,4,3.34 | 3.81 | 3.79 | 3.87,,0,,GLY509 | GLY509 | GLY509 | ALA556,4,3.89 | 3.55 | 3.56 | 3.70,,0,,ALA556 | ALA556 | ALA556 | ALA556,4,3.87 | 3.86 | 3.83 | 3.78,,0,,GLY509 | GLY509,2,3.75 | 3.84,GLY509,1,2.82,ALA556,1,3.86,High Safety,High Safety,Low Safety,Low Toxicity,High Safety
CNP0197409.1,9,9,217,85,2,132,26,,0,,VAL467 | ARG415,2,3.46 | 3.90,,0,,VAL467 | VAL467,2,3.59 | 3.81,,0,,GLY462,1,3.83,,0,,VAL467 | ALA556 | ALA556 | ALA556 | GLY605,5,3.78 | 3.73 | 3.82 | 3.85 | 3.79,,0,,VAL467 | VAL467 | VAL467,3,3.10 | 3.53 | 3.81,,0,,GLY603 | GLY603 | GLY603 | GLY605,4,3.80 | 3.84 | 3.77 | 3.74,,0,,VAL467,1,3.62,VAL467 | VAL467,2,2.65 | 2.84,VAL467,1,3.68,,0,,VAL467 | VAL467 | VAL467 | GLY509 | GLY509 | GLY509 | GLY605,7,3.41 | 3.19 | 3.87 | 3.68 | 3.78 | 3.76 | 3.79,High Safety,High Safety,Low Safety,Low Toxicity,High Safety
CNP0140398.0,9,9,147,36,2,111,18,VAL467,1,2.95,ARG415 | ARG415 | ALA556,3,3.71 | 3.80 | 3.78,,0,,GLY462,1,3.71,,0,,GLY509 | GLY462,2,3.63 | 3.79,,0,,ARG415 | ALA556,2,3.79 | 3.72,,0,,GLY462 | VAL467 | VAL467,3,3.73 | 3.89 | 3.78,,0,,GLY509,1,3.83,,0,,VAL467 | VAL467,2,3.46 | 3.72,,0,,GLY509 | GLY509 | GLY462,3,3.86 | 3.44 | 3.83,ASN469,1,3.02,VAL467,1,3.83,High Safety,High Safety,Low Toxicity,Low Toxicity,High Safety
CNP0125430.0,9,9,286,52,1,234,110,ASN469,1,3.12,VAL467 | ALA556 | ALA556 | GLY603 | ALA556 | GLY509 | GLY509 | GLY462 | GLY462 | ARG415 | ARG415 | GLY462 | GLY462,13,3.67 | 3.47 | 3.76 | 3.83 | 3.51 | 3.75 | 3.80 | 3.90 | 3.57 | 3.41 | 3.48 | 3.64 | 3.79,,0,,GLY603 | ALA556 | ALA556 | GLY603 | ALA556 | GLY509 | GLY462 | ARG415 | ARG415 | GLY462 | GLY462,11,3.83 | 3.60 | 3.63 | 3.81 | 3.58 | 3.88 | 3.54 | 3.41 | 3.52 | 3.57 | 3.76,,0,,ALA556 | ARG415 | GLY509 | GLY462 | ARG415 | GLY462 | GLY462 | ARG415 | ARG415 | GLY603 | GLY603 | GLY603 | GLY603,13,3.50 | 3.78 | 3.62 | 3.63 | 3.84 | 3.69 | 3.36 | 3.38 | 3.62 | 3.77 | 3.16 | 3.72 | 3.73,,0,,GLY603 | ALA556 | ALA556 | GLY603 | ALA556 | GLY509 | GLY462 | ARG415 | ARG415 | GLY462 | GLY462,11,3.88 | 3.54 | 3.67 | 3.80 | 3.55 | 3.86 | 3.55 | 3.40 | 3.48 | 3.59 | 3.76,,0,,GLY509 | ALA556 | ARG415 | GLY509 | GLY462 | GLY462 | GLY462 | ARG415 | ARG415 | GLY603 | GLY603 | GLY603 | GLY603,13,3.81 | 3.59 | 3.70 | 3.47 | 3.67 | 3.79 | 3.53 | 3.42 | 3.72 | 3.76 | 3.22 | 3.77 | 3.84,,0,,GLY603 | ARG415 | ALA556 | GLY603 | ALA556 | ALA556 | ALA556 | GLY605 | ALA556 | GLY509 | GLY462 | GLY462 | GLY509 | GLY462,14,3.73 | 3.66 | 3.63 | 3.40 | 3.73 | 3.43 | 3.61 | 3.89 | 3.87 | 3.77 | 3.63 | 3.43 | 3.65 | 3.82,,0,,GLY509 | ALA556 | ARG415 | GLY509 | GLY462 | GLY462 | GLY462 | ARG415 | GLY603 | GLY603 | GLY603 | GLY603,12,3.47 | 3.58 | 3.74 | 3.28 | 3.35 | 3.76 | 3.62 | 3.60 | 3.88 | 3.32 | 3.79 | 3.83,,0,,ARG415 | GLY509 | GLY603 | ALA556 | ALA556 | GLY605 | GLY509 | GLY462 | GLY462,9,3.56 | 3.84 | 3.81 | 3.64 | 3.88 | 3.68 | 3.88 | 3.54 | 3.71,,0,,ALA556 | ALA556 | GLY509 | ALA556 | ALA556 | GLY509 | GLY509 | GLY462 | GLY462 | ARG415 | ARG415 | GLY462 | GLY462 | VAL467,14,3.33 | 3.69 | 3.74 | 3.85 | 3.58 | 3.67 | 3.75 | 3.88 | 3.59 | 3.45 | 3.51 | 3.71 | 3.86 | 3.68,High Safety,High Safety,Low Toxicity,Low Toxicity,High Safety
CNP0108851.1,9,9,223,65,1,158,77,,0,,VAL467 | VAL467 | GLY462 | GLY462 | ARG415 | ARG415 | GLY603 | GLY603,8,3.74 | 3.67 | 3.83 | 3.21 | 3.87 | 3.87 | 3.87 | 3.67,,0,,ALA556 | ALA556,2,3.86 | 3.42,,0,,ARG415 | ALA556 | GLY509 | GLY603 | ALA556 | ALA556 | ALA556 | ALA556 | GLY509 | GLY509,10,3.58 | 3.77 | 3.88 | 3.39 | 3.88 | 3.87 | 3.89 | 3.38 | 3.61 | 3.61,,0,,ALA556 | ARG415 | GLY509 | GLY603 | ALA556 | ALA556 | ALA556 | ALA556 | GLY509 | GLY509,10,3.87 | 3.62 | 3.87 | 3.37 | 3.84 | 3.87 | 3.85 | 3.39 | 3.53 | 3.54,,0,,ARG415 | ARG415 | GLY462 | ARG415 | ARG415 | ALA556 | ARG415 | ALA556 | GLY509 | GLY603 | GLY603 | GLY605,12,3.64 | 3.50 | 3.12 | 3.82 | 3.74 | 3.68 | 3.78 | 3.67 | 3.82 | 3.65 | 3.39 | 3.90,GLY509,1,3.14,GLY462 | ARG415 | ARG415 | ALA556 | ALA556,5,3.71 | 3.51 | 3.55 | 3.78 | 3.52,,0,,ALA556 | ARG415 | ALA556 | ALA556 | GLY603 | ALA556 | ALA556 | ALA556 | ALA556 | ALA556 | GLY509 | GLY509,12,3.85 | 3.68 | 3.74 | 3.90 | 3.30 | 3.89 | 3.84 | 3.83 | 3.87 | 3.37 | 3.62 | 3.63,,0,,GLY462 | ARG415 | ARG415 | GLY605 | GLY605,5,3.57 | 3.66 | 3.78 | 3.78 | 3.35,,0,,ALA556 | ARG415 | ARG415 | GLY462 | ARG415 | ARG415 | ALA556 | ARG415 | ARG415 | ALA556 | GLY509 | GLY603 | GLY603,13,3.85 | 3.67 | 3.51 | 3.43 | 3.69 | 3.77 | 3.71 | 3.77 | 3.83 | 3.49 | 3.85 | 3.64 | 3.43,High Safety,High Safety,Medium Safety,Low Toxicity,High Safety
CNP0123164.1,9,9,164,25,1,139,75,,0,,GLY603 | GLY603 | GLY509 | GLY509,4,3.72 | 3.69 | 3.58 | 3.57,,0,,ALA556 | GLY509 | ARG415 | ARG415 | ARG415 | ALA556 | ARG415 | GLY603 | ALA556 | ALA556 | GLY462 | GLY462,12,3.61 | 3.41 | 3.48 | 3.68 | 3.49 | 3.57 | 3.89 | 3.56 | 3.47 | 3.60 | 3.83 | 3.57,ARG415,1,3.08,ALA556 | ALA556 | ARG415 | ARG415 | ARG415 | ALA556 | ARG415 | ALA556 | GLY509 | GLY462 | ARG415 | ARG415 | GLY603 | ALA556 | ALA556 | GLY509 | GLY462,17,3.17 | 3.78 | 3.89 | 3.84 | 3.67 | 3.81 | 3.77 | 3.18 | 3.71 | 3.43 | 3.41 | 3.89 | 3.72 | 3.67 | 3.79 | 3.86 | 3.78,,0,,GLY603 | ALA556 | GLY509 | ALA556,4,3.68 | 3.48 | 3.46 | 3.85,,0,,TYR572 | ALA556 | ALA556 | ARG415 | ALA556 | GLY509 | GLY462 | ARG415 | ARG415 | GLY509 | GLY509 | GLY462 | ARG415,13,3.72 | 3.59 | 3.77 | 3.88 | 3.07 | 3.67 | 3.49 | 3.87 | 3.55 | 3.88 | 3.47 | 3.61 | 3.78,,0,,ALA556,1,3.77,,0,,ALA556 | ARG415 | ARG415 | ARG415 | GLY603 | GLY509 | ALA556 | VAL467,8,3.86 | 3.70 | 3.88 | 3.56 | 3.84 | 3.30 | 3.32 | 3.61,,0,,GLY462 | ARG415 | ARG415 | ARG415 | ALA556,5,3.42 | 3.68 | 3.71 | 3.51 | 3.90,,0,,ALA556 | GLY509 | GLY462 | GLY462 | ARG415 | GLY509 | GLY509 | GLY462 | ALA556 | GLY509 | GLY603,11,3.42 | 3.49 | 2.95 | 3.58 | 3.83 | 3.74 | 3.33 | 3.88 | 3.65 | 3.56 | 3.68,Medium Safety,High Safety,Low Toxicity,Low Toxicity,High Safety
CNP0108851.3,9,9,190,68,1,122,67,,0,,ALA556 | ARG415 | GLY509 | GLY462 | ALA556 | ARG415 | ARG415 | ALA556 | GLY509 | GLY509 | ARG415 | ARG415 | GLY462,13,3.56 | 3.84 | 3.65 | 3.41 | 3.84 | 3.63 | 3.75 | 3.52 | 3.63 | 3.40 | 3.70 | 3.27 | 3.85,VAL467,1,2.76,ALA556 | ALA556 | ARG415 | GLY509 | GLY462 | ARG415 | ALA556 | ARG415 | ARG415,9,3.78 | 3.77 | 3.84 | 3.87 | 3.67 | 3.89 | 3.43 | 3.60 | 3.29,,0,,GLY462 | ARG415 | GLY603 | ALA556 | GLY509 | GLY462 | ALA556 | GLY509 | GLY509 | ALA556,10,3.82 | 3.75 | 3.70 | 3.75 | 3.46 | 3.87 | 3.75 | 3.66 | 3.80 | 3.87,,0,,ALA556 | ARG415 | GLY509 | GLY462 | ARG415 | ALA556 | ALA556 | ARG415 | ARG415 | GLY605 | GLY605,11,3.51 | 3.80 | 3.73 | 3.88 | 3.80 | 3.88 | 3.53 | 3.49 | 3.34 | 3.87 | 3.75,,0,,ALA556 | ARG415 | GLY509 | GLY462 | ARG415 | ALA556 | GLY509 | GLY509 | ARG415 | ARG415 | GLY462 | VAL467,12,3.67 | 3.73 | 3.69 | 3.47 | 3.82 | 3.48 | 3.66 | 3.45 | 3.71 | 3.28 | 3.88 | 3.61,,0,,GLY509 | GLY462,2,3.89 | 3.78,,0,,VAL467,1,3.85,,0,,GLY603 | GLY603,2,3.44 | 3.52,,0,,ARG415 | GLY603 | ALA556 | GLY509 | ALA556 | ALA556 | GLY509,7,3.71 | 3.54 | 3.89 | 3.62 | 3.79 | 3.83 | 3.80,High Safety,High Safety,Medium Safety,Low Toxicity,High Safety
CNP0188145.7,9,9,185,15,1,170,65,,0,,GLY603 | ARG415 | ARG415 | GLY509 | GLY462 | ALA556 | GLY509,7,3.50 | 3.89 | 3.85 | 3.31 | 3.43 | 3.74 | 3.60,,0,,GLY603 | ALA556 | ALA556 | GLY462 | GLY462 | ARG415 | ARG415 | GLY605,8,3.54 | 3.09 | 3.40 | 3.61 | 3.16 | 3.70 | 3.73 | 3.84,,0,,GLY603 | ALA556 | ALA556 | GLY462 | GLY462 | ARG415 | ARG415 | GLY605 | VAL467 | VAL467,10,3.50 | 3.41 | 3.74 | 3.71 | 3.30 | 3.55 | 3.65 | 3.79 | 3.80 | 3.63,,0,,GLY603 | ARG415 | ARG415 | ARG415 | ALA556 | ALA556 | GLY509 | GLY462 | ALA556 | GLY509,10,3.55 | 3.85 | 3.75 | 3.87 | 3.85 | 3.72 | 3.33 | 3.37 | 3.62 | 3.48,,0,,GLY603 | ALA556 | ARG415 | ARG415 | ALA556 | ALA556 | GLY509 | GLY462 | ALA556 | GLY509,10,3.54 | 3.83 | 3.76 | 3.87 | 3.73 | 3.62 | 3.33 | 3.36 | 3.60 | 3.42,,0,,GLY603 | ALA556 | ARG415 | ALA556 | ALA556 | GLY509 | GLY462 | ALA556 | GLY509,9,3.46 | 3.70 | 3.48 | 3.70 | 3.62 | 3.18 | 3.59 | 3.46 | 3.42,VAL467,1,2.93,GLY603 | ALA556 | ALA556 | GLY462 | GLY462 | ARG415 | ARG415 | ARG415 | GLY605,9,3.49 | 3.04 | 3.39 | 3.67 | 3.18 | 3.88 | 3.70 | 3.68 | 3.76,,0,,ARG415,1,3.86,,0,,ARG415,1,3.76,Medium Safety,High Safety,Low Toxicity,Low Toxicity,High Safety
CNP0515535.1,9,9,213,51,1,162,64,,0,,GLY509 | GLY509 | GLY462,3,3.61 | 3.33 | 3.81,,0,,ARG415 | ARG415 | TYR572 | TYR572 | TYR572 | TYR572 | ALA556 | ARG415 | ALA556 | ALA556 | ARG415 | GLY603 | ALA556 | ARG415 | ARG415 | ARG415 | GLY603 | ALA556 | ALA556 | ALA556,20,3.11 | 3.63 | 3.76 | 3.60 | 3.63 | 3.89 | 3.34 | 3.56 | 3.87 | 3.14 | 3.63 | 3.50 | 3.89 | 3.75 | 2.99 | 3.73 | 3.90 | 3.75 | 3.80 | 3.82,,0,,GLY509 | GLY509,2,3.71 | 3.54,,0,,TYR334 | TYR334 | ARG415 | ARG415 | TYR334 | TYR334 | TYR572 | TYR572 | TYR572 | TYR572 | TYR572 | TYR334 | ARG415 | ALA556 | ALA556 | ARG415 | ALA556 | ALA556 | GLY509 | ARG415 | ARG415 | ARG415 | ALA556 | ALA556 | GLY509 | GLY509 | ALA556,27,3.69 | 3.71 | 2.44 | 3.04 | 3.64 | 3.86 | 3.77 | 3.49 | 3.55 | 3.46 | 3.87 | 3.77 | 3.87 | 3.34 | 3.68 | 3.86 | 3.30 | 3.78 | 3.74 | 3.22 | 3.88 | 3.73 | 3.88 | 3.72 | 3.52 | 3.28 | 3.85,,0,,GLY509 | GLY509,2,3.82 | 3.79,,0,,GLY509 | GLY509,2,3.67 | 3.66,GLY509,1,2.98,VAL467,1,3.73,,0,,GLY605,1,3.76,,0,,VAL467 | ALA556 | ALA556 | GLY509 | GLY509 | GLY509,6,3.65 | 3.84 | 3.57 | 3.52 | 3.86 | 3.87,High Safety,High Safety,Low Toxicity,Low Toxicity,High Safety
CNP0126692.0,9,9,242,101,1,141,52,,0,,VAL467 | VAL467 | VAL467 | GLY603 | ALA556,5,3.79 | 3.79 | 3.84 | 3.73 | 3.84,,0,,GLY603 | ALA556 | ALA556 | GLY509 | ALA556 | ARG415 | ARG415 | ALA556 | ALA556 | GLY603 | GLY603 | ALA556 | ALA556,13,3.52 | 3.67 | 3.74 | 3.30 | 3.39 | 3.67 | 3.21 | 3.65 | 3.81 | 3.67 | 3.38 | 3.48 | 3.85,,0,,GLY603,1,3.75,,0,,GLY603 | GLY603,2,3.87 | 3.69,,0,,GLY603,1,3.67,,0,,GLY603 | GLY603,2,3.65 | 3.66,VAL467,1,2.67,GLY509 | ARG415 | ARG415 | ARG415 | ARG415 | ARG415 | ALA556 | ARG415 | ARG415 | ALA556 | ALA556 | GLY509 | GLY462 | ARG415 | GLY603 | ALA556 | ALA556,17,3.01 | 3.01 | 3.44 | 3.59 | 3.87 | 3.37 | 3.81 | 3.74 | 3.77 | 3.10 | 3.55 | 3.74 | 3.65 | 3.90 | 3.45 | 3.66 | 3.65,,0,,GLY509 | GLY509 | GLY462 | GLY462 | GLY603 | GLY509,6,3.75 | 2.92 | 3.37 | 3.32 | 3.58 | 3.82,,0,,VAL467 | VAL467 | VAL467 | GLY603 | GLY603,5,3.66 | 3.84 | 3.57 | 3.84 | 3.69,High Safety,High Safety,Low Toxicity,Low Toxicity,High Safety
CNP0152201.2,9,9,196,77,1,119,48,,0,,GLY605 | ARG415,2,3.90 | 3.82,,0,,GLY509 | GLY462 | GLY462 | GLY603 | ARG415,5,3.68 | 3.53 | 3.33 | 3.79 | 3.77,,0,,VAL467 | VAL467 | VAL467 | GLY509 | GLY462 | GLY462,6,3.70 | 3.88 | 3.80 | 3.62 | 3.49 | 3.77,,0,,TYR572 | TYR572 | ARG415 | TYR572 | TYR572 | SER555 | ALA556 | GLY509 | ALA556 | ALA556 | ALA556 | ARG415 | ARG415 | ALA556 | ARG415 | ALA556 | ALA556 | GLY509 | GLY462 | ARG415 | ARG415,21,3.87 | 3.40 | 3.32 | 3.65 | 3.88 | 3.89 | 3.82 | 3.90 | 3.65 | 3.34 | 3.86 | 3.89 | 3.54 | 3.60 | 3.88 | 3.70 | 3.48 | 3.72 | 3.66 | 3.57 | 3.59,,0,,VAL467 | VAL467 | GLY509 | GLY462 | GLY462,5,3.66 | 3.65 | 3.85 | 3.47 | 3.64,,0,,GLY509 | GLY462,2,3.75 | 3.85,,0,,GLY605 | ARG415 | ALA556 | ALA556 | GLY603,5,3.76 | 3.86 | 3.83 | 3.59 | 3.75,GLY509,1,2.98,ALA556,1,3.65,,0,,ARG415,1,3.84,High Safety,High Safety,Low Toxicity,Low Toxicity,High Safety
CNP0166055.2,9,9,234,75,1,159,40,,0,,GLY509 | ALA556 | GLY462,3,3.85 | 3.53 | 3.72,GLY509,1,3.35,GLY509 | GLY509 | GLY462 | ALA556 | ALA556,5,3.85 | 3.68 | 3.79 | 3.82 | 3.52,,0,,ASN469 | VAL467 | VAL467 | GLY462,4,3.46 | 3.47 | 3.82 | 3.80,,0,,GLY509 | GLY462 | ALA556 | GLY462 | GLY462,5,3.87 | 3.83 | 3.60 | 3.60 | 3.78,,0,,GLY509 | GLY462 | ALA556 | GLY462 | GLY462,5,3.82 | 3.83 | 3.63 | 3.58 | 3.83,,0,,GLY462,1,3.82,,0,,GLY509 | GLY462 | ALA556 | GLY462 | GLY462,5,3.87 | 3.85 | 3.60 | 3.63 | 3.81,,0,,GLY509 | GLY462 | ALA556 | GLY509 | GLY462 | GLY462,6,3.86 | 3.81 | 3.58 | 3.87 | 3.52 | 3.69,,0,,GLY509 | GLY462 | ALA556 | GLY509 | GLY462 | GLY462,6,3.84 | 3.82 | 3.75 | 3.66 | 3.59 | 3.72,High Safety,High Safety,Low Toxicity,Low Toxicity,High Safety
CNP0087291.4,9,9,208,98,1,110,28,,0,,ARG415 | ARG415,2,3.76 | 3.57,,0,,GLY462 | GLY605,2,3.88 | 3.80,,0,,GLY509 | GLY509 | GLY462 | VAL467,4,3.73 | 3.47 | 3.57 | 3.50,,0,,GLY509 | GLY509 | GLY462,3,3.87 | 3.47 | 3.64,,0,,GLY605,1,3.83,VAL467,1,3.24,GLY603 | GLY603 | GLY605 | VAL467,4,3.86 | 3.80 | 3.75 | 3.76,,0,,GLY509 | GLY509 | GLY462 | VAL467 | VAL467 | VAL467 | VAL467,7,3.73 | 3.46 | 3.59 | 3.87 | 3.78 | 3.90 | 3.69,,0,,GLY509 | GLY509 | GLY462,3,3.84 | 3.59 | 3.62,,0,,GLY603 | GLY603,2,3.82 | 3.62,High Safety,High Safety,Low Toxicity,Low Toxicity,High Safety
CNP0140612.3,9,9,156,60,1,96,27,,0,,GLY462 | ARG415 | ARG415,3,3.66 | 3.76 | 3.87,,0,,GLY509 | GLY509 | GLY462 | VAL467,4,3.71 | 3.35 | 3.36 | 3.46,,0,,GLY603 | GLY603 | ALA556 | ALA556,4,3.54 | 3.21 | 3.33 | 3.74,,0,,GLY462 | GLY462 | ARG415,3,3.75 | 3.52 | 3.78,,0,,GLY603 | ALA556,2,3.76 | 3.62,,0,,GLY603 | ALA556 | ALA556 | VAL467 | VAL467,5,3.60 | 3.48 | 3.80 | 3.85 | 3.77,GLY509,1,3.29,,0,,,0,,GLY509 | GLY509 | GLY462,3,3.73 | 3.51 | 3.62,,0,,GLY462 | GLY462 | ARG415,3,3.41 | 3.39 | 3.67,High Safety,High Safety,Low Toxicity,Low Toxicity,High Safety
CNP0181001.1,9,9,189,92,1,97,27,,0,,GLY603 | ALA556 | ALA556,3,3.55 | 3.69 | 3.85,,0,,GLY603 | ALA556 | ALA556,3,3.57 | 3.63 | 3.77,,0,,GLY509 | GLY462,2,3.75 | 3.65,,0,,GLY603 | GLY603 | GLY605,3,3.86 | 3.24 | 3.59,,0,,GLY603 | ALA556 | ALA556 | VAL467 | VAL467,5,3.46 | 3.62 | 3.68 | 3.62 | 3.73,,0,,GLY509 | GLY462 | GLY462 | GLY605,4,3.43 | 3.70 | 3.62 | 3.72,,0,,GLY603 | GLY603 | ALA556 | ALA556,4,3.82 | 3.44 | 3.72 | 3.84,GLY509,1,3.08,ARG415,1,3.58,,0,,GLY509 | GLY462,2,3.68 | 3.62,High Safety,High Safety,Low Safety,Low Toxicity,High Safety
CNP0439266.1,9,9,194,25,0,169,95,,0,,ALA556 | ARG415 | ARG415 | ALA556 | ARG415 | ARG415 | GLY603 | ALA556 | ARG415 | GLY603 | GLY509 | GLY462 | GLY603 | GLY509 | GLY462 | GLY462,16,3.25 | 3.75 | 3.81 | 3.80 | 3.77 | 3.74 | 3.23 | 3.80 | 3.82 | 3.81 | 3.55 | 3.67 | 3.76 | 3.65 | 3.59 | 3.82,,0,,ALA556 | ARG415 | ALA556 | ARG415 | ARG415 | ARG415 | ALA556 | ARG415 | ARG415 | GLY603 | GLY509 | GLY462 | GLY462,13,3.05 | 3.75 | 3.89 | 3.67 | 3.68 | 3.79 | 3.84 | 3.89 | 3.78 | 3.31 | 3.47 | 3.59 | 3.78,,0,,ARG415 | ALA556 | GLY509 | GLY603 | GLY603 | ALA556 | ALA556 | GLY603 | GLY509,9,3.54 | 3.64 | 3.66 | 3.68 | 2.97 | 3.69 | 3.67 | 3.87 | 3.76,,0,,ARG415 | ALA556 | GLY509 | GLY603 | GLY603 | ALA556 | ALA556 | VAL467 | VAL467 | VAL467,10,3.49 | 3.87 | 3.58 | 3.88 | 3.18 | 3.74 | 3.67 | 3.87 | 3.87 | 3.82,,0,,ARG415 | ARG415 | ARG415 | ALA556 | GLY509 | GLY603 | ALA556 | ALA556 | ALA556 | GLY603 | ALA556 | ALA556 | GLY509 | GLY462,14,3.86 | 3.77 | 3.39 | 3.83 | 3.43 | 3.19 | 3.46 | 3.89 | 3.49 | 3.84 | 3.83 | 3.83 | 3.87 | 3.85,,0,,TYR334 | TYR334 | TYR334 | TYR334 | TYR334 | TYR334 | ARG415 | ARG415 | ARG415 | ARG415 | ALA556 | ALA556 | ARG415 | GLY509 | GLY462 | ALA556 | GLY462,17,3.51 | 3.58 | 3.68 | 3.81 | 3.85 | 3.81 | 3.82 | 3.82 | 3.90 | 3.55 | 3.81 | 3.81 | 3.65 | 3.62 | 3.55 | 3.86 | 3.90,,0,,ARG415 | ARG415 | ARG415 | GLY462 | GLY603 | ALA556,6,3.33 | 3.73 | 3.66 | 3.90 | 3.58 | 3.83,,0,,ARG415 | ALA556 | GLY509 | GLY603 | GLY603 | ALA556 | ALA556 | GLY603 | GLY509,9,3.51 | 3.66 | 3.62 | 3.73 | 3.00 | 3.66 | 3.65 | 3.87 | 3.76,,0,,GLY462,1,3.85,Low Toxicity,High Safety,Low Toxicity,Low Toxicity,Medium Safety
CNP0600437.0,9,9,297,65,0,232,85,,0,,ARG415 | ALA556 | ALA556 | GLY509 | ALA556 | ALA556 | ALA556 | ALA556,8,3.65 | 3.70 | 3.65 | 3.56 | 3.82 | 3.86 | 3.52 | 3.68,,0,,ARG415 | ALA556 | ALA556 | GLY509 | ALA556 | ALA556 | ALA556 | ALA556,8,3.60 | 3.79 | 3.74 | 3.53 | 3.83 | 3.85 | 3.50 | 3.65,,0,,ARG415 | ALA556 | ALA556 | GLY509 | ALA556 | ALA556 | ALA556 | ALA556,8,3.64 | 3.77 | 3.72 | 3.46 | 3.77 | 3.78 | 3.45 | 3.59,,0,,ALA556 | GLY509 | ALA556 | ARG415 | GLY509 | GLY462 | GLY603 | ALA556 | ALA556 | ARG415 | GLY462 | ARG415 | ARG415 | ARG415 | GLY462 | GLY462,16,3.54 | 3.85 | 3.62 | 3.79 | 3.62 | 3.83 | 3.67 | 3.80 | 3.71 | 3.86 | 3.65 | 3.80 | 3.29 | 3.34 | 3.52 | 3.56,,0,,ARG415 | ALA556 | ALA556 | GLY509 | ALA556 | ALA556 | ALA556 | ALA556 | GLY605,9,3.63 | 3.79 | 3.73 | 3.46 | 3.77 | 3.78 | 3.44 | 3.59 | 3.88,,0,,ARG415 | ALA556 | ALA556 | GLY509 | ALA556 | ALA556 | ALA556 | ALA556,8,3.63 | 3.75 | 3.70 | 3.55 | 3.82 | 3.85 | 3.50 | 3.67,,0,,ARG415 | ALA556 | ALA556 | GLY509 | ALA556 | ALA556 | ALA556 | ALA556,8,3.55 | 3.64 | 3.67 | 3.56 | 3.81 | 3.75 | 3.43 | 3.52,,0,,ALA556 | GLY509 | ARG415 | GLY603 | ALA556 | ALA556 | ARG415 | GLY462 | ARG415 | ARG415 | ARG415 | GLY462 | GLY462,13,3.38 | 3.16 | 3.48 | 3.70 | 3.76 | 3.63 | 3.86 | 3.56 | 3.85 | 3.32 | 3.41 | 3.51 | 3.61,,0,,ARG415 | ALA556 | ALA556 | GLY509 | ALA556 | ALA556 | ALA556,7,3.58 | 3.58 | 3.59 | 3.69 | 3.90 | 3.55 | 3.69,High Safety,High Safety,Low Safety,Low Toxicity,High Safety
CNP0209594.1,9,9,254,83,0,171,83,,0,,ARG415 | TYR572 | TYR572 | ARG415 | ARG415 | GLY509 | ALA556 | TYR572 | ALA556 | ALA556 | GLY603 | ALA556 | ALA556 | ALA556 | ALA556,15,3.50 | 3.83 | 3.59 | 3.61 | 3.46 | 3.32 | 3.76 | 3.63 | 3.41 | 3.83 | 3.55 | 3.81 | 3.85 | 3.80 | 3.51,,0,,GLY605 | ALA556 | ALA556 | GLY603 | ALA556 | ARG415 | ARG415 | ARG415 | ARG415 | ARG415 | ARG415 | ALA556 | ARG415 | GLY462 | GLY462 | GLY462,16,3.59 | 3.43 | 3.64 | 3.68 | 3.40 | 3.38 | 3.80 | 3.61 | 3.75 | 3.55 | 3.28 | 3.85 | 3.77 | 3.81 | 3.32 | 3.19,,0,,ALA556 | GLY509 | GLY509 | ALA556 | GLY509 | GLY462 | GLY462 | GLY603 | GLY603 | GLY462 | GLY603 | ALA556 | GLY509 | GLY462 | GLY462 | ALA556 | ALA556 | GLY509 | GLY462 | ARG415 | ARG415 | ALA556 | ARG415 | GLY605,24,3.18 | 3.76 | 3.49 | 3.58 | 3.84 | 3.80 | 3.68 | 3.88 | 3.20 | 3.83 | 3.58 | 3.81 | 2.91 | 3.81 | 3.08 | 3.25 | 3.87 | 3.76 | 3.39 | 3.65 | 3.75 | 3.87 | 3.75 | 3.85,,0,,GLY603 | ALA556,2,3.82 | 3.75,,0,,GLY603 | ALA556,2,3.75 | 3.74,,0,,GLY603 | ALA556,2,3.71 | 3.72,,0,,ALA556 | ALA556 | GLY509 | TYR572 | GLY509 | GLY462 | GLY462 | ALA556 | ALA556 | ALA556 | GLY462 | ARG415 | ARG415 | ARG415 | GLY603,15,3.37 | 3.76 | 3.59 | 3.83 | 3.32 | 3.87 | 2.94 | 3.38 | 3.46 | 3.78 | 3.59 | 3.76 | 3.32 | 3.54 | 3.90,,0,,GLY603 | ALA556 | VAL467 | VAL467 | VAL467,5,3.80 | 3.77 | 3.60 | 3.64 | 3.60,,0,,GLY603 | ALA556,2,3.79 | 3.79,High Safety,High Safety,Low Toxicity,Low Toxicity,High Safety
CNP0376228.2,9,9,161,12,0,149,50,,0,,GLY603 | ALA556 | ARG415 | GLY509 | ALA556,5,3.76 | 3.46 | 3.83 | 3.42 | 3.83,,0,,GLY603 | ALA556 | ARG415 | GLY509 | GLY462 | ALA556,6,3.81 | 3.46 | 3.90 | 3.49 | 3.80 | 3.81,,0,,GLY603 | ALA556 | ARG415 | GLY509 | ALA556,5,3.55 | 3.42 | 3.85 | 3.43 | 3.81,,0,,ARG415 | ARG415 | ARG415 | ALA556 | GLY509 | GLY509 | ALA556 | ALA556,8,3.52 | 3.54 | 3.73 | 3.49 | 3.69 | 3.45 | 3.87 | 3.65,,0,,ALA556 | GLY603 | GLY603 | ARG415 | ARG415,5,3.57 | 3.49 | 3.43 | 3.37 | 3.48,,0,,ALA556 | GLY603 | GLY603 | ARG415 | ARG415,5,3.39 | 3.59 | 3.19 | 3.40 | 3.26,,0,,ALA556 | GLY462 | GLY462 | VAL467,4,3.70 | 3.47 | 3.22 | 3.66,,0,,ARG415 | ARG415 | ARG415 | ALA556 | GLY509 | GLY509 | ALA556,7,3.57 | 3.50 | 3.72 | 3.57 | 3.68 | 3.43 | 3.76,,0,,GLY603 | GLY603 | GLY509 | GLY509 | GLY462,5,3.57 | 3.51 | 3.83 | 3.73 | 3.80,High Safety,High Safety,Low Toxicity,Low Toxicity,High Safety
CNP0137465.2,9,9,171,58,0,113,48,,0,,ARG415 | ARG415 | VAL467 | VAL467 | GLY605,5,3.82 | 3.60 | 3.63 | 3.47 | 3.70,,0,,ARG415,1,3.85,,0,,ALA556 | ALA556 | GLY509 | GLY509,4,3.83 | 3.54 | 3.60 | 3.89,,0,,GLY603 | GLY603 | GLY509,3,3.80 | 3.83 | 3.79,,0,,ALA556 | ALA556 | GLY509 | GLY509,4,3.78 | 3.49 | 3.62 | 3.89,,0,,GLY603 | GLY603 | GLY509,3,3.69 | 3.77 | 3.89,,0,,VAL467 | VAL467 | VAL467 | VAL467,4,3.86 | 3.78 | 3.55 | 3.71,,0,,GLY509 | GLY509 | GLY509 | GLY509,4,3.70 | 3.79 | 3.65 | 3.69,,0,,GLY605 | ARG415 | ARG415 | GLY603 | ALA556 | ALA556 | GLY462 | ARG415 | ARG415 | ARG415 | ALA556 | ARG415 | ALA556 | GLY509 | ALA556 | TYR572 | TYR572 | TYR572 | ALA556 | ARG415,20,3.75 | 2.70 | 3.51 | 3.88 | 2.68 | 3.52 | 3.67 | 3.78 | 3.56 | 3.87 | 3.59 | 3.82 | 3.74 | 3.41 | 3.75 | 3.87 | 3.81 | 3.46 | 3.73 | 3.67,Medium Safety,High Safety,Low Safety,Low Safety,High Safety
CNP0161786.1,9,9,207,56,0,151,47,,0,,GLY603 | ALA556 | GLY462 | GLY462 | ARG415,5,3.83 | 3.69 | 3.52 | 3.33 | 3.82,,0,,GLY603 | ALA556 | GLY462 | GLY462 | GLY509 | VAL467 | VAL467,7,3.67 | 3.63 | 3.36 | 3.14 | 3.76 | 3.81 | 3.45,,0,,VAL467 | GLY603 | ALA556 | GLY462 | GLY462 | GLY509,6,3.79 | 3.68 | 3.64 | 3.32 | 3.11 | 3.74,,0,,GLY462 | GLY462,2,3.37 | 3.25,,0,,ALA556 | GLY462 | GLY462 | GLY509,4,3.80 | 3.25 | 3.07 | 3.80,,0,,GLY603 | ALA556 | ALA556 | GLY462 | GLY462 | GLY509,6,3.72 | 3.60 | 3.88 | 3.30 | 3.11 | 3.73,,0,,ASN469 | GLY603 | ALA556 | GLY462 | GLY462 | GLY509,6,3.72 | 3.66 | 3.78 | 3.32 | 3.10 | 3.77,,0,,GLY603 | ALA556 | GLY462 | GLY462 | ARG415 | GLY509,6,3.73 | 3.78 | 3.42 | 3.08 | 3.81 | 3.82,,0,,GLY603 | ALA556 | GLY462 | GLY462 | GLY509,5,3.77 | 3.66 | 3.32 | 3.18 | 3.80,High Safety,High Safety,Low Safety,Low Toxicity,High Safety
CNP0089617.1,9,9,270,121,0,149,45,,0,,GLY605 | GLY603 | GLY603 | GLY462 | GLY462,5,3.72 | 3.71 | 3.67 | 3.71 | 3.70,,0,,ASN469 | ASN469 | VAL467 | VAL467 | GLY605 | GLY603 | GLY603 | GLY462 | GLY462,9,3.66 | 3.69 | 3.82 | 3.70 | 3.84 | 3.76 | 3.74 | 3.72 | 3.76,,0,,VAL467 | VAL467 | VAL467 | GLY509 | GLY509 | GLY462,6,3.69 | 3.69 | 3.78 | 3.64 | 3.34 | 3.45,,0,,GLY509 | GLY509 | GLY462,3,3.64 | 3.33 | 3.42,,0,,GLY462 | GLY462 | ARG415,3,3.68 | 3.54 | 3.74,,0,,GLY605 | GLY603 | GLY603 | GLY462 | GLY462,5,3.90 | 3.67 | 3.65 | 3.73 | 3.71,,0,,GLY605 | GLY603 | GLY603 | GLY462 | GLY462,5,3.70 | 3.66 | 3.58 | 3.66 | 3.60,,0,,GLY605 | GLY462 | GLY462 | ARG415,4,3.81 | 3.66 | 3.52 | 3.70,,0,,GLY605 | GLY603 | GLY603 | GLY462 | GLY462,5,3.85 | 3.76 | 3.74 | 3.72 | 3.77,High Safety,High Safety,Low Safety,Low Toxicity,High Safety
CNP0156119.1,9,9,193,96,0,97,36,,0,,GLY509 | GLY509 | GLY462,3,3.86 | 3.53 | 3.71,,0,,ARG415 | ARG415 | ALA556 | GLY509 | GLY509,5,3.64 | 3.36 | 3.80 | 3.84 | 3.75,,0,,VAL467 | VAL467 | VAL467 | GLY605 | GLY509 | GLY509 | GLY462,7,3.86 | 3.63 | 3.89 | 3.83 | 3.83 | 3.49 | 3.73,,0,,GLY603 | GLY603 | GLY509,3,3.61 | 3.67 | 3.82,,0,,ARG415 | ARG415 | GLY509 | GLY509,4,3.84 | 3.50 | 3.82 | 3.72,,0,,GLY605 | GLY509 | GLY509 | GLY462,4,3.72 | 3.74 | 3.41 | 3.71,,0,,VAL467 | VAL467 | VAL467 | VAL467 | GLY605 | GLY603 | GLY603,7,3.85 | 3.69 | 3.75 | 3.62 | 3.46 | 3.83 | 3.88,,0,,GLY603 | GLY509,2,3.85 | 3.82,,0,,GLY603,1,3.57,High Safety,High Safety,Low Toxicity,Low Toxicity,High Safety
CNP0137465.1,9,9,155,57,0,98,25,,0,,GLY603 | GLY603,2,3.80 | 3.50,,0,,GLY603,1,3.73,,0,,GLY603,1,3.81,,0,,GLY603 | VAL467,2,3.62 | 3.80,,0,,ARG415 | VAL467 | VAL467 | VAL467,4,3.68 | 3.71 | 3.22 | 3.87,,0,,GLY603,1,3.89,,0,,ARG415 | ARG415 | GLY605,3,3.67 | 3.27 | 3.75,,0,,GLY509 | GLY509 | GLY462 | GLY462 | GLY605 | VAL467 | VAL467,7,3.85 | 3.47 | 3.39 | 3.90 | 3.48 | 3.85 | 3.80,,0,,GLY509 | GLY509 | GLY462 | GLY605,4,3.86 | 3.49 | 3.50 | 3.85,Medium Safety,High Safety,Low Safety,Low Safety,High Safety
