cluster_post,UMAP_0,UMAP_1,UMAP_2,UMAP_3,UMAP_4,UMAP_5,UMAP_6,UMAP_7,UMAP_8,UMAP_9,UMAP_10,UMAP_11
0,-5.4452252,0.7321197,1.3302352,4.1583214,4.9403534,5.0077724,5.3753195,3.0409005,4.4771996,4.3350854,6.105407,4.8633857
1,12.910355,1.8320962,1.110874,3.6968524,5.5469913,-3.4014149,5.1763086,2.9714663,5.4402456,3.962088,6.5106955,4.301777
2,13.599347,0.7059091,1.3441952,4.261514,3.5449996,-3.468985,5.4584394,2.9416258,4.4293885,4.8976207,6.2007027,4.2560487
3,9.7556505,2.0634763,1.3723401,9.0491295,5.1462874,4.9277053,2.7549558,3.599417,7.650885,4.7544055,0.5372413,1.6249695
4,11.726623,0.8212642,1.5028155,4.179952,5.267427,12.800649,5.3980207,3.324616,2.8650753,3.9641845,6.212521,4.6565566
5,9.722547,-1.4926537,1.2545676,5.092931,5.2456856,4.676893,5.1065116,1.0222957,4.653865,-2.8262565,6.08851,4.662288
6,9.72557,-0.43945155,1.2276402,4.600551,5.0302997,4.6605673,5.222108,1.9635653,5.017177,-3.9682715,6.602328,4.60155
7,11.378819,1.6227001,1.6822417,3.9047394,5.252899,13.174528,5.5520253,3.4553516,2.421267,3.9625525,6.1014323,5.1631746
8,10.763161,0.49800482,1.7946432,11.703442,5.496851,5.13924,5.5536737,2.4547932,0.8601005,4.580482,6.038396,8.373198
9,9.668868,-4.0745378,1.2737104,6.101102,6.0439105,4.689121,5.2643714,0.32067913,3.855473,-1.0917317,5.7641096,4.7398243
10,9.621758,-4.305534,1.2703532,6.261912,6.110884,4.6341367,5.4359665,1.5539544,4.0362196,-1.4080522,6.3079743,4.7103033
11,10.769128,0.92167974,1.2381898,4.382402,5.4214125,13.029642,5.739789,3.1291938,2.883205,4.2407002,5.777828,4.3502364
12,11.140559,0.43760055,1.1698074,4.611738,4.4598184,-3.6614912,4.8836765,2.5150383,4.608548,3.97366,5.7804456,5.2482758
13,8.927244,-2.8307126,2.2417064,2.6116543,9.32055,2.337616,5.440207,2.5607886,4.5598536,4.4821157,5.4464536,3.9085448
14,12.485914,0.10938695,1.1361707,4.8135705,5.0121293,12.812815,5.861173,2.9353375,2.6604555,5.00605,5.8473744,4.4996805
15,11.895113,-0.06857301,1.1213889,4.9518533,4.935528,13.102769,6.084144,2.9348073,2.3457773,5.105365,5.855486,4.4565287
16,10.230875,-0.047863215,1.8218821,13.035103,6.073429,5.020642,6.1698747,4.183723,2.4304864,5.4871373,4.7052245,1.657079
17,11.524629,1.0811923,-0.7057455,10.42247,6.5296226,4.938269,5.36561,1.2407664,5.7971034,1.261169,5.3287373,3.358504
18,12.26355,-0.76546365,0.9011106,4.9255657,2.7225795,9.298821,5.063865,1.5315483,6.4352207,2.9342482,9.85634,7.570475
19,8.661601,-1.9226011,0.99102134,10.503689,5.545279,4.1482754,5.008545,2.885469,4.110626,4.1163306,5.225562,6.085319
20,9.633184,-3.4361773,1.4073893,5.521327,-0.763379,4.0969863,5.77418,2.938223,7.374825,3.5078037,7.7259574,4.7829127
21,9.795308,2.3640218,1.8595613,4.662189,4.0166607,2.4598813,4.535768,5.2751536,-0.17470413,6.056014,3.6226776,3.3383834
22,9.6817255,0.39852506,1.0797747,5.700356,4.588014,4.4270053,5.01687,3.0877366,4.193957,4.605748,4.8701363,13.448298
23,9.678573,0.49457747,1.1429621,5.7060876,4.670117,4.340637,4.929969,3.1673336,4.2867656,4.68657,4.819196,13.43878
24,11.42806,1.9155192,1.2788079,10.933493,1.3621466,6.1388946,5.454946,3.3045726,1.4009416,5.202686,5.5684175,4.3646812
25,9.759325,2.2151382,1.1587106,7.2222843,3.9077451,5.087931,-0.018101333,3.9698808,7.8950305,4.6164618,1.7111518,3.951737
26,11.585411,0.14795065,1.2365934,4.481777,4.1421304,-3.4218411,4.9623723,2.904465,5.072236,4.050454,5.893858,4.978985
27,10.212528,-0.04182153,0.6660886,1.6236595,4.0337024,8.237901,4.9098916,1.8183953,7.097745,2.4801102,9.923948,7.0290456
28,10.747848,-1.1254467,0.56009746,3.089488,3.076549,9.198254,4.402728,1.7486609,7.2917194,2.0669384,10.395746,6.8460007
29,13.518592,0.14879155,1.0378414,5.0083656,5.089547,11.641854,4.9911275,3.6416352,5.649797,4.764385,5.6098266,4.14405
30,9.818956,-1.610205,1.4292938,5.1639895,3.428067,4.2170362,4.699326,2.9543939,11.08256,5.272932,9.110507,4.1896334
31,9.69412,1.1627144,1.3715831,2.8330722,4.946892,5.8465066,1.7263236,3.361998,5.8471994,4.7597184,-0.6677066,6.105864
32,10.142798,-0.21519716,1.3603022,4.697049,5.7997293,4.377681,1.4525275,4.0516295,9.999266,4.270376,2.2098484,5.66584
33,10.14118,-0.2891725,1.3672606,4.6133103,5.630942,4.451852,1.9540008,3.9672418,10.2896805,4.2442284,2.352212,5.5702767
34,7.8698864,2.198329,0.9066442,10.467167,5.355239,4.2511334,4.793377,3.045576,2.8424761,4.7979817,4.9754143,6.8555174
35,10.247283,-0.2812607,1.3193139,4.9225783,5.616943,4.5338945,3.783739,3.431518,10.104069,4.605565,-0.29988798,5.578629
36,8.560486,1.7458375,0.5381515,10.72328,2.68713,5.27828,5.7948318,2.9717903,2.1257782,4.2015133,5.6810255,6.659419
37,9.734595,0.020693723,1.3233678,4.9220166,4.2286267,3.977486,6.1975303,1.422975,7.647709,6.98681,13.792908,3.694429
38,14.584235,0.2580462,1.2030752,5.450479,5.1056147,-1.4205571,4.853752,2.796797,5.138379,4.333793,6.2686462,4.959935
39,10.132377,0.028207911,1.3712964,4.685244,5.845975,4.391617,2.8571732,3.9504864,10.356802,4.471911,1.3257965,5.5772605
40,8.671137,-1.3233615,1.2440089,2.392417,5.961454,2.4287498,8.108738,3.0631392,4.0084443,4.371773,13.229023,3.0135002
41,9.042369,1.5472903,1.5450507,3.1141777,5.72442,4.018651,4.496751,4.229431,1.2920171,3.9299147,1.3618368,4.9369664
42,8.729919,1.1886626,1.3683027,10.506247,6.7929125,5.4345455,4.8730025,3.2020516,1.9977454,4.666879,4.7391315,3.5451117
43,9.685021,0.3887501,1.2235171,5.932286,3.7559147,5.0054145,-0.07999432,4.10999,7.7535844,4.663408,1.5921462,4.323879
44,14.483785,0.37114167,1.2053682,4.680973,4.843722,-1.9520525,4.787925,2.842932,4.953837,4.378553,6.262411,5.023321
45,14.24536,0.47488788,1.2330354,4.157269,4.792171,-2.37305,4.8257585,2.7571037,5.0303903,4.3878837,6.3148565,4.985577
46,9.38437,1.7306758,1.4241438,10.714696,5.3626857,5.975213,4.4794817,2.7412064,1.415411,4.394885,5.15801,7.8769593
47,7.130321,2.4380019,0.91781133,9.886083,5.8271704,4.0710044,4.5124497,3.2712913,5.8951964,4.8443813,5.2090325,6.174018
48,9.446927,-2.4729404,1.1879258,5.0358663,-2.5517232,4.375012,6.2559867,3.3556464,4.5178323,3.0866969,5.9860096,4.902337
49,9.71651,-1.4409218,1.2187618,5.2281375,5.162696,4.9885745,4.795655,-4.1503806,2.3313181,5.0745964,3.9363668,5.0321665
50,9.509934,-1.4260936,1.3248334,4.9412155,-2.7286184,4.838407,6.2720923,3.6658728,4.0049896,2.7814333,6.5125656,4.684046
51,9.628908,-1.9917712,1.410075,5.1460767,-2.4191422,4.662024,6.1591907,3.4048634,5.0100074,2.882282,7.203084,4.641737
52,8.719352,-1.2292576,1.0889343,2.267674,6.108322,2.5595496,7.905708,3.0026286,3.8753855,4.3149304,13.187991,2.809067
53,8.744978,-1.1676439,0.95776975,2.1496663,6.3027587,2.6377206,7.7720985,2.975153,3.7107527,4.300479,13.180139,2.6275854
54,8.955482,1.1047337,1.4134792,10.07979,6.202068,4.725753,5.4330015,3.0923965,3.733175,4.0687504,5.8239107,1.5626655
55,6.729791,3.092574,0.9745803,10.2459955,5.919343,3.9685419,4.6970735,3.0044773,5.477704,5.06481,5.357965,6.1106367
56,8.42165,2.526618,0.5171628,9.775232,4.196445,5.0344143,5.9246063,2.9277093,-0.29239023,4.648504,6.330039,2.8227158
57,10.750344,-0.009492644,2.366018,10.068618,4.795361,3.9772878,6.433506,3.3289385,7.4205346,3.4643135,6.3144436,2.952561
58,14.129707,0.6530899,1.17022,5.4016314,4.8328967,-1.8063004,4.994107,2.8949869,5.050373,4.3305197,6.5819845,5.049035
59,9.600021,-1.2940731,1.4237204,5.0280476,-2.660105,4.9442596,6.2322907,3.6740835,4.2310133,2.7985775,7.0538363,4.6089277
60,9.516887,-1.7262404,1.32075,4.9962535,-2.6961966,4.7186174,6.2117777,3.4932806,4.4090137,2.3725152,6.6999464,4.6477165
61,9.672126,-4.663527,1.2831202,6.24314,6.380661,4.756211,5.168135,-0.40308708,3.636151,0.27824444,5.3279176,4.8271914
62,10.630182,1.6484401,1.0599355,11.893147,4.556936,5.234779,4.8331723,2.855434,5.647746,5.140017,7.3370905,4.203247
63,10.274366,2.0830574,0.9210106,11.798079,4.4257708,5.2357593,4.999057,2.787719,5.2878947,4.797015,7.288971,4.393476
64,8.669406,3.09267,1.5528855,9.563161,6.7883,4.6031213,4.917824,3.0020907,1.3482794,4.4144373,4.7951093,4.6616144
65,9.741203,-0.38554987,1.3025324,5.230375,3.8714032,3.9869258,6.1842775,1.5073261,7.269514,6.9451585,13.5218935,3.8184
66,8.786265,1.7928959,0.3346734,10.555547,4.307435,4.8772616,5.901438,3.1850693,0.78021324,4.8086853,6.3509603,3.9648798
67,13.320282,1.0471895,1.1765379,4.5319,5.3958573,12.7853365,6.0608177,2.9292917,3.6678553,4.6843762,5.553628,4.5029573
68,9.485831,-3.2434738,1.337016,5.6846952,-0.5473057,3.9339337,6.5524464,3.4167218,7.31065,5.432135,9.482713,4.595304
69,9.832738,-1.1244676,1.2248886,5.0554996,5.040732,4.96445,4.86494,-4.433822,2.1303608,5.43556,3.8434436,5.121389
70,9.700313,-1.084092,1.0619704,5.1038165,5.1044517,5.1343813,4.7885976,-4.4832377,2.2293422,5.432241,3.883589,4.9552946
71,9.55883,1.6885375,1.0652564,10.773638,4.362109,4.379415,5.200869,2.2002354,1.0943519,4.483996,6.4189253,9.305451
72,9.176552,1.7255634,0.83277106,10.552264,4.2249336,4.459198,5.220499,2.2248561,1.2769159,4.350148,6.5234566,9.194691
73,13.341236,-0.30942306,1.2312545,5.138442,4.634404,-2.4388115,4.6494927,2.8643258,4.8395886,4.290825,5.8312325,5.1194887
74,10.125195,0.015793083,1.2332014,4.784062,5.4930277,4.4622173,4.7877965,3.3085835,10.108242,4.7845755,-0.7582346,5.413419
75,9.645286,2.3361025,0.21426061,11.183442,4.1453404,4.722337,4.7550864,4.478128,3.1918857,5.090479,7.3776793,4.780729
76,10.083705,0.14049526,1.3071194,4.761384,5.7477436,4.3568254,4.364924,3.5561557,10.157577,4.7444253,-0.33491918,5.4817257
77,10.147387,0.037618473,1.2508165,4.75538,5.597349,4.4274225,4.555599,3.3710558,10.126553,4.7707458,-0.6293406,5.4254274
78,9.546235,-3.0340264,1.3523295,5.5866394,-1.0539349,4.052614,6.4533525,3.3475533,6.90647,5.1223965,9.032815,4.7057357
79,12.879443,0.025452334,1.2452818,4.7962976,4.749704,-2.9206576,4.751722,2.9287288,4.5417695,4.3414826,6.3857546,5.1823564
80,8.860295,0.8564419,-0.1489944,10.6495285,4.040539,5.318378,6.124107,4.0197577,1.8138347,4.5129113,5.9926434,3.5474188
81,8.675953,0.51402277,-0.15863496,10.566438,3.8746731,5.5112543,6.239674,4.287596,1.5856111,4.456715,5.8587275,3.326629
82,9.497956,-2.7771416,1.3660479,5.667042,0.080575764,3.8628669,6.578355,3.2777522,7.640867,5.924487,10.703212,4.3210716
83,8.770743,-2.014759,1.609993,1.7091842,2.1133857,4.44016,2.341158,2.225537,5.886302,5.8850465,4.9453845,2.8692143
84,9.609225,4.2854557,0.8328944,8.133834,4.0884485,6.3059597,2.5138195,2.823839,10.226415,4.2789936,7.751737,5.8800006
85,9.424047,2.0803227,0.8574358,10.794826,4.382399,4.3609867,5.1457863,2.8652837,2.2468252,4.895764,6.0517993,8.093031
86,9.450713,-3.3094456,1.3309475,5.7466173,-0.07498185,3.8420901,6.609333,3.4313295,7.607827,5.7070737,9.923159,4.4592323
87,9.512922,-2.628809,1.3641909,5.6230288,0.44686943,3.846775,6.520052,3.1579108,7.7077427,6.0558343,10.902579,4.21889
88,9.504014,-2.9941905,1.3564819,5.632936,-0.7889467,3.9766963,6.530149,3.3753555,7.2015796,5.389074,9.660728,4.6061935
89,11.862586,-0.010113202,1.2897063,5.091325,4.4068475,-3.2247324,4.476657,2.562458,4.7967515,4.2571087,6.031105,5.5302224
90,9.751643,3.2628243,0.9300796,10.8966255,5.1269345,5.117621,5.7977314,2.496445,5.0263205,3.9900172,7.063052,1.9698721
91,12.794033,0.029701008,1.2233405,5.090129,4.707493,-2.7566867,4.6160173,2.6179354,5.1496944,4.161121,6.102625,5.12397
92,12.042669,0.4489276,1.177443,5.3231754,4.542152,-2.988179,4.6719275,2.5197344,5.307949,4.133174,6.1211147,5.071377
93,8.564826,2.0031738,0.36771193,10.2058115,4.273348,4.925541,5.9971795,3.083647,-0.013026064,4.817289,6.4317627,3.2585926
94,8.66783,1.8431002,0.3154171,10.394105,4.2837086,4.9110937,6.017174,3.1558235,0.24145804,4.8589473,6.456639,3.535149
95,9.47506,4.011389,-0.64896077,5.139103,6.990754,3.3264453,5.9880776,4.8045897,1.9934503,5.7210937,3.6186466,1.6050973
96,15.056607,0.42258635,1.1723171,5.3934937,4.843166,-1.1283588,4.9804688,2.845263,5.0531206,4.4940834,6.4138184,5.0318847
97,12.516574,0.53357744,1.1130292,5.9889965,5.145442,-2.5846863,4.620636,2.503947,5.3662605,4.0402417,6.2407246,4.7734294
98,12.710449,1.2376975,1.2234706,4.865603,4.772651,-2.8127942,5.1428266,2.9392009,5.09171,4.1786165,7.286297,5.368893
99,12.522992,0.7015437,1.229982,5.0908566,4.3790216,-2.815415,4.877862,2.7466881,5.2201605,4.2389793,6.5854087,5.340226
100,12.715784,0.6053365,1.1552179,4.902407,4.86191,-2.8325787,4.876537,2.6982572,5.3088927,4.198664,6.763979,5.185621
101,12.603654,0.51333064,1.1831915,4.885628,4.4023213,-2.8546941,4.71173,2.594938,5.301307,4.2084894,6.268259,5.146483
102,9.537262,-2.6244943,1.3843385,5.547687,-0.93049383,4.035921,6.460931,3.277981,7.1092134,5.373588,9.995096,4.587709
103,12.833127,0.5995139,1.1361102,5.7467732,4.969233,-2.4680755,4.8631883,2.627832,5.4175773,4.1697097,6.406076,4.926524
104,9.697354,4.087472,0.89784175,7.702931,3.8814752,6.3820415,2.3829758,2.5973952,10.061107,4.2732587,7.9964743,6.0005207
105,9.489736,-2.8834844,1.3620913,5.6609755,-0.38121426,3.9069269,6.5753255,3.3518527,7.472657,5.6793375,10.265985,4.459685
106,9.527421,-2.5882328,1.3824701,5.5758924,-0.4931651,3.9719915,6.4978724,3.2510333,7.3504744,5.638231,10.448172,4.4627695
107,12.549244,0.8606547,1.1127512,6.15073,4.939007,-2.4732788,5.1303687,2.701948,5.5936894,4.208083,6.5462203,4.89439
108,13.150926,0.68930405,1.1858809,4.6359887,5.0749493,-2.7567475,4.9238076,2.850961,4.9673038,4.18301,7.0484824,5.2783165
109,11.5895,1.0088547,1.4075264,4.0845504,5.41069,13.047784,5.799102,3.059648,2.8753092,4.188348,5.6504827,4.686973
110,9.774215,3.968024,1.0030121,7.3052883,3.7603655,6.346368,2.407261,2.496674,9.859462,4.3718233,8.116049,6.35157
111,9.56094,4.116064,0.92763907,7.5616055,3.7683148,6.052106,2.462412,2.5159793,9.77414,4.2947116,8.127396,6.404775
112,13.423314,0.6061893,1.172538,5.713672,4.933277,-2.121208,4.933776,2.7916393,5.255041,4.2519293,6.4682207,5.000075
113,9.443754,-2.358893,1.1913415,4.898707,-2.68333,4.356205,6.2489376,3.2453856,4.8434515,2.475678,6.4151735,4.7584715
114,12.559157,1.127814,1.2029063,5.5632896,4.715754,-2.636213,5.208503,2.889053,5.3266373,4.216652,6.967897,5.2238913
115,13.099775,0.8644911,1.1785924,5.8901315,4.9917645,-2.2708662,5.11045,2.8661222,5.3411818,4.252439,6.740564,5.0644865
116,9.449259,-0.0943369,1.1954975,1.7170608,4.3599763,5.9784427,5.9590063,1.3743813,4.564026,3.6525173,10.9598,1.7494231
117,10.050546,3.785239,0.8848263,7.6483836,4.1474648,6.945904,2.4847667,2.7925463,10.354983,4.2548256,7.7137136,5.6587725
118,12.975753,0.6957289,1.0884945,4.9527206,5.2898316,12.550735,6.1882377,3.193402,4.0905843,4.7250185,5.526248,4.20908
119,13.640045,0.023797847,1.1819999,4.87562,4.864909,-2.3952947,4.6683927,2.860489,4.7500663,4.2801013,6.4345403,5.2192464
120,14.893936,0.81333596,1.1319039,5.114044,4.7084646,-1.5623659,4.9771667,2.945057,4.900037,4.3058467,6.4406743,4.916055
121,14.832187,0.6968319,1.1453735,5.303914,4.746289,-1.4049858,5.0212455,2.8997042,4.9774594,4.3888655,6.5036445,4.9759555
122,9.686593,-3.106141,1.3131347,5.4033313,-1.8228338,4.2662587,6.211294,3.221475,5.849017,4.1085315,6.945058,4.9434705
123,9.563744,-2.8972812,1.2484913,5.0503635,-2.396033,4.2176595,6.2566404,3.1015499,5.5263286,3.1956036,6.677058,4.8457994
124,13.509846,0.19985572,1.1820276,4.561562,4.780283,-2.6071286,4.6036887,2.6116712,5.070838,4.20532,6.433634,5.208821
125,11.068034,0.8166043,0.9073449,5.6665697,3.6548867,3.8354878,4.4810166,0.3829719,9.874881,3.9107797,11.729725,6.7701316
126,13.239082,-0.054615393,1.2013005,4.1908727,5.326414,-2.962494,4.8196454,2.6987712,4.925815,4.188761,6.724427,5.2008805
127,13.413896,0.09757487,1.2045183,4.535247,5.06031,-2.6785305,4.7543416,2.7604592,4.878692,4.224034,6.621321,5.2311893
128,9.733522,-3.142155,1.2605697,5.4424047,-1.963542,4.3123546,6.2306585,3.2812965,5.2938185,4.3642063,6.21163,5.0918264
129,9.645758,-3.0376048,1.2000707,5.373368,-2.2264285,4.323494,6.2318525,3.3253143,4.7248898,4.1028504,5.7063217,5.147074
130,9.650679,-0.036944013,1.3078562,1.4756188,4.4241357,6.3681674,6.5582128,1.5276815,4.779971,3.2922316,10.31879,2.3775346
131,6.781514,2.9709446,1.0999284,10.124833,6.054942,3.988764,4.667974,3.0730944,5.644579,4.941448,5.1541176,6.6627617
132,9.234544,1.9586346,0.8216396,9.786168,4.7326484,4.8323746,5.234301,3.0772512,3.281467,4.6855435,5.4086647,9.991356
133,9.268307,1.9796656,0.8839293,9.872683,4.6033006,4.8699393,5.174603,3.0105476,3.1137965,4.7871585,5.369516,9.841537
134,12.212217,-0.2455402,1.1720988,5.0783787,4.9356213,11.907337,5.646151,4.2007227,5.645776,4.3265853,5.2704353,4.276231
135,9.613758,-0.30412462,1.2621042,4.6194386,-2.8979886,4.9588356,6.384856,4.1008253,2.7271369,4.823274,6.0683045,4.880329
136,9.87604,-0.24529456,1.1680946,5.161437,4.235659,3.8426328,6.110372,1.2560356,7.1638207,7.0169396,13.921196,3.8387368
137,9.73323,-0.28969613,1.3122845,5.2179613,4.0501876,3.9950242,6.157834,1.427922,7.217396,7.030651,13.690004,3.7693589
138,9.537229,0.0061001293,1.2906845,1.6054991,4.331803,6.220219,6.28186,1.4639716,4.7862515,3.469537,10.252827,2.1923428
139,12.779688,0.08782318,1.0596368,5.0803766,5.0366054,11.900339,5.2807612,3.9643974,5.869355,4.581414,5.438295,4.089558
140,9.814076,4.1513586,0.79173255,7.9719205,4.0675464,6.7023005,2.430705,2.7905784,10.332738,4.2233653,7.774862,5.6864133
141,9.837863,4.135924,0.6624429,8.007807,4.0570745,6.873808,2.3956985,2.6594298,10.245276,4.121638,7.8885365,5.707872
142,9.981547,-1.8303906,1.1837957,5.0625896,-2.6137865,4.7672663,6.120431,3.6263013,3.2125916,4.960544,4.2426224,5.3757377
143,10.112363,0.16238207,1.3398257,4.1721444,5.5564065,4.4635844,2.4693682,3.8487823,11.105297,4.330737,2.406804,5.501683
144,9.9952755,0.5239869,1.2079785,4.6331167,5.8582463,4.3693304,4.9387326,3.8209689,10.173996,4.8719363,-0.16847223,5.36575
145,9.985861,0.4992088,1.1994652,4.650826,5.7574644,4.38906,5.1855526,3.755895,10.180457,4.8866878,-0.27006856,5.3532424
146,9.810626,-2.708755,1.1647768,5.319756,-2.358502,4.486508,6.2089214,3.4325724,4.067118,4.4477577,4.9111495,5.20611
147,10.012959,-2.2694845,1.1949072,5.2161527,-2.4721444,4.701333,6.1577787,3.532539,3.6198297,4.930876,4.398975,5.349764
148,10.0206175,3.8388147,0.9030068,7.4776845,4.0195208,6.8572555,2.5887759,2.6983275,10.066416,4.3052583,7.8442025,6.0950885
149,10.156711,3.7143373,0.9181677,7.352359,4.078256,7.030364,2.7013,2.716308,10.001315,4.3317294,7.7804914,6.21997
150,9.728049,-2.2737892,1.1384178,5.147589,-2.5123394,4.550185,6.2090774,3.5370991,3.6208735,4.2485394,4.7207255,5.1611595
151,13.099228,-0.013256034,1.2961124,4.922425,4.779046,11.793559,5.9522734,3.3675587,3.3002906,4.3587604,5.8067813,4.3933015
152,9.87064,-2.9942784,1.2270706,5.443447,-2.1262865,4.44234,6.2189054,3.3579001,4.6813326,4.661109,5.427818,5.205745
153,9.977595,-2.716812,1.2131941,5.3689256,-2.2796955,4.576172,6.195517,3.4295967,4.185337,4.839102,4.8656116,5.2851977
154,6.736023,2.9450493,1.1201499,10.052313,6.1127253,4.003331,4.6024737,3.1291232,5.709055,4.9154854,5.0633664,6.7801642
155,6.9037395,2.8514793,1.1571136,10.04855,6.064434,4.0035996,4.7718844,3.0656745,5.814032,4.850823,5.17486,6.6732
156,9.422346,0.21657127,1.2321359,1.7755482,4.3029366,6.156484,5.996961,1.3526434,4.7112274,3.5632203,10.29493,1.9565554
157,9.524321,0.086193174,1.2520095,1.6819676,4.3677917,6.26101,6.217465,1.3997198,4.5784497,3.4359012,10.590213,2.0058913
158,9.275237,3.9132566,-0.38778797,4.952551,6.8383245,3.4915347,6.117383,4.612232,2.0350635,5.604984,3.6947699,1.9209163
159,8.773654,2.5064611,0.93285024,9.639777,6.0494623,3.5534623,5.932176,3.10617,5.8629656,3.7239358,6.2210846,8.198
160,12.841004,0.5268295,1.0347471,4.9980493,5.102002,12.173009,5.3581176,3.633056,5.569038,4.617862,5.556075,4.014555
161,12.589399,0.07615853,1.1113663,5.0762725,4.955353,12.061118,5.5539455,3.9619389,5.591877,4.4623685,5.406294,4.103862
162,9.133932,4.1050115,-0.27138317,4.953766,6.6689787,3.513106,5.8917665,4.6906,1.9870857,5.3710284,3.3681085,2.0591388
163,8.942211,4.478381,-0.17559022,5.551875,6.749797,3.4398358,6.151414,4.9234996,1.8716826,5.1579127,2.7547622,1.7212793
164,8.569425,2.4112346,0.99732274,9.3917885,6.4992647,3.3404708,5.944513,2.8967764,5.9910655,3.5179198,6.252469,7.9544835
165,8.475934,2.410153,0.86629856,9.2694025,6.8127747,3.1370168,5.8103786,2.8666754,5.873915,3.3318226,6.361888,7.637336
166,11.314552,0.4282237,1.383125,5.902977,5.3456826,7.494186,2.870703,2.9871478,11.66292,5.0170527,7.71535,4.1750903
167,12.082037,0.36777067,1.2829667,4.7871475,5.0321493,12.449085,6.269441,3.3243773,3.3384159,4.245141,5.578665,4.393856
168,12.516265,0.18655834,1.336869,4.8432426,4.8052654,12.138784,6.206292,3.3774254,3.1702871,4.167023,5.695263,4.3715005
169,9.428057,-1.5387284,1.2055641,4.851311,-2.745792,4.7389336,6.3298335,3.7492867,3.484329,3.0932925,5.551599,4.842691
170,12.366898,0.5303116,1.029673,5.0791907,5.1171646,12.302001,5.4090767,3.7738545,5.7785993,4.5594172,5.4836655,3.9533317
171,9.469897,-1.1193366,1.2727894,4.7886815,-2.818183,4.937773,6.376986,3.880917,3.3918238,3.0945046,5.8653736,4.752361
172,9.537809,-0.7570558,1.3498366,4.788083,-2.8425992,5.0871997,6.399385,3.9625301,3.4271145,3.3715277,6.440834,4.6788316
173,9.41127,-2.119444,1.144351,4.99979,-2.6139321,4.4918284,6.267662,3.5648012,3.7473156,3.2776496,5.3597107,4.963124
174,9.478935,-2.6747172,1.148905,5.2002826,-2.445183,4.3350654,6.233135,3.4024825,4.1923213,3.6474307,5.427864,5.0788155
175,10.0203285,0.6397422,1.2360836,3.8569026,5.8002477,4.207036,2.497462,3.932446,11.343735,4.397189,1.9006602,5.6557226
176,10.141836,0.783941,1.4079359,3.6691473,5.7592807,4.167977,2.5563965,3.9846694,11.394176,4.3131638,1.7901614,5.65489
177,8.567542,1.3345401,1.4720173,10.250827,6.7526712,4.2489867,4.462214,2.9082782,2.8113396,4.495052,4.9136095,3.2647908
178,9.633857,-1.7098023,1.1436456,4.9428864,-2.6601336,4.6702385,6.25094,3.7040627,3.2482722,4.0261264,4.7824516,5.0672774
179,9.598534,-1.0179939,1.1922011,4.738213,-2.8066547,4.8655167,6.326404,3.9324143,2.9025033,4.0778384,5.0751405,4.970426
180,8.4315195,2.4059014,1.4703003,9.928068,6.5638995,4.567001,5.0057592,2.9218798,1.3853072,4.487029,4.8927526,4.553507
181,8.4763775,1.8454301,1.4404571,10.028357,6.3418717,4.5361915,4.9419403,2.8837476,1.9805276,4.535774,5.0743237,4.1524496
182,8.507671,1.5646455,1.6158682,10.064869,6.4598703,4.214525,5.2417994,2.7116141,2.2482383,4.299072,5.2329016,3.7007306
183,9.58309,-0.38728324,1.3158351,4.688536,-2.889585,5.0561075,6.4333205,4.0764856,3.063809,4.309988,6.4873934,4.7422037
184,9.557517,-0.59520435,1.256304,4.6609063,-2.876979,5.0108004,6.4186068,4.0705566,2.897336,4.064661,5.7088246,4.8277025
185,8.936847,1.3053031,1.7436738,9.9881,6.1217155,4.10935,5.5560985,2.7003827,3.3325145,4.076818,5.593074,2.927524
186,8.973313,1.3249104,1.6164534,10.085974,5.9904613,4.1030025,5.5296326,2.648507,2.843241,4.189916,5.562905,3.4028292
187,8.516502,1.3296196,1.6211629,10.093976,6.3645515,4.3799953,5.2291765,2.7543008,2.8123035,4.170001,5.3183823,3.1133606
188,8.5197,1.2555957,1.7348884,10.087621,6.3410397,4.260183,5.302891,2.7635016,3.1626935,4.0801363,5.3445396,2.9313848
189,9.288036,1.9366497,-0.12791984,11.525728,4.71948,5.738005,5.429595,3.5458815,3.915848,4.65752,7.8693376,3.8357203
190,9.675738,0.5515254,1.0316018,4.232737,5.1362844,5.168726,-3.0535316,3.8278124,1.6389155,3.9375124,7.1679244,5.2488804
191,9.827188,-0.7897827,1.1883496,4.706057,-2.8590646,4.8314223,6.1064415,3.8744466,2.5134413,5.1232247,4.576113,5.3197227
192,9.713843,-0.3693362,1.2117655,4.58316,-2.9101968,4.8750305,6.2238255,4.046327,2.3624537,5.199113,5.1244516,5.1577888
193,9.874936,-0.24447045,1.1744703,4.537316,-3.0123136,4.712778,5.925153,3.8254364,2.2112274,5.7368717,5.050474,5.47051
194,9.520832,2.4734855,0.6320369,11.357444,4.0485554,4.463623,4.8523006,3.1338377,2.2618384,5.654358,6.3666263,6.146987
195,9.670947,-0.110389985,1.2576867,4.6197095,-2.9335477,4.8336253,6.299514,3.9894273,2.820272,5.3934555,6.90078,4.890427
196,9.656064,-0.0838135,1.2366792,4.5540595,-2.936167,4.8518,6.3150744,4.096599,2.5012078,5.4281015,6.1854753,4.980451
197,9.833464,0.028433133,1.165419,4.4689493,-3.0655885,4.6412926,5.939342,3.8295743,2.216249,5.939572,5.7683034,5.3828335
198,9.770628,0.05364377,1.1883839,4.5211463,-3.020388,4.6521745,6.072189,3.8496099,2.5122473,5.9103723,6.661227,5.151786
199,11.63234,0.8439398,0.69141006,5.9866023,3.7098215,4.144706,4.444687,0.37640607,9.49796,4.0820723,11.504806,6.5370865
200,11.440304,0.82788926,0.7864929,5.896543,3.5694718,4.3540106,4.260959,0.40197137,9.42133,4.017272,11.440501,6.5609956
201,9.932744,-1.5080417,1.1793349,4.9490957,-2.699083,4.791677,6.1066856,3.6988728,2.9657772,4.965828,4.2540402,5.3699226
202,9.895775,-1.1780257,1.181218,4.8384705,-2.7757778,4.812164,6.0910754,3.7713823,2.7358165,5.051873,4.3280745,5.3680916
203,9.9951315,0.4517854,1.2595623,4.667958,5.9078536,4.328726,4.6311955,3.8311148,10.18569,4.8149786,-0.06387192,5.4241138
204,10.03056,0.25432038,1.3473556,4.7276483,5.883532,4.301614,4.089145,3.7763715,10.212701,4.6933103,0.12824751,5.5236735
205,10.008386,0.36140227,1.3043742,4.700463,5.9073133,4.3095493,4.372347,3.8076584,10.197864,4.7580085,0.015869416,5.474821
206,9.431862,1.9495695,0.17651679,10.909577,4.4607477,4.9914923,5.414775,3.311945,2.7708492,4.6135488,6.5600557,5.8520412
207,11.186049,0.40485182,1.3672445,5.7681355,5.243905,7.342384,2.8670983,3.0389323,11.736574,4.9333997,7.519103,4.254362
208,9.171133,2.4120572,1.0936785,1.84494,5.1147075,5.8514895,5.2225347,2.2190433,3.8498085,3.8862326,10.302755,10.13599
209,9.567607,0.9490926,1.1961808,9.739192,5.9469223,4.982792,6.3624144,3.268374,7.330815,4.4625244,6.2012615,9.540686
210,10.631903,2.4167824,1.5011725,11.7631,4.8992805,5.888436,4.590556,2.5292134,5.26312,4.3190207,6.7429366,5.1023674
211,9.490719,-2.8891068,1.3952256,4.9907928,3.238395,3.8685372,4.3454556,3.0346897,11.458384,3.2835164,6.610584,4.717846
212,9.509652,-2.8012738,1.4193594,4.9173756,3.4255865,3.9340072,4.4205694,2.899071,11.756968,3.1197374,6.6262274,4.6410785
213,8.597043,1.0524979,1.6252915,10.065355,6.432031,4.283545,5.3766565,2.5732615,2.9322083,3.9914606,5.7095213,2.4380078
214,8.724374,1.1794072,1.7042893,10.00663,6.372006,4.1150126,5.4690504,2.5553746,2.9363391,4.045134,5.646321,2.6417503
215,12.032294,0.9675823,1.4297607,4.065814,5.2149167,12.930728,5.59649,3.1086216,2.770167,4.099431,5.968193,4.6842875
216,9.742023,-5.036473,1.1993774,6.852835,10.077202,4.930626,5.8371353,4.480287,2.9366908,5.4534287,7.119657,4.8440456
217,8.516315,1.7202245,0.88120395,10.414904,5.445085,4.71883,4.910975,2.994788,1.0826486,4.510506,4.547835,7.039608
218,9.818791,-5.713456,1.2268928,6.796994,9.498707,5.0094833,5.623652,3.3282115,3.1575737,4.3243294,6.5302005,4.8824234
219,9.408341,-5.451867,1.2516407,6.7042303,8.7813015,4.696098,5.688875,5.015203,4.4056983,3.5143614,7.250065,4.7938104
220,11.216807,0.99774766,1.2789602,5.8467665,5.4386125,7.7214313,2.6584759,3.2009108,11.720874,4.6735697,7.007457,4.3496227
221,11.181607,0.8063642,1.3060546,5.7695165,5.3672743,7.58235,2.7246027,3.1673791,11.768221,4.729913,7.097126,4.32302
222,9.675378,-5.950909,1.2378331,6.629055,9.049943,5.028474,5.561858,3.3961558,3.7628758,3.2753365,6.6086116,4.855796
223,9.7268715,-5.689388,1.2230588,6.4598613,9.424205,5.188188,5.6596823,4.281138,3.7436447,3.3288352,7.2413425,4.920058
224,9.654859,-5.344318,1.2358065,6.4716983,9.200088,4.982736,5.727983,5.1381607,4.155353,3.8418977,7.489938,4.8867517
225,9.165793,-5.770581,1.2136053,6.8221965,8.931612,4.7888346,5.6039267,4.270969,4.0533648,2.6955712,6.9662256,4.715322
226,9.527848,-6.0267196,1.252303,6.6855254,8.677975,4.910762,5.5068774,3.0756848,3.9272082,2.488336,6.3793745,4.76035
227,9.581266,2.777199,0.7690178,11.662232,4.118698,4.6183844,4.852665,3.0437722,3.474578,5.3958573,6.538706,5.708232
228,9.651329,-5.955972,1.252764,7.0963664,9.00345,4.938565,5.442374,1.9366343,2.7952151,4.5882697,5.2963476,4.817375
229,9.397531,0.56799024,1.1558328,4.654631,3.3493652,5.5075893,1.0790113,3.2626305,7.2198005,5.269126,0.41782615,4.1244626
230,9.752911,-4.93157,1.2167951,6.7586246,9.829168,4.7977357,5.9111524,5.1557713,3.506912,5.3626633,7.484187,4.853989
231,9.871513,-5.3202367,1.2324975,6.6904154,9.710341,4.9127507,5.8260493,4.542973,3.4736063,4.721572,7.285268,4.9029
232,9.716235,-4.961011,1.243155,6.627941,9.416932,4.7610607,5.8709817,5.5951552,4.071776,5.1911077,7.580489,4.8707824
233,9.704786,-6.012296,1.2428603,6.7271156,8.87611,4.954676,5.489776,2.622595,3.553007,3.395955,6.1362023,4.843355
234,9.702721,0.61074626,1.1807004,4.2260246,5.1263547,5.131764,-2.906665,3.7349892,1.6776165,3.8960776,7.221367,5.1033587
235,9.741887,2.3694713,0.94888425,9.019776,5.490729,4.993935,5.210032,3.4617188,8.629584,4.8224816,6.350047,9.078735
236,9.766602,2.1330657,1.0227305,9.205724,5.4188385,4.9730263,5.3551817,3.3821373,8.071887,4.733029,6.285823,9.221233
237,12.904365,0.4312475,1.137674,4.8714595,5.1757164,12.481076,6.0074925,3.1512969,3.6043444,4.7250423,5.617511,4.3542542
238,9.915699,-1.1971059,1.4612547,3.5890675,3.35639,4.7507057,1.9522066,1.7357893,7.9867415,5.1669087,8.946043,6.778312
239,9.827714,-1.0715482,1.4058638,3.3383918,3.76082,5.0657473,1.428736,1.6928252,7.8572516,4.5373845,9.100618,6.7658587
240,9.790501,-5.3241687,1.2592145,6.529724,9.236785,4.816048,5.8026977,5.14463,4.1521525,4.4761653,7.4546266,4.909433
241,9.633069,-4.55889,1.2752044,6.3002954,6.3675866,4.685792,5.4005213,1.4495988,3.9620438,-0.96016854,6.176795,4.7255383
242,9.875469,-5.7802052,1.2308253,6.6361327,9.484958,5.035479,5.66611,3.5723827,3.409417,3.7864451,6.8643346,4.922332
243,9.939368,-5.559876,1.2480222,6.516201,9.539328,4.9659853,5.7874823,4.459584,3.6960032,4.1569443,7.3356147,4.9577403
244,9.813574,-5.376869,1.2084199,6.8852587,9.938285,5.017584,5.7080736,3.6820974,2.7492075,4.8622146,6.7360663,4.864551
245,10.149358,-0.3501656,1.3884767,4.0765214,2.9988751,5.5619626,2.9936645,1.2316012,8.165648,4.610422,9.928027,7.0769134
246,9.345164,1.9246584,0.76233876,10.074895,4.8078904,4.708732,5.348743,3.0873985,3.5911314,4.6141014,5.8171124,8.906704
247,9.05505,1.7958807,0.7988187,10.469619,4.732272,4.536324,5.2651606,2.9636564,2.8527913,4.6255274,5.421674,7.4858885
248,9.570645,-5.305617,1.2692136,6.4853415,7.511448,4.604182,5.6172585,4.07226,4.4356003,0.6240315,7.183633,4.7822194
249,13.679265,0.08987955,1.1446931,5.1583214,4.8823643,11.749141,5.729943,3.4187515,4.167993,4.742404,5.735932,4.185387
250,10.569134,3.208857,0.8990226,11.485988,4.2465267,4.444218,4.997721,3.2718053,3.9662373,4.5658526,7.5160823,4.9172
251,9.933478,2.445051,0.47577593,11.391377,4.2319975,4.7689734,4.9830365,3.787781,2.6220582,5.124768,7.0318184,5.0127916
252,11.975767,0.44809455,1.0651387,5.115784,5.0957265,12.345525,5.4823294,3.9054117,5.8244147,4.462726,5.4020667,4.0011754
253,11.951867,0.27420408,1.1460135,5.022599,5.0339837,12.327616,5.7159514,3.8692615,5.3512063,4.3500957,5.3955736,4.1748066
254,9.623904,-5.8743043,1.2923639,6.4495387,7.8162384,4.8278203,5.366836,1.9368118,3.8925393,1.0099666,5.9404364,4.7449718
255,10.155957,-0.7571834,1.447975,3.915377,3.0299869,5.333315,3.0001538,1.4988811,7.9897227,5.0753813,9.669302,7.2084374
256,10.064891,-1.0460796,1.4671923,3.8537862,2.9920156,5.081797,2.5390782,1.3879641,8.067938,5.041196,9.561188,6.9631743
257,9.637411,-5.96491,1.2736064,6.676686,7.8462176,4.83692,5.2859287,0.8489491,3.6301796,2.4874105,5.3924766,4.849846
258,10.451074,3.1194878,1.1105877,11.87175,4.2886257,4.862049,5.124654,2.598182,4.5662413,4.4341693,7.0822406,5.0626926
259,9.61213,-5.93363,1.2982256,6.4627924,7.866839,4.785894,5.4389534,2.8056774,4.1142983,0.97577536,6.331752,4.73017
260,9.574249,-5.86988,1.2918754,6.4541087,7.710147,4.660474,5.5063567,3.5142794,4.3450313,0.8058071,6.772229,4.7650785
261,9.652397,-6.0471864,1.2576085,6.6560607,8.353213,4.893308,5.399294,1.9483597,3.709298,2.63461,5.8318114,4.80988
262,9.134426,3.1586554,0.6402443,11.692864,3.8960874,4.613565,5.0640635,2.6135235,3.9173613,5.1895943,6.2904916,5.075363
263,9.647319,-5.437893,1.3183501,6.7845445,8.424324,4.692631,5.698672,4.788237,4.59104,2.3691196,7.2094674,4.747224
264,9.574004,-4.698192,1.2115742,6.6638346,9.710469,4.930904,5.8492837,5.6325436,3.6807625,6.958151,7.1920166,4.8377104
265,10.774781,2.7524085,0.3228571,10.948709,4.591523,4.829354,4.550371,4.382241,2.9995627,5.222075,7.4937634,4.1665134
266,10.322162,3.0006948,0.74526983,11.615675,4.3274264,4.796005,4.9238195,3.8100197,3.645155,4.8956027,7.3847136,5.046336
267,9.5546,-4.9536076,1.1926336,6.7776046,10.032736,5.0577226,5.773755,4.5911503,2.88269,6.5062876,6.760244,4.801959
268,9.232424,1.7509873,0.9117029,10.081356,5.8244934,4.723859,5.830343,3.5727613,4.8535957,3.843531,6.680303,0.5000829
269,9.636807,-6.0302696,1.2611381,7.089121,8.739249,4.882937,5.416903,1.5836886,2.9680223,4.259019,5.212454,4.8360133
270,9.647461,-6.073449,1.2619509,6.9065824,8.393137,4.862989,5.365051,1.327463,3.3471382,3.5421233,5.3685884,4.8531485
271,9.6222105,-6.0715103,1.268401,7.0809546,8.491142,4.8498144,5.39007,1.2520472,3.105852,4.0500827,5.1136265,4.850061
272,8.94027,3.3169186,1.0125145,10.997711,4.3736396,4.510988,5.3520937,2.2071333,5.299761,4.0102353,6.02766,4.1589437
273,9.640692,-5.848924,1.3455281,6.83187,8.350282,4.7740297,5.5858555,3.9521976,4.4985485,1.6798631,6.7448883,4.689576
274,9.61286,-6.013358,1.2903998,6.592179,8.223458,4.861352,5.4498262,2.637328,4.03886,1.7454875,6.169002,4.736837
275,9.659876,0.71081173,1.3396784,4.3297124,5.012907,5.184809,-2.827562,3.5840833,1.852701,3.914829,7.0969005,4.9161463
276,9.77811,0.64907783,1.3865564,4.3035173,5.1226196,5.04877,-2.695882,3.6218698,1.8363445,3.92535,7.2215147,4.910102
277,9.600134,-5.1770372,1.2037486,6.8234797,9.9678,5.1298366,5.695801,4.0824933,2.7068653,6.1348624,6.4781446,4.8127837
278,9.160815,2.6921794,0.6120323,10.369654,4.3890824,4.20776,5.1598806,3.4832819,4.203443,4.7639966,6.285915,7.8047967
279,9.193858,2.5433161,0.857178,10.425981,4.7105436,4.21047,5.2982826,3.2774017,4.3851786,4.5090394,6.0995917,8.610723
280,9.656169,-5.6670184,1.2377027,6.990183,9.569773,5.1402493,5.503958,2.9537566,2.5382214,5.4372735,5.705376,4.8091288
281,9.737954,-5.606385,1.2209698,6.94742,9.6763735,5.074514,5.5611534,3.0150924,2.614351,4.8865457,6.0944395,4.833751
282,9.735131,-5.8038135,1.229873,6.940324,9.367162,5.012623,5.505157,2.5779305,2.821405,4.3972435,5.9044123,4.836766
283,9.674602,-5.7491126,1.2381282,7.018701,9.433885,5.0761995,5.48828,2.6309376,2.6026306,5.0480556,5.628343,4.8112206
284,9.685552,-5.9655623,1.2454951,6.9121876,8.887608,4.9442925,5.43575,2.0313675,3.111325,3.9548154,5.6255565,4.833545
285,9.628797,-6.0772367,1.2703478,6.9525323,8.230846,4.836078,5.339946,0.9694666,3.3230748,3.5314918,5.195082,4.866198
286,9.659053,-2.0039673,1.4467155,4.862456,3.7073472,3.9208975,4.0923896,3.2260654,11.957302,4.2234635,7.0867386,4.521408
287,9.607194,-6.0445795,1.2803026,7.0385814,8.100582,4.8218966,5.3264904,0.6836836,3.2561758,3.658123,5.0005527,4.879011
288,9.635128,-5.897949,1.2773432,6.5489526,7.8030467,4.842224,5.3093133,1.1539153,3.7359715,1.8918371,5.5846405,4.8061857
289,9.618063,-4.755779,1.2101104,6.741294,9.855988,4.8213124,5.8742766,5.3834558,3.4944863,6.172989,7.3500705,4.8262973
290,9.514101,1.8008603,0.9579065,9.733311,4.8988066,4.822346,5.4932704,3.1168666,4.6492147,4.6653504,5.666518,9.661689
291,9.698805,-5.186875,1.1994812,6.9025674,10.075764,5.0520315,5.7180157,3.9170475,2.5947845,5.51849,6.663374,4.8296695
292,9.648597,-5.529258,1.229273,6.8975067,9.652194,5.157069,5.5714574,3.4150984,2.7003293,5.70401,5.996258,4.8248487
293,9.707086,-5.425481,1.2136754,6.9292526,9.8658905,5.1065116,5.6121993,3.4012337,2.5347586,5.3177123,6.2647667,4.82826
294,9.64371,-4.793385,1.2820922,6.3921537,6.71007,4.7481747,5.479735,2.6365755,4.094063,-1.1221908,6.555162,4.6902475
295,9.641499,-5.6069574,1.2940195,6.383542,7.453423,4.8381395,5.314764,1.1071714,3.7103708,0.5183407,5.6953716,4.7325025
296,9.62503,-4.7061715,1.2271228,6.660678,9.563843,4.795643,5.8688602,5.8641877,3.9785154,6.414127,7.440643,4.8511615
297,10.707583,0.71198076,0.9881103,5.440327,3.463499,3.8962965,4.2664347,0.3467162,9.921518,3.8132157,11.713631,6.875735
298,9.656774,-5.578217,1.3064549,6.3789325,7.515353,4.8642144,5.375291,1.7632456,3.7536073,-0.08487664,5.954109,4.663231
299,9.67752,-5.3009167,1.3135505,6.3895316,7.246611,4.8609476,5.4194365,2.2982318,3.8452997,-0.8209244,6.2233324,4.640798
300,9.634507,-5.720642,1.2862254,6.4687996,7.4839377,4.822094,5.2683353,0.7428362,3.7099068,1.3279124,5.498557,4.8021536
301,9.641463,-5.52672,1.2874004,6.4913197,7.137662,4.8083463,5.199564,-0.010479098,3.6313777,1.4742483,5.2394347,4.854083
302,9.622588,-5.980825,1.280269,6.8354087,7.817556,4.821582,5.272866,0.5131872,3.4918723,3.015103,5.140578,4.8814335
303,9.0009165,1.7830707,0.43990055,10.730038,3.969778,4.615547,5.123094,2.8529124,2.490652,4.8768253,5.2592955,6.974592
304,9.652624,-5.217095,1.2878351,6.367498,6.853928,4.792894,5.194949,-0.12773807,3.636136,0.8360018,5.3109403,4.829308
305,9.644451,-5.4235654,1.2875971,6.3828907,7.1380763,4.809028,5.2525496,0.405667,3.6672463,0.7065687,5.481178,4.786609
306,9.651487,-5.171047,1.2923564,6.442168,6.75057,4.79221,5.136388,-0.5601669,3.6057765,1.4422445,5.076454,4.893592
307,9.633151,-4.9631934,1.2474043,6.6006413,9.252984,4.9077535,5.7895184,5.716292,4.2225246,6.830298,7.0824957,4.8893733
308,9.586955,-5.10638,1.2256713,6.6947694,9.583817,5.0795274,5.7347865,4.8797827,3.4676087,6.7592835,6.663605,4.847686
309,9.63079,-5.3851614,1.2204087,6.85206,9.76499,5.167659,5.6211185,3.7530615,2.7412753,5.9599514,6.2043495,4.8263564
310,9.63004,-5.6433945,1.2914771,6.6650553,7.221992,4.805271,5.1824927,-0.18956745,3.5720916,2.2463205,5.0395694,4.904149
311,9.620511,-5.8343525,1.2885414,6.7833548,7.4978642,4.809344,5.2201796,0.07123486,3.5260494,2.7255776,5.033334,4.900486
312,11.682256,0.5905398,0.75137,3.0072458,3.5343778,9.244981,5.808662,1.2572682,6.530874,2.509188,10.170715,7.2454095
313,9.091303,-2.7075486,1.6194607,2.811996,1.4652205,4.169858,1.574722,2.5870185,6.103243,6.6205854,4.8293033,3.5199158
314,9.674796,2.0849016,1.3854206,10.348103,4.8301177,4.9973416,5.6100063,2.948513,6.5298996,4.4189324,6.1474977,8.52441
315,10.100888,-0.652349,1.3936707,4.790043,4.4417634,5.0288925,4.5196905,2.9667008,12.953823,4.193777,7.1806483,4.110453
316,9.445203,2.183078,0.91103643,10.170252,5.0224605,4.4612465,5.5222178,3.3136163,5.0785513,4.419336,6.0757837,8.69289
317,13.244073,0.7026898,1.1454314,4.7072496,5.013681,12.38785,5.7662582,3.2785823,4.2200203,4.458984,5.662876,4.250286
318,12.98156,0.30183426,1.2239599,4.702158,4.8701925,12.116024,5.611524,3.443447,4.0995626,4.329723,5.692107,4.4132547
319,10.568478,0.1992355,1.3749949,4.664298,5.181649,5.969204,3.657227,3.1996546,13.062595,4.488718,6.348195,4.235808
320,10.358174,-0.11376971,1.3834702,4.72256,4.8928957,5.539633,4.111059,3.1075215,13.113845,4.3928685,6.7189,4.143001
321,9.008797,1.9264532,1.6318363,0.66510826,6.9437146,2.9024012,7.2575226,5.270457,1.3193992,3.1252806,3.3581505,4.5084167
322,9.490571,2.4436004,0.11394328,11.192796,3.7270577,4.4334497,5.252906,3.2218497,3.3537633,4.825328,7.431983,4.2081842
323,9.830316,2.0997963,0.8582487,11.786094,4.663283,4.975008,4.849092,3.8385205,3.3843865,5.669197,7.05087,5.7359114
324,9.529373,0.38316816,1.1718197,3.1002083,5.7925634,3.308003,0.36100912,3.3795106,8.1760025,4.5813365,8.156268,6.8995667
325,10.419281,2.9295433,1.2955287,12.457117,4.0714602,4.707583,5.159881,2.210224,4.0025244,3.9929183,5.871113,3.0280755
326,9.734911,-1.4695424,1.4415658,2.9924705,4.3306565,4.3947515,0.9819916,1.7728655,7.9438543,4.424136,9.967331,6.893545
327,9.746115,0.24747969,1.3119302,3.6747084,4.7392445,5.1581297,1.242606,3.5010123,8.061426,5.0961995,0.22100018,4.94143
328,10.810611,2.4443898,1.254426,12.835902,3.9026148,4.597347,5.1423173,2.3621333,3.1581118,4.223348,5.614707,2.5037777
329,9.930855,0.8074157,1.3944715,10.050871,5.6720057,5.252005,6.05488,3.3316917,7.5462866,4.5791597,6.4530582,9.315913
330,10.654298,2.3220704,1.1473914,12.801973,3.7539022,4.5001974,5.1757374,2.3965075,3.0238113,4.380521,5.772686,2.5639102
331,9.655723,-0.8324545,1.356492,2.9198856,5.0000534,4.1840606,0.5139662,2.4766161,8.014758,4.377278,8.949799,6.9187574
332,8.492872,2.0708106,1.1678206,9.565685,6.1312857,3.7576578,6.2911205,3.023754,6.4993124,3.910146,5.7859483,8.05543
333,9.012135,1.0603093,0.89485383,11.094831,5.817935,4.4806104,5.400478,3.0629067,1.3342196,4.8198586,4.8407106,6.152082
334,9.15394,1.3880669,1.2655739,9.899638,5.5298123,4.4791436,6.2203994,3.0700645,6.226508,4.378162,5.7325306,8.635158
335,10.449443,0.91179603,1.0678414,5.4017878,3.5173182,3.6697943,4.459408,0.31138957,10.234567,3.6488554,11.943776,7.0009923
336,10.628203,0.70037174,1.0438639,5.3540354,3.352687,4.0830317,4.1215296,0.3722687,9.823494,3.8023574,11.614754,6.862713
337,8.717782,1.8029331,1.4491857,9.885743,5.736073,4.060356,6.101765,3.013164,6.593951,4.181531,5.7306485,7.914274
338,8.253799,1.1686531,1.0862391,10.579305,5.2637386,4.041432,5.087136,2.9483235,0.7045857,4.7271023,5.0288057,5.524451
339,9.125484,1.0063562,1.3523386,9.7819805,5.9340014,4.488191,6.729322,3.162712,7.231358,4.359401,5.8527946,9.069154
340,10.196818,-0.36064538,1.3674041,4.4234357,5.21632,4.841047,2.4393952,3.6618226,11.343054,4.261521,3.6832323,5.2365947
341,10.1266365,-0.42161295,1.369336,4.4224515,5.2163467,4.704475,2.4049187,3.694103,11.126747,4.2127547,3.3322294,5.2934647
342,8.382691,1.0212003,0.92346436,10.903123,4.8842463,4.2430406,5.055803,2.7997582,-0.08744816,4.856742,5.0121164,5.7559705
343,8.284155,1.0540957,0.9550418,10.761192,5.1148844,4.3171544,4.946035,2.8410459,-0.19756795,4.766742,4.8537226,5.6602354
344,8.362554,1.978026,1.148718,9.371721,6.126783,3.9070492,6.981765,3.0832245,7.2282114,3.8842006,5.4438853,8.293022
345,8.731414,1.6139522,1.2664536,9.480023,5.987131,4.2010303,6.812378,3.1350827,7.4170356,4.1060696,5.630012,8.516114
346,10.988012,2.4236236,1.3454715,12.934155,3.9721534,4.647081,5.113741,2.3621774,3.094429,4.156204,5.4580293,2.330818
347,9.520145,2.0395405,0.41034228,11.289402,3.9256482,4.541041,5.070252,2.7983894,3.2883072,5.0200934,5.2206917,6.440052
348,8.98944,2.218064,0.2059865,10.8306465,3.921615,4.2780814,4.8586836,3.7328696,2.653219,5.1120324,6.45948,5.5442615
349,9.643435,2.32646,0.91404605,11.86056,5.0414205,6.092417,5.039735,2.9780731,5.60573,3.6377068,7.045254,5.6227503
350,8.922973,1.286563,1.3595083,9.704559,5.9146156,4.313268,6.693687,3.1145816,7.1626964,4.258258,5.729627,8.675016
351,9.842019,1.7305331,0.5026289,11.362023,4.116922,4.994848,5.2772546,2.804746,3.0953112,4.763885,5.1885977,6.1827693
352,8.716883,1.412155,1.3633481,9.698667,5.998238,4.1329784,6.67783,3.0609975,6.978947,4.2029786,5.648986,8.439308
353,8.518149,1.6129758,1.3898748,9.666006,6.025361,4.018182,6.6422324,3.0318592,7.002572,4.1479053,5.575368,8.098993
354,9.470073,1.7527455,0.81290865,11.193223,3.749433,5.3499384,4.7853584,3.126819,0.9304104,5.3915496,5.849106,6.371594
355,9.295959,2.0260017,0.65175533,11.081247,3.9989684,4.83006,4.7297335,3.0216384,1.2055573,5.356744,5.7847,6.0619106
356,9.511921,1.5627667,1.1965408,9.631707,5.57531,4.6840243,6.0299854,3.2716076,7.1193047,4.429749,6.06254,9.285716
357,9.500724,0.56244075,1.9813874,3.2814507,4.5979986,4.9439325,6.20001,3.5147257,5.9943333,5.0774927,8.81704,10.069873
358,9.67683,-1.6748841,1.4719915,2.8571932,4.547719,3.974009,0.90573585,1.9386315,8.03518,4.663288,10.101553,7.0018353
359,9.823565,1.6184552,0.8339824,11.418217,4.2248316,5.455359,5.0669837,3.012164,1.4493531,4.9479485,5.6468215,6.7819357
360,10.497755,2.5529873,1.1601568,12.695361,3.8047686,4.554487,5.210924,2.3128068,3.3468766,4.2789984,5.8474746,2.828003
361,10.795281,2.6920645,1.3246932,12.724292,4.060139,4.6960993,5.110017,2.3086991,3.5173323,4.0683084,5.5974474,2.6551943
362,9.678013,-1.5188104,1.444752,2.8140826,4.7751756,3.9966493,0.6848068,2.0568662,8.0043335,4.457119,10.010958,6.929092
363,10.184596,0.85559595,1.5713856,9.917247,5.397776,5.2273116,5.8963165,3.3388271,7.7570634,4.6849594,6.481377,8.979607
364,9.859512,1.2536646,1.3836844,9.82201,5.379452,4.9874434,5.901442,3.2876081,7.373678,4.57227,6.241443,9.202122
365,10.354201,2.5412982,1.4606642,11.8105955,4.8741,5.8196054,4.834407,2.413396,5.463563,4.0640264,6.7652507,5.3207445
366,9.20794,1.2552742,1.5560021,9.956318,5.547601,4.473894,6.3504705,3.1219234,7.187575,4.362948,5.848758,8.380935
367,9.410771,1.4567641,1.0050907,3.2419894,6.5263076,2.623121,0.24488346,4.036133,8.316607,4.5965924,7.905784,7.0162783
368,9.354912,1.3904699,0.9986219,3.0765052,6.64815,2.6345904,0.12202237,4.047033,8.396114,4.62995,7.9757004,6.9484344
369,9.66161,1.8620715,1.1759982,9.873486,4.86529,4.7957826,5.5438337,3.1804717,5.988976,4.6763186,5.938278,9.647875
370,9.945006,2.6169608,1.302388,12.080553,4.92845,6.0115323,4.8358893,2.56217,5.4741244,3.9682658,6.9495115,5.3637357
371,10.24003,2.4365456,1.4445986,11.997722,5.049896,6.1231337,4.7783732,2.450401,5.55598,3.9300017,6.8436537,5.439414
372,13.649126,-0.116987824,1.1903101,5.1069107,4.9869695,11.6126795,5.725027,3.2853951,3.6080394,4.761584,5.7718005,4.3910193
373,13.809817,-0.019855283,1.1458303,4.992354,4.994617,11.620021,5.4453473,3.3013427,3.99144,4.7875295,5.7629094,4.402713
374,9.466637,2.423101,0.9697497,10.3042,4.9662943,4.266485,5.4174733,3.3640416,5.538221,4.0412745,6.0947967,8.527623
375,9.4033575,1.1838269,1.0478448,2.7897198,6.8693323,2.4681563,0.09177346,4.1047907,8.6102915,4.761691,8.435333,6.9486723
376,9.629152,-1.1462317,1.5064362,2.6048315,5.1736326,3.9437935,0.43437344,2.3879352,8.16579,4.4133782,9.509758,6.943117
377,9.72712,1.160498,1.5963378,10.023152,5.3032837,4.8424344,6.0434437,3.1856818,7.3257217,4.5268693,6.1367965,8.624187
378,10.272622,2.6290257,0.9561022,12.350588,3.9547663,4.678514,5.269423,2.5492413,3.579794,4.315537,6.1589923,3.3608394
379,10.348813,2.6165245,1.0467848,12.490661,3.874845,4.6090326,5.242512,2.428901,3.4936593,4.3055778,6.0302367,3.136306
380,9.287009,1.8839529,0.49834353,11.101981,4.343629,4.704985,5.1559763,3.2800114,1.7915025,5.016047,6.1694574,5.4011188
381,9.699095,2.629706,0.9583958,11.910877,4.843103,5.8557787,5.0354247,2.89282,5.333991,3.895378,7.0320745,5.3144145
382,9.649077,-1.2984153,1.45544,2.6863096,5.12926,3.78286,0.5347525,2.3598025,8.12575,4.492851,9.797881,6.965141
383,9.667566,-1.1422579,1.3700193,2.787145,5.107443,3.7653933,0.5760225,2.479001,8.1089525,4.595361,9.621898,7.015268
384,9.776429,1.6607271,0.47974283,11.413822,4.3590317,5.2551074,5.2089753,3.2435586,1.8792988,4.9264035,5.550234,5.642745
385,9.477584,1.1639922,1.527272,10.004943,5.470611,4.6947565,6.21106,3.1620424,7.212632,4.460433,6.0179543,8.726179
386,9.402299,0.9112321,1.5911462,10.069993,5.594086,4.6496296,6.450013,3.194042,7.4164734,4.437527,5.9805264,8.735668
387,9.1863,1.7145559,1.0716541,9.583071,5.8834105,4.322831,6.263937,3.2578037,6.733682,4.18791,5.963896,9.251877
388,8.924267,1.7977954,1.0871916,9.543574,6.006929,4.114502,6.4268584,3.1910927,6.706834,4.071969,5.8480763,8.93977
389,9.754179,1.7010984,1.2461525,9.870522,5.0974884,4.84115,5.6238947,3.24795,6.7316523,4.4945793,6.0562673,9.366764
390,9.676696,1.9695189,1.1488881,10.021735,5.0231414,4.6290517,5.5497065,3.2984512,6.2713556,4.3010974,5.9969554,9.298321
391,9.840934,1.6044705,0.8411797,11.351517,4.2730184,5.086635,5.3773704,3.0499763,1.6282072,5.111518,6.0740967,7.3483615
392,9.784646,1.4019144,1.083652,11.314704,4.476241,5.1470327,5.2625546,3.0435739,1.0974271,5.156785,5.947401,7.4313383
393,9.218889,1.9624634,0.54219,11.008018,3.90254,4.870557,4.87314,3.2098043,1.6667477,5.2760754,6.0321274,6.0125237
394,9.914399,2.6894083,1.1193342,12.071266,4.83066,5.826986,4.858241,2.794858,5.220747,4.098423,7.0716906,5.196026
395,9.75605,2.781751,1.0289164,11.978358,4.700938,5.6831427,4.981246,2.7796023,5.151204,4.1171255,7.013896,5.12265
396,9.017618,1.9315687,0.36935416,10.790465,4.1713667,4.6877704,5.0496855,3.2192671,2.1382701,4.9734726,5.9711766,6.002104
397,10.100581,1.3917502,1.04839,11.4445505,4.2103333,5.248797,5.477287,3.2115667,1.3408355,5.359381,6.374156,7.599277
398,10.196206,1.2980404,1.3028797,11.573519,4.3062906,5.2965317,5.2761145,3.270209,0.9703314,5.6356087,6.5566163,7.6692457
399,9.418841,2.175088,1.4468253,10.535933,4.738698,4.5208225,5.362384,3.1213987,6.488672,4.089741,5.898198,8.631881
400,10.361313,3.1268969,0.6923999,11.4709215,4.6926613,4.704612,5.3045096,3.2473528,4.5662503,3.7550988,7.3633556,4.568925
401,9.59637,1.2051235,1.1678174,9.9154215,5.5498047,5.5039744,5.218829,3.111461,4.2000957,4.246046,6.391232,0.13962601
402,9.426444,1.961664,0.84219325,11.003286,4.5028396,4.918322,5.414448,2.814761,3.2586796,4.4189334,5.772423,6.5370607
403,9.741015,2.3283665,1.0788898,10.367895,4.894214,4.101747,5.161268,3.561572,5.948961,3.7084782,5.9746985,9.067661
404,9.569063,1.7075762,0.66047394,11.258438,4.4018464,5.0542192,5.2455387,3.146241,1.7518456,4.902977,5.878642,6.3226676
405,9.490878,1.8804549,0.78677297,11.090461,4.398677,4.9280095,5.3518934,2.8898458,2.803442,4.6147356,5.8057895,6.7516
406,9.526326,1.7133089,0.9321997,11.049718,4.5399632,5.1746054,5.2223043,2.9200642,2.2629573,4.6439047,5.762056,7.152836
407,9.427956,2.2399619,0.8743597,11.001369,4.5451183,4.9754176,5.5842743,2.7479126,3.8864005,4.080876,6.0352235,6.0993905
408,9.342031,2.1834068,0.46318403,11.033611,4.585633,4.992198,5.864224,2.7848368,3.5812297,4.12792,6.0401244,5.856731
409,8.415303,2.0237737,0.9512417,10.247741,5.829748,4.8292494,4.7622337,2.9962318,0.428098,4.459157,4.3822384,6.0982647
410,8.7156,1.3292354,0.8586957,10.782761,5.3355536,4.705624,4.895309,3.023159,0.68270105,4.65444,4.984232,6.133494
411,8.722149,1.3448274,0.9149643,10.693648,5.399754,4.5426826,5.017829,2.9972491,1.2795576,4.604265,5.118985,5.8098745
412,9.504459,1.5078444,0.6697224,11.246642,4.490833,4.8920593,5.518764,3.062159,2.247626,4.606121,5.8672724,6.443866
413,9.429446,1.6535286,0.6770838,11.146548,4.5078077,4.868929,5.5356793,2.9950502,2.596185,4.478278,5.8767066,6.353351
414,9.116973,2.3367267,1.4327298,10.5421505,4.6946373,4.3487024,5.40922,3.0189044,6.0596294,4.270849,5.777877,8.445937
415,9.058926,1.5043297,0.7039957,10.808048,4.7317233,4.551487,5.312317,2.9182444,2.5035012,4.5434732,5.29872,6.3395653
416,9.129093,1.6445082,0.70329684,10.8647585,4.6688814,4.641008,5.342564,2.9614413,2.5208924,4.5446877,5.5349283,6.3251586
417,9.659494,-0.37900817,1.2078036,2.70826,5.903784,3.0300171,0.406411,3.2796772,8.333768,4.864583,9.350084,7.0978246
418,8.928676,1.3929125,0.8435693,10.825046,5.1305413,4.640673,5.1245065,3.0229743,1.4974617,4.6377735,5.228279,6.2430973
419,8.972019,1.4836562,0.7649734,10.801761,4.9343576,4.5673647,5.223479,3.0203204,1.9792408,4.5982985,5.4372015,5.9367485
420,9.691156,-1.6675082,1.4322488,4.7428813,3.8772852,4.0641513,4.448933,3.076327,12.543085,3.9581368,7.0671544,4.377191
421,8.386678,5.169965,0.26811412,4.917425,5.9643154,3.753471,5.523063,4.71671,1.9205402,4.772865,2.9368107,2.5019708
422,9.447815,0.42511857,1.3232393,2.3874817,6.638624,2.750183,0.09479601,3.7229447,8.715781,4.7469196,8.790912,7.0019493
423,9.110476,-1.4492185,1.3757763,2.8406634,2.9217546,4.19179,0.757462,3.252369,6.226846,5.710797,3.3671489,3.2198732
424,9.494478,1.0971669,1.1891646,2.8178601,6.820124,2.4002695,0.34462005,4.0623264,8.660492,4.742892,8.646779,7.1263556
425,9.536022,1.3064532,1.0822055,3.0848794,6.7404604,2.3696158,0.5927675,4.149766,8.44588,4.729399,8.558504,7.249464
426,9.652955,-0.71128744,1.4167396,2.6055646,5.76857,3.1690688,0.59449244,2.9960735,8.419359,4.764506,9.56668,7.0675807
427,7.938266,6.5645695,-0.07045785,6.822166,5.0833464,4.0813236,3.7539418,4.29491,2.29971,4.05763,3.1910954,1.8755574
428,9.645764,-0.53469276,1.3447789,2.576358,6.005054,2.9221547,0.51666003,3.2476099,8.487283,4.8795094,9.52398,7.105493
429,9.575113,-0.34665352,1.4222369,2.3781774,6.1247993,3.0596516,0.2847703,3.2766495,8.566927,4.7628946,9.208994,7.064991
430,9.235454,2.1587243,0.14358762,11.00105,3.855302,4.582838,5.032047,3.803877,2.3759315,5.168087,6.8789806,4.485751
431,9.222112,2.302475,0.21665782,11.0193205,3.9379094,4.469287,5.0631924,3.5482733,2.684883,5.120183,6.741348,4.9001365
432,9.306223,2.759572,1.1755857,10.693077,4.563336,4.444761,5.214981,3.059887,5.5410547,4.225162,6.0459714,8.219036
433,9.295724,2.6968653,1.3043029,10.708893,4.51319,4.5117335,5.1849585,3.0128186,5.833713,4.2337747,5.9582624,8.4769
434,8.261805,5.184795,0.32306308,5.237628,5.893094,4.012237,4.923977,4.344087,2.4470508,4.51596,2.758241,2.5495446
435,9.674417,0.5779765,1.0763888,2.962586,6.440155,2.4284756,0.59598833,3.8932097,8.483985,4.9560237,9.064346,7.0963573
436,13.629458,0.2882546,1.1031524,4.8642178,4.953303,11.936029,5.3837967,3.4267035,4.5893126,4.6360555,5.6785207,4.2757807
437,9.616983,2.031727,1.2750531,10.322023,4.8860865,4.5681095,5.4217663,3.2584977,6.3707647,4.1440845,5.9768553,8.988534
438,9.557752,2.2717648,1.1817234,10.398111,4.834185,4.3874664,5.3521266,3.2941415,6.0199866,3.9976323,5.9687867,8.771476
439,9.499939,2.9778478,0.8320546,11.883887,3.8183856,4.456713,5.2173414,2.471015,3.9663327,4.7909017,6.8667,4.299055
440,9.562548,0.49583665,1.1383741,2.6532524,6.614365,2.553591,0.28180495,3.8754005,8.604416,4.907917,8.979205,7.025005
441,8.070853,5.893208,-0.14765987,5.81788,5.1310525,4.3143353,4.6911554,3.8745031,3.1687834,4.611504,3.4846148,2.184305
442,9.679354,2.7507546,0.47611663,11.661113,3.709535,4.330167,5.242047,2.666531,3.6529698,4.6924915,7.2857246,3.9321797
443,9.703041,2.8433485,0.59508365,11.859844,3.7822397,4.4043865,5.2242384,2.5358183,3.9214337,4.6932087,7.3639936,3.9067945
444,9.723963,0.40464392,1.2192476,2.8708549,6.435054,2.4771445,0.72257435,3.801265,8.575444,4.924566,9.191254,7.179257
445,9.606603,0.21819004,1.3796823,2.5155475,6.5303626,2.6307418,0.4565052,3.6724954,8.736244,4.83781,9.148732,7.108754
446,9.6874485,0.27134138,1.2924446,2.6724012,6.528064,2.4750953,0.60542864,3.7726488,8.695405,4.943687,9.270176,7.133368
447,9.547127,0.4429889,1.273618,2.5250738,6.677071,2.5419276,0.30412486,3.8274207,8.726844,4.8676176,9.017338,7.053424
448,8.840288,-2.2515032,1.384791,2.16491,2.2173293,3.8434453,2.6022625,2.09207,5.5318832,6.487307,6.265629,2.4139247
449,9.2825985,2.8369045,1.2189072,12.541622,3.670684,4.042211,5.004416,2.0736406,4.245311,5.2685714,7.2165966,3.5448966
450,13.772039,0.82480985,1.1728781,4.3499346,5.1069813,12.496127,5.4482336,2.915401,3.5948415,4.630484,5.7869334,4.5430207
451,9.303884,2.8269858,0.60789627,11.431363,4.0553155,4.7429247,5.3708115,2.7845483,3.9692507,4.4133134,6.430742,4.680868
452,12.752701,0.6196276,1.3404697,4.3409586,4.913296,12.519318,5.730117,3.1360917,3.1256423,4.186325,5.83029,4.561119
453,8.3159075,4.858446,0.0784408,4.68131,6.2259655,3.974516,5.9738636,4.346083,2.3480775,4.5893264,3.15962,2.6552541
454,9.570636,-1.2966715,1.3397669,3.239433,4.2762413,5.582612,0.3068626,1.9121939,7.2649426,3.6788816,7.3816495,7.1056614
455,8.147173,6.3829184,-0.302154,6.7528396,4.8250136,4.281496,4.6322494,4.1002564,2.9236646,4.5631275,3.1081529,2.1900122
456,9.4921465,3.0846245,1.4182642,11.260835,4.436431,5.172721,5.4142194,2.289781,5.9179163,3.8582587,6.3543653,5.9263134
457,9.380331,2.640134,1.3179259,12.477959,3.4939215,3.7199686,5.1464224,2.101038,4.0556746,4.9819555,7.373965,3.5021594
458,9.395319,3.0019853,1.1623822,12.374336,3.715452,4.2186565,5.173524,2.0896056,4.437032,4.838771,7.0986075,3.7395236
459,8.354727,4.6328516,0.20121942,4.406333,6.3703823,4.1134324,6.597255,4.1190796,2.526183,4.806708,3.934166,2.6808934
460,8.457626,4.29045,0.29307297,4.1890535,6.449541,4.1510663,6.887205,4.039195,2.5586705,4.843816,4.13149,2.8114338
461,9.564606,2.860664,1.0137811,12.330665,3.7178233,4.2549467,5.1625004,2.3530414,3.9557335,4.9908323,6.9901214,3.8601506
462,9.484509,2.9708047,1.1956147,12.496797,3.568555,4.0639625,5.190808,2.1036236,4.1307025,4.979787,7.027301,3.7320514
463,9.563691,2.93742,0.70204383,11.374275,4.1418924,4.763668,5.493299,2.6712317,4.506884,4.0155134,6.6885266,4.396588
464,8.061067,6.040032,-0.12171662,6.382044,4.750239,4.242155,3.9443762,4.011329,3.0077746,4.3535542,3.0586956,2.1152587
465,13.00004,0.8641623,1.2703794,4.3279076,5.0583153,12.661918,5.7565417,3.039039,3.3812344,4.322795,5.7566376,4.5204883
466,14.096213,0.4857934,1.1197785,4.597717,5.0538344,12.096341,5.2802534,3.0358922,3.8863294,4.7973647,5.79313,4.482967
467,13.870224,0.5713179,1.0938457,4.6513133,4.9710674,12.141629,5.313907,3.2463422,4.423268,4.6223536,5.7256207,4.3154845
468,8.052928,6.4964957,-0.15524141,6.4781938,5.1409316,4.1547546,4.727457,4.310925,2.7051415,4.426497,2.9244397,2.108784
469,8.108767,6.3484693,-0.18733904,6.817164,4.8251777,4.2708845,4.4072733,4.070609,2.801796,4.445568,3.1101418,2.3062696
470,8.0809555,6.023181,-0.08879715,6.8569536,4.6634893,4.316168,3.8913457,3.8820632,2.83491,4.3372846,3.2093925,2.431642
471,9.939157,0.83413565,1.7257042,9.872248,5.2822614,5.116907,5.5777154,3.0335627,5.2736053,4.014351,6.2728486,0.50164115
472,9.765557,1.1920148,1.468881,9.989869,5.346461,4.917054,5.408068,3.0755863,5.125076,3.9690065,6.3158946,0.92377144
473,8.528621,1.9128469,0.8090475,2.7016165,3.7427046,5.69018,3.636755,1.2319348,5.6465125,4.2681828,6.769961,1.9583647
474,13.431611,0.760301,1.2144686,4.3483768,4.8687515,12.438023,5.44197,3.1878839,3.9235942,4.2877445,5.793552,4.441972
475,13.14494,0.8320675,1.2822822,4.2365413,4.8776083,12.593925,5.5769324,3.1227484,3.5239153,4.1774063,5.8194613,4.5127454
476,8.137481,6.3618345,-0.35458186,6.4214168,4.8401246,4.2044473,4.638746,4.2794185,3.1088386,4.5567145,2.8222578,1.7935998
477,8.104365,6.3007107,-0.29812217,6.461493,4.7003703,4.234452,4.3591027,4.177034,3.164547,4.4728084,2.8699534,1.8013266
478,9.27777,2.4930234,0.22441739,11.052505,4.0051193,4.534357,5.2815065,3.3161714,3.407521,4.6865616,6.7605166,4.608924
479,9.513432,2.690722,0.30328852,11.153763,4.0914216,4.6792274,5.4475055,3.2068732,3.9007502,4.304895,6.8569016,4.683234
480,8.166726,5.4227524,0.02942826,5.1162224,5.9568195,4.086633,5.711389,4.221642,2.589885,4.7276297,3.5328681,2.4081197
481,10.006013,-0.4848642,1.274853,4.552701,2.7408192,6.2833138,1.357876,0.51216984,7.6829624,4.1412683,10.25455,6.0302496
482,9.457083,0.5730252,1.1636066,4.5799804,3.5259452,6.076148,1.489297,2.5791895,7.1988316,4.666497,0.3879433,5.1728716
483,9.901712,2.9121122,0.37204507,11.275198,4.342212,4.799828,5.3046627,3.6330388,4.191644,4.250922,7.233466,5.003055
484,7.966868,5.6913676,0.08886791,4.867345,6.256071,4.05298,6.197684,4.4306245,2.4049518,4.6530557,3.634863,2.4378498
485,8.008888,5.428395,0.05338624,4.6028423,6.4839163,4.094602,6.598591,4.3533955,2.434183,4.7342634,3.8803265,2.5099065
486,9.458074,0.21786444,1.1698008,5.1012173,3.234793,5.8321285,1.1439432,2.976216,7.644275,5.2633977,0.2010571,4.605158
487,10.714355,0.7346099,1.086143,5.441568,2.8953767,6.239265,3.0478082,0.59045905,8.481266,3.8804512,10.678373,6.422673
488,11.078959,1.0374787,0.98625773,5.930356,2.9640057,5.871951,3.3990483,0.5043746,8.817063,3.8100026,11.000661,6.407484
489,8.122277,5.9066696,-0.11962944,5.743328,5.4713755,4.1957736,5.1585965,4.1201286,2.8335364,4.653867,3.355481,2.2621872
490,9.585466,-1.035743,1.3438445,3.168495,4.5980163,4.778978,0.12206885,2.3647683,7.6179776,4.0721784,7.57015,6.8713584
491,9.508797,-0.6942273,1.3062989,3.302981,4.6425858,4.5433574,0.1236814,2.692675,7.526153,4.235653,6.7206135,6.577651
492,9.4590845,0.4866305,1.1829742,4.176706,3.7130446,6.133399,1.6151614,2.5340679,7.2637725,4.7191205,0.27458122,5.2614403
493,9.462319,0.3319487,1.1684923,4.7541785,3.448207,6.076702,1.4047837,2.679711,7.5095468,4.9703975,0.12357561,5.048039
494,8.395243,-0.55687916,0.6718196,1.2269778,4.1176295,4.273703,4.3336234,0.6034747,5.4015365,4.7993436,9.667982,0.34704477
495,8.425414,-1.0541954,0.6738506,1.3239503,3.688974,3.6741805,4.025005,0.97152495,4.964592,5.714432,9.459885,0.5041951
496,8.385725,-0.958343,0.57270074,1.2717289,3.9140644,3.5914268,4.104724,0.9235356,4.846313,5.648102,9.727684,0.34411213
497,9.647368,-5.6746354,1.2737556,6.6272783,8.825809,4.998311,5.671929,4.780782,4.375967,6.3212585,6.4693713,4.899568
498,9.928114,2.7897303,0.15738827,11.008348,4.4383883,4.8230114,5.6853366,3.5410306,4.3639026,3.8146083,7.3151584,4.9501734
499,9.731617,2.9144986,0.59835064,11.392786,4.595522,5.175962,5.2688727,3.4436462,4.7015505,4.16677,7.1435804,5.1907477
500,9.43719,1.2203711,1.1035719,10.12167,5.560134,4.999577,5.398642,3.349078,4.7225313,4.0301375,6.4564447,0.70550096
501,8.662407,1.3546557,0.673284,1.6439898,4.145584,4.9896383,3.6623394,0.82082295,6.521811,4.3583355,7.563414,0.47817513
502,10.483476,-0.6230237,1.3962004,4.7227774,4.915967,5.6044908,2.7097614,3.3620653,12.116709,4.415271,5.758202,4.740196
503,9.353846,0.91780645,0.83048415,10.081297,5.62321,5.7206626,5.0728054,3.537456,4.237134,4.2649646,6.502936,0.12515959
504,9.659148,-5.542785,1.2693074,6.612794,8.911177,4.909864,5.6886945,4.9303093,4.368687,6.0708256,6.6957603,4.8967404
505,9.432123,0.53905284,0.9942555,10.112499,5.334886,5.5665827,4.9722695,3.4171443,4.981496,4.1006436,6.522857,0.214911
506,9.645909,-5.948158,1.2979913,6.5278854,8.214783,4.6819124,5.5364685,4.6552014,5.1475043,5.3259487,6.5551896,4.899392
507,8.058571,5.8775153,-0.0633467,5.7903757,5.365381,4.0790157,4.59649,4.3356047,2.7925963,4.416856,2.9067545,2.0336137
508,10.32663,-0.61345804,1.3878714,4.4118986,5.0792327,5.3272953,2.2831268,3.5359063,11.808944,4.108113,4.5130544,5.037338
509,10.477756,-0.41741422,1.3838398,4.459224,5.1998067,5.6701837,2.2993343,3.4950778,12.020444,4.215084,4.841727,4.922559
510,8.173222,5.729832,-0.06548774,5.424123,5.859721,4.0441284,5.575109,4.3821416,2.526485,4.6824408,3.2297966,2.3034852
511,8.249222,5.2878327,-0.029915905,5.060473,6.029866,4.022335,5.7445297,4.3521433,2.518892,4.6765957,3.2365797,2.3950028
512,8.231743,5.6076837,-0.1342667,5.4176116,5.8236904,4.017113,5.4772015,4.425915,2.6005406,4.673954,3.0509255,2.2157786
513,8.14584,6.329793,-0.26535854,6.326069,5.236369,4.1798773,5.0377927,4.2762957,2.7798374,4.6218743,3.05518,2.1510441
514,9.619772,1.0378845,3.5210211,1.9870876,5.801606,3.872166,7.2599087,4.855423,-0.49451074,3.855914,4.510014,4.9423327
515,9.469809,0.7262065,1.016124,10.019801,5.4403963,5.685973,5.0000153,3.3319647,4.5912323,4.209314,6.486636,0.06826283
516,8.304711,4.999505,0.07007657,4.776096,6.1923065,4.02624,6.0797324,4.259154,2.4574888,4.752002,3.5550737,2.5097356
517,8.323437,4.9776716,0.045937236,4.811779,6.175984,4.0620694,6.0524898,4.163586,2.5665467,4.8405857,3.750875,2.4421196
518,9.07533,0.58679664,1.21235,3.1865144,6.523816,2.420977,6.7831774,4.929956,3.7570841,3.7803211,8.350844,11.939957
519,9.295114,0.43225774,0.69935566,10.109647,5.1040907,6.084348,4.3530645,3.410711,4.4400268,4.413504,6.599678,0.17217328
520,8.116863,5.063208,0.0028270092,5.6829925,4.025502,4.918936,3.4644532,2.483194,4.0406656,4.7092886,5.114617,2.4682114
521,9.444736,0.8166104,1.2810029,10.268359,5.3049016,4.577633,5.2477484,3.461038,5.4392896,3.597387,6.4973207,1.2881721
522,9.405017,0.6115776,0.78190666,10.015118,5.27174,6.1473265,4.4743342,3.328148,4.1755404,4.463605,6.5626297,0.07455339
523,9.337808,0.47569266,0.6563961,10.025797,5.164877,6.3931894,4.192605,3.327541,3.9877076,4.593112,6.599151,0.08708047
524,8.189712,6.068579,-0.31372517,5.9681454,5.417669,4.087959,5.1761346,4.427353,2.8293169,4.667181,2.8844037,1.9843976
525,8.219706,5.878887,-0.24892072,5.7226377,5.6022763,4.0292516,5.2741585,4.477366,2.723117,4.6796083,2.881394,2.0390081
526,9.9442215,-0.44888878,1.3911026,3.7431865,2.6559556,7.3597293,1.4211642,0.37622988,7.455129,3.3188815,10.365694,6.25271
527,9.835538,2.391925,-0.08988332,11.253413,4.319082,5.0067773,5.468616,3.9192505,3.5539963,4.590327,7.5414815,4.33664
528,9.653623,-5.8498793,1.2692344,6.6745954,8.815172,4.991184,5.6135736,4.168937,4.169061,5.5591297,6.3275714,4.880606
529,9.507027,2.2036517,1.1092238,5.1305585,4.233348,5.631937,1.1198114,3.703265,5.657363,4.5978823,0.41616708,4.553615
530,8.138679,6.037024,-0.12836546,5.788781,5.6602445,4.0552325,5.3033295,4.4329305,2.5783527,4.60566,3.0199964,2.1944528
531,8.098033,6.152075,-0.099839285,5.9290333,5.5300555,4.0801725,5.086809,4.3925095,2.6028337,4.5303745,2.9960608,2.1798131
532,9.2865715,-0.85210884,1.2639724,3.7316048,3.0356903,4.6826477,0.029256653,3.8479605,6.2237687,5.25789,2.6321695,3.5032048
533,9.301347,-0.29955393,1.2016829,3.9392045,3.248394,4.8535876,0.22099218,3.8149118,6.466224,4.922935,2.3687751,3.6480322
534,9.564206,0.24155104,1.2027009,5.0976677,3.6083663,5.0772066,0.23106462,3.8330007,7.3116655,4.728244,1.7478514,4.3128896
535,9.430513,1.3461748,1.2206458,4.259051,4.076454,6.1766806,1.7655134,2.5985248,6.1709366,4.225075,0.26042867,6.0202193
536,9.285494,1.8051322,1.3572482,2.5331373,5.2215557,6.638558,6.341414,2.2452013,6.4939175,3.622261,9.44719,9.913157
537,10.121395,1.2057536,1.1713805,4.444932,3.0230334,7.49859,3.3119173,1.0855399,8.071448,3.7763782,9.571679,7.5208282
538,9.948783,2.2098837,1.472105,4.7694983,4.8921003,3.2376387,2.5234556,5.525068,0.35954535,4.927404,2.0333748,3.6021817
539,9.075891,-1.1536933,1.036217,1.6686484,3.444901,3.66401,4.3050437,1.510219,5.304149,6.23087,9.745769,0.7429667
540,9.391572,0.015368117,1.195598,4.3689547,3.342912,5.0575204,0.33336174,3.7334259,6.8493505,4.7539783,2.105484,3.9865236
541,9.582698,0.87248963,1.3835921,9.895967,5.8584404,5.31307,5.898078,3.5037177,4.933411,3.955808,6.3302097,-0.26023817
542,9.225138,-1.3498523,1.3110015,1.8334476,2.9038455,3.9757006,4.663974,1.3751264,5.4630785,6.3116446,10.074442,1.1146955
543,9.169265,-0.97870165,1.1490941,1.7536541,3.3672307,3.9057434,4.5445223,1.4089979,5.471227,6.099833,9.973026,0.8186069
544,9.42539,0.71473926,1.1668588,4.555799,3.1931624,5.35899,1.0322126,3.475642,7.3925924,5.641698,0.085355654,3.5982828
545,9.418406,0.64354277,1.1317768,4.1856265,3.464332,5.407279,1.2258524,3.278435,7.048728,5.344449,0.27738008,3.8625798
546,9.198975,0.86400044,1.3557718,3.5174854,6.53322,2.7818964,5.903047,4.6988316,3.7879868,3.8037727,8.030751,11.612713
547,9.005026,-1.9282212,1.3506637,1.8706146,2.4531503,3.7989771,4.1583195,1.472332,5.2861004,6.59975,9.125529,1.5326033
548,9.040613,-1.894521,1.4156463,1.871166,2.4101737,3.9645853,4.2292476,1.4185357,5.457139,6.468283,9.120396,1.5708312
549,9.261191,-0.09815659,1.2237655,3.582456,3.447248,5.047317,0.8825427,3.234297,6.753318,4.8058286,2.440757,3.8581846
550,9.752263,0.36640763,1.5333961,10.030817,5.2259865,5.233358,5.5507894,3.0881782,5.274299,3.9529922,6.4190583,0.49492383
551,9.796247,0.4962059,1.6595955,10.095863,5.2909317,4.7264285,5.8322196,3.2947314,5.8717294,3.693624,6.3724227,0.795981
552,9.608814,2.397252,0.21093622,11.251176,4.1867085,4.7152824,5.156125,3.7737799,3.3999524,4.8613796,7.0209384,4.8073764
553,9.855225,2.5567217,0.009895967,11.207215,4.0934916,4.651119,5.349302,3.943925,3.344512,4.670562,7.2224407,4.546334
554,9.110104,-0.9028703,1.0206997,1.6722822,3.5921774,3.696728,4.748467,1.3491992,5.0905995,6.1942964,10.633548,0.665067
555,9.246882,-1.1077355,1.1987861,1.7933619,3.2095063,3.7791593,4.885476,1.4071796,5.138089,6.425179,10.746872,0.90785193
556,9.391167,0.30695748,1.063513,2.9663126,6.9468484,3.229145,6.766216,4.6688166,3.5042653,3.7322712,8.819513,11.700996
557,9.433062,-1.9743338,1.4493505,4.4858494,3.4948418,3.6883214,4.625547,2.8804936,12.643093,3.6224313,7.2200933,4.4606276
558,9.243605,0.58605736,1.2058805,3.2475262,6.674478,2.8993793,6.414613,4.718255,3.7612224,3.7737021,8.4028845,11.693498
559,9.320289,0.50345737,1.2102795,3.2648458,6.646956,3.1934757,6.3584146,4.5789447,3.865638,3.7701724,8.471347,11.594728
560,9.950127,1.0197831,1.0859838,3.7219644,3.3492033,7.662254,3.2331412,1.1042296,7.5981236,3.603173,9.35152,7.538328
561,10.516606,1.3452106,0.6337346,2.9315727,3.3952515,9.053559,4.59296,1.1660225,6.6993895,2.7195883,9.700275,7.5274677
562,9.452414,1.0017406,1.2695832,3.5061762,4.2675567,6.2390194,1.9028134,2.4275103,6.53572,4.4103026,-0.0471603,6.14941
563,9.634631,-6.1698484,1.2862207,6.6443543,8.384911,4.983383,5.555089,3.9838386,4.6126914,5.56281,6.0697193,4.883851
564,9.132653,0.6067216,1.0529313,3.1305463,6.9351087,2.2408967,6.686185,5.1554537,3.5898685,3.7726808,8.317611,11.924462
565,9.1716585,0.61838394,1.0978295,3.059836,6.8981247,2.496091,6.6496973,4.972712,3.5245144,3.796611,8.462409,11.8400545
566,9.628588,-6.0626907,1.3152633,6.4945793,7.893005,4.798388,5.5571203,5.06896,5.60586,6.709161,6.254983,4.925605
567,9.423712,0.9559949,1.1231939,3.1120245,3.84352,6.5115733,1.7910618,2.1796098,6.756792,3.8318639,1.5037606,5.230886
568,9.452401,0.79280335,1.1527423,3.5377088,3.6837642,6.335154,1.5741444,2.3118804,6.9560194,3.9954972,1.4523956,5.0770807
569,9.321225,0.9723713,1.1162585,2.7412426,4.022858,6.179993,2.0750573,2.3470392,6.2314615,4.1897907,0.96341527,5.0057554
570,9.3382,0.9151326,1.1438359,3.2040555,3.838853,6.08749,1.7996738,2.4605849,6.417405,4.128104,1.3551313,4.791742
571,10.652378,-0.4383091,1.4077497,4.749777,4.835363,5.840882,2.8171353,3.253997,12.297759,4.6443615,6.105315,4.6349673
572,9.371467,0.7030835,1.1502193,3.2194855,3.9359353,6.000686,1.9053144,2.5002873,6.706472,4.529465,0.6994818,4.929081
573,9.394208,0.66453475,1.1619353,3.5901356,3.8252237,5.7667866,1.685855,2.7742383,6.7612605,4.7496176,0.58628345,4.6431026
574,9.641162,-5.9681296,1.3104595,6.4975414,8.043508,4.743108,5.560386,5.049632,5.455338,6.3472495,6.417735,4.9239693
575,9.605942,-6.340086,1.3203493,6.4954495,7.629707,4.780795,5.493045,4.699307,5.7964253,6.40793,6.039966,4.9077764
576,9.976013,-0.6703932,1.401719,3.8382227,2.5547514,6.474728,1.5176505,0.4682232,7.7628665,3.9965804,10.310842,6.3026347
577,9.622166,-6.27191,1.3137566,6.523331,7.865739,4.814415,5.5225987,4.6099772,5.500155,6.1120353,6.1404805,4.907519
578,9.958486,-0.738066,1.5889226,3.5766456,2.1642907,6.049047,1.5797907,0.09818959,7.7286515,3.763537,11.231075,6.356775
579,9.950583,-0.7257805,1.5140797,3.6968822,2.2845821,6.3385468,1.4614629,0.21726279,7.738895,3.8729308,10.798212,6.281629
580,9.320239,1.7239013,1.166003,3.8343444,4.1925244,5.7582946,1.8394506,3.017315,5.252927,4.1850395,0.4512121,5.178826
581,9.6488085,-6.0475965,1.2927569,6.594582,8.398696,4.92929,5.5988774,4.4838166,4.8139596,5.8412147,6.298825,4.9020314
582,9.645921,-5.8607364,1.2834431,6.618692,8.625541,5.0052094,5.6425486,4.6439867,4.5647197,6.2480693,6.33181,4.9040527
583,9.377606,2.2088509,0.11412644,11.195753,4.1715508,4.9202166,5.677219,3.1623976,3.2623394,4.5095024,6.470087,4.8146915
584,9.640612,-6.1776867,1.3048474,6.5571337,8.138672,4.8785186,5.5746555,4.5810637,5.172346,5.9526896,6.246016,4.9058595
585,9.655796,-5.818087,1.2965779,6.5460634,8.406155,4.8497286,5.6319156,5.0405993,5.011964,6.304331,6.521664,4.919594
586,9.25702,2.1115105,1.1315778,4.2323437,4.277933,5.5518093,1.7602524,3.3121684,4.8208294,4.128548,0.30309263,5.1190205
587,9.28243,2.0882506,1.1267157,4.456863,4.21826,5.513824,1.5740025,3.4054902,5.0335083,4.250879,0.34464473,5.012095
588,9.284834,2.0389793,1.1439065,4.228526,4.232508,5.614784,1.7142091,3.2546098,4.9584537,4.172358,0.33255953,5.135803
589,11.0680065,1.3787614,1.0458579,6.2831354,2.507443,7.213291,2.693835,0.60272175,8.140003,3.6560063,10.585903,6.1884513
590,10.772697,1.1046994,1.1244543,5.8212414,2.5663261,7.326446,2.7119484,0.6844026,8.015914,3.7630253,10.365764,6.2128057
591,9.600742,-6.130993,1.3227125,6.438923,7.4878798,4.6324987,5.460981,5.1078825,6.100887,6.8219376,6.170873,4.920235
592,9.616214,-6.09453,1.3214011,6.451298,7.6451006,4.6585903,5.4923987,5.1106253,5.933137,6.6627636,6.2579055,4.923713
593,10.009361,-1.0087875,1.8126084,3.1310272,1.6249304,4.89254,1.8957689,0.08794749,7.955786,4.1995792,11.6391115,6.3982306
594,10.021616,-0.9647946,1.6979082,3.3266797,1.8510901,5.0538964,1.9287376,0.15248597,7.954653,4.134958,11.514098,6.488593
595,10.010426,-1.5230803,1.427181,3.734297,3.21521,5.0713573,1.686555,0.12438125,7.6744633,3.9291592,11.968479,6.4244256
596,10.082606,-0.9827343,1.6201332,3.514419,2.0845187,5.0616975,2.0746012,0.36806467,8.100656,4.3067718,11.102989,6.623259
597,10.100569,-0.9667359,1.5769068,3.5858324,2.1926713,5.133492,2.0959885,0.44473338,8.125012,4.326223,10.945309,6.6644816
598,9.42182,1.1234375,1.12391,2.883529,4.1002717,6.629342,2.008707,2.0781198,6.5550137,3.8857226,1.0562588,5.7840996
599,10.130592,0.17000842,2.1382058,9.828517,5.3885407,5.1647987,6.5184193,3.386769,6.012069,3.8097854,6.1853523,-0.08684731
600,10.040013,0.10113341,2.0394669,9.932558,5.3710785,4.9380536,6.473546,3.4551802,6.1896486,3.695825,6.247233,0.19789934
601,9.448006,1.5273665,1.1754464,3.89928,4.030628,6.4932623,1.6643325,2.3151495,6.3422265,3.94862,0.37251288,6.0568514
602,9.644094,-6.1081915,1.2779413,6.6645675,8.438462,4.897801,5.5069227,3.555942,4.3866696,4.770602,6.1103697,4.8688083
603,9.403602,1.7908391,1.1170796,4.569322,3.8665202,6.2947297,1.4681327,2.5292783,6.195227,4.0127544,0.37146997,5.708414
604,9.417887,1.7431428,1.1043526,4.158163,3.8861406,6.5076275,1.537867,2.315425,6.3052497,3.8445191,0.52388805,5.7904778
605,9.422897,1.618053,1.0969975,3.701168,3.9868276,6.674226,1.6807467,2.1467857,6.3900104,3.7791436,0.58228344,5.997504
606,9.723447,0.20813571,1.6133194,10.0550585,5.461129,5.045904,6.0481157,3.444738,5.722549,3.7443326,6.389308,0.22765212
607,9.914246,-0.40054986,1.1978655,3.175995,3.5614235,7.615266,2.160383,1.0966264,7.3103104,3.1414418,8.813546,6.5402513
608,10.143785,-0.13208656,2.0181236,10.1991205,5.0910053,3.8551645,6.4980254,3.5237675,7.007857,3.2969253,6.4811764,1.784617
609,10.861067,-0.27560717,1.3922123,5.0969963,5.081473,6.5608854,2.3811657,3.299024,11.761629,4.577159,6.312667,4.6743083
610,10.88252,0.13320538,1.3577415,4.9844074,5.241406,6.678705,2.6534572,3.2534451,12.117694,4.577611,6.2805305,4.5592523
611,9.598022,-5.8995137,1.3241422,6.3809943,7.3692966,4.4510765,5.4191165,5.4996376,6.380655,7.1463356,6.3426323,4.931021
612,9.624614,-6.320708,1.2954646,6.6097345,8.11826,4.8975787,5.503962,3.9048498,4.9290805,5.3372145,6.023794,4.881468
613,10.5184145,-0.82764375,1.3990992,5.1801953,4.3405533,5.682873,3.457074,3.0001276,11.886439,4.782767,7.5880537,4.425612
614,9.622028,-6.2718825,1.2897301,6.6247854,8.096823,4.831227,5.4465585,3.4641762,4.756883,4.732467,5.977753,4.8672004
615,10.06348,0.48215842,2.0224051,10.003903,5.426997,4.2016964,6.5034556,3.5134,6.510961,3.450314,6.298323,0.9873728
616,9.583175,-6.128196,1.324994,6.40955,7.266843,4.544598,5.4115233,5.177286,6.375405,7.019788,6.122377,4.9180965
617,9.653046,2.6741216,0.63064015,11.703602,4.3357663,5.0398617,5.168453,3.1536372,4.045669,4.7793946,6.958689,4.9460516
618,9.828311,2.0880497,0.8148759,11.984855,4.7177515,5.1212115,4.7915363,3.923406,3.3850353,5.781997,7.2671943,5.1942434
619,10.025669,1.0376767,2.0888617,9.761767,5.5800157,4.5508714,6.213081,2.9668336,5.294119,3.8124688,6.14971,0.6388391
620,9.386217,0.47153786,1.1432512,10.257185,5.538715,4.766797,5.5519958,3.7070627,5.874927,3.6161945,6.4994936,0.6006712
621,10.538116,-0.73450345,1.4042329,4.952525,4.6151075,5.6474032,3.0601327,3.2002347,12.142459,4.6555214,6.6466002,4.5569506
622,10.4539585,-0.94843185,1.405049,5.0932527,4.3801703,5.519639,3.2869022,3.1246243,11.925519,4.7057304,7.165515,4.502347
623,9.309102,0.45299783,1.0779358,10.29893,5.647206,4.657353,5.66053,3.863791,6.0322127,3.5347424,6.5091567,0.6413349
624,9.21199,0.45431495,0.9767066,10.377196,5.692474,4.5060763,5.660686,3.9807785,6.1812844,3.452951,6.540163,0.8422654
625,9.625295,-6.1787066,1.2988205,6.5500884,8.01738,4.6847577,5.4521146,4.0268693,5.128434,4.793934,6.2763863,4.8785834
626,9.41746,0.7932644,1.1180989,9.958092,5.8972554,5.5550795,5.6518598,3.6157,4.7514234,4.031727,6.3853927,-0.37205848
627,9.726173,1.0563192,1.6624172,9.935496,5.626635,4.5725164,5.887931,3.1643608,5.2218037,3.7855222,6.296114,0.6864086
628,9.721462,0.8960455,2.074423,9.917333,5.620622,3.931828,6.1458178,2.8319583,5.118085,3.6838868,6.0795035,1.7036568
629,9.680721,1.2046553,2.055341,9.828314,5.761592,4.034606,6.040977,2.7001674,4.592167,3.8136065,6.008668,1.5882751
630,9.457949,0.82091063,1.2290872,10.037864,5.763844,5.16316,5.6696053,3.5355198,5.050057,3.8975277,6.3883295,0.12933914
631,9.949886,-0.54262394,1.3288894,3.6056385,3.2098527,6.4802017,1.9132164,0.96772796,7.6943417,3.8281145,9.744017,6.710126
632,9.963345,2.7215214,0.06326235,11.250871,4.1991525,4.7280498,5.437382,3.8124392,3.7863579,4.386377,7.3206706,4.6832433
633,10.058378,-0.15715413,1.3498615,4.068458,2.844477,6.445463,2.1831532,0.6847038,7.858849,3.851713,10.36039,6.7959547
634,9.634544,-5.8209414,1.3155261,6.4371843,7.853801,4.5838037,5.5169396,5.3939633,5.807028,6.6834574,6.5217576,4.9339
635,9.405884,1.6896864,1.1361109,3.2278457,4.377775,6.609975,1.8362492,2.2744336,5.9369516,3.7834282,0.23020716,6.509258
636,9.741785,-1.3951833,1.4175719,3.1125457,4.041829,5.2464128,0.753753,1.4888045,7.690688,3.9584253,9.52294,6.704328
637,9.430238,0.9353149,1.4053047,2.9905877,6.2498426,4.506227,5.90829,3.5985458,3.9026582,3.8411849,9.035633,10.950196
638,9.650696,-5.6556864,1.3091388,6.4446,8.066121,4.570742,5.5571203,5.526123,5.61923,6.586388,6.708539,4.9362683
639,9.6154585,-5.898619,1.3196731,6.423342,7.630751,4.587815,5.487877,5.42002,6.0441628,7.0371804,6.3618116,4.932935
640,9.631643,-5.7017617,1.3147589,6.420462,7.8265533,4.5622873,5.5215144,5.6199164,5.896426,7.062795,6.5509067,4.9401565
641,9.764089,-1.7302122,1.4411639,3.0892339,4.038764,4.9096236,0.7965079,1.3412426,7.6943007,3.9986978,10.111535,6.6989174
642,10.680648,-0.583182,1.3926688,5.2257605,4.5569468,6.0249376,3.2205038,3.0401106,11.921114,4.8365035,7.396344,4.43295
643,10.15366,0.5545994,1.3305299,4.600391,2.7620838,6.424616,2.8307543,0.91924065,8.211297,4.1202116,10.149318,7.21412
644,10.131962,0.22617264,1.3397386,4.401208,2.7025292,6.437792,2.4858668,0.73229575,8.065456,3.9985795,10.345938,6.983182
645,9.609046,-6.186913,1.3197616,6.4411826,7.563999,4.4789414,5.391396,4.6595135,5.943396,5.62509,6.3211236,4.9030113
646,9.613395,-6.007586,1.3226956,6.3920984,7.5146637,4.3486385,5.3749056,5.0129623,6.1437726,5.8673778,6.4913716,4.9154305
647,10.802963,-0.34976313,1.3863536,5.1236243,4.7790055,6.245524,2.9974415,3.1170301,12.097947,4.858915,6.994761,4.4320755
648,10.904895,-0.043961298,1.3770741,4.915719,5.018874,6.457766,2.8610349,3.1666062,12.348811,4.859228,6.5861273,4.4314594
649,9.60932,-6.343035,1.2992144,6.5756707,7.8701744,4.741251,5.4084983,3.626138,5.118686,4.812929,5.992988,4.8703337
650,9.6074505,-6.3091855,1.3113946,6.504553,7.6994357,4.612781,5.4010954,4.1783023,5.5815487,5.223272,6.159685,4.887941
651,9.60252,-6.4709272,1.3072568,6.5602503,7.7586026,4.7962155,5.440692,3.936864,5.3834777,5.3823004,5.937814,4.8786488
652,9.827107,-1.9690462,1.449766,3.337886,3.7023253,5.004242,1.0218533,0.76331955,7.5185437,3.753244,11.238261,6.51126
653,9.565029,-6.324758,1.3246251,6.430132,7.162272,4.595869,5.3836904,4.856161,6.3794456,6.8375087,5.932032,4.902767
654,9.5710745,-6.3946695,1.3233297,6.458901,7.2716,4.6860757,5.414057,4.721502,6.1986823,6.71095,5.887815,4.900386
655,10.073323,0.2692651,2.0505826,9.856731,5.240758,5.07998,6.1161013,3.097414,5.695011,3.895806,6.2265606,0.20750952
656,9.653811,-5.4319086,1.279583,6.557136,8.74297,4.862478,5.694259,5.405674,4.722861,6.712932,6.746861,4.9179645
657,9.654326,-5.577642,1.2980931,6.497564,8.3555765,4.749163,5.632446,5.509927,5.231051,6.8191257,6.673199,4.934068
658,9.873704,0.07303886,1.8193979,10.053021,5.4534054,4.794044,6.416272,3.6140547,6.2624803,3.581566,6.3397865,0.4657071
659,9.748808,-1.9717262,1.4458576,3.1803498,3.9714715,4.9855046,0.7616482,1.0417897,7.507129,3.7569797,10.830716,6.539798
660,9.737432,-1.9464043,1.5028183,3.0274117,4.052642,4.806196,0.70170003,1.2158641,7.5936975,3.8768575,10.535379,6.627106
661,9.59974,-6.493126,1.3112587,6.554767,7.729558,4.868455,5.480042,4.1775737,5.4879026,5.8916035,5.891419,4.886488
662,10.001815,1.1990747,2.148004,9.751294,5.5815153,4.2807117,6.133508,2.7579663,5.082913,3.813036,6.1091213,1.0338124
663,9.403045,0.65334475,1.1809554,10.172375,5.707983,4.8269167,5.707729,3.7196503,5.6459746,3.6728284,6.451841,0.42713103
664,9.519444,0.71348387,1.2867119,10.100003,5.6007357,4.9468036,5.635426,3.5170918,5.4462533,3.7794335,6.424565,0.379401
665,9.909213,-1.9049155,1.613435,3.2624085,3.1607492,4.8029313,1.4011048,0.5294484,7.5927334,3.8841317,11.458295,6.5573153
666,10.014239,0.016151693,1.9853439,10.075851,5.2907686,4.4694214,6.4860845,3.5465786,6.5968013,3.4915214,6.329165,0.8612155
667,10.007039,0.038140707,2.0203433,10.125512,5.1798344,4.066206,6.396692,3.4139607,6.667513,3.414241,6.363666,1.1759809
668,9.968451,-1.8104992,1.5295463,3.3538492,3.1995788,4.7771883,1.579265,0.5831787,7.74681,4.070226,11.209517,6.620758
669,9.583969,-6.505902,1.3187363,6.5064783,7.4717073,4.760306,5.430412,4.333234,5.8515997,6.085756,5.875283,4.8890567
670,9.732942,1.329639,1.6780806,9.73485,5.76943,4.850513,5.8232584,2.8237216,4.217016,4.070494,6.2427487,0.24034066
671,9.848483,-0.709982,1.3196249,3.4013712,3.3553345,6.8333387,1.5776167,0.9180304,7.448147,3.4765043,9.545927,6.57903
672,9.573924,-6.597651,1.312541,6.5445843,7.486543,4.821569,5.412769,3.994045,5.685776,5.8806157,5.7255197,4.875115
673,9.568768,-6.5052886,1.3203073,6.4917836,7.3251524,4.7577424,5.4168243,4.4538455,6.03687,6.468044,5.7911873,4.890047
674,10.335962,0.76666504,2.2194545,9.998429,5.0441256,4.3323812,6.2361207,3.174242,6.7015967,3.586842,6.148032,1.978094
675,9.159585,-0.6299203,0.9762176,1.0560895,3.7704031,4.729218,3.9859917,1.5578444,6.4747143,4.8513722,8.168391,1.1500114
676,9.939669,0.32563013,1.9487175,10.0288105,5.287926,4.4610343,6.1793747,3.2488856,6.0915847,3.621684,6.2931294,0.94221735
677,9.985567,0.7921565,1.8060418,10.116073,5.1886053,4.3024616,5.901859,3.272116,6.3214464,3.580972,6.306568,1.7121903
678,9.616911,2.3456953,0.13839784,11.464568,4.4471684,5.2622304,5.4379764,3.4183652,3.9354088,4.534781,7.4508142,4.410838
679,10.097153,0.115775585,2.1318336,10.002361,5.145943,4.5008755,6.324978,3.2389975,6.3757935,3.619607,6.2615976,0.80747086
680,10.150775,0.11993032,2.1929696,9.90106,5.189535,4.8375745,6.3631206,3.1980546,6.1479845,3.753508,6.2074842,0.39644042
681,9.690479,1.2582974,1.7320765,9.807408,5.755462,4.5823607,5.841899,2.8753593,4.521536,3.9417572,6.21358,0.6132901
682,9.707028,1.113453,1.8509103,9.859844,5.703639,4.3027883,5.960624,2.900849,4.859783,3.8087728,6.185356,0.9740346
683,8.880625,3.837575,1.0609735,11.336082,4.103203,4.922519,5.349306,2.1548152,5.3775277,4.0198264,6.2028713,4.692853
684,9.890425,-0.7796664,1.3055573,4.1954393,2.9752994,6.1600704,1.12227,0.64980453,7.575005,4.0542307,10.058733,6.092433
685,10.423127,0.7915027,1.1812361,4.968422,2.783507,7.0821576,2.8093734,0.7874811,8.074842,3.806721,10.158685,6.7005687
686,10.005887,-2.0042791,1.5196402,3.2425592,3.3063118,4.5622063,1.631581,0.6769529,7.849367,4.2423105,10.960221,6.6535435
687,9.996512,-1.7176478,1.4905322,3.3744643,3.2145677,4.825981,1.671827,0.69464415,7.841539,4.1932516,10.875003,6.6679482
688,10.4400425,0.4888704,2.4722066,9.759801,5.277526,4.766236,6.7195168,3.253744,6.4071555,3.7239892,6.0535927,0.854085
689,9.850572,-1.8915867,1.4539274,3.2013001,3.7133963,4.827733,1.11624,1.0190707,7.707372,4.041664,10.610641,6.6702657
690,9.818842,-2.007155,1.538999,3.1381412,3.6694617,4.83276,1.0081619,0.8915135,7.574698,3.8655696,10.959869,6.5932016
691,9.749356,-1.3324319,1.3876325,3.1778457,3.8330498,5.8419023,0.7544344,1.3601521,7.553288,3.736475,9.147072,6.6633606
692,9.836693,1.3952197,1.9535332,9.720427,5.7377496,4.469985,5.9590807,2.7037787,4.474645,3.954647,6.1152277,0.792709
693,9.946108,1.3919289,2.0904887,9.707445,5.7049503,4.3138533,6.0884852,2.7005992,4.7364125,3.869267,6.096561,0.913154
694,10.3525,0.29206312,2.3485994,9.9725485,5.149416,4.41279,6.6666603,3.3844695,6.815605,3.5076928,6.141488,1.5067326
695,10.391545,0.22498661,2.2999206,10.032949,5.0561194,4.06027,6.5428486,3.3282835,6.9343395,3.4383655,6.265306,1.9065905
696,10.223351,1.0110731,2.1485114,9.894095,5.2070765,4.482914,6.117574,3.030914,6.1113214,3.7406054,6.13019,1.5696688
697,10.519163,1.0088564,1.1179707,4.7283893,2.9713137,8.040113,3.1315074,0.9889274,7.8311954,3.4309766,9.736722,6.586611
698,10.044389,0.12742919,1.163658,3.532805,3.328558,7.825275,2.6188543,0.9927329,7.466298,3.252507,9.306152,6.695572
699,10.068089,0.24148881,1.2323536,3.9281712,3.0715036,7.226585,2.5499132,0.869936,7.72008,3.6097357,9.839013,6.9109764
700,9.662208,-1.3516977,1.3722179,3.102156,4.2833242,5.375938,0.22520973,1.9239672,7.570522,3.8151,8.134975,6.878001
701,9.712328,-1.2248479,1.372667,3.1033251,4.2166796,5.3673706,0.57550246,1.7961105,7.665307,3.9168844,8.711528,6.803334
702,10.190526,0.94507104,1.0502977,3.8362787,3.3459263,8.085305,3.449167,1.140825,7.6497655,3.337774,9.402493,7.091854
703,10.269603,0.92840123,1.1182116,4.2590685,3.093074,7.7466335,3.2098196,1.0398936,7.8436227,3.5564833,9.677921,7.041188
704,9.402497,1.5174711,1.2739803,2.675693,4.4985013,6.006824,2.195508,2.6579068,5.173266,4.2497954,-0.27694446,5.596419
705,9.774389,-1.016951,1.2929392,3.1055288,3.730182,6.851932,1.2550236,1.262651,7.3076854,3.3235672,8.5234,6.643554
706,9.433405,1.2459204,1.2353047,2.8790698,4.540636,6.594348,2.192449,2.193093,6.2418303,4.0490985,0.225515,6.964609
707,9.878457,-0.7998941,1.3270231,3.5055954,3.1165338,7.294509,1.3047397,0.71129155,7.3593245,3.3396976,9.627527,6.2731466
708,9.956475,-1.3487608,1.4622772,3.633266,3.0714297,5.440001,1.5497235,0.35512966,7.6514597,3.7971375,11.40314,6.512146
709,9.947342,-1.5595869,1.4832044,3.5079646,3.157972,5.2124095,1.5047411,0.4636987,7.666021,3.8790967,11.295591,6.537807
710,10.913386,1.408633,1.1971028,5.9581027,2.618349,7.986472,3.0588691,0.9287488,7.8529615,3.7141345,10.273623,6.0906277
711,10.841065,1.2686087,1.1366998,5.664336,2.6788623,7.8646092,2.9378116,0.8446667,7.9607935,3.6046264,10.15979,6.24908
712,10.320574,0.6594527,2.1243103,10.093365,4.969239,4.1234365,6.1337705,3.2423763,6.8921056,3.4762785,6.2301116,2.229227
713,9.427553,1.4257734,1.1233532,3.0273943,4.240246,6.751957,1.9354509,2.0600216,6.3482404,3.7914634,0.5801979,6.3425913
714,9.428115,1.394538,1.0992371,2.837871,4.1933823,6.765777,1.9970287,2.0271888,6.321681,3.7308145,0.83019686,6.072726
715,9.905996,-0.9060614,1.3738772,3.7860372,3.0247052,6.1561418,1.3149815,0.73410815,7.6448836,3.9450684,10.072419,6.343623
716,9.765251,0.7561653,1.6544776,9.869312,5.8184657,5.0969043,6.2593827,3.5614495,5.4197216,3.8030508,6.28021,-0.1782488
717,9.996561,-0.3325671,1.2682492,3.6017444,3.0906932,7.391047,1.9564706,0.83226913,7.53865,3.4793913,9.565064,6.4978266
718,9.361717,1.5921029,1.1931891,3.3406737,4.293419,6.005783,2.0404284,2.7396948,5.3396897,4.1000986,0.30148777,5.524037
719,9.435164,1.4374646,1.155522,3.123797,4.3477373,6.733479,1.88956,2.100852,6.358272,3.853166,0.3001898,6.6804643
720,9.814362,-1.0027909,1.3722484,3.3666668,3.2337377,7.0190287,1.1198841,0.7179124,7.2987046,3.2632656,9.75262,6.309286
721,9.847463,-0.8657804,1.386778,3.5034955,3.0355008,7.0824823,1.1701902,0.57397234,7.342025,3.2903469,10.026602,6.278319
722,10.345464,0.5551097,2.3622792,9.880564,5.184108,4.3815794,6.4913282,3.1549587,6.4535713,3.6300635,6.12376,1.4055989
723,9.800649,-1.3598119,1.3279537,3.0739586,3.780679,6.800926,0.76975346,1.3796647,7.3610663,3.3010025,8.238997,6.6625185
724,9.649787,1.2899357,0.94337374,2.0795069,5.2933655,7.355949,5.2377768,1.8503575,6.2706013,3.3799903,9.895506,9.510931
725,10.572154,0.5850135,2.4531066,9.918061,4.981963,4.179985,6.4331617,3.129494,6.94097,3.608433,6.1273046,2.4441803
726,9.395805,1.3764921,1.2484998,3.016518,4.542493,6.8219624,1.9483404,2.0015047,6.4702506,3.8845115,0.06705449,7.269049
727,9.458865,1.3474854,1.1857715,3.1415992,4.4379897,6.6842074,1.9351882,2.146476,6.420369,3.962918,0.13381645,6.9657264
728,9.192318,-1.0721843,1.156431,1.9089985,3.7840543,3.5945737,2.3662992,2.5575733,6.400274,6.006663,5.620876,1.318528
729,9.842774,0.7909531,1.7871997,9.997658,5.5386043,4.385747,6.134793,3.373223,5.911405,3.598903,6.304394,0.8497531
730,9.880225,-1.1704292,1.4718586,3.488615,2.9834175,6.0303917,1.3096606,0.4833515,7.549814,3.6349778,10.749105,6.4558625
731,9.856999,-1.1672575,1.4504577,3.4921627,2.9807098,6.2644396,1.11893,0.5445961,7.52138,3.6383905,10.422683,6.354937
732,9.891503,-0.9984591,1.4007254,3.5711312,3.0556228,6.2573595,1.3082882,0.72051835,7.613666,3.802021,10.103371,6.422947
733,9.824999,-1.222696,1.414612,3.3887045,3.3483868,6.0606213,1.128522,0.8427053,7.5250516,3.6816297,10.067235,6.4945188
734,10.469794,0.8358166,2.4724438,9.79354,5.1128316,4.469513,6.4416595,3.0417218,6.626284,3.7628465,5.998004,2.1435394
735,10.371314,0.5563017,2.2838542,9.981506,5.0719547,4.1437097,6.3525534,3.1776137,6.7074623,3.546335,6.1940775,1.9898443
736,9.899733,0.8937047,1.8516977,9.862246,5.662686,4.7067485,6.2409983,3.3305166,5.577486,3.7303143,6.252325,0.31115127
737,10.204532,0.6737165,2.1818755,9.688771,5.5272603,5.2006826,6.4741073,3.2292695,5.587216,3.9120693,6.12824,-0.187549
738,9.934064,0.7333115,1.8596245,9.807452,5.6164327,5.103115,6.209648,3.2865326,5.36608,3.8815508,6.24003,-0.090936325
739,10.141846,0.8421032,2.1416676,9.765068,5.627457,4.70146,6.5635533,3.360816,5.9008913,3.6937482,6.1603456,0.2690395
740,9.741691,1.0953933,1.5022718,9.853572,5.6109304,5.220333,5.6472826,3.1375167,4.7381883,4.0578413,6.318371,0.06458806
741,9.343622,1.5392215,1.1617244,2.6623197,4.4244833,6.0206327,2.3199527,2.7038665,5.0600185,4.1411343,0.033160016,5.465188
742,9.377061,1.6625752,1.1764009,2.4380927,4.510913,6.085086,2.331868,2.624846,4.864387,4.0420804,-0.035610538,5.525765
743,9.33861,1.6152045,1.1763508,2.9497104,4.42007,5.8947444,2.2614748,2.8310146,4.957941,4.156507,0.12264007,5.4077396
744,9.359795,1.6898214,1.2250566,3.0105991,4.555401,5.8584237,2.289056,2.9058414,4.785563,4.1696725,-2.4266178e-06,5.757736
745,9.799554,-1.1771921,1.3456432,3.2019928,3.671825,6.4417233,1.0094783,1.250428,7.4601445,3.53075,8.913158,6.6338286
746,9.677047,-1.5214534,1.3832644,3.0549867,3.7627928,6.3778973,0.58751845,1.2598742,7.31017,3.3999512,8.622172,6.662339
747,9.971634,-0.8592142,1.252981,3.1320367,3.5272555,7.825608,1.6326685,1.1218038,7.292515,2.9758258,8.434948,6.466054
748,10.019788,-0.6899745,1.2302328,3.17217,3.4761403,8.052827,1.8660043,1.0876089,7.303199,2.9225764,8.46967,6.433397
749,9.960758,-0.4491691,1.3276166,3.8690503,2.6499825,7.624625,1.4278588,0.45139936,7.488547,3.522942,9.984843,6.107436
750,9.995157,-0.28999138,1.3017453,3.736109,2.7705314,7.718388,1.6973934,0.5427843,7.495279,3.3914795,9.896972,6.2663465
751,9.636084,-2.1143863,1.4303191,4.614583,3.9688756,3.985429,3.0462687,3.4935277,11.493461,3.6770318,5.3661795,4.9226933
752,9.623466,-2.0071113,1.417488,4.5664263,4.0027437,4.041258,2.7234738,3.5764706,11.10832,3.702782,4.9283085,4.972416
753,9.4402075,1.2615951,1.1478944,3.2016132,4.1743574,6.787637,1.9049085,1.992444,6.6761765,3.8893788,0.584108,6.443875
754,10.115173,0.66218615,2.094087,9.771079,5.636034,4.9684787,6.6017203,3.4593458,5.8851695,3.7430303,6.171873,-0.045756955
755,10.258139,0.6938082,2.2681913,9.707909,5.6191163,4.9564877,6.7628903,3.440092,6.0107403,3.7375886,6.1066732,-0.010326671
756,9.405662,1.6568885,1.3843982,2.3518214,5.049075,5.700493,5.4123344,2.767897,5.6694565,4.478547,9.492595,10.753721
757,9.660712,1.1998008,1.527394,9.832807,5.7975407,4.997045,5.8386707,3.1489615,4.6020293,3.9916255,6.302237,0.08439132
758,9.794298,0.9948208,1.7076064,9.831354,5.7145147,4.937803,6.029616,3.2139306,5.0585637,3.8896322,6.271074,0.0973736
759,9.366114,0.90127134,0.99482584,3.3386705,7.9104156,2.5328605,5.4035926,5.1556683,3.369225,4.0052752,7.9411736,11.245998
760,9.4462,1.3191582,1.163252,3.2742708,4.2565947,6.845767,1.8282901,1.9634365,6.7083826,3.881527,0.33089924,6.747876
761,9.444469,1.2747457,1.1990944,3.4626837,4.2521567,6.6536903,1.8383658,2.1277726,6.630118,4.033285,0.21900953,6.662252
762,9.742349,2.4500492,0.1486933,11.49127,4.26198,5.072256,5.570009,3.2319884,4.0832276,4.395546,7.3130054,4.335272
763,9.466038,0.7105712,0.99780136,3.3010948,7.762239,2.8397107,5.479996,5.071468,3.51647,4.0651474,8.048908,11.187437
764,9.481068,0.47512493,0.94108504,3.1988277,7.6645756,2.9026225,5.9800305,5.015432,3.496572,3.9078586,8.357441,11.408559
765,10.6720295,1.18971,0.6238305,2.5069106,4.2625113,8.891101,5.549799,1.2958736,6.2196994,2.4909623,10.128141,7.5237308
766,11.294672,0.8572457,0.63434,2.8361406,3.6852593,9.403688,5.5522404,1.2387891,6.3758707,2.482077,10.1313925,7.3455577
767,11.382878,0.8229173,0.69617206,3.1329243,3.3451388,9.506549,5.30054,1.2168119,6.6579604,2.6472468,9.929475,7.4703794
768,9.329567,1.6645652,1.0807078,2.4931164,4.4712925,6.2545176,2.263132,2.5804822,5.0385823,3.9202018,0.07453369,5.900017
769,9.813043,-1.2785448,1.4216199,4.716721,4.1160874,4.3567615,4.5269623,3.0400095,12.837605,3.9885738,7.008474,4.2712483
770,10.699046,-0.16303043,1.3787558,4.732367,5.158836,6.152421,2.7215261,3.3174229,12.364541,4.48873,5.955045,4.612204
771,10.029266,-0.7647771,1.3960286,4.689476,4.661872,4.371581,4.2625303,3.2647498,13.354691,4.4781966,6.431568,4.295795
772,9.883392,-1.1047498,1.415866,4.7440243,4.3013797,4.3180304,4.4382863,3.1355488,13.013656,4.231279,6.7998614,4.27263
773,9.305198,3.1876144,0.89414454,11.313337,4.2431445,5.0994973,5.64135,2.3806968,5.2845745,3.5688298,6.458084,4.767835
774,9.3956785,1.555061,1.2264978,2.3154995,4.529765,6.181223,2.2504857,2.5140817,5.1445684,4.119509,-0.3127878,5.704978
775,9.430056,0.8556469,1.2906227,3.0414412,6.6915126,3.7424698,5.5098553,4.367868,4.1347213,4.2859836,8.377948,11.05747
776,9.334833,0.8867867,1.1847942,3.4969163,7.257535,2.740944,5.4729805,4.9263077,3.711514,3.994684,7.878727,11.34969
777,9.370774,0.74148774,1.044941,3.4035053,7.5622697,2.5909863,5.682445,5.095885,3.5530288,3.9368112,8.007648,11.422372
778,10.085861,-0.6477321,1.4463909,4.640304,4.7338824,4.699854,4.006514,3.3444574,13.284273,4.398737,6.2019086,4.3422213
779,9.513774,2.898437,0.50261956,11.215066,4.503993,5.227681,5.797247,2.780441,4.8830285,3.6685543,6.70657,5.194412
780,9.36794,1.5012348,1.2336985,2.4963808,4.586612,6.0502357,2.367346,2.690711,5.0348845,4.2302113,-0.32508326,5.907693
781,9.407732,1.6970452,1.2836607,2.5435874,4.657626,6.0855665,2.1658442,2.655206,4.9507694,4.140678,-0.46493548,6.033047
782,9.724456,2.5292282,-0.033416864,11.185727,4.2400804,4.935832,5.6776023,3.4988692,3.8745842,4.24201,7.2293344,4.5468082
783,10.107552,-0.5946546,1.4410356,4.6429734,4.718521,4.861961,4.058392,3.273989,13.218383,4.3101296,6.3425555,4.2929006
784,8.863306,4.0615463,1.1490093,11.388565,4.1922884,5.3154187,5.3928475,2.1477604,5.8049507,3.7535577,6.341439,5.1311326
785,10.317622,-0.28799048,1.4295814,4.523543,5.053927,5.2251225,3.5665758,3.3799756,13.232999,4.376523,5.8558545,4.42514
786,9.34672,1.6430116,1.1341939,2.4958832,4.563549,6.2591248,2.2655628,2.5843422,5.069805,3.9811442,-0.111140735,6.183812
787,9.3948765,3.3989294,1.0249196,11.242222,4.486552,5.31814,5.5636377,2.5301242,5.6490808,3.48925,6.6312213,5.506638
788,9.465891,3.603865,1.1879011,11.553771,4.328865,5.1737933,5.34258,2.3513246,5.3082137,3.9497852,6.6696134,5.5105486
789,9.468776,2.1945972,-0.3396227,11.120761,4.0504227,4.9838424,5.975839,3.3785653,3.3281522,4.4329634,6.874321,4.3802514
790,9.386584,2.3576324,-0.16863711,11.425586,3.8901796,4.8734612,5.7254076,3.118705,3.3112056,4.8324943,6.9126654,4.434189
791,9.72906,2.8154557,0.38701558,11.082443,4.423079,5.0170717,5.773982,3.0449612,4.7378583,3.5642493,7.0043693,4.92405
792,9.592127,2.7643926,0.3975026,11.344878,4.3120365,5.0840797,5.6212463,2.9850872,4.4350834,4.0282016,6.904982,4.804106
793,9.610324,3.2114198,0.80406314,11.215255,4.5165567,5.1808677,5.6383357,2.7275946,5.200038,3.5178103,6.779984,5.3462105
794,9.476543,0.5314432,0.88135636,3.2223382,7.9045467,2.6912925,5.8764358,5.1737113,3.358641,3.909411,8.262623,11.401717
795,9.428774,0.639232,0.9199557,3.2952924,7.878929,2.5732417,5.7580676,5.2200456,3.3845181,3.9381347,8.123096,11.388108
796,9.257895,3.8176184,1.0896376,11.536626,4.2908216,5.239208,5.2856574,2.4221396,5.3893266,3.9954095,6.662028,5.280654
797,9.324717,2.0443168,-0.16934283,11.174892,4.0000143,4.788456,5.5405755,3.4942412,2.7021532,4.9923186,7.0172896,4.202555
798,9.07811,3.4539227,1.0260934,11.161745,4.2979355,5.238157,5.6488094,2.3016903,5.726567,3.4529536,6.3316693,5.1659703
799,9.024836,3.5431907,1.079987,11.154981,4.332595,5.34936,5.6318574,2.2846076,5.9176364,3.4054592,6.331315,5.3142886
800,9.594035,2.231075,-0.26761672,11.226678,4.1835704,5.0331078,5.757928,3.532729,3.422712,4.5316734,7.272555,4.3020086
801,9.644335,2.349721,-0.29347247,11.096946,4.069676,4.836053,5.763136,3.6404662,3.4149785,4.4705167,7.161149,4.409326
802,9.754876,2.3363373,-0.49656713,10.966373,4.003128,4.724785,5.76778,3.951696,3.2573018,4.5376906,7.371443,4.291453
803,9.83574,3.2689319,0.8819134,11.32435,4.4962564,5.0478945,5.5581465,2.707413,5.1024685,3.5666485,6.9131126,5.284203
804,10.11792,3.0088067,0.6017798,11.19054,4.5536737,4.8464227,5.73416,2.9803152,4.739628,3.4373536,7.12478,4.9049997
805,9.904675,-1.0679164,1.3926033,4.707226,4.2264376,4.59712,4.605153,2.9496582,12.894663,3.9355025,7.1297464,4.2024403
806,9.563507,3.2481945,0.97562337,11.578321,4.241716,4.989738,5.4235244,2.4367473,4.912153,3.9797359,6.6689715,4.947402
807,10.407456,-0.16712952,1.3791927,4.478223,5.2050714,5.430936,3.493446,3.3184788,13.245266,4.2781,5.9289894,4.404407
808,10.12956,-0.60521615,1.3710388,4.5931425,4.7230587,4.926632,4.1749516,3.1101725,13.182863,4.1034317,6.5990973,4.2542796
809,9.392127,1.4604837,1.2069666,2.3785024,4.429219,6.1974344,2.2399418,2.4685502,5.3344936,4.125649,-0.113862775,5.5195627
810,9.384288,1.4849813,1.1426996,2.4277875,4.348203,6.359885,2.1771533,2.3422682,5.521967,3.9530094,0.22119081,5.58151
811,9.396807,1.4895924,1.1061785,2.577495,4.2685814,6.5478144,2.0768316,2.2009194,5.8236775,3.8002703,0.5377019,5.744178
812,9.378069,1.6658357,1.1180836,2.378214,4.4569454,6.429045,2.1222124,2.3653424,5.306839,3.8416848,0.049319446,5.9544535
813,9.378149,1.8047683,1.1301867,2.3559227,4.5858054,6.422691,2.0761933,2.430064,5.0871396,3.8079076,-0.1581393,6.281719
814,9.989435,-1.0894064,1.3921206,4.5127916,4.560609,4.5999613,3.8506014,3.2216895,12.900275,3.8650544,6.2146096,4.5013084
815,9.854846,3.3232226,0.85528237,11.105485,4.688046,5.147952,5.6938615,2.8483357,5.3801703,3.2338405,6.95914,5.6015487
816,9.238515,3.8123271,1.2675954,11.778923,3.9652805,4.85808,5.1545787,2.1006355,5.0192704,4.442909,6.5319123,5.05976
817,9.947884,3.2324781,0.8011917,11.159902,4.6138515,5.012618,5.672609,2.8488016,5.149742,3.3307343,6.9852767,5.3149667
818,9.3821945,3.3767304,1.035482,11.764508,4.01914,4.85265,5.3186507,2.268039,4.807238,4.2137165,6.5594397,4.5712104
819,9.151436,3.5968158,1.0633348,11.73984,3.962457,4.870353,5.2654166,2.1741843,4.9074197,4.2960553,6.4204216,4.583384
820,10.149424,3.092119,0.6523808,11.031083,4.684221,4.903851,5.8086023,3.0024066,4.9874306,3.1939297,7.1329546,5.2812834
821,10.137596,3.227776,0.7396139,11.022269,4.7684026,4.9963384,5.787043,3.0119207,5.1950765,3.0827699,7.1444087,5.509797
822,9.865092,-1.5255349,1.446575,4.5852933,4.348659,4.217087,3.5104685,3.4318793,12.639312,3.9755511,5.909091,4.703489
823,9.351136,3.487392,1.0931,11.935984,3.929202,4.762981,5.11733,2.2808726,4.579287,4.66391,6.6536975,4.7294817
824,9.143439,3.669418,1.2097408,11.773516,3.9189637,4.934336,5.339378,1.9715914,5.1883264,4.0858793,6.3909774,4.6179743
825,10.007041,-1.0210717,1.4374369,4.594423,4.6280823,4.4661407,3.7818174,3.3922052,13.115811,4.19514,6.070262,4.504799
826,9.872152,-1.2836859,1.4340458,4.652167,4.327794,4.3113313,4.0572495,3.2539823,12.884635,4.042618,6.4176636,4.4554615
827,9.867663,-1.3970491,1.4426862,4.6274796,4.336565,4.2559857,3.809039,3.3421683,12.788555,4.022966,6.1788325,4.5686736
828,9.957205,-1.2339758,1.4407684,4.556557,4.533122,4.3899136,3.5977085,3.4170535,12.897357,4.0559325,5.9214463,4.6197286
829,10.510869,-0.43037117,1.3956532,4.4604177,5.30221,5.7134056,2.5211873,3.5078971,12.628639,4.203617,5.2933965,4.7333784
830,8.762139,4.5666914,1.3120664,11.644803,4.0499983,5.311468,5.14934,1.9805084,5.7921305,4.131624,6.415012,5.1889973
831,8.872648,4.545213,1.29951,11.771694,4.04068,5.2294497,5.013662,2.0732036,5.534926,4.4140015,6.532133,5.240482
832,9.155766,3.9550483,1.4282942,11.669121,4.040726,5.078578,5.3070946,1.9116526,5.573581,4.0090017,6.445897,5.299343
833,9.279398,3.9250426,1.2922598,11.741821,4.132372,5.0824137,5.16271,2.179293,5.2710457,4.2923784,6.622072,5.352578
834,9.768837,0.72946966,1.3040794,3.0982146,5.6060567,6.2348924,6.0325675,2.8529422,5.7977552,3.629787,9.456709,10.013572
835,10.29761,-0.57318866,1.4069461,4.361237,5.055863,5.190333,3.0531328,3.4373245,12.923619,4.056655,5.3916554,4.6880817
836,10.223868,-0.6759098,1.4185684,4.441395,4.9491377,4.991467,3.2878647,3.4256232,13.014707,4.129016,5.6161695,4.614371
837,10.453315,-0.19542919,1.4109479,4.239898,5.104368,5.535357,2.8872604,3.3824506,12.809287,4.0977244,5.0923934,4.7804327
838,10.334243,-0.49646607,1.4303888,4.1504383,4.9378057,5.2694073,2.694134,3.4198873,12.572051,3.9343631,4.7706885,4.947263
839,10.065069,-1.1370445,1.4225173,4.4548426,4.690773,4.7129765,3.1438437,3.434552,12.601401,3.924361,5.5139713,4.7531905
840,10.340595,-0.82705534,1.4099393,4.3528776,5.1670237,5.3301373,2.3618684,3.5817564,12.505982,3.9736376,4.969811,4.8840694
841,10.190894,-1.0121441,1.4179862,4.4270916,4.8940253,4.9936056,2.7661436,3.500844,12.503965,3.9611194,5.261321,4.821272
842,10.092515,-1.2111511,1.4159423,4.367647,4.8110275,4.821059,2.5237308,3.562269,12.148896,3.81073,4.8435388,4.9859567
843,9.881643,-1.5991608,1.4235404,4.469154,4.427604,4.4206643,2.842929,3.4974093,11.922241,3.724572,5.1139793,4.9555435
844,9.837684,-1.5092547,1.4200326,4.5559683,4.2700725,4.323027,3.7719464,3.2529902,12.555436,3.7613146,6.155097,4.6162434
845,9.723166,-1.9280334,1.4274036,4.6088433,4.063344,4.1249704,3.3937128,3.3820708,11.907681,3.707883,5.7535024,4.8102956
846,9.793583,-1.6958064,1.4274622,4.5815973,4.1818967,4.238303,3.5666971,3.318124,12.28385,3.7563539,5.966282,4.7142725
847,9.673568,-1.7410918,1.4175751,4.5423436,3.97541,4.110528,4.3006425,3.0619152,12.566503,3.4746697,6.663421,4.507443
848,9.5589695,-1.8868477,1.4185413,4.4526606,3.8142858,3.9889102,4.7264423,2.9138901,12.601907,3.0679784,7.0129,4.424989
849,9.456362,-2.0030484,1.3925446,4.388961,3.6777647,3.922208,5.148707,2.7707236,12.616652,2.6359634,7.3150234,4.3862348
850,9.507011,-1.9195194,1.4454203,4.3803654,3.7130601,3.93756,5.0161686,2.797633,12.649051,2.882777,7.3300743,4.297139
851,9.378331,-2.0789938,1.4390553,4.414173,3.4704165,3.8324254,5.2393575,2.6402092,12.616428,2.8360448,7.656796,4.238286
852,9.486745,-1.9396927,1.3846588,4.4184947,3.6263428,4.0116487,5.383612,2.6336062,12.609821,2.5684538,7.5945535,4.2758417
853,7.634458,5.0018263,0.112414844,5.417929,4.3162737,4.699382,2.4963508,2.3252854,4.055618,5.115694,4.4916124,2.3866231
854,9.413433,-2.1076267,1.3676858,4.5308385,3.457564,3.9642258,5.3639913,2.5418518,12.509805,2.6879895,7.7091713,4.276477
855,9.423811,-2.1137726,1.3749777,4.5843906,3.4554005,3.954633,5.177196,2.587127,12.477946,2.905792,7.606458,4.2992077
856,9.460658,1.6789218,1.8751051,3.8262267,5.0652876,3.0928502,4.084334,4.698298,0.012884125,5.4134393,2.913103,3.6429405
857,9.073061,0.03394957,0.7213438,0.8449771,4.1625233,4.8501787,3.9860373,1.3894001,6.8630476,4.363059,7.9259286,0.8573876
858,8.647761,-1.9389555,1.4824699,1.873643,2.24742,4.3467245,2.587119,1.7102746,6.3045635,5.9185805,5.812882,2.181374
859,8.550775,-0.8725307,0.67313594,0.78417957,3.615264,4.3962293,2.964215,1.6320572,6.069641,5.1139016,6.4233065,1.2217363
860,8.077492,3.0187328,0.5432533,3.321203,3.7617004,4.8306575,1.7735833,1.0738825,4.27158,5.618595,5.180958,1.3943815
861,7.969869,5.437082,-0.08882939,5.647855,4.447134,4.5506525,3.5727382,3.1681936,3.7131028,4.597689,3.9094615,2.021346
862,8.008644,5.812152,-0.25487584,6.144241,4.229674,4.530754,3.5519707,3.307,3.7285588,4.519261,3.7965689,2.1590772
863,8.03132,5.7308187,-0.21312885,5.937555,4.40562,4.510545,3.746112,3.3857832,3.6683638,4.556319,3.716571,2.0582197
864,7.9692755,5.214524,-0.11538526,5.397982,4.232195,4.6930895,3.3152196,2.8230493,4.001112,4.644375,4.1768928,1.9502676
865,8.050463,5.6334825,-0.2696346,5.9723363,4.028091,4.6607437,3.480198,2.9963825,3.9775226,4.5580153,4.239563,2.1921465
866,7.8560185,4.38381,0.3646596,4.010344,4.2323937,4.5652246,2.5337992,2.6009743,4.551116,5.669633,4.8048115,2.4807036
867,8.194254,3.2648542,0.50663483,3.8760478,3.8644438,5.2192607,3.163905,1.4748312,4.852605,4.7655735,6.155855,1.8150417
868,8.094604,2.5531662,0.5106656,3.0004578,3.8445568,4.750396,2.2407298,1.0643069,4.5991025,5.450945,5.7797556,1.1427097
869,8.161378,2.1244648,0.50273114,2.6247067,3.9545934,4.721071,2.5805337,0.9862124,4.9162107,5.293862,6.280128,0.92627406
870,8.097619,3.7358904,0.30569655,4.049803,3.8375967,5.0749593,2.987953,1.7076564,4.68129,4.7103405,5.3131447,1.5194892
871,8.030401,4.6362653,0.023207944,4.8443336,4.009565,4.861458,3.1735466,2.3221817,4.3152604,4.671335,4.6978984,1.7264847
872,8.593726,1.2956973,0.9520798,1.9447763,3.8029559,5.5048985,3.8704283,0.59249336,6.280061,4.1914744,7.7563286,0.8535666
873,8.308355,2.2794027,0.82879525,2.772703,3.6322281,5.640268,3.216516,0.7539332,5.5317054,4.4164395,6.595771,1.3163525
874,8.475549,1.662573,0.9616478,2.2131188,3.6606693,5.8426013,3.6057885,0.65182436,6.096001,4.079482,6.996366,1.3081269
875,8.4538145,1.6604743,0.8856436,2.146764,3.7706845,5.493379,3.5409443,0.5413019,6.039069,4.3136697,7.3322906,0.85870117
876,8.047296,3.418231,0.44009137,3.8640347,3.8257625,5.0436935,2.7482135,1.448894,4.7098255,4.983965,5.643252,1.6048237
877,8.02316,3.6912923,0.40395293,4.2032204,3.9217107,5.062782,2.889605,1.5814594,4.602516,4.9821124,5.781336,1.876465
878,8.056815,4.172316,0.2823396,4.711492,3.9829805,5.070038,3.1383185,1.8690389,4.4070983,4.857092,5.6587486,2.1279843
879,7.826167,4.118813,0.29836956,4.4904428,3.9602242,4.914762,2.5129275,1.7258185,4.45164,5.167037,5.2595105,1.9791023
880,7.707714,4.465135,0.22117025,4.804554,4.042643,4.8500023,2.3685572,1.8488454,4.3210173,5.2304945,5.007926,2.1366596
881,8.075305,2.6617835,0.52930933,2.3529446,4.4176526,5.2834496,2.5388012,0.4014901,4.722367,5.052809,6.4876037,0.87666726
882,8.056517,2.7683408,0.5381291,2.4790423,4.3333263,5.2511234,2.3583953,0.40506628,4.58888,5.16371,6.274887,0.91707635
883,8.213969,0.38424987,0.42079365,0.69403535,4.1596904,4.987836,3.8735585,0.60554886,6.5083566,4.0068474,7.5155783,0.4806802
884,8.827503,0.026173027,0.90907055,0.94167984,3.7816513,5.2928157,3.3077018,1.4248481,7.266345,4.2327876,5.968309,1.443216
885,8.928294,-2.6404185,1.6874328,2.3039184,1.4702826,4.2902703,2.197737,2.0878158,6.3248887,6.4995627,5.3350754,3.1130579
886,8.988215,-2.9874897,1.7497802,2.4936802,1.1268475,4.242619,2.0922835,2.2047882,6.195164,6.7696366,5.36162,3.439988
887,8.660294,1.0599282,0.9771645,2.2673917,3.7380686,5.2242084,3.879747,0.91977197,5.708571,4.6411204,7.9453645,1.0874802
888,8.241499,1.418321,0.7005958,2.0668623,3.7419302,5.0353003,3.082933,0.6839933,5.6012626,4.790239,6.861709,0.79702336
889,8.505531,1.5723242,0.8695112,2.529546,3.7316873,5.1595592,3.4701054,0.9056774,5.574648,4.77124,7.37385,1.0487796
890,8.325334,2.0709884,0.76374906,2.785537,3.7232428,5.167158,3.1354113,0.85288745,5.2605467,4.863379,6.9001627,1.0835961
891,9.79818,-1.66644,0.9842634,2.7968323,5.5421376,1.9025162,0.6183958,4.584284,5.3554325,6.0615263,2.0277758,1.7212098
892,9.722874,-1.5947016,0.99580914,2.7459054,5.3946414,2.0117207,0.6131345,4.471529,5.4032826,6.064078,2.1915822,1.7552124
893,8.34694,1.4663318,0.7968245,2.3013637,3.6832726,5.069326,3.1814983,0.7817413,5.5694294,4.839655,7.0076056,0.91176784
894,9.729497,-1.269428,0.9881512,2.7977023,5.486644,2.2625227,0.25910425,4.6533823,5.3053174,5.849019,1.4898876,1.8530684
895,9.790689,-1.2441553,0.9634219,2.843655,5.650626,2.2138,0.21880783,4.770457,5.2526746,5.787156,1.1861699,1.7991513
896,10.000789,1.4659079,1.4397911,3.9896827,3.8934872,6.9703016,5.47771,2.1627223,7.8084,3.811394,9.609431,8.4812565
897,9.781472,-0.92772174,0.9678368,2.8186848,5.638404,2.5304031,-0.005267906,4.848123,5.1444125,5.6357946,0.8623745,1.7930908
898,9.740059,-0.47792578,0.9582114,2.6232846,5.5427637,3.023013,-0.31990993,4.9344335,4.7914786,5.487995,0.7084066,1.7772467
899,9.757986,-0.6558748,0.96675646,2.7284615,5.5958166,2.8279262,-0.17865302,4.8886704,4.971293,5.544013,0.7298976,1.7783946
900,10.148723,1.4341851,1.2594497,3.9376295,3.836907,7.498786,5.2094574,1.9444187,7.6590867,3.5365987,9.7273445,8.064233
901,10.183613,1.4782183,1.1639775,3.8528473,3.764693,7.762756,5.0375414,1.7948787,7.607849,3.424742,9.741522,7.8937078
902,9.75397,2.5561876,1.3296549,1.6790142,4.7934027,5.894412,6.4772596,2.4144108,5.4309764,3.7454648,11.068251,9.317076
903,8.145462,1.8999159,0.65299946,2.3373122,3.7422678,5.043229,2.6843023,0.6329074,5.2612944,4.97902,6.4054008,0.82249576
904,9.324346,1.1951653,1.5155685,2.6202464,5.9730806,4.196908,5.3512144,3.9941878,4.5238285,4.688448,8.578623,10.990635
905,9.512613,1.4463189,1.432183,2.6423643,5.4273663,6.244179,6.3494167,2.4955354,5.759459,3.5529606,9.787271,9.628978
906,8.115591,2.3551528,0.6996803,2.7057135,3.622599,5.1713233,2.4385054,0.58408576,4.9725122,5.059191,6.095053,0.96738994
907,8.229524,1.8194278,0.78151435,2.3248801,3.6590393,5.2979727,3.0267313,0.5419652,5.5259748,4.6893907,6.7724066,0.8802686
908,8.156308,2.8018503,0.704219,2.8005137,3.6857207,5.0889688,1.6074444,0.46708953,4.3158574,5.568566,5.3422475,1.0661384
909,8.111651,2.580327,0.69222784,2.8487945,3.6135507,5.1391115,2.1628559,0.60837394,4.741717,5.224571,5.7802124,1.0476693
910,9.552384,1.7848619,0.94961846,2.297815,4.8978896,7.2798405,5.1560154,1.7296078,6.036628,3.4672186,9.641741,9.434175
911,8.92374,-2.1054368,1.4848161,2.4467206,2.1110537,4.229673,1.7765341,2.481462,6.0334735,6.174968,4.7867994,2.9920661
912,8.1182785,2.6291456,0.7519399,2.817941,3.564532,5.249931,2.2381299,0.41790643,4.791054,5.1284413,5.993032,0.93528897
913,8.129196,2.6025345,0.6835596,2.773181,3.6368709,5.0428143,1.8759654,0.5516716,4.5402246,5.433308,5.569537,1.0053988
914,8.134772,2.6666253,0.68534064,2.8567886,3.6162896,5.0106835,1.6996996,0.6313356,4.4306645,5.5380583,5.3138356,1.1172451
915,8.225551,2.3655038,0.6685969,2.7992537,3.5170736,4.9322085,1.5708922,0.77745414,4.375742,5.6314316,5.0133605,1.2195467
916,8.139866,2.153031,0.76701754,2.4996886,3.6180463,5.3617043,2.784967,0.4280397,5.3309317,4.7574325,6.5153394,0.8641622
917,8.1208,2.3621118,0.73954445,2.8300087,3.5418167,5.300834,2.6410134,0.66325,5.158267,4.8746753,6.150631,1.0884467
918,8.793491,-1.1969757,1.3252409,1.66487,2.9020622,4.597464,2.6291215,1.8181071,6.6370034,5.402945,5.559455,1.9277457
919,9.506883,1.5518181,1.3138725,2.7817996,4.897481,6.4192476,5.528316,2.4267578,6.5070467,4.036214,9.432826,10.224056
920,8.50609,-0.8566899,0.59710664,0.74482334,3.7100744,4.29334,3.1548965,1.4977441,5.9745774,5.1040235,6.8694367,1.0187917
921,9.584469,0.77909666,2.77258,2.4628859,5.697592,4.2902975,7.1634088,4.46184,-0.033297814,4.0668106,4.0928035,5.158696
922,9.145156,-1.1608529,0.73449624,1.5274976,4.106053,3.0689542,3.2737746,2.328815,5.599744,6.4568357,7.8743186,0.4029501
923,9.697218,1.6010416,1.2549053,2.6087387,5.104399,6.652475,6.0965385,2.3572881,6.0581303,3.4943895,10.144149,9.433275
924,9.075936,-1.697088,1.2725669,1.7180368,2.8637588,3.8589292,3.8062975,1.6850519,5.803024,6.228312,8.412508,1.3114288
925,8.775485,-1.8825889,1.1481997,1.7258195,2.729536,3.654978,3.3231757,1.7184182,5.40962,6.4197702,7.6128125,1.4801313
926,9.247572,-1.3935239,1.0626079,1.6452502,3.4964137,3.4927783,3.59576,2.0598898,5.879446,6.2628245,8.209374,0.9193924
927,9.917317,0.84246624,1.1420805,1.4982405,6.6030655,4.5411787,10.002139,3.3737166,3.8043582,4.5112286,7.1146817,4.100924
928,9.103011,-0.70676357,0.83606267,1.0205795,3.8918004,4.319743,3.6523118,1.7665434,6.3899646,5.1381884,7.749152,0.96673775
929,9.172668,-0.6144189,0.97300076,1.6150218,3.9080799,3.8445737,3.259383,2.028076,6.4361186,5.682676,7.1985226,0.7808159
930,9.371305,2.345455,1.1082156,3.1652262,3.8903894,7.1232686,4.32486,1.6647823,7.2990656,4.283602,8.8084545,10.23386
931,9.545648,1.5106149,1.0819482,2.07445,5.505139,6.73189,5.7017813,2.0656695,5.2429814,3.3607297,9.954538,9.504716
932,9.430763,-1.5085708,1.0403913,2.1379433,4.298499,2.623025,2.210496,3.1201696,5.8299866,6.5314226,5.8008246,1.0775855
933,9.576692,1.6809299,1.3017179,2.2005932,5.406037,6.2643304,6.1319194,2.406134,5.3714375,3.5728686,10.310859,9.680317
934,9.441996,1.6489584,1.1947496,1.898105,5.6093264,6.2989364,5.7847486,2.198616,4.914725,3.547482,10.06658,9.788843
935,9.323756,1.3051817,2.0425055,1.8570247,7.0496182,4.388673,7.578171,4.0866804,1.6032157,3.7485876,3.7271452,4.9427156
936,9.370049,-1.185302,0.8471361,1.7806821,4.213364,2.8773487,3.2050338,2.6263845,5.653528,6.7017927,7.8271933,0.38150454
937,9.64752,-1.7215672,1.0239437,2.638598,5.1164637,2.0245435,0.981184,4.140818,5.5525966,6.253066,3.0872865,1.6437441
938,9.291717,-1.1660539,1.0447297,1.9593263,4.0319796,3.164735,2.8217504,2.6630726,5.7739987,6.6441126,6.9845905,0.6676887
939,9.374109,-1.6626326,1.2770256,2.908711,4.4580283,2.4613082,0.37385905,3.9168415,5.830663,6.2295227,2.824339,2.5418448
940,9.507865,-1.3998561,1.1338433,2.0511715,4.1442685,2.8775759,2.504433,2.9396014,6.1552453,6.415966,6.2853847,1.0467696
941,9.463705,-1.4479233,1.1701472,2.1146147,4.1203094,2.8610287,2.1675847,3.0561545,6.216093,6.3893805,5.6243796,1.2576567
942,9.431484,-1.382468,1.255573,2.9692333,4.770399,2.4520552,0.1582333,4.1577873,5.941822,5.876563,2.220325,2.600896
943,9.453409,-1.7542278,1.2542527,2.5079474,4.33315,2.3739872,1.4149272,3.446095,6.119919,6.3458867,4.3583703,1.8279638
944,9.377677,-1.6208963,1.0994027,2.2735622,4.3218174,2.5148265,1.7003596,3.2949326,5.8880224,6.4248204,4.8421187,1.4483345
945,9.525153,-1.7456348,1.1532702,2.559867,4.681086,2.1449847,1.3185436,3.692499,5.912782,6.367632,4.0495763,1.6836177
946,9.621448,-1.2099288,0.99242014,1.9702257,4.347808,2.7399805,2.9451313,2.9453402,6.0078397,6.6399403,7.2808247,0.52597076
947,9.426974,-1.6236945,0.9319929,2.248211,4.631082,2.4196165,1.6911705,3.5195749,5.5175476,6.5124893,4.5631447,1.1962478
948,9.493177,-1.6799792,0.9202073,2.3157978,4.772229,2.2971137,1.546638,3.684986,5.4646635,6.495916,4.2321067,1.2367743
949,9.708489,0.5527084,1.0034682,2.657149,5.841005,6.9384255,5.511418,2.260927,5.525167,3.2311397,9.22074,9.587173
950,9.65752,0.40610477,1.0258514,2.6243908,6.1496773,6.552969,5.5238843,2.437553,4.982972,3.2924876,9.099926,9.870425
951,9.295902,-0.65044785,1.0369257,1.70346,3.898508,3.7743073,3.5088105,2.0226834,6.3934064,5.797501,7.790629,0.661281
952,9.476704,-1.5578672,1.2671851,2.9782598,4.9149666,2.0929546,0.36850086,4.1206503,6.0590787,5.9654408,2.4792666,2.4640512
953,9.864204,0.37238228,0.8726311,2.687131,5.7462993,7.420098,5.4303713,2.035602,5.6513767,2.9038024,9.228841,8.858544
954,9.498751,-1.8662537,1.30701,2.9131243,4.5826926,2.0988226,0.7118636,3.87171,6.007096,6.3404665,3.2418408,2.3338585
955,9.417543,-1.7089353,1.2264651,2.693195,4.6010475,2.1917531,0.9518073,3.723728,6.000643,6.243485,3.5558324,2.0686133
956,9.568458,-1.7759954,1.1689781,2.667664,4.820431,2.0153275,1.1405967,3.8507667,5.921517,6.3112693,3.6735938,1.8012025
957,9.712342,0.6579737,0.8798707,2.3740063,5.791573,7.2976785,5.3582897,1.9343517,5.403356,3.0117047,9.314502,9.118518
958,9.709262,0.5521188,0.86988354,2.4397154,5.7498097,7.424632,5.2421484,1.8791748,5.6460924,3.0142655,9.183028,9.109288
959,9.383126,-1.1231706,1.1678071,2.1352398,4.1355386,3.2318816,2.296707,3.0768497,5.92767,6.8122053,5.9331126,0.8501253
960,9.5891695,-1.3433024,0.993469,2.0346477,4.3765273,2.5859575,2.6052432,3.1254034,5.9205527,6.7342725,6.6721473,0.66687435
961,9.441581,-1.6196986,1.247174,2.8340447,4.874935,1.9722791,0.6483105,3.9561481,6.1232266,6.0262446,2.9476707,2.2619317
962,9.565726,-1.7229519,1.21177,2.86453,5.0044694,1.8951846,0.73959434,4.0658584,5.9952283,6.130633,2.9505975,2.116375
963,9.401925,-1.2785181,0.9014747,1.8732785,4.2714243,2.7815099,2.841455,2.8459837,5.722793,6.7096887,7.116551,0.5454719
964,9.5974655,-1.0497298,0.93839,1.8500662,4.275294,2.922273,3.3517683,2.6928148,6.0126715,6.5602827,7.9849887,0.3728778
965,9.37942,-1.2764063,1.0255034,2.0008307,4.187997,2.933161,2.5688176,2.9163396,5.8157387,6.668614,6.4981713,0.7615822
966,9.442651,-1.2113408,1.1529475,2.1125576,4.182638,3.112814,2.421087,3.084618,5.8991013,6.8411455,6.206945,0.76677305
967,9.36291,-1.1778222,1.0472845,1.8877418,4.046057,3.1539493,2.7860494,2.6323462,6.1026597,6.2870092,6.7417026,0.88404197
968,9.305671,-1.0692761,1.0519367,1.8236786,3.9428246,3.3624113,2.9966774,2.4293625,6.12948,6.1863127,7.061826,0.8358082
969,9.319325,-1.0036802,1.0289496,1.7638682,3.9067929,3.4397354,3.3061118,2.2768664,6.100023,6.1663013,7.656567,0.7094185
970,9.366534,-1.1055292,1.0351769,1.8801765,4.0107226,3.2086532,3.1603937,2.4944158,5.9434505,6.467159,7.5572176,0.60334265
971,8.891655,-0.988079,1.1601139,1.7074237,3.335385,4.1347437,2.8395374,1.8967068,6.3703356,5.6532187,6.2826376,1.3660115
972,9.903576,-0.036492273,1.0685617,3.2218735,6.1297064,6.5626473,5.907511,2.7877676,5.530928,3.2112846,9.101329,9.717368
973,9.933542,0.15060098,1.0313638,3.1527994,5.8763885,6.995865,5.834182,2.5056436,5.8004518,3.057466,9.22129,9.2882185
974,9.871418,-0.3190958,1.0723445,3.3636866,6.4811325,5.8812456,5.96786,3.2184253,5.1393347,3.3971918,8.871028,10.24612
975,10.086307,-0.8793941,1.1774248,2.9784198,6.014464,6.422742,6.4334035,3.1013641,4.933549,3.4846923,8.91797,9.714021
976,8.799926,-0.9688773,1.1537594,2.0329354,3.1507504,4.4544077,1.3704048,2.640968,6.206986,5.4698763,3.6901414,2.4840138
977,8.99035,-1.1250589,1.2289461,2.3861995,3.3141856,4.1270533,0.8905164,3.1155803,6.0294857,5.659221,3.3337677,2.700809
978,8.939049,-1.1863048,1.2741232,2.2150712,3.1124098,4.280862,1.3478413,2.74385,6.3121333,5.605768,3.8144312,2.60061
979,9.298288,2.1916273,1.2437334,1.9394486,5.3311734,5.601011,5.6471953,2.5184045,4.2487373,3.9149575,10.277307,10.241007
980,9.359458,2.2379375,1.1782293,1.8972838,5.349482,5.846796,5.801797,2.3885806,4.222407,3.681544,10.5626545,9.963258
981,8.980629,1.5172544,1.4625132,2.9085717,6.272333,3.734819,5.486741,4.4136744,0.84149,3.7291431,2.0429232,4.819362
982,9.047655,1.4412189,1.5290663,2.4772847,6.7032337,4.055817,6.2169003,4.230104,1.3621081,3.6070168,2.4275384,4.978556
983,9.400655,1.6621331,1.3654343,2.2888722,5.7216477,5.4479074,5.939133,2.7702844,4.1628723,3.7604482,9.979618,10.279615
984,9.118321,1.614603,1.5874773,1.6142504,6.9693766,3.1790323,7.314966,4.137174,-0.22530392,4.306023,3.4003239,3.9145997
985,9.250416,2.1940384,1.2701627,2.477035,4.8877,6.9062586,6.1255946,2.0355697,6.8386164,3.6941268,9.448218,9.953921
986,8.108565,-0.6624716,0.3490419,0.8939336,3.8123176,3.827924,3.0179174,1.1965286,5.515908,5.3914275,7.0086317,0.49708006
987,9.623935,1.5485499,1.2808043,2.4860861,5.63765,6.330916,6.3662868,2.4765139,4.812548,3.2466812,10.332062,9.571457
988,9.511174,1.577847,1.3795843,2.4372623,5.7255316,5.860445,6.2466974,2.6408975,4.4733534,3.4951942,10.198269,9.967368
989,8.761006,-1.8240813,1.6111436,1.8475646,2.2650297,4.630312,3.3069248,1.3688588,6.539553,5.6337156,6.880329,2.0526884
990,8.749685,-2.264092,1.7607899,2.1133952,1.8590955,4.4041815,2.6984036,1.5785902,6.8023696,5.985146,5.946534,2.4542012
991,8.717252,-2.4402447,1.8652632,2.17714,1.6555166,4.4975038,3.0972729,1.2750078,6.893471,5.955058,6.670036,2.444948
992,8.7336035,-2.2652829,1.8087201,2.0537167,1.8260198,4.49552,2.966175,1.3903133,6.863925,5.897304,6.3664484,2.3407044
993,8.628584,-1.1654077,1.1064136,1.8093464,2.9869542,4.3406734,1.6720133,2.3122578,6.020789,5.6494374,4.2629843,2.2090259
994,8.797348,-1.2443167,1.2766159,1.8847034,2.874546,4.53695,1.8655826,2.3180096,6.3907666,5.4953365,4.3677297,2.4293754
995,8.961637,-0.54769003,1.1819327,1.7324698,3.3540936,4.952266,2.0223923,2.3048787,6.9970098,4.9112554,4.0655084,2.3835428
996,9.026355,-0.63036984,1.2261549,2.225648,3.3113663,4.7891126,1.5253586,2.661183,6.8013315,5.073313,3.553926,2.7503133
997,9.091381,-0.70590687,1.2352563,1.7750242,3.4733286,4.422522,2.221653,2.3150346,7.0642905,5.344681,4.6644526,1.8518062
998,9.207714,-0.3021622,1.1521987,1.6363914,3.7597575,4.3713427,2.709666,2.124308,7.352166,5.2735066,5.457303,1.2914269
999,9.084896,-0.26922086,1.2153566,1.4828054,3.576951,4.844809,2.969509,1.7950013,7.4713645,4.866176,5.605682,1.455627
1000,8.380022,-1.4238478,0.5855058,1.0599582,3.5043356,3.4853296,2.8253655,1.6063383,5.3451705,5.916175,7.017675,0.84275323
1001,9.244409,-1.0393744,0.7645416,1.6916009,4.144989,3.0079978,3.601178,2.2856684,5.4868155,6.6576195,8.613589,0.22036073
1002,9.491696,1.1404155,1.7578758,3.2438304,5.125792,5.961487,6.5854034,2.773167,6.899617,3.896543,9.302795,9.596842
1003,9.549017,1.2446954,1.6177201,3.033641,5.1368213,5.9244933,6.2790513,2.8096282,6.419186,3.987298,9.514395,9.88948
1004,9.62584,1.3093672,1.6447276,3.3856242,4.6497808,6.0853953,6.0407257,2.6400466,7.092484,4.082226,9.4308,9.526252
1005,8.878903,-0.41651994,1.0482649,1.2229608,3.4660485,5.2377415,2.5062153,1.9969071,7.0056205,4.588468,4.5805674,2.221926
1006,8.93362,-0.04856961,1.0022675,1.5850251,3.7368422,4.5542035,3.5002015,1.4560568,6.6403093,5.043137,7.2380247,0.88297594
1007,9.257401,-0.19736299,1.2807535,1.570516,3.648174,4.795688,2.7743363,2.0199757,7.8014946,4.914416,5.142876,1.5408747
1008,9.259779,-0.25979903,1.2967292,1.6290476,3.6056976,4.774308,2.5760517,2.1403377,7.777501,4.9753375,4.807397,1.6886127
1009,8.901684,0.1509483,0.5380698,1.2813148,4.3156524,3.892781,3.27004,1.7399733,6.572181,5.2746778,7.034364,0.34110525
1010,9.014755,-0.115634985,0.86030906,1.4760957,3.972356,4.188487,3.2685888,1.7564625,6.6877565,5.252391,6.9230313,0.74546224
1011,9.155851,-0.31356475,0.7279007,1.4664222,4.210508,3.6793299,3.6252344,1.8780727,6.3133426,5.6382227,8.026319,0.32977396
1012,9.25369,-0.96765,1.0172304,1.7691243,3.8067977,3.5034869,3.6968448,2.0273826,5.865976,6.251576,8.474478,0.557067
1013,8.935864,-0.019500846,1.1360341,1.2256372,3.6134574,5.515724,2.967604,1.6274191,7.541181,4.207546,5.0577865,1.9170035
1014,9.176389,-0.4342222,0.8306087,1.4886036,4.0425024,3.8275096,3.9524715,1.693819,6.225891,5.5996556,8.647276,0.39244908
1015,9.191183,-0.024029301,0.73097026,1.4369292,4.2390466,3.911776,4.018918,1.6062213,6.5288043,5.3175125,8.634393,0.19223496
1016,9.427605,-0.8826582,0.814432,1.7620338,4.2122707,3.042204,3.8147225,2.3112843,5.7169695,6.608232,8.970208,0.13993886
1017,9.413844,-0.9807724,0.9550963,1.7436545,3.9628036,3.3065653,3.8368428,2.1721141,5.8722277,6.378689,8.830107,0.41856632
1018,9.004695,0.11303628,0.8165049,1.475562,4.04273,4.278046,3.586127,1.5432721,6.66397,5.095329,7.525168,0.5592058
1019,9.058967,0.06729858,0.65323627,1.3807614,4.275335,3.9007068,3.539576,1.7326614,6.602185,5.311503,7.611378,0.31021672
1020,8.937473,-0.2820777,1.1332101,1.6342171,3.5570133,4.6869287,3.8415885,1.284089,6.471084,5.0317893,7.8917594,0.9506161
1021,8.953114,0.064410925,1.1002233,1.7075379,3.6758008,4.7327976,3.870416,1.214817,6.6132374,4.9163036,7.914524,0.78925645
1022,9.051394,0.18815461,0.76426417,1.4577143,4.1552978,4.2,3.9602096,1.4043995,6.6333265,5.0596614,8.3266115,0.28350708
1023,9.00651,-0.15426704,0.9538423,1.584646,3.8480556,4.343263,3.900314,1.3946441,6.3731656,5.1924815,8.239627,0.62331694
1024,9.078623,0.0059059537,0.94117844,1.5871543,3.9349766,4.3476667,3.9597511,1.3980676,6.5786085,5.113292,8.292858,0.5085726
1025,8.929986,-0.77020514,1.200201,3.1326108,2.8437784,5.050361,0.85940665,3.3755777,6.5858665,4.643152,2.7407002,3.539581
1026,8.749515,-0.88431484,1.1282548,1.8233975,3.1168735,5.1342845,1.6129307,2.541548,6.291327,5.001884,3.5657957,2.745469
1027,8.77555,-0.90715486,1.1882168,2.5187423,2.668703,5.181328,1.1147671,2.964458,6.4010267,4.796439,3.0593538,3.2180657
1028,8.275423,-1.2713628,0.72869664,1.1028041,3.1421933,4.1804156,1.6923862,2.162875,5.6375275,5.7416,4.177851,1.7361873
1029,9.522052,0.9427741,2.2719207,2.9483912,6.3622217,4.171693,7.299083,3.7748773,1.1481715,5.1263027,4.42934,4.3961506
1030,9.466349,1.8552312,1.3495044,2.8137708,4.9208126,6.547598,5.9306006,2.3586345,6.5827556,3.8107493,9.603778,10.1062975
1031,8.619974,-1.2312536,1.1841457,1.608001,2.887307,4.530432,2.2179203,1.9576653,6.2832403,5.4753757,4.959622,2.0503204
1032,10.023249,1.6569518,1.1703656,3.2283762,4.0269103,7.016142,5.185866,2.1579738,7.0083647,3.8528469,10.125835,8.938175
1033,8.273248,0.5494228,0.19323559,0.67578286,4.3837824,4.4917173,3.3890872,1.0106423,6.5408382,4.389154,6.7908397,0.29643205
1034,9.512637,1.2269164,1.440954,2.965097,5.3712254,6.526601,6.3621526,2.5081496,6.5024443,3.5443432,9.383512,9.758413
1035,8.830173,0.4842166,0.81601924,1.0803413,4.019204,5.1557803,3.7417035,1.1268514,7.262755,4.129462,6.959204,0.8691218
1036,8.482212,-1.3299896,0.8072671,1.0514976,3.3047729,4.0294056,2.4564843,1.8281767,5.952722,5.609978,5.74121,1.3506438
1037,8.425633,-1.4970658,0.8021622,1.0374899,3.2057967,3.9794474,2.1469848,1.9851769,5.8375683,5.7392607,5.207212,1.511766
1038,8.832579,0.7077504,0.5421083,0.9871083,4.344461,4.724741,3.5992057,1.2812507,7.211106,4.2978973,6.94455,0.522807
1039,8.776217,0.68375516,0.47967264,0.8669638,4.482469,4.792968,4.166921,0.9475884,7.0114975,4.0366154,8.091126,0.27882627
1040,8.732569,0.78574437,0.36340815,0.84339744,4.5408516,4.587396,3.8191786,1.1232452,7.0677285,4.2056155,7.4728823,0.23335402
1041,9.784677,0.5274061,1.2683662,3.1214392,6.062215,6.3388066,6.047466,2.7436569,4.9180694,3.2630708,9.391652,9.994283
1042,9.413213,0.70487684,1.7997193,3.599042,6.216207,4.552809,5.5884004,3.258971,2.6745374,3.743673,9.038299,11.252242
1043,9.580117,0.39806664,1.224349,3.2403038,6.6480293,4.1657667,5.8062687,4.167311,4.4937453,4.088574,8.593029,11.092937
1044,9.325597,1.1052333,1.4415033,2.2159972,6.60633,4.0768323,7.4952126,3.9137368,0.9498157,3.8579578,3.44593,4.797228
1045,9.485265,0.6951971,1.674018,3.4474957,6.2122197,4.873088,5.7475753,3.1708553,3.1746495,3.674257,9.1580305,11.018925
1046,9.961147,0.9608071,1.562036,1.635657,4.9379215,3.8234065,6.7125387,4.2710814,-1.0020055,5.5401506,3.1291556,4.5865746
1047,8.995573,0.8894921,0.60170454,1.1060089,4.393527,4.711685,3.8297677,1.2455066,7.3698597,4.247285,7.4338293,0.37723926
1048,8.891518,0.87108886,0.49593365,0.91585207,4.478956,4.7577333,3.8409355,1.1855263,7.400932,4.100995,7.3165646,0.3539652
1049,8.902625,0.7489013,0.7853358,1.293578,4.1688433,4.971486,4.1647573,0.92658454,6.997174,4.182875,8.163377,0.46979973
1050,8.908898,0.70739055,0.69282293,1.0480468,4.299292,5.0080504,4.271969,0.92013305,7.189952,3.9800324,8.194951,0.41293943
1051,9.438463,1.7366209,1.2657106,2.488405,4.979969,6.457977,5.617246,2.2861984,6.2919607,3.950038,9.58041,10.114758
1052,9.564373,1.2334715,1.1764723,2.5944297,5.267927,6.580986,5.481492,2.364097,6.0491962,3.7823565,9.410328,10.060711
1053,9.604868,1.2590531,1.0812099,2.5514722,5.2506723,6.9822206,5.4721627,2.1394513,6.1460524,3.529247,9.4838085,9.759998
1054,9.38575,0.7834993,1.7929753,3.496615,6.114822,4.6750426,5.616639,3.133926,2.824294,3.7280169,9.210365,11.107937
1055,9.89903,1.3015999,1.2401525,3.072593,4.718426,6.6781454,5.632148,2.4924066,6.5492997,3.777556,9.920179,9.46687
1056,9.372052,0.8130178,1.7333173,3.4450448,6.164235,4.5317545,5.6666574,3.2862055,2.9061048,3.7625015,9.119269,11.179964
1057,9.408176,0.8680425,1.6735986,3.302914,6.1234474,4.7703204,5.7493773,3.1696177,3.14347,3.714679,9.273842,10.98933
1058,9.709118,0.07711816,1.2554718,3.184132,6.5504713,4.6569076,5.995337,4.0459023,4.791774,4.048933,8.807681,10.990522
1059,9.725417,-0.06137667,1.1616932,3.4384425,6.6013536,4.6483808,6.083837,3.9032812,4.7011805,3.829168,8.704493,11.009354
1060,9.758274,0.15084401,1.3752139,3.601065,6.227688,5.407812,6.096046,3.1741247,4.593235,3.6018646,9.043253,10.777127
1061,9.719133,0.20446809,1.2323618,3.442602,6.2176676,5.1820745,6.0084233,3.4079175,4.973964,3.7780855,8.905338,10.7732525
1062,9.82482,0.88319415,1.1484423,3.020408,5.5052657,6.9845095,6.0614033,2.4128425,5.939236,3.146959,9.624163,9.355758
1063,9.671344,1.3564049,1.2144948,2.7026057,5.40747,6.6998878,6.157182,2.3772728,5.6994696,3.3061538,9.901261,9.497334
1064,9.830075,1.2941028,1.0950106,2.783049,5.245998,7.1675024,6.0994043,2.2197711,5.9546905,3.0673234,10.028905,9.023977
1065,9.818006,0.30321515,1.2933933,3.1926434,6.0522532,6.0848475,6.1019635,3.0828838,5.3016,3.5392435,9.280016,10.292264
1066,9.760384,0.2870738,1.327485,3.2372353,6.23278,5.7871547,6.090267,3.148235,4.818593,3.5241628,9.187418,10.471455
1067,9.7713375,0.011666695,1.2816582,3.2160954,6.4139667,5.2434363,6.131788,3.688468,4.9577065,3.8138735,8.984776,10.7931185
1068,9.77577,0.25464243,1.361737,3.116085,6.1429276,5.8224006,6.154416,3.294661,5.2109284,3.695523,9.229213,10.492981
1069,9.7404995,0.20056234,1.3691949,3.1081417,6.2184334,5.520379,6.145585,3.4876058,5.1061482,3.8174179,9.129999,10.671607
1070,9.745192,1.0862715,1.2985176,3.054751,5.4403462,6.824265,6.3704104,2.6028788,6.2648854,3.3333354,9.700125,9.751967
1071,9.427573,1.5091579,1.4253114,2.7693148,6.6134734,3.9805405,8.310081,3.6094975,1.9910467,5.2563105,5.328286,3.7180068
1072,9.210167,1.8397214,0.86183786,2.7499897,4.4584527,7.8092537,4.3541465,1.3114042,7.5429416,3.661389,8.691677,10.229112
1073,9.716542,0.6308451,1.6591696,3.2913406,6.6405754,5.4479103,5.9074464,3.0075183,2.8862603,3.4307506,9.306484,10.875696
1074,9.774674,1.3136499,1.202807,3.0803487,5.141303,7.162017,6.166911,2.4300098,6.6705513,3.337946,9.738514,9.733515
1075,9.633092,0.78660566,1.5686452,3.1221848,6.4366,5.363153,5.9732795,3.0491054,3.2674518,3.4917262,9.416544,10.762134
1076,9.775354,0.7030642,1.5004083,3.0828023,6.5120826,5.858607,6.1026015,2.8862326,3.5202312,3.3011796,9.530535,10.49947
1077,9.842075,0.61075425,1.5819962,3.2086184,6.69411,5.913858,6.036293,2.827779,3.12025,3.2438047,9.43376,10.576017
1078,9.343617,1.3424735,1.4823251,2.5825734,5.7026286,4.657131,5.47768,3.5820954,4.8698187,4.5567937,8.94989,10.950545
1079,9.816693,1.3441684,1.142455,3.0473921,4.8760867,7.286864,5.8111806,2.1862717,6.751842,3.3341987,9.713573,9.238524
1080,9.574172,1.6380136,1.1779232,2.79792,4.8484454,7.0135,5.6051025,2.099174,6.679677,3.6195865,9.509473,9.681261
1081,9.627223,1.6617291,1.1552335,2.894107,4.898496,7.3023276,5.9034524,2.141944,6.887577,3.4359074,9.611685,9.726157
1082,9.61023,1.5011309,1.34665,2.894014,5.0158434,6.5012684,5.9709454,2.4795597,6.478192,3.7609942,9.665459,9.856644
1083,9.832567,1.1108674,1.186659,3.003529,5.232917,6.8772187,5.969489,2.4918225,6.2308617,3.4122345,9.776308,9.600108
1084,8.122363,-0.07400628,0.6843626,1.1604954,3.5982394,4.795014,3.4883513,0.6994017,5.980087,4.6724005,7.251341,0.75363725
1085,9.613,2.485372,0.8334051,2.9115162,3.8643203,8.147195,4.6227474,1.2820758,7.288114,3.5814874,9.278024,9.380824
1086,9.729506,1.1164773,1.2833897,2.961649,5.330928,6.419994,5.9719696,2.6742454,6.0203857,3.6587427,9.653475,9.959314
1087,9.48175,1.3816345,1.3921973,2.7255378,5.419014,5.60902,5.8076487,2.9294953,5.455118,4.0791283,9.458539,10.52333
1088,9.470505,0.9747147,1.3803488,3.011328,6.005287,4.8300495,5.8845687,3.4526181,4.66926,4.0202394,9.101451,10.958309
1089,9.509048,1.3464735,1.3685945,2.8944876,5.3481727,6.0820527,5.9592195,2.6714134,5.997854,3.8492355,9.380817,10.268091
1090,9.716511,1.2561194,1.2724514,3.0670226,5.1853423,6.6587133,6.0021887,2.5964134,6.4263873,3.6327064,9.595653,10.030045
1091,8.3840685,-0.5922343,0.82049304,1.0357107,3.3476844,4.8172,2.6227705,1.5531089,6.384045,4.936056,5.199885,1.5542123
1092,9.709672,0.8650518,1.3428297,2.8796961,5.348187,5.7974873,5.6478415,3.0836427,5.7650304,4.1875367,9.396709,10.438194
1093,9.63092,0.76686007,1.4920144,2.846723,5.433902,5.3443184,5.715542,3.353882,5.540673,4.462577,9.232735,10.636897
1094,9.425792,1.2470149,1.5137323,2.6039572,5.4559603,5.099868,5.6421347,3.3185456,5.193991,4.4872317,9.211746,10.769991
1095,9.399769,1.3780416,1.4758058,2.5427735,5.3696265,5.189763,5.51953,3.2179642,5.2975826,4.520769,9.20656,10.81245
1096,9.411103,1.3224342,1.445702,2.964985,5.1334853,6.7172914,6.1701913,2.23515,7.006031,3.5714006,9.1189165,9.457319
1097,9.694148,2.2573392,0.83291507,2.0103946,4.968487,7.32537,6.0668426,1.7690257,5.1666756,2.89426,10.805897,8.655318
1098,9.64672,1.1297462,1.1464231,2.8056846,5.109604,7.0616417,5.5196404,2.1173534,6.5558176,3.4873497,9.337377,9.44836
1099,7.9631195,-0.44651848,0.24631184,0.86347413,3.7881598,3.8871508,2.3872554,1.444287,5.564743,5.462692,5.5422773,0.6740128
1100,9.020475,3.0184312,1.1748261,5.0178766,5.026743,3.6646156,3.506465,4.791695,-0.1953837,3.690301,1.7989945,4.5321407
1101,9.064872,3.0484643,1.3382275,5.181616,4.862261,3.732301,2.6926987,4.9894953,-0.026590299,3.6962304,1.8290106,4.495707
1102,8.847509,-0.7843508,1.3300937,1.5058815,3.1119182,4.945777,3.2508168,1.462097,6.93132,4.9607425,6.3492775,1.5949174
1103,9.900595,1.4263644,1.340008,3.3110387,4.2383866,6.5360985,5.352127,2.3791919,7.001588,4.0480156,9.873473,9.246637
1104,8.132726,-0.77634615,0.49416625,0.9095897,3.5229099,4.1165266,2.3876352,1.5836872,5.7645607,5.439286,5.3832717,1.0572892
1105,7.9521413,-0.62300605,0.18110603,0.7287034,3.8665407,3.7478647,2.689575,1.3192701,5.484523,5.4588723,6.214706,0.47828868
1106,9.491016,1.6701481,2.1991663,1.1100882,7.727244,4.0014005,9.272297,3.6027575,1.2504656,4.3613563,5.547301,3.726645
1107,10.0105715,1.6752968,0.8922359,2.9083424,4.2942915,8.030323,5.309967,1.6466728,6.790102,3.0824635,9.922729,8.336491
1108,9.51193,2.5680547,0.9799964,3.3243883,3.692453,7.948527,4.5796614,1.2927418,7.673843,3.7784011,8.849613,9.464091
1109,9.813079,1.8097885,1.0480273,2.8055584,4.5149045,7.3535748,5.5104456,1.962219,6.6124926,3.4350069,10.002603,9.068277
1110,9.3862705,2.42297,1.0773476,2.2165956,4.665401,6.8192077,5.403335,1.9335948,6.0007157,3.8352852,9.863704,9.9739485
1111,9.443543,2.190391,1.2037749,2.2480693,4.890857,6.182819,5.5441914,2.3464222,5.4633894,3.969799,10.093951,10.102148
1112,9.558948,2.2064111,1.0315379,2.4151914,4.5894513,7.1122475,5.4034567,1.8856215,6.258258,3.649693,9.936959,9.601758
1113,9.526965,2.2697804,1.058613,2.2712083,4.6361938,6.8164487,5.345658,1.9910738,5.960862,3.8083112,10.066028,9.801896
1114,8.469118,-1.0292532,1.0745836,1.3467419,2.9499698,4.795261,2.3706245,1.7581717,6.2342887,5.1985927,4.9927797,1.9694227
1115,9.143668,-0.6023613,1.0519328,1.5835723,3.768699,4.2448125,4.691776,1.2146076,5.835399,5.450465,9.940994,0.62368846
1116,8.42448,-0.21980345,0.8905546,1.1848713,3.3597753,5.2226686,2.5490117,1.5478826,6.5070534,4.597975,4.8507195,1.8646407
1117,8.440126,-0.21439868,0.89115757,1.0717775,3.4328666,5.214458,2.9205937,1.327428,6.649127,4.512216,5.4739146,1.5942411
1118,8.875191,-0.20827654,1.0311342,1.5177073,3.873409,4.8018794,4.579474,0.8596916,6.0719504,4.7295413,9.395339,0.6577033
1119,8.794019,-0.19345583,1.113629,1.5771232,3.6465642,4.9853806,4.31155,0.87593126,6.178491,4.684929,8.715018,0.89061946
1120,9.895024,2.011708,0.88367903,2.7309892,4.3338637,7.8837185,5.455034,1.697183,6.629149,3.1768126,10.106783,8.705747
1121,9.73835,2.3012784,0.9062205,2.5198421,4.4254026,7.629946,5.6004744,1.750189,6.369995,3.2887225,10.22189,9.054219
1122,9.080598,-0.38680518,1.0534543,1.5465358,3.921415,4.5166054,4.811956,1.009179,5.9666724,5.0442796,10.000331,0.56668216
1123,9.096838,-0.32369485,1.0346729,1.4782151,3.9936237,4.646964,4.8704076,0.9782182,6.083841,4.8687806,9.977512,0.5739162
1124,9.620614,1.2067938,1.4910069,3.2646198,4.932778,6.655529,6.200688,2.410273,7.1149335,3.608779,9.328024,9.247997
1125,8.58831,-0.5356616,1.0197407,1.3195509,3.29027,4.895781,2.5211992,1.6934255,6.692911,4.9351954,4.98202,1.7472372
1126,9.772462,1.9194864,1.0553916,2.2612875,4.9576817,7.0215797,5.9289284,2.058176,5.843964,3.269551,10.669269,9.035596
1127,9.801346,2.004891,1.054433,2.4562278,4.811702,7.0864863,6.1072674,2.0844495,5.917871,3.1957664,10.636027,8.866665
1128,9.737143,1.6932105,0.85881776,2.0838904,5.1103363,7.4537086,5.566108,1.734875,5.596018,3.0469427,10.216498,8.833678
1129,9.899253,1.7319301,0.8324941,2.4283977,4.768763,7.8014293,5.677133,1.700543,6.0238037,2.8986576,10.242395,8.426914
1130,10.003266,1.443467,0.72166586,2.3464801,4.770326,8.120475,5.411253,1.5166773,5.9900665,2.7701776,9.947568,8.143407
1131,8.865513,-1.0899369,0.9930905,2.1200325,3.7175634,3.5579584,0.09760173,3.600269,4.978693,6.168602,2.9920473,2.2678504
1132,9.023951,-0.88217545,1.1146398,2.32337,3.7476351,3.796825,-0.27350473,3.921096,5.041014,5.986755,2.5872238,2.5621164
1133,9.670703,1.7498279,1.0898633,3.4987042,3.6505044,7.5283027,4.1618023,1.4926314,7.8981905,3.952702,9.17228,9.313537
1134,9.10437,-1.485383,1.1935558,2.5805662,3.9364257,3.0675066,0.2674911,3.6790133,5.4914494,6.245901,2.98553,2.5446186
1135,9.138187,-1.0438039,1.1497052,2.4944646,3.929488,3.5292442,-0.22474492,4.0192432,5.1649427,6.0117035,2.48303,2.5996354
1136,9.011957,-1.1869721,1.0946995,2.2905571,3.816579,3.3876512,-0.10815493,3.8125618,5.0884304,6.2187915,2.8167574,2.4164226
1137,8.911195,-1.318602,1.0325509,2.1923664,3.7455013,3.3174326,0.17670412,3.5808897,5.0844865,6.298931,3.0847943,2.280273
1138,8.587977,-0.26499122,0.9080737,1.3187011,3.485179,4.854518,2.291166,1.7990617,6.7985377,4.893717,4.5116625,1.7021532
1139,8.295989,-0.40828225,0.58890784,1.0309557,3.6027105,4.430477,2.3186557,1.6839576,6.1651115,5.1680045,4.921553,1.2721403
1140,8.263307,-0.40718645,0.7811925,1.240114,3.3247533,4.7132454,2.3410895,1.5531454,6.159893,5.077739,4.9211125,1.5249512
1141,9.654369,2.0340736,0.85078835,2.7462585,4.201323,7.9812393,4.719034,1.403573,6.9975433,3.4553165,9.4044695,9.225739
1142,8.425445,-0.5972435,0.90025306,1.4812279,3.2107642,4.7140636,1.9404161,1.9655577,6.09455,5.1926527,4.3105273,1.9703449
1143,8.613454,-0.8235421,0.9718845,1.5440415,3.3035426,4.387488,1.9409635,2.1328962,6.292871,5.4318213,4.433557,1.8378334
1144,9.962393,1.788986,0.9040848,2.6105917,4.7237873,7.6603684,6.0131025,1.8893808,6.0768914,2.866781,10.506132,8.326754
1145,8.0539,-0.80743915,0.42651495,1.0745976,3.601263,3.7192333,2.515868,1.4026395,5.3930902,5.6747484,6.1812935,0.7191515
1146,9.927253,2.062282,0.97109866,3.45922,3.442186,7.937599,4.2189636,1.416111,7.5898952,3.7772348,9.46598,8.726059
1147,8.850989,-0.7260054,0.824975,1.983207,4.0114484,3.7084842,-0.09891056,3.8865871,4.44236,6.016544,2.541651,2.0681508
1148,8.595558,-0.8070965,0.681925,1.7416252,3.8441103,3.6719532,0.4327893,3.340166,4.577261,6.076631,3.0764573,1.8031795
1149,8.867329,-0.9627364,0.7959485,1.970747,4.063262,3.472383,-0.25539732,4.056294,4.1633477,6.25535,2.47906,2.0210493
1150,9.085002,-0.5805703,0.92830706,2.1711137,4.2488904,3.727723,-0.39666972,4.272726,4.4384093,5.854008,2.151859,2.2121427
1151,9.302201,-0.48411453,0.97986037,2.3041735,4.583836,3.6253018,-0.691804,4.668612,4.3625245,5.7688,1.7056139,2.2243278
1152,9.605789,2.010443,0.9538242,1.7599189,5.2063556,6.9739556,5.661191,1.8495866,5.2641273,3.2801151,10.608634,9.232504
1153,9.150314,-0.68590933,0.95140105,2.2432547,4.3341722,3.5988188,-0.5886892,4.46377,4.343006,5.9594235,2.0004694,2.2515688
1154,9.139696,-0.80621415,0.9902834,2.2892454,4.233156,3.545556,-0.4713464,4.3267236,4.5493054,6.0004277,2.1393507,2.311874
1155,9.587907,0.203645,0.9588763,1.9893554,5.241065,3.7760472,-1.018957,5.138643,3.8828063,5.316645,1.1613076,1.8452482
1156,9.491937,-0.030361177,0.95395154,2.1546433,5.025599,3.7370417,-0.82883745,4.942995,4.130306,5.436728,1.305939,1.973131
1157,9.307758,-0.23274745,0.9514269,2.1812487,4.6638002,3.784362,-0.6948516,4.6832633,4.240023,5.601656,1.6661814,2.1251926
1158,9.7364235,1.3380584,1.5040966,3.5238616,4.509775,6.747177,5.9949183,2.3615232,7.4955516,3.7312334,9.410406,9.03705
1159,9.796587,1.3196503,1.295246,3.3123274,4.608308,7.1426616,5.7777824,2.1577456,7.1969914,3.4755929,9.508558,8.897023
1160,9.935367,1.2930956,1.1145082,3.2114937,4.547016,7.5211635,5.528908,2.0033216,7.026579,3.2837684,9.689498,8.665888
1161,8.110959,0.15386336,0.45088926,0.8840734,3.892457,4.707179,3.37707,0.80124474,6.154336,4.529979,6.9227395,0.6081509
1162,8.74446,-1.9154439,1.4971693,1.9069875,2.27984,4.451928,3.1014585,1.636967,6.0080175,5.832495,6.60151,2.2092633
1163,9.777723,1.6311158,0.9944801,3.2604258,4.058872,7.9168973,4.7020583,1.5059737,7.4887547,3.4373417,9.2792845,8.8166065
1164,9.898466,2.026472,0.8787967,2.1890569,4.8927345,7.5154014,6.039579,1.8466419,5.739885,2.8853688,10.9596405,8.5020685
1165,9.491226,2.2537796,1.1140745,3.4247606,3.7201931,7.4144444,4.35483,1.5184276,7.652526,4.089928,8.851265,9.715657
1166,9.756977,2.284546,1.1205355,2.0316713,4.847236,6.703521,6.11699,2.16323,5.7405562,3.4389682,11.107418,9.158442
1167,9.901027,2.231677,0.89159775,2.2391882,4.793671,7.424823,6.2799954,1.9125777,5.646381,2.8513417,11.158104,8.409636
1168,8.974724,-0.47955993,0.98464155,0.7655717,3.6829684,5.405669,3.8461509,1.4083201,6.720215,4.2159476,7.2629795,1.6222708
1169,9.674158,2.4903169,1.1103888,1.9544083,4.8228416,6.5544386,6.216473,2.16297,5.4095154,3.4453146,11.119873,9.186502
1170,9.474533,2.4110913,1.1048872,1.9216944,5.231872,6.247616,6.173927,2.223426,4.444401,3.3405032,11.111248,9.4688015
1171,9.641455,2.2561758,0.98290706,2.065921,5.1857014,6.820271,6.257747,2.0626745,4.81756,3.0035446,11.18546,8.985926
1172,9.768302,2.3578644,0.7414332,2.1739988,4.9486113,7.547269,6.3549066,1.7583663,4.983945,2.5614893,11.175591,8.28985
1173,9.712863,2.4304473,0.8716473,2.0224574,4.95476,7.1606784,6.3276987,1.8893117,5.0271153,2.8621595,11.204151,8.626623
1174,9.431639,2.0424697,1.0056876,1.6400416,5.285903,6.6489353,5.444072,1.8758812,5.0080447,3.5392938,10.2830715,9.644777
1175,9.515232,2.263624,1.0653625,1.6439265,5.1685777,6.514363,5.761687,2.0132525,5.0564375,3.5309381,10.7922735,9.543377
1176,9.39883,2.236659,1.0122174,1.6884826,5.2206516,6.4991837,5.565125,1.9606564,4.757977,3.5521944,10.448101,9.699818
1177,9.389246,2.304381,1.1045638,1.4942173,5.32552,6.157884,5.7462907,2.0832202,4.515889,3.6378427,10.6489,9.762551
1178,8.749064,-1.2066243,0.9239108,1.9548098,3.6474218,3.41639,0.5026695,3.2403533,5.103559,6.241701,3.469493,2.0227847
1179,8.910821,-0.314001,1.1898764,1.0219803,3.5437465,5.7456813,4.1810293,1.0340708,6.9559245,3.9541295,7.503466,1.611973
1180,8.280252,-0.7651429,0.8952992,1.2514087,3.1624987,4.603867,2.7047935,1.3722236,6.090683,5.2033243,5.745599,1.3876129
1181,8.634188,-1.1371518,0.70223165,1.7652006,3.8367493,3.3701081,0.39820635,3.3972797,4.507967,6.3308315,3.1869798,1.7693129
1182,7.881463,-0.88494444,0.150521,0.86459506,3.6633341,3.5744052,1.7498376,2.0064812,4.9583855,6.0430064,4.385488,0.9343212
1183,8.627459,-1.5841022,0.83684397,1.7294368,3.4923043,3.1272247,0.7525039,2.95609,5.0422816,6.5371537,3.8930132,1.7901884
1184,8.734941,-1.3922498,0.8985295,1.9251444,3.6682231,3.1948683,0.69346267,3.1192997,5.1610303,6.360574,3.73013,1.8914005
1185,8.337382,0.27098516,0.7073386,0.9265105,3.8300254,5.2876353,3.7574613,0.7036717,6.6339164,4.0525765,7.0902767,0.8941272
1186,8.607113,-0.15466003,1.0640079,1.0599021,3.4878988,5.554635,3.7834651,0.9450222,6.9014997,4.1008716,6.8015075,1.4259124
1187,8.369401,-0.2029074,0.8529004,1.0219514,3.480223,5.158445,3.299399,1.0449497,6.529388,4.4657507,6.311931,1.2807941
1188,8.3545885,0.25893235,0.66278857,0.8675957,3.8323977,5.226705,3.4169295,0.9376781,6.7404904,4.1494102,6.362558,1.0418175
1189,9.684823,2.4185717,0.6573382,2.1958592,5.005719,7.616541,6.3519835,1.673134,4.660853,2.4276943,11.130119,8.249934
1190,9.50938,2.017523,1.169278,3.6288755,3.828643,7.5386696,4.6178656,1.4974858,7.919545,3.8481371,8.741782,9.358701
1191,9.614584,2.482531,0.7549763,2.0995715,5.070307,7.2718635,6.3955793,1.7943308,4.5074754,2.602365,11.202761,8.502941
1192,9.542528,2.5158887,0.6946143,2.1452823,5.138556,7.3000274,6.39529,1.7469717,4.2024703,2.4933286,11.186511,8.494021
1193,7.8452024,-0.43960407,0.61733824,1.3118628,3.2482355,4.3286467,2.4462886,1.2734154,5.3813763,5.5127964,5.367414,1.0651006
1194,9.883553,2.124119,1.016302,1.9732379,5.0224633,7.030703,6.1446157,2.0709677,5.6019187,3.1218617,11.417421,8.835756
1195,9.512863,2.551823,0.9271619,1.8814077,5.1357455,6.7042074,6.2815213,1.9736968,4.409213,3.0119774,11.231271,9.018474
1196,9.4896755,2.539764,0.77994055,2.0526214,5.2007074,7.0047646,6.3812065,1.8463258,4.0827713,2.6620479,11.211375,8.727935
1197,9.497419,2.5552921,0.8452785,1.9669359,5.1708546,6.8635516,6.344559,1.9025527,4.210586,2.8165388,11.226672,8.854923
1198,8.81063,0.396696,0.9845324,1.2306155,3.8310862,5.371728,4.0615664,0.87343967,7.080399,4.0501814,7.6293244,0.8948715
1199,9.700225,2.275274,1.0475135,1.6815337,5.0328074,6.774181,5.906923,2.0038428,5.5007524,3.4072156,11.184517,9.234586
1200,10.025131,1.1849204,1.0000196,3.1860232,4.4211783,7.890093,5.2279425,1.7680907,7.025917,3.0942836,9.627456,8.199139
1201,8.247748,-1.0994054,0.3382154,1.1963776,3.8402486,3.1245005,1.5835131,2.2802699,5.0861864,6.2452564,4.7055354,0.9126677
1202,10.111858,1.1940484,0.8659585,2.9990973,4.3337293,8.2017565,5.0892277,1.5838988,6.8299007,2.9132998,9.659805,7.8197007
1203,8.775894,0.6606262,1.1255299,1.8232424,3.7577224,5.661086,4.40009,0.7026225,6.18142,4.090237,8.418535,1.163959
1204,8.479791,-1.2686087,0.6675272,1.5796264,3.6598897,3.2432063,1.3192637,2.574284,5.169273,6.2692356,4.4147863,1.3957254
1205,9.942454,1.0166268,2.1334884,1.2965717,6.3362007,4.215909,9.109591,4.072664,0.91606694,4.7816725,5.6685987,4.4871635
1206,9.97467,1.6797817,1.1528155,3.994106,3.4624093,7.7839475,4.40074,1.5050035,7.9959664,3.686083,9.277944,8.310249
1207,8.866849,-0.104634814,1.0357318,0.77456766,3.7237258,5.9417095,4.049027,1.1092471,7.052147,3.6673832,6.938296,1.804626
1208,9.729144,2.263425,0.9812327,1.6072726,5.104974,6.9126134,5.9293065,1.9293557,5.3289876,3.2536986,11.28247,9.076166
1209,9.611342,2.2950025,1.0759561,1.637389,5.1473193,6.561361,5.9137363,2.0509987,5.157448,3.4449182,11.1348,9.375362
1210,9.30855,2.181138,1.0598323,3.3157218,3.9965312,7.5590243,4.490673,1.4271446,7.820866,3.9090428,8.605841,9.986254
1211,9.729201,1.8443191,1.1208228,3.6595721,3.7106586,7.7010574,4.526053,1.5077928,7.8805695,3.7438586,9.079366,8.946718
1212,9.663152,2.1532116,1.0916064,3.5828104,3.5414999,7.61196,4.277468,1.4684477,7.7896967,3.9849892,9.027244,9.283527
1213,9.913309,0.98068297,1.0106069,2.934123,5.0302,7.5376725,5.6063666,2.0093713,6.455006,3.0551536,9.609007,8.666465
1214,9.977341,1.1009859,0.9711413,2.9761393,4.7426476,7.7803288,5.4443307,1.8501587,6.669775,3.0071092,9.659697,8.339574
1215,8.397175,-0.99830383,0.5709364,1.5260878,3.7119014,3.489131,1.0774822,2.739585,4.8917055,6.173259,3.840248,1.4780715
1216,8.334873,-1.1740324,0.47544023,1.4316199,3.7596757,3.1745474,1.2804259,2.5950744,4.8328485,6.3558745,4.271222,1.2215047
1217,9.367717,2.0799773,0.9732666,3.0926478,3.9216259,7.6448145,4.1640534,1.4061786,7.7678685,3.9984953,8.862689,10.133659
1218,8.917722,-0.51312155,1.0829571,0.6760502,3.5100088,5.7903843,3.7062192,1.3806934,6.9812937,3.9503484,6.591485,1.9873053
1219,9.581239,2.0466275,1.0614992,3.4443204,3.6437325,7.6205597,4.206787,1.4389671,7.8520765,3.9841948,8.997051,9.532047
1220,9.483528,2.2161975,1.0292621,3.2930248,3.6929786,7.582699,4.17715,1.4179847,7.7339478,4.0585256,8.928072,9.820162
1221,9.504012,2.027014,0.9522163,3.1157618,4.017415,7.871534,4.497158,1.3764318,7.6266737,3.6779768,8.996792,9.573734
1222,7.827036,-0.99744904,0.1300844,0.7852217,3.6411533,3.5208802,2.102344,1.7657369,4.9315615,6.0274734,5.0965414,0.7624181
1223,8.062225,-0.10354734,0.36514235,0.8990908,3.9500844,4.3207397,3.4774003,0.8025176,5.8203416,4.82077,7.444124,0.38087326
1224,8.802972,0.064358056,1.1574098,1.2510506,3.7503133,5.784132,4.584472,0.65124106,6.680709,3.8047473,8.404687,1.2159852
1225,10.049677,1.1431917,0.7837088,2.6935527,4.5348854,8.202179,5.036173,1.507089,6.4720488,2.8502197,9.56515,7.8571963
1226,9.4118805,2.3136013,0.93261665,2.8562663,4.057893,7.6733932,4.4390783,1.3856509,7.2193985,3.8512783,9.005526,9.859899
1227,8.314931,-1.1173615,0.6631555,1.4229848,3.4380846,3.6419563,1.7695312,2.1268082,5.36526,6.0099955,4.8228345,1.3463145
1228,8.404738,-1.3831959,0.44486174,1.1771771,3.7758179,3.0369341,1.5284895,2.3701425,5.3078413,6.3039584,4.680859,1.0008789
1229,8.308534,-1.3838001,0.45921025,1.2222055,3.6896086,3.0694935,1.6677213,2.208727,5.1588087,6.2902474,5.03147,0.9748075
1230,10.133158,1.3454074,0.8946599,3.3048406,3.8289928,8.369149,4.476709,1.3591026,7.2880907,3.1168046,9.503571,7.760769
1231,7.929102,-0.19010052,0.094799794,0.6753892,4.1936574,3.9227545,3.4503484,0.7964963,5.6282315,4.926975,7.65006,0.06147934
1232,7.8998523,-0.96462715,0.07775219,0.89443517,3.963224,3.1119382,2.9898462,1.1892756,4.816512,5.920423,7.5057893,0.111606464
1233,7.9666486,-0.80723923,0.07454004,0.9499564,3.9695399,3.0945938,1.9803421,1.7673525,5.034313,6.0614386,5.4263773,0.4398998
1234,8.027997,-1.0684391,0.26044786,1.0407056,3.7407224,3.2051287,2.106046,1.7303214,5.057203,6.083567,5.6948547,0.62424093
1235,9.186676,1.2598975,1.9099475,3.9895885,5.850628,3.563395,4.5552535,4.602685,0.43551725,4.168026,2.236447,4.54493
1236,8.794362,-1.0199848,1.3058721,1.6021196,3.0214152,4.6777773,3.36904,1.4359378,6.478583,5.2700233,6.9095516,1.5018835
1237,10.24902,1.5057598,0.9829446,3.8622336,3.3425705,8.383368,4.099652,1.299733,7.7483273,3.3463085,9.458431,7.519235
1238,8.06869,0.5427067,0.2873708,0.7130489,4.145647,4.797362,3.404794,0.7248757,6.407564,4.2370734,6.7676225,0.4482609
1239,8.157338,0.55170476,0.28562608,0.6299908,4.2273707,4.851717,3.4908648,0.77282614,6.5995092,4.1193337,6.776523,0.45409545
1240,7.964043,-1.0343981,0.27085897,0.93776625,3.7481523,3.4189773,3.039618,1.1551484,5.0329,5.782824,7.402827,0.34097445
1241,8.002563,-0.6245994,0.23525813,0.8181127,3.966425,3.7471933,3.387456,0.9249692,5.374756,5.2771263,7.8005133,0.21850081
1242,7.9543457,-0.36132675,0.12600307,1.1252482,3.9249268,3.531159,1.6299275,2.0505977,4.9204535,5.9499226,4.3316135,0.84012234
1243,7.8539047,-0.22440213,0.030446412,0.9216523,3.9518902,3.654064,1.8928684,1.7777901,5.1515045,5.758127,4.6174,0.66075623
1244,10.198277,1.9955274,0.9014886,3.7479608,3.2038255,8.581855,4.182927,1.2440712,7.773086,3.4401326,9.447481,7.899009
1245,10.089557,1.7949666,0.9951915,3.755778,3.3723156,8.19358,4.2049994,1.3440627,7.7523065,3.53478,9.416689,8.072068
1246,7.929859,-0.88396317,0.116593435,0.966522,3.8990574,3.0993762,2.2721758,1.5149778,5.008003,6.0015006,6.1349444,0.33788067
1247,9.668672,2.5502496,0.90284735,3.046727,3.600194,7.9032955,4.294461,1.3335866,7.2391047,3.888781,9.265867,9.38664
1248,7.8782525,-0.97008914,0.017437909,0.87572813,3.9147441,3.0761263,2.3605423,1.6680316,4.7339053,6.1943235,6.019588,0.35907066
1249,7.9933205,-1.1149062,0.054720625,0.83642185,3.95422,2.9719107,2.0598516,1.8595597,4.917443,6.200332,5.5625205,0.4364668
1250,8.089419,-0.96241236,0.15363593,0.9936267,3.9461813,3.0757704,1.8252203,2.0041702,5.066416,6.155585,5.0961065,0.6063661
1251,10.080635,2.0894706,0.8340647,3.337153,3.4799027,8.554347,4.441394,1.2624353,7.474734,3.3589027,9.529196,8.251386
1252,9.81167,2.2532206,0.8437275,3.032007,3.7248394,8.201033,4.469131,1.3068174,7.2646804,3.5541463,9.43188,8.942074
1253,9.951213,2.0718765,0.79035693,2.9799652,3.8124413,8.434716,4.645737,1.2885997,7.1477995,3.2859,9.571649,8.544553
1254,10.151436,1.7768563,0.8058923,3.1677108,3.721255,8.601077,4.628574,1.2941552,7.2343326,3.1387432,9.603808,8.04133
1255,8.216515,0.46839565,0.32977036,0.715991,4.1404424,4.7700357,3.195874,1.0080657,6.574673,4.340984,6.248268,0.62414426
1256,8.108822,-1.0158948,0.49432522,1.2375163,3.4954648,3.5529623,2.0172486,1.7697867,5.251472,5.9671736,5.3832674,0.98630077
1257,8.008478,-1.042296,0.34812114,1.1038585,3.5905728,3.4057257,2.2355027,1.6428081,5.065674,6.028233,5.8062625,0.7468792
1258,7.8339148,-0.87253356,-0.02027743,0.86193013,4.0062256,2.986378,2.5134428,1.3740677,4.8298664,6.0180397,6.627841,0.12112811
1259,7.9183965,-1.0781091,0.11513913,0.91383076,3.86158,3.0505009,2.574373,1.4047148,4.8687377,6.0517797,6.7538867,0.26685363
1260,8.037247,-1.1886017,0.3409507,1.0389072,3.6468537,3.2844534,2.755491,1.3159535,5.0304074,5.9439425,7.0854,0.47814324
1261,8.68123,-0.36181664,0.967821,0.75431496,3.500018,5.666076,3.3727076,1.3740755,6.8305287,4.0543118,5.913493,1.9505533
1262,8.707214,-0.5714302,0.8956623,0.71017003,3.5356157,5.322285,3.4659812,1.4029212,6.5298038,4.334828,6.5808406,1.695469
1263,8.670353,-0.8183862,0.92907345,0.6543075,3.3365126,5.3283305,3.1194675,1.603554,6.3975616,4.459024,6.0343304,2.0222774
1264,8.079039,-1.2056239,0.4279825,1.0814565,3.5395298,3.402091,2.3628094,1.565539,5.1913366,5.970685,6.1530533,0.74223906
1265,8.090232,-1.148532,0.52231085,1.1245148,3.4407094,3.620979,2.5477126,1.4345253,5.3140087,5.831882,6.341533,0.8085143
1266,7.987476,-1.145698,0.27752116,0.9175765,3.6835568,3.345477,2.6105316,1.4098558,5.0952353,5.908723,6.584694,0.50288504
1267,9.404428,2.105593,0.81904036,2.700572,4.2500534,8.028861,4.4876337,1.2724134,7.3572884,3.5666447,9.062815,9.818472
1268,9.558619,1.7596039,0.81301814,2.862884,4.289148,8.257343,4.6040606,1.2872405,7.549541,3.3084075,9.152508,9.371209
1269,8.044241,0.017498441,0.07395037,0.66567105,4.195579,3.9603727,2.798149,1.2861172,5.9344993,5.075851,6.0769296,0.32326725
1270,7.9895387,-0.25357014,0.31926155,1.1662432,3.7165651,3.9100232,1.9206092,1.6873311,5.416708,5.6336184,4.749203,0.91918385
1271,8.072472,-0.5299237,0.46678498,1.3184377,3.5833406,3.793192,1.8746284,1.7459228,5.3940473,5.7714596,4.929459,1.0185766
1272,8.028835,-0.099763475,0.102744944,0.6816831,4.1551204,3.9280932,2.9564674,1.1780989,5.830053,5.0881286,6.509635,0.272269
1273,8.058978,-0.31441632,0.67035407,1.2415714,3.377265,4.500666,2.6222203,1.191352,5.8431573,5.185307,5.758124,1.0606593
1274,8.7630415,-0.06523129,1.1984969,1.0815017,3.5168328,5.8329196,4.046742,0.88183117,7.2323065,3.833885,6.982517,1.4998429
1275,8.009155,-0.13882872,0.42143142,0.958402,3.7657652,4.3690434,3.1205947,0.9045715,5.8201184,4.936334,6.7809567,0.57090557
1276,7.9894385,-0.045642283,0.24238998,0.73193705,3.987097,4.273165,3.1206503,0.96639603,5.9270062,4.857082,6.643995,0.41950318
1277,7.9469323,-0.37392423,0.16018347,0.6676172,3.9930816,3.9364166,3.0588193,1.048239,5.640865,5.1296296,6.8269835,0.3222298
1278,8.106894,-0.3705841,0.6270105,1.2081393,3.488065,4.348148,2.8208735,1.1321183,5.7864633,5.2125664,6.307193,0.87875426
1279,8.107849,-0.22312143,0.6726467,1.0942932,3.5017955,4.710217,3.139202,0.9117466,6.043614,4.8265095,6.553838,0.904284
1280,8.809934,0.3558287,0.76454914,1.0005938,4.2831063,5.2180963,4.627133,0.6981061,6.7431765,3.8611593,8.846495,0.5602986
1281,8.931257,0.12727667,1.0202051,1.1754799,4.039478,5.4686556,4.7672496,0.7123726,6.6779523,3.8912277,9.016422,0.8778181
1282,8.132624,0.3091408,0.35760653,0.8505694,3.9603963,4.6230884,2.813483,1.1573367,6.3057466,4.6735396,5.730212,0.7610861
1283,8.817814,-0.5274311,1.243131,1.4370306,3.2746544,5.080772,3.667511,1.2207316,6.723553,4.7475147,7.151848,1.3768781
1284,8.14492,-0.471888,0.634546,1.3636969,3.400303,4.231294,1.9589249,1.719502,5.656016,5.5178447,4.734204,1.337838
1285,8.594404,-0.7568662,0.9366826,0.78726304,3.2418313,5.4095664,2.7581024,1.7447659,6.389135,4.4741864,5.216748,2.2163472
1286,9.631199,1.0887036,2.179205,4.4793124,5.372965,3.5316803,4.2731395,4.6420746,0.35960498,5.238953,2.8562355,4.2137284
1287,8.828886,-0.8313598,1.4390237,1.4424356,3.027744,5.431012,4.0577874,1.0246059,6.701206,4.54329,7.5883355,1.6812575
1288,8.778946,-0.933444,1.4556097,1.475263,2.9138017,5.2881713,3.7904112,1.1043065,6.7571516,4.725773,7.1941867,1.6683275
1289,8.533562,-0.8860094,1.2203249,1.2918147,2.9795413,5.130146,3.3861063,1.1692115,6.4840746,4.80516,6.5536547,1.6407757
1290,8.456396,-0.90752375,1.134269,1.2985164,2.9805574,4.94284,3.0368912,1.3132062,6.366117,4.990416,6.071974,1.6423758
1291,8.668561,-0.41498765,0.9923322,0.8929539,3.3887196,5.636306,2.9290307,1.6297802,6.7824407,4.1886244,5.1023326,2.230732
1292,8.773628,0.2881634,0.9960431,0.8765275,3.8374767,5.9358873,4.015082,0.90287465,7.3541627,3.5411906,6.8056183,1.4626968
1293,8.971192,0.06639884,1.1591853,0.95828265,3.8353424,6.126784,4.5923753,0.7847983,7.1387053,3.42834,7.990769,1.5405262
1294,8.590517,-0.71767217,1.016102,1.1074082,3.1522722,5.337817,2.4635122,1.8634242,6.4712296,4.6032166,4.670677,2.3307068
1295,8.556017,-0.88907695,1.0631641,0.9719264,3.053066,5.366733,2.7123973,1.6864688,6.443924,4.606634,5.119684,2.2379537
1296,8.862415,0.16981632,1.2069466,1.4456565,3.7452772,5.690073,4.6112776,0.6590503,6.606871,3.9437864,8.630373,1.0976403
1297,8.910966,0.12578422,1.2284534,1.2954104,3.7779603,5.8777313,4.7189436,0.6273897,6.814949,3.7165873,8.624048,1.1794941
1298,8.814804,-0.049751755,0.9877997,0.7091038,3.721903,6.0185165,3.7538674,1.2273469,7.1305814,3.6150458,6.2376633,2.006119
1299,8.8165245,-0.051163144,1.0022763,0.7926825,3.6754313,5.974964,3.4409077,1.3734599,7.202632,3.7091775,5.6741395,2.1371613
1300,8.023372,-0.21907783,0.48806196,1.1112276,3.5697734,4.3214226,2.378877,1.3438429,5.8004217,5.2460775,5.358093,0.96958566
1301,8.85412,-0.31987375,1.3254383,1.2821507,3.423528,5.7971983,4.408154,0.81203955,6.81624,3.9918683,7.956732,1.5235435
1302,8.879416,0.14503686,1.1657982,0.85894215,3.7640917,6.38116,4.3553224,0.8426778,7.402083,3.2352097,6.979345,1.8818593
1303,8.831892,0.34314364,1.1050736,0.81734407,3.8272982,6.377651,4.0264955,0.8933466,7.680752,3.1816678,6.3084707,1.8240837
1304,9.134775,1.5877522,1.8135213,1.852748,7.4638586,3.3622255,7.7288823,3.6881807,0.19771257,4.335342,3.9033928,3.6932335
1305,7.960011,-0.008169734,0.12894593,0.92866266,4.0141096,3.8555,2.361553,1.4395888,5.5933433,5.4048047,5.473368,0.49394864
1306,7.987272,0.16295594,0.4071246,1.0409982,3.7235708,4.4957104,2.465317,1.2030749,5.988969,4.9888906,5.3332405,0.8599036
1307,8.03076,0.0410355,0.4339912,1.1520236,3.6706338,4.363849,2.1992948,1.4308174,5.849572,5.210943,4.938435,0.9972479
1308,8.171903,0.25693876,0.1657651,0.9336006,4.1842227,3.992462,2.4984183,1.5013009,6.00639,5.1878157,5.529132,0.49367136
1309,7.9742446,0.36539844,0.3462027,0.9394635,3.8848944,4.582302,2.8728073,0.9275205,6.087193,4.7230396,6.063575,0.6057941
1310,8.895704,-0.040123295,1.2564305,1.1517056,3.6493819,6.050987,4.571641,0.7319344,6.965169,3.6262405,8.031369,1.525337
1311,8.043569,0.11737106,0.2516019,0.94986916,3.9752085,4.124633,2.5932517,1.2692842,5.8968964,5.1363025,5.785865,0.540331
1312,9.003282,0.016637208,1.2367165,0.89800197,3.7466493,6.518222,4.5438085,0.8437054,7.3273406,3.1770647,7.42582,2.058307
1313,9.000521,0.022310387,1.123466,0.7154996,3.8083906,6.509326,4.2820797,1.0564829,7.3368998,3.16388,6.8312407,2.2716544
1314,8.963887,0.0513873,1.078642,0.6628968,3.813332,6.4697843,4.0757456,1.1424159,7.378438,3.192248,6.4143305,2.298714
1315,8.92535,-0.23155415,1.333736,1.0722929,3.521417,6.19973,4.534488,0.81223774,7.105268,3.5668507,7.674983,1.8161814
1316,8.930018,0.019488988,1.24055,0.9848255,3.7056587,6.297961,4.549502,0.7611778,7.216611,3.3587735,7.664686,1.7354188
1317,8.014788,-0.08629073,0.38421395,0.84341365,3.7846801,4.4332113,2.9034479,1.0436568,6.014404,4.890175,6.164103,0.67274356
1318,8.049393,0.059228208,0.42270103,0.942922,3.755659,4.5171733,2.67441,1.1617993,6.0968366,4.90223,5.662257,0.8195781
1319,9.310847,1.2823167,1.6964388,2.2581785,5.730488,3.171356,6.549892,4.6465936,-0.39860407,4.147382,3.2856767,4.423151
1320,9.713372,1.1199926,1.7129339,2.0260823,5.7596016,4.044223,6.9779096,3.9634175,-0.014530538,5.5398283,3.4939508,4.4627333
1321,9.109661,1.0604725,2.6118097,2.9607856,6.3089595,2.9635746,7.2378807,4.4580393,0.68225837,3.8731573,4.8734574,3.9542265
1322,9.219266,1.2682233,1.6973709,1.9319068,6.4944453,3.136174,7.722497,4.3522596,0.17924902,3.8801653,4.1884456,4.141348
1323,9.197692,1.2201853,1.9407064,2.1515987,5.89888,2.7086368,7.1642294,4.843394,-0.34450448,3.562795,4.1092877,4.1982293
1324,9.393111,1.3244262,1.6566341,2.4862647,5.5033927,3.4676385,5.908737,4.561144,-0.32790458,4.357136,2.6951678,4.602668
1325,9.643219,1.0000409,1.3288373,2.518061,5.8536935,4.3059673,6.790404,3.7180898,0.7789483,5.0304284,3.0895364,4.782556
1326,10.081889,0.92319643,2.6447089,1.4294966,6.10485,4.253496,9.233761,4.090578,0.65819144,5.224937,6.2795277,4.3357224
1327,10.049167,0.9304511,2.421725,1.5164086,6.2172685,4.2938743,9.263161,3.9441981,1.0141203,5.2504973,6.249155,4.289803
1328,9.64353,1.2973539,1.3689786,1.1946212,6.5405154,4.117447,7.9637957,3.804441,0.21865073,4.7836876,3.651273,4.4560385
1329,9.506593,1.5487958,1.8475938,4.017028,5.06874,3.4342928,3.8617985,4.9357095,-0.04061818,4.6812043,2.109201,4.3709664
1330,9.809778,0.9601775,1.7388058,2.0077124,6.2475677,4.3611207,7.58996,3.624908,0.81005013,5.78061,4.1231313,4.2274094
1331,9.652581,1.0200073,2.7100008,1.7598568,5.5457554,3.5614471,7.5467377,4.9629984,-0.51358086,3.998519,4.562404,4.82937
1332,9.241564,1.8367461,1.6111007,0.90293956,8.087471,3.788351,9.004085,3.3864295,0.51908886,3.9619002,4.482738,3.6252468
1333,8.973289,1.7482232,1.4886245,1.7781264,7.5215664,3.3505752,7.3852887,3.9345489,0.8904619,4.5677457,3.5351417,3.8191586
1334,9.622493,1.2887849,1.3583858,1.6739225,6.434721,4.240043,7.38088,3.6618166,0.6180011,5.422795,3.3695905,4.405064
1335,9.613825,1.1945918,1.1719372,1.6123667,6.2695675,4.1737313,7.4766364,3.8479285,0.6025506,4.6574636,3.2426107,4.7022986
1336,9.35868,1.2432536,1.9511231,2.330981,5.547932,3.0654,6.6894946,4.7504964,-0.44530144,4.35088,3.7933528,4.3198094
1337,9.483038,1.1861159,2.030546,2.5607774,5.0338545,3.5815341,5.8763914,4.7916183,-0.5770903,4.440223,3.0687718,4.8671193
1338,9.243311,1.5502995,1.6194146,3.3783376,5.220106,3.5692108,4.6674657,4.7589693,-0.118959755,4.204152,2.0942001,4.7493763
1339,9.059441,1.30821,1.8426309,3.4718223,6.68423,3.0501065,5.8717146,4.0593233,0.56714135,4.739705,3.0944445,3.8702013
1340,9.236294,1.2439444,2.041567,3.1615,6.742926,3.2461817,6.834911,3.780311,0.7566576,5.271944,4.1975017,3.6303782
1341,9.185881,1.2506348,1.9248141,3.333175,6.6820188,3.139742,6.441112,3.8512766,0.65300596,5.185672,3.776771,3.681913
1342,9.638661,1.1723047,2.8819187,2.314385,6.649406,3.6973517,8.271567,3.9624324,1.0614256,5.460008,5.9817195,3.7276886
1343,9.508237,1.0153006,1.2923077,2.2984276,6.2991185,4.074898,7.5294547,3.7885265,0.9574099,4.5186825,3.665826,4.6404247
1344,9.523389,1.4245802,3.0148168,1.9706237,7.288165,4.0664306,8.255822,3.8817387,1.5269064,5.1913047,5.5144763,3.9414215
1345,9.182411,1.3166462,1.2801951,2.3866537,6.1657104,3.5899503,6.5467396,4.356756,0.4067612,3.8858392,2.799706,4.7122445
1346,9.607952,1.062435,1.9360602,2.098202,5.1795273,3.5763712,6.713312,4.754872,-0.59644836,4.4839606,3.5551963,4.8247185
1347,9.525561,1.100688,2.2397635,2.1381154,5.2304325,3.342756,6.748519,4.957531,-0.69088733,4.0997276,3.8436804,4.7678905
1348,9.48493,1.0596526,2.4617915,3.262034,6.01639,3.2049468,6.8820424,4.0616283,0.7652435,5.6806602,5.0807066,3.6073403
1349,9.771742,1.1409506,2.1574883,4.7984977,5.1760626,3.492419,3.6685226,4.8813343,0.3671497,5.2703853,2.6688802,4.1546373
1350,9.449457,1.3769354,1.447419,2.0218837,5.705336,3.442756,6.302893,4.3798785,-0.35263517,4.6098633,2.7722309,4.4045873
1351,9.646209,1.360438,1.2071656,1.2800193,6.2305994,4.06251,7.0919724,3.882247,-0.13544187,4.4527435,2.5953786,4.662153
1352,9.691575,1.207245,1.1996032,1.5503206,5.890634,4.0078835,6.978831,4.0011115,-0.1553749,4.4225965,2.691791,4.7727704
1353,9.741579,1.2066652,1.6547468,1.541652,5.9012847,4.07804,7.1102896,3.9800677,-0.32233492,5.1954947,3.2332792,4.5291505
1354,9.73428,1.3402427,1.5229632,1.5362347,5.2982855,3.7657084,6.1580367,4.328355,-0.7120972,5.083774,2.420836,4.6102395
1355,9.520762,1.4486864,1.3695213,1.7143822,5.5908055,3.5890722,6.113198,4.3943825,-0.4905527,4.5967674,2.304006,4.5741405
1356,9.379723,1.1079077,2.5363252,2.0566618,6.1037865,3.1398787,7.7680173,4.715979,0.060794078,3.7801223,4.905409,4.2911725
1357,9.599038,1.0006257,2.6138365,1.9450606,5.7789416,3.462521,7.810627,4.731217,-0.17261088,4.116174,4.9102454,4.544203
1358,9.462258,1.1099731,2.5928066,2.081392,5.474783,3.122239,7.1088324,5.026854,-0.61131746,3.9395435,4.4061,4.551315
1359,9.855362,1.2206982,1.7478951,1.4366968,5.5187902,3.9230802,6.8193784,4.0880322,-0.8541255,5.7511272,3.193776,4.3521433
1360,9.8118305,1.1513048,1.7465314,1.5794134,5.43406,3.769677,6.949726,4.2114496,-0.8791595,5.5599136,3.4504006,4.3525114
1361,9.674704,1.3912286,1.4155616,1.2328551,6.2425866,4.063146,7.132193,3.8352408,-0.29270563,5.348093,2.9176626,4.365784
1362,9.705657,1.329867,1.5291334,1.2926022,6.2582397,4.072653,7.397727,3.8088732,-0.24143098,5.412884,3.3308797,4.305081
1363,9.676859,1.3286705,1.5556191,1.3456697,5.907903,3.7690685,7.012084,4.0778627,-0.80262697,5.24694,3.0841901,4.294197
1364,9.645013,1.3417585,1.5454901,1.522377,5.7356076,3.6825297,6.6689706,4.2008295,-0.7666478,5.164803,2.8830094,4.354977
1365,9.867423,0.8765816,1.8064128,1.8363992,6.3735547,4.601068,8.608907,3.6110024,1.2556702,4.7181025,4.7955747,4.7384744
1366,9.555888,1.5067593,1.2027766,1.2379225,6.1175036,3.858657,6.6194496,4.056439,-0.35127974,4.947757,2.2790225,4.4908795
1367,9.58931,1.5211457,1.2171905,1.1120197,6.207269,3.9366598,6.736355,3.9683871,-0.36942047,5.1641617,2.3292325,4.4338193
1368,9.652722,1.444604,1.2825694,1.1604269,6.1544085,3.995646,6.8645296,3.8918412,-0.44150156,5.3287187,2.5275662,4.3920426
1369,9.413283,1.0546503,2.343928,3.3477342,6.1596837,2.8834624,7.0522037,3.965433,0.81265414,5.7157063,5.37888,3.3012984
1370,9.825657,1.0478332,2.333457,1.5798526,6.0752006,4.1005645,8.317393,4.247364,0.41694984,5.1307693,5.09124,4.5170455
1371,9.779672,0.9401288,2.460289,1.9153794,5.6779513,3.9899714,7.833217,4.44486,0.04622626,5.1105533,4.8212805,4.6478267
1372,9.61617,1.2910972,1.6090536,1.6785128,6.698445,4.1947722,8.004425,3.620434,0.90077496,5.5458665,4.2866063,4.1667614
1373,9.267139,1.2177515,1.6836107,3.615608,6.0871773,3.0273721,5.5006404,4.171847,0.33039287,5.0234184,2.943875,3.9530385
1374,9.293534,1.1926994,1.7470762,3.533,6.157809,3.0515993,5.865105,4.057871,0.44210497,5.2320533,3.3716598,3.8184967
1375,9.426526,1.2979177,1.8518169,3.5046825,5.3874726,3.3764951,4.8689923,4.6158185,-0.11796926,4.7155185,2.4766645,4.388555
1376,9.460936,1.0650884,0.47819683,1.5262858,5.020319,2.8167942,7.3256764,5.324267,0.11442279,3.3636632,3.6299334,5.015023
1377,9.566175,0.98511326,1.3452337,1.9949645,6.0885534,3.9531968,7.7042165,4.0042963,0.43651593,4.3030043,3.7517986,4.722617
1378,9.3937645,1.1239451,1.1454737,2.2180734,6.591234,4.0316095,7.7333946,3.77642,1.414663,4.4932127,3.8235223,4.541739
1379,9.20879,1.2257657,1.7898306,2.8372917,5.552078,3.6018322,5.881709,4.6949067,-0.21157582,3.7201998,2.7135212,4.944215
1380,9.001846,2.0221074,1.6372367,4.1732454,5.090609,3.7590792,3.4188814,4.9176226,0.042267784,3.7679148,1.4594035,4.8893795
1381,9.892547,0.9102397,2.7630668,1.9158566,6.4981074,4.3709507,8.883014,3.8259637,1.0579174,4.532339,5.70634,4.488826
1382,9.34145,1.6820099,1.9319355,2.9067204,5.071035,3.3710198,4.567701,4.871809,-0.2878163,4.301071,1.9552176,4.5218425
1383,9.643168,1.3343214,1.6302783,3.7532299,5.11662,3.3675213,4.533296,4.6345344,0.10653986,5.070355,2.4878712,4.2622046
1384,9.130087,1.4942778,1.3865702,2.8856268,5.646801,3.4586499,5.4653296,4.658842,0.064778216,3.8769062,2.292028,4.7547016
1385,9.5131645,1.2073889,1.9746513,4.039189,5.442,3.42402,4.756857,4.507174,0.30083314,5.184093,2.8917818,4.181776
1386,9.231144,0.80384415,2.8036964,4.2354555,5.8378854,4.738599,5.0120764,4.2531075,0.48051453,4.3823056,2.6965342,5.2389073
1387,9.220843,1.1662441,1.7583103,3.9393654,5.8706746,3.8428097,4.944206,4.3175454,0.62478644,4.4279175,2.2579343,4.734584
1388,9.702236,1.2428339,1.9184881,4.4354544,5.169244,3.274634,3.8411758,4.870003,0.22231461,5.1373115,2.4842362,4.125435
1389,9.769634,1.319352,1.90008,4.6094093,5.067655,3.2908072,3.47372,5.018496,0.26255658,5.1094847,2.3703377,4.097569
1390,9.191117,1.0653623,3.0983868,3.273552,5.4332147,4.1861672,5.119494,4.663866,-0.39826694,3.9435778,2.4955523,5.1445823
1391,9.050488,1.2414026,2.6303163,4.5324306,5.3202033,4.5663323,3.756928,4.723216,-0.1810786,3.9528685,1.8471234,5.3355536
1392,9.120168,1.5063659,2.40524,4.4108777,4.9749064,4.3324394,3.5573866,4.84206,-0.38413098,4.08176,1.8244904,5.224397
1393,9.130677,1.144762,2.7534814,4.2150135,5.1898313,4.5666847,4.1609955,4.6729302,-0.37432078,4.071584,2.1005576,5.3734083
1394,8.92824,1.3839973,2.6444268,3.4526594,6.025588,3.6013064,5.2485156,4.6070094,0.123246305,3.666009,2.2030416,4.6555696
1395,9.08801,1.5657544,2.0564404,3.9529557,5.005531,4.1395006,4.1543884,4.779541,-0.37337595,3.915489,1.9240706,5.2563004
1396,9.502702,1.1160569,1.1175047,1.7838892,6.7891827,4.241333,8.36884,3.7007718,1.847937,4.3073006,4.275861,4.6178737
1397,9.364833,1.283419,1.7427096,3.1432457,5.414358,3.6472902,5.2885575,4.4851155,-0.048345402,4.514343,2.4243424,4.671057
1398,9.3069105,1.3992381,1.7715758,2.7370276,5.4832478,3.5477867,5.403969,4.605987,-0.2001236,4.2317004,2.3062685,4.6833835
1399,9.194199,0.84503233,3.0699654,4.011448,5.4292064,4.783675,4.823983,4.4810276,-0.24736926,4.083354,2.5183315,5.47328
1400,9.314733,1.0322934,1.1914788,2.305903,6.957969,4.478719,7.7711205,3.705394,2.3198786,3.724955,3.5781772,5.021913
1401,9.236369,1.042901,1.4467221,2.8140404,6.6937623,4.259893,6.978409,3.837305,1.6186923,3.9904528,3.156726,4.9181404
1402,9.461009,1.1282823,1.5853807,2.7822688,5.627608,3.847743,5.9885836,4.198074,0.06842684,4.6237326,2.6197152,4.748548
1403,9.410953,1.0767162,1.7820598,2.7978346,5.761302,3.9331155,6.154969,4.211143,0.06402483,4.427422,2.7776859,4.8260436
1404,9.232897,1.1396921,1.7576945,3.3719883,5.6989183,3.9729593,5.427232,4.323712,0.24660802,4.150842,2.2833924,4.995849
1405,9.439146,0.9328597,1.6371255,2.7748282,6.021311,4.24333,6.662902,3.948892,0.5297111,4.1808777,2.932205,5.024262
1406,9.340932,0.7631215,2.8311386,3.2953496,5.7943897,4.6401606,6.0746202,4.263584,0.16077574,4.2189636,3.2116845,5.318414
1407,9.15255,1.4905317,2.115569,2.96011,5.490306,3.600579,4.92985,4.7125573,-0.11996744,3.872054,1.9720076,4.7816467
1408,9.58954,1.0252709,0.9137039,1.4521917,5.397213,3.1679518,7.793954,4.9490314,0.026393373,3.7655184,4.046788,4.837094
1409,9.6436405,0.9537247,0.5679701,1.0826552,5.671759,3.110846,8.698391,4.8698387,0.49287733,3.6613286,4.688724,4.733812
1410,9.273729,0.5232413,3.1912658,3.3581343,5.4013166,4.917679,5.877846,4.3484955,-0.46128714,4.010454,2.992613,5.791117
1411,9.1604395,1.1130795,1.5060488,3.5684643,6.2265916,3.9518178,5.7379794,4.0318456,1.0327281,4.412374,2.4821198,4.778737
1412,9.168944,1.0505928,1.5021139,3.430967,6.462984,4.0807824,6.1124845,3.9172623,1.3144224,4.223357,2.6400304,4.84743
1413,9.121973,0.92549574,2.81681,4.3298373,5.520746,4.7633333,4.4766417,4.4718184,0.00443191,4.1429634,2.2759194,5.4244943
1414,9.110815,0.8951828,3.094272,4.873849,5.4629517,5.033551,3.7802765,4.567341,-0.08450668,4.164365,2.1012192,5.4420805
1415,9.331849,0.5970665,3.4235473,3.279526,5.723214,4.9052114,6.0482044,4.3239517,-0.19640954,3.7176552,3.1802468,5.603055
1416,9.292955,0.53016156,2.5938184,3.464469,5.776777,5.0150657,6.192401,4.0206876,0.33578154,4.3178325,2.9878523,5.701859
1417,9.214116,0.9091534,2.7541401,3.5154307,5.268377,4.5296946,5.274624,4.5483,-0.4212596,4.038271,2.645525,5.492063
1418,9.1041155,1.346802,1.6051573,3.3771594,5.5454564,3.8950503,5.185706,4.5495644,0.021221023,3.6870935,2.0383966,5.1562767
1419,9.223851,0.76158994,3.261988,3.4659195,5.320354,4.664272,5.3290567,4.563165,-0.6325652,3.7934,2.7135727,5.5728188
1420,9.251865,0.7185901,3.381511,3.486329,5.5471225,4.7269263,5.5098047,4.4858418,-0.41074702,3.7454324,2.8834188,5.507842
1421,9.002611,1.9395715,1.8389484,4.5707927,5.1842976,3.984422,3.142551,4.91005,0.015386587,3.7599535,1.4942585,4.989585
1422,9.039525,1.6837152,1.9568048,4.4033313,5.279002,4.001819,3.4762375,4.867754,-0.044478364,3.8307817,1.5699294,5.03586
1423,9.182835,1.2897521,1.9301643,3.6474903,5.368666,4.010383,4.753025,4.5759964,-0.068606526,4.0579557,2.0502737,5.093742
1424,9.167745,1.474086,1.8830793,4.0674767,5.387045,3.823541,4.080329,4.7361183,0.0719318,4.096761,1.8599801,4.8596
1425,9.11669,1.1228675,1.4286159,3.1448305,5.943947,3.926988,5.9212956,4.3199916,0.40064493,3.549996,2.272292,5.175881
1426,9.244159,1.0288422,1.6957749,3.0443385,5.9586034,4.08844,6.147121,4.195869,0.39127648,3.921601,2.594372,5.097614
1427,9.206643,0.9854253,1.6154538,3.0612628,6.184045,4.1752324,6.3010507,4.09914,0.6589126,3.5610292,2.5032334,5.210194
1428,9.140651,0.6672184,3.1405127,4.263172,5.7757063,5.0568523,4.9930277,4.2829356,0.21435115,4.154356,2.6327066,5.563492
1429,9.298732,0.6218538,2.923208,3.424674,6.005947,4.956229,6.2408843,4.111294,0.49052414,4.0677514,3.2401145,5.5333114
1430,9.030747,1.677491,1.5913199,3.6670702,5.421845,3.6385517,4.4208894,4.777371,0.035542637,3.70429,1.8245951,4.887462
1431,9.236547,0.6589621,3.310802,4.0179353,5.851106,4.998421,5.2902718,4.278518,0.16900708,3.9884837,2.8485887,5.484381
1432,9.209942,0.69470835,3.005964,4.004052,5.671304,4.9667764,5.236027,4.269599,0.1312768,4.224894,2.734574,5.5474625
1433,9.402137,0.6469917,4.2009583,3.367399,6.069768,5.0186663,6.4793067,3.9217265,1.1131978,3.7924116,3.8432593,5.4398623
1434,9.372804,0.50813824,3.3050756,3.3607895,6.0735254,5.1487155,6.4566383,4.057912,0.42545798,3.8399034,3.4429011,5.6290326
1435,9.110883,1.2661706,1.8368208,3.6367977,5.728139,3.8908346,4.9251127,4.5092382,0.21116665,3.8756561,2.006346,4.999772
1436,9.068598,1.4123229,1.9059421,3.9086845,5.4789414,4.0013013,4.332514,4.640443,0.068749405,3.8625352,1.7601671,5.0954146
1437,9.188206,1.1304559,1.8998716,3.2040932,5.879425,3.9603906,5.613011,4.3777747,0.18709297,3.7040563,2.2617881,5.072748
1438,9.214726,1.1334175,1.7893658,3.1644309,5.591917,4.0016274,5.644517,4.4468365,-0.012515034,3.9046624,2.397011,5.1569977
1439,9.40889,0.91536087,1.8040082,2.4905634,6.9757905,4.857879,7.8201823,3.6537004,2.5094345,3.9705505,3.9891567,5.1306963
1440,9.464691,1.1505234,2.035708,2.8125193,6.800856,3.6212168,7.872649,3.4727008,1.3153858,5.6209965,5.2397895,3.5466113
1441,9.262378,0.7545494,2.4116604,3.4414923,6.6420403,4.9094725,6.597442,3.8075292,1.7042804,4.197803,3.3615932,5.2693386
1442,9.307685,0.72703743,2.5213213,3.6187608,6.547794,4.838183,6.4491363,3.7751622,1.5175943,4.4770064,3.4251072,5.13098
1443,9.253531,0.7286133,2.579171,3.712729,6.3734264,4.8615484,6.1456423,3.9116795,1.266222,4.3799863,3.1992357,5.257848
1444,9.643944,1.2088703,2.9296296,2.5217662,6.997828,3.8694067,8.473082,3.5936055,1.6453682,5.8501306,6.3695407,3.4831915
1445,9.5298195,0.87165135,2.4507408,3.3898506,6.307339,3.0987356,7.946678,3.6223664,1.5943766,6.1570725,6.6328063,3.1131926
1446,9.659336,1.2117139,2.3487206,1.7287447,6.794733,4.168308,8.591017,3.9688628,1.5447339,5.0509143,5.4664845,4.254707
1447,9.484636,1.157671,2.750987,3.032424,6.674296,3.4341452,7.5662103,3.763347,1.1326697,5.8132405,5.6266084,3.4415448
1448,9.479205,0.9754245,2.516901,3.3101084,6.3895555,3.0886948,7.6732187,3.7408853,1.3072714,5.9333186,6.128713,3.2049124
1449,9.517106,1.0071123,2.5491138,3.4502218,6.272949,3.167548,7.294443,3.7495503,1.1064744,6.149636,5.770107,3.2634144
1450,9.600201,1.1267515,1.4587584,2.6469977,5.2093525,3.7083673,5.946825,4.4249144,-0.16928881,4.6174154,2.7282379,4.788324
1451,9.145208,1.5081174,1.701741,2.2992258,7.4052253,3.4776073,7.646266,3.5716045,1.0335164,4.9669294,4.2131567,3.6165967
1452,9.415564,1.1380743,1.6017298,1.8919622,7.1079774,4.622983,8.115085,3.802264,2.4135425,3.821487,4.086703,4.9988995
1453,9.4533615,1.3848844,1.2160742,1.2724494,7.282696,4.0926847,8.772338,3.6568046,1.7087016,4.3967104,4.56526,4.255676
1454,9.379791,1.1301355,1.871212,3.3018715,6.0632663,3.469124,6.2519145,3.9967117,0.50650966,5.280813,3.5962503,4.0523314
1455,9.504644,1.1783326,1.1549861,1.1840639,6.1854105,3.5762954,8.186321,4.4461617,0.124645725,4.2132487,4.0172048,4.6325583
1456,9.802618,1.146395,2.1243298,1.7185044,6.651683,4.413589,8.622679,3.6885583,1.4397188,5.511185,5.3630548,4.2438474
1457,9.835612,1.1458553,2.0771413,1.8791518,6.5635395,4.4901586,8.385975,3.51196,1.3485596,6.0804014,5.2553835,4.117125
1458,9.614905,1.0382514,1.4778311,2.157154,5.5836062,3.8432155,6.7747955,4.300109,-0.121787906,4.249035,3.0784643,4.8687015
1459,9.175036,1.6402566,1.4762735,1.2042508,7.800734,3.8214042,8.249152,3.6038847,0.603012,3.4167368,3.5284817,4.204131
1460,9.868561,1.1352388,2.5560176,1.5315906,6.6136913,4.347907,8.810318,3.9124148,1.0874689,5.1382523,5.6193056,4.333689
1461,9.604846,1.0751613,1.6407691,2.0254261,5.4350767,3.647253,6.860234,4.48219,-0.4404026,4.5216007,3.3826098,4.72396
1462,9.576803,1.4924119,3.642858,1.7709574,7.3213916,4.044831,8.301975,4.1148806,1.1261543,4.9433746,5.686081,4.011207
1463,9.436169,1.6228027,2.6765728,1.159619,7.262524,4.052324,8.114739,4.399377,1.3420266,4.671988,4.7555037,4.39861
1464,9.454222,1.1033952,1.1899097,1.809118,6.7808123,3.8645837,8.595714,3.7874875,1.504462,4.227431,4.656648,4.3370705
1465,9.765837,1.0733981,2.5758078,1.7943002,6.268162,3.933304,8.408259,4.1845756,0.5767857,5.0932775,5.4828286,4.2519264
1466,9.571489,1.4215513,2.1588538,1.2180722,7.5322175,4.3562126,9.103976,3.8248236,2.3626575,4.1007643,5.397775,4.3805084
1467,9.47467,1.5140138,2.6263525,1.3238041,7.4263062,4.195342,8.504228,4.1420712,1.7681326,4.2838874,5.061311,4.412082
1468,9.502725,1.5712737,3.1270752,1.2335707,7.0853386,4.045386,8.001602,4.5091577,0.8571206,4.7077775,4.835205,4.431936
1469,9.70138,1.2148335,3.0540407,1.6035953,6.429535,3.8338041,8.32815,4.4544034,0.3976158,4.8374,5.5242558,4.2778606
1470,9.573679,1.4683473,3.0946212,1.2630317,7.1717978,4.1406584,8.469888,4.3769584,1.1884543,4.298156,5.228905,4.4840884
1471,9.551554,1.4978496,3.3412151,1.3556927,6.975061,3.950629,8.137791,4.5372977,0.7236104,4.755058,5.2181315,4.3277106
1472,9.600458,1.5788623,3.6387112,1.1415211,7.4699435,4.1424828,8.707166,4.376857,1.1563697,4.051998,5.590823,4.3742647
1473,9.6309595,1.5708284,3.4058647,1.0805684,7.6638856,4.3130627,9.005576,4.150594,1.5946932,3.9247,5.68009,4.3833613
1474,9.515559,1.0969125,1.1899981,1.4261175,6.929914,4.0307684,8.851411,3.6092305,0.80563515,3.7576523,4.297794,4.492436
1475,9.540442,1.0280641,2.5629702,3.5677254,6.077904,3.3385534,6.7318616,3.8973458,0.8371043,6.0431094,5.0698905,3.548209
1476,9.561961,1.1706374,2.0805912,3.5033748,5.4202886,2.9464238,5.801151,4.208343,0.18435714,6.109634,4.1418657,3.505355
1477,9.716998,0.98914826,2.23879,3.9565666,5.413382,3.251821,5.754289,4.2127633,0.52341896,5.913644,4.0493846,3.6589499
1478,9.320968,1.0972573,1.4394473,2.0495749,6.7236905,3.3516016,8.469525,3.9806075,1.2227181,4.0315995,4.9604163,4.032352
1479,9.183303,1.1483521,2.2856581,2.4563727,6.5590606,3.2220116,7.6746325,4.3451567,0.85992396,3.921514,4.793696,4.082586
1480,9.4088,0.990631,1.8683033,2.1504056,6.4656224,3.2309048,8.538895,4.1860194,1.1874034,4.0817714,5.5395255,3.9861953
1481,9.498862,0.9388565,1.781555,2.139346,6.5912967,3.4467657,8.92332,3.9641733,1.7554128,4.222589,5.920911,3.9482825
1482,9.509838,1.0492263,1.2816807,1.7299873,6.2935886,3.760373,8.158643,4.0596704,0.44842932,4.267375,4.148998,4.5374436
1483,9.790979,0.81395197,1.1961198,1.9598632,6.26729,4.548373,8.333311,3.4839275,1.1714056,4.409801,4.080978,4.875728
1484,9.708459,0.92341703,0.30140576,0.9198288,6.084758,3.5221202,9.304887,4.51496,1.4994148,3.6587892,4.9914513,4.806651
1485,9.976532,0.6268471,-0.2436632,0.8290222,6.0356264,4.0983663,10.333184,4.08214,2.9419487,3.76033,5.953209,4.9264584
1486,9.941132,0.5955538,-0.44803706,0.7972359,5.7020636,3.8074074,9.975058,4.4098816,2.2244203,3.5477822,5.4073496,5.126185
1487,9.962863,0.5633472,-0.4646022,0.8074478,5.837515,3.9909234,10.229339,4.219272,2.6771796,3.6490479,5.686544,5.067083
1488,9.567824,1.1555231,1.1109644,1.4023083,7.1113424,4.3391256,9.074223,3.6341724,2.447998,3.9984124,4.882581,4.5687733
1489,9.562622,1.357924,1.4978102,1.066529,6.5715523,3.722849,8.218881,4.0068254,-0.18881214,4.9294405,4.151909,4.1286416
1490,9.717809,1.327156,1.5947973,0.956636,6.2816763,3.832494,7.871767,3.9299085,-0.8918881,5.012033,3.684989,4.181676
1491,9.636041,1.4152484,1.3324525,0.862155,6.5522566,3.9090884,7.8242135,3.797432,-0.7166218,4.556873,3.2199109,4.299329
1492,9.563372,1.1881126,2.7776387,2.593047,6.886361,3.8868327,8.079376,3.693152,1.4655257,5.5979624,5.7080383,3.7297528
1493,9.382479,1.2686576,0.97495174,1.2771811,6.5968375,3.705976,8.153984,4.218924,0.7173894,3.8554313,3.765845,4.6591444
1494,9.328151,1.3319153,1.0468776,1.2755808,6.445615,3.482847,7.8157215,4.3822975,0.15695828,3.7744954,3.4593318,4.60981
1495,10.308314,0.8726085,0.23533438,0.3595325,5.5619493,3.3144038,10.30056,4.9982204,1.4764459,3.6843312,6.444939,4.8262324
1496,10.052734,0.9121662,0.70444256,0.7859288,6.00538,3.5734625,9.993023,4.5616274,1.7644813,3.9947512,6.271088,4.589054
1497,9.779828,0.24129798,1.5209242,3.1382077,5.221944,2.4965105,5.7493067,4.196097,0.3946559,6.4906554,3.1432922,2.7608795
1498,9.598381,1.3158379,1.870379,3.7728164,4.896464,2.6041272,5.03254,4.385896,0.1702976,6.5214496,3.8543358,3.1900342
1499,9.508278,1.4248298,1.4796666,1.0309454,6.265432,3.3808072,7.568984,4.202893,-1.1799985,4.634644,3.4268503,4.0852146
1500,9.436836,1.4066935,1.4116877,1.00979,6.390872,3.3538618,7.8230047,4.283717,-0.8870239,4.386811,3.6089518,4.181682
1501,9.590317,1.2693999,1.647757,1.1227965,6.4466496,3.5302236,8.349021,4.0322547,-0.6576749,4.775089,4.4087377,3.993185
1502,9.50454,1.1195447,1.3578572,1.3525712,6.064432,3.3578787,8.076201,4.393984,-0.56625867,3.8964014,3.996153,4.473847
1503,9.694174,0.8878102,1.1908689,2.2100544,6.4078135,4.6005964,8.08156,3.4308457,1.706463,4.7913933,4.058184,4.7829947
1504,9.288142,1.5116316,0.96263903,1.2113247,7.337232,4.0582995,8.231733,3.8709812,1.8950449,3.9085362,3.76556,4.54886
1505,9.522126,1.3579551,1.5805384,1.0027308,6.3407974,3.3724334,8.012739,4.228562,-1.0230901,4.639992,3.9680293,4.0504584
1506,9.540031,1.349244,1.5800066,0.9522665,6.455496,3.4500039,8.214514,4.1418867,-0.91067535,4.6555367,4.113895,4.0346017
1507,9.266867,1.4661393,1.1889197,1.0405186,7.4005933,3.6893728,8.548984,3.7127028,0.1543842,3.369221,3.669009,4.27444
1508,9.194098,1.6339166,1.408199,1.1273043,7.6794653,3.5657947,8.551434,3.6242669,0.33518556,3.8743265,4.0463123,3.8481796
1509,9.372884,1.4686929,1.179394,0.95181686,6.631877,3.4329906,7.868132,4.1593523,-0.5957722,4.0774784,3.3563192,4.257269
1510,9.341792,1.5344237,1.2123581,1.0782738,6.823496,3.585353,7.7504563,4.008829,-0.19644345,4.3404827,3.3007846,4.2060513
1511,9.371206,1.4977682,1.3393756,0.99810946,7.608554,3.90326,8.911373,3.4705627,0.55329806,3.823402,4.2036066,4.0643835
1512,9.450431,1.4656758,1.2806509,0.9237702,7.1236124,3.8493602,8.439932,3.7035089,0.019702096,4.229892,3.8000836,4.1781006
1513,9.275683,1.4233701,1.2457873,1.2253327,6.9814525,3.463161,8.251885,3.9966857,0.07814421,3.9778852,3.874349,4.1568894
1514,9.529102,1.4209828,1.2654506,0.8454451,7.423556,4.1500893,8.918789,3.3835151,0.3765342,3.9281385,4.0102744,4.2432346
1515,9.612151,1.31612,1.3610145,0.9981126,7.203788,4.2012525,8.954636,3.4333055,0.5577418,4.2097564,4.3224277,4.2626586
1516,9.333014,1.4058728,0.949855,0.9978493,7.243269,3.9262516,8.538448,3.9054348,1.0430214,3.2566938,3.6619735,4.673262
1517,9.353917,1.3196417,1.2121978,1.2007383,6.601513,3.4020102,8.176442,4.1832113,-0.23142812,4.048841,3.8614678,4.277472
1518,9.5095,1.2855489,1.1544479,1.0558321,7.3822956,4.250043,9.106297,3.5621414,1.493684,3.4986904,4.3497195,4.5708694
1519,9.719089,0.8909385,1.0750573,1.8799726,6.6437488,4.5704145,8.780824,3.3848975,2.0123327,4.4341507,4.5903997,4.703967
1520,9.368499,1.4201072,1.168935,0.9896499,7.603844,4.043606,8.922658,3.4819102,0.79193395,3.3408031,3.9288318,4.383839
1521,9.553562,1.0836686,2.0891752,3.5488374,5.7462635,3.1458843,6.291773,3.9176702,0.50749075,6.234065,4.498197,3.4880216
1522,9.471198,1.0792984,2.1701782,3.4179752,6.2000837,3.2025728,6.861553,3.753668,0.8098188,6.035777,4.902011,3.4230382
1523,9.5341,1.0750573,1.957608,3.346875,5.8246746,3.3324478,6.5024548,3.9113736,0.51186055,5.956841,4.3071823,3.722846
1524,9.4437475,1.0799834,2.1917665,3.6119466,6.0799913,3.1563075,6.444684,3.8940642,0.6543109,5.892229,4.5286374,3.5305085
1525,9.530197,1.1487596,1.3644351,3.2071123,5.257335,3.61853,5.830703,4.1001997,0.13826944,5.647775,2.993339,4.338763
1526,9.214586,1.3832864,0.9758034,1.2844738,6.6766357,3.3425515,7.830648,4.2704244,-0.055206332,3.2188256,3.2273247,4.5402246
1527,9.218266,1.4422021,0.88980734,1.2135584,7.0214186,3.6438117,7.976827,4.035395,0.5004595,3.2312207,3.1668196,4.603222
1528,9.435765,1.0471092,1.6244085,3.1779833,6.0453296,3.8991718,6.475614,3.8364878,0.7698079,5.206743,3.396687,4.393443
1529,9.488365,1.1322408,1.5842365,2.8690393,5.6685257,3.5867934,6.358586,4.0995774,0.1579133,5.2956324,3.3583539,4.284273
1530,9.298414,1.5382671,0.95845693,0.81100667,7.4256835,3.8344178,8.42667,3.6769078,0.15584767,3.2470984,3.2253006,4.42981
1531,9.368307,1.5136149,1.1142595,0.8409669,7.0628667,3.669313,8.193435,3.8317006,-0.3447658,3.7998965,3.3292224,4.263477
1532,9.338101,1.4914577,0.9399156,0.816842,7.6008344,4.0489073,8.740973,3.5598133,0.75482446,3.1179655,3.4922874,4.533653
1533,9.365052,1.1420995,1.0309219,1.4773928,7.0163155,3.9805143,8.551328,3.7090816,0.7978363,3.3475215,3.7577083,4.6891265
1534,9.847074,1.2018038,2.8364081,1.2818604,6.582053,3.8605657,9.213959,4.347241,0.9526733,4.800835,6.409878,4.1082196
1535,9.370696,1.205694,1.0723871,1.2844042,6.9346333,3.7449636,8.599791,3.8223524,0.32948062,3.5232434,3.8901203,4.483165
1536,9.428676,1.1805745,1.0282899,1.2209979,7.236325,4.1278024,8.903526,3.5743713,0.9611258,3.1332135,3.8988028,4.704191
1537,9.382891,1.6115887,1.0371988,0.6498451,7.582981,4.009112,8.518595,3.4583597,0.05882913,3.5555212,3.247721,4.291924
1538,9.386336,1.609936,1.0522385,0.6989563,7.710741,4.1547217,8.605566,3.400779,0.51389223,3.559622,3.35869,4.3595686
1539,9.288627,1.3453993,1.0040329,1.0457509,7.022873,3.6234639,8.392642,3.9715438,0.02464083,2.9985068,3.411814,4.594991
1540,9.811656,1.2811655,3.0069532,0.8956135,6.4824495,3.9936013,8.847528,4.813474,0.576662,4.604728,5.728275,4.6344323
1541,9.549366,1.1341196,1.7936302,3.5549932,5.466458,3.3258018,5.714373,4.0900774,0.33515963,5.909217,3.5917127,3.8594103
1542,9.329414,1.1837924,1.1140779,1.3014427,6.7010646,3.4778647,8.388945,4.020071,-0.2799563,3.2881243,3.707926,4.486002
1543,9.377379,1.1232511,1.0639719,1.2509007,6.9017096,3.740603,8.665997,3.7716093,-0.12160243,2.944433,3.6498253,4.639173
1544,9.328185,1.1756359,1.2212157,1.3833684,6.300719,3.179901,8.042592,4.351716,-0.65694225,3.4007885,3.713227,4.4393163
1545,9.284443,1.2766722,1.1207576,1.2651621,6.4627748,3.24473,7.970839,4.3401313,-0.4981812,3.283796,3.4695232,4.500893
1546,9.324811,1.4709166,1.3021495,1.3968986,7.038353,3.6415265,8.213982,3.8914797,0.7736354,4.823033,4.240315,3.987369
1547,9.659692,0.99558026,1.3689206,2.3476825,6.6222076,4.309347,8.389008,3.2788239,1.7128174,5.418735,4.8457913,4.159817
1548,9.474433,1.0886387,1.381837,2.605199,6.4003587,3.8843513,7.630553,3.6439817,1.0952381,5.204782,4.2187524,4.158068
1549,9.50596,1.0893933,1.4584177,2.4719868,6.5925965,3.9216077,8.0487,3.5207117,1.3149365,5.2592607,4.6727815,4.020154
1550,9.859759,0.9708598,2.2255306,1.4825262,6.3577423,4.2775292,8.939571,4.1448293,1.1774863,4.4638476,5.4722514,4.69726
1551,9.74764,1.3222028,2.5690975,1.3757987,6.9875684,4.063927,9.148984,4.0120234,1.6230768,5.0481358,6.2178655,3.991544
1552,9.725272,1.2950481,2.2094135,1.3242633,7.239174,4.253103,9.434062,3.7807837,2.2913709,4.5638156,6.131092,4.12181
1553,9.127155,1.701882,1.0254599,1.2830724,7.5175295,3.7665713,7.8580003,3.8121538,1.2754809,4.250297,3.4105985,4.1769247
1554,9.5678425,1.0248708,1.5832963,2.837678,6.1899943,3.9125977,7.438567,3.6086774,1.0005076,5.676269,4.370506,4.075035
1555,9.606381,0.99260885,1.7265831,3.09757,6.097188,3.8842654,7.159597,3.54,0.96640176,5.991216,4.3702745,3.9752462
1556,9.577751,1.0002105,1.410552,2.8303003,6.1352177,4.0755215,7.2479944,3.5579298,1.042939,5.5924215,3.9444187,4.28007
1557,9.72676,0.9144189,1.3917942,2.5453174,6.342458,4.460719,7.9608703,3.2708392,1.5109068,5.6450887,4.43225,4.35186
1558,9.6847105,0.95651835,1.4600664,3.33391,5.6239424,3.9109616,6.46853,3.5400028,0.7185078,6.364128,3.7152188,4.085142
1559,9.745907,0.888006,1.5588967,3.3398705,5.770017,4.059138,6.8286695,3.3332465,0.9623388,6.5902896,4.120797,4.0116205
1560,9.5944,0.99477345,1.5414077,3.2620986,5.8286767,3.8225255,6.6996737,3.61247,0.76063025,6.08804,3.89973,4.055243
1561,9.530582,1.0592101,1.3661182,3.2316134,5.5812917,3.7658603,6.230721,3.8435943,0.5002832,5.7764106,3.2790515,4.2832055
1562,9.809428,1.355944,3.3145692,0.89105195,6.5913324,3.9038284,8.793804,4.782815,0.2865947,4.14644,5.6868224,4.566341
1563,9.787558,1.2174532,2.2212825,1.0987945,7.068467,4.3914995,9.330204,3.9681928,1.782486,3.9077005,5.5311065,4.6285486
1564,9.813048,0.79922915,2.3417532,2.2628984,6.085573,4.485394,7.9753513,3.8386707,0.7268106,4.6661534,4.5899396,4.816333
1565,10.15629,0.71051174,0.07489555,0.47493035,5.625667,3.8265347,10.39656,4.657066,1.9812909,4.008371,6.434636,4.931453
1566,9.866474,0.8894838,2.526853,1.6921357,5.8845286,4.087055,8.383563,4.385299,0.2690754,4.57294,5.1684346,4.7457066
1567,9.864933,1.230588,2.8826048,1.3078591,6.4949803,3.9422164,8.943299,4.295931,0.65257365,5.1969,6.159783,4.0829263
1568,9.903722,0.94133323,2.2712448,1.5586653,6.750851,4.4922724,9.452725,3.7322645,1.820506,4.1779737,5.900913,4.5648994
1569,9.885161,0.7601919,1.9151971,1.8288308,6.4632945,4.7930813,8.90756,3.6325448,1.6368096,4.062554,4.921643,5.0401506
1570,9.896193,0.8018515,2.4114285,1.7748396,6.4643044,4.5610256,9.0672,3.8479805,1.3640748,4.01342,5.4413877,4.864309
1571,9.915519,0.82183176,2.016873,1.6409296,6.6372566,4.7239766,9.313244,3.6463692,1.8795451,3.994764,5.415329,4.88687
1572,9.833947,0.8214941,2.3074682,1.8082068,6.1136956,4.3359656,8.5599785,4.1527386,0.8669668,4.2998714,5.0793176,4.901932
1573,9.796417,1.3787061,3.2564797,1.0119339,7.091687,4.1612735,9.17909,4.339979,1.0633218,4.0541096,5.9522967,4.432803
1574,9.834441,1.101242,2.478656,1.5059826,6.50099,3.8069246,9.269527,4.1842346,1.2368867,4.8775544,6.488815,4.0140676
1575,9.892432,0.8900806,1.6765286,2.0728498,6.5997176,4.4513683,9.422213,3.3207939,2.7441506,5.3906517,6.5321198,3.995977
1576,9.942631,1.0395788,3.3731718,1.2936058,6.1196265,3.9367359,8.7377825,4.615298,-0.22541247,3.8217769,5.6517153,4.6901464
1577,9.866418,1.2574472,2.8988988,1.1287783,6.7548676,4.1272984,9.1905155,4.281082,1.043644,4.634448,6.1049795,4.3221593
1578,9.866411,1.2824386,3.0935247,1.1296173,7.1166472,4.320308,9.429616,4.072598,1.384547,4.124813,6.158957,4.387048
1579,9.892529,1.1057122,2.7893958,1.3370181,6.238956,3.8301928,8.9538,4.431318,0.420536,4.8752217,6.103768,4.229328
1580,9.867228,1.1558397,3.0722241,1.2682791,6.2874937,3.8234813,8.854991,4.5661564,0.2520382,4.650171,6.011067,4.3216605
1581,9.8094225,1.3078263,3.321029,1.2659831,6.9273396,4.0083885,9.173516,4.2835727,0.9751801,4.4605765,6.3216186,4.1640844
1582,9.851311,1.2740855,2.7570362,1.1623491,7.1762238,4.3490133,9.549401,3.9210176,1.7730198,4.277602,6.2343903,4.2946453
1583,9.800498,0.7542566,2.5347428,2.0909,5.8383374,4.1033206,8.224271,4.2806025,0.36143032,4.323462,5.064156,4.805645
1584,9.802519,0.79476553,2.625391,1.9755712,6.2631316,4.121734,8.811258,4.09149,0.87846124,3.9911115,5.5721436,4.652683
1585,9.825775,0.8174745,2.468563,1.884236,5.924442,3.8969555,8.590773,4.3308825,0.44535574,4.3758807,5.504136,4.587228
1586,9.890232,1.0184472,2.8244572,1.409428,6.783944,4.4347897,9.286912,4.005162,1.2653512,3.772545,5.7419868,4.726023
1587,9.82445,1.1249661,2.4305236,1.0845798,6.221444,4.027904,8.691181,4.6520824,0.5830601,4.297752,5.2403703,4.823008
1588,9.864639,1.0264012,3.025948,1.4195334,6.2677436,4.008714,8.811563,4.4848638,0.38260493,4.0991807,5.687031,4.6420827
1589,9.899917,1.0323076,3.0782735,1.438111,6.6263833,4.2650275,9.154274,4.167448,0.8808069,3.9331532,5.878306,4.6209455
1590,9.820103,1.0952697,2.8070765,1.1807911,5.9381404,3.8332334,8.396884,4.8984747,-0.03569205,4.193902,5.205028,4.8342032
1591,9.884695,1.006877,2.9535387,1.349153,5.8883915,3.8094277,8.555739,4.7519875,-0.13607833,4.23326,5.5278835,4.682124
1592,9.860908,0.9333571,2.7085407,1.4375831,5.534483,3.671648,8.253118,4.931034,-0.4036832,4.1499367,5.2019997,4.8253064
1593,9.778586,0.970034,2.291904,1.46117,5.3846526,3.5620024,7.922183,5.006292,-0.4573166,4.2157774,4.7382307,4.877722
1594,9.798028,1.1462126,0.28348312,0.4380496,6.781687,3.8730133,10.041728,4.2694764,2.7717245,3.4558165,5.652942,4.7149916
1595,9.604243,1.034697,0.17240573,0.6162101,6.468025,3.339606,9.745381,4.5268254,1.8435477,3.5137947,5.3294334,4.592502
1596,9.647571,0.95151097,2.4046276,2.9935834,6.5412426,3.6880014,8.283675,3.4576752,1.7804328,6.062929,6.3941493,3.41393
1597,9.66745,1.01455,2.3818765,2.7717035,6.5787816,3.8772392,8.229581,3.5135832,1.5993198,5.8752227,5.943865,3.6474683
1598,9.205424,1.6905992,1.2220689,1.1235868,7.6095934,3.6618426,8.411389,3.702381,0.9747521,4.6850686,4.1526093,3.8021493
1599,9.136766,1.561819,0.93723845,1.365526,7.0039535,3.6705031,7.492438,4.2099447,0.94431484,3.261017,2.9103737,4.702551
1600,9.694094,0.96354604,2.1836746,2.8270092,6.328557,4.108984,7.7768283,3.54067,1.2849244,5.8386,5.1140404,4.013651
1601,9.084901,1.4274374,1.071661,2.1852434,6.6951966,3.7232573,6.8878946,4.1829042,1.2100614,3.8542328,2.8891554,4.6717606
1602,9.108172,1.6092097,0.99530876,1.3881874,6.7001195,3.2861586,7.2079883,4.4181647,0.27400663,3.5994852,2.8705628,4.4567494
1603,9.163284,1.6407819,1.2465223,1.281566,7.9532995,3.9924624,8.501462,3.5627205,1.8622526,3.7210596,3.9761333,4.202389
1604,9.365234,1.4612582,1.0726734,1.1474057,7.62238,4.154555,8.921812,3.6025612,2.2138336,3.8687944,4.465482,4.3481355
1605,9.177651,1.4623433,1.484999,1.5499102,6.0620666,2.7847009,7.1414547,4.8196673,-0.70369047,3.7621202,3.4600313,4.2341104
1606,9.135712,1.4936606,1.3268905,1.2859267,6.29005,2.6530025,7.520565,4.819659,-0.67708254,3.4032776,3.5915844,4.180276
1607,9.107599,1.5295264,1.2853681,1.6182704,6.2852836,2.8647563,6.938758,4.7378917,-0.24571425,3.6076882,3.0253432,4.3369684
1608,9.1687355,1.5187935,1.147373,1.6636164,6.272148,3.2676692,6.829999,4.538744,-0.015571536,3.7714443,2.7908444,4.5226307
1609,9.173672,1.5421832,1.1955544,1.473869,7.354414,3.5794227,8.232175,3.8475127,1.1944033,4.3598495,4.1361837,3.990327
1610,9.920797,0.9137446,0.84284633,1.1299928,6.766105,4.2684255,10.349252,3.6759613,3.6120496,4.0621395,6.756234,4.312502
1611,9.782859,0.8360556,0.076275244,0.9829927,6.4665074,4.2288947,9.807383,3.8981793,3.1253943,3.6805036,5.429792,4.8582635
1612,8.972641,1.6725073,0.9262642,1.8079675,6.8700423,3.420336,6.873265,4.311925,1.005079,3.695949,2.7206624,4.466425
1613,8.834153,1.965311,0.97536916,2.3933406,6.1032534,3.069179,5.3189487,4.7574444,0.58848876,3.4062161,1.8437692,4.4519753
1614,9.599336,0.8758492,1.1099069,1.6037253,6.38881,3.169533,9.590372,4.213192,2.0478122,3.925112,6.3920903,3.970238
1615,9.091068,1.6877049,0.9461347,1.39786,6.9628186,3.6154225,7.128157,4.306646,1.0563259,3.5087707,2.706517,4.643281
1616,9.035935,1.6882169,1.0964597,1.9498323,6.4023743,3.1552143,6.336873,4.597934,0.374115,3.58991,2.4642227,4.47734
1617,8.889466,1.8330563,0.9881496,2.1893198,6.2399297,3.0752194,5.799081,4.6836824,0.49004036,3.476783,2.1333787,4.437747
1618,9.083156,1.5787811,0.91829324,1.5813612,7.0979557,3.7335796,7.4306784,4.13589,1.5477549,3.6818852,3.1387718,4.5892076
1619,8.906863,1.7594366,0.8299696,1.5707443,7.34611,3.391105,7.345249,4.1136484,1.270189,3.8920121,3.0223057,4.208755
1620,9.813094,0.9405363,0.88185954,1.2024655,6.685542,3.9036472,10.069363,3.9081423,2.9716473,3.971511,6.425845,4.281987
1621,9.790372,1.0643613,1.8298066,1.5903016,6.854094,4.2201047,9.488622,3.7033627,2.390907,4.6537232,6.2272186,4.1617064
1622,9.862928,0.9477902,1.4350767,1.6130205,6.743072,4.395604,9.713916,3.5253048,2.9620988,4.68663,6.418318,4.207996
1623,8.909674,1.7720615,0.94098604,2.0492344,6.545792,3.2745888,6.2303166,4.512261,0.7848321,3.5134597,2.3096516,4.50195
1624,9.258515,1.6508662,1.1444645,1.1072614,7.6194673,3.9010556,8.435878,3.658858,1.3908291,4.525471,4.0526114,4.0360703
1625,8.441154,2.7553272,0.69481796,3.3469012,5.6111584,2.9796417,3.485953,4.87166,1.631327,3.0582185,1.1727736,4.029085
1626,9.814646,0.93915665,0.531811,1.04108,6.728221,4.283205,9.97213,3.7789497,3.3464155,3.8671281,5.9315414,4.6031384
1627,9.728412,0.94168323,0.4009785,1.0877609,6.945258,4.5424676,9.953134,3.530606,4.0993185,3.6773903,5.823572,4.651146
1628,9.824862,0.95655733,0.8447548,1.2151079,6.965877,4.5942216,10.120062,3.4221296,4.1261783,4.051203,6.487915,4.377018
1629,8.511242,2.6168847,0.77107316,3.0832531,5.7257385,2.9483628,3.8170035,4.901065,1.316258,3.0721972,1.170422,4.1738153
1630,8.707636,2.1939416,0.8884048,2.6609538,6.0064726,3.0093338,4.7550354,4.8215656,0.8377635,3.273104,1.5665172,4.3618107
1631,8.5845175,2.463588,0.81047887,2.9352043,5.8096566,2.9671397,4.166841,4.8772388,1.1190963,3.143024,1.335304,4.240447
1632,9.661658,1.0028485,2.1610427,2.44716,6.516524,4.117983,8.30549,3.6696222,1.5230389,5.3480954,5.413891,4.1040087
1633,9.768084,0.92206186,1.8679751,2.3435912,6.5499296,4.4480247,8.641308,3.4138262,1.952238,5.4047675,5.469382,4.2361574
1634,9.805758,0.9008983,1.8808262,2.4761305,6.385612,4.562409,8.240425,3.3636298,1.674418,5.7351556,5.0632486,4.3230076
1635,9.818857,0.9118072,1.9363123,2.4676108,6.493328,4.513208,8.535326,3.3061373,1.9453471,5.8109508,5.544801,4.1405616
1636,9.959211,1.1226089,0.75964546,0.61394906,6.8069305,3.9971392,10.362115,4.1130557,3.0597968,3.850804,6.5189915,4.4373565
1637,9.066966,1.6502498,1.013814,1.4295242,7.585654,3.662573,8.022916,3.816543,1.4717003,3.9694746,3.6374764,4.1466317
1638,9.24147,1.5864173,0.9337671,1.1105123,7.738056,4.0516706,8.603036,3.6345026,2.0208113,3.793011,3.9676256,4.3368564
1639,8.945739,1.8099134,1.0266126,1.3666565,7.7152066,3.4125614,7.851856,3.8649733,1.1607443,4.214778,3.5260167,3.8764734
1640,9.150625,1.7190545,1.2784613,1.2511826,8.031008,3.7673175,8.707475,3.426125,1.4476384,4.251184,4.360035,3.7263246
1641,9.046969,1.763675,1.2367287,1.2994449,7.921653,3.5398107,8.361554,3.6175988,1.1552004,4.2233605,4.052046,3.7192178
1642,10.099658,1.2889738,0.5651231,0.0138782775,6.4174767,3.4807003,10.213812,4.8714495,1.9042351,3.5886874,6.190322,4.6775665
1643,9.724366,0.93329424,1.5496403,1.9769812,6.706979,4.693833,8.682425,3.4883733,2.2450542,4.638233,4.8674054,4.712757
1644,9.716456,1.1746062,0.4189658,0.65427625,7.1727676,4.5294337,9.918465,3.694053,4.060783,3.5011687,5.710355,4.6974883
1645,9.64324,1.0467199,0.970526,1.3859762,7.1854286,4.5995674,9.515803,3.4606626,3.4467723,3.8426962,5.3662906,4.633565
1646,9.715358,1.1665528,1.1248388,1.1330501,7.2629914,4.6048074,9.685271,3.527774,3.495971,3.9870644,5.7096806,4.5277166
1647,9.809061,0.95371187,1.82907,2.1718872,6.6489453,4.401122,9.039224,3.3869238,2.284645,5.4184613,6.001706,4.067415
1648,9.759539,0.9763081,1.4606535,1.7166591,6.809852,4.5075183,9.208007,3.5154657,2.4561915,4.5507216,5.473816,4.482008
1649,9.775154,1.0348011,1.332526,1.4002252,7.067099,4.522372,9.726987,3.4994407,3.15953,4.177723,5.9486103,4.423372
1650,9.726962,0.99479574,1.1440059,1.5148563,6.9762683,4.667135,9.35323,3.4730258,3.037861,4.1585264,5.312672,4.6737003
1651,9.525321,1.3070782,0.81871015,0.96830034,7.3002644,4.331875,9.186322,3.7937074,2.91425,3.6148412,4.7981796,4.7025127
1652,9.594588,1.2720718,0.65587014,0.8238173,7.2967105,4.488124,9.4452715,3.7402875,3.5053039,3.5361164,5.096715,4.767646
1653,9.623891,1.2851324,0.8723133,0.901373,7.4144635,4.660537,9.517926,3.587754,3.7602878,3.6780822,5.3198576,4.700955
1654,9.622417,0.8708105,-0.05114549,0.5715049,5.9324207,2.8931155,9.776778,4.9189415,1.1566633,3.431074,5.430487,4.622384
1655,9.722879,0.9148644,0.28420654,0.63716274,5.7026725,2.8675764,9.48125,5.0663357,0.64485836,3.5633752,5.4040003,4.6388683
1656,10.02581,0.9479732,0.51312894,0.72826225,6.635627,4.043317,10.611922,4.000907,3.379614,3.818807,6.768481,4.4545846
1657,10.0976095,1.020709,0.51305413,0.30017155,5.619556,3.144211,9.810445,5.2151847,0.831378,3.6877143,5.969444,4.804529
1658,10.130407,0.7931701,-0.05250892,0.51736486,5.849868,3.7722206,10.2526045,4.563658,2.2606516,3.6353385,6.0261273,4.9747763
1659,9.628469,0.93302053,0.0074559934,0.6307168,5.889255,2.988261,9.428086,4.9294124,1.0121202,3.3569453,5.033987,4.7518353
1660,10.215551,0.894888,0.32707205,0.53135127,6.1139674,3.676624,10.611078,4.4766955,2.5498083,3.7793992,6.7640033,4.6125736
1661,9.593401,0.9208892,-0.29066616,0.4883358,6.4314666,3.29691,10.055007,4.5289097,2.200885,3.189743,5.3389363,4.7148514
1662,9.417902,0.8533771,-0.51177174,0.3137119,6.3031573,2.7553203,10.221996,4.827953,1.6264805,3.1841257,5.411775,4.53509
1663,9.532638,0.6825316,-0.5421054,0.5167789,5.809724,2.6687157,10.093393,4.9695168,1.2751755,3.1978216,5.481062,4.6461425
1664,9.515651,0.72181803,-0.66469556,0.47883373,6.114476,2.9128988,10.241435,4.7331142,1.8969272,3.0716321,5.421777,4.6942625
1665,9.533749,0.7831757,-0.47977838,0.5158773,5.967597,2.8309515,9.924566,4.885166,1.4374176,3.1250095,5.2351413,4.7209826
1666,10.03853,0.8722041,0.14660496,0.66084886,6.41779,3.9567797,10.494004,4.143164,3.122248,3.6042237,6.306,4.704064
1667,9.907955,1.0640846,0.250653,0.52257556,6.8372455,4.3160186,10.271394,3.9470506,3.617518,3.5402217,5.9877105,4.767448
1668,9.576131,0.80311316,-0.42457765,0.54952693,6.5121083,3.3044174,10.440203,4.3623657,2.65472,3.1835124,5.7223206,4.5923395
1669,9.481115,0.6373227,-0.78856295,0.51111305,6.212207,2.9081151,10.53454,4.600161,2.247082,3.0395536,5.66706,4.6016765
1670,10.145962,1.1020213,0.7429743,0.39689982,6.4061003,3.662054,10.558656,4.519705,2.4348123,3.973529,6.9361625,4.4102488
1671,10.251704,1.10906,0.63421476,0.08697963,5.830506,3.197191,10.376975,5.172946,1.269414,3.920134,6.8020597,4.5810404
1672,10.217026,1.1137522,0.74764526,0.25553167,6.104862,3.4217775,10.424216,4.8581967,1.761255,3.9828842,6.8385983,4.4967184
1673,10.181136,1.0977961,0.9082563,0.32822138,5.855629,3.2349832,10.056536,5.058178,1.0367401,4.04963,6.525126,4.535931
1674,10.079111,1.1639571,0.25221196,0.13650556,6.6943665,3.858623,10.64234,4.393619,3.0513422,3.4761503,6.4499855,4.6618466
1675,10.269298,1.2275473,0.37156758,-0.09048311,6.435234,3.5633407,10.793022,4.760765,2.501908,3.6033463,6.8586535,4.5919075
1676,10.335492,1.1484582,0.6375012,-0.013606443,6.0584445,3.362509,10.796512,4.999718,1.8645959,3.9903007,7.313147,4.4552274
1677,10.531579,1.0071033,0.20734383,0.040345382,5.7482615,3.2007353,10.8722105,5.048717,1.871784,3.6063356,7.1385074,4.646262
1678,10.439305,0.97766495,0.1330306,0.19168364,6.1248026,3.5344577,11.028697,4.6211977,2.7226405,3.5451536,7.116898,4.611768
1679,10.192704,0.876544,0.49655598,0.3489981,5.42058,3.121004,10.214113,5.220464,0.90751964,3.977232,6.680288,4.6685038
1680,10.184282,1.0087937,0.62108356,0.22185,5.486598,2.9715319,10.044848,5.360306,0.6077469,3.8767908,6.4740396,4.6496706
1681,10.459592,1.1772312,0.1479767,-0.2586086,6.1237707,3.3639288,11.009853,4.9976573,2.2775629,3.5111108,7.0994163,4.6597867
1682,10.432352,1.1449947,0.40312514,-0.13438363,5.761059,3.0722237,10.614727,5.294801,1.3409933,3.679617,6.9339724,4.6420746
