OriginalIndex,BalabanIndex_div_PathComplexityIndex,RingCount_div_PMI_Ratio1,Max_EState_div_BalabanIndex,BalabanIndex_div_ZagrebIndex,Largest_ring_size_div_BalabanIndex,TotalPathCount_div_Largest_ring_size,SSSR_count_div_AtomInformationContent,Fused_ring_count_div_PMI_Ratio1,PMI2_div_Largest_ring_size,SSSR_count_div_SpherocityIndex,SSSR_count_div_partial_charge_max,BalabanIndex_div_partial_charge_max,RingCount_div_FractionCSP3,ZagrebIndex_div_Chi0,TPSA_div_BalabanIndex,MolarRefractivity_div_TotalPathCount,GraphDistanceDistributionEntropy_div_TotalPathCount,PMI2_div_Fused_ring_count,SSSR_count_div_BondInformationContent,Fused_ring_count_div_FragmentComplexityScore,AtomInformationContent_div_BalabanIndex,TotalPathCount_div_RadiusOfGyration,GraphDistanceDistributionEntropy_div_BertzCTIndex,Fused_ring_count_div_InertialShapeFactor,StereocenterCount_div_BalabanIndex,BalabanIndex_div_Asphericity,RadiusOfGyration_div_Largest_ring_size,ZagrebIndex_div_CovalentRadiusSum,MolarRefractivity_div_BertzCTIndex,PMI1_div_Largest_ring_size,BalabanIndex_div_HBA,RingCount_div_Fused_ring_count,Fused_ring_count_div_FractionCSP3,Largest_ring_size_div_PMI_Ratio1,Chi4_div_FractionCSP3,PMI1_div_WienerIndex,SSSR_count_div_DoubleBondCount,RingCount_div_SSSR_count,Chi4_div_RadiusOfGyration,Fused_ring_count_div_Bridged_ring_count,HBD_div_BalabanIndex,BalabanIndex_div_TopologicalRadius,TopologicalDiameter_div_BertzCTIndex,HeteroatomCount_div_Largest_ring_size,WienerIndex_div_RingCount,Chi2_div_Chi4,Chi4_div_Bridged_ring_count,Fused_ring_count_div_BondInformationContent,TotalPathCount_div_FractionCSP3,StereocenterCount_div_PMI_Ratio1,partial_charge_max_div_BertzCTIndex,PMI1_div_Bridged_ring_count,Fused_ring_count_div_DoubleBondCount,SSSR_count_div_Min_EState,Asphericity_div_Largest_ring_size,PathComplexityIndex_div_Largest_ring_size,WienerIndex_div_RotatableBonds,RingCount_div_RotatableBonds,Bridged_ring_count_div_Fused_ring_count,RotatableBonds_div_WienerIndex,StereocenterCount_div_Fused_ring_count,BondInformationContent_div_BalabanIndex,Avg_EState_div_PathComplexityIndex,RingCount_div_Asphericity,PMI_Ratio1_div_BertzCTIndex,Max_EState_div_Largest_ring_size,BalabanIndex_div_BondInformationContent,WienerIndex_div_PMI3,SSSR_count_div_ZagrebIndex,TPSA_div_Fused_ring_count,RotatableBonds_div_BertzCTIndex,Asphericity_div_Bridged_ring_count,RotatableBonds_div_Chi4,HBD_div_Fused_ring_count,Min_EState_div_BalabanIndex,Fused_ring_count_div_Min_EState,BertzCTIndex_div_Max_EState,LogP_div_Chi4,FragmentComplexityScore_div_TotalPathCount,FractionCSP3_div_Chi3
0,0.375453806870256,-0.6318404572948021,-0.6477090759183503,0.07361949996735777,-0.4345920655644662,-0.13054688468473322,-0.8018354024427787,-0.7489882374022167,0.1102175503287579,-0.05089700807285555,-0.9402348530012586,-0.12799399806832215,-0.6510319364927122,-1.2294587560700616,-0.3022592385773294,0.7944610901467138,0.7067719022816283,-0.48416087524402146,-0.5192658096427512,-1.029282227764228,-0.6116209120890709,-0.8348431775783205,0.146409070802916,-0.255729677123232,-0.5770543889903308,-0.16611738161432885,0.8163835594470533,-0.9777100893787352,0.07847436311000107,0.050673404031313665,-0.26113650804942506,-1.2491814854065115,-0.7080835492619764,-0.05776717041612979,-0.5811689312348984,-0.5734720712113051,-0.751002393317098,0.41535060976512134,-0.7324954306425815,-1.4225179616022876,-0.4763444440074614,-0.28518735446199445,0.40282394232997665,0.19025570822110568,0.7213915469685811,0.5407459768889874,-1.1564297094429892,-0.6374847802840932,-0.4592381376799009,-0.46737890057688436,0.038209718605131955,-0.47739219404609173,-0.767463376022066,0.01777134126499992,0.585516842301181,-0.17203272752261928,-0.40735777482373314,-0.692370247665173,-1.438108455472463,0.2649955566064948,-0.7754339669692835,0.008407590809574999,1.4947518213975115,-0.4201470493197605,-0.2420132058818702,0.47703287917096965,-0.45106371071884754,0.27020160432740653,-1.253973492095372,-0.751218189331942,0.5541305991626843,-0.9464118477116594,1.1572228488672585,-0.5994093934017246,0.24042739163550408,0.018720246832249595,-0.33388165048046653,0.8097579701456106,0.12593876991392158,0.2513344621670289
3,-0.3421677052564815,0.12028554428674992,-0.11292377552330679,0.2231635283886585,-0.18144474811478034,-0.46736554032939914,-0.48031678206726347,0.5208763987274261,-0.3586497353479701,-0.05089689123985734,-0.4442829231324088,-0.3891261765012652,1.2108884987452324,0.2224593810956075,-0.3722768714479648,-0.1826606975036053,0.7074984106499846,-0.29792078047843507,-0.3614874139858017,0.05993258575545758,0.47243646028159797,-0.6046835160745415,-0.28628302744137274,-0.23749444214541302,-0.6368506647676757,-0.3484069642048182,-0.05492994537037406,0.8947246598371774,-0.9694930366512584,-0.39528889302729014,-0.05910468841716273,0.10696964867541008,1.9113474059247442,0.3707135520167251,0.41432257301016945,-0.6036073873226804,-0.0677159215567886,0.41535060976512134,-0.9512530045054114,0.6251061399152151,-0.4377554210373024,0.13110830254420303,-0.5543838486745131,-0.26825500343926323,-0.23091992209247145,0.3281519054626748,-0.5224811583276993,-0.2877864684533549,0.8401169124418266,-0.5381615066486488,-0.010557910425771649,-0.37869825952880565,0.22781219869525382,-0.0064398444744952115,1.2290911848881332,0.3833705701457228,-0.35048589000224967,0.4089404569525643,0.7234367315093134,0.05973516252921933,-0.7754339669692835,0.4858865202839868,0.15272158671107988,-0.3266852357274555,-0.4531522328046395,0.49090159674604733,-0.5754272089414135,-0.7023968572957363,0.8230920122307218,-0.05974390447000895,-0.5959134476730366,1.4085736552561365,-0.4687696999294136,-0.3107792154521795,0.5363415946406836,-0.009745317991844717,-0.3315466395583897,0.05152880113145492,0.7156858771407939,-0.5184892138202545
8,-0.1121188252827626,-0.489226518845902,-1.2065036923064016,2.28673560753879,-0.5022593133385829,-0.829205010393383,-0.7526364603319008,-0.3007998303125253,-0.4657241108717335,-0.03819648748481291,-0.43876231816801736,0.3681532989231769,-0.7893178043618433,0.16849436648259555,-0.47499653668781794,-0.3818219147956453,1.6226932544416528,-0.4459720146463139,-0.3980479104709733,-0.30313901875110427,0.43355653059436866,-0.8236221557924105,0.4080533179596846,-0.25095641562250465,-0.6368506647676757,-0.1509476685178826,-0.5317142827927817,1.0315538763308276,-0.8037594688782592,-0.4393175391360193,0.5403713233621484,0.10696964867541008,-0.7080835492619764,-0.23490632851726584,-1.2715779252943193,0.8766958915911249,0.20559866714733513,0.41535060976512134,-1.1623327905406275,0.6251061399152151,-0.3497108791207322,2.5336117134796736,-0.4629902745072253,-0.29882238421662116,-0.2686767644781519,0.43880922109557174,-0.7460847837796283,-0.342441510948266,-0.9762320175036151,-0.5381615066486488,0.6194877012363018,-0.43025451579145096,0.5595707236010271,0.036262971082130856,0.7145928122778057,0.8509040923620583,-0.5438937120478291,0.7901633931663964,0.7234367315093134,2.112926680766103,-0.7754339669692835,-0.23011659118221928,0.13865464104807937,-0.3271434041654764,0.6745722605201457,-0.2898525757351613,-0.3527879801220629,-1.0365311783197795,1.7766921263626176,0.1865188318180855,-0.5664614546791779,1.4150224239637605,-0.39625408867438267,0.2664811404469107,1.27492179169651,0.03364058653749651,-0.7005596509655091,2.044322821987223,2.889325215205548,-0.9908397206587938
10,-0.13080201176843909,-0.2751056571344158,-1.150189260344372,2.1604781231263863,-0.4774853472784776,-0.8407530785869144,-0.7526364603319008,-0.012145949853413832,-0.46107237998084816,1.353338203478894,-0.41334959757684486,0.36184159707190183,-0.7893178043618433,0.16849436648259555,-0.4623609232079199,-0.24526779603830984,1.9353300716265387,-0.43751733820790556,-0.3980479104709733,-0.30313901875110427,0.5219331704131965,-0.9148021512748344,0.6902673336071543,-0.2529527897927758,-0.6368506647676757,-0.28351923557016434,-0.4907414569127495,1.0315538763308265,-0.6403030037586765,-0.44864455999858627,0.48465981212018355,0.10696964867541008,-0.7080835492619764,0.07302657946604643,-1.2715779252943193,-0.055568308550913825,0.20559866714733513,0.41535060976512134,-1.2327040987501585,0.6251061399152151,-0.34064735211216,2.3847679534207673,-0.14920180862576704,-0.29882238421662116,-0.2683271640856919,0.7454364766693742,-0.775574194612827,-0.342441510948266,-0.9762320175036151,-0.5381615066486488,0.7034918822375776,-0.44640301085452005,0.5595707236010271,0.034600192323932064,1.5494115884031836,0.7912189618663562,-0.5412888928957,0.7901633931663964,0.7234367315093134,2.0129335873454846,-0.7754339669692835,-0.18261221081753926,0.23039559102417254,-0.37495710757096196,0.184275000870573,-0.25237377420721135,-0.3752860205215243,-1.0877550981526236,1.7766921263626176,0.19414856195639554,-0.5516542562528993,2.3598514098725354,-0.35525618324064073,0.2664811404469107,1.338701511687323,0.031951209396521664,-0.8003110595343841,0.618738305944716,2.983831273382286,-0.9908397206587938
14,-0.1121188252827626,-0.5893691559760361,-1.4730973190108294,2.28673560753879,-0.5022593133385829,-0.829205010393383,-0.7526364603319008,-0.4358009720787655,-0.4706738199207932,1.841838324162718,0.527927372565617,2.4817420848978973,-0.7893178043618433,0.16849436648259555,-0.5649015256723449,-0.38415681482292985,1.6226932544416528,-0.4549682763509752,-0.3980479104709733,-0.30313901875110427,0.43355653059436866,-0.7321731530779075,0.4080533179596846,-0.24861831492583808,-0.6368506647676757,0.022066878242537738,-0.589092934347055,1.0315538763308265,-0.8049220426419054,-0.4317860907815872,0.16567513193869898,0.10696964867541008,-0.7080835492619764,-0.3789241193019437,-1.2715779252943193,1.5812029037795108,0.20559866714733513,0.41535060976512134,-1.1880963596329346,0.6251061399152151,-0.5844798366574688,2.5336117134796736,-0.4629902745072253,-0.29882238421662116,-0.2686767644781519,0.6240646562066017,-0.7840740214215051,-0.342441510948266,-0.9762320175036151,-0.5381615066486488,-0.33771850092968914,-0.41721481550972206,0.5595707236010271,0.03440482690100768,0.11041265070440562,0.8509040923620583,-0.5438937120478291,0.7901633931663964,0.7234367315093134,2.112926680766103,-0.7754339669692835,-0.23011659118221928,-0.058282598233929464,-0.25894627223570776,1.297301355807978,-0.7779302101896365,-0.3527879801220629,-0.8835929282893743,1.7766921263626176,-0.1274517612319928,-0.5664614546791779,0.7312249990722742,-0.3422336125074773,-0.5994093934017246,1.328882176435779,0.031752718840879206,-0.28409150525290466,0.40244378032302014,2.889325215205548,-0.9908397206587938
19,-0.13080201176843909,-0.2573903528176125,-1.1568836087958552,2.1604781231263863,-0.4774853472784776,-0.8407530785869144,-0.7526364603319008,0.011735848929226717,-0.4613110083250497,-0.050268544973707106,-0.20095055628138436,0.8089728933166488,-0.7893178043618433,0.16849436648259555,-0.508856200727325,-0.2507027298204338,1.9353300716265387,-0.43795105320272826,-0.3980479104709733,-0.30313901875110427,0.5219331704131965,-0.9038142497297799,0.6902673336071543,-0.2530946780464863,-0.6368506647676757,-0.28820359396905265,-0.4987422504429588,1.0315538763308276,-0.6431795296843025,-0.44946365931218324,0.12389149850722522,0.10696964867541008,-0.7080835492619764,0.0985034299255452,-1.2715779252943193,-0.12945208959654744,0.20559866714733513,0.41535060976512134,-1.2449323156979224,0.6251061399152151,-0.4625635943848145,2.3847679534207673,-0.14920180862576704,-0.29882238421662116,-0.2683271640856919,0.7505662132423468,-0.7862997298112556,-0.342441510948266,-0.9762320175036151,-0.5381615066486488,0.31742271796270427,-0.4478211722821277,0.5595707236010271,0.037337369710426234,1.5970559808645703,0.7912189618663562,-0.5412888928957,0.7901633931663964,0.7234367315093134,2.0129335873454846,-0.7754339669692835,-0.18261221081753926,0.20165009336499617,-0.37687482448629994,0.15431418821710735,-0.26417416978730246,-0.3752860205215243,-1.0694871855304637,1.7766921263626176,0.03781107270725065,-0.5516542562528993,2.413774254328026,-0.33872479406917244,-0.16646412647740694,1.262927550060275,0.03473217161698305,-0.7940040138155955,0.5697186015413264,2.983831273382286,-0.9908397206587938
29,-0.6368357956530991,0.7638086631705633,0.6402988587873228,-0.5292462091751969,0.1868845275228703,0.16777821031482806,0.8696581104703939,0.6759389491031677,0.008058074036998921,-0.050896764689738146,0.46344914334090587,-0.5500743420604469,0.3595186363970923,0.6130288463831354,-0.4903919337711113,-0.10804306822058864,-0.08049818678988861,0.05542141913320219,-0.16610541980980006,0.4230041902620194,0.11411119388996945,-0.2949760140319151,-0.22608822548299032,-0.14722555883463928,-0.6368506647676757,-0.3970672299425463,0.6238409438974697,0.2542904880848781,-0.3035359816713247,-0.1440483802697458,-0.09119391443229209,0.7850452157163709,0.29491223528815225,0.1990293719288443,0.2631994117274133,-0.4402244815801918,0.7522278445555826,0.41535060976512134,0.07842113210924782,0.6251061399152151,-0.5844798366574688,-0.6983598770921815,-0.2269410493278467,-0.42109190732605295,-0.18550100443870915,-0.9956220087570957,0.3507856110664034,-0.20963218252183222,-0.08837132943426682,-0.5381615066486488,-0.24566836535623537,-0.14237804068720475,0.5595707236010271,-0.05789400894518954,1.0224605476055133,0.532583396384979,-0.2691938256295566,0.027717520738732196,0.7234367315093134,-0.11617383654532983,-0.7754339669692835,1.4723745331202696,-0.9037939509906666,-0.12995389506548016,-0.44181279083349406,0.479685484011238,-0.7041178120357966,-0.6538347938152616,1.3664583110298985,-0.49547827252613547,-0.3656605094463419,0.6795113539039317,-0.49327684358946206,-0.5994093934017246,0.5455265124249757,-0.03510829174407137,-0.12249917692274818,0.3015320997711966,-0.1809403498109139,-0.3245482685302212
31,0.10184267429683175,-0.5548342221141735,-0.23519115923961753,-0.5757061608926908,-0.34333726110280893,1.1589873969262734,-0.6262516442555577,-0.7489882374022167,2.9921676539406814,-0.05089637323447377,-0.9763902432740166,-0.8238857877788023,-0.604113517037114,-1.02085469660925,0.4936489160852932,0.5089295975984912,-0.5041464085105524,-0.48416087524402146,0.07410464518142709,-1.029282227764228,-0.14520573266993797,-0.7526493700609206,-0.2998664408441621,-0.255729677123232,0.30798846705245436,-0.07172700283310472,3.0454712664820347,-1.1005989224706019,0.5450410866882903,5.580500561684622,-0.7040242141282794,-1.2491814854065115,-0.7080835492619764,-0.2525044179446864,-0.2923112581539835,0.6504282437307609,-0.5232402360636615,0.41535060976512134,-0.6302018428639431,-1.4225179616022876,0.5139341921670748,-0.8625665094661831,0.5254161150299093,1.8714616509757918,2.483027924574544,0.5439405754771489,-1.1564297094429892,-0.6374847802840932,-0.2704108464403007,0.1582926364869261,0.5869014891664474,-0.47739219404609173,-0.767463376022066,0.019897316391241822,0.037414100788999455,-0.058501229297098174,-0.11244671541104508,-0.6975358701070948,-1.438108455472463,-0.2944532543751463,-0.7754339669692835,-1.08346921817926,1.091266775040208,-0.2880325783298492,-0.2945037256317613,0.805484085792114,1.0167409792195035,-0.5720931817711293,-1.2430415683883917,-0.751218189331942,1.1251036059669355,-0.9464118477116594,1.3142269471926737,-0.5994093934017246,-2.48260353438557,0.018720246832249595,0.2022348491508077,-0.06297224545750059,-0.681063355303875,-0.18984690846777438
33,0.09910030131043408,-0.6039188932470531,-0.22593442980639394,-0.5690187264810618,-0.33802947149971846,1.1108704461198924,-0.6295079872836118,-0.7489882374022167,2.828304886532172,-0.0508963951680592,-0.9763514819137893,-0.8265510070622307,-0.5957175893450598,-1.0320327819998756,0.5018506978763835,0.5130426373864166,-0.47539579491906436,-0.48416087524402146,-0.06027622418760841,-1.029282227764228,-0.12129360446097726,-0.8402020617265206,-0.30967797445171474,-0.255729677123232,0.24631635112555025,0.04003095099795688,3.215002480232742,-1.0714856977517875,0.471447816027997,7.367689890207403,-0.7056995799695314,-1.2491814854065115,-0.7080835492619764,-0.3372123837087228,-0.3104339225508762,1.4429570545974297,-0.6143450989650361,0.41535060976512134,-0.7423401464572191,-1.4225179616022876,0.5212161248883104,-0.8665714001850807,0.5081861815816644,1.8714616509757918,2.3883736183159976,0.5956985844025245,-1.1564297094429892,-0.6374847802840932,-0.2524405857504152,-0.010408154855322004,0.572499780015438,-0.47739219404609173,-0.767463376022066,0.019897811892702143,-0.2260919405088001,-0.06719365026301095,-0.11753365720341163,-0.6966060580675488,-1.438108455472463,-0.29043414589485367,-0.7754339669692835,-0.9856367964345829,1.1658869870667643,-0.24055945192872943,-0.19227190009154435,0.8008166167464456,0.6099801067704529,-0.7217564847150625,-1.2316891860772958,-0.751218189331942,1.064165363631972,-0.9464118477116594,1.4017352313971214,-0.5994093934017246,-2.5060496891600996,0.018720246832249595,0.22185384814453624,-0.07205964804731088,-0.6660073455050295,-0.18027268249513206
35,-0.08971473651463843,-0.4693659239267324,-0.6398828371956505,2.2055300893966225,-0.3550563236884477,-0.9389116582319313,-0.7526364603319008,-0.274025989847744,-0.4700797107607759,1.7020787099685977,-0.45233863079757497,0.3007117158107984,-0.7893178043618433,0.16849436648259555,-0.5316825513082066,-0.21476347183413388,1.7840544820727133,-0.4478339806554358,-0.2065836426101298,-0.30313901875110427,0.48962568733784395,-0.8379093967454947,0.22234212493049724,-0.25160106501454926,-0.6368506647676757,-0.18065348252120292,-0.7330596163632892,1.0315538763308276,-0.9347891478716677,-0.4465520431590054,0.5045391336274795,0.10696964867541008,-0.7080835492619764,-0.10500733770199949,-1.2715779252943193,0.5739691216257515,0.20559866714733513,0.41535060976512134,-1.1969971873712224,0.6251061399152151,-0.4642202524453196,2.4378792924349746,-0.5681800760464059,-0.42109190732605295,-0.2686767644781519,0.8525990709005759,-0.78085355419061,-0.05621761624717217,-0.9762320175036151,-0.5381615066486488,0.47654237860998494,-0.4358576769797867,0.5595707236010271,-0.10769900554804179,0.4529858837680338,0.28389535265288546,-0.6142238291553125,-0.734728351688932,0.7234367315093134,-0.6868799350114574,-0.7754339669692835,-0.8207274569537545,0.4731353490349842,-0.33504126233219045,0.4545336787744454,0.24378657816704533,0.20586795376189332,-0.9468535954388234,1.7766921263626176,-0.029129012468488272,-0.7384780756916896,1.5320123213456731,-0.925741723040673,-0.16646412647740694,0.8590666572696697,-0.11262425554649959,-0.9989157784209654,-0.8523959714662639,3.0825376008113103,-0.9908397206587938
36,-0.08971473651463843,-0.4587201600265689,-0.8873316084550771,2.2055300893966225,-0.3550563236884477,-0.9389116582319313,-0.7526364603319008,-0.25967455750401325,-0.46910153824816847,5.089291054922858,-0.5887638151856291,0.009560279917050914,-0.7893178043618433,0.16849436648259555,-0.5283884894425421,-0.38514430579690984,1.7840544820727133,-0.4457005471557691,-0.3455883840592691,-0.30313901875110427,0.48962568733784395,-0.8745478538492187,0.6544516292820461,-0.25156231254700295,-0.6368506647676757,-0.18995000203931306,-0.7127972407312384,1.0315538763308276,-0.6801553096236159,-0.44618239842100327,0.13880098963769713,0.10696964867541008,-0.7080835492619764,-0.08663539014334504,-1.2715779252943193,0.6154619072392029,-0.8876596876691598,0.41535060976512134,-1.2221018497060119,0.6251061399152151,-0.4642202524453196,2.4378792924349746,-0.3234263147650907,-0.42109190732605295,-0.2686767644781519,0.9823437382087286,-0.7872529522811906,-0.2640186797250223,-0.9762320175036151,-0.5381615066486488,1.3367463612995443,-0.4350896881891957,-0.767463376022066,0.034488076813101155,0.49699666607847437,0.28389535265288546,-0.6142238291553125,-0.734728351688932,0.7234367315093134,-0.6868799350114574,-0.7754339669692835,-0.4646925184992963,0.38498248954684766,-0.3387954233751094,0.7316547049385941,-0.1247106095525867,-0.21022662261595618,-1.0104270833762492,1.7766921263626176,-0.017900353019654643,-0.7384780756916896,1.5917848094716667,-0.925741723040673,-0.16646412647740694,1.3365102962588136,0.03183730044729283,-1.033275167438596,-0.049721441727012865,3.0825376008113103,-0.9908397206587938
39,-0.0830438770939274,-0.4189015810003433,-1.3653043714258728,2.224387609107674,-0.35951810422882025,-0.9389116582319313,-0.7526364603319008,-0.20599558732606332,-0.4682772296491128,3.862003508150134,-0.3195458414329952,0.5944911645880075,-0.7893178043618433,0.16849436648259555,-0.47081536137879265,-0.2560062470343767,1.7840544820727133,-0.44390269702542673,-0.3455883840592691,-0.30313901875110427,0.4763618585935054,-0.8871861408065415,0.871254123536062,-0.25201895464885027,-0.6368506647676757,-0.2168976355520632,-0.7055771081641004,1.0315538763308265,-0.43861325214020036,-0.4478832467319393,0.145041694453737,0.10696964867541008,-0.7080835492619764,-0.017918400682520968,-1.2715779252943193,0.424540930768366,-0.8876596876691598,0.41535060976512134,-1.224441277574713,0.6251061399152151,-0.4649003929796725,2.4601102449384347,-0.20062590100546043,-0.42109190732605295,-0.2686767644781519,0.8806068426850887,-0.7855879184443628,-0.2640186797250223,-0.9762320175036151,-0.5381615066486488,0.7523790536989705,-0.4386234391208458,-0.767463376022066,0.03541844175949569,0.6488952355767718,0.28389535265288546,-0.6142238291553125,-0.734728351688932,0.7234367315093134,-0.6868799350114574,-0.7754339669692835,-0.4703249977817931,0.2380610570666183,-0.35049636119762306,0.7247303697423418,-0.8301553728523634,-0.20597320910845954,-1.0320019273131573,1.7766921263626176,0.1836396883696666,-0.7384780756916896,1.7980832428339495,-0.925741723040673,-0.16646412647740694,1.3050412415497143,0.03278254783240244,-0.7157104844559228,0.12880824358712206,3.0825376008113103,-0.9908397206587938
41,-0.10768246241951798,-0.284283837785539,-1.3759482228340458,2.1344245962477246,-0.4452597273259395,-0.8753972831675086,-0.7526364603319008,-0.7489882374022167,-0.4612975504008406,-0.05024561675467292,-0.11132217751495276,0.8944094993958527,-0.7893178043618433,0.056686951678049324,-0.5467022417500426,-0.26832382403277155,2.16378922112754,-0.48416087524402146,-0.2065836426101298,-1.029282227764228,0.6368922367400913,-1.0064101729899013,1.3170762049335796,-0.255729677123232,-0.6368506647676757,-0.29451566013455155,-0.4938336842959098,0.7735012195627546,-0.29076159253187817,-0.448443532752002,0.07397385619037602,-1.2491814854065115,-0.7080835492619764,0.05982719368314792,-1.2715779252943193,-0.08002538945019329,-0.8876596876691598,0.41535060976512134,-1.3209182734355054,-1.4225179616022876,-0.5844798366574688,2.206948817899662,-0.023639149996726047,-0.29882238421662116,-0.2680649637913469,1.100616850298472,-1.1564297094429892,-0.6374847802840932,-0.9762320175036151,-0.5381615066486488,0.5958243069854965,-0.47739219404609173,-0.767463376022066,0.03488464606419719,1.5237594019998482,0.6121635703792487,-0.5393352785316033,0.7901633931663964,-1.438108455472463,1.9425036693709508,-0.7754339669692835,-0.7805474317336026,0.19295959407268648,-0.37389845511307723,0.5031735855938752,-0.7103695398540445,0.13710011331080382,-1.0480585232708017,1.9210944293597394,-0.751218189331942,-0.4934128477260747,-0.9464118477116594,-0.2521833711982353,-0.5994093934017246,1.3500195727265838,0.018720246832249595,-0.7610523742196121,0.4393962752440354,3.293723231589685,-0.9908397206587938
47,2.445460210482571,-0.821688662720448,-1.3356219914881382,0.4339165323031442,-1.143969563716892,-1.371964215489359,-1.0754397248976328,-0.7489882374022167,-0.48673547704573156,-0.050897022589098354,-1.1746797649015812,-0.2900210207288554,-0.7893178043618433,-1.519094031715582,-0.3750010921577233,1.530321442407385,0.15296256225526783,-0.48416087524402146,-0.5954117385666221,-1.029282227764228,-1.077728602018561,-1.164864182353983,-0.14828815240049947,-0.255729677123232,-0.5477354609181873,0.5186417558697543,-1.5656557006131833,-1.4770019035535915,0.5524969546388527,-0.46654324077427745,0.02411905845775213,-1.2491814854065115,-0.7080835492619764,-0.7130289828880493,-0.48174829170494615,0.6086783023713761,-0.8876596876691598,-2.4076045068658862,-1.0126472753183668,-1.4225179616022876,-0.3696056395813385,-0.22066360091319415,0.9805020958013841,-1.0324395228732115,-0.27811597507457203,1.3006340287611529,-1.1564297094429892,-0.6374847802840932,-0.3494135632479333,-0.38220048060720124,0.7545520173973962,-0.47739219404609173,-0.767463376022066,0.0215775445274194,-1.371890242308473,-1.9542970409359557,-0.23528466202416284,-0.734728351688932,-1.438108455472463,-0.1672431588589761,-0.7754339669692835,-1.0841868001451385,1.915778776473834,-0.494459069895749,-0.2670098247951714,-1.952134888829185,1.0205056074752503,-0.6162825185950244,-1.8333654485652786,-0.751218189331942,1.371860715520907,-0.9464118477116594,2.608692617837689,-0.5994093934017246,-0.4476736271436055,0.018720246832249595,0.127446286103288,1.315876296085875,-0.3711337918915831,-0.04893502170616628
50,2.3120830691670187,-0.821688662720448,-1.3066115834088006,0.4208168161128651,-1.143969563716892,-1.371964215489359,-1.0754397248976328,-0.7489882374022167,-0.48673547704573156,-0.050897022589098354,-1.1746797649015812,-0.31684637795476567,-0.7893178043618433,-1.5809399100918156,-0.406083606363885,1.6429285823427187,0.2250881510383444,-0.48416087524402146,-0.5954117385666221,-1.029282227764228,-1.0935607024101701,-1.3146790347658168,-0.2824953539233011,-0.255729677123232,-0.5440016639546038,0.5644543324184534,-1.5656557006131833,-1.3220643207434883,0.2319000267522794,-0.46654324077427745,0.08938798591147286,-1.2491814854065115,-0.7080835492619764,-0.7130289828880493,-0.3422922323246679,1.2739653217878302,-0.8876596876691598,-2.4076045068658862,-1.2211593511693222,-1.4225179616022876,-0.41657200243936604,-0.3254647743174147,0.8006079218339617,-1.0324395228732115,-0.27811597507457203,1.7032491541336234,-1.1564297094429892,-0.6374847802840932,-0.10397231009605672,-0.3947862881741649,0.5239264565520173,-0.47739219404609173,-0.767463376022066,0.0215775445274194,-1.371890242308473,-1.9542970409359557,-0.18967350761709553,-0.734728351688932,-1.438108455472463,-0.22306983482711912,-0.7754339669692835,-0.9357170753717586,1.867691228528033,-0.494459069895749,-0.2861800304342976,-1.952134888829185,0.4608520778668486,-0.8825039752813658,-1.8333654485652786,-0.751218189331942,0.9054769489758372,-0.9464118477116594,2.8369668982857266,-0.5994093934017246,-0.46964427980588874,0.018720246832249595,0.37621717649705033,1.6817299856796057,-0.3475072773474089,-0.23094048926456753
63,1.7914779801759826,-0.821688662720448,-1.2023931356168687,3.2050705607902916,-1.143969563716892,-1.371964215489359,-1.0754397248976328,-0.7489882374022167,-0.48673547704573156,-0.050897022589098354,-1.1746797649015812,0.5266792867020471,-0.7893178043618433,-2.030658520829216,-0.678255633840274,2.3462127938427204,3.6490311518058975,-0.48416087524402146,-0.5954117385666221,-1.029282227764228,-1.2997781057632805,-1.5214415686818188,3.3759646129274605,-0.255729677123232,-0.597777099925961,-0.02205716134318166,-1.5656557006131833,-2.0289023987970434,2.475847074344863,-0.46654324077427745,2.776361566948545,-1.2491814854065115,-0.7080835492619764,-0.7130289828880493,-1.0657075338144475,0.1177195426563731,-0.8876596876691598,-2.4076045068658862,-1.2407817351383228,-1.4225179616022876,-0.5844798366574688,1.3802275857107895,2.7620848507728226,-1.0324395228732115,-0.27811597507457203,2.6303826101554115,-1.1564297094429892,-0.6374847802840932,-0.8152081761963951,-0.4512987500236191,2.9708737553738174,-0.47739219404609173,-0.767463376022066,0.0215775445274194,-1.371890242308473,-1.9542970409359557,-0.5632851435136784,-0.734728351688932,-1.438108455472463,3.17876215381781,-0.7754339669692835,-0.9956088241636805,1.5779845212863102,-0.494459069895749,0.8621998616799196,-1.952134888829185,0.643607092201513,-1.0157725594746452,-1.8333654485652786,-0.751218189331942,1.713097505486766,-0.9464118477116594,1.8809125848098787,-0.5994093934017246,0.8883474258018632,0.018720246832249595,-1.3233401295140497,2.313024569430614,2.6284884946377876,2.1939679815717663
70,-0.575837752043506,0.2471459747120853,0.48829205860115277,-0.6427360653163675,-0.03278494970908883,1.0435067149909594,0.3085718059465325,0.40371874573975475,0.2343827588467194,-0.05089691344477372,0.44626140990772395,-0.258456389003048,-0.2559294568666232,0.37985905267864495,0.2913721669111747,-0.6881918238130682,-0.7421614575622065,0.30223302861477386,0.4668559070900336,0.4230041902620194,0.07049933544139125,0.6801754710209766,-0.4235028886869711,-0.05409226765075015,0.7681424832770922,-0.33204964740632864,0.7746145988998351,0.18468660328173422,-0.2276273941432492,0.12354008038684794,-0.6468155380342355,0.44600743219589045,-0.14927161215547616,0.0247883909307487,0.10179102215803722,-0.7038700987447006,-0.20437321590885046,0.41535060976512134,1.0318897852013307,0.6251061399152151,0.43183419801659456,-0.5456816935808005,-0.4078668122047125,0.49592951599468516,-0.019271844497184686,-0.8678819577619428,1.2643238486881863,0.6329199219689283,-0.20022592147586057,0.6573446756872344,-0.5065606243839796,0.13559823916801145,-0.10394632621051948,0.007753427327749471,0.7296928246548909,0.7596463928360205,-0.07849935686744498,-0.3111473114513408,0.7234367315093134,-0.3193202334263998,1.3916559284011778,-0.6358644450191338,-0.47804922379518666,-0.14838929555826363,-0.44140399342529296,0.799716273369067,-0.05501962157926747,0.29069174003089115,-0.04211550680716445,0.5010652535578475,-0.2855238008126616,0.4807026265299935,-0.5218482599690024,0.6994264073712283,-0.5251123120325336,0.007484044793403211,0.02133960468066536,-0.6305481197793807,-0.643921198859871,-0.3135755348927431
73,-0.65846009544854,0.7176143581471734,1.4699373128793034,-0.8707866561286525,0.2569384005784854,2.179066754021547,0.6989817019689777,-0.23020904579947213,1.390705605055826,-0.050896138880908735,0.9511123227594415,-0.602159022016409,0.5236381279340832,0.20908030224787458,2.480334112876386,-0.7587070100704858,-1.0772415133054365,3.6106134580982276,0.10759832024581142,-0.30313901875110427,1.174851497145907,1.032251380747451,-0.8765118248124192,0.1319355526163498,1.961088714726265,-0.36699095041390617,1.5198382494195888,0.7724301653702969,-0.7928536762329336,1.501362611264415,-0.8668741861949751,4.175423050921174,-0.27822821302620687,-0.04891519449602849,0.49030983124335115,-0.7913401832237018,0.5700181187528334,0.41535060976512134,-0.015696946947801296,0.6251061399152151,2.61877371691915,-0.9204034412568574,-0.7959070057060305,3.0941568820701097,0.3151121908809982,0.18187280797587232,2.880813802325405,-0.37474871039560415,0.7788783069477576,1.040092380681414,-0.722216358744247,3.6112082374728947,-0.3251186761477017,0.00479984508773188,0.5745071259822642,0.49279330938784377,0.564456837183067,-0.32809055306084445,0.7234367315093134,-0.5198196507551169,5.5813630594507355,1.0532064561737315,0.5519712396341336,0.10339983771194312,-0.5860731103920407,1.0538364427376754,-0.6617766300540775,0.8649065359277511,0.016122176028322145,5.43735669587201,-0.35805100278760965,1.6970543093764774,-0.11848586890270532,5.89476961046304,-1.4702323729290259,0.014458726504936445,1.4291073560149499,-1.4008063611379946,-0.9042350387611222,-0.532341369979198
76,-0.32842112828355896,-0.24374568348579967,-0.09808959374178379,0.25442269610150026,-0.18541166516411123,-0.47698893049067526,-0.5331852264194163,-0.22957603158309606,-0.3644262124448514,-0.05089696990710159,-0.16027037223637167,-0.053032459022712086,-0.5021086941721093,0.16849436648259555,-0.48058895375711497,-0.2763360962754181,0.7282622602527071,-0.21739946142802283,0.36548334371543706,-0.30313901875110427,0.6888866508041466,-0.565574810014494,1.4117814925834127,-0.23682202862213905,-0.47524928158396995,-0.27123095552083243,-0.10321687959298748,-0.2836521665647941,0.8333635587260599,-0.3556828590485299,-0.23598906392922717,0.7850452157163709,-0.45733460312444424,-0.04810484304757362,-0.8730948056081893,-0.01695731078334177,0.7522278445555826,0.41535060976512134,-0.34378136225121214,0.6251061399152151,-0.5844798366574688,0.13773714998431383,0.867456083332997,-0.11541809955247359,-0.23074512189624144,-0.5770376721364869,0.4088784260570818,0.3201565102561419,-0.7181975050334607,-0.39450880917071635,0.8398594080626148,-0.2470642014276019,0.5595707236010271,0.16474347559527916,0.5772353880505217,0.3585017657725135,-0.4818664559877569,-0.16289394736818386,0.7234367315093134,0.8008401855493207,-0.1975433282038271,-0.9886949829570021,-0.44156905318063827,-0.2705757963681611,0.5251809581884492,0.5191931470274217,0.620141624909912,-0.6201327261665703,0.8741777326306435,-0.013581637847026271,-0.02352724229500956,1.700759651647588,-0.37052180426272097,-0.5994093934017246,0.973763850339396,0.11569095530037245,-1.1620025420456135,-0.9697810909446596,0.7390583431414933,1.2510307454234855
79,-0.49783670661419155,-0.10217893629747068,0.4044275237165546,-0.3058099771714525,-0.03117194558942889,-0.053559763394523924,-0.39778995430873865,-0.26400682807108455,-0.2509715357313143,-0.05089689555902046,-0.7661355794337458,-0.9318080288935022,0.2266600003909569,0.41169411717738263,-0.2898941830944039,-0.40534446628877036,0.09865731174254407,0.030049740910835863,-0.3419745924367741,-0.30313901875110427,1.2960324263460197,-0.16581186737944378,-0.24463514986002097,-0.2076868636487345,-0.44924631184915526,-0.2965115797413634,0.19973975458279972,0.6031066081308016,-0.660907848821307,-0.21263641866020805,-0.33612095828590677,1.4631207827573316,-0.042831243182809405,-0.09218133467081968,-0.16030016409366118,-0.19302453068892342,-0.15882078445816322,0.41535060976512134,-0.534368574249614,0.6251061399152151,-0.5844798366574688,-0.43156613977940295,-0.318195735832356,0.19025570822110568,-0.18704507283874086,-0.12515851084855378,0.4889466940140761,-0.44805056407844224,0.03223729719760269,-0.4040312592333082,1.2414921104423486,0.05013484256784649,-0.3251186761477017,0.0165923324027137,0.4592578396621429,0.47929310129953057,-0.34280167350346913,-0.12477165374680062,0.7234367315093134,0.03859778692704568,-0.1975433282038271,1.3088897015524623,-0.12902804029091958,-0.17671551440883154,-0.2627857839264094,0.7071873006390842,-0.6891284073637528,-0.28623731008917735,0.6366739448064427,0.34501567865354466,-0.41165999324132224,1.5405304705247338,-0.26548986970426464,-0.5994093934017246,-2.2690411205844834,0.01618776818322249,-0.32900404266636946,-0.4317483056955245,0.03344871263872128,-0.2406331127562961
80,-0.3768307254241657,-0.30584064753052925,0.029626052109994343,-0.0574632071529448,-0.11831674521836225,-0.31339129774898045,-0.5681213640058421,-0.2853823713148174,-0.306506867724287,-0.050896971136719246,-0.40793350364034536,-0.40177076396108286,-0.1797311215101632,0.01450887835740448,-0.12216135400738018,-0.3703268671229092,0.5661747086366282,-0.09107504654929274,-0.3900918853067922,-0.30313901875110427,1.054483171132297,-0.5022191462689015,0.232370208478656,-0.2215327539609857,-0.46393788152748605,-0.26082382003451776,0.10575047269058185,0.4844558672203305,-0.39858204427986815,-0.2749787857195606,-0.2832477512370098,0.7850452157163709,-0.17588170439864284,-0.11954517892732443,-0.4900644191857314,-0.0695381909890092,-0.34103051026091236,0.41535060976512134,-0.6261798988688255,0.6251061399152151,-0.27178491599875354,-0.18222178580679596,-0.03242736916897812,0.19025570822110568,-0.1935709468313276,-0.11504743885653336,0.289972718948048,-0.4328601829947515,-0.32845610733057007,-0.4099430464662939,0.2556166568587203,-0.07939016931050231,-0.3251186761477017,0.0074131942911752164,0.38946964088016606,0.32534335994156754,-0.4252441996683524,-0.2772608282323335,0.7234367315093134,0.3550880681035578,-0.1975433282038271,0.902512681083904,0.6067002876533768,-0.24670923137251088,-0.009379790214944703,0.5038192157638446,-0.6428839392780181,-0.35595234951605004,0.40143209781865996,0.8779451309558782,-0.27000873557532434,1.4457488269355296,-0.1746624946775267,0.2664811404469107,0.13081944461465755,0.009126294785458669,-0.6649614935797354,-1.1283085668305586,0.3995201552404521,0.1287216396045908
88,-0.1574284071152578,0.15429049879078768,-0.344962445692278,0.3701779563243517,-0.2250347806724529,-0.5828462222647132,-0.8026914754033694,-0.7489882374022167,-0.2642717191632179,-0.05089696122768528,-0.9744896275994318,-0.8740856053223586,-0.4845244629360032,-0.41491765614243037,-0.24889265567584526,0.17161315826362578,1.3389654416722316,-0.48416087524402146,-0.4606169828352474,-1.029282227764228,1.3774877401618184,-1.097305115480097,0.6022299920143761,-0.255729677123232,-0.4044685641875149,-0.372699563652899,0.2583215727739011,-0.1649283891833457,-0.18332726711668237,-0.39209532012084886,-0.33043489695316786,-1.2491814854065115,-0.7080835492619764,0.9712689352114328,-0.90881911200365,-0.7078600853546319,-0.34103051026091236,0.41535060976512134,-1.1423073412545772,-1.4225179616022876,-0.16424079393451474,0.2070894342422774,0.21038484008236125,0.19025570822110568,-0.19613468304270099,0.9000233011420059,-1.1564297094429892,-0.6374847802840932,-0.6140663949977764,0.0076615236661426575,3.196609796135228,-0.47739219404609173,-0.767463376022066,0.0188252947565482,1.678932144463895,0.08494491766721038,-0.5124188139596034,-0.4805797275463773,-1.438108455472463,1.2473148272741115,-0.7754339669692835,0.6893846770865979,1.0061734729724032,-0.39910191231242137,-0.4315824287978617,0.3101315405609683,-0.6116421870732861,-1.1609099405963657,0.04386449039723047,-0.751218189331942,-0.028540152504360528,-0.9464118477116594,0.5305446183411303,-0.5994093934017246,-1.4694657910013265,0.018720246832249595,-0.8105847714352837,-1.5195424827784572,1.0337794388088104,1.1209642819749088
92,0.39483083776038,-0.5480435824117497,-0.892969609650232,2.4473523181643313,-0.4086863983531544,-0.977405218877036,-0.5701687189760039,-0.7489882374022167,-0.438898327767695,-0.050896981478015524,-0.7919181299114199,0.5120304184374542,-0.5937420769469293,-1.34177035421058,-0.6638894246796779,1.5223311674686257,3.4365802667365037,-0.48416087524402146,-0.5099673502649683,-1.029282227764228,-1.1573980531078685,-1.4045212697371732,2.7625101874557525,-0.255729677123232,-0.5748706963516464,-0.25743079945038827,-0.3664609236882534,-1.4064715103592218,1.405658882571174,-0.43472690267076775,3.7505587376730363,-1.2491814854065115,-0.7080835492619764,0.2314580660945026,-0.9662354147241154,0.07524692595457999,-0.8876596876691598,0.41535060976512134,-1.143925466321341,-1.4225179616022876,-0.47239546126829685,1.6745526490820302,1.398920294180981,-0.879602618986422,-0.23948513170774155,0.8840997484884412,-1.1564297094429892,-0.6374847802840932,-0.743842409729035,-0.4361362497886206,1.769462499686668,-0.47739219404609173,-0.767463376022066,-0.005113178023757264,1.0588300316567203,-0.2549287420999838,-0.5782447646165305,-0.544116883582016,-1.438108455472463,4.786045214381812,-0.7754339669692835,-0.10364856003818006,0.8529810037399698,-0.4346171880037559,0.7654989201086204,-0.0004303802070844535,-0.40919774180631985,-1.1801312645382023,-0.028336661101330436,-0.751218189331942,0.46548873687772896,-0.9464118477116594,0.5544763154532263,-0.5994093934017246,0.804568334911718,0.018720246832249595,-1.296080241077868,1.135037966964393,3.525512338541581,1.6450956951136293
93,-0.5180158788250362,0.20074753668583098,0.5132203307243028,-0.2967156427542914,0.017513975352672635,-0.12092349452345696,-0.30179007891669934,-0.05982097429322362,-0.22965955200252333,-0.050896929179100506,0.02598057479123237,-0.3706472797209024,0.2266600003909569,0.3656854918227372,-0.33328053535869745,-0.33438429735345815,0.2197198649238924,0.07653203257752071,-0.32690985243839027,-0.30313901875110427,1.0257301672525152,-0.36301885809193607,-0.09486582665513967,-0.22641821263616665,-0.538944556674398,-0.36725075427017123,0.2733222618515246,0.48314390829615256,-0.5136955531369966,-0.2928147085637433,-0.21315364017868715,1.4631207827573316,-0.042831243182809405,0.16920663748268225,-0.13934745597230216,-0.5899904838368021,0.20559866714733513,0.41535060976512134,-0.5625075576649445,0.6251061399152151,-0.5844798366574688,-0.33290086867418084,-0.2606319704374209,0.03741880433431615,-0.19290087941244594,-0.2688592122358258,0.5199696234157761,-0.4367902683502318,-0.019290332020707707,-0.4428607654935914,-0.18395296037375927,-0.11644680073507876,-0.10394632621051948,-0.3187962766595243,0.9786610033064538,0.4404767135212406,-0.2967614949895887,0.027717520738732196,0.7234367315093134,-0.06661508474690173,-0.48648864758655525,1.2678722813841639,-0.3179800566277911,-0.2469275586071365,-0.3689198814931749,0.7057601722206879,-0.6850857776314951,-0.36205450994927607,0.77389835554931,0.1986112343014448,-0.4446756831139396,2.2459489566707505,-0.40731497422256374,-0.5994093934017246,0.8539360204158541,-0.1541890323079216,-0.4795696756846599,-0.3346436012922404,0.11375498352284702,-0.22539688790590628
95,-0.5219891175436743,0.053298775490810524,0.3527516363194539,-0.2975709608916814,-0.02777136235730117,-0.06318315355579995,-0.30179007891669934,0.135682168042593,-0.23662115960885388,-0.05089694165798027,0.09985899802202679,-0.2796228336399795,-0.24225283257187402,0.5227279337038033,-0.2865361647322588,-0.43420252906244833,0.07305221057012098,-0.12048796704796302,-0.22465346812596956,0.05993258575545758,0.9133882337177173,-0.24767205050856336,0.10042911969571744,-0.20245994509186388,-0.5427618395025516,-0.3363436001942416,0.2541310279496611,0.2700490404399716,-0.1887921611460932,-0.2626500179157656,-0.4414162570190116,0.5590200267027171,-0.17076437896726465,0.04197664564424379,-0.49051326444153187,-0.3663558361363208,1.29885702196383,0.41535060976512134,-0.19241966903591692,1.6489181906739665,-0.24417997912430467,-0.28674024862918246,-0.1488687285556235,0.03741880433431615,-0.19526068206155098,-0.35285144862373385,0.9912768440070819,-0.22179412422669326,-0.43717374260436787,-0.4566043870833203,-0.09026785058648892,-0.0537754249311038,1.2230877734125738,-0.17358308895757701,0.7578287742222903,0.5510047329577268,-0.20266240311892805,0.2818661448812869,0.0029216691820544848,-0.20843196902416733,-0.5828037540474647,0.4383084881385531,-0.5180441678812704,-0.22126082276914785,-0.21964422104656248,0.6446947598730631,-0.5658405903129197,-0.4239619667488011,0.669607803384727,-0.017228552881690135,-0.47973504168855763,1.9460294574520676,-0.6222469598273122,-0.022149037502634437,0.8211585609710483,-0.12999162090814304,-0.6365308572571121,-0.6858156283219321,0.04441490509137019,0.21728217348729048
96,-0.43405113551223257,0.8590597104281759,0.33548139355921086,-0.2814349697757177,0.02866460026633432,-0.2171573961362187,-0.5231768849836623,0.7615435127716728,-0.03522999815166161,-0.05089690353951913,-0.3392583862160003,-0.4412105723016051,-0.34482751478249324,-0.25112823626502023,-0.059796389965141056,0.012038517614815796,0.655862734734611,0.5005906911110335,-0.3519761733495868,-0.30313901875110427,1.2007460841683228,-0.8766462726462125,0.4556485603371585,-0.23448355028720197,-0.14262046971565642,-0.4218602869507713,0.7118079315099232,-0.25017154108033113,0.04746808829332978,-0.33414248143742914,-0.36787496469385284,0.7850452157163709,-0.320019704049129,1.2206741789430544,-0.6438003867084708,-1.0467115743613618,-0.0677159215567886,0.41535060976512134,-0.85452831672823,0.6251061399152151,0.13053159850870785,-0.6818059321002053,0.6558046049303558,0.19025570822110568,-0.12807913997715342,0.19050868384528688,0.43699526700960434,-0.3948735388110075,-0.46095572532051116,0.5062496474767251,0.15374257567922645,-0.2023110456276989,-0.10394632621051948,0.005275161042082467,1.7842537860236551,0.1773147624819883,-0.4046172880074308,-0.44881114952855794,0.7234367315093134,0.252550323641663,0.6692926299443573,0.8181332412040613,0.35927123886280815,-0.35619648659029096,-0.5353059815059117,0.5024131089386388,-0.6312138702714817,-0.7681782740870017,0.1779523431802642,0.8167633326769774,0.01527513951933361,3.3400509587596106,0.16510380617859807,1.132371674295546,0.13594101017249505,0.007678138807660747,-0.6701547959527473,-0.6682823278397261,0.2447306872267613,0.3501956427524675
101,-0.7307763889089356,-0.009732144123994722,0.8388979733117464,-0.838447941015419,0.23244470241405468,1.9673521704734716,0.939421098950595,-0.06486993739292972,0.38556595571444663,-0.05089681963039092,0.7409075572166678,-0.6550746125557958,-0.04505499390339674,0.8508589385643712,1.027486800292365,-0.9204241753958932,-1.0459178125512103,0.2768488953115014,2.975311159483111,0.7860757947685812,0.7665527047121337,1.4985179214739615,-0.6558572063378616,0.8720703294859895,1.7996424469701504,-0.1358357436449511,0.9870678077068477,0.5534563184426811,-0.3926392297682856,1.5258164340361626,-0.801192063959116,0.9206603291245631,-0.09891355968366948,-0.3627201013588288,0.43037553031674725,-0.08486615419989683,1.29885702196383,0.41535060976512134,1.8948407500497102,0.6251061399152151,0.8842355969918272,-0.8596965115625319,-0.5701592815905694,1.412950939315423,0.05481284866999604,-0.9903609166928072,1.5955055274480443,2.698732422920704,-0.04064605210371189,0.2564999202012515,-0.5134743930917312,1.1783704772691068,0.8913292485068004,-0.0005875100115901454,-0.43257351078888345,0.8750390631635999,0.4882658769832933,-0.05699868730878609,0.7234367315093134,-0.5082744332371271,1.6517067158456333,-0.9743338182169257,-0.6880520532042941,0.7443893028935279,-0.26508428919963645,0.5687049753737015,0.5735325729357268,1.026014962645549,0.22952459425065805,0.6328436491919796,-0.4080533778285788,-0.4361250931135038,-0.6415122034706574,0.6128373539863647,-0.8621438719132707,0.004645487832431531,0.8771298861634408,-0.7580952614119767,-0.8691289716499448,-0.4064147484890323
103,-0.6432489124441708,0.3932450576054935,0.44845624688970404,-0.4726118925253632,0.17340978423035974,0.05229752837951406,-0.14665861667567154,-0.09385294592324486,-0.18015695047572539,-0.05089676218464343,0.960214918747902,-0.1494825149771453,0.2478262046566405,0.8115348135676342,-0.07659852154548474,-0.5766174712044474,-0.010330927653539747,0.18449919282454255,-0.1679065766708173,-0.30313901875110427,1.5471688654437374,-0.2373055635893322,-0.2640845795866209,-0.21378716361150937,-0.08161470790126334,-0.38567699213638124,0.4051195813122669,0.7636723441318449,-0.699867323752661,-0.2337788167265123,-0.6298797538843166,2.1411963497982924,-0.1647941659639899,0.1256407004298909,-0.2371324184420467,-0.4809179761444096,-0.8876596876691598,0.41535060976512134,-0.5073430925064926,0.6251061399152151,-0.1828450697518032,-0.5929337107475599,-0.3653640355600492,0.19025570822110568,-0.195155801943813,-0.2249351433488183,0.7190200274524491,-0.3818502562870161,-0.0865216196674555,-0.08518817073363151,-0.5364294186165275,0.006208545093968078,-0.767463376022066,-0.010101507096205378,0.9017512269204501,0.5840360950881709,-0.3051620367552048,0.027717520738732196,0.7234367315093134,-0.04975579994199892,0.6692926299443573,0.9689914728563808,-0.7042215355700986,-0.17457821463401568,-0.4095635038810471,0.33347406366637194,-0.6515073720380297,-0.4484142439010866,1.063594333784263,0.6101847902529228,-0.4247307028827006,2.1414952647691035,-0.3464871589504336,0.2664811404469107,0.16387615871712088,0.005845926566410434,-0.03785460629277715,-0.36157054526671245,-0.0773987462071651,-0.13137019053872176
106,2.1692297780219594,-0.821688662720448,-1.3674561308569968,2.490583358596158,-1.143969563716892,-1.371964215489359,-1.0754397248976328,-0.7489882374022167,-0.48673547704573156,-0.050897022589098354,-1.1746797649015812,0.9203516226054187,-0.7893178043618433,-1.9068695009990801,-0.5847960203510258,2.0987801626919835,2.1383743932419543,-0.48416087524402146,-0.5954117385666221,-1.029282227764228,-1.1181771553110706,-1.3545110834716878,2.2864874637416914,-0.255729677123232,-0.5705119048866772,0.04664439996745669,-1.5656557006131833,-2.044324923722078,2.5137904970191998,-0.46654324077427745,1.9746325126244597,-1.2491814854065115,-0.7080835492619764,-0.7130289828880493,-0.8603720518583783,-0.24690738468714196,-0.8876596876691598,-2.4076045068658862,-0.8290094252667496,-1.4225179616022876,-0.40452963689024063,1.4678954353564062,2.2371486313768503,-1.0324395228732115,-0.27811597507457203,0.24951447874710203,-1.1564297094429892,-0.6374847802840932,-0.7519352785533228,-0.3519363129536898,1.7044460275536266,-0.47739219404609173,-0.767463376022066,0.0215775445274194,-1.371890242308473,-1.9542970409359557,-0.546919899003979,-0.734728351688932,-1.438108455472463,2.2388143999729477,-0.7754339669692835,-1.1510798965559756,1.4221683858667387,-0.494459069895749,0.31466021181555925,-1.952134888829185,1.4481020176816342,-0.7948732948407772,-1.8333654485652786,-0.751218189331942,2.5603429919646077,-0.9464118477116594,1.5723074253891078,-0.5994093934017246,0.6848212055685418,0.018720246832249595,-1.1508431442511995,0.5752230153304774,1.3031559685096505,1.024126605083383
107,-0.5350674237929216,-0.21875390356017063,0.7211108781992727,-0.5876327617080365,0.8963187097798562,-0.23815388376082125,-0.07872452683633555,-0.0716470366422748,-0.29130107989235626,-0.050896812840635366,0.9362076408192307,-0.17636652859118687,0.010764716880986855,0.6068840985505731,0.29164471518288904,-0.3322384035061609,-0.6810872330981049,-0.1715773497068494,-0.09382504914659535,0.7860757947685812,1.3587637574666567,0.7293557285415577,-0.6407393607219407,0.2768518158076122,-0.16780315896134432,-0.05019293878910086,-0.48451891219511306,0.3796742388774735,-0.5358748413744705,0.014465624516672979,-0.6472914947936108,0.37819987549179435,0.16506010246693026,-0.07715820270885432,-0.14204166191295484,0.400586475047466,0.7522278445555826,0.41535060976512134,0.39587064019528323,0.6251061399152151,0.2637441631236488,-0.2832150087880228,-0.7631557759932166,-0.03205251561422475,-0.12770040621865508,-0.43977568929437455,0.1177876212766073,-0.01262451531996214,-0.1414844241669867,-0.3508307325312771,-0.6193831832121378,0.2554742884878525,0.8913292485068004,-0.002141387226925333,-0.8415368967697915,-0.5590602241533014,-0.053862109053558024,0.027717520738732196,0.7234367315093134,-0.3354806154252225,-0.1975433282038271,0.6385767233284615,-0.546132088796608,0.40314482582344896,-0.16421669401718528,-0.31935622880523357,-0.6032579816290232,0.27152435393512603,0.5733396013866521,0.2493417418625854,-0.47681448097970064,-0.41819897012327145,-0.5165068610266662,0.2664811404469107,-0.09751914019943109,-0.0013617098103861026,0.12632719943636062,-0.29430436652358655,-0.5120178230624505,-0.17214942475608064
108,-0.41512930852519786,-0.41507490703982314,-0.9816707945156858,0.17219075866538797,-0.08313020686278069,-0.5251058812970562,-0.6184820593788516,-0.38355400713583987,-0.37344123330606394,-0.050896966578788186,-0.07445785083658008,-0.07676327628897867,2.4110122806094787,0.26182515519214344,-0.2864852403951802,0.09591748413273496,0.9124735307057613,-0.23706158365862676,-0.2717008576068661,-0.30313901875110427,1.4860411681863686,-0.5944690618051106,-0.05778246964608495,-0.23229680243415213,-0.6368506647676757,-0.19402194230976205,-0.15944976540208586,0.7590363845421262,-0.6904128458165625,-0.32493253005280187,-0.3056420405632695,0.7850452157163709,2.0859761362705265,-0.24521933477832808,0.8140663471492432,0.5977864062730399,-0.8876596876691598,0.41535060976512134,-1.0981129267285334,0.6251061399152151,-0.261057453819631,0.27332820402982627,-0.47407980666838423,0.03741880433431615,-0.2340080588925348,0.8303255351419191,-0.42118215591712826,-0.31487005207881263,1.744426805223175,-0.5381615066486488,-0.22972996191950462,-0.18317607981292394,-0.767463376022066,0.057165736027331174,0.032781040050863394,0.3493395746876471,-0.4499031543085071,0.027717520738732196,0.7234367315093134,0.5114520907638662,-0.7754339669692835,0.08966863296240715,-0.20971539965153746,-0.1837980404281705,0.10632106291924494,-0.6976132638623258,-0.47763822474290635,-0.5595109800629213,0.9824794598784848,0.40734913431181324,-0.4832188416900388,0.961318329714193,-0.039213520715704143,0.2664811404469107,1.2200557245260648,0.042825228493074435,0.5341323368343819,1.0593994672872418,0.8638885592815653,-0.6325745349930344
119,-0.32523349259310574,0.06530070503465177,0.07215171777390383,-0.10738315431586912,-0.1608739067837696,-0.19791061581366645,-0.42761545234684045,-0.7489882374022167,-0.2045148923550989,-0.05089692887052324,-0.19462117388358588,-0.12190015478375034,0.3307977253781192,-0.15987679478092065,-0.29834933102292294,-0.07680288858075994,0.3618445303745471,-0.48416087524402146,-0.3724520471443589,-1.029282227764228,0.32875260966025976,-0.5621095024978735,-0.1843558668799282,-0.255729677123232,-0.4711125093551066,-0.34722710967382786,0.3491554982995699,0.2264372787988532,-0.5956317211217365,-0.3022565493364659,-0.25402054918734257,-1.2491814854065115,-0.7080835492619764,0.30745342384216984,0.004532152140279212,-0.64659050580105,0.7522278445555826,0.41535060976512134,-0.8936501389698758,-1.4225179616022876,-0.2847594898693116,-0.29447448089033523,-0.2598204202842619,-0.11541809955247359,-0.16472891445337726,0.48552669973554363,-1.1564297094429892,-0.6374847802840932,0.3439058430694978,-0.3176926716763785,-0.3091516711399795,-0.47739219404609173,-0.767463376022066,0.006791755366444283,1.1615002247944588,0.29310602093925897,-0.40301640957018486,-0.35350541547509995,-1.438108455472463,0.24542977055064455,-0.7754339669692835,0.6252560273466098,0.06970354673271598,-0.322209023048326,-0.4461760096387749,0.6609547072439607,-0.6009922517275071,-0.5320133800825234,0.20710187639396963,-0.751218189331942,-0.326884861708521,-0.9464118477116594,0.08850285520062998,-0.5994093934017246,0.19391949932467759,0.018720246832249595,-0.3706255805220814,0.6192725670827407,0.21681783233904917,-0.378094604489259
123,-0.799309514061147,1.9465327588044299,1.8756985135161286,-0.8027248361355817,1.297681449741226,0.25759651848673887,0.8635716036948912,2.9828193450363014,0.056571064389634024,-0.05089683571125681,0.9699013913956008,-0.6863167096526203,1.090241134430837,1.1945422136329702,0.4538269182402272,-0.6388189385068367,-0.7062274008772785,-0.03979586249828344,-0.021802587364124687,1.875290608288267,1.3667056680218073,0.566626515020918,-0.8229125357234682,-0.005319656230958537,-0.08800650122790803,-0.4472896145543536,0.07401155815129715,1.214217804599118,-1.0512291184817437,-0.20752695226727869,-0.7220687210044893,0.10696964867541008,1.7533499832309416,1.078444811193721,0.9161239157419878,-1.0791471026770898,1.29885702196383,0.41535060976512134,0.1431903784058078,0.9176238687034297,-0.08821582726473466,-0.9540409847524485,-0.7663278091148108,-0.11541809955247359,-0.10394942955590353,-0.42971816482158903,-0.1559207165524432,0.22001540566545547,0.7532560517595315,-0.022112577031676867,-0.6769858165269249,-0.24675962131190018,1.8866048232241204,-0.013424986543524524,0.4447079629260436,-0.12337637114025328,1.1160272926463861,1.2984606414515059,0.4532435831365913,-0.5730752249986696,-0.48648864758655525,2.119212054489516,-0.8381673573928905,-0.06740774542063017,-0.6532950254981577,-0.03220735648163791,-0.7499997535630534,0.31690691123528053,0.9272668146148768,-0.25668931277289503,-0.65163358981788,0.11095171787520536,-0.7396028401541128,-0.3829367599395658,-0.41902788149925796,-0.016842196803709533,1.161251707313451,0.05196764705225902,-0.6535357531362243,-0.570471629887496
131,0.10198409981142076,-0.4468072366904431,-0.48340623519635845,-0.14120907684339956,-0.355180257918263,0.042674138218237824,-0.6602664217222269,-0.7489882374022167,0.11419486564166133,-0.050896988989202634,-0.6966932543763134,-0.22061676227234445,-0.4670623444168145,-0.8801817077146038,-0.24099719986397125,0.5856837437361223,0.19728007796318944,-0.48416087524402146,-0.4473566014236233,-1.029282227764228,-0.03244584395104944,-0.6067163857288409,-0.20635869932267834,-0.255729677123232,-0.5038702333821273,-0.19933075692059005,0.7995705208196844,-0.7476774903773553,-0.14337462933282819,0.08236778316737679,-0.4706859641895471,-1.2491814854065115,-0.7080835492619764,-0.06607663974702895,-0.43294517847514746,-0.4137793234230761,-0.34103051026091236,0.41535060976512134,-0.6782997642825829,-1.4225179616022876,-0.22375776051543517,-0.2979231698964562,-0.051933187455534505,0.34309261210789543,0.184842344640589,0.44077025771402295,-1.1564297094429892,-0.6374847802840932,-0.2897873820109363,-0.3983915033304157,-0.15968262616990478,-0.47739219404609173,-0.767463376022066,-0.0009719026346342017,0.5439126291026379,-0.0302369131139701,-0.41131607843726264,-0.6450288372856774,-1.438108455472463,0.2835646461793074,-0.7754339669692835,0.219600036579008,0.6680311268148824,-0.34260745956805544,-0.3225321037143602,0.47719094106253823,-0.5147883484283866,-0.02779797495621401,-0.7787418873503928,-0.751218189331942,0.28305586307003283,-0.9464118477116594,0.9613169877373671,-0.5994093934017246,0.6539210175086033,0.018720246832249595,-0.06702404069454944,0.31827434259821463,-0.06800721753562569,0.012379742169131801
135,-0.627554933235858,0.33666481090898204,1.5290804288645679,-0.8419645818559425,1.105986596493549,0.5912073774109794,0.45034507743498714,0.22698866658156713,0.2836713906668432,-0.05089687534417231,0.8490326924740551,-0.6098884043468991,0.35288754582994125,0.3095140198510074,1.0525797612674483,-0.2957747310426566,-1.0110400777113264,0.6360313190551204,0.061617875335414116,0.7860757947685812,1.5405508299342832,1.2915347720410841,-0.8429617407484263,0.5051861446770969,0.27350693339095733,-0.2905830769824572,0.019683929330231328,0.11702717459713073,-0.5409115905406107,0.5308541844140501,-0.7611202551749708,0.9206603291245631,0.22679753238715608,0.11990049151296571,0.9494523668826511,-0.742946063691276,-0.2629406277740199,0.41535060976512134,1.232104948392111,1.9901888742602172,1.267593882486433,-0.8996418634972425,-0.7426205419013412,0.526496896772043,0.19683800810687288,-0.7006503960109863,2.743671614699472,-0.023605304474808894,0.43062840448722345,-0.10628343104638141,-0.6773967369382274,1.8250889710046063,-0.2935226261566756,0.0068835826554174565,-0.48507927379144994,-0.5048010146117542,0.13078872228979813,-0.4136985106667577,-0.14118134328339724,-0.42257468702068285,0.1491910550554467,1.1313352822284812,-0.24872421848920215,0.29285934114470774,-0.5069855848468569,-0.04962102819034912,-0.670707014205042,1.68644225351122,0.16368767799057712,0.6799464360081122,-0.22000953207386523,0.39181824811116545,-0.22008848103281858,0.9591935675258189,-1.7081977636736667,0.00938961460948835,1.0567250795574454,-0.45028851368125333,-0.857006114517828,-0.5689059843647063
144,-0.4051055600732037,-0.2828895592327881,0.14995223439053698,-0.27801289053525935,-0.14705817015225123,0.08116769886334256,-0.07338836502904938,-0.2042265636687446,-0.25129188519446255,-0.05089678470297052,-0.1251338484763859,-0.3545956070011366,0.6923164942359904,0.18157660140662887,-0.3703811580642051,-0.20609368208975723,-0.12961652428932915,-0.14181959449632417,-0.2873041852683297,0.05993258575545758,0.05376377474312555,-0.03827406132057541,-0.5386173990385129,-0.12823264385663843,-0.6368506647676757,-0.16811797405736176,0.27417288924139976,0.4446434775176225,-0.8220209513746791,-0.07653461546266756,-0.3795542457379459,0.5590200267027171,0.7471558702862013,-0.2481121874961603,0.4680383097595452,0.18264943969276135,1.29885702196383,0.41535060976512134,-0.4958396760477659,0.6251061399152151,-0.43251363352705186,-0.3107748771544711,-0.5980461745393811,-0.11541809955247359,-0.1665934498798306,-0.24721652180866377,0.021035358675007478,-0.2920375140246372,0.6447413183223997,-0.5381615066486488,-0.38121394354231386,0.06280622113494186,1.2230877734125738,-0.018945458396480156,0.02779356472239334,0.4684058367121807,-0.3768131692898394,-0.29904499601598106,0.7234367315093134,0.142529861825459,-0.7754339669692835,0.5802347444287567,-0.36850067146434373,-0.07876839799847651,-0.25338700312489276,0.7164273145237923,-0.5931156256951892,-0.15606043000269515,0.4559393550475351,-0.08018582295378289,-0.38950104421156534,0.3208925012660322,-0.06462179746084201,-0.3107792154521795,0.5528906869853242,-0.012158170313930567,0.09205757001640699,0.5205379233847757,-0.10482698557240665,-0.48388287282114284
149,-0.6816153016257633,2.9331747648770747,-0.5730622101231113,-0.525949916833202,0.3301328206095605,-0.015066202749419185,0.05416303182315469,1.2757671092868872,-0.051982065462598114,-0.05089680140915267,0.8861185307917205,-0.29936818561597434,0.9145616390256655,0.7446332021086667,-0.23627848957715625,-0.2572171795367898,0.21610593738383568,0.46405376012065597,-0.13017828583278523,-0.30313901875110427,1.275064726689724,-0.5798601055848427,-0.34382228968772494,-0.2406844638527709,-0.5125926597889413,-0.46029709759520315,0.669185078770762,0.6973366968343062,-0.8013998626948551,-0.37211141120957475,-0.5669404113605931,2.1411963497982924,0.18446329472757267,1.8789561345227133,0.29415432599410823,-1.2380510684933304,-0.8876596876691598,0.41535060976512134,-0.7532443856633113,0.6251061399152151,-0.5844798366574688,-0.7734106716026948,-0.3051408276551522,-0.11541809955247359,-0.18547187107267085,-0.04114905592845358,0.5714579732046816,-0.3592899353149052,0.41630216212122334,-0.2581704282468011,-0.5845442903307929,-0.28119682285626135,-0.767463376022066,0.10621613207580524,1.9770224795610805,0.46397979811405643,-0.2690852914982179,0.027717520738732196,0.7234367315093134,-0.11635330387190226,-0.48648864758655525,1.0375614291697852,-0.7616298813839666,-0.2772857846721572,-0.6677073248933096,-0.7236619041760964,-0.6599212247647817,-0.650988537986425,1.136935087767799,0.17413851498988434,-0.4631149915580681,3.601856449156347,-0.2970186696105626,-0.5994093934017246,1.2117297197198136,0.053117245072359924,1.8263303975461718,0.34608909824646894,-0.008860568880804238,-0.453682348403552
169,-0.6096277068031626,0.6919069838899414,0.7888643662361787,-0.5359993532581234,0.11659658881207542,0.2832588922501421,0.2529492152164917,0.4752883324225618,-0.054488278961232636,-0.05089692687383774,0.39885122037862836,-0.4002050414762451,-0.19666408492270981,0.6122094339993418,-0.2831016483692679,-0.3858911644910818,-0.20404814085321749,0.1443381135300209,-0.06017624440390767,0.05993258575545758,0.42093092933860843,0.0044439651912492216,-0.0009263130556483634,-0.19983438305716694,0.10695658936668988,-0.40074455040967005,0.492498796419835,0.003417764891717725,0.006876794567966539,-0.2331447976829882,-0.40906853676247373,1.0110704047300245,-0.24240693500655952,0.3318072582803929,-0.21914723193188665,-0.8849516418822239,1.8454861993720775,0.41535060976512134,0.41682310262132755,0.6251061399152151,-0.39232288747307364,-0.6552964436969289,0.09216442359350414,-0.11541809955247359,-0.15211999363198642,-0.8104426465791288,1.0696366512705733,-0.1574040129436492,-0.3853818691336558,0.25189464285279556,-0.22505495476257092,-0.15411352562459651,1.2230877734125738,-0.03350385230991073,1.2091833221087587,0.561840813294637,-0.14483541794166394,0.027717520738732196,0.7234367315093134,-0.26737505917353055,0.572977523483448,0.39628194793586957,-0.8525743207866214,-0.21267927571940456,-0.43148272285068706,0.7537433736111798,-0.5569639283906437,-0.04872642080368701,0.6629509596295414,-0.09640499771320919,-0.371367963574459,1.3905486406403917,-0.6003956809546412,-0.3107792154521795,0.49597752416729163,-0.014857251888295802,-0.5007881074722245,-0.22877940879110756,-0.2700342877955641,-0.10113541402945965
173,-0.47526944030561447,-0.23345484533254487,0.326296759021432,-0.2618064146615757,-0.045549736645477526,-0.12092349452345696,-0.44490489280929857,-0.3524926025324965,-0.24754901320126504,-0.05089693442910769,-0.06874343104938346,-0.3932814795579437,0.2774588906285969,0.4041447040317463,-0.15587030054651352,-0.3476738121701803,0.14540949888955135,0.03751439987933142,-0.3033025066768178,-0.30313901875110427,1.4877679531300856,-0.33845725635817053,-0.28302334066079915,-0.20015997879480976,-0.5442604500090554,-0.23140489703025793,0.2511982315676088,0.7286353583363662,-0.7162449312522071,-0.16234820588853574,-0.3279754468058254,1.4631207827573316,-0.00956862787885107,-0.20545616112409285,-0.2985803975804545,0.3147550940256896,1.29885702196383,0.41535060976512134,-0.7780294453391021,0.6251061399152151,-0.2496001439570991,-0.26757781058028296,-0.4782576072245755,0.34309261210789543,-0.196921283925736,0.5081451927815641,0.2156049395917042,-0.4191447135871269,0.02855675225343762,-0.48333254147498905,-0.21619521352666868,0.15461565816457526,0.5595707236010271,-0.027190220046168993,0.13213969348711183,0.4404767135212406,-0.2109109971006699,0.2818661448812869,0.7234367315093134,-0.19864670384252103,-0.48648864758655525,0.9111931918023076,-0.3010275836493014,-0.10760805826304504,-0.15127716493374138,0.6584301315819693,-0.6440373892463437,-0.4670660987493984,0.7381824130271993,0.6874897918429697,-0.5429263045189744,1.0962605784304598,-0.45066793948155903,0.2664811404469107,0.5824093970973834,-0.006053688449528192,-0.2994946634316793,0.32068031664926483,0.11375498352284702,-0.14097497531309594
177,-0.6751847655612266,0.25716630938177215,1.0507334429547481,-0.5609826956354574,0.33086506711165536,0.06192091854079009,-0.17175229449773924,-0.16723142648572703,-0.09627379255997445,-0.050896718848618884,0.4513749073741632,-0.4983552932248191,0.6076516771732571,0.6211444741304509,0.03769255642847106,-0.44471937404040146,0.13137210601355295,0.36745172609319054,-0.22667346726624482,-0.30313901875110427,2.0596593580178713,-0.44341035175186216,-0.2726771590825994,-0.18973848392358927,-0.3882112068184385,-0.39274052190761455,0.6295904886848056,0.8221904000850365,-0.7435292203711356,-0.11688362845710124,-0.6649544421030557,2.1411963497982924,0.023693987425107265,0.0317054356744829,-0.00034303386567294437,-0.34164671291236903,1.8454861993720775,0.41535060976512134,-0.7445662254629265,0.6251061399152151,-0.359660438926579,-0.7737568582090804,-0.2468090082204562,0.34309261210789543,-0.16655848984058458,0.07532603797358814,0.5546717456375498,-0.4169909924538742,0.23025061519368115,-0.37726629812631407,-0.4258360453178317,0.2490746947655481,0.5595707236010271,-0.12133108527229308,0.7375401654488771,0.4363170568757816,-0.2678914160534921,-0.09935679133254516,0.7234367315093134,-0.11832002055710525,-0.1975433282038271,1.6928723925786897,-0.36303495125518,-0.14967671772101326,-0.39632921339586885,0.5692273786322861,-0.7218728698796717,-0.4334691508202287,0.9601314844146398,0.6732380317732966,-0.3918781653134495,1.9184748318958214,-0.163872589032564,-0.16646412647740694,0.7191356420699456,-0.03935761138941724,-0.06333995721465199,-0.18550960254902366,-0.08666421409117009,-0.327336864901797
185,-0.5142114212664164,0.18493033210988044,0.16154408340800738,-0.33324748950125593,-0.006822580009906458,-0.053559763394523924,-0.24882309390707322,0.06521868296729244,-0.17431096103079033,-0.05089695546630854,-0.6724528838267162,-0.9434322923692735,0.018846358509702225,0.4479917792591444,-0.27808132228649385,-0.2193122607865699,0.12418058038291581,-0.02988727149650904,-0.25112589901461274,0.05993258575545758,1.4446536807780126,-0.3668233171767647,-0.24257711921821729,-0.1897908123972956,-0.25343193601342257,-0.32858802914554447,0.3760064539317466,0.2665036468537285,-0.5756508190896078,-0.20226591795479623,-0.4509404976532558,1.0110704047300245,-0.07306998436822615,-0.018159115098316803,-0.3645510680903141,-0.1757202172338796,0.4789132558514589,0.41535060976512134,-0.32098602068816995,0.6251061399152151,-0.4111365379142875,-0.30855093149634005,-0.40809202184504134,0.19025570822110568,-0.20316165093114708,-0.523241792481707,0.2504798296533924,-0.3286767661684783,-0.3344788172392038,-0.2379169376123147,1.256310593195074,-0.11134338976309484,0.22781219869525382,0.014412932390231977,0.652911602096316,0.47929310129953057,-0.3815266515651205,-0.09935679133254516,0.7234367315093134,0.15933027348846202,-0.0049131152820084,1.1435215719653824,-0.4861436389472445,-0.1352662038159143,-0.3214678515838771,0.3993101330009924,-0.6720516384771478,-0.5216932385562835,1.214085751049178,-0.017420495778251423,-0.350311792421689,0.886888052124685,-0.30801170436938785,-0.3107792154521795,-1.91635757229235,0.014352714985152825,-0.13310394499505665,-0.4542175155915749,0.03344871263872128,0.015098302346941286
200,-0.06812221231725415,-0.5572126050894575,-0.345876334348948,0.38174250018527456,-0.3579260515828558,-0.39037841903918974,-0.6427441817357429,-0.7489882374022167,-0.3562782085934903,-0.050896996946562,-0.5278454329634732,0.14460885953948077,-0.4692847958647113,-0.45933259219523154,-0.5219757031815705,0.1494557789953243,0.6196315071082283,-0.48416087524402146,-0.4516533202860186,-1.029282227764228,-0.1123661515190132,-0.38501813570112176,0.43474377183096974,-0.255729677123232,-0.5705919030407002,-0.04032039253310796,-0.1068544970040361,-0.45401984969084747,0.1490949221173473,-0.2955395598944548,0.5098801557854359,-1.2491814854065115,-0.7080835492619764,-0.25660891694598786,-0.6442094126654174,0.037597266069927394,-0.34103051026091236,0.41535060976512134,-0.42593522803179057,-1.4225179616022876,-0.46465770521689564,0.4907378531120355,0.1064263206040395,-0.26825500343926323,-0.17201225596296066,0.15820690205256538,-1.1564297094429892,-0.6374847802840932,-0.5032083812795257,-0.4888581577949261,0.17265075938303004,-0.47739219404609173,-0.767463376022066,0.008331855492599044,-0.020680474403164395,0.2514577817313082,-0.4561113066210813,-0.42975000271786634,-1.438108455472463,0.5585035678879328,-0.7754339669692835,0.26379511375865067,-0.0302866181399204,-0.2791573765508383,0.40304563967086543,0.6912323127935761,-0.526148661863013,0.0694442762143151,-0.2150637770458769,-0.751218189331942,-0.18287280166520073,-0.9464118477116594,-0.18894093119392816,-0.5994093934017246,0.48084936455272836,0.018720246832249595,-0.8897009837873825,-0.3330400678317892,0.5452043604298275,0.3426672546246204
210,-0.33669047335462254,-0.46472819369916685,-0.48689775651626915,-0.14398844153939075,-0.12361814692130885,-0.22678078629749496,-0.42761545234684045,-0.7489882374022167,-0.295448174191898,-0.050896945768909234,0.055335830952964675,0.11220855316417482,-0.45987206032067796,-0.15987679478092065,-0.3850400722068187,0.16457066869881243,0.47698116318609735,-0.48416087524402146,-0.30077455511727824,-1.029282227764228,0.41153273652529565,-0.46839256066683316,0.4189157616551998,-0.255729677123232,-0.3788221191734513,-0.1088002092900997,0.21050670907626445,-0.6116343645599738,0.27629851416492107,-0.10257037272448888,-0.39285208880677086,-1.2491814854065115,-0.7080835492619764,-0.3023455048478015,-0.6551238774033604,0.5110953886849122,0.7522278445555826,0.41535060976512134,-0.1808924162985603,-1.4225179616022876,-0.4289405062113351,-0.33742064010695244,0.4242507224938999,-0.11541809955247359,-0.16024237608347383,-0.20179727663564506,-1.1564297094429892,-0.6374847802840932,-0.5975039427490337,-0.4050731152926332,-0.18812495755969036,-0.47739219404609173,-0.767463376022066,0.07269928351612773,-0.17820277118727423,0.2378420112210164,-0.4260256454139911,-0.4079658349342189,-1.438108455472463,0.3594145788431249,-0.7754339669692835,0.17763767174476774,-0.5256834650532983,-0.12888882039701038,0.4015004643352578,-0.07814889710223659,-0.5034346802443649,-0.2384496207269079,0.20710187639396963,-0.751218189331942,-0.03949848372268163,-0.9464118477116594,-0.20530142532406234,-0.5994093934017246,1.115100993659169,0.018720246832249595,-0.42664326935197416,-0.3223664522849931,0.25903895737929195,0.42421181276797604
214,-0.5698088848963219,0.3954487864224207,0.33566593074361134,-0.2670393235112288,0.07849199662843338,-0.236404176458771,-0.18623215043539695,0.07141628773132559,-0.25632102317703886,-0.050896928574666496,0.1081848768611556,-0.35744651539143785,-0.17511304057946864,0.613028846383131,-0.4190646788281487,-0.24606453429426833,0.427680012251792,0.018382294140804768,-0.29928850847356175,-0.30313901875110427,0.7828930790512867,-0.5357890315862669,0.06408948601279627,-0.23407562644293048,-0.5338044745798025,-0.39444739697702097,0.25994343903230893,0.2340463676607104,-0.41798813056833534,-0.33697623636748814,-0.25032819809183354,1.4631207827573316,-0.30590829149593457,0.3372096658849081,-0.5284428523238947,-0.6051384514772467,1.29885702196383,0.41535060976512134,-0.4448925280897108,0.6251061399152151,-0.5844798366574688,-0.3896544741676015,-0.10151753595395209,-0.26825500343926323,-0.21365840271475872,-0.3293107594302162,0.6636124159190928,-0.4161444091128368,-0.4511186324697428,-0.42471276426428456,-0.13425899734077262,-0.2081985689651875,0.5595707236010271,0.11038550467653098,1.1970273001873695,0.4911353890962969,-0.13396029798152526,0.7901633931663964,0.7234367315093134,-0.2768743560230213,-0.48648864758655525,1.143253421014211,-0.7869026990157983,-0.26796853738021004,-0.38974433365187355,0.40254335550791187,-0.6720221863672474,-0.6490322719112808,1.010922337741553,-0.03747852846890288,-0.5726803633871352,2.5425193924190697,-0.6869861899285152,-0.5994093934017246,1.0979918245472091,0.06383452829415469,-0.47942026312068925,-0.08271180570944763,0.2735897405852468,0.1793340941751709
216,-0.5294286757002028,0.28907408973459725,-0.9469561517368332,-0.21341953201905023,0.04129346436106709,-0.2652743469425995,-0.21656459767451375,-0.7489882374022167,-0.27692368636840176,-0.05089688233576724,0.29073885861963955,-0.2000626897353066,-0.2074396070943305,0.5287664577101134,-0.3179022735107121,-0.17752180845549695,0.45094104425300774,-0.48416087524402146,-0.24491346046420256,-1.029282227764228,0.7929527720759267,-0.5161180380616208,0.22486490544573504,-0.255729677123232,-0.5369400881279701,-0.3798918349098793,0.19475327119982908,0.05489904743950637,-0.19302254662189175,-0.3337712516480939,-0.4715414867542235,-1.2491814854065115,-0.7080835492619764,0.24542149702055546,-0.572808367120912,-0.5460284993707769,-0.8876596876691598,0.41535060976512134,-0.40465442697984166,-1.4225179616022876,-0.4038018714435131,-0.3557275681738588,0.0752218382847138,-0.11541809955247359,-0.21553750482423123,-0.5081066828248694,-1.1564297094429892,-0.6374847802840932,-0.4914038698586037,-0.43462789387372214,-0.1470738349372217,-0.47739219404609173,-0.767463376022066,0.0836848099094035,1.0804165325274169,0.42896337816327346,-0.3810925150397656,0.027717520738732196,-1.438108455472463,0.15775446304432564,-0.7754339669692835,0.6723590061670099,-0.8849297181518325,-0.2571985818691929,-0.30055777647662624,-0.7948980768097171,-0.6088771500694785,-0.5860260291816655,1.0998063310636417,-0.751218189331942,-0.36490332435783446,-0.9464118477116594,-0.44464087007797726,-0.5994093934017246,1.173561702243068,0.018720246832249595,0.5064873177077426,0.11709899341518007,0.31876043279853,0.2934022187540361
217,-0.6590730769261429,1.8055155494482735,0.9247630960718038,-0.46625908265603655,0.24622177443729037,-0.08242993387835243,0.12004312259751569,1.021863711677959,-0.14542224958420796,-0.050896841905573795,0.6643278545081005,-0.49846489858876813,0.18047919108401136,0.9597680224541376,-0.12375655947853785,-0.41026829338377646,0.22118263078005107,0.012117687729652871,-0.13893235286366803,0.05993258575545758,1.4921065920472079,-0.5194555769103353,-0.06013368059713573,-0.22480481315052506,-0.16811143999073333,-0.4370956435718047,0.4892830042300207,0.5963335076910814,-0.5150250588866964,-0.3382737591721203,-0.5433113534924685,1.4631207827573316,-0.07306998436822615,0.7982719271731084,-0.4003850558279278,-0.91592118138649,2.392115376780325,0.41535060976512134,-0.4594379359807615,0.6251061399152151,-0.16064658397755288,-0.6389057666849995,-0.17896774492202255,0.03741880433431615,-0.21804297430352793,-0.2700225194527529,0.19489693398553862,-0.2962845420192102,-0.34853180702601577,0.11485269278536583,-0.2065579923644277,-0.29972696773932533,1.2230877734125738,0.2052591087970824,1.5835506433780233,0.5141620598122313,-0.345666974570811,0.18020669522426502,0.7234367315093134,0.04633809239875093,-0.0049131152820084,1.420766662432414,-0.647414680776915,-0.19915515855398483,-0.5370846514092065,0.6162868055931245,-0.6995697737549974,-0.6799104623293378,1.8716936414923036,0.04803203194913767,-0.3730788136429959,1.729509005814641,-0.38979293271600457,-0.022149037502634437,1.0637155784758223,0.11203014580877152,-0.43054798870886474,-0.4813517417425465,0.0668383135393624,0.0023326434234913697
218,-0.610577515864299,0.5366550063658522,0.7459892827429728,-0.46338981724855605,0.10824058335882647,0.10041447918589483,0.058540557185987586,0.3497122851292445,-0.1691154666162703,-0.05089689414018368,0.43764349213882353,-0.37373204162407014,0.2774588906285969,0.8037874022161472,-0.31390506672565666,-0.438095036642109,-0.09743834397001573,-0.022332883636558876,-0.24553031157120878,0.05993258575545758,0.793544503987613,-0.12753440477922812,-0.20509071992110614,-0.2047317371291808,-0.4257430289017289,-0.3885653513907689,0.37241396813125943,0.602138127177714,-0.45911642236651184,-0.2648113371138439,-0.26715008326020706,1.0110704047300245,0.1301343563977739,0.22463669856485513,0.07350551054615356,-0.6995732865580037,0.4789132558514589,0.41535060976512134,-0.13299160688322748,1.6489181906739665,-0.39359665205261846,-0.5472532180393955,-0.2939089238198107,-0.11541809955247359,-0.1900166761746509,-0.5363738048050144,1.2144667050524245,-0.3236577905159905,-0.030184745055436262,-0.3355847066763852,-0.32036632680608823,-0.05826586871770998,0.22781219869525382,-0.04010351640951103,1.0570529580903547,0.5823210051313975,-0.06721180720821923,0.5360147690238417,0.0029216691820544848,-0.3269047986972248,-0.3901735411256459,1.3611607626083098,-0.6028480829525775,-0.19503075159828068,-0.4272759152583131,0.7315738043757503,-0.6941098635636216,-0.2706855452380235,0.9601314844146398,-0.13613717730138974,-0.5383491853792475,2.352415643707636,-0.6508171468736303,-0.3107792154521795,0.5418712461051464,-0.01888039265058987,-0.36894594713782475,-0.5893267260220858,-0.12251491335476167,-0.2975052073614808
245,-0.1905022315092892,-0.3721744772918757,-0.4994844649370642,0.31244334676494334,-0.20648434211096572,-0.5347292714583323,-0.4801383377037469,-0.7489882374022167,-0.3277158527657533,-0.05089699034638767,-0.5007479141448278,-0.03053678866524213,0.21819351868468362,-0.5735395503446671,-0.4478271336347709,0.3545338095932262,1.2249998277761585,-0.48416087524402146,-0.45385494826717315,-1.029282227764228,-0.34441398890462094,-0.8623192417885559,0.25417629292120925,-0.255729677123232,-0.6368506647676757,-0.297955232872495,0.06991884249034715,-0.13712925323279704,-0.3855729340272343,-0.346783939819062,-0.03508476196257819,-1.2491814854065115,-0.7080835492619764,0.06272098855723028,-0.10363556788431123,-0.33808126792431115,0.20559866714733513,0.41535060976512134,-1.0840208634669746,-1.4225179616022876,-0.2986649276535373,-0.06104690638781132,-0.0031163734675886258,-0.42109190732605295,-0.1828498681292208,0.7671843810770455,-1.1564297094429892,-0.6374847802840932,0.2939240427277363,-0.5381615066486488,-0.04361999634343395,-0.47739219404609173,-0.767463376022066,0.09485098838293786,0.8129967354013856,0.10626103570139041,-0.47226118536428113,-0.42975000271786634,-1.438108455472463,0.7001802232636571,-0.7754339669692835,0.6280100881225702,0.5237979119592014,-0.3613090470057188,-0.1764692455529376,0.07172305583089958,-0.6014630624730398,-0.512929068965683,0.0070560602214949355,-0.751218189331942,-0.2606368403620186,-0.9464118477116594,0.32022531767200246,-0.5994093934017246,0.9933080101906262,0.018720246832249595,-0.4681418306897836,1.0336328173538547,0.8905763985942817,-0.35838773889248815
248,-0.4956510637144748,-0.31790136744262165,-0.868391704405144,-0.2293172412998193,0.026125800266935284,-0.25565095678132344,-0.3119426069234957,-0.7489882374022167,-0.32209748501771424,-0.050896861626428334,0.42001007074299873,-0.09356639655296092,0.5619326759593809,0.44140040563581046,-0.40502711252905194,-0.05075535979482055,0.41604761071119706,-0.48416087524402146,-0.24183118290771108,-1.029282227764228,1.0856926846872719,-0.42099369896393235,-0.1242130784953262,-0.255729677123232,-0.5382186313964457,-0.19949484899821576,0.12383907230204594,0.42198884806983444,-0.5399982941930195,-0.17059713817121902,-0.21863870330202773,-1.2491814854065115,-0.7080835492619764,-0.2783230352285083,-0.031010972920676196,0.6050077885856303,-0.8876596876691598,0.41535060976512134,-0.692237354170526,-1.4225179616022876,-0.40611398497498846,-0.34127479767519014,-0.3408471400246651,-0.11541809955247359,-0.20920099771089365,0.06536492043648222,-1.1564297094429892,-0.6374847802840932,0.15943693046794605,-0.4912037574488861,-0.39729166614171985,-0.47739219404609173,-0.767463376022066,0.20395988076141763,-0.07983791599107884,0.35352800489787156,-0.3574863414735964,0.027717520738732196,-1.438108455472463,0.08009308846088724,-0.7754339669692835,0.6267079519804442,-0.5401159094493552,-0.04414023192210424,0.049851851585671215,-0.701014185274903,-0.60124061522291,-0.43285168124885276,1.010922337741553,-0.751218189331942,-0.44259389214075995,-0.9464118477116594,-0.2964476048953985,-0.5994093934017246,0.9935701256135384,0.018720246832249595,0.8772147080450182,0.44490328599093143,0.30344393371472134,-0.31651390126781276
251,-0.34623560078208937,-0.5241436239121752,-0.01310610620039852,-0.264026158517948,-0.2406542466599521,0.22551855128248507,-0.08607709613828725,-0.4481504440520317,-0.31362607184138214,-0.05089698053665061,-0.16975732268931013,-0.30435118795282323,-0.013480208005159413,0.2064895945331095,-0.30391480051760383,-0.5741259728844449,-0.42137589317841745,-0.23245516934158386,-0.2803757126104581,0.05993258575545758,-0.10331239186827762,0.5233638332535017,-0.4299513726712005,-0.06257570231924152,-0.40841844657643733,0.6885456546527291,0.06568577065369186,0.5426202667635709,-0.5770104335484143,0.08735497651172974,-0.5325220491069128,0.5590200267027171,0.05393272861052401,-0.4562845209317096,-0.25450211586857385,0.7968603791912338,1.29885702196383,0.41535060976512134,-0.1529711683196409,0.6251061399152151,-0.5844798366574688,0.23610007405365768,-0.6994506786162913,0.34309261210789543,-0.1591644415400555,-0.3811061338513037,0.15824438840772656,-0.2842693761994085,-0.04311349565930319,-0.454959456265735,-0.2005668204405715,0.2898086310906178,1.2230877734125738,0.00791728698902542,-0.8741175660512936,0.5476553990354087,-0.36099819586619897,-0.29904499601598106,0.7234367315093134,0.09072983777613403,-0.1975433282038271,0.3479589777330442,-0.4052955048001217,0.6744188736733769,0.361968804994925,0.7808563754404256,-0.5462474774911279,0.6159817430395504,0.2758816738645022,0.12125824698725801,-0.3162457441213415,-0.49571757358044627,-0.1544945877329574,-0.5994093934017246,-0.03710397926392865,0.008311168033550568,-0.254253351601034,-0.0008678163748513903,-0.22709745021260444,-0.1392989066778229
259,1.8273968598982253,-0.821688662720448,-1.1710161449406489,0.6642375181507241,-1.143969563716892,-1.371964215489359,-1.0754397248976328,-0.7489882374022167,-0.48673547704573156,-0.050897022589098354,-1.1746797649015812,0.5719462985304617,-0.7893178043618433,-1.7670939711117764,-0.5697469006611801,2.1288663607341536,1.0677545303337237,-0.48416087524402146,-0.5954117385666221,-1.029282227764228,-1.3252356844843751,-1.4439934053636554,1.0740042285918192,-0.255729677123232,-0.5992797962601959,-0.2177291181944605,-1.5656557006131833,-2.053714218165979,2.0943436222004577,-0.46654324077427745,0.5952474581638739,-1.2491814854065115,-0.7080835492619764,-0.7130289828880493,-0.6340734832254328,-1.35936473937409,-0.8876596876691598,-2.4076045068658862,-0.9795254502246705,-1.4225179616022876,-0.5165367989775639,-0.37833188262930006,3.08151955717126,-1.0324395228732115,-0.27811597507457203,0.8045050614627965,-1.1564297094429892,-0.6374847802840932,-0.6018989464176543,-0.0967030764067377,0.43916374938998287,-0.47739219404609173,-0.767463376022066,0.0215775445274194,-1.371890242308473,-1.9542970409359557,-0.3907839745322456,-0.734728351688932,-1.438108455472463,0.1943895569425228,-0.7754339669692835,-1.1552444536965794,1.1772280600748553,-0.494459069895749,-0.651973295783944,-1.952134888829185,1.4809175605966123,-0.8458510810853446,-1.8333654485652786,-0.751218189331942,2.6675331188614533,-0.9464118477116594,2.135732969435997,-0.5994093934017246,0.6341618035751055,0.018720246832249595,-0.7441402618009175,1.4471790633420218,0.11375498352284702,0.21812739571728534
263,-0.6123842853993055,0.21699869656388854,0.8779559769077959,-0.5417450241313261,0.1293440764125846,0.27363550208886583,-0.3121767087818925,-0.18889122593914826,-0.016864988198542635,-0.050896828115150484,-0.6644845903327987,-0.9710255231733835,1.8776239331142581,0.5765455146760448,-0.08902308176816481,-0.4311473750149723,-0.1940592877185645,0.5406455147241553,-0.2853729861522683,-0.30313901875110427,2.1465806908218936,-0.15909331944982888,-0.5217183876344252,-0.17945076712045585,-0.4221852326823831,-0.3577023176643327,0.631201282527046,1.0813223286066995,-0.8529120343755131,-0.0462584212134303,-0.4145681773470464,2.1411963497982924,0.6889462935042747,0.003977701594820922,1.381397798555861,-0.2613889700294151,-0.20437321590885046,0.41535060976512134,-0.6453853695209953,0.6251061399152151,-0.3903796984368097,-0.6634594004612767,-0.4915674080080249,0.49592951599468516,-0.15166551312178841,-0.09012711481351784,0.7140655962967659,-0.45209144247591004,1.6671353613957094,-0.3832567014773638,0.5756792150329705,0.39580846890085336,-0.43570485111629276,0.015890141552197177,0.6781887306104567,0.547212104839808,-0.14314228549278005,0.027717520738732196,0.7234367315093134,-0.2688828179200029,-0.1975433282038271,1.7774484757866953,-0.07459806152727466,-0.1396949913685888,-0.4578429241854404,0.8088555553791564,-0.7280415220290942,-0.4717623489261172,0.6629509596295414,0.6310585802539597,-0.5061652271911674,1.8378677000089927,-0.34495287182841095,-0.16646412647740694,-3.0736882984247487,0.01640889457796392,0.1585810939336756,0.18287256193166498,-0.2630873920462702,-0.6699486242950298
265,-0.5431048092320926,1.4891486507915992,0.431276001107854,-0.3375697306012222,0.09617585462750876,-0.1594170551685617,-0.4704108209880134,0.8086184159694259,-0.10072776375044497,-0.050896856135853215,-0.22840759951938228,-0.5985275123185508,0.1250622199156768,0.3265530781117268,-0.11549870156397316,-0.2016120547756945,0.38333507057186533,0.35773743620891396,-0.32319544549257956,-0.30313901875110427,2.078287569739198,-0.6811895193490064,0.030398615664850616,-0.2378971020446594,-0.2187033306192304,-0.43116793413558274,0.5505536814095674,0.4964927826307341,-0.3997686587542892,-0.35609466172486776,-0.6094192922397614,1.4631207827573316,-0.10935647379072617,1.280936989801489,-0.41294486582769624,-1.0306183303561716,0.20559866714733513,0.41535060976512134,-0.898828343141745,0.6251061399152151,-0.20639169006400482,-0.5382697467690947,-0.010256236981940677,0.34309261210789543,-0.18660807234816587,0.03992560847015408,0.25613300249934734,-0.43401389646002775,-0.1414844241669867,0.323406222640837,0.11163068324764094,-0.24791977924827416,-0.10394632621051948,-0.014268001762585336,1.8049935502593055,0.36679136723024997,-0.3869533581320559,-0.22643110340382258,0.7234367315093134,0.17953586585951592,0.3803473105616292,1.4129076360399295,-0.18801109712604838,-0.31131245825399506,-0.5833405256296882,0.45954198016038317,-0.6988628495649332,-0.8519088720548298,0.8106203809593782,0.6106166617701857,-0.2748086981001783,3.3682183133584656,-0.002854991881198419,0.2664811404469107,0.4108725084458083,0.0005107748235717875,-0.42147263657062645,-0.15813688159757605,0.16365048969577348,0.0012816748993730932
267,0.7321813901813735,-0.6540628918602887,-0.7792441470776146,-0.3421296036608729,-0.561250800891874,0.9376494232169215,-0.8856905407844284,-0.7489882374022167,4.185832477170196,-0.05089666512921624,-1.0755945581284914,-0.6682942471929949,-0.6867431221512241,-1.1658471468030784,0.20031174517495318,0.7713348178650147,-0.33450093935615755,-0.48416087524402146,-0.4185194793091045,-1.029282227764228,-0.38213688905156074,-1.037000639011625,-0.3901731389678805,-0.255729677123232,-0.24389304281580546,-0.01692747299758257,3.5331107362583802,-1.0650557641759424,0.2182085261462377,5.466604547794203,-0.5339955252196784,-1.2491814854065115,-0.7080835492619764,-0.13446798893728468,-0.35602193567785323,0.6696736115845924,-0.8095698051822673,0.41535060976512134,-0.911452445551861,-1.4225179616022876,0.1261434620710764,-0.6769346354519091,0.43271736500749697,2.329972362636161,5.095591657428158,0.7496589330033235,-1.1564297094429892,-0.6374847802840932,-0.2627725360193174,-0.03818358461693681,0.43114159810285546,-0.47739219404609173,-0.767463376022066,0.02077159089239709,0.37444553451685436,-0.172651354497077,-0.1375729340675137,-0.7165748785358924,-1.438108455472463,-0.2737668386232288,-0.7754339669692835,-0.9411527492993146,1.739414445223964,-0.41116530847975796,-0.4274012018336085,0.7398403928100067,0.4756997829725209,-0.9361114822278574,-1.5246105243938155,-0.751218189331942,0.9896670196826699,-0.9464118477116594,1.7928411800005675,-0.5994093934017246,-1.6657031877499735,0.018720246832249595,0.45291581605536596,0.45688398623228565,-0.6066113868486097,-0.12676868002592687
274,-0.5193297004991474,0.3074340467509762,0.5964801720264926,-0.5020338404889493,0.05895979035908148,0.19664838079865657,0.007372690092901234,0.39262980368313494,0.04767371245021391,-0.05089692800572441,-0.23012712222898288,-0.5798581364915005,0.3564793865538147,0.10612791978419739,-0.25366795118005275,-0.09478113226583218,-0.06303346215850246,0.29288438191019106,-0.32085647904547865,0.05993258575545758,0.2765103462759639,-0.3479359047666989,-0.3726591681113531,-0.1817291982277358,-0.5354509226214506,-0.38635182011451624,0.7230254413276683,0.31181418922615833,-0.5512945489169415,-0.1573159468519546,-0.23883087532727257,0.5590200267027171,0.41730160185528103,0.26126386261532913,0.24572262700156766,-0.7699850938767181,0.20559866714733513,0.41535060976512134,-0.6193011653067794,0.6251061399152151,-0.4011088693346869,-0.6162287282547755,-0.4134618480449354,-0.11541809955247359,-0.09610527075008218,0.5268575256786255,0.17157454212444434,-0.3296560275533495,0.37694077869056947,-0.43291657192302047,-0.25677027962269877,-0.04908347658095046,0.22781219869525382,0.004971641295832871,1.1269587820763338,0.3620544521115434,-0.22675698027612143,-0.29904499601598106,0.7234367315093134,-0.17867974256781521,-0.5828037540474647,1.302930043881674,-0.12671872038582863,-0.2616176711115085,-0.50789213044434,0.6955004084321379,-0.6885484817353821,-0.1941578289626182,0.18516136752343867,-0.02116338226119593,-0.367372143682903,1.316100742727771,-0.16223616149305323,-0.3107792154521795,-0.12679222350777847,0.006066594089954592,-0.0016121837269902713,0.5458319090504699,-0.20444365860442082,-0.4245639469908129
286,-0.24853584256616487,-0.44055318655431625,0.07642040207747819,-0.24787311051436206,-0.21586816892358063,0.033050748056961586,-0.513191606724018,-0.7489882374022167,-0.17085092095876095,-0.05089689989933123,-0.41007802228437273,-0.3161677257543048,-0.4692847958647113,-0.24244168840579483,-0.20669679401396976,-0.02745848940746747,0.023300059730378523,-0.48416087524402146,-0.09545348954924072,-1.029282227764228,0.5204307586076201,-0.32307175630928836,0.11652132411288318,-0.255729677123232,-0.40215049272835385,-0.10098524125265992,0.4595490185869408,-0.3701252908558338,0.18834106269254022,0.08072181523422244,-0.21228204126965472,-1.2491814854065115,-0.7080835492619764,-0.2745321280805741,-0.6076388873369505,0.34713302672841984,-0.4776878046129742,0.41535060976512134,-0.2261443736411973,-1.4225179616022876,-0.3015258128651055,-0.22477931916317595,0.0032766445933498666,0.34309261210789543,-0.0864766932744129,0.2767661732985027,-1.1564297094429892,-0.6374847802840932,-0.5248499855512161,-0.3960597564163691,0.1105582255831915,-0.47739219404609173,-0.767463376022066,0.0019495188473744537,-0.08117127235565592,0.24621534602681058,-0.18586131958769592,-0.2772608282323335,-1.438108455472463,-0.22719748669287024,-0.7754339669692835,-0.5824362397155017,0.17073883903286854,-0.1563710454691405,0.14395982766808862,0.821195764063173,-0.1099601229113384,-0.21226067858029107,-0.1769860906571834,-0.751218189331942,-0.322577449106266,-0.9464118477116594,-0.4615970847951658,-0.5994093934017246,0.39856205594156596,0.018720246832249595,-0.6675617708698354,-0.41897162160043533,-0.05848703778638566,0.37047833396930036
288,-0.37644833100925224,0.427108818878186,-0.3484903699626102,0.02636967743166703,-0.055807855128477586,-0.45774215016812286,-0.4062109422858635,-0.7489882374022167,-0.28381479868895,-0.050892243982942204,0.20315516480769027,0.18036510162493152,-0.7893178043618433,-0.04422330984148096,-0.38777888380245273,0.3611945932232427,0.9307965091804874,-0.48416087524402146,-0.3828531633387963,-1.029282227764228,0.4848716905033217,-0.8601824032287327,-0.10261842948443306,-0.255729677123232,-0.6368506647676757,-0.39519309423248483,0.21780553552518897,0.4749746439055902,-0.6337132877822809,-0.37918755136517485,-0.3220322973609894,-1.2491814854065115,-0.7080835492619764,0.7237141234760727,-1.2715779252943193,-0.774098027719333,0.7522278445555826,0.41535060976512134,-1.1739601467482719,-1.4225179616022876,-0.4186037073308696,-0.25623621104570665,-0.3131121998571737,-0.26825500343926323,-0.20924469775995116,0.8873996076655526,-1.1564297094429892,-0.6374847802840932,-0.9762320175036151,-0.5381615066486488,-0.4716621888290092,-0.47739219404609173,-0.767463376022066,0.07096771167670378,1.5260211838736433,0.19346333675030608,-0.4217928142917815,-0.16289394736818386,-1.438108455472463,0.3363996402981051,-0.7754339669692835,0.961152875124305,0.024638344621652233,-0.34387592139137807,-0.5160560932365726,-0.04549679146071906,-0.6505151929603569,-0.8656941947460844,0.7264935591108631,-0.751218189331942,-0.4354995182574549,-0.9464118477116594,0.11593113822589356,-0.5994093934017246,1.1371873981505294,0.018720246832249595,-0.04934487308817239,1.5826065819530408,0.69280546305589,-0.9908397206587938
290,0.416439934534788,-0.5788434534218665,-0.8328673749897896,1.886287359767812,-0.513490418582919,-0.804184195974065,-0.9551535868651181,-0.7489882374022167,-0.38567053414232155,-0.05089699363083536,-1.07250780107103,-0.6951823488363017,-0.38927654374042825,-0.9789842200791653,-0.5865768147101329,0.9780873476338052,1.9169486189593001,-0.48416087524402146,-0.5392695406607627,-1.029282227764228,0.6592890048803347,-1.1401452080335899,0.4967178711813367,-0.255729677123232,-0.6368506647676757,-0.18117813423586507,-0.20793780264147418,-0.19868523088554654,-0.19054535820171184,-0.3954232909930986,0.8721667848107195,-1.2491814854065115,-0.7080835492619764,0.12515219263764354,-0.8487137976021959,0.6108757243931044,-0.7054499618664107,0.41535060976512134,-1.415109423078002,-1.4225179616022876,-0.5844798366574688,1.4637700908463647,-0.0586892898177938,-0.11541809955247359,-0.2120415008996312,2.495126961672222,-1.1564297094429892,-0.6374847802840932,-0.2922027396305446,-0.5381615066486488,3.624814337188599,-0.47739219404609173,-0.767463376022066,0.020342266944926943,0.9146006314032493,0.002048903089846193,-0.49114612421721654,-0.35350541547509995,-1.438108455472463,0.9130095597185597,-0.7754339669692835,0.3102216621810907,1.4131834975313708,-0.4308424260597861,-0.006014950309161603,0.4359946659506995,-0.5374718579530332,-1.33454986248442,-0.529733546507989,-0.751218189331942,-0.47265849228576373,-0.9464118477116594,0.16738863873179394,-0.5994093934017246,-0.9104772488909922,0.018720246832249595,-0.9503184522874222,2.410654026148141,2.0051329420944537,0.49492846615344344
291,-0.8431372930255988,2.7415649246383493,1.5214623324865673,-0.8999285464503275,0.645258444240053,1.938481999989643,1.1451963622039678,2.4533993201971165,1.3266818300065815,-0.050896638552816925,1.8679168495365703,-0.6046323512702925,0.010764716880986855,0.8812388393936288,1.7075829083874943,-0.883734888794441,-0.9651799725609786,0.8342177617470766,-0.5954117385666221,1.149147399275143,1.6237318518395711,0.8057609793057072,-0.527102104136574,0.13066190864589755,3.4353219585773056,-0.4640805830635969,1.5152908148514401,0.4031828224160519,-0.21598111788421567,0.31061556313842686,-0.8445809779219012,0.7850452157163709,-0.00956862787885107,0.6534802932494329,0.2560865050723005,-1.1645232369705685,-0.8876596876691598,0.41535060976512134,1.0715685458987303,1.0346309602187156,1.8702214516729019,-1.0729714725155617,-0.2966457950762398,1.565787843202213,0.08385638682971157,-0.9062609881044926,1.4285822407751239,-0.6374847802840932,-0.0899567949486763,3.447386438495343,-0.6404151547395451,0.16847037458125885,-0.767463376022066,-0.0019235272246210962,1.4809543256914208,0.8053380249943719,0.902839125164327,0.12302325479219023,0.3631792003456841,-0.5570826008894584,1.82507390747527,-1.460603778575893,-0.6853657719028715,-0.03557326356466479,-0.6292714511994849,0.435276178808012,-0.9580438681238357,0.3734353569710559,0.5002076799792698,0.4767844771428483,-0.41899992355682897,0.6034048936792432,-0.6567788640391162,0.6994264073712283,-1.5313943792725708,0.0028022448288584105,0.8016153532660925,-0.8596711703781057,-0.8639938743597619,-0.3747943847409751
293,-0.6376769601884709,1.3274168309659429,0.7398121803001356,-0.5044401484890044,0.14703084415038864,0.16777821031482806,0.08073212854783839,1.5687593573349978,-0.09427231718195536,-0.0508966862941129,0.18039737977959852,-0.5339815838267087,0.39598963451642366,0.7162325467229924,-0.04579212694471239,-0.530284816796758,-0.1475559929700122,-0.05617192552057667,-0.2953786622291578,0.4230041902620194,0.8231856998699668,-0.18708607124160087,-0.4987590787943103,-0.20315949255366142,-0.4192034554368006,-0.42510424962324633,0.5161215512140991,0.9736552442863298,-0.9014681805731883,-0.30978869744336734,-0.5752744718508843,0.44600743219589045,0.5337207554191352,0.7705001954141771,0.17953292517132782,-0.9879472782544424,-0.34103051026091236,0.41535060976512134,-0.29494054620451393,0.6251061399152151,-0.38768358025006394,-0.5749989096494246,-0.6016319515244639,0.03741880433431615,-0.18071730573521477,-0.5994665461334587,-0.005426701503493071,-0.27866425838545916,0.12302407248700672,-0.21765431570583815,-0.4056747468686653,-0.31455241874856915,-0.23664973617282878,-0.0030260919008464012,1.5567468426618687,0.6128053459759768,-0.009471649336026074,0.5360147690238417,0.7234367315093134,-0.3612742840739598,-0.48648864758655525,1.9319105191430983,-0.2963656535802185,-0.24612021580285376,-0.6088069794480261,0.6453160027784848,-0.7385135876526487,-0.4751988602000443,0.8638040039670577,-0.02452238295101807,-0.5895126791025476,1.0423272316344316,-0.6425896863409668,-0.3829367599395658,-0.029469631684003718,-0.001277516916810346,0.14856621252585492,-0.18433732273309653,-0.1809403498109139,-0.3382736916443101
295,0.22585382317538613,-0.034255201545868946,-0.6762107509818478,-0.40770745907083306,-0.3629623939658132,0.5238436462820464,-0.14765183049803246,-0.7489882374022167,2.8215755196644476,-0.05089693994968218,-0.7979996740624464,0.38318637026680685,-0.6373308021185816,-1.223449983009027,-0.5743595243667985,1.5440188019708199,0.0952236711242293,-0.48416087524402146,-0.4770559232066657,-1.029282227764228,-1.4517276246613005,-1.1121248125732435,-0.3541205929405468,-0.255729677123232,-0.5051822083304395,-0.3596465150918788,2.8675559046527157,-1.4674823786862963,0.16945528266195883,0.23097911127897627,1.2582294415148352,-1.2491814854065115,-0.7080835492619764,2.004800642171921,-0.04219590086256409,-1.2863115675720065,-0.8379661260865919,0.41535060976512134,-0.8731061790260178,-1.4225179616022876,-0.3463710238364652,-0.8784553737928011,0.4888182553348113,-0.7267657150996323,3.5737811490497577,1.1564453325192294,-1.1564297094429892,-0.6374847802840932,-0.10849011965139115,0.049008568149613914,-0.6711712965390161,-0.47739219404609173,-0.767463376022066,0.013714515604098657,2.0005675501751425,-0.17278632765514051,-0.062302724959976075,-0.7054035104417142,-1.438108455472463,-0.3301066105831013,-0.7754339669692835,-0.42006119784648394,0.11366260560619924,-0.4513276552131722,-0.6968949772892375,0.21136905571326808,-0.2423022645859069,-0.5294966542592751,-1.4548916705486463,-0.751218189331942,0.3348956308042829,-0.9464118477116594,0.9313397500197033,-0.5994093934017246,0.5496157549165269,0.018720246832249595,0.9704896911809802,1.7491839994005476,-0.4207854518981554,-0.4043416381680166
299,-0.3310478563368272,-0.19080148404032204,-0.45643218169645794,0.15396085417909408,-0.21626211024341882,-0.351884858394085,-0.4062109422858635,-0.1819937191277736,-0.3434951831395706,-0.05089684859524077,-0.2084089353776259,-0.07177459267893406,1.4775826724928425,0.10803118199029284,-0.3868975619650894,-0.24196540531525154,0.4471911776861453,-0.17174804664500395,-0.3010683889866047,-0.30313901875110427,0.1397545688463686,-0.4727657399810932,-0.2336611095428473,-0.2310081953521567,-0.6368506647676757,-0.2796012728445476,0.020099795232752155,0.6896217709001001,-0.7959519974538097,-0.33524333076033214,-0.211965204331667,0.7850452157163709,1.271042061323546,0.012807526408745737,0.926140037300628,-0.12165177314547906,-0.8876596876691598,0.41535060976512134,-0.8681679205272914,0.6251061399152151,-0.30164591534767005,0.19122402540607011,-0.4414736939418208,-0.26825500343926323,-0.21821777449975793,0.025407150865436913,-0.062655624986199,-0.34413813885440764,1.3450876787812682,-0.5381615066486488,-0.2472303498604913,-0.20459821450419555,-0.767463376022066,0.30230263079171027,0.6990372523300378,0.44215138048239966,-0.3910776551229268,0.027717520738732196,0.7234367315093134,0.19554938747094255,-0.7754339669692835,0.030378599818231378,-0.08960145838929137,-0.2837435196067871,-0.2843797164388889,0.1475748640533762,-0.45853453382646336,-0.6570749904781373,0.594087058713824,0.282538265822855,-0.5189854881883701,1.8661827617167799,-0.3298072415477875,0.2664811404469107,0.9376325460165106,0.2088640212398639,-0.14841020695861215,0.6265658547416086,0.4696134992466666,-0.6226334991699489
303,2.2112585587627067,-0.821688662720448,-1.268112097281148,0.4511611546088852,-1.143969563716892,-1.371964215489359,-1.0754397248976328,-0.7489882374022167,-0.48673547704573156,-0.050897022589098354,-1.1746797649015812,-0.359006492306792,-0.7893178043618433,-1.6329251837991716,-0.4661944256258434,1.871903027372416,0.3980170430207224,-0.48416087524402146,-0.5954117385666221,-1.029282227764228,-1.1021960022672788,-1.476710332765356,-0.11742039065571976,-0.255729677123232,-0.571857460831494,0.30239959773415875,-1.5656557006131833,-1.4302938099230087,0.5108956504845485,-0.46654324077427745,0.16424988749602193,-1.2491814854065115,-0.7080835492619764,-0.7130289828880493,-0.40210837925271714,1.3288718360540515,-0.8876596876691598,-2.4076045068658862,-1.2555532449413087,-1.4225179616022876,-0.4669463358523276,-0.3799801025186749,1.1310950900521914,-1.0324395228732115,-0.27811597507457203,1.4174786666528532,-1.1564297094429892,-0.6374847802840932,-0.24196330114269196,-0.41878739484329086,0.7488557065809719,-0.47739219404609173,-0.767463376022066,0.0215775445274194,-1.371890242308473,-1.9542970409359557,-0.2358210469203542,-0.734728351688932,-1.438108455472463,-0.16650657516741343,-0.7754339669692835,-0.9417525949902381,1.6008217825455193,-0.494459069895749,-0.3269013319908158,-1.952134888829185,0.4773573390853459,-1.1859690611223923,-1.8333654485652786,-0.751218189331942,1.1418827181156206,-0.9464118477116594,2.716983316014595,-0.5994093934017246,-0.4311964001260196,0.018720246832249595,0.11890894043572595,1.7730512810149395,-0.2630873920462702,-0.14512584256176875
304,-0.43746854376586325,-0.13503680969719026,0.055771007615582464,-0.12557842850661,-0.14270165539027732,-0.1594170551685617,-0.6409996656292787,-0.13187657340916278,-0.215611799457191,-0.05089696693842079,-0.47514303815850634,-0.4566783083633948,-0.07813334103488316,0.25366607341755376,-0.39710452384881256,-0.36874030200864555,0.22354800395025995,0.10717074455210965,-0.3860566848363955,-0.30313901875110427,1.4618666189389968,-0.32021937554131574,0.08021936095175479,-0.2233976850029886,-0.4680488853787311,-0.3192787775065181,0.1797034505062284,1.0313353728111285,-0.31000638257483965,-0.2685264190040411,-0.09390257033379829,0.7850452157163709,-0.08718139692142059,0.07696485585704875,-0.5317723893584451,-0.14974298807853526,-0.34103051026091236,0.41535060976512134,-0.8920491184409063,0.6251061399152151,-0.4318495393943812,-0.15084280120616866,-0.15806986099057677,0.34309261210789543,-0.18611280512551415,0.4784766594099128,0.017179318260495433,-0.4288386465572022,-0.11056784663600044,-0.36748828375452036,0.2583726602504436,-0.06598447243223886,-0.3251186761477017,0.015014519214152783,0.8441161080375806,0.5524784398835463,-0.3571607390795803,-0.16289394736818386,0.7234367315093134,0.07912162168006193,-0.1975433282038271,0.801864716430079,0.13906399660970242,-0.29753877380853333,-0.24761185058017873,0.5943088003204904,-0.6288637637711356,-0.7626650714926676,0.20710187639396963,0.1791770160246173,-0.3958409391143605,2.0632191179202146,-0.18521379990817052,-0.16646412647740694,-0.7232580498952991,0.014274907011702287,-0.6079720375291309,0.611292382975399,0.16365048969577348,0.045565642137447994
311,-0.5785342693576774,0.5143629151094181,0.4378756657932145,-0.44880550645998313,-0.049658547495694504,0.3409992332177991,0.09130544639266278,0.6919044223845019,-0.16043429939413914,-0.05089689530880644,0.07654038316227353,-0.4708425368332293,0.18856083271272706,0.8287719144197123,0.17419674915646502,-1.060147692693574,-0.42906468880923965,-0.12832289451456438,-0.23691618187078783,0.4230041902620194,0.39447948116321996,0.3113586873624328,-0.45094610024217896,-0.1820815129498124,-0.08338746513777422,-0.3593580285813066,0.3214059593536249,1.635425066355842,-0.8993690175092424,-0.25197844053855506,-0.6420108914298179,0.44600743219589045,0.3164050020999408,0.20924845079318852,-0.12862064782438135,-0.6806338891935967,-0.34103051026091236,0.41535060976512134,-0.2138389787979579,0.6251061399152151,-0.08403930226566104,-0.263060547181773,-0.5658628152140845,0.49592951599468516,-0.18620603189683685,-0.42852807856844716,-0.05754553797419756,-0.20874684138012758,0.03267896259090265,0.059595289501602464,-0.26910791344175283,-0.2544979600755657,-0.23664973617282878,0.012156931706909554,1.0318111985339051,0.8123574455835841,1.097793558581483,3.077501010449389,0.7234367315093134,-0.57186315505559,0.09140199117890102,0.9460933295474383,0.022878936574506344,-0.19188639369823798,-0.48103164888749456,0.7880217160451715,-0.6485908784779958,-0.27632192141803147,0.6629509596295414,0.3763983422413107,-0.6831521673829862,0.6858610668861406,-0.8268811835930563,0.050008506984751865,-1.1605770030990925,0.011063200277152213,-0.12768335552629145,-0.753062004347131,-0.31007650711449836,-0.19745453127474794
315,-0.40758597462598994,-0.053415137119654836,-1.1197971153864497,-0.25726874222172375,-0.19447054689304957,0.15815482015355184,0.034043026479746996,0.286712500237656,-0.2196826045049858,-0.05089696744224301,1.4435488677783317,1.0804582838539945,0.531453341816797,0.24973827846130192,-0.4903421487591388,-0.24961825784289154,-0.29956503772655774,-0.19293435992213812,-0.23052494970298393,0.4230041902620194,-0.21313922363633928,0.2096256532057581,-0.6208649804023989,-0.1829081829576692,-0.6368506647676757,-0.27277464983880156,0.1861966230398658,0.4505255309775629,-0.846842051015589,-0.23887875713268267,-0.2290966323562689,0.10696964867541008,1.021572446543858,-0.050104224486090206,0.5176129866163677,-0.511366769091966,-0.8876596876691598,0.41535060976512134,-0.21582318729622568,0.6251061399152151,-0.5844798366574688,0.15308250393956346,-0.8164126136643695,-0.26825500343926323,-0.17402245821960569,-0.5791073905812726,-0.1375428130593709,-0.09200797147591958,0.5453052624142075,-0.5381615066486488,-0.8064244465151545,-0.240889745238833,-0.767463376022066,0.04510988932657442,0.6058679833089523,0.5967609560577772,-0.3039898681367468,-0.12477165374680062,0.7234367315093134,-0.05216306997374724,-0.7754339669692835,0.1807069526495496,-0.8547017482863357,-0.20026967169124754,-0.42708549240093474,-0.7214123795340307,-0.5042848076900406,0.10426609360037584,0.40143209781865996,-0.3926928514175816,-0.5025302788590795,0.39661733571595975,-0.39262915496545375,-0.5994093934017246,1.4756840298714877,0.04262902313890365,2.408295146578605,0.5804288408019945,-0.17290882081020895,-0.472313328508659
316,-0.2776551237873198,-0.531399614210478,-0.43935322737784993,-0.0032227585737582935,-0.2784876068814531,-0.14979366500728547,-0.5508014335905872,-0.48809801046084955,-0.34672417431170083,-0.05089698583143108,-0.908837370699109,-0.8961013439295848,-0.5226236306142332,0.10179535929807446,0.19082883438581336,-0.9872720826889424,0.014193205486641453,-0.17879060595633367,0.09508083578543293,-0.30313901875110427,0.5189574089734696,0.1511258756945032,0.2346692073560831,-0.20009977707444568,0.09269880509904205,0.2404819888798037,-0.1340377210075018,0.8577949731763813,-0.388615503034458,-0.17947127019062542,-0.6250319525176103,0.7850452157163709,-0.47524524213426794,-0.3790510597697298,-0.9378633782787885,0.5927488755197398,-0.0677159215567886,0.41535060976512134,-0.4598451194016233,0.6251061399152151,0.20710911121006487,0.666985822717063,-0.2532058180023488,1.107277131541844,-0.18850174114065757,0.008505670742597107,0.25529408743455134,0.05066964177886714,-0.6490315719673441,-0.17739230998860242,3.143577571162272,0.11904009034870464,-0.10394632621051948,0.01889393965201882,-0.5670512594016006,0.47519384783141916,-0.41391323635659116,-0.2772608282323335,0.7234367315093134,0.2961470952355235,2.114019226857998,-0.8676583864825214,1.2129483889649586,0.04773214587415986,0.7224349780922594,0.3217211784596334,0.2979902038358361,0.14371529542729505,0.14962392357820933,2.1519661068812304,-0.22123712014778654,0.14666639411103496,-0.1562124268558631,1.9982622081441812,-2.534168552100901,0.01690255833558655,-0.6875377761750532,-2.4704119239372577,0.15088195465151155,1.5424130677642542
318,-0.41125406989740815,-0.6160421103310616,-1.5933886708524545,1.0552838008343712,-0.37791010689877613,-0.5732228321034369,-0.0627064334828899,-0.47175847624882217,-0.4502503646515558,-0.05089700130902886,3.2255839243473385,5.206440011847917,-0.3702269599013132,1.6256328810809615,-0.7435160682078582,-0.39425932855883117,0.01995275866735598,-0.43111054583375646,-0.14293360370760425,0.05993258575545758,-0.7668056794929337,0.0870212421206101,1.0165785170298454,-0.20339141726563809,-0.6368506647676757,0.9836947575467171,-0.6057199853199334,0.8251830361806681,1.1895528970229068,-0.3286536235291015,-0.9584134423316495,0.10696964867541008,-0.15925039674666364,-0.4764323602597207,-0.7202844964616655,6.730161537469421,-0.0677159215567886,0.41535060976512134,0.31164590048251667,0.6251061399152151,-0.5844798366574688,2.554482787009388,-0.09926045052814929,-0.7267657150996323,-0.26652089539131524,-1.1772784880305263,-0.16703061452904802,0.0389341435882348,-0.640198264101348,-0.5381615066486488,-0.49479002702911534,-0.28640218030921866,0.22781219869525382,0.08880135056665894,-0.8960453875856691,1.2212579790276992,-0.6142238291553125,-0.734728351688932,0.7234367315093134,-0.6868799350114574,-0.7754339669692835,-0.65969957484256,-1.8590211243710686,0.4225974503339353,3.9648636171439873,-1.1530111686884679,-0.028145371138626883,-1.371322429562648,1.6005917568539418,-0.751218189331942,-0.7384780756916896,-0.515571503056898,-0.925741723040673,-0.5994093934017246,1.0238487110343282,0.08701938806919889,-0.417472244772572,0.5064554261915378,1.0037585604987718,0.6885903420818098
321,-0.6232714967163989,0.9553882914723023,0.764687546324074,-0.44621639603289037,0.09053594928651376,0.10041447918589483,-0.18423358837873913,1.6466688443135111,-0.11703949415800478,-0.050896879028352396,-0.6661534050316871,-0.9634530180620033,0.2972140146099011,0.919936467292873,-0.35110510615040147,-0.30930449388474135,-0.10239183220367318,-0.1616321660769956,-0.2779330393105887,0.7860757947685812,1.4675485134436839,-0.18091337840471755,-0.4906295781537119,-0.18840122906229292,-0.4287278181973642,-0.40855127660289187,0.4194561579667575,0.749140213529363,-0.8153256494926702,-0.2971900634087296,-0.3974717642827688,0.10696964867541008,0.7148172165184639,0.5136886079321357,-0.03454495114952711,-0.7604031642293301,0.023388941344586023,0.41535060976512134,-0.33264033627042583,0.6251061399152151,-0.5844798366574688,-0.5340100113829407,-0.5747624084304751,0.03741880433431615,-0.199211166496349,-0.47534885330589083,-0.30011048666778023,-0.16287930532547792,-0.012665351121210698,-0.273136851344018,0.7470737579088397,-0.3366502020776108,0.33839837366384495,0.01454064915058456,1.3869686822562601,0.6697905929268235,-0.24678152750811325,0.21832898884564828,0.7234367315093134,-0.1509842956601547,-0.5442777114631009,1.6051896120695732,-0.6892724549997725,-0.23083762435545666,-0.569193577795313,0.7878566780337011,-0.7151182953982838,-0.6452853561921478,0.9937880739686166,-0.40929111339771646,-0.5339009362501832,0.552346898694144,-0.5197761752683276,-0.5994093934017246,-2.2132309957732548,0.01157078684880955,0.0011773417851060166,0.017975748809431712,-0.12251491335476167,-0.2400105631481614
330,-0.5377159777121254,1.464652728515794,0.5270792759285269,-0.3323610829924617,0.022170438023576496,-0.09205332403962846,-0.4337052256288285,1.5626547385302703,-0.051796132036277455,-0.05089691189864184,-0.770288289811776,-0.9489431986531767,0.2266600003909569,0.5227279337038024,-0.3728363789261473,-0.14211919385423427,0.2016871499897948,0.14825256717474924,-0.3563183930674329,0.05993258575545758,1.6319492898455208,-0.6504611745477926,-0.34896913549688335,-0.22595046069985783,-0.44025342473488477,-0.42178850326792094,0.6284349721539119,0.6595706867733246,-0.7437895294354642,-0.3421792617526135,-0.21612950452059407,0.5590200267027171,0.28979490985677403,1.2598000472733408,-0.04832911901009511,-0.9055128907562008,-0.34103051026091236,0.41535060976512134,-0.6811653623910937,0.6251061399152151,-0.5844798366574688,-0.4790976913745114,-0.4423136475766293,0.03741880433431615,-0.19193947833318092,-0.23689589305597752,0.05101202516138662,-0.36941558918717937,0.0027929376442824205,-0.11194414610365615,1.0198156097403375,-0.3051364540110256,-0.2698255886634061,0.015946713137149682,1.8003472862093275,0.4957407232394835,-0.18616521515544424,0.2818661448812869,0.7234367315093134,-0.2268711401271363,-0.3901735411256459,1.6157596037259465,-0.20237183864667255,-0.3110442098930522,-0.6272417930628771,0.7091093682084725,-0.7159529566387602,-1.076025321276914,0.669607803384727,-0.18133972944156607,-0.5630236603741049,1.925801430520685,-0.5658526157871546,-0.5994093934017246,-2.0400025110499445,0.014429568748123487,-0.1685675437631681,-0.047497024235985286,0.07830291334737297,-0.2624111164717658
333,-0.3690767447181915,-0.1001736619094807,0.18794728130252764,-0.2667605947544963,-0.0685590138938502,-0.12092349452345696,-0.5005735325355153,0.22367786868777387,-0.09559574657600022,-0.050896908293686524,-0.47307900545846715,-0.5085890347423847,0.048863884559216884,-0.29986634816742763,0.009187360129106134,0.011336292637081784,0.37286046238492954,0.08456675597944517,-0.4034858635997659,0.05993258575545758,0.8371298404402661,-0.6736669436174088,-0.07238800203624102,-0.17776594822571457,-0.5461999943156687,-0.34161295079542897,0.6081094679881489,0.08305932854450865,-0.40441830808130713,-0.17236240069684067,-0.15350503532993148,0.10696964867541008,0.38958275576864915,0.11707495216027317,-0.042056100754511924,-0.42001016742930086,-0.34103051026091236,0.41535060976512134,-0.7695413603212498,0.6251061399152151,0.07124968601812932,-0.3954411789389802,-0.1523934362333686,0.19025570822110568,-0.11188098845983989,-0.024802206015192133,-0.05312635341306441,-0.35057081957130526,0.07640383652758294,-0.448492127608397,0.011356059865436969,-0.06992422212755946,-0.10394632621051948,0.009628544648271294,0.888421242835567,0.20099933807552092,-0.40779191134908804,-0.4805797275463773,0.7234367315093134,0.2669973978086598,-0.5828037540474647,1.190071062482688,0.6381394193589361,-0.3013986755609893,-0.36437631766448414,0.5631446053752248,-0.6770740547976063,-0.5204904014830328,0.04386449039723047,0.5036084969372843,-0.10944015278327253,1.1001236346439631,0.25583302397465935,0.5551113183964557,-0.056608173329157636,0.006580106627902149,-0.3444558484855177,-0.038746822402012146,0.11375498352284702,-0.2975450837792945
335,-0.42173718129229454,-0.5967147385050177,-0.06047599274585302,0.07908804539518577,-0.2361075591215028,-0.2171573961362187,-0.06964919749994189,-0.5973458525644425,-0.4198829859401287,-0.05089699111314979,0.07976247662246128,-0.07767045738112152,1.344235585619038,0.9159736530079563,-0.47437455119566807,-0.6545243299804834,-0.13117968359155727,-0.33835290965247816,-0.291300272779239,-0.30313901875110427,-0.12325760116343579,0.3646277856990084,-0.37611411377096654,-0.20811259703092663,-0.6368506647676757,3.884741795654049,-0.31816988809369356,1.2056350691458315,-0.8030609940133399,-0.22582229415745939,0.3128619837417732,1.4631207827573316,0.6889462935042747,-0.518904391336328,0.7073802201821473,1.6461660074673103,1.29885702196383,0.41535060976512134,-0.27746816047070244,0.6251061399152151,-0.44608805711183286,1.0766650722927293,-0.7818059603319342,-0.42109190732605295,-0.23965993190397156,-0.31701006535891174,0.23884574976744025,-0.4101735197198323,0.8787626343555597,-0.5381615066486488,-0.21109368208262055,0.02273933673500068,0.5595707236010271,0.004712711488464894,-1.2315325741622298,0.7586634361414277,-0.32769372242112077,0.7901633931663964,0.7234367315093134,0.0003453252248352948,-0.7754339669692835,0.4223578731146411,-0.8142637030730273,3.650918306865451,1.0761788517910102,0.7058691889228231,-0.562518226583493,0.5688896940943864,1.1463646132799696,0.04601663153524444,-0.5897170641820866,-0.755787491309951,-0.6143013368008745,-0.16646412647740694,0.13758923320833744,0.010152942468429668,-0.4949081731274285,0.4588462235053516,0.2447306872267613,-0.538832762979692
346,-0.35206410024837237,-0.4326071993996952,0.2187655367846987,-0.2347525476722986,-0.10789069558229694,-0.14017027484600944,-0.4098353616458379,-0.7489882374022167,-0.26113479304562687,-0.05089697925908954,-0.2412256146287274,-0.2296113050500314,-0.4485419156843416,-0.17772587808281748,-0.35683038015800417,0.1172910346793375,0.3632183243333118,-0.48416087524402146,-0.13336549766712763,-1.029282227764228,0.38498272336339007,-0.296623558542663,0.3507890599131157,-0.255729677123232,-0.3748449292287813,-0.1508440884906206,0.18732675413327032,-0.4675868756012857,0.26444344250538593,-0.13481755957119876,0.15553906862521177,-1.2491814854065115,-0.7080835492619764,-0.2653902596544422,-0.6238153575141447,-0.06593267854358238,-0.4776878046129742,0.41535060976512134,-0.13293591444688171,-1.4225179616022876,-0.4265430603798034,-0.35462316583127446,0.30541948382076994,-0.11541809955247359,-0.13204127775836683,0.08510767935971748,-1.1564297094429892,-0.6374847802840932,-0.5548505163405435,-0.39309719125882214,0.019351059436216744,-0.47739219404609173,-0.767463376022066,0.17921676192970118,-0.0799124175753882,0.24101810373355895,-0.34212876188916913,-0.35350541547509995,-1.438108455472463,0.036803625827739474,-0.7754339669692835,-0.3998292882450377,-0.09388955444340126,-0.1567004657715276,0.23831747898220682,0.6935754495122609,-0.2559534407338713,0.2719236954560162,0.04386449039723047,-0.751218189331942,-0.17639792380527625,-0.9464118477116594,-0.31785728460666207,-0.5994093934017246,0.9724535650062343,0.018720246832249595,-0.739232892468589,-0.31654940761211886,0.13831292796734757,0.2567708009083323
349,-0.6022214233819264,0.26402763580588556,0.7130522859392778,-0.5047837986114023,0.13308519905267083,0.14853142999227562,-0.15399971958029904,0.42192512486366096,0.008313878256624375,-0.050896861396467874,-0.037965331758863075,-0.6414171824506749,1.7665013607194207,0.6130288463831354,-0.06542922902327657,-0.3532929664947243,-0.0923434864275429,0.05570037876684099,-0.255155276428325,0.4230041902620194,1.4692904801093358,-0.3598503579869189,-0.6244978375213254,-0.11030162094155282,-0.6368506647676757,-0.36519526843609096,0.6659043240186697,1.2986031911360336,-1.0470567140223204,-0.0545690817121275,-0.5710905321630967,0.44600743219589045,1.9695569827066717,0.036441814592098394,0.9162532167372384,-0.030936983523753864,0.023388941344586023,0.41535060976512134,-0.8247060700746858,0.6251061399152151,-0.5844798366574688,-0.5652180019255322,-0.6861900532305951,0.34309261210789543,-0.17159273549200868,0.1322064677518599,-0.3516249120032148,-0.23055964118201663,1.3644105397381359,-0.5381615066486488,-0.397668163387444,-0.04942514400373543,0.11722602372666266,-0.013631894791321328,0.7450378118013734,0.5014973909184671,0.3778866654118263,1.1713863293802285,0.7234367315093134,-0.488403325556948,-0.7754339669692835,1.4985503166267926,-0.0601522555688871,-0.1508978532906273,-0.49904183733437796,0.6490625748477726,-0.706363965246135,-0.7970160919615144,0.8331543510973756,-0.03726259271027156,-0.6541615978483719,0.4911228919042478,-0.6557724526599714,-0.5994093934017246,0.2582683032320966,-0.009897882495337315,0.4745942921715589,0.39848029566130555,-0.16477562688543912,-0.6135204523681116
360,-0.6310503505738401,1.1462962344573284,0.05100118167100505,-0.3525726041567015,0.022193836859718763,0.042674138218237824,3.3696185204260756,1.373426076512596,-0.24531759098884964,-0.05089687750454607,0.5424744596795282,-0.24920899911197505,-0.13565561380397556,1.2648021944544163,-0.6172277458750757,-0.46323144697717394,-0.15156968725393866,-0.2208898269912302,-0.13196390051580642,0.4230041902620194,-1.2262375647228176,-0.03863795849103726,0.0689985041973424,-0.22082199048716106,0.05125348201961523,-0.4041746498612789,0.22571407566964866,0.17792935940598945,-0.010046054348972268,-0.3618510758999622,2.0106627337956615,0.44600743219589045,-0.023264998886363387,0.6454725080803492,-0.07601484649455174,-0.8637059726548327,1.8454861993720775,0.41535060976512134,0.8267105106147505,0.6251061399152151,-0.40671336176383815,-0.3374667953740945,-0.12775321047679025,-0.879602618986422,-0.22308887330136734,-1.2098135736115134,0.5631646378679431,-0.08323057220755997,-0.4192789663939366,0.4890735898734619,-0.1465678754404147,-0.3686358655768357,1.8866048232241204,-0.46496332846751764,1.4740089848267883,0.857790838188486,0.4107725072074551,3.077501010449389,0.7234367315093134,-0.49477122185774586,0.2358746508702651,0.5233108914630357,-1.5717711193633133,-0.23890034497645501,-0.45938209190923057,0.22943638199410113,-0.582644851962446,-0.6143628754836924,1.214085751049178,-0.6056055094281574,-0.6508801029082663,0.9861427313211507,-0.862566194375011,-0.3829367599395658,0.8598509961423706,-0.37673875211622143,-0.4531867961695951,-0.005656351381205113,-0.06800721753562569,-0.1798958762817619
367,-0.32825488805013125,-0.3981312024823031,-0.013720101362644297,-0.10066851605116581,-0.18136531689352164,-0.16904044532983795,-0.43473071380601747,-0.36832626447751815,-0.2526520730233241,-0.050896940036631054,-0.4125126313187655,-0.3521509307119433,0.5441530643762069,-0.1181846315146464,-0.3571996300724209,-0.11954358130831855,0.26891900345961606,0.026384421644548548,-0.3935620012885145,-0.30313901875110427,0.306974453139418,-0.33482025685531047,-0.3452769215528911,-0.18953100907028586,-0.6368506647676757,-0.16529922257840746,0.17821261539652145,0.5947874209816717,-0.7727336165690427,-0.13132765841841648,-0.35892374523308157,0.7850452157163709,0.45610798637656585,-0.2257255809247217,0.12771422188224393,0.4620755854937831,-0.0677159215567886,0.41535060976512134,-0.8831306153629488,0.6251061399152151,-0.5844798366574688,-0.09783090849667898,-0.47706375654747474,0.03741880433431615,-0.16705958373644395,0.3839741881698448,0.0274647540255688,-0.4363185484379055,0.6340063955685847,-0.5381615066486488,-0.2062216919182721,0.21906519656139034,-0.10394632621051948,-0.003072571365699105,0.06771543095177145,0.3483700306575022,-0.3659845639574173,-0.2772608282323335,0.7234367315093134,0.10634964133683608,-0.7754339669692835,0.7953763891057731,0.16577571228634477,-0.19133673942240373,-0.17087601656283788,0.6117760158530662,-0.627917023061139,-0.5227668565564377,0.1779523431802642,0.3280287323078734,-0.43548397395415084,1.008763872731002,-0.008123765240861771,-0.5994093934017246,0.486300173115722,0.0020239617304258187,-0.16587846417888674,1.1722299596652774,0.17662332130073896,-0.4159958943209463
373,-0.440954741052383,-0.3264047304612886,0.1916077739825962,-0.13252409339562607,-0.10548535442186217,-0.19791061581366645,0.23227710846073624,-0.4151449401332872,-0.35951817151716303,-0.050896932777181166,0.0811348616173757,-0.22286713864457822,7.033711292234727,0.48302853490874625,-0.5543384512998417,-0.0355584241586094,0.12216519290654564,-0.20669482722709479,-0.2109106447659966,-0.30313901875110427,-0.3315239538714506,-0.082122828822491,-0.4509122355941236,-0.21124441081899623,-0.6368506647676757,-0.12948947954871456,-0.05080675794163327,0.6337844406727464,-0.7886844849004762,-0.25022463706933484,0.7086451124026965,1.4631207827573316,4.414359207547616,-0.2856603827836587,6.136077266782037,0.1872010116796195,1.29885702196383,0.41535060976512134,-0.5229636092809097,0.6251061399152151,-0.4261763973385901,0.013946823037327175,-0.7058627545233788,-0.5739288112128426,-0.21641150580538124,-0.12897341743541407,0.26797261927579585,-0.35008546078173924,5.938775823593648,-0.5381615066486488,-0.37911643882553137,-0.027959953404417343,0.5595707236010271,-0.146030072833864,-0.1446310040538985,0.4728982658892765,-0.3077234422547983,0.2818661448812869,0.7234367315093134,-0.04443139144778646,-0.7754339669692835,0.2429535251894279,-0.6239582984198446,-0.0203656721423231,-0.0954613679092567,0.6567238370076472,-0.5208647878342308,0.026662015976898185,0.9684702812295093,-0.26133193158347046,-0.5589751379269212,0.7203692089996456,-0.46813386973323934,-0.16646412647740694,0.8143879371882536,-0.06642411648946411,-0.1730574689257493,0.8912252360074382,0.21681783233904917,-0.875831302776041
379,1.6334536694654307,-0.821688662720448,-1.129893547824837,2.523388528180274,-1.143969563716892,-1.371964215489359,-1.0754397248976328,-0.7489882374022167,-0.48673547704573156,-0.050897022589098354,-1.1746797649015812,0.36426163879639656,-0.7893178043618433,-2.064260962998095,-0.5962819983347268,2.3156864424296737,3.704144011574845,-0.48416087524402146,-0.5954117385666221,-1.029282227764228,-1.1251629115303352,-1.650909295088269,3.6091045644125845,-0.255729677123232,-0.6368506647676757,-0.22951737994359678,-1.5656557006131833,-2.0525276623640276,2.6313114965897744,-0.46654324077427745,2.4638203205442784,-1.2491814854065115,-0.7080835492619764,-0.7130289828880493,-1.0022887768705064,-0.8854135334242683,-0.8876596876691598,-2.4076045068658862,-1.1685902235024743,-1.4225179616022876,-0.5073661381067793,0.8151118443537594,3.543675509767959,-1.0324395228732115,-0.27811597507457203,0.9533349057206919,-1.1564297094429892,-0.6374847802840932,-0.8172324759156858,-0.5381615066486488,2.8508456317722217,-0.47739219404609173,-0.767463376022066,0.0215775445274194,-1.371890242308473,-1.9542970409359557,-0.5643601482431285,-0.734728351688932,-1.438108455472463,3.262101037988258,-0.7754339669692835,-0.9907713932216985,2.505548498344828,-0.494459069895749,-0.19900125005612485,-1.952134888829185,0.6271163687962031,-1.2355065708782902,-1.8333654485652786,-0.751218189331942,2.928576595674821,-0.9464118477116594,2.12588508918966,-0.5994093934017246,0.5016928523065052,0.018720246832249595,-1.3038685185372274,1.46992118806771,2.325789090522099,1.8921174926500421
381,-0.5196193124846709,0.4302997850832008,-0.026548986501600907,-0.12061209260914171,-0.05284788689069257,-0.28452112726515194,-0.1831346814152736,0.9388030448664582,-0.3047429875332679,-0.050896967541808544,-0.8193990288615706,-0.9667623960306695,-0.43372557269836326,0.9159736530079545,-0.37203370180315315,-0.43354884123830173,0.3189270039323997,-0.2856944141600557,0.25440237795870235,0.4230041902620194,0.49123821358299036,-0.3628967095063872,0.5400017270784544,-0.22540632132645275,0.006974505960863402,-0.37657513353161615,0.032743731430523414,0.04342341838619158,0.12768826263241392,-0.3715396540431637,0.0993445339052334,0.10696964867541008,-0.24240693500655952,0.367281754922725,-0.568793788445646,-0.5615501973747393,0.20559866714733513,0.41535060976512134,0.7442167602959997,0.6251061399152151,-0.4181524985901666,-0.057673635255046075,0.08626842182426331,-0.26825500343926323,-0.23271162410382895,-1.4150848475107876,0.3300758968156743,0.6329199219689283,-0.6851009124201614,0.2787187930099536,3.793651793640803,-0.37870055559644755,0.5595707236010271,0.017376430017500354,1.247567689437074,0.6004074083119135,-0.2759229417725566,0.7901633931663964,0.7234367315093134,-0.10482196676511717,0.2358746508702651,-0.6507554840343939,-0.6586797569299703,-0.27233849481910655,-0.2361884932057799,0.29597337531398893,-0.03841531509661432,-0.75815853246239,1.1463646132799696,-0.29343438103334085,-0.49907899984041365,0.8323740531771878,-0.7795784236565891,-0.3829367599395658,-2.787657434905704,0.01445192984498959,-0.8152892604427117,-0.2443256065898067,0.35020669640422764,0.5345874019424994
388,-0.0853302913843592,-0.5948806121153009,-0.6134380669805146,2.2918763441235663,-0.37508095329913593,-0.9292882680706551,-0.6218476120641847,-0.4432309029545464,-0.470390930401846,-0.050896992581428324,-0.5300796788621441,0.1706283124057629,-0.5861222434112833,0.16849436648259555,-0.6599208847715814,-0.027652039377224814,1.5857050283291898,-0.4485127631804561,-0.2065836426101298,-0.30313901875110427,-0.22896951790023434,-0.8402390817501345,2.6776595289920566,-0.2487710096267702,-0.5720379585423642,0.09596039102812248,-0.7132697960070458,-0.4763008463174525,1.4284104319077848,-0.434499364371016,1.293166255436538,0.10696964867541008,-0.44198262683030964,-0.321614552634301,-1.0262685430518317,1.9947544352571536,0.20559866714733513,0.41535060976512134,-0.3507653174627842,0.6251061399152151,-0.5844798366574688,2.5396720794556935,0.897388451479398,-0.7267657150996323,-0.2688515646743819,-0.6729094435933042,-0.2484067938842161,-0.05621761624717217,-0.8407879635583421,-0.4958801880976117,3.3891413288767933,-0.410816546255732,0.5595707236010271,0.04913217880498755,-0.27092776988560324,0.33363296139930393,-0.6142238291553125,-0.734728351688932,0.7234367315093134,-0.6868799350114574,-0.48648864758655525,-0.836969149559485,-0.4594963527960364,-0.23021959000323386,4.131987426476005,0.34138308781132237,0.23618041101119475,-1.0129701929769361,1.7766921263626176,-0.4588411721450053,-0.7384780756916896,0.548841425585621,-0.925741723040673,-0.5994093934017246,1.1006465398284593,0.04671565454774823,-1.4410747967556448,-0.438145480801332,2.983831273382286,2.7434167105013665
