OriginalIndex,BalabanIndex_div_PathComplexityIndex,RingCount_div_PMI_Ratio1,Max_EState_div_BalabanIndex,BalabanIndex_div_ZagrebIndex,Largest_ring_size_div_BalabanIndex,TotalPathCount_div_Largest_ring_size,SSSR_count_div_AtomInformationContent,Fused_ring_count_div_PMI_Ratio1,PMI2_div_Largest_ring_size,SSSR_count_div_SpherocityIndex,SSSR_count_div_partial_charge_max,BalabanIndex_div_partial_charge_max,RingCount_div_FractionCSP3,ZagrebIndex_div_Chi0,TPSA_div_BalabanIndex,MolarRefractivity_div_TotalPathCount,GraphDistanceDistributionEntropy_div_TotalPathCount,PMI2_div_Fused_ring_count,SSSR_count_div_BondInformationContent,Fused_ring_count_div_FragmentComplexityScore,AtomInformationContent_div_BalabanIndex,TotalPathCount_div_RadiusOfGyration,GraphDistanceDistributionEntropy_div_BertzCTIndex,Fused_ring_count_div_InertialShapeFactor,StereocenterCount_div_BalabanIndex,BalabanIndex_div_Asphericity,RadiusOfGyration_div_Largest_ring_size,ZagrebIndex_div_CovalentRadiusSum,MolarRefractivity_div_BertzCTIndex,PMI1_div_Largest_ring_size,BalabanIndex_div_HBA,RingCount_div_Fused_ring_count,Fused_ring_count_div_FractionCSP3,Largest_ring_size_div_PMI_Ratio1,Chi4_div_FractionCSP3,PMI1_div_WienerIndex,SSSR_count_div_DoubleBondCount,RingCount_div_SSSR_count,Chi4_div_RadiusOfGyration,Fused_ring_count_div_Bridged_ring_count,HBD_div_BalabanIndex,BalabanIndex_div_TopologicalRadius,TopologicalDiameter_div_BertzCTIndex,HeteroatomCount_div_Largest_ring_size,WienerIndex_div_RingCount,Chi2_div_Chi4,Chi4_div_Bridged_ring_count,Fused_ring_count_div_BondInformationContent,TotalPathCount_div_FractionCSP3,StereocenterCount_div_PMI_Ratio1,partial_charge_max_div_BertzCTIndex,PMI1_div_Bridged_ring_count,Fused_ring_count_div_DoubleBondCount,SSSR_count_div_Min_EState,Asphericity_div_Largest_ring_size,PathComplexityIndex_div_Largest_ring_size,WienerIndex_div_RotatableBonds,RingCount_div_RotatableBonds,Bridged_ring_count_div_Fused_ring_count,RotatableBonds_div_WienerIndex,StereocenterCount_div_Fused_ring_count,BondInformationContent_div_BalabanIndex,Avg_EState_div_PathComplexityIndex,RingCount_div_Asphericity,PMI_Ratio1_div_BertzCTIndex,Max_EState_div_Largest_ring_size,BalabanIndex_div_BondInformationContent,WienerIndex_div_PMI3,SSSR_count_div_ZagrebIndex,TPSA_div_Fused_ring_count,RotatableBonds_div_BertzCTIndex,Asphericity_div_Bridged_ring_count,RotatableBonds_div_Chi4,HBD_div_Fused_ring_count,Min_EState_div_BalabanIndex,Fused_ring_count_div_Min_EState,BertzCTIndex_div_Max_EState,LogP_div_Chi4,FragmentComplexityScore_div_TotalPathCount,FractionCSP3_div_Chi3
0,0.6093828139660252,4.582195203188206,5.416374745640392,0.0134791466052155,2.7477286301423596,21.5,1.3085502525608568,0.0,2629.420895951569,3.0580706875509227,4.323223561499239,9.440284999196416,1.5555555555555554,6.016919916630103,53.21434447042371,1.0570178294573649,0.0335548551496956,0.0,0.8911753063881112,0.0,0.3499711003029249,21.847561451632934,0.0050253349879029,0.0,0.4579547716903933,4.422038671472057,0.9840915219576162,4.092976250631627,0.158304026571175,583.6976731150947,0.3119459642921319,0.0,0.0,27.49317121912924,6.573462672305062,0.6124844418836252,0.25,1.0,0.7156850316438543,0.0,0.4579547716903933,0.1985110681859021,0.0255412777102602,1.3333333333333333,5718.0,2.1997707530054957,0.0,0.0,200.66666666666663,4.582195203188206,0.0002685420154967,0.0,0.0,-0.8434408450202615,0.0823007181481,0.5972222222222222,317.6666666666667,0.0555555555555555,0.0,0.0031479538300104,0.0,0.5138773128111696,0.7028423772609819,2.025093710200076,0.0002533648430866,1.9712189501624,1.945989782132028,0.3563127411448254,0.0061728395061728,0.0,0.0208974090356674,0.0,4.259551076172989,0.0,-0.5429601546975024,-0.0,72.82725580951752,1.5170391157790115,0.0077519379844961,0.1106390440222507
3,0.3424088859175527,22.735583321412435,7.391212259589382,0.0151822807906839,3.728278666775714,15.666666666666666,2.8462572161078965,22.735583321412435,564.1839646493128,27.67074574591784,13.468702775360894,7.225158835570025,22.500000000000004,7.511061262050579,44.770412990198366,0.8041457446808513,0.0335638350836718,1128.3679292986255,2.7377377172503308,3.0,0.6549440868654054,25.10177282136705,0.003635855368243,1563.4726549710986,0.0,2.4526293109776596,0.6241259044991013,5.723542116630673,0.0871103559935562,80.41310618470776,0.4023304409531244,1.0,22.500000000000004,45.47116664282487,16.051650673993475,0.5956526384052426,1.5,1.0,0.5715246647184785,1.0,0.6213797777959524,0.2682202939687496,0.0126765143389789,0.8333333333333334,270.0,2.094195193530949,0.7134066966219321,2.7377377172503308,705.0000000000001,0.0,0.0002566862778858,160.82621236941552,1.5,-6.208551836513,0.1093603068218378,0.7833333333333333,405.0,1.5,1.0,0.0024691358024691,0.0,0.6809050120623391,0.5336879432624113,4.5720427688134135,0.0001520625679351,1.98247312505249,1.4686336306604344,0.2215246625382389,0.0283018867924528,24.016666666666666,0.0023048207889052,0.2187206136436757,0.9344833316303516,0.3333333333333333,-0.3002534862356631,-6.208551836513,72.9515080687592,0.837203616807632,0.0106382978723404,0.0420717233078813
8,0.4279930721381138,8.024339432064078,3.352876421694899,0.0386839892124833,2.4856238488148787,9.4,1.543850950836701,8.024339432064078,92.54953528486186,2675563.825057263,13.57050412930085,13.648992118991712,0.0,7.455526891705896,32.38270750236024,0.7526042553191491,0.044876009355253,231.37383821215465,2.3098512613710054,2.0,0.6440061710536957,22.006214694504266,0.00586553833458,409.2551502896053,0.0,4.5859283164183084,0.4271520627465075,5.842696629213484,0.098369466754418,30.72518809047681,0.670522479683045,1.0,0.0,20.060848580160194,0.0,1.4224624115961486,2.0,1.0,0.432423929287727,1.0,0.9942495395259514,0.670522479683045,0.0139048335360928,0.8,54.0,2.149148315833534,0.4617769334405063,2.3098512613710054,0.0,0.0,0.0004098545906211,76.81297022619202,2.0,3.2542372881355925,0.0877278186772969,0.94,108.0,2.0,1.0,0.0092592592592592,0.0,0.4304387716011711,0.5319148936170213,4.559557116897925,0.0006931328692568,1.3489074074074074,2.323210793210244,0.1752184787384151,0.0384615384615384,32.57,0.0027809667072185,0.2193195466932423,1.082773875851073,1.0,0.3055245980834956,3.2542372881355925,53.31532567517672,2.623961727521215,0.0212765957446808,0.0
10,0.4210424392484154,13.192381885966348,3.5608324981487445,0.0372460619335136,2.5815842309849084,9.2,1.543850950836701,13.192381885966348,113.03918496573074,295823832.76677,14.039121134170056,13.595451356640362,0.0,7.455526891705896,33.906527289755786,0.7879434782608695,0.0487403254445523,282.59796241432684,2.3098512613710054,2.0,0.6688687737856559,20.717027110317897,0.0067717962133711,238.0878235122841,0.0,3.153659497883002,0.444079160152184,5.842696629213483,0.1094738825350584,20.199308018263302,0.6455984068475703,1.0,0.0,32.980954714915875,0.0,0.9017548222438976,2.0,1.0,0.3860495184119424,1.0,1.0326336923939634,0.6455984068475703,0.0181221146741476,0.8,56.0,2.301421348849742,0.4285913647838262,2.3098512613710054,0.0,0.0,0.0004302765702818,50.49827004565826,2.0,2.8857715430861717,0.1228284297555172,0.92,112.0,2.0,1.0,0.0089285714285714,0.0,0.4470563579843,0.5434782608695654,3.2565750518522165,0.0004578934224007,1.37932067271353,2.2368544415939575,0.1681195843792318,0.0384615384615384,32.835,0.0030203524456912,0.3070710743887931,1.1666123983906933,1.0,0.3578362586837416,2.8857715430861717,48.00728289043549,1.345769064411552,0.0217391304347826,0.0
14,0.4279930721381138,5.607286763783603,2.3684082723147473,0.0386839892124833,2.4856238488148787,9.4,1.543850950836701,5.607286763783603,70.74737028082464,398733925.9798293,31.39650689371532,31.57809548363972,0.0,7.455526891705896,21.540416273829734,0.752,0.044876009355253,176.8684257020616,2.3098512613710054,2.0,0.6440061710536957,23.299205753145944,0.00586553833458,609.7218022550762,0.0,6.455132595947142,0.4034472290425942,5.842696629213483,0.098290487299933,39.224699704842735,0.5028918597622838,1.0,0.0,14.018216909459008,0.0,1.8159583196686453,2.0,1.0,0.415445840218303,1.0,0.0,0.670522479683045,0.0139048335360928,0.8,54.0,2.241147335732481,0.4190261826333668,2.3098512613710054,0.0,0.0,0.0001771513446787,98.06174926210684,2.0,2.84247927358863,0.0623245892830179,0.94,108.0,2.0,1.0,0.0092592592592592,0.0,0.4304387716011711,0.5070921985815604,6.418012611099406,0.00099191171216,0.9528425925925926,2.323210793210244,0.1964135080135483,0.0384615384615384,21.665,0.0027809667072185,0.1558114732075448,1.1932428586150725,0.0,0.3497825116137826,2.84247927358863,75.47672437259948,1.1518373314211292,0.0212765957446808,0.0
19,0.4210424392484154,13.619960236161855,3.536111829043461,0.0372460619335136,2.5815842309849084,9.2,1.543850950836701,13.619960236161855,111.9880899451234,132398.51382574294,17.955813257387426,17.388366648932703,0.0,7.455526891705896,28.299326340056567,0.7865369565217393,0.0487403254445523,279.9702248628085,2.3098512613710054,2.0,0.6688687737856559,20.872384282394936,0.0067717962133711,225.92245218541296,0.0,3.1030509049640864,0.4407737935219912,5.842696629213484,0.1092784657318223,19.274924844986963,0.4841988051356777,1.0,0.0,34.04990059040464,0.0,0.8604877162940607,2.0,1.0,0.3779911723126293,1.0,0.5163168461969817,0.6455984068475703,0.0181221146741476,0.8,56.0,2.3039688084520495,0.4165215073451557,2.3098512613710054,0.0,0.0,0.0003364205678011,48.1873121124674,2.0,3.492320129345189,0.1248316756547135,0.92,112.0,2.0,1.0,0.0089285714285714,0.0,0.4470563579843,0.5398550724637682,3.204314913679494,0.0004435185409237,1.3697448979591835,2.2368544415939575,0.1706512528319915,0.0384615384615384,27.405,0.0030203524456912,0.3120791891367838,1.2004182045410414,0.5,0.2956870086785493,3.492320129345189,48.34289788576193,1.3018175302786232,0.0217391304347826,0.0
29,0.2327846672530572,38.267721441332675,10.172687953654476,0.0066132007742345,5.154978694088539,26.666666666666668,9.302697562997697,25.511814294221782,2179.4353035131458,54.33048237840668,30.20751201415685,5.859871360631859,12.923076923076923,7.912988871746301,30.526065500160968,0.8234562499999999,0.0238238820057871,3269.152955269719,5.024394548196597,4.0,0.5541380507298145,29.48070554943121,0.00382915552526,9303.04556548434,0.0,1.9269164234600464,0.9045464200968272,5.16583504549457,0.1323521518756453,363.9471033242303,0.387974445421762,1.5,8.615384615384615,38.267721441332675,14.61278984199302,0.6869086567931367,3.0,1.0,1.2500758057227015,1.0,0.0,0.1293248151405873,0.0170773081591005,0.6666666666666666,529.8333333333334,1.436800701417821,1.69612739237419,3.3495963654643974,344.6153846153846,0.0,0.0001995293498451,545.9206549863454,2.0,-17.61060815585599,0.1006723593971709,0.8333333333333334,529.8333333333334,1.0,1.0,0.0018873859704309,0.0,1.0259900261890884,0.4005208333333333,9.933213108225829,0.0001575031124302,1.9733714836338672,0.9746683442083496,0.2282546621094705,0.034090909090909,8.8825,0.0060272852326237,0.1510085390957564,0.8843675343868738,0.0,-0.2927200837396619,-11.740405437237325,84.07549009198462,1.061358956935501,0.00625,0.0593458230922186
31,0.5075923330697143,6.440825368636125,6.939707298781742,0.0060840754533467,3.1011983123784046,43.833333333333336,2.14830369307671,0.0,15323.6522274448,136.79657816853128,3.65650900653016,3.5371897939598744,2.0833333333333335,6.2315903874263405,149.19865080852506,0.9831243346007568,0.0185874205610365,0.0,7.835697546155774,0.0,0.4811855856898579,23.00969395216439,0.0035922357223905,0.0,7.23612939554961,5.441807836943026,1.904994191772385,3.985961393833033,0.1900002392858824,6824.307438997869,0.1138079996567219,0.0,0.0,19.322476105908375,9.323709479551711,1.2960826992272478,0.6666666666666666,1.0,0.7830960971803941,0.0,4.651797468567606,0.1018282102191723,0.027188902507903,3.1666666666666665,15796.0,2.2013572108543857,0.0,0.0,273.95833333333337,45.08577758045288,0.000401932663972,0.0,0.0,-0.3723324639534845,0.0592553079214426,0.6352657004830918,770.5365853658536,0.048780487804878,0.0,0.0012977969106102,0.0,0.1319260684455534,0.6519856358259398,5.625375093405096,0.0002281804460945,2.23775024998626,7.580003040966125,0.2395828671852284,0.0062893081761006,0.0,0.0301282433195682,0.0,4.580616054908091,0.0,-2.776370235935015,-0.0,101.3554676761563,0.734540887224494,0.0038022813688212,0.0713435202846548
33,0.5065720987595933,5.256112855231623,6.973890243839697,0.0061602376263185,3.1217576978863586,43.0,2.1327297852760094,0.0,14601.879885343767,132.17592972655316,3.6572237758312,3.514581331831796,2.1777777777777776,6.2200872323122525,150.18776284531273,0.9841887596899184,0.0189427896428971,0.0,6.262968522751499,0.0,0.48791267720809,21.771792563156904,0.0035607285004176,0.0,6.763808345420443,6.649211777732326,1.9750325966620828,4.011313962458208,0.1850006800731511,8841.215175729702,0.1130584787889057,0.0,0.0,15.76833856569487,9.15116152759755,1.738742372885975,0.5,1.0,0.7091974032657662,0.0,4.682636546829538,0.1011575862848104,0.0269573341704974,3.1666666666666665,15254.5,2.2270605651997073,0.0,0.0,280.9333333333333,34.164733559005555,0.000398431511912,0.0,0.0,-0.3722226626261282,0.0481759894671025,0.6323529411764707,762.725,0.05,0.0,0.001311088531253,0.0,0.1661489907725568,0.6613910422049956,6.919076017337509,0.000277230196257,2.233962696259704,6.0186943980232215,0.2188416982057275,0.0064102564102564,0.0,0.0291430639681053,0.0,4.759565812952071,0.0,-2.7956006008711216,-0.0,102.39944778176655,0.7263930354582133,0.003875968992248,0.0721962857208647
35,0.4363279777697003,8.503696730001378,5.445275221796507,0.0377591519223779,3.0558052686621084,7.5,1.543850950836701,8.503696730001378,73.36426468991473,369291405.2615035,13.320153485464582,13.076900176263267,0.0,7.455526891705896,25.546532046015223,0.795837777777778,0.0468704986599309,220.0927940697442,4.550656908956615,2.0,0.6597798548290326,21.80420839310512,0.0052691745024143,353.98349090427473,0.0,4.264994408249401,0.343970295311048,5.842696629213484,0.0894679648524762,22.560788884132567,0.6544919666545504,1.0,0.0,25.511090190004136,0.0,1.2533771602295871,2.0,1.0,0.4095802303103428,1.0,0.5093008781103514,0.6544919666545504,0.0124910946190145,0.6666666666666666,54.0,2.354638970417446,0.4226502983202471,4.550656908956615,0.0,0.0,0.0003751036242231,67.6823666523977,2.0,-28.647214854111535,0.0767283499116229,0.75,0.0,0.0,1.0,0.0,0.0,0.2238362013659804,0.574074074074074,4.344330794514318,0.0005875606816948,1.7819444444444443,4.467552584869699,0.1876464945821113,0.0384615384615384,25.08,0.0,0.2301850497348687,0.0,0.5,-0.0355567464902965,-28.647214854111535,37.438987562820266,0.026736051163124,0.0222222222222222,0.0
36,0.4363279777697003,8.76064394827102,4.531504562986852,0.0377591519223779,3.0558052686621084,7.5,1.543850950836701,8.76064394827102,77.67285703562708,1082859986.7056856,10.804438528174003,10.6071273313542,0.0,7.455526891705896,25.943786730941294,0.7517444444444445,0.0468704986599309,233.0185711068812,2.9238123119961266,2.0,0.6597798548290326,21.28617980852408,0.006656783271315,357.30609263630157,0.0,4.164557223091569,0.3523412875144752,5.842696629213484,0.1067665159355312,22.97794632795801,0.4908689749909128,1.0,0.0,26.281931844813062,0.0,1.2765525737754448,0.0,1.0,0.3930363581608454,1.0,0.5093008781103514,0.6544919666545504,0.0157805572129315,0.6666666666666666,54.0,2.419070992194897,0.4154488094231781,2.9238123119961266,0.0,0.0,0.0005842249801979,68.93383898387403,0.0,2.8609271523178794,0.0785788178183186,0.75,0.0,0.0,1.0,0.0,0.0,0.348381375932195,0.562962962962963,4.242025301322685,0.0007205204232068,1.4829166666666669,2.8704175053106993,0.1788361287142647,0.0384615384615384,25.47,0.0,0.2357364534549558,0.0,0.5,0.3560390397901069,2.8609271523178794,35.610631356328966,0.746421684131319,0.0222222222222222,0.0
39,0.4388097115428816,9.721709139288592,2.7664625129093574,0.037973917345057,3.0385228454613102,7.5,1.543850950836701,9.721709139288592,81.3037193575795,824312914.7811033,15.768886158418644,15.568965869688505,0.0,7.455526891705896,32.88694559737625,0.7851644444444446,0.0468704986599309,243.9111580727385,2.9238123119961266,2.0,0.6560484015235971,21.10748795243701,0.0073529888375357,318.15400930887625,0.0,3.87342198141182,0.3553241397981739,5.842696629213483,0.1231756768264445,21.058477549476873,0.4936609254857418,1.0,0.0,29.165127417865776,0.0,1.1699154194153818,0.0,1.0,0.3914946845447405,1.0,0.5064204742435517,0.6582145673143224,0.0174309807466297,0.6666666666666666,54.0,2.3685478068960317,0.4173225360642522,2.9238123119961266,0.0,0.0,0.0004421613694591,63.17543264843062,0.0,3.0670926517571875,0.0849655124684363,0.75,0.0,0.0,1.0,0.0,0.0,0.3464110689771407,0.5444444444444445,3.923160393543943,0.0007171982003117,0.9104629629629628,2.8867437837732286,0.1758461674144703,0.0384615384615384,32.47,0.0,0.2548965374053089,0.0,0.5,0.3302283509129828,3.0670926517571875,52.50910876510594,0.9064931013976104,0.0222222222222222,0.0
41,0.4296435148852086,12.970856403229863,2.727157249585493,0.0369493422801279,2.70640812066043,8.6,1.543850950836701,0.0,112.04736855752448,137228.6971933843,19.608583265152657,18.113106367312852,0.0,7.340468007249665,23.73519921819197,0.7819767441860465,0.0515641718971672,0.0,4.550656908956615,0.0,0.7012096910504662,19.421787693139983,0.0087846320281781,0.0,0.0,3.034856979596888,0.4428016687175314,5.617977528089887,0.1332199800661322,20.426174530086595,0.4618667785015992,0.0,0.0,32.427141008074656,0.0,0.8880945447863737,0.0,1.0,0.3279167298364351,0.0,0.0,0.6158223713354656,0.0198096624633653,0.8,57.5,2.477806167150133,0.0,0.0,0.0,0.0,0.0004041018608125,0.0,0.0,2.9488054607508523,0.1217498634319032,0.86,115.0,2.0,0.0,0.008695652173913,0.0,0.2378916428820349,0.5387596899224806,3.285424629849601,0.0006108975952715,1.0076666666666667,4.203594493211674,0.1736209554657681,0.04,0.0,0.003961932492673,0.0,1.377390782901215,0.0,0.3671192497006972,0.0,50.096343930406846,1.1849692905299152,0.0232558139534883,0.0
47,1.379479210630722,0.0,2.876072626278263,0.0175825146846492,0.0,0.0,0.0,0.0,0.0,0.0,0.0,8.065845819530173,0.0,5.718861762140055,44.44187956130178,1.2474531914893567,0.0267095502289943,0.0,0.0,0.0,0.2188431195516163,17.181417527996672,0.0040789904919599,0.0,0.6824962307852847,11.819998751696536,0.0,3.658179689786354,0.1905067537126322,0.0,0.4395628671162301,0.0,0.0,0.0,7.520057905609034,1.272763653706106,0.0,0.0,0.5310660856108987,0.0,0.9099949743803796,0.2093156510077286,0.0333052061059637,0.0,0.0,2.5771359620924024,0.0,0.0,243.29411764705884,10.09632034015356,0.0004426896315042,0.0,0.0,-0.0,0.0,0.0,581.9047619047619,0.0,0.0,0.0017184942716857,0.0,0.1316750499034018,0.7559101654846334,0.0,0.0002413717293363,0.0,7.59445316886996,0.2334588642791864,0.0,0.0,0.0341175282061092,0.0,7.22772907585326,0.0,-1.107335585606278,-0.0,97.3757655530384,1.970829630197661,0.0053191489361702,0.0838943820383659
50,1.3298594337327847,0.0,2.9832013041378165,0.0174333240101761,0.0,0.0,0.0,0.0,0.0,0.0,0.0,7.838292283247025,0.0,5.655217344758393,40.693414932757726,1.2765951086956475,0.027601051350629,0.0,0.0,0.0,0.214389145930804,15.063195799270227,0.0036480185096099,0.0,0.711091826644182,12.314945943967311,0.0,3.7931034482758537,0.1687269998029657,0.0,0.4687627122736252,0.0,0.0,0.0,8.847834931474546,1.6443535957578397,0.0,0.0,0.3936574609298905,0.0,0.711091826644182,0.1917665641119376,0.0308874489567721,0.0,0.0,2.7770771778983496,0.0,0.0,338.56,9.281563293724384,0.0003866230112874,0.0,0.0,-0.0,0.0,0.0,651.9459459459459,0.0,0.0,0.0015338694967249,0.0,0.1836114915064882,0.749849033816425,0.0,0.0002321740671387,0.0,5.446282211397772,0.1965644211492707,0.0,0.0,0.0265775723581527,0.0,7.694537762884559,0.0,-1.125355754484423,-0.0,110.61353882113728,2.2988575349258036,0.0054347826086956,0.0676833617032992
63,1.1361807560158113,0.0,3.3680557498247254,0.0491427662636596,0.0,0.0,0.0,0.0,0.0,0.0,0.0,14.99373279879218,0.0,5.192420474254711,7.870226592603511,1.458600000000001,0.0699223561344004,0.0,0.0,0.0,0.1563749310150148,12.13979478143617,0.0153962237204451,0.0,0.2992481594145821,5.978427918981828,0.0,3.177570093457947,0.3211695537758478,0.0,1.6708540529644285,0.0,0.0,0.0,1.96011544659758,0.9985431567658392,0.0,0.0,0.3807263883138836,0.0,0.0,0.477386872275551,0.0572494748263543,0.0,0.0,3.2374975116845506,0.0,0.0,62.5,5.623162650148441,0.0009814923067405,0.0,0.0,-0.0,0.0,0.0,78.22222222222223,0.0,0.0,0.0127840909090909,0.0,0.1626606591506914,0.7133333333333332,0.0,0.0007831546106455,0.0,6.147768029598258,0.1780953230467976,0.0,0.0,0.0396342518028606,0.0,5.739457856693107,0.0,-0.0115408739560317,-0.0,20.175488623604995,2.864882275045349,0.02,0.2836672058083648
70,0.2554775311521108,25.79749931090557,9.611362256853818,0.0053206820709575,4.3041029426998705,41.833333333333336,6.619225244630781,20.637999448724457,3176.3359442984097,22.992937250871535,29.890565855910975,8.333601566832769,6.0,7.673038270979552,124.80463832848724,0.6733179282868514,0.0156454593684053,4764.503916447615,12.432269301366116,4.0,0.5418689226747956,43.26830424999727,0.0031952090024162,17288.210232163452,10.760257356749674,2.629349518231008,0.9668355175563872,5.105222135619627,0.1375090021514433,665.9303503955075,0.1394018702590865,1.25,4.8,30.95699917308669,13.076002179954177,0.5396518236592444,1.25,1.0,1.87840783763574,1.0,4.3041029426998705,0.1548909669545406,0.0146456865728022,1.6666666666666667,1480.8,1.5002372180649697,2.7241671208237865,9.945815441092892,301.2,77.39249793271672,0.0001361046923579,998.8955255932613,1.0,-3.063374257405518,0.088362710556687,0.9094202898550724,822.6666666666666,0.5555555555555556,1.0,0.0012155591572123,3.75,0.2885034393403755,0.4541832669322709,9.430825832337138,0.0001576992491091,2.2330697905716956,3.4661631843501284,0.3591523775732563,0.0190839694656488,43.495,0.0073228432864011,0.1325440658350305,0.8259405169384767,1.5,-1.170850229474619,-2.4506994059244143,91.72954147641993,0.2256469492275918,0.0039840637450199,0.0603231520181826
73,0.2247398634670371,37.152771092351415,13.236349465938398,0.002723448591768,5.426327916679628,61.5,8.486414196394232,9.288192773087854,8269.633598991482,186.1667752275796,39.200144570133176,5.418048610226604,14.76923076923077,7.497293106423664,388.78735135023425,0.6550691056910558,0.0115037358750839,24808.90079697445,8.227691400054498,2.0,0.8525513510736104,48.246280933468206,0.0017404870723782,33238.06831763767,19.896535694491966,2.2518527450578354,1.2747096524353605,5.6170448256779135,0.0991103518326714,2220.8528636512,0.0409525973428823,4.0,3.692307692307693,27.86457831926356,16.775134014831348,0.4907962129615912,2.6666666666666665,1.0,1.1880523677608072,1.0,13.565819791699068,0.0921433440214852,0.0094304706971541,4.5,3393.75,2.021552069228427,4.543265462350156,2.0569228500136245,681.2307692307693,102.1701205039664,8.367733733432308e-05,6662.5585909536,0.6666666666666666,-3.7178773747124256,0.081837805978844,0.82,1810.0,0.5333333333333333,1.0,0.0005524861878453,11.0,0.8793601433396308,0.5840108401084012,16.29238855301198,8.828853472586731e-05,2.4392830048571272,1.1371904987667552,0.438730242540516,0.0197044334975369,214.94500000000005,0.0061503069764048,0.245513417936532,1.6507950200471828,7.5,-1.9460308019077144,-0.9294693436781064,166.64067869511732,-0.4649739306466224,0.002710027100271,0.0408379274874063
76,0.3475229712531574,13.949289334749563,7.445991436670821,0.0155382866954536,3.7129130658393503,15.5,2.5934066193453966,9.299526223166376,538.740104099131,11.098276066528612,18.70596615566955,10.076167054797896,3.230769230769231,7.455526891705896,31.708277582268053,0.7799032258064521,0.0338204845685856,1616.220312297393,11.245853605853032,2.0,0.7158370457881629,25.654728083312925,0.0090887537526039,1621.124786010283,1.2376376886131168,3.286418887693539,0.6041771306117233,4.6973803071364095,0.2095874278750102,125.10994668064576,0.3231963632654364,1.5,2.1538461538461537,27.89857866949913,3.794003171075438,0.9233206397095628,3.0,1.0,0.9718460492436064,1.0,0.0,0.269330302721197,0.0317858806113952,1.0,271.0,1.644672328455738,1.7615014722850248,7.497235737235355,100.15384615384616,9.299526223166376,0.0004634284301724,375.3298400419373,2.0,31.72505133139683,0.0819525179001808,0.775,203.25,0.75,1.0,0.004920049200492,1.0,0.1650792014537216,0.4587813620071684,6.101093813969283,0.0006214565002093,2.005431127697993,6.057698312045325,0.2329252812011923,0.0288461538461538,25.62,0.0115585020405073,0.2458575537005424,1.1353950203661165,0.0,0.0585170537165506,21.150034220931225,28.76069889136862,-0.0785125656583164,0.010752688172043,0.1996808568543892
79,0.2844959554025724,17.366158451015067,9.301670069245732,0.0091578820230621,4.310350811587269,22.833333333333332,3.240953105184294,8.683079225507534,1038.478080144033,26.760847343328223,7.533658266292407,2.621709436981361,11.428571428571429,7.705799130482655,54.70553571706176,0.7465167883211682,0.026038315615044,3115.4342404320987,2.9661063899844535,2.0,0.8866426370465619,31.30694839256111,0.0037695968378381,4119.14764063203,1.4367836038624229,3.013293581949092,0.7293375594140882,5.469593378913282,0.1080740922820162,286.5430235945657,0.2783996135010887,2.0,5.714285714285714,26.0492376765226,10.580602142599776,0.8249799143797476,1.3333333333333333,1.0,0.8462498382058937,1.0,0.0,0.1739997584381805,0.0158508555963095,1.3333333333333333,521.0,1.8690783758482608,1.8516053749549608,1.4830531949922268,391.42857142857144,8.683079225507534,0.000561068033122,859.629070783697,0.6666666666666666,-1.104704934857898,0.0769920592229547,0.8154761904761906,416.8,0.8,1.0,0.0023992322456813,1.0,0.9688011250803136,0.4981751824817518,8.65890162433665,0.0002433983795325,2.157984460160548,1.032203590718477,0.2791983562310569,0.0263157894736842,38.075,0.0052836185321031,0.2309761776688643,1.350179705576201,0.0,-2.6012079036240405,-0.5523524674289491,73.08680654003717,0.4038927571260646,0.0072992700729927,0.0668200507345002
80,0.3295133379221134,12.450559095240711,7.917615560146173,0.0119862655990186,3.972800971717682,18.333333333333332,2.426319742749134,8.300372730160475,793.8595662750632,10.839238120485692,14.138995278282524,7.117897613768144,6.857142857142857,7.297063354049606,74.93364766154835,0.7555790909090914,0.0318170176089833,2381.57869882519,2.402964751002332,2.0,0.8186886711015903,26.55050938552245,0.0053013771189422,2932.013451614678,1.3242669905725608,3.398854879654337,0.6905077814940227,5.366269165247024,0.1258951971339292,216.1874096473213,0.3020538930952706,1.5,4.571428571428571,24.901118190481423,7.440879108630084,0.8939520729730721,1.0,1.0,0.7857465421997424,1.0,1.3242669905725608,0.2157527807823361,0.0196915498015499,1.3333333333333333,483.6666666666667,1.8740995981019348,1.627692305012831,1.6019765006682216,251.42857142857144,8.300372730160475,0.0003213950999288,648.5622289419638,0.6666666666666666,-3.1387686649258306,0.0740577595960764,0.7638888888888888,290.2,0.6,1.0,0.0034458993797381,1.0,0.8266457029926333,0.590909090909091,6.751486984309068,0.0003649798989424,1.992955503311536,1.2097080966849367,0.2695368601613956,0.0238095238095238,56.585,0.0075736730005961,0.2221732787882293,1.535916826724995,1.0,-0.6328597924580657,-2.092512443283887,55.209600103704425,-0.220649811327312,0.009090909090909,0.0997180591388608
88,0.411136725393148,23.556330291675796,6.53434751368477,0.016856605741119,3.55943544753137,13.666666666666666,1.304455966042499,0.0,979.8942743299498,12.926729127349937,3.691556841004868,3.111355911987501,3.4285714285714284,6.855148673329818,59.6502057082132,0.8958292682926834,0.0413690201217419,0.0,1.5775729502035165,0.0,0.9095580942529118,18.136630453290348,0.0064890868863264,0.0,1.779717723765685,2.190178368560024,0.7535394571700754,4.800768122899669,0.1405185315039733,84.01716860832495,0.2809434290186511,0.0,0.0,70.66899087502738,3.453867980767738,0.5374232533581553,1.0,1.0,0.4456206203368457,0.0,1.779717723765685,0.2809434290186511,0.0229549181579634,1.3333333333333333,469.0,2.378190142878641,0.0,0.0,140.57142857142856,35.33449543751369,0.00103637025184,0.0,0.0,-0.6098885719978117,0.1282742232557811,0.6833333333333332,156.33333333333334,0.3333333333333333,0.0,0.0063965884861407,0.0,0.7520910410877631,0.641260162601626,2.598599507156325,0.0001624115320859,1.8357819968940965,1.3296262624717368,0.1579813813665478,0.02,0.0,0.0114774590789817,0.0,2.978027632494494,0.0,-1.945402057008397,-0.0,47.46059083755659,-0.5714338688818174,0.0121951219512195,0.1880959846405997
92,0.6165915750792782,6.604724925133185,4.510684738179296,0.0405132284907859,2.8480725847572925,6.833333333333333,2.416527986393644,0.0,210.7100460946571,8.660684383405249,7.05822150463637,14.86946970890742,2.2,5.901342186690326,9.602751398273336,1.2453853658536596,0.0672963782321432,0.0,1.0,0.0,0.1964300710767319,13.792922717463004,0.0134262722809763,0.0,0.4746787641262154,3.435512193823224,0.4954231581883481,3.719599427753933,0.2484663135810185,35.905887222639905,2.106687881520867,0.0,0.0,39.628349550799115,2.9072008226596195,0.9748204675829838,0.0,1.0,0.4445542823845786,0.0,0.4746787641262154,0.5266719703802167,0.0389286988971607,0.1666666666666666,221.0,2.3702824059933008,0.0,0.0,90.20000000000002,6.604724925133185,0.0006894211748595,0.0,0.0,-5.914567360350485,0.1022015429173619,0.5694444444444444,55.25,0.25,0.0,0.0180995475113122,0.0,0.4746787641262154,0.6219512195121952,1.6307646823045507,0.0007367585201963,1.5837674792139078,2.106687881520867,0.1553175838955224,0.0192307692307692,0.0,0.0194643494485803,0.0,3.026966672343406,0.0,-0.0802558725272657,-0.0,21.62606116390767,1.808688260891994,0.024390243902439,0.2347797744773674
93,0.2769887767870234,24.67762198742676,9.703416557730002,0.0092614560139694,4.498932630443772,21.666666666666668,3.700085695133752,12.33881099371338,1132.3517565991624,19.67825836365593,22.14048079714587,7.381911205112427,11.428571428571429,7.658452529025817,49.473262492780016,0.7648807692307695,0.0275346971873835,3397.055269797487,3.142416856918796,2.0,0.810599717795841,28.518652532310615,0.0042505425798284,2513.1386164437713,0.749822105073962,2.2490458915934197,0.7597366895970666,5.365126676602091,0.118074960330308,196.0589262225023,0.3334124165028986,2.0,5.714285714285714,37.01643298114014,10.780095263205911,0.6032582345307762,2.0,1.0,0.827706360590784,1.0,0.0,0.1905213808587992,0.0166245060278304,1.1666666666666667,487.5,1.7977156993443464,1.8865166710610344,1.571208428459398,371.42857142857144,6.16940549685669,0.0002145327786064,588.1767786675068,1.0,-75.42560488012413,0.0988307731585623,0.8024691358024691,487.5,1.0,1.0,0.002051282051282,0.5,0.9544527530433092,0.4743589743589742,6.745537299370094,0.0001924763604659,2.156826375231332,1.0477207979247392,0.2686911889902002,0.0277777777777777,32.99,0.0047498588650944,0.2964923194756869,1.0601549568470758,0.0,-0.039764857372542,-37.71280244006206,65.07480116147747,0.4909577605158808,0.0076923076923076,0.0681771239817644
95,0.275510628306433,21.118783994994537,9.110843057128882,0.0092517149258456,4.323522754495573,22.666666666666668,3.700085695133752,15.8390879962459,1101.6877082233468,17.049389659073256,23.50281763529221,8.1540513268448,6.153846153846153,7.820061919661537,55.11050337730357,0.739048529411765,0.0257218263246281,2203.3754164466936,4.339176367343445,3.0,0.778995066732598,30.149532983940848,0.0048776821760405,4567.2989391137135,0.7205871257492622,2.582958766253511,0.7518082180158502,5.17955801104973,0.1401472739005783,230.10086960984108,0.2312928731461413,1.3333333333333333,4.615384615384615,31.6781759924918,7.436605601824651,0.7281673088919022,4.0,1.0,1.0715928001654529,1.5,1.4411742514985244,0.1982510341252639,0.0181265912322433,1.1666666666666667,474.0,1.7560046239193416,2.4168968205930117,3.2543822755075835,209.23076923076923,5.279695998748633,0.0002373082569669,690.3026088295233,3.0,-43.24688890015818,0.0895457086531905,0.8395061728395062,632.0,1.3333333333333333,0.6666666666666666,0.0015822784810126,0.3333333333333333,0.6642616614271655,0.449142156862745,7.444987333213912,0.0002640972457583,2.1072730674669127,1.5054308536360523,0.2601117109397183,0.0266666666666666,25.493333333333336,0.004183059515133,0.2686371259595715,0.6206305487347858,0.6666666666666666,-0.0666486902595785,-32.43516667511864,56.72247131187091,0.1760935743610165,0.0073529411764705,0.1076060453346389
96,0.3082258522662239,40.56671020903754,9.047068074434444,0.0094354852734558,4.5421238669843245,20.0,2.6412728869392947,27.044473472691696,1988.7627441345012,25.079632073076812,15.405381839334808,6.783338495593684,5.0,7.023701250721686,82.45468859865545,0.8545325000000003,0.032925597479354,5966.288232403504,2.849052700308508,2.0,0.8598361588165422,21.256510411797368,0.0060183782397796,1821.6238163416044,3.785103222486937,1.6590586673919985,0.9408882084850576,4.726536124240383,0.1561976151354375,149.41904116917658,0.2641935876567633,1.5,3.3333333333333335,81.13342041807508,5.977141450811486,0.3481608726272076,1.5,1.0,0.6352658474098,1.0,3.02808257798955,0.1320967938283816,0.0289413089181639,1.3333333333333333,858.3333333333334,2.025840699764308,1.7931424352434455,1.8993684668723387,200.0,67.61118368172923,0.0002966288277147,448.25712350752974,1.0,-3.61254908230425,0.1327025543909132,0.7142857142857143,321.875,0.375,1.0,0.0031067961165048,2.5,0.7971287906489907,0.5597222222222223,3.7678249849442023,0.0001126460669833,1.991814476966501,1.2545024238628235,0.2124083096678914,0.0214285714285714,54.46000000000001,0.0121858142813321,0.3981076631727398,2.2307207288064324,2.0,-0.6286591217865404,-2.4083660548695,54.933250410145845,0.1918140986682436,0.0083333333333333,0.119444497123845
101,0.1978363152863101,19.597463438584967,10.90606821169479,0.0030917492976197,5.331453134381402,57.833333333333336,9.636348637571748,12.248414649115604,3842.258116951001,42.75638554800477,35.323915447616265,4.9691774302328415,8.372093023255813,8.157735297055678,213.57801256331896,0.6132178674351564,0.0118909093432982,4610.709740341201,41.79002236453046,5.0,0.7376864875414565,54.83879096865477,0.002449062746855,96696.55876409412,18.660085970334908,4.749193632389207,1.0546062798209794,5.426356589147275,0.1262989222676861,2248.449886279896,0.07033729652085,1.6,5.232558139534883,14.698097578938723,16.204492708994273,0.8853907801850349,4.0,1.0,2.4470890747441545,1.0,6.220028656778302,0.1023087949394182,0.0124644943225814,2.6666666666666665,1904.625,1.4394133929872888,3.0968586066077943,26.118763977831534,363.1395348837209,51.443341526285536,0.0001344239088273,2698.1398635358755,2.5,-4.911695734929994,0.039494309681629,0.9480874316939892,1693.0,0.8888888888888888,1.0,0.0005906674542232,4.2,0.1701029044006608,0.4277137367915465,33.76013770291418,0.0002422955809783,2.0456089431535815,5.8787943893338666,0.4610575401268001,0.0219780219780219,48.072,0.0053419261382492,0.0473931716179548,0.5812341564963038,1.4,-1.447281053796082,-3.0698098343312465,137.26846161848312,0.1112869664971592,0.0028818443804034,0.0520540686785949
103,0.2303988204636097,29.323761333364157,9.464257885607516,0.0072582003892324,5.102785132797011,24.666666666666668,4.442023221099291,11.729504533345663,1350.3976813028337,54.85821926010293,39.36799874589303,9.25800269179214,11.66666666666667,8.117267587805344,80.42839833476889,0.7021925675675679,0.0246911773898182,4051.193043908501,5.00331467511402,2.0,0.9572937223288908,30.296104018049743,0.0037071399861212,3596.1134055085927,4.252320943997509,2.049973597846757,0.8141860964027194,5.609418282548482,0.1054273801564561,262.6830634031966,0.1469785578819579,2.5,4.666666666666668,35.18851360003699,9.849073497501198,0.6641796799069446,0.0,1.0,0.8640595226690538,1.0,1.7009283775990036,0.1469785578819579,0.0152169190359043,1.3333333333333333,474.6,1.8195286695557555,2.110515749464542,2.0013258700456085,345.33333333333337,29.323761333364157,0.0001288433882057,788.0491902095898,0.0,-7.0199629995288015,0.095597041208297,0.8505747126436782,474.6,1.0,1.0,0.0021070375052675,2.5,0.8499007598199093,0.4256756756756756,8.717145664765692,0.0001729759797059,1.854723967266055,1.1766079609246332,0.2567229790169761,0.0308641975308641,47.285,0.0050723063453014,0.286791123624891,1.1845445837749726,1.0,-0.605746916940009,-2.8079851998115206,88.57965708918259,0.4668148059307113,0.0067567567567567,0.0765519751524826
106,1.2767142818286523,0.0,2.7585165666717963,0.0410055802323438,0.0,0.0,0.0,0.0,0.0,0.0,0.0,18.333167625968823,0.0,5.319809400601718,19.141195634496423,1.3945662162162171,0.0512500344606702,0.0,0.0,0.0,0.2074639099136873,14.50001324620447,0.0118976474787682,0.0,0.5080609325679211,6.72066176472881,0.0,3.1641397495056083,0.3237472403862133,0.0,1.3121785674350035,0.0,0.0,0.0,3.915137958691072,0.7948841421635058,0.0,0.0,0.6520826948983474,0.0,0.7620913988518816,0.4920669627881264,0.0501943920000252,0.0,0.0,2.0551433504318677,0.0,0.0,87.05882352941177,12.055506806243883,0.0006736152345398,0.0,0.0,-0.0,0.0,0.0,103.3529411764706,0.0,0.0,0.0096755833807626,0.0,0.108275064480825,0.6936936936936937,0.0,0.0005204508695356,0.0,9.235736822646686,0.2087087659222027,0.0,0.0,0.0533315415000268,0.0,5.108376821205681,0.0,-0.1784715935896391,-0.0,29.35452069092543,1.306752840139833,0.0135135135135135,0.1794707627154099
107,0.2706451571178188,14.552493425289168,10.47110791283212,0.0059482452113806,7.9029268865054,19.636363636363637,4.766927336718382,12.12707785440764,860.8370576876367,44.18675239310028,38.92529845972594,9.029951586420443,9.0,7.90666542859975,124.83750689083442,0.7654361111111098,0.0164003612074249,1893.8415269128009,5.870329221027601,5.0,0.9042905603857696,43.96366047421252,0.0024976098279358,45663.05845545229,3.5922394938660913,5.674456278478048,0.446649879117359,5.275022542831366,0.116568210272258,542.8358855767141,0.1391889379463068,1.2,7.5,26.67957127969681,10.754443421566,1.156535878625577,3.0,1.0,1.4592737628853578,1.0,3.5922394938660913,0.1988413399232954,0.0098706434833907,1.0909090909090908,860.5,1.712837496637131,1.4339257895421331,4.891941017523,324.0,12.12707785440764,0.0001086767718164,1194.2389482687709,2.5,-5.256029292861667,0.0222991229332274,0.4675324675324676,860.5,1.0,1.0,0.0011621150493898,1.0,0.7343178261959087,0.4456018518518518,24.4608071397183,0.0002906907878236,1.324965808643884,1.3618081494500038,0.3564960551075111,0.0256410256410256,34.752,0.004230275778596,0.0490580704531003,0.8368633919215387,1.0,-0.8201414323344339,-4.380024410718056,97.31621591867126,0.5271263028481785,0.0046296296296296,0.0729198150640285
108,0.3152652656494867,9.81407012330078,4.183131929090068,0.0146017596721867,4.109093790544111,14.666666666666666,2.185462799926655,6.542713415533853,499.03131104020736,11.799436674964138,20.28837078701837,9.874863812408552,36.000000000000014,7.5515718315975215,55.11664471049834,0.8762397727272728,0.0360974095406724,1497.093933120622,3.78855636272945,2.0,0.9400969420943732,25.24619427646493,0.0043696262631259,2009.113611549559,0.0,4.120565036757961,0.5809456469381313,5.605381165919285,0.1060696701626331,159.81280410526833,0.2920351934437351,1.5,24.00000000000001,19.628140246601557,19.857656679708096,1.2666800853786129,0.0,1.0,0.474744562889443,1.0,1.3696979301813703,0.2920351934437351,0.0137557914905806,1.1666666666666667,252.33333333333337,2.343577791789934,0.8274023616545036,2.525704241819634,1056.0000000000005,0.0,0.0002034040825897,479.438412315805,0.0,7.886214225024842,0.0590605072440718,0.7719298245614036,252.33333333333337,1.0,1.0,0.0039630118890356,0.0,0.542303373254256,0.4880050505050504,8.465894103037652,0.00042049194629,1.018018118427069,1.843986317103647,0.2413265783464198,0.03,40.24,0.0041267374471741,0.1771815217322154,1.8129027296955569,1.0,0.2605238504366882,5.257476150016561,119.01663246618656,1.7408700612356542,0.0113636363636363,0.0319102732906113
119,0.3487088549078234,21.408463762372328,8.074652935325902,0.0114177349164665,3.807958512582141,20.333333333333332,3.098308564190424,0.0,1243.107361255894,19.743264930633536,18.07252867206674,9.491977715803383,12.600000000000003,7.117606373924271,53.68586842988721,0.8315409836065576,0.0292914148904762,0.0,2.609412927565519,0.0,0.6145221551839116,25.703723824124033,0.0039631682839736,0.0,1.2693195041940468,2.4653761532510003,0.7910656631880567,5.14157973174367,0.1125086263458473,185.40346773269877,0.3151294836944774,0.0,0.0,42.816927524744656,12.149989400408495,0.5716448131532336,3.0,1.0,0.6094847229003401,0.0,1.2693195041940468,0.1969559273090483,0.0166354131691872,1.0,648.6666666666666,2.1723485109827423,0.0,0.0,512.4000000000002,14.272309174914884,0.000184096132545,0.0,0.0,-3.276477277857437,0.1065183918212398,0.7530864197530863,324.3333333333333,0.5,0.0,0.0030832476875642,0.0,0.7296580913575105,0.5232240437158471,4.694025054744579,0.00015540968613,2.120467675434457,1.3705049143490278,0.2451373479639914,0.0217391304347826,0.0,0.0066541652676749,0.0,2.0740758834861825,0.0,-0.5811055883580324,-0.0,70.87201171283128,1.3462480880394907,0.0081967213114754,0.0545765117481968
123,0.172340204433808,66.81406806366697,14.734731040994143,0.0034985943035635,9.457579937295106,28.22222222222222,9.273588008342866,66.81406806366697,2393.122251578981,39.36870284833013,39.54661975514809,4.704157672418876,21.142857142857142,8.511413219980419,144.39622879819115,0.6860952755905495,0.0160896186796845,2692.2625330263536,6.713245452438865,8.0,0.9065248223748004,41.662843496264095,0.0019126074326056,21469.93009259464,4.2033688610200475,1.3843268088738996,0.677395488494512,6.0017652250661815,0.0815576148629919,292.3092410478606,0.1057352945076986,1.0,21.142857142857142,75.16582657162535,20.829358414973846,0.3300443067909604,4.0,1.0,1.2927584801861096,1.1428571428571428,2.1016844305100237,0.0865106955062988,0.0098280117205711,1.0,996.375,1.7178321268543302,1.125911265674262,6.713245452438865,671.2857142857142,33.40703403183348,9.467318542420036e-05,375.8261670615351,4.0,-7.756433997053104,0.0763802982286462,0.6135265700483091,2657.0,2.6666666666666665,0.875,0.0003763643206624,0.5,1.2522613364279715,0.4087926509186352,11.6376724037916,5.603616982896219e-05,1.5579811261112444,0.7985553581431034,0.3627854211121957,0.0294117647058823,17.17625,0.0014040016743673,0.098203240579688,0.3806440539652783,0.25,-1.0838405542075211,-7.756433997053104,152.38735371614746,0.8375970902424899,0.0039370078740157,0.0374417085328496
131,0.5076449470514833,9.04817545295055,6.023106855267358,0.0110324966316629,3.055325217303833,24.5,1.985623347804914,0.0,2646.9399225984944,7.078336840876113,8.814192330436313,8.654586700476735,3.625,6.376354285273691,60.60237568522154,1.00298775510204,0.0272573324464886,0.0,1.7327660725980436,0.0,0.5129078182058819,25.07303021938812,0.0038925118347848,0.0,1.0184417391012777,4.063209980922535,0.9771455538331776,4.293294741919915,0.143232714152917,619.4659252360243,0.2181982667151111,0.0,0.0,27.14452635885165,7.984717905505775,0.7016793565067294,1.0,1.0,0.751399759185684,0.0,1.5276626086519165,0.1963784400436,0.0194293938318869,1.5,2648.5,2.1501221790120977,0.0,0.0,266.4375,9.04817545295055,0.0002204330595872,0.0,0.0,-4.99687574672835,0.0805514363297451,0.6447368421052629,311.5882352941176,0.1176470588235294,0.0,0.0032093637908249,0.0,0.5877548938699295,0.598639455782313,4.138142639304416,0.000214732726315,1.971347214088862,1.701389491486396,0.3150143098783631,0.0112359550561797,0.0,0.0165149847571038,0.0,3.858934074396489,0.0,-0.2038157021951348,-0.0,87.02747243301903,1.0763702114101932,0.0068027210884353,0.0893556184361314
135,0.2362373902460807,27.95813486127459,13.454751213430818,0.0030516988101697,8.715062113017572,34.0,7.297275388532317,17.47383428829662,3393.439388786671,31.01941723727231,37.317770330394744,5.352481979826296,12.84848484848485,7.60064753537106,216.6041537569387,0.7748726470588212,0.0123220120941312,6786.878777573342,7.689558401219426,5.0,0.9554319001542202,51.91227068344491,0.0018482245564551,65240.2385583058,6.972049690414057,3.0773435877760065,0.6549511233544013,5.0463025097302285,0.1162260386923043,1125.5990349503156,0.0882645194326015,1.6,8.030303030303031,34.94766857659324,21.146682394504793,0.5178263030548446,1.1428571428571428,1.0,2.0103488300317576,1.6666666666666667,7.843555901715814,0.095619896051985,0.0101466346838892,1.7,2717.125,1.5832854685416018,4.388934081878353,4.8059740007621405,546.0606060606061,27.95813486127459,9.457328791693628e-05,3751.9967831677186,0.7142857142857143,-3.2561286835056418,0.0372866636400868,0.4857142857142856,1144.0526315789473,0.4210526315789473,0.6,0.0008740856603947,1.6,0.906690518054771,0.4830882352941176,21.455392408451388,0.0001262338941916,1.5438502949202897,1.1029121625154046,0.5525832098739821,0.0212765957446808,49.708,0.0083820025649519,0.1242888788002895,1.443023115677059,1.8,-2.1412082777108634,-2.0350804271910263,146.82520857720934,0.3872694299552053,0.0029411764705882,0.0375811588018329
144,0.3189943616322254,13.004508849309085,8.361952116334885,0.0094744588132309,3.861472889888725,25.166666666666668,4.792448263500458,9.753381636981814,1037.0670251132651,50.114385958120266,19.353892554059172,7.518073973044346,16.666666666666668,7.468989570895688,44.99903074350328,0.7980814569536425,0.0232167597110176,2074.1340502265307,3.605942524985332,3.0,0.5371607826279396,33.11019651969176,0.0028255482974724,10931.48102257692,0.0,4.400424789713962,0.7600881091629641,5.331599479843956,0.0971288728491064,440.1388264965263,0.2589685408949787,1.3333333333333333,12.5,19.506763273963628,16.563084321984157,1.0348091532049992,4.0,1.0,0.8716402281427088,1.0,0.6435788149814542,0.194226405671234,0.0120896976668101,1.0,638.0,1.808463596193267,1.3250467457587325,2.7044568937389992,629.1666666666667,0.0,0.0001665773109368,880.2776529930526,3.0,-8.979750547312083,0.0588508049269062,0.8118279569892474,364.57142857142856,0.5714285714285714,1.0,0.0027429467084639,0.0,0.7139091214262457,0.4679911699779249,11.328080686316504,0.0002479078152949,2.1654825386009247,1.4007385113699102,0.297238988864358,0.024390243902439,23.30666666666667,0.005641858911178,0.1177016098538124,1.7609441635187353,0.3333333333333333,-0.2866800415403954,-6.734812910484062,95.4926360636285,1.2577216655445072,0.0066225165562913,0.0451540708064741
149,0.2161255225596901,90.6277578341542,5.692028228939687,0.0066507417461624,5.70984184827439,23.5,5.402480338534588,36.25110313366168,1914.9742987831207,46.594970734309065,38.00164258299901,7.986555899684067,19.166666666666668,8.048420411647578,61.171439001179635,0.7848510638297873,0.027490027597716,5744.922896349362,5.4448684340903934,2.0,0.8807438883746704,25.45274928754433,0.0034510827954459,1289.9630613582365,0.9516403080457316,1.2437973365196322,0.923279435730743,5.551651440618416,0.0985297666123644,106.56973192662092,0.1751361993156109,2.5,7.666666666666667,108.75330940098505,14.907515106593223,0.2412899590791417,0.0,1.0,0.7020115532070249,1.0,0.0,0.1167574662104072,0.0160263120709766,1.0,530.0,1.910798002105174,1.9444584921643333,2.177947373636157,540.5,18.12555156683084,0.0001171463402753,319.70919577986274,0.0,18.75560417594543,0.1408076655041515,0.8103448275862069,530.0,1.0,1.0,0.0018867924528301,0.5,0.8738873303967266,0.4184397163120566,5.918238402360017,4.912130079611622e-05,0.9968801904136648,1.1443122759841602,0.2286491119976098,0.0316455696202531,32.14,0.004451753353049,0.4224229965124545,1.2857049970849754,0.0,0.2536949220932686,7.502241670378171,187.77799324318144,1.101309186403049,0.0070921985815602,0.0478439972247898
169,0.2429067862701311,36.532295345720314,10.721305758168064,0.0065362902438145,4.882722833066227,28.666666666666668,6.353202564525302,21.919377207432188,1903.935088257614,20.16389756068308,29.016309951758643,7.131179289209124,6.666666666666667,7.912145630044007,55.52469648335144,0.7515511627906981,0.0222967551637915,3807.870176515228,6.264138638023994,3.0,0.6404542674181014,33.714183711274856,0.0045522052174335,4792.412267797011,5.696509971910597,1.887187607108755,0.850285058424233,4.947368421052628,0.1534400453918928,263.3985768038815,0.2457645131674267,1.6666666666666667,4.0,43.838754414864376,10.020312506836593,0.4385103942350968,5.0,1.0,1.4730813518889856,1.0,0.813787138844371,0.1365358406485704,0.021366049264421,1.0,720.8,1.5287619430174249,2.505078126709148,3.758483182814396,229.33333333333337,51.14521348400844,0.0002045406081761,526.797153607763,3.0,-12.20583786264801,0.1085232650963742,0.8431372549019608,720.8,1.0,1.0,0.0013873473917869,2.3333333333333335,0.6495602874308974,0.4069767441860465,7.678845016257944,0.0001624593699463,2.195763741812754,1.5395029827872346,0.3121139300039233,0.026595744680851,22.743333333333336,0.0059350136845614,0.2170465301927485,0.665315244621181,0.3333333333333333,-0.3333598020889255,-7.3235027175888066,63.94571090230844,0.5858766044134125,0.005813953488372,0.0792449523657115
173,0.2928915673371443,14.19767002982597,9.013151359027871,0.009659031901022,4.254659352208019,21.666666666666668,3.0156194404192944,7.098835014912985,1053.553390670486,18.57226328526981,20.393746135385108,7.189910324360562,12.0,7.6980301729734,70.86844260994492,0.7614415384615386,0.0266161913451928,3160.6601720114577,3.418705870519418,2.0,0.9405827307388293,28.865927302783756,0.0036463230157144,4764.4959819362075,0.70910989203467,3.7166892918950514,0.7505965922867542,5.5789071455865535,0.1043147673085394,343.2950888552941,0.2820437315098427,2.0,6.0,21.296505044738954,9.264020288996589,1.108595550662952,4.0,1.0,0.6856782979325365,1.0,1.41821978406934,0.2014598082213162,0.0136996423283267,1.5,464.5,2.183580997579305,1.5440033814994314,1.709352935259709,390.0,3.5494175074564924,0.0002066944706763,1029.8852665658824,2.0,-10.806759840658067,0.0632381198604388,0.8024691358024691,619.3333333333334,1.3333333333333333,1.0,0.0016146393972012,0.5,0.8296822468988032,0.4764957264957265,10.542164570008454,0.0002968990372157,2.1184190349693592,1.2052807008198774,0.2541381017252135,0.0273972602739726,49.97,0.0031614559219215,0.1897143595813166,0.9715004629998296,1.0,-0.2624690110598365,-5.4033799203290345,74.65708058203967,1.0785274306736443,0.0076923076923076,0.0756964878785008
177,0.2185178497734032,26.039351106948818,11.688327245230258,0.006251758758878,5.712678158537075,24.833333333333332,4.322009260219102,10.415740442779528,1719.8809038139295,63.987621970259354,29.98486004446635,6.298592543601998,15.714285714285715,7.921340509935061,94.21158396454062,0.7363268456375842,0.0264426835554482,5159.642711441788,4.315535269543741,2.0,1.101470368407516,27.382002821458723,0.0036795471224234,5658.025584098951,1.904226052845692,1.9736610546289235,0.9069217286717958,5.660377358490569,0.1024612089899123,394.6035073341004,0.1312869339364398,2.5,6.285714285714286,31.247221328338583,12.103572199146033,0.7419683622703236,5.0,1.0,0.7077304260973831,1.0,0.952113026422846,0.1166994968323909,0.0168102850610587,1.5,638.2,1.9686402698648404,1.925568304409596,1.7262141078174964,468.2857142857143,10.415740442779528,0.000155729378798,1183.8105220023012,2.0,-31.668034303122585,0.0886926581633836,0.8010752688172044,531.8333333333334,0.8333333333333334,1.0,0.0018802883108743,1.0,1.103122749502529,0.4686800894854587,9.395741999278252,0.0001793256525054,2.046032862496047,0.9065174301327446,0.2587941527443164,0.0297619047619047,49.47500000000001,0.0056034283536862,0.2660779744901511,1.5579816063288592,0.5,-0.1503271433441898,-12.667213721249034,87.22351249916358,0.6246727250575562,0.0067114093959731,0.0590974459797486
185,0.2784041342719298,24.29585636170873,8.404758113954534,0.0088454003699569,4.404666530795888,22.833333333333332,3.953407576125489,14.577513817025238,1376.1477254422052,14.14045209838202,9.261190903576797,2.5231033964979974,9.09090909090909,7.743152364298118,56.13013382410894,0.7946605839416064,0.0263537934226375,2752.2954508844105,4.02935577625694,3.0,0.9284535863431542,28.46486155117757,0.0037762056750344,5653.538987802513,2.936444353863925,2.6667479439027684,0.8021585944579708,5.176470588235301,0.1138660290259718,298.24650837522773,0.2270319428288951,1.6666666666666667,5.454545454545454,29.155027634050477,8.635906020794899,0.8346450794082865,2.5,1.0,0.9868680882335708,1.0,0.7341110884659813,0.194598808139053,0.0146426597809614,1.3333333333333333,428.8,1.671387702284718,1.5832494371457315,2.417613465754164,249.0909090909091,19.436685089366986,0.0005646705056391,596.4930167504555,1.5,-1.587652077043959,0.0851343837530574,0.8154761904761906,357.3333333333333,0.8333333333333334,1.0,0.0027985074626865,1.3333333333333333,0.9109534243560046,0.4531630170316301,9.788446178814397,0.000215243343247,1.9081485636180189,1.097750964278933,0.2465675703035872,0.0324675324675324,25.486666666666668,0.006275425620412,0.1702687675061148,1.263224829314061,0.3333333333333333,-2.3119394327024687,-0.9525912462263754,83.5111816430347,0.3837466493984564,0.0072992700729927,0.0895977575043461
200,0.4443609602040943,6.383420480155583,6.530972735803943,0.0169883125715208,3.044689560147643,17.0,2.06942586727545,0.0,574.6299155325227,5.401996222237973,11.927788927278478,11.752714381856464,3.5999999999999996,6.809442107228065,26.71715089029557,0.890095098039216,0.0324777650163946,0.0,1.68247934285722,0.0,0.4904241974057275,28.207606283571785,0.0059512478768714,0.0,0.5074482600246072,5.78111670707832,0.6026743222767138,4.549019607843143,0.1631016346028005,192.98383303419496,0.6568814194321394,0.0,0.0,19.15026144046675,5.973247068085991,0.9537915965446208,1.0,1.0,0.9177069800167164,0.0,0.5074482600246072,0.3284407097160697,0.0215577275311363,0.8333333333333334,607.0,2.0097994307773064,0.0,0.0,183.6,3.1917102400777915,0.000301225533955,0.0,0.0,-2.935196672944587,0.0568126758821408,0.7391304347826088,242.8,0.4,0.0,0.0041186161449752,0.0,0.6032148473964006,0.5106209150326796,5.86723522801216,0.000562857264329,2.1450373204837487,1.6577841283519557,0.3284906793276635,0.0172413793103448,0.0,0.0089823864713067,0.0,1.5067181881836795,0.0,-0.3457678081350068,-0.0,43.25060276664478,0.4923955038984264,0.0098039215686274,0.1187739521414991
210,0.344446559107335,8.61563344889101,6.01021348052759,0.011000842870041,3.952266329334732,19.833333333333332,3.098308564190424,0.0,842.570199310762,16.183358997657365,22.681799156599983,11.477869792452935,3.7058823529411766,7.117606373924271,43.23120653237307,0.8940067226890759,0.0307145497171665,0.0,3.4482917989786968,0.0,0.6378103160889406,27.028781115443845,0.005900420284576,0.0,1.976133164667366,5.041278531963661,0.7337857097078219,4.411764705882359,0.1717432112688188,410.756533633104,0.2530193860109437,0.0,0.0,17.23126689778202,5.869329206122444,1.2182596153230965,3.0,1.0,1.079189213651465,0.0,0.658711054889122,0.1897645395082077,0.0258292511881276,1.0,674.3333333333334,1.8310190803978916,0.0,0.0,147.0,8.61563344889101,0.0002135185381167,0.0,0.0,11.328392037616132,0.0501895272016221,0.7345679012345679,289.0,0.4285714285714285,0.0,0.0034602076124567,0.0,0.5730759691661391,0.4481792717086835,9.962237699339,0.0005621159055225,1.5207005246377878,1.7449693475283246,0.2858210387504587,0.0217391304347826,0.0,0.0113002973948058,0.0,1.473261853247122,0.0,0.1744407465865922,0.0,67.89115867749709,0.5019655693187787,0.0084033613445378,0.1260370333445503
214,0.2577204270474639,29.376950751675547,9.047749527260846,0.0095994350983588,4.7351271182943515,19.666666666666668,4.252757360343166,14.688475375837774,1014.914996572309,19.805591721887033,23.65634895007209,7.493890351541414,6.909090909090909,7.912988871746297,39.127933754172325,0.7877372881355936,0.0301051677752318,3044.7449897169267,3.465683773726882,2.0,0.742283451586692,26.07586712298746,0.0047609867693224,1856.5988400583224,0.7891878530490586,1.9552204191789249,0.7542094985339646,5.148205928237136,0.1245768445642436,146.2210463338101,0.3167813582458411,2.0,3.4545454545454546,44.06542612751332,7.075473675291307,0.5947974766121089,4.0,1.0,0.9052141950401474,1.0,0.0,0.1810179189976234,0.0187629858519833,0.8333333333333334,368.75,1.7676950789510733,2.048163432321168,1.732841886863441,203.8181818181818,7.344237687918887,0.0002266137142244,438.6631390014303,2.0,19.67952202980304,0.1080121556077959,0.8194444444444445,737.5,2.0,1.0,0.0013559322033898,0.5,0.9108596220253437,0.4152542372881355,6.1721448193979835,0.0001824850082597,1.9107722562092384,1.0978640130917738,0.228920222179166,0.0303030303030303,24.790000000000003,0.0026804265502833,0.3240364668233879,0.4882422878074274,0.0,0.1604079310165963,9.83976101490152,65.08275180892709,0.7168422093817434,0.0084745762711864,0.1042260529989246
216,0.2727429185451868,26.809480472929895,4.311325016656938,0.0102101027450183,4.591040968992285,19.166666666666668,4.107688265164363,0.0,924.1656903063116,29.54652981060697,27.022690615526223,8.828942324203739,6.545454545454545,7.826276049888435,51.327838033333755,0.8054756521739134,0.0303926834332576,0.0,4.102063167273395,0.0,0.7451134997961489,26.353993925762666,0.0052772757645474,0.0,0.7651734948320476,2.1124749357284713,0.7272774942825673,4.992199687987526,0.1398598826419867,149.83798740070677,0.2178155252270589,0.0,0.0,40.21422070939484,6.6530645555302,0.6278127963716764,0.0,1.0,0.9317309428626316,0.0,0.7651734948320476,0.1866990216231933,0.0211383428531865,1.0,358.0,1.6789038933948877,0.0,0.0,188.18181818181816,6.702370118232474,0.0002234983412795,0.0,0.0,13.762744862548304,0.1031091642997159,0.7986111111111112,358.0,1.0,0.0,0.0027932960893854,0.0,0.7461352627981607,0.4028985507246377,6.465639317265837,0.0002252757764396,0.9390735229276896,1.340239564941341,0.2376519760661423,0.03125,0.0,0.0060395265294818,0.0,0.9838254973813222,0.0,0.2223897928717014,0.0,117.54556607810773,0.8959944761026051,0.008695652173913,0.1143859713351007
217,0.2245118183622971,63.41046264727635,11.223148104207048,0.0073305515742075,5.3848177467864655,22.333333333333332,5.717560921502157,31.705231323638177,1503.3948923907467,38.06377432995966,33.91176633165232,6.297662785688537,10.909090909090908,8.269811564281893,74.74127032539614,0.7452425373134332,0.0275527775583511,3006.7897847814934,5.342415046514168,3.0,0.941803300518524,26.30680469721821,0.0043620759526135,2651.470038024758,3.589878497857644,1.4944598268354414,0.8489565186795548,5.463695183321358,0.1179846403505102,144.75674496322634,0.1857073065465914,2.0,5.454545454545454,63.41046264727635,8.294726541935491,0.4212126429579816,6.0,1.0,0.8956288293697092,1.0,1.794939248928822,0.1392804799099435,0.0177220638904258,1.1666666666666667,343.6666666666667,1.7971379936282657,1.5206998660215068,2.671207523257084,243.63636363636363,42.27364176485089,0.0002090373437597,289.5134899264527,3.0,40.70316877500848,0.1242638331334952,0.8271604938271605,412.4,1.2,1.0,0.0024248302618816,1.3333333333333333,1.0079369910243057,0.4328358208955224,8.047393797402913,0.0001117926799493,2.084220605405775,0.9921255087421292,0.2246409516255684,0.0394736842105263,27.76,0.0059073546301419,0.2485276662669904,1.0959865940062463,0.6666666666666666,0.1322948042829705,20.35158438750424,67.68337797839577,0.3594178436384083,0.0074626865671641,0.0884607347589598
218,0.2425534325151745,32.78511814643421,10.562978064356114,0.0073632292013535,4.850356377297166,25.5,5.423416454849313,19.671070887860527,1399.0325102609083,27.05974721944955,29.7316492692912,7.355743856295937,12.0,8.109294874107563,51.80989003682922,0.7380411764705885,0.0236144948883776,2798.0650205218167,4.09484383878071,3.0,0.7452799690743908,31.848150761318283,0.003896583625196,4372.517531994664,1.6167854590990551,2.0187685137644684,0.8006744313384582,5.468750000000005,0.1217827938539194,227.66174279625707,0.3092556264568474,1.6666666666666667,7.199999999999999,39.34214177572105,12.806692602084214,0.5420517685625169,2.5,1.0,1.1107556556237408,1.5,0.8083927295495276,0.1546278132284237,0.016177267575527,1.0,504.0,1.6648662619700458,2.668060958767545,2.456906303268426,367.2,13.114047258573684,0.0001813697745568,682.9852283887712,1.5,-13.66829950256536,0.1021268244636157,0.85,840.0,1.6666666666666667,0.6666666666666666,0.0011904761904761,0.6666666666666666,0.9870861519718374,0.4384531590413945,8.159788945853508,0.0001644777517985,2.1777735990282587,1.0130827972840724,0.2813536058905414,0.0297619047619047,21.363333333333333,0.0032354535151054,0.3063804733908472,0.5622060452070382,0.3333333333333333,-0.295718106483474,-8.200979701539216,70.96138955715674,0.2626064437162075,0.0065359477124183,0.0617545178441399
245,0.3988323996938084,10.84951917042252,5.963733698925212,0.0161990750575916,3.631289391686422,14.5,2.847110650786313,0.0,700.4395719159911,6.792424856121612,12.427474038230018,10.266992820799548,11.333333333333334,6.6919138983450965,35.65926182636066,0.9431678160919544,0.0399603595571577,0.0,1.6567125485139578,0.0,0.4251432226192233,21.45907929987662,0.0053714017624253,0.0,0.0,2.9976967280348195,0.6757046654878324,4.824976348155162,0.1267789711044219,135.15269859059634,0.4130764139685873,0.0,0.0,32.54855751126756,11.120112217393707,0.7439598087555762,2.0,1.0,0.4840311762608081,0.0,1.2104297972288074,0.236043665124907,0.0200854862356436,0.6666666666666666,545.0,2.3122214956263405,0.0,0.0,493.00000000000006,0.0,0.0002486486631135,0.0,0.0,16.23712953358086,0.0918652889078576,0.6904761904761906,218.0,0.4,0.0,0.0045871559633027,0.0,0.7306214939426526,0.5804597701149424,3.6285014426686457,0.0002848121430033,1.6423184868104304,1.36869775703381,0.2477821574392977,0.0196078431372549,0.0,0.0077251870137091,0.0,2.5479359182198973,0.0,0.0745470309099557,0.0,65.6829077640856,1.717767437345491,0.0114942528735632,0.0563317798904968
248,0.285309071593194,12.159460357676766,4.601445215807288,0.0100290461529728,4.532289986627641,19.333333333333332,3.6515298354593617,0.0,725.1870024178666,33.90927181833091,29.40648451211922,9.732326682167953,15.2,7.736369307043277,40.82082514622629,0.8382818965517246,0.0299613866401906,0.0,4.138136660427911,0.0,0.8274687032296024,27.69895030868235,0.0041563014127481,0.0,0.7553816644379403,4.061437172684858,0.6979807219363551,5.31187122736419,0.1162880834842749,333.98587070185283,0.330958523048105,0.0,0.0,18.239190536515142,11.811579258223771,1.270713522010854,0.0,1.0,0.7422149431501891,0.0,0.7553816644379403,0.1891191560274885,0.0155464233113868,1.0,394.25,1.963693515941196,0.0,0.0,440.8,3.039865089419191,0.0001626687087696,0.0,0.0,40.41526455215872,0.0543253547904934,0.7733333333333333,394.25,1.0,0.0,0.0025364616360177,0.0,0.7301659915309117,0.4463601532567052,12.271740686051242,0.0003933986150974,1.015258341673566,1.3695515973064392,0.2588797250955053,0.0303030303030303,0.0,0.0047835148650421,0.0,1.28687279386599,0.0,0.0747620160657929,0.0,137.27297522067636,1.1899069288481885,0.0086206896551724,0.0600614350615596
251,0.3408955226348052,7.181576704941231,7.759815655734004,0.0096337515759921,3.498934439262618,27.666666666666668,4.73176266413311,5.386182528705923,762.5013467676328,8.858997438519573,18.53102438622583,7.944286199657037,8.727272727272728,7.4946270583790495,53.01468831222746,0.7028373493975906,0.0196104972319086,1525.0026935352655,3.687030034599319,3.0,0.4929712509018589,41.05115546208438,0.0031745013511553,16560.848169620596,1.749467219631309,13.655596397445608,0.6739558571553514,5.416920267802802,0.1137736636108693,625.0941531357047,0.1905341978362884,1.3333333333333333,6.545454545454546,10.772365057411848,9.683694629837312,1.3778710208722365,4.0,1.0,1.097589204484145,1.0,0.0,0.2858012967544326,0.0107268327152382,1.5,680.5,1.7419731686644295,1.479453346225145,2.7652725259494897,362.1818181818182,5.386182528705923,0.000210493837826,1250.1883062714094,3.0,-3.0270635504772003,0.0209292431056247,0.8383838383838383,388.8571428571428,0.5714285714285714,1.0,0.0025716385011021,1.0,0.6326563487736561,0.4633534136546186,31.853357682461983,0.0005431490328886,2.2177653769841266,1.5806369475915394,0.4042328668250035,0.0224719101123595,30.303333333333345,0.0068261662733334,0.0418584862112495,1.5771591171069237,0.0,-0.7705893585024625,-2.2702976628579004,77.06449339234675,0.7902243102041594,0.0060240963855421,0.0758457734087317
259,1.1495435165358083,0.0,3.4839236658210204,0.0202056053474384,0.0,0.0,0.0,0.0,0.0,0.0,0.0,15.377722787509928,0.0,5.463649740450608,20.95607754765035,1.4023523076923037,0.0380167447956432,0.0,0.0,0.0,0.1492130648526702,13.234828950274888,0.0080040687625031,0.0,0.2877396340471007,3.8644388586477256,0.0,3.155963302752283,0.2952521148341587,0.0,0.6950728239518841,0.0,0.0,0.0,6.0697524067999336,0.1735313246596624,0.0,0.0,0.5528932359784531,0.0,0.2877396340471007,0.1829139010399695,0.0615426407919992,0.0,0.0,2.330755181374309,0.0,0.0,145.2941176470588,28.578330379790952,0.000366016628831,0.0,0.0,-0.0,0.0,0.0,343.11764705882354,0.0,0.0,0.0029144522544145,0.0,0.1068182538140993,0.6628205128205129,0.0,5.6670321786260714e-05,0.0,9.36169581783602,0.2016439821181492,0.0,0.0,0.055064468077052,0.0,6.260551906108833,0.0,-0.2200220651764346,-0.0,50.99628326546698,2.088556942653823,0.0076923076923076,0.1076813283189465
263,0.2418812671025053,25.069861601557033,11.050300318793573,0.0064708536724856,4.932099415680605,28.5,3.650410211166947,10.027944640622811,2069.655777104742,40.968939936469546,9.40812825401284,2.2890361595149393,30.00000000000001,7.875444568850088,78.93003098227527,0.7398391812865497,0.0224202213832517,6208.967331314226,3.6285443500372416,2.0,1.1259235561601748,31.40194147222506,0.0028798151353316,6540.085174959763,1.6440331385602014,2.3522047236143937,0.9075871956900556,5.886036318096433,0.0950302869699576,474.30660572703215,0.2433040980854612,2.5,12.000000000000004,30.08383392186844,25.259284049477102,0.786795585944759,1.25,1.0,0.7730902137933604,1.0,0.8220165692801007,0.1351689433808118,0.0135207601261475,1.6666666666666667,723.4,1.8864751885192823,2.1049403374564246,1.4514177400148969,1026.0000000000005,10.027944640622811,0.0003992044538833,1422.9198171810965,0.5,-1.2603078818084168,0.0861971804731635,0.8382352941176471,723.4,1.0,1.0,0.0013823610727121,1.0,1.1327084499761784,0.5050357374918778,9.667756285749755,0.0001498120237518,2.2404861271979626,0.8828397104489074,0.2534872693797465,0.026595744680851,48.01,0.0037557667017076,0.2585915414194907,1.1876821188295337,0.5,-3.2611736431441996,-0.5041231527233667,99.03253305566754,0.9549676844660754,0.0058479532163742,0.0285814055933547
265,0.2676550400077897,55.774599657568494,9.400815240785755,0.0087961750237301,4.803624417746315,21.0,2.893633835584548,27.887299828784247,1700.2623335393164,35.06594624498988,17.44949842507371,5.448853898925463,10.285714285714285,7.618182106214061,75.7371449864669,0.79924126984127,0.0295570465617554,5100.787000617949,3.1858884882294127,2.0,1.106710959457183,24.02005978754513,0.0046527971862285,1528.9489571689614,3.202416278497543,1.5585012618098804,0.8742692643458329,5.3767512305944765,0.1258145844736367,124.64521248004536,0.1561321066712107,2.0,5.142857142857142,83.66189948635275,8.175143160323843,0.3571496059600154,2.0,1.0,0.60607230704543,1.0,1.6012081392487716,0.1561321066712107,0.0199895272855822,1.5,523.5,1.951060192841104,1.5896111700629696,1.5929442441147064,324.0,55.774599657568494,0.0002863911442987,373.9356374401361,1.0,-7.9432431135682355,0.1335745740664508,0.7777777777777778,349.0,0.6666666666666666,1.0,0.0028653295128939,2.0,1.0051878119178352,0.4907407407407407,4.990969810878923,8.959960003437556e-05,1.9570254506276068,0.9948389625736336,0.2008044599128451,0.028169014084507,47.3,0.0074960727320933,0.4007237221993524,1.8872539753738395,1.0,-0.4031623145245727,-3.9716215567841178,68.1663020606467,0.6492153675286009,0.0079365079365079,0.0883671261858518
267,0.7420947833683419,4.045832308206736,4.930646374397987,0.0087442433232719,2.2571240730156252,40.0,0.9075015356729984,0.0,20581.43145802577,75.30444360251666,1.8271563116693803,4.857038211182283,1.1538461538461535,6.082381414094465,113.82300512872295,1.0510329166666623,0.0206843064039549,0.0,2.070261871768751,0.0,0.4145308087259882,18.989271231815053,0.003302238939295,0.0,3.009498764020834,6.033847741116903,2.106452612724974,4.016913319238894,0.1677968676403795,6695.77167172783,0.1898749978767612,0.0,0.0,24.27499384924041,8.717112861990298,1.3068320223266858,0.1428571428571428,1.0,0.597753074008557,0.0,3.009498764020834,0.1329124985137328,0.0259430418963837,3.6666666666666665,30742.0,2.303518247351298,0.0,0.0,276.9230769230769,32.366658465653884,0.0003640663900635,0.0,0.0,-0.1785964038447755,0.0734260592446492,0.5970149253731344,731.952380952381,0.0238095238095238,0.0,0.0013662090950491,0.0,0.1817100293602975,0.7336805555555556,2.2698571648976524,0.0001644176406229,2.184481763029716,5.503273559090039,0.1891351960935903,0.0032894736842105,0.0,0.0279386605037979,0.0,5.559356547148535,0.0,-2.1063545368447727,-0.0,114.69488129186423,1.200648938862387,0.0041666666666666,0.0769618264690152
274,0.2765000008415348,27.252618224917455,10.010875752826696,0.0069231183006405,4.65947035935299,27.166666666666668,5.178699102407974,20.43946366868809,2353.93175913598,19.92544815623475,17.417789990745057,5.607222059836328,12.88888888888889,7.391346767362972,59.07431837266366,0.8268883435582821,0.0240397529866778,4707.86351827196,3.213262625883057,3.0,0.5998250741113015,28.731909355332792,0.0033584805616015,6344.734539950081,0.7765783932254984,2.0426829314357855,0.9455224966322816,5.215928210880536,0.1155206723627467,348.9741750170879,0.321925000979787,1.3333333333333333,9.666666666666666,40.87892733737618,14.446391383954726,0.5027239015852406,2.0,1.0,0.7902796001267254,1.0,0.7765783932254984,0.1430777782132387,0.0145704899302187,1.0,1041.25,2.192873660358784,1.4944542810987649,2.4099469694122932,525.2222222222222,6.813154556229364,0.0001968304000471,697.9483500341757,1.5,-3.679807957778589,0.1050660697345748,0.7761904761904762,595.0,0.5714285714285714,1.0,0.0016806722689075,0.3333333333333333,0.9667163673085474,0.4984662576687118,6.3452137150542125,0.0001257989431885,2.1485007910248406,1.0344295739857163,0.2919592404292774,0.021505376344086,25.35666666666667,0.0059996135006783,0.2101321394691497,1.561328013070966,0.3333333333333333,-0.8441510015042196,-2.759855968333942,90.50821461395216,1.2804004941476983,0.0061349693251533,0.0504375401757733
286,0.3772423820579448,9.1991238302081,8.090416191891999,0.0098177161819001,3.5949417352404898,24.333333333333332,2.689028851725648,0.0,1391.3882908619637,25.846493863498495,14.099449811269466,7.844049138852737,3.5999999999999996,7.03264041194105,64.73890908212249,0.8443109589041101,0.0251068698434995,0.0,5.851270738252859,0.0,0.6684461070273539,29.083461812788652,0.0049293581603346,0.0,1.7974708676202449,5.1257094192704455,0.8366725216539875,4.622077215878193,0.1657678213603177,617.608390946954,0.3338023501846057,0.0,0.0,18.3982476604162,6.321439205241976,1.126679946999612,0.75,1.0,1.0493683546091328,0.0,1.19831391174683,0.2086264688653785,0.0201714076681217,1.5,1096.3333333333333,2.0686767141780473,0.0,0.0,175.2,9.1991238302081,0.0002861304226495,0.0,0.0,-4.349499336809714,0.0542692927749756,0.7373737373737373,657.8,0.6,0.0,0.0015202189115232,0.0,0.3071932487876906,0.535958904109589,9.21331335702531,0.0004385506280909,2.2504999490209476,3.255279873325362,0.2894504473213817,0.0176470588235294,0.0,0.0067238025560405,0.0,0.9491509457252352,0.0,-0.413259257774404,-0.0,55.07123230212585,0.4153484538493629,0.0068493150684931,0.1212510534002956
288,0.3296555986226193,30.14110044972686,6.521319711330673,0.0129410255657639,4.214925182572609,15.833333333333334,3.2006785735343164,0.0,893.8121551015529,1006.6871718867052,25.407625116250472,12.056026627140628,0.0,7.236623176019818,42.90091348328487,0.9448915789473686,0.0363238888822974,0.0,2.4876832692324604,0.0,0.6584424342739172,21.489291910945084,0.004225647085609,0.0,0.0,1.9471640994806976,0.7368010727830908,5.358012664393574,0.1099215549230835,98.5840520670477,0.2847025624468076,0.0,0.0,60.28220089945372,0.0,0.5004266602388208,3.0,1.0,0.4247615480148524,0.0,0.7024875304287681,0.2033589731762911,0.0159191777391344,0.8333333333333334,394.0,2.371921136915915,0.0,0.0,0.0,0.0,0.00014458873604,0.0,0.0,10.94468199515018,0.1218449618271074,0.7196969696969697,295.5,0.75,0.0,0.0033840947546531,0.0,0.8471587268971472,0.5175438596491228,4.103575498751255,0.0001218819600653,1.5471970269589317,1.1804163355108883,0.1988940135859765,0.0272727272727272,0.0,0.0048982085351183,0.0,2.130165254401802,0.0,0.192555854269696,0.0,87.96822885340046,2.2099825464842384,0.0105263157894736,0.0
290,0.6246307229447681,5.861336169443067,4.732628287472684,0.0341233450497604,2.4421208768311615,9.833333333333334,0.5752849768226491,0.0,445.164461075208,6.100505235741639,1.884076893699817,4.628952427967981,4.5,6.274678498618465,18.926436795441504,1.104538983050848,0.048513123338523,0.0,0.6570612654824604,0.0,0.7075104731337432,17.530917378474456,0.006150261790792,0.0,0.0,4.259326207230058,0.5609137913916192,4.771371769383697,0.1400281704497803,80.26143322386702,0.8189602811942515,0.0,0.0,35.1680170166584,4.026137525377861,1.2739910035534447,0.3333333333333333,1.0,0.2658451386507528,0.0,0.0,0.4913761687165509,0.0193385925878734,1.0,378.0,3.1703287018259236,0.0,0.0,265.5,0.0,0.0011404696469389,0.0,0.0,-0.2737330342546478,0.096137304511227,0.6555555555555556,189.0,0.5,0.0,0.0052910052910052,0.0,0.6194553955933839,0.6925612052730699,1.7336315753184357,0.0003665943135911,1.937917296548249,1.6143212362240993,0.1339173998117864,0.0138888888888888,0.0,0.0042974650195274,0.0,2.235393089101032,0.0,-1.4869237366502324,-0.0,40.0249829892684,2.9524177763610804,0.0169491525423728,0.1323356853654948
291,0.1560351270217565,86.00304363758302,13.426619358458288,0.002391556037047,6.930460912730416,57.333333333333336,10.620497097965345,57.33536242505535,7987.62572863592,80.90317247822898,56.1062522750306,5.3970679085206035,9.0,8.188998675297773,295.5957086961401,0.6227127906976724,0.0128888613340422,7987.62572863592,0.0,6.0,0.9788328430584678,45.043948975331986,0.0028625267115584,33128.86722851581,31.187074107286872,1.20292154103609,1.2728309714748045,5.29549444119367,0.1383001919877211,877.0517925912117,0.0509260756124139,1.5,6.0,57.33536242505535,14.545067047546125,0.2823582526987857,0.0,1.0,1.904555982361774,1.2,10.395691369095625,0.0665956373393105,0.0161404843384676,2.8333333333333335,2070.777777777778,1.481177949039635,2.909013409509225,0.0,344.0,258.0091309127491,0.0001035637585159,1052.462151109454,0.0,-5.207752306119032,0.1199500903809794,0.924731182795699,2329.625,1.125,0.8333333333333334,0.0004292536352417,4.5,-0.0,0.4280523255813954,12.505201081848089,6.756242705007193e-05,1.9373342592258496,0.0,0.3706194460340798,0.0248618784530386,42.651666666666664,0.0051649549883096,0.1439401084571753,0.5500146526550159,1.5,-1.9961954328897016,-3.471834870746021,133.25012867221588,0.0202130384850723,0.002906976744186,0.0548704585739011
293,0.2324717320966434,51.87102433882119,10.540167464246856,0.0068957132249653,5.000607985820505,26.666666666666668,5.529550692969998,41.496819471056945,1728.6968758257349,70.8457313218062,24.987965795672803,5.996382647836632,13.333333333333334,8.019193837254333,84.14356370807302,0.7141831250000003,0.0229950207038192,2593.045313738602,3.5114427325317665,4.0,0.7536187934428431,31.006153910861126,0.0029535430629833,4507.320368576768,1.6668693286068348,1.6240117362318192,0.8600443235665426,5.7922769640479395,0.0917316249336161,176.90316642238588,0.1714077287348523,1.25,10.666666666666666,62.24522920658542,13.816191693603304,0.3809831294093019,1.0,1.0,1.0040319518292775,1.0,0.8334346643034174,0.1499817626429957,0.0120415052337263,1.1666666666666667,557.2,1.633534007877334,1.2952679712753097,2.8091541860254132,426.6666666666667,20.748409735528472,0.0001606307256352,265.3547496335788,0.8,-5.452076641444682,0.1231368462816631,0.8602150537634409,928.6666666666666,1.6666666666666667,1.0,0.0010768126346015,0.5,1.1867410745191154,0.4770833333333332,6.767538381055881,7.73810644588475e-05,2.1077771931201315,0.842643792712083,0.2530110186246821,0.028735632183908,25.24,0.0024083010467452,0.1847052694224946,0.5790307616898428,0.25,-0.7643277223654135,-4.361661313155746,98.499614074778,0.6257238023125121,0.00625,0.0581233152401482
295,0.5537277163859052,19.00557248110088,5.311124700277887,0.00799738710616,3.025181608185685,32.833333333333336,4.437273039572784,0.0,14572.238796267897,17.409269026997688,6.946076290006187,13.776514318104711,1.7096774193548387,6.023103430724959,20.399807977865468,1.250997969543143,0.0259958744438291,0.0,1.3851795034462864,0.0,0.1136276560403318,17.92709579173654,0.0034180124376905,0.0,1.008393869395228,2.331200118973546,1.8314920450454553,3.6664695446481272,0.1644848157988805,787.1791790310359,0.9916760011638484,0.0,0.0,114.03343488660528,11.705086285288813,0.2143345014606197,0.0909090909090909,1.0,0.6230231104007603,0.0,1.008393869395228,0.0991676001163848,0.0266970314540969,0.3333333333333333,22036.0,2.5055309442595184,0.0,0.0,336.80645161290323,38.01114496220176,9.608673422039664e-05,0.0,0.0,-1.7424187050085858,0.1417976364895541,0.596969696969697,847.5384615384615,0.0384615384615384,0.0,0.0011798874568887,0.0,0.3639939325142964,0.5287648054145515,1.1753839541531754,3.5117373444873105e-05,1.755638301484706,2.747298541743477,0.245486129759851,0.0040322580645161,0.0,0.017353070445163,0.0,3.797632227546541,0.0,-0.2893661169088113,-0.0,142.23638985646917,2.359337446474475,0.0050761421319796,0.052238718260949
299,0.3465457598757868,15.227155808081712,6.122715750118283,0.0143941420638061,3.593415828588623,17.666666666666668,3.2006785735343164,10.151437205387808,630.9357766315924,36.65449268931873,17.81827885760837,9.91718170541193,25.500000000000004,7.393305378307012,43.00719844182484,0.7887981132075474,0.0303463335828544,1892.807329894777,3.444852908781612,2.0,0.5613521861116829,26.966949038730796,0.0038048371517424,2119.5976244044837,0.0,3.1959881507673074,0.655122929972287,5.544933078393887,0.0988998673649361,148.17669292945524,0.3339440958803036,1.5,17.000000000000004,30.454311616163427,20.924723049202996,0.8648445112614119,0.0,1.0,0.6262774030159963,1.0,1.1978052761962077,0.2782867465669197,0.0141940139210984,0.8333333333333334,342.6666666666667,1.9438502350372864,1.230866061717823,2.296568605854408,901.0,0.0,0.0001991496209388,444.53007878836576,0.0,62.20766145490324,0.0870737729425271,0.8030303030303031,342.6666666666667,1.0,1.0,0.0029182879377431,0.0,0.5215630280509648,0.5031446540880502,5.742257204474463,0.0002330378387795,1.7038706462544546,1.9173138167728496,0.2278056177199003,0.0258620689655172,35.905,0.0035485034802746,0.2612213188275814,1.2186541222093392,1.0,0.0288824217511667,41.47177430326882,82.69669396268368,1.3527873192605144,0.0094339622641509,0.0327957100637014
303,1.2923500849586227,0.0,3.125370936355613,0.0177789110641934,0.0,0.0,0.0,0.0,0.0,0.0,0.0,7.480657414487885,0.0,5.601720288133156,33.444217576914866,1.3358520467836208,0.0297385216127991,0.0,0.0,0.0,0.2119598158469858,12.772246600102154,0.0041781143863479,0.0,0.4977558799957563,9.483774573036474,0.0,3.698854337152201,0.1876805689055136,0.0,0.5022542375634647,0.0,0.0,0.0,8.27831858331584,1.6750211239960184,0.0,0.0,0.3709920223870815,0.0,0.4977558799957563,0.1826379045685326,0.0353291587467757,0.0,0.0,2.635161747732868,0.0,0.0,285.0,7.727823442171389,0.0004413048201502,0.0,0.0,-0.0,0.0,0.0,581.081081081081,0.0,0.0,0.0017209302325581,0.0,0.1815001963405013,0.7162118258609487,0.0,0.000212636416734,0.0,5.509635913142273,0.154508549729906,0.0,0.0,0.0303995086890861,0.0,7.449177758264817,0.0,-1.0938210843274812,-0.0,96.9214702531354,2.3807370786285733,0.0058479532163742,0.0753267748458151
304,0.3069544872223957,16.573097544584073,8.014162789276858,0.0112105117072527,3.878347572790693,21.0,2.077769255169429,11.04873169638938,1194.228407508048,11.723674515014524,12.899634437259683,6.652129132396278,8.0,7.5431754756956115,41.77626727157707,0.7559896825396826,0.0275820145166887,3582.685222524144,2.450190795340677,2.0,0.9332960248452704,29.12379142513384,0.0048127837228288,2772.1159404981536,1.2927825242635644,2.767322683591995,0.7210599641184422,5.8425063505503845,0.1319125851576969,223.46913863991705,0.3867626539002187,1.5,5.333333333333333,33.146195089168145,7.043772773940085,0.8491544216842952,1.0,1.0,0.6105397890305579,1.0,0.6463912621317822,0.2210072308001249,0.0180029290633434,1.5,526.3333333333334,2.168847416400457,1.320707395113766,1.633460530227118,336.0,11.04873169638938,0.0003220651028327,670.4074159197511,0.6666666666666666,-1.4543426176856908,0.0931737273703596,0.84,394.75,0.75,1.0,0.0025332488917036,1.0,0.7914378709131188,0.5319664902998238,5.366319606518821,0.000250678672491,2.0663859127793978,1.263523059423797,0.2131723598016115,0.0217391304347826,32.315,0.005539362788721,0.2795211821110788,1.5143399721993074,0.5,-1.3333679167575878,-0.969561745123794,58.24216350642441,1.339092978916543,0.0079365079365079,0.0923114488649686
311,0.2544743563486109,32.24707401061923,9.425186264803257,0.0075293276978146,4.238744134656877,29.666666666666668,5.580119037841575,25.797659208495386,1437.2707659499974,26.813558789571427,23.07281647055773,6.531977134050471,11.000000000000002,8.135005960513153,110.6736093558911,0.5770584269662923,0.0195154606430287,2155.906148924996,4.195659467186984,4.0,0.633012800430695,38.05362951990477,0.0031070821720241,6314.527392382171,4.238744134656877,2.334316852394202,0.7796015003286055,6.368563685636859,0.0918742315869312,242.14413029393367,0.1415513607189148,1.25,8.8,38.69648881274308,10.882226425401152,0.5526301946609364,1.0,1.0,1.057477560633128,1.0,2.119372067328438,0.2022162295984497,0.0125222383399051,1.6666666666666667,525.8,1.71842313120904,1.2366166392501308,3.3565275737495877,391.6000000000001,38.69648881274308,0.0001938310385402,363.2161954409005,0.8,-2.087573650201931,0.1010655148591132,0.9270833333333334,2629.0,5.0,1.0,0.00038037276531,1.5,0.8418907221869897,0.5173220973782772,8.245476555430523,0.0001386863185498,2.223579901353545,1.1878026133870296,0.2805724856794943,0.026595744680851,39.16500000000001,0.0008944455957075,0.1515982722886698,0.2021645124810846,0.75,-1.6920537287578108,-1.6700589201615446,83.79962589892565,0.1157998327491653,0.0056179775280898,0.0706659179594071
315,0.3180715826949226,18.543126366939525,3.673063608368013,0.0097107107619993,3.677824063511948,26.5,5.306253649433263,18.543126366939525,1176.297583196637,11.617536585512982,48.280799196897185,19.691316807088075,14.857142857142858,7.539133456596707,30.532069433921688,0.7868176100628933,0.0211161281195707,1764.446374794956,4.270459372655793,4.0,0.462074162110558,36.615233259382094,0.002561431299415,6243.649449019171,0.0,3.2697412147494953,0.7237424875126196,5.336721728081326,0.0954426513200667,256.9275963701776,0.3262798816031787,1.0,14.857142857142858,27.814689550409284,17.035090467057437,0.6471727868266437,0.0,1.0,1.056169975162528,1.0,0.0,0.2718999013359822,0.0091548776685062,0.8333333333333334,595.5,1.6436444931953424,1.1465926275904044,4.270459372655793,590.5714285714286,0.0,6.320578657070338e-05,385.39139455526634,0.0,5.214682299991157,0.083156397854811,0.8548387096774194,476.4,0.8,1.0,0.0020990764063811,0.0,0.5741496394293392,0.4067085953878406,8.017021947374987,0.0001645691146743,0.9987056327160496,1.7417062231266462,0.3333164795363371,0.0238095238095238,12.4525,0.0038145323618775,0.1247345967822166,1.0901866712913626,0.0,0.4701883198161704,5.214682299991157,218.7459147131067,1.3114204328698624,0.0062893081761006,0.0461845569816048
316,0.3664092496083327,7.006445400093134,6.185784349166338,0.0126040018148045,3.3523893242485947,21.166666666666668,2.509154688907406,4.670963600062089,616.7129207761083,7.743570174673027,4.902201088288641,2.924601300230797,3.0,7.386888211754259,112.67939250353568,0.5959181102362208,0.0249943054830577,1850.138762328325,8.08119278605323,2.0,0.6680316161990733,35.788108993295545,0.0053087597637808,4769.657623323662,5.587315540414324,8.814832789724937,0.5914441210244435,5.691382765531069,0.1265722741636017,323.97109205413426,0.14914735480852,1.5,2.0,14.012890800186268,3.1773342133242624,1.2638664189368047,1.5,1.0,0.895360497122643,1.0,3.3523893242485947,0.3579536515404481,0.0167243126682841,2.3333333333333335,512.6666666666666,1.935456853190158,1.5886671066621312,5.3874618573688196,127.0,23.35481800031045,0.0010234777623609,971.9132761624028,1.0,-0.5946771120072953,0.0338400871273189,0.8141025641025642,307.6,0.6,1.0,0.0032509752925877,5.0,0.207419214774473,0.6673228346456691,14.775375669655167,0.000716096895641,1.8451867461882043,4.821154110950136,0.3387835682955975,0.0211267605633802,100.835,0.008362156334142,0.1015202613819569,1.5736462280336532,3.0,-2.8186634869238656,-0.3964514080048635,54.00825492316381,-1.4239924717476504,0.0078740157480314,0.2256339494516183
318,0.3167069555390778,4.963505679698909,1.9242003368217624,0.0246591719603597,2.9672825926572473,13.833333333333334,4.843536068317106,4.963505679698909,160.70731283887793,4.482975217612126,81.14197703833514,54.69110170977767,4.714285714285714,8.955040428272161,0.0,0.7493855421686749,0.0250654958637167,321.41462567775585,5.295586332265432,3.0,0.306313667412023,34.881738059024,0.0078196608285852,4487.435352253773,0.0,16.844310737127632,0.396578097969938,5.662983425414363,0.2337851523650494,155.61341565678512,0.0,1.0,4.714285714285714,9.927011359397818,5.24892753005854,4.691861778596537,1.5,1.0,1.403769996013267,1.0,0.0,0.6740173669164989,0.018793320822284,0.3333333333333333,66.33333333333333,1.3465889457333908,1.1134088700124176,5.295586332265432,130.42857142857144,0.0,0.0001389662034983,311.22683131357024,1.5,14.896551724137936,0.0200072706279056,1.064102564102564,0.0,0.0,1.0,0.0,0.0,0.2801656328948804,0.2801204819277109,24.990915017794197,0.0022717799114222,0.6484722222222222,3.5693171559525467,0.1288212539124454,0.0365853658536585,0.0,0.0,0.0400145412558112,0.0,0.0,0.099596290725764,14.896551724137936,68.3791737496228,1.2450951643528216,0.0120481927710843,0.1495849287586612
321,0.237830940402844,42.89170643958234,10.63202639522532,0.0075588146825166,4.781778603046657,25.5,4.262315757887962,42.89170643958234,1628.413456297825,30.24328781645565,9.37735488824631,2.3532720353731893,12.22222222222222,8.228821668298487,47.32366890815175,0.7713712418300657,0.0235532677928236,1954.09614755739,3.71561790734815,5.0,0.9348944866800328,31.093429183514985,0.0029796488677899,5772.680613820653,1.5939262010155524,1.8028457625487908,0.820108964164027,5.596763317599466,0.0975837182161608,191.12118017793853,0.2509526474595526,1.0,12.22222222222222,51.47004772749881,11.777931848975086,0.5080758002071915,1.6666666666666667,1.0,0.9791879408405684,1.0,0.0,0.1568454046622204,0.0124026288236585,1.1666666666666667,451.4,1.6951716385649909,0.963648969461598,3.71561790734815,374.0,17.156682575832935,0.0004408716164798,229.34541621352625,1.6666666666666667,-1.5593505059380175,0.115998390189873,0.8793103448275862,564.25,1.25,1.0,0.001772264067346,0.4,1.0724502900737871,0.4275599128540305,7.184007743290952,9.638715619089795e-05,2.2234459764513654,0.932444150797141,0.2294394905004832,0.0301204819277108,11.876,0.0033073676863089,0.1391980682278477,0.8301778192602327,0.0,-2.5554328467940186,-1.5593505059380175,90.65665282630192,0.8071196303302803,0.0065359477124183,0.0668755005212151
330,0.2696598259487984,55.183363636673754,9.754594413353272,0.0088554955188123,4.516969142497446,22.166666666666668,3.0691833870196623,41.38752272750531,1915.7932865660853,23.31865380605675,7.457081235019423,2.4763556047550432,11.428571428571429,7.820061919661536,44.7029379469164,0.8146375939849627,0.0273118056192021,3831.5865731321705,2.7982334504530786,3.0,0.981144617946439,24.454525707297876,0.0034345550211085,2553.24324699107,1.5056563808324823,1.659834199679293,0.906444350300834,5.5187637969094965,0.1024435248923169,140.34924417709885,0.3320810819554647,1.3333333333333333,8.571428571428571,82.77504545501063,11.64669121671236,0.4270260979019233,1.0,1.0,0.7495113414843494,1.0,0.0,0.1660405409777323,0.0141827250401927,1.1666666666666667,493.0,1.813588885658696,1.3587806419497752,2.098675087839809,380.0,27.591681818336877,0.0005071769894307,280.69848835419765,0.75,-1.2477718236615525,0.1333792182454642,0.8209876543209876,657.3333333333334,1.3333333333333333,1.0,0.0015212981744421,0.6666666666666666,1.0761477964525743,0.4889306599832915,4.998279907742207,6.853623558757805e-05,2.159544177882058,0.9292403917904316,0.1697451617885589,0.0266666666666666,19.793333333333333,0.0028365450080385,0.2667584364909284,0.7359539642580242,0.0,-2.4133521085837226,-0.9358288677461644,81.6240674432181,0.7484161180527937,0.0075187969924812,0.0648803086716671
333,0.3323980210762611,17.414557953455045,8.502258972059273,0.0096026094977586,4.16553437993458,21.666666666666668,2.7493765246646285,17.414557953455045,1722.8675178303108,24.078093305194837,12.93769572307811,6.2117819914770696,9.428571428571429,6.973545786562203,90.7739366960744,0.8543507692307696,0.0294275762155871,3445.7350356606216,2.2462080750028792,3.0,0.757541635815541,24.126420960113368,0.0043227243444804,6684.540032476587,0.6942557299890966,2.5260300693404343,0.8980472778157501,5.01672240802676,0.1254987105232022,331.99370815451266,0.3600978561659495,1.0,9.428571428571429,34.82911590691009,11.706417338041271,0.6981991759295745,1.0,1.0,0.6912719120372288,1.0,2.7770229199563863,0.1800489280829747,0.0180792195636743,1.3333333333333333,951.0,1.9189159510849376,1.241589717671044,2.2462080750028792,408.57142857142856,5.804852651151681,0.0002620137109997,663.9874163090253,1.0,-2.647855056697431,0.0950365715585678,0.7222222222222222,317.0,0.3333333333333333,1.0,0.0031545741324921,0.3333333333333333,0.9272369791318732,0.594871794871795,5.2611325492930545,0.0001946563144036,2.0410968189375027,1.0784729497482417,0.2467342661234733,0.02,43.583333333333336,0.0101695610045668,0.1900731431171357,2.416257123671543,1.3333333333333333,-0.7865865560500301,-2.647855056697431,72.26457407669385,0.756261632407819,0.0076923076923076,0.0617509660968834
335,0.3128069645550168,5.429993051928605,7.584889701500842,0.0135414270370137,3.516545744321274,20.0,4.810331345794921,2.7149965259643025,294.46761972649085,6.630894576059757,23.132232690135822,9.867168397065978,24.00000000000001,8.224743611474377,32.457717220085364,0.6820308333333336,0.0231974384369075,883.4028591794726,3.5591742399014543,2.0,0.4873601548460698,38.80679757867654,0.0033473858903548,4082.645643143353,0.0,48.186470343242235,0.5153736264749027,5.994291151284497,0.098416917647882,271.66228662867803,0.568739935554576,2.0,12.000000000000004,8.144989577892908,18.84188591295206,1.85224286337735,4.0,1.0,1.015546184200621,1.0,0.586090957386879,0.426554951665932,0.0096199871362494,0.6666666666666666,220.0,1.7738036813678313,1.5701571594126709,1.7795871199507272,720.0000000000002,0.0,0.0002079346871768,814.986859886034,2.0,-3.737185864440504,0.0059014483889702,0.9090909090909092,440.0,2.0,1.0,0.0022727272727272,0.0,0.6586819502302383,0.4118055555555555,112.96661814626118,0.0008858194701402,2.156914840010078,1.5181833958717952,0.3977065900053045,0.0317460317460317,27.69,0.0024049967840623,0.0177043451669106,0.6368789226003705,0.5,-0.6273072612882987,-1.868592932220252,64.25859814391663,1.2024082995018222,0.0083333333333333,0.0402597464835848
346,0.3387271687451197,9.390908967933616,8.616063609164478,0.0099671442757184,4.013185611995835,21.333333333333332,3.183344290119757,0.0,993.7116078627532,9.128135400933475,17.213130979590677,8.57828799552097,3.833333333333333,7.099238221714754,46.633216811391605,0.8817710937500006,0.0293083955332106,0.0,5.407566840648233,0.0,0.6303411202570331,29.457411032729244,0.0056816488671885,0.0,2.0065928059979177,4.587047368161975,0.7242093784016018,4.537205081669695,0.170937836915957,374.36441803518625,0.4983572137859233,0.0,0.0,18.78181793586723,6.167421190131515,0.8959658987678969,0.75,1.0,1.1107923567167215,0.0,0.6688642686659725,0.1868839551697212,0.0242321729142015,1.0,835.6666666666666,1.9734978947976125,0.0,0.0,163.55555555555554,9.390908967933616,0.0002639573490029,0.0,0.0,34.932279115749395,0.0543222223128703,0.735632183908046,417.8333333333333,0.5,0.0,0.0023932987634623,0.0,0.3710712904951124,0.5026041666666666,9.2043362497255,0.0004838224326236,2.146938727032748,2.6948999440666013,0.3565513980660212,0.02,0.0,0.0090870648428255,0.0,1.2430911446317454,0.0,0.0574423672543379,0.0,51.25741768702796,0.507181187009752,0.0078125,0.1111232525411805
349,0.2456621169615813,26.20495676520401,10.441349409199164,0.0068917994460102,4.94659041633091,26.333333333333332,4.406913388134168,20.963965412163205,2180.562053742245,33.95771653989111,20.961302082547284,5.085030370821398,28.75000000000001,7.912988871746301,81.77538389931048,0.7599873417721522,0.0236774693651246,3270.843080613368,3.982197882171645,4.0,0.9353845463300626,28.56345173387088,0.0025497653111791,12468.870808751724,0.0,2.271252827307872,0.921924058012462,6.075250258888508,0.0818410671809442,464.9277250512905,0.1732795289282583,1.25,23.000000000000007,31.445948118244804,20.830589504477437,0.9155124221554786,1.6666666666666667,1.0,0.654918588771842,1.0,0.0,0.151619587812226,0.0109050540056888,1.5,609.4,1.996887450779644,0.905677804542497,3.185758305737316,908.5000000000005,0.0,0.0001625771797647,697.3915875769358,1.3333333333333333,-7.802284114698284,0.0890079025926506,0.8229166666666666,1523.5,2.5,1.0,0.0006563833278634,0.0,1.0351466205963094,0.5068565400843881,9.362464557188002,0.0001300452203494,2.1108174581682757,0.9660467223705348,0.2084118052358102,0.0284090909090909,24.7975,0.0013631317507111,0.1335118538889759,0.5520727100655568,0.0,-0.5283271692849861,-6.241827291758628,115.84845175651878,1.1482836333008557,0.0063291139240506,0.0336073987948193
360,0.2349370037873133,47.49947957409913,7.996548933392262,0.0086253095796041,4.517059776401323,24.5,21.259101601093377,37.9995836592793,1063.3822179382212,30.564301147514115,31.664758864945053,8.412045117588924,7.352941176470588,8.58371643018668,15.230019879433128,0.7315360544217693,0.0229454098373238,1595.0733269073316,5.423970459179306,4.0,0.1770637607819156,33.10505140302886,0.0047767508212837,2992.953672940525,5.26990307246821,1.8501297024746717,0.7400683267858764,5.099337748344378,0.1522903915655411,118.14889107733354,1.3282976752590407,1.25,5.88235294117647,56.99937548891895,11.383092251837024,0.4503769672579423,5.0,1.0,1.7431955156686345,1.0,0.7528432960668872,0.1897568107512915,0.0184103813832419,0.1666666666666666,314.8,1.330431816610646,1.935125682812294,4.339176367343445,216.17647058823528,66.49927140373877,0.0002236213434257,177.22333661600032,4.0,-107.81569368812094,0.1196580680697101,0.9423076923076924,1574.0,5.0,1.0,0.0006353240152477,1.75,0.6939964936505194,0.3163265306122448,6.964288716811405,0.000149073547334,1.7702995597200173,1.4409294703203166,0.233724899047692,0.0324675324675324,5.0575,0.0014161831833263,0.1794871021045652,0.1291905751758088,0.25,-0.0349134374743551,-86.25255495049676,66.47870568031885,0.7859308640820337,0.0068027210884353,0.0722298474224403
367,0.347584816957847,10.223025064821751,7.757548314655462,0.0114942069099817,3.728586338560269,20.833333333333332,3.0642788489582062,6.815350043214501,1031.0757558917023,17.390951905237603,14.054555003976738,7.538811618026616,15.0,7.160510986327397,46.58868630031057,0.8204800000000003,0.0281428182152752,3093.2272676751068,2.362352183568747,2.0,0.6083954043261948,28.91735058458994,0.0034464116185537,5675.814291517782,0.0,4.430877849448214,0.7204440556333477,5.462348809988298,0.1004772081872101,378.3028975925222,0.2681981612329066,1.5,10.0,20.446050129643503,13.32281991726644,1.1908800553804475,1.5,1.0,0.6164170469167221,1.0,0.0,0.2298841381996342,0.0137156875450559,1.1666666666666667,635.3333333333334,2.1219168919227056,1.3322819917266442,1.5749014557124978,625.0,0.0,0.0002091191006531,1134.9086927775666,1.0,-5.462376322362546,0.060529351145689,0.7716049382716049,381.2,0.6,1.0,0.002623294858342,0.0,0.789168178329699,0.5353333333333333,8.260455308640958,0.0002874957151993,2.0805601936660287,1.2671570236353595,0.2464187823781398,0.0214285714285714,37.48500000000001,0.0048984598375199,0.1815880534370672,1.8764796158206625,0.0,-0.3412970947548711,-3.641584214908365,81.76716065553182,1.8420349559926592,0.008,0.0512006868983769
373,0.3056575308633593,11.954222340558063,8.51577631866322,0.0111314085866656,4.022502548026369,20.333333333333332,6.254335374586545,5.9771111702790325,560.3587320005746,18.920267115879337,23.15753981707396,8.635497258455242,88.0000000000001,7.779208023281522,22.814293618222894,0.8422147540983608,0.0263288824274411,1681.076196001724,4.500015758123038,2.0,0.4287695182205015,32.49022186026944,0.0031071909196497,3814.126744205978,0.0,4.81775702332842,0.6258293163026345,5.496308449548815,0.0993935858668271,244.12336088205564,0.7458043753065967,2.0,44.00000000000005,17.9313335108371,70.52912884015791,1.0373513918500947,4.0,1.0,0.8537656645410789,1.0,0.6704170913377282,0.2486014584355322,0.0106406551474848,0.5,353.0,1.867183869126842,1.6029347463672234,2.250007879061519,2684.000000000003,0.0,0.0001670872283975,732.3700826461669,2.0,-37.14124041004867,0.0516010785167787,0.8133333333333334,470.6666666666667,1.3333333333333333,1.0,0.0021246458923512,0.0,0.5959242166008415,0.4357923497267759,12.919626601407003,0.0003236788671239,2.117034412530444,1.6780657206783969,0.3225616768838135,0.0298507462686567,17.015,0.0029019968584049,0.1548032355503363,0.9357835703539976,0.5,-0.0722019064453587,-18.570620205024333,81.38514635723853,1.5900834427455142,0.0081967213114754,0.0102436691930857
379,1.0773915889623888,0.0,3.63577983575562,0.0413791933171899,0.0,0.0,0.0,0.0,0.0,0.0,0.0,13.615980032091873,0.0,5.157840839999551,17.75601868547074,1.450700000000001,0.0706035731217346,0.0,0.0,0.0,0.2054986385250268,10.309259645379854,0.0161448928374258,0.0,0.0,3.73708153683707,0.0,3.156996587030721,0.3317310300835703,0.0,1.5310301527360264,0.0,0.0,0.0,2.563932655066775,0.4382524089650805,0.0,0.0,0.4283003059732886,0.0,0.3265775001925829,0.3827575381840066,0.067753964003803,0.0,0.0,2.404665022644192,0.0,0.0,61.714285714285715,0.0,0.0009523126650883,0.0,0.0,-0.0,0.0,0.0,76.57142857142857,0.0,0.0,0.0130597014925373,0.0,0.1643528489221124,0.8302469135802469,0.0,0.0002740015252167,0.0,6.084470129714055,0.1476433674142674,0.0,0.0,0.0592847185033276,0.0,6.2404135180310725,0.0,-0.3286721316839655,-0.0,21.211625813401614,2.1089477484186023,0.0185185185185185,0.2567817254999793
381,0.2763922576258166,30.218117928008375,7.710174230858021,0.0112670725511245,4.226390431318808,18.833333333333332,4.267571431379089,30.218117928008375,801.6289940516831,11.596561567302077,6.551466766947785,2.325199318453687,4.0,8.224743611474375,44.79973857197937,0.7392176991150448,0.0287609371001869,1202.4434910775246,9.945815441092892,4.0,0.6602334995875357,28.52037958262557,0.0062892567848614,2599.897267728767,4.930788836538609,2.1483077169960105,0.6603465174357804,4.982206405693957,0.1616473730829433,107.21498054917151,0.4732170471472314,1.0,4.0,45.32717689201256,6.691287816371182,0.6191432947979106,2.0,1.0,1.688832463889415,1.0,0.7043984052198012,0.2366085235736157,0.0212868076741302,0.8333333333333334,259.75,1.2284928046684414,1.6728219540927955,9.945815441092892,113.0,52.881706374014655,0.0011815151646802,160.8224708237573,2.0,-0.9309517458667148,0.1101371659663666,0.8560606060606061,519.5,2.0,1.0,0.0019249278152069,1.75,0.283294380191072,0.4314159292035397,6.053058119093527,0.0002561594787103,1.8242929412586544,3.5298970608789886,0.2137969009262633,0.0317460317460317,15.900000000000002,0.0038703286680236,0.1652057489495499,0.2988961250638056,0.25,-3.026573217558155,-0.9309517458667148,47.21025222790647,0.5719377353095927,0.0088495575221238,0.1358680617449967
388,0.4379591057653963,5.47426170922857,5.542929596795284,0.0387425362792465,2.978241139221028,7.666666666666667,2.1693665819397254,5.47426170922857,71.99342412133717,6.321579032139839,11.886588866961434,11.973431610783292,2.2857142857142856,7.455526891705896,10.08134625626318,0.8442608695652175,0.0444188200882688,215.9802723640115,4.550656908956615,2.0,0.457620696599535,21.7712691396301,0.0131537961689132,596.6298958575577,0.4963735232035046,7.25345893852628,0.3521460608243128,4.529616724738674,0.2500119401997188,36.16267241593075,1.0073059432604117,1.0,2.2857142857142856,16.42278512768571,2.335618569879788,2.0469437216564574,2.0,1.0,0.9672436506700972,1.0,0.0,0.671537295506941,0.0321881682201718,0.3333333333333333,53.0,1.5970618008363089,1.0218331243224072,4.550656908956615,52.57142857142857,2.737130854614285,0.0010831759583992,108.48801724779224,2.0,6.106007067137809,0.0462908318085399,0.7666666666666666,0.0,0.0,1.0,0.0,0.5,0.2181546678355562,0.4565217391304349,7.200849937456486,0.0023519641500448,1.861141975308642,4.583903750131052,0.1784836905084809,0.0384615384615384,10.155,0.0,0.1388724954256197,0.0,0.0,0.1625853091048516,6.106007067137809,13.910507908729592,0.3981569889601967,0.0217391304347826,0.3326059802157667
