identifier,predicted_docking_score
CNP0137718.1,-13.292562
CNP0148737.1,-13.277308
CNP0137718.2,-13.200947
CNP0210563.3,-13.195849
CNP0210563.2,-13.190291
CNP0140612.8,-13.188258
CNP0210563.5,-13.171118
CNP0140612.6,-13.168305
CNP0140612.4,-13.167
CNP0134461.1,-13.158873
CNP0134461.2,-13.152039
CNP0106519.2,-13.147973
CNP0140612.3,-13.137961
CNP0080817.0,-13.121296
CNP0174304.1,-13.104027
CNP0211194.0,-13.100528
CNP0194151.1,-13.093504
CNP0074376.1,-13.090314
CNP0152201.2,-13.077256
CNP0106519.1,-13.042148
CNP0076125.1,-13.036304
CNP0093120.1,-13.031148
CNP0116362.0,-13.015971
CNP0134936.3,-13.010799
CNP0155833.1,-13.005386
CNP0092795.1,-13.004957
CNP0151984.1,-13.004781
CNP0210563.1,-13.003566
CNP0197847.4,-12.9975605
CNP0409471.1,-12.995952
CNP0210563.4,-12.990641
CNP0115315.1,-12.987215
CNP0103758.1,-12.986261
CNP0148135.2,-12.980786
CNP0158529.1,-12.97827
CNP0115791.1,-12.968851
CNP0177728.1,-12.96049
CNP0174304.2,-12.959482
CNP0201578.2,-12.959212
CNP0160065.2,-12.950835
CNP0204684.1,-12.945574
CNP0166169.4,-12.939992
CNP0586463.0,-12.939731
CNP0152201.1,-12.938697
CNP0140612.7,-12.937564
CNP0431091.1,-12.934033
CNP0123502.1,-12.93158
CNP0104581.1,-12.928065
CNP0169870.1,-12.92508
CNP0160065.1,-12.923946
CNP0157339.1,-12.922121
CNP0197847.2,-12.920633
CNP0153482.1,-12.917318
CNP0166169.8,-12.917252
CNP0136154.1,-12.916979
CNP0153482.2,-12.91223
CNP0197847.5,-12.910256
CNP0136154.3,-12.909906
CNP0205219.3,-12.908132
CNP0424583.1,-12.9068575
CNP0569620.1,-12.906339
CNP0202293.2,-12.904588
CNP0166169.7,-12.903825
CNP0198476.1,-12.902473
CNP0531412.1,-12.902454
CNP0123327.2,-12.89667
CNP0127480.5,-12.896275
CNP0417684.2,-12.890658
CNP0213332.6,-12.890627
CNP0127480.2,-12.883179
CNP0116318.1,-12.881568
CNP0515535.1,-12.87781
CNP0166169.3,-12.871113
CNP0172406.1,-12.8700695
CNP0166169.14,-12.866911
CNP0166169.6,-12.864732
CNP0107153.1,-12.862156
CNP0166169.11,-12.861726
CNP0213332.11,-12.860674
CNP0213332.4,-12.860436
CNP0127480.1,-12.859754
CNP0548649.1,-12.857441
CNP0552121.2,-12.857029
CNP0180142.1,-12.855691
CNP0572972.4,-12.855476
CNP0430564.1,-12.853969
CNP0213332.12,-12.8539095
CNP0160065.3,-12.851109
CNP0588664.1,-12.85048
CNP0166169.5,-12.8493
CNP0145057.1,-12.847424
CNP0166169.13,-12.844624
CNP0166169.2,-12.844225
CNP0213332.7,-12.842869
CNP0122619.0,-12.840755
CNP0599667.1,-12.836953
CNP0209411.0,-12.832906
CNP0201578.1,-12.831871
CNP0569620.2,-12.831862
CNP0087291.2,-12.829753
CNP0417684.1,-12.829426
CNP0389968.1,-12.827834
CNP0572972.1,-12.827302
CNP0197847.1,-12.82603
CNP0108140.0,-12.82601
CNP0136979.1,-12.825848
CNP0420705.1,-12.824021
CNP0197847.3,-12.823023
CNP0176573.13,-12.822982
CNP0549660.2,-12.820843
CNP0134936.2,-12.820195
CNP0579111.1,-12.820181
CNP0205219.5,-12.817076
CNP0564211.1,-12.8167515
CNP0108851.3,-12.816234
CNP0136154.2,-12.813929
CNP0424393.1,-12.813673
CNP0127480.3,-12.812983
CNP0108681.2,-12.812455
CNP0484741.2,-12.811974
CNP0105597.1,-12.808872
CNP0127480.4,-12.806334
CNP0098938.1,-12.805999
CNP0109945.1,-12.803861
CNP0136979.3,-12.801178
CNP0126692.0,-12.796026
CNP0202293.1,-12.7936735
CNP0123164.1,-12.787078
CNP0572972.3,-12.786613
CNP0398157.1,-12.783185
CNP0480210.1,-12.780005
CNP0163701.1,-12.77542
CNP0403720.2,-12.773844
CNP0148179.0,-12.771447
CNP0076447.1,-12.769905
CNP0172930.1,-12.7692175
CNP0080815.0,-12.768517
CNP0087291.3,-12.768353
CNP0186541.4,-12.766361
CNP0528372.1,-12.766198
CNP0086353.1,-12.764546
CNP0148484.1,-12.762418
CNP0098022.1,-12.759831
CNP0136563.1,-12.758577
CNP0582361.1,-12.757457
CNP0130566.1,-12.748366
CNP0116318.2,-12.7477865
CNP0164648.3,-12.746932
CNP0201697.1,-12.746702
CNP0531412.2,-12.746701
CNP0576093.2,-12.743229
CNP0156791.4,-12.739988
CNP0073590.1,-12.738105
CNP0171733.1,-12.737151
CNP0134936.1,-12.737098
CNP0189407.2,-12.733725
CNP0590724.2,-12.729576
CNP0437649.1,-12.728884
CNP0549660.1,-12.727562
CNP0075927.1,-12.725709
CNP0128822.1,-12.724793
CNP0548649.2,-12.723264
CNP0163980.1,-12.723119
CNP0073590.2,-12.722771
CNP0214069.1,-12.721375
CNP0486176.1,-12.721305
CNP0130566.2,-12.71958
CNP0172930.3,-12.717832
CNP0166169.15,-12.71679
CNP0117528.0,-12.71509
CNP0213332.2,-12.714544
CNP0439266.1,-12.709277
CNP0403720.1,-12.7092285
CNP0139000.1,-12.709095
CNP0455691.1,-12.707972
CNP0170620.2,-12.706721
CNP0195108.1,-12.70602
CNP0481710.2,-12.705865
CNP0539545.1,-12.705487
CNP0172406.2,-12.704978
CNP0376228.1,-12.70441
CNP0136979.2,-12.70436
CNP0436073.1,-12.702345
CNP0213332.3,-12.701874
CNP0134260.1,-12.701842
CNP0195108.2,-12.701171
CNP0110784.1,-12.699592
CNP0196339.1,-12.698672
CNP0589980.1,-12.698196
CNP0552121.1,-12.697849
CNP0212184.1,-12.697701
CNP0213332.5,-12.697504
CNP0132325.1,-12.697467
CNP0413252.10,-12.6961355
CNP0590724.1,-12.6957445
CNP0604312.2,-12.695482
CNP0586769.2,-12.695317
CNP0572972.2,-12.692732
CNP0535248.1,-12.691273
CNP0166169.1,-12.690461
CNP0138875.0,-12.686171
CNP0205219.4,-12.685633
CNP0080816.0,-12.684082
CNP0518218.1,-12.682837
CNP0116456.2,-12.681572
CNP0202331.1,-12.680155
CNP0111592.1,-12.679554
CNP0116456.1,-12.677858
CNP0206403.4,-12.677116
CNP0201697.2,-12.676662
CNP0413252.1,-12.67659
CNP0206403.2,-12.676493
CNP0376228.2,-12.674358
CNP0535248.2,-12.67403
CNP0073635.1,-12.673559
CNP0170620.3,-12.6734495
CNP0160065.4,-12.673265
CNP0156791.1,-12.67226
CNP0387900.2,-12.671048
CNP0528149.1,-12.667926
CNP0439266.2,-12.667098
CNP0413252.6,-12.665493
CNP0125025.0,-12.665471
CNP0413252.3,-12.665209
CNP0429931.1,-12.663197
CNP0106801.2,-12.661442
CNP0398964.3,-12.660815
CNP0461379.1,-12.659895
CNP0180197.1,-12.659871
CNP0200896.7,-12.659114
CNP0121440.1,-12.65849
CNP0137465.2,-12.655039
CNP0090222.1,-12.654227
CNP0188341.1,-12.653501
CNP0413252.4,-12.652442
CNP0181969.2,-12.652356
CNP0206403.5,-12.652326
CNP0145307.1,-12.650274
CNP0493932.1,-12.6497345
CNP0545248.1,-12.648933
CNP0110279.3,-12.648547
CNP0087291.1,-12.648413
CNP0531993.1,-12.647986
CNP0108851.2,-12.647399
CNP0104406.1,-12.645869
CNP0166055.2,-12.645378
CNP0461379.2,-12.645111
CNP0181969.1,-12.64341
CNP0145485.1,-12.64294
CNP0413252.5,-12.642408
CNP0192260.5,-12.642382
CNP0181001.1,-12.6406975
CNP0137465.1,-12.640361
CNP0213332.1,-12.638188
CNP0125862.2,-12.637593
CNP0106801.3,-12.637332
CNP0161969.1,-12.636661
CNP0158320.1,-12.636567
CNP0108681.1,-12.636465
CNP0125430.0,-12.635036
CNP0601926.1,-12.630732
CNP0538100.1,-12.629652
CNP0166169.9,-12.626224
CNP0591331.1,-12.62527
CNP0108851.1,-12.622831
CNP0177268.0,-12.621518
CNP0140612.2,-12.618714
CNP0413252.2,-12.618056
CNP0106801.1,-12.616509
CNP0109837.1,-12.61586
CNP0400872.0,-12.61477
CNP0515158.1,-12.610732
CNP0207261.2,-12.610003
CNP0206403.8,-12.606238
CNP0175961.1,-12.605318
CNP0189407.3,-12.6027565
CNP0166209.1,-12.602237
CNP0214069.2,-12.600881
CNP0128255.2,-12.600295
CNP0413769.2,-12.599454
CNP0590390.1,-12.599052
CNP0414994.1,-12.59883
CNP0183210.2,-12.598705
CNP0181969.3,-12.598682
CNP0386461.0,-12.596205
CNP0073589.1,-12.595543
CNP0107000.1,-12.59548
CNP0192031.0,-12.594848
CNP0175961.3,-12.5945835
CNP0534862.1,-12.594437
CNP0156791.3,-12.594208
CNP0484741.1,-12.592866
CNP0195259.6,-12.592313
CNP0175961.2,-12.591645
CNP0418992.1,-12.590629
CNP0209217.1,-12.589772
CNP0087291.4,-12.589761
CNP0110279.1,-12.587449
CNP0214193.1,-12.586313
CNP0214193.4,-12.585764
CNP0183354.7,-12.584664
CNP0213055.1,-12.58429
CNP0497568.1,-12.584107
CNP0183210.5,-12.583514
CNP0157323.1,-12.583301
CNP0427510.1,-12.583091
CNP0206403.6,-12.582442
CNP0184035.1,-12.580135
CNP0183210.1,-12.578489
CNP0411203.4,-12.5772085
CNP0411203.5,-12.5772085
CNP0524073.2,-12.577114
CNP0202976.2,-12.575795
CNP0150930.3,-12.575307
CNP0156536.1,-12.574352
CNP0481710.1,-12.574086
CNP0380042.1,-12.573683
CNP0183354.15,-12.573604
CNP0103092.1,-12.573077
CNP0150930.4,-12.571418
CNP0189659.1,-12.570613
CNP0176573.10,-12.570183
CNP0165067.1,-12.56845
CNP0017240.4,-12.567544
CNP0203452.16,-12.567287
CNP0183210.9,-12.567093
CNP0156536.2,-12.564956
CNP0080945.1,-12.562675
CNP0205250.4,-12.562044
CNP0152935.1,-12.5614605
CNP0121074.2,-12.561177
CNP0156791.2,-12.560135
CNP0110452.1,-12.560078
CNP0114877.1,-12.557476
CNP0116817.3,-12.557279
CNP0186702.1,-12.556967
CNP0495063.1,-12.555872
CNP0188145.7,-12.5540285
CNP0213563.0,-12.553737
CNP0163701.2,-12.551792
CNP0155820.2,-12.551424
CNP0123913.0,-12.54892
CNP0111955.0,-12.54828
CNP0197607.1,-12.546933
CNP0205250.3,-12.546256
CNP0125862.1,-12.544878
CNP0508227.1,-12.5446615
CNP0198595.2,-12.543247
CNP0200896.5,-12.54291
CNP0202976.1,-12.542761
CNP0197845.2,-12.541826
CNP0197515.1,-12.541231
CNP0582361.2,-12.540741
CNP0183210.3,-12.540712
CNP0174534.1,-12.539347
CNP0124185.3,-12.539067
CNP0427395.1,-12.5385475
CNP0183210.6,-12.538329
CNP0125481.0,-12.537194
CNP0600437.0,-12.536968
CNP0145160.1,-12.536947
CNP0204757.5,-12.5364685
CNP0203452.14,-12.536066
CNP0413252.7,-12.535637
CNP0147317.1,-12.534469
CNP0188145.5,-12.534093
CNP0183210.7,-12.533803
CNP0188145.3,-12.533455
CNP0140398.0,-12.531896
CNP0176052.1,-12.5311165
CNP0430708.1,-12.530663
CNP0165424.1,-12.529053
CNP0155189.1,-12.5279665
CNP0153498.1,-12.527412
CNP0176573.14,-12.527
CNP0547899.0,-12.5269985
CNP0557905.1,-12.526928
CNP0165067.2,-12.526778
CNP0561828.1,-12.525253
CNP0123327.1,-12.52489
CNP0158365.1,-12.523949
CNP0418012.1,-12.522721
CNP0089617.1,-12.522362
CNP0161786.1,-12.522177
CNP0089516.1,-12.520566
CNP0102500.2,-12.520272
CNP0124185.2,-12.519484
CNP0130566.3,-12.51925
CNP0604312.1,-12.517795
CNP0413252.8,-12.517761
CNP0188145.2,-12.515516
CNP0601335.1,-12.514979
CNP0188145.6,-12.514091
CNP0109978.3,-12.513868
CNP0210147.2,-12.513128
CNP0087250.1,-12.512038
CNP0136758.5,-12.509208
CNP0120750.1,-12.50892
CNP0198595.3,-12.508691
CNP0126324.1,-12.508228
CNP0193886.1,-12.507642
CNP0151900.2,-12.506925
CNP0418012.2,-12.506306
CNP0204358.2,-12.505113
CNP0597014.1,-12.504814
CNP0180671.2,-12.503862
CNP0201047.1,-12.503468
CNP0119984.3,-12.501536
CNP0200093.1,-12.500043
CNP0210147.3,-12.499604
CNP0204757.3,-12.499297
CNP0087783.1,-12.497549
CNP0561828.2,-12.497389
CNP0389765.1,-12.497042
CNP0204025.1,-12.496652
CNP0179112.2,-12.496597
CNP0192260.2,-12.495594
CNP0087101.1,-12.495135
CNP0209031.2,-12.494904
CNP0529618.1,-12.494859
CNP0202462.1,-12.494071
CNP0424077.1,-12.493682
CNP0167093.3,-12.493534
CNP0394131.1,-12.491407
CNP0490429.1,-12.490407
CNP0443759.1,-12.490199
CNP0087101.4,-12.490095
CNP0132314.0,-12.489585
CNP0576093.1,-12.48921
CNP0167093.4,-12.488768
CNP0115974.1,-12.487654
CNP0072566.1,-12.487624
CNP0413252.9,-12.487581
CNP0159069.1,-12.486986
CNP0188206.17,-12.485962
CNP0090698.1,-12.485882
CNP0413769.3,-12.485395
CNP0148962.1,-12.484853
CNP0108955.3,-12.484563
CNP0108955.5,-12.484563
CNP0140162.1,-12.482753
CNP0177797.1,-12.4821
CNP0496129.1,-12.481359
CNP0194358.1,-12.480217
CNP0175015.1,-12.480075
CNP0209594.1,-12.480002
CNP0540933.1,-12.479283
CNP0210147.1,-12.479187
CNP0171082.0,-12.479093
CNP0166169.10,-12.478906
CNP0080938.1,-12.47889
CNP0183354.1,-12.4771
CNP0201578.3,-12.476754
CNP0156119.1,-12.476627
CNP0384769.0,-12.475982
CNP0383458.1,-12.475751
CNP0197409.1,-12.475527
CNP0560411.1,-12.474866
CNP0183354.8,-12.47471
CNP0172890.3,-12.472992
CNP0193878.2,-12.472859
CNP0108955.6,-12.472379
CNP0108955.4,-12.471912
CNP0531468.1,-12.4716215
CNP0154536.0,-12.4715395
CNP0198595.1,-12.471291
CNP0176573.12,-12.470685
CNP0203452.5,-12.469367
CNP0129539.0,-12.467644
CNP0146019.3,-12.467421
CNP0536298.1,-12.467092
CNP0214193.3,-12.466859
CNP0209316.1,-12.466569
CNP0604552.8,-12.465831
CNP0512133.1,-12.465761
CNP0148781.1,-12.465454
CNP0103758.2,-12.463714
CNP0146006.1,-12.463507
CNP0205219.2,-12.462343
CNP0169286.0,-12.462236
CNP0183354.11,-12.461618
CNP0104087.0,-12.461564
CNP0188206.1,-12.460149
CNP0582141.1,-12.459907
CNP0152396.1,-12.459597
CNP0592708.1,-12.45951
CNP0404744.1,-12.457208
CNP0388840.0,-12.45658
CNP0116572.0,-12.455426
CNP0204757.4,-12.454119
CNP0490904.1,-12.45281
CNP0430071.2,-12.452506
CNP0190377.2,-12.452202
CNP0176573.2,-12.451857
CNP0422517.1,-12.451196
CNP0179112.1,-12.451066
CNP0183354.13,-12.451036
CNP0167093.2,-12.450968
CNP0121074.1,-12.450857
CNP0207261.1,-12.450013
CNP0604552.1,-12.449299
CNP0104696.1,-12.4491825
CNP0501834.1,-12.44916
CNP0106179.2,-12.448265
CNP0485541.1,-12.447682
CNP0546091.2,-12.447124
CNP0208143.1,-12.446283
CNP0108955.2,-12.445379
CNP0204292.1,-12.444621
CNP0183354.10,-12.444601
CNP0150344.3,-12.444077
CNP0203452.20,-12.444073
CNP0109978.1,-12.443709
CNP0203452.10,-12.443202
CNP0196048.1,-12.442232
CNP0419323.1,-12.442218
CNP0086967.1,-12.442027
CNP0209961.1,-12.441824
CNP0565186.1,-12.441457
CNP0398276.1,-12.441249
CNP0162443.1,-12.440339
CNP0108556.2,-12.4401455
CNP0131161.1,-12.439595
CNP0213768.3,-12.438755
CNP0577900.1,-12.438625
CNP0207261.3,-12.438397
CNP0213768.1,-12.4371805
CNP0193704.2,-12.436564
CNP0122974.1,-12.436064
CNP0153561.1,-12.435947
CNP0377969.1,-12.435258
CNP0148135.1,-12.434468
CNP0193271.3,-12.433664
CNP0139408.1,-12.433544
CNP0108556.4,-12.432142
CNP0204757.2,-12.4320545
CNP0168707.2,-12.431933
CNP0162351.2,-12.430834
CNP0180304.4,-12.429643
CNP0193878.1,-12.429638
CNP0203452.13,-12.429372
CNP0186541.2,-12.429159
CNP0380042.2,-12.428862
CNP0203452.7,-12.428665
CNP0490401.1,-12.427989
CNP0116716.4,-12.427044
CNP0192260.3,-12.42538
CNP0124076.1,-12.424976
CNP0428639.1,-12.42476
CNP0192260.7,-12.424102
CNP0006937.1,-12.423951
CNP0116456.3,-12.422843
CNP0163764.2,-12.422636
CNP0197845.3,-12.422629
CNP0108556.6,-12.422566
CNP0193704.7,-12.421973
CNP0206403.1,-12.421958
CNP0103093.2,-12.421477
CNP0176960.1,-12.421022
CNP0161283.1,-12.42091
CNP0151090.3,-12.420855
CNP0155820.1,-12.419807
CNP0148052.1,-12.419607
CNP0421752.1,-12.41874
CNP0168783.1,-12.417009
CNP0510470.0,-12.413836
CNP0430071.3,-12.412476
CNP0491948.1,-12.412238
CNP0186541.6,-12.411397
CNP0087022.3,-12.411088
CNP0144147.1,-12.41101
CNP0210658.1,-12.410449
CNP0548040.1,-12.41005
CNP0601826.1,-12.409631
CNP0087250.3,-12.409434
CNP0507907.2,-12.408602
CNP0075226.1,-12.408574
CNP0544148.1,-12.408559
CNP0203452.21,-12.407728
CNP0188145.4,-12.407574
CNP0379412.1,-12.407557
CNP0379412.2,-12.406405
CNP0153597.1,-12.40596
CNP0411203.3,-12.4056015
CNP0106291.1,-12.404944
CNP0079096.0,-12.40418
CNP0161049.1,-12.403806
CNP0135481.2,-12.403766
CNP0207163.1,-12.403403
CNP0120325.1,-12.402894
CNP0150930.5,-12.401101
CNP0148781.2,-12.401066
CNP0170309.2,-12.400881
CNP0115895.1,-12.400804
CNP0395573.1,-12.398851
CNP0209961.2,-12.397179
CNP0170620.1,-12.396672
CNP0116817.5,-12.396502
CNP0198590.1,-12.396418
CNP0151698.1,-12.394954
CNP0120325.3,-12.394021
CNP0163764.1,-12.393661
CNP0143938.1,-12.393488
CNP0593243.1,-12.3933525
CNP0164648.1,-12.393317
CNP0555404.1,-12.393214
CNP0120325.2,-12.392377
CNP0193878.3,-12.392225
CNP0183210.12,-12.392106
CNP0193613.0,-12.391871
CNP0087022.2,-12.391764
CNP0181278.3,-12.391688
CNP0116528.0,-12.39139
CNP0586771.1,-12.3913555
CNP0079094.1,-12.390611
CNP0128793.0,-12.390332
CNP0150344.2,-12.389864
CNP0018813.2,-12.38808
CNP0378810.1,-12.387185
CNP0529623.0,-12.386318
CNP0109978.4,-12.386201
CNP0183210.14,-12.385266
CNP0146372.1,-12.384731
CNP0553633.1,-12.383928
CNP0128097.1,-12.383836
CNP0186541.3,-12.383337
CNP0604552.5,-12.383225
CNP0188145.1,-12.382419
CNP0087022.1,-12.381805
CNP0434412.1,-12.381765
CNP0119984.2,-12.381692
CNP0482893.2,-12.3813925
CNP0207501.2,-12.381051
CNP0187190.1,-12.3803835
CNP0108556.3,-12.380271
CNP0544534.1,-12.379538
CNP0192677.1,-12.379456
CNP0135772.4,-12.379308
CNP0120325.6,-12.378655
CNP0119005.0,-12.378622
CNP0110509.1,-12.37778
CNP0407528.2,-12.37691
CNP0178538.1,-12.376608
CNP0194358.13,-12.3756075
CNP0146019.6,-12.374958
CNP0210719.4,-12.37472
CNP0201047.2,-12.3743305
CNP0196965.1,-12.374313
CNP0105842.0,-12.3741045
CNP0194358.3,-12.374028
CNP0131199.1,-12.373738
CNP0196965.5,-12.373571
CNP0504621.1,-12.372624
CNP0140997.1,-12.371688
CNP0106291.2,-12.371659
CNP0204358.1,-12.371482
CNP0194358.12,-12.371239
CNP0203452.15,-12.370975
CNP0193878.4,-12.370667
CNP0555069.4,-12.37018
CNP0181702.1,-12.370148
CNP0172890.7,-12.369499
CNP0141116.1,-12.369422
CNP0116716.3,-12.369348
CNP0120880.1,-12.369293
CNP0166055.1,-12.3691
CNP0193271.1,-12.369022
CNP0103093.3,-12.368953
CNP0419332.1,-12.368259
CNP0605841.1,-12.368162
CNP0203452.17,-12.367266
CNP0199621.1,-12.366327
CNP0407528.1,-12.366178
CNP0103092.9,-12.365908
CNP0519864.0,-12.365889
CNP0210719.3,-12.365652
CNP0103093.1,-12.365431
CNP0137835.12,-12.36338
CNP0146019.5,-12.362957
CNP0210719.6,-12.362544
CNP0159069.4,-12.362454
CNP0574332.3,-12.361023
CNP0146019.4,-12.360747
CNP0432634.1,-12.360176
CNP0120006.1,-12.360079
CNP0132267.0,-12.35999
CNP0508784.1,-12.359822
CNP0126977.0,-12.3594265
CNP0203452.11,-12.359154
CNP0382241.1,-12.359009
CNP0492375.6,-12.35835
CNP0203452.4,-12.357946
CNP0110679.1,-12.356784
CNP0166091.1,-12.356351
CNP0194358.5,-12.356126
CNP0563845.1,-12.355862
CNP0166169.12,-12.355789
CNP0190079.2,-12.355693
CNP0188341.2,-12.355266
CNP0382241.6,-12.355175
CNP0430158.1,-12.355115
CNP0492375.4,-12.355097
CNP0203452.2,-12.354843
CNP0120526.0,-12.354369
CNP0582324.1,-12.354044
CNP0139269.1,-12.35355
CNP0408503.1,-12.352996
CNP0150344.4,-12.352919
CNP0196264.3,-12.352653
CNP0144796.1,-12.351977
CNP0164648.2,-12.351164
CNP0590534.1,-12.350755
CNP0138905.1,-12.350549
CNP0150930.1,-12.3495455
CNP0555290.1,-12.3493805
CNP0192707.1,-12.349371
CNP0497568.2,-12.349325
CNP0072567.1,-12.349064
CNP0146019.2,-12.348907
CNP0471922.1,-12.348775
CNP0196427.3,-12.348598
CNP0190546.1,-12.347575
CNP0141690.1,-12.347342
CNP0183210.4,-12.34719
CNP0426764.1,-12.34684
CNP0181278.5,-12.346539
CNP0410282.2,-12.346022
CNP0582324.2,-12.34584
CNP0602204.1,-12.345477
CNP0051679.0,-12.345401
CNP0180304.1,-12.345209
CNP0194358.10,-12.344621
CNP0194358.11,-12.344621
CNP0063970.2,-12.343804
CNP0196264.2,-12.343573
CNP0183354.3,-12.343485
CNP0176960.2,-12.3427305
CNP0469561.1,-12.341995
CNP0210719.5,-12.341983
CNP0188206.3,-12.341272
CNP0432148.1,-12.34073
CNP0411203.2,-12.340706
CNP0492375.1,-12.3401
CNP0193049.6,-12.339857
CNP0188206.2,-12.339389
CNP0188206.5,-12.339389
CNP0136758.4,-12.33904
CNP0137835.4,-12.338583
CNP0566563.1,-12.338218
CNP0120325.8,-12.338042
CNP0193049.1,-12.337869
CNP0087250.2,-12.337383
CNP0110279.4,-12.3373
CNP0106179.6,-12.337071
CNP0192260.4,-12.336981
CNP0597651.1,-12.33615
CNP0157722.1,-12.335427
CNP0135040.4,-12.334823
CNP0211254.1,-12.334752
CNP0193049.2,-12.3343935
CNP0200010.1,-12.333407
CNP0116817.2,-12.333142
CNP0492375.8,-12.332855
CNP0166620.1,-12.332505
CNP0108556.1,-12.332361
CNP0430071.1,-12.331556
CNP0122118.0,-12.331195
CNP0204884.1,-12.330965
CNP0120325.4,-12.329329
CNP0120325.5,-12.329292
CNP0130561.1,-12.329176
CNP0181580.1,-12.328757
CNP0516899.0,-12.327139
CNP0018813.1,-12.325834
CNP0108556.7,-12.32575
CNP0157085.1,-12.325465
CNP0427659.1,-12.325355
CNP0183210.8,-12.324997
CNP0425805.1,-12.324867
CNP0120325.7,-12.324616
CNP0175338.1,-12.32388
CNP0106759.1,-12.3223915
CNP0190377.1,-12.321978
CNP0157490.2,-12.321718
CNP0528376.1,-12.321694
CNP0135040.3,-12.321167
CNP0116817.4,-12.320764
CNP0394836.1,-12.320465
CNP0166278.1,-12.320149
CNP0181278.1,-12.319293
CNP0107240.1,-12.318729
CNP0173737.1,-12.317618
CNP0482893.1,-12.317134
CNP0115834.1,-12.316974
CNP0181702.2,-12.316971
CNP0147502.1,-12.3160515
CNP0102928.1,-12.31594
CNP0210197.1,-12.315857
CNP0529865.1,-12.315619
CNP0481329.1,-12.315487
CNP0181121.1,-12.315418
CNP0174301.2,-12.315273
CNP0195259.7,-12.315217
CNP0121962.1,-12.31398
CNP0186702.2,-12.313591
CNP0194358.15,-12.313372
CNP0198488.1,-12.313252
CNP0195259.9,-12.313199
CNP0540447.1,-12.312633
CNP0540447.2,-12.312633
CNP0427425.1,-12.312243
CNP0553172.1,-12.311899
CNP0181278.7,-12.311802
CNP0163764.3,-12.311458
CNP0203366.4,-12.310471
CNP0210719.7,-12.310368
CNP0062576.1,-12.309762
CNP0175015.2,-12.309667
CNP0087203.2,-12.309423
CNP0413769.1,-12.30909
CNP0176920.1,-12.309089
CNP0190430.1,-12.308971
CNP0388110.1,-12.308819
CNP0379412.3,-12.308695
CNP0181278.6,-12.308197
CNP0177692.4,-12.308098
CNP0113763.1,-12.307369
CNP0389765.2,-12.306536
CNP0102500.1,-12.30631
CNP0586769.1,-12.30612
CNP0395573.2,-12.305704
CNP0518856.1,-12.305647
CNP0214193.8,-12.305589
CNP0196990.1,-12.305526
CNP0186349.2,-12.304938
CNP0188206.11,-12.30385
CNP0122153.1,-12.303835
CNP0075496.1,-12.303619
CNP0183210.13,-12.3033905
CNP0200028.3,-12.302885
CNP0137111.0,-12.302725
CNP0194859.3,-12.302442
CNP0574332.2,-12.302422
CNP0187089.6,-12.301575
CNP0176573.11,-12.300993
CNP0135481.1,-12.300828
CNP0017240.3,-12.300417
CNP0214193.5,-12.300093
CNP0148671.2,-12.299777
CNP0194964.1,-12.299392
CNP0164272.0,-12.299099
CNP0147288.1,-12.299047
CNP0553635.2,-12.298209
CNP0002902.0,-12.298123
CNP0442690.0,-12.298003
CNP0429387.1,-12.297739
CNP0159543.1,-12.297679
CNP0146582.2,-12.297572
CNP0150344.1,-12.296849
CNP0146582.1,-12.295958
CNP0181278.2,-12.295742
CNP0589554.13,-12.295682
CNP0107079.1,-12.295625
CNP0087203.1,-12.295407
CNP0174499.1,-12.295147
CNP0212758.1,-12.294649
CNP0135040.2,-12.294239
CNP0524116.1,-12.294091
CNP0161952.2,-12.294051
CNP0492375.7,-12.293594
CNP0181278.4,-12.292794
CNP0195259.4,-12.2925005
CNP0582324.8,-12.291741
CNP0190079.1,-12.291408
CNP0198313.1,-12.291194
CNP0106793.2,-12.291162
CNP0179140.1,-12.290678
CNP0582324.7,-12.290661
CNP0194358.6,-12.290533
CNP0026119.1,-12.289838
CNP0598541.1,-12.289755
CNP0440141.1,-12.28969
CNP0432528.1,-12.288833
CNP0177692.5,-12.288371
CNP0430808.2,-12.288318
CNP0555370.0,-12.287983
CNP0112786.2,-12.287494
CNP0382241.2,-12.286877
CNP0102179.1,-12.284611
CNP0103415.1,-12.283574
CNP0161924.1,-12.28357
CNP0075449.1,-12.283353
CNP0582324.10,-12.282377
CNP0582324.11,-12.282377
CNP0480941.1,-12.281998
CNP0089123.1,-12.281663
CNP0194439.2,-12.281507
CNP0172452.1,-12.28147
CNP0195259.5,-12.281455
CNP0109945.2,-12.28137
CNP0200028.1,-12.281012
CNP0200896.3,-12.280723
CNP0116318.3,-12.280474
CNP0428788.1,-12.280001
CNP0181357.1,-12.279738
CNP0160650.1,-12.279401
CNP0148128.2,-12.278925
CNP0210719.2,-12.278674
CNP0203366.3,-12.278657
CNP0151900.1,-12.278567
CNP0194358.8,-12.278405
CNP0169014.1,-12.278356
CNP0492375.2,-12.278178
CNP0178224.1,-12.277947
CNP0075225.1,-12.277707
CNP0186541.5,-12.277283
CNP0194859.1,-12.277274
CNP0188206.8,-12.277222
CNP0403720.3,-12.277058
CNP0193281.1,-12.276711
CNP0154371.1,-12.276045
CNP0125094.2,-12.275668
CNP0391017.1,-12.275525
CNP0107581.1,-12.275101
CNP0181588.4,-12.274486
CNP0194439.1,-12.27347
CNP0385102.0,-12.272855
CNP0214604.4,-12.272434
CNP0382241.4,-12.271039
CNP0211334.1,-12.270228
CNP0414096.1,-12.269947
CNP0176573.1,-12.2691965
CNP0415261.4,-12.269181
CNP0177607.1,-12.268491
CNP0468651.1,-12.267935
CNP0428043.1,-12.267887
CNP0117290.1,-12.2664385
CNP0209186.2,-12.266176
CNP0125206.1,-12.266042
CNP0157862.2,-12.265508
CNP0497811.0,-12.264194
CNP0193281.2,-12.2634325
CNP0570328.0,-12.262456
CNP0209594.2,-12.261234
CNP0188206.12,-12.261094
CNP0586008.1,-12.260661
CNP0023266.1,-12.260373
CNP0195097.1,-12.259864
CNP0177692.3,-12.259594
CNP0500157.1,-12.25905
CNP0588559.1,-12.258488
CNP0188206.9,-12.258047
CNP0093442.1,-12.257871
CNP0430721.1,-12.257849
CNP0421299.2,-12.257774
CNP0138859.1,-12.257677
CNP0486105.2,-12.257343
CNP0392053.0,-12.257068
CNP0558594.1,-12.256286
CNP0490695.0,-12.255
CNP0176573.5,-12.253882
CNP0381597.1,-12.253698
CNP0212972.4,-12.253492
CNP0188206.15,-12.253451
CNP0049701.0,-12.252883
CNP0176573.9,-12.252244
CNP0051509.1,-12.252087
CNP0206403.9,-12.251429
CNP0214894.2,-12.250342
CNP0183391.1,-12.250314
CNP0530067.1,-12.250234
CNP0211055.1,-12.250217
CNP0150344.7,-12.25018
CNP0209031.3,-12.250046
CNP0148584.0,-12.249339
CNP0140534.1,-12.24908
CNP0146279.1,-12.248773
CNP0137835.11,-12.248173
CNP0177907.4,-12.247689
CNP0409520.1,-12.246789
CNP0145363.1,-12.246693
CNP0440224.1,-12.246227
CNP0168707.1,-12.245963
CNP0409536.0,-12.245852
CNP0582324.4,-12.244643
CNP0463442.1,-12.244584
CNP0188206.6,-12.244211
CNP0435384.1,-12.244195
CNP0557905.2,-12.244094
CNP0194859.2,-12.244068
CNP0582324.5,-12.244046
CNP0214894.1,-12.243923
CNP0108955.1,-12.243918
CNP0214193.6,-12.243518
CNP0140371.1,-12.243406
CNP0117706.1,-12.242652
CNP0189854.1,-12.242299
CNP0135063.1,-12.241836
CNP0125094.1,-12.241259
CNP0144299.4,-12.240512
CNP0150107.1,-12.240441
CNP0415715.0,-12.2403965
CNP0113859.1,-12.240347
CNP0116318.4,-12.239977
CNP0394205.0,-12.239307
CNP0553463.0,-12.239278
CNP0593742.1,-12.239033
CNP0589554.14,-12.238781
CNP0205250.5,-12.238567
CNP0177907.3,-12.238371
CNP0177907.1,-12.237742
CNP0011906.1,-12.23764
CNP0079097.0,-12.237634
CNP0177907.12,-12.237629
CNP0557514.2,-12.237476
CNP0113662.1,-12.237299
CNP0196264.1,-12.237211
CNP0206403.7,-12.237188
CNP0172890.2,-12.235551
CNP0195259.1,-12.235291
CNP0570388.1,-12.234603
CNP0195883.1,-12.234463
CNP0111035.1,-12.23405
CNP0585398.1,-12.23404
CNP0200896.2,-12.233412
CNP0105011.0,-12.233391
CNP0206403.3,-12.232796
CNP0136077.1,-12.232097
CNP0212972.1,-12.232009
CNP0101973.1,-12.231808
CNP0197736.2,-12.231371
CNP0119065.0,-12.231369
CNP0181357.2,-12.230133
CNP0486663.1,-12.229956
CNP0203452.3,-12.229543
CNP0582324.3,-12.229522
CNP0103177.1,-12.229204
CNP0582324.6,-12.2280655
CNP0571371.1,-12.22798
CNP0148714.4,-12.227278
CNP0385046.1,-12.227068
CNP0145241.1,-12.226669
CNP0494064.1,-12.226018
CNP0530514.1,-12.226003
CNP0011502.1,-12.225943
CNP0412179.1,-12.225612
CNP0177912.4,-12.225378
CNP0117928.0,-12.225342
CNP0145679.1,-12.224992
CNP0186349.1,-12.224969
CNP0191385.9,-12.223615
CNP0158013.1,-12.223604
CNP0110279.2,-12.222537
CNP0198910.1,-12.221589
CNP0212972.2,-12.221566
CNP0176573.8,-12.2209425
CNP0108234.1,-12.220493
CNP0429410.1,-12.219749
CNP0427062.1,-12.219453
CNP0519298.1,-12.218979
CNP0169653.0,-12.218823
CNP0430003.1,-12.21858
CNP0087994.1,-12.218366
CNP0106793.3,-12.21789
CNP0507907.1,-12.217313
CNP0159673.4,-12.217246
CNP0132687.1,-12.216298
CNP0177907.5,-12.215784
CNP0170588.1,-12.21466
CNP0382241.5,-12.214061
CNP0179780.2,-12.213954
CNP0113763.2,-12.213492
CNP0106793.1,-12.212574
CNP0122974.2,-12.212143
CNP0498959.1,-12.211775
CNP0531544.1,-12.211059
CNP0450151.1,-12.210897
CNP0184214.1,-12.210869
CNP0166898.3,-12.210225
CNP0173465.2,-12.209379
CNP0176573.3,-12.209008
CNP0078043.0,-12.20877
CNP0550466.1,-12.208555
CNP0209031.1,-12.208118
CNP0429686.2,-12.208056
CNP0125569.7,-12.206997
CNP0522204.0,-12.206544
CNP0413481.1,-12.206356
CNP0457509.1,-12.206229
CNP0177912.3,-12.206055
CNP0552739.0,-12.2052145
CNP0120006.2,-12.204851
CNP0421299.1,-12.204659
CNP0061845.1,-12.204347
CNP0183082.10,-12.204063
CNP0415261.2,-12.204009
CNP0209452.1,-12.203808
CNP0186349.3,-12.203779
CNP0406740.1,-12.203151
CNP0133998.0,-12.203136
CNP0430808.1,-12.203024
CNP0551987.1,-12.202177
CNP0532018.0,-12.201939
CNP0522365.0,-12.201441
CNP0589554.1,-12.201432
CNP0380034.1,-12.201379
CNP0183354.6,-12.201367
CNP0527602.1,-12.201183
CNP0574332.4,-12.201069
CNP0114514.1,-12.200984
CNP0022825.0,-12.20053
CNP0135772.1,-12.200366
CNP0566574.1,-12.200185
CNP0190524.11,-12.199819
CNP0181588.1,-12.199554
CNP0116494.4,-12.198898
CNP0150930.2,-12.197883
CNP0090480.1,-12.197431
CNP0386343.2,-12.196392
CNP0166200.3,-12.196205
CNP0163908.1,-12.196039
CNP0113859.2,-12.195695
CNP0181506.1,-12.195409
CNP0383096.1,-12.19516
CNP0428233.1,-12.194721
CNP0430988.1,-12.1943655
CNP0150344.5,-12.193579
CNP0200896.6,-12.193576
CNP0511226.1,-12.192996
CNP0157882.2,-12.192986
CNP0492375.11,-12.192619
CNP0193049.7,-12.192533
CNP0211484.1,-12.19233
CNP0402318.1,-12.191936
CNP0116201.1,-12.19137
CNP0158893.2,-12.190965
CNP0194814.1,-12.190395
CNP0567246.1,-12.190007
CNP0196427.2,-12.1897545
CNP0132830.1,-12.189516
CNP0157170.0,-12.189514
CNP0548390.1,-12.189298
CNP0099867.0,-12.189249
CNP0542968.1,-12.188713
CNP0381118.1,-12.188338
CNP0200028.2,-12.188164
CNP0557226.1,-12.187999
CNP0208119.2,-12.187799
CNP0493693.1,-12.187075
CNP0182181.1,-12.186692
CNP0563845.2,-12.186418
CNP0136158.1,-12.186097
CNP0523582.1,-12.185837
CNP0114770.10,-12.185138
CNP0097719.1,-12.18487
CNP0380034.3,-12.184321
CNP0169488.2,-12.184267
CNP0424634.1,-12.18418
CNP0585829.1,-12.183948
CNP0574332.1,-12.183362
CNP0157588.1,-12.183329
CNP0574550.1,-12.183241
CNP0435712.1,-12.183039
CNP0142876.7,-12.183019
CNP0112786.1,-12.182554
CNP0032719.1,-12.182118
CNP0214723.0,-12.182051
CNP0099708.1,-12.182025
CNP0183354.12,-12.181697
CNP0087102.3,-12.18168
CNP0087102.2,-12.181516
CNP0415904.2,-12.180403
CNP0492375.3,-12.1801815
CNP0157722.4,-12.179941
CNP0205219.1,-12.179556
CNP0196640.0,-12.179491
CNP0586544.1,-12.178874
CNP0135772.2,-12.178744
CNP0150344.6,-12.178256
CNP0602843.1,-12.177824
CNP0205250.6,-12.1776705
CNP0386343.1,-12.177364
CNP0118190.1,-12.17712
CNP0195645.0,-12.1767235
CNP0410197.1,-12.176345
CNP0200896.1,-12.176148
CNP0432763.1,-12.175747
CNP0198995.1,-12.175667
CNP0480923.1,-12.175492
CNP0566668.1,-12.175488
CNP0491838.1,-12.175148
CNP0192436.0,-12.17513
CNP0097607.1,-12.174991
CNP0201383.1,-12.174137
CNP0193049.4,-12.173542
CNP0382784.2,-12.17305
CNP0183354.9,-12.173048
CNP0214894.3,-12.17278
CNP0604552.9,-12.172766
CNP0114490.1,-12.172115
CNP0173341.1,-12.172103
CNP0183354.4,-12.171652
CNP0114490.2,-12.171008
CNP0173465.1,-12.170557
CNP0006844.1,-12.170523
CNP0468720.0,-12.170239
CNP0108212.2,-12.170177
CNP0168674.1,-12.169699
CNP0203367.1,-12.16958
CNP0512969.2,-12.16942
CNP0112767.2,-12.169153
CNP0600730.1,-12.1691065
CNP0115743.2,-12.16885
CNP0413711.1,-12.168754
CNP0193886.4,-12.168642
CNP0191889.2,-12.1683235
CNP0079095.1,-12.168199
CNP0123231.1,-12.167251
CNP0095990.1,-12.165721
CNP0429636.1,-12.165421
CNP0127149.1,-12.165189
CNP0565307.0,-12.165108
CNP0002652.0,-12.1651
CNP0162351.1,-12.164965
CNP0201280.1,-12.164733
CNP0208119.1,-12.164683
CNP0150694.2,-12.164157
CNP0565149.1,-12.163622
CNP0589554.5,-12.163232
CNP0210091.1,-12.162889
CNP0505119.1,-12.162371
CNP0514834.1,-12.162205
CNP0163957.1,-12.161758
CNP0593742.3,-12.1615925
CNP0532656.1,-12.160735
CNP0200482.3,-12.160171
CNP0117290.2,-12.159877
CNP0204316.1,-12.159849
CNP0111039.1,-12.159678
CNP0124449.1,-12.159502
CNP0604552.4,-12.159437
CNP0408172.2,-12.158887
CNP0147076.2,-12.158278
CNP0208760.1,-12.15816
CNP0159540.1,-12.1576605
CNP0519969.1,-12.157061
CNP0193878.6,-12.15703
CNP0166898.4,-12.157009
CNP0171084.0,-12.156894
CNP0413584.0,-12.156789
CNP0540240.1,-12.156415
CNP0528001.2,-12.156202
CNP0210452.1,-12.1561775
CNP0137835.6,-12.155939
CNP0179780.1,-12.155555
CNP0500678.2,-12.155061
CNP0428427.1,-12.154862
CNP0117204.1,-12.154584
CNP0202087.1,-12.154552
CNP0573179.2,-12.154384
CNP0144299.1,-12.154244
CNP0479495.1,-12.1542225
CNP0102200.1,-12.154046
CNP0114284.0,-12.153782
CNP0102038.1,-12.153236
CNP0186104.2,-12.153141
CNP0400033.3,-12.152949
CNP0500678.1,-12.152483
CNP0194358.2,-12.151898
CNP0147288.2,-12.151525
CNP0604552.6,-12.151426
CNP0071477.1,-12.151363
CNP0100952.1,-12.151175
CNP0175123.1,-12.151092
CNP0144299.2,-12.150662
CNP0071738.0,-12.150384
CNP0409169.0,-12.150077
CNP0162124.1,-12.150012
CNP0508636.2,-12.149777
CNP0177912.2,-12.149692
CNP0154043.3,-12.149606
CNP0175517.1,-12.149595
CNP0523723.1,-12.149346
CNP0116494.2,-12.149214
CNP0208119.4,-12.149047
CNP0175794.0,-12.149031
CNP0166665.1,-12.148214
CNP0148869.4,-12.148174
CNP0419159.1,-12.147989
CNP0586195.1,-12.146624
CNP0579111.2,-12.146437
CNP0166060.0,-12.146061
CNP0166672.1,-12.145018
CNP0589554.16,-12.144708
CNP0175545.9,-12.144279
CNP0398301.1,-12.143924
CNP0204889.1,-12.143728
CNP0183770.1,-12.14351
CNP0555069.3,-12.143409
CNP0177644.1,-12.143267
CNP0406326.0,-12.142759
CNP0106179.4,-12.142652
CNP0125611.0,-12.142632
CNP0064258.1,-12.142405
CNP0387900.1,-12.142184
CNP0136522.2,-12.142181
CNP0599339.0,-12.141209
CNP0214193.7,-12.140842
CNP0185713.1,-12.140736
CNP0114609.1,-12.140654
CNP0575649.1,-12.140576
CNP0134978.1,-12.140537
CNP0104968.1,-12.140198
CNP0399225.2,-12.139868
CNP0013909.6,-12.139828
CNP0169488.3,-12.139489
CNP0169089.1,-12.138701
CNP0414639.1,-12.138446
CNP0106158.2,-12.137921
CNP0038984.2,-12.13744
CNP0556939.1,-12.137324
CNP0388257.1,-12.136791
CNP0153368.1,-12.136783
CNP0193878.5,-12.136542
CNP0070799.4,-12.13649
CNP0142892.1,-12.136196
CNP0158893.1,-12.136021
CNP0415501.1,-12.135938
CNP0196990.2,-12.135854
CNP0203366.2,-12.135038
CNP0167307.1,-12.134851
CNP0117041.8,-12.134549
CNP0077539.1,-12.133837
CNP0558305.2,-12.133718
CNP0193049.3,-12.13344
CNP0087102.4,-12.133356
CNP0157716.1,-12.133326
CNP0098825.1,-12.133014
CNP0379412.4,-12.132317
CNP0589554.17,-12.131949
CNP0124864.1,-12.131779
CNP0589554.7,-12.13137
CNP0208642.1,-12.131318
CNP0155932.2,-12.130945
CNP0410282.1,-12.130884
CNP0117252.1,-12.130838
CNP0493213.0,-12.130767
CNP0381090.1,-12.130475
CNP0417204.1,-12.129171
CNP0589554.11,-12.12911
CNP0530458.1,-12.128889
CNP0452862.1,-12.128604
CNP0082991.2,-12.12853
CNP0575825.1,-12.128216
CNP0427683.1,-12.127773
CNP0204757.1,-12.127218
CNP0117252.2,-12.126614
CNP0009745.2,-12.126601
CNP0183082.9,-12.126235
CNP0106158.1,-12.1260805
CNP0493035.1,-12.12571
CNP0140643.0,-12.125332
CNP0087975.1,-12.125132
CNP0198053.1,-12.124991
CNP0508759.1,-12.124981
CNP0208119.3,-12.124578
CNP0116494.1,-12.124297
CNP0070799.1,-12.124119
CNP0376534.0,-12.123653
CNP0193704.6,-12.1226225
CNP0604552.10,-12.122509
CNP0087102.1,-12.122506
CNP0142938.1,-12.122364
CNP0151090.2,-12.122251
CNP0128498.2,-12.121919
CNP0505051.0,-12.121737
CNP0085866.0,-12.121689
CNP0107066.1,-12.120868
CNP0441616.0,-12.120852
CNP0185735.4,-12.120248
CNP0567512.1,-12.119534
CNP0004149.1,-12.11935
CNP0376954.1,-12.119261
CNP0110690.1,-12.119161
CNP0203230.4,-12.118565
CNP0143938.2,-12.118082
CNP0153854.1,-12.117574
CNP0416848.1,-12.117329
CNP0604552.2,-12.116725
CNP0605327.1,-12.116286
CNP0176573.15,-12.116097
CNP0176573.6,-12.115885
CNP0142876.2,-12.115859
CNP0410114.2,-12.1156025
CNP0152128.1,-12.115485
CNP0179365.1,-12.115034
CNP0394776.1,-12.114534
CNP0146279.2,-12.113347
CNP0188206.13,-12.11244
CNP0391892.1,-12.111909
CNP0518624.1,-12.111731
CNP0009745.3,-12.111496
CNP0183550.2,-12.111326
CNP0602574.1,-12.11095
CNP0175545.3,-12.110736
CNP0032469.1,-12.11023
CNP0605327.2,-12.109953
CNP0380034.4,-12.109531
CNP0161900.1,-12.109249
CNP0389804.1,-12.109125
CNP0400140.1,-12.108944
CNP0175077.1,-12.1081705
CNP0089736.1,-12.108073
CNP0041378.1,-12.107326
CNP0169393.3,-12.107195
CNP0573543.2,-12.107027
CNP0205250.2,-12.106929
CNP0006912.1,-12.10635
CNP0200604.1,-12.106306
CNP0033382.1,-12.106267
CNP0569883.0,-12.10595
CNP0131546.1,-12.105651
CNP0589554.6,-12.105429
CNP0200617.1,-12.10497
CNP0192260.6,-12.104648
CNP0113305.2,-12.104473
CNP0142876.10,-12.104458
CNP0190524.3,-12.103584
CNP0196591.10,-12.103306
CNP0513258.1,-12.102673
CNP0029288.1,-12.102384
CNP0605024.1,-12.102209
CNP0185735.1,-12.102149
CNP0183001.2,-12.102087
CNP0107362.3,-12.10191
CNP0589554.8,-12.101619
CNP0105404.1,-12.101493
CNP0131480.2,-12.101486
CNP0191889.1,-12.100747
CNP0470262.1,-12.100144
CNP0208758.1,-12.099827
CNP0176285.1,-12.099429
CNP0170816.0,-12.099109
CNP0132901.1,-12.099054
CNP0522242.1,-12.098916
CNP0597370.1,-12.0980835
CNP0182655.4,-12.097893
CNP0568323.1,-12.097705
CNP0190441.0,-12.097586
CNP0148869.2,-12.096361
CNP0195259.8,-12.096113
CNP0586754.0,-12.0954
CNP0083965.1,-12.0951
CNP0525237.1,-12.094593
CNP0382784.1,-12.094368
CNP0534134.1,-12.094184
CNP0150694.1,-12.093981
CNP0493633.0,-12.093927
CNP0438836.1,-12.093902
CNP0106935.1,-12.093398
CNP0177907.9,-12.093287
CNP0136401.0,-12.093241
CNP0125987.0,-12.092899
CNP0194684.1,-12.092684
CNP0558030.2,-12.092598
CNP0553420.1,-12.092592
CNP0182655.2,-12.092472
CNP0057888.1,-12.0924425
CNP0526781.1,-12.092145
CNP0205562.0,-12.092049
CNP0155932.1,-12.092037
CNP0593742.5,-12.09144
CNP0118814.0,-12.090975
CNP0082991.1,-12.090872
CNP0197845.1,-12.090624
CNP0129074.0,-12.090506
CNP0143415.1,-12.090032
CNP0192020.2,-12.089668
CNP0461617.2,-12.089642
CNP0206211.2,-12.089341
CNP0118299.0,-12.089222
CNP0107362.4,-12.089038
CNP0210719.1,-12.088938
CNP0177907.14,-12.088464
CNP0088747.1,-12.088326
CNP0152299.1,-12.088315
CNP0196144.1,-12.088284
CNP0408325.1,-12.087863
CNP0061261.1,-12.087777
CNP0136522.5,-12.087608
CNP0417416.1,-12.087533
CNP0201228.1,-12.087466
CNP0013909.4,-12.087306
CNP0089589.1,-12.08648
CNP0392582.1,-12.08632
CNP0113900.0,-12.086233
CNP0202502.1,-12.085999
CNP0180304.2,-12.085974
CNP0429245.1,-12.085801
CNP0090651.1,-12.085616
CNP0196965.4,-12.085314
CNP0561241.1,-12.085037
CNP0087101.2,-12.084645
CNP0214510.1,-12.084614
CNP0452979.1,-12.084558
CNP0074604.2,-12.084267
CNP0183354.2,-12.084022
CNP0189687.3,-12.083896
CNP0123123.1,-12.083645
CNP0207501.3,-12.083462
CNP0137835.8,-12.083248
CNP0102004.2,-12.083209
CNP0214510.2,-12.082594
CNP0192020.1,-12.082556
CNP0119984.1,-12.081853
CNP0017940.0,-12.081691
CNP0136398.1,-12.081096
CNP0085668.1,-12.0808735
CNP0022690.0,-12.080481
CNP0127755.2,-12.0801735
CNP0399939.0,-12.080026
CNP0539662.1,-12.079813
CNP0492707.1,-12.079667
CNP0111697.1,-12.0794115
CNP0154869.1,-12.078577
CNP0548337.1,-12.078242
CNP0170096.2,-12.078012
CNP0170096.3,-12.078012
CNP0183354.14,-12.077892
CNP0166665.2,-12.077728
CNP0553633.2,-12.077725
CNP0158071.1,-12.077309
CNP0210452.2,-12.076634
CNP0393511.1,-12.076419
CNP0526621.1,-12.076097
CNP0108556.5,-12.076079
CNP0447738.0,-12.076072
CNP0417103.0,-12.075916
CNP0130226.1,-12.075853
CNP0598807.1,-12.075575
CNP0190524.9,-12.075526
CNP0117041.2,-12.075414
CNP0199466.0,-12.075357
CNP0192012.1,-12.074754
CNP0556661.1,-12.074715
CNP0119984.4,-12.074686
CNP0125994.0,-12.074535
CNP0139599.1,-12.074501
CNP0197934.2,-12.074173
CNP0077074.1,-12.07395
CNP0209107.1,-12.073844
CNP0511898.1,-12.073223
CNP0388073.2,-12.072381
CNP0166277.7,-12.072144
CNP0401466.1,-12.072106
CNP0177907.6,-12.072037
CNP0140371.2,-12.0716715
CNP0477617.1,-12.071548
CNP0201297.1,-12.070985
CNP0108380.1,-12.070778
CNP0112258.1,-12.070556
CNP0200896.4,-12.070402
CNP0177912.5,-12.070395
CNP0172890.1,-12.070279
CNP0196984.1,-12.0701065
CNP0148869.1,-12.069897
CNP0135872.1,-12.069816
CNP0134132.1,-12.069663
CNP0200623.1,-12.069468
CNP0387900.3,-12.069424
CNP0107581.3,-12.069288
CNP0172890.4,-12.0687
CNP0135772.3,-12.068608
CNP0196965.2,-12.068248
CNP0541994.0,-12.068003
CNP0198417.2,-12.067697
CNP0136522.4,-12.067581
CNP0102764.5,-12.06746
CNP0592188.1,-12.067452
CNP0179524.1,-12.067437
CNP0136758.7,-12.067021
CNP0171803.1,-12.066904
CNP0078554.1,-12.066216
CNP0107362.2,-12.065966
CNP0202648.1,-12.065919
CNP0572282.1,-12.065713
CNP0417014.1,-12.065638
CNP0175873.1,-12.065566
CNP0581387.2,-12.064702
CNP0161900.2,-12.064607
CNP0548931.1,-12.064495
CNP0581387.3,-12.064288
CNP0572282.2,-12.064103
CNP0155982.2,-12.063954
CNP0041390.1,-12.063498
CNP0381262.1,-12.062715
CNP0121803.1,-12.062687
CNP0207510.2,-12.062559
CNP0161952.1,-12.062404
CNP0551972.1,-12.06231
CNP0170096.1,-12.061784
CNP0127755.1,-12.061391
CNP0498126.2,-12.061162
CNP0586803.1,-12.061157
CNP0169393.1,-12.06112
CNP0439956.1,-12.06092
CNP0108037.6,-12.0608
CNP0177912.1,-12.060654
CNP0521571.0,-12.060283
CNP0106202.1,-12.060032
CNP0124657.1,-12.059813
CNP0143615.1,-12.059609
CNP0177907.8,-12.0595
CNP0031332.1,-12.058461
CNP0098291.1,-12.058305
CNP0163568.2,-12.057946
CNP0176573.4,-12.057643
CNP0172432.1,-12.05736
CNP0098872.1,-12.05713
CNP0146019.1,-12.056942
CNP0537404.1,-12.056773
CNP0391131.1,-12.056702
CNP0166066.2,-12.056611
CNP0147076.1,-12.056507
CNP0589554.10,-12.056234
CNP0128381.2,-12.0562105
CNP0137835.2,-12.056198
CNP0148869.3,-12.056068
CNP0104753.1,-12.0560255
CNP0524073.1,-12.056018
CNP0210681.1,-12.055982
CNP0078041.1,-12.055918
CNP0137835.10,-12.055571
CNP0394029.1,-12.055119
CNP0089574.1,-12.0550165
CNP0182610.1,-12.054825
CNP0443886.2,-12.054802
CNP0172930.4,-12.054694
CNP0089941.1,-12.054666
CNP0531427.2,-12.054507
CNP0120223.2,-12.054475
CNP0382422.1,-12.054422
CNP0106179.5,-12.054296
CNP0087980.1,-12.05401
CNP0175254.1,-12.053895
CNP0126691.0,-12.053638
CNP0074016.1,-12.052791
CNP0203452.1,-12.05245
CNP0381452.1,-12.052316
CNP0190524.2,-12.052233
CNP0157440.1,-12.052155
CNP0521135.0,-12.051784
CNP0195790.1,-12.051168
CNP0116817.1,-12.050981
CNP0128381.1,-12.050853
CNP0148714.2,-12.050398
CNP0480049.1,-12.050072
CNP0146950.1,-12.049543
CNP0461272.1,-12.049364
CNP0195259.2,-12.048461
CNP0494955.1,-12.048297
CNP0111640.1,-12.048276
CNP0582515.1,-12.048271
CNP0072570.2,-12.0479
CNP0174232.1,-12.047758
CNP0205250.7,-12.047684
CNP0202902.3,-12.047516
CNP0193704.1,-12.047482
CNP0173747.1,-12.047048
CNP0006890.1,-12.046911
CNP0594431.0,-12.046836
CNP0555747.1,-12.046821
CNP0128982.1,-12.046202
CNP0017240.2,-12.046058
CNP0116337.1,-12.04566
CNP0552067.1,-12.045614
CNP0154545.1,-12.045411
CNP0212997.2,-12.045409
CNP0047521.0,-12.045285
CNP0206535.1,-12.04525
CNP0498126.1,-12.045221
CNP0070799.3,-12.045123
CNP0204991.0,-12.0450115
CNP0176405.2,-12.044878
CNP0191385.5,-12.044833
CNP0157231.1,-12.04476
CNP0411203.1,-12.044558
CNP0193704.8,-12.0444355
CNP0087246.0,-12.0443945
CNP0207510.1,-12.043947
CNP0062576.2,-12.043769
CNP0208034.2,-12.043522
CNP0208250.3,-12.042902
CNP0601067.1,-12.042722
CNP0394807.2,-12.042689
CNP0140080.1,-12.042644
CNP0130902.1,-12.042433
CNP0124657.2,-12.0423155
CNP0155982.1,-12.042305
CNP0396099.1,-12.042181
CNP0155638.2,-12.041769
CNP0168909.1,-12.041579
CNP0192260.1,-12.041345
CNP0127601.0,-12.041219
CNP0402091.1,-12.041207
CNP0513859.1,-12.04103
CNP0387680.1,-12.040872
CNP0123394.5,-12.0406885
CNP0429038.1,-12.040091
CNP0087022.5,-12.038728
CNP0433487.1,-12.038484
CNP0193704.9,-12.038412
CNP0189488.1,-12.038216
CNP0180671.1,-12.037673
CNP0169178.1,-12.037656
CNP0181357.3,-12.037366
CNP0148869.5,-12.037335
CNP0133816.1,-12.036183
CNP0149720.1,-12.0361805
CNP0182655.1,-12.035975
CNP0508595.1,-12.0357065
CNP0002446.0,-12.035706
CNP0486663.2,-12.035652
CNP0093615.1,-12.035651
CNP0201228.3,-12.03556
CNP0151090.1,-12.0355215
CNP0486893.1,-12.035216
CNP0147790.1,-12.035157
CNP0158365.2,-12.03512
CNP0151529.1,-12.034622
CNP0208250.1,-12.034535
CNP0524478.1,-12.034425
CNP0204874.1,-12.034261
CNP0148714.1,-12.034231
CNP0422878.1,-12.034134
CNP0391192.2,-12.034046
CNP0605922.1,-12.033952
CNP0172998.1,-12.033429
CNP0116711.1,-12.033288
CNP0142110.7,-12.033175
CNP0380034.2,-12.032744
CNP0513023.1,-12.032506
CNP0168124.1,-12.032411
CNP0158071.2,-12.0324
CNP0398318.2,-12.032127
CNP0145819.1,-12.032012
CNP0159673.2,-12.03182
CNP0155982.5,-12.03152
CNP0187659.2,-12.031189
CNP0421448.1,-12.03087
CNP0017240.1,-12.030524
CNP0087022.4,-12.030304
CNP0472794.1,-12.030198
CNP0175077.2,-12.030029
CNP0197265.2,-12.030008
CNP0423131.1,-12.029412
CNP0202902.1,-12.0293045
CNP0011175.1,-12.02891
CNP0193271.2,-12.028542
CNP0176573.16,-12.02849
CNP0106202.2,-12.0282135
CNP0134915.1,-12.028034
CNP0150671.1,-12.0275955
CNP0583381.1,-12.027409
CNP0142161.1,-12.027241
CNP0196333.2,-12.026872
CNP0181892.1,-12.026748
CNP0193704.12,-12.0260315
CNP0208250.2,-12.025828
CNP0556890.1,-12.025665
CNP0200003.1,-12.025634
CNP0572222.1,-12.025266
CNP0429418.1,-12.025246
CNP0002651.0,-12.025012
CNP0558030.1,-12.02495
CNP0200896.8,-12.023622
CNP0182364.1,-12.023545
CNP0425274.1,-12.023427
CNP0181949.1,-12.0231695
CNP0090698.2,-12.023022
CNP0158191.1,-12.022803
CNP0176056.1,-12.021989
CNP0175609.1,-12.021796
CNP0152920.1,-12.021381
CNP0594919.0,-12.0213375
CNP0424587.1,-12.021159
CNP0493189.2,-12.021154
CNP0182655.5,-12.020754
CNP0461237.1,-12.020587
CNP0138483.1,-12.020208
CNP0420592.1,-12.020143
CNP0209186.1,-12.019904
CNP0194439.3,-12.019886
CNP0588302.2,-12.019815
CNP0548019.1,-12.019625
CNP0383702.2,-12.019549
CNP0029450.1,-12.019443
CNP0115956.1,-12.019414
CNP0002887.0,-12.019057
CNP0415841.1,-12.019007
CNP0161952.3,-12.018916
CNP0582324.12,-12.018771
CNP0096793.1,-12.018147
CNP0538947.0,-12.017715
CNP0098759.1,-12.017655
CNP0178577.0,-12.017648
CNP0394089.1,-12.017371
CNP0099681.1,-12.017317
CNP0187747.1,-12.017242
CNP0193704.10,-12.017186
CNP0116407.0,-12.016977
CNP0089943.1,-12.016924
CNP0192012.3,-12.016609
CNP0203452.12,-12.016381
CNP0117041.4,-12.016072
CNP0193704.4,-12.015939
CNP0177907.7,-12.015928
CNP0475123.1,-12.015857
CNP0060124.1,-12.015835
CNP0417963.1,-12.015578
CNP0179594.0,-12.015474
CNP0170840.1,-12.015374
CNP0153299.1,-12.015024
CNP0180304.3,-12.015
CNP0115025.1,-12.014836
CNP0545733.1,-12.014624
CNP0397523.1,-12.014417
CNP0413498.2,-12.013995
CNP0013909.5,-12.013815
CNP0392773.1,-12.013731
CNP0188972.3,-12.013648
CNP0420918.1,-12.013618
CNP0131402.1,-12.013508
CNP0149903.2,-12.013246
CNP0172890.6,-12.013232
CNP0073297.1,-12.013149
CNP0174148.1,-12.013006
CNP0413359.1,-12.012967
CNP0190232.1,-12.01282
CNP0375721.6,-12.012199
CNP0438316.1,-12.012122
CNP0113037.1,-12.011786
CNP0193704.5,-12.01176
CNP0068489.2,-12.01161
CNP0448384.1,-12.011351
CNP0214604.6,-12.010864
CNP0178982.1,-12.010618
CNP0088882.1,-12.010048
CNP0190525.1,-12.00985
CNP0169797.1,-12.00979
CNP0412236.1,-12.009763
CNP0166595.0,-12.009314
CNP0593742.2,-12.008216
CNP0557791.1,-12.007773
CNP0193049.5,-12.007759
CNP0418735.3,-12.007474
CNP0187089.2,-12.007373
CNP0070799.2,-12.007248
CNP0113765.1,-12.007242
CNP0081172.3,-12.006656
CNP0087980.2,-12.006575
CNP0388073.1,-12.006131
CNP0492375.5,-12.00569
CNP0407798.1,-12.005488
CNP0578765.2,-12.0054
CNP0155982.3,-12.005346
CNP0384590.2,-12.004832
CNP0391612.1,-12.004483
CNP0386209.1,-12.00425
CNP0091267.2,-12.004127
CNP0166898.1,-12.004122
CNP0569471.2,-12.0038
CNP0146019.9,-12.00367
CNP0539152.1,-12.003608
CNP0178982.3,-12.003472
CNP0500763.1,-12.003348
CNP0189687.4,-12.003346
CNP0149252.3,-12.00304
CNP0072995.1,-12.002333
CNP0137652.7,-12.001809
CNP0057444.1,-12.001419
CNP0199242.1,-12.001302
CNP0056067.1,-12.001209
CNP0567997.0,-12.000999
CNP0212972.5,-12.000459
CNP0535080.0,-12.000444
CNP0558305.1,-12.000428
CNP0207285.1,-12.000293
CNP0402163.1,-11.999909
CNP0401472.1,-11.999638
CNP0582324.9,-11.999512
CNP0178195.0,-11.999387
CNP0200482.1,-11.999176
CNP0188007.1,-11.998713
CNP0078395.1,-11.998602
CNP0197934.1,-11.998463
CNP0459112.1,-11.998087
CNP0172890.8,-11.997543
CNP0394807.1,-11.997534
CNP0175145.1,-11.996705
CNP0179892.9,-11.996305
CNP0056724.0,-11.996178
CNP0200307.1,-11.995897
CNP0410114.1,-11.995865
CNP0169372.0,-11.99576
CNP0108625.1,-11.995743
CNP0095641.1,-11.995379
CNP0080927.1,-11.994838
CNP0194358.4,-11.994419
CNP0531427.1,-11.993887
CNP0196591.1,-11.993817
CNP0165729.0,-11.993629
CNP0166198.1,-11.993239
CNP0192829.1,-11.993236
CNP0172890.5,-11.992662
CNP0120783.1,-11.992227
CNP0409818.1,-11.992161
CNP0136758.2,-11.992005
CNP0078004.1,-11.991944
CNP0400835.1,-11.991699
CNP0423171.1,-11.991423
CNP0126017.1,-11.991335
CNP0432381.1,-11.9913
CNP0102286.1,-11.990621
CNP0136781.1,-11.990606
CNP0526904.1,-11.990591
CNP0179873.1,-11.990482
CNP0167093.1,-11.990436
CNP0161794.2,-11.990181
CNP0205004.6,-11.989893
CNP0412333.1,-11.989825
CNP0198986.1,-11.989777
CNP0203508.1,-11.989581
CNP0169838.1,-11.98912
CNP0583071.1,-11.989117
CNP0142110.5,-11.988999
CNP0573543.1,-11.988979
CNP0185390.3,-11.988969
CNP0194358.7,-11.988923
CNP0593779.1,-11.988684
CNP0416848.2,-11.988648
CNP0172095.1,-11.988515
CNP0533216.2,-11.98829
CNP0212190.1,-11.988285
CNP0214520.2,-11.987703
CNP0486105.1,-11.98709
CNP0394969.1,-11.987065
CNP0438401.1,-11.986306
CNP0589547.1,-11.986166
CNP0425101.1,-11.98607
CNP0163768.1,-11.985875
CNP0414999.2,-11.985859
CNP0516596.0,-11.985813
CNP0146143.1,-11.985628
CNP0505139.1,-11.985452
CNP0181588.2,-11.985284
CNP0146019.8,-11.985228
CNP0214193.2,-11.984825
CNP0177907.2,-11.984356
CNP0132315.0,-11.984333
CNP0531553.5,-11.984159
CNP0174828.3,-11.983938
CNP0432414.1,-11.983894
CNP0196591.8,-11.983592
CNP0077768.1,-11.983391
CNP0207261.4,-11.983065
CNP0152885.1,-11.982937
CNP0165331.1,-11.982687
CNP0203230.2,-11.98221
CNP0118038.0,-11.981752
CNP0185713.3,-11.981567
CNP0518590.1,-11.981365
CNP0420545.1,-11.981337
CNP0174301.1,-11.981054
CNP0099444.1,-11.981018
CNP0097994.1,-11.980855
CNP0425991.1,-11.980096
CNP0204145.1,-11.97988
CNP0101232.1,-11.979807
CNP0574802.1,-11.97957
CNP0165665.1,-11.978975
CNP0156997.3,-11.978738
CNP0422068.1,-11.97871
CNP0200307.6,-11.978139
CNP0106377.2,-11.977883
CNP0188007.2,-11.977573
CNP0070548.1,-11.977523
CNP0079164.2,-11.977446
CNP0144246.1,-11.977342
CNP0392622.1,-11.97715
CNP0196536.1,-11.976999
CNP0201288.1,-11.97686
CNP0136522.1,-11.976695
CNP0452862.2,-11.976661
CNP0079925.1,-11.976563
CNP0408219.2,-11.97586
CNP0506869.1,-11.975357
CNP0531553.9,-11.975076
CNP0400033.4,-11.974718
CNP0386557.1,-11.973979
CNP0146800.1,-11.972821
CNP0418259.1,-11.97275
CNP0029472.1,-11.972477
CNP0175792.1,-11.972303
CNP0209107.14,-11.972006
CNP0116716.1,-11.97175
CNP0380110.1,-11.971479
CNP0079608.0,-11.971119
CNP0165046.5,-11.971033
CNP0123829.2,-11.970863
CNP0563131.1,-11.970833
CNP0129153.0,-11.970777
CNP0188206.7,-11.970732
CNP0198117.4,-11.970467
CNP0393533.2,-11.970457
CNP0491358.1,-11.97041
CNP0123394.2,-11.970213
CNP0160594.1,-11.970004
CNP0136287.1,-11.969707
CNP0382898.0,-11.969633
CNP0085434.1,-11.969594
CNP0149839.0,-11.969494
CNP0525611.1,-11.969417
CNP0119279.0,-11.969209
CNP0110201.1,-11.969064
CNP0418654.1,-11.9688015
CNP0174828.2,-11.968788
CNP0183082.5,-11.968636
CNP0577990.1,-11.968507
CNP0209226.2,-11.968371
CNP0601857.2,-11.967946
CNP0434095.1,-11.967707
CNP0182771.4,-11.967069
CNP0201385.6,-11.967053
CNP0592188.2,-11.966942
CNP0580007.1,-11.966849
CNP0107268.1,-11.96665
CNP0157882.1,-11.966492
CNP0110578.2,-11.966233
CNP0573156.1,-11.966048
CNP0387428.1,-11.966033
CNP0089315.1,-11.965646
CNP0177907.11,-11.965495
CNP0394330.1,-11.965005
CNP0597599.1,-11.96466
CNP0155932.3,-11.964237
CNP0134000.1,-11.964071
CNP0196427.1,-11.963905
CNP0158462.1,-11.963897
CNP0383123.1,-11.963761
CNP0124542.2,-11.9637575
CNP0145836.2,-11.963606
CNP0183044.1,-11.963539
CNP0113334.2,-11.963493
CNP0125376.0,-11.963324
CNP0602053.1,-11.963298
CNP0213678.0,-11.963167
CNP0189407.1,-11.963123
CNP0476043.0,-11.962883
CNP0375872.1,-11.962768
CNP0417906.1,-11.961851
CNP0199533.1,-11.961693
CNP0384590.3,-11.961688
CNP0146125.1,-11.961478
CNP0386474.1,-11.961356
CNP0190524.4,-11.961279
CNP0165409.0,-11.960588
CNP0152123.1,-11.960556
CNP0405497.1,-11.960386
CNP0124192.1,-11.96037
CNP0161794.1,-11.959584
CNP0481109.1,-11.959472
CNP0134437.1,-11.959445
CNP0163701.3,-11.959148
CNP0088536.1,-11.95912
CNP0515548.1,-11.959059
CNP0165046.4,-11.958838
CNP0142876.6,-11.958687
CNP0564164.1,-11.957934
CNP0443817.1,-11.957587
CNP0046377.1,-11.957582
CNP0152921.1,-11.957332
CNP0092533.1,-11.957317
CNP0147273.1,-11.957209
CNP0382241.3,-11.957015
CNP0426745.2,-11.956779
CNP0404601.1,-11.956291
CNP0104793.1,-11.956249
CNP0118146.1,-11.956119
CNP0061845.2,-11.956089
CNP0604052.1,-11.956083
CNP0122608.1,-11.956034
CNP0416918.1,-11.95576
CNP0165046.3,-11.955684
CNP0563808.1,-11.95553
CNP0113457.1,-11.9547
CNP0408847.1,-11.95398
CNP0080228.0,-11.95344
CNP0160327.1,-11.953249
CNP0136475.1,-11.953141
CNP0406645.1,-11.952675
CNP0184891.1,-11.952547
CNP0197409.2,-11.952364
CNP0166200.1,-11.952226
CNP0092856.1,-11.952175
CNP0569428.1,-11.951869
CNP0565823.1,-11.951825
CNP0208250.5,-11.951706
CNP0125778.5,-11.950654
CNP0098449.1,-11.950497
CNP0380034.5,-11.950394
CNP0433008.1,-11.949969
CNP0092417.2,-11.949933
CNP0569417.1,-11.949689
CNP0184279.1,-11.94953
CNP0528152.2,-11.949107
CNP0605586.1,-11.949101
CNP0543636.1,-11.948956
CNP0563981.1,-11.948945
CNP0423226.1,-11.948264
CNP0387606.1,-11.948211
CNP0412616.1,-11.948139
CNP0206189.0,-11.948127
CNP0424777.2,-11.948101
CNP0589554.2,-11.947939
CNP0101973.2,-11.947926
CNP0413788.1,-11.947591
CNP0481109.2,-11.946995
CNP0137212.1,-11.946754
CNP0159634.1,-11.946669
CNP0123394.1,-11.946485
CNP0013909.8,-11.946329
CNP0504827.0,-11.945969
CNP0549917.1,-11.9459305
CNP0165970.1,-11.945876
CNP0079164.3,-11.945831
CNP0388521.1,-11.945809
CNP0032916.1,-11.945791
CNP0017941.0,-11.945779
CNP0565479.0,-11.945702
CNP0578765.1,-11.9454975
CNP0466282.1,-11.945171
CNP0123394.3,-11.945014
CNP0379994.1,-11.944914
CNP0578179.1,-11.944857
CNP0420664.1,-11.944838
CNP0126148.0,-11.944644
CNP0418107.1,-11.944568
CNP0123861.2,-11.944252
CNP0071489.1,-11.944175
CNP0146019.7,-11.944087
CNP0140328.0,-11.944032
CNP0486661.1,-11.94402
CNP0091595.2,-11.943786
CNP0574628.1,-11.943655
CNP0165046.1,-11.943624
CNP0157588.2,-11.943475
CNP0186104.1,-11.943368
CNP0196056.4,-11.943358
CNP0149252.1,-11.943034
CNP0180650.3,-11.942887
CNP0413945.1,-11.942838
CNP0426426.1,-11.942744
CNP0187089.5,-11.942733
CNP0051752.0,-11.942653
CNP0138873.0,-11.942352
CNP0117555.1,-11.94225
CNP0111094.1,-11.942013
CNP0124542.3,-11.941533
CNP0563270.0,-11.941509
CNP0405737.1,-11.941443
CNP0187659.1,-11.941371
CNP0441252.1,-11.941127
CNP0002428.1,-11.940976
CNP0191716.1,-11.940867
CNP0045535.1,-11.940859
CNP0202518.1,-11.940748
CNP0145836.1,-11.940479
CNP0209107.13,-11.940473
CNP0087440.1,-11.940375
CNP0187089.1,-11.94011
CNP0135872.2,-11.939627
CNP0080727.1,-11.939491
CNP0179892.3,-11.939321
CNP0419035.2,-11.939081
CNP0408172.1,-11.938933
CNP0098113.1,-11.938862
CNP0584599.1,-11.938482
CNP0105018.1,-11.938309
CNP0205250.1,-11.9382105
CNP0174456.1,-11.938205
CNP0051281.1,-11.937992
CNP0490892.1,-11.937979
CNP0586376.1,-11.937907
CNP0154854.3,-11.937889
CNP0017334.7,-11.937723
CNP0195259.3,-11.937565
CNP0119874.0,-11.937312
CNP0176405.1,-11.937309
CNP0523747.1,-11.93711
CNP0097249.1,-11.936698
CNP0394191.1,-11.936504
CNP0170927.1,-11.936094
CNP0195871.1,-11.936024
CNP0167263.1,-11.935947
CNP0531553.1,-11.935865
CNP0155982.4,-11.935781
CNP0213842.1,-11.935746
CNP0589554.15,-11.93558
CNP0099439.1,-11.934725
CNP0134728.1,-11.934719
CNP0406445.1,-11.934716
CNP0124657.5,-11.934494
CNP0108037.2,-11.934474
CNP0137652.2,-11.9342575
CNP0109532.1,-11.934248
CNP0205777.1,-11.934102
CNP0182331.1,-11.933754
CNP0179892.2,-11.933459
CNP0209806.13,-11.933315
CNP0571551.1,-11.93324
CNP0088761.1,-11.933099
CNP0209226.3,-11.933092
CNP0532835.1,-11.933021
CNP0088260.1,-11.932938
CNP0029450.2,-11.932901
CNP0120513.1,-11.93285
CNP0207686.2,-11.932159
CNP0089970.1,-11.931764
CNP0545941.3,-11.931746
CNP0108344.4,-11.931476
CNP0545941.1,-11.93095
CNP0078026.1,-11.930926
CNP0412167.0,-11.930909
CNP0196427.4,-11.930838
CNP0088472.1,-11.930819
CNP0399578.1,-11.930645
CNP0387996.3,-11.93056
CNP0399895.1,-11.9302
CNP0081172.1,-11.93003
CNP0209107.2,-11.929953
CNP0182331.2,-11.929689
CNP0151686.2,-11.929271
CNP0113305.1,-11.929166
CNP0131500.1,-11.92903
CNP0179955.1,-11.928872
CNP0117129.2,-11.928774
CNP0404554.9,-11.9286375
CNP0212997.6,-11.928472
CNP0507314.1,-11.928462
CNP0094631.1,-11.928394
CNP0107103.2,-11.92808
CNP0011752.1,-11.928077
CNP0461617.1,-11.928017
CNP0157440.2,-11.92796
CNP0207285.3,-11.9277725
CNP0181628.1,-11.927559
CNP0109978.5,-11.92738
CNP0191687.1,-11.927343
CNP0480210.2,-11.927177
CNP0120223.1,-11.926993
CNP0209226.1,-11.926851
CNP0197515.2,-11.926665
CNP0135040.1,-11.926566
CNP0077698.2,-11.926562
CNP0594341.1,-11.92627
CNP0387996.2,-11.92616
CNP0099558.1,-11.926079
CNP0142829.2,-11.925777
CNP0201297.2,-11.925722
CNP0533158.1,-11.925628
CNP0520660.2,-11.925527
CNP0102337.1,-11.925218
CNP0171183.1,-11.924975
CNP0468668.1,-11.924905
CNP0545941.4,-11.924813
CNP0460042.1,-11.924797
CNP0435712.2,-11.924765
CNP0381737.1,-11.924679
CNP0452862.3,-11.924562
CNP0571353.1,-11.924203
CNP0204615.2,-11.924201
CNP0106179.1,-11.924193
CNP0532476.1,-11.92416
CNP0447963.1,-11.923538
CNP0384072.0,-11.923424
CNP0152123.2,-11.923326
CNP0486611.1,-11.923295
CNP0566701.0,-11.923264
CNP0196591.13,-11.923051
CNP0204615.1,-11.922976
CNP0390694.2,-11.922792
CNP0400762.1,-11.922655
CNP0487459.1,-11.922654
CNP0533216.1,-11.9225
CNP0532476.3,-11.922483
CNP0183001.1,-11.922389
CNP0175517.2,-11.922211
CNP0395951.1,-11.922128
CNP0132143.1,-11.921957
CNP0184597.3,-11.921537
CNP0184597.5,-11.921537
CNP0125536.1,-11.921478
CNP0112767.1,-11.9214115
CNP0404554.15,-11.921273
CNP0201297.4,-11.921186
CNP0478820.1,-11.920848
CNP0504603.4,-11.920746
CNP0107581.2,-11.9207325
CNP0188972.1,-11.920303
CNP0191559.2,-11.920263
CNP0188206.14,-11.920155
CNP0006942.1,-11.920068
CNP0139915.3,-11.919881
CNP0040175.1,-11.919868
CNP0098953.1,-11.919842
CNP0162258.1,-11.91978
CNP0504603.1,-11.919328
CNP0504603.3,-11.919328
CNP0072998.1,-11.919313
CNP0491006.0,-11.919231
CNP0188972.5,-11.919113
CNP0128498.3,-11.919055
CNP0198417.1,-11.91894
CNP0202618.5,-11.918914
CNP0131480.1,-11.918907
CNP0146354.1,-11.918344
CNP0397580.2,-11.918139
CNP0078040.1,-11.917661
CNP0201228.2,-11.917643
CNP0443886.1,-11.917575
CNP0152232.1,-11.917465
CNP0130784.1,-11.91741
CNP0168154.1,-11.917311
CNP0189344.1,-11.917273
CNP0147783.1,-11.917112
CNP0089023.1,-11.91708
CNP0571425.0,-11.917027
CNP0433784.1,-11.916917
CNP0143436.1,-11.916815
CNP0184110.1,-11.916656
CNP0121446.4,-11.916598
CNP0494384.1,-11.916525
CNP0170178.1,-11.916356
CNP0202121.1,-11.916246
CNP0137835.3,-11.916176
CNP0573202.1,-11.916173
CNP0149170.2,-11.915571
CNP0381405.1,-11.915019
CNP0164463.2,-11.914965
CNP0159673.3,-11.914871
CNP0051581.0,-11.914709
CNP0166200.2,-11.914624
CNP0417952.1,-11.914512
CNP0107235.4,-11.914455
CNP0407592.2,-11.913954
CNP0413079.1,-11.913953
CNP0022475.1,-11.913831
CNP0124691.0,-11.913805
CNP0087323.1,-11.913687
CNP0095966.1,-11.913524
CNP0185390.2,-11.913362
CNP0381868.1,-11.913241
CNP0124185.1,-11.913203
CNP0130784.3,-11.91304
CNP0183560.2,-11.913021
CNP0108588.3,-11.91268
CNP0212972.3,-11.91223
CNP0158010.1,-11.912151
CNP0078058.0,-11.9121475
CNP0175545.1,-11.911995
CNP0109709.1,-11.911801
CNP0107362.5,-11.911724
CNP0182938.0,-11.911644
CNP0499683.1,-11.9113655
CNP0196326.3,-11.911142
CNP0411656.0,-11.911117
CNP0394993.0,-11.911063
CNP0177907.10,-11.910897
CNP0178982.2,-11.910453
CNP0203452.8,-11.91043
CNP0098907.1,-11.910306
CNP0106158.3,-11.9101305
CNP0102764.16,-11.909975
CNP0159151.1,-11.909823
CNP0201707.1,-11.909731
CNP0375872.2,-11.909318
CNP0520660.1,-11.90928
CNP0591675.1,-11.909224
CNP0504603.2,-11.90921
CNP0597186.1,-11.908902
CNP0497165.1,-11.908796
CNP0419182.1,-11.908524
CNP0212997.5,-11.908393
CNP0166200.4,-11.908327
CNP0384109.1,-11.908199
CNP0157490.1,-11.907837
CNP0137835.7,-11.907179
CNP0023068.0,-11.907155
CNP0406334.1,-11.907118
CNP0577990.2,-11.906968
CNP0100674.1,-11.906654
CNP0380597.1,-11.906178
CNP0136498.5,-11.905858
CNP0390694.1,-11.905712
CNP0115897.1,-11.905679
CNP0563897.0,-11.9053955
CNP0184615.5,-11.905367
CNP0489481.1,-11.905332
CNP0123550.1,-11.904973
CNP0171541.1,-11.904938
CNP0531553.6,-11.904781
CNP0056561.2,-11.904723
CNP0007020.1,-11.904487
CNP0443818.1,-11.904315
CNP0115126.1,-11.904209
CNP0392091.3,-11.904067
CNP0046377.2,-11.903803
CNP0566139.1,-11.903666
CNP0164374.2,-11.903572
CNP0204874.2,-11.903509
CNP0548632.1,-11.903488
CNP0092385.1,-11.90342
CNP0498218.0,-11.902964
CNP0415501.2,-11.902847
CNP0173534.1,-11.902658
CNP0098534.1,-11.902632
CNP0405424.1,-11.902466
CNP0090991.1,-11.902344
CNP0545941.2,-11.902143
CNP0209107.16,-11.90214
CNP0606190.1,-11.901712
CNP0081549.2,-11.901692
CNP0110797.2,-11.900974
CNP0172231.1,-11.900858
CNP0148052.2,-11.9004755
CNP0067074.1,-11.900249
CNP0198003.2,-11.900181
CNP0154854.2,-11.899986
CNP0159019.6,-11.899787
CNP0199421.2,-11.899532
CNP0184597.13,-11.899491
CNP0190524.7,-11.89944
CNP0127377.1,-11.899234
CNP0128498.1,-11.899006
CNP0480669.1,-11.898806
CNP0170092.1,-11.898217
CNP0120290.1,-11.898215
CNP0189868.1,-11.898093
CNP0194418.1,-11.898062
CNP0196591.11,-11.897874
CNP0445571.1,-11.897569
CNP0382341.1,-11.897486
CNP0136758.1,-11.89725
CNP0537853.1,-11.896478
CNP0414329.1,-11.896454
CNP0151500.1,-11.896407
CNP0130784.4,-11.896332
CNP0190524.8,-11.89633
CNP0136522.3,-11.896287
CNP0120625.1,-11.896285
CNP0047444.1,-11.89626
CNP0383702.1,-11.895931
CNP0142876.4,-11.895748
CNP0198910.2,-11.895652
CNP0375721.13,-11.895589
CNP0424153.2,-11.895573
CNP0013909.3,-11.895548
CNP0089339.1,-11.8955345
CNP0426452.1,-11.895526
CNP0111574.0,-11.895515
CNP0203230.3,-11.895463
CNP0540447.4,-11.895304
CNP0205004.3,-11.895243
CNP0066488.1,-11.895133
CNP0157440.3,-11.89506
CNP0111932.1,-11.894833
CNP0106377.1,-11.894807
CNP0140567.0,-11.894705
CNP0071479.1,-11.894624
CNP0595439.1,-11.894607
CNP0543282.1,-11.894414
CNP0435320.1,-11.894242
CNP0176284.8,-11.893568
CNP0426717.1,-11.893531
CNP0179334.1,-11.893204
CNP0092221.1,-11.893022
CNP0528001.1,-11.892667
CNP0209806.3,-11.892389
CNP0602554.1,-11.8922415
CNP0190525.2,-11.892197
CNP0582854.2,-11.89218
CNP0558291.1,-11.892042
CNP0158404.1,-11.891911
CNP0197139.1,-11.8916855
CNP0079164.1,-11.891658
CNP0397580.1,-11.891215
CNP0087323.3,-11.891192
CNP0207686.3,-11.8908615
CNP0572163.1,-11.890804
CNP0179717.2,-11.89077
CNP0116947.0,-11.890684
CNP0203152.1,-11.890547
CNP0187895.1,-11.890458
CNP0410843.1,-11.890023
CNP0180650.4,-11.889796
CNP0177318.1,-11.8896885
CNP0080230.1,-11.888392
CNP0539900.1,-11.888355
CNP0119983.0,-11.888311
CNP0212321.1,-11.888126
CNP0382341.5,-11.887989
CNP0196591.9,-11.887845
CNP0521297.0,-11.887689
CNP0196591.6,-11.8876705
CNP0055355.1,-11.887298
CNP0176573.7,-11.887185
CNP0484114.0,-11.886906
CNP0387763.1,-11.886877
CNP0003982.1,-11.886764
CNP0125731.0,-11.886669
CNP0198085.3,-11.88644
CNP0431669.1,-11.886406
CNP0502045.0,-11.886189
CNP0209722.2,-11.885906
CNP0048880.1,-11.885752
CNP0177536.1,-11.885683
CNP0078934.1,-11.885665
CNP0108037.1,-11.88561
CNP0055724.6,-11.88542
CNP0412616.2,-11.885296
CNP0422881.1,-11.884466
CNP0176284.3,-11.884403
CNP0209186.3,-11.884378
CNP0119340.0,-11.884187
CNP0180425.1,-11.883997
CNP0456645.1,-11.883803
CNP0155128.1,-11.883509
CNP0124657.3,-11.88346
CNP0572286.1,-11.883206
CNP0499265.1,-11.883128
CNP0154755.1,-11.882831
CNP0501970.1,-11.882352
CNP0012014.1,-11.88222
CNP0136692.1,-11.881782
CNP0512841.1,-11.881538
CNP0145235.0,-11.88145
CNP0163529.1,-11.8814125
CNP0516568.2,-11.881402
CNP0179892.4,-11.881327
CNP0179892.5,-11.881327
CNP0011692.1,-11.880903
CNP0512406.1,-11.880748
CNP0597535.1,-11.8806505
CNP0536827.1,-11.880489
CNP0586786.1,-11.88046
CNP0590854.1,-11.880348
CNP0148128.1,-11.880316
CNP0176538.1,-11.880162
CNP0142829.3,-11.880035
CNP0192764.2,-11.880029
CNP0148438.2,-11.8796625
CNP0209806.1,-11.879635
CNP0158462.2,-11.879606
CNP0582838.1,-11.879603
CNP0092417.3,-11.879272
CNP0196326.2,-11.879034
CNP0526511.1,-11.878638
CNP0204384.1,-11.878223
CNP0087375.5,-11.878083
CNP0182771.3,-11.877833
CNP0148714.3,-11.877563
CNP0097357.1,-11.877519
CNP0175545.8,-11.877454
CNP0046031.1,-11.877406
CNP0137835.5,-11.877383
CNP0401171.1,-11.877288
CNP0112664.1,-11.877175
CNP0155749.2,-11.877073
CNP0140357.3,-11.876683
CNP0055844.3,-11.87623
CNP0104481.1,-11.876146
CNP0183210.10,-11.876097
CNP0468775.1,-11.875966
CNP0413915.2,-11.87595
CNP0183560.1,-11.8759165
CNP0378162.2,-11.875751
CNP0130784.2,-11.8756275
CNP0189687.2,-11.875456
CNP0108212.4,-11.87543
CNP0114528.0,-11.875077
CNP0145728.1,-11.874788
CNP0188715.2,-11.874198
CNP0178982.4,-11.87397
CNP0196793.1,-11.873834
CNP0109978.2,-11.8738165
CNP0493591.1,-11.873783
CNP0385107.1,-11.873537
CNP0181588.3,-11.873461
CNP0102004.1,-11.873227
CNP0184597.4,-11.872785
CNP0108212.1,-11.872652
CNP0128164.0,-11.872635
CNP0176284.13,-11.872528
CNP0172770.3,-11.872336
CNP0079005.1,-11.872231
CNP0188365.5,-11.872179
CNP0144354.4,-11.871947
CNP0415979.1,-11.871838
CNP0190098.1,-11.871604
CNP0379522.1,-11.871399
CNP0155180.1,-11.870997
CNP0110534.1,-11.870858
CNP0399205.0,-11.8707485
CNP0402556.1,-11.870594
CNP0106179.3,-11.870549
CNP0073002.1,-11.870311
CNP0534309.0,-11.870139
CNP0190973.2,-11.870024
CNP0418735.2,-11.870011
CNP0138711.3,-11.869874
CNP0468440.1,-11.869836
CNP0196965.6,-11.869775
CNP0419007.1,-11.869663
CNP0529853.1,-11.869471
CNP0109030.1,-11.869382
CNP0387913.1,-11.869112
CNP0606611.1,-11.869103
CNP0531553.2,-11.868925
CNP0110797.1,-11.868846
CNP0055724.8,-11.868611
CNP0595457.0,-11.868366
CNP0201385.8,-11.86818
CNP0164986.1,-11.868154
CNP0153303.3,-11.868012
CNP0186473.1,-11.867965
CNP0093547.1,-11.867895
CNP0071476.1,-11.867839
CNP0125676.1,-11.867655
CNP0072570.1,-11.867565
CNP0391192.1,-11.867468
CNP0506317.1,-11.867435
CNP0163994.1,-11.866923
CNP0421593.1,-11.866878
CNP0157298.2,-11.866856
CNP0157589.0,-11.86654
CNP0055724.4,-11.866396
CNP0209107.10,-11.866384
CNP0565542.1,-11.866143
CNP0565542.2,-11.866143
CNP0565542.3,-11.866143
CNP0565542.4,-11.866143
CNP0497705.1,-11.865682
CNP0069869.2,-11.865671
CNP0483624.1,-11.865633
CNP0209722.1,-11.86563
CNP0387428.4,-11.865528
CNP0151558.1,-11.865506
CNP0518260.1,-11.865496
CNP0400977.1,-11.865434
CNP0399567.1,-11.865268
CNP0118844.2,-11.865242
CNP0572690.1,-11.864945
CNP0579356.1,-11.8648815
CNP0421741.1,-11.864746
CNP0055844.4,-11.864733
CNP0208250.4,-11.86457
CNP0121432.4,-11.864272
CNP0584252.1,-11.863704
CNP0133937.0,-11.863639
CNP0194418.7,-11.863551
CNP0009745.1,-11.863518
CNP0138077.5,-11.863141
CNP0383123.3,-11.863128
CNP0114770.5,-11.863032
CNP0128719.2,-11.862706
CNP0531553.3,-11.862624
CNP0184597.7,-11.8625345
CNP0182331.3,-11.862436
CNP0194418.5,-11.86229
CNP0187509.1,-11.862017
CNP0411096.1,-11.861983
CNP0205388.1,-11.861945
CNP0193382.1,-11.861532
CNP0087375.2,-11.861262
CNP0121025.1,-11.861078
CNP0081550.2,-11.861056
CNP0138077.2,-11.860167
CNP0093532.1,-11.860024
CNP0391327.1,-11.859919
CNP0166249.1,-11.859563
CNP0190812.2,-11.859488
CNP0154663.1,-11.859242
CNP0499831.0,-11.859125
CNP0497765.1,-11.859102
CNP0196965.3,-11.859007
CNP0199638.1,-11.858725
CNP0100343.1,-11.858601
CNP0138077.4,-11.858226
CNP0091836.1,-11.858154
CNP0385365.1,-11.857998
CNP0120503.1,-11.857747
CNP0565872.1,-11.857316
CNP0516034.1,-11.8573065
CNP0153303.1,-11.857306
CNP0196295.1,-11.857194
CNP0404554.20,-11.856597
CNP0404554.5,-11.856597
CNP0162341.1,-11.85649
CNP0385086.0,-11.855947
CNP0578370.1,-11.855906
CNP0184615.3,-11.855722
CNP0101706.1,-11.855101
CNP0152989.0,-11.855015
CNP0404554.10,-11.854779
CNP0087323.5,-11.854735
CNP0036131.1,-11.854616
CNP0501046.0,-11.854604
CNP0214069.3,-11.854041
CNP0518431.1,-11.854018
CNP0404554.25,-11.853912
CNP0436261.1,-11.85379
CNP0536604.1,-11.853765
CNP0137746.1,-11.853658
CNP0540278.2,-11.853519
CNP0059192.1,-11.853375
CNP0158208.2,-11.853308
CNP0116716.2,-11.852852
CNP0396623.1,-11.852758
CNP0094581.1,-11.852749
CNP0109030.2,-11.852634
CNP0381149.1,-11.852597
CNP0026428.1,-11.85259
CNP0147521.1,-11.852124
CNP0042655.1,-11.851832
CNP0204155.1,-11.851784
CNP0581628.1,-11.851724
CNP0095429.1,-11.851678
CNP0582695.2,-11.851487
CNP0445472.1,-11.851396
CNP0109232.1,-11.851371
CNP0203243.1,-11.851257
CNP0078578.1,-11.851239
CNP0094811.1,-11.850689
CNP0158058.1,-11.850606
CNP0491656.1,-11.850245
CNP0163870.1,-11.850131
CNP0411350.0,-11.849712
CNP0535274.1,-11.849672
CNP0188365.2,-11.849268
CNP0544555.1,-11.849064
CNP0435111.1,-11.848615
CNP0585293.0,-11.848435
CNP0087250.4,-11.848332
CNP0205584.1,-11.848316
CNP0385323.1,-11.848278
CNP0202902.2,-11.848158
CNP0081172.2,-11.848033
CNP0093481.1,-11.847574
CNP0435875.1,-11.847534
CNP0569471.1,-11.847403
CNP0400033.1,-11.84738
CNP0487743.1,-11.847299
CNP0540447.3,-11.847075
CNP0136076.3,-11.8470545
CNP0209214.2,-11.847053
CNP0586589.0,-11.846976
CNP0404554.22,-11.846821
CNP0209107.5,-11.846449
CNP0445540.1,-11.845932
CNP0132155.1,-11.845927
CNP0383123.4,-11.845674
CNP0077767.1,-11.845648
CNP0424302.1,-11.845537
CNP0509031.1,-11.845524
CNP0207501.1,-11.845224
CNP0176042.1,-11.845155
CNP0580466.0,-11.845129
CNP0174016.3,-11.84502
CNP0119982.5,-11.844865
CNP0568654.1,-11.8448
CNP0420044.1,-11.844797
CNP0010439.3,-11.844639
CNP0399206.0,-11.844512
CNP0174813.1,-11.844503
CNP0458846.2,-11.844432
CNP0498638.1,-11.843927
CNP0203472.1,-11.843888
CNP0209029.3,-11.843811
CNP0101314.1,-11.843794
CNP0141179.0,-11.843643
CNP0108037.3,-11.84327
CNP0103521.1,-11.843136
CNP0166277.4,-11.843077
CNP0398739.1,-11.842925
CNP0118009.0,-11.842899
CNP0392148.0,-11.842801
CNP0038984.1,-11.842783
CNP0068831.2,-11.842739
CNP0177529.1,-11.842511
CNP0434340.1,-11.8424425
CNP0111740.3,-11.842346
CNP0175545.7,-11.842061
CNP0032178.1,-11.842012
CNP0544195.1,-11.841924
CNP0531942.1,-11.841567
CNP0411648.1,-11.841533
CNP0136028.3,-11.841412
CNP0153408.1,-11.841341
CNP0209806.9,-11.841089
CNP0112850.2,-11.841059
CNP0500456.0,-11.841058
CNP0184597.10,-11.841046
CNP0115684.2,-11.841009
CNP0106354.2,-11.8408
CNP0404554.18,-11.8407545
CNP0178760.1,-11.840416
CNP0095084.1,-11.840067
CNP0204160.2,-11.839941
CNP0208780.1,-11.839935
CNP0071981.1,-11.839576
CNP0006829.1,-11.839352
CNP0539314.1,-11.839272
CNP0378875.1,-11.839024
CNP0088249.1,-11.838976
CNP0199869.1,-11.838917
CNP0457335.0,-11.838909
CNP0053948.1,-11.838782
CNP0403102.1,-11.83866
CNP0146864.1,-11.838468
CNP0575026.0,-11.838459
CNP0210449.1,-11.838367
CNP0128823.2,-11.838273
CNP0144354.2,-11.838168
CNP0530201.1,-11.838139
CNP0169703.1,-11.837836
CNP0196423.5,-11.837632
CNP0388821.3,-11.837512
CNP0147039.2,-11.837348
CNP0174549.1,-11.837337
CNP0152123.3,-11.837167
CNP0113859.3,-11.837067
CNP0177692.1,-11.837018
CNP0108212.3,-11.836901
CNP0168015.1,-11.836889
CNP0164463.3,-11.836748
CNP0200028.4,-11.836511
CNP0142829.1,-11.8364935
CNP0108993.1,-11.836379
CNP0192924.4,-11.836149
CNP0127730.1,-11.836073
CNP0532476.2,-11.835855
CNP0018831.0,-11.8358135
CNP0209806.7,-11.835782
CNP0055724.2,-11.835628
CNP0396447.1,-11.835293
CNP0119982.4,-11.835146
CNP0393176.1,-11.834706
CNP0404584.2,-11.834517
CNP0377395.1,-11.834391
CNP0116939.1,-11.83426
CNP0415881.1,-11.834249
CNP0176284.5,-11.834193
CNP0115956.2,-11.834063
CNP0386823.0,-11.834008
CNP0375721.19,-11.833834
CNP0159019.4,-11.833826
CNP0117041.3,-11.83381
CNP0087655.1,-11.833747
CNP0585888.1,-11.83366
CNP0127440.1,-11.833592
CNP0174673.1,-11.833504
CNP0000687.0,-11.833257
CNP0400762.3,-11.833197
CNP0092536.1,-11.833004
CNP0408251.0,-11.832393
CNP0107235.6,-11.831968
CNP0149434.0,-11.831934
CNP0158950.4,-11.831571
CNP0138206.1,-11.831546
CNP0194358.9,-11.831317
CNP0126464.1,-11.831206
CNP0170927.2,-11.831015
CNP0116494.3,-11.830906
CNP0107098.2,-11.830857
CNP0120006.4,-11.830854
CNP0484968.1,-11.830708
CNP0075195.1,-11.830444
CNP0491753.1,-11.830352
CNP0402181.1,-11.830087
CNP0186144.6,-11.830078
CNP0178332.3,-11.829705
CNP0069869.3,-11.829516
CNP0209107.15,-11.829407
CNP0409674.1,-11.828936
CNP0096821.1,-11.828775
CNP0179717.1,-11.828488
CNP0187011.4,-11.828261
CNP0069804.1,-11.828175
CNP0105370.1,-11.828012
CNP0203452.19,-11.82785
CNP0453915.0,-11.827469
CNP0460859.1,-11.8273735
CNP0190331.1,-11.827172
CNP0096800.1,-11.827062
CNP0185333.1,-11.82699
CNP0387903.1,-11.826972
CNP0013266.1,-11.826768
CNP0188514.3,-11.826257
CNP0162713.1,-11.826213
CNP0213840.1,-11.826175
CNP0416230.1,-11.826144
CNP0156335.3,-11.826005
CNP0122409.0,-11.825901
CNP0601857.1,-11.825679
CNP0436030.1,-11.825625
CNP0178217.1,-11.825524
CNP0115684.1,-11.825475
CNP0124542.1,-11.82547
CNP0088489.1,-11.825408
CNP0063905.0,-11.8252735
CNP0141920.2,-11.825051
CNP0206555.1,-11.824942
CNP0079891.1,-11.824915
CNP0178039.2,-11.824736
CNP0562598.1,-11.824693
CNP0429686.1,-11.824667
CNP0206270.1,-11.824227
CNP0200307.5,-11.824186
CNP0426338.2,-11.824142
CNP0200482.2,-11.8241205
CNP0074173.1,-11.824114
CNP0071436.1,-11.82391
CNP0095813.1,-11.8234415
CNP0521583.1,-11.823374
CNP0404554.26,-11.82289
CNP0404554.3,-11.82289
CNP0586889.0,-11.822787
CNP0399251.0,-11.822696
CNP0573552.2,-11.822551
CNP0178776.0,-11.822238
CNP0150520.1,-11.822023
CNP0430615.1,-11.821995
CNP0547684.1,-11.821512
CNP0142032.2,-11.821507
CNP0127440.3,-11.821506
CNP0404554.11,-11.821408
CNP0129864.1,-11.821343
CNP0205461.1,-11.82131
CNP0013239.1,-11.821113
CNP0375721.14,-11.8207
CNP0173114.2,-11.820691
CNP0173114.3,-11.820691
CNP0404006.1,-11.820615
CNP0510424.1,-11.820544
CNP0546091.1,-11.820271
CNP0387968.1,-11.820232
CNP0049554.1,-11.820067
CNP0121228.1,-11.819898
CNP0567009.0,-11.819717
CNP0113757.2,-11.819712
CNP0123197.2,-11.81962
CNP0204295.0,-11.819291
CNP0069869.1,-11.819137
CNP0419035.1,-11.818833
CNP0123474.0,-11.818701
CNP0479919.1,-11.818545
CNP0113815.1,-11.818459
CNP0098134.1,-11.8184395
CNP0032774.1,-11.818391
CNP0404554.27,-11.818363
CNP0151232.2,-11.818362
CNP0143576.1,-11.818286
CNP0203923.2,-11.817992
CNP0167353.2,-11.81793
CNP0169488.1,-11.817632
CNP0537324.0,-11.817589
CNP0011784.1,-11.817238
CNP0104508.2,-11.817171
CNP0556802.1,-11.81705
CNP0204184.2,-11.817022
CNP0149903.1,-11.817003
CNP0123333.1,-11.816944
CNP0139866.1,-11.816805
CNP0404714.1,-11.816211
CNP0399489.1,-11.815809
CNP0400762.2,-11.815565
CNP0098627.2,-11.815388
CNP0000058.0,-11.815328
CNP0006916.1,-11.815216
CNP0445720.0,-11.815199
CNP0388653.0,-11.814849
CNP0528000.1,-11.814848
CNP0208034.3,-11.814831
CNP0157177.1,-11.814753
CNP0407592.1,-11.81467
CNP0124657.4,-11.813964
CNP0142640.1,-11.813703
CNP0382655.3,-11.813484
CNP0503272.3,-11.813299
CNP0192706.1,-11.813241
CNP0197501.1,-11.813172
CNP0121547.0,-11.813155
CNP0388906.1,-11.812856
CNP0593108.1,-11.812326
CNP0196423.2,-11.8122225
CNP0054999.1,-11.812182
CNP0375721.7,-11.812136
CNP0168724.2,-11.811925
CNP0173114.4,-11.811684
CNP0210070.6,-11.811641
CNP0419352.1,-11.811278
CNP0182312.1,-11.810956
CNP0514081.1,-11.810486
CNP0131480.3,-11.810424
CNP0398457.1,-11.810246
CNP0545222.1,-11.8102
CNP0399472.1,-11.80997
CNP0149036.2,-11.809918
CNP0414465.2,-11.809621
CNP0175483.1,-11.809589
CNP0381859.1,-11.809476
CNP0570270.1,-11.809254
CNP0583125.1,-11.809131
CNP0095326.1,-11.809057
CNP0606407.1,-11.809033
CNP0460427.1,-11.809031
CNP0162496.1,-11.8088665
CNP0415261.3,-11.808661
CNP0104808.2,-11.808651
CNP0421329.1,-11.808625
CNP0210070.1,-11.808597
CNP0136028.4,-11.808593
CNP0173114.1,-11.808466
CNP0078683.1,-11.808435
CNP0585019.1,-11.808331
CNP0188514.1,-11.808281
CNP0518624.2,-11.808257
CNP0145414.0,-11.808248
CNP0066996.1,-11.807942
CNP0101078.1,-11.807926
CNP0431005.1,-11.807741
CNP0175545.5,-11.807694
CNP0381887.1,-11.807657
CNP0070851.1,-11.807463
CNP0197802.1,-11.807403
CNP0203420.0,-11.807164
CNP0500763.2,-11.807107
CNP0498275.3,-11.807072
CNP0496386.2,-11.807059
CNP0184615.2,-11.806952
CNP0139267.1,-11.806877
CNP0553635.1,-11.806545
CNP0391462.2,-11.806443
CNP0088862.1,-11.806438
CNP0416187.1,-11.806437
CNP0151788.1,-11.806264
CNP0151686.1,-11.805964
CNP0102360.1,-11.805939
CNP0595397.1,-11.805892
CNP0392091.2,-11.805552
CNP0192964.1,-11.805326
CNP0550300.1,-11.80532
CNP0604966.1,-11.804537
CNP0408643.1,-11.804406
CNP0157059.1,-11.804227
CNP0200629.3,-11.804208
CNP0101865.1,-11.804115
CNP0116913.1,-11.803997
CNP0402401.1,-11.80373
CNP0379755.1,-11.803708
CNP0177907.13,-11.803545
CNP0198910.3,-11.803358
CNP0206277.1,-11.8033285
CNP0114770.2,-11.803319
CNP0155560.0,-11.80324
CNP0186345.1,-11.803221
CNP0585367.1,-11.803109
CNP0449892.1,-11.802859
CNP0196406.2,-11.802533
CNP0166277.2,-11.802523
CNP0013389.2,-11.802506
CNP0510606.2,-11.802451
CNP0040498.1,-11.802298
CNP0594211.1,-11.802265
CNP0098114.1,-11.802257
CNP0002447.0,-11.802256
CNP0504518.1,-11.802075
CNP0125778.6,-11.80188
CNP0435142.1,-11.801806
CNP0027501.0,-11.801765
CNP0540926.1,-11.80171
CNP0382103.0,-11.801615
CNP0187841.1,-11.801481
CNP0105876.4,-11.801273
CNP0198150.4,-11.801096
CNP0203159.1,-11.801006
CNP0092220.1,-11.8009405
CNP0142876.1,-11.800756
CNP0070851.2,-11.800709
CNP0087237.2,-11.800381
CNP0101062.1,-11.80035
CNP0562169.3,-11.80034
CNP0420804.1,-11.800323
CNP0114770.3,-11.800176
CNP0425032.1,-11.799937
CNP0496386.1,-11.799901
CNP0110534.3,-11.799532
CNP0174873.0,-11.799284
CNP0550518.1,-11.799116
CNP0377899.1,-11.799007
CNP0146429.1,-11.79863
CNP0482784.0,-11.798539
CNP0175800.1,-11.798422
CNP0106356.1,-11.798303
CNP0193679.1,-11.798267
CNP0205977.2,-11.798087
CNP0125190.1,-11.797952
CNP0176284.6,-11.797789
CNP0547879.1,-11.797785
CNP0203840.1,-11.797669
CNP0425274.2,-11.797664
CNP0422979.1,-11.797417
CNP0156215.3,-11.797284
CNP0426875.1,-11.79713
CNP0395224.0,-11.796866
CNP0593034.0,-11.796812
CNP0196591.12,-11.796476
CNP0592269.1,-11.796423
CNP0023203.1,-11.79614
CNP0198485.1,-11.795865
CNP0185390.4,-11.795779
CNP0401991.1,-11.795564
CNP0176968.1,-11.795527
CNP0549888.1,-11.79552
CNP0186667.2,-11.795244
CNP0408299.2,-11.794788
CNP0545455.1,-11.7947445
CNP0583149.1,-11.794265
CNP0094157.1,-11.794161
CNP0103110.1,-11.794152
CNP0187089.3,-11.793998
CNP0454068.1,-11.793519
CNP0385146.1,-11.793373
CNP0161453.1,-11.793314
CNP0129035.0,-11.792997
CNP0146864.2,-11.792682
CNP0392282.1,-11.792681
CNP0511280.2,-11.792555
CNP0214229.1,-11.792527
CNP0158685.1,-11.792486
CNP0408512.0,-11.792244
CNP0378294.0,-11.791881
CNP0568256.1,-11.7918005
CNP0176284.10,-11.791667
CNP0404554.4,-11.791538
CNP0095251.1,-11.791395
CNP0593992.1,-11.79122
CNP0200903.0,-11.791166
CNP0140710.2,-11.790935
CNP0376676.1,-11.790547
CNP0434721.1,-11.7905
CNP0127935.2,-11.789945
CNP0523594.0,-11.789898
CNP0105876.2,-11.789829
CNP0590427.1,-11.789643
CNP0543039.1,-11.789577
CNP0100772.2,-11.789342
CNP0120392.0,-11.78926
CNP0169238.0,-11.78922
CNP0018647.0,-11.789185
CNP0150551.1,-11.78914
CNP0130765.2,-11.788768
CNP0183956.1,-11.78834
CNP0045569.2,-11.788302
CNP0075058.1,-11.78812
CNP0097185.1,-11.787973
CNP0196286.8,-11.787892
CNP0142611.2,-11.787876
CNP0188972.2,-11.787829
CNP0581887.1,-11.787798
CNP0473097.2,-11.787538
CNP0404554.24,-11.787284
CNP0439763.2,-11.787224
CNP0120860.1,-11.78717
CNP0013909.7,-11.787108
CNP0000688.0,-11.787063
CNP0168810.0,-11.786983
CNP0503754.1,-11.786864
CNP0187343.0,-11.786822
CNP0138077.9,-11.786781
CNP0032732.0,-11.786778
CNP0172141.1,-11.78659
CNP0113063.5,-11.786576
CNP0138711.2,-11.786447
CNP0376806.1,-11.786344
CNP0200090.1,-11.786091
CNP0055355.2,-11.785904
CNP0591778.1,-11.785829
CNP0430553.1,-11.785751
CNP0506607.0,-11.785439
CNP0121128.1,-11.785435
CNP0121233.0,-11.785222
CNP0139997.1,-11.785171
CNP0036054.1,-11.785017
CNP0175786.2,-11.784952
CNP0391831.0,-11.784861
CNP0542405.2,-11.784793
CNP0073751.1,-11.784596
CNP0541038.1,-11.784495
CNP0113063.2,-11.78448
CNP0392091.1,-11.784477
CNP0159310.1,-11.784332
CNP0170108.1,-11.784279
CNP0136671.2,-11.784274
CNP0181252.5,-11.784208
CNP0133358.1,-11.783997
CNP0194377.3,-11.783962
CNP0404554.17,-11.783927
CNP0161523.1,-11.78387
CNP0580166.0,-11.783804
CNP0172930.2,-11.78379
CNP0169270.1,-11.783647
CNP0188206.10,-11.783369
CNP0150450.0,-11.783278
CNP0172990.11,-11.783066
CNP0178472.1,-11.782908
CNP0094194.1,-11.782868
CNP0122644.2,-11.782839
CNP0532755.1,-11.782761
CNP0070959.1,-11.782663
CNP0382655.1,-11.782444
CNP0119982.6,-11.7823925
CNP0208305.1,-11.782176
CNP0118844.1,-11.782053
CNP0085131.1,-11.781846
CNP0154266.1,-11.781829
CNP0153878.1,-11.7818165
CNP0404554.6,-11.781762
CNP0024311.2,-11.781755
CNP0488829.0,-11.781661
CNP0152695.1,-11.781641
CNP0116832.1,-11.781498
CNP0198003.1,-11.781486
CNP0138077.15,-11.78136
CNP0138077.20,-11.78136
CNP0138077.31,-11.78136
CNP0545561.1,-11.781228
CNP0096139.1,-11.781113
CNP0055724.5,-11.780975
CNP0144354.7,-11.780826
CNP0134353.2,-11.78066
CNP0554552.1,-11.780627
CNP0209587.3,-11.780581
CNP0425032.2,-11.780403
CNP0106263.3,-11.7803335
CNP0115484.1,-11.78019
CNP0175786.1,-11.780159
CNP0121699.1,-11.779778
CNP0188565.1,-11.779485
CNP0157298.1,-11.779459
CNP0177480.1,-11.779316
CNP0026421.1,-11.779054
CNP0590797.1,-11.779028
CNP0137385.2,-11.778778
CNP0189698.1,-11.778666
CNP0547774.0,-11.778478
CNP0183530.1,-11.778345
CNP0414999.1,-11.778089
CNP0169548.1,-11.777987
CNP0079193.0,-11.777967
CNP0075480.3,-11.777851
CNP0139607.0,-11.777604
CNP0046097.0,-11.777541
CNP0144299.3,-11.777447
CNP0555069.2,-11.777031
CNP0196591.3,-11.776971
CNP0121432.6,-11.776648
CNP0525297.1,-11.776543
CNP0458846.3,-11.776529
CNP0473612.0,-11.776469
CNP0493189.1,-11.776447
CNP0432731.1,-11.776437
CNP0136758.6,-11.776426
CNP0123394.4,-11.776371
CNP0098696.1,-11.77629
CNP0170015.1,-11.776143
CNP0159673.1,-11.776056
CNP0094525.1,-11.775864
CNP0099269.1,-11.775462
CNP0107235.1,-11.775415
CNP0092652.1,-11.77528
CNP0143615.2,-11.775107
CNP0063970.1,-11.774987
CNP0121432.5,-11.774955
CNP0401897.0,-11.774668
CNP0021822.1,-11.774652
CNP0403574.10,-11.774638
CNP0177480.3,-11.774635
CNP0006876.1,-11.774594
CNP0432719.0,-11.774513
CNP0088659.1,-11.774496
CNP0122130.2,-11.774374
CNP0556313.1,-11.77398
CNP0107235.5,-11.773664
CNP0117302.1,-11.773623
CNP0131613.1,-11.773545
CNP0553505.1,-11.773411
CNP0093458.2,-11.773394
CNP0170015.4,-11.773324
CNP0418598.1,-11.773257
CNP0175545.6,-11.773005
CNP0391429.1,-11.772895
CNP0143935.1,-11.7727165
CNP0430666.1,-11.772705
CNP0196423.10,-11.772643
CNP0519945.1,-11.77259
CNP0209107.11,-11.772255
CNP0209107.4,-11.772255
CNP0124251.0,-11.772023
CNP0142611.1,-11.771956
CNP0166174.1,-11.771954
CNP0126721.0,-11.77188
CNP0424340.1,-11.771852
CNP0183404.7,-11.77174
CNP0574525.0,-11.771654
CNP0208437.1,-11.771386
CNP0201385.4,-11.771092
CNP0098627.1,-11.770963
CNP0130952.1,-11.770549
CNP0212361.2,-11.770416
CNP0027278.1,-11.7703085
CNP0197736.1,-11.770299
CNP0101109.1,-11.770163
CNP0423528.1,-11.770131
CNP0042712.0,-11.770069
CNP0056122.1,-11.770058
CNP0210449.6,-11.770054
CNP0182312.2,-11.770023
CNP0139520.1,-11.769934
CNP0421634.1,-11.76985
CNP0110858.1,-11.769795
CNP0090042.1,-11.76979
CNP0120856.1,-11.769636
CNP0393057.0,-11.769573
CNP0071435.1,-11.769509
CNP0049308.1,-11.769429
CNP0200629.1,-11.769321
CNP0139467.1,-11.769296
CNP0458979.1,-11.768954
CNP0138077.24,-11.768953
CNP0476927.1,-11.768936
CNP0090072.1,-11.76888
CNP0588126.1,-11.768716
CNP0151232.1,-11.768489
CNP0130872.1,-11.768466
CNP0204554.0,-11.768461
CNP0463733.2,-11.768407
CNP0077089.1,-11.768225
CNP0138077.12,-11.768217
CNP0105839.6,-11.768192
CNP0153503.1,-11.767813
CNP0426628.1,-11.7677555
CNP0600254.1,-11.767741
CNP0180479.8,-11.767493
CNP0181466.1,-11.767357
CNP0075486.1,-11.767172
CNP0078480.1,-11.766895
CNP0180001.2,-11.766854
CNP0189897.0,-11.7664
CNP0186745.1,-11.766388
CNP0142444.2,-11.76616
CNP0140355.1,-11.766093
CNP0201385.10,-11.766066
CNP0156215.2,-11.766039
CNP0178456.1,-11.766023
CNP0179966.1,-11.765855
CNP0171255.4,-11.765749
CNP0194323.1,-11.765666
CNP0209899.1,-11.765619
CNP0200540.1,-11.765139
CNP0387736.1,-11.765081
CNP0189308.1,-11.765014
CNP0098733.1,-11.764871
CNP0496779.2,-11.764813
CNP0187011.2,-11.764672
CNP0428469.1,-11.764645
CNP0158685.2,-11.764607
CNP0178843.3,-11.7644615
CNP0140901.3,-11.764447
CNP0378811.1,-11.764304
CNP0180001.5,-11.7640085
CNP0486005.1,-11.763954
CNP0104109.1,-11.763863
CNP0389175.0,-11.76378
CNP0094497.1,-11.76351
CNP0148877.1,-11.763342
CNP0074681.2,-11.763161
CNP0204385.1,-11.763126
CNP0391462.7,-11.76309
CNP0069869.4,-11.762634
CNP0088082.1,-11.7624655
CNP0590049.1,-11.76242
CNP0091779.1,-11.762378
CNP0156335.2,-11.762378
CNP0141116.3,-11.762354
CNP0399378.2,-11.762275
CNP0408299.1,-11.7621565
CNP0212997.1,-11.762
CNP0152381.0,-11.76187
CNP0574776.1,-11.761653
CNP0031458.1,-11.761388
CNP0493568.0,-11.761205
CNP0391462.4,-11.761176
CNP0129589.1,-11.761142
CNP0399478.1,-11.760937
CNP0181252.1,-11.76093
CNP0100620.2,-11.760919
CNP0573423.1,-11.760918
CNP0403574.7,-11.760867
CNP0180479.5,-11.760681
CNP0153977.1,-11.760583
CNP0184597.27,-11.760483
CNP0203327.1,-11.760226
CNP0442078.1,-11.760157
CNP0209401.3,-11.760111
CNP0013390.1,-11.760081
CNP0211900.1,-11.759906
CNP0196591.4,-11.759823
CNP0399849.1,-11.759775
CNP0410728.1,-11.759774
CNP0436586.1,-11.759624
CNP0097641.1,-11.759543
CNP0184036.1,-11.759508
CNP0187338.1,-11.75941
CNP0385220.2,-11.759265
CNP0479841.1,-11.759147
CNP0391400.1,-11.758948
CNP0149717.3,-11.758782
CNP0398015.0,-11.7587
CNP0404554.14,-11.758698
CNP0140901.6,-11.758495
CNP0490184.0,-11.758458
CNP0187841.3,-11.758357
CNP0532746.1,-11.75803
CNP0160859.1,-11.75792
CNP0192230.1,-11.757792
CNP0177692.2,-11.75779
CNP0176318.1,-11.757738
CNP0144723.1,-11.757256
CNP0435528.1,-11.757148
CNP0196288.3,-11.75694
CNP0385046.2,-11.756849
CNP0128820.0,-11.7568245
CNP0501271.1,-11.756815
CNP0526904.2,-11.756738
CNP0131390.5,-11.756733
CNP0097227.2,-11.756602
CNP0175982.1,-11.7565365
CNP0141418.1,-11.756398
CNP0127935.3,-11.756387
CNP0141546.1,-11.756313
CNP0132515.1,-11.756168
CNP0184597.6,-11.756036
CNP0168206.1,-11.755859
CNP0103092.4,-11.755718
CNP0531553.4,-11.755624
CNP0125081.1,-11.755611
CNP0123861.1,-11.755592
CNP0140710.1,-11.755417
CNP0086188.1,-11.755338
CNP0075499.1,-11.755325
CNP0386795.2,-11.755287
CNP0201494.9,-11.755255
CNP0421260.1,-11.755216
CNP0422946.1,-11.755188
CNP0149036.1,-11.755184
CNP0134286.2,-11.755068
CNP0130276.1,-11.754546
CNP0386917.1,-11.754219
CNP0135834.1,-11.754164
CNP0078378.1,-11.754105
CNP0578849.1,-11.75407
CNP0078791.1,-11.754069
CNP0181757.1,-11.754067
CNP0481811.4,-11.753898
CNP0483518.1,-11.753777
CNP0375721.8,-11.753761
CNP0425146.1,-11.753744
CNP0149717.4,-11.753557
CNP0202840.1,-11.753547
CNP0563482.0,-11.753449
CNP0123829.1,-11.753437
CNP0190524.1,-11.753394
CNP0106354.1,-11.75339
CNP0086717.2,-11.753307
CNP0198117.6,-11.753167
CNP0102552.2,-11.752754
CNP0051355.1,-11.752728
CNP0113757.3,-11.752453
CNP0411724.1,-11.752325
CNP0140575.2,-11.752272
CNP0408210.1,-11.752258
CNP0175146.2,-11.75222
CNP0176284.12,-11.752116
CNP0551844.1,-11.751962
CNP0522872.1,-11.751821
CNP0101408.1,-11.751683
CNP0136076.1,-11.751568
CNP0200019.1,-11.751517
CNP0198150.2,-11.751224
CNP0514360.1,-11.75109
CNP0404405.9,-11.751068
CNP0198053.2,-11.751045
CNP0100001.1,-11.750946
CNP0196605.4,-11.750828
CNP0385925.1,-11.750738
CNP0105577.3,-11.750643
CNP0415261.5,-11.750301
CNP0153299.2,-11.750086
CNP0142829.4,-11.7500725
CNP0203059.1,-11.749875
CNP0199585.1,-11.74958
CNP0188551.1,-11.749529
CNP0164147.1,-11.749091
CNP0172147.1,-11.749088
CNP0202134.9,-11.748892
CNP0088224.1,-11.748749
CNP0149717.2,-11.748623
CNP0155964.1,-11.748419
CNP0087237.1,-11.748252
CNP0404554.12,-11.74814
CNP0403574.12,-11.748121
CNP0406980.1,-11.74799
CNP0460548.1,-11.747978
CNP0421607.1,-11.747769
CNP0481953.0,-11.7477255
CNP0185344.1,-11.747619
CNP0154744.0,-11.747353
CNP0458846.1,-11.747151
CNP0549106.3,-11.747061
CNP0465702.1,-11.746785
CNP0090194.1,-11.7467165
CNP0582037.1,-11.746562
CNP0511887.0,-11.746101
CNP0107235.3,-11.745764
CNP0186144.7,-11.74576
CNP0426127.1,-11.745472
CNP0392726.1,-11.745279
CNP0487913.2,-11.745252
CNP0387518.1,-11.74518
CNP0377823.1,-11.745175
CNP0558088.0,-11.745007
CNP0402037.2,-11.744853
CNP0588625.0,-11.744781
CNP0209899.2,-11.74475
CNP0114102.3,-11.7444315
CNP0149717.5,-11.744371
CNP0504930.1,-11.744338
CNP0201452.1,-11.744337
CNP0209214.1,-11.744239
CNP0090662.1,-11.744219
CNP0183315.1,-11.744164
CNP0169381.1,-11.744058
CNP0214659.1,-11.744051
CNP0099336.1,-11.743965
CNP0404554.23,-11.743886
CNP0072503.2,-11.743797
CNP0398170.2,-11.743729
CNP0201494.4,-11.743692
CNP0192732.0,-11.743618
CNP0187100.1,-11.743601
CNP0391551.0,-11.743453
CNP0160830.0,-11.743406
CNP0531553.8,-11.743353
CNP0420702.1,-11.743291
CNP0210561.2,-11.743018
CNP0137894.1,-11.7429
CNP0003959.1,-11.742849
CNP0100620.1,-11.742789
CNP0196326.1,-11.742679
CNP0175146.3,-11.742288
CNP0570393.1,-11.742152
CNP0039572.1,-11.7421465
CNP0570335.1,-11.74195
CNP0152885.3,-11.741906
CNP0040175.2,-11.741774
CNP0550589.1,-11.741745
CNP0382833.1,-11.741721
CNP0212796.1,-11.741618
CNP0184240.3,-11.741587
CNP0432380.1,-11.741487
CNP0599197.1,-11.741348
CNP0167304.1,-11.741103
CNP0480206.1,-11.741051
CNP0538875.1,-11.740984
CNP0149717.1,-11.740982
CNP0416879.1,-11.740948
CNP0111932.2,-11.74088
CNP0179717.3,-11.740644
CNP0483719.2,-11.740571
CNP0123634.1,-11.74045
CNP0375721.17,-11.740381
CNP0113757.5,-11.740326
CNP0103924.1,-11.740004
CNP0150821.0,-11.739892
CNP0017334.6,-11.739733
CNP0086973.0,-11.739341
CNP0144661.2,-11.739331
CNP0375863.1,-11.739228
CNP0198150.5,-11.739098
CNP0379794.1,-11.738813
CNP0593466.1,-11.738803
CNP0386579.1,-11.738767
CNP0021277.1,-11.738647
CNP0418735.1,-11.738506
CNP0105416.1,-11.738445
CNP0568563.1,-11.738427
CNP0059634.1,-11.738394
CNP0077698.1,-11.738303
CNP0115932.2,-11.738048
CNP0199699.5,-11.738021
CNP0086717.1,-11.737923
CNP0432367.1,-11.737887
CNP0091595.1,-11.737831
CNP0420626.1,-11.737801
CNP0413915.1,-11.73775
CNP0530379.2,-11.7377405
CNP0145765.1,-11.737475
CNP0591534.1,-11.737422
CNP0395167.0,-11.737298
CNP0187090.1,-11.737273
CNP0196913.1,-11.737232
CNP0412416.1,-11.737168
CNP0550258.0,-11.737154
CNP0002653.0,-11.73691
CNP0545561.2,-11.736787
CNP0212361.1,-11.7367735
CNP0212361.3,-11.7367735
CNP0212361.4,-11.7367735
CNP0212361.5,-11.7367735
CNP0144166.1,-11.736638
CNP0375721.12,-11.736485
CNP0149382.1,-11.73634
CNP0407592.3,-11.736247
CNP0534368.1,-11.736168
CNP0160983.1,-11.735942
CNP0176120.1,-11.7358675
CNP0184240.2,-11.735783
CNP0407338.1,-11.735729
CNP0550193.0,-11.735587
CNP0520790.0,-11.735413
CNP0171919.2,-11.73541
CNP0516568.1,-11.735367
CNP0120632.2,-11.735192
CNP0427102.1,-11.73517
CNP0384481.1,-11.735168
CNP0544144.1,-11.735028
CNP0392817.1,-11.734942
CNP0099322.1,-11.734851
CNP0188551.2,-11.734586
CNP0120593.4,-11.734438
CNP0075568.1,-11.73432
CNP0105416.2,-11.734313
CNP0154506.2,-11.734271
CNP0093700.1,-11.73414
CNP0395914.1,-11.733997
CNP0139845.1,-11.73391
CNP0136498.4,-11.733767
CNP0406148.0,-11.733639
CNP0194071.1,-11.73362
CNP0515912.1,-11.733492
CNP0577475.0,-11.733382
CNP0153303.2,-11.733203
CNP0103092.7,-11.733082
CNP0025744.0,-11.732837
CNP0125778.2,-11.7328
CNP0105416.3,-11.732284
CNP0105876.1,-11.732216
CNP0179067.1,-11.732181
CNP0136076.2,-11.73213
CNP0209401.2,-11.73202
CNP0190245.1,-11.731893
CNP0396206.1,-11.73183
CNP0555745.0,-11.731805
CNP0385941.1,-11.731745
CNP0116345.0,-11.731342
CNP0568102.0,-11.731289
CNP0453664.1,-11.731221
CNP0525603.0,-11.731219
CNP0535469.1,-11.731031
CNP0139717.2,-11.731002
CNP0006939.1,-11.730796
CNP0080906.1,-11.730793
CNP0381456.1,-11.730774
CNP0570514.1,-11.730767
CNP0080006.1,-11.730561
CNP0058917.1,-11.730453
CNP0392861.0,-11.730407
CNP0193677.0,-11.730369
CNP0391462.1,-11.730145
CNP0391462.9,-11.730145
CNP0404554.7,-11.730109
CNP0178448.1,-11.729987
CNP0064304.2,-11.729978
CNP0479585.1,-11.72994
CNP0474074.1,-11.729844
CNP0039348.2,-11.729605
CNP0209107.9,-11.729499
CNP0393176.2,-11.72949
CNP0100766.2,-11.729425
CNP0151659.1,-11.72932
CNP0192230.2,-11.729299
CNP0514778.1,-11.728999
CNP0501544.1,-11.728949
CNP0110858.3,-11.728914
CNP0115983.1,-11.728821
CNP0128459.0,-11.72843
CNP0387088.7,-11.728324
CNP0178843.1,-11.728321
CNP0209029.1,-11.728251
CNP0179892.10,-11.728141
CNP0567765.0,-11.728124
CNP0392117.0,-11.728109
CNP0107574.1,-11.727995
CNP0198117.7,-11.727776
CNP0200935.3,-11.727735
CNP0109208.1,-11.727678
CNP0008695.1,-11.727512
CNP0206869.1,-11.727409
CNP0152885.2,-11.727381
CNP0409748.0,-11.7273245
CNP0138942.1,-11.727249
CNP0095306.1,-11.727179
CNP0048866.1,-11.727125
CNP0424382.2,-11.7267065
CNP0389555.3,-11.72665
CNP0098658.1,-11.726221
CNP0208564.3,-11.726153
CNP0152941.1,-11.7261095
CNP0138119.1,-11.725962
CNP0152371.5,-11.725875
CNP0017334.1,-11.7257805
CNP0115743.1,-11.725685
CNP0067074.2,-11.725581
CNP0192198.0,-11.725569
CNP0141860.2,-11.725433
CNP0577217.0,-11.725336
CNP0172913.2,-11.725195
CNP0496219.0,-11.725126
CNP0134353.3,-11.725056
CNP0409068.0,-11.725003
CNP0424017.1,-11.724908
CNP0068831.1,-11.724813
CNP0184597.19,-11.724695
CNP0202134.1,-11.724564
CNP0577005.0,-11.724548
CNP0187100.2,-11.7244625
CNP0138942.3,-11.724301
CNP0378100.1,-11.724299
CNP0108625.2,-11.724297
CNP0530379.4,-11.723841
CNP0375721.2,-11.723782
CNP0156335.1,-11.723316
CNP0013389.3,-11.723096
CNP0573179.3,-11.723044
CNP0380650.1,-11.723001
CNP0393533.1,-11.722969
CNP0149903.3,-11.72296
CNP0086717.5,-11.722934
CNP0407559.0,-11.722795
CNP0090591.1,-11.7227125
CNP0586823.0,-11.72241
CNP0180001.4,-11.722243
CNP0174016.2,-11.721949
CNP0406647.0,-11.721902
CNP0179152.1,-11.721604
CNP0549106.4,-11.721547
CNP0385510.0,-11.721521
CNP0496779.1,-11.7215
CNP0060742.1,-11.721301
CNP0115932.1,-11.721228
CNP0569001.1,-11.721216
CNP0495574.1,-11.721215
CNP0152421.2,-11.720907
CNP0111094.2,-11.720707
CNP0385322.1,-11.720698
CNP0165134.3,-11.720656
CNP0401119.1,-11.720635
CNP0030448.1,-11.720609
CNP0404405.1,-11.72042
CNP0184036.2,-11.720403
CNP0017334.8,-11.72033
CNP0402982.1,-11.720181
CNP0554378.2,-11.7201
CNP0540043.0,-11.719997
CNP0542290.0,-11.719992
CNP0190524.5,-11.719729
CNP0148592.2,-11.719613
CNP0208950.1,-11.719568
CNP0206661.0,-11.719539
CNP0161365.1,-11.719488
CNP0499852.0,-11.719471
CNP0033950.1,-11.719231
CNP0601040.1,-11.719229
CNP0138912.2,-11.719226
CNP0127777.1,-11.7191725
CNP0443292.1,-11.719117
CNP0178843.2,-11.718723
CNP0211442.1,-11.718674
CNP0133238.1,-11.718568
CNP0123189.1,-11.718532
CNP0139717.1,-11.718512
CNP0545101.1,-11.718474
CNP0103331.1,-11.718474
CNP0087237.4,-11.718415
CNP0207613.2,-11.718298
CNP0187841.2,-11.718292
CNP0049680.1,-11.718286
CNP0135513.1,-11.71817
CNP0067239.1,-11.718169
CNP0199585.3,-11.718014
CNP0400033.2,-11.71789
CNP0493338.1,-11.717792
CNP0575056.1,-11.71776
CNP0127511.1,-11.717275
CNP0147790.2,-11.717267
CNP0420626.2,-11.7171755
CNP0212361.6,-11.717122
CNP0077089.2,-11.717046
CNP0212772.1,-11.716713
CNP0103092.8,-11.716699
CNP0183525.2,-11.716673
CNP0102552.3,-11.716461
CNP0578486.1,-11.716425
CNP0112882.1,-11.716423
CNP0205192.1,-11.716335
CNP0148365.1,-11.716132
CNP0058917.2,-11.716063
CNP0585319.1,-11.715927
CNP0051401.1,-11.715848
CNP0128592.0,-11.7157345
CNP0523049.0,-11.7156725
CNP0103092.2,-11.715669
CNP0052004.0,-11.715569
CNP0486450.1,-11.715563
CNP0125790.1,-11.715477
CNP0590272.1,-11.715443
CNP0169393.2,-11.715418
CNP0537539.0,-11.715327
CNP0377066.1,-11.715124
CNP0527350.1,-11.714811
CNP0498275.1,-11.7147875
CNP0108041.2,-11.714716
CNP0555301.1,-11.714674
CNP0159911.2,-11.714298
CNP0385220.3,-11.714003
CNP0209107.8,-11.713991
CNP0177923.1,-11.713985
CNP0460859.2,-11.713885
CNP0170015.5,-11.713695
CNP0396206.2,-11.713661
CNP0170015.2,-11.713635
CNP0166277.5,-11.713595
CNP0193241.1,-11.71351
CNP0388742.1,-11.713491
CNP0144083.1,-11.7134905
CNP0165991.2,-11.713362
CNP0180650.5,-11.713224
CNP0144661.3,-11.7132225
CNP0393645.1,-11.713192
CNP0571874.0,-11.713095
CNP0427208.1,-11.712824
CNP0412820.1,-11.7127285
CNP0011060.2,-11.712557
CNP0183001.3,-11.71248
CNP0411632.1,-11.712416
CNP0161413.1,-11.712151
CNP0169530.1,-11.71205
CNP0183957.1,-11.711917
CNP0038946.1,-11.711808
CNP0587412.1,-11.711775
CNP0207613.3,-11.711633
CNP0384481.3,-11.711379
CNP0158368.6,-11.711345
CNP0128869.1,-11.711285
CNP0149558.1,-11.711283
CNP0125569.6,-11.711273
CNP0095796.1,-11.711249
CNP0089638.0,-11.711176
CNP0203277.1,-11.711159
CNP0419618.1,-11.711114
CNP0515119.1,-11.711044
CNP0191698.4,-11.710928
CNP0127687.0,-11.710859
CNP0101624.1,-11.7105465
CNP0598493.2,-11.710539
CNP0201494.7,-11.710532
CNP0384562.1,-11.710333
CNP0384562.2,-11.710333
CNP0436445.1,-11.710248
CNP0377625.2,-11.710195
CNP0529117.1,-11.710172
CNP0388865.1,-11.710169
CNP0145843.1,-11.710168
CNP0526618.1,-11.710124
CNP0139320.1,-11.710042
CNP0381428.4,-11.709907
CNP0033432.1,-11.709905
CNP0604363.1,-11.709887
CNP0119577.0,-11.709854
CNP0205265.1,-11.709809
CNP0500374.1,-11.709706
CNP0138058.1,-11.709623
CNP0198150.6,-11.709331
CNP0513711.1,-11.709307
CNP0214299.1,-11.709297
CNP0115932.3,-11.709126
CNP0110201.2,-11.708891
CNP0189308.2,-11.7088
CNP0172547.2,-11.708711
CNP0103053.1,-11.708697
CNP0087375.4,-11.708654
CNP0171744.2,-11.708558
CNP0106438.2,-11.708518
CNP0526571.1,-11.708391
CNP0137516.1,-11.708326
CNP0209107.3,-11.708326
CNP0113624.0,-11.708097
CNP0385146.3,-11.708086
CNP0381369.1,-11.70787
CNP0148671.3,-11.707865
CNP0143266.1,-11.707794
CNP0183957.2,-11.707635
CNP0100174.1,-11.707621
CNP0090710.1,-11.707572
CNP0134353.1,-11.707477
CNP0143165.1,-11.707409
CNP0427476.0,-11.707391
CNP0545079.1,-11.707295
CNP0406056.1,-11.707204
CNP0010843.1,-11.707072
CNP0433279.1,-11.706797
CNP0162820.1,-11.706699
CNP0190524.12,-11.706562
CNP0155638.1,-11.706214
CNP0426745.1,-11.706199
CNP0176284.4,-11.70613
CNP0512969.1,-11.706088
CNP0039348.1,-11.705964
CNP0376017.2,-11.705879
CNP0053913.1,-11.705778
CNP0138077.1,-11.705774
CNP0150415.1,-11.705744
CNP0102978.1,-11.705737
CNP0412813.1,-11.705569
CNP0148438.1,-11.705372
CNP0201582.1,-11.705269
CNP0396841.1,-11.705171
CNP0142110.8,-11.70508
CNP0105577.1,-11.705034
CNP0568241.1,-11.704953
CNP0085315.1,-11.70491
CNP0182326.4,-11.704856
CNP0449949.3,-11.704849
CNP0149854.1,-11.704822
CNP0172843.1,-11.704571
CNP0194418.2,-11.7045
CNP0381428.2,-11.704418
CNP0175365.0,-11.704061
CNP0139866.2,-11.703973
CNP0099306.1,-11.7039175
CNP0417531.1,-11.703885
CNP0404398.1,-11.703752
CNP0458152.1,-11.703363
CNP0174664.1,-11.703238
CNP0170015.3,-11.703187
CNP0208780.2,-11.703042
CNP0210070.3,-11.702921
CNP0583716.5,-11.702891
CNP0189506.1,-11.702866
CNP0172792.2,-11.702485
CNP0087456.1,-11.702417
CNP0090053.1,-11.702192
CNP0175404.1,-11.702118
CNP0145078.2,-11.702116
CNP0128984.1,-11.702021
CNP0501023.1,-11.701912
CNP0511100.1,-11.701624
CNP0594498.0,-11.701608
CNP0116081.1,-11.701532
CNP0008173.1,-11.701495
CNP0381416.1,-11.701267
CNP0478875.2,-11.701173
CNP0130276.2,-11.701154
CNP0162341.2,-11.701004
CNP0188336.2,-11.7009535
CNP0107235.2,-11.700898
CNP0188365.1,-11.700774
CNP0191385.1,-11.700664
CNP0134328.1,-11.700659
CNP0116522.0,-11.700406
CNP0548288.1,-11.700302
CNP0548288.2,-11.700302
CNP0548288.3,-11.700302
CNP0548288.4,-11.700302
CNP0203000.1,-11.70027
CNP0191385.8,-11.700268
CNP0425033.2,-11.700216
CNP0530379.1,-11.700055
CNP0382341.4,-11.699989
CNP0544693.1,-11.699971
CNP0136323.1,-11.69982
CNP0438947.1,-11.699697
CNP0018760.0,-11.699688
CNP0083916.1,-11.699667
CNP0102632.1,-11.699383
CNP0046490.2,-11.699151
CNP0168018.0,-11.69893
CNP0200941.1,-11.698662
CNP0145078.3,-11.698639
CNP0073898.2,-11.698634
CNP0074236.1,-11.6986265
CNP0436419.1,-11.698619
CNP0406067.0,-11.69859
CNP0086969.1,-11.6985855
CNP0185631.7,-11.698487
CNP0589554.3,-11.697861
CNP0095669.1,-11.697836
CNP0112392.4,-11.697832
CNP0180975.1,-11.697708
CNP0120662.0,-11.697686
CNP0433297.1,-11.697673
CNP0404384.1,-11.697561
CNP0375721.10,-11.697544
CNP0380878.1,-11.697542
CNP0138119.2,-11.697525
CNP0598680.2,-11.697482
CNP0515109.1,-11.697477
CNP0508464.1,-11.697297
CNP0381446.1,-11.697217
CNP0415244.1,-11.696966
CNP0146786.2,-11.696835
CNP0091104.1,-11.696377
CNP0495703.0,-11.696241
CNP0011734.1,-11.696133
CNP0026792.1,-11.696108
CNP0480004.0,-11.696098
CNP0420626.3,-11.696087
CNP0133147.1,-11.69597
CNP0519243.1,-11.695937
CNP0089002.1,-11.695834
CNP0185631.3,-11.695793
CNP0121763.1,-11.695684
CNP0210021.2,-11.695627
CNP0138817.1,-11.695522
CNP0125419.1,-11.6955
CNP0492413.1,-11.695498
CNP0199416.1,-11.695487
CNP0138077.3,-11.695457
CNP0191385.6,-11.695446
CNP0198814.1,-11.695212
CNP0114770.1,-11.6948
CNP0574498.1,-11.694688
CNP0123247.1,-11.69443
CNP0476927.2,-11.694305
CNP0158301.1,-11.694274
CNP0178261.0,-11.6942425
CNP0153070.7,-11.69421
CNP0144957.2,-11.694152
CNP0179892.6,-11.694141
CNP0138077.25,-11.69411
CNP0127181.1,-11.694106
CNP0531553.7,-11.69394
CNP0100884.1,-11.693928
CNP0408003.0,-11.693901
CNP0552273.0,-11.693831
CNP0192764.6,-11.6937685
CNP0564554.1,-11.693654
CNP0189979.1,-11.693602
CNP0150841.1,-11.693568
CNP0436371.1,-11.69343
CNP0524547.1,-11.693422
CNP0183664.1,-11.693324
CNP0188972.4,-11.693314
CNP0074217.1,-11.693242
CNP0139923.1,-11.693241
CNP0129329.1,-11.693096
CNP0209107.6,-11.693
CNP0171744.1,-11.692685
CNP0030547.0,-11.692589
CNP0210198.1,-11.692558
CNP0154043.5,-11.69247
CNP0202409.1,-11.6924305
CNP0399564.1,-11.692376
CNP0498794.1,-11.692317
CNP0201452.2,-11.692279
CNP0113757.6,-11.69227
CNP0073723.1,-11.692239
CNP0055724.1,-11.692148
CNP0193241.3,-11.692088
CNP0163568.1,-11.691951
CNP0024551.1,-11.691883
CNP0140187.1,-11.691862
CNP0395637.3,-11.691838
CNP0128659.2,-11.691806
CNP0423929.2,-11.691805
CNP0143576.2,-11.69154
CNP0127995.0,-11.691481
CNP0029851.1,-11.691479
CNP0416735.1,-11.691429
CNP0527350.2,-11.691377
CNP0413662.1,-11.691353
CNP0051179.1,-11.691317
CNP0105701.1,-11.691266
CNP0165421.1,-11.691233
CNP0395032.0,-11.691203
CNP0011393.1,-11.69118
CNP0194418.6,-11.691089
CNP0196423.6,-11.690933
CNP0394598.1,-11.690919
CNP0204145.2,-11.690748
CNP0193359.1,-11.690515
CNP0117776.0,-11.690421
CNP0185018.14,-11.690417
CNP0549106.1,-11.690302
CNP0209107.17,-11.690154
CNP0167193.1,-11.69014
CNP0380575.1,-11.690052
CNP0156914.1,-11.690038
CNP0196406.1,-11.690011
CNP0205207.0,-11.689763
CNP0400201.1,-11.689686
CNP0138077.27,-11.6894865
CNP0138077.7,-11.6894865
CNP0417735.1,-11.689172
CNP0591792.1,-11.689033
CNP0395215.0,-11.688696
CNP0004514.1,-11.688513
CNP0145078.1,-11.68843
CNP0119982.3,-11.688256
CNP0102477.1,-11.688192
CNP0098754.1,-11.688128
CNP0193241.2,-11.688062
CNP0412711.0,-11.688042
CNP0511596.1,-11.687965
CNP0209842.1,-11.68791
CNP0213843.2,-11.687813
CNP0101128.1,-11.687769
CNP0517970.1,-11.687754
CNP0390177.1,-11.687734
CNP0128329.3,-11.687628
CNP0143826.1,-11.68755
CNP0159544.4,-11.68748
CNP0144060.2,-11.687406
CNP0125426.0,-11.687391
CNP0151280.1,-11.687277
CNP0521166.1,-11.687262
CNP0422251.1,-11.687238
CNP0387377.0,-11.687231
CNP0584305.1,-11.687229
CNP0530460.0,-11.68711
CNP0203613.1,-11.686986
CNP0380231.1,-11.686973
CNP0176284.17,-11.68667
CNP0209806.10,-11.686618
CNP0418294.1,-11.686603
CNP0391580.3,-11.686594
CNP0074192.0,-11.686581
CNP0426695.1,-11.68635
CNP0044040.1,-11.686319
CNP0183082.7,-11.686312
CNP0130214.2,-11.686302
CNP0404584.3,-11.686197
CNP0149575.1,-11.686142
CNP0079783.0,-11.686054
CNP0168789.0,-11.685974
CNP0032589.1,-11.685964
CNP0510569.2,-11.685812
CNP0557061.1,-11.685807
CNP0194319.1,-11.685747
CNP0094685.1,-11.685716
CNP0208564.5,-11.685584
CNP0196395.1,-11.685437
CNP0154043.4,-11.685202
CNP0106576.1,-11.685043
CNP0415593.1,-11.68503
CNP0375721.11,-11.684754
CNP0499930.0,-11.684378
CNP0100505.1,-11.684372
CNP0145413.2,-11.684325
CNP0209718.2,-11.684285
CNP0548394.3,-11.684189
CNP0183832.1,-11.684144
CNP0397580.4,-11.684088
CNP0090572.1,-11.684061
CNP0526685.0,-11.683762
CNP0425032.3,-11.683559
CNP0399815.1,-11.683353
CNP0167933.2,-11.683318
CNP0209356.2,-11.683198
CNP0404554.2,-11.68308
CNP0140091.1,-11.683036
CNP0415482.1,-11.683034
CNP0390413.1,-11.682898
CNP0204917.1,-11.682808
CNP0424881.1,-11.682776
CNP0510702.1,-11.682748
CNP0187987.0,-11.682631
CNP0206475.2,-11.682346
CNP0209806.4,-11.682202
CNP0204080.0,-11.682079
CNP0154043.2,-11.682059
CNP0403574.1,-11.681989
CNP0150227.3,-11.681938
CNP0503272.2,-11.681681
CNP0181124.1,-11.681492
CNP0503973.1,-11.681452
CNP0191414.1,-11.681327
CNP0207396.2,-11.681318
CNP0072997.1,-11.6812525
CNP0389285.0,-11.681164
CNP0158533.1,-11.681108
CNP0397807.1,-11.681095
CNP0078025.1,-11.681078
CNP0140186.1,-11.681031
CNP0530379.3,-11.681024
CNP0191385.2,-11.680981
CNP0086455.2,-11.680899
CNP0102764.7,-11.680719
CNP0212041.2,-11.680718
CNP0107041.1,-11.680648
CNP0130146.1,-11.680645
CNP0174664.2,-11.680545
CNP0183274.0,-11.680436
CNP0127440.4,-11.680414
CNP0472245.0,-11.6804
CNP0201494.3,-11.680384
CNP0099343.1,-11.680375
CNP0119339.0,-11.680312
CNP0142647.1,-11.679988
CNP0542919.1,-11.679893
CNP0381044.2,-11.679781
CNP0150260.1,-11.679699
CNP0140187.5,-11.679598
CNP0390287.1,-11.679478
CNP0168154.3,-11.679433
CNP0091940.1,-11.67916
CNP0184626.1,-11.679019
CNP0160879.1,-11.678971
CNP0132057.1,-11.678882
CNP0179892.8,-11.67887
CNP0152941.2,-11.678804
CNP0473367.1,-11.678771
CNP0103781.1,-11.678558
CNP0112891.2,-11.678414
CNP0116440.1,-11.678268
CNP0108830.0,-11.678205
CNP0518398.0,-11.678054
CNP0172792.1,-11.67797
CNP0384590.1,-11.677812
CNP0155489.1,-11.677796
CNP0137835.9,-11.677585
CNP0185631.13,-11.677455
CNP0582531.0,-11.677431
CNP0157920.3,-11.677338
CNP0181031.1,-11.677307
CNP0510366.1,-11.677297
CNP0075109.1,-11.677256
CNP0080109.0,-11.67714
CNP0538632.1,-11.67713
CNP0011400.2,-11.677115
CNP0404554.13,-11.6770525
CNP0196401.1,-11.676874
CNP0130835.1,-11.676744
CNP0116440.2,-11.676475
CNP0130102.1,-11.676467
CNP0184626.2,-11.67645
CNP0493802.1,-11.676165
CNP0112392.5,-11.676159
CNP0126764.2,-11.676099
CNP0124544.1,-11.675998
CNP0199698.1,-11.675336
CNP0004114.1,-11.67512
CNP0574998.0,-11.675107
CNP0570822.0,-11.675033
CNP0193356.0,-11.674969
CNP0380941.1,-11.674863
CNP0389555.2,-11.674847
CNP0191313.1,-11.674783
CNP0158368.1,-11.674489
CNP0119312.0,-11.674172
CNP0208564.4,-11.674104
CNP0412727.1,-11.673985
CNP0130214.4,-11.673942
CNP0100907.1,-11.673405
CNP0487285.1,-11.67338
CNP0098428.1,-11.673274
CNP0185310.1,-11.672914
CNP0167127.14,-11.672888
CNP0462098.1,-11.672787
CNP0487834.1,-11.672623
CNP0093727.4,-11.672341
CNP0432438.1,-11.672091
CNP0205198.1,-11.672053
CNP0122010.1,-11.671914
CNP0169455.1,-11.671866
CNP0076493.1,-11.671821
CNP0392091.5,-11.671807
CNP0099292.1,-11.671735
CNP0153943.1,-11.671596
CNP0172864.1,-11.671534
CNP0042289.2,-11.67143
CNP0056561.1,-11.671424
CNP0154004.1,-11.671219
CNP0498342.1,-11.671183
CNP0119982.1,-11.670925
CNP0140347.2,-11.670895
CNP0183880.1,-11.670817
CNP0382857.1,-11.670763
CNP0190130.1,-11.670737
CNP0418235.1,-11.670589
CNP0211151.1,-11.670554
CNP0411203.6,-11.670503
CNP0006627.1,-11.670402
CNP0130214.5,-11.6703825
CNP0379724.1,-11.670085
CNP0512797.2,-11.670061
CNP0150329.1,-11.670058
CNP0489861.1,-11.669871
CNP0183946.1,-11.669778
CNP0201385.3,-11.669772
CNP0394782.1,-11.669735
CNP0588670.1,-11.669623
CNP0073898.1,-11.669619
CNP0069804.2,-11.669586
CNP0150590.2,-11.669449
CNP0100646.2,-11.669438
CNP0144651.1,-11.669437
CNP0153070.4,-11.669403
CNP0414447.1,-11.669325
CNP0142032.1,-11.669149
CNP0197501.2,-11.669015
CNP0551618.1,-11.668809
CNP0506786.1,-11.66873
CNP0214365.1,-11.668477
CNP0211900.2,-11.668296
CNP0112252.1,-11.66823
CNP0186144.4,-11.668194
CNP0080799.1,-11.668136
CNP0413198.1,-11.667937
CNP0206347.2,-11.667798
CNP0488650.1,-11.667797
CNP0170528.1,-11.667793
CNP0404584.1,-11.667719
CNP0002733.1,-11.667682
CNP0119982.2,-11.667576
CNP0379491.1,-11.667463
CNP0418928.1,-11.667455
CNP0421305.1,-11.667415
CNP0528823.1,-11.667296
CNP0107804.1,-11.667281
CNP0591233.1,-11.667252
CNP0158058.2,-11.667142
CNP0080230.2,-11.666979
CNP0506867.1,-11.666978
CNP0148671.1,-11.666877
CNP0402348.0,-11.666807
CNP0138077.14,-11.666665
CNP0100014.1,-11.666316
CNP0421980.1,-11.666267
CNP0184614.1,-11.666258
CNP0187089.4,-11.666253
CNP0199474.1,-11.666169
CNP0212997.4,-11.666116
CNP0517681.1,-11.666075
CNP0207396.1,-11.665975
CNP0090766.1,-11.665757
CNP0208209.1,-11.665695
CNP0601992.0,-11.6655035
CNP0191376.1,-11.665449
CNP0379555.5,-11.665441
CNP0138077.21,-11.665395
CNP0140652.1,-11.665013
CNP0136849.3,-11.66494
CNP0196423.1,-11.664817
CNP0196423.8,-11.664817
CNP0527128.1,-11.664765
CNP0400977.2,-11.664762
CNP0591306.1,-11.664728
CNP0439551.1,-11.66467
CNP0172785.1,-11.664645
CNP0398618.1,-11.664594
CNP0106182.1,-11.664545
CNP0102477.3,-11.6645
CNP0408508.1,-11.664078
CNP0014610.1,-11.664041
CNP0504460.1,-11.663871
CNP0086455.1,-11.6638155
CNP0380898.1,-11.663801
CNP0168464.1,-11.663766
CNP0098152.1,-11.663682
CNP0026238.1,-11.663569
CNP0204982.1,-11.663557
CNP0099549.1,-11.663534
CNP0196423.9,-11.663418
CNP0537747.0,-11.663417
CNP0136498.1,-11.663356
CNP0198085.1,-11.663129
CNP0212041.4,-11.662903
CNP0208564.6,-11.662871
CNP0151674.3,-11.662861
CNP0476102.1,-11.662831
CNP0166559.1,-11.662765
CNP0104808.3,-11.662596
CNP0518232.1,-11.662531
CNP0397267.1,-11.662429
CNP0194862.1,-11.662318
CNP0415168.1,-11.662231
CNP0121432.1,-11.662207
CNP0011831.1,-11.662165
CNP0194490.1,-11.662165
CNP0555033.2,-11.662083
CNP0535509.1,-11.661976
CNP0097185.2,-11.661839
CNP0086047.0,-11.661786
CNP0088715.1,-11.661628
CNP0588777.0,-11.661512
CNP0087335.0,-11.661424
CNP0158435.2,-11.661166
CNP0077769.1,-11.66112
CNP0105701.2,-11.660878
CNP0122304.2,-11.660835
CNP0042887.0,-11.660829
CNP0117539.0,-11.660595
CNP0376017.1,-11.660375
CNP0061269.0,-11.66023
CNP0184036.5,-11.66003
CNP0121228.3,-11.660007
CNP0185701.2,-11.660007
CNP0094579.1,-11.659869
CNP0131301.1,-11.659852
CNP0189137.2,-11.659828
CNP0201297.3,-11.659797
CNP0401597.0,-11.659711
CNP0176284.16,-11.6596775
CNP0403574.4,-11.659663
CNP0011897.1,-11.659486
CNP0188514.2,-11.659385
CNP0024557.1,-11.659329
CNP0143466.0,-11.659312
CNP0184612.0,-11.659295
CNP0167267.1,-11.659025
CNP0460466.1,-11.658977
CNP0103446.3,-11.658958
CNP0544165.1,-11.658883
CNP0199533.3,-11.658873
CNP0098546.1,-11.658508
CNP0076450.1,-11.658416
CNP0141724.1,-11.658403
CNP0492375.12,-11.658336
CNP0454321.0,-11.65825
CNP0121779.0,-11.6582
CNP0024977.1,-11.658067
CNP0214604.1,-11.65801
CNP0125778.3,-11.657913
CNP0137652.3,-11.657723
CNP0601756.1,-11.657699
CNP0075475.1,-11.657696
CNP0061413.4,-11.657503
CNP0099239.1,-11.657406
CNP0474275.1,-11.657222
CNP0426628.2,-11.657115
CNP0196333.1,-11.656881
CNP0196591.14,-11.656825
CNP0202618.7,-11.656795
CNP0168154.2,-11.656658
CNP0404405.2,-11.656601
CNP0423957.2,-11.656264
CNP0391462.8,-11.656222
CNP0490289.2,-11.656001
CNP0415831.1,-11.655965
CNP0487879.0,-11.655773
CNP0209107.12,-11.655763
CNP0164825.1,-11.655748
CNP0119511.1,-11.655575
CNP0425911.1,-11.655526
CNP0386857.1,-11.655488
CNP0525297.6,-11.655371
CNP0181002.2,-11.655326
CNP0183404.5,-11.655235
CNP0125589.1,-11.655199
CNP0553459.1,-11.655147
CNP0466847.1,-11.654926
CNP0180479.7,-11.654899
CNP0140901.7,-11.654816
CNP0120593.6,-11.654718
CNP0134564.1,-11.654674
CNP0138912.1,-11.654639
CNP0396182.3,-11.654163
CNP0426745.3,-11.653999
CNP0137652.4,-11.653965
CNP0210021.1,-11.653944
CNP0578908.1,-11.653895
CNP0139715.0,-11.653887
CNP0158113.1,-11.653864
CNP0203923.1,-11.653863
CNP0537414.1,-11.653751
CNP0412396.0,-11.653738
CNP0178332.1,-11.653736
CNP0157862.1,-11.653644
CNP0006885.1,-11.653615
CNP0199699.1,-11.653612
CNP0409657.1,-11.6535845
CNP0196931.2,-11.653517
CNP0581711.1,-11.653472
CNP0566759.1,-11.653298
CNP0534783.1,-11.653211
CNP0398177.1,-11.653152
CNP0143592.2,-11.653098
CNP0384562.3,-11.653068
CNP0200307.3,-11.652606
CNP0410114.3,-11.652433
CNP0013390.2,-11.652187
CNP0123371.0,-11.652165
CNP0102877.1,-11.652124
CNP0141144.1,-11.652119
CNP0558174.1,-11.651973
CNP0214641.1,-11.6519375
CNP0170115.1,-11.651758
CNP0180019.1,-11.651624
CNP0388898.0,-11.651371
CNP0192260.8,-11.651275
CNP0125569.5,-11.65126
CNP0167536.1,-11.651214
CNP0131426.1,-11.651018
CNP0546006.1,-11.650865
CNP0055023.0,-11.650849
CNP0173166.1,-11.650791
CNP0113767.1,-11.6507435
CNP0536336.1,-11.650654
CNP0153316.1,-11.650643
CNP0424991.1,-11.65062
CNP0490621.1,-11.650591
CNP0122965.0,-11.650098
CNP0090995.1,-11.6499
CNP0115902.1,-11.6499
CNP0132503.4,-11.6497345
CNP0183821.1,-11.649591
CNP0391513.1,-11.649586
CNP0158533.3,-11.649107
CNP0171255.7,-11.649065
CNP0595619.1,-11.649049
CNP0116725.0,-11.648988
CNP0159544.1,-11.64896
CNP0157722.3,-11.648741
CNP0532050.1,-11.648686
CNP0101027.1,-11.648433
CNP0143657.1,-11.648421
CNP0028272.0,-11.648205
CNP0117041.5,-11.6482
CNP0109486.1,-11.648064
CNP0427469.1,-11.647826
CNP0198866.1,-11.64752
CNP0404320.0,-11.647469
CNP0400837.2,-11.647465
CNP0154412.1,-11.647338
CNP0385220.1,-11.647302
CNP0164593.1,-11.647178
CNP0377807.1,-11.64711
CNP0189308.4,-11.647039
CNP0113407.1,-11.647036
CNP0584305.3,-11.647002
CNP0086909.1,-11.646879
CNP0200307.2,-11.646771
CNP0128329.2,-11.646574
CNP0556122.1,-11.646558
CNP0183525.1,-11.646496
CNP0495979.1,-11.646311
CNP0102475.1,-11.646151
CNP0404962.3,-11.646111
CNP0142621.2,-11.645906
CNP0061413.3,-11.645595
CNP0176284.11,-11.645429
CNP0176284.2,-11.645429
CNP0391498.1,-11.645428
CNP0164704.0,-11.645325
CNP0512536.1,-11.6453
CNP0381973.1,-11.644979
CNP0413228.2,-11.644504
CNP0098715.1,-11.644451
CNP0191459.2,-11.644326
CNP0565210.3,-11.644312
CNP0097596.1,-11.644302
CNP0137652.6,-11.64416
CNP0201385.12,-11.644118
CNP0513753.1,-11.644022
CNP0416631.1,-11.643979
CNP0188206.4,-11.643867
CNP0414620.1,-11.643772
CNP0429696.0,-11.643678
CNP0200033.1,-11.643645
CNP0205679.0,-11.643519
CNP0533290.1,-11.643421
CNP0387088.1,-11.643368
CNP0190038.3,-11.643297
CNP0128535.0,-11.643269
CNP0198539.1,-11.643156
CNP0395637.2,-11.643059
CNP0424382.1,-11.642677
CNP0407775.5,-11.64259
CNP0401440.1,-11.642429
CNP0211660.3,-11.642364
CNP0567084.1,-11.642232
CNP0502670.1,-11.64198
CNP0575565.2,-11.641914
CNP0206960.1,-11.641752
CNP0562224.1,-11.64172
CNP0027970.0,-11.641681
CNP0211652.1,-11.641607
CNP0160099.1,-11.641593
CNP0387814.1,-11.641566
CNP0074444.1,-11.641518
CNP0181637.1,-11.641375
CNP0080769.0,-11.641318
CNP0135229.0,-11.641279
CNP0099361.1,-11.641256
CNP0057249.1,-11.6411295
CNP0381941.4,-11.641087
CNP0190458.1,-11.64108
CNP0211660.5,-11.640985
CNP0381260.1,-11.640977
CNP0603988.1,-11.64095
CNP0380820.1,-11.640923
CNP0452447.1,-11.640842
CNP0150227.2,-11.640753
CNP0400388.1,-11.640708
CNP0196286.1,-11.640619
CNP0598275.1,-11.640589
