observed_score,predicted_score
-7.1,-7.369777911164371
-8.7,-9.134270120724343
-9.0,-8.357050953422934
-8.9,-8.431253099173542
-9.6,-9.48650145387237
-7.9,-9.118296863237218
-8.1,-9.282491989058324
-10.6,-9.430625498007927
-6.1,-6.830340189873407
-5.778,-6.887006451612897
-5.791,-6.830340189873407
-5.7,-6.971704022988489
-5.7,-6.830340189873407
-5.5,-6.636204897959125
-5.4,-6.672648922686956
-5.5,-6.462977959697708
-5.2,-6.51376561163386
-6.2,-7.222745068285248
-5.7,-6.559431266846347
-5.88,-6.544250000000005
-5.258,-6.41858720930234
-6.1,-6.830340189873407
-5.6,-6.821758849557509
-5.6,-6.821758849557509
-5.7,-6.905843727598533
-5.792,-6.756785365853683
-5.4,-6.559431266846347
-5.9,-6.971704022988489
-10.6,-10.503982911825
-10.2,-10.254178160919286
-8.0,-8.312929833417433
-8.573,-8.344640149160924
-7.284,-8.564130516431877
-7.715,-8.337675862068968
-8.715,-8.337675862068968
-5.8,-6.53941304347819
-5.9,-6.629373035566649
-5.9,-6.887006451612897
-5.5,-6.253580454928431
-5.5,-6.253580454928431
-5.1,-6.407104118104076
-5.0,-6.507622073578599
-9.2,-8.729590737240043
-5.6,-6.56563012392755
-10.0,-9.669187002652569
-4.8,-5.5607244897959225
-7.0,-6.365825282631121
-7.0,-6.307834990059686
-10.3,-9.202639473684199
-9.7,-8.554814696485527
-6.1,-6.684131182795718
-7.1,-6.684131182795718
-7.7,-6.473859569648947
-6.1,-6.302999410377362
-10.7,-9.287893725992301
-10.3,-9.167769516728624
-9.2,-9.01321089042643
-6.6,-7.225673110720551
-8.5,-8.531264487369997
-6.4,-6.227536585365849
-5.8,-5.7215399737877135
-9.9,-9.843469770254252
-10.08,-9.618941769091137
-5.6,-5.723116429495456
-7.085,-7.624389215162895
-6.5,-7.164756944444477
-4.6,-5.672419161676631
-4.4,-5.40231400966185
-9.9,-9.162062317429537
-9.0,-10.076527607361944
-10.2,-9.96193352741387
-11.78,-10.782228151585443
-8.4,-8.757095890411016
-10.7,-10.039570142535649
-8.5,-9.177827707660727
-10.3,-9.346312432432317
-7.8,-7.815071207430368
-8.968,-9.191524216524181
-9.0,-9.368548085106305
-9.1,-9.406893606637347
-8.8,-9.189133157894696
-9.8,-9.386083267871163
-8.0,-7.911394444444422
-9.6,-9.586871526195909
-9.3,-9.647840301003313
-9.7,-9.63399728813548
-10.0,-9.586871526195909
-8.8,-9.067101525512992
-7.9,-8.431253099173542
-7.8,-8.344640149160924
-7.7,-8.971887195121967
-8.7,-9.064161554192172
-5.6,-5.9577504950495195
-8.9,-9.554709876543134
-8.4,-8.531264487369997
-9.7,-10.169059819929975
-9.3,-9.331734673366782
-7.4,-8.400503441494589
-10.0,-9.344957359813124
-8.493,-10.123713198635222
-9.9,-10.170537122483427
-9.8,-9.539230225745365
-11.0,-10.254178160919286
-10.4,-10.279645299145319
-9.7,-10.371127993490038
-8.9,-9.202639473684199
-5.8,-6.1666666666666705
-8.8,-9.593084253341068
-8.2,-8.357050953422934
-9.4,-9.670208023774167
-11.0,-10.587855628655158
-9.7,-9.824687447346221
-10.3,-10.169059819929975
-10.9,-9.430625498007927
-9.5,-9.284574638844374
-8.1,-7.69652780930752
-8.0,-8.344640149160924
-8.5,-8.400503441494589
-8.8,-9.177827707660727
-9.2,-9.167769516728624
-5.747,-6.253580454928431
-9.3,-9.414471910112356
-9.4,-9.390257918552093
-11.0,-11.485132241215618
-9.6,-9.477019873969963
-9.9,-9.463300805729585
-9.2,-9.647840301003313
-10.0,-9.335616040955763
-8.0,-9.152561971130007
-9.1,-9.560290935672441
-8.2,-9.078200876305907
-7.2,-8.22174502923975
-10.0,-9.314469636863018
-8.736,-9.078200876305907
-9.031,-10.503982911825
-9.4,-9.406893606637347
-10.6,-9.94870424567183
-8.8,-9.383893991206518
-9.7,-9.537229341099382
-8.8,-8.840539782244578
-8.7,-8.554814696485527
-9.3,-9.067101525512992
-9.7,-9.670208023774167
-9.0,-9.19059196484618
-7.9,-8.856112973948932
-5.7,-6.672648922686956
-8.3,-9.383893991206518
-9.9,-9.269009018294204
-9.1,-9.404362060173362
-10.2,-10.371127993490038
-8.0,-8.463952702702715
-9.2,-9.30924504950496
-9.0,-9.134270120724343
-9.0,-9.064161554192172
-12.0,-11.35171751574131
-11.2,-10.002645526225733
-8.3,-8.554814696485527
-9.1,-10.443467784979202
-10.2,-10.392408481394622
-10.2,-9.531600873362452
-10.1,-9.746750561797716
-8.5,-9.13374427994629
-8.5,-8.531264487369997
-8.3,-8.656899869394936
-9.2,-9.03414955403442
-10.1,-10.245893998441185
-10.2,-9.463300805729585
-10.1,-11.35171751574131
-8.5,-9.118296863237218
-10.9,-10.366324324323996
-12.5,-10.789868189011784
-10.5,-10.392408481394622
-10.5,-9.87937483443707
-9.2,-9.383893991206518
-9.1,-9.679337245213487
-10.0,-9.96522785665982
-10.25,-10.503982911825
-9.0,-10.267622738386395
-11.5,-10.169059819929975
-9.3,-9.578737849408277
-9.0,-9.202663526949198
-6.9,-7.223297224709039
-6.8,-7.989364312267702
-8.9,-9.231935624658945
-7.9,-8.129067937033977
-9.2,-9.404362060173362
-11.5,-11.251278864353388
-8.1,-8.958000000000002
-10.0,-10.139005588079092
-8.4,-8.789968442483884
-9.6,-9.182705583756333
-9.5,-10.245893998441185
-10.9,-9.287893725992301
-8.4,-9.282491989058324
-10.0,-10.254178160919286
-8.1,-8.263697076023396
-8.695,-8.965608906392008
-8.2,-9.273322881921304
-8.8,-8.704823699421969
-7.717,-7.21041259398495
-8.2,-7.513711080586005
-7.6,-7.668354473386202
-6.5,-6.473859569648947
-8.818,-9.330267645543737
-10.6,-9.260568047337243
-10.5,-9.152561971130007
-8.424,-7.905453168044146
-8.464,-9.746750561797716
-10.1,-9.94870424567183
-10.1,-9.416137028824904
-8.184,-8.400503441494589
-8.691,-9.265716088328158
-8.521,-8.159658142664915
-8.4,-9.566170301142526
-9.8,-9.832688135593317
-8.2,-9.119554509235819
-8.9,-9.064161554192172
-9.6,-10.279645299145319
-9.7,-10.789868189011784
-11.1,-10.654898132427888
-9.4,-10.139005588079092
-7.9,-8.763070123747752
-7.9,-9.386083267871163
-8.7,-9.96193352741387
-9.1,-9.884226856561542
-8.9,-8.704823699421969
-8.5,-8.577299251870315
-9.527,-9.519502296211277
-10.24,-10.598233974358674
-7.8,-7.653566523605146
-8.1,-7.99113262999247
-9.0,-9.96193352741387
-8.6,-8.33278282828279
-9.365,-9.935457907159623
-10.2,-10.885608822520192
-9.9,-9.231935624658945
-8.1,-8.53797409326435
-10.0,-9.345191765369474
-9.1,-9.362910574018265
-8.057,-8.33278282828279
-9.9,-10.073239845653791
-6.8,-6.680929006085162
-9.0,-9.345191765369474
-9.3,-9.269009018294204
-9.5,-9.625456054687504
-8.2,-8.400503441494589
-13.2,-11.536666183474804
-9.22,-9.269009018294204
-8.7,-8.840539782244578
-7.8,-7.6998263254113235
-9.2,-9.13374427994629
-7.6,-8.705771816037727
-8.0,-8.705771816037727
-5.1,-6.672648922686956
-7.1,-7.47791408934709
-9.6,-9.383893991206518
-9.758,-10.661113730928959
-7.903,-8.349450334821462
-5.6,-6.559431266846347
-6.8,-6.087046676096152
-9.2,-9.297945655820032
-7.2,-7.150197712418296
-11.7,-10.366324324323996
-11.4,-10.173668220946809
-8.9,-7.674183246073238
-9.2,-9.566170301142526
-10.5,-10.878719105691042
-7.5,-8.357050953422934
-10.2,-9.775921787709496
-9.1,-9.057016042780777
-7.519,-8.357050953422934
-8.6,-9.81061177552896
-8.3,-8.577299251870315
-11.4,-10.751968425513844
-10.0,-9.560290935672441
-9.0,-9.404362060173362
-11.4,-10.117051682692328
-7.4,-7.192323529411748
-8.5,-8.418291463414711
-10.7,-10.371127993490038
-7.3,-6.365825282631121
-9.541,-8.719483669214728
-9.6,-9.182705583756333
-11.2,-10.574087346615878
-10.0,-10.245893998441185
-6.1,-6.887006451612897
-9.3,-8.88214884233733
-7.4,-8.047558095238092
-8.4,-8.735356129032283
-9.8,-9.927968981922104
-6.8,-6.905843727598533
-12.3,-11.411657320872267
-5.1,-5.974037147102512
-11.3,-10.878719105691042
-7.469,-8.136838709677436
-9.0,-8.300445407279032
-10.0,-9.197097628240464
-9.7,-9.314469636863018
-8.6,-8.259986301369844
-8.559,-8.429224089635863
-8.7,-8.286833333333348
-7.8,-8.263008908685963
-9.6,-9.195528368794399
-6.3,-6.142781704781728
-9.404,-9.197097628240464
-7.839,-9.092518664047114
-6.6,-7.401997641509453
-9.566,-9.96193352741387
-10.0,-9.866212121212174
-9.2,-8.969353654743438
-7.0,-7.502472484713669
-11.2,-11.041089540199097
-9.2,-9.067101525512992
-9.1,-10.245893998441185
-9.4,-9.618941769091137
-8.5,-9.078200876305907
-9.0,-8.840539782244578
-8.6,-8.047558095238092
-6.5,-7.1684285714285405
-7.3,-7.13182558139535
-5.7,-6.473859569648947
-10.3,-10.249212951734227
-10.86,-10.170537122483427
-9.0,-9.06472289156626
-9.0,-9.162062317429537
-10.5,-10.094690590111751
-8.8,-7.69652780930752
-10.6,-10.878719105691042
-6.1,-6.779212475633503
-6.6,-8.057375095492764
-10.7,-10.234277510608287
-6.3,-7.1316759776537015
-9.5,-8.988834610472514
-9.0,-9.167769516728624
-6.9,-7.022644268774574
-8.1,-8.294944567627478
-10.0,-9.679337245213487
-7.4,-8.418291463414711
-12.5,-10.625701402805369
-8.5,-9.167769516728624
-10.9,-10.53469232231097
-6.0,-6.672648922686956
-7.3,-6.473859569648947
-5.8,-6.407104118104076
-10.5,-9.832688135593317
-11.0,-10.375161849710837
-7.832,-8.577299251870315
-9.389,-8.294944567627478
-9.5,-8.577299251870315
-10.7,-10.234277510608287
-6.8,-7.674183246073238
-9.8,-9.471554289142144
-8.6,-8.27388888888888
-7.047,-7.401997641509453
-10.3,-10.375457313284848
-7.3,-6.11665633423181
-8.0,-8.856112973948932
-6.8,-8.71934207764972
-4.9,-5.723116429495456
-7.3,-7.653566523605146
-10.6,-10.957582908617118
-11.3,-11.124252740651855
-7.3,-7.164756944444477
-8.9,-9.276469020866816
-7.782,-7.36792171344167
-8.132,-8.349450334821462
-5.6,-6.1666666666666705
-8.824,-8.578956403269745
-10.2,-10.073072413793158
-8.9,-9.162062317429537
-7.3,-7.315269194312837
-10.1,-9.766168627450952
-6.0,-6.544250000000005
-8.8,-8.757095890411016
-9.3,-9.383893991206518
-8.2,-9.273322881921304
-8.7,-9.719640356460747
-5.9,-6.612178885630506
-9.3,-10.184714444268241
-5.8,-5.853519662921346
-8.6,-8.300445407279032
-9.4,-10.097936067997036
-5.9,-6.51376561163386
-7.1,-7.668354473386202
-7.7,-9.330267645543737
-9.5,-9.789792939719243
-8.4,-9.189133157894696
-9.0,-9.345191765369474
-5.6,-5.990876513317229
-8.7,-8.939747605010982
-5.3,-6.227536585365849
-7.9,-7.502472484713669
-9.2,-10.53469232231097
-3.9,-5.622510357815422
-8.827,-9.162062317429537
-8.9,-8.840539782244578
-10.3,-10.878719105691042
-10.4,-9.390257918552093
-8.1,-9.14182244318176
-9.7,-8.954747757847558
-8.9,-10.21490349360072
-9.3,-9.81061177552896
-5.4,-5.974037147102512
-10.4,-10.782228151585443
-9.279,-9.314469636863018
-10.64,-9.96522785665982
-10.9,-10.878719105691042
-5.4,-5.688220379146955
-8.4,-9.197097628240464
-8.7,-8.564130516431877
-5.8,-5.9577504950495195
-7.412,-8.349450334821462
-8.6,-8.357050953422934
-9.6,-9.647840301003313
-8.4,-7.815071207430368
-12.1,-10.885608822520192
-11.7,-10.885608822520192
-6.3,-5.988679161372291
-9.0,-10.189062524423623
-8.423,-8.140421778584368
-10.2,-9.618941769091137
-6.9,-6.645588926174454
-5.8,-6.196106040268499
-6.0,-5.903001785714288
-11.2,-10.375161849710837
-9.7,-9.625456054687504
-10.7,-10.375457313284848
-9.0,-9.189133157894696
-6.2,-6.612178885630506
-10.9,-10.308758547008935
-9.9,-9.578737849408277
-9.1,-8.840539782244578
-5.3,-5.7215399737877135
-9.7,-9.297945655820032
-9.3,-8.45188629518079
-8.6,-9.182705583756333
-9.4,-8.656899869394936
-7.1,-7.13182558139535
-7.194,-7.281719999999964
-9.3,-8.323352284263944
-7.5,-7.211683783783783
-8.5,-9.214922855773766
-9.6,-9.865273516642583
-9.6,-9.297945655820032
-7.8,-7.150197712418296
-5.5,-5.871803303303314
-9.7,-9.94870424567183
-10.7,-10.249212951734227
-10.0,-9.474801869158803
-9.6,-9.586871526195909
-9.1,-9.537229341099382
-10.3,-9.81061177552896
-10.8,-9.932215875517212
-9.1,-9.189133157894696
-7.8,-7.674183246073238
-8.7,-9.269009018294204
-9.3,-9.269009018294204
-10.18,-9.035305272485562
-7.8,-8.140421778584368
-9.912,-10.264907311320798
-7.0,-7.315269194312837
-7.926,-8.057375095492764
-7.913,-8.057375095492764
-9.8,-10.254178160919286
-6.2,-6.227536585365849
-9.4,-9.32617465224112
-9.7,-9.118296863237218
-8.185,-8.211182825484764
-9.8,-9.94086232149359
-6.3,-5.866510739856797
-9.9,-9.519502296211277
-7.6,-8.656899869394936
-7.6,-6.227536585365849
-7.2,-7.2324631410256215
-9.8,-10.782228151585443
-6.3,-6.142781704781728
-6.6,-6.196106040268499
-10.4,-10.264907311320798
-8.1,-9.586871526195909
-8.5,-7.989364312267702
-6.2,-6.779212475633503
-7.8,-7.560573454913898
-10.4,-9.539230225745365
-10.5,-9.539230225745365
-8.6,-8.357050953422934
-6.8,-6.544250000000005
-7.9,-8.180696969696948
-8.952,-9.204902957965768
-10.4,-10.782228151585443
-9.2,-9.042252390057302
-10.66,-10.574087346615878
-7.0,-6.058083591331261
-6.2,-6.56563012392755
-8.7,-8.005825229960632
-8.7,-8.005825229960632
-7.9,-9.278680422747856
-8.3,-8.946662774725208
-10.1,-9.167769516728624
-10.5,-10.503982911825
-9.4,-9.330267645543737
-8.5,-8.368276785714283
-6.9,-7.668354473386202
-4.4,-5.60204745370372
-6.489,-7.164756944444477
-6.7,-7.811087193460489
-6.4,-7.811087193460489
-7.8,-8.368276785714283
-8.9,-8.312929833417433
-9.9,-10.760719803370833
-8.8,-10.06944848596773
-8.7,-8.429224089635863
-11.2,-11.241886000987177
-9.2,-9.067101525512992
-6.7,-7.150197712418296
-8.8,-9.177827707660727
-6.6,-7.233386340468961
-6.9,-7.233386340468961
-6.3,-7.211683783783783
-11.2,-10.156944402420255
-5.9,-5.720673913043491
-6.213,-6.971704022988489
-9.4,-9.346312432432317
-6.5,-7.513711080586005
-10.1,-9.927968981922104
-10.1,-10.210849551856684
-5.6,-7.111465798045606
-10.2,-8.704823699421969
-9.0,-9.167769516728624
-5.4,-5.874944347826079
-6.9,-7.663946915351553
-7.9,-7.560573454913898
-9.9,-10.465555220016991
-10.3,-10.598233974358674
-9.9,-10.622321897073522
-10.1,-10.598233974358674
-8.1,-10.098355566218707
-10.18,-10.073072413793158
-7.493,-7.673363004172487
-9.1,-8.757095890411016
-8.9,-9.586871526195909
-7.4,-8.382111029411764
-8.5,-10.199577117863853
-7.337,-8.252397849462367
-7.5,-7.315269194312837
-9.2,-9.789792939719243
-9.622,-9.8228386683738
-10.2,-9.177827707660727
-7.61,-7.673363004172487
-8.3,-9.314469636863018
-8.8,-9.158590005521745
-8.0,-9.172946324387462
-9.2,-8.704823699421969
-9.2,-9.330267645543737
-9.0,-9.330267645543737
-9.569,-9.884226856561542
-8.3,-8.063542780748657
-10.4,-9.593084253341068
-10.7,-10.159544307469465
-9.6,-9.13374427994629
-5.3,-6.227536585365849
-7.0,-7.253551067073162
-6.7,-6.028303197353929
-7.1,-7.21041259398495
-9.8,-10.598233974358674
-6.1,-5.906879240162845
-9.826,-9.331161350148168
-8.8,-9.556077339901407
-8.6,-9.96193352741387
-7.7,-8.0987192771084
-10.8,-9.68360588487968
-9.5,-9.643968732858033
-9.4,-9.643968732858033
-9.6,-9.057016042780777
-9.7,-9.730471559092145
-10.1,-9.96193352741387
-7.8,-9.104237406716422
-8.1,-9.104237406716422
-9.1,-9.647840301003313
-10.5,-9.81061177552896
-8.8,-7.99113262999247
-8.9,-9.430625498007927
-8.7,-9.66757180156656
-10.32,-9.618941769091137
-8.318,-9.057016042780777
-9.5,-8.652943618881128
-12.2,-10.214376068376039
-9.9,-9.335616040955763
-9.4,-9.314469636863018
-10.1,-9.884366110304747
-10.5,-10.245893998441185
-7.2,-7.253551067073162
-8.3,-7.815071207430368
-6.7,-6.53941304347819
-8.243,-8.206718918918936
-10.4,-10.070610642781979
-8.5,-8.368276785714283
-7.3,-5.754342635658951
-6.4,-6.067696612665735
-7.2,-7.999361153262519
-7.6,-8.005825229960632
-9.2,-9.406893606637347
-9.8,-9.586871526195909
-8.4,-7.999361153262519
-9.7,-9.50114759358294
-8.8,-10.170537122483427
-10.2,-10.392408481394622
-5.9,-5.974037147102512
-7.3,-7.192323529411748
-5.7,-5.909149466192171
-9.3,-10.097936067997036
-5.6,-5.9577504950495195
-7.8,-9.01321089042643
-9.4,-9.067101525512992
-11.1,-10.249212951734227
-10.6,-10.264907311320798
-7.0,-7.99113262999247
-7.3,-7.253551067073162
-8.9,-9.204902957965768
-9.0,-9.204902957965768
-11.2,-9.593084253341068
-10.2,-9.531600873362452
-10.5,-10.933150150150448
-10.6,-9.94870424567183
-10.2,-9.578737849408277
-9.0,-9.13374427994629
-9.1,-9.96193352741387
-9.6,-9.8228386683738
-7.8,-7.164756944444477
-9.9,-9.118296863237218
-9.7,-9.064161554192172
-8.7,-10.002645526225733
-9.2,-8.300445407279032
-11.47,-10.759701467505264
-8.9,-8.323352284263944
-10.5,-9.96522785665982
-9.6,-10.589670482296325
-7.3,-8.729489867841306
-7.0,-6.058083591331261
-10.5,-10.156944402420255
-10.2,-9.94870424567183
-7.8,-7.47791408934709
-8.0,-7.47791408934709
-8.7,-9.586871526195909
-9.1,-9.273322881921304
-9.6,-9.273322881921304
-10.2,-9.273322881921304
-8.6,-10.214376068376039
-8.4,-9.024362092391355
-7.2,-7.6076512820512745
-9.9,-9.414471910112356
-8.5,-9.231935624658945
-9.9,-10.267622738386395
-9.9,-10.264907311320798
-10.7,-10.661113730928959
-9.7,-9.526290060851883
-7.0,-8.252397849462367
-8.5,-9.843469770254252
-9.7,-9.775921787709496
-10.6,-10.59850927663082
-9.5,-9.746750561797716
-10.6,-10.965640692641063
-10.6,-10.63180395593428
-10.9,-9.297945655820032
-8.4,-8.22174502923975
-7.0,-8.789968442483884
-8.0,-8.357050953422934
-9.2,-8.735356129032283
-6.4,-7.315269194312837
-9.1,-8.573072822822915
-10.1,-9.618941769091137
-10.3,-9.586871526195909
-8.1,-8.763070123747752
-6.5,-7.150197712418296
-10.5,-10.661113730928959
-9.5,-9.03414955403442
-11.4,-10.59850927663082
-12.7,-11.327368192172715
-9.5,-8.84700037936271
-7.4,-8.757095890411016
-8.8,-9.042252390057302
-9.0,-8.573072822822915
-10.3,-9.539230225745365
-8.7,-9.464935705209838
-10.6,-10.123713198635222
-9.5,-9.566170301142526
-7.8,-8.939747605010982
-9.1,-9.19059196484618
-4.0,-5.595123913043474
-8.6,-9.160072786885445
-8.4,-8.879823975720981
-9.3,-9.789792939719243
-9.419,-9.260568047337243
-12.1,-10.751487921489757
-9.2,-9.289071856287466
-9.1,-9.386083267871163
-7.4,-7.244073089701004
-10.7,-11.248061200536927
-9.5,-10.20004461234067
-9.4,-9.03414955403442
-10.7,-9.539230225745365
-9.0,-8.573072822822915
-9.7,-9.471554289142144
-9.9,-9.269009018294204
-10.8,-9.104237406716422
-7.7,-8.068115830115813
-9.4,-9.024362092391355
-8.316,-8.140421778584368
-8.6,-9.23737905236911
-7.9,-8.554814696485527
-8.6,-8.104782225780673
-6.7,-6.944149377593363
-8.8,-9.477019873969963
-8.772,-9.843469770254252
-12.3,-10.308758547008935
-10.98,-10.782228151585443
-10.3,-9.94870424567183
-9.3,-9.13374427994629
-9.1,-8.789968442483884
-8.0,-7.86431656804737
-9.1,-9.96522785665982
-9.3,-9.024362092391355
-10.2,-10.366324324323996
-10.3,-10.35579052618489
-8.5,-9.234113573407138
-8.5,-8.400503441494589
-8.2,-8.400503441494589
-7.1,-7.1684285714285405
-7.0,-7.165567307692315
-9.1,-9.189133157894696
-6.4,-6.462977959697708
-11.9,-10.117051682692328
-7.5,-8.578956403269745
-8.7,-9.19059196484618
-9.6,-10.176023112480726
-4.4,-5.40231400966185
-4.0,-5.471196226415117
-6.4,-8.35165409252659
-9.0,-9.618941769091137
-7.1,-7.36792171344167
-9.9,-10.446000313038601
-9.995,-9.297945655820032
-10.26,-10.375457313284848
-8.5,-7.7042110552763585
-11.0,-11.251278864353388
-7.4,-8.176771121351768
-9.9,-9.366657953696778
-8.8,-9.234113573407138
-8.2,-7.99113262999247
-8.6,-9.766168627450952
-7.8,-8.129067937033977
-7.0,-7.108697592067968
-7.0,-8.856112973948932
-7.313,-7.2802352941176585
-8.4,-9.024362092391355
-9.3,-10.002645526225733
-6.4,-5.874944347826079
-7.7,-8.140421778584368
-8.038,-8.286833333333348
-7.6,-7.192323529411748
-10.3,-9.935457907159623
-6.3,-7.315269194312837
-9.3,-9.135183368869937
-8.6,-8.531264487369997
-6.2,-7.108697592067968
-8.7,-8.368276785714283
-8.1,-8.0987192771084
-8.6,-9.741632049786041
-9.853,-9.537229341099382
-9.7,-10.339810627767417
-7.952,-8.263008908685963
-8.0,-8.22174502923975
-8.5,-9.196033185840712
-9.4,-9.537229341099382
-6.9,-6.51479407176286
-10.3,-10.407649350649374
-10.2,-9.821023323615304
-10.6,-9.96193352741387
-8.7,-9.195528368794399
-10.1,-9.119554509235819
-8.2,-9.172946324387462
-9.2,-9.463300805729585
-10.7,-9.63693127147763
-8.6,-9.182705583756333
-8.6,-8.04744460500967
-8.928,-9.009513805522248
-8.9,-9.404362060173362
-8.8,-9.477019873969963
-7.6,-8.750710361445812
-8.3,-8.705771816037727
-10.2,-10.35579052618489
-8.2,-9.01321089042643
-9.6,-9.916629246676429
-9.1,-8.33278282828279
-8.9,-9.135183368869937
-10.88,-9.81061177552896
-10.0,-9.824687447346221
-8.2,-8.368276785714283
-9.0,-9.118296863237218
-10.3,-10.443467784979202
-9.9,-9.197097628240464
-7.7,-9.297945655820032
-10.5,-10.890306603773599
-7.3,-7.99113262999247
-7.7,-7.498673469387754
-7.7,-7.401997641509453
-9.589,-9.96193352741387
-7.4,-7.413609756097561
-10.8,-9.643968732858033
-10.4,-10.245893998441185
-9.2,-8.958044226044246
-8.9,-9.346312432432317
-7.607,-8.04744460500967
-11.9,-10.961749718995856
-7.0,-6.142781704781728
-7.0,-6.187388888888904
-8.8,-9.463300805729585
-9.4,-8.312929833417433
-11.5,-10.789868189011784
-10.7,-10.961827724048947
-10.1,-9.94086232149359
-10.2,-9.94086232149359
-11.2,-10.617672347267153
-9.7,-9.273322881921304
-5.8,-5.597413592233014
-9.6,-9.586871526195909
-8.7,-9.067101525512992
-9.1,-9.189133157894696
-8.5,-8.180696969696948
-9.0,-9.463300805729585
-11.4,-11.064592568016339
-7.5,-8.79963565217394
-7.9,-8.129143160127263
-8.1,-8.750710361445812
-9.6,-9.30263058186739
-5.6,-5.903001785714288
-8.3,-8.958044226044246
-8.1,-8.129067937033977
-9.1,-8.846786904078071
-8.6,-8.312929833417433
-11.2,-9.422880422691742
-10.8,-9.416137028824904
-6.5,-6.087046676096152
-8.6,-9.330267645543737
-10.8,-9.422880422691742
-7.6,-7.884720472440917
-8.4,-8.856112973948932
-7.9,-9.118296863237218
-7.2,-8.063542780748657
-10.9,-10.661113730928959
-7.728,-7.244073089701004
-10.3,-10.025992482730377
-6.6,-6.731725806451607
-6.4,-6.691142857142844
-9.8,-10.159544307469465
-9.9,-10.090674319728066
-7.5,-8.705771816037727
-9.7,-10.21490349360072
-12.3,-10.503982911825
-9.8,-10.981451145806899
-8.6,-8.129067937033977
-9.1,-9.024362092391355
-9.1,-9.618941769091137
-8.6,-8.068115830115813
-8.6,-9.231935624658945
-9.4,-9.30263058186739
-8.5,-9.231935624658945
-10.4,-10.20004461234067
-7.2,-7.071474847982282
-7.705,-7.21041259398495
-8.8,-9.197097628240464
-9.6,-10.267622738386395
-9.8,-10.587855628655158
-5.9,-6.085523166023176
-13.4,-11.467196571205992
-9.9,-9.195528368794399
-8.9,-9.414471910112356
-11.4,-11.146332368268736
-7.643,-8.263697076023396
-10.7,-10.961827724048947
-8.0,-8.856112973948932
-10.6,-9.766168627450952
-6.9,-7.513711080586005
-9.3,-9.346312432432317
-8.1,-8.344640149160924
-7.1,-6.196106040268499
-10.0,-9.625456054687504
-9.5,-9.269009018294204
-9.6,-9.23737905236911
-12.22,-11.444567324955027
-7.381,-7.222745068285248
-9.5,-10.254178160919286
-6.822,-7.071474847982282
-11.2,-11.352197726489859
-10.6,-11.039992713666795
-6.4,-6.672648922686956
-10.1,-10.199577117863853
-8.5,-8.429224089635863
-10.39,-10.267622738386395
-7.3,-7.281719999999964
-8.0,-8.263008908685963
-7.2,-9.024362092391355
-8.724,-9.314469636863018
-9.7,-10.07260116504895
-7.721,-7.315269194312837
-8.5,-9.554709876543134
-7.8,-7.513711080586005
-10.0,-9.800857282311608
-8.5,-8.573072822822915
-10.1,-10.782228151585443
-5.6,-6.672648922686956
-9.9,-9.381872000000003
-8.8,-9.196033185840712
-9.0,-9.416137028824904
-6.0,-6.821758849557509
-6.9,-7.315269194312837
-9.6,-9.386083267871163
-6.2,-6.381440347071559
-8.069,-8.157600000000015
-9.4,-9.537229341099382
-11.2,-9.96193352741387
-9.5,-9.182705583756333
-12.1,-10.622321897073522
-9.3,-9.724623437500039
-11.5,-10.878719105691042
-11.2,-9.560290935672441
-7.7,-7.150197712418296
-10.6,-9.932215875517212
-9.6,-9.537229341099382
-7.331,-8.047558095238092
-7.314,-7.999361153262519
-9.3,-8.382111029411764
-9.4,-9.63399728813548
-7.7,-8.652943618881128
-10.8,-9.537229341099382
-7.991,-7.674183246073238
-9.0,-10.060919439213544
-10.5,-9.443659362064787
-9.3,-9.278680422747856
-9.5,-10.503982911825
-10.0,-10.587855628655158
-9.4,-10.366324324323996
-9.0,-9.314469636863018
-9.6,-9.386083267871163
-9.2,-9.749211067193631
-9.718,-9.832688135593317
-6.544,-6.807168888888864
-9.5,-9.430625498007927
-10.7,-10.339810627767417
-10.6,-9.96193352741387
-9.9,-9.643968732858033
-11.0,-11.374342492965475
-11.7,-11.374342492965475
-11.1,-10.981451145806899
-8.7,-9.538304075235088
-10.2,-9.719640356460747
-10.9,-10.345183363148509
-9.1,-8.840539782244578
-9.3,-9.03414955403442
-9.2,-8.300445407279032
-9.5,-9.197097628240464
-13.3,-11.53085790938007
-7.7,-7.817460154241689
-7.5,-8.300445407279032
-9.1,-8.879823975720981
-11.0,-10.210849551856684
-11.2,-10.025992482730377
-8.3,-8.357050953422934
-8.2,-9.330267645543737
-10.3,-9.643968732858033
-8.2,-7.7042110552763585
-11.1,-11.146332368268736
-11.2,-10.981451145806899
-9.8,-9.477019873969963
-4.6,-6.058083591331261
-8.7,-7.815071207430368
-7.9,-7.4665019564001405
-9.7,-8.652943618881128
-8.2,-8.057375095492764
-7.6,-9.362910574018265
-9.525,-10.87235869565218
-9.3,-8.856112973948932
-10.3,-9.766168627450952
-11.6,-10.210849551856684
-10.8,-9.554709876543134
-9.3,-9.471554289142144
-10.6,-9.314469636863018
-9.1,-9.194697547683841
-9.1,-10.421542474834201
-8.5,-8.704823699421969
-8.9,-8.136838709677436
-10.9,-10.112781954887234
-9.9,-9.749211067193631
-10.2,-9.590592670157056
-9.3,-9.586871526195909
-10.7,-9.866212121212174
-8.5,-9.63399728813548
-10.5,-10.245893998441185
-10.4,-10.598233974358674
-9.0,-9.202639473684199
-8.8,-9.586871526195909
-8.7,-9.618941769091137
-8.2,-8.300445407279032
-10.1,-9.23737905236911
-9.3,-9.158590005521745
-11.0,-10.04113683373121
-9.0,-9.057016042780777
-10.0,-9.586871526195909
-11.2,-10.060919439213544
-9.9,-9.335616040955763
-10.1,-9.643968732858033
-6.7,-7.502472484713669
-9.394,-8.206718918918936
-9.9,-9.590592670157056
-12.3,-10.582237754540522
-6.8,-7.683528015194684
-9.9,-9.746750561797716
-9.3,-9.202639473684199
-9.1,-9.679337245213487
-10.1,-9.202639473684199
-8.8,-9.064161554192172
-9.8,-9.824687447346221
-11.6,-10.310953341546568
-9.1,-9.531600873362452
-8.8,-9.297945655820032
-7.9,-7.192323529411748
-6.2,-6.830340189873407
-6.9,-7.281719999999964
-9.7,-9.63693127147763
-9.7,-10.066474880382703
-9.8,-9.346312432432317
-7.4,-6.944149377593363
-9.243,-10.64681010719746
-7.5,-6.944149377593363
-10.4,-10.366324324323996
-8.3,-8.840539782244578
-7.8,-7.99113262999247
-9.3,-9.287893725992301
-7.893,-7.346084639498411
-11.1,-10.721685205183727
-10.5,-11.104953967292365
-11.2,-10.267622738386395
-7.1,-7.6998263254113235
-9.7,-9.297945655820032
-5.8,-6.905843727598533
-6.5,-7.2802352941176585
-10.3,-9.556077339901407
-9.7,-9.749211067193631
-10.5,-9.519502296211277
-10.7,-11.359624153498594
-8.8,-9.335616040955763
-7.022,-7.21125663716813
-9.061,-8.763070123747752
-10.1,-9.314469636863018
-9.7,-9.694909638554272
-8.4,-8.063542780748657
-10.4,-10.279645299145319
-10.6,-10.421542474834201
-7.2,-7.47791408934709
-8.1,-8.312929833417433
-7.8,-8.300445407279032
-9.2,-9.335616040955763
-11.6,-10.443467784979202
-8.8,-8.577299251870315
-10.5,-9.531600873362452
-9.4,-9.554709876543134
-9.7,-9.057016042780777
-9.6,-10.574087346615878
-10.6,-10.617672347267153
-10.4,-9.96193352741387
-6.0,-5.83999190283403
-10.7,-9.932215875517212
-9.0,-8.531264487369997
-9.7,-9.643968732858033
-8.8,-9.94870424567183
-9.0,-9.386083267871163
-8.7,-9.865273516642583
-10.5,-10.267622738386395
-9.9,-10.097936067997036
-10.5,-10.025992482730377
-11.1,-10.782228151585443
-9.0,-8.763070123747752
-11.76,-10.025992482730377
-8.1,-8.763070123747752
-9.6,-9.477019873969963
-11.2,-10.587855628655158
-9.8,-10.025992482730377
-8.016,-8.578956403269745
-8.5,-9.125042628774391
-7.0,-6.115879310344838
-10.0,-10.254178160919286
-8.6,-7.817460154241689
-7.7,-8.879823975720981
-7.8,-8.259986301369844
-7.5,-7.663946915351553
-10.7,-10.176023112480726
-9.8,-9.463300805729585
-9.9,-10.308758547008935
-6.3,-8.157600000000015
-10.2,-9.406893606637347
-7.0,-6.028303197353929
-8.7,-8.856112973948932
-8.733,-9.586871526195909
-10.4,-9.884226856561542
-8.7,-9.177827707660727
-8.6,-9.865273516642583
-9.9,-9.362910574018265
-9.6,-10.060919439213544
-7.931,-8.840539782244578
-8.3,-8.652943618881128
-8.2,-8.573072822822915
-8.6,-9.067101525512992
-7.7,-8.36118969219767
-10.3,-9.877311111111108
-9.2,-8.546626834381613
-8.9,-8.357050953422934
-9.8,-9.625456054687504
-9.0,-9.464935705209838
-10.6,-9.789792939719243
-5.0,-6.075806354009106
-7.6,-7.346084639498411
-9.478,-10.04113683373121
-9.9,-9.167769516728624
-8.3,-9.404362060173362
-8.1,-8.856112973948932
-7.793,-7.817460154241689
-10.4,-9.96193352741387
-9.7,-9.284574638844374
-9.1,-10.326255980239072
-12.7,-11.649826167238784
-11.3,-9.730471559092145
-8.7,-8.965608906392008
-10.4,-9.560290935672441
-3.9,-5.5607244897959225
-10.0,-9.499354337152205
-8.5,-9.042252390057302
-9.616,-9.231935624658945
-9.9,-10.210849551856684
-10.79,-9.766168627450952
-11.4,-10.032241706161145
-9.8,-9.94086232149359
-9.4,-9.719640356460747
-8.1,-8.236877566539857
-9.3,-9.94870424567183
-6.771,-7.13182558139535
-9.0,-8.431253099173542
-10.7,-10.279645299145319
-12.4,-10.59850927663082
-5.0,-5.871803303303314
-8.067,-7.741933774834481
-8.8,-9.331734673366782
-9.1,-9.404362060173362
-9.7,-9.024362092391355
-10.0,-9.539230225745365
-8.3,-9.13374427994629
-8.994,-9.118296863237218
-10.5,-11.146332368268736
-9.554,-9.362910574018265
-9.0,-9.535109163346462
-9.079,-10.070610642781979
-7.3,-7.2324631410256215
-11.5,-10.025992482730377
-8.2,-6.691142857142844
-11.06,-10.210849551856684
-8.5,-9.177827707660727
-5.7,-6.462977959697708
-9.7,-9.670208023774167
-10.39,-9.554709876543134
-8.5,-7.947195439739413
-8.182,-8.431253099173542
-6.7,-6.779212475633503
-12.1,-11.496423608114155
-8.7,-9.158590005521745
-7.3,-7.668354473386202
-4.7,-5.61162383177568
-12.47,-11.65611676217752
-12.36,-11.648037861915554
-9.2,-9.269009018294204
-9.4,-9.231935624658945
-9.3,-9.81061177552896
-10.5,-10.751968425513844
-7.5,-8.988834610472514
-8.7,-8.705771816037727
-6.7,-7.336730882352952
-7.9,-7.930323761665463
-8.7,-8.140421778584368
-9.8,-9.406893606637347
-11.0,-9.386083267871163
-11.2,-10.170537122483427
-7.8,-8.063542780748657
-10.0,-9.477019873969963
-10.1,-10.173668220946809
-9.7,-9.560290935672441
-9.1,-9.260568047337243
-9.6,-9.265716088328158
-6.5,-8.22174502923975
-8.3,-10.097936067997036
-9.4,-9.383893991206518
-11.2,-10.060919439213544
-9.4,-9.269009018294204
-8.8,-9.586871526195909
-10.7,-9.694909638554272
-7.9,-7.674183246073238
-8.9,-9.537229341099382
-9.4,-8.429224089635863
-10.5,-10.574087346615878
-8.1,-9.195528368794399
-8.8,-9.287893725992301
-7.6,-7.315269194312837
-7.139,-6.917854041013278
-8.7,-9.119554509235819
-10.1,-9.94870424567183
-9.3,-8.705771816037727
-8.5,-8.605485559566763
-9.3,-9.618941769091137
-10.2,-9.618941769091137
-7.1,-8.704823699421969
-8.3,-10.123713198635222
-9.4,-9.330267645543737
-9.8,-9.404362060173362
-8.8,-9.234113573407138
-8.3,-9.024362092391355
-9.1,-9.197097628240464
-9.4,-9.821023323615304
-8.4,-9.297945655820032
-10.0,-9.463300805729585
-10.0,-9.331734673366782
-7.8,-7.685712691771241
-8.3,-8.789968442483884
-9.9,-10.246227202472925
-8.1,-8.300445407279032
-10.0,-9.670208023774167
-6.5,-7.225673110720551
-9.7,-9.463300805729585
-10.7,-9.566170301142526
-8.4,-8.300445407279032
-10.2,-10.090674319728066
-8.751,-9.134270120724343
-12.7,-11.373810587663787
-8.6,-8.763070123747752
-10.6,-9.566170301142526
-10.4,-9.647840301003313
-9.011,-8.368276785714283
-10.4,-9.383893991206518
-9.6,-9.330267645543737
-10.9,-10.587855628655158
-10.3,-11.064592568016339
-10.9,-11.064592568016339
-7.7,-9.202663526949198
-10.8,-10.169059819929975
-10.0,-9.463300805729585
-11.9,-11.36127784946218
-8.4,-8.45188629518079
-8.801,-9.643968732858033
-9.7,-8.14349726775953
-11.2,-10.169059819929975
-8.7,-8.982653061224488
-10.22,-9.877311111111108
-10.5,-9.463300805729585
-6.8,-7.21041259398495
-12.3,-10.574087346615878
-10.6,-9.383893991206518
-8.8,-8.400503441494589
-9.092,-9.589716836734729
-9.3,-9.383893991206518
-9.0,-9.189133157894696
-9.8,-9.214922855773766
-10.0,-9.345191765369474
-9.4,-9.067101525512992
-10.3,-9.487985734664651
-9.9,-9.927968981922104
-9.8,-10.025992482730377
-9.6,-8.652943618881128
-9.6,-9.50114759358294
-5.9,-6.56563012392755
-8.346,-8.400503441494589
-9.5,-8.946662774725208
-9.6,-9.265716088328158
-8.0,-8.252397849462367
-9.8,-9.202663526949198
-8.2,-9.03414955403442
-10.2,-10.176023112480726
-9.0,-9.346312432432317
-8.5,-8.705771816037727
-5.9,-6.600283618581924
-11.1,-10.503982911825
-10.0,-10.661113730928959
-10.8,-10.2669892703865
-10.17,-9.586871526195909
-11.3,-10.690875062220226
-9.6,-9.563852004716871
-9.1,-9.177827707660727
-11.5,-11.374342492965475
-9.2,-9.191524216524181
-9.0,-9.679337245213487
-9.8,-9.560290935672441
-9.168,-9.234113573407138
-8.7,-9.195528368794399
-8.3,-8.33278282828279
-10.0,-10.622321897073522
-9.1,-9.96193352741387
-10.6,-9.789792939719243
-8.4,-9.152561971130007
-9.9,-9.717560590094772
-8.9,-9.231935624658945
-9.8,-9.158590005521745
-7.2,-8.294944567627478
-10.3,-9.202639473684199
-8.0,-9.330267645543737
-8.1,-7.86431656804737
-6.6,-7.363311814073554
-11.3,-9.935457907159623
-11.29,-10.87235869565218
-9.1,-9.317903133903135
-8.5,-8.652943618881128
-10.0,-9.935457907159623
-10.6,-10.245893998441185
-11.7,-10.62354747774508
-10.8,-10.392408481394622
-10.1,-10.249212951734227
-7.1,-8.157600000000015
-9.8,-9.01321089042643
-10.9,-10.503982911825
-8.4,-8.344640149160924
-8.906,-9.07973813169975
-9.2,-9.135183368869937
-8.9,-9.422880422691742
-7.3,-7.223297224709039
-11.0,-10.392408481394622
-9.9,-10.690875062220226
-5.1,-5.59660428849902
-8.9,-8.879823975720981
-6.5,-6.917238244514124
-10.0,-9.746750561797716
-11.6,-10.759701467505264
-12.66,-10.63180395593428
-8.8,-9.13374427994629
-8.064,-8.157600000000015
-11.0,-10.21490349360072
-9.1,-9.422880422691742
-9.454,-9.314469636863018
-8.6,-9.430625498007927
-7.2,-8.33278282828279
-9.0,-9.766168627450952
-9.7,-9.749211067193631
-9.9,-10.170537122483427
-8.3,-8.652943618881128
-7.7,-8.103163793103448
-10.3,-10.117051682692328
-10.0,-10.782228151585443
-10.0,-10.782228151585443
-8.8,-9.067101525512992
-8.5,-8.294944567627478
-10.31,-9.96193352741387
-10.3,-9.94086232149359
-10.2,-9.932215875517212
-10.3,-9.927968981922104
-8.1,-8.840539782244578
-10.4,-10.598233974358674
-8.4,-8.344640149160924
-8.6,-8.180696969696948
-8.5,-9.231935624658945
-11.9,-10.782228151585443
-10.6,-9.843469770254252
-7.7,-6.462977959697708
-9.9,-9.8228386683738
-9.2,-9.406893606637347
-9.4,-9.162062317429537
-8.2,-9.262795224312576
-11.2,-11.245162276422695
-8.8,-9.182705583756333
-8.8,-9.177827707660727
-9.3,-9.464935705209838
-10.28,-10.421542474834201
-8.818,-10.274556341206335
-9.4,-9.766168627450952
-10.5,-10.371127993490038
-9.772,-9.531600873362452
-8.7,-9.538304075235088
-7.6,-6.158116666666673
-9.1,-9.884366110304747
-9.4,-9.578737849408277
-8.8,-9.471554289142144
-10.6,-11.146332368268736
-12.2,-10.279645299145319
-8.9,-9.625456054687504
-10.4,-9.563852004716871
-8.968,-9.172946324387462
-9.1,-9.81061177552896
-8.9,-9.96193352741387
-8.7,-9.430625498007927
-10.4,-9.590592670157056
-9.1,-8.300445407279032
-10.1,-9.563852004716871
-7.4,-8.073871670702164
-9.2,-9.694909638554272
-7.5,-8.705771816037727
-11.4,-10.371127993490038
-11.3,-11.204617476277999
-10.2,-9.437355329949249
-11.52,-10.592521140609666
-10.69,-10.592521140609666
-8.1,-9.884226856561542
-9.1,-10.199577117863853
-9.6,-9.487985734664651
-7.439,-7.363311814073554
-8.3,-9.287893725992301
-8.5,-8.605485559566763
-7.6,-9.134270120724343
-8.7,-9.477019873969963
-8.9,-9.189133157894696
-8.4,-8.652943618881128
-8.5,-8.652943618881128
-12.0,-11.194322209166177
-7.4,-9.194697547683841
-10.4,-10.409618834080826
-10.5,-9.586871526195909
-10.3,-10.529359375000041
-9.1,-8.400503441494589
-10.3,-10.329110492845938
-8.6,-7.413609756097561
-8.043,-7.69652780930752
-9.55,-10.34285691801402
-8.1,-7.674183246073238
-9.4,-9.162062317429537
-9.2,-9.63693127147763
-11.0,-10.587855628655158
-9.2,-10.170537122483427
-9.4,-10.259054930332317
-9.0,-10.789868189011784
-10.2,-10.35579052618489
-9.1,-9.134270120724343
-8.8,-8.879823975720981
-8.4,-9.19059196484618
-6.9,-7.790179966044098
-7.0,-7.797286666666712
-10.1,-9.14182244318176
-10.6,-9.87937483443707
-10.2,-10.07260116504895
-11.1,-10.308758547008935
-8.4,-10.274556341206335
-10.8,-9.578737849408277
-8.0,-8.382111029411764
-8.2,-8.431253099173542
-6.9,-6.995946902654871
-8.5,-9.345191765369474
-9.1,-9.197097628240464
-7.0,-9.067101525512992
-8.56,-9.30924504950496
-10.99,-11.098930419268507
-9.7,-9.234113573407138
-9.3,-9.162062317429537
-8.7,-9.195528368794399
-10.4,-8.946662774725208
-8.0,-8.263697076023396
-9.0,-8.789968442483884
-8.8,-10.159544307469465
-10.9,-9.96522785665982
-6.5,-6.067696612665735
-6.3,-6.269469223907259
-10.0,-9.68360588487968
-5.8,-5.871803303303314
-9.1,-9.194697547683841
-9.0,-9.194697547683841
-8.7,-9.866212121212174
-12.08,-10.443467784979202
-10.44,-10.443467784979202
-6.5,-6.227536585365849
-10.88,-10.392408481394622
-11.4,-10.631719345139137
-11.3,-9.404362060173362
-11.7,-9.94086232149359
-11.4,-10.326255980239072
-9.6,-10.073072413793158
-9.9,-10.885608822520192
-10.5,-10.279645299145319
-10.47,-10.960132407206439
-9.3,-9.530226817042609
-11.3,-10.690875062220226
-8.3,-10.203993682132364
-8.8,-9.057016042780777
-8.4,-10.137278012279493
-10.4,-9.167769516728624
-9.0,-8.357050953422934
-9.9,-9.284574638844374
-9.6,-9.618941769091137
-10.2,-10.366324324323996
-9.3,-10.59850927663082
-8.9,-9.162062317429537
-10.2,-10.375161849710837
-8.9,-9.024362092391355
-9.9,-9.276469020866816
-11.1,-9.821023323615304
-8.9,-10.249212951734227
-8.8,-10.099460461416168
-8.6,-9.177827707660727
-8.0,-9.366657953696778
-9.3,-8.176771121351768
-10.1,-9.443659362064787
-8.2,-8.88214884233733
-5.2,-5.871803303303314
-10.8,-10.80524408924384
-11.0,-10.617672347267153
-8.9,-8.750710361445812
-6.1,-5.871803303303314
-9.9,-10.07260116504895
-8.1,-9.135183368869937
-8.1,-9.182705583756333
-10.2,-9.195528368794399
-11.5,-9.724623437500039
-9.428,-8.79963565217394
-9.2,-9.554709876543134
-12.7,-11.352197726489859
-10.1,-9.96522785665982
-8.675,-9.231935624658945
-9.7,-9.578737849408277
-9.1,-9.204902957965768
-9.78,-9.643968732858033
-8.0,-7.281719999999964
-7.7,-7.281719999999964
-9.3,-9.386083267871163
-11.2,-10.327206428571687
-9.6,-9.191524216524181
-10.3,-9.618941769091137
-9.0,-9.670208023774167
-11.5,-11.230213800500481
-5.5,-6.162827439886862
-8.9,-10.598233974358674
-9.0,-8.578956403269745
-7.3,-9.177827707660727
-10.0,-10.170537122483427
-11.5,-9.91593566520925
-7.439,-7.99113262999247
-8.941,-9.625456054687504
-11.0,-10.308758547008935
-8.8,-9.850035897435843
-5.6,-6.887006451612897
-9.8,-9.537229341099382
-7.8,-8.554814696485527
-8.6,-9.414471910112356
-10.4,-9.471554289142144
-11.2,-10.641654869933461
-8.6,-9.68236831059801
-6.1,-6.753403990024985
-10.1,-9.850035897435843
-10.5,-9.96193352741387
-10.1,-9.590592670157056
-8.2,-8.29236201780417
-7.6,-8.704823699421969
-8.4,-9.152561971130007
-10.3,-10.123713198635222
-10.8,-10.025992482730377
-9.851,-10.234277510608287
-9.643,-9.790471961363414
-7.9,-8.129067937033977
-9.5,-9.330267645543737
-8.5,-9.196033185840712
-10.7,-9.404362060173362
-8.3,-9.172946324387462
-10.6,-9.824687447346221
-9.9,-10.060919439213544
-10.6,-9.537229341099382
-10.7,-10.170537122483427
-8.4,-7.560573454913898
-9.3,-9.269009018294204
-8.4,-9.618941769091137
-7.2,-7.797286666666712
-9.8,-9.236848184818465
-9.7,-9.537229341099382
-9.1,-9.406893606637347
-9.6,-9.330267645543737
-10.8,-9.50114759358294
-10.3,-10.184714444268241
-6.9,-7.401997641509453
-8.5,-9.538304075235088
-10.2,-8.750710361445812
-8.5,-9.202639473684199
-8.6,-8.349450334821462
-11.19,-10.789868189011784
-9.1,-9.19059196484618
-8.0,-8.140421778584368
-7.8,-7.36792171344167
-6.507,-6.691142857142844
-8.4,-7.99113262999247
-10.8,-11.241886000987177
-9.3,-10.122691239585706
-8.6,-9.189133157894696
-8.856,-9.386083267871163
-8.4,-9.009513805522248
-8.2,-9.152561971130007
-9.469,-9.314469636863018
-8.6,-9.314469636863018
-10.4,-10.169059819929975
-6.4,-7.315269194312837
-10.7,-10.345183363148509
-7.1,-8.846786904078071
-10.2,-9.23737905236911
-9.7,-9.23737905236911
-8.2,-9.009513805522248
-11.9,-10.113026072041238
-8.1,-9.30924504950496
-10.43,-9.265716088328158
-10.5,-11.251278864353388
-12.4,-11.194322209166177
-9.3,-9.927968981922104
-10.7,-10.375457313284848
-10.5,-10.04113683373121
-7.6,-7.86431656804737
-8.331,-8.954747757847558
-10.3,-9.537229341099382
-6.3,-5.672419161676631
-7.6,-7.222745068285248
-8.2,-7.47791408934709
-7.5,-7.47791408934709
-6.3,-8.103163793103448
-9.6,-9.422880422691742
-7.9,-8.129067937033977
-8.9,-9.152561971130007
-5.213,-5.871803303303314
-9.414,-9.477019873969963
-10.6,-10.345183363148509
-6.4,-7.377916299559464
-8.1,-8.206718918918936
-11.4,-10.520662112454014
-9.2,-8.88214884233733
-8.0,-9.260568047337243
-9.2,-9.186532863849699
-6.4,-6.995946902654871
-9.6,-10.203993682132364
-10.95,-10.375457313284848
-10.2,-8.763070123747752
-5.3,-7.108697592067968
-7.8,-8.176771121351768
-11.1,-9.463300805729585
-9.3,-8.945762711864404
-12.9,-11.194322209166177
-8.6,-7.653566523605146
-10.5,-10.31908948740208
-9.6,-8.45188629518079
-10.4,-9.191524216524181
-11.4,-9.694909638554272
-9.2,-8.337675862068968
-9.8,-8.531264487369997
-8.5,-8.431253099173542
-8.3,-8.578956403269745
-10.0,-9.578737849408277
-8.2,-8.357050953422934
-9.2,-9.13374427994629
-7.1,-8.236877566539857
-9.3,-9.19059196484618
-9.1,-8.856112973948932
-8.4,-8.035434518647023
-6.8,-6.302999410377362
-6.8,-6.047248437500024
-9.9,-9.694909638554272
-10.5,-10.07260116504895
-9.7,-9.643968732858033
-8.2,-8.073871670702164
-10.9,-9.162062317429537
-8.0,-7.674183246073238
-8.8,-9.202639473684199
-9.9,-9.024362092391355
-8.0,-8.057375095492764
-11.6,-9.566170301142526
-11.4,-10.123713198635222
-10.2,-10.06944848596773
-10.2,-10.782228151585443
-6.7,-7.498673469387754
-7.2,-8.36118969219767
-7.9,-7.369777911164371
-10.7,-11.247649696173669
-11.6,-11.076125128469291
-10.1,-9.231935624658945
-10.9,-10.264907311320798
-6.6,-6.944149377593363
-7.5,-7.21041259398495
-9.6,-9.443659362064787
-9.816,-10.407649350649374
-11.2,-11.326887803819723
-10.02,-10.459096463022503
-7.8,-7.624389215162895
-8.811,-8.988834610472514
-7.9,-9.024362092391355
-9.2,-9.430625498007927
-9.9,-9.202639473684199
-8.1,-9.172946324387462
-10.5,-10.310953341546568
-10.6,-10.885608822520192
-9.622,-9.19059196484618
-8.3,-9.078200876305907
-8.4,-8.939747605010982
-8.5,-8.377283803863389
-10.2,-9.287893725992301
-7.699,-7.502472484713669
-8.9,-9.064161554192172
-10.5,-9.94086232149359
-7.6,-9.182705583756333
-9.2,-9.03414955403442
-7.8,-8.04744460500967
-11.0,-10.169059819929975
-7.7,-9.042252390057302
-6.2,-6.1666666666666705
-5.9,-5.906879240162845
-8.0,-8.357050953422934
-8.1,-8.418291463414711
-8.0,-7.222745068285248
-7.5,-7.6076512820512745
-8.9,-9.618941769091137
-8.4,-9.057016042780777
-8.7,-9.19059196484618
-10.0,-9.13374427994629
-10.85,-10.63180395593428
-8.0,-9.125042628774391
-5.4,-5.754342635658951
-6.8,-7.071474847982282
-8.7,-9.463300805729585
-7.9,-7.274941883767524
-7.6,-9.057016042780777
-9.4,-9.68360588487968
-7.0,-7.2229162717219655
-8.3,-9.538304075235088
-8.6,-8.159658142664915
-8.4,-9.197097628240464
-8.2,-7.143367487684678
-8.2,-9.06472289156626
-8.4,-9.586871526195909
-8.3,-9.220158794552274
-13.5,-11.699381521963572
-8.3,-7.904518659076527
-5.8,-5.996786861313902
-9.2,-9.539230225745365
-7.9,-7.674183246073238
-7.9,-9.284574638844374
-10.3,-10.503982911825
-9.6,-10.073239845653791
-7.9,-7.2324631410256215
-8.7,-9.618941769091137
-6.5,-6.684131182795718
-8.5,-8.259986301369844
-8.5,-8.400503441494589
-8.2,-8.176771121351768
-8.5,-9.611018617021266
-8.9,-9.13374427994629
-10.5,-9.13374427994629
-9.5,-8.939747605010982
-7.5,-8.554814696485527
-8.8,-8.988834610472514
-5.7,-5.955646464646444
-11.3,-9.789792939719243
-7.8,-7.2311988795517745
-9.7,-10.339810627767417
-10.1,-10.07342754689247
-10.67,-10.622321897073522
-10.5,-10.62354747774508
-7.6,-7.790179966044098
-5.9,-7.021831699346406
-8.4,-8.965608906392008
-9.4,-9.162062317429537
-9.268,-8.605485559566763
-10.61,-11.35171751574131
-5.598,-5.990876513317229
-8.5,-8.36118969219767
-11.8,-9.96193352741387
-10.6,-10.245893998441185
-8.2,-8.263697076023396
-11.05,-10.960132407206439
-9.289,-9.297945655820032
-7.9,-8.431253099173542
-10.0,-9.50114759358294
-10.3,-9.314469636863018
-5.7,-5.825100371747208
-8.337,-7.653566523605146
-10.4,-10.421542474834201
-9.1,-9.092518664047114
-9.966,-10.090674319728066
-6.2,-6.257396484374988
-7.2,-7.369777911164371
-7.2,-6.187388888888904
-11.8,-10.099460461416168
-8.4,-8.652943618881128
-9.378,-10.598233974358674
-10.7,-9.404362060173362
-10.21,-10.503982911825
-8.6,-9.197097628240464
-9.114,-9.78901932045302
-5.5,-5.98536485097642
-8.8,-9.13374427994629
-8.1,-7.904518659076527
-8.3,-9.63399728813548
-10.3,-10.366324324323996
-8.3,-8.349450334821462
-9.0,-8.735356129032283
-8.5,-8.357050953422934
-8.9,-8.400503441494589
-9.3,-9.231935624658945
-11.9,-10.587855628655158
-10.6,-9.104237406716422
-10.6,-10.25103232030878
-10.5,-9.916629246676429
-4.7,-5.595123913043474
-5.5,-6.473859569648947
-5.4,-6.462977959697708
-8.6,-9.345191765369474
-8.6,-9.381872000000003
-7.398,-7.2324631410256215
-6.3,-6.917238244514124
-7.6,-9.01321089042643
-10.2,-10.169059819929975
-7.707,-7.513711080586005
-9.7,-10.327206428571687
-10.03,-10.661113730928959
-10.8,-10.279645299145319
-8.3,-9.172946324387462
-4.8,-5.871803303303314
-10.89,-10.53469232231097
-9.7,-9.766168627450952
-9.5,-9.63693127147763
-9.8,-9.68138252427183
-9.7,-9.560290935672441
-8.8,-9.195528368794399
-9.7,-9.63693127147763
-10.3,-9.314469636863018
-9.8,-9.526290060851883
-8.3,-8.035434518647023
-7.9,-9.064161554192172
-8.8,-9.345191765369474
-7.0,-7.47791408934709
-9.4,-9.345191765369474
-8.6,-9.119554509235819
-7.959,-8.856112973948932
-8.4,-9.14182244318176
-8.074,-7.369777911164371
-9.4,-9.593084253341068
-10.0,-10.87235869565218
-8.8,-9.236848184818465
-8.437,-8.554814696485527
-8.4,-8.705771816037727
-8.4,-9.554709876543134
-10.9,-9.821023323615304
-11.3,-11.34462627930019
-9.5,-8.965608906392008
-8.3,-8.357050953422934
-8.9,-9.269009018294204
-8.4,-9.13374427994629
-9.8,-10.267622738386395
-8.7,-8.36118969219767
-6.2,-7.401997641509453
-8.4,-9.177827707660727
-11.78,-11.411657320872267
-6.9,-7.165567307692315
-10.15,-10.184714444268241
-9.166,-9.537229341099382
-6.966,-7.040594427244588
-7.9,-7.502472484713669
-10.1,-9.720317073170722
-8.1,-7.47791408934709
-9.4,-9.314469636863018
-8.9,-9.537229341099382
-6.8,-6.115879310344838
-10.9,-10.409618834080826
-11.2,-10.327206428571687
-9.2,-9.471554289142144
-9.6,-9.284574638844374
-10.1,-9.749211067193631
-10.8,-11.336399302368408
-8.2,-8.79963565217394
-4.2,-5.9577504950495195
-8.7,-9.182705583756333
-11.6,-10.326255980239072
-12.1,-10.392408481394622
-8.626,-8.856112973948932
-9.6,-9.643968732858033
-9.202,-9.749211067193631
-10.6,-10.279645299145319
-8.831,-9.029932786885226
-8.748,-9.064161554192172
-7.6,-7.624389215162895
-9.5,-10.073239845653791
-7.9,-9.160072786885445
-9.451,-9.843469770254252
-9.1,-9.625456054687504
-7.8,-8.173970691676407
-8.9,-9.383893991206518
-10.6,-10.21490349360072
-8.2,-8.531264487369997
-8.4,-7.6076512820512745
-7.6,-8.368276785714283
-10.4,-10.690875062220226
-10.6,-10.279645299145319
-4.9,-5.988679161372291
-9.6,-9.353115697990104
-7.1,-8.312929833417433
-7.5,-8.578956403269745
-9.5,-10.375457313284848
-8.858,-9.81061177552896
-9.9,-10.002645526225733
-8.7,-9.067101525512992
-11.0,-9.669187002652569
-8.5,-9.160072786885445
-9.3,-9.91593566520925
-9.795,-9.471554289142144
-8.0,-8.856112973948932
-8.84,-8.958000000000002
-11.4,-10.63180395593428
-10.5,-9.643968732858033
-10.2,-9.94870424567183
-6.6,-6.307834990059686
-8.4,-8.058615384615363
-8.2,-8.176771121351768
-6.4,-7.502472484713669
-8.119,-9.01321089042643
-10.1,-9.625456054687504
-7.155,-7.513711080586005
-8.1,-9.118296863237218
-7.5,-7.663946915351553
-7.5,-8.312929833417433
-8.0,-9.152561971130007
-8.2,-8.735356129032283
-5.7,-6.684131182795718
-10.39,-9.539230225745365
-5.4,-5.871803303303314
-13.1,-11.496423608114155
-8.7,-9.162062317429537
-8.7,-9.024362092391355
-9.0,-9.8228386683738
-8.7,-9.824687447346221
-8.8,-9.832688135593317
-8.3,-9.024362092391355
-9.3,-9.204902957965768
-9.474,-9.865273516642583
-9.2,-8.652943618881128
-9.1,-8.300445407279032
-10.0,-9.443659362064787
-9.443,-9.331734673366782
-6.8,-7.244073089701004
-11.5,-10.35579052618489
-10.3,-9.409496183206118
-10.2,-9.538304075235088
-11.7,-10.366324324323996
-7.6,-7.86431656804737
-7.458,-8.22174502923975
-9.7,-9.741632049786041
-8.3,-9.189133157894696
-6.721,-6.302999410377362
-10.24,-10.59850927663082
-7.704,-8.263697076023396
-7.2,-7.560573454913898
-9.2,-9.01321089042643
-8.3,-8.300445407279032
-10.05,-10.574087346615878
-9.509,-10.35579052618489
-10.3,-10.93767159383037
-9.3,-9.19059196484618
-11.7,-11.251278864353388
-10.8,-9.832688135593317
-7.6,-7.281719999999964
-8.9,-8.763070123747752
-8.1,-7.99113262999247
-9.8,-9.981150181671293
-7.1,-7.346084639498411
-11.41,-10.249212951734227
-10.9,-10.20004461234067
-8.9,-9.346312432432317
-10.4,-9.694909638554272
-10.2,-9.694909638554272
-8.6,-9.383893991206518
-8.9,-9.766168627450952
-9.2,-9.404362060173362
-9.196,-9.118296863237218
-8.8,-8.554814696485527
-9.7,-9.406893606637347
-9.4,-9.282491989058324
-9.8,-9.064161554192172
-8.6,-9.850035897435843
-9.2,-8.705771816037727
-6.9,-7.1684285714285405
-7.1,-8.312929833417433
-8.1,-9.474801869158803
-7.5,-8.04744460500967
-6.8,-8.531264487369997
-8.7,-9.119554509235819
-9.1,-8.400503441494589
-7.3,-9.14182244318176
-9.33,-7.69652780930752
-8.8,-10.073239845653791
-8.4,-8.971887195121967
-11.5,-10.060919439213544
-9.9,-9.381872000000003
-8.5,-7.6998263254113235
-8.0,-9.383893991206518
-7.5,-7.809000000000051
-10.18,-10.371127993490038
-7.3,-9.278680422747856
-9.9,-10.254178160919286
-9.9,-9.96193352741387
-10.4,-10.574087346615878
-10.1,-10.279645299145319
-9.26,-8.300445407279032
-7.3,-6.473859569648947
-9.8,-9.563852004716871
-9.3,-9.314469636863018
-10.17,-10.169059819929975
-11.2,-10.965640692641063
-11.2,-10.965640692641063
-6.4,-7.445696185286109
-8.5,-7.638048305084777
-6.9,-6.971704022988489
-10.8,-9.865273516642583
-8.5,-9.330267645543737
-6.6,-7.445696185286109
-7.6,-7.502472484713669
-8.5,-8.652943618881128
-9.6,-9.024362092391355
-8.7,-9.118296863237218
-8.182,-9.191524216524181
-7.4,-7.963682137834085
-8.9,-7.336730882352952
-7.6,-8.531264487369997
-8.592,-7.99113262999247
-5.4,-5.616499999999972
-10.01,-10.267622738386395
-8.6,-8.879823975720981
-7.4,-7.315269194312837
-8.4,-9.531600873362452
-7.906,-9.269009018294204
-9.3,-9.404362060173362
-7.8,-9.284574638844374
-8.9,-9.118296863237218
-9.797,-9.96193352741387
-9.6,-9.383893991206518
-7.8,-8.690205523101564
-6.1,-6.4989171974522
-8.37,-8.136838709677436
-10.9,-10.366324324323996
-8.7,-9.009513805522248
-5.8,-7.192323529411748
-9.1,-8.84700037936271
-6.11,-6.905843727598533
-9.7,-9.566170301142526
-9.4,-9.535109163346462
-9.4,-9.535109163346462
-9.4,-9.14182244318176
-7.6,-8.652943618881128
-12.3,-10.782228151585443
-10.04,-10.443467784979202
-9.4,-9.346312432432317
-9.0,-9.694909638554272
-7.9,-8.656899869394936
-9.3,-9.064161554192172
-10.44,-10.098355566218707
-8.2,-9.118296863237218
-8.6,-8.531264487369997
-8.6,-9.202663526949198
-5.3,-6.168091392136065
-10.6,-9.63399728813548
-7.7,-9.236848184818465
-10.9,-9.981150181671293
-10.3,-9.94870424567183
-8.9,-9.231935624658945
-8.3,-9.560290935672441
-9.7,-10.87235869565218
-7.8,-9.679337245213487
-9.9,-10.267622738386395
-7.4,-7.1829929906541725
-9.1,-9.824687447346221
-8.5,-8.554814696485527
-7.806,-9.538304075235088
-8.0,-8.554814696485527
-9.816,-10.503982911825
-10.1,-8.357050953422934
-8.7,-9.134270120724343
-7.1,-7.560573454913898
-9.37,-9.81061177552896
-9.7,-9.643968732858033
-9.2,-9.538304075235088
-7.9,-6.821758849557509
-9.7,-9.556077339901407
-9.449,-10.210849551856684
-6.5,-6.917854041013278
-11.6,-9.94870424567183
-6.413,-7.2324631410256215
-8.7,-8.312929833417433
-6.9,-6.381440347071559
-10.1,-10.254178160919286
-11.2,-10.117051682692328
-8.3,-8.79963565217394
-10.36,-10.503982911825
-9.7,-9.197097628240464
-8.7,-9.647840301003313
-6.7,-6.911779097387133
-10.51,-9.94086232149359
-10.7,-10.503982911825
-8.4,-9.13374427994629
-10.3,-10.446000313038601
-7.2,-8.400503441494589
-9.9,-10.789868189011784
-10.1,-10.622321897073522
-9.7,-9.537229341099382
-10.1,-10.07260116504895
-9.1,-9.167769516728624
-5.4,-6.187388888888904
-9.755,-9.927968981922104
-9.8,-11.199467062224576
-10.4,-10.090674319728066
-10.3,-10.076527607361944
-10.4,-10.090674319728066
-11.78,-11.241886000987177
-4.9,-5.616499999999972
-9.1,-8.577299251870315
-11.2,-10.097936067997036
-9.4,-9.297945655820032
-6.0,-5.676709677419377
-10.3,-9.96193352741387
-9.2,-9.884226856561542
-9.5,-9.424307692307744
-8.7,-8.357050953422934
-8.928,-10.254178160919286
-4.7,-5.622510357815422
-7.0,-6.224461822660065
-7.5,-8.208959033613434
-10.3,-10.139005588079092
-9.4,-8.211182825484764
-5.988,-6.56563012392755
-6.1,-5.688220379146955
-9.7,-9.003203810208493
-6.8,-8.564130516431877
-12.5,-11.412924189410369
-6.8,-6.091579119086481
-10.0,-9.78901932045302
-9.9,-9.618941769091137
-9.2,-9.643968732858033
-6.2,-5.688220379146955
-7.146,-5.676709677419377
-5.2,-5.871803303303314
-11.1,-10.264907311320798
-5.0,-5.679077348066324
-7.474,-8.047558095238092
-8.2,-8.300445407279032
-9.3,-10.721685205183727
-6.0,-5.679077348066324
-5.8,-5.679077348066324
-8.473,-8.159658142664915
-10.1,-9.578737849408277
-12.1,-10.617672347267153
-5.046,-5.871803303303314
-9.7,-10.073072413793158
-9.4,-10.066474880382703
-7.417,-6.887006451612897
-9.2,-9.177827707660727
-10.7,-11.32281928581756
-12.9,-11.352197726489859
-9.6,-9.01321089042643
-7.2,-6.087046676096152
-9.4,-9.404362060173362
-7.3,-7.21041259398495
-6.6,-5.754342635658951
-7.5,-5.7215399737877135
-6.8,-5.7215399737877135
-9.5,-10.264907311320798
-6.5,-5.754342635658951
-6.3,-5.754342635658951
-11.5,-11.306611647805811
-9.4,-8.982653061224488
-6.482,-5.853519662921346
-6.2,-6.208286541244597
-6.1,-6.168091392136065
-5.7,-5.679077348066324
-6.0,-5.679077348066324
-6.4,-6.068998475609768
-8.0,-7.4665019564001405
-10.7,-10.878719105691042
-5.5,-5.882660924750675
-6.2,-5.882660924750675
-4.6,-5.688220379146955
-6.1,-5.688220379146955
-8.8,-10.392408481394622
-6.3,-6.028303197353929
-5.975,-5.906879240162845
-6.5,-5.903001785714288
-6.8,-5.903001785714288
-6.7,-5.955646464646444
-5.9,-5.955646464646444
-9.3,-8.656899869394936
-6.1,-5.679077348066324
-6.4,-5.720673913043491
-6.0,-5.720673913043491
-8.4,-9.162062317429537
-6.0,-5.688220379146955
-7.4,-6.11326911314985
-6.823,-5.955646464646444
-8.2,-8.208959033613434
-6.6,-5.688220379146955
-10.09,-9.832688135593317
-12.1,-10.961749718995856
-10.6,-9.670208023774167
-11.1,-10.443467784979202
-8.731,-9.167769516728624
-7.7,-7.301808538163014
-5.6,-5.676709677419377
-9.022,-8.965608906392008
-10.87,-9.538304075235088
-9.1,-9.383893991206518
-10.4,-10.279033918527494
-8.8,-9.618941769091137
-6.3,-6.253580454928431
-5.3,-5.7215399737877135
-6.555,-7.223297224709039
-6.98,-7.2311988795517745
-9.0,-7.811082733812988
-6.7,-5.7215399737877135
-7.2,-6.168091392136065
-6.4,-5.676709677419377
-10.2,-9.824687447346221
-5.8,-6.058083591331261
-6.4,-5.723116429495456
-6.1,-5.616499999999972
-6.147,-5.754342635658951
-6.09,-5.754342635658951
-7.6,-7.741933774834481
-6.4,-5.866510739856797
-8.6,-9.63693127147763
-6.8,-5.759012681159391
-9.4,-9.649782608695627
-6.0,-5.903001785714288
-6.3,-6.227536585365849
-5.1,-6.067696612665735
-5.8,-5.723116429495456
-9.8,-9.406893606637347
-6.2,-5.7215399737877135
-10.6,-10.43521208089403
-5.862,-5.98536485097642
-10.1,-9.649782608695627
-6.8,-5.676709677419377
-6.7,-6.187388888888904
-8.5,-8.988834610472514
-5.9,-5.720673913043491
-10.8,-10.06606515837106
-6.4,-6.058083591331261
-6.7,-6.227536585365849
-8.2,-8.300445407279032
-10.5,-10.128194548872145
-4.8,-5.754342635658951
-9.4,-9.260568047337243
-9.2,-9.471554289142144
-10.8,-9.789792939719243
-6.98,-6.075806354009106
-7.0,-6.944149377593363
-11.2,-10.965640692641063
-6.7,-5.759012681159391
-8.0,-9.574992789794718
-9.9,-10.896513092086062
-6.8,-5.990876513317229
-7.2,-6.028303197353929
-6.3,-6.087046676096152
-8.2,-9.182705583756333
-4.974,-5.723116429495456
-6.245,-5.723116429495456
-9.8,-9.273322881921304
-8.6,-9.800857282311608
-9.3,-9.172946324387462
-11.4,-11.34462627930019
-6.1,-6.087046676096152
-9.8,-9.03414955403442
-9.474,-9.134270120724343
-10.9,-10.587855628655158
-9.7,-10.21490349360072
-11.0,-11.064592568016339
-11.2,-10.878719105691042
-7.7,-8.344640149160924
-6.5,-5.759012681159391
-7.1,-7.15428659793819
-10.4,-10.21490349360072
-10.8,-10.690875062220226
-8.5,-8.312929833417433
-7.2,-5.9577504950495195
-6.9,-5.759012681159391
-9.0,-9.471554289142144
-7.8,-8.735356129032283
-8.2,-9.057016042780777
-9.0,-10.097936067997036
-8.546,-9.234113573407138
-8.2,-9.314469636863018
-8.5,-9.519502296211277
-6.659,-5.688220379146955
-6.4,-5.676709677419377
-9.2,-8.554814696485527
-5.8,-6.11665633423181
-5.7,-5.83999190283403
-8.8,-9.231935624658945
-9.3,-9.269009018294204
-6.3,-5.723116429495456
-12.9,-11.352197726489859
-12.96,-11.204617476277999
-9.7,-9.618941769091137
-5.8,-5.676709677419377
-6.0,-5.676709677419377
-13.4,-11.536666183474804
-6.3,-5.723116429495456
-6.3,-5.688220379146955
-10.4,-9.19059196484618
-11.2,-10.245893998441185
-5.9,-5.759012681159391
-6.6,-5.759012681159391
-9.683,-9.766168627450952
-8.9,-9.563852004716871
-9.8,-9.563852004716871
-8.3,-8.705771816037727
-9.2,-9.03414955403442
-6.6,-5.853519662921346
-6.7,-5.853519662921346
-11.7,-10.066474880382703
-6.4,-6.115879310344838
-11.4,-10.617672347267153
-6.2,-5.754342635658951
-6.6,-5.754342635658951
-10.0,-10.073072413793158
-6.9,-5.853519662921346
-6.7,-5.853519662921346
-5.4,-5.83999190283403
-5.3,-5.871803303303314
-11.0,-10.87235869565218
-8.8,-8.719483669214728
-10.2,-9.884226856561542
-7.6,-7.943540618955565
-6.6,-7.123105395232126
-10.2,-11.230213800500481
-6.1,-5.955646464646444
-6.2,-5.688220379146955
-6.5,-5.853519662921346
-9.9,-9.202663526949198
-9.2,-9.625456054687504
-8.398,-9.775921787709496
-6.748,-5.988679161372291
-5.848,-5.679077348066324
-9.5,-9.471554289142144
-10.9,-9.94870424567183
-4.2,-5.7215399737877135
-9.2,-9.530226817042609
-8.3,-9.196033185840712
-5.893,-5.688220379146955
-6.7,-6.142781704781728
-6.9,-5.974037147102512
-10.5,-10.128194548872145
-8.5,-8.656899869394936
-6.4,-5.903001785714288
-7.9,-7.401997641509453
-10.6,-10.173668220946809
-9.4,-10.123713198635222
-4.538,-5.679077348066324
-4.866,-5.98536485097642
-11.3,-10.392408481394622
-9.3,-8.300445407279032
-9.6,-9.195528368794399
-10.55,-11.0463686131387
-10.2,-10.128194548872145
-7.5,-8.965608906392008
-9.9,-9.789792939719243
-11.8,-10.582237754540522
-9.3,-8.729590737240043
-9.809,-9.68360588487968
-6.1,-5.688220379146955
-4.9,-5.723116429495456
-6.7,-5.723116429495456
-10.05,-9.314469636863018
-13.1,-11.245162276422695
-7.2,-6.745549999999956
-10.6,-10.878719105691042
-5.9,-5.759012681159391
-7.5,-8.33278282828279
-8.6,-9.189133157894696
-8.6,-9.273322881921304
-6.4,-5.688220379146955
-5.3,-5.882660924750675
-6.6,-5.759012681159391
-6.7,-5.871803303303314
-11.2,-11.32281928581756
-9.8,-9.884226856561542
-7.9,-8.958000000000002
-8.7,-9.03414955403442
-5.7,-5.98536485097642
-5.5,-6.11665633423181
-6.683,-6.068998475609768
-10.16,-9.866212121212174
-6.8,-5.723116429495456
-6.4,-5.853519662921346
-5.7,-5.955646464646444
-7.4,-6.075806354009106
-5.7,-5.871803303303314
-10.7,-10.690875062220226
-10.6,-10.090674319728066
-8.498,-9.790471961363414
-6.8,-6.032409574468128
-9.8,-9.775921787709496
-10.7,-10.375457313284848
-9.8,-10.392408481394622
-8.6,-8.656899869394936
-9.8,-9.81061177552896
-5.511,-5.679077348066324
-10.0,-10.184714444268241
-9.4,-9.202663526949198
-6.6,-5.676709677419377
-10.1,-10.060919439213544
-6.444,-6.091579119086481
-7.0,-6.11665633423181
-10.8,-10.661113730928959
-6.3,-5.723116429495456
-5.4,-5.720673913043491
-6.6,-5.688220379146955
-9.3,-9.042252390057302
-5.3,-5.754342635658951
-11.2,-10.661113730928959
-10.2,-9.741632049786041
-6.8,-5.7215399737877135
-7.8,-8.33278282828279
-10.0,-9.574992789794718
-6.8,-6.227536585365849
-10.0,-10.88772033481043
-7.0,-5.679077348066324
-4.0,-5.631485029940128
-9.6,-8.757095890411016
-6.368,-5.754342635658951
-7.0,-7.281719999999964
-8.8,-9.724623437500039
-9.1,-9.07973813169975
-10.9,-10.960132407206439
-7.4,-7.47791408934709
-9.66,-9.554709876543134
-8.1,-9.386083267871163
-6.7,-6.257396484374988
-8.1,-8.830465741543879
-8.5,-8.286833333333348
-10.0,-10.598233974358674
-9.6,-9.118296863237218
-9.6,-9.346312432432317
-6.6,-6.068998475609768
-8.611,-9.273322881921304
-6.5,-5.688220379146955
-11.47,-11.373810587663787
-12.94,-11.373810587663787
-7.6,-8.063542780748657
-8.1,-10.090674319728066
-10.22,-9.679337245213487
-5.6,-5.988679161372291
-6.252,-5.679077348066324
-10.68,-10.267622738386395
-6.0,-7.222745068285248
-9.4,-9.386083267871163
-6.133,-5.723116429495456
-7.5,-9.042252390057302
-9.0,-9.273322881921304
-8.4,-9.236848184818465
-6.8,-6.047248437500024
-6.6,-5.83999190283403
-7.3,-8.140421778584368
-6.6,-5.720673913043491
-6.086,-5.720673913043491
-7.1,-5.720673913043491
-6.7,-5.720673913043491
-6.4,-6.672648922686956
-6.4,-5.723116429495456
-6.4,-5.723116429495456
-8.6,-9.746750561797716
-7.3,-7.401997641509453
-6.7,-6.091579119086481
-4.4,-6.028303197353929
-6.9,-5.723116429495456
-9.2,-9.586871526195909
-10.7,-10.503982911825
-11.5,-10.545715842269182
-8.53,-9.194697547683841
-6.6,-6.224461822660065
-7.6,-8.377283803863389
-9.7,-9.68236831059801
-10.9,-10.503982911825
-6.5,-7.143367487684678
-6.1,-5.720673913043491
-5.225,-5.754342635658951
-11.5,-10.43521208089403
-8.2,-8.344640149160924
-9.1,-10.961749718995856
-10.6,-10.163110246433233
-7.3,-6.925275236593055
-7.8,-8.946662774725208
-5.8,-5.676709677419377
-9.072,-9.416137028824904
-9.2,-8.368276785714283
-5.069,-5.676709677419377
-5.8,-6.887006451612897
-6.408,-5.676709677419377
-10.9,-10.965640692641063
-6.3,-5.903001785714288
-6.2,-6.11665633423181
-9.1,-9.386083267871163
-8.8,-8.988834610472514
-5.2,-5.754342635658951
-6.2,-5.723116429495456
-9.383,-9.535109163346462
-8.6,-8.368276785714283
-9.5,-9.092518664047114
-6.4,-6.302999410377362
-6.5,-6.085523166023176
-9.455,-8.830465741543879
-6.2,-5.676709677419377
-10.1,-9.766168627450952
-10.1,-10.002645526225733
-9.5,-9.345191765369474
-9.8,-10.18491499085943
-6.7,-6.162827439886862
-6.4,-6.227536585365849
-6.7,-5.723116429495456
-10.4,-10.392408481394622
-7.9,-8.157600000000015
-8.787,-10.273984139894651
-6.8,-5.679077348066324
-9.8,-9.618941769091137
-10.3,-9.618941769091137
-6.8,-6.057850210970484
-5.6,-5.723116429495456
-10.6,-10.073239845653791
-8.9,-9.202663526949198
-5.8,-5.679077348066324
-6.2,-5.679077348066324
-10.0,-9.96193352741387
-7.6,-7.6998263254113235
-8.556,-8.830465741543879
-9.1,-9.13374427994629
-8.9,-9.202639473684199
-5.274,-5.676709677419377
-5.7,-5.676709677419377
-6.7,-5.83999190283403
-9.5,-9.574992789794718
-7.062,-7.4665019564001405
-8.2,-8.136838709677436
-6.0,-5.723116429495456
-5.8,-6.032409574468128
-7.8,-7.999361153262519
-9.6,-9.119554509235819
-11.8,-10.775180180180225
-6.7,-6.14780095541403
-9.1,-8.735356129032283
-7.1,-6.227536585365849
-6.816,-5.83999190283403
-10.8,-10.661113730928959
-8.4,-8.035434518647023
-6.162,-5.676709677419377
-5.6,-5.7215399737877135
-5.3,-5.723116429495456
-5.9,-5.906879240162845
-10.9,-10.170537122483427
-8.2,-9.273322881921304
-6.4,-6.085523166023176
-11.2,-10.170537122483427
-6.8,-5.688220379146955
-6.219,-5.871803303303314
-10.6,-9.265716088328158
-6.7,-5.7215399737877135
-6.4,-5.679077348066324
-6.3,-5.679077348066324
-8.3,-8.357050953422934
-8.7,-9.335616040955763
-6.9,-5.974037147102512
-5.6,-5.688220379146955
-7.7,-6.830399122807023
-6.4,-5.7215399737877135
-6.8,-8.063542780748657
-10.6,-10.88772033481043
-8.2,-8.578956403269745
-8.563,-8.063542780748657
-9.9,-10.35579052618489
-6.809,-7.1316759776537015
-9.3,-8.79963565217394
-5.6,-5.688220379146955
-9.1,-10.878719105691042
-7.3,-6.085523166023176
-9.8,-9.162062317429537
-5.8,-5.871803303303314
-8.9,-10.279033918527494
-11.1,-9.94086232149359
-9.2,-9.416137028824904
-10.4,-10.245893998441185
-10.7,-9.314469636863018
-9.1,-10.661113730928959
-7.177,-5.866510739856797
-6.4,-5.871803303303314
-8.783,-9.537229341099382
-9.7,-9.927968981922104
-10.1,-10.097936067997036
-8.5,-9.696832888097294
-9.8,-10.184714444268241
-8.5,-9.078200876305907
-7.9,-9.03414955403442
-7.0,-8.763070123747752
-9.4,-9.269009018294204
-6.0,-5.903001785714288
-8.0,-7.4665019564001405
-11.1,-9.519502296211277
-8.8,-9.160072786885445
-6.7,-5.990876513317229
-8.365,-8.294944567627478
-6.4,-5.759012681159391
-8.1,-8.652943618881128
-7.9,-7.741933774834481
-8.5,-8.312929833417433
-10.34,-10.113026072041238
-5.3,-6.091579119086481
-8.2,-8.300445407279032
-10.4,-9.416137028824904
-6.3,-5.759012681159391
-5.7,-5.679077348066324
-7.952,-8.418291463414711
-8.3,-9.01321089042643
-5.3,-5.597413592233014
-6.3,-5.688220379146955
-6.481,-5.676709677419377
-7.8,-9.01321089042643
-6.2,-5.874944347826079
-9.2,-9.404362060173362
-6.04,-5.720673913043491
-6.4,-5.759012681159391
-8.2,-7.6998263254113235
-5.9,-5.595123913043474
-9.6,-9.531600873362452
-7.8,-9.535109163346462
-6.349,-5.866510739856797
-6.7,-6.224461822660065
-9.4,-9.024362092391355
-9.8,-9.443659362064787
-9.8,-10.169059819929975
-8.0,-8.312929833417433
-9.1,-10.345183363148509
-9.2,-9.13374427994629
-5.659,-6.51376561163386
-13.1,-11.64520639620978
-9.7,-9.789792939719243
-8.7,-9.265716088328158
-9.1,-8.840539782244578
-10.0,-10.361330140145665
-11.45,-10.234277510608287
-6.4,-6.158116666666673
-7.9,-8.382111029411764
-10.4,-9.383893991206518
-8.412,-8.259986301369844
-10.4,-10.960132407206439
-9.7,-9.414471910112356
-5.9,-5.825100371747208
-9.9,-9.162062317429537
-10.07,-10.07342754689247
-6.66,-5.720673913043491
-8.0,-9.30924504950496
-8.6,-9.197097628240464
-8.3,-8.312929833417433
-8.6,-8.368276785714283
-5.765,-5.679077348066324
-6.7,-6.028303197353929
-8.4,-9.118296863237218
-7.7,-8.431253099173542
-8.0,-7.741933774834481
-6.407,-5.7215399737877135
-7.9,-9.135183368869937
-8.2,-7.86431656804737
-7.1,-7.363311814073554
-8.8,-9.177827707660727
-9.593,-10.587855628655158
-8.4,-7.502472484713669
-7.3,-7.42417460317457
-9.8,-9.94086232149359
-8.9,-9.177827707660727
-8.8,-7.741933774834481
-8.1,-7.741933774834481
-10.24,-9.01321089042643
-7.1,-5.688220379146955
-6.0,-5.974037147102512
-8.2,-8.554814696485527
-7.9,-7.6998263254113235
-10.4,-9.064161554192172
-10.23,-10.782228151585443
-7.0,-8.652943618881128
-6.7,-6.227536585365849
-11.9,-10.878719105691042
-10.3,-10.264907311320798
-12.2,-11.199467062224576
-5.8,-5.990876513317229
-9.3,-9.679337245213487
-10.7,-11.041089540199097
-8.3,-7.6998263254113235
-6.18,-5.720673913043491
-6.0,-5.988679161372291
-5.8,-6.11665633423181
-9.6,-9.01321089042643
-9.0,-8.704823699421969
-9.2,-10.06944848596773
-7.0,-5.720673913043491
-10.9,-10.210849551856684
-5.5,-5.720673913043491
-6.1,-5.679077348066324
-6.897,-5.723116429495456
-6.804,-5.723116429495456
-6.484,-5.882660924750675
-8.9,-8.578956403269745
-6.693,-5.853519662921346
-6.6,-5.871803303303314
-9.7,-9.670208023774167
-8.3,-9.195528368794399
-10.5,-10.751968425513844
-8.5,-8.735356129032283
-10.9,-10.140763390229504
-6.7,-5.7215399737877135
-5.9,-5.7215399737877135
-6.5,-5.754342635658951
-6.7,-6.142781704781728
-6.653,-6.11665633423181
-10.6,-9.286997762863528
-6.3,-5.720673913043491
-9.9,-10.326255980239072
-8.6,-9.167769516728624
-10.4,-9.346312432432317
-9.8,-9.741632049786041
-5.8,-5.679077348066324
-10.9,-9.647840301003313
-10.2,-9.8228386683738
-8.1,-8.377283803863389
-5.389,-5.903001785714288
-9.0,-9.078200876305907
-9.3,-9.189133157894696
-8.3,-8.33278282828279
-7.9,-8.312929833417433
-6.5,-5.874944347826079
-6.7,-5.874944347826079
-6.0,-5.83999190283403
-10.1,-9.067101525512992
-7.0,-6.257396484374988
-9.6,-8.946662774725208
-9.777,-9.669187002652569
-5.7,-6.142781704781728
-5.4,-5.98536485097642
-8.2,-9.335616040955763
-5.9,-5.720673913043491
-11.4,-10.589670482296325
-8.618,-10.154476876211643
-8.0,-9.195528368794399
-10.2,-8.349450334821462
-6.8,-6.168091392136065
-8.802,-8.357050953422934
-5.9,-5.688220379146955
-12.4,-10.721685205183727
-6.7,-6.158116666666673
-9.7,-9.884226856561542
-8.8,-10.62354747774508
-7.8,-9.092518664047114
-6.9,-7.108697592067968
-4.0,-5.631485029940128
-9.4,-9.234113573407138
-8.0,-9.13374427994629
-5.1,-5.720673913043491
-6.6,-5.688220379146955
-5.5,-6.11665633423181
-9.3,-9.789792939719243
-10.5,-10.310953341546568
-6.4,-7.274861842105268
-11.5,-10.643215708812253
-5.763,-5.723116429495456
-6.418,-5.723116429495456
-6.9,-8.300445407279032
-10.2,-9.297945655820032
-9.2,-9.042252390057302
-10.2,-10.140763390229504
-7.938,-9.437355329949249
-5.5,-5.720673913043491
-5.8,-7.108697592067968
-6.9,-6.11665633423181
-5.0,-6.227536585365849
-6.8,-5.720673913043491
-5.824,-5.853519662921346
-11.2,-10.661113730928959
-9.5,-9.94870424567183
-8.4,-8.856112973948932
-4.3,-5.903001785714288
-7.7,-8.337675862068968
-7.6,-8.25481083032499
-6.5,-5.688220379146955
-10.71,-9.832688135593317
-5.792,-5.679077348066324
-5.937,-5.679077348066324
-9.2,-9.134270120724343
-9.5,-9.414471910112356
-8.6,-9.790471961363414
-7.8,-8.377283803863389
-4.9,-5.866510739856797
-7.4,-5.754342635658951
-11.1,-10.366324324323996
-9.753,-10.097936067997036
-8.7,-8.554814696485527
-11.0,-10.878719105691042
-5.588,-5.720673913043491
-6.812,-7.21041259398495
-12.14,-10.617672347267153
-5.9,-5.679077348066324
-8.7,-9.057016042780777
-6.9,-5.990876513317229
-8.6,-8.418291463414711
-7.7,-8.382111029411764
-6.0,-5.825100371747208
-10.9,-9.96193352741387
-5.0,-5.679077348066324
-8.3,-7.213823529411755
-4.4,-5.723116429495456
-9.4,-9.335616040955763
-6.1,-5.679077348066324
-7.2,-5.723116429495456
-6.5,-5.676709677419377
-6.4,-7.815071207430368
-6.1,-5.882660924750675
-8.8,-8.400503441494589
-8.4,-8.0987192771084
-5.7,-5.974037147102512
-10.6,-11.327368192172715
-6.1,-5.754342635658951
-8.3,-8.129067937033977
-6.3,-5.754342635658951
-9.1,-10.249212951734227
-5.4,-5.61162383177568
-5.1,-5.59660428849902
-6.5,-6.087046676096152
-5.63,-5.676709677419377
-11.55,-10.199577117863853
-8.5,-9.092518664047114
-10.87,-9.843469770254252
-7.6,-7.624389215162895
-6.9,-6.11326911314985
-6.8,-6.075806354009106
-7.0,-6.1666666666666705
-6.7,-6.224461822660065
-6.0,-5.9577504950495195
-5.9,-5.688220379146955
-8.6,-8.368276785714283
-11.74,-11.199467062224576
-5.5,-6.142781704781728
-5.5,-5.903001785714288
-6.63,-7.624389215162895
-9.9,-9.649782608695627
-6.9,-6.028303197353929
-6.4,-5.926035943517362
-5.2,-5.926035943517362
-9.873,-10.203993682132364
-10.7,-9.927968981922104
-10.4,-10.07260116504895
-6.4,-5.759012681159391
-8.1,-9.009513805522248
-7.3,-6.944149377593363
-6.1,-6.142781704781728
-6.3,-5.759012681159391
-7.8,-8.958044226044246
-9.9,-10.311674698795182
-8.5,-8.22174502923975
-5.8,-5.688220379146955
-10.5,-10.503982911825
-8.323,-8.53797409326435
-6.6,-6.142781704781728
-5.7,-5.679077348066324
-7.4,-8.294944567627478
-9.0,-9.297945655820032
-7.8,-8.656899869394936
-6.9,-5.688220379146955
-6.0,-5.688220379146955
-8.294,-8.971887195121967
-7.3,-7.685712691771241
-10.0,-9.586871526195909
-6.8,-8.750710361445812
-8.6,-9.07973813169975
-8.8,-9.078200876305907
-7.169,-7.274941883767524
-9.3,-9.471554289142144
-6.6,-5.9577504950495195
-10.9,-10.128194548872145
-8.8,-9.214922855773766
-10.1,-10.661113730928959
-6.2,-5.974037147102512
-6.0,-5.988679161372291
-9.9,-9.618941769091137
-4.3,-5.926035943517362
-12.95,-11.467196571205992
-9.381,-8.988834610472514
-6.5,-6.227536585365849
-9.1,-9.669187002652569
-5.7,-5.759012681159391
-9.5,-10.690875062220226
-8.7,-10.21490349360072
-6.6,-7.653566523605146
-10.1,-9.63399728813548
-9.5,-9.196033185840712
-5.3,-5.676709677419377
-4.8,-5.676709677419377
-6.0,-5.720673913043491
-8.1,-8.595981047937576
-6.3,-6.115879310344838
-5.863,-5.853519662921346
-9.5,-9.850035897435843
-6.6,-5.754342635658951
-6.1,-6.11665633423181
-7.081,-5.906879240162845
-8.8,-9.471554289142144
-9.3,-9.618941769091137
-8.4,-8.300445407279032
-6.735,-5.853519662921346
-7.3,-6.407104118104076
-6.7,-5.723116429495456
-6.6,-7.253551067073162
-6.458,-5.676709677419377
-4.8,-5.754342635658951
-5.9,-5.754342635658951
-10.6,-9.289071856287466
-6.7,-6.227536585365849
-6.2,-5.723116429495456
-6.6,-5.723116429495456
-8.1,-8.719483669214728
-5.1,-5.754342635658951
-8.3,-8.879823975720981
-5.0,-5.754342635658951
-11.1,-10.327206428571687
-11.2,-10.375457313284848
-8.9,-10.249212951734227
-11.5,-10.25103232030878
-9.0,-9.78901932045302
-5.9,-5.676709677419377
-5.9,-6.905843727598533
-5.77,-5.825100371747208
-6.47,-5.825100371747208
-5.7,-5.9577504950495195
-6.7,-6.142781704781728
-10.7,-9.87937483443707
-6.467,-5.98536485097642
-4.7,-5.676709677419377
-8.1,-9.330267645543737
-6.8,-5.866510739856797
-8.659,-9.430625498007927
-6.278,-5.679077348066324
-7.8,-6.028303197353929
-9.6,-10.622321897073522
-9.5,-10.375457313284848
-6.3,-5.679077348066324
-9.6,-10.090674319728066
-5.9,-5.679077348066324
-7.975,-7.471867881549016
-8.4,-9.714861576354506
-8.5,-9.177827707660727
-11.6,-10.117051682692328
-5.9,-5.83999190283403
-6.359,-5.871803303303314
-5.7,-5.853519662921346
-10.8,-10.249212951734227
-11.3,-10.249212951734227
-6.1,-5.874944347826079
-10.3,-10.07342754689247
-6.3,-6.278188581314857
-4.6,-5.903001785714288
-10.5,-10.961749718995856
-8.8,-8.735356129032283
-6.9,-6.585451704545451
-9.1,-10.04113683373121
-8.2,-8.705771816037727
-10.1,-9.406893606637347
-6.2,-6.11665633423181
-6.2,-5.974037147102512
-11.3,-10.339810627767417
-6.5,-7.4138672985782055
-8.9,-9.625456054687504
-6.592,-5.676709677419377
-9.7,-10.503982911825
-5.1,-6.14780095541403
-8.3,-8.705771816037727
-10.1,-10.279645299145319
-8.7,-9.191524216524181
-8.4,-9.042252390057302
-6.2,-6.227536585365849
-5.9,-5.720673913043491
-6.16,-7.445696185286109
-6.3,-5.679077348066324
-8.2,-9.064161554192172
-9.6,-9.406893606637347
-9.9,-9.273322881921304
-6.664,-5.679077348066324
-6.2,-5.853519662921346
-6.3,-6.11665633423181
-5.7,-5.688220379146955
-6.8,-5.679077348066324
-9.1,-9.057016042780777
-6.6,-5.866510739856797
-9.361,-9.158590005521745
-10.1,-9.68236831059801
-9.2,-9.68236831059801
-10.2,-10.310953341546568
-6.7,-5.723116429495456
-10.96,-10.267622738386395
-5.262,-5.720673913043491
-9.0,-10.885608822520192
-6.7,-5.723116429495456
-6.0,-5.754342635658951
-6.427,-5.7215399737877135
-5.5,-5.754342635658951
-9.7,-9.214922855773766
-9.8,-9.531600873362452
-9.7,-10.371127993490038
-8.0,-9.381872000000003
-10.1,-10.279645299145319
-10.1,-9.530226817042609
-7.1,-6.269469223907259
-9.6,-9.539230225745365
-6.2,-5.679077348066324
-9.7,-9.01321089042643
-6.3,-5.723116429495456
-7.1,-5.723116429495456
-9.0,-10.080303743315577
-9.6,-10.631719345139137
-9.0,-9.119554509235819
-8.232,-8.652943618881128
-6.4,-5.679077348066324
-10.3,-9.643968732858033
-12.5,-11.336399302368408
-6.8,-5.688220379146955
-4.7,-5.98536485097642
-5.4,-5.616499999999972
-8.8,-8.300445407279032
-7.1,-6.158116666666673
-6.9,-6.302999410377362
-6.883,-5.83999190283403
-6.4,-5.720673913043491
-9.1,-9.182705583756333
-8.3,-9.118296863237218
-9.0,-9.125042628774391
-5.6,-5.98536485097642
-8.0,-8.757095890411016
-8.3,-8.704823699421969
-9.4,-9.68360588487968
-8.9,-8.946662774725208
-10.7,-10.459096463022503
-10.8,-10.88772033481043
-6.3,-6.208286541244597
-8.8,-9.19059196484618
-10.4,-10.443467784979202
-6.6,-5.903001785714288
-6.1,-6.085523166023176
-6.167,-6.952615782664948
-6.8,-6.227536585365849
-7.2,-5.720673913043491
-10.9,-9.981150181671293
-8.571,-10.273984139894651
-9.1,-8.577299251870315
-7.2,-6.158116666666673
-9.3,-8.33278282828279
-9.9,-9.064161554192172
-6.4,-5.723116429495456
-6.0,-5.679077348066324
-7.6,-8.573072822822915
-5.6,-5.754342635658951
-6.3,-5.754342635658951
-10.56,-11.104953967292365
-8.0,-8.357050953422934
-6.524,-5.723116429495456
-9.4,-9.297945655820032
-8.566,-9.078200876305907
-6.5,-6.995946902654871
-6.135,-5.759012681159391
-10.3,-10.210849551856684
-11.3,-10.210849551856684
-6.7,-5.825100371747208
-5.9,-5.679077348066324
-7.1,-8.856112973948932
-6.7,-5.679077348066324
-8.2,-8.965608906392008
-10.8,-9.63399728813548
-6.0,-5.825100371747208
-10.2,-10.80524408924384
-5.1,-5.679077348066324
-10.3,-9.537229341099382
-7.0,-6.11665633423181
-6.278,-5.754342635658951
-5.704,-5.754342635658951
-8.4,-6.917238244514124
-7.4,-6.087046676096152
-9.9,-9.430625498007927
-4.0,-5.672419161676631
-7.0,-6.091579119086481
-5.7,-5.720673913043491
-6.8,-5.754342635658951
-7.8,-8.387413694721614
-8.3,-8.286833333333348
-6.3,-5.874944347826079
-6.063,-5.676709677419377
-8.2,-9.487985734664651
-9.0,-9.13374427994629
-5.915,-5.723116429495456
-10.9,-9.526290060851883
-6.7,-5.988679161372291
-7.0,-8.035434518647023
-6.2,-6.227536585365849
-5.4,-5.754342635658951
-6.9,-7.2229162717219655
-5.4,-5.723116429495456
-6.4,-5.974037147102512
-5.0,-6.032409574468128
-9.8,-10.170537122483427
-7.7,-9.119554509235819
-9.0,-9.064161554192172
-6.6,-5.882660924750675
-8.5,-9.204902957965768
-9.4,-9.586871526195909
-12.6,-11.359624153498594
-8.5,-8.300445407279032
-10.3,-10.210849551856684
-10.8,-10.710365521003748
-8.1,-8.830465741543879
-10.5,-9.63399728813548
-9.4,-9.189133157894696
-10.2,-9.386083267871163
-6.2,-6.091579119086481
-9.9,-9.68360588487968
-8.9,-10.169059819929975
-10.1,-9.182705583756333
-8.8,-9.537229341099382
-7.8,-8.763070123747752
-9.5,-9.162062317429537
-8.4,-8.846786904078071
-6.9,-6.672648922686956
-9.8,-10.202302235469254
-7.8,-8.775222222222185
-8.987,-9.884226856561542
-10.05,-11.359624153498594
-8.3,-8.704823699421969
-8.7,-10.326255980239072
-8.9,-10.326255980239072
-6.4,-5.853519662921346
-6.2,-6.115879310344838
-7.987,-9.14182244318176
-6.3,-6.142781704781728
-6.4,-6.075806354009106
-9.0,-10.234277510608287
-6.5,-5.679077348066324
-7.7,-7.281719999999964
-9.3,-9.643968732858033
-10.4,-9.234113573407138
-9.5,-9.234113573407138
-11.6,-9.843469770254252
-6.4,-5.7215399737877135
-9.8,-10.073239845653791
-9.0,-8.79963565217394
-6.7,-6.067696612665735
-11.93,-10.267622738386395
-12.08,-10.34285691801402
-7.5,-7.57876690391459
-8.5,-8.595981047937576
-8.9,-9.330267645543737
-8.6,-9.057016042780777
-9.5,-10.039570142535649
-7.7,-7.560573454913898
-7.9,-9.404362060173362
-6.1,-5.759012681159391
-7.1,-6.028303197353929
-6.4,-5.723116429495456
-7.4,-6.779212475633503
-11.0,-10.249212951734227
-8.1,-8.159658142664915
-10.4,-10.366324324323996
-8.7,-8.22174502923975
-9.2,-8.300445407279032
-6.1,-5.754342635658951
-9.4,-9.383893991206518
-4.8,-5.723116429495456
-5.4,-5.723116429495456
-7.6,-8.208959033613434
-6.7,-6.224461822660065
-9.0,-9.335616040955763
-6.6,-5.688220379146955
-6.9,-5.688220379146955
-7.2,-7.685712691771241
-8.8,-8.735356129032283
-9.3,-9.96522785665982
-6.92,-7.111465798045606
-7.1,-5.988679161372291
-5.699,-5.990876513317229
-9.6,-9.487985734664651
-9.6,-9.32617465224112
-6.5,-6.858130715705815
-10.0,-10.207514743589618
-11.1,-11.496423608114155
-7.0,-8.349450334821462
-6.2,-5.688220379146955
-8.8,-9.057016042780777
-6.7,-6.142781704781728
-9.2,-9.202663526949198
-6.021,-5.7215399737877135
-9.427,-9.177827707660727
-9.6,-10.339810627767417
-6.7,-6.142781704781728
-5.9,-5.676709677419377
-6.4,-5.903001785714288
-5.8,-5.903001785714288
-10.4,-10.117051682692328
-7.3,-9.07973813169975
-6.7,-7.674183246073238
-6.3,-5.723116429495456
-6.9,-5.723116429495456
-5.8,-5.679077348066324
-8.3,-7.811082733812988
-6.6,-6.085523166023176
-8.1,-8.129067937033977
-10.6,-10.210849551856684
-9.2,-10.21490349360072
-10.8,-10.690875062220226
-9.0,-9.067101525512992
-9.0,-9.578737849408277
-9.974,-9.625456054687504
-7.0,-8.705771816037727
-8.9,-9.556077339901407
-8.5,-8.103163793103448
-9.2,-8.357050953422934
-6.6,-6.600283618581924
-9.3,-10.207514743589618
-10.2,-9.265716088328158
-6.8,-5.723116429495456
-6.6,-5.754342635658951
-5.0,-5.754342635658951
-4.92,-5.676709677419377
-5.341,-5.676709677419377
-8.8,-8.971887195121967
-6.9,-7.315269194312837
-6.107,-5.676709677419377
-4.828,-5.676709677419377
-6.0,-5.676709677419377
-7.8,-8.263697076023396
-8.7,-8.33278282828279
-6.2,-6.067696612665735
-8.555,-9.48650145387237
-6.6,-5.676709677419377
-9.9,-9.96193352741387
-8.7,-9.01321089042643
-4.2,-5.5313107692307835
-10.4,-10.184714444268241
-6.5,-5.871803303303314
-5.6,-5.871803303303314
-10.0,-9.191524216524181
-7.4,-7.904518659076527
-8.239,-8.159658142664915
-5.2,-6.058083591331261
-9.4,-8.531264487369997
-10.6,-9.96193352741387
-7.0,-7.336730882352952
-5.2,-5.720673913043491
-9.104,-9.314469636863018
-5.1,-5.759012681159391
-6.0,-5.679077348066324
-6.8,-6.085523166023176
-8.751,-9.335616040955763
-9.4,-10.234277510608287
-6.7,-5.903001785714288
-4.6,-6.11665633423181
-6.8,-6.208286541244597
-7.8,-9.236848184818465
-5.9,-5.679077348066324
-6.3,-6.365825282631121
-4.2,-5.563293598233999
-9.197,-9.194697547683841
-11.0,-10.25103232030878
-6.742,-5.974037147102512
-6.9,-6.253580454928431
-6.5,-5.759012681159391
-11.73,-10.371127993490038
-8.5,-8.04744460500967
-6.733,-5.688220379146955
-6.63,-5.83999190283403
-8.141,-8.939747605010982
-10.3,-9.821023323615304
-8.7,-9.064161554192172
-6.3,-5.7215399737877135
-6.7,-5.7215399737877135
-6.4,-6.158116666666673
-9.3,-9.406893606637347
-6.9,-6.911779097387133
-10.1,-10.066474880382703
-7.3,-8.294944567627478
-6.639,-5.720673913043491
-6.4,-5.688220379146955
-6.3,-6.142781704781728
-9.2,-8.79963565217394
-6.5,-6.187388888888904
-10.6,-10.371127993490038
-9.0,-9.404362060173362
-5.3,-5.903001785714288
-6.0,-5.759012681159391
-5.8,-5.759012681159391
-8.8,-8.554814696485527
-6.1,-5.9577504950495195
-11.9,-10.710365521003748
-7.4,-7.36792171344167
-10.3,-9.766168627450952
-6.2,-5.990876513317229
-6.8,-5.926035943517362
-7.6,-8.047558095238092
-6.2,-5.83999190283403
-6.4,-5.903001785714288
-8.1,-8.429224089635863
-8.8,-8.965608906392008
-6.2,-5.903001785714288
-9.8,-9.556077339901407
-10.2,-9.618941769091137
-9.6,-10.43521208089403
-8.9,-8.88214884233733
-8.7,-9.331161350148168
-5.0,-6.142781704781728
-10.6,-10.123713198635222
-6.1,-6.257396484374988
-6.1,-5.688220379146955
-6.3,-5.866510739856797
-4.6,-5.903001785714288
-7.9,-8.656899869394936
-5.7,-5.676709677419377
-5.9,-5.679077348066324
-9.2,-9.265716088328158
-8.9,-9.563852004716871
-8.9,-9.182705583756333
-9.3,-9.464935705209838
-11.3,-10.327206428571687
-11.0,-9.749211067193631
-6.9,-6.257396484374988
-9.0,-9.07973813169975
-10.2,-10.210849551856684
-7.8,-7.947195439739413
-8.6,-8.729489867841306
-9.297,-9.81061177552896
-6.2,-5.723116429495456
-4.4,-5.723116429495456
-4.3,-5.866510739856797
-6.2,-5.720673913043491
-6.7,-5.720673913043491
-6.2,-5.723116429495456
-6.8,-5.723116429495456
-6.278,-5.7215399737877135
-7.4,-8.176771121351768
-8.5,-8.605485559566763
-4.95,-5.7215399737877135
-9.015,-9.679337245213487
-9.5,-9.118296863237218
-8.4,-9.537229341099382
-5.4,-5.83999190283403
-9.3,-8.652943618881128
-8.2,-9.158590005521745
-5.7,-5.688220379146955
-8.5,-9.32617465224112
-8.6,-8.578956403269745
-9.646,-10.29503344735824
-6.9,-7.70448387096768
-10.0,-9.325018090154146
-8.7,-8.939747605010982
-8.5,-9.23737905236911
-10.8,-11.041089540199097
-9.335,-9.162062317429537
-10.4,-10.139005588079092
-8.139,-7.99113262999247
-5.65,-5.720673913043491
-9.3,-9.618941769091137
-9.9,-9.927968981922104
-8.7,-10.202302235469254
-7.4,-7.401997641509453
-6.503,-5.688220379146955
-6.352,-5.688220379146955
-6.1,-5.679077348066324
-9.6,-9.618941769091137
-6.3,-6.142781704781728
-8.1,-8.157600000000015
-9.6,-9.593084253341068
-8.579,-10.202302235469254
-9.8,-10.254178160919286
-9.9,-9.13374427994629
-7.2,-8.300445407279032
-8.6,-9.489431192660561
-10.5,-9.789792939719243
-5.3,-5.754342635658951
-6.7,-5.754342635658951
-6.2,-6.057850210970484
-6.6,-7.624389215162895
-8.3,-8.789968442483884
-9.2,-9.064161554192172
-4.8,-5.471196226415117
-8.6,-8.879823975720981
-6.9,-6.278188581314857
-6.33,-6.672648922686956
-6.1,-5.871803303303314
-4.658,-5.688220379146955
-9.447,-9.197097628240464
-9.1,-9.234113573407138
-8.5,-9.182705583756333
-5.8,-5.723116429495456
-6.2,-5.679077348066324
-6.9,-7.0822324058919826
-7.017,-7.222745068285248
-6.1,-5.679077348066324
-10.0,-9.96193352741387
-8.1,-8.296806930693052
-10.0,-10.751487921489757
-8.285,-8.564130516431877
-7.619,-7.315670391061458
-6.9,-7.674183246073238
-10.3,-10.20004461234067
-5.0,-6.227536585365849
-6.7,-5.866510739856797
-7.8,-9.48650145387237
-7.3,-7.058857843137241
-5.8,-5.676709677419377
-6.446,-5.974037147102512
-6.6,-6.585451704545451
-6.6,-5.720673913043491
-5.8,-5.720673913043491
-9.9,-11.286643185299239
-9.9,-10.59850927663082
-5.8,-5.688220379146955
-9.625,-10.273984139894651
-9.7,-9.260568047337243
-5.6,-5.679077348066324
-9.5,-9.50114759358294
-8.219,-9.643968732858033
-12.2,-11.204617476277999
-9.2,-9.775921787709496
-6.6,-5.720673913043491
-6.0,-5.720673913043491
-6.1,-5.759012681159391
-7.5,-6.302999410377362
-6.9,-5.688220379146955
-6.371,-7.022644268774574
-8.0,-9.182705583756333
-5.954,-6.905843727598533
-7.9,-8.286833333333348
-6.7,-5.754342635658951
-6.6,-6.227536585365849
-8.5,-9.586871526195909
-7.981,-9.182705583756333
-8.5,-9.19059196484618
-6.7,-6.11665633423181
-6.592,-5.688220379146955
-8.1,-7.663946915351553
-8.7,-8.206718918918936
-8.4,-8.180696969696948
-9.856,-10.154476876211643
-7.2,-6.162827439886862
-11.3,-10.459096463022503
-9.8,-9.487985734664651
-8.8,-8.652943618881128
-7.3,-7.1316759776537015
-6.7,-5.720673913043491
-5.4,-5.676709677419377
-9.1,-8.652943618881128
-6.405,-5.9577504950495195
-5.7,-5.988679161372291
-5.8,-5.903001785714288
-4.3,-5.903001785714288
-8.377,-7.69652780930752
-7.7,-7.256206611570225
-5.2,-5.723116429495456
-4.9,-5.723116429495456
-6.341,-5.882660924750675
-5.87,-5.882660924750675
-5.8,-5.871803303303314
-7.7,-8.554814696485527
-7.0,-6.142781704781728
-4.8,-5.498132841328419
-9.1,-8.554814696485527
-6.2,-6.162827439886862
-6.93,-5.676709677419377
-6.462,-5.676709677419377
-7.8,-8.323352284263944
-8.2,-8.719483669214728
-6.765,-5.866510739856797
-8.8,-8.652943618881128
-6.1,-5.720673913043491
-11.7,-10.789868189011784
-8.6,-9.586871526195909
-8.9,-10.060919439213544
-8.7,-9.586871526195909
-6.1,-5.98536485097642
-5.0,-5.871803303303314
-8.9,-9.13374427994629
-6.4,-5.98536485097642
-6.9,-6.612178885630506
-6.4,-6.142781704781728
-6.7,-6.087046676096152
-9.9,-9.566170301142526
-5.0,-5.9400054945055
-6.6,-6.158116666666673
-10.5,-9.383893991206518
-9.85,-8.958044226044246
-9.9,-9.81061177552896
-5.6,-5.7215399737877135
-6.2,-6.142781704781728
-6.5,-6.115879310344838
-6.6,-5.759012681159391
-6.1,-5.679077348066324
-9.1,-9.499354337152205
-8.6,-8.349450334821462
-6.9,-8.705771816037727
-6.7,-6.058083591331261
-5.9,-5.676709677419377
-5.8,-5.676709677419377
-10.44,-9.404362060173362
-9.4,-10.339810627767417
-7.1,-8.463952702702715
-8.9,-9.064161554192172
-9.1,-9.775921787709496
-7.4,-9.154823975720804
-7.8,-8.418291463414711
-7.111,-7.363311814073554
-8.2,-8.554814696485527
-9.8,-9.330267645543737
-5.9,-5.871803303303314
-7.951,-8.176771121351768
-9.0,-8.652943618881128
-9.6,-9.386083267871163
-8.8,-8.750710361445812
-9.9,-9.574992789794718
-10.3,-9.346312432432317
-6.7,-5.723116429495456
-6.154,-5.723116429495456
-5.8,-5.676709677419377
-11.6,-11.041089540199097
-6.0,-5.723116429495456
-6.384,-6.067696612665735
-7.194,-5.903001785714288
-9.1,-9.566170301142526
-9.1,-10.443467784979202
-10.91,-10.310953341546568
-9.4,-8.757095890411016
-6.6,-5.7215399737877135
-6.8,-5.7215399737877135
-6.0,-6.075806354009106
-11.0,-9.800857282311608
-7.177,-5.720673913043491
-6.201,-5.996786861313902
-8.625,-9.574992789794718
-6.6,-5.754342635658951
-5.9,-5.676709677419377
-6.5,-6.087046676096152
-8.092,-9.643968732858033
-6.1,-5.974037147102512
-8.7,-9.204902957965768
-11.1,-9.749211067193631
-6.6,-5.754342635658951
-7.4,-5.754342635658951
-5.9,-5.754342635658951
-5.462,-5.676709677419377
-6.148,-5.853519662921346
-7.1,-5.723116429495456
-6.2,-5.723116429495456
-8.6,-9.30263058186739
-5.0,-5.720673913043491
-7.0,-6.227536585365849
-8.0,-8.431253099173542
-7.7,-8.971887195121967
-6.2,-5.759012681159391
-6.8,-5.759012681159391
-5.7,-5.903001785714288
-7.0,-5.688220379146955
-8.5,-8.554814696485527
-9.2,-9.406893606637347
-6.2,-5.903001785714288
-6.7,-5.955646464646444
-8.4,-8.988834610472514
-5.1,-5.853519662921346
-6.4,-6.227536585365849
-5.9,-5.723116429495456
-11.6,-10.345183363148509
-8.4,-7.904518659076527
-11.1,-10.273079432271203
-6.4,-5.754342635658951
-6.603,-5.874944347826079
-12.2,-10.589670482296325
-6.5,-5.754342635658951
-9.2,-10.154476876211643
-10.7,-9.63693127147763
-9.9,-9.404362060173362
-10.1,-9.404362060173362
-6.0,-5.7215399737877135
-7.4,-7.624389215162895
-6.7,-6.085523166023176
-5.4,-5.688220379146955
-6.1,-5.720673913043491
-6.6,-5.988679161372291
-6.9,-6.257396484374988
-7.8,-9.345191765369474
-8.1,-8.719483669214728
-6.5,-5.7215399737877135
-6.7,-5.723116429495456
-8.6,-8.0987192771084
-10.2,-9.87937483443707
-9.7,-9.406893606637347
-6.4,-5.7215399737877135
-6.0,-5.7215399737877135
-7.0,-5.7215399737877135
-6.115,-5.759012681159391
-12.5,-10.654898132427888
-7.1,-5.866510739856797
-6.6,-6.075806354009106
-9.6,-9.824687447346221
-9.9,-9.414471910112356
-5.9,-5.98536485097642
-9.6,-10.234277510608287
-9.505,-10.273079432271203
-6.2,-5.7215399737877135
-5.9,-5.676709677419377
-8.9,-8.554814696485527
-5.2,-5.672419161676631
-6.3,-7.15428659793819
-8.5,-9.19059196484618
-8.5,-9.204902957965768
-6.6,-8.035434518647023
-12.5,-11.251278864353388
-8.2,-7.150197712418296
-8.8,-9.884366110304747
-9.3,-8.554814696485527
-8.8,-10.202302235469254
-9.3,-9.590592670157056
-8.7,-9.269009018294204
-11.2,-10.375161849710837
-8.6,-8.300445407279032
-7.2,-7.099221662468541
-10.0,-9.346312432432317
-7.6,-7.165567307692315
-8.5,-7.811087193460489
-7.9,-9.202663526949198
-9.38,-8.554814696485527
-9.2,-9.231935624658945
-8.4,-9.282491989058324
-10.6,-10.878719105691042
-7.0,-5.723116429495456
-6.3,-6.057850210970484
-5.8,-5.874944347826079
-7.7,-9.189133157894696
-6.5,-7.040594427244588
-8.1,-8.111969817315265
-7.6,-8.965608906392008
-10.4,-9.344957359813124
-4.9,-5.754342635658951
-10.3,-9.586871526195909
-6.6,-6.196106040268499
-8.5,-9.067101525512992
-6.1,-5.720673913043491
-10.6,-9.866212121212174
-8.1,-7.513711080586005
-7.6,-7.685712691771241
-8.3,-9.07973813169975
-6.5,-5.882660924750675
-6.7,-5.882660924750675
-6.1,-5.688220379146955
-5.8,-6.53941304347819
-10.2,-10.375457313284848
-5.2,-5.720673913043491
-6.2,-5.720673913043491
-6.1,-6.142781704781728
-6.8,-5.720673913043491
-9.2,-9.231935624658945
-7.1,-5.988679161372291
-6.8,-6.142781704781728
-6.125,-6.544250000000005
-5.2,-5.955646464646444
-9.8,-9.866212121212174
-12.2,-11.36127784946218
-8.4,-9.563852004716871
-7.1,-6.068998475609768
-8.4,-8.763070123747752
-8.4,-10.274556341206335
-8.6,-9.430625498007927
-8.8,-8.704823699421969
-7.9,-8.840539782244578
-6.2,-5.754342635658951
-6.6,-6.142781704781728
-6.8,-5.7215399737877135
-6.1,-5.754342635658951
-6.3,-5.754342635658951
-8.4,-10.076527607361944
-5.9,-5.720673913043491
-10.6,-10.366324324323996
-9.3,-8.368276785714283
-9.7,-9.647840301003313
-9.0,-9.390257918552093
-5.5,-6.11665633423181
-6.8,-6.11326911314985
-10.78,-9.406893606637347
-5.957,-5.754342635658951
-9.1,-8.656899869394936
-6.208,-5.723116429495456
-6.652,-5.723116429495456
-10.6,-9.589716836734729
-8.5,-9.884366110304747
-5.9,-6.307834990059686
-8.6,-8.400503441494589
-6.1,-5.874944347826079
-6.47,-5.676709677419377
-5.8,-5.825100371747208
-5.9,-5.720673913043491
-8.2,-8.879823975720981
-9.5,-9.94870424567183
-7.0,-7.653566523605146
-12.5,-10.782228151585443
-6.0,-6.142781704781728
-6.9,-5.688220379146955
-6.3,-5.688220379146955
-7.3,-6.462977959697708
-7.5,-8.71934207764972
-9.6,-10.173668220946809
-11.6,-10.503982911825
-5.59,-5.688220379146955
-8.4,-8.01522978723408
-9.8,-9.625456054687504
-5.4,-5.679077348066324
-5.9,-5.679077348066324
-6.3,-5.853519662921346
-6.0,-6.168091392136065
-5.939,-5.723116429495456
-4.8,-6.142781704781728
-6.2,-5.679077348066324
-8.7,-9.346312432432317
-6.8,-5.723116429495456
-10.8,-11.65611676217752
-5.5,-5.688220379146955
-4.7,-5.688220379146955
-6.2,-6.085523166023176
-8.7,-9.204902957965768
-8.8,-9.01321089042643
-6.3,-5.723116429495456
-10.3,-10.339810627767417
-6.4,-6.544250000000005
-9.0,-9.821023323615304
-6.5,-5.688220379146955
-6.2,-5.720673913043491
-6.4,-5.723116429495456
-9.0,-8.982653061224488
-7.2,-6.142781704781728
-9.4,-9.96193352741387
-6.4,-5.7215399737877135
-5.4,-5.616499999999972
-9.1,-8.577299251870315
-7.1,-7.36792171344167
-7.3,-7.36792171344167
-8.1,-7.435294117647059
-6.798,-5.688220379146955
-8.8,-8.047558095238092
-5.8,-6.585451704545451
-10.6,-10.654898132427888
-6.455,-5.83999190283403
-6.195,-5.853519662921346
-5.6,-5.754342635658951
-5.9,-5.754342635658951
-6.115,-6.4989171974522
-5.6,-5.754342635658951
-6.3,-5.98536485097642
-10.7,-9.618941769091137
-10.7,-9.643968732858033
-6.2,-5.720673913043491
-6.6,-5.720673913043491
-9.5,-10.073072413793158
-10.6,-10.661113730928959
-9.7,-9.07973813169975
-6.4,-6.208286541244597
-6.2,-5.676709677419377
-9.4,-9.586871526195909
-8.4,-8.564130516431877
-9.7,-9.87937483443707
-7.0,-6.269469223907259
-6.352,-6.51376561163386
-8.577,-10.279645299145319
-6.2,-5.688220379146955
-6.0,-5.688220379146955
-6.246,-7.0822324058919826
-8.9,-9.32617465224112
-8.6,-9.078200876305907
-8.5,-9.383893991206518
-6.2,-6.995946902654871
-6.3,-5.990876513317229
-6.0,-6.227536585365849
-11.6,-9.556077339901407
-6.2,-5.679077348066324
-6.4,-6.142781704781728
-5.8,-5.720673913043491
-4.214,-5.988679161372291
-6.012,-5.988679161372291
-6.4,-5.98536485097642
-5.9,-5.723116429495456
-5.6,-5.926035943517362
-6.5,-5.926035943517362
-6.1,-5.679077348066324
-5.6,-5.688220379146955
-7.8,-8.856112973948932
-6.2,-6.091579119086481
-4.9,-5.866510739856797
-5.9,-5.926035943517362
-6.7,-5.7215399737877135
-6.0,-5.903001785714288
-7.0,-5.903001785714288
-7.7,-7.674183246073238
-7.624,-7.624389215162895
-10.1,-10.123713198635222
-6.1,-6.227536585365849
-9.4,-10.503982911825
-7.3,-8.35165409252659
-8.9,-9.775921787709496
-10.1,-9.94086232149359
-6.5,-5.723116429495456
-6.7,-5.723116429495456
-6.1,-6.168091392136065
-9.8,-9.96193352741387
-9.8,-9.96193352741387
-5.1,-5.974037147102512
-5.9,-5.676709677419377
-6.097,-5.676709677419377
-10.9,-10.249212951734227
-5.9,-5.759012681159391
-7.3,-5.723116429495456
-6.4,-5.754342635658951
-8.4,-8.656899869394936
-11.6,-10.582237754540522
-5.2,-5.676709677419377
-6.1,-5.679077348066324
-6.0,-5.679077348066324
-7.5,-7.6998263254113235
-8.0,-8.180696969696948
-8.1,-8.22174502923975
-9.3,-9.330267645543737
-5.9,-6.067696612665735
-9.1,-9.273322881921304
-8.6,-9.119554509235819
-7.7,-8.577720821661801
-10.27,-9.537229341099382
-8.6,-9.345191765369474
-7.4,-5.9577504950495195
-9.9,-10.587855628655158
-6.9,-7.108697592067968
-8.7,-8.418291463414711
-10.8,-10.279033918527494
-8.1,-9.625456054687504
-9.9,-9.96193352741387
-9.3,-9.81061177552896
-11.0,-10.203993682132364
-11.2,-10.345183363148509
-5.6,-5.688220379146955
-6.8,-5.754342635658951
-5.1,-5.723116429495456
-9.317,-9.273322881921304
-6.8,-5.7215399737877135
-8.1,-7.111465798045606
-6.2,-6.168091392136065
-10.1,-9.554709876543134
-5.6,-5.7215399737877135
-9.038,-9.134270120724343
-7.0,-5.754342635658951
-6.3,-5.754342635658951
-5.7,-5.853118012422368
-6.8,-6.11665633423181
-6.6,-5.988679161372291
-6.0,-5.926035943517362
-6.323,-5.688220379146955
-9.3,-9.463300805729585
-7.5,-9.204902957965768
-6.262,-5.974037147102512
-7.878,-8.531264487369997
-6.2,-5.720673913043491
-6.3,-6.028303197353929
-8.6,-8.431253099173542
-7.91,-9.067101525512992
-5.9,-5.688220379146955
-5.3,-5.688220379146955
-6.7,-5.98536485097642
-5.9,-5.720673913043491
-6.5,-5.7215399737877135
-6.5,-6.142781704781728
-6.6,-5.679077348066324
-5.8,-5.688220379146955
-8.7,-9.265716088328158
-9.4,-9.177827707660727
-5.7,-7.302923076923104
-6.183,-5.866510739856797
-8.2,-8.159658142664915
-5.4,-5.926035943517362
-5.7,-5.926035943517362
-4.9,-5.98536485097642
-6.8,-7.222745068285248
-8.5,-9.578737849408277
-5.2,-5.676709677419377
-5.2,-5.720673913043491
-9.1,-9.416137028824904
-5.9,-5.679077348066324
-6.2,-5.679077348066324
-12.1,-10.274556341206335
-8.9,-9.381872000000003
-7.1,-6.462977959697708
-10.4,-9.32617465224112
-6.9,-7.213823529411755
-9.8,-9.519502296211277
-9.6,-9.916629246676429
-11.1,-10.960132407206439
-6.706,-5.874944347826079
-8.2,-7.653566523605146
-5.94,-5.688220379146955
-6.1,-5.988679161372291
-9.0,-9.766168627450952
-6.1,-6.047248437500024
-7.8,-9.236848184818465
-6.247,-5.676709677419377
-8.8,-10.279645299145319
-7.1,-5.871803303303314
-6.9,-5.871803303303314
-6.8,-5.723116429495456
-10.8,-9.766168627450952
-5.8,-5.723116429495456
-6.2,-5.723116429495456
-7.9,-7.999361153262519
-6.0,-5.7215399737877135
-7.149,-5.723116429495456
-7.24,-5.723116429495456
-10.35,-10.933150150150448
-10.0,-9.01321089042643
-6.4,-6.227536585365849
-12.0,-10.375161849710837
-11.8,-10.421542474834201
-9.5,-9.593084253341068
-10.3,-9.554709876543134
-9.4,-9.067101525512992
-7.1,-5.723116429495456
-6.091,-5.906879240162845
-8.2,-9.119554509235819
-6.892,-5.866510739856797
-6.652,-5.866510739856797
-9.5,-9.191524216524181
-10.4,-10.159544307469465
-5.0,-5.7215399737877135
-7.075,-5.866510739856797
-10.9,-9.278680422747856
-5.9,-5.759012681159391
-10.9,-10.465555220016991
-6.275,-5.676709677419377
-5.271,-5.676709677419377
-11.0,-9.464935705209838
-7.2,-7.674183246073238
-6.8,-5.853519662921346
-9.369,-10.199577117863853
-9.5,-9.593084253341068
-9.1,-9.593084253341068
-10.0,-9.821023323615304
-5.0,-5.676709677419377
-6.7,-5.723116429495456
-8.2,-8.211182825484764
-5.8,-6.115879310344838
-6.594,-5.720673913043491
-9.3,-8.531264487369997
-6.7,-5.955646464646444
-6.4,-5.990876513317229
-6.4,-5.825100371747208
-6.6,-6.087046676096152
-5.8,-5.9577504950495195
-8.3,-9.182705583756333
-5.9,-5.988679161372291
-6.388,-5.7215399737877135
-10.1,-8.830465741543879
-6.2,-5.83999190283403
-6.1,-5.9577504950495195
-6.3,-8.063542780748657
-6.7,-5.754342635658951
-9.2,-9.884366110304747
-10.3,-9.981150181671293
-11.01,-10.25103232030878
-7.4,-7.2324631410256215
-10.1,-10.002645526225733
-7.1,-6.944149377593363
-5.8,-5.974037147102512
-9.3,-9.195528368794399
-4.7,-6.14780095541403
-8.138,-8.252397849462367
-11.0,-10.587855628655158
-8.9,-9.556077339901407
-8.6,-9.519502296211277
-9.2,-9.519502296211277
-9.3,-9.195528368794399
-9.2,-11.245162276422695
-5.3,-5.903001785714288
-6.2,-5.679077348066324
-6.799,-5.688220379146955
-7.95,-8.704823699421969
-6.6,-6.168091392136065
-6.281,-5.7215399737877135
-9.9,-9.057016042780777
-6.0,-5.679077348066324
-5.7,-5.723116429495456
-7.2,-5.723116429495456
-9.867,-9.566170301142526
-5.4,-5.98536485097642
-7.6,-9.029631234950177
-7.6,-8.946662774725208
-5.4,-5.676709677419377
-5.2,-5.676709677419377
-6.4,-6.142781704781728
-11.7,-10.582237754540522
-9.4,-10.503982911825
-11.0,-10.587855628655158
-9.1,-9.276469020866816
-9.9,-9.63693127147763
-9.7,-8.605485559566763
-9.1,-9.07973813169975
-8.9,-8.047558095238092
-5.5,-5.759012681159391
-11.83,-10.267622738386395
-8.6,-8.578956403269745
-3.9,-5.679077348066324
-6.5,-5.723116429495456
-5.4,-5.723116429495456
-6.4,-6.067696612665735
-6.6,-6.227536585365849
-8.4,-10.073239845653791
-5.687,-5.676709677419377
-8.7,-9.162062317429537
-9.648,-10.099460461416168
-10.0,-9.8228386683738
-9.6,-9.850035897435843
-9.821,-10.529359375000041
-5.2,-6.158116666666673
-8.1,-7.47791408934709
-8.6,-9.262795224312576
-7.0,-6.085523166023176
-6.8,-5.988679161372291
-6.8,-6.142781704781728
-5.6,-5.825100371747208
-12.4,-11.498383877159373
-9.2,-10.097936067997036
-8.0,-8.705771816037727
-6.6,-5.720673913043491
-6.5,-6.115879310344838
-10.76,-10.503982911825
-6.4,-6.4989171974522
-6.3,-5.866510739856797
-8.1,-7.653566523605146
-9.1,-9.94870424567183
-5.8,-5.871803303303314
-6.5,-5.825100371747208
-6.0,-5.98536485097642
-10.9,-10.587855628655158
-10.0,-10.184714444268241
-8.8,-10.574087346615878
-7.8,-9.195528368794399
-10.1,-9.932215875517212
-10.1,-10.099460461416168
-7.6,-8.104782225780673
-9.7,-9.269009018294204
-9.627,-10.878719105691042
-6.806,-5.974037147102512
-11.2,-10.366324324323996
-7.7,-8.830465741543879
-10.4,-9.578737849408277
-8.5,-7.2311988795517745
-5.3,-6.178769911504426
-6.8,-5.974037147102512
-11.1,-11.336399302368408
-10.9,-10.249212951734227
-10.9,-10.247543940795563
-10.7,-10.345183363148509
-6.4,-6.068998475609768
-8.1,-9.38631529093348
-4.6,-5.825100371747208
-8.2,-9.13374427994629
-6.1,-6.227536585365849
-10.4,-9.679337245213487
-10.0,-9.618941769091137
-7.5,-8.400503441494589
-7.0,-6.158116666666673
-7.012,-7.445696185286109
-11.18,-11.204617476277999
-5.587,-5.676709677419377
-6.573,-5.676709677419377
-8.8,-9.220158794552274
-5.9,-5.676709677419377
-10.5,-10.273984139894651
-6.6,-6.067696612665735
-5.4,-5.83999190283403
-6.8,-6.227536585365849
-10.4,-10.090674319728066
-8.0,-8.140421778584368
-4.9,-5.679077348066324
-10.25,-11.104953967292365
-10.2,-9.96193352741387
-8.7,-9.119554509235819
-7.9,-8.0987192771084
-8.3,-8.705771816037727
-8.4,-8.705771816037727
-11.0,-10.459096463022503
-7.5,-9.152561971130007
-10.2,-9.643968732858033
-11.3,-10.760719803370833
-8.9,-8.578956403269745
-9.3,-9.537229341099382
-5.6,-5.903001785714288
-6.9,-5.988679161372291
-6.8,-6.11665633423181
-8.9,-9.335616040955763
-9.2,-10.661113730928959
-8.6,-8.418291463414711
-6.2,-6.168091392136065
-8.2,-8.656899869394936
-6.513,-6.068998475609768
-7.7,-8.180696969696948
-10.9,-9.824687447346221
-8.7,-10.039570142535649
-8.4,-8.652943618881128
-7.6,-8.578956403269745
-8.1,-9.182705583756333
-5.8,-6.142781704781728
-10.2,-10.156944402420255
-10.7,-10.661113730928959
-9.8,-9.335616040955763
-4.7,-5.688220379146955
-10.8,-9.94870424567183
-10.53,-10.139005588079092
-6.4,-6.168091392136065
-9.141,-9.202639473684199
-7.1,-5.7215399737877135
-6.4,-5.7215399737877135
-5.631,-5.754342635658951
-6.556,-5.754342635658951
-6.3,-6.047248437500024
-6.8,-5.882660924750675
-9.2,-9.526290060851883
-10.8,-10.267622738386395
-11.7,-11.124252740651855
-6.6,-5.98536485097642
-8.8,-8.176771121351768
-6.314,-6.091579119086481
-6.4,-5.866510739856797
-6.609,-5.688220379146955
-6.749,-5.688220379146955
-9.3,-9.118296863237218
-6.051,-5.676709677419377
-6.175,-5.676709677419377
-4.9,-6.11665633423181
-6.5,-5.676709677419377
-6.1,-5.676709677419377
-6.848,-7.2229162717219655
-6.9,-5.955646464646444
-9.2,-8.965608906392008
-10.0,-9.578737849408277
-5.915,-5.676709677419377
-4.853,-5.676709677419377
-6.7,-5.866510739856797
-7.3,-7.279543157894702
-6.5,-5.7215399737877135
-8.7,-8.652943618881128
-11.99,-10.392408481394622
-11.2,-9.96522785665982
-4.0,-5.676709677419377
-7.7,-8.45188629518079
-11.3,-10.327206428571687
-6.313,-6.600283618581924
-8.7,-9.471554289142144
-10.2,-9.282491989058324
-7.8,-9.07973813169975
-10.3,-10.43521208089403
-11.4,-9.519502296211277
-8.5,-7.958822513812162
-5.2,-5.597413592233014
-6.4,-6.227536585365849
-6.2,-6.168091392136065
-5.886,-5.676709677419377
-11.2,-10.661113730928959
-6.3,-5.688220379146955
-9.5,-9.13374427994629
-7.2,-5.723116429495456
-5.512,-5.688220379146955
-5.9,-6.087046676096152
-9.4,-10.310953341546568
-8.5,-7.560573454913898
-8.1,-7.57876690391459
-6.2,-6.208286541244597
-8.9,-9.643968732858033
-10.3,-9.749211067193631
-4.4,-5.5874615384615
-8.2,-8.357050953422934
-7.3,-8.656899869394936
-6.8,-5.688220379146955
-5.3,-6.068998475609768
-6.8,-6.318310679611644
-5.0,-6.087046676096152
-6.5,-7.315269194312837
-5.8,-5.688220379146955
-6.2,-5.903001785714288
-10.21,-10.117051682692328
-10.7,-10.169059819929975
-10.6,-9.96522785665982
-8.9,-9.118296863237218
-6.175,-5.723116429495456
-7.019,-5.723116429495456
-5.8,-5.7215399737877135
-10.0,-10.965640692641063
-9.9,-9.424307692307744
-8.7,-8.840539782244578
-9.8,-9.191524216524181
-9.8,-10.933150150150448
-5.9,-5.720673913043491
-6.4,-5.720673913043491
-10.2,-9.790471961363414
-9.2,-10.18491499085943
-10.9,-10.06944848596773
-12.7,-11.493417243850375
-9.4,-9.884226856561542
-8.3,-9.386083267871163
-7.7,-9.01321089042643
-6.1,-6.087046676096152
-8.909,-9.586871526195909
-6.9,-6.091579119086481
-10.1,-9.530226817042609
-9.4,-8.763070123747752
-6.7,-6.067696612665735
-8.9,-9.647840301003313
-10.6,-10.264907311320798
-6.2,-5.720673913043491
-7.5,-8.208959033613434
-9.4,-9.234113573407138
-9.9,-9.694909638554272
-9.5,-8.789968442483884
-9.1,-8.71934207764972
-5.8,-5.679077348066324
-6.0,-5.679077348066324
-7.1,-7.6998263254113235
-7.3,-6.227536585365849
-9.7,-10.254178160919286
-6.1,-6.028303197353929
-9.109,-10.878719105691042
-6.2,-5.679077348066324
-6.376,-5.7215399737877135
-7.3,-7.29405594405593
-6.7,-6.091579119086481
-8.0,-8.531264487369997
-6.3,-7.435294117647059
-6.3,-5.7215399737877135
-9.342,-9.273322881921304
-10.3,-10.751487921489757
-9.206,-10.264907311320798
-10.8,-10.503982911825
-6.5,-5.720673913043491
-10.4,-10.264907311320798
-10.6,-10.392408481394622
-6.7,-6.085523166023176
-10.7,-9.273322881921304
-6.4,-5.7215399737877135
-10.3,-9.96522785665982
-8.1,-8.750710361445812
-10.6,-9.537229341099382
-4.7,-6.085523166023176
-7.3,-7.69652780930752
-7.049,-6.067696612665735
-9.58,-10.392408481394622
-12.1,-11.36127784946218
-8.3,-9.464935705209838
-7.5,-8.705771816037727
-6.1,-5.7215399737877135
-11.0,-10.446000313038601
-9.5,-7.653827176781011
-6.761,-5.688220379146955
-8.865,-10.117051682692328
-6.458,-5.679077348066324
-5.5,-5.723116429495456
-8.523,-9.537229341099382
-6.1,-5.926035943517362
-5.8,-5.720673913043491
-13.3,-11.420605942901599
-8.5,-9.162062317429537
-5.9,-5.679077348066324
-5.2,-5.679077348066324
-10.4,-9.386083267871163
-5.7,-6.167119601328904
-10.3,-10.392408481394622
-6.8,-6.11665633423181
-7.0,-7.213823529411755
-6.335,-5.7215399737877135
-11.4,-10.279645299145319
-11.6,-10.234277510608287
-8.8,-8.705771816037727
-8.274,-10.210849551856684
-9.5,-9.406893606637347
-6.119,-5.720673913043491
-11.54,-10.189062524423623
-9.262,-10.159544307469465
-8.2,-9.87937483443707
-4.6,-5.720673913043491
-10.2,-10.117051682692328
-4.8,-5.882660924750675
-5.7,-5.882660924750675
-6.9,-5.679077348066324
-10.3,-10.139005588079092
-8.9,-9.730471559092145
-6.3,-5.754342635658951
-13.14,-11.359624153498594
-6.3,-5.676709677419377
-8.5,-8.652943618881128
-4.5,-5.903001785714288
-9.0,-9.404362060173362
-5.5,-7.165250659630649
-10.1,-10.267622738386395
-4.948,-6.075806354009106
-5.3,-5.903001785714288
-10.7,-10.409618834080826
-4.1,-5.5607244897959225
-10.5,-10.080303743315577
-10.5,-10.080303743315577
-6.7,-6.208286541244597
-6.3,-6.028303197353929
-6.8,-6.075806354009106
-6.4,-6.047248437500024
-8.429,-8.29236201780417
-9.5,-8.577299251870315
-6.2,-5.679077348066324
-6.7,-6.087046676096152
-9.8,-9.202663526949198
-5.0,-5.688220379146955
-10.0,-10.878719105691042
-10.1,-10.63180395593428
-6.9,-7.15428659793819
-6.5,-6.091579119086481
-10.0,-10.234277510608287
-6.7,-5.720673913043491
-6.7,-5.679077348066324
-5.5,-5.679077348066324
-5.6,-5.679077348066324
-8.047,-9.042252390057302
-10.8,-10.896513092086062
-8.9,-10.93767159383037
-6.5,-5.688220379146955
-7.0,-8.652943618881128
-10.9,-9.94870424567183
-7.6,-9.152561971130007
-8.3,-8.338457865168479
-8.676,-7.741933774834481
-8.7,-10.267622738386395
-8.6,-8.33278282828279
-5.5,-5.866510739856797
-8.558,-9.30263058186739
-8.5,-9.07973813169975
-7.3,-5.723116429495456
-9.0,-9.463300805729585
-10.2,-9.487985734664651
-11.1,-10.18491499085943
-8.9,-9.366657953696778
-8.4,-8.564130516431877
-8.6,-8.047558095238092
-10.5,-10.59850927663082
-9.1,-9.561797593771916
-5.8,-6.462977959697708
-8.7,-7.99113262999247
-8.7,-9.443659362064787
-9.5,-9.195528368794399
-8.2,-7.963682137834085
-11.3,-10.957329113924029
-9.0,-8.25481083032499
-4.9,-5.759012681159391
-7.0,-6.091579119086481
-8.0,-9.092518664047114
-7.7,-8.382111029411764
-4.7,-6.068998475609768
-7.3,-7.904518659076527
-4.9,-6.253580454928431
-6.065,-5.7215399737877135
-7.4,-8.652943618881128
-9.8,-10.326255980239072
-10.1,-10.326255980239072
-9.6,-9.670208023774167
-7.8,-7.36792171344167
-5.6,-5.679077348066324
-7.5,-7.790179966044098
-6.6,-5.688220379146955
-6.2,-5.974037147102512
-8.4,-10.073072413793158
-5.186,-5.759012681159391
-5.668,-5.759012681159391
-6.4,-5.720673913043491
-6.038,-5.9577504950495195
-6.9,-6.142781704781728
-6.3,-6.905843727598533
-10.1,-9.346312432432317
-6.3,-6.672648922686956
-6.3,-5.759012681159391
-9.15,-9.346312432432317
-9.5,-9.884226856561542
-9.9,-9.499354337152205
-5.9,-5.874944347826079
-7.2,-5.874944347826079
-9.5,-9.574992789794718
-6.7,-5.676709677419377
-10.1,-9.220158794552274
-5.8,-5.874944347826079
-5.8,-5.83999190283403
-10.7,-11.365322685435785
-11.8,-10.443467784979202
-10.26,-10.327206428571687
-11.08,-10.07260116504895
-6.0,-5.871803303303314
-5.5,-5.874944347826079
-10.6,-9.119554509235819
-9.102,-10.176023112480726
-10.3,-10.35579052618489
-5.5,-6.462977959697708
-6.0,-6.057850210970484
-11.2,-10.375457313284848
-10.0,-9.265716088328158
-8.027,-8.22174502923975
-10.1,-9.566170301142526
-10.3,-9.566170301142526
-6.3,-6.545336065573737
-10.99,-10.169059819929975
-10.3,-10.371127993490038
-11.7,-10.327206428571687
-8.8,-8.856112973948932
-10.4,-10.598233974358674
-7.761,-6.142781704781728
-5.9,-5.825100371747208
-6.263,-5.723116429495456
-6.1,-6.085523166023176
-6.5,-6.142781704781728
-9.5,-9.775921787709496
-4.4,-6.142781704781728
-7.9,-9.13374427994629
-12.17,-10.981451145806899
-11.52,-11.064592568016339
-5.45,-5.720673913043491
-7.2,-6.168091392136065
-6.692,-5.871803303303314
-5.3,-6.087046676096152
-9.0,-9.297945655820032
-8.007,-9.118296863237218
-10.48,-10.21490349360072
-8.2,-8.954747757847558
-7.4,-7.108697592067968
-5.2,-5.7215399737877135
-7.465,-7.274941883767524
-7.9,-9.064161554192172
-9.2,-9.314469636863018
-8.377,-9.537229341099382
-4.932,-5.720673913043491
-5.5,-5.723116429495456
-9.9,-9.437355329949249
-5.913,-5.688220379146955
-7.1,-5.723116429495456
-6.4,-5.676709677419377
-6.6,-6.224461822660065
-6.737,-6.748528225806463
-6.359,-6.067696612665735
-10.9,-9.730471559092145
-9.4,-9.556077339901407
-9.8,-9.694909638554272
-6.2,-5.926035943517362
-9.424,-10.169059819929975
-5.8,-5.7215399737877135
-6.6,-6.142781704781728
-10.9,-10.661113730928959
-6.089,-5.754342635658951
-11.2,-9.366657953696778
-4.9,-5.853118012422368
-6.4,-5.926035943517362
-5.9,-5.688220379146955
-6.7,-5.720673913043491
-6.3,-5.688220379146955
-6.132,-5.988679161372291
-9.3,-10.04113683373121
-4.7,-5.5607244897959225
-9.8,-9.067101525512992
-10.7,-9.865273516642583
-6.4,-5.759012681159391
-6.0,-5.759012681159391
-9.9,-9.87937483443707
-9.7,-9.8228386683738
-6.3,-5.688220379146955
-5.6,-5.688220379146955
-7.8,-9.330267645543737
-6.1,-6.227536585365849
-5.6,-5.676709677419377
-11.7,-10.981451145806899
-8.2,-8.652943618881128
-6.4,-5.688220379146955
-5.7,-5.7215399737877135
-6.341,-5.7215399737877135
-9.0,-8.848730805243203
-10.5,-10.123713198635222
-10.0,-9.81061177552896
-6.0,-5.720673913043491
-8.5,-10.267622738386395
-9.8,-10.366324324323996
-11.5,-10.64681010719746
-9.6,-9.135183368869937
-8.0,-8.79963565217394
-8.121,-7.685712691771241
-8.6,-8.136838709677436
-6.2,-5.676709677419377
-4.5,-5.903001785714288
-8.1,-9.916629246676429
-9.2,-9.042252390057302
-6.3,-5.98536485097642
-5.4,-5.679077348066324
-6.435,-6.087046676096152
-6.3,-5.688220379146955
-8.5,-8.946662774725208
-5.7,-5.866510739856797
-6.398,-6.028303197353929
-9.1,-9.383893991206518
-6.2,-6.208286541244597
-5.1,-5.903001785714288
-6.6,-5.988679161372291
-5.506,-5.676709677419377
-7.9,-8.729489867841306
-6.0,-5.723116429495456
-6.1,-5.679077348066324
-8.7,-9.167769516728624
-6.3,-5.754342635658951
-9.48,-10.631719345139137
-8.2,-8.554814696485527
-10.9,-10.264907311320798
-9.804,-9.474801869158803
-9.51,-10.643215708812253
-9.5,-9.335616040955763
-7.205,-6.085523166023176
-8.9,-9.344957359813124
-11.48,-10.254178160919286
-7.5,-8.263697076023396
-7.9,-7.47791408934709
-5.6,-5.676709677419377
-6.9,-5.676709677419377
-8.7,-9.042252390057302
-7.7,-7.301808538163014
-5.415,-6.224461822660065
-6.8,-6.302999410377362
-6.5,-5.679077348066324
-6.8,-5.723116429495456
-8.3,-7.99113262999247
-8.0,-9.042252390057302
-9.7,-9.381872000000003
-9.2,-9.471554289142144
-5.8,-5.688220379146955
-8.522,-8.757095890411016
-8.5,-8.729489867841306
-9.1,-9.670208023774167
-6.8,-6.162827439886862
-8.6,-8.936312621359253
-6.3,-5.871803303303314
-6.6,-6.278188581314857
-6.1,-5.688220379146955
-8.3,-9.353115697990104
-11.5,-9.766168627450952
-6.5,-5.723116429495456
-7.1,-6.168091392136065
-4.7,-5.759012681159391
-6.1,-5.7215399737877135
-8.6,-8.988834610472514
-6.2,-7.911394444444422
-8.4,-9.167769516728624
-6.3,-5.754342635658951
-5.8,-5.754342635658951
-6.7,-6.208286541244597
-10.2,-9.694909638554272
-9.7,-9.537229341099382
-9.9,-9.195528368794399
-9.4,-9.477019873969963
-7.3,-8.057375095492764
-8.6,-10.279033918527494
-5.946,-6.51376561163386
-8.8,-8.729489867841306
-8.2,-7.685712691771241
-10.2,-11.124252740651855
-5.9,-6.224461822660065
-9.9,-9.345191765369474
-9.1,-10.574087346615878
-5.9,-5.754342635658951
-10.0,-9.234113573407138
-10.6,-10.113026072041238
-5.943,-5.759012681159391
-4.6,-5.672419161676631
-6.1,-5.672419161676631
-6.4,-5.688220379146955
-9.2,-9.314469636863018
-9.4,-9.314469636863018
-8.0,-8.652943618881128
-9.229,-9.330267645543737
-6.4,-5.903001785714288
-5.3,-5.903001785714288
-7.2,-5.874944347826079
-6.0,-6.028303197353929
-11.4,-10.878719105691042
-8.6,-8.879823975720981
-6.7,-6.085523166023176
-6.366,-5.9577504950495195
-11.54,-9.499354337152205
-6.7,-5.723116429495456
-6.5,-5.98536485097642
-10.2,-10.960132407206439
-10.8,-9.866212121212174
-9.3,-8.554814696485527
-8.4,-9.464935705209838
-12.4,-10.661113730928959
-8.3,-8.605485559566763
-9.8,-9.531600873362452
-5.7,-5.688220379146955
-9.435,-9.843469770254252
-6.6,-5.688220379146955
-10.7,-10.503982911825
-6.1,-5.679077348066324
-9.1,-8.607929016189278
-6.8,-5.7215399737877135
-6.8,-6.142781704781728
-8.8,-9.234113573407138
-6.2,-5.874944347826079
-8.2,-9.03414955403442
-5.7,-6.278188581314857
-8.9,-9.197097628240464
-7.0,-5.688220379146955
-10.5,-9.344957359813124
-7.7,-8.176771121351768
-7.9,-9.477019873969963
-9.5,-10.039570142535649
-8.6,-9.204902957965768
-5.0,-6.11665633423181
-6.16,-5.866510739856797
-8.2,-9.68236831059801
-9.1,-9.94870424567183
-6.309,-5.676709677419377
-6.223,-6.821758849557509
-7.0,-6.224461822660065
-6.0,-5.7215399737877135
-7.8,-8.757095890411016
-6.5,-5.759012681159391
-6.2,-5.679077348066324
-6.0,-6.058083591331261
-8.6,-9.335616040955763
-6.6,-5.866510739856797
-10.1,-9.314469636863018
-8.9,-8.300445407279032
-7.7,-7.989364312267702
-7.3,-6.224461822660065
-5.699,-5.676709677419377
-10.3,-9.520737508796648
-9.599,-9.236848184818465
-5.6,-6.187388888888904
-9.3,-9.269009018294204
-6.8,-5.759012681159391
-9.5,-10.254178160919286
-6.3,-5.903001785714288
-6.3,-5.903001785714288
-10.06,-9.538304075235088
-9.8,-9.556077339901407
-8.4,-8.965608906392008
-9.4,-9.214922855773766
-6.0,-5.688220379146955
-9.472,-10.123713198635222
-6.1,-7.817460154241689
-10.35,-9.96193352741387
-6.1,-5.7215399737877135
-9.3,-10.122691239585706
-6.4,-6.253580454928431
-6.6,-5.676709677419377
-6.3,-5.871803303303314
-5.3,-5.871803303303314
-10.6,-9.96193352741387
-5.2,-5.688220379146955
-10.0,-9.824687447346221
-9.7,-9.537229341099382
-11.0,-9.386083267871163
-5.2,-5.723116429495456
-8.2,-8.652943618881128
-7.1,-6.068998475609768
-6.5,-6.142781704781728
-5.7,-6.142781704781728
-9.8,-9.537229341099382
-4.9,-5.974037147102512
-10.5,-9.416137028824904
-8.2,-7.52483108108109
-9.1,-10.733743298131648
-5.5,-5.98536485097642
-9.8,-9.386083267871163
-6.7,-5.723116429495456
-9.3,-9.366657953696778
-6.3,-5.720673913043491
-5.9,-5.720673913043491
-5.715,-5.874944347826079
-8.9,-8.846786904078071
-4.6,-5.866510739856797
-6.1,-5.866510739856797
-8.8,-8.312929833417433
-11.08,-10.310953341546568
-6.7,-5.996786861313902
-6.3,-5.676709677419377
-6.5,-7.99113262999247
-5.9,-5.988679161372291
-6.8,-6.318310679611644
-6.2,-5.853519662921346
-7.7,-8.286833333333348
-9.3,-9.499354337152205
-9.5,-9.8228386683738
-6.932,-5.679077348066324
-10.0,-9.214922855773766
-8.6,-9.118296863237218
-6.4,-5.720673913043491
-5.0,-5.720673913043491
-10.1,-10.661113730928959
-10.1,-10.661113730928959
-7.9,-7.4665019564001405
-10.2,-10.21490349360072
-6.9,-5.720673913043491
-7.4,-5.7215399737877135
-5.95,-5.688220379146955
-7.9,-8.047558095238092
-10.1,-9.535109163346462
-6.2,-6.068998475609768
-9.669,-10.039570142535649
-7.1,-6.085523166023176
-8.7,-9.042252390057302
-5.9,-7.69652780930752
-9.6,-9.932215875517212
-8.1,-7.6998263254113235
-12.2,-11.230213800500481
-6.3,-5.688220379146955
-6.7,-6.028303197353929
-5.8,-5.688220379146955
-10.0,-9.537229341099382
-6.3,-6.085523166023176
-7.652,-5.871803303303314
-4.815,-5.720673913043491
-6.7,-6.142781704781728
-5.7,-5.720673913043491
-11.0,-10.249212951734227
-9.8,-9.643968732858033
-6.3,-5.720673913043491
-7.3,-8.33278282828279
-7.168,-9.01321089042643
-5.6,-5.688220379146955
-5.8,-5.688220379146955
-9.9,-9.162062317429537
-6.1,-5.676709677419377
-6.4,-6.087046676096152
-10.3,-10.254178160919286
-5.9,-5.9577504950495195
-11.0,-9.46853997093009
-7.6,-5.974037147102512
-5.8,-5.754342635658951
-7.9,-9.566170301142526
-8.5,-9.297945655820032
-9.2,-8.988834610472514
-5.3,-5.754342635658951
-5.9,-5.676709677419377
-5.7,-5.866510739856797
-6.2,-5.679077348066324
-5.919,-5.974037147102512
-10.9,-10.249212951734227
-8.4,-8.36118969219767
-9.1,-9.346312432432317
-12.4,-10.503982911825
-9.8,-10.933150150150448
-7.3,-9.064161554192172
-8.014,-8.564130516431877
-11.8,-11.064592568016339
-10.0,-9.474801869158803
-9.9,-9.519502296211277
-6.7,-5.996786861313902
-6.9,-5.676709677419377
-5.2,-5.853519662921346
-6.6,-6.227536585365849
-6.2,-5.7215399737877135
-6.403,-5.866510739856797
-6.461,-5.866510739856797
-9.5,-9.566170301142526
-10.1,-9.800857282311608
-10.4,-10.207514743589618
-5.9,-5.759012681159391
-6.1,-5.759012681159391
-7.0,-7.673363004172487
-6.258,-5.759012681159391
-6.094,-5.759012681159391
-10.7,-10.965640692641063
-6.3,-5.7215399737877135
-10.2,-10.06944848596773
-10.7,-10.690875062220226
-6.1,-5.7215399737877135
-8.0,-8.652943618881128
-6.4,-5.679077348066324
-11.4,-10.371127993490038
-7.4,-6.224461822660065
-6.5,-5.974037147102512
-11.8,-10.245893998441185
-6.7,-5.676709677419377
-5.4,-5.676709677419377
-5.8,-5.723116429495456
-6.5,-5.754342635658951
-7.0,-5.871803303303314
-6.3,-6.168091392136065
-6.4,-6.253580454928431
-8.1,-7.41957142857143
-5.909,-5.906879240162845
-10.2,-9.134270120724343
-10.6,-10.375457313284848
-6.3,-5.853519662921346
-7.5,-6.085523166023176
-6.3,-6.253580454928431
-6.2,-6.196106040268499
-9.07,-9.067101525512992
-8.2,-9.172946324387462
-6.4,-6.162827439886862
-6.051,-5.871803303303314
-10.4,-9.167769516728624
-10.78,-9.560290935672441
-6.0,-6.672648922686956
-11.2,-9.477019873969963
-8.7,-9.414471910112356
-5.6,-6.142781704781728
-9.8,-9.824687447346221
-8.3,-9.092518664047114
-6.7,-5.759012681159391
-9.9,-9.273322881921304
-11.1,-10.587855628655158
-8.5,-9.531600873362452
-6.6,-6.075806354009106
-7.1,-7.369777911164371
-5.1,-5.59660428849902
-5.254,-5.903001785714288
-6.9,-5.723116429495456
-5.94,-5.676709677419377
-9.1,-9.13374427994629
-8.2,-9.96193352741387
-5.7,-5.759012681159391
-6.1,-5.688220379146955
-6.3,-5.688220379146955
-5.8,-5.825100371747208
-9.2,-9.530226817042609
-7.5,-8.047558095238092
-6.4,-6.11665633423181
-12.9,-11.199467062224576
-8.7,-8.22174502923975
-5.9,-5.679077348066324
-6.2,-5.688220379146955
-6.335,-5.676709677419377
-6.589,-5.676709677419377
-11.5,-11.32281928581756
-8.3,-8.481455462184893
-6.9,-5.754342635658951
-6.8,-5.754342635658951
-7.4,-6.14780095541403
-6.4,-5.866510739856797
-8.9,-8.368276785714283
-9.7,-10.751968425513844
-6.0,-5.903001785714288
-6.6,-5.903001785714288
-8.008,-8.286833333333348
-10.4,-9.824687447346221
-8.0,-7.741933774834481
-3.9,-5.563293598233999
-10.1,-9.134270120724343
-7.6,-8.481455462184893
-13.1,-11.326887803819723
-6.9,-6.075806354009106
-9.078,-8.337675862068968
-10.3,-9.87937483443707
-6.6,-6.075806354009106
-10.3,-10.249212951734227
-5.918,-5.759012681159391
-6.2,-5.688220379146955
-6.5,-6.142781704781728
-10.5,-10.274556341206335
-6.6,-5.759012681159391
-9.1,-8.564130516431877
-6.6,-6.091579119086481
-8.7,-8.946662774725208
-9.3,-9.865273516642583
-5.4,-5.926035943517362
-7.1,-7.624389215162895
-5.1,-5.9577504950495195
-10.2,-9.381872000000003
-6.3,-5.990876513317229
-7.9,-7.673363004172487
-6.768,-5.9577504950495195
-9.5,-9.566170301142526
-9.7,-9.345191765369474
-11.7,-10.896513092086062
-11.1,-10.210849551856684
-7.9,-8.554814696485527
-9.2,-8.763070123747752
-6.3,-5.723116429495456
-6.0,-5.98536485097642
-8.1,-8.312929833417433
-6.458,-5.759012681159391
-8.264,-9.118296863237218
-4.78,-5.679077348066324
-6.098,-5.679077348066324
-6.1,-5.676709677419377
-6.7,-5.676709677419377
-8.6,-9.386083267871163
-8.6,-9.789792939719243
-5.455,-5.903001785714288
-6.0,-5.974037147102512
-7.6,-6.075806354009106
-10.6,-9.63399728813548
-5.4,-5.679077348066324
-9.0,-10.169059819929975
-6.7,-6.142781704781728
-5.7,-5.990876513317229
-10.2,-9.231935624658945
-9.4,-8.856112973948932
-8.663,-9.287893725992301
-8.296,-9.287893725992301
-8.314,-9.287893725992301
-9.5,-9.278680422747856
-6.9,-5.7215399737877135
-9.6,-9.204902957965768
-9.309,-9.81061177552896
-6.3,-6.142781704781728
-10.9,-10.327206428571687
-5.8,-5.723116429495456
-9.2,-9.556077339901407
-5.2,-6.142781704781728
-7.1,-8.056566833452443
-9.1,-10.073072413793158
-6.2,-6.075806354009106
-10.4,-10.443467784979202
-8.8,-8.431253099173542
-7.3,-7.815071207430368
-6.6,-6.302999410377362
-6.2,-5.676709677419377
-5.7,-5.676709677419377
-6.348,-5.903001785714288
-9.238,-7.811087193460489
-8.8,-10.139005588079092
-6.3,-6.507622073578599
-7.1,-5.988679161372291
-8.9,-9.134270120724343
-7.6,-7.363311814073554
-10.29,-9.386083267871163
-6.5,-5.676709677419377
-6.8,-6.227536585365849
-9.4,-9.30263058186739
-6.3,-6.168091392136065
-6.1,-6.075806354009106
-6.5,-6.365825282631121
-7.1,-5.866510739856797
-10.3,-9.865273516642583
-9.2,-9.94870424567183
-11.3,-10.002645526225733
-9.7,-9.519502296211277
-9.6,-9.530226817042609
-6.7,-6.830340189873407
-8.0,-8.79963565217394
-10.63,-10.545715842269182
-7.6,-7.253551067073162
-9.1,-9.404362060173362
-6.6,-5.676709677419377
-4.1,-5.903001785714288
-6.4,-5.723116429495456
-8.2,-8.337675862068968
-5.6,-5.759012681159391
-9.8,-10.896513092086062
-4.7,-5.622510357815422
-5.8,-5.874944347826079
-12.9,-11.365322685435785
-6.1,-5.988679161372291
-10.2,-9.8228386683738
-8.6,-9.730471559092145
-6.0,-5.679077348066324
-5.8,-5.679077348066324
-5.6,-5.672419161676631
-5.8,-6.507622073578599
-7.6,-8.577299251870315
-9.3,-9.092518664047114
-9.3,-9.197097628240464
-6.1,-5.988679161372291
-9.4,-9.625456054687504
-10.7,-9.437355329949249
-6.3,-6.227536585365849
-6.8,-6.075806354009106
-7.865,-8.577299251870315
-6.6,-7.363311814073554
-9.4,-9.064161554192172
-5.4,-5.688220379146955
-8.874,-9.119554509235819
-5.6,-6.075806354009106
-8.9,-10.279645299145319
-10.54,-9.162062317429537
-9.5,-10.173668220946809
-9.9,-10.409618834080826
-5.65,-5.679077348066324
-10.1,-9.884366110304747
-10.0,-9.01321089042643
-6.532,-5.688220379146955
-8.9,-8.531264487369997
-7.0,-5.9577504950495195
-6.0,-5.676709677419377
-9.4,-9.197097628240464
-9.0,-9.202639473684199
-7.0,-7.021831699346406
-8.7,-8.36118969219767
-9.603,-10.113026072041238
-8.5,-9.297945655820032
-5.2,-5.988679161372291
-7.0,-7.174515337423311
-8.5,-8.789968442483884
-11.0,-9.720317073170722
-10.8,-9.560290935672441
-7.0,-7.164756944444477
-8.3,-9.024362092391355
-9.6,-9.489431192660561
-10.1,-10.598233974358674
-9.1,-9.236848184818465
-9.6,-11.230213800500481
-9.3,-9.195528368794399
-11.0,-10.775180180180225
-8.6,-9.593084253341068
-8.8,-9.260568047337243
-11.0,-10.345183363148509
-9.1,-9.287893725992301
-8.8,-10.117051682692328
-5.1,-5.866510739856797
-9.5,-9.381872000000003
-6.1,-6.11665633423181
-7.9,-7.624389215162895
-8.268,-8.554814696485527
-9.1,-9.471554289142144
-9.1,-8.705771816037727
-6.1,-6.887006451612897
-8.7,-10.025992482730377
-9.9,-9.618941769091137
-11.1,-9.68360588487968
-8.2,-8.140421778584368
-11.8,-10.617672347267153
-6.304,-7.108697592067968
-7.963,-8.856112973948932
-7.7,-7.225673110720551
-7.8,-8.337675862068968
-7.9,-7.4665019564001405
-11.8,-10.933150150150448
-6.0,-5.882660924750675
-9.2,-9.353115697990104
-10.4,-10.789868189011784
-9.5,-8.573072822822915
-9.6,-9.730471559092145
-8.241,-8.33278282828279
-7.7,-7.790179966044098
-11.1,-11.124252740651855
-11.6,-11.35171751574131
-8.8,-8.01522978723408
-8.3,-9.067101525512992
-8.7,-7.253551067073162
-6.4,-6.307834990059686
-10.9,-9.353115697990104
-6.6,-6.11326911314985
-4.8,-5.616499999999972
-7.2,-8.36118969219767
-6.8,-7.315269194312837
-7.6,-8.473454545454548
-6.9,-8.763070123747752
-5.8,-6.142781704781728
-7.3,-6.091579119086481
-7.4,-8.750710361445812
-9.3,-9.14182244318176
-9.0,-8.965608906392008
-9.2,-8.33278282828279
-9.249,-9.537229341099382
-7.2,-6.56563012392755
-6.3,-5.759012681159391
-6.9,-7.222745068285248
-7.2,-7.36792171344167
-6.8,-7.498673469387754
-8.3,-9.679337245213487
-8.2,-7.69652780930752
-10.6,-9.269009018294204
-10.0,-9.477019873969963
-6.7,-7.741933774834481
-10.1,-10.202302235469254
-6.0,-5.871803303303314
-5.1,-5.882660924750675
-4.9,-5.720673913043491
-6.1,-6.11665633423181
-6.8,-6.142781704781728
-6.9,-6.091579119086481
-8.7,-9.134270120724343
-8.0,-8.729489867841306
-6.4,-6.257396484374988
-6.3,-6.645588926174454
-6.4,-6.075806354009106
-7.2,-6.196106040268499
-6.7,-6.085523166023176
-7.4,-6.158116666666673
-6.9,-6.142781704781728
-8.8,-9.03414955403442
-7.6,-8.749711270259992
-7.1,-7.63051183970865
-8.8,-9.345191765369474
-6.8,-6.196106040268499
-6.7,-6.208286541244597
-9.6,-9.262795224312576
-6.9,-6.142781704781728
-6.6,-6.11665633423181
-8.561,-10.329110492845938
-10.5,-10.375457313284848
-9.9,-10.189062524423623
-8.9,-9.679337245213487
-9.7,-9.696832888097294
-7.1,-9.07717215909078
-8.5,-8.789968442483884
-10.1,-9.297945655820032
-9.7,-9.8228386683738
-6.8,-8.296806930693052
-6.3,-7.624389215162895
-10.9,-10.760719803370833
-11.2,-9.63693127147763
-8.262,-7.685712691771241
-11.2,-9.590592670157056
-5.0,-6.168091392136065
-8.0,-8.357050953422934
-8.5,-10.273984139894651
-9.2,-9.067101525512992
-5.2,-5.616499999999972
-9.404,-9.269009018294204
-7.5,-8.789968442483884
-12.9,-11.039992713666795
-11.0,-9.647840301003313
-8.2,-9.057016042780777
-8.2,-7.685712691771241
-7.3,-7.99113262999247
-9.3,-9.13374427994629
-6.3,-6.115879310344838
-10.4,-10.960132407206439
-6.2,-5.98536485097642
-6.9,-8.129067937033977
-8.6,-8.368276785714283
-9.5,-9.30263058186739
-7.5,-7.1316759776537015
-9.2,-9.064161554192172
-9.8,-10.170537122483427
-8.2,-10.06944848596773
-11.9,-10.878719105691042
-8.7,-9.590592670157056
-9.8,-9.8228386683738
-9.3,-9.191524216524181
-7.4,-7.071474847982282
-10.0,-8.946662774725208
-8.2,-7.815071207430368
-8.2,-9.273322881921304
-9.4,-8.129067937033977
-9.974,-9.314469636863018
-10.0,-9.269009018294204
-9.821,-9.935457907159623
-7.7,-8.0987192771084
-9.4,-10.981451145806899
-12.1,-10.961749718995856
-9.8,-10.961749718995856
-8.7,-9.104237406716422
-10.6,-9.94870424567183
-8.2,-7.99113262999247
-10.7,-9.487985734664651
-10.7,-9.182705583756333
-10.52,-9.586871526195909
-10.7,-9.724623437500039
-10.4,-9.87937483443707
-8.8,-9.599561469265376
-8.3,-8.294944567627478
-9.0,-9.422880422691742
-9.79,-10.231114362496275
-9.1,-10.59850927663082
-7.0,-8.969353654743438
-9.3,-10.154476876211643
-11.1,-10.960132407206439
-10.6,-10.310953341546568
-11.4,-9.696832888097294
-12.9,-11.230213800500481
-8.5,-8.357050953422934
-9.3,-9.118296863237218
-9.5,-10.098355566218707
-10.3,-9.477019873969963
-8.9,-10.159544307469465
-10.5,-9.477019873969963
-7.7,-7.86431656804737
-9.9,-11.241886000987177
-10.4,-10.097936067997036
-10.6,-10.254178160919286
-10.9,-9.589716836734729
-10.2,-10.249212951734227
-6.1,-6.556769706336977
-10.0,-9.730471559092145
-11.2,-10.896513092086062
-8.7,-9.276469020866816
-7.2,-9.158590005521745
-9.9,-9.383893991206518
-9.1,-10.117051682692328
-8.9,-9.057016042780777
-8.1,-8.12038461538462
-10.4,-9.649782608695627
-11.6,-10.617672347267153
-8.7,-9.119554509235819
-9.9,-9.643968732858033
-11.75,-11.241886000987177
-9.1,-10.446000313038601
-9.6,-11.485132241215618
-9.2,-9.477019873969963
-9.2,-9.68360588487968
-8.9,-9.749211067193631
-9.5,-10.279645299145319
-8.5,-9.231935624658945
-9.195,-10.279645299145319
-9.306,-8.357050953422934
-11.6,-10.80524408924384
-7.3,-7.213823529411755
-9.768,-10.327206428571687
-8.5,-9.422880422691742
-7.9,-8.294944567627478
-12.0,-10.587855628655158
-8.7,-10.073239845653791
-9.7,-9.197097628240464
-9.166,-9.234113573407138
-12.3,-10.443467784979202
-13.4,-11.497487587644539
-10.2,-10.353801675977621
-9.7,-9.537229341099382
-9.143,-9.775921787709496
-9.2,-10.159544307469465
-11.1,-10.631719345139137
-8.7,-8.208959033613434
-9.9,-10.097936067997036
-9.8,-10.097936067997036
-9.077,-9.96193352741387
-11.0,-10.598233974358674
-8.535,-9.775921787709496
-10.9,-10.156944402420255
-8.8,-8.547336925287402
-10.44,-9.843469770254252
-9.6,-9.463300805729585
-8.8,-9.024362092391355
-9.596,-10.202302235469254
-9.5,-9.335616040955763
-11.3,-10.654898132427888
-9.7,-9.935457907159623
-10.9,-10.202302235469254
-10.9,-9.800857282311608
-11.3,-9.800857282311608
-11.3,-9.590592670157056
-9.0,-9.202639473684199
-9.8,-10.203993682132364
-6.3,-5.990876513317229
-8.3,-9.158590005521745
-9.9,-11.104953967292365
-7.9,-9.96193352741387
-10.2,-10.112781954887234
-11.81,-10.503982911825
-10.78,-11.039992713666795
-9.12,-8.103163793103448
-11.1,-10.210849551856684
-9.7,-9.618941769091137
-8.5,-9.643968732858033
-9.7,-10.933150150150448
-7.7,-9.537229341099382
-12.2,-10.878719105691042
-10.0,-9.96193352741387
-10.8,-9.537229341099382
-10.2,-9.789792939719243
-8.4,-9.30263058186739
-10.4,-9.560290935672441
-11.1,-11.34462627930019
-8.557,-9.696832888097294
-11.0,-9.643968732858033
-9.4,-9.474801869158803
-9.476,-10.170537122483427
-13.0,-11.204617476277999
-9.2,-10.039570142535649
-9.7,-10.039570142535649
-8.3,-9.282491989058324
-7.8,-8.856112973948932
-8.5,-9.119554509235819
-10.4,-10.661113730928959
-8.2,-7.69652780930752
-9.5,-10.06944848596773
-11.1,-9.935457907159623
-9.3,-9.560290935672441
-8.8,-10.62354747774508
-8.1,-8.719483669214728
-12.0,-9.932215875517212
-10.78,-10.025992482730377
-7.9,-8.578956403269745
-7.796,-9.260568047337243
-9.0,-9.297945655820032
-6.3,-7.192323529411748
-10.1,-10.073239845653791
-8.0,-9.519502296211277
-7.672,-8.965608906392008
-11.4,-10.878719105691042
-9.8,-10.07342754689247
-5.4,-5.5874615384615
-8.334,-9.278680422747856
-9.6,-10.369323931978556
-12.6,-10.622321897073522
-8.6,-10.327206428571687
-10.2,-10.375457313284848
-8.0,-8.757095890411016
-8.0,-8.705771816037727
-11.0,-10.002645526225733
-9.6,-9.202639473684199
-9.4,-9.63693127147763
-10.4,-10.961749718995856
-11.2,-10.06944848596773
-7.9,-6.8306684491979
-10.2,-10.032241706161145
-10.6,-9.789792939719243
-8.3,-9.152561971130007
-10.3,-10.279645299145319
-9.0,-10.060919439213544
-10.6,-10.375161849710837
-9.7,-10.002645526225733
-8.171,-9.276469020866816
-8.9,-9.234113573407138
-10.0,-9.309406779661005
-9.0,-9.064161554192172
-9.3,-10.254178160919286
-12.2,-10.751968425513844
-8.3,-9.463300805729585
-12.1,-10.598233974358674
-11.7,-10.878719105691042
-10.5,-10.122691239585706
-9.1,-9.042252390057302
-3.9,-5.595277573529464
-8.3,-8.652943618881128
-10.1,-10.329110492845938
-8.1,-8.554814696485527
-13.0,-11.411657320872267
-4.2,-5.563293598233999
-9.0,-9.118296863237218
-10.0,-9.430625498007927
-10.5,-9.331734673366782
-10.3,-10.961749718995856
-8.6,-9.68360588487968
-8.6,-9.01321089042643
-11.79,-11.168938967136517
-8.2,-8.368276785714283
-8.5,-9.262795224312576
-8.0,-9.262795224312576
-8.4,-10.07342754689247
-8.2,-10.07342754689247
-9.6,-9.231935624658945
-9.0,-8.286833333333348
-9.7,-10.326255980239072
-8.7,-9.766168627450952
-10.9,-10.961749718995856
-8.3,-8.729489867841306
-11.5,-11.194322209166177
-9.6,-10.097936067997036
-9.0,-10.87235869565218
-7.2,-8.879823975720981
-10.6,-10.961749718995856
-6.2,-6.600283618581924
-10.94,-9.611018617021266
-10.01,-9.386083267871163
-11.1,-11.32281928581756
-8.3,-9.024362092391355
-8.2,-8.554814696485527
-8.385,-8.337675862068968
-7.8,-7.502472484713669
-9.3,-9.539230225745365
-9.2,-8.946662774725208
-9.6,-8.830465741543879
-9.1,-9.135183368869937
-9.8,-10.169059819929975
-5.3,-5.688220379146955
-8.2,-9.191524216524181
-7.8,-8.652943618881128
-8.7,-10.35579052618489
-8.8,-8.429224089635863
-9.53,-8.259986301369844
-8.1,-8.063542780748657
-9.4,-10.661113730928959
-10.4,-9.537229341099382
-7.8,-8.377283803863389
-7.0,-6.629373035566649
-8.3,-9.214922855773766
-9.219,-9.430625498007927
-7.2,-7.741933774834481
-9.5,-10.622321897073522
-9.1,-9.162062317429537
-6.1,-7.143367487684678
-9.5,-8.431253099173542
-7.6,-7.05667417311757
-12.0,-11.359624153498594
-10.5,-9.118296863237218
-10.58,-9.927968981922104
-8.4,-9.057016042780777
-11.3,-10.326255980239072
-8.9,-8.312929833417433
-9.4,-10.339810627767417
-9.7,-9.741632049786041
-9.854,-9.477019873969963
-7.9,-7.05667417311757
-7.6,-9.260568047337243
-4.7,-5.471196226415117
-10.55,-9.554709876543134
-8.1,-7.674183246073238
-9.6,-9.537229341099382
-8.587,-9.586871526195909
-12.2,-11.497487587644539
-9.4,-9.586871526195909
-7.9,-7.69652780930752
-11.4,-9.94086232149359
-7.3,-7.2324631410256215
-7.2,-7.2324631410256215
-8.7,-8.840539782244578
-8.4,-8.25481083032499
-9.45,-9.458665127020788
-9.4,-9.177827707660727
-5.4,-6.058083591331261
-9.3,-9.346312432432317
-6.9,-6.545336065573737
-11.7,-11.373810587663787
-11.9,-11.373810587663787
-8.8,-9.057016042780777
-7.0,-9.057016042780777
-9.4,-8.840539782244578
-9.0,-9.182705583756333
-5.2,-5.866510739856797
-8.1,-9.152561971130007
-9.8,-9.314469636863018
-10.7,-10.375457313284848
-8.605,-6.789144117647073
-8.6,-8.035434518647023
-7.941,-7.2802352941176585
-9.009,-9.81061177552896
-9.358,-10.87235869565218
-10.2,-9.884226856561542
-9.3,-8.846786904078071
-8.3,-8.140421778584368
-8.5,-7.797286666666712
-7.7,-8.129067937033977
-9.6,-8.578956403269745
-10.4,-9.884226856561542
-10.2,-10.267622738386395
-5.4,-5.9400054945055
-6.3,-5.974037147102512
-5.5,-5.974037147102512
-8.5,-7.638048305084777
-9.9,-9.749211067193631
-8.2,-8.705771816037727
-8.7,-8.705771816037727
-10.0,-9.679337245213487
-9.8,-9.353115697990104
-11.2,-9.720317073170722
-11.5,-10.392408481394622
-10.7,-10.443467784979202
-10.7,-10.421542474834201
-10.9,-10.274556341206335
-8.802,-9.537229341099382
-6.0,-6.032409574468128
-6.1,-5.988679161372291
-11.0,-10.34285691801402
-8.4,-8.705771816037727
-10.1,-10.279645299145319
-8.8,-9.884366110304747
-10.2,-10.117051682692328
-10.9,-10.53469232231097
-7.3,-8.719483669214728
-10.58,-9.927968981922104
-11.5,-11.076125128469291
-7.2,-9.035305272485562
-10.2,-10.073072413793158
-10.56,-9.884226856561542
-9.713,-9.775921787709496
-8.9,-8.704823699421969
-6.1,-6.269469223907259
-7.5,-7.143367487684678
-7.1,-8.04744460500967
-10.4,-9.331161350148168
-10.7,-9.331161350148168
-10.2,-9.331161350148168
-6.8,-6.691142857142844
-7.2,-7.05667417311757
-8.1,-7.315670391061458
-12.5,-11.24733971742564
-9.9,-10.878719105691042
-11.2,-11.168938967136517
-6.512,-6.779212475633503
-8.4,-7.502472484713669
-12.0,-11.251278864353388
-11.9,-11.251278864353388
-11.8,-11.251278864353388
-7.6,-9.067101525512992
-8.5,-8.578956403269745
-7.943,-9.538304075235088
-8.436,-9.538304075235088
-7.7,-7.41957142857143
-8.7,-9.344957359813124
-9.941,-10.210849551856684
-10.32,-10.267622738386395
-8.1,-8.531264487369997
-8.7,-8.729489867841306
-9.719,-10.210849551856684
-9.9,-9.284574638844374
-5.7,-6.361751728907307
-8.7,-9.01321089042643
-7.9,-8.259986301369844
-10.7,-9.325018090154146
-7.3,-8.103163793103448
-8.4,-10.29503344735824
-8.0,-9.135183368869937
-8.2,-7.653566523605146
-7.8,-7.653566523605146
-9.8,-9.94870424567183
-9.5,-9.489431192660561
-8.6,-9.273322881921304
-7.0,-7.346084639498411
-6.6,-7.498673469387754
-7.6,-8.129067937033977
-10.3,-9.865273516642583
-8.8,-9.191524216524181
-4.5,-5.874944347826079
-8.7,-9.043439334637975
-10.3,-10.503982911825
-8.9,-8.945762711864404
-11.7,-9.96522785665982
-9.6,-9.330267645543737
-10.95,-10.326255980239072
-9.8,-10.04113683373121
-9.6,-9.202639473684199
-8.6,-8.259986301369844
-7.5,-7.52483108108109
-8.014,-8.103163793103448
-11.72,-11.699381521963572
-8.6,-8.554814696485527
-9.765,-10.339810627767417
-7.8,-8.063542780748657
-9.5,-9.353115697990104
-10.1,-9.474801869158803
-7.6,-7.4665019564001405
-8.9,-9.884226856561542
-7.1,-7.315670391061458
-9.565,-10.173668220946809
-11.9,-11.050860896445176
-7.5,-7.4665019564001405
-9.6,-9.172946324387462
-8.6,-9.262795224312576
-11.3,-10.961827724048947
-8.4,-8.481455462184893
-8.1,-8.357050953422934
-10.1,-10.173668220946809
-10.1,-9.282491989058324
-8.7,-8.757095890411016
-9.9,-9.404362060173362
-8.0,-8.129067937033977
-9.5,-9.381872000000003
-8.7,-10.21490349360072
-10.8,-9.96193352741387
-11.1,-11.194322209166177
-9.6,-9.464935705209838
-7.6,-7.811082733812988
-5.6,-5.672419161676631
-10.5,-10.589670482296325
-6.9,-6.067696612665735
-8.1,-8.656899869394936
-4.4,-5.498132841328419
-8.7,-9.386083267871163
-9.3,-10.060919439213544
-10.1,-9.526290060851883
-10.4,-9.63693127147763
-6.0,-7.165567307692315
-10.6,-10.066474880382703
-8.2,-8.157600000000015
-10.2,-9.404362060173362
-7.3,-8.531264487369997
-7.6,-8.431253099173542
-9.4,-9.191524216524181
-7.4,-8.351439457202526
-6.7,-6.028303197353929
-8.2,-8.377283803863389
-6.4,-6.473859569648947
-9.8,-9.590592670157056
-9.5,-9.204902957965768
-10.7,-10.310953341546568
-8.6,-9.196033185840712
-6.793,-8.382111029411764
-10.32,-10.2669892703865
-7.3,-6.821758849557509
-10.3,-10.421542474834201
-9.0,-10.097936067997036
-9.6,-8.33278282828279
-8.6,-8.33278282828279
-9.6,-10.210849551856684
-7.8,-8.729489867841306
-8.6,-8.830465741543879
-8.4,-8.705771816037727
-8.4,-9.182705583756333
-5.7,-6.629373035566649
-10.8,-9.599561469265376
-9.9,-10.199577117863853
-10.0,-10.203993682132364
-7.3,-7.2299120879120915
-7.5,-7.2299120879120915
-8.2,-9.404362060173362
-8.7,-8.578956403269745
-9.7,-8.300445407279032
-9.8,-10.210849551856684
-8.8,-9.197097628240464
-8.5,-8.652943618881128
-5.5,-6.971704022988489
-7.7,-8.349450334821462
-8.5,-8.757095890411016
-8.7,-8.047558095238092
-9.4,-9.789792939719243
-9.5,-10.254178160919286
-6.5,-5.853519662921346
-9.8,-11.064592568016339
-5.2,-5.597413592233014
-7.9,-8.157600000000015
-9.5,-9.437355329949249
-6.9,-8.564130516431877
-11.55,-11.204617476277999
-12.4,-11.241886000987177
-8.6,-9.162062317429537
-10.3,-10.159544307469465
-7.8,-8.300445407279032
-7.527,-7.225673110720551
-7.0,-5.9577504950495195
-10.0,-9.643968732858033
-9.6,-9.537229341099382
-9.5,-9.537229341099382
-9.6,-9.353115697990104
-9.4,-9.586871526195909
-9.5,-10.139005588079092
-10.3,-9.832688135593317
-5.8,-5.688220379146955
-9.1,-8.958044226044246
-9.1,-9.381872000000003
-5.8,-5.882660924750675
-8.0,-8.564130516431877
-8.0,-8.595981047937576
-10.6,-10.520662112454014
-8.8,-9.158590005521745
-10.4,-9.297945655820032
-9.1,-9.092518664047114
-8.123,-7.560573454913898
-6.7,-7.2802352941176585
-10.8,-9.719640356460747
-10.1,-10.094690590111751
-9.0,-9.519502296211277
-6.853,-7.222745068285248
-8.1,-8.879823975720981
-7.1,-7.192323529411748
-8.1,-8.652943618881128
-7.6,-7.560573454913898
-8.0,-7.797286666666712
-8.8,-8.856112973948932
-7.7,-8.418291463414711
-6.3,-6.057850210970484
-8.2,-9.042252390057302
-7.9,-7.99113262999247
-9.0,-8.300445407279032
-12.5,-10.88772033481043
-8.6,-9.195528368794399
-9.8,-9.789792939719243
-11.46,-11.247649696173669
-7.4,-8.357050953422934
-9.4,-10.117051682692328
-10.6,-11.146332368268736
-10.9,-10.279645299145319
-10.9,-10.421542474834201
-7.7,-7.883204513399187
-8.2,-10.176023112480726
-8.6,-10.176023112480726
-6.1,-7.15428659793819
-8.6,-8.429224089635863
-7.7,-7.6998263254113235
-7.813,-8.531264487369997
-9.6,-10.210849551856684
-10.1,-9.563852004716871
-9.0,-9.182705583756333
-8.2,-8.840539782244578
-11.0,-9.265716088328158
-8.865,-8.157600000000015
-7.4,-7.57876690391459
-6.3,-5.874944347826079
-8.4,-8.939747605010982
-11.3,-11.039992713666795
-9.0,-9.177827707660727
-9.033,-9.404362060173362
-8.881,-9.297945655820032
-7.8,-8.531264487369997
-7.4,-7.244073089701004
-10.3,-10.878719105691042
-7.7,-9.273322881921304
-11.2,-9.8228386683738
-8.9,-8.531264487369997
-10.3,-9.278680422747856
-7.7,-8.294944567627478
-9.1,-9.043439334637975
-10.4,-10.690875062220226
-9.5,-9.884366110304747
-8.4,-9.566170301142526
-6.9,-6.566577319587651
-8.1,-8.946662774725208
-8.513,-10.327206428571687
-8.3,-9.01321089042643
-7.4,-6.779212475633503
-8.2,-8.129067937033977
-9.2,-9.335616040955763
-11.0,-10.249212951734227
-7.6,-7.999361153262519
-9.6,-10.279645299145319
-10.4,-9.789792939719243
-11.1,-10.574087346615878
-8.7,-8.368276785714283
-9.6,-9.330267645543737
-11.6,-10.503982911825
-8.4,-8.958044226044246
-7.8,-9.064161554192172
-9.0,-8.564130516431877
-7.5,-8.595981047937576
-7.8,-8.368276785714283
-12.06,-10.587855628655158
-9.9,-9.618941769091137
-8.9,-8.652943618881128
-10.5,-9.381872000000003
-10.5,-10.878719105691042
-6.3,-7.143367487684678
-6.3,-7.143367487684678
-6.4,-7.369777911164371
-8.9,-9.537229341099382
-11.6,-10.326255980239072
-7.7,-8.01522978723408
-8.2,-8.939747605010982
-4.0,-5.483823529411771
-8.7,-9.029631234950177
-6.8,-6.753403990024985
-8.6,-9.057016042780777
-8.9,-9.13374427994629
-9.2,-9.07973813169975
-9.5,-9.182705583756333
-9.384,-9.167769516728624
-10.0,-9.68360588487968
-10.4,-10.392408481394622
-7.5,-8.129143160127263
-11.6,-10.760719803370833
-8.4,-8.063542780748657
-7.5,-8.005825229960632
-8.7,-8.820570458404083
-11.1,-10.965640692641063
-7.8,-7.674183246073238
-11.0,-10.375457313284848
-10.13,-9.87937483443707
-8.7,-10.34285691801402
-9.8,-10.04113683373121
-9.2,-9.19059196484618
-9.0,-10.202302235469254
-11.2,-10.094690590111751
-9.8,-10.279645299145319
-9.1,-10.245893998441185
-7.602,-8.79963565217394
-9.1,-8.400503441494589
-9.9,-9.278680422747856
-10.3,-10.392408481394622
-12.17,-11.064592568016339
-8.3,-8.33278282828279
-10.3,-9.8228386683738
-12.4,-10.443467784979202
-8.7,-8.481455462184893
-10.4,-9.832688135593317
-9.6,-9.586871526195909
-10.4,-9.189133157894696
-5.1,-5.9577504950495195
-11.7,-11.35171751574131
-10.5,-11.168938967136517
-8.5,-8.45188629518079
-5.3,-5.622510357815422
-8.3,-6.745549999999956
-10.14,-10.64681010719746
-8.9,-9.383893991206518
-6.999,-6.858130715705815
-7.311,-7.315670391061458
-11.2,-10.210849551856684
-5.4,-6.085523166023176
-8.1,-9.297945655820032
-10.7,-9.487985734664651
-8.3,-8.656899869394936
-8.8,-9.204902957965768
-9.1,-9.042252390057302
-8.8,-9.269009018294204
-6.1,-7.502472484713669
-10.3,-9.935457907159623
-11.9,-10.942559598494395
-9.8,-9.625456054687504
-9.0,-9.63399728813548
-8.58,-8.206718918918936
-6.8,-7.2229162717219655
-9.3,-9.134270120724343
-8.9,-9.135183368869937
-9.487,-10.587855628655158
-8.8,-9.414471910112356
-10.1,-10.06944848596773
-8.7,-9.477019873969963
-9.7,-10.782228151585443
-9.816,-10.025992482730377
-7.8,-8.656899869394936
-8.4,-9.162062317429537
-8.9,-8.705771816037727
-5.9,-6.087046676096152
-10.4,-10.789868189011784
-11.66,-10.279033918527494
-6.1,-6.057850210970484
-9.021,-9.741632049786041
-6.2,-6.196106040268499
-9.5,-9.234113573407138
-12.0,-10.139005588079092
-7.9,-8.554814696485527
-8.0,-9.278680422747856
-10.2,-9.464935705209838
-9.2,-7.99113262999247
-10.2,-11.199467062224576
-8.3,-8.757095890411016
-11.3,-10.617672347267153
-6.7,-6.196106040268499
-6.5,-5.955646464646444
-8.2,-8.0987192771084
-7.8,-8.652943618881128
-8.3,-9.345191765369474
-10.54,-10.25103232030878
-10.83,-10.34285691801402
-5.9,-6.187388888888904
-11.6,-9.625456054687504
-9.7,-10.961749718995856
-10.5,-10.002645526225733
-8.5,-7.69652780930752
-8.2,-8.176771121351768
-9.8,-9.916629246676429
-11.0,-10.392408481394622
-9.1,-9.800857282311608
-10.5,-9.162062317429537
-8.5,-7.6998263254113235
-11.38,-11.247649696173669
-9.6,-9.152561971130007
-7.5,-7.369777911164371
-9.87,-10.025992482730377
-8.5,-9.189133157894696
-7.5,-7.57876690391459
-9.086,-10.961749718995856
-9.5,-9.68138252427183
-10.8,-9.530226817042609
-8.9,-8.879823975720981
-9.0,-10.203993682132364
-8.2,-8.652943618881128
-10.4,-9.519502296211277
-10.2,-9.68360588487968
-10.3,-9.927968981922104
-10.7,-10.782228151585443
-6.6,-7.211683783783783
-5.7,-5.974037147102512
-7.6,-8.344640149160924
-9.7,-10.587855628655158
-10.2,-10.20004461234067
-6.9,-7.071474847982282
-7.1,-7.040594427244588
-8.7,-9.474801869158803
-9.0,-8.719483669214728
-7.8,-8.652943618881128
-9.6,-9.927968981922104
-7.2,-8.176771121351768
-9.0,-9.563852004716871
-8.3,-8.656899869394936
-9.4,-9.260568047337243
-7.2,-8.129067937033977
-7.9,-9.158590005521745
-8.9,-9.386083267871163
-9.7,-9.537229341099382
-9.9,-9.649782608695627
-7.6,-8.79963565217394
-8.7,-8.157600000000015
-7.1,-7.2802352941176585
-9.0,-7.99113262999247
-10.32,-9.843469770254252
-9.9,-10.375457313284848
-5.5,-5.723116429495456
-10.8,-10.137278012279493
-10.2,-9.766168627450952
-7.7,-8.063542780748657
-10.8,-10.960132407206439
-9.2,-8.79963565217394
-9.1,-9.537229341099382
-8.5,-8.418291463414711
-7.0,-6.196106040268499
-5.4,-5.974037147102512
-12.9,-11.467196571205992
-7.9,-8.159658142664915
-7.6,-6.944149377593363
-11.3,-10.289905135415253
-8.6,-9.269009018294204
-9.8,-9.191524216524181
-6.4,-5.871803303303314
-12.3,-10.782228151585443
-8.1,-6.629373035566649
-13.0,-11.230213800500481
-9.295,-9.152561971130007
-7.6,-7.211683783783783
-10.7,-9.344957359813124
-9.6,-10.589670482296325
-9.8,-10.25103232030878
-7.1,-8.82477021276594
-10.2,-10.170537122483427
-10.5,-10.31908948740208
-12.8,-10.93767159383037
-8.5,-9.625456054687504
-5.9,-5.853519662921346
-8.2,-7.815071207430368
-6.9,-7.244073089701004
-8.4,-9.191524216524181
-8.8,-8.846786904078071
-9.0,-9.866212121212174
-7.1,-7.281719999999964
-7.8,-8.259986301369844
-6.8,-6.753403990024985
-9.7,-10.574087346615878
-8.9,-9.273322881921304
-7.668,-9.152561971130007
-7.9,-8.312929833417433
-11.7,-10.690875062220226
-7.4,-8.368276785714283
-10.9,-10.199577117863853
-9.3,-9.191524216524181
-11.5,-10.503982911825
-9.7,-9.50114759358294
-9.6,-9.162062317429537
-8.5,-9.152561971130007
-8.0,-7.222745068285248
-7.1,-6.971704022988489
-7.6,-7.301808538163014
-10.2,-10.274556341206335
-9.4,-9.344957359813124
-7.4,-8.757095890411016
-9.6,-9.195528368794399
-6.0,-6.253580454928431
-9.3,-9.381872000000003
-5.778,-6.887006451612897
-9.5,-9.189133157894696
-8.5,-8.578956403269745
-10.3,-9.618941769091137
-6.1,-5.866510739856797
-10.61,-10.097936067997036
-9.6,-9.177827707660727
-8.1,-7.811087193460489
-8.0,-8.418291463414711
-8.7,-9.217089238845167
-11.5,-10.421542474834201
-12.1,-11.204617476277999
-8.983,-9.94870424567183
-9.2,-8.377283803863389
-7.7,-7.904518659076527
-10.3,-9.345191765369474
-5.8,-5.98536485097642
-5.3,-6.196106040268499
-9.6,-10.202302235469254
-9.3,-10.339810627767417
-9.7,-10.598233974358674
-10.02,-9.824687447346221
-6.6,-7.123105395232126
-6.0,-6.905843727598533
-9.6,-10.375457313284848
-7.8,-7.904518659076527
-9.2,-9.276469020866816
-8.6,-9.13374427994629
-9.9,-9.63693127147763
-10.7,-10.032241706161145
-8.7,-9.024362092391355
-10.1,-9.286997762863528
-7.9,-8.063542780748657
-10.79,-10.421542474834201
-8.4,-7.401997641509453
-8.8,-9.566170301142526
-9.0,-9.368548085106305
-6.8,-6.142781704781728
-10.3,-10.249212951734227
-6.6,-7.281719999999964
-6.6,-6.952615782664948
-9.8,-10.234277510608287
-9.3,-9.057016042780777
-10.9,-11.064592568016339
-7.3,-7.315269194312837
-9.0,-9.368548085106305
-7.7,-7.947195439739413
-8.8,-9.092518664047114
-7.8,-9.19059196484618
-9.7,-9.850035897435843
-9.8,-9.94870424567183
-7.865,-8.294944567627478
-5.8,-6.257396484374988
-7.8,-8.211182825484764
-7.6,-8.063542780748657
-9.9,-9.746750561797716
-8.1,-7.99113262999247
-8.3,-9.057016042780777
-10.7,-10.090674319728066
-8.9,-10.264907311320798
-5.5,-5.996786861313902
-9.9,-9.284574638844374
-8.799,-8.879823975720981
-8.1,-7.884720472440917
-10.4,-10.375457313284848
-11.0,-10.245893998441185
-8.7,-9.202639473684199
-11.4,-10.339810627767417
-7.7,-8.294944567627478
-8.8,-9.260568047337243
-10.6,-10.375161849710837
-9.8,-8.946662774725208
-10.1,-8.946662774725208
-6.6,-5.906879240162845
-11.0,-10.060919439213544
-8.9,-10.264907311320798
-9.0,-10.421542474834201
-9.9,-9.38631529093348
-10.2,-9.68360588487968
-9.6,-9.625456054687504
-8.217,-8.129067937033977
-7.5,-7.2802352941176585
-7.2,-6.365825282631121
-8.8,-8.982653061224488
-7.601,-7.958822513812162
-10.39,-10.245893998441185
-8.5,-9.535109163346462
-8.0,-7.2802352941176585
-8.3,-9.182705583756333
-8.3,-8.705771816037727
-5.7,-5.7215399737877135
-11.17,-11.199467062224576
-7.9,-8.04744460500967
-6.6,-7.2802352941176585
-8.2,-8.578956403269745
-7.773,-9.167769516728624
-8.835,-8.0987192771084
-7.2,-7.99113262999247
-9.4,-9.789792939719243
-9.4,-9.337618659755668
-8.8,-9.03414955403442
-8.0,-8.554814696485527
-8.3,-9.337618659755668
-9.8,-10.249212951734227
-7.5,-7.560573454913898
-8.8,-10.173668220946809
-10.0,-10.066474880382703
-9.4,-10.066474880382703
-10.27,-9.471554289142144
-9.8,-9.68360588487968
-9.0,-9.884366110304747
-5.742,-6.365825282631121
-10.38,-11.286643185299239
-10.5,-10.073239845653791
-5.2,-5.723116429495456
-7.5,-8.846786904078071
-10.0,-9.024362092391355
-8.8,-7.673363004172487
-9.8,-9.96522785665982
-4.8,-5.5607244897959225
-7.3,-7.2324631410256215
-10.2,-9.643968732858033
-7.0,-8.33278282828279
-9.017,-8.103163793103448
-10.2,-9.68236831059801
-5.9,-6.187388888888904
-9.6,-10.002645526225733
-7.859,-8.400503441494589
-8.3,-9.19059196484618
-8.9,-10.094690590111751
-9.8,-9.694909638554272
-11.1,-11.286643185299239
-9.5,-9.618941769091137
-10.4,-10.29503344735824
-8.6,-9.386083267871163
-9.5,-9.437355329949249
-7.7,-7.2324631410256215
-7.8,-7.2324631410256215
-8.8,-9.265716088328158
-7.9,-8.856112973948932
-8.4,-9.414471910112356
-9.3,-9.19059196484618
-9.6,-9.297945655820032
-9.8,-9.50114759358294
-8.7,-9.135183368869937
-9.3,-9.586871526195909
-8.1,-9.330267645543737
-9.1,-9.182705583756333
-10.0,-9.404362060173362
-7.4,-6.944149377593363
-9.239,-10.025992482730377
-6.248,-5.871803303303314
-8.1,-9.162062317429537
-6.411,-7.638048305084777
-9.9,-9.81061177552896
-10.8,-10.099460461416168
-8.5,-8.103163793103448
-6.2,-7.022644268774574
-13.4,-11.648037861915554
-7.3,-7.1684285714285405
-9.5,-9.766168627450952
-5.5,-5.754342635658951
-11.0,-11.168938967136517
-12.3,-11.168938967136517
-11.8,-11.35171751574131
-9.4,-9.191524216524181
-9.6,-9.03414955403442
-10.3,-9.386083267871163
-10.6,-10.032241706161145
-11.0,-10.587855628655158
-10.79,-10.53469232231097
-8.0,-7.225673110720551
-9.3,-10.279645299145319
-10.5,-9.865273516642583
-8.3,-7.685712691771241
-9.029,-8.22174502923975
-9.3,-9.269009018294204
-9.9,-9.749211067193631
-7.4,-8.382111029411764
-5.3,-6.028303197353929
-6.9,-7.2311988795517745
-9.5,-9.537229341099382
-10.7,-10.751968425513844
-6.9,-7.223297224709039
-8.0,-7.560573454913898
-8.9,-9.009513805522248
-7.3,-8.208959033613434
-8.3,-8.656899869394936
-8.2,-8.656899869394936
-9.364,-9.537229341099382
-8.7,-8.294944567627478
-9.0,-9.832688135593317
-7.0,-7.213823529411755
-10.7,-9.832688135593317
-8.5,-8.88214884233733
-6.7,-7.167295454545431
-9.122,-9.13374427994629
-7.485,-8.607929016189278
-8.8,-9.346312432432317
-9.1,-8.578956403269745
-8.4,-9.404362060173362
-8.288,-9.749211067193631
-10.0,-8.763070123747752
-5.1,-5.59660428849902
-5.1,-5.471196226415117
-9.3,-9.618941769091137
-10.2,-9.94870424567183
-5.6,-6.307834990059686
-9.1,-9.01321089042643
-9.8,-10.139005588079092
-10.1,-10.443467784979202
-8.7,-8.763070123747752
-13.5,-11.703053496209062
-13.3,-11.660481832061292
-9.4,-10.279645299145319
-7.5,-7.253551067073162
-10.5,-10.443467784979202
-7.7,-8.140421778584368
-5.028,-5.622510357815422
-9.8,-10.207514743589618
-12.74,-11.199467062224576
-9.1,-9.214922855773766
-9.3,-9.618941769091137
-9.9,-9.152561971130007
-10.3,-9.537229341099382
-7.5,-8.431253099173542
-6.5,-7.435294117647059
-11.2,-10.617672347267153
-8.3,-8.337675862068968
-10.26,-10.002645526225733
-9.225,-9.790471961363414
-9.1,-9.162062317429537
-7.8,-8.323352284263944
-9.5,-9.196033185840712
-6.9,-6.911779097387133
-8.9,-9.537229341099382
-10.2,-9.68360588487968
-6.9,-7.502472484713669
-6.6,-7.502472484713669
-6.5,-7.502472484713669
-6.8,-7.502472484713669
-7.1,-7.502472484713669
-9.619,-9.669187002652569
-8.1,-7.790179966044098
-5.5,-5.595123913043474
-7.3,-8.263008908685963
-9.0,-9.152561971130007
-8.2,-9.162062317429537
-8.6,-9.024362092391355
-9.0,-9.46853997093009
-8.6,-8.965608906392008
-8.4,-9.067101525512992
-7.4,-8.652943618881128
-8.4,-8.22174502923975
-8.6,-9.13374427994629
-9.8,-9.63399728813548
-11.0,-11.039992713666795
-9.6,-9.471554289142144
-10.44,-9.94870424567183
-7.5,-7.685712691771241
-8.333,-8.29236201780417
-9.4,-10.35579052618489
-9.6,-10.279645299145319
-9.5,-9.191524216524181
-10.2,-10.170537122483427
-7.2,-7.790179966044098
-8.6,-7.653566523605146
-9.1,-9.404362060173362
-7.7,-7.174515337423311
-9.6,-9.260568047337243
-9.5,-9.884366110304747
-9.8,-10.21490349360072
-8.752,-8.965608906392008
-11.1,-10.066474880382703
-8.4,-9.057016042780777
-9.3,-9.331734673366782
-9.5,-10.375457313284848
-8.6,-9.104237406716422
-10.9,-9.335616040955763
-8.3,-8.595981047937576
-9.7,-8.554814696485527
-7.7,-8.735356129032283
-9.679,-9.13374427994629
-7.7,-6.944149377593363
-8.8,-8.057375095492764
-8.6,-9.19059196484618
-9.4,-9.539230225745365
-9.5,-10.690875062220226
-10.0,-9.775921787709496
-8.0,-8.605485559566763
-9.4,-9.96193352741387
-9.169,-9.824687447346221
-7.9,-7.281719999999964
-8.9,-8.840539782244578
-11.1,-10.446000313038601
-10.3,-10.751968425513844
-9.9,-9.789792939719243
-11.1,-10.661113730928959
-8.359,-8.789968442483884
-10.5,-9.800857282311608
-7.3,-7.52483108108109
-8.5,-7.99113262999247
-7.5,-7.363311814073554
-8.3,-9.067101525512992
-10.63,-11.247649696173669
-7.1,-8.229259223300968
-9.5,-9.643968732858033
-10.21,-9.865273516642583
-8.0,-9.07973813169975
-7.7,-8.705771816037727
-8.6,-7.363311814073554
-9.8,-10.279645299145319
-8.5,-9.092518664047114
-8.0,-8.294944567627478
-9.4,-9.189133157894696
-6.1,-6.11665633423181
-10.62,-10.63180395593428
-9.6,-9.167769516728624
-7.6,-8.750710361445812
-10.3,-9.832688135593317
-8.1,-7.315670391061458
-6.883,-7.624389215162895
-7.79,-7.57876690391459
-7.008,-7.624389215162895
-7.7,-9.009513805522248
-9.8,-10.173668220946809
-9.856,-9.353115697990104
-8.946,-9.269009018294204
-10.05,-9.566170301142526
-10.5,-10.503982911825
-8.9,-9.643968732858033
-9.2,-9.865273516642583
-6.4,-6.684131182795718
-10.4,-10.289905135415253
-9.981,-10.199577117863853
-11.44,-11.098930419268507
-12.74,-11.098930419268507
-8.087,-8.554814696485527
-10.5,-10.587855628655158
-10.0,-11.041089540199097
-8.7,-8.763070123747752
-6.9,-6.995946902654871
-5.2,-6.047248437500024
-7.4,-7.223297224709039
-10.5,-10.073072413793158
-8.202,-7.560573454913898
-9.8,-9.204902957965768
-9.919,-9.824687447346221
-9.5,-9.561797593771916
-6.7,-7.36792171344167
-9.1,-9.152561971130007
-9.1,-9.03414955403442
-10.37,-10.097936067997036
-7.8,-8.208959033613434
-8.812,-9.162062317429537
-7.3,-7.15428659793819
-8.9,-9.162062317429537
-8.7,-8.300445407279032
-7.6,-7.040594427244588
-6.8,-7.513711080586005
-9.086,-10.503982911825
-10.7,-10.369323931978556
-9.9,-10.326255980239072
-10.4,-10.310953341546568
-11.0,-9.81061177552896
-8.5,-9.234113573407138
-9.9,-9.464935705209838
-7.7,-8.656899869394936
-6.8,-6.1666666666666705
-9.6,-10.073239845653791
-9.5,-10.234277510608287
-8.7,-9.463300805729585
-10.5,-9.927968981922104
-9.1,-9.042252390057302
-7.4,-6.53941304347819
-9.9,-9.463300805729585
-10.1,-10.981451145806899
-10.1,-9.586871526195909
-9.0,-8.988834610472514
-7.7,-8.351439457202526
-10.3,-10.310953341546568
-4.8,-5.59660428849902
-8.5,-8.965608906392008
-9.3,-9.269009018294204
-7.4,-8.856112973948932
-9.6,-9.260568047337243
-8.3,-9.32617465224112
-10.3,-9.63399728813548
-10.1,-10.587855628655158
-7.1,-8.936312621359253
-8.4,-9.03414955403442
-11.0,-9.789792939719243
-9.9,-9.789792939719243
-7.9,-9.172946324387462
-10.73,-11.076125128469291
-9.7,-9.643968732858033
-11.5,-9.94870424567183
-9.7,-10.169059819929975
-11.4,-10.366324324323996
-8.2,-8.830465741543879
-11.5,-11.464203513654688
-12.3,-11.485132241215618
-12.2,-11.464203513654688
-11.7,-10.375457313284848
-12.1,-10.375161849710837
-7.4,-8.063542780748657
-8.4,-8.564130516431877
-9.7,-9.195528368794399
-10.2,-9.386083267871163
-9.8,-9.566170301142526
-8.5,-7.05667417311757
-8.7,-7.05667417311757
-7.8,-7.05667417311757
-8.9,-8.45188629518079
-8.0,-9.024362092391355
-10.1,-11.168938967136517
-10.2,-10.090674319728066
-8.7,-8.312929833417433
-11.4,-11.315650026182823
-10.2,-10.329110492845938
-8.0,-7.6998263254113235
-10.43,-9.694909638554272
-8.0,-9.381872000000003
-9.6,-10.060919439213544
-11.1,-10.032241706161145
-9.7,-9.269009018294204
-11.2,-10.170537122483427
-9.3,-9.766168627450952
-8.5,-8.140421778584368
-9.1,-9.366657953696778
-9.1,-10.199577117863853
-9.3,-9.422880422691742
-10.4,-9.214922855773766
-10.8,-10.878719105691042
-10.7,-10.443467784979202
-10.0,-9.775921787709496
-8.446,-7.369551020408159
-6.9,-7.2299120879120915
-7.6,-6.944149377593363
-6.7,-6.53941304347819
-6.5,-6.53941304347819
-8.0,-8.208959033613434
-8.2,-8.063542780748657
-6.0,-6.187388888888904
-9.8,-10.002645526225733
-10.1,-10.407649350649374
-7.7,-7.336730882352952
-9.4,-9.63399728813548
-9.1,-9.204902957965768
-9.6,-10.503982911825
-7.4,-7.1316759776537015
-9.0,-8.481455462184893
-11.63,-10.327206428571687
-10.5,-8.735356129032283
-10.3,-9.94870424567183
-9.8,-10.574087346615878
-4.6,-5.597413592233014
-10.8,-10.002645526225733
-7.1,-8.429224089635863
-9.5,-9.386083267871163
-10.0,-10.099460461416168
-11.7,-10.245893998441185
-8.6,-9.13374427994629
-10.7,-10.039570142535649
-7.1,-7.315269194312837
-7.1,-7.315269194312837
-13.4,-11.640460081190831
-9.4,-9.539230225745365
-10.2,-10.574087346615878
-9.914,-10.87235869565218
-8.3,-9.009513805522248
-9.2,-9.94086232149359
-7.4,-9.03414955403442
-8.4,-9.231935624658945
-8.2,-8.735356129032283
-8.0,-9.231935624658945
-9.9,-9.884226856561542
-7.291,-8.140421778584368
-6.9,-8.159658142664915
-9.2,-9.265716088328158
-8.4,-9.386083267871163
-11.5,-10.933150150150448
-8.975,-9.172946324387462
-9.6,-9.19059196484618
-10.4,-9.824687447346221
-5.9,-6.361751728907307
-11.0,-10.446000313038601
-10.6,-10.310953341546568
-4.8,-6.636338781575059
-6.3,-7.502472484713669
-4.6,-5.974037147102512
-10.47,-10.59850927663082
-7.2,-6.365825282631121
-8.541,-8.577299251870315
-8.7,-9.118296863237218
-11.3,-11.039992713666795
-11.1,-10.443467784979202
-8.9,-8.946662774725208
-9.3,-8.981350548741094
-8.7,-7.6998263254113235
-11.2,-9.443659362064787
-10.1,-9.32617465224112
-8.2,-9.158590005521745
-9.2,-9.177827707660727
-10.0,-10.254178160919286
-9.4,-9.625456054687504
-7.5,-6.925275236593055
-5.9,-6.507622073578599
-10.2,-10.07342754689247
-8.2,-9.231935624658945
-7.9,-9.024362092391355
-8.5,-8.595981047937576
-7.4,-6.612178885630506
-7.9,-6.612178885630506
-9.8,-9.927968981922104
-8.6,-8.595981047937576
-7.5,-7.883204513399187
-8.6,-9.471554289142144
-11.4,-9.578737849408277
-8.16,-8.357050953422934
-9.8,-9.824687447346221
-11.6,-9.618941769091137
-11.08,-10.789868189011784
-10.1,-10.267622738386395
-10.8,-10.159544307469465
-6.8,-7.41957142857143
-6.6,-7.41957142857143
-10.6,-9.96193352741387
-9.0,-9.265716088328158
-7.4,-8.224471299093642
-8.6,-9.135183368869937
-7.2,-7.164756944444477
-9.6,-9.643968732858033
-8.0,-9.057016042780777
-11.9,-11.467196571205992
-9.4,-8.554814696485527
-9.2,-8.958000000000002
-4.5,-5.9577504950495195
-7.8,-10.090674319728066
-7.6,-8.14349726775953
-10.8,-10.076527607361944
-8.5,-8.729489867841306
-9.0,-9.024362092391355
-8.6,-8.400503441494589
-9.715,-9.234113573407138
-10.8,-10.2669892703865
-6.7,-6.142781704781728
-7.5,-8.129143160127263
-5.1,-5.5874615384615
-8.7,-8.344640149160924
-8.4,-8.173970691676407
-8.2,-9.195528368794399
-6.7,-7.369777911164371
-7.063,-7.674183246073238
-7.8,-8.856112973948932
-10.4,-9.789792939719243
-6.5,-7.021831699346406
-8.5,-9.590592670157056
-11.2,-11.064592568016339
-9.0,-9.68360588487968
-8.9,-10.249212951734227
-8.6,-10.097936067997036
-9.7,-9.927968981922104
-9.7,-9.669187002652569
-10.2,-10.878719105691042
-11.25,-10.598233974358674
-8.9,-9.07973813169975
-8.5,-10.025992482730377
-10.3,-10.249212951734227
-4.5,-5.597413592233014
-10.3,-9.96193352741387
-8.3,-8.531264487369997
-11.2,-11.204617476277999
-8.0,-8.840539782244578
-9.198,-9.96193352741387
-8.3,-8.157600000000015
-10.6,-10.87235869565218
-7.3,-8.263008908685963
-9.6,-9.464935705209838
-6.1,-6.971704022988489
-9.2,-9.13374427994629
-11.48,-11.365322685435785
-10.6,-10.960132407206439
-8.1,-8.958044226044246
-9.1,-10.366324324323996
-8.991,-9.07973813169975
-8.8,-9.269009018294204
-10.5,-9.383893991206518
-10.9,-10.202302235469254
-6.545,-7.989364312267702
-6.5,-7.13182558139535
-6.4,-6.636204897959125
-8.5,-8.157600000000015
-9.3,-9.284574638844374
-6.0,-6.278188581314857
-9.0,-9.775921787709496
-9.2,-9.884366110304747
-9.0,-9.87937483443707
-9.9,-10.574087346615878
-10.8,-10.245893998441185
-8.4,-7.69652780930752
-9.3,-9.464935705209838
-8.5,-8.535404622013152
-8.6,-10.366324324323996
-8.6,-9.197097628240464
-8.9,-9.537229341099382
-8.8,-9.537229341099382
-9.1,-9.537229341099382
-7.9,-7.05667417311757
-10.1,-8.946662774725208
-8.2,-9.231935624658945
-9.4,-9.63399728813548
-11.1,-9.464935705209838
-7.5,-7.315269194312837
-8.3,-8.652943618881128
-8.6,-8.652943618881128
-4.7,-5.866510739856797
-11.1,-9.539230225745365
-9.4,-7.315269194312837
-5.9,-5.622510357815422
-9.211,-8.789968442483884
-8.4,-8.300445407279032
-9.9,-9.586871526195909
-10.35,-10.039570142535649
-8.7,-8.705771816037727
-8.8,-8.750710361445812
-8.7,-9.07973813169975
-10.8,-10.617672347267153
-8.8,-9.330267645543737
-7.1,-7.150197712418296
-9.3,-9.694909638554272
-8.9,-9.231935624658945
-8.8,-9.578737849408277
-8.8,-8.068115830115813
-10.3,-10.339810627767417
-10.7,-9.618941769091137
-7.939,-8.36118969219767
-8.5,-8.652943618881128
-9.4,-9.464935705209838
-9.0,-9.530226817042609
-6.8,-6.917238244514124
-10.8,-9.204902957965768
-5.2,-6.057850210970484
-5.2,-6.057850210970484
-7.9,-8.954747757847558
-7.8,-8.29236201780417
-9.6,-9.96193352741387
-8.6,-10.156944402420255
-11.51,-10.782228151585443
-11.1,-10.965640692641063
-9.7,-9.381872000000003
-7.2,-8.763070123747752
-6.5,-6.227536585365849
-10.3,-10.264907311320798
-9.4,-9.775921787709496
-6.8,-8.357050953422934
-10.29,-10.31908948740208
-9.5,-8.705771816037727
-8.3,-8.0987192771084
-11.18,-10.392408481394622
-8.2,-9.167769516728624
-12.5,-11.562682616923569
-12.0,-11.54052177103669
-8.3,-9.01321089042643
-6.4,-6.952615782664948
-7.3,-7.315670391061458
-9.0,-8.33278282828279
-7.807,-9.287893725992301
-11.1,-10.961749718995856
-8.6,-9.196033185840712
-10.3,-9.741632049786041
-11.4,-9.730471559092145
-7.4,-7.495249999999997
-6.6,-7.346084639498411
-6.0,-6.53941304347819
-7.5,-8.300445407279032
-9.5,-9.30263058186739
-8.861,-9.287893725992301
-7.7,-7.884720472440917
-12.46,-11.306611647805811
-8.5,-8.176771121351768
-6.8,-8.111969817315265
-5.7,-5.98536485097642
-10.5,-10.254178160919286
-8.7,-9.537229341099382
-10.49,-10.329110492845938
-9.6,-9.337618659755668
-9.3,-10.173668220946809
-6.7,-6.629373035566649
-9.8,-9.30924504950496
-7.3,-7.164756944444477
-7.4,-8.312929833417433
-7.8,-7.143367487684678
-9.8,-10.066474880382703
-7.8,-8.82477021276594
-9.0,-8.656899869394936
-9.3,-9.118296863237218
-9.3,-9.158590005521745
-8.0,-9.197097628240464
-8.3,-7.674183246073238
-9.1,-9.386083267871163
-8.3,-8.82477021276594
-9.2,-9.404362060173362
-11.3,-11.248061200536927
-6.7,-7.05667417311757
-9.8,-9.741632049786041
-8.1,-7.401997641509453
-7.6,-8.157600000000015
-8.3,-7.281719999999964
-10.0,-10.002645526225733
-9.1,-9.064161554192172
-12.3,-10.87235869565218
-6.0,-7.1316759776537015
-7.566,-8.111969817315265
-10.6,-9.477019873969963
-8.3,-9.383893991206518
-9.2,-9.269009018294204
-6.6,-6.887006451612897
-10.6,-10.961749718995856
-9.6,-9.775921787709496
-10.8,-10.169059819929975
-10.4,-9.422880422691742
-7.6,-9.067101525512992
-10.86,-10.274556341206335
-7.5,-7.741933774834481
-6.3,-6.087046676096152
-9.7,-9.286997762863528
-8.3,-8.946662774725208
-8.2,-8.368276785714283
-9.2,-9.314469636863018
-9.4,-9.586871526195909
-8.8,-9.23737905236911
-12.6,-10.545715842269182
-11.2,-10.59850927663082
-10.4,-9.474801869158803
-10.3,-10.369323931978556
-9.9,-9.865273516642583
-9.5,-9.262795224312576
-9.3,-9.471554289142144
-9.4,-8.945762711864404
-7.1,-7.143367487684678
-5.7,-6.187388888888904
-9.2,-9.386083267871163
-9.1,-9.386083267871163
-8.7,-9.96522785665982
-11.0,-11.076125128469291
-8.7,-9.68236831059801
-8.1,-8.954747757847558
-8.2,-9.009513805522248
-7.2,-8.481455462184893
-9.9,-8.971887195121967
-9.0,-8.22174502923975
-8.5,-9.19059196484618
-6.9,-6.911779097387133
-6.8,-6.544250000000005
-8.5,-9.196033185840712
-8.8,-9.278680422747856
-9.1,-9.231935624658945
-9.3,-9.202663526949198
-9.3,-9.96193352741387
-9.6,-10.170537122483427
-9.0,-9.01321089042643
-8.0,-7.741933774834481
-8.7,-9.092518664047114
-10.3,-10.375457313284848
-9.7,-9.63399728813548
-10.5,-10.339810627767417
-10.7,-10.366324324323996
-8.4,-8.323352284263944
-9.8,-10.598233974358674
-9.1,-9.487985734664651
-10.42,-10.375457313284848
-10.8,-10.503982911825
-8.1,-7.513711080586005
-12.8,-11.49998173987974
-6.6,-6.057850210970484
-12.9,-11.245162276422695
-11.04,-10.207514743589618
-8.6,-8.981350548741094
-9.0,-8.856112973948932
-7.4,-8.338457865168479
-11.6,-10.957329113924029
-9.5,-9.19059196484618
-9.435,-9.537229341099382
-7.7,-7.222745068285248
-12.2,-10.529359375000041
-8.5,-8.259986301369844
-6.8,-6.196106040268499
-7.8,-8.300445407279032
-9.6,-9.314469636863018
-8.4,-9.32617465224112
-8.6,-9.537229341099382
-7.7,-8.068115830115813
-7.7,-8.357050953422934
-7.8,-8.382111029411764
-5.6,-5.9577504950495195
-8.6,-8.368276785714283
-10.7,-9.94086232149359
-9.1,-9.042252390057302
-10.2,-9.843469770254252
-8.0,-8.936312621359253
-10.48,-9.843469770254252
-7.2,-9.092518664047114
-11.4,-11.315650026182823
-6.9,-7.6076512820512745
-7.6,-8.057375095492764
-8.9,-9.422880422691742
-7.7,-7.741933774834481
-9.3,-9.337618659755668
-7.7,-7.222745068285248
-7.1,-7.211683783783783
-7.9,-9.057016042780777
-10.28,-10.210849551856684
-9.7,-9.196033185840712
-10.5,-10.878719105691042
-7.0,-7.674183246073238
-8.5,-8.554814696485527
-12.3,-10.310953341546568
-9.8,-9.916629246676429
-7.9,-8.263008908685963
-10.8,-10.375161849710837
-10.9,-10.279645299145319
-10.02,-10.446000313038601
-8.786,-7.394592885375472
-9.951,-10.782228151585443
-8.1,-9.042252390057302
-8.8,-9.289071856287466
-10.7,-10.369323931978556
-8.1,-8.377283803863389
-7.8,-8.057375095492764
-10.0,-9.330267645543737
-11.2,-10.503982911825
-5.8,-7.165567307692315
-9.5,-8.400503441494589
-8.5,-9.194697547683841
-8.2,-8.035434518647023
-8.3,-9.13374427994629
-9.9,-9.78901932045302
-10.0,-9.789792939719243
-6.0,-5.672419161676631
-8.5,-9.234113573407138
-11.1,-10.210849551856684
-10.6,-11.251278864353388
-8.0,-9.204902957965768
-10.5,-10.247543940795563
-8.2,-9.197097628240464
-10.2,-10.2669892703865
-8.69,-9.202663526949198
-7.682,-7.2802352941176585
-7.9,-8.129067937033977
-8.177,-9.189133157894696
-6.2,-6.142781704781728
-8.9,-9.231935624658945
-9.3,-9.566170301142526
-8.9,-9.214922855773766
-7.597,-7.369777911164371
-9.3,-10.93767159383037
-11.5,-10.661113730928959
-8.4,-8.830465741543879
-7.6,-7.346084639498411
-7.523,-7.336730882352952
-8.7,-9.471554289142144
-9.4,-9.265716088328158
-9.5,-9.13374427994629
-9.8,-10.039570142535649
-10.1,-9.927968981922104
-10.2,-10.184714444268241
-7.6,-8.344640149160924
-10.2,-9.177827707660727
-10.3,-10.20004461234067
-10.0,-9.537229341099382
-8.1,-8.578956403269745
-8.5,-9.196033185840712
-7.6,-8.368276785714283
-8.5,-9.68360588487968
-6.8,-7.29405594405593
-6.9,-7.040594427244588
-7.0,-8.073871670702164
-8.5,-9.537229341099382
-9.0,-9.586871526195909
-7.2,-7.36792171344167
-9.1,-10.587855628655158
-11.0,-10.210849551856684
-9.2,-9.195528368794399
-8.777,-9.519502296211277
-10.5,-9.643968732858033
-8.6,-8.965608906392008
-8.9,-8.789968442483884
-10.3,-9.195528368794399
-10.1,-9.404362060173362
-9.7,-10.59850927663082
-5.8,-6.032409574468128
-9.0,-9.01321089042643
-9.9,-9.850035897435843
-9.7,-9.537229341099382
-8.6,-9.437355329949249
-8.031,-9.404362060173362
-8.6,-9.195528368794399
-8.3,-8.22174502923975
-8.1,-9.13374427994629
-5.5,-6.085523166023176
-10.11,-10.878719105691042
-9.9,-9.273322881921304
-10.8,-9.265716088328158
-9.4,-9.182705583756333
-10.8,-9.94086232149359
-10.9,-9.94086232149359
-9.6,-10.690875062220226
-9.3,-9.531600873362452
-8.7,-9.443659362064787
-9.1,-8.357050953422934
-11.8,-10.503982911825
-9.5,-9.96193352741387
-9.2,-9.234113573407138
-7.2,-7.363311814073554
-11.8,-10.264907311320798
-11.4,-10.446000313038601
-10.7,-9.202639473684199
-8.6,-8.035434518647023
-9.3,-8.564130516431877
-8.1,-8.29236201780417
-8.1,-9.195528368794399
-6.3,-5.9577504950495195
-10.0,-9.539230225745365
-10.9,-10.690875062220226
-6.9,-6.085523166023176
-5.1,-5.906879240162845
-9.2,-9.13374427994629
-13.4,-11.536666183474804
-4.0,-5.679077348066324
-8.5,-9.009513805522248
-9.6,-9.214922855773766
-8.6,-8.312929833417433
-11.3,-10.094690590111751
-11.6,-10.094690590111751
-8.6,-7.685712691771241
-8.6,-7.502472484713669
-7.9,-7.958822513812162
-8.6,-9.214922855773766
-8.6,-9.214922855773766
-8.5,-9.204902957965768
-8.4,-8.735356129032283
-7.928,-8.531264487369997
-8.4,-8.481455462184893
-7.6,-9.024362092391355
-7.4,-9.119554509235819
-9.8,-9.197097628240464
-9.2,-10.039570142535649
-11.9,-11.199467062224576
-7.9,-7.653566523605146
-10.0,-9.231935624658945
-9.0,-9.530226817042609
-10.1,-10.587855628655158
-7.9,-9.01321089042643
-7.8,-7.685712691771241
-9.7,-9.94870424567183
-10.2,-10.371127993490038
-9.9,-9.927968981922104
-10.4,-9.94086232149359
-11.5,-10.751487921489757
-8.595,-9.182705583756333
-9.807,-11.146332368268736
-10.91,-11.098930419268507
-8.886,-9.197097628240464
-9.5,-9.530226817042609
-6.6,-7.638048305084777
-4.4,-5.60204745370372
-7.5,-7.315670391061458
-9.133,-10.039570142535649
-5.2,-6.253580454928431
-8.1,-7.021831699346406
-8.3,-8.554814696485527
-8.7,-9.204902957965768
-9.8,-9.730471559092145
-9.5,-9.13374427994629
-9.0,-10.267622738386395
-9.0,-9.464935705209838
-6.9,-7.6998263254113235
-9.4,-8.564130516431877
-9.464,-10.329110492845938
-7.473,-9.152561971130007
-9.0,-8.573072822822915
-7.8,-7.369777911164371
-11.5,-10.137278012279493
-9.7,-10.156944402420255
-9.1,-8.206718918918936
-7.5,-7.7042110552763585
-9.7,-8.830465741543879
-10.3,-9.884226856561542
-5.1,-5.595123913043474
-10.1,-10.073239845653791
-7.9,-8.719483669214728
-8.777,-10.090674319728066
-13.3,-11.420605942901599
-9.1,-9.01321089042643
-8.0,-8.349450334821462
-8.0,-8.652943618881128
-7.2,-7.2802352941176585
-7.0,-7.174515337423311
-7.1,-6.629373035566649
-7.2,-6.51376561163386
-11.42,-9.884366110304747
-8.7,-9.335616040955763
-10.3,-9.346312432432317
-8.7,-9.789792939719243
-9.3,-9.276469020866816
-10.2,-10.117051682692328
-9.5,-9.884226856561542
-8.5,-10.31908948740208
-8.6,-10.308758547008935
-10.7,-9.724623437500039
-10.0,-11.041089540199097
-8.3,-8.729489867841306
-8.5,-9.346312432432317
-7.625,-7.683528015194684
-6.5,-7.223297224709039
-7.732,-7.57876690391459
-7.2,-8.531264487369997
-10.55,-9.68360588487968
-10.5,-9.643968732858033
-10.9,-9.824687447346221
-10.1,-10.073072413793158
-9.7,-10.039570142535649
-10.4,-10.117051682692328
-9.7,-9.162062317429537
-7.1,-8.085651920838139
-12.1,-11.248061200536927
-7.7,-9.314469636863018
-5.3,-6.085523166023176
-8.1,-7.502472484713669
-9.8,-9.560290935672441
-8.9,-9.189133157894696
-9.6,-9.189133157894696
-6.7,-7.143367487684678
-9.6,-9.538304075235088
-9.1,-10.339810627767417
-5.6,-6.318310679611644
-5.9,-5.996786861313902
-9.0,-9.07973813169975
-11.2,-10.184714444268241
-8.3,-7.663946915351553
-9.7,-9.177827707660727
-7.8,-9.064161554192172
-10.03,-10.279645299145319
-4.9,-5.909149466192171
-10.2,-9.96522785665982
-9.4,-10.170537122483427
-9.9,-9.234113573407138
-8.9,-10.117051682692328
-8.6,-8.879823975720981
-8.3,-8.704823699421969
-8.1,-8.33278282828279
-8.3,-8.763070123747752
-8.5,-8.252397849462367
-7.8,-8.719483669214728
-10.5,-10.139005588079092
-8.6,-9.231935624658945
-11.1,-9.335616040955763
-7.5,-7.674183246073238
-10.3,-10.392408481394622
-6.9,-5.871803303303314
-7.8,-8.323352284263944
-8.8,-10.308758547008935
-9.4,-8.705771816037727
-9.3,-8.789968442483884
-11.0,-9.789792939719243
-10.1,-9.366657953696778
-11.0,-10.503982911825
-8.2,-8.719483669214728
-8.2,-7.653566523605146
-11.2,-10.961749718995856
-8.1,-8.652943618881128
-10.1,-9.345191765369474
-10.5,-10.002645526225733
-10.0,-9.935457907159623
-9.5,-9.19059196484618
-8.9,-7.811082733812988
-6.8,-6.917854041013278
-7.2,-7.301808538163014
-7.1,-7.222745068285248
-8.8,-9.189133157894696
-6.5,-6.142781704781728
-7.6,-7.6076512820512745
-7.297,-6.782138810198311
-10.0,-9.265716088328158
-9.7,-10.443467784979202
-5.6,-6.278188581314857
-11.9,-11.039992713666795
-7.0,-7.05667417311757
-8.1,-7.4665019564001405
-8.2,-9.009513805522248
-9.0,-7.369777911164371
-7.7,-8.005825229960632
-7.9,-7.963682137834085
-11.2,-11.146332368268736
-8.4,-9.530226817042609
-10.6,-9.265716088328158
-5.6,-6.196106040268499
-8.6,-9.067101525512992
-9.6,-9.537229341099382
-8.7,-9.14182244318176
-7.8,-8.111969817315265
-9.356,-10.073072413793158
-10.3,-9.8228386683738
-8.9,-9.260568047337243
-11.1,-11.064592568016339
-9.0,-9.386083267871163
-6.6,-7.274941883767524
-10.4,-10.443467784979202
-9.9,-10.690875062220226
-10.6,-10.661113730928959
-7.9,-9.01321089042643
-8.7,-9.177827707660727
-9.8,-10.267622738386395
-12.2,-11.199467062224576
-9.1,-8.704823699421969
-9.2,-9.269009018294204
-8.1,-9.214922855773766
-11.0,-10.245893998441185
-11.3,-10.245893998441185
-5.4,-5.871803303303314
-9.2,-9.118296863237218
-6.5,-6.544250000000005
-8.6,-8.840539782244578
-7.9,-9.471554289142144
-10.0,-10.264907311320798
-7.4,-7.111465798045606
-8.958,-10.073072413793158
-6.6,-7.165567307692315
-6.8,-7.1684285714285405
-8.8,-9.064161554192172
-7.9,-8.463952702702715
-7.5,-7.884720472440917
-9.7,-9.297945655820032
-10.5,-10.032241706161145
-11.6,-10.274556341206335
-8.0,-7.2324631410256215
-11.4,-10.231114362496275
-6.8,-6.269469223907259
-9.4,-9.234113573407138
-9.2,-9.471554289142144
-10.6,-9.346312432432317
-8.01,-8.946662774725208
-10.0,-10.710365521003748
-8.2,-6.585451704545451
-8.9,-9.94870424567183
-9.2,-10.169059819929975
-11.2,-10.184714444268241
-8.8,-10.169059819929975
-9.9,-9.789792939719243
-8.7,-9.850035897435843
-7.6,-8.129067937033977
-9.3,-9.172946324387462
-8.1,-7.36792171344167
-8.2,-9.14182244318176
-7.1,-7.815071207430368
-8.9,-8.351439457202526
-10.5,-9.94870424567183
-8.1,-9.202639473684199
-7.7,-8.578956403269745
-9.6,-9.134270120724343
-8.1,-8.323352284263944
-8.5,-8.29236201780417
-8.6,-8.349450334821462
-10.9,-10.443467784979202
-9.2,-9.19059196484618
-8.2,-8.564130516431877
-8.4,-7.884720472440917
-7.1,-8.229259223300968
-5.3,-6.407104118104076
-9.6,-8.704823699421969
-7.0,-7.36792171344167
-7.5,-7.904518659076527
-9.3,-9.202639473684199
-7.08,-7.336730882352952
-9.4,-9.789792939719243
-9.5,-9.346312432432317
-7.4,-6.307834990059686
-7.2,-7.815071207430368
-9.0,-7.69652780930752
-7.9,-8.157600000000015
-11.3,-10.446000313038601
-7.3,-7.15428659793819
-11.1,-11.076125128469291
-9.5,-9.560290935672441
-9.8,-9.297945655820032
-12.6,-11.241886000987177
-7.6,-7.638048305084777
-8.32,-7.6998263254113235
-5.2,-6.51376561163386
-9.1,-7.674183246073238
-8.6,-7.674183246073238
-8.2,-8.607929016189278
-9.5,-9.19059196484618
-7.596,-7.315269194312837
-10.3,-9.539230225745365
-7.6,-8.705771816037727
-11.5,-11.07098185941056
-8.9,-8.312929833417433
-10.7,-9.526290060851883
-9.176,-9.560290935672441
-9.9,-10.617672347267153
-9.5,-9.330267645543737
-8.3,-9.092518664047114
-8.0,-9.119554509235819
-6.2,-6.032409574468128
-9.227,-9.927968981922104
-8.3,-7.281719999999964
-7.573,-8.431253099173542
-8.548,-9.554709876543134
-9.1,-9.01321089042643
-8.3,-9.01321089042643
-10.8,-10.375161849710837
-7.4,-8.357050953422934
-8.8,-10.249212951734227
-9.0,-10.25103232030878
-7.0,-7.369777911164371
-10.7,-9.287893725992301
-9.0,-9.064161554192172
-8.6,-8.879823975720981
-6.3,-6.067696612665735
-9.7,-10.407649350649374
-9.9,-9.68236831059801
-8.3,-8.856112973948932
-8.7,-8.300445407279032
-7.8,-7.513711080586005
-8.6,-7.513711080586005
-10.1,-9.214922855773766
-8.8,-9.297945655820032
-10.2,-10.090674319728066
-9.8,-10.184714444268241
-8.85,-9.30924504950496
-8.158,-9.162062317429537
-8.536,-9.104237406716422
-12.4,-11.248061200536927
-9.5,-9.94870424567183
-9.0,-9.194697547683841
-12.9,-11.194322209166177
-8.7,-8.789968442483884
-10.0,-9.865273516642583
-10.5,-10.002645526225733
-7.7,-9.162062317429537
-5.9,-5.676709677419377
-8.6,-9.404362060173362
-9.3,-9.19059196484618
-11.0,-10.156944402420255
-8.989,-10.090674319728066
-8.5,-8.652943618881128
-8.6,-8.33278282828279
-8.4,-8.846786904078071
-9.398,-9.189133157894696
-8.4,-8.988834610472514
-9.3,-8.705771816037727
-9.8,-10.267622738386395
-9.3,-8.840539782244578
-7.1,-8.176771121351768
-9.0,-9.625456054687504
-9.7,-9.331734673366782
-10.0,-10.529359375000041
-11.6,-11.241886000987177
-12.1,-10.965640692641063
-6.2,-6.278188581314857
-9.4,-9.865273516642583
-10.0,-10.392408481394622
-9.8,-9.843469770254252
-9.446,-9.330267645543737
-8.7,-9.50114759358294
-8.2,-7.7042110552763585
-6.9,-7.040594427244588
-8.762,-9.404362060173362
-7.4,-6.944149377593363
-9.3,-8.735356129032283
-8.9,-9.01321089042643
-8.718,-9.96193352741387
-11.6,-11.204617476277999
-8.574,-9.19059196484618
-10.8,-9.91593566520925
-8.4,-8.294944567627478
-7.3,-8.294944567627478
-7.8,-8.294944567627478
-8.6,-8.879823975720981
-9.73,-9.202663526949198
-10.2,-9.884226856561542
-8.9,-8.294944567627478
-10.1,-10.933150150150448
-7.286,-7.99113262999247
-6.839,-7.963682137834085
-11.1,-11.041089540199097
-12.9,-11.230213800500481
-8.7,-7.495249999999997
-11.2,-11.199467062224576
-11.3,-10.641654869933461
-4.7,-6.057850210970484
-8.4,-8.129067937033977
-8.4,-9.152561971130007
-10.6,-9.386083267871163
-9.5,-9.119554509235819
-9.6,-9.152561971130007
-9.8,-9.554709876543134
-4.5,-5.5607244897959225
-9.4,-9.586871526195909
-7.0,-7.336730882352952
-11.1,-10.942559598494395
-7.9,-7.69652780930752
-8.4,-9.590592670157056
-9.2,-9.390257918552093
-5.5,-6.11665633423181
-11.4,-11.241886000987177
-11.7,-10.622321897073522
-11.4,-10.503982911825
-10.3,-9.489431192660561
-8.2,-7.99113262999247
-9.9,-9.430625498007927
-5.6,-6.032409574468128
-10.1,-10.247543940795563
-12.6,-11.315650026182823
-9.0,-8.400503441494589
-6.8,-8.206718918918936
-9.3,-9.119554509235819
-8.2,-8.564207500000023
-8.6,-8.564207500000023
-7.8,-8.286833333333348
-8.2,-7.624389215162895
-8.8,-9.287893725992301
-8.3,-9.042252390057302
-7.3,-7.99113262999247
-5.0,-5.988679161372291
-8.3,-9.265716088328158
-8.0,-8.939747605010982
-11.0,-9.526290060851883
-11.3,-9.526290060851883
-9.0,-9.182705583756333
-10.4,-10.097936067997036
-8.3,-9.03414955403442
-8.0,-9.024362092391355
-10.4,-10.06944848596773
-8.1,-8.763070123747752
-10.5,-10.279645299145319
-11.41,-11.241886000987177
-9.9,-10.076527607361944
-9.0,-9.135183368869937
-6.1,-6.473859569648947
-9.0,-8.656899869394936
-11.3,-11.336399302368408
-11.68,-10.617672347267153
-8.8,-8.157600000000015
-6.8,-7.213823529411755
-8.2,-7.513711080586005
-8.0,-8.719483669214728
-10.9,-9.499354337152205
-6.3,-6.636204897959125
-8.8,-9.273322881921304
-9.9,-9.214922855773766
-7.9,-7.624389215162895
-8.7,-10.094690590111751
-9.3,-9.499354337152205
-8.0,-8.988834610472514
-9.4,-10.094690590111751
-7.6,-7.21041259398495
-10.1,-10.503982911825
-9.4,-10.234277510608287
-10.4,-9.884226856561542
-10.7,-11.064592568016339
-11.8,-10.117051682692328
-8.7,-10.066474880382703
-10.3,-10.025992482730377
-9.8,-10.025992482730377
-6.6,-6.028303197353929
-10.0,-9.586871526195909
-9.2,-9.789792939719243
-7.2,-7.336730882352952
-8.2,-8.368276785714283
-11.16,-11.146332368268736
-9.082,-7.99113262999247
-11.2,-10.267622738386395
-11.3,-9.430625498007927
-9.5,-9.386083267871163
-7.2,-7.904518659076527
-8.5,-9.204902957965768
-9.2,-9.590592670157056
-6.5,-7.0822324058919826
-12.2,-10.690875062220226
-8.4,-8.33278282828279
-8.4,-8.879823975720981
-7.2,-8.136838709677436
-7.3,-7.363311814073554
-8.2,-9.177827707660727
-9.0,-7.336730882352952
-7.6,-9.214922855773766
-7.8,-7.164756944444477
-7.5,-8.035434518647023
-9.7,-10.641654869933461
-6.9,-6.545336065573737
-9.4,-9.843469770254252
-9.8,-10.254178160919286
-10.4,-11.326887803819723
-11.6,-11.326887803819723
-7.7,-7.86431656804737
-5.3,-5.672419161676631
-8.7,-7.674183246073238
-9.0,-10.097936067997036
-8.4,-9.643968732858033
-10.0,-8.79963565217394
-9.8,-8.79963565217394
-10.4,-9.474801869158803
-10.31,-10.267622738386395
-9.2,-10.202302235469254
-6.27,-7.021831699346406
-8.9,-9.269009018294204
-11.0,-9.404362060173362
-4.9,-5.595123913043474
-8.7,-9.96193352741387
-10.0,-9.96193352741387
-6.6,-7.05667417311757
-8.2,-9.273322881921304
-9.6,-9.202639473684199
-8.0,-8.789968442483884
-8.6,-8.856112973948932
-8.6,-9.19059196484618
-11.9,-11.444567324955027
-11.5,-10.04113683373121
-9.9,-9.590592670157056
-10.7,-10.039570142535649
-7.7,-7.99113262999247
-9.3,-9.381872000000003
-9.0,-9.118296863237218
-9.0,-9.029932786885226
-9.7,-8.344640149160924
-8.6,-8.368276785714283
-7.8,-8.368276785714283
-8.5,-8.344640149160924
-8.3,-8.656899869394936
-8.87,-9.269009018294204
-8.3,-9.586871526195909
-9.3,-9.537229341099382
-8.0,-7.7042110552763585
-7.5,-8.573072822822915
-9.8,-9.618941769091137
-10.0,-9.618941769091137
-8.1,-7.165567307692315
-11.4,-10.327206428571687
-8.5,-9.337618659755668
-7.8,-8.946662774725208
-10.1,-9.471554289142144
-9.8,-9.884366110304747
-8.9,-9.024362092391355
-4.4,-5.60204745370372
-10.3,-9.981150181671293
-8.3,-9.01321089042643
-10.3,-9.269009018294204
-9.9,-9.775921787709496
-9.3,-10.060919439213544
-8.5,-9.775921787709496
-10.5,-9.530226817042609
-10.1,-9.618941769091137
-12.0,-11.365322685435785
-11.3,-11.365322685435785
-9.2,-9.195528368794399
-9.4,-8.057375095492764
-9.5,-9.578737849408277
-7.42,-8.382111029411764
-8.6,-8.349450334821462
-9.712,-11.199467062224576
-10.2,-11.352197726489859
-11.0,-10.751968425513844
-10.2,-10.782228151585443
-11.2,-10.87235869565218
-11.0,-10.933150150150448
-10.1,-9.63399728813548
-10.9,-10.169059819929975
-8.1,-8.337675862068968
-4.9,-5.60204745370372
-10.7,-11.098930419268507
-6.5,-7.673363004172487
-7.5,-8.0987192771084
-10.1,-9.167769516728624
-7.3,-7.495249999999997
-9.6,-9.590592670157056
-9.6,-8.946662774725208
-11.7,-11.064592568016339
-9.2,-9.297945655820032
-9.1,-9.282491989058324
-11.8,-11.199467062224576
-9.0,-9.196033185840712
-9.2,-9.196033185840712
-9.8,-9.560290935672441
-8.7,-9.177827707660727
-9.2,-9.196033185840712
-7.3,-7.253551067073162
-9.7,-11.204617476277999
-8.7,-8.578956403269745
-8.7,-8.29236201780417
-11.4,-10.308758547008935
-8.2,-8.856112973948932
-7.8,-6.745549999999956
-12.2,-10.933150150150448
-11.4,-10.957582908617118
-7.4,-7.222745068285248
-8.8,-8.29236201780417
-8.8,-9.276469020866816
-9.1,-10.066474880382703
-9.9,-9.94870424567183
-8.2,-9.789792939719243
-12.29,-10.88772033481043
-12.34,-10.925197402597332
-8.9,-9.464935705209838
-8.638,-9.064161554192172
-10.8,-10.156944402420255
-10.2,-10.20004461234067
-8.6,-9.172946324387462
-8.3,-8.418291463414711
-6.0,-7.363311814073554
-8.9,-8.129067937033977
-12.3,-10.957582908617118
-8.9,-9.537229341099382
-10.1,-9.404362060173362
-8.4,-8.946662774725208
-7.0,-6.365825282631121
-8.6,-9.204902957965768
-9.0,-9.345191765369474
-9.9,-9.741632049786041
-9.0,-8.140421778584368
-9.1,-8.564130516431877
-7.775,-7.860373626373627
-10.5,-9.14182244318176
-9.4,-9.981150181671293
-9.6,-9.064161554192172
-9.7,-9.618941769091137
-10.2,-9.386083267871163
-10.2,-10.06944848596773
-10.6,-10.169059819929975
-5.7,-5.871803303303314
-6.0,-5.688220379146955
-9.028,-9.162062317429537
-8.6,-9.042252390057302
-8.8,-9.152561971130007
-10.1,-10.173668220946809
-7.6,-7.513711080586005
-8.4,-7.513711080586005
-6.0,-5.688220379146955
-10.85,-9.556077339901407
-10.8,-10.878719105691042
-8.516,-9.009513805522248
-11.3,-10.62354747774508
-10.3,-9.346312432432317
-9.2,-7.905453168044146
-9.5,-9.043439334637975
-9.0,-8.936312621359253
-11.0,-10.654898132427888
-9.1,-8.607929016189278
-6.0,-5.825100371747208
-8.918,-9.404362060173362
-8.6,-7.904518659076527
-10.99,-10.545715842269182
-11.4,-11.315650026182823
-11.4,-9.927968981922104
-7.645,-7.673363004172487
-9.424,-9.94086232149359
-7.4,-7.685712691771241
-10.7,-11.251278864353388
-11.2,-10.203993682132364
-8.0,-7.363311814073554
-9.1,-9.618941769091137
-9.5,-9.202663526949198
-6.3,-6.14780095541403
-8.2,-7.7042110552763585
-6.1,-6.269469223907259
-10.3,-9.390257918552093
-9.3,-9.647840301003313
-9.9,-9.884366110304747
-9.9,-9.202663526949198
-8.6,-9.578737849408277
-8.5,-10.199577117863853
-11.04,-10.582237754540522
-10.1,-10.960132407206439
-12.1,-11.064592568016339
-7.5,-8.176771121351768
-5.7,-6.302999410377362
-8.3,-8.577299251870315
-9.7,-10.245893998441185
-8.0,-8.29236201780417
-11.3,-10.961827724048947
-10.8,-10.139005588079092
-8.0,-8.357050953422934
-11.9,-10.140733524355289
-10.96,-10.933150150150448
-10.2,-9.68360588487968
-9.5,-9.68360588487968
-9.9,-9.383893991206518
-9.4,-9.195528368794399
-11.7,-10.643215708812253
-10.6,-11.146332368268736
-6.5,-6.905843727598533
-7.7,-8.429224089635863
-9.8,-9.578737849408277
-11.57,-10.878719105691042
-11.53,-10.885608822520192
-10.1,-10.170537122483427
-11.2,-11.286643185299239
-11.3,-11.24733971742564
-12.03,-10.546294683776248
-10.0,-10.961749718995856
-8.0,-7.225673110720551
-9.6,-9.560290935672441
-7.9,-8.211182825484764
-10.3,-10.587855628655158
-11.27,-10.184714444268241
-8.082,-9.135183368869937
-8.2,-9.214922855773766
-10.9,-10.503982911825
-8.1,-9.273322881921304
-8.503,-9.477019873969963
-9.8,-10.097936067997036
-6.9,-7.394592885375472
-7.9,-7.2802352941176585
-7.6,-8.763070123747752
-7.9,-8.111969817315265
-10.9,-9.866212121212174
-6.7,-7.426216216216224
-9.6,-9.538304075235088
-8.5,-7.815071207430368
-7.9,-8.300445407279032
-9.3,-9.68236831059801
-9.3,-9.63693127147763
-7.2,-6.888878048780474
-7.0,-6.888878048780474
-9.6,-10.245893998441185
-9.4,-9.404362060173362
-10.4,-9.63693127147763
-7.3,-9.009513805522248
-8.3,-9.775921787709496
-5.8,-5.853118012422368
-10.4,-9.381872000000003
-9.3,-8.946662774725208
-9.3,-10.210849551856684
-7.9,-8.104782225780673
-10.7,-9.850035897435843
-10.6,-10.960132407206439
-8.7,-10.184714444268241
-11.6,-10.247543940795563
-7.1,-8.33278282828279
-9.7,-9.850035897435843
-10.2,-9.749211067193631
-10.9,-9.94086232149359
-10.18,-9.773775467775522
-7.8,-8.104782225780673
-10.6,-9.50114759358294
-10.4,-10.06944848596773
-7.739,-8.729489867841306
-8.1,-7.401997641509453
-8.7,-9.345191765369474
-13.4,-11.656728813559132
-9.7,-9.766168627450952
-9.5,-9.590592670157056
-6.936,-6.971704022988489
-10.5,-11.204617476277999
-5.5,-6.168091392136065
-8.0,-8.300445407279032
-8.2,-8.300445407279032
-8.4,-8.607929016189278
-9.8,-9.94086232149359
-8.17,-8.224471299093642
-9.1,-10.20004461234067
-10.51,-10.617672347267153
-5.5,-5.825100371747208
-7.7,-7.560573454913898
-10.9,-9.884366110304747
-8.9,-9.065805334150603
-7.3,-8.129067937033977
-9.3,-9.404362060173362
-10.4,-9.177827707660727
-8.5,-7.811082733812988
-9.9,-10.080303743315577
-6.3,-7.099221662468541
-9.4,-10.587855628655158
-10.0,-10.090674319728066
-9.7,-9.416137028824904
-6.4,-6.253580454928431
-7.9,-9.134270120724343
-11.36,-10.279645299145319
-9.2,-9.13374427994629
-9.8,-10.259054930332317
-9.5,-9.81061177552896
-9.7,-9.81061177552896
-9.7,-9.81061177552896
-9.6,-9.81061177552896
-10.0,-9.216866666666641
-8.0,-8.879823975720981
-9.794,-10.371127993490038
-8.373,-8.856112973948932
-9.3,-9.024362092391355
-7.4,-7.99113262999247
-5.8,-6.307834990059686
-9.3,-9.530226817042609
-10.6,-9.91593566520925
-10.9,-10.025992482730377
-7.939,-8.286833333333348
-9.0,-8.0987192771084
-8.9,-7.7042110552763585
-10.5,-9.832688135593317
-9.6,-9.260568047337243
-7.1,-7.401997641509453
-7.6,-8.300445407279032
-8.2,-10.123713198635222
-9.5,-9.66757180156656
-9.443,-10.199577117863853
-9.473,-10.066474880382703
-8.8,-9.135183368869937
-9.5,-8.577720821661801
-10.1,-10.07260116504895
-9.8,-9.538304075235088
-5.8,-5.988679161372291
-7.894,-8.22174502923975
-12.24,-11.168938967136517
-9.8,-9.464935705209838
-10.55,-10.885608822520192
-9.1,-8.400503441494589
-8.6,-8.830465741543879
-8.2,-8.294944567627478
-8.7,-8.463952702702715
-7.7,-7.369777911164371
-9.5,-9.927968981922104
-7.6,-8.068115830115813
-10.1,-11.199467062224576
-10.9,-10.207514743589618
-9.3,-9.404362060173362
-9.7,-9.749211067193631
-8.1,-8.0987192771084
-9.9,-9.775921787709496
-11.2,-10.339810627767417
-8.8,-9.152561971130007
-9.2,-10.459096463022503
-7.2,-6.142781704781728
-8.0,-8.577299251870315
-9.1,-8.431253099173542
-8.6,-9.152561971130007
-7.2,-7.401997641509453
-11.6,-11.444567324955027
-7.5,-9.01321089042643
-6.2,-6.902473903966616
-11.5,-10.04113683373121
-8.5,-9.152561971130007
-9.69,-9.578737849408277
-9.0,-8.789968442483884
-10.9,-10.339810627767417
-8.8,-8.763070123747752
-7.6,-7.57876690391459
-12.4,-11.194322209166177
-10.8,-9.366657953696778
-10.0,-9.766168627450952
-12.3,-11.076125128469291
-11.9,-11.124252740651855
-11.2,-10.782228151585443
-4.0,-5.59660428849902
-10.2,-10.289905135415253
-9.7,-9.537229341099382
-10.5,-10.170537122483427
-7.731,-7.811082733812988
-8.7,-9.474801869158803
-9.9,-8.607929016189278
-8.3,-9.182705583756333
-7.9,-7.222745068285248
-8.1,-8.140421778584368
-9.0,-8.763070123747752
-10.7,-10.202302235469254
-7.912,-8.349450334821462
-10.4,-10.18491499085943
-9.7,-9.68360588487968
-7.6,-8.073871670702164
-9.0,-9.214922855773766
-6.6,-6.612178885630506
-7.0,-7.445696185286109
-10.78,-10.267622738386395
-8.9,-8.946662774725208
-9.0,-8.846786904078071
-8.2,-8.27388888888888
-10.0,-9.214922855773766
-7.85,-7.513711080586005
-7.789,-8.047558095238092
-8.6,-10.032241706161145
-5.6,-7.301808538163014
-9.1,-9.865273516642583
-8.6,-6.853586797066041
-8.2,-7.401997641509453
-9.7,-10.123713198635222
-10.1,-10.961749718995856
-5.2,-6.167119601328904
-10.28,-10.62354747774508
-9.016,-9.135183368869937
-6.4,-7.2324631410256215
-12.0,-10.59850927663082
-9.0,-9.23737905236911
-7.7,-7.673363004172487
-9.935,-11.241886000987177
-6.9,-8.656899869394936
-5.9,-7.071474847982282
-9.4,-9.167769516728624
-6.9,-8.176771121351768
-7.0,-7.315269194312837
-8.7,-8.418291463414711
-10.1,-10.34285691801402
-10.9,-9.94870424567183
-7.7,-8.400503441494589
-7.9,-8.400503441494589
-9.0,-9.586871526195909
-8.2,-9.195528368794399
-10.6,-10.529359375000041
-8.8,-9.368548085106305
-11.2,-11.247649696173669
-6.3,-6.995946902654871
-9.4,-9.191524216524181
-10.1,-10.247543940795563
-5.6,-6.142781704781728
-7.5,-7.52483108108109
-9.5,-9.269009018294204
-7.7,-8.729489867841306
-11.1,-9.404362060173362
-11.1,-9.344957359813124
-10.7,-10.254178160919286
-11.64,-11.64984208545113
-8.5,-8.856112973948932
-9.9,-9.19059196484618
-7.8,-8.856112973948932
-11.2,-10.039570142535649
-7.3,-6.944149377593363
-8.6,-8.04744460500967
-7.9,-8.047558095238092
-11.1,-10.93767159383037
-8.0,-7.222745068285248
-10.3,-9.94870424567183
-8.895,-9.337618659755668
-8.6,-9.152561971130007
-8.7,-10.002645526225733
-8.0,-7.57876690391459
-10.5,-10.099460461416168
-8.6,-8.652943618881128
-6.7,-8.263697076023396
-7.6,-8.652943618881128
-4.4,-5.595123913043474
-5.3,-6.168091392136065
-6.4,-6.318310679611644
-10.0,-10.775180180180225
-9.8,-9.586871526195909
-8.8,-9.195528368794399
-10.5,-9.231935624658945
-9.4,-9.68236831059801
-9.0,-9.50114759358294
-8.6,-9.13374427994629
-8.7,-9.196033185840712
-9.6,-9.196033185840712
-6.1,-7.150197712418296
-6.8,-6.142781704781728
-6.9,-7.6998263254113235
-7.0,-7.69652780930752
-6.9,-5.955646464646444
-9.2,-10.574087346615878
-9.7,-9.135183368869937
-8.4,-8.830465741543879
-7.2,-7.315670391061458
-8.1,-8.704823699421969
-9.2,-8.763070123747752
-9.5,-8.573072822822915
-7.913,-8.382111029411764
-5.9,-6.142781704781728
-6.6,-8.45188629518079
-7.8,-9.214922855773766
-8.3,-9.189133157894696
-9.4,-10.097936067997036
-10.3,-10.64681010719746
-10.9,-11.34462627930019
-8.4,-8.531264487369997
-9.2,-8.531264487369997
-7.4,-8.531264487369997
-10.9,-11.315650026182823
-9.8,-10.002645526225733
-6.3,-7.301808538163014
-7.9,-9.202639473684199
-7.9,-8.958044226044246
-6.1,-6.559371335504849
-10.7,-10.184714444268241
-11.1,-10.960132407206439
-8.4,-7.815071207430368
-9.2,-10.039570142535649
-8.9,-9.843469770254252
-9.7,-8.840539782244578
-9.6,-9.234113573407138
-8.9,-9.195528368794399
-9.4,-9.474801869158803
-7.8,-7.963682137834085
-7.7,-7.222745068285248
-10.2,-9.749211067193631
-11.29,-10.327206428571687
-7.0,-8.763070123747752
-7.3,-8.763070123747752
-8.2,-7.638048305084777
-7.2,-8.063542780748657
-9.734,-9.278680422747856
-12.0,-10.885608822520192
-8.0,-7.21125663716813
-7.224,-8.140421778584368
-11.1,-10.751487921489757
-10.5,-10.06944848596773
-10.0,-10.31908948740208
-10.9,-10.789868189011784
-11.7,-10.53469232231097
-5.8,-6.087046676096152
-10.7,-11.168938967136517
-7.0,-8.323352284263944
-10.2,-10.002645526225733
-8.6,-9.042252390057302
-12.6,-11.373810587663787
-12.3,-11.373810587663787
-8.6,-9.06472289156626
-10.5,-10.060919439213544
-9.9,-9.884226856561542
-5.6,-5.595277573529464
-8.8,-9.189133157894696
-9.2,-9.789792939719243
-11.8,-10.574087346615878
-7.6,-7.192323529411748
-9.6,-9.278680422747856
-8.7,-9.119554509235819
-9.3,-9.81061177552896
-8.9,-9.043439334637975
-7.8,-8.057375095492764
-11.79,-10.07260116504895
-10.0,-9.824687447346221
-11.8,-9.981150181671293
-11.9,-9.884226856561542
-10.3,-10.326255980239072
-11.4,-10.878719105691042
-11.3,-10.327206428571687
-8.9,-10.07342754689247
-9.5,-9.775921787709496
-12.7,-10.981451145806899
-8.482,-8.789968442483884
-9.1,-8.429224089635863
-8.7,-9.463300805729585
-9.8,-10.371127993490038
-9.9,-9.204902957965768
-9.6,-9.330267645543737
-8.6,-9.214922855773766
-10.6,-10.961749718995856
-9.9,-10.960132407206439
-7.4,-6.888878048780474
-8.6,-9.214922855773766
-7.2,-8.36118969219767
-8.4,-9.172946324387462
-7.0,-7.040594427244588
-8.9,-9.214922855773766
-11.5,-11.204617476277999
-8.3,-8.382111029411764
-8.9,-9.182705583756333
-8.4,-10.274556341206335
-8.0,-8.349450334821462
-8.9,-9.866212121212174
-9.3,-9.647840301003313
-10.3,-10.690875062220226
-8.6,-9.14182244318176
-8.5,-9.078200876305907
-5.4,-6.257396484374988
-5.9,-6.559431266846347
-9.2,-9.064161554192172
-9.1,-9.537229341099382
-9.3,-8.88214884233733
-11.28,-10.202302235469254
-10.67,-10.173668220946809
-9.7,-10.173668220946809
-10.0,-10.159544307469465
-10.7,-9.537229341099382
-9.8,-9.927968981922104
-10.5,-9.618941769091137
-8.3,-7.05667417311757
-9.2,-8.53797409326435
-9.1,-9.160072786885445
-5.5,-5.672419161676631
-8.4,-9.538304075235088
-10.8,-10.214376068376039
-8.2,-8.22174502923975
-12.2,-10.961749718995856
-9.0,-9.204902957965768
-8.6,-8.578956403269745
-7.562,-7.315269194312837
-9.1,-8.946662774725208
-8.9,-8.224471299093642
-8.5,-8.224471299093642
-11.2,-11.241886000987177
-10.7,-10.589670482296325
-7.2,-9.003203810208493
-6.8,-6.944149377593363
-7.932,-8.856112973948932
-10.57,-9.916629246676429
-8.4,-8.431253099173542
-12.4,-11.536666183474804
-12.9,-11.553021973785597
-12.6,-11.553021973785597
-8.1,-8.263697076023396
-12.1,-10.392408481394622
-6.8,-7.108697592067968
-10.8,-11.204617476277999
-9.2,-10.43521208089403
-8.4,-9.189133157894696
-8.6,-9.162062317429537
-7.3,-7.315269194312837
-10.4,-10.2669892703865
-9.1,-7.900354466858786
-7.2,-7.111465798045606
-8.1,-8.652943618881128
-8.8,-8.757095890411016
-9.1,-9.884226856561542
-6.93,-7.336730882352952
-10.7,-10.254178160919286
-10.5,-9.590592670157056
-11.5,-9.696832888097294
-9.5,-8.846786904078071
-6.617,-6.782138810198311
-6.1,-6.952615782664948
-7.6,-9.19059196484618
-9.6,-10.481188654353549
-7.6,-7.21125663716813
-5.9,-6.208286541244597
-8.4,-8.735356129032283
-8.2,-9.009513805522248
-8.498,-8.337675862068968
-9.057,-10.21490349360072
-9.312,-9.643968732858033
-8.4,-8.057375095492764
-10.0,-10.751487921489757
-10.8,-10.690875062220226
-11.3,-9.331734673366782
-8.2,-9.009513805522248
-7.4,-7.47791408934709
-7.3,-7.47791408934709
-9.3,-10.245893998441185
-11.6,-9.843469770254252
-11.1,-9.843469770254252
-9.5,-10.169059819929975
-12.3,-10.329110492845938
-10.1,-9.404362060173362
-7.8,-8.102735099337636
-7.3,-8.103163793103448
-9.9,-10.07342754689247
-9.9,-9.78901932045302
-10.4,-11.411657320872267
-10.6,-10.274556341206335
-10.8,-10.960132407206439
-9.0,-8.554814696485527
-8.9,-10.202302235469254
-6.8,-7.15428659793819
-9.2,-8.840539782244578
-11.3,-10.62354747774508
-10.0,-9.566170301142526
-8.5,-9.464935705209838
-6.0,-6.224461822660065
-9.9,-10.169059819929975
-9.1,-9.464935705209838
-10.5,-9.81061177552896
-7.9,-8.554814696485527
-8.5,-7.674183246073238
-7.8,-7.6998263254113235
-8.8,-9.278680422747856
-8.6,-9.118296863237218
-7.1,-7.274861842105268
-11.35,-10.139005588079092
-8.9,-8.595981047937576
-7.6,-8.129143160127263
-8.794,-9.234113573407138
-8.5,-8.357050953422934
-5.7,-5.903001785714288
-9.5,-9.30263058186739
-9.3,-9.317903133903135
-8.9,-8.789968442483884
-11.9,-10.965640692641063
-9.2,-9.057016042780777
-9.553,-9.574992789794718
-8.953,-9.538304075235088
-7.9,-7.315269194312837
-6.3,-6.196106040268499
-7.1,-8.300445407279032
-9.032,-9.197097628240464
-9.2,-9.669187002652569
-9.0,-9.23737905236911
-8.1,-8.29236201780417
-7.8,-8.554814696485527
-6.0,-6.556769706336977
-11.2,-10.446000313038601
-8.9,-8.300445407279032
-8.1,-9.539230225745365
-9.6,-10.076527607361944
-10.4,-9.824687447346221
-7.6,-9.177827707660727
-8.7,-9.03414955403442
-9.8,-9.416137028824904
-9.0,-9.03414955403442
-8.6,-8.729489867841306
-10.46,-10.529359375000041
-9.2,-10.184714444268241
-11.3,-10.249212951734227
-5.7,-5.874944347826079
-12.1,-10.21490349360072
-10.3,-9.416137028824904
-10.4,-10.154476876211643
-8.774,-8.735356129032283
-8.2,-9.269009018294204
-10.67,-10.88772033481043
-12.0,-10.622321897073522
-9.4,-9.195528368794399
-8.9,-9.191524216524181
-9.1,-9.195528368794399
-9.2,-10.345183363148509
-9.3,-10.35579052618489
-7.9,-8.856112973948932
-9.7,-10.203993682132364
-7.7,-8.047558095238092
-8.798,-9.260568047337243
-5.0,-5.5874615384615
-10.2,-10.960132407206439
-9.9,-9.670208023774167
-10.1,-9.843469770254252
-10.55,-9.884366110304747
-11.15,-10.933150150150448
-11.0,-10.587855628655158
-6.3,-7.21041259398495
-8.0,-7.883204513399187
-8.5,-8.45188629518079
-10.3,-10.503982911825
-7.3,-8.433197647058883
-6.4,-5.622510357815422
-9.9,-9.618941769091137
-11.86,-11.199467062224576
-6.0,-6.028303197353929
-9.7,-9.884366110304747
-10.3,-10.07342754689247
-8.7,-9.197097628240464
-10.8,-9.345191765369474
-8.27,-10.113026072041238
-9.269,-10.459096463022503
-10.7,-10.199577117863853
-8.182,-9.009513805522248
-9.2,-9.135183368869937
-10.5,-10.184714444268241
-5.5,-5.882660924750675
-10.1,-9.269009018294204
-9.3,-9.273322881921304
-8.488,-9.404362060173362
-8.6,-8.554814696485527
-8.3,-8.129067937033977
-7.1,-7.513711080586005
-8.6,-8.357050953422934
-7.8,-9.48650145387237
-7.1,-7.989364312267702
-10.7,-10.961749718995856
-11.4,-10.231114362496275
-9.6,-10.329110492845938
-10.8,-10.310953341546568
-9.6,-9.260568047337243
-10.4,-9.50114759358294
-12.5,-11.359624153498594
-9.6,-9.832688135593317
-6.5,-7.123105395232126
-9.5,-8.129067937033977
-9.0,-9.162062317429537
-7.5,-7.225673110720551
-10.5,-9.593084253341068
-5.1,-5.5607244897959225
-9.1,-7.99113262999247
-9.8,-10.392408481394622
-9.5,-10.279645299145319
-7.5,-6.53941304347819
-5.3,-5.853519662921346
-8.5,-9.078200876305907
-11.3,-10.326255980239072
-10.8,-10.139005588079092
-9.6,-10.066474880382703
-9.3,-8.382111029411764
-6.6,-6.53941304347819
-10.04,-9.916629246676429
-8.5,-8.36118969219767
-9.9,-10.073072413793158
-6.9,-6.995946902654871
-9.213,-9.13374427994629
-5.1,-5.825100371747208
-7.4,-8.140421778584368
-8.0,-9.366657953696778
-9.9,-10.080303743315577
-9.7,-9.463300805729585
-11.4,-10.310953341546568
-6.681,-7.797286666666712
-6.6,-7.164756944444477
-10.4,-9.134270120724343
-9.4,-9.537229341099382
-8.8,-9.537229341099382
-7.5,-8.988834610472514
-8.5,-9.265716088328158
-7.5,-8.564130516431877
-9.1,-9.03414955403442
-8.5,-9.03414955403442
-5.9,-6.115879310344838
-9.3,-10.122691239585706
-8.2,-8.129067937033977
-11.1,-10.392408481394622
-11.3,-10.782228151585443
-8.1,-7.999361153262519
-8.7,-9.265716088328158
-10.5,-10.661113730928959
-10.8,-10.751487921489757
-9.2,-8.157600000000015
-9.0,-9.404362060173362
-9.7,-9.8228386683738
-9.3,-9.234113573407138
-9.9,-10.139005588079092
-8.7,-8.0987192771084
-5.9,-6.032409574468128
-10.1,-9.66757180156656
-7.5,-8.312929833417433
-12.1,-11.194322209166177
-10.5,-10.097936067997036
-10.42,-10.326255980239072
-9.3,-9.335616040955763
-9.4,-9.335616040955763
-9.1,-9.68360588487968
-8.2,-8.595981047937576
-9.1,-8.789968442483884
-7.2,-7.164756944444477
-7.711,-7.663946915351553
-7.9,-7.674183246073238
-9.8,-9.262795224312576
-9.8,-10.173668220946809
-8.1,-7.683528015194684
-8.1,-9.01321089042643
-8.8,-9.177827707660727
-8.7,-9.96193352741387
-9.3,-9.03414955403442
-7.047,-7.346084639498411
-7.6,-7.811082733812988
-8.8,-8.719483669214728
-6.1,-7.685712691771241
-8.61,-9.63693127147763
-8.8,-8.578956403269745
-10.6,-10.574087346615878
-10.4,-9.749211067193631
-10.8,-10.203993682132364
-10.44,-10.529359375000041
-8.3,-10.137278012279493
-9.543,-9.269009018294204
-8.816,-9.158590005521745
-9.591,-9.216866666666641
-8.814,-9.265716088328158
-8.5,-9.234113573407138
-11.6,-10.87235869565218
-9.4,-10.097936067997036
-9.1,-10.097936067997036
-7.7,-7.47791408934709
-8.7,-9.01321089042643
-8.29,-8.757095890411016
-9.9,-10.025992482730377
-7.3,-7.222745068285248
-8.1,-9.135183368869937
-7.6,-9.50114759358294
-7.9,-9.68236831059801
-10.2,-9.331161350148168
-10.5,-11.241886000987177
-9.2,-9.196033185840712
-7.8,-9.234113573407138
-8.9,-8.211182825484764
-7.5,-7.281719999999964
-10.27,-9.932215875517212
-8.1,-8.211182825484764
-7.688,-7.301808538163014
-8.9,-8.704823699421969
-9.6,-10.392408481394622
-9.8,-10.375161849710837
-9.6,-9.884226856561542
-8.1,-8.939747605010982
-9.5,-9.670208023774167
-11.3,-11.041089540199097
-8.7,-9.287893725992301
-8.8,-8.936312621359253
-11.37,-10.775180180180225
-10.22,-9.94086232149359
-7.3,-8.33278282828279
-10.44,-10.375457313284848
-9.5,-10.35579052618489
-7.5,-8.652943618881128
-9.5,-8.531264487369997
-12.4,-11.306611647805811
-11.4,-10.361330140145665
-8.7,-9.586871526195909
-10.5,-9.94870424567183
-8.322,-8.351439457202526
-11.3,-10.369323931978556
-11.23,-10.371127993490038
-9.4,-9.560290935672441
-9.79,-10.329110492845938
-8.5,-9.092518664047114
-7.7,-8.846786904078071
-11.2,-10.503982911825
-6.5,-6.087046676096152
-11.5,-10.62354747774508
-7.3,-8.140421778584368
-8.5,-9.586871526195909
-9.609,-10.073239845653791
-11.6,-10.789868189011784
-8.336,-9.96193352741387
-6.197,-6.629373035566649
-10.1,-9.404362060173362
-9.638,-9.556077339901407
-7.0,-6.917854041013278
-9.4,-9.231935624658945
-8.2,-9.162062317429537
-9.4,-9.618941769091137
-10.08,-9.670208023774167
-7.2,-7.502472484713669
-10.9,-10.345183363148509
-10.1,-10.327206428571687
-7.9,-8.595981047937576
-7.9,-9.386083267871163
-9.6,-9.843469770254252
-10.8,-10.375457313284848
-11.3,-10.039570142535649
-7.7,-8.400503441494589
-11.0,-10.59850927663082
-10.4,-10.529359375000041
-11.0,-9.563852004716871
-11.5,-11.248061200536927
-11.4,-11.248061200536927
-10.3,-11.168938967136517
-9.0,-9.463300805729585
-9.5,-8.33278282828279
-9.0,-8.33278282828279
-9.1,-10.35579052618489
-8.2,-8.45188629518079
-11.0,-10.128194548872145
-9.677,-10.245893998441185
-8.7,-9.404362060173362
-8.9,-8.29236201780417
-6.4,-6.087046676096152
-9.3,-10.002645526225733
-12.0,-10.34285691801402
-10.7,-9.386083267871163
-12.37,-10.520662112454014
-9.0,-9.195528368794399
-5.5,-5.723116429495456
-9.2,-8.577299251870315
-8.0,-8.323352284263944
-7.8,-8.400503441494589
-8.5,-9.81061177552896
-10.1,-9.345191765369474
-6.5,-6.731725806451607
-6.5,-6.731725806451607
-6.4,-6.753403990024985
-10.6,-10.751968425513844
-12.4,-11.336399302368408
-10.0,-9.884366110304747
-9.4,-9.463300805729585
-9.4,-7.369777911164371
-10.4,-10.073072413793158
-8.4,-7.471867881549016
-8.1,-9.353115697990104
-10.91,-11.204617476277999
-11.9,-11.204617476277999
-9.6,-9.556077339901407
-10.56,-10.421542474834201
-11.7,-10.18491499085943
-8.5,-8.357050953422934
-8.3,-9.202663526949198
-7.9,-7.817460154241689
-9.9,-9.537229341099382
-10.5,-9.537229341099382
-10.0,-9.262795224312576
-10.8,-11.07098185941056
-4.7,-5.903001785714288
-10.5,-9.381872000000003
-6.5,-6.944149377593363
-9.5,-9.284574638844374
-6.8,-6.691142857142844
-11.1,-11.315650026182823
-6.1,-6.14780095541403
-6.1,-6.56563012392755
-10.2,-10.207514743589618
-8.3,-7.6998263254113235
-11.1,-10.622321897073522
-9.4,-9.404362060173362
-6.7,-7.150197712418296
-8.9,-8.400503441494589
-12.0,-11.064592568016339
-10.26,-9.68360588487968
-10.7,-10.789868189011784
-9.2,-9.789792939719243
-8.4,-8.965608906392008
-10.2,-11.251278864353388
-8.7,-8.294944567627478
-7.7,-7.797286666666712
-10.5,-10.690875062220226
-5.7,-6.545336065573737
-8.9,-7.363311814073554
-10.2,-10.184714444268241
-8.4,-7.809000000000051
-10.0,-10.07260116504895
-8.6,-8.939747605010982
-10.9,-10.589670482296325
-6.8,-6.162827439886862
-6.8,-6.028303197353929
-8.0,-7.315269194312837
-7.7,-9.463300805729585
-9.1,-9.618941769091137
-8.6,-7.6998263254113235
-8.5,-8.382111029411764
-9.8,-9.96193352741387
-8.0,-8.946662774725208
-8.5,-8.971887195121967
-7.876,-7.685712691771241
-12.8,-11.352197726489859
-8.045,-7.6998263254113235
-8.9,-8.719483669214728
-9.7,-10.279645299145319
-7.8,-7.164756944444477
-10.1,-9.560290935672441
-8.2,-7.164756944444477
-10.6,-10.032241706161145
-9.9,-10.117051682692328
-12.3,-10.88772033481043
-5.3,-6.278188581314857
-8.4,-8.750710361445812
-8.8,-8.879823975720981
-10.9,-10.690875062220226
-7.4,-8.29236201780417
-6.1,-5.7215399737877135
-11.2,-9.383893991206518
-9.0,-9.067101525512992
-10.7,-9.477019873969963
-7.0,-6.158116666666673
-10.7,-10.173668220946809
-8.0,-9.035305272485562
-8.3,-8.965608906392008
-9.3,-8.789968442483884
-9.3,-9.135183368869937
-8.6,-9.471554289142144
-5.9,-7.301808538163014
-6.8,-7.301808538163014
-10.8,-9.284574638844374
-8.8,-9.63693127147763
-9.1,-9.766168627450952
-8.0,-8.789968442483884
-9.4,-10.598233974358674
-6.8,-7.2802352941176585
-8.666,-9.81061177552896
-9.8,-9.195528368794399
-9.1,-9.195528368794399
-10.9,-10.592521140609666
-8.7,-7.685712691771241
-11.7,-10.245893998441185
-8.8,-8.789968442483884
-9.5,-9.177827707660727
-12.3,-10.326255980239072
-8.9,-8.830465741543879
-11.8,-10.789868189011784
-10.5,-11.0463686131387
-6.7,-7.363311814073554
-9.8,-10.066474880382703
-9.2,-10.137278012279493
-7.5,-9.330267645543737
-9.6,-10.545715842269182
-8.98,-8.312929833417433
-8.6,-9.092518664047114
-6.8,-7.2229162717219655
-6.7,-6.944149377593363
-5.9,-5.616499999999972
-11.0,-10.587855628655158
-11.1,-10.31908948740208
-6.8,-6.269469223907259
-4.8,-6.058083591331261
-10.4,-9.865273516642583
-9.1,-9.366657953696778
-8.352,-8.33278282828279
-7.4,-8.208959033613434
-9.757,-9.643968732858033
-10.1,-10.234277510608287
-6.4,-6.032409574468128
-13.1,-11.374342492965475
-6.9,-7.15428659793819
-9.4,-10.409618834080826
-10.6,-10.503982911825
-9.1,-9.202663526949198
-10.55,-10.279645299145319
-11.0,-9.850035897435843
-10.3,-9.182705583756333
-9.0,-9.182705583756333
-7.3,-5.754342635658951
-8.6,-9.297945655820032
-8.3,-8.71934207764972
-7.8,-8.0987192771084
-7.8,-8.103163793103448
-8.3,-8.063542780748657
-8.0,-9.01321089042643
-10.0,-9.231935624658945
-8.8,-10.025992482730377
-9.0,-8.719483669214728
-8.834,-8.88214884233733
-8.8,-9.07973813169975
-9.9,-9.195528368794399
-7.7,-9.337618659755668
-9.3,-9.430625498007927
-12.5,-11.247649696173669
-5.263,-6.524961194029843
-10.1,-10.279645299145319
-10.0,-9.884226856561542
-9.9,-9.96193352741387
-8.2,-9.024362092391355
-9.7,-9.416137028824904
-7.2,-7.13182558139535
-7.8,-7.904518659076527
-9.0,-9.96193352741387
-7.7,-9.009513805522248
-7.638,-7.668354473386202
-10.1,-9.231935624658945
-8.5,-7.685712691771241
-8.0,-7.685712691771241
-8.1,-8.595981047937576
-9.2,-9.404362060173362
-8.3,-8.140421778584368
-9.2,-9.289071856287466
-11.2,-10.961827724048947
-10.2,-9.282491989058324
-6.4,-6.269469223907259
-9.4,-9.186532863849699
-7.4,-8.431253099173542
-9.6,-10.002645526225733
-5.1,-6.178769911504426
-11.8,-10.782228151585443
-6.1,-7.150197712418296
-9.761,-9.50114759358294
-6.5,-6.544250000000005
-9.7,-9.381872000000003
-7.1,-7.05667417311757
-9.9,-9.766168627450952
-10.5,-10.375457313284848
-11.5,-10.409618834080826
-8.9,-9.202639473684199
-10.0,-10.066474880382703
-9.8,-9.337618659755668
-8.4,-8.652943618881128
-11.0,-10.59850927663082
-9.9,-10.421542474834201
-10.1,-10.366324324323996
-9.8,-9.68360588487968
-9.848,-9.625456054687504
-10.0,-9.647840301003313
-7.9,-8.946662774725208
-8.5,-9.057016042780777
-9.4,-9.464935705209838
-9.2,-9.197097628240464
-8.8,-9.197097628240464
-10.4,-9.63693127147763
-11.4,-11.248061200536927
-9.7,-10.231114362496275
-7.9,-8.830465741543879
-9.5,-9.865273516642583
-11.3,-10.311674698795182
-11.9,-10.369323931978556
-7.3,-6.917238244514124
-10.11,-10.31908948740208
-9.0,-8.554814696485527
-10.4,-9.195528368794399
-10.4,-10.59850927663082
-7.9,-7.244073089701004
-9.0,-9.586871526195909
-8.2,-8.300445407279032
-11.6,-10.279645299145319
-8.032,-7.502472484713669
-6.7,-6.944149377593363
-9.1,-8.789968442483884
-9.3,-8.704823699421969
-11.1,-10.025992482730377
-8.6,-10.097936067997036
-9.0,-9.932215875517212
-8.2,-7.673363004172487
-7.4,-9.314469636863018
-11.0,-10.574087346615878
-10.9,-9.96193352741387
-9.3,-9.289071856287466
-10.7,-9.314469636863018
-10.5,-9.843469770254252
-5.9,-6.672648922686956
-8.7,-8.946662774725208
-10.8,-10.170537122483427
-6.8,-7.15428659793819
-8.438,-9.217089238845167
-11.6,-10.443467784979202
-9.1,-9.182705583756333
-7.9,-8.252397849462367
-5.7,-6.168091392136065
-8.2,-8.357050953422934
-8.3,-9.204902957965768
-6.9,-7.040594427244588
-9.2,-9.01321089042643
-10.9,-10.210849551856684
-8.8,-9.477019873969963
-9.8,-9.330267645543737
-9.3,-9.386083267871163
-10.5,-9.386083267871163
-8.7,-10.039570142535649
-7.3,-7.683528015194684
-9.2,-9.314469636863018
-7.5,-7.401997641509453
-9.0,-9.152561971130007
-7.7,-9.578737849408277
-6.7,-6.11665633423181
-9.4,-9.282491989058324
-10.1,-9.01321089042643
-9.3,-9.865273516642583
-7.0,-6.944149377593363
-8.207,-7.50021638822604
-7.1,-7.513711080586005
-10.0,-9.314469636863018
-7.8,-6.585451704545451
-10.5,-10.598233974358674
-8.3,-7.685712691771241
-9.7,-9.694909638554272
-4.4,-5.595123913043474
-7.4,-9.134270120724343
-9.8,-10.310953341546568
-8.0,-9.195528368794399
-7.4,-8.286833333333348
-10.7,-9.94870424567183
-9.0,-10.113026072041238
-9.739,-10.249212951734227
-9.0,-9.152561971130007
-8.8,-8.300445407279032
-9.4,-9.566170301142526
-11.1,-10.574087346615878
-7.4,-8.005825229960632
-7.4,-8.157600000000015
-7.6,-7.498673469387754
-10.2,-9.30263058186739
-10.5,-10.751968425513844
-8.5,-9.01321089042643
-10.1,-9.404362060173362
-11.57,-10.409618834080826
-11.92,-10.409618834080826
-9.4,-9.362910574018265
-8.7,-9.94870424567183
-9.6,-9.775921787709496
-9.7,-10.366324324323996
-9.6,-10.245893998441185
-7.3,-8.157600000000015
-8.629,-9.064161554192172
-8.568,-9.024362092391355
-9.371,-9.024362092391355
-13.0,-11.352197726489859
-9.2,-8.789968442483884
-8.525,-8.705771816037727
-7.4,-8.400503441494589
-7.9,-7.99113262999247
-8.1,-9.330267645543737
-10.9,-10.617672347267153
-10.2,-9.289071856287466
-8.2,-9.284574638844374
-7.528,-8.206718918918936
-10.6,-9.824687447346221
-11.5,-11.146332368268736
-11.6,-10.961749718995856
-9.7,-9.916629246676429
-10.4,-11.241886000987177
-11.71,-11.204617476277999
-7.6,-7.281719999999964
-8.4,-9.01321089042643
-9.8,-9.489431192660561
-8.6,-9.282491989058324
-9.3,-9.670208023774167
-10.0,-9.670208023774167
-8.6,-8.22174502923975
-6.8,-6.905843727598533
-7.311,-8.22174502923975
-8.3,-8.22174502923975
-7.9,-8.063542780748657
-9.9,-10.690875062220226
-8.872,-9.195528368794399
-11.2,-10.885608822520192
-9.9,-9.530226817042609
-7.4,-9.078200876305907
-10.5,-10.073072413793158
-7.5,-8.263697076023396
-9.0,-9.789792939719243
-8.8,-8.578956403269745
-11.7,-10.310953341546568
-10.2,-9.884226856561542
-6.3,-6.789144117647073
-11.0,-10.878719105691042
-10.1,-10.2669892703865
-11.1,-9.566170301142526
-10.4,-9.865273516642583
-6.8,-7.274941883767524
-6.7,-7.150197712418296
-9.1,-7.624389215162895
-9.4,-10.254178160919286
-8.0,-9.800857282311608
-9.4,-9.68360588487968
-7.0,-7.377916299559464
-8.9,-8.211182825484764
-9.5,-9.234113573407138
-9.4,-9.68360588487968
-9.5,-9.68360588487968
-8.4,-8.830465741543879
-10.7,-10.443467784979202
-8.7,-9.189133157894696
-11.4,-10.782228151585443
-7.2,-8.400503441494589
-10.4,-10.202302235469254
-8.2,-8.705771816037727
-12.0,-11.24733971742564
-9.3,-9.344957359813124
-8.9,-10.371127993490038
-10.1,-9.679337245213487
-8.7,-7.2324631410256215
-9.3,-9.202639473684199
-10.0,-9.643968732858033
-12.5,-10.878719105691042
-10.6,-10.245893998441185
-11.1,-10.21490349360072
-8.4,-9.194697547683841
-9.5,-9.204902957965768
-8.4,-8.757095890411016
-10.0,-9.749211067193631
-11.13,-10.751487921489757
-9.669,-9.589716836734729
-9.697,-9.589716836734729
-6.1,-6.307834990059686
-11.5,-10.751968425513844
-7.4,-7.683528015194684
-7.5,-8.846786904078071
-8.9,-8.179462962962877
-8.5,-9.537229341099382
-6.7,-7.13182558139535
-9.3,-9.694909638554272
-7.7,-9.158590005521745
-10.15,-10.267622738386395
-9.2,-10.29503344735824
-7.716,-8.300445407279032
-11.1,-10.598233974358674
-9.1,-8.879823975720981
-9.5,-9.024362092391355
-8.4,-8.36118969219767
-9.6,-9.832688135593317
-7.6,-8.763070123747752
-10.3,-10.002645526225733
-8.5,-9.589716836734729
-11.5,-11.0463686131387
-9.8,-9.865273516642583
-9.4,-9.368548085106305
-9.2,-9.383893991206518
-11.6,-11.168938967136517
-8.9,-8.263008908685963
-8.5,-9.337618659755668
-11.5,-10.392408481394622
-7.7,-9.366657953696778
-8.6,-9.194697547683841
-8.6,-9.866212121212174
-8.1,-8.946662774725208
-12.1,-10.310953341546568
-11.4,-10.366324324323996
-9.0,-10.202302235469254
-10.0,-10.202302235469254
-9.9,-9.537229341099382
-7.4,-8.656899869394936
-9.1,-10.170537122483427
-9.2,-8.735356129032283
-11.3,-11.098930419268507
-9.3,-9.065805334150603
-8.4,-9.269009018294204
-7.8,-8.879823975720981
-11.29,-11.352197726489859
-7.2,-6.56563012392755
-9.449,-9.01321089042643
-7.8,-9.01321089042643
-8.5,-8.33278282828279
-8.9,-9.414471910112356
-8.3,-9.202639473684199
-3.9,-5.551532945736407
-9.1,-9.19059196484618
-7.3,-7.2802352941176585
-6.9,-7.301808538163014
-8.1,-8.729489867841306
-9.0,-9.195528368794399
-7.895,-8.531264487369997
-12.4,-11.168938967136517
-8.0,-7.15428659793819
-8.9,-7.663946915351553
-9.5,-9.269009018294204
-9.5,-10.327206428571687
-8.4,-9.276469020866816
-8.6,-9.586871526195909
-9.3,-9.282491989058324
-8.7,-9.009513805522248
-9.152,-9.158590005521745
-11.4,-10.443467784979202
-8.2,-8.946662774725208
-7.9,-7.99113262999247
-8.2,-8.531264487369997
-8.1,-8.349450334821462
-10.3,-10.587855628655158
-9.9,-9.535109163346462
-10.9,-10.529359375000041
-9.3,-8.294944567627478
-9.3,-9.125042628774391
-9.7,-9.214922855773766
-11.1,-9.586871526195909
-7.2,-6.208286541244597
-9.0,-9.330267645543737
-11.4,-10.960132407206439
-10.7,-10.721685205183727
-10.3,-10.443467784979202
-10.2,-10.587855628655158
-5.6,-5.903001785714288
-6.2,-6.684131182795718
-11.0,-10.259054930332317
-9.645,-9.284574638844374
-9.1,-8.939747605010982
-7.7,-8.357050953422934
-9.6,-9.48650145387237
-7.9,-7.6998263254113235
-8.5,-7.685712691771241
-7.789,-9.386083267871163
-11.63,-11.204617476277999
-10.1,-10.339810627767417
-10.2,-9.471554289142144
-8.4,-9.177827707660727
-10.2,-9.593084253341068
-8.1,-8.300445407279032
-7.5,-9.177827707660727
-7.4,-7.2229162717219655
-8.5,-9.01321089042643
-11.3,-10.574087346615878
-7.9,-8.729489867841306
-8.5,-8.729489867841306
-10.8,-10.329110492845938
-9.4,-10.20004461234067
-8.0,-8.418291463414711
-9.563,-9.471554289142144
-8.791,-9.01321089042643
-9.6,-9.68360588487968
-6.0,-6.227536585365849
-9.4,-9.01321089042643
-8.5,-8.400503441494589
-9.8,-10.159544307469465
-10.8,-9.618941769091137
-10.5,-10.960132407206439
-7.0,-8.263008908685963
-8.3,-9.197097628240464
-8.758,-8.33278282828279
-9.9,-9.741632049786041
-9.6,-9.404362060173362
-9.6,-8.300445407279032
-9.4,-9.865273516642583
-10.9,-10.247543940795563
-10.3,-10.267622738386395
-12.4,-10.782228151585443
-10.7,-10.878719105691042
-9.5,-10.234277510608287
-6.3,-7.624389215162895
-9.1,-8.400503441494589
-11.0,-10.582237754540522
-7.2,-7.674183246073238
-8.5,-8.263008908685963
-9.0,-8.063542780748657
-7.1,-7.363311814073554
-7.0,-6.585451704545451
-9.82,-9.214922855773766
-8.6,-9.916629246676429
-7.5,-8.157600000000015
-9.2,-9.152561971130007
-9.8,-9.746750561797716
-9.1,-10.31908948740208
-9.3,-9.282491989058324
-5.5,-5.5313107692307835
-6.7,-7.70448387096768
-9.3,-9.197097628240464
-9.8,-9.345191765369474
-9.4,-7.638048305084777
-4.8,-5.418418524871351
-9.7,-10.199577117863853
-9.6,-9.96193352741387
-9.4,-8.946662774725208
-8.1,-8.965608906392008
-10.5,-9.927968981922104
-8.2,-8.652943618881128
-5.1,-5.498132841328419
-9.5,-9.927968981922104
-5.7,-5.871803303303314
-10.2,-9.8228386683738
-8.3,-8.299550604710225
-10.2,-10.234277510608287
-8.3,-8.176771121351768
-10.94,-10.446000313038601
-7.8,-9.276469020866816
-9.5,-9.287893725992301
-8.5,-9.335616040955763
-7.9,-8.294944567627478
-10.1,-9.670208023774167
-7.1,-6.142781704781728
-8.4,-7.883204513399187
-11.2,-10.751968425513844
-7.7,-9.13374427994629
-5.4,-5.955646464646444
-8.6,-8.180696969696948
-7.7,-9.278680422747856
-8.1,-8.457568155784662
-8.5,-8.757095890411016
-9.2,-9.586871526195909
-8.4,-8.29236201780417
-8.3,-8.554814696485527
-8.3,-8.656899869394936
-8.0,-8.294944567627478
-7.4,-8.481455462184893
-4.958,-5.595277573529464
-9.5,-9.625456054687504
-9.5,-9.214922855773766
-11.7,-10.066474880382703
-11.9,-11.241886000987177
-11.2,-9.422880422691742
-11.0,-9.422880422691742
-6.806,-7.164756944444477
-7.2,-7.192323529411748
-9.6,-9.696832888097294
-9.4,-8.252397849462367
-10.0,-9.586871526195909
-9.9,-9.386083267871163
-9.6,-8.531264487369997
-8.6,-9.196033185840712
-8.0,-9.009513805522248
-11.6,-9.94870424567183
-11.6,-10.375161849710837
-11.3,-10.002645526225733
-9.2,-9.064161554192172
-9.5,-9.593084253341068
-7.1,-6.473859569648947
-11.3,-10.503982911825
-8.7,-9.464935705209838
-8.8,-10.366324324323996
-7.5,-7.13182558139535
-10.3,-10.199577117863853
-5.4,-5.60204745370372
-8.8,-9.381872000000003
-8.2,-8.211182825484764
-8.3,-9.335616040955763
-7.0,-7.369777911164371
-7.7,-7.369777911164371
-10.6,-9.538304075235088
-8.9,-7.253551067073162
-8.3,-9.471554289142144
-8.9,-8.577299251870315
-9.7,-9.477019873969963
-8.8,-8.705771816037727
-5.3,-5.754342635658951
-8.5,-10.199577117863853
-10.8,-10.097936067997036
-10.4,-10.139005588079092
-10.6,-9.463300805729585
-9.0,-8.554814696485527
-8.1,-9.32617465224112
-8.4,-9.335616040955763
-7.3,-8.047558095238092
-9.5,-8.312929833417433
-9.3,-10.099460461416168
-8.7,-8.939747605010982
-6.6,-7.513711080586005
-9.5,-9.053772806711033
-10.0,-10.117051682692328
-9.7,-10.199577117863853
-8.6,-10.34285691801402
-9.7,-9.94086232149359
-5.7,-6.905843727598533
-9.5,-9.287893725992301
-9.7,-9.297945655820032
-9.2,-9.50114759358294
-4.8,-5.615731707317076
-11.0,-10.139005588079092
-6.7,-6.691142857142844
-6.7,-6.691142857142844
-6.9,-6.691142857142844
-9.9,-10.246227202472925
-8.3,-9.526290060851883
-7.2,-8.789968442483884
-11.3,-10.751968425513844
-9.7,-9.789792939719243
-10.1,-10.31908948740208
-8.2,-9.053772806711033
-10.0,-8.88214884233733
-8.5,-9.463300805729585
-6.8,-7.222745068285248
-7.2,-7.211683783783783
-7.8,-8.259986301369844
-11.9,-11.373810587663787
-8.3,-9.042252390057302
-9.1,-9.586871526195909
-11.3,-10.589670482296325
-7.0,-8.04744460500967
-6.8,-8.04744460500967
-9.0,-10.060919439213544
-6.6,-6.789144117647073
-7.6,-7.653566523605146
-6.8,-7.346084639498411
-12.41,-10.641654869933461
-9.046,-10.090674319728066
-9.033,-10.090674319728066
-9.191,-10.06944848596773
-8.5,-8.946662774725208
-9.1,-9.884226856561542
-9.0,-8.879823975720981
-7.459,-7.369777911164371
-9.3,-9.789792939719243
-8.3,-9.741632049786041
-9.2,-9.96193352741387
-8.5,-9.204902957965768
-11.1,-10.93767159383037
-10.8,-10.617672347267153
-7.1,-7.223297224709039
-10.7,-10.090674319728066
-6.8,-7.108697592067968
-9.2,-8.431253099173542
-9.0,-8.418291463414711
-9.1,-9.94086232149359
-9.3,-9.643968732858033
-9.6,-9.195528368794399
-6.9,-7.13182558139535
-8.0,-8.879823975720981
-10.0,-10.090674319728066
-10.1,-10.789868189011784
-9.7,-9.337618659755668
-9.6,-9.346312432432317
-8.1,-8.294944567627478
-11.8,-10.245893998441185
-11.6,-10.234277510608287
-6.9,-7.099221662468541
-9.8,-10.503982911825
-10.11,-10.981451145806899
-8.1,-7.369777911164371
-10.5,-10.070610642781979
-8.4,-9.696832888097294
-10.3,-10.574087346615878
-9.355,-9.317903133903135
-9.358,-9.269009018294204
-9.411,-9.278680422747856
-9.331,-9.269009018294204
-5.3,-6.208286541244597
-10.0,-9.824687447346221
-10.5,-9.850035897435843
-10.2,-9.850035897435843
-9.02,-9.314469636863018
-12.6,-11.241886000987177
-8.8,-9.134270120724343
-8.7,-9.981150181671293
-10.7,-10.574087346615878
-8.4,-8.605485559566763
-9.7,-9.335616040955763
-8.3,-9.824687447346221
-8.991,-8.431253099173542
-10.8,-10.960132407206439
-10.7,-10.326255980239072
-6.8,-6.858130715705815
-5.8,-6.53941304347819
-9.6,-10.259054930332317
-6.8,-7.363311814073554
-12.2,-10.690875062220226
-10.0,-10.31908948740208
-6.6,-7.150197712418296
-6.6,-7.150197712418296
-8.8,-8.652943618881128
-7.6,-7.42417460317457
-9.1,-7.790179966044098
-9.8,-9.87937483443707
-9.874,-10.760719803370833
-10.8,-10.545715842269182
-11.1,-9.50114759358294
-8.6,-9.618941769091137
-11.5,-10.598233974358674
-6.8,-6.278188581314857
-7.0,-7.741933774834481
-10.1,-10.465555220016991
-8.9,-9.96193352741387
-8.3,-8.357050953422934
-8.953,-8.0987192771084
-9.9,-10.254178160919286
-8.4,-8.157600000000015
-9.9,-9.824687447346221
-8.795,-8.729489867841306
-8.1,-9.057016042780777
-7.7,-7.6998263254113235
-8.038,-8.047558095238092
-10.3,-10.210849551856684
-11.8,-11.464203513654688
-10.2,-9.94870424567183
-9.0,-10.326255980239072
-8.7,-8.45188629518079
-9.1,-9.430625498007927
-12.7,-10.961749718995856
-9.855,-10.59850927663082
-9.4,-8.418291463414711
-9.4,-8.573072822822915
-7.8,-7.7042110552763585
-9.1,-9.386083267871163
-9.0,-9.194697547683841
-9.1,-8.0987192771084
-9.1,-9.110014640789911
-12.1,-10.520662112454014
-8.014,-9.94086232149359
-9.3,-9.092518664047114
-7.3,-8.531264487369997
-7.0,-8.382111029411764
-9.5,-10.07342754689247
-6.3,-7.150197712418296
-9.8,-10.345183363148509
-10.5,-9.554709876543134
-11.18,-11.412924189410369
-8.8,-9.66757180156656
-9.5,-9.625456054687504
-5.3,-5.59660428849902
-8.3,-8.463952702702715
-8.9,-9.832688135593317
-6.1,-6.917854041013278
-11.7,-10.981451145806899
-8.8,-10.090674319728066
-8.5,-8.531264487369997
-9.2,-9.214922855773766
-10.3,-10.139005588079092
-5.4,-5.871803303303314
-7.989,-7.253551067073162
-7.7,-9.024362092391355
-8.6,-9.273322881921304
-9.0,-8.705771816037727
-7.9,-9.269009018294204
-9.3,-9.538304075235088
-8.8,-9.345191765369474
-8.4,-8.578956403269745
-8.5,-7.502472484713669
-8.8,-8.368276785714283
-6.9,-7.244073089701004
-9.262,-9.335616040955763
-9.5,-10.407649350649374
-8.5,-8.531264487369997
-5.5,-5.866510739856797
-8.5,-9.262795224312576
-9.3,-9.204902957965768
-10.4,-9.430625498007927
-5.3,-5.866510739856797
-11.3,-10.59850927663082
-9.0,-10.503982911825
-7.4,-7.2229162717219655
-12.3,-10.960132407206439
-9.9,-10.246227202472925
-9.7,-10.529359375000041
-7.3,-5.9577504950495195
-11.4,-10.933150150150448
-9.5,-9.530226817042609
-7.735,-8.22174502923975
-8.572,-8.554814696485527
-7.6,-7.165567307692315
-9.9,-10.308758547008935
-9.0,-9.81061177552896
-7.6,-7.685712691771241
-8.5,-9.196033185840712
-9.3,-9.696832888097294
-11.5,-11.026849469964652
-4.7,-5.903001785714288
-6.7,-7.6998263254113235
-8.4,-8.652943618881128
-10.0,-10.245893998441185
-8.6,-7.809000000000051
-10.6,-10.407649350649374
-8.1,-8.652943618881128
-7.7,-8.04744460500967
-9.7,-9.670208023774167
-8.8,-9.537229341099382
-8.7,-9.538304075235088
-7.8,-7.52483108108109
-6.6,-6.544250000000005
-7.0,-7.143367487684678
-9.2,-9.471554289142144
-8.0,-6.556769706336977
-4.3,-5.83999190283403
-8.386,-9.191524216524181
-6.7,-7.143367487684678
-6.4,-7.143367487684678
-6.272,-7.989364312267702
-10.3,-10.249212951734227
-9.729,-10.159544307469465
-10.1,-9.927968981922104
-8.3,-7.99113262999247
-6.4,-5.974037147102512
-8.9,-9.01321089042643
-8.3,-9.009513805522248
-8.4,-9.024362092391355
-8.3,-8.939747605010982
-9.1,-9.63693127147763
-9.4,-9.067101525512992
-9.5,-8.224471299093642
-9.7,-10.587855628655158
-8.5,-9.297945655820032
-9.0,-9.202639473684199
-4.693,-5.616499999999972
-8.5,-8.846786904078071
-6.9,-7.150197712418296
-6.7,-7.2802352941176585
-9.271,-9.287893725992301
-10.3,-9.916629246676429
-10.5,-10.060919439213544
-8.782,-8.294944567627478
-6.6,-6.745549999999956
-9.6,-9.414471910112356
-9.3,-9.68360588487968
-8.8,-9.406893606637347
-8.9,-9.719640356460747
-11.0,-10.933150150150448
-10.2,-10.574087346615878
-8.8,-9.345191765369474
-10.5,-11.247649696173669
-9.1,-10.066474880382703
-10.55,-10.2669892703865
-10.7,-10.443467784979202
-8.7,-9.590592670157056
-9.9,-9.670208023774167
-8.0,-8.840539782244578
-9.7,-10.039570142535649
-9.9,-10.139005588079092
-7.7,-8.939747605010982
-7.8,-8.159658142664915
-8.4,-9.297945655820032
-8.828,-10.35579052618489
-8.9,-9.273322881921304
-8.3,-8.349450334821462
-10.7,-10.878719105691042
-9.1,-9.519502296211277
-8.7,-8.063542780748657
-8.4,-7.958822513812162
-4.2,-5.471196226415117
-9.2,-9.474801869158803
-5.5,-5.723116429495456
-9.138,-10.117051682692328
-9.6,-11.306611647805811
-9.479,-8.377283803863389
-8.165,-9.067101525512992
-10.5,-10.878719105691042
-8.466,-9.282491989058324
-10.2,-9.68360588487968
-9.1,-8.481455462184893
-8.8,-9.586871526195909
-8.9,-8.595981047937576
-8.9,-8.705771816037727
-8.2,-8.705771816037727
-7.9,-8.705771816037727
-9.4,-9.539230225745365
-8.7,-9.234113573407138
-7.4,-6.224461822660065
-8.3,-8.971887195121967
-9.2,-8.88214884233733
-9.1,-9.68138252427183
-8.2,-8.159658142664915
-11.0,-11.194322209166177
-11.5,-10.04113683373121
-7.8,-8.946662774725208
-8.4,-9.182705583756333
-7.6,-7.401997641509453
-8.3,-8.704823699421969
-8.0,-9.118296863237218
-11.6,-11.076125128469291
-9.3,-9.643968732858033
-9.6,-9.134270120724343
-9.7,-9.03414955403442
-8.0,-7.369777911164371
-11.6,-10.885608822520192
-10.2,-10.617672347267153
-9.9,-9.96193352741387
-8.3,-9.390257918552093
-9.3,-9.96193352741387
-9.9,-10.327206428571687
-6.0,-5.990876513317229
-6.5,-6.407104118104076
-8.1,-9.162062317429537
-7.3,-8.965608906392008
-9.3,-9.189133157894696
-7.8,-7.811082733812988
-10.1,-10.574087346615878
-8.0,-7.797286666666712
-7.6,-8.140421778584368
-8.7,-7.904518659076527
-9.7,-9.94870424567183
-9.4,-9.566170301142526
-6.6,-6.944149377593363
-7.8,-8.531264487369997
-9.314,-9.325018090154146
-8.9,-10.090674319728066
-9.4,-9.234113573407138
-9.0,-10.279645299145319
-9.1,-8.705771816037727
-9.5,-9.135183368869937
-8.6,-8.294944567627478
-9.151,-9.196033185840712
-6.0,-5.988679161372291
-8.9,-9.260568047337243
-9.5,-10.203993682132364
-5.9,-6.821758849557509
-9.9,-9.832688135593317
-10.3,-9.042252390057302
-9.622,-9.749211067193631
-10.6,-10.465555220016991
-9.9,-9.866212121212174
-8.5,-9.297945655820032
-9.6,-9.337618659755668
-6.8,-7.63051183970865
-10.0,-10.117051682692328
-7.5,-8.33278282828279
-6.9,-7.225673110720551
-6.7,-7.225673110720551
-12.2,-10.279645299145319
-9.6,-10.503982911825
-9.6,-10.254178160919286
-9.8,-9.386083267871163
-9.4,-9.30924504950496
-10.8,-10.170537122483427
-8.1,-8.0987192771084
-8.3,-8.136838709677436
-10.0,-9.590592670157056
-5.8,-6.067696612665735
-5.6,-5.853519662921346
-8.4,-8.79963565217394
-9.3,-9.649782608695627
-8.2,-9.195528368794399
-9.7,-8.382111029411764
-8.5,-8.578956403269745
-7.6,-7.363311814073554
-5.8,-6.087046676096152
-9.1,-8.958044226044246
-9.779,-9.566170301142526
-6.7,-6.952615782664948
-10.2,-9.94086232149359
-10.8,-11.248061200536927
-7.0,-8.45188629518079
-9.1,-7.6998263254113235
-8.6,-8.263697076023396
-9.1,-8.578956403269745
-11.8,-10.308758547008935
-7.5,-8.946662774725208
-8.6,-8.357050953422934
-10.4,-9.278680422747856
-10.88,-10.264907311320798
-9.5,-9.202639473684199
-9.1,-9.125042628774391
-8.8,-9.172946324387462
-9.829,-9.916629246676429
-5.9,-6.952615782664948
-10.2,-9.287893725992301
-9.4,-9.537229341099382
-8.4,-9.024362092391355
-7.958,-9.042252390057302
-9.1,-9.01321089042643
-10.8,-10.661113730928959
-7.5,-8.337675862068968
-5.5,-5.873837837837852
-5.5,-5.873837837837852
-10.5,-10.782228151585443
-9.3,-9.625456054687504
-9.7,-9.537229341099382
-8.2,-8.789968442483884
-8.5,-8.789968442483884
-8.0,-8.337675862068968
-10.6,-10.589670482296325
-9.2,-9.167769516728624
-8.4,-8.79963565217394
-8.5,-8.312929833417433
-9.9,-10.361330140145665
-7.6,-8.129067937033977
-10.4,-9.231935624658945
-10.0,-10.137278012279493
-6.2,-6.196106040268499
-10.2,-9.68236831059801
-7.8,-8.705771816037727
-11.3,-10.326255980239072
-7.7,-7.377916299559464
-8.7,-9.68360588487968
-8.4,-8.735356129032283
-10.3,-9.789792939719243
-10.3,-9.314469636863018
-10.1,-10.961749718995856
-6.9,-7.165567307692315
-9.0,-8.531264487369997
-9.7,-9.078200876305907
-9.257,-10.231114362496275
-9.6,-9.63693127147763
-12.5,-11.306611647805811
-11.4,-10.163110246433233
-5.7,-6.032409574468128
-9.0,-9.19059196484618
-10.5,-9.167769516728624
-9.3,-8.958044226044246
-8.2,-8.312929833417433
-7.9,-9.152561971130007
-8.6,-10.34285691801402
-8.5,-9.01321089042643
-10.5,-9.586871526195909
-9.9,-10.060919439213544
-9.7,-10.163110246433233
-9.2,-9.927968981922104
-9.2,-9.94086232149359
-8.6,-9.177827707660727
-10.0,-9.366657953696778
-11.1,-10.878719105691042
-5.3,-5.990876513317229
-8.7,-8.789968442483884
-6.103,-6.318310679611644
-10.8,-10.878719105691042
-7.7,-7.653566523605146
-8.9,-9.282491989058324
-8.6,-9.386083267871163
-8.5,-9.152561971130007
-7.3,-8.300445407279032
-11.3,-10.643215708812253
-10.8,-10.06944848596773
-8.1,-9.269009018294204
-12.2,-10.264907311320798
-9.4,-8.652943618881128
-9.5,-10.20004461234067
-8.2,-8.382111029411764
-8.1,-8.382111029411764
-8.5,-8.382111029411764
-7.4,-7.502472484713669
-7.0,-6.944149377593363
-6.9,-7.164756944444477
-9.1,-9.182705583756333
-9.4,-9.416137028824904
-7.8,-6.158116666666673
-11.3,-11.064592568016339
-10.0,-9.884226856561542
-10.2,-9.884226856561542
-6.1,-5.974037147102512
-7.858,-8.607929016189278
-7.3,-7.29405594405593
-11.6,-10.308758547008935
-9.8,-9.353115697990104
-11.62,-11.251278864353388
-8.6,-9.297945655820032
-7.5,-7.52483108108109
-9.1,-9.578737849408277
-9.1,-9.730471559092145
-10.3,-10.409618834080826
-10.6,-10.465555220016991
-4.0,-5.723116429495456
-10.6,-10.210849551856684
-6.6,-7.502472484713669
-8.7,-9.19059196484618
-10.35,-10.598233974358674
-9.588,-10.267622738386395
-8.963,-10.14025
-8.257,-9.135183368869937
-9.082,-9.471554289142144
-12.1,-11.204617476277999
-5.4,-5.9577504950495195
-10.7,-9.766168627450952
-11.2,-9.531600873362452
-8.0,-9.134270120724343
-6.9,-7.336730882352952
-7.0,-7.336730882352952
-8.7,-8.259986301369844
-8.8,-9.278680422747856
-8.5,-9.067101525512992
-6.3,-6.057850210970484
-10.0,-9.404362060173362
-8.0,-8.129067937033977
-6.3,-8.111969817315265
-6.4,-8.236877566539857
-9.8,-9.593084253341068
-9.8,-9.368548085106305
-9.6,-9.368548085106305
-10.6,-10.070610642781979
-8.9,-10.170537122483427
-8.5,-9.189133157894696
-10.57,-10.163110246433233
-5.2,-5.688220379146955
-9.958,-10.326255980239072
-11.6,-10.139005588079092
-8.3,-7.69652780930752
-9.4,-9.386083267871163
-10.8,-10.35579052618489
-10.8,-10.503982911825
-9.1,-9.177827707660727
-7.6,-8.830465741543879
-5.9,-5.551532945736407
-7.8,-9.197097628240464
-10.2,-10.409618834080826
-9.8,-9.530226817042609
-6.9,-6.307834990059686
-9.5,-9.383893991206518
-10.3,-10.249212951734227
-9.2,-9.618941769091137
-3.9,-5.471196226415117
-8.2,-8.735356129032283
-10.1,-10.574087346615878
-10.3,-10.529359375000041
-8.774,-9.189133157894696
-8.7,-9.172946324387462
-7.9,-8.704823699421969
-6.4,-6.944149377593363
-9.1,-9.775921787709496
-11.0,-10.598233974358674
-11.4,-10.598233974358674
-8.5,-10.21490349360072
-7.778,-8.224471299093642
-11.18,-11.373810587663787
-8.164,-8.429224089635863
-7.2,-8.157600000000015
-9.4,-9.189133157894696
-8.3,-10.076527607361944
-8.0,-8.04744460500967
-5.179,-5.672419161676631
-9.7,-9.162062317429537
-9.6,-9.182705583756333
-9.7,-10.202302235469254
-6.2,-6.142781704781728
-8.0,-9.024362092391355
-8.1,-9.214922855773766
-8.7,-8.047558095238092
-12.4,-11.464203513654688
-8.4,-9.670208023774167
-9.7,-10.589670482296325
-10.4,-11.359624153498594
-9.9,-11.359624153498594
-9.1,-9.696832888097294
-8.1,-8.936312621359253
-8.9,-8.954747757847558
-12.1,-10.53469232231097
-9.9,-10.113026072041238
-9.3,-8.88214884233733
-9.8,-9.843469770254252
-7.0,-6.307834990059686
-9.7,-9.191524216524181
-9.7,-9.196033185840712
-8.3,-8.88214884233733
-9.3,-9.50114759358294
-8.483,-9.269009018294204
-10.7,-10.878719105691042
-10.7,-10.782228151585443
-8.9,-8.531264487369997
-8.5,-7.99113262999247
-9.2,-8.656899869394936
-9.7,-10.137278012279493
-9.5,-10.184714444268241
-9.2,-8.652943618881128
-12.5,-11.204617476277999
-10.1,-9.30924504950496
-9.915,-10.170537122483427
-8.2,-7.513711080586005
-7.8,-6.462977959697708
-7.6,-7.225673110720551
-9.5,-9.586871526195909
-10.7,-10.617672347267153
-10.6,-9.927968981922104
-8.4,-8.735356129032283
-11.0,-10.392408481394622
-8.3,-8.719483669214728
-6.8,-6.1666666666666705
-9.3,-9.477019873969963
-9.3,-10.245893998441185
-10.0,-9.832688135593317
-8.6,-8.573072822822915
-10.58,-9.94870424567183
-10.6,-11.146332368268736
-9.8,-11.076125128469291
-7.1,-7.111465798045606
-10.16,-10.159544307469465
-10.02,-10.421542474834201
-11.2,-10.751487921489757
-10.0,-8.368276785714283
-10.1,-8.554814696485527
-7.5,-8.057375095492764
-5.9,-5.825100371747208
-9.9,-9.414471910112356
-11.4,-9.586871526195909
-6.1,-5.871803303303314
-9.2,-10.139005588079092
-9.6,-9.824687447346221
-8.9,-8.047558095238092
-8.9,-9.189133157894696
-10.3,-9.824687447346221
-6.4,-6.11665633423181
-12.1,-10.759701467505264
-10.3,-10.759701467505264
-7.3,-7.336730882352952
-7.871,-7.2324631410256215
-8.8,-8.481455462184893
-8.2,-8.400503441494589
-7.2,-7.8165960187353924
-8.6,-8.531264487369997
-9.8,-9.330267645543737
-13.1,-11.329096385542055
-9.3,-10.21490349360072
-6.7,-6.047248437500024
-8.7,-7.513711080586005
-7.5,-8.068115830115813
-10.0,-9.314469636863018
-11.1,-11.199467062224576
-11.1,-10.289905135415253
-9.6,-8.988834610472514
-9.5,-8.965608906392008
-8.2,-8.206718918918936
-9.4,-7.883204513399187
-8.6,-9.234113573407138
-9.54,-9.297945655820032
-9.436,-9.297945655820032
-7.1,-7.164756944444477
-6.9,-7.164756944444477
-6.8,-7.022644268774574
-6.4,-6.952615782664948
-8.3,-8.357050953422934
-10.1,-9.134270120724343
-8.6,-9.152561971130007
-7.3,-7.502472484713669
-12.6,-10.961749718995856
-7.6,-7.502472484713669
-10.04,-10.409618834080826
-7.8,-8.300445407279032
-10.4,-10.066474880382703
-7.1,-7.683528015194684
-9.5,-10.202302235469254
-11.1,-11.039992713666795
-11.1,-10.961749718995856
-11.1,-10.961749718995856
-11.44,-10.199577117863853
-8.5,-7.86431656804737
-11.62,-10.503982911825
-9.1,-9.539230225745365
-7.5,-8.159658142664915
-10.8,-9.383893991206518
-10.0,-10.04113683373121
-9.3,-9.287893725992301
-11.12,-10.04113683373121
-10.5,-10.371127993490038
-11.1,-10.353801675977621
-9.5,-9.68236831059801
-11.6,-10.002645526225733
-11.3,-10.154476876211643
-10.3,-10.210849551856684
-7.9,-8.958044226044246
-7.8,-8.129143160127263
-11.4,-10.259054930332317
-8.0,-10.06944848596773
-9.1,-9.746750561797716
-12.0,-11.124252740651855
-9.2,-9.749211067193631
-6.3,-6.944149377593363
-10.1,-9.586871526195909
-8.6,-8.719483669214728
-8.4,-7.363311814073554
-9.5,-9.406893606637347
-8.7,-9.68236831059801
-8.718,-8.531264487369997
-9.8,-9.94870424567183
-5.3,-5.597413592233014
-7.0,-7.274941883767524
-8.9,-9.152561971130007
-7.457,-7.315269194312837
-7.7,-8.349450334821462
-9.847,-9.775921787709496
-8.8,-9.177827707660727
-10.9,-9.282491989058324
-10.9,-9.282491989058324
-9.0,-9.092518664047114
-9.6,-9.390257918552093
-8.9,-8.176771121351768
-9.3,-9.194697547683841
-10.9,-9.590592670157056
-8.3,-8.04744460500967
-7.846,-9.618941769091137
-8.104,-9.68360588487968
-7.4,-6.853586797066041
-9.3,-9.443659362064787
-9.8,-10.159544307469465
-10.3,-9.204902957965768
-7.5,-7.244073089701004
-9.0,-8.79963565217394
-9.4,-9.204902957965768
-9.8,-9.30924504950496
-7.5,-7.86431656804737
-8.2,-9.231935624658945
-5.3,-5.996786861313902
-10.7,-10.751487921489757
-5.9,-5.672419161676631
-5.9,-5.679077348066324
-5.9,-5.672419161676631
-8.2,-8.719483669214728
-9.4,-9.471554289142144
-8.1,-9.278680422747856
-8.4,-9.269009018294204
-8.5,-9.287893725992301
-7.7,-8.554814696485527
-9.209,-9.278680422747856
-7.0,-8.605485559566763
-10.3,-9.68360588487968
-9.0,-9.262795224312576
-10.0,-11.104953967292365
-9.0,-10.139005588079092
-9.8,-9.19059196484618
-8.3,-9.195528368794399
-10.84,-10.073072413793158
-5.4,-6.462977959697708
-5.3,-6.365825282631121
-8.7,-8.188262536872966
-5.5,-6.56563012392755
-9.537,-10.264907311320798
-10.13,-9.884226856561542
-10.9,-10.751487921489757
-7.0,-6.645588926174454
-11.9,-11.076125128469291
-10.76,-10.366324324323996
-9.0,-10.279645299145319
-10.7,-10.661113730928959
-8.4,-8.357050953422934
-10.3,-11.194322209166177
-6.3,-5.974037147102512
-7.8,-8.344640149160924
-9.8,-8.300445407279032
-9.8,-9.202639473684199
-7.5,-7.369777911164371
-8.9,-9.471554289142144
-8.0,-7.663946915351553
-11.0,-11.412924189410369
-9.6,-9.13374427994629
-9.1,-9.064161554192172
-7.612,-7.2324631410256215
-9.8,-9.643968732858033
-10.1,-9.824687447346221
-8.6,-10.170537122483427
-9.3,-9.195528368794399
-8.5,-8.068115830115813
-9.3,-9.195528368794399
-6.0,-5.974037147102512
-9.536,-9.643968732858033
-9.0,-9.195528368794399
-5.7,-6.187388888888904
-8.8,-9.03414955403442
-10.1,-9.766168627450952
-9.563,-9.63399728813548
-9.6,-9.064161554192172
-7.4,-8.073871670702164
-8.4,-8.705771816037727
-8.1,-8.705771816037727
-5.1,-6.058083591331261
-8.7,-9.381872000000003
-6.175,-6.462977959697708
-8.6,-9.195528368794399
-7.8,-9.537229341099382
-12.6,-10.589670482296325
-12.8,-10.878719105691042
-10.3,-10.199577117863853
-8.4,-9.067101525512992
-8.5,-8.729489867841306
-7.2,-7.274941883767524
-8.0,-7.274941883767524
-7.4,-7.811082733812988
-9.7,-9.08579763186225
-8.0,-8.789968442483884
-8.1,-7.624389215162895
-10.2,-9.68360588487968
-8.6,-8.357050953422934
-8.0,-8.22174502923975
-7.3,-7.21125663716813
-7.3,-7.336730882352952
-10.6,-10.981451145806899
-8.3,-7.369777911164371
-8.2,-8.323352284263944
-10.4,-10.574087346615878
-6.2,-5.866510739856797
-12.0,-11.485132241215618
-9.9,-9.474801869158803
-7.1,-8.958000000000002
-8.8,-8.856112973948932
-12.2,-10.267622738386395
-10.04,-9.276469020866816
-10.02,-10.264907311320798
-9.4,-9.167769516728624
-8.9,-8.252397849462367
-9.6,-10.35579052618489
-11.3,-10.20004461234067
-9.2,-9.63693127147763
-7.5,-9.119554509235819
-7.5,-7.683528015194684
-9.143,-10.279645299145319
-8.4,-9.19059196484618
-9.049,-8.79963565217394
-8.9,-9.330267645543737
-7.0,-7.099221662468541
-7.0,-7.815071207430368
-7.2,-7.8165960187353924
-10.3,-10.339810627767417
-8.1,-8.652943618881128
-9.3,-9.092518664047114
-8.2,-9.850035897435843
-10.1,-10.090674319728066
-11.0,-10.598233974358674
-9.2,-9.273322881921304
-9.546,-10.59850927663082
-10.4,-9.560290935672441
-6.6,-6.032409574468128
-11.1,-10.375161849710837
-8.0,-7.401997641509453
-11.1,-9.96193352741387
-7.546,-8.757095890411016
-7.224,-8.729489867841306
-9.3,-9.463300805729585
-8.0,-7.6998263254113235
-10.2,-10.199577117863853
-9.8,-10.587855628655158
-6.5,-7.1684285714285405
-8.9,-8.652943618881128
-8.86,-9.669187002652569
-8.9,-10.481188654353549
-6.6,-6.227536585365849
-7.7,-7.167295454545431
-9.7,-11.245162276422695
-8.9,-9.50114759358294
-7.0,-6.952615782664948
-8.4,-8.294944567627478
-8.5,-8.418291463414711
-11.3,-9.593084253341068
-7.6,-8.224471299093642
-6.3,-6.057850210970484
-9.2,-9.194697547683841
-10.71,-9.766168627450952
-9.6,-9.202663526949198
-9.4,-10.933150150150448
-8.5,-8.982653061224488
-4.6,-5.5874615384615
-7.8,-7.363311814073554
-8.1,-8.789968442483884
-7.5,-7.2324631410256215
-10.6,-10.361330140145665
-10.47,-10.421542474834201
-7.0,-8.656899869394936
-6.8,-7.123105395232126
-10.4,-11.199467062224576
-8.7,-9.618941769091137
-12.3,-11.247649696173669
-5.727,-5.679077348066324
-9.6,-8.252397849462367
-9.5,-9.282491989058324
-9.1,-9.152561971130007
-8.5,-8.595981047937576
-8.4,-9.189133157894696
-8.2,-7.904518659076527
-8.8,-9.269009018294204
-11.4,-11.0463686131387
-8.9,-9.314469636863018
-10.6,-10.025992482730377
-10.49,-9.416137028824904
-8.6,-9.196033185840712
-5.4,-5.754342635658951
-9.7,-9.538304075235088
-9.8,-10.254178160919286
-9.5,-9.463300805729585
-10.4,-9.590592670157056
-7.1,-7.685712691771241
-8.7,-8.531264487369997
-8.6,-8.531264487369997
-11.3,-9.566170301142526
-8.2,-8.057375095492764
-7.0,-7.021831699346406
-11.3,-10.199577117863853
-9.204,-8.750710361445812
-8.46,-8.481455462184893
-7.947,-9.202639473684199
-9.8,-10.199577117863853
-10.9,-9.714861576354506
-7.9,-8.879823975720981
-8.727,-9.981150181671293
-10.1,-9.720317073170722
-10.68,-10.267622738386395
-7.6,-8.382111029411764
-8.3,-9.118296863237218
-8.7,-9.172946324387462
-8.6,-7.685712691771241
-9.677,-9.8228386683738
-8.3,-8.554814696485527
-5.2,-5.903001785714288
-8.7,-9.927968981922104
-9.0,-8.22174502923975
-9.6,-8.25481083032499
-8.4,-8.846786904078071
-10.0,-9.720317073170722
-10.0,-10.345183363148509
-10.3,-9.63399728813548
-7.9,-9.118296863237218
-7.2,-9.064161554192172
-8.3,-8.382111029411764
-10.0,-9.383893991206518
-5.721,-5.551532945736407
-11.99,-10.885608822520192
-8.9,-8.988834610472514
-8.9,-9.078200876305907
-11.8,-10.06606515837106
-7.0,-7.13182558139535
-10.8,-10.587855628655158
-9.6,-9.23737905236911
-8.8,-8.656899869394936
-7.812,-8.577299251870315
-8.7,-8.988834610472514
-8.4,-9.330267645543737
-8.6,-9.024362092391355
-8.8,-8.729489867841306
-10.0,-9.647840301003313
-11.5,-11.444567324955027
-8.538,-8.830465741543879
-4.9,-5.7215399737877135
-9.3,-10.310953341546568
-8.6,-9.195528368794399
-9.5,-9.265716088328158
-10.18,-9.406893606637347
-10.07,-9.282491989058324
-8.6,-8.846786904078071
-8.7,-9.366657953696778
-10.3,-10.327206428571687
-7.5,-7.369777911164371
-7.3,-7.213823529411755
-7.6,-7.315269194312837
-8.4,-8.224471299093642
-8.5,-8.103163793103448
-11.0,-11.041089540199097
-9.0,-9.260568047337243
-8.9,-10.326255980239072
-10.2,-10.782228151585443
-9.5,-9.172946324387462
-8.5,-8.0987192771084
-5.9,-5.9577504950495195
-6.8,-7.108697592067968
-8.7,-9.643968732858033
-12.2,-10.545715842269182
-9.3,-9.537229341099382
-8.4,-8.035434518647023
-6.2,-5.9577504950495195
-10.5,-10.392408481394622
-9.05,-9.430625498007927
-7.6,-9.32617465224112
-11.7,-9.719640356460747
-10.0,-10.099460461416168
-11.35,-11.168938967136517
-7.1,-6.925275236593055
-9.6,-9.578737849408277
-9.0,-9.696832888097294
-10.0,-10.574087346615878
-8.4,-8.357050953422934
-7.5,-8.035434518647023
-10.0,-10.04113683373121
-8.7,-9.177827707660727
-10.4,-9.202663526949198
-12.1,-11.124252740651855
-9.3,-9.68360588487968
-9.8,-10.345183363148509
-11.68,-11.34462627930019
-10.0,-9.590592670157056
-5.1,-6.544250000000005
-8.2,-7.685712691771241
-9.4,-9.68360588487968
-10.4,-9.63399728813548
-9.8,-9.63399728813548
-9.377,-10.308758547008935
-8.9,-8.382111029411764
-9.3,-9.197097628240464
-7.4,-7.674183246073238
-6.758,-6.691142857142844
-10.31,-8.656899869394936
-9.752,-10.06944848596773
-9.7,-10.097936067997036
-9.7,-9.647840301003313
-8.1,-9.19059196484618
-5.6,-6.361751728907307
-11.3,-10.961749718995856
-9.5,-9.08579763186225
-6.3,-7.674183246073238
-6.9,-7.6765520547945725
-8.6,-9.19059196484618
-9.6,-9.381872000000003
-7.9,-9.197097628240464
-9.2,-9.067101525512992
-7.5,-7.223297224709039
-8.373,-8.073871670702164
-7.4,-9.158590005521745
-9.6,-9.537229341099382
-8.2,-9.346312432432317
-8.4,-9.03414955403442
-7.9,-8.294944567627478
-12.1,-10.503982911825
-12.2,-10.459096463022503
-11.9,-10.503982911825
-8.0,-9.125042628774391
-8.0,-9.125042628774391
-7.4,-7.685712691771241
-8.7,-9.330267645543737
-6.884,-6.462977959697708
-12.9,-11.660481832061292
-9.667,-9.96193352741387
-8.6,-10.273079432271203
-9.8,-10.587855628655158
-10.1,-8.840539782244578
-12.1,-11.041089540199097
-11.89,-11.168938967136517
-9.5,-8.789968442483884
-5.8,-6.208286541244597
-10.1,-9.789792939719243
-9.0,-9.189133157894696
-8.9,-8.705771816037727
-8.0,-7.369777911164371
-10.6,-10.327206428571687
-8.2,-8.554814696485527
-7.9,-8.554814696485527
-10.1,-10.421542474834201
-7.2,-7.624389215162895
-7.7,-8.357050953422934
-8.0,-8.357050953422934
-9.6,-9.618941769091137
-10.3,-9.191524216524181
-11.0,-11.050860896445176
-8.1,-7.6998263254113235
-9.5,-8.578956403269745
-8.5,-9.118296863237218
-11.41,-10.589670482296325
-9.7,-9.63693127147763
-6.1,-5.9577504950495195
-9.3,-8.578956403269745
-12.8,-11.493417243850375
-9.7,-9.618941769091137
-9.8,-9.618941769091137
-6.938,-7.2802352941176585
-11.6,-11.076125128469291
-9.1,-8.04744460500967
-6.9,-7.192190954773855
-10.2,-9.618941769091137
-7.4,-6.545336065573737
-7.7,-7.274941883767524
-6.3,-7.346084639498411
-9.807,-9.566170301142526
-10.5,-10.066474880382703
-9.1,-9.537229341099382
-7.3,-8.129143160127263
-9.4,-8.300445407279032
-8.9,-9.135183368869937
-10.3,-9.566170301142526
-9.4,-9.278680422747856
-10.1,-9.91593566520925
-8.5,-9.042252390057302
-5.9,-6.224461822660065
-6.3,-7.040594427244588
-8.4,-7.498673469387754
-10.7,-10.117051682692328
-9.574,-9.539230225745365
-7.6,-8.211182825484764
-10.8,-9.586871526195909
-9.7,-9.13374427994629
-9.1,-9.30263058186739
-7.5,-7.315269194312837
-9.568,-9.618941769091137
-10.7,-10.173668220946809
-11.8,-10.245893998441185
-8.6,-9.189133157894696
-8.9,-8.208959033613434
-11.4,-10.375161849710837
-6.9,-7.63051183970865
-8.259,-8.157600000000015
-8.1,-8.357050953422934
-9.5,-9.694909638554272
-7.2,-8.286833333333348
-9.5,-10.039570142535649
-9.5,-10.264907311320798
-8.0,-8.377283803863389
-9.1,-8.554814696485527
-10.3,-10.443467784979202
-6.7,-5.955646464646444
-7.3,-8.652943618881128
-8.3,-8.206718918918936
-5.8,-5.955646464646444
-5.7,-6.253580454928431
-7.8,-8.757095890411016
-8.5,-8.946662774725208
-7.3,-7.15428659793819
-7.6,-8.140421778584368
-10.0,-10.885608822520192
-11.0,-9.96193352741387
-11.5,-10.587855628655158
-10.22,-10.371127993490038
-9.8,-9.775921787709496
-9.1,-8.88214884233733
-9.8,-9.539230225745365
-9.8,-8.656899869394936
-10.0,-9.556077339901407
-5.0,-5.7215399737877135
-7.1,-8.976666666666665
-6.5,-6.058083591331261
-9.1,-10.210849551856684
-9.5,-10.202302235469254
-8.1,-9.260568047337243
-9.9,-9.865273516642583
-8.5,-8.719483669214728
-8.2,-8.211182825484764
-8.8,-8.763070123747752
-9.4,-10.099460461416168
-6.946,-8.22174502923975
-7.5,-7.369777911164371
-7.8,-8.531264487369997
-8.4,-9.932215875517212
-9.6,-9.345191765369474
-11.4,-10.80524408924384
-8.3,-8.82477021276594
-10.6,-9.437355329949249
-5.8,-6.307834990059686
-10.8,-10.345183363148509
-8.1,-9.191524216524181
-8.7,-9.01321089042643
-9.6,-9.064161554192172
-9.8,-9.63693127147763
-10.5,-10.326255980239072
-7.4,-6.158116666666673
-10.2,-9.566170301142526
-8.7,-8.79963565217394
-8.402,-8.22174502923975
-8.7,-9.177827707660727
-10.0,-9.520737508796648
-9.1,-9.177827707660727
-10.46,-9.383893991206518
-8.3,-8.04744460500967
-9.5,-10.097936067997036
-9.525,-9.81061177552896
-9.3,-9.234113573407138
-6.3,-5.955646464646444
-8.0,-8.578956403269745
-8.1,-9.009513805522248
-8.1,-9.177827707660727
-7.6,-8.263697076023396
-9.4,-9.204902957965768
-7.4,-7.4665019564001405
-10.3,-10.329110492845938
-8.8,-8.22174502923975
-7.4,-8.705771816037727
-11.4,-10.273984139894651
-8.441,-9.464935705209838
-9.6,-9.87937483443707
-7.2,-8.294944567627478
-8.8,-8.936312621359253
-10.1,-10.421542474834201
-9.478,-10.345183363148509
-8.9,-7.653566523605146
-9.3,-8.840539782244578
-8.793,-8.368276785714283
-8.0,-9.024362092391355
-7.5,-7.47791408934709
-8.9,-8.573072822822915
-8.7,-9.789792939719243
-8.9,-9.162062317429537
-11.1,-11.411657320872267
-9.7,-9.643968732858033
-8.3,-8.554814696485527
-8.3,-9.152561971130007
-8.0,-8.846786904078071
-7.8,-7.274941883767524
-8.272,-9.68360588487968
-8.8,-8.368276785714283
-12.95,-11.373810587663787
-9.6,-9.714861576354506
-11.2,-11.098930419268507
-9.6,-9.537229341099382
-5.8,-6.47928372093022
-5.4,-6.14780095541403
-9.0,-9.182705583756333
-9.9,-9.554709876543134
-8.7,-9.172946324387462
-8.3,-9.135183368869937
-11.0,-11.247649696173669
-5.1,-6.51376561163386
-8.6,-8.429224089635863
-7.353,-8.382111029411764
-7.639,-8.294944567627478
-10.5,-10.203993682132364
-8.5,-7.413609756097561
-8.7,-8.33278282828279
-8.8,-8.300445407279032
-10.8,-10.375457313284848
-6.7,-7.274941883767524
-9.5,-9.471554289142144
-10.73,-10.207514743589618
-11.15,-10.961749718995856
-10.9,-9.766168627450952
-10.0,-9.932215875517212
-9.9,-9.884226856561542
-6.9,-7.502472484713669
-8.0,-8.224471299093642
-8.3,-8.705771816037727
-9.4,-9.231935624658945
-8.667,-9.94870424567183
-7.6,-7.150197712418296
-8.6,-9.186532863849699
-8.6,-8.840539782244578
-10.2,-9.643968732858033
-8.8,-8.349450334821462
-6.6,-5.974037147102512
-10.54,-9.554709876543134
-8.6,-9.335616040955763
-9.563,-9.94086232149359
-7.8,-7.99113262999247
-10.5,-10.140763390229504
-7.9,-8.531264487369997
-9.6,-8.705771816037727
-8.239,-8.946662774725208
-11.9,-11.146332368268736
-11.4,-11.168938967136517
-9.3,-9.260568047337243
-11.0,-10.622321897073522
-7.8,-9.024362092391355
-8.4,-9.024362092391355
-10.35,-11.204617476277999
-9.2,-8.554814696485527
-11.9,-10.159544307469465
-9.3,-9.63693127147763
-7.605,-8.176771121351768
-9.2,-9.566170301142526
-8.594,-9.19059196484618
-8.5,-9.204902957965768
-9.6,-9.741632049786041
-8.2,-7.811082733812988
-7.4,-7.685712691771241
-10.4,-9.927968981922104
-10.3,-9.531600873362452
-10.7,-10.35579052618489
-11.4,-10.598233974358674
-9.2,-9.231935624658945
-7.6,-8.129143160127263
-9.7,-9.96193352741387
-10.4,-10.961749718995856
-8.4,-8.705771816037727
-8.8,-8.554814696485527
-9.0,-9.191524216524181
-8.8,-9.152561971130007
-12.3,-11.464203513654688
-10.86,-10.574087346615878
-11.1,-11.041089540199097
-10.7,-10.098355566218707
-10.0,-10.098355566218707
-10.6,-10.446000313038601
-7.5,-7.904518659076527
-11.4,-10.443467784979202
-9.8,-9.381872000000003
-6.667,-7.445696185286109
-10.1,-10.339810627767417
-9.9,-9.766168627450952
-9.5,-9.574992789794718
-10.32,-10.64681010719746
-9.6,-10.35579052618489
-10.5,-11.24733971742564
-4.9,-5.688220379146955
-10.4,-9.464935705209838
-8.527,-10.234277510608287
-9.643,-9.927968981922104
-8.088,-7.47791408934709
-8.333,-8.577299251870315
-6.8,-8.312929833417433
-8.2,-9.029631234950177
-9.8,-10.587855628655158
-8.5,-8.735356129032283
-10.2,-10.345183363148509
-8.2,-9.172946324387462
-8.4,-9.162062317429537
-7.9,-8.82477021276594
-10.7,-9.499354337152205
-8.3,-8.946662774725208
-10.4,-9.850035897435843
-9.288,-9.317903133903135
-9.8,-10.207514743589618
-9.3,-9.330267645543737
-7.6,-8.652943618881128
-7.2,-7.222745068285248
-7.0,-6.748528225806463
-6.9,-6.821758849557509
-8.0,-8.705771816037727
-9.3,-9.386083267871163
-8.9,-9.430625498007927
-8.1,-7.989364312267702
-8.9,-8.595981047937576
-9.2,-8.856112973948932
-9.4,-9.289071856287466
-6.9,-5.988679161372291
-8.2,-8.176771121351768
-10.2,-10.264907311320798
-8.1,-9.821023323615304
-5.9,-5.7215399737877135
-9.6,-10.140763390229504
-7.5,-8.954747757847558
-7.4,-8.53797409326435
-7.7,-7.36792171344167
-10.06,-10.59850927663082
-9.3,-9.231935624658945
-10.7,-9.586871526195909
-7.6,-7.225673110720551
-9.5,-9.63693127147763
-7.0,-6.318310679611644
-8.0,-7.624389215162895
-9.3,-9.560290935672441
-9.6,-9.471554289142144
-11.6,-11.365322685435785
-9.3,-9.234113573407138
-8.4,-9.01321089042643
-12.7,-10.759701467505264
-5.1,-5.622510357815422
-8.4,-9.167769516728624
-9.8,-9.94086232149359
-9.5,-9.749211067193631
-8.6,-8.431253099173542
-8.8,-9.337618659755668
-7.1,-7.4665019564001405
-8.234,-8.33278282828279
-7.2,-7.377916299559464
-6.0,-7.0822324058919826
-10.1,-10.789868189011784
-10.0,-9.821023323615304
-9.0,-9.821023323615304
-7.8,-7.741933774834481
-6.8,-6.753403990024985
-6.228,-6.318310679611644
-7.1,-7.2299120879120915
-4.9,-5.906879240162845
-8.5,-9.024362092391355
-8.8,-9.231935624658945
-10.2,-9.730471559092145
-7.5,-8.224471299093642
-12.7,-11.521667912773026
-6.5,-6.115879310344838
-8.7,-9.214922855773766
-13.3,-11.703053496209062
-10.6,-10.122691239585706
-10.8,-9.850035897435843
-11.0,-10.25103232030878
-11.6,-10.759701467505264
-5.306,-5.595277573529464
-9.7,-9.346312432432317
-9.7,-9.586871526195909
-8.3,-8.856112973948932
-9.547,-9.789792939719243
-7.3,-7.346084639498411
-8.6,-8.719483669214728
-11.33,-11.194322209166177
-9.8,-10.20004461234067
-9.5,-9.189133157894696
-7.4,-8.605485559566763
-5.8,-6.830340189873407
-10.41,-10.264907311320798
-11.4,-10.59850927663082
-8.5,-8.188262536872966
-10.8,-10.169059819929975
-8.7,-9.19059196484618
-7.5,-8.595981047937576
-10.0,-8.705771816037727
-9.1,-9.832688135593317
-10.9,-9.282491989058324
-7.2,-7.4665019564001405
-7.5,-7.346084639498411
-10.15,-10.503982911825
-7.9,-9.057016042780777
-10.3,-9.197097628240464
-8.7,-8.846786904078071
-9.0,-8.830465741543879
-11.8,-10.933150150150448
-5.3,-5.622510357815422
-8.8,-9.064161554192172
-9.2,-9.01321089042643
-9.1,-10.503982911825
-7.3,-7.2311988795517745
-9.4,-10.176023112480726
-10.8,-10.361330140145665
-11.7,-10.327206428571687
-8.1,-8.958044226044246
-8.922,-8.418291463414711
-7.8,-7.52483108108109
-8.6,-9.13374427994629
-9.2,-8.531264487369997
-9.3,-8.481455462184893
-8.661,-9.231935624658945
-8.6,-8.965608906392008
-10.2,-9.331734673366782
-6.3,-7.47791408934709
-9.1,-9.042252390057302
-9.714,-9.775921787709496
-7.5,-9.01321089042643
-8.025,-8.958044226044246
-8.1,-8.140421778584368
-10.2,-9.197097628240464
-12.2,-10.421542474834201
-8.226,-8.879823975720981
-7.7,-8.840539782244578
-8.9,-9.182705583756333
-7.5,-6.672648922686956
-10.8,-9.383893991206518
-6.6,-7.315670391061458
-9.364,-9.643968732858033
-9.1,-8.704823699421969
-10.6,-10.960132407206439
-8.7,-8.735356129032283
-11.02,-10.59850927663082
-8.5,-8.958044226044246
-10.2,-10.207514743589618
-7.4,-8.719483669214728
-9.1,-9.884226856561542
-10.4,-11.373810587663787
-7.3,-7.7042110552763585
-8.428,-10.184714444268241
-6.4,-6.365825282631121
-6.4,-6.365825282631121
-8.8,-7.498673469387754
-7.8,-8.104782225780673
-5.7,-7.1316759776537015
-9.3,-9.519502296211277
-8.8,-9.273322881921304
-8.7,-9.197097628240464
-9.8,-9.167769516728624
-9.1,-9.94870424567183
-8.8,-8.53797409326435
-9.886,-10.617672347267153
-9.715,-10.137278012279493
-9.997,-10.443467784979202
-8.732,-8.564130516431877
-9.5,-9.66757180156656
-8.5,-8.605485559566763
-8.5,-8.830465741543879
-10.4,-10.249212951734227
-9.405,-10.173668220946809
-4.3,-5.595123913043474
-5.3,-6.691142857142844
-5.7,-5.622510357815422
-6.8,-6.636204897959125
-11.0,-10.574087346615878
-9.0,-9.284574638844374
-8.9,-8.286833333333348
-8.6,-10.210849551856684
-9.9,-10.503982911825
-9.1,-8.531264487369997
-8.1,-8.577299251870315
-9.1,-9.383893991206518
-11.1,-10.421542474834201
-4.4,-5.882660924750675
-4.8,-5.471196226415117
-12.07,-10.117051682692328
-9.6,-9.125042628774391
-9.0,-9.195528368794399
-7.192,-7.2229162717219655
-8.2,-8.652943618881128
-8.9,-8.564130516431877
-7.6,-7.274941883767524
-7.9,-9.009513805522248
-9.9,-10.070610642781979
-10.4,-10.443467784979202
-8.2,-8.263697076023396
-8.439,-7.1813835443038565
-9.4,-9.231935624658945
-10.4,-10.598233974358674
-8.1,-7.363311814073554
-7.4,-8.300445407279032
-9.572,-10.073072413793158
-8.4,-9.345191765369474
-5.8,-5.9400054945055
-9.7,-10.21490349360072
-10.4,-10.961749718995856
-8.3,-7.377916299559464
-9.4,-9.330267645543737
-7.835,-7.502472484713669
-8.2,-7.653566523605146
-9.0,-8.157600000000015
-8.5,-9.337618659755668
-9.6,-9.560290935672441
-12.3,-11.124252740651855
-9.2,-9.618941769091137
-9.6,-9.530226817042609
-7.8,-8.749711270259992
-11.6,-11.247649696173669
-9.3,-9.381872000000003
-10.0,-9.464935705209838
-9.8,-10.35579052618489
-11.0,-10.04113683373121
-10.3,-9.578737849408277
-7.9,-9.13374427994629
-6.6,-7.165567307692315
-11.0,-10.62354747774508
-8.0,-8.22174502923975
-7.8,-8.263697076023396
-10.2,-10.159544307469465
-8.1,-9.024362092391355
-10.2,-10.04113683373121
-9.9,-10.123713198635222
-10.4,-9.843469770254252
-8.6,-9.586871526195909
-8.0,-8.830465741543879
-8.9,-9.981150181671293
-10.65,-10.622321897073522
-8.8,-8.431253099173542
-9.5,-9.335616040955763
-10.5,-10.199577117863853
-10.0,-9.471554289142144
-7.5,-7.36792171344167
-13.4,-11.536666183474804
-11.3,-9.724623437500039
-10.32,-9.96193352741387
-10.15,-10.392408481394622
-5.976,-6.142781704781728
-4.8,-6.087046676096152
-9.0,-9.195528368794399
-10.8,-10.327206428571687
-8.5,-9.191524216524181
-5.6,-5.903001785714288
-10.3,-10.254178160919286
-6.7,-7.502472484713669
-7.2,-7.57876690391459
-10.88,-10.375457313284848
-9.7,-9.177827707660727
-9.8,-10.169059819929975
-8.5,-8.140421778584368
-8.7,-8.349450334821462
-7.241,-7.513711080586005
-7.5,-8.058615384615363
-10.5,-9.366657953696778
-11.1,-9.932215875517212
-9.0,-9.537229341099382
-10.9,-11.204617476277999
-11.9,-11.34462627930019
-10.81,-10.245893998441185
-8.7,-9.01321089042643
-10.6,-9.519502296211277
-11.3,-10.574087346615878
-9.9,-9.234113573407138
-10.9,-11.076125128469291
-9.7,-9.78901932045302
-7.2,-6.944149377593363
-7.8,-7.86431656804737
-9.97,-11.076125128469291
-11.3,-9.789792939719243
-11.0,-10.326255980239072
-10.17,-10.032241706161145
-10.6,-10.64681010719746
-10.33,-10.154476876211643
-5.4,-6.167119601328904
-9.8,-8.33278282828279
-9.444,-9.566170301142526
-11.1,-9.63399728813548
-8.525,-9.13374427994629
-9.2,-9.464935705209838
-7.7,-7.99113262999247
-10.8,-9.269009018294204
-10.5,-10.392408481394622
-9.2,-8.830465741543879
-9.0,-9.345191765369474
-9.5,-9.471554289142144
-9.31,-9.96193352741387
-11.4,-9.749211067193631
-9.6,-9.177827707660727
-8.0,-7.884720472440917
-8.0,-7.741933774834481
-8.8,-8.789968442483884
-9.65,-9.172946324387462
-9.4,-10.751487921489757
-7.6,-7.2229162717219655
-8.0,-8.159658142664915
-10.4,-10.202302235469254
-11.5,-11.315650026182823
-8.9,-9.172946324387462
-7.26,-7.624389215162895
-7.3,-6.684131182795718
-7.4,-7.790179966044098
-8.0,-9.368548085106305
-8.1,-9.273322881921304
-9.9,-9.01321089042643
-9.7,-10.066474880382703
-9.5,-9.474801869158803
-7.557,-7.244073089701004
-8.742,-9.884226856561542
-8.578,-8.554814696485527
-9.0,-8.176771121351768
-7.827,-8.830465741543879
-10.7,-9.537229341099382
-9.7,-9.152561971130007
-10.3,-10.64681010719746
-9.1,-9.234113573407138
-11.0,-9.560290935672441
-8.0,-7.52483108108109
-12.2,-10.326255980239072
-8.8,-9.01321089042643
-11.5,-11.241886000987177
-11.4,-11.247649696173669
-7.8,-7.663946915351553
-9.7,-9.593084253341068
-8.4,-9.537229341099382
-8.5,-9.202663526949198
-5.6,-5.974037147102512
-9.5,-9.586871526195909
-8.2,-7.741933774834481
-9.3,-9.68236831059801
-5.8,-5.955646464646444
-8.5,-9.214922855773766
-10.6,-10.366324324323996
-11.2,-10.789868189011784
-9.2,-9.789792939719243
-9.3,-8.300445407279032
-9.6,-9.3103448275862
-6.919,-8.035434518647023
-8.9,-8.564130516431877
-7.6,-9.13374427994629
-11.8,-10.274556341206335
-11.7,-10.199577117863853
-7.3,-7.905453168044146
-11.3,-9.578737849408277
-8.0,-9.499354337152205
-9.2,-9.850035897435843
-8.4,-9.191524216524181
-9.8,-9.01321089042643
-10.3,-9.01321089042643
-8.7,-8.564130516431877
-8.7,-9.177827707660727
-8.9,-9.204902957965768
-9.2,-8.0987192771084
-10.71,-10.43521208089403
-7.4,-8.057375095492764
-9.3,-8.252397849462367
-8.138,-7.99113262999247
-10.7,-9.231935624658945
-8.4,-7.673363004172487
-8.9,-8.300445407279032
-8.6,-8.047558095238092
-9.0,-8.969353654743438
-9.9,-9.832688135593317
-7.845,-8.047558095238092
-9.0,-9.162062317429537
-11.31,-9.63693127147763
-8.9,-8.481455462184893
-7.9,-8.159658142664915
-8.525,-8.300445407279032
-12.3,-10.631719345139137
-9.4,-10.957582908617118
-5.666,-5.7215399737877135
-7.4,-6.196106040268499
-7.8,-8.554814696485527
-8.5,-8.554814696485527
-8.6,-8.554814696485527
-8.4,-9.618941769091137
-10.7,-9.94870424567183
-7.6,-8.312929833417433
-6.46,-6.524961194029843
-10.2,-9.32617465224112
-6.7,-6.389091581868625
-9.2,-9.643968732858033
-10.8,-10.199577117863853
-6.7,-7.336730882352952
-9.943,-11.241886000987177
-8.454,-7.502472484713669
-7.5,-7.401997641509453
-7.4,-8.073871670702164
-9.4,-9.81061177552896
-11.7,-10.775180180180225
-9.1,-8.939747605010982
-8.5,-8.656899869394936
-5.9,-5.9577504950495195
-7.0,-8.879823975720981
-9.3,-8.79963565217394
-7.6,-7.947195439739413
-8.6,-9.386083267871163
-7.5,-7.86431656804737
-8.9,-8.763070123747752
-10.0,-10.587855628655158
-7.8,-9.134270120724343
-7.975,-7.281719999999964
-10.0,-9.182705583756333
-8.0,-9.13374427994629
-7.7,-8.946662774725208
-7.6,-8.047558095238092
-6.8,-6.905843727598533
-9.2,-9.832688135593317
-10.0,-9.884226856561542
-7.798,-7.1316759776537015
-10.2,-9.537229341099382
-9.6,-10.503982911825
-9.4,-9.024362092391355
-8.606,-9.297945655820032
-8.769,-10.29503344735824
-11.4,-9.477019873969963
-8.4,-8.263008908685963
-9.664,-9.746750561797716
-8.0,-8.36118969219767
-10.07,-9.13374427994629
-6.9,-6.905843727598533
-9.8,-10.88772033481043
-7.9,-8.01522978723408
-4.658,-5.60204745370372
-8.7,-9.643968732858033
-6.9,-8.88214884233733
-11.49,-10.503982911825
-10.8,-9.202639473684199
-8.5,-7.99113262999247
-11.4,-10.981451145806899
-11.1,-10.981451145806899
-11.45,-11.199467062224576
-9.4,-10.789868189011784
-7.1,-7.164756944444477
-9.423,-9.278680422747856
-9.1,-9.386083267871163
-7.8,-8.300445407279032
-9.0,-8.554814696485527
-10.9,-10.289905135415253
-8.8,-7.958822513812162
-7.6,-9.092518664047114
-8.5,-10.375161849710837
-9.3,-10.63180395593428
-9.3,-10.63180395593428
-8.8,-8.965608906392008
-8.016,-9.057016042780777
-10.6,-10.327206428571687
-9.5,-10.113026072041238
-8.1,-8.04744460500967
-8.7,-10.326255980239072
-9.3,-9.287893725992301
-10.3,-10.163110246433233
-8.3,-8.879823975720981
-5.7,-5.754342635658951
-9.1,-8.830465741543879
-9.9,-9.477019873969963
-7.5,-9.204902957965768
-8.461,-9.643968732858033
-9.4,-9.118296863237218
-8.6,-9.832688135593317
-6.5,-6.779212475633503
-6.9,-6.302999410377362
-8.9,-9.152561971130007
-6.4,-6.462977959697708
-12.7,-10.961749718995856
-6.2,-6.196106040268499
-8.3,-9.189133157894696
-8.8,-10.203993682132364
-9.0,-10.098355566218707
-9.2,-8.704823699421969
-6.8,-7.281719999999964
-9.4,-9.191524216524181
-9.8,-9.87937483443707
-6.3,-6.057850210970484
-4.7,-5.990876513317229
-10.4,-9.94870424567183
-8.2,-8.789968442483884
-3.9,-5.61162383177568
-9.5,-9.330267645543737
-10.9,-9.789792939719243
-10.57,-9.554709876543134
-9.8,-9.94086232149359
-8.6,-9.057016042780777
-10.0,-10.245893998441185
-9.9,-10.587855628655158
-5.1,-5.98536485097642
-10.7,-10.598233974358674
-8.2,-9.024362092391355
-6.7,-7.2324631410256215
-10.4,-9.331734673366782
-8.1,-8.840539782244578
-9.8,-10.421542474834201
-6.9,-8.263697076023396
-10.7,-10.782228151585443
-8.3,-9.125042628774391
-5.9,-7.256206611570225
-6.1,-5.988679161372291
-10.96,-9.96522785665982
-10.88,-10.170537122483427
-9.4,-9.202639473684199
-9.2,-9.284574638844374
-8.3,-9.152561971130007
-8.3,-9.135183368869937
-9.904,-9.563852004716871
-8.5,-8.208959033613434
-11.6,-10.170537122483427
-11.5,-10.170537122483427
-8.6,-9.386083267871163
-10.5,-9.96193352741387
-7.727,-7.668354473386202
-9.6,-9.537229341099382
-6.3,-6.830340189873407
-7.9,-8.286833333333348
-8.5,-8.958000000000002
-7.8,-7.513711080586005
-8.8,-9.162062317429537
-6.7,-8.140421778584368
-7.3,-8.159658142664915
-8.8,-9.430625498007927
-5.9,-5.889556910569112
-9.7,-9.186532863849699
-8.0,-7.809000000000051
-9.6,-9.177827707660727
-9.8,-10.070610642781979
-10.14,-10.169059819929975
-5.7,-6.41858720930234
-10.6,-10.099460461416168
-8.7,-9.13374427994629
-6.9,-7.222745068285248
-9.1,-9.284574638844374
-9.2,-9.386083267871163
-6.0,-5.83999190283403
-10.8,-10.782228151585443
-7.6,-7.369777911164371
-8.8,-9.042252390057302
-8.9,-9.297945655820032
-7.9,-8.763070123747752
-11.8,-10.113026072041238
-5.7,-6.971704022988489
-9.8,-10.366324324323996
-5.9,-5.974037147102512
-7.98,-9.118296863237218
-8.711,-9.064161554192172
-10.1,-9.260568047337243
-9.5,-9.927968981922104
-9.5,-9.586871526195909
-6.6,-6.944149377593363
-8.0,-8.879823975720981
-9.2,-8.25481083032499
-9.3,-8.856112973948932
-9.2,-9.538304075235088
-9.2,-9.177827707660727
-10.43,-10.88772033481043
-9.5,-9.231935624658945
-9.4,-9.125042628774391
-8.6,-9.297945655820032
-10.1,-9.422880422691742
-9.3,-9.260568047337243
-11.9,-11.35171751574131
-8.3,-8.323352284263944
-11.38,-11.146332368268736
-8.5,-9.586871526195909
-10.1,-9.556077339901407
-8.4,-9.189133157894696
-11.2,-10.2669892703865
-9.7,-9.66757180156656
-10.3,-9.566170301142526
-10.9,-10.039570142535649
-10.2,-9.589716836734729
-7.3,-9.078200876305907
-7.8,-7.989364312267702
-9.9,-9.68360588487968
-8.5,-9.23737905236911
-9.8,-9.353115697990104
-8.6,-8.958000000000002
-9.4,-10.113026072041238
-8.2,-8.789968442483884
-10.2,-10.459096463022503
-10.7,-9.560290935672441
-8.6,-9.202639473684199
-6.1,-7.2802352941176585
-7.7,-8.704823699421969
-9.8,-9.278680422747856
-9.3,-8.22174502923975
-9.5,-10.039570142535649
-9.6,-9.234113573407138
-8.8,-7.111465798045606
-6.6,-7.167295454545431
-8.8,-10.066474880382703
-8.8,-10.21490349360072
-9.1,-9.94086232149359
-9.0,-9.195528368794399
-5.9,-6.905843727598533
-8.5,-7.99113262999247
-9.6,-10.249212951734227
-10.6,-9.386083267871163
-5.4,-6.53941304347819
-9.4,-9.554709876543134
-8.5,-9.366657953696778
-8.731,-10.721685205183727
-8.2,-9.19059196484618
-9.5,-9.196033185840712
-7.6,-7.42417460317457
-8.5,-8.294944567627478
-9.0,-9.01321089042643
-6.8,-6.888878048780474
-7.8,-8.103163793103448
-7.337,-8.22174502923975
-8.3,-8.159658142664915
-7.9,-8.103163793103448
-7.366,-7.369777911164371
-7.3,-7.513711080586005
-8.1,-9.556077339901407
-8.349,-8.946662774725208
-9.6,-9.537229341099382
-8.3,-9.287893725992301
-10.6,-9.499354337152205
-9.2,-9.464935705209838
-10.4,-10.04113683373121
-10.4,-11.146332368268736
-6.4,-8.04744460500967
-8.3,-8.035434518647023
-11.7,-11.199467062224576
-8.4,-8.035434518647023
-12.1,-10.751487921489757
-8.3,-8.656899869394936
-9.5,-9.800857282311608
-10.2,-10.066474880382703
-9.092,-9.94870424567183
-7.0,-7.2299120879120915
-6.5,-6.142781704781728
-6.9,-6.302999410377362
-8.1,-7.674183246073238
-10.4,-10.326255980239072
-10.9,-10.965640692641063
-8.5,-9.262795224312576
-7.0,-6.224461822660065
-7.231,-7.6076512820512745
-9.2,-9.269009018294204
-8.9,-9.269009018294204
-10.2,-9.297945655820032
-9.1,-9.204902957965768
-11.1,-10.375457313284848
-9.2,-7.99113262999247
-9.1,-9.443659362064787
-8.8,-9.669187002652569
-9.2,-9.66757180156656
-8.4,-8.294944567627478
-8.1,-7.369777911164371
-7.9,-7.369777911164371
-9.2,-10.060919439213544
-8.5,-8.400503441494589
-8.7,-8.879823975720981
-8.5,-8.879823975720981
-8.1,-7.904518659076527
-7.9,-9.009513805522248
-7.8,-7.071474847982282
-7.6,-7.1316759776537015
-7.6,-7.1316759776537015
-8.8,-9.96193352741387
-9.7,-10.06606515837106
-10.9,-10.310953341546568
-9.0,-8.337675862068968
-8.3,-7.624389215162895
-8.8,-8.840539782244578
-8.2,-8.840539782244578
-10.4,-10.169059819929975
-7.5,-8.531264487369997
-10.5,-10.203993682132364
-10.4,-9.789792939719243
-11.2,-9.694909638554272
-9.0,-9.118296863237218
-9.0,-10.184714444268241
-7.1,-7.6076512820512745
-9.1,-9.330267645543737
-6.5,-7.445696185286109
-11.0,-9.741632049786041
-10.1,-9.821023323615304
-6.7,-7.167295454545431
-7.4,-8.211182825484764
-11.7,-9.724623437500039
-7.9,-9.260568047337243
-11.1,-10.465555220016991
-7.6,-8.157600000000015
-8.7,-9.204902957965768
-9.6,-10.07342754689247
-10.1,-10.545715842269182
-8.9,-8.954747757847558
-9.9,-9.578737849408277
-9.0,-9.118296863237218
-5.8,-6.318310679611644
-8.1,-9.204902957965768
-10.1,-9.566170301142526
-10.9,-9.554709876543134
-9.9,-9.260568047337243
-4.4,-5.723116429495456
-7.2,-8.33278282828279
-7.4,-7.999361153262519
-8.9,-9.03414955403442
-10.5,-10.139005588079092
-9.9,-10.443467784979202
-9.5,-9.824687447346221
-9.7,-9.330267645543737
-8.8,-9.278680422747856
-9.0,-8.111969817315265
-7.1,-7.560573454913898
-8.7,-8.846786904078071
-8.5,-9.135183368869937
-10.7,-10.503982911825
-8.1,-7.513711080586005
-9.552,-9.81061177552896
-6.8,-7.2324631410256215
-8.6,-8.729489867841306
-10.7,-9.850035897435843
-12.1,-11.373810587663787
-8.3,-6.559371335504849
-8.8,-9.96193352741387
-11.5,-10.273984139894651
-9.1,-9.345191765369474
-10.9,-9.68360588487968
-10.8,-10.574087346615878
-8.7,-9.832688135593317
-8.3,-9.231935624658945
-9.9,-9.96193352741387
-9.6,-8.965608906392008
-9.2,-9.158590005521745
-7.6,-8.259986301369844
-10.0,-9.234113573407138
-9.604,-10.279645299145319
-9.8,-9.586871526195909
-4.5,-5.418418524871351
-8.2,-8.656899869394936
-10.1,-11.493417243850375
-9.6,-9.586871526195909
-10.0,-10.589670482296325
-6.108,-8.068115830115813
-12.6,-11.703053496209062
-10.3,-9.191524216524181
-13.5,-11.65611676217752
-10.5,-9.96193352741387
-9.4,-9.125042628774391
-9.2,-10.631719345139137
-6.4,-8.14349726775953
-7.7,-6.302999410377362
-9.7,-9.335616040955763
-10.2,-9.07973813169975
-9.2,-9.282491989058324
-10.2,-11.204617476277999
-7.1,-8.157600000000015
-5.5,-5.759012681159391
-7.4,-8.656899869394936
-5.2,-5.595123913043474
-7.0,-8.294944567627478
-10.9,-9.94870424567183
-8.3,-8.294944567627478
-10.0,-8.45188629518079
-9.4,-8.789968442483884
-9.909,-9.202663526949198
-9.9,-9.268621951219547
-10.2,-9.268621951219547
-10.7,-10.345183363148509
-7.8,-8.856112973948932
-10.6,-9.694909638554272
-6.5,-7.2324631410256215
-11.6,-10.587855628655158
-5.9,-5.974037147102512
-10.2,-10.503982911825
-8.2,-10.06944848596773
-4.2,-5.650828326180274
-10.3,-9.162062317429537
-9.3,-8.564130516431877
-8.389,-9.618941769091137
-10.2,-9.94086232149359
-7.2,-7.021831699346406
-9.2,-9.538304075235088
-10.3,-10.170537122483427
-10.3,-10.170537122483427
-10.3,-10.170537122483427
-10.3,-10.170537122483427
-6.5,-6.11665633423181
-7.8,-7.377916299559464
-10.1,-10.371127993490038
-7.9,-8.22174502923975
-10.0,-9.195528368794399
-8.311,-8.22174502923975
-9.0,-8.88214884233733
-7.1,-6.307834990059686
-8.0,-8.789968442483884
-11.1,-10.361330140145665
-6.4,-7.150197712418296
-9.747,-9.234113573407138
-7.2,-6.731725806451607
-8.6,-8.735356129032283
-11.83,-11.502349038461599
-6.3,-7.2324631410256215
-9.7,-9.284574638844374
-10.0,-9.789792939719243
-7.5,-7.36792171344167
-9.3,-10.661113730928959
-8.9,-10.039570142535649
-6.3,-7.253551067073162
-9.0,-8.349450334821462
-8.9,-9.152561971130007
-10.9,-10.661113730928959
-9.1,-9.202639473684199
-8.3,-9.202639473684199
-12.91,-11.649826167238784
-8.1,-8.88214884233733
-9.1,-8.211182825484764
-11.0,-10.060919439213544
-10.1,-10.279645299145319
-5.0,-5.595277573529464
-9.3,-9.152561971130007
-8.437,-9.94086232149359
-8.6,-9.01321089042643
-8.315,-8.595981047937576
-11.5,-11.076125128469291
-7.3,-8.735356129032283
-11.2,-10.066474880382703
-6.4,-6.556769706336977
-8.729,-8.463952702702715
-5.7,-6.361751728907307
-10.4,-10.710365521003748
-11.5,-9.346312432432317
-6.8,-7.47791408934709
-9.8,-10.690875062220226
-9.1,-8.840539782244578
-9.9,-9.202663526949198
-8.5,-8.554814696485527
-10.2,-9.443659362064787
-8.3,-8.704823699421969
-8.6,-8.357050953422934
-9.5,-10.254178160919286
-9.9,-9.96193352741387
-7.9,-7.8165960187353924
-5.6,-6.142781704781728
-7.9,-8.595981047937576
-8.955,-7.42417460317457
-8.5,-8.400503441494589
-9.2,-9.593084253341068
-8.4,-9.067101525512992
-12.6,-10.690875062220226
-8.2,-7.674183246073238
-11.3,-10.113026072041238
-8.7,-9.14182244318176
-12.0,-10.202302235469254
-5.5,-5.723116429495456
-10.3,-10.326255980239072
-11.2,-11.194322209166177
-7.5,-8.312929833417433
-8.9,-8.82477021276594
-8.7,-7.989364312267702
-7.9,-9.158590005521745
-10.0,-9.195528368794399
-11.5,-10.878719105691042
-8.518,-8.368276785714283
-10.2,-10.751487921489757
-8.7,-8.047558095238092
-8.9,-9.284574638844374
-9.765,-9.32617465224112
-7.5,-8.840539782244578
-6.61,-8.357050953422934
-9.1,-9.236848184818465
-8.7,-9.330267645543737
-4.3,-5.59660428849902
-10.6,-9.775921787709496
-9.3,-10.503982911825
-9.9,-9.81061177552896
-10.7,-10.345183363148509
-10.5,-9.414471910112356
-7.3,-8.750710361445812
-11.4,-10.137278012279493
-7.9,-9.191524216524181
-7.4,-7.930323761665463
-12.6,-10.885608822520192
-12.1,-10.751968425513844
-9.1,-8.400503441494589
-10.4,-9.789792939719243
-8.7,-8.729489867841306
-5.1,-5.83999190283403
-9.5,-9.749211067193631
-7.0,-7.2324631410256215
-10.1,-10.039570142535649
-7.7,-7.211683783783783
-8.3,-8.294944567627478
-7.4,-7.274861842105268
-10.0,-9.335616040955763
-10.16,-9.63399728813548
-8.1,-9.530226817042609
-8.2,-8.206718918918936
-9.2,-9.618941769091137
-7.4,-8.435690229626669
-8.564,-9.464935705209838
-10.3,-10.246227202472925
-11.7,-10.690875062220226
-6.5,-8.296806930693052
-8.5,-7.071474847982282
-9.2,-9.214922855773766
-9.556,-9.214922855773766
-9.641,-9.618941769091137
-7.9,-7.674183246073238
-8.7,-8.294944567627478
-7.5,-7.883204513399187
-6.426,-6.858130715705815
-8.6,-9.231935624658945
-8.3,-9.118296863237218
-9.4,-10.076527607361944
-9.3,-9.269009018294204
-11.5,-11.204617476277999
-7.4,-7.6998263254113235
-7.5,-7.811082733812988
-9.9,-10.311674698795182
-9.7,-10.311674698795182
-9.6,-9.337618659755668
-8.9,-9.404362060173362
-8.8,-8.879823975720981
-7.63,-8.263697076023396
-9.7,-10.345183363148509
-10.0,-9.790471961363414
-9.4,-10.073239845653791
-9.7,-9.94086232149359
-7.4,-8.176771121351768
-8.5,-8.22174502923975
-7.9,-8.418291463414711
-8.1,-8.176771121351768
-7.3,-8.418291463414711
-9.2,-10.06944848596773
-9.9,-9.346312432432317
-9.9,-10.32091130820399
-7.6,-7.6998263254113235
-10.4,-10.310953341546568
-8.4,-7.36792171344167
-6.3,-7.05667417311757
-9.9,-9.730471559092145
-9.4,-10.169059819929975
-6.8,-6.905843727598533
-9.7,-9.537229341099382
-8.0,-7.683528015194684
-8.8,-9.317903133903135
-10.7,-10.366324324323996
-9.2,-9.586871526195909
-8.2,-8.300445407279032
-7.6,-7.244073089701004
-10.1,-9.189133157894696
-9.0,-9.406893606637347
-7.7,-6.269469223907259
-9.2,-10.35579052618489
-9.8,-9.63399728813548
-12.0,-11.204617476277999
-8.2,-9.07973813169975
-9.362,-10.622321897073522
-10.8,-10.622321897073522
-7.8,-7.989364312267702
-8.5,-8.418291463414711
-7.8,-7.86431656804737
-5.8,-6.365825282631121
-8.6,-9.043439334637975
-9.3,-10.392408481394622
-4.7,-5.471196226415117
-6.8,-6.51376561163386
-6.9,-6.51376561163386
-7.8,-7.668354473386202
-9.1,-10.173668220946809
-9.5,-10.173668220946809
-7.4,-7.57876690391459
-9.2,-10.231114362496275
-7.7,-8.578956403269745
-9.6,-9.63399728813548
-9.7,-9.94870424567183
-6.9,-7.225673110720551
-11.2,-11.306418207024095
-10.3,-10.249212951734227
-6.5,-7.502472484713669
-10.37,-9.556077339901407
-9.7,-10.622321897073522
-10.8,-10.21490349360072
-10.9,-10.21490349360072
-8.2,-8.564130516431877
-7.4,-7.958822513812162
-8.8,-9.064161554192172
-8.3,-9.07973813169975
-7.8,-7.99113262999247
-11.1,-10.690875062220226
-8.4,-8.349450334821462
-7.1,-6.779212475633503
-10.0,-9.406893606637347
-9.0,-10.2669892703865
-7.3,-7.565156561086017
-8.8,-9.390257918552093
-10.19,-10.529359375000041
-7.4,-8.652943618881128
-8.7,-8.954747757847558
-9.2,-9.196033185840712
-9.4,-9.231935624658945
-8.5,-8.531264487369997
-8.8,-9.043439334637975
-10.1,-10.234277510608287
-9.1,-10.176023112480726
-10.12,-10.279645299145319
-9.1,-9.96522785665982
-10.6,-9.694909638554272
-7.4,-8.652943618881128
-5.5,-5.616499999999972
-5.1,-6.032409574468128
-9.1,-9.386083267871163
-9.2,-10.210849551856684
-10.7,-9.317903133903135
-7.0,-6.158116666666673
-11.18,-10.443467784979202
-8.9,-9.430625498007927
-7.8,-8.111969817315265
-8.165,-8.208959033613434
-8.0,-8.554814696485527
-5.5,-6.302999410377362
-9.7,-9.625456054687504
-9.9,-9.618941769091137
-10.9,-9.719640356460747
-9.8,-10.617672347267153
-9.9,-10.032241706161145
-8.2,-8.129067937033977
-9.9,-10.140733524355289
-5.132,-5.903001785714288
-9.0,-8.429224089635863
-7.9,-8.102735099337636
-8.0,-9.195528368794399
-7.4,-7.222745068285248
-7.3,-8.958044226044246
-8.6,-9.730471559092145
-8.5,-9.625456054687504
-7.079,-7.21125663716813
-7.237,-8.057375095492764
-9.2,-9.231935624658945
-7.911,-7.05667417311757
-8.4,-7.513711080586005
-8.3,-7.674183246073238
-13.2,-11.444567324955027
-10.4,-9.471554289142144
-9.9,-9.537229341099382
-8.8,-10.326255980239072
-9.5,-10.264907311320798
-7.1,-8.846786904078071
-9.2,-9.91593566520925
-10.0,-10.073072413793158
-7.9,-6.032409574468128
-7.7,-9.346312432432317
-8.7,-9.273322881921304
-9.8,-9.927968981922104
-10.08,-9.775921787709496
-10.65,-10.279645299145319
-10.98,-10.529359375000041
-9.6,-9.749211067193631
-10.92,-10.25103232030878
-8.5,-9.32617465224112
-9.8,-9.866212121212174
-9.2,-9.866212121212174
-8.9,-9.383893991206518
-6.5,-6.944149377593363
-11.0,-10.329110492845938
-7.0,-6.8306684491979
-9.4,-9.519502296211277
-6.916,-6.971704022988489
-8.9,-7.108697592067968
-8.6,-8.357050953422934
-10.18,-10.459096463022503
-8.6,-8.263697076023396
-10.5,-10.254178160919286
-8.497,-8.129143160127263
-8.7,-9.13374427994629
-9.4,-9.463300805729585
-9.6,-10.942559598494395
-11.7,-10.421542474834201
-9.1,-8.300445407279032
-9.5,-9.269009018294204
-10.9,-10.267622738386395
-7.59,-8.300445407279032
-9.2,-10.782228151585443
-10.3,-9.189133157894696
-9.6,-10.170537122483427
-8.2,-8.577299251870315
-9.6,-10.35579052618489
-8.6,-7.905453168044146
-10.4,-10.375161849710837
-8.8,-8.176771121351768
-9.8,-9.386083267871163
-10.3,-10.617672347267153
-9.6,-10.170537122483427
-8.8,-9.94086232149359
-7.8,-7.150197712418296
-8.8,-9.649782608695627
-9.3,-9.158590005521745
-8.5,-8.263008908685963
-6.6,-6.952615782664948
-10.6,-10.245893998441185
-7.3,-8.578956403269745
-10.3,-10.159544307469465
-6.0,-7.281719999999964
-10.7,-9.932215875517212
-9.0,-9.009513805522248
-6.648,-7.15428659793819
-5.6,-5.754342635658951
-8.062,-9.46853997093009
-10.0,-10.117051682692328
-8.9,-9.404362060173362
-7.8,-7.99113262999247
-11.5,-11.0463686131387
-10.9,-10.961827724048947
-9.6,-10.690875062220226
-5.1,-5.874944347826079
-10.1,-9.214922855773766
-8.7,-8.22174502923975
-11.3,-10.443467784979202
-8.1,-9.345191765369474
-4.5,-5.853118012422368
-8.5,-8.578956403269745
-7.714,-8.33278282828279
-10.1,-9.526290060851883
-10.0,-9.526290060851883
-8.5,-9.832688135593317
-8.1,-7.369777911164371
-5.4,-6.731725806451607
-10.2,-10.097936067997036
-6.5,-5.759012681159391
-10.2,-10.264907311320798
-9.1,-9.167769516728624
-10.7,-9.800857282311608
-9.1,-8.431253099173542
-8.2,-8.481455462184893
-9.3,-9.366657953696778
-10.22,-9.746750561797716
-10.26,-9.593084253341068
-9.6,-9.344957359813124
-11.2,-10.025992482730377
-9.9,-10.039570142535649
-9.4,-9.182705583756333
-7.8,-8.750710361445812
-9.4,-10.097936067997036
-5.5,-6.167119601328904
-11.3,-10.690875062220226
-9.196,-9.197097628240464
-9.853,-10.589670482296325
-9.934,-10.59850927663082
-5.8,-5.871803303303314
-9.5,-10.443467784979202
-10.3,-10.782228151585443
-10.69,-10.545715842269182
-8.2,-9.337618659755668
-8.9,-9.269009018294204
-8.3,-7.560573454913898
-9.5,-9.566170301142526
-8.013,-8.652943618881128
-5.3,-6.302999410377362
-5.3,-6.302999410377362
-8.9,-8.2430791457286
-9.0,-9.643968732858033
-9.6,-10.025992482730377
-9.6,-9.884226856561542
-8.4,-9.167769516728624
-9.2,-9.477019873969963
-9.4,-10.503982911825
-9.6,-9.8228386683738
-9.8,-9.531600873362452
-8.3,-7.905453168044146
-10.0,-9.643968732858033
-7.3,-6.208286541244597
