OriginalIndex,ActualScore,PredictedScore,Residual
0,-7.1,-7.59812715629001,0.4981271562900105
3,-8.9,-9.019361992283784,0.11936199228378364
8,-6.1,-5.4922453625955825,-0.6077546374044172
10,-5.791,-5.88396737829026,0.09296737829025936
14,-5.4,-5.259288445817368,-0.1407115541826327
19,-5.88,-5.8641042433392725,-0.0158957566607274
29,-10.2,-9.733864375328324,-0.4661356246716757
31,-8.573,-8.031612632364912,-0.5413873676350889
33,-7.715,-8.30007820938758,0.5850782093875804
35,-5.8,-5.744328322988722,-0.05567167701127751
36,-5.9,-5.725117711369101,-0.17488228863089894
39,-5.5,-5.692860602524357,0.1928606025243571
41,-5.0,-5.41214730498014,0.41214730498013985
47,-7.0,-6.913829470447134,-0.08617052955286564
50,-6.1,-6.900164161224016,0.800164161224016
63,-5.6,-5.821225202996886,0.22122520299688642
70,-10.2,-9.737670268084198,-0.4623297319158013
73,-10.7,-10.296904777679597,-0.4030952223204025
76,-7.8,-8.092797933622187,0.29279793362218687
79,-9.1,-9.406969228933326,0.3069692289333261
80,-8.8,-8.967658642044524,0.16765864204452363
88,-7.9,-8.276008909778366,0.3760089097783652
92,-5.6,-5.367926108366504,-0.23207389163349568
93,-8.9,-9.478664132824127,0.5786641328241267
95,-9.7,-9.615540813572862,-0.08445918642713757
96,-9.3,-9.654512342299807,0.354512342299806
101,-9.8,-9.921715732649226,0.12171573264922486
103,-10.4,-9.95899312451652,-0.44100687548348105
106,-5.8,-5.851932549926145,0.05193254992614538
107,-8.8,-9.498086438428905,0.6980864384289038
108,-8.2,-8.225292422491613,0.025292422491613564
119,-9.2,-8.904779892010396,-0.2952201079896035
123,-11.0,-11.619909802016817,0.6199098020168172
131,-7.2,-7.7109382432455185,0.5109382432455183
135,-9.4,-9.628662416987492,0.22866241698749157
144,-7.9,-8.48983360155909,0.5898336015590893
149,-10.2,-10.223031120655651,0.02303112065565216
169,-10.9,-10.205950453222902,-0.694049546777098
173,-9.2,-9.299128336877136,0.09912833687713629
177,-9.0,-10.137430727931054,1.1374307279310543
185,-9.2,-8.928386738270312,-0.27161326172968714
200,-8.2,-7.960644477064675,-0.23935552293532414
210,-8.184,-8.25708786989768,0.07308786989768024
214,-9.8,-9.695893573707895,-0.10410642629210543
216,-8.9,-8.843849900162164,-0.056150099837836365
217,-9.6,-10.330227744319082,0.7302277443190821
218,-9.7,-10.395746017596164,0.6957460175961643
245,-8.2,-7.852980841733974,-0.3470191582660256
248,-8.7,-8.697861111345693,-0.0021388886543061147
251,-7.6,-7.817221891871101,0.21722189187110175
259,-6.8,-6.587369740473271,-0.21263025952672887
263,-11.4,-10.487637669214132,-0.9123623307858679
265,-9.2,-9.85380142440011,0.6538014244001111
267,-7.5,-7.715194182962399,0.21519418296239934
274,-10.0,-9.877343207499829,-0.12265679250017136
286,-9.3,-9.315899836837296,0.015899836837295567
288,-8.4,-8.66688160270765,0.2668816027076488
290,-6.8,-7.201123119781145,0.4011231197811451
291,-12.3,-10.8490103694073,-1.4509896305927015
293,-11.3,-10.68176710618436,-0.618232893815641
295,-9.0,-8.4427761644599,-0.5572238355400998
299,-8.559,-8.484500240443849,-0.07449975955615074
303,-6.3,-6.763914787273024,0.4639147872730245
304,-9.404,-9.509135399874083,0.10513539987408294
311,-11.2,-10.662131549727189,-0.5378684502728106
315,-8.5,-8.094430099933735,-0.4055699000662649
316,-9.0,-8.373492453656716,-0.6265075463432837
318,-6.5,-7.038123026848008,0.538123026848008
321,-10.3,-10.376205407410133,0.07620540741013215
330,-10.7,-10.536867995461602,-0.16313200453839727
333,-9.0,-8.874236021623378,-0.12576397837662157
335,-8.1,-8.075983496612814,-0.02401650338718575
346,-7.832,-9.048210720063008,1.2162107200630077
349,-10.7,-10.742119121365736,0.04211912136573659
360,-10.6,-10.413781897155783,-0.18621810284421692
367,-8.824,-8.360204694222336,-0.4637953057776638
373,-8.8,-8.835830634523804,0.035830634523803084
379,-5.8,-5.805566495969979,0.005566495969978824
381,-9.4,-9.428067518922536,0.02806751892253523
388,-5.6,-5.531412949513092,-0.06858705048690794
398,-8.1,-9.860752457235758,1.7607524572357587
399,-9.7,-9.09619722455084,-0.6038027754491591
407,-5.4,-6.5105611057639905,1.1105611057639901
408,-8.4,-8.814798442391263,0.4147984423912625
409,-8.7,-8.837174551672211,0.13717455167221182
410,-5.8,-6.546608750725029,0.746608750725029
415,-12.1,-10.759778701215055,-1.340221298784945
416,-11.7,-10.75776737654207,-0.9422326234579295
424,-11.2,-10.917924526769031,-0.28207547323096804
426,-10.7,-10.542517348695428,-0.15748265130457106
427,-9.0,-9.30930281582203,0.30930281582202923
428,-6.2,-5.713585100465725,-0.4864148995342754
431,-9.1,-9.097068900681817,-0.002931099318182362
434,-9.3,-9.46291823933395,0.16291823933394944
439,-9.3,-7.965660840844753,-1.334339159155248
440,-7.5,-6.542829142439228,-0.9571708575607722
450,-9.1,-9.43395897596955,0.3339589759695496
457,-10.18,-9.744285101713624,-0.4357148982863759
461,-7.926,-8.38638355686074,0.46038355686073906
465,-9.4,-8.905261906901304,-0.49473809309869665
467,-8.185,-8.802674611978397,0.617674611978396
468,-9.8,-10.00907831054181,0.20907831054180903
469,-6.3,-5.939881025274097,-0.3601189747259026
472,-7.6,-7.133305771391906,-0.46669422860809373
483,-10.5,-9.52015069182892,-0.9798493081710795
486,-7.9,-8.39286834117667,0.4928683411766688
487,-8.952,-9.52540585219479,0.5734058521947905
496,-8.3,-8.580620180168028,0.28062018016802703
500,-8.5,-9.094401630560709,0.5944016305607089
510,-8.7,-8.316803299028773,-0.3831967009712258
518,-11.2,-10.855706280658456,-0.3442937193415432
530,-7.9,-8.103182807995438,0.20318280799543764
532,-10.3,-10.028501936778799,-0.27149806322120185
533,-9.9,-10.18833245755607,0.28833245755606995
542,-7.337,-8.273264959944228,0.9362649599442285
543,-7.5,-7.519303509305595,0.01930350930559488
549,-8.8,-8.708092148254392,-0.09190785174560823
554,-9.569,-9.699887746524688,0.13088774652468693
562,-7.1,-7.5258985616840866,0.4258985616840869
563,-9.8,-10.099450868476053,0.2994508684760522
565,-9.826,-8.907204128461787,-0.9187958715382134
567,-8.6,-10.16983280389691,1.5698328038969098
568,-7.7,-7.618343872025026,-0.08165612797497435
573,-9.7,-9.55888193434172,-0.14111806565827933
576,-8.1,-8.821428609760195,0.7214286097601956
577,-9.1,-9.205146327836882,0.10514632783688249
582,-10.32,-9.626540638589045,-0.6934593614109552
586,-9.9,-9.337442318760745,-0.5625576812392552
590,-7.2,-8.033106626206873,0.8331066262068729
592,-6.7,-5.96237121082339,-0.7376287891766102
605,-10.2,-10.262281156828738,0.062281156828738915
608,-5.7,-6.490471822899404,0.7904718228994039
620,-10.2,-9.737371779399139,-0.46262822060086073
621,-10.5,-10.257858542221326,-0.2421414577786738
623,-10.2,-9.97422987141821,-0.22577012858178946
624,-9.0,-9.448301554429346,0.4483015544293458
633,-8.9,-8.900248876831023,0.0002488768310229261
637,-7.0,-6.684224801646096,-0.31577519835390433
647,-8.4,-8.705156005965337,0.3051560059653369
651,-9.9,-9.765591884163022,-0.13440811583697787
655,-7.0,-8.08746049478999,1.0874604947899904
668,-9.1,-8.783246287562525,-0.31675371243747463
673,-10.5,-10.423607958976197,-0.07639204102380326
676,-12.7,-11.601792015126955,-1.098207984873044
683,-10.6,-10.59454189397362,-0.005458106026379639
694,-9.1,-9.60711694652128,0.5071169465212808
700,-9.0,-8.98764511617026,-0.01235488382974026
704,-7.7,-8.07084900427767,0.3708490042776704
708,-7.9,-7.958816473496385,0.058816473496384525
710,-6.7,-6.813912435220278,0.11391243522027761
713,-12.3,-10.899586210322084,-1.4004137896779163
714,-10.98,-10.946335746043774,-0.03366425395622663
718,-8.0,-7.84171006358596,-0.15828993641404043
730,-11.9,-10.59166951156117,-1.3083304884388305
733,-9.6,-9.725685921129116,0.1256859211291168
735,-4.0,-2.0243716746600944,-1.9756283253399056
736,-6.4,-3.499469512810381,-2.900530487189619
740,-9.995,-9.602033178946074,-0.3929668210539248
744,-7.4,-8.38168557612021,0.9816855761202099
747,-8.2,-7.783946066650582,-0.4160539333494171
756,-7.7,-7.70445692757483,0.004456927574829628
758,-7.6,-7.582045848106817,-0.017954151893182946
761,-9.3,-9.421390032492802,0.12139003249280123
764,-8.7,-8.569257025471385,-0.13074297452861394
765,-8.1,-8.346972974265416,0.2469729742654163
774,-10.3,-10.160500077936206,-0.1394999220637949
777,-8.7,-9.428141866124625,0.7281418661246253
782,-8.6,-8.48754368385862,-0.11245631614137963
788,-8.3,-8.578136501659902,0.2781365016599011
794,-10.88,-10.111121724880993,-0.7688782751190075
795,-10.0,-9.845401848549756,-0.15459815145024436
799,-9.9,-9.202432484307018,-0.6975675156929828
819,-10.1,-9.822756248406668,-0.2772437515933319
836,-8.1,-8.335274090187164,0.23527409018716483
839,-11.2,-10.602802996078829,-0.5971970039211705
850,-10.3,-10.024764763070598,-0.27523523692940266
852,-6.4,-6.141868713991629,-0.2581312860083713
856,-9.7,-9.955256830615143,0.2552568306151439
866,-10.4,-9.838278454689208,-0.5617215453107924
868,-7.705,-7.719718429609863,0.014718429609862582
881,-6.9,-6.957342107555739,0.057342107555738764
883,-8.1,-8.080429318959295,-0.019570681040704585
895,-10.1,-9.897328139726739,-0.20267186027326112
900,-7.2,-8.156893860302324,0.9568938603023236
902,-9.7,-10.117220504427097,0.4172205044270978
908,-10.1,-10.159507984548098,0.059507984548098136
909,-5.6,-5.497253244638852,-0.10274675536114763
914,-6.9,-7.413364919319906,0.5133649193199057
916,-6.2,-6.785480912047815,0.5854809120478146
921,-12.1,-11.126651698930306,-0.9733483010696933
927,-9.6,-9.297193709634168,-0.3028062903658313
932,-7.7,-8.26847416818476,0.5684741681847596
937,-9.3,-9.511140287799483,0.21114028779948235
952,-11.1,-10.605977665672958,-0.4940223343270418
957,-9.3,-8.488795150385238,-0.8112048496147626
958,-9.2,-8.696905842688077,-0.5030941573119225
960,-13.3,-11.51203785026993,-1.7879621497300704
967,-8.2,-9.139034191140002,0.9390341911400029
970,-11.1,-10.698520205140884,-0.40147979485911556
971,-11.2,-10.478692112114373,-0.7213078878856258
973,-4.6,-5.413941469148646,0.813941469148646
993,-9.3,-9.139422664536877,-0.16057733546312392
1002,-10.1,-9.024248203406799,-1.0757517965932006
1010,-6.7,-7.591821396742221,0.8918213967422206
1011,-9.394,-8.311738404962725,-1.0822615950372754
1022,-9.1,-9.285027533717818,0.18502753371781822
1026,-6.9,-7.769266842448098,0.8692668424480976
1039,-10.5,-10.887219863858219,0.3872198638582187
1041,-7.1,-7.082825200361261,-0.017174799638739024
1042,-9.7,-9.289279341397094,-0.4107206586029051
1053,-9.7,-10.392371911886025,0.6923719118860259
1056,-10.6,-10.062023256228159,-0.537976743771841
1061,-11.6,-10.870085689785034,-0.7299143102149657
1068,-10.4,-10.030973974327095,-0.36902602567290543
1071,-9.0,-8.938583406055212,-0.061416593944787934
1076,-10.5,-10.074765979938165,-0.42523402006183453
1078,-10.5,-10.05499555868175,-0.44500444131825034
1082,-8.1,-8.290256556670967,0.19025655667096686
1084,-11.2,-10.683190637078438,-0.5168093629215615
1087,-8.5,-8.811211179462777,0.3112111794627772
1090,-8.6,-8.387831015042437,-0.21216898495756276
1107,-7.931,-9.21190364914279,1.2809036491427905
1110,-8.6,-8.476163630038881,-0.12383636996111846
1111,-7.7,-8.201267298992839,0.5012672989928388
1112,-10.3,-9.943506600734624,-0.3564933992653767
1113,-9.2,-8.694896223534872,-0.5051037764651269
1118,-5.0,-5.613086859805091,0.6130868598050911
1121,-9.9,-9.18765811899207,-0.7123418810079301
1123,-8.1,-8.387661849234213,0.28766184923421356
1142,-9.3,-8.986658290736662,-0.31334170926333904
1145,-10.7,-10.191260650700915,-0.5087393492990842
1147,-5.0,-5.0882666196342035,0.08826661963420346
1149,-8.8,-9.081974682437266,0.28197468243726576
1155,-10.5,-10.657695275433323,0.15769527543332273
1156,-9.554,-9.95563916379392,0.40163916379392006
1157,-9.0,-9.29070223741116,0.2907022374111605
1160,-11.5,-10.849882757701511,-0.6501172422984887
1166,-10.39,-9.621776181832026,-0.768223818167975
1175,-12.36,-12.383693507642896,0.02369350764289635
1178,-9.3,-9.228848190085927,-0.071151809914074
1180,-7.5,-8.06614223023279,0.5661422302327903
1183,-7.9,-7.60342038138065,-0.2965796186193508
1188,-7.8,-8.352937550810019,0.5529375508100189
1190,-10.1,-10.130468664669683,0.030468664669683676
1193,-9.6,-9.178492194108838,-0.4215078058911619
1194,-6.5,-7.310299796428745,0.8102997964287448
1195,-8.3,-10.006891526076933,1.706891526076932
1199,-8.8,-9.231273477993298,0.4312734779932974
1201,-7.9,-7.800700745091876,-0.09929925490812419
1206,-8.8,-9.046422642325481,0.24642264232548072
1208,-7.139,-7.7025869807767995,0.5635869807767993
1210,-10.1,-9.982336581986047,-0.11766341801395264
1213,-9.3,-9.354499444886034,0.05449944488603364
1217,-9.4,-9.418967662800329,0.018967662800328355
1219,-8.8,-9.397051476985489,0.597051476985488
1224,-10.0,-9.560394622709705,-0.43960537729029525
1233,-10.7,-9.86508613701608,-0.8349138629839192
1237,-12.7,-11.731054090769018,-0.9689459092309818
1245,-10.3,-10.217171169270317,-0.08282883072968339
1247,-7.7,-8.732092836421659,1.0320928364216586
1250,-11.9,-11.31021412168788,-0.5897858783121208
1253,-9.7,-9.350465049146079,-0.3495349508539203
1254,-11.2,-9.922683510987666,-1.2773164890123336
1261,-8.8,-8.411137867044204,-0.3888621329557971
1277,-8.0,-8.141041490734757,0.14104149073475725
1281,-9.0,-9.167715532742827,0.16771553274282702
1282,-8.5,-8.30504908606193,-0.1949509139380705
1284,-11.1,-10.634249479857862,-0.46575052014213725
1285,-10.0,-10.233280800259827,0.233280800259827
1297,-8.3,-8.497596146661905,0.19759614666190473
1303,-8.9,-8.920550610479154,0.02055061047915352
1320,-9.8,-8.90455831393562,-0.8954416860643803
1330,-8.9,-8.222658959792192,-0.6773410402078088
1345,-8.3,-8.504201895785561,0.2042018957855607
1347,-10.3,-10.438687199875975,0.13868719987597444
1350,-8.8,-8.751494103483893,-0.04850589651610804
1351,-8.5,-8.91862622769632,0.4186262276963202
1355,-10.3,-9.82741852644671,-0.4725814735532907
1360,-8.5,-9.019709726927172,0.5197097269271715
1368,-11.2,-10.7941310896535,-0.4058689103464985
1369,-8.8,-9.668378122053046,0.8683781220530449
1373,-8.818,-10.457438210271619,1.639438210271619
1374,-9.4,-10.117806096830211,0.7178060968302109
1383,-12.2,-9.640160857894662,-2.5598391421053375
1393,-7.4,-7.598798598096357,0.19879859809635647
1396,-11.4,-11.608977223678767,0.20897722367876703
1399,-11.52,-10.64132676987989,-0.8786732301201088
1402,-9.1,-9.923254120462028,0.8232541204620283
1406,-8.5,-8.149313233956132,-0.35068676604386795
1408,-8.7,-9.23482933107673,0.5348293310767307
1413,-7.4,-8.72617620120092,1.3261762012009193
1418,-10.3,-9.973129846652173,-0.3268701533478282
1421,-9.55,-10.300906638329563,0.7509066383295622
1427,-9.4,-9.9637482608147,0.5637482608147
1432,-8.4,-8.570894117204771,0.17089411720477088
1433,-6.9,-7.374024153846314,0.47402415384631347
1434,-7.0,-8.133847854764799,1.1338478547647988
1437,-10.2,-9.488327757349886,-0.7116722426501134
1453,-8.0,-7.653052639099362,-0.3469473609006384
1454,-9.0,-8.994170948670758,-0.005829051329241608
1457,-6.5,-6.251135041677129,-0.24886495832287103
1458,-6.3,-6.764277311324328,0.46427731132432815
1459,-10.0,-9.841465364785712,-0.1585346352142878
1470,-11.7,-10.133239787095848,-1.5667602129041516
1472,-9.6,-9.743763185293496,0.14376318529349597
1479,-8.8,-8.03146475420323,-0.7685352457967713
1486,-9.3,-9.996387474176359,0.6963874741763583
1488,-10.2,-10.556573608138692,0.3565736081386923
1491,-11.1,-10.18445360156375,-0.9155463984362502
1494,-8.6,-9.21476869816934,0.6147686981693408
1496,-9.3,-8.679423602552923,-0.6205763974470777
1498,-8.2,-8.43873305191717,0.23873305191717087
1501,-11.0,-10.699848840423153,-0.30015115957684735
1506,-8.1,-8.327122701172504,0.22712270117250455
1509,-9.428,-8.78397351577955,-0.6440264842204506
1511,-12.7,-11.15775666297074,-1.5422433370292588
1512,-10.1,-9.663202113821836,-0.43679788617816406
1516,-9.78,-9.577378939113789,-0.20262106088621046
1523,-9.0,-9.411261593874947,0.4112615938749471
1530,-11.5,-10.591524295621364,-0.9084757043786365
1533,-11.0,-10.620433076826924,-0.3795669231730763
1536,-9.8,-9.711484483779024,-0.08851551622097631
1562,-8.4,-8.227682723191544,-0.17231727680845665
1566,-9.8,-9.34658279446654,-0.45341720553346043
1570,-10.8,-9.775790704681278,-1.0242092953187232
1572,-6.9,-7.3785763168779415,0.4785763168779411
1576,-8.6,-8.265546339870898,-0.3344536601291015
1578,-9.1,-9.552929746172135,0.4529297461721349
1579,-8.0,-7.835668427302907,-0.1643315726970931
1584,-9.3,-9.39551731322201,0.09551731322200929
1593,-10.7,-10.23456800457427,-0.46543199542573
1594,-7.1,-8.421755530995275,1.3217555309952758
1595,-10.2,-9.568654186933175,-0.6313458130668241
1597,-8.2,-8.955298109451931,0.7552981094519318
1602,-12.4,-11.205905499325393,-1.1940945006746073
1608,-10.3,-9.56633656530704,-0.7336634346929607
1616,-8.9,-8.96576915786298,0.0657691578629791
1617,-5.213,-5.881797754903989,0.6687977549039887
1623,-9.2,-8.550072595007292,-0.6499274049927077
1626,-6.4,-6.116262883974326,-0.28373711602567475
1634,-12.9,-10.998601213418645,-1.901398786581355
1643,-8.3,-8.671306873486085,0.37130687348608404
1650,-8.4,-8.533813793808427,0.13381379380842695
1655,-9.7,-9.941550689049576,0.24155068904957666
1660,-9.9,-8.814683520785636,-1.0853164792143648
1662,-11.6,-10.347391392625687,-1.252608607374313
1669,-10.7,-9.99795405242288,-0.702045947577119
1670,-11.6,-9.96309268304406,-1.6369073169559396
1671,-10.1,-9.332254865137337,-0.7677451348626629
1683,-9.9,-8.931357808821629,-0.9686421911783718
1688,-8.3,-8.988883998714146,0.6888839987141449
1691,-10.2,-9.290238322789499,-0.9097616772105006
1692,-7.699,-7.116149655557199,-0.582850344442801
1701,-5.9,-6.813738333581172,0.913738333581172
1703,-8.1,-8.116592632897127,0.016592632897127757
1710,-10.85,-10.176074595580436,-0.6739254044195633
1713,-6.8,-6.804199932229153,0.004199932229153269
1718,-7.0,-7.348165832735536,0.34816583273553636
1720,-8.6,-9.003403254709255,0.4034032547092554
1722,-8.2,-7.626032995955905,-0.5739670040440945
1730,-7.9,-7.818000032208465,-0.08199996779153551
1731,-7.9,-10.512096277596337,2.6120962775963363
1732,-10.3,-10.372331242416799,0.07233124241679789
1740,-8.5,-9.129116865378117,0.6291168653781174
1744,-7.5,-8.667757419927124,1.1677574199271241
1746,-5.7,-5.375594785133657,-0.324405214866343
1747,-11.3,-10.20362020750991,-1.0963797924900902
1758,-10.61,-10.310939235272055,-0.29906076472794396
1766,-7.9,-8.158811205650723,0.2588112056507228
1768,-10.3,-10.103463335577967,-0.19653666442203388
1775,-7.2,-7.733909168009483,0.5339091680094832
1780,-10.7,-10.389484348320053,-0.3105156516799461
1783,-9.114,-9.768025849813151,0.6540258498131504
1785,-8.8,-9.03091901488559,0.23091901488558975
1786,-8.1,-8.252635860998746,0.15263586099874615
1791,-8.5,-8.670278315803737,0.17027831580373665
1793,-9.3,-9.029103685040427,-0.27089631495957356
1795,-10.6,-8.77072404627904,-1.829275953720959
1803,-7.398,-6.646498468027165,-0.7515015319728349
1805,-7.6,-7.067743756583891,-0.5322562434161089
1807,-7.707,-7.868072580286912,0.16107258028691174
1825,-7.0,-7.520893142129198,0.5208931421291982
1833,-8.8,-9.524791179175327,0.7247911791753268
1835,-8.4,-8.423333211189464,0.0233332111894633
1839,-9.5,-9.219594194798551,-0.28040580520144864
1844,-8.7,-8.478652782882882,-0.2213472171171169
1845,-6.2,-6.603233799436042,0.403233799436042
1851,-6.966,-6.797509363449843,-0.16849063655015684
1862,-10.1,-9.49964751835578,-0.6003524816442205
1864,-8.2,-8.636615399247173,0.43661539924717374
1870,-9.6,-9.360304271998363,-0.23969572800163697
1883,-8.2,-7.861150543932471,-0.33884945606752837
1885,-7.6,-8.015788017415876,0.4157880174158759
1889,-9.6,-9.25234515260504,-0.3476548473949599
1891,-7.5,-8.774124257802873,1.2741242578028729
1896,-11.0,-9.31856848831315,-1.6814315116868492
1904,-10.2,-9.45400804184153,-0.74599195815847
1905,-6.6,-7.480336976134592,0.8803369761345925
1923,-9.0,-9.528038373807489,0.5280383738074885
1935,-10.3,-11.168539963205903,0.8685399632059028
1941,-8.3,-8.844513381366397,0.5445133813663965
1950,-10.3,-10.085269267836386,-0.2147307321636145
1952,-11.7,-10.951051513051965,-0.7489484869480343
1953,-10.8,-9.955021900575979,-0.8449780994240221
1954,-7.6,-7.038951818565645,-0.5610481814343551
1964,-8.6,-9.157932267817223,0.5579322678172236
1965,-8.9,-9.183595639341737,0.2835956393417369
1971,-9.8,-9.224136159393677,-0.5758638406063241
1978,-6.8,-7.65510808242217,0.85510808242217
1981,-7.3,-9.410532791450878,2.1105327914508782
1983,-8.8,-9.876409514383734,1.0764095143837338
1984,-8.4,-9.089664538167268,0.6896645381672677
2009,-7.6,-7.137437629216339,-0.4625623707836608
2012,-8.7,-9.124493070944549,0.4244930709445498
2015,-8.9,-7.777485547515797,-1.1225144524842037
2018,-5.4,-6.060140184292611,0.6601401842926107
2020,-8.6,-8.845571543424521,0.24557154342452137
2021,-7.4,-7.320888311995155,-0.07911168800484525
2030,-6.1,-6.3767179533468274,0.2767179533468278
2034,-5.8,-6.297466960794404,0.4974669607944042
2036,-6.11,-6.970098529217138,0.8600985292171375
2039,-9.4,-9.304893809364447,-0.09510619063555303
2046,-7.9,-7.793770647856907,-0.10622935214309326
2055,-10.9,-11.216345087953227,0.316345087953227
2069,-8.7,-9.414463704622307,0.7144637046223075
2075,-9.7,-9.190738550584214,-0.509261449415785
2085,-10.36,-10.582724376207308,0.22272437620730834
2087,-8.7,-9.157075753189247,0.45707575318924754
2088,-6.7,-6.198387496755313,-0.5016125032446874
2102,-10.4,-9.797426510315514,-0.6025734896844863
2107,-9.1,-9.232258237428436,0.13225823742843623
2108,-11.2,-9.638594547057771,-1.5614054529422283
2109,-9.4,-9.665615964010225,0.2656159640102249
2119,-10.3,-10.326238569945774,0.02623856994577345
2124,-6.8,-7.130417492102769,0.33041749210276894
2127,-10.0,-9.470759292629701,-0.5292407073702989
2128,-9.9,-9.44362944126214,-0.45637055873786103
2140,-8.473,-7.8574697279732,-0.6155302720268008
2142,-12.1,-10.630935394488318,-1.4690646055116812
2145,-9.4,-9.752743754343912,0.35274375434391203
2150,-9.6,-8.577045640689022,-1.0229543593109778
2152,-9.4,-9.371441358776057,-0.02855864122394358
2154,-6.6,-6.104806048219638,-0.49519395178036163
2157,-9.5,-9.791854170530833,0.29185417053083285
2167,-6.4,-6.304793468178655,-0.09520653182134531
2168,-8.0,-7.162598050548636,-0.8374019494513636
2174,-8.8,-10.253066187718604,1.453066187718603
2183,-6.4,-5.9555189423485215,-0.44448105765147883
2184,-6.0,-5.955383372856784,-0.044616627143216014
2189,-8.2,-8.122716425150244,-0.0772835748497549
2191,-10.09,-9.164561770564132,-0.9254382294358674
2199,-10.87,-10.008652717218729,-0.8613472827812707
2210,-6.4,-5.743932325048048,-0.6560676749519523
2211,-10.2,-10.15301485609268,-0.04698514390731923
2214,-6.1,-5.4404679726501595,-0.6595320273498402
2215,-6.147,-6.2614481459778375,0.11444814597783726
2216,-6.09,-6.261828916970508,0.17182891697050806
2221,-9.4,-9.543104858946721,0.14310485894672098
2227,-6.2,-6.088996672893842,-0.11100332710615834
2232,-6.7,-6.387980908903398,-0.31201909109660253
2236,-6.4,-6.277289452332737,-0.12271054766726319
2238,-8.2,-8.200738046941705,0.0007380469417057611
2239,-10.5,-9.92801945655217,-0.5719805434478307
2245,-7.0,-6.592191551016673,-0.40780844898332713
2249,-9.9,-10.434657414847624,0.534657414847624
2252,-6.3,-6.442645365505294,0.14264536550529439
2254,-4.974,-6.204693039838952,1.2306930398389522
2260,-6.1,-6.724528107248369,0.624528107248369
2270,-10.4,-9.69950235842225,-0.7004976415777495
2271,-10.8,-10.480927653835423,-0.31907234616457814
2288,-9.3,-9.240592934717128,-0.05940706528287265
2301,-6.6,-5.985756720997902,-0.614243279002098
2310,-6.4,-6.403741010820139,0.003741010820138335
2312,-6.2,-6.094363133770285,-0.10563686622971513
2318,-5.3,-5.178518079718074,-0.1214819202819255
2325,-6.1,-6.633544669582989,0.5335446695829891
2328,-9.9,-9.580301213209165,-0.31969878679083585
2337,-8.3,-8.822232198791292,0.5222321987912917
2340,-6.9,-6.354005554931684,-0.5459944450683167
2344,-7.9,-7.269600422823234,-0.6303995771767665
2348,-4.866,-6.129340142572904,1.263340142572904
2351,-9.6,-9.33639725474,-0.26360274526000005
2357,-9.3,-8.396863660506062,-0.9031363394939387
2360,-4.9,-6.167153927301058,1.2671539273010577
2367,-7.5,-7.955513177779755,0.4555131777797552
2372,-6.6,-6.310938568856919,-0.2890614311430806
2377,-8.7,-8.695153879554809,-0.004846120445190394
2388,-10.6,-10.313786885179256,-0.2862131148207432
2389,-8.498,-9.987993817969993,1.489993817969994
2390,-6.8,-6.432790026586778,-0.3672099734132219
2391,-9.8,-9.404255834953343,-0.39574416504665777
2392,-10.7,-10.628221597803762,-0.07177840219623732
2405,-5.4,-5.844687553895715,0.44468755389571424
2406,-6.6,-5.935272613018203,-0.6647273869817969
2407,-9.3,-8.498706034680518,-0.8012939653194824
2412,-7.8,-8.338697086179769,0.5386970861797691
2417,-4.0,-2.2801206866979307,-1.7198793133020693
2422,-9.1,-8.996416458904053,-0.10358354109594714
2425,-9.66,-9.967923522044059,0.3079235220440584
2439,-8.1,-10.423222615001615,2.3232226150016153
2447,-7.5,-8.756463509829556,1.2564635098295565
2452,-7.3,-7.116238613797608,-0.18376138620239146
2453,-6.6,-5.946354358054666,-0.6536456419453334
2455,-7.1,-6.09123008739254,-1.0087699126074599
2457,-6.4,-6.27345289175201,-0.12654710824799054
2458,-6.4,-6.0897230972031196,-0.3102769027968808
2459,-6.4,-6.0897083497549875,-0.3102916502450128
2464,-6.9,-5.948573328977522,-0.9514266710224781
2465,-9.2,-9.025194090495093,-0.17480590950490615
2471,-9.7,-9.948138978112418,0.24813897811241858
2473,-6.5,-5.822723788509824,-0.6772762114901756
2474,-6.1,-5.928854083124536,-0.17114591687546366
2478,-9.1,-10.907329959520865,1.8073299595208656
2483,-9.072,-9.787135690448864,0.7151356904488644
2485,-5.069,-5.908758731840816,0.8397587318408162
2487,-6.408,-6.02814045364852,-0.3798595463514802
2492,-8.8,-7.582743396588044,-1.2172566034119567
2498,-6.4,-6.972420340202278,0.572420340202278
2507,-6.4,-6.555936225160934,0.15593622516093397
2514,-10.3,-9.913229223746784,-0.38677077625321665
2516,-5.6,-6.319363424990231,0.719363424990231
2517,-10.6,-10.002020982127735,-0.5979790178722642
2519,-5.8,-5.870703743031964,0.07070374303196392
2522,-7.6,-7.877412219624427,0.2774122196244271
2527,-5.7,-5.965642863575161,0.2656428635751604
2531,-8.2,-8.161437626851857,-0.03856237314814237
2564,-10.6,-10.629400729292417,0.029400729292417438
2574,-5.8,-6.313656389871969,0.5136563898719695
2576,-11.1,-9.680351310636409,-1.4196486893635907
2577,-9.2,-9.204683246029486,0.004683246029486554
2582,-6.4,-5.935181220008353,-0.46481877999164745
2585,-10.1,-10.207872427432623,0.10787242743262304
2586,-8.5,-10.012483315549213,1.512483315549213
2588,-8.5,-8.96427541966674,0.46427541966673935
2589,-7.9,-8.456145694267233,0.5561456942672329
2592,-6.0,-5.8733806723727415,-0.12661932762725847
2595,-8.8,-8.999651438871371,0.1996514388713706
2609,-8.3,-8.692668639928312,0.3926686399283117
2611,-6.3,-6.077654492775279,-0.22234550722472068
2613,-7.8,-8.668867167996307,0.8688671679963074
2614,-6.2,-5.84194707193717,-0.35805292806282996
2615,-9.2,-9.006675128749812,-0.19332487125018716
2619,-5.9,-5.99213064946773,0.09213064946772942
2620,-9.6,-9.424714561789404,-0.1752854382105955
2625,-9.8,-9.399112742904775,-0.400887257095226
2626,-9.8,-9.821002987320512,0.02100298732051087
2627,-8.0,-7.87475685809114,-0.12524314190886
2628,-9.1,-10.369374709676558,1.2693747096765584
2629,-9.2,-8.545334054987947,-0.6546659450120522
2631,-13.1,-12.245445402007018,-0.8545545979929816
2638,-7.9,-8.13098474081033,0.23098474081032982
2651,-5.765,-5.874361133356247,0.10936113335624764
2664,-9.8,-9.961069979364412,0.16106997936441125
2676,-6.7,-6.498553412301639,-0.20144658769836088
2678,-10.3,-10.209804786646448,-0.09019521335355307
2680,-5.8,-6.264454169711874,0.4644541697118738
2684,-6.18,-6.205002837738831,0.02500283773883094
2685,-6.0,-6.321852974806442,0.3218529748064416
2688,-9.0,-8.969769516989654,-0.03023048301034592
2691,-10.9,-10.389906350412847,-0.5100936495871533
2692,-5.5,-6.071075928657788,0.5710759286577876
2701,-8.3,-8.92543038274042,0.6254303827404186
2709,-6.653,-6.872815223783551,0.21981522378355134
2714,-10.4,-9.331997107808247,-1.0680028921917533
2715,-9.8,-9.304198630199553,-0.4958013698004482
2732,-5.7,-6.155469219224722,0.45546921922472183
2751,-8.0,-8.883844867357649,0.8838448673576487
2754,-5.5,-6.038607361418148,0.5386073614181477
2759,-5.763,-6.199297738784322,0.4362977387843223
2760,-6.418,-6.199299415104456,-0.21870058489554456
2762,-10.2,-9.20146331376231,-0.9985366862376885
2771,-5.824,-6.542851222486288,0.718851222486288
2777,-7.6,-7.994199555588178,0.39419955558817854
2791,-11.0,-11.040711026298034,0.040711026298033914
2802,-5.0,-6.080760317579396,1.0807603175793963
2807,-7.2,-6.302969682967915,-0.897030317032085
2816,-8.3,-8.151448477424083,-0.14855152257591797
2818,-9.1,-10.16924406870501,1.0692440687050109
2826,-7.6,-7.593965973026945,-0.0060340269730545515
2836,-5.5,-6.457449207494584,0.9574492074945837
2846,-8.1,-8.978979062993256,0.8789790629932561
2847,-7.3,-7.614601960544804,0.31460196054480427
2855,-8.323,-8.418964141882501,0.0959641418825008
2858,-7.4,-8.158476991020665,0.7584769910206646
2864,-7.3,-7.323956968822376,0.02395696882237619
2874,-10.1,-10.88676236445953,0.7867623644595305
2882,-9.1,-9.825185750280426,0.725185750280426
2884,-9.5,-10.587518287270713,1.0875182872707132
2899,-8.8,-9.261259751271268,0.4612597512712675
2901,-8.4,-8.143055616803682,-0.25694438319631807
2910,-6.7,-6.459750693266001,-0.24024930673399947
2913,-8.1,-8.481785502832128,0.38178550283212864
2922,-5.9,-5.677396811641303,-0.22260318835869697
2927,-6.7,-6.7051648726763,0.0051648726762998365
2929,-6.467,-6.630691276821595,0.163691276821595
2932,-6.8,-6.312901905936764,-0.4870980940632359
2935,-7.8,-6.362211560517809,-1.4377884394821905
2947,-5.7,-6.052051756634331,0.35205175663433064
2948,-10.8,-10.128985795363663,-0.6710142046363377
2952,-6.3,-6.479060606278292,0.17906060627829223
2954,-10.5,-10.43406594239148,-0.06593405760851923
2955,-8.8,-8.59532730116284,-0.204672698837161
2956,-6.9,-6.614559601580626,-0.2854403984193743
2960,-6.2,-6.651185811801188,0.4511858118011878
2973,-5.9,-5.831362010878575,-0.06863798912142549
2974,-6.16,-7.169583903506168,1.0095839035061678
2982,-5.7,-6.156022040598462,0.4560220405984614
2986,-9.361,-9.14843185660078,-0.2125681433992206
2992,-5.262,-5.817942732859672,0.5559427328596724
2998,-9.7,-9.107392880930307,-0.592607119069692
3000,-9.7,-10.407671184012,0.7076711840120016
3003,-10.1,-9.895878077539496,-0.2041219224605033
3006,-6.2,-6.024138265619161,-0.17586173438083907
3011,-9.6,-10.714299136864975,1.1142991368649753
3013,-8.232,-8.261650995370346,0.029650995370346322
3015,-10.3,-9.641235630273403,-0.6587643697265975
3017,-6.8,-6.267409704178853,-0.532590295821147
3021,-7.1,-7.039818831342149,-0.06018116865785039
3024,-6.4,-5.991560609611705,-0.40843939038829546
3025,-9.1,-9.116750820781714,0.016750820781714637
3027,-9.0,-9.145386251138415,0.1453862511384152
3031,-9.4,-9.33123689737911,-0.06876310262089014
3034,-10.8,-10.828608926820982,0.02860892682098104
3037,-10.4,-10.240160602804757,-0.15983939719524365
3038,-6.6,-6.219134913073317,-0.38086508692668275
3043,-10.9,-10.790823353270268,-0.1091766467297326
3047,-9.3,-8.34780624099524,-0.9521937590047607
3048,-9.9,-8.762341915551131,-1.1376580844488693
3053,-6.3,-6.157926631914305,-0.14207336808569515
3058,-8.566,-8.68194376294745,0.1159437629474489
3059,-6.5,-5.833903469933806,-0.6660965300661941
3060,-6.135,-5.835927953796029,-0.2990720462039711
3063,-6.7,-6.214976271212322,-0.4850237287876782
3065,-7.1,-7.001189628904109,-0.0988103710958903
3068,-10.8,-10.30912038681669,-0.49087961318330997
3069,-6.0,-5.992354438342737,-0.007645561657263045
3079,-4.0,-5.722865366675409,1.7228653666754088
3082,-6.8,-6.2713272239001085,-0.5286727760998913
3088,-9.0,-9.389246549454501,0.38924654945450143
3090,-10.9,-10.625007965875618,-0.27499203412438256
3094,-5.4,-6.067116699451722,0.6671166994517215
3100,-7.7,-8.709915220176384,1.0099152201763841
3101,-9.0,-8.937719081612407,-0.062280918387592976
3105,-12.6,-11.215405020174133,-1.3845949798258665
3111,-9.4,-8.923609827332541,-0.4763901726674593
3125,-10.05,-10.934243018117833,0.8842430181178322
3131,-7.987,-8.662435737271224,0.6754357372712239
3133,-6.4,-6.372825031130434,-0.027174968869566385
3139,-9.5,-9.376316253568277,-0.12368374643172331
3143,-9.0,-8.13744813473045,-0.8625518652695501
3146,-12.08,-10.048438590126619,-2.0315614098733814
3148,-8.5,-8.49054910424118,-0.0094508957588193
3160,-10.4,-9.986038115088746,-0.4139618849112541
3166,-5.4,-6.136969818899393,0.736969818899393
3181,-10.0,-10.190582062763129,0.19058206276312895
3184,-6.2,-5.941258072262425,-0.2587419277375753
3187,-9.2,-8.750803893945658,-0.449196106054341
3194,-5.8,-6.0288200795742934,0.22882007957429362
3206,-10.8,-10.710042578605105,-0.08995742139489593
3207,-9.0,-9.072156840250797,0.0721568402507966
3210,-7.0,-7.965956192770954,0.9659561927709541
3231,-6.6,-5.918181993449181,-0.6818180065508184
3234,-4.2,-4.3929113567876446,0.19291135678764437
3238,-10.0,-9.186357130494518,-0.8136428695054825
3263,-6.5,-6.280608786898851,-0.21939121310114906
3264,-11.73,-11.24185860309349,-0.48814139690651004
3265,-8.5,-6.954024884862671,-1.5459751151373293
3272,-6.7,-6.270400044999403,-0.42959995500059733
3279,-6.4,-6.239120034211109,-0.16087996578889108
3284,-9.0,-9.288571153722351,0.2885711537223514
3288,-8.8,-8.562945812446674,-0.2370541875533263
3290,-11.9,-10.711603271629617,-1.1883967283703836
3295,-7.6,-7.786387994855926,0.1863879948559264
3297,-6.4,-6.201111996712063,-0.1988880032879372
3299,-8.8,-7.952037087382812,-0.8479629126171888
3307,-10.6,-10.581281391074882,-0.01871860892511812
3312,-7.9,-8.187976936288315,0.2879769362883149
3314,-5.9,-5.843449695948015,-0.05655030405198502
3315,-9.2,-9.425746716986197,0.22574671698619753
3316,-8.9,-10.156628718818874,1.2566287188188738
3319,-11.3,-10.305691217157797,-0.9943087828422037
3328,-4.4,-6.252500466141139,1.852500466141139
3329,-4.3,-6.316921993469171,2.016921993469171
3333,-6.8,-6.030218256183209,-0.7697817438167904
3334,-6.278,-5.9777937764642,-0.30020622353579984
3344,-5.7,-6.013236256427811,0.3132362564278104
3349,-10.0,-9.570021774792087,-0.42997822520791296
3355,-8.139,-7.581076560669041,-0.557923439330958
3369,-9.8,-9.904994053629437,0.10499405362943648
3370,-9.9,-9.412360847909031,-0.48763915209096886
3375,-6.7,-6.46405719199843,-0.2359428080015702
3378,-8.3,-8.282897555939487,-0.017102444060514088
3379,-9.2,-9.010798407572576,-0.1892015924274233
3387,-9.1,-9.333681214134371,0.23368121413437137
3393,-6.1,-6.049156695318974,-0.050843304681025714
3399,-6.9,-6.570291654785803,-0.3297083452141978
3400,-10.3,-10.540416066408092,0.2404160664080912
3403,-7.8,-9.608067975705234,1.8080679757052343
3404,-7.3,-8.031365690729542,0.7313656907295423
3405,-5.8,-6.037143210965893,0.2371432109658933
3411,-9.9,-9.702695419118795,-0.19730458088120528
3412,-5.8,-5.875269318122327,0.07526931812232718
3413,-9.625,-9.679733707503608,0.054733707503608287
3424,-6.9,-6.010476568908226,-0.8895234310917743
3434,-6.7,-6.775116010714626,0.07511601071462604
3437,-8.7,-8.400964487441737,-0.29903551255826244
3441,-11.3,-10.40227246142578,-0.8977275385742214
3447,-9.1,-8.410609370815148,-0.6893906291848513
3448,-6.405,-6.10569243327566,-0.2993075667243401
3457,-5.87,-6.396575924828936,0.5265759248289363
3458,-5.8,-5.996578891748543,0.19657889174854315
3461,-4.8,-4.361869633231133,-0.43813036676886696
3465,-6.462,-6.186406707525196,-0.27559329247480413
3467,-8.2,-8.67103816845048,0.4710381684504803
3468,-6.765,-6.046121717996389,-0.7188782820036108
3470,-6.1,-5.691328428048322,-0.408671571951678
3485,-10.5,-9.43819917163858,-1.0618008283614202
3487,-9.9,-10.038815984948885,0.13881598494888436
3488,-5.6,-6.049075826189272,0.4490758261892722
3495,-6.9,-8.89052703663232,1.9905270366323204
3501,-7.1,-7.924700147786613,0.8247001477866132
3520,-6.0,-6.025393944403053,0.02539394440305287
3523,-9.1,-9.305301635482268,0.2053016354822681
3524,-9.1,-10.356103223722878,1.256103223722878
3526,-9.4,-9.256420137969867,-0.1435798620301334
3527,-6.6,-6.206879183193577,-0.3931208168064231
3529,-6.0,-6.47212706966523,0.47212706966523044
3541,-6.6,-6.168991030316411,-0.4310089696835888
3543,-5.9,-6.211230581982823,0.31123058198282294
3546,-7.1,-6.293374156270152,-0.8066258437298472
3547,-6.2,-6.293606024999779,0.09360602499977855
3550,-7.0,-6.518506128998972,-0.48149387100102814
3559,-6.2,-6.238332093767731,0.038332093767730946
3562,-5.1,-6.355330324816178,1.2553303248161782
3570,-12.2,-10.476558304247444,-1.7234416957525553
3574,-9.9,-9.65036802975063,-0.24963197024936967
3578,-6.7,-6.3811793247636555,-0.3188206752363447
3585,-6.5,-6.163227174819578,-0.3367728251804216
3592,-7.0,-6.121639367413071,-0.8783606325869293
3593,-6.115,-6.136689778421074,0.02168977842107367
3614,-8.8,-9.610222081094383,0.8102220810943823
3616,-8.7,-9.331463720386417,0.6314637203864173
3635,-10.4,-9.502941158963724,-0.8970588410362765
3643,-7.6,-7.513962908428238,-0.08603709157176187
3649,-10.2,-10.41674916386544,0.2167491638654404
3652,-6.1,-6.129000083828242,0.02900008382824204
3660,-12.2,-10.963091369569934,-1.2369086304300652
3668,-6.2,-6.378121604814547,0.17812160481454686
3678,-9.0,-8.836222677858144,-0.16377732214185592
3679,-5.5,-6.394048082271267,0.8940480822712669
3680,-6.8,-6.66340680034237,-0.1365931996576295
3685,-6.652,-6.176816595459716,-0.4751834045402843
3688,-5.9,-5.906200744643703,0.006200744643702905
3689,-8.6,-8.999065413608246,0.39906541360824654
3693,-5.9,-5.846774083655743,-0.05322591634425766
3703,-9.6,-9.652817191147738,0.05281719114773864
3705,-5.59,-5.772808042516054,0.18280804251605431
3707,-9.8,-9.15973948913647,-0.6402605108635306
3717,-10.8,-11.930013334085992,1.1300133340859908
3721,-8.7,-8.614553394719412,-0.08544660528058756
3724,-10.3,-10.255448590689399,-0.04455140931060164
3737,-7.3,-7.745223339002442,0.4452233390024425
3742,-10.6,-10.373382664189007,-0.22661733581099242
3745,-5.6,-6.035185845848149,0.43518584584814946
3746,-5.9,-6.0350370521484935,0.13503705214849315
3755,-10.6,-10.73882016368474,0.13882016368473948
3761,-9.7,-9.73076474218866,0.03076474218866032
3772,-6.3,-6.215959876205375,-0.08404012379462511
3773,-6.0,-6.49013242588007,0.4901324258800699
3777,-5.8,-5.89464002537734,0.09464002537734029
3780,-6.4,-6.0169560600030225,-0.38304393999697783
3781,-5.9,-6.070974909503807,0.17097490950380667
3784,-6.1,-6.0311625429282465,-0.06883745707175315
3787,-6.2,-6.432687856237294,0.23268785623729382
3798,-7.3,-8.032984394912496,0.7329843949124966
3819,-8.0,-8.809168488389185,0.8091684883891848
3822,-5.9,-6.4524094121744096,0.5524094121744092
3834,-9.9,-9.721289817727458,-0.17871018227254254
3837,-11.2,-10.7740386383934,-0.4259613616065998
3838,-5.6,-5.608128751710759,0.008128751710759552
3842,-6.8,-6.340663550677902,-0.45933644932209816
3844,-6.2,-6.518869403750065,0.3188694037500648
3846,-5.6,-6.105117798304679,0.5051177983046795
3852,-6.6,-7.095258366022398,0.4952583660223979
3853,-6.0,-6.45057755448266,0.4505775544826598
3857,-6.262,-6.001170681304073,-0.26082931869592674
3858,-7.878,-7.819899507935153,-0.05810049206484713
3860,-6.3,-6.369351440460646,0.0693514404606459
3869,-6.6,-5.9621340196098895,-0.6378659803901101
3872,-9.4,-9.61749458544412,0.21749458544412015
3881,-5.2,-5.870318772065376,0.670318772065376
3885,-6.2,-5.935505351775079,-0.26449464822492086
3886,-12.1,-10.83069153180438,-1.2693084681956197
3887,-8.9,-9.245785609528996,0.3457856095289955
3891,-9.8,-9.788789794720508,-0.011210205279493124
3894,-6.706,-5.755344303585436,-0.9506556964145645
3898,-9.0,-9.645854807867757,0.6458548078677566
3910,-6.0,-5.918997074807022,-0.08100292519297803
3914,-10.0,-9.060997920554891,-0.9390020794451086
3919,-10.3,-9.43738463008067,-0.8626153699193306
3928,-5.0,-5.727610928305683,0.7276109283056833
3936,-7.2,-7.922647042050992,0.7226470420509914
3938,-9.369,-9.74818847863777,0.3791884786377704
3941,-10.0,-9.79737321561324,-0.2026267843867604
3942,-5.0,-5.74314766184076,0.7431476618407604
3946,-6.594,-5.890341389777321,-0.7036586102226794
3948,-6.7,-6.489658886240491,-0.21034111375950904
3949,-6.4,-6.239698263686108,-0.1603017363138921
3952,-5.8,-6.626968079716715,0.8269680797167149
3958,-6.1,-5.928226752329149,-0.1717732476708509
3963,-11.01,-10.344345515676526,-0.6656544843234737
3971,-11.0,-10.132472853305016,-0.8675271466949841
3979,-6.799,-6.071647148076078,-0.7273528519239223
3984,-6.0,-6.111586479783428,0.11158647978342806
3989,-7.6,-8.560740571981203,0.9607405719812032
3994,-11.7,-10.794859561740603,-0.9051404382593962
3995,-9.4,-10.715191779268052,1.3151917792680514
3999,-9.7,-8.60218678290843,-1.09781321709157
4001,-8.9,-7.801462089706441,-1.098537910293559
4004,-8.6,-8.626993052985094,0.02699305298509458
4010,-8.4,-8.965473670142707,0.5654736701427066
4012,-8.7,-8.974965923695883,0.27496592369588413
4026,-8.0,-8.81829614912593,0.8182961491259295
4028,-6.5,-6.422952754370291,-0.07704724562970888
4029,-10.76,-10.793427224341075,0.033427224341075146
4031,-6.3,-6.193040615125838,-0.10695938487416168
4035,-6.5,-5.9577138070716344,-0.5422861929283656
4040,-7.8,-8.686437300952086,0.8864373009520863
4053,-11.1,-10.982474843002137,-0.11752515699786237
4055,-10.9,-10.172411666899528,-0.7275883331004724
4064,-7.5,-7.7808719268143784,0.28087192681437845
4065,-7.0,-6.980433229873105,-0.019566770126894895
4067,-11.18,-11.156017097764295,-0.023982902235704984
4074,-5.4,-6.473674893282158,1.073674893282158
4080,-10.2,-10.056976852371424,-0.1430231476285755
4081,-8.7,-9.211717860378634,0.511717860378635
4091,-5.6,-6.301162479969024,0.7011624799690246
4092,-6.9,-6.134975042182717,-0.7650249578172836
4093,-6.8,-6.079551742154068,-0.7204482578459315
4094,-8.9,-9.024723648602375,0.12472364860237484
4095,-9.2,-10.588571508627716,1.3885715086277166
4097,-6.2,-6.452996973353585,0.25299697335358484
4098,-8.2,-8.864310860462659,0.6643108604626597
4099,-6.513,-6.28640085641614,-0.22659914358385969
4100,-7.7,-8.474735713954276,0.7747357139542759
4102,-8.7,-9.742868133732824,1.0428681337328243
4110,-4.7,-6.05656402677306,1.3565640267730599
4111,-10.8,-9.848509050047944,-0.9514909499520563
4127,-6.4,-5.941082285583443,-0.4589177144165575
4139,-10.0,-9.083332357214653,-0.9166676427853471
4148,-4.0,-5.9652480615808505,1.9652480615808505
4149,-7.7,-7.6698277469566305,-0.03017225304336968
4165,-7.2,-6.376103293725765,-0.8238967062742351
4170,-8.1,-7.758173825611479,-0.3418261743885207
4184,-10.21,-10.09818424218134,-0.11181575781866115
4190,-5.8,-6.049085962746906,0.2490859627469062
4193,-8.7,-8.313930936437911,-0.38606906356208803
4201,-12.7,-12.147751213909528,-0.5522487860904715
4209,-9.4,-8.73473684913201,-0.6652631508679896
4210,-6.7,-6.360656790889897,-0.33934320911010296
4219,-5.8,-6.195483904680989,0.39548390468098926
4220,-6.0,-6.195653078405588,0.19565307840558788
4221,-7.1,-7.780837253632013,0.6808372536320135
4226,-6.2,-5.848110259356389,-0.3518897406436112
4233,-9.342,-9.433769306703574,0.09176930670357386
4238,-10.4,-9.996404320756696,-0.4035956792433044
4245,-10.6,-9.534308336138391,-1.0656916638616085
4253,-6.1,-6.213870693778448,0.11387069377844838
4256,-6.761,-5.918683086196221,-0.8423169138037787
4257,-8.865,-10.466312816407845,1.6013128164078445
4265,-5.9,-5.902740569844893,0.0027405698448923488
4269,-10.3,-10.306272852172619,0.00627285217261786
4271,-7.0,-6.670350166338171,-0.3296498336618292
4273,-11.4,-10.77247722923157,-0.6275227707684312
4281,-8.2,-10.01170232658048,1.8117023265804804
4299,-10.7,-10.296561359527457,-0.4034386404725421
4301,-10.5,-10.10070701116616,-0.39929298883384057
4313,-10.0,-10.360614647268575,0.36061464726857473
4326,-7.0,-8.564170854797919,1.5641708547979185
4329,-8.3,-8.826703674045971,0.5267036740459705
4332,-8.6,-8.231557242035109,-0.3684427579648908
4335,-8.5,-8.7127248429793,0.21272484297930028
4337,-9.0,-9.546531269352325,0.5465312693523252
4339,-11.1,-9.781418730655478,-1.3185812693445218
4341,-8.4,-8.354384166131808,-0.04561583386819201
4342,-8.6,-8.271507087690495,-0.32849291230950506
4344,-9.1,-9.608422620517944,0.5084226205179441
4352,-4.9,-4.218974070768425,-0.6810259292315752
4353,-7.0,-6.430777886757751,-0.5692221132422493
4354,-8.0,-8.539866785406142,0.5398667854061419
4365,-5.6,-5.969125509070802,0.36912550907080277
4366,-7.5,-7.751426387381914,0.2514263873819136
4372,-6.4,-6.005347678099968,-0.39465232190003263
4374,-6.9,-6.584333207801414,-0.31566679219858607
4381,-9.9,-9.3350862545661,-0.5649137454339002
4382,-5.9,-6.054865620640275,0.15486562064027432
4393,-6.0,-5.966161931870805,-0.03383806812919499
4394,-5.5,-5.970327667959754,0.47032766795975434
4395,-10.6,-10.244405192164347,-0.35559480783565256
4397,-10.3,-10.79894628068213,0.4989462806821301
4398,-5.5,-6.922213990105748,1.4222139901057478
4401,-10.0,-9.368514821033035,-0.6314851789669653
4403,-10.1,-10.884364473302767,0.7843644733027677
4404,-10.3,-10.925550968187697,0.6255509681876958
4412,-5.9,-5.969303345864089,0.06930334586408904
4415,-6.5,-6.471025947865865,-0.028974052134135064
4417,-4.4,-6.246584037374933,1.8465840373749325
4418,-7.9,-8.983284526452175,1.083284526452175
4419,-12.17,-10.479319726895012,-1.690680273104988
4420,-11.52,-10.579645433870398,-0.9403545661296011
4421,-5.45,-6.109473859603324,0.6594738596033238
4429,-7.4,-6.804684751162129,-0.5953152488378715
4438,-5.913,-6.021091516419929,0.10809151641992898
4442,-6.737,-6.208320994042854,-0.5286790059571462
4448,-9.424,-9.811316727652443,0.3873167276524434
4449,-5.8,-5.957999113952029,0.15799911395202937
4457,-6.7,-6.069042463828544,-0.6309575361714561
4463,-10.7,-9.74249475225037,-0.95750524774963
4466,-9.9,-9.827134536250806,-0.07286546374919389
4477,-6.341,-6.185606362128594,-0.15539363787140648
4483,-9.8,-10.491840846598826,0.6918408465988257
4504,-5.506,-5.913082822197385,0.4070828221973848
4511,-8.2,-8.456062222143299,0.2560622221432993
4513,-9.804,-9.400309327563106,-0.4036906724368947
4518,-11.48,-10.582889540520393,-0.8971104594796078
4519,-7.5,-8.101051202418148,0.601051202418148
4532,-9.2,-9.558718369371757,0.3587183693717577
4533,-5.8,-5.910374676169761,0.11037467616976127
4536,-9.1,-9.24786459756203,0.1478645975620303
4537,-6.8,-6.471400359088721,-0.32859964091127924
4540,-6.6,-6.548071374170312,-0.051928625829687824
4541,-6.1,-5.977492333604337,-0.1225076663956628
4553,-6.7,-6.483936616319936,-0.21606338368006384
4561,-8.8,-8.427519696872192,-0.37248030312780855
4568,-10.0,-9.033117612403087,-0.9668823875969128
4572,-6.1,-5.992115150533929,-0.10788484946607024
4573,-6.4,-6.058133244880429,-0.34186675511957176
4584,-6.7,-6.520981506559639,-0.17901849344036158
4597,-9.435,-9.726398216071773,0.29139821607177296
4598,-6.6,-6.113827160005593,-0.4861728399944063
4604,-8.8,-9.031280275516469,0.23128027551646824
4605,-6.2,-6.273801789002595,0.07380178900259526
4606,-8.2,-8.789274496985394,0.5892744969853947
4608,-8.9,-9.290747658635167,0.39074765863516703
4609,-7.0,-6.1108924574337475,-0.8891075425662525
4610,-10.5,-9.94489395123785,-0.5551060487621502
4618,-9.1,-9.555658444389431,0.4556584443894316
4619,-6.309,-5.832493325262394,-0.4765066747376059
4622,-6.0,-6.1557802626920175,0.1557802626920175
4625,-6.2,-6.005766351088013,-0.1942336489119869
4634,-10.3,-9.008621376324252,-1.2913786236757492
4639,-9.5,-10.690267409680706,1.1902674096807058
4665,-5.7,-6.517355123586923,0.817355123586923
4671,-5.5,-5.97538238283045,0.47538238283044976
4674,-9.3,-9.386474121577022,0.08647412157702128
4676,-5.9,-6.046822303029964,0.14682230302996402
4679,-4.6,-6.32231729890622,1.72231729890622
4680,-6.1,-6.32185787241378,0.2218578724137803
4684,-6.3,-5.805313335844747,-0.4946866641552532
4685,-6.5,-7.1802447507525855,0.6802447507525855
4687,-6.8,-6.563442404764178,-0.23655759523582187
4688,-6.2,-5.9755545965105625,-0.22444540348943764
4696,-5.0,-5.9044458015741945,0.9044458015741945
4705,-10.1,-9.593297670627098,-0.5067023293729012
4706,-6.2,-6.442548893022182,0.24254889302218174
4708,-7.1,-6.4604490380826345,-0.6395509619173652
4710,-5.9,-7.928057592348379,2.028057592348379
4715,-6.7,-6.702974114707633,0.002974114707632758
4716,-5.8,-6.19364856114043,0.3936485611404299
4720,-4.815,-6.000843506065539,1.185843506065539
4721,-6.7,-6.624127399300305,-0.07587260069969481
4722,-5.7,-6.094969443315298,0.39496944331529793
4724,-9.8,-9.62384832643054,-0.1761516735694606
4740,-9.2,-8.821865303001633,-0.3781346969983659
4754,-10.0,-9.381494527137898,-0.6185054728621022
4766,-5.9,-6.258742921965535,0.3587429219655345
4770,-6.094,-6.225235511220964,0.13123551122096355
4772,-6.3,-6.192353692179111,-0.10764630782088869
4779,-7.4,-6.522671639101346,-0.8773283608986544
4782,-6.7,-6.0861005843864655,-0.6138994156135347
4786,-7.0,-6.0628914203559905,-0.9371085796440095
4791,-10.2,-10.21341083600066,0.013410836000661064
4792,-10.6,-9.905686066317035,-0.6943139336829649
4807,-9.8,-10.383052410899356,0.5830524108993558
4808,-8.3,-8.542890162885227,0.24289016288522625
4810,-9.9,-9.302384733095927,-0.5976152669040733
4812,-8.5,-9.200382565646311,0.7003825656463114
4816,-5.254,-5.985160391968998,0.7311603919689986
4822,-6.1,-6.162636807980425,0.06263680798042515
4825,-9.2,-9.074460234578225,-0.1255397654217738
4829,-8.7,-8.52918468573532,-0.17081531426467933
4832,-6.335,-5.903565924466261,-0.4314340755337387
4836,-6.9,-5.841560773496315,-1.058439226503685
4838,-7.4,-6.607737914845639,-0.7922620851543609
4847,-3.9,-1.775882919657409,-2.124117080342591
4850,-13.1,-10.360632847041263,-2.739367152958737
4851,-6.9,-6.365409201606472,-0.5345907983935287
4860,-6.6,-5.910065346618773,-0.6899346533812265
4864,-9.3,-9.742928866266073,0.4429288662660724
4867,-5.1,-4.394823168615717,-0.705176831384283
4868,-10.2,-9.066923667025092,-1.1330763329749072
4870,-7.9,-7.976648495146616,0.07664849514661576
4871,-6.768,-5.776277973907772,-0.9917220260922281
4879,-6.0,-6.018293723892445,0.018293723892445435
4880,-8.1,-7.86640448077307,-0.23359551922692923
4890,-6.0,-6.364215407125977,0.3642154071259771
4894,-9.0,-10.5471591383965,1.5471591383965002
4896,-5.7,-6.704604273453407,1.004604273453407
4898,-9.4,-8.157749608386588,-1.2422503916134122
4899,-8.663,-9.184212282090138,0.5212122820901381
4901,-8.314,-9.17305576417774,0.8590557641777394
4907,-10.9,-10.110099500876249,-0.7899004991237515
4918,-6.2,-5.7283698813426,-0.47163011865740057
4919,-5.7,-5.72838622183986,0.028386221839859616
4949,-5.6,-6.121815658544033,0.5218156585440337
4955,-10.2,-9.478783162236393,-0.7212168377636061
4959,-5.6,-5.827441479520722,0.22744147952072247
4969,-7.865,-9.104277928925997,1.239277928925997
4972,-5.4,-6.168920073487201,0.7689200734872008
4978,-9.9,-10.218508381430812,0.31850838143081184
5003,-9.3,-9.293070610395446,-0.006929389604554359
5006,-8.8,-9.137466061698765,0.33746606169876436
5009,-8.8,-9.36739566998838,0.5673956699883789
5011,-9.5,-9.04064187242375,-0.45935812757624994
5015,-9.1,-9.281568735484479,0.18156873548447905
5019,-9.9,-9.42310109756953,-0.4768989024304702
5027,-7.9,-7.767659137557367,-0.132340862442633
5028,-11.8,-11.240257930168035,-0.559742069831966
5030,-9.2,-9.344932703307428,0.14493270330742902
5034,-8.241,-7.942776286629485,-0.2982237133705148
5035,-7.7,-7.9108636463566055,0.21086364635660537
5046,-6.8,-7.215440910943691,0.4154409109436914
5049,-5.8,-6.844850145204358,1.0448501452043581
5050,-7.3,-6.905402684595578,-0.3945973154044218
5058,-6.9,-7.176362451314308,0.2763624513143075
5062,-8.2,-7.379951547132033,-0.8200484528679661
5064,-10.0,-9.532532089504963,-0.4674679104950368
5066,-10.1,-9.48233502915701,-0.6176649708429895
5071,-6.8,-6.713182455431676,-0.08681754456832369
5079,-6.7,-6.840834018565198,0.14083401856519817
5081,-6.9,-6.522440663408258,-0.3775593365917427
5082,-8.8,-8.955689600006949,0.15568960000694787
5090,-6.6,-6.538002249613062,-0.061997750386937334
5092,-10.5,-11.013980409106656,0.5139804091066562
5094,-8.9,-7.914392261941083,-0.985607738058917
5099,-9.7,-9.903762866985636,0.2037628669856364
5135,-8.2,-7.824358131511131,-0.37564186848886827
5138,-9.974,-9.384546466899241,-0.5894535331007589
5143,-12.1,-10.176036589071256,-1.923963410928744
5144,-9.8,-10.15089945813735,0.3508994581373486
5145,-8.7,-9.002998092565761,0.3029980925657618
5151,-10.7,-10.112495261707151,-0.5875047382928482
5153,-8.8,-9.300511365702883,0.5005113657028826
5155,-9.0,-9.88888481567024,0.8888848156702398
5156,-9.79,-9.942178903761281,0.15217890376128196
5170,-7.7,-8.042944879689971,0.3429448796899708
5174,-10.9,-10.19005675983567,-0.7099432401643302
5186,-11.6,-11.298923894756136,-0.3010761052438635
5193,-9.2,-9.657484104603444,0.457484104603445
5194,-8.9,-9.899424337912333,0.9994243379123322
5196,-8.5,-8.943088236348324,0.4430882363483235
5198,-9.306,-8.563011892800693,-0.7429881071993059
5202,-8.5,-9.32852087361471,0.8285208736147105
5204,-12.0,-11.091182488577005,-0.9088175114229955
5206,-9.7,-9.150969149873386,-0.5490308501266128
5210,-10.2,-10.225484589607747,0.02548458960774802
5224,-9.6,-9.483566668222023,-0.11643333177797643
5225,-8.8,-8.608332657389106,-0.19166734261089502
5239,-7.9,-9.617746270966785,1.717746270966785
5245,-9.7,-9.515304374522392,-0.1846956254776071
5250,-10.0,-9.70262256575872,-0.29737743424128027
5259,-9.476,-9.986605566202265,0.5106055662022637
5262,-9.7,-9.890145901708149,0.19014590170814927
5264,-7.8,-8.507562791149102,0.707562791149102
5273,-12.0,-9.909697286608598,-2.0903027133914023
5277,-9.0,-9.37564876203416,0.3756487620341602
5286,-9.6,-10.226786956268652,0.6267869562686528
5294,-9.4,-8.752877600162801,-0.6471223998371993
5297,-7.9,-7.364153437101509,-0.5358465628984916
5298,-10.2,-9.244239123322217,-0.9557608766777825
5302,-9.0,-9.817985063565237,0.8179850635652368
5306,-8.9,-8.98568091435191,0.08568091435190972
5312,-12.1,-10.989894410738266,-1.1101055892617335
5323,-10.0,-9.871768684751089,-0.12823131524891096
5331,-8.0,-9.111867083488658,1.111867083488658
5335,-9.0,-8.185695563172189,-0.8143044368278112
5337,-8.7,-9.962356137937517,1.2623561379375179
5344,-10.6,-11.043580725257316,0.4435807252573163
5354,-9.2,-9.042722088213543,-0.15727791178645667
5357,-9.8,-10.29040195650866,0.49040195650865925
5358,-5.3,-4.606837467090937,-0.6931625329090627
5360,-7.8,-7.959356103568378,0.1593561035683786
5361,-8.7,-10.425137525328898,1.7251375253288987
5362,-8.8,-9.097408204618814,0.29740820461881334
5363,-9.53,-8.833151670129716,-0.6968483298702832
5365,-9.4,-10.406551011068583,1.0065510110685825
5369,-8.3,-8.656898741475631,0.3568987414756304
5371,-7.2,-8.083749638217798,0.8837496382177976
5377,-12.0,-11.608355956060224,-0.3916440439397757
5379,-10.58,-10.223163711843235,-0.3568362881567655
5381,-11.3,-10.90072815419083,-0.39927184580917086
5382,-8.9,-7.902505335757361,-0.9974946642426392
5386,-7.9,-7.247198787305616,-0.6528012126943841
5391,-9.6,-9.735423702605035,0.1354237026050349
5397,-7.3,-6.916110415183991,-0.3838895848160089
5398,-7.2,-6.907413926189357,-0.29258607381064294
5403,-5.4,-5.718389354054502,0.31838935405450197
5414,-9.8,-9.317433186378281,-0.4825668136217196
5421,-10.2,-10.055735338020847,-0.1442646619791521
5426,-9.6,-8.755525525797982,-0.844474474202018
5438,-11.2,-9.736532486472663,-1.4634675135273358
5440,-10.7,-10.035458587912922,-0.6645414120870772
5441,-10.7,-9.90113611757133,-0.7988638824286696
5452,-7.3,-7.880466450991157,0.5804664509911568
5477,-7.6,-8.08661267090774,0.48661267090774096
5478,-8.5,-7.867095191728794,-0.6329048082712063
5479,-7.943,-9.59356737471787,1.6505673747178697
5492,-10.7,-9.672474361216887,-1.0275256387831124
5493,-7.3,-8.372780828275875,1.0727808282758753
5502,-6.6,-7.728112248054151,1.1281122480541512
5503,-7.6,-8.267239783289138,0.6672397832891388
5508,-10.3,-10.56208100466091,0.2620810046609101
5511,-9.6,-8.978048246387639,-0.6219517536123611
5521,-7.8,-7.628640315297048,-0.17135968470295193
5527,-9.565,-9.767406249452767,0.20240624945276764
5532,-11.3,-10.316282057535524,-0.9837179424644766
5544,-9.6,-9.269534739409862,-0.33046526059013814
5545,-7.6,-7.453473968185559,-0.14652603181444057
5549,-8.1,-8.354483379241051,0.25448337924105147
5551,-8.7,-9.254668171067319,0.5546681710673198
5566,-9.8,-9.584133669147546,-0.21586633085245488
5572,-7.3,-7.0970221428001015,-0.20297785719989836
5577,-9.6,-9.629740782730766,0.029740782730765858
5580,-8.4,-8.848383588035977,0.448383588035977
5582,-5.7,-5.666050596801307,-0.033949403198692885
5583,-10.8,-10.10952678606967,-0.6904732139303302
5597,-8.7,-8.183520286814188,-0.5164797131858112
5598,-9.4,-9.733073673950742,0.33307367395074117
5613,-10.0,-9.208034441684163,-0.7919655583158374
5615,-9.5,-9.16590074021424,-0.3340992597857593
5616,-9.6,-9.098785852025108,-0.5012141479748919
5620,-5.8,-5.561097383992559,-0.238902616007441
5632,-10.8,-9.521490396652744,-1.2785096033472563
5635,-6.853,-6.286401626138182,-0.5665983738618179
5638,-8.1,-8.292874928846363,0.19287492884636315
5643,-6.3,-6.758778211745094,0.45877821174509403
5651,-7.4,-8.200521866998615,0.8005218669986149
5652,-9.4,-10.17043767471321,0.7704376747132091
5663,-9.6,-9.874223258185474,0.274223258185474
5676,-7.8,-8.055154825344088,0.2551548253440883
5678,-10.3,-10.767901915804543,0.46790191580454277
5680,-11.2,-10.698655564729375,-0.5013444352706244
5682,-10.3,-9.83619462205582,-0.46380537794418153
5683,-7.7,-7.885418376794299,0.18541837679429918
5684,-9.1,-9.34682008818835,0.24682008818835044
5689,-8.1,-8.886164661131632,0.7861646611316324
5692,-7.4,-6.977598357618842,-0.42240164238115874
5700,-8.7,-8.186846526597426,-0.5131534734025731
5701,-9.6,-9.317879076926486,-0.28212092307351355
5703,-8.4,-8.711776347212526,0.31177634721252545
5706,-7.5,-8.084895542269438,0.5848955422694377
5707,-7.8,-8.121942160444618,0.32194216044461843
5712,-10.5,-10.125559304366922,-0.37444069563307814
5714,-6.3,-5.446359626481491,-0.853640373518509
5727,-9.384,-9.039441156557807,-0.34455884344219356
5728,-10.0,-9.316785462435368,-0.6832145375646324
5729,-10.4,-10.67954103967449,0.2795410396744895
5733,-7.5,-8.284886837838824,0.7848868378388243
5740,-9.8,-9.538367390396612,-0.26163260960338874
5743,-11.2,-10.44953698449244,-0.7504630155075596
5747,-9.1,-8.987110627276213,-0.11288937272378696
5748,-9.9,-9.357657478138355,-0.5423425218616451
5751,-8.3,-9.549852230883477,1.2498522308834765
5756,-9.6,-9.645498339461717,0.04549833946171766
5761,-8.5,-8.37951563605672,-0.12048436394328021
5762,-5.3,-4.47756911052735,-0.82243088947265
5763,-8.3,-7.780619418808154,-0.5193805811918466
5764,-10.14,-9.714213921969089,-0.42578607803091195
5766,-6.999,-6.944035349783956,-0.05496465021604369
5767,-7.311,-7.407002565152045,0.09600256515204464
5775,-8.8,-8.982813846667554,0.1828138466675533
5786,-8.8,-9.314119773079634,0.5141197730796332
5790,-9.816,-9.616606019437828,-0.1993939805621725
5798,-9.021,-9.64452206447941,0.6235220644794097
5799,-6.2,-7.123945235258969,0.9239452352589685
5803,-8.0,-8.35035631289415,0.35035631289414937
5804,-10.2,-9.149115876457264,-1.050884123542735
5816,-5.9,-6.101974256608829,0.20197425660882828
5820,-8.5,-8.069135197678815,-0.4308648023211852
5822,-9.8,-9.56294520198435,-0.23705479801565055
5829,-7.5,-7.913604570659918,0.41360457065991785
5830,-9.87,-9.504598120821383,-0.36540187917861644
5833,-9.086,-10.161252717025924,1.0752527170259238
5835,-10.8,-10.454025452253907,-0.3459745477460938
5840,-10.2,-10.0586587020712,-0.14134129792879868
5848,-6.9,-7.441967452597414,0.5419674525974134
5851,-9.0,-8.373669616650934,-0.6263303833490657
5852,-7.8,-7.733224519677392,-0.06677548032260816
5853,-9.6,-9.659771551914467,0.05977155191446748
5856,-8.3,-9.141188523726981,0.8411885237269807
5858,-7.2,-7.844160474857384,0.6441604748573839
5859,-7.9,-8.84040854658308,0.9404085465830789
5860,-8.9,-9.18770421520743,0.2877042152074303
5872,-7.7,-8.351841308700825,0.651841308700825
5882,-11.3,-10.827591511356609,-0.47240848864339213
5903,-8.8,-8.854592469482121,0.054592469482120265
5905,-7.1,-7.950496182777799,0.8504961827777997
5908,-9.7,-10.670655666838131,0.9706556668381321
5910,-7.668,-8.637492190901558,0.9694921909015575
5912,-11.7,-10.322973174216607,-1.3770268257833926
5914,-10.9,-10.72401752452653,-0.1759824754734698
5920,-8.0,-7.589920145040323,-0.4100798549596769
5928,-9.3,-8.66971855413086,-0.6302814458691408
5931,-8.5,-8.811803193553693,0.31180319355369335
5940,-12.1,-10.537097417798735,-1.5629025822012643
5943,-7.7,-7.558007767002593,-0.14199223299740726
5948,-9.3,-9.761896146285759,0.46189614628575804
5950,-10.02,-9.659777412275684,-0.3602225877243157
5955,-9.2,-9.518615395827421,0.3186153958274218
5957,-9.9,-9.477795069585547,-0.4222049304144537
5961,-7.9,-8.038156735176432,0.13815673517643212
5963,-8.4,-7.303878235692023,-1.096121764307977
5968,-6.6,-7.177725076895276,0.577725076895276
5974,-9.0,-9.400861920082773,0.40086192008277344
5979,-9.8,-10.065053765249054,0.26505376524905344
5980,-7.865,-8.37549321191035,0.5104932119103491
5981,-5.8,-6.474890853621322,0.6748908536213225
5982,-7.8,-8.27844747057744,0.4784474705774402
5987,-10.7,-10.253409991069802,-0.4465900089301975
6001,-10.1,-9.172739579812296,-0.9272604201877037
6004,-8.9,-9.849573670572518,0.9495736705725175
6010,-7.5,-7.581318284320703,0.08131828432070343
6011,-7.2,-7.804724441405014,0.6047244414050139
6014,-10.39,-10.277646266464597,-0.11235373353540368
6021,-7.9,-8.645375614581651,0.7453756145816506
6022,-6.6,-7.384750152431815,0.7847501524318155
6030,-8.0,-8.534670510632193,0.5346705106321927
6032,-9.8,-10.078189498529241,0.27818949852924035
6037,-10.27,-10.336649388320055,0.06664938832005518
6044,-7.5,-7.867930296378065,0.3679302963780646
6054,-5.9,-6.435030079045484,0.5350300790454838
6062,-10.4,-10.103794780413441,-0.2962052195865592
6069,-8.4,-9.715374251108754,1.3153742511087536
6076,-9.1,-9.135017513542767,0.035017513542767276
6077,-10.0,-9.60854460632498,-0.39145539367502025
6080,-6.248,-6.293888139231683,0.04588813923168278
6081,-8.1,-8.92638015677782,0.8263801567778195
6084,-10.8,-10.494522545851671,-0.3054774541483294
6106,-9.9,-9.529700073776226,-0.3702999262237743
6107,-7.4,-8.1898559190287,0.7898559190286996
6109,-6.9,-7.257616247342181,0.35761624734218067
6110,-9.5,-8.952708509638796,-0.5472914903612036
6114,-8.9,-8.63748990004103,-0.2625100999589698
6117,-8.2,-8.43517417621331,0.23517417621331127
6118,-9.364,-9.336651366343476,-0.027348633656524513
6119,-8.7,-8.303001162824222,-0.39699883717577755
6123,-8.5,-8.73760193018489,0.23760193018489062
6125,-9.122,-9.234693970648664,0.11269397064866382
6135,-10.2,-9.875646480057245,-0.3243535199427541
6137,-9.1,-8.542145552943314,-0.5578544470566857
6141,-13.5,-12.005801607442844,-1.4941983925571556
6145,-10.5,-10.35452395072784,-0.14547604927216007
6147,-5.028,-5.058580578561894,0.030580578561894
6152,-9.9,-9.321627965099069,-0.5783720349009318
6153,-10.3,-9.532266787237658,-0.7677332127623426
6157,-8.3,-8.19115649546394,-0.10884350453606118
6162,-9.5,-9.17055420305768,-0.3294457969423199
6169,-6.8,-7.4655325902858625,0.6655325902858626
6178,-9.0,-8.782551186932835,-0.2174488130671648
6189,-8.333,-8.568156971216277,0.2351569712162771
6201,-8.752,-8.645120274395676,-0.10687972560432435
6213,-8.8,-8.821739275300224,0.02173927530022368
6216,-9.5,-10.018466478446646,0.518466478446646
6220,-9.169,-9.524489588296126,0.3554895882961251
6221,-7.9,-7.848047781971072,-0.05195221802892824
6225,-9.9,-9.783263267516418,-0.11673673248358263
6227,-8.359,-8.743889127847423,0.3848891278474227
6237,-8.0,-8.416814812828319,0.4168148128283189
6243,-9.4,-8.96881178721193,-0.4311882127880704
6249,-8.1,-7.972243429408627,-0.12775657059137302
6252,-7.008,-7.724193669755827,0.7161936697558273
6253,-7.7,-8.284085832776345,0.5840858327763447
6258,-10.5,-10.02662808699507,-0.47337191300493053
6270,-6.9,-7.24293889494981,0.34293889494980956
6277,-9.5,-9.010745065435065,-0.48925493456493463
6282,-7.8,-8.376814938880143,0.5768149388801431
6290,-10.7,-11.424810692991192,0.724810692991193
6291,-9.9,-9.673782097407694,-0.22621790259230679
6301,-10.5,-9.959341774939906,-0.5406582250600938
6311,-8.5,-8.42529400653817,-0.07470599346182993
6319,-8.4,-8.607266138506086,0.20726613850608544
6326,-9.7,-10.509330712698443,0.8093307126984435
6330,-12.3,-11.123318093907425,-1.1766819060925755
6343,-8.0,-8.388508206466007,0.3885082064660068
6346,-8.7,-8.593265028656164,-0.10673497134383503
6348,-10.2,-10.082078797337113,-0.11792120266288642
6355,-11.2,-10.288597523210093,-0.911402476789906
6357,-8.5,-8.638050227998896,0.138050227998896
6369,-6.5,-6.7986056126044865,0.2986056126044865
6372,-6.0,-5.230416459534776,-0.7695835404652236
6375,-7.7,-8.036283012601434,0.33628301260143356
6377,-9.1,-9.465104770094358,0.3651047700943586
6385,-4.6,-4.105262017342628,-0.49473798265737123
6387,-7.1,-8.665567865871486,1.5655678658714862
6389,-10.0,-10.02284446164413,0.02284446164413012
6391,-8.6,-9.178246856075202,0.5782468560752019
6392,-10.7,-10.200980773588068,-0.4990192264119315
6395,-13.4,-12.112220088000587,-1.2877799119994133
6400,-9.2,-9.38919882898907,0.18919882898907048
6403,-8.2,-8.505670106787516,0.3056701067875167
6408,-9.2,-9.40222252674007,0.20222252674007102
6412,-9.6,-9.59259703003984,-0.007402969960159211
6414,-5.9,-6.400910525510158,0.5009105255101574
6425,-11.1,-10.70178034764751,-0.39821965235248946
6429,-11.2,-9.65327583384932,-1.54672416615068
6433,-10.0,-9.921541191530212,-0.07845880846978837
6434,-9.4,-9.469685356970711,0.06968535697071054
6435,-7.5,-7.399445824444605,-0.10055417555539492
6436,-5.9,-5.095717441961362,-0.8042825580386381
6443,-9.8,-9.930434180625415,0.13043418062541434
6444,-8.6,-8.353580398184086,-0.24641960181591394
6449,-9.8,-9.95473087524277,0.15473087524276963
6455,-6.6,-7.467398795908837,0.8673987959088372
6458,-7.4,-7.906828614011684,0.5068286140116838
6459,-8.6,-8.844686924389043,0.24468692438904327
6463,-11.9,-11.195118128639745,-0.7048818713602554
6466,-4.5,-3.5885868413507156,-0.9114131586492844
6475,-6.7,-6.723402666430314,0.023402666430313523
6489,-8.9,-10.094126819451096,1.194126819451096
6492,-9.7,-9.569934377872762,-0.13006562212723694
6499,-10.3,-10.632411608726045,0.33241160872604425
6505,-10.6,-10.15742945877684,-0.4425705412231604
6508,-6.1,-5.9683610036831585,-0.13163899631684117
6510,-11.48,-11.06706436917505,-0.41293563082495055
6517,-10.9,-10.381607498867863,-0.5183925011321371
6520,-6.4,-7.7077588005227815,1.3077588005227812
6521,-8.5,-8.036743493027824,-0.4632565069721757
6531,-8.5,-10.366425628586438,1.8664256285864376
6545,-4.7,-4.465530817984665,-0.23446918201533506
6553,-8.7,-9.037107207752229,0.33710720775222924
6556,-10.8,-10.7232246538932,-0.07677534610680148
6561,-8.8,-9.493391628861747,0.6933916288617468
6567,-9.4,-9.20157341581229,-0.19842658418771109
6572,-5.2,-6.536943737931913,1.3369437379319127
6577,-11.51,-11.295608102836525,-0.21439189716347506
6578,-11.1,-11.21193118198403,0.11193118198402985
6584,-6.8,-7.730903447070659,0.9309034470706594
6594,-7.3,-7.597750291509422,0.29775029150942256
6595,-9.0,-7.843187115611724,-1.156812884388276
6601,-7.4,-8.40175439702116,1.001754397021159
6606,-8.861,-9.161674876774072,0.300674876774071
6613,-8.7,-9.413542556378461,0.7135425563784619
6615,-9.6,-9.162716285957481,-0.4372837140425183
6621,-7.8,-7.407684876494631,-0.39231512350536857
6622,-9.8,-9.684892947465256,-0.11510705253474462
6624,-9.0,-8.909168692335237,-0.09083130766476266
6631,-9.2,-9.58795271107537,0.3879527110753713
6657,-8.2,-7.752089680408156,-0.447910319591843
6658,-9.2,-11.154026726324417,1.9540267263244182
6660,-8.8,-9.418150066033338,0.618150066033337
6663,-10.4,-9.45838162937424,-0.9416183706257595
6669,-7.1,-7.061541466443366,-0.03845853355663387
6670,-5.7,-6.664419734329507,0.9644197343295069
6676,-8.1,-8.484439137259686,0.3844391372596867
6682,-6.9,-6.957221418307684,0.05722141830768379
6699,-9.1,-8.95644448281431,-0.14355551718568904
6705,-12.9,-12.107010625623191,-0.792989374376809
6711,-9.5,-9.454967053152972,-0.0450329468470283
6713,-7.7,-7.696090732468381,-0.003909267531619243
6715,-8.5,-8.67640943537689,0.1764094353768897
6717,-7.8,-7.433342176899433,-0.3666578231005664
6724,-5.6,-5.593924665029775,-0.006075334970224944
6729,-8.0,-8.894915137579831,0.8949151375798312
6733,-6.9,-8.003732803396103,1.1037328033961025
6734,-7.6,-8.581578166735463,0.9815781667354635
6740,-7.9,-8.668158355509197,0.7681583555091969
6742,-9.7,-9.006024275769574,-0.693975724230425
6750,-10.9,-10.898700617001552,-0.0012993829984484506
6753,-9.951,-10.288817606699624,0.33781760669962324
6754,-8.1,-8.749757360453037,0.6497573604530373
6755,-8.8,-9.510665448377573,0.7106654483775721
6758,-7.8,-8.15464146405413,0.3546414640541302
6759,-10.0,-9.275780548391461,-0.7242194516085387
6760,-11.2,-11.463216705281958,0.26321670528195895
6762,-9.5,-8.754694883452563,-0.7453051165474367
6765,-8.3,-8.597077045771295,0.2970770457712941
6768,-6.0,-9.249714804796987,3.2497148047969873
6769,-8.5,-9.422145936034838,0.9221459360348376
6774,-8.2,-8.426693163713498,0.2266931637134988
6778,-7.9,-8.522601665458694,0.6226016654586939
6779,-8.177,-9.275196683887716,1.098196683887716
6790,-8.7,-9.214194265546924,0.5141942655469247
6803,-8.5,-9.333787854049014,0.8337878540490138
6804,-6.8,-7.255090470726682,0.45509047072668185
6805,-6.9,-7.283165708559574,0.38316570855957366
6814,-10.5,-10.001182872363817,-0.49881712763618324
6821,-9.0,-9.239883887894923,0.23988388789492276
6824,-8.6,-9.253281648348842,0.6532816483488428
6826,-8.6,-9.230992430963049,0.6309924309630492
6827,-8.3,-8.094094354673599,-0.20590564532640165
6829,-5.5,-6.766133191932578,1.2661331919325782
6838,-8.7,-9.362523405401282,0.6625234054012825
6839,-9.1,-8.259856721017997,-0.8401432789820031
6840,-11.8,-10.929848223700127,-0.8701517762998741
6843,-7.2,-7.195812877231384,-0.004187122768616547
6845,-11.4,-11.018681187465518,-0.38131881253448263
6848,-9.3,-8.180731754912161,-1.1192682450878397
6856,-9.2,-9.701864697457045,0.5018646974570462
6860,-9.6,-9.543181410937864,-0.05681858906213577
6861,-8.6,-8.021498121224806,-0.5785018787751941
6870,-8.4,-8.536262942383518,0.13626294238351733
6875,-9.8,-9.225193679141137,-0.5748063208588636
6876,-9.2,-9.711703901001535,0.5117039010015354
6885,-10.2,-10.390678555308895,0.19067855530889588
6903,-9.5,-8.535047190735108,-0.9649528092648918
6906,-6.9,-7.796686104611011,0.8966861046110104
6908,-9.464,-10.325937464728822,0.8619374647288218
6912,-11.5,-10.844166584160176,-0.6558334158398242
6914,-9.1,-8.555640159330402,-0.544359840669598
6916,-9.7,-8.704124543580443,-0.9958754564195562
6926,-7.2,-6.965942141545634,-0.23405785845436622
6930,-11.42,-10.181276535695188,-1.2387234643048117
6931,-8.7,-9.198737984456248,0.4987379844562483
6933,-8.7,-9.418857514393268,0.7188575143932692
6934,-9.3,-9.222298013329517,-0.07770198667048334
6948,-10.5,-9.544270885636154,-0.9557291143638462
6950,-10.1,-9.78456903975509,-0.31543096024491035
6951,-9.7,-9.661682804769164,-0.03831719523083521
6955,-12.1,-11.643741406486425,-0.45625859351357434
6957,-5.3,-5.110687292373401,-0.18931270762659924
6962,-6.7,-6.962942953411432,0.26294295341143226
6964,-9.1,-10.159212198009108,1.0592121980091083
6982,-8.5,-8.305327711373062,-0.19467228862693808
6984,-10.5,-10.389913614784055,-0.11008638521594527
6987,-7.5,-6.955577896226985,-0.544422103773015
6994,-11.0,-9.94181149624563,-1.0581885037543692
6997,-8.2,-8.571248042417244,0.3712480424172444
7012,-7.297,-7.263924981837994,-0.03307501816200542
7013,-10.0,-10.15319989185944,0.15319989185944038
7017,-7.0,-6.774176547668597,-0.22582345233140266
7018,-8.1,-7.850480937483741,-0.24951906251625822
7021,-7.7,-7.811940362466342,0.11194036246634198
7023,-11.2,-10.767830455696991,-0.432169544303008
7028,-9.6,-9.681425752606543,0.08142575260654361
7036,-6.6,-6.719743504745793,0.11974350474579332
7040,-7.9,-8.482389872037828,0.5823898720378278
7047,-11.0,-10.640013159385378,-0.3599868406146225
7049,-5.4,-5.690458281187013,0.29045828118701245
7050,-9.2,-8.81503723060422,-0.3849627693957789
7066,-11.4,-10.672313452629991,-0.7276865473700092
7067,-6.8,-6.772531980050842,-0.027468019949157707
7070,-10.6,-9.30861914986755,-1.29138085013245
7076,-11.2,-10.669193168297525,-0.5308068317024741
7077,-8.8,-10.522327303482486,1.7223273034824853
7082,-8.1,-7.991748125645131,-0.1082518743548686
7093,-10.9,-9.867476881679467,-1.0325231183205332
7104,-9.4,-9.75633790939236,0.35633790939236043
7107,-7.2,-7.9240259159940525,0.7240259159940523
7111,-7.3,-6.7803823780648305,-0.5196176219351694
7113,-9.5,-9.83638542525885,0.3363854252588503
7118,-5.2,-5.361874955292455,0.161874955292455
7120,-8.6,-8.721504097643395,0.12150409764339543
7143,-8.8,-10.363662522541293,1.5636625225412928
7169,-10.5,-9.819184339934232,-0.6808156600657682
7173,-9.3,-9.1599337657921,-0.1400662342079002
7194,-9.446,-9.201453578510291,-0.24454642148970862
7197,-6.9,-7.6738855819377605,0.7738855819377601
7202,-8.718,-9.852630042982714,1.1346300429827139
7211,-10.2,-9.656968425028975,-0.5430315749710246
7212,-8.9,-8.541076002188289,-0.35892399781171136
7216,-11.1,-11.099110981965923,-0.000889018034076372
7220,-11.3,-10.935633588512157,-0.3643664114878433
7228,-4.5,-4.61339277333866,0.11339277333865994
7229,-9.4,-9.488449797571922,0.08844979757192206
7231,-11.1,-10.525310470892691,-0.5746895291073084
7251,-8.2,-8.115611978774998,-0.084388021225001
7255,-5.0,-5.087406887106466,0.08740688710646616
7260,-9.0,-8.907799151353911,-0.09220084864608857
7273,-11.68,-11.15577672862604,-0.524223271373959
7276,-8.2,-7.7882622115267734,-0.41173778847322584
7277,-8.0,-8.538409881549782,0.5384098815497822
7278,-10.9,-10.75705435008983,-0.1429456499101711
7279,-6.3,-6.255796893543721,-0.044203106456278896
7284,-9.3,-9.397570229071352,0.09757022907135138
7286,-9.4,-10.342905627913161,0.9429056279131611
7289,-9.4,-9.89598364027662,0.49598364027662
7297,-10.0,-9.416091109842156,-0.5839088901578435
7309,-6.5,-6.534521771224069,0.0345217712240693
7317,-7.6,-8.848265340831976,1.248265340831976
7324,-10.4,-10.101500321877323,-0.29849967812267764
7328,-8.7,-8.94645025460004,0.24645025460004
7337,-8.9,-9.375124873180955,0.4751248731809543
7342,-6.6,-8.074499660796109,1.4744996607961092
7346,-8.6,-8.63637509089324,0.03637509089324098
7348,-11.9,-11.142847227524145,-0.7571527724758553
7367,-10.0,-9.53547008635664,-0.4645299136433607
7370,-8.5,-8.89903664715743,0.3990366471574305
7383,-10.1,-9.833350413483446,-0.2666495865165537
7386,-9.2,-9.247607239767314,0.047607239767314624
7387,-9.4,-8.560799819328187,-0.8392001806718135
7388,-9.5,-9.862638305848959,0.36263830584895906
7411,-11.8,-10.202483503718,-1.597516496282001
7422,-8.2,-8.93212693518326,0.7321269351832616
7428,-8.8,-9.2243652509316,0.42436525093159894
7438,-8.6,-8.695305381849618,0.09530538184961834
7440,-6.0,-7.0033491855820635,1.0033491855820635
7441,-8.9,-8.712137008507293,-0.18786299149270747
7442,-12.3,-11.354891148840194,-0.9451088511598069
7443,-8.9,-9.576551304844568,0.6765513048445673
7444,-10.1,-9.459160834854584,-0.6408391651454153
7454,-9.4,-9.726437157756164,0.326437157756164
7458,-10.2,-10.044925652183823,-0.15507434781617668
7464,-8.8,-9.21719465645842,0.4171946564584186
7471,-8.516,-8.496697168513936,-0.01930283148606371
7472,-11.3,-10.691690778021156,-0.6083092219788444
7474,-9.2,-8.418102330327857,-0.7818976696721425
7481,-8.6,-8.486784802687419,-0.11321519731258078
7487,-7.4,-7.552274119218135,0.15227411921813427
7495,-6.1,-6.486336183730707,0.3863361837307071
7499,-9.9,-9.857300228031281,-0.04269977196871899
7501,-8.5,-10.109925243663763,1.6099252436637634
7502,-11.04,-10.76849071245782,-0.2715092875421785
7507,-8.3,-7.634617228413176,-0.6653827715868248
7514,-10.96,-11.013472491431708,0.05347249143170707
7515,-10.2,-9.489633921616194,-0.7103660783838048
7516,-9.5,-9.511340245310157,0.01134024531015676
7522,-7.7,-8.67434100690363,0.9743410069036296
7523,-9.8,-9.401350920276236,-0.3986490797237643
7525,-11.53,-10.542262997716751,-0.9877370022832483
7529,-12.03,-11.730264484672885,-0.2997355153271144
7532,-9.6,-9.485229184014958,-0.11477081598504135
7536,-8.082,-9.620086155187362,1.5380861551873615
7538,-10.9,-10.771696852051152,-0.12830314794884856
7542,-6.9,-7.051151929479833,0.15115192947983225
7556,-9.4,-9.40247822776906,0.0024782277690604815
7563,-9.3,-9.852357932760112,0.5523579327601116
7566,-10.6,-10.823014439791121,0.2230144397911218
7579,-8.7,-8.968777254017224,0.2687772540172251
7581,-9.7,-9.714075468999633,0.014075468999633856
7582,-9.5,-9.88444063214248,0.38444063214248025
7588,-8.4,-8.050685402485124,-0.34931459751487637
7589,-9.8,-9.59534362413204,-0.2046563758679607
7591,-9.1,-10.282877273096279,1.1828772730962793
7599,-10.4,-9.183303812762373,-1.216696187237627
7613,-9.7,-9.711709473832835,0.011709473832835826
7615,-10.0,-9.87757499624849,-0.12242500375151089
7620,-7.4,-7.419993555311898,0.019993555311897282
7626,-9.0,-8.639742531396731,-0.3602574686032689
7627,-8.9,-8.36235985018984,-0.5376401498101604
7635,-9.473,-9.934539703326816,0.4615397033268156
7636,-8.8,-8.911570359690138,0.11157035969013762
7639,-9.8,-9.710158461138004,-0.08984153886199664
7642,-12.24,-10.630094863257556,-1.6099051367424444
7644,-10.55,-10.14715331272038,-0.40284668727962014
7647,-8.2,-8.689717546454853,0.48971754645485355
7654,-9.3,-9.35464453189134,0.054644531891339554
7655,-9.7,-10.268014061562077,0.5680140615620779
7658,-11.2,-10.687409006643287,-0.5125909933567119
7660,-9.2,-9.769128861276803,0.5691288612768037
7663,-9.1,-8.490125729431803,-0.6098742705681968
7664,-8.6,-8.632674458005855,0.032674458005855556
7666,-11.6,-11.221261723640458,-0.3787382763595417
7672,-9.0,-8.801622304101974,-0.19837769589802612
7680,-11.9,-11.636538496641245,-0.26346150335875507
7685,-10.5,-9.73829037801309,-0.7617096219869097
7696,-9.7,-9.404937587129275,-0.295062412870724
7698,-9.0,-9.40961272682443,0.4096127268244292
7717,-9.016,-9.158522166604731,0.14252216660473138
7728,-8.7,-8.650858127998756,-0.049141872001243314
7729,-10.1,-10.006970153621893,-0.09302984637810674
7733,-9.0,-9.414479109603658,0.41447910960365775
7737,-11.2,-12.233035077584933,1.033035077584934
7739,-9.4,-9.284377167296965,-0.11562283270303553
7743,-9.5,-8.779193465061507,-0.7208065349384931
7745,-11.1,-10.168997144186292,-0.9310028558137073
7750,-9.9,-9.274978302220287,-0.6250216977797134
7752,-11.2,-10.387398375392763,-0.8126016246072361
7755,-7.9,-7.9001703715171026,0.0001703715171021969
7756,-11.1,-9.815425747762374,-1.2845742522376256
7766,-7.6,-8.983282372925562,1.3832823729255619
7795,-8.3,-8.670076212494505,0.37007621249450473
7802,-10.9,-10.376697375220868,-0.5233026247791326
7803,-9.8,-10.017671070921677,0.2176710709216767
7814,-9.6,-9.23694675490775,-0.36305324509224945
7816,-9.4,-9.530819269873378,0.13081926987337766
7817,-7.8,-8.173047047649476,0.37304704764947605
7821,-7.0,-7.731779383111822,0.7317793831118218
7824,-7.2,-7.652200367888791,0.4522003678887909
7829,-11.1,-10.791596228346101,-0.3084037716538983
7838,-8.6,-8.70155249938036,0.10155249938036093
7841,-8.6,-9.156823317750911,0.5568233177509114
7845,-8.8,-8.830806523824593,0.030806523824592702
7847,-11.8,-10.70498200539739,-1.0950179946026104
7859,-11.4,-10.431749200043706,-0.9682507999562944
7864,-8.482,-8.595599387244294,0.11359938724429419
7868,-9.9,-9.291460901280386,-0.6085390987196142
7874,-8.6,-8.945464017765893,0.3454640177658934
7881,-8.9,-10.142215541483127,1.2422155414831266
7893,-9.3,-9.137380914265105,-0.16261908573489592
7895,-10.67,-10.566606012511423,-0.10339398748857676
7905,-8.4,-9.336490223357918,0.936490223357918
7908,-12.2,-11.815113793259819,-0.38488620674018037
7915,-11.2,-10.75030267356117,-0.4496973264388284
7917,-7.2,-9.423301899251777,2.2233018992517772
7918,-6.8,-6.843288723109914,0.043288723109914606
7926,-12.1,-10.522793599791262,-1.5772064002087376
7930,-8.4,-8.803069248492578,0.40306924849257797
7944,-6.617,-6.977296879818369,0.3602968798183692
7946,-7.6,-9.135938651791628,1.5359386517916285
7954,-9.312,-9.81069815658472,0.4986981565847213
7955,-8.4,-8.998540693623912,0.5985406936239119
7966,-12.3,-10.793556078296465,-1.5064439217035357
7968,-7.8,-8.04068749829849,0.2406874982984908
7972,-10.4,-11.099423546324829,0.6994235463248284
7978,-9.2,-8.428169694701374,-0.7718303052986251
7983,-9.9,-9.969398876642995,0.06939887664299427
7990,-8.6,-8.962027482271798,0.3620274822717988
7998,-9.5,-9.561054624632611,0.06105462463261091
8011,-8.1,-8.46654552993146,0.36654552993146083
8015,-8.9,-8.464458520742445,-0.43554147925755515
8018,-10.4,-9.971305478824052,-0.42869452117594875
8019,-7.6,-8.487435050581492,0.8874350505814927
8026,-11.3,-10.499413715241428,-0.8005862847585732
8028,-12.1,-9.977748513733701,-2.1222514862662987
8031,-8.774,-9.01096965566579,0.2369696556657903
8035,-9.4,-9.163267271934396,-0.2367327280656042
8045,-10.2,-10.447158034799884,0.24715803479988452
8047,-10.1,-9.626517187340367,-0.47348281265963266
8072,-9.3,-9.609916688613584,0.30991668861358335
8075,-8.3,-8.72488699091493,0.42488699091492954
8077,-8.6,-9.132033471359312,0.5320334713593127
8092,-10.5,-9.838532839235418,-0.6614671607645821
8099,-8.5,-8.877545440269508,0.37754544026950754
8104,-6.6,-7.468811442065851,0.8688114420658515
8107,-9.9,-9.91196668901584,0.011966689015839194
8108,-6.9,-6.28374380835937,-0.6162561916406304
8111,-7.4,-7.708082246344989,0.3080822463449886
8115,-11.4,-11.435081367031062,0.03508136703106146
8117,-6.6,-6.7807861014139394,0.1807861014139398
8126,-5.9,-6.876256277659013,0.9762562776590125
8127,-9.3,-9.638927286123744,0.33892728612374334
8131,-8.1,-8.050557529574302,-0.04944247042569749
8134,-10.8,-10.186206539089874,-0.6137934609101272
8136,-9.0,-9.228160359083077,0.22816035908307697
8143,-7.5,-8.23866755755797,0.7386675575579709
8147,-9.3,-9.43158001161074,0.13158001161073862
8148,-9.4,-9.377133461008768,-0.022866538991232588
8149,-9.1,-9.275218715296088,0.17521871529608823
8159,-8.8,-8.88857668992063,0.08857668992062884
8171,-10.44,-9.99531862992222,-0.4446813700777792
8184,-9.9,-9.719381834403636,-0.18061816559636412
8198,-8.9,-8.525115431569414,-0.37488456843058593
8203,-9.5,-9.664903985297556,0.16490398529755623
8216,-8.7,-9.417654961221801,0.7176549612218022
8217,-10.5,-9.61606743438736,-0.8839325656126409
8225,-11.2,-11.2341124440955,0.034112444095500294
8231,-11.6,-10.368129393950177,-1.2318706060498226
8247,-10.8,-10.293879025658157,-0.5061209743418438
8249,-7.7,-8.164226012071472,0.46422601207147185
8254,-11.4,-10.839251396035205,-0.5607486039647949
8255,-10.3,-10.734250259397905,0.4342502593979045
8256,-9.0,-9.217982948603556,0.21798294860355583
8260,-8.2,-8.77709498489683,0.5770949848968314
8261,-11.0,-9.58618404751002,-1.4138159524899798
8262,-9.677,-11.150619038181445,1.473619038181445
8263,-8.7,-8.955537878461408,0.25553787846140885
8274,-7.8,-8.20782581042231,0.4078258104223105
8280,-10.6,-9.679476330276604,-0.920523669723396
8281,-12.4,-10.97322928811109,-1.42677071188891
8285,-10.4,-10.2133576176729,-0.18664238232710062
8289,-11.9,-10.900086490937532,-0.999913509062468
8296,-9.9,-9.566333266363579,-0.33366673363642185
8299,-10.8,-10.988335213079939,0.18833521307993806
8314,-12.0,-10.934827511777499,-1.065172488222501
8328,-8.6,-8.689083762178662,0.08908376217866198
8341,-12.8,-11.063437401521444,-1.7365625984785567
8344,-9.7,-10.83023109386598,1.13023109386598
8345,-7.8,-7.622332846365407,-0.17766715363459262
8347,-8.2,-7.657773562432851,-0.5422264375671482
8353,-8.8,-8.827328548879022,0.02732854887902114
8355,-7.4,-8.209443465709859,0.8094434657098581
8360,-7.0,-6.671513664482648,-0.3284863355173524
8370,-8.8,-9.673589414869538,0.8735894148695369
8373,-9.4,-9.709459336106562,0.3094593361065616
8376,-9.8,-9.489444143214387,-0.3105558567856139
8385,-11.8,-10.244733386903668,-1.5552666130963324
8390,-7.5,-9.245367288803056,1.745367288803056
8391,-9.6,-10.31048969606979,0.7104896960697911
8394,-6.8,-6.8304313693568774,0.030431369356877624
8396,-5.9,-5.098691331377317,-0.8013086686226831
8399,-6.8,-7.180719651121283,0.38071965112128314
8400,-4.8,-3.782103300476173,-1.0178966995238268
8402,-9.1,-9.094501992640796,-0.005498007359204138
8408,-13.1,-12.633088026589373,-0.4669119734106264
8416,-9.0,-8.701932265790097,-0.2980677342099032
8419,-8.3,-8.92483882743703,0.6248388274370296
8420,-7.8,-7.81117831810292,0.011178318102920137
8423,-8.0,-8.8907484286218,0.8907484286217997
8424,-10.0,-9.522119661695264,-0.4778803383047361
8430,-7.7,-8.775655831669987,1.0756558316699865
8446,-8.0,-7.797490210798411,-0.20250978920158857
8450,-9.2,-9.248152717539009,0.048152717539009515
8459,-6.1,-6.758369784324562,0.6583697843245622
8466,-11.5,-10.708811586617802,-0.7911884133821978
8469,-9.8,-9.614104129073494,-0.1858958709265064
8471,-11.0,-10.260223767683318,-0.7397762323166823
8482,-10.4,-9.71222594411976,-0.6877740558802401
8489,-7.3,-7.044548420723101,-0.2554515792768992
8491,-9.0,-8.788699887908157,-0.21130011209184296
8492,-10.4,-9.109564396772813,-1.2904356032271878
8510,-10.7,-8.871230205217428,-1.8287697947825716
8515,-6.8,-7.229362009990091,0.4293620099900908
8518,-9.1,-8.902757341726302,-0.1972426582736979
8520,-5.7,-5.900231097121366,0.20023109712136566
8523,-6.9,-7.116321190836454,0.21632119083645396
8531,-7.3,-8.050666160245662,0.7506661602456619
8537,-9.4,-9.265976893942355,-0.13402310605764534
8538,-10.1,-8.617680349378482,-1.482319650621518
8558,-9.4,-9.353830043433293,-0.046169956566707526
8565,-8.5,-9.002320319324191,0.5023203193241912
8572,-9.7,-9.456624286522384,-0.2433757134776151
8573,-9.6,-9.594830573929784,-0.005169426070215977
8578,-13.0,-11.856536191372,-1.1434638086280007
8579,-9.2,-8.484531537614714,-0.7154684623852852
8581,-7.4,-7.89162618968085,0.4916261896808498
8584,-10.9,-10.668936999884808,-0.2310630001151921
8588,-10.6,-9.736114761605329,-0.8638852383946709
8589,-11.5,-11.169243352404099,-0.3307566475959014
8603,-8.3,-7.637524166256998,-0.6624758337430023
8611,-7.5,-8.00834741431814,0.5083474143181395
8621,-6.8,-6.945664903481155,0.1456649034811548
8624,-9.4,-10.103430007939888,0.7034300079398879
8627,-7.0,-7.840506029511384,0.840506029511384
8631,-9.5,-9.63073755300794,0.13073755300793977
8639,-12.0,-11.06245498445448,-0.9375450155455205
8655,-9.697,-9.480777743327058,-0.21622225667294082
8657,-11.5,-10.80095071022831,-0.6990492897716898
8660,-8.9,-8.040963374065624,-0.859036625934376
8663,-9.3,-9.354704460932354,0.054704460932352816
8664,-7.7,-9.212029083341328,1.5120290833413277
8674,-10.3,-9.903824162655525,-0.3961758373444759
8675,-8.5,-8.726299615598643,0.2262996155986432
8677,-9.8,-9.959476049560164,0.1594760495601637
8681,-8.9,-8.357532719441794,-0.5424672805582063
8682,-8.5,-8.704344280693741,0.204344280693741
8686,-8.6,-10.03910987382268,1.4391098738226802
8692,-9.9,-9.540803806057415,-0.3591961939425854
8694,-9.1,-9.461639156675515,0.3616391566755155
8709,-7.3,-6.835437943170129,-0.4645620568298705
8735,-11.1,-9.57635455255112,-1.5236454474488799
8740,-10.3,-10.244044583691359,-0.05595541630864176
8742,-5.6,-5.472218156951101,-0.12778184304889884
8744,-11.0,-10.472029224971065,-0.5279707750289351
8756,-10.2,-9.969867848355294,-0.23013215164470502
8757,-8.1,-8.467882702582353,0.367882702582353
8758,-7.5,-7.9325499648820665,0.43254996488206654
8759,-7.4,-6.607808797418967,-0.7921912025810336
8761,-11.3,-11.510565577905773,0.21056557790577202
8769,-9.6,-9.592740920173375,-0.00725907982662477
8778,-8.758,-8.007385248458363,-0.7506147515416366
8786,-10.7,-10.782052699132322,0.08205269913232272
8793,-9.0,-8.44424801187892,-0.5557519881210808
8796,-9.82,-9.258618327193094,-0.5613816728069061
8797,-8.6,-9.873119808429966,1.273119808429966
8799,-9.2,-8.883327958672542,-0.3166720413274575
8802,-9.3,-9.562961264022821,0.2629612640228203
8810,-9.6,-9.437266238375585,-0.16273376162441444
8813,-10.5,-9.77355813773239,-0.7264418622676097
8819,-8.3,-9.086955453986839,0.7869554539868382
8827,-10.1,-9.146219026130389,-0.9537809738696108
8830,-11.2,-10.399304176102271,-0.800695823897728
8834,-7.7,-8.17134474380224,0.47134474380224045
8836,-8.5,-8.24341503175973,-0.25658496824027033
8842,-7.4,-8.026687724179427,0.6266877241794262
8844,-9.5,-9.61294631366273,0.11294631366273045
8846,-11.7,-10.22335007635354,-1.476649923646459
8850,-6.806,-7.175919422737566,0.3699194227375662
8851,-7.2,-7.227372317427637,0.027372317427636794
8861,-11.3,-10.744830823111366,-0.5551691768886347
8862,-9.2,-9.557650169476466,0.3576501694764662
8866,-8.7,-9.385680061281445,0.6856800612814453
8868,-7.5,-7.364324272134613,-0.13567572786538662
8871,-8.8,-9.251643879745124,0.45164387974512366
8873,-8.3,-9.370376359666395,1.070376359666394
8877,-8.9,-8.222139718773379,-0.6778602812266215
8881,-8.8,-8.274541170295887,-0.5254588297041138
8883,-8.5,-9.804228998421507,1.3042289984215074
8887,-9.0,-8.533141727702304,-0.4668582722976957
8888,-8.1,-9.188776914504214,1.0887769145042139
8890,-7.3,-7.578559877245812,0.27855987724581244
8897,-9.7,-9.924761131647738,0.22476113164773892
8910,-8.3,-9.602537593875029,1.3025375938750283
8911,-7.2,-8.190602998344819,0.9906029983448184
8912,-11.3,-10.80342753210899,-0.49657246789100995
8916,-10.0,-9.409083850256206,-0.5909161497437943
8919,-7.2,-7.695601926887105,0.4956019268871046
8934,-9.191,-9.543074557333538,0.35207455733353754
8937,-9.0,-8.715266605149653,-0.2847333948503472
8943,-11.1,-10.433799093331105,-0.6662009066688945
8944,-10.8,-10.049487374989413,-0.7505126250105878
8952,-9.6,-9.392166987947297,-0.20783301205270277
8955,-10.0,-9.901280563224596,-0.09871943677540429
8956,-10.1,-10.50347550321588,0.4034755032158799
8957,-9.7,-9.029443314244697,-0.6705566857553027
8963,-9.8,-11.863574064507926,2.0635740645079252
8970,-9.358,-9.208148185124765,-0.1498518148752357
8971,-9.411,-9.285033912969439,-0.12596608703056056
8974,-10.0,-9.615619238257358,-0.38438076174264246
8975,-10.5,-10.09122463691522,-0.40877536308478035
8988,-6.8,-6.396155129940625,-0.4038448700593751
8990,-9.6,-9.794612106566094,0.19461210656609396
8993,-10.0,-10.210520307761659,0.21052030776165864
8995,-6.6,-6.091666135422479,-0.508333864577521
8998,-9.1,-8.121756132397671,-0.9782438676023286
9000,-9.874,-10.240924243077743,0.36692424307774196
9010,-8.953,-8.185910136040333,-0.7670898639596668
9014,-8.795,-8.76416801024986,-0.030831989750140565
9015,-8.1,-8.800822043009882,0.7008220430098824
9029,-9.1,-9.231007427451345,0.13100742745134575
9032,-9.1,-9.378340713867097,0.278340713867097
9033,-12.1,-10.936927898049088,-1.1630721019509114
9036,-7.3,-7.852839433137656,0.552839433137656
9050,-8.8,-9.783782724957952,0.9837827249579512
9056,-7.7,-8.158187746222225,0.458187746222225
9069,-5.5,-5.9203367328871686,0.42033673288716855
9085,-7.6,-7.189058359217354,-0.41094164078264583
9097,-10.6,-9.986282959222676,-0.613717040777324
9099,-7.7,-7.754401906491971,0.05440190649197074
9102,-8.7,-8.907310577896471,0.20731057789647167
9113,-10.3,-9.772985031735997,-0.5270149682640035
9115,-10.1,-9.872291392203113,-0.2277086077968864
9117,-6.4,-6.0002309130982425,-0.39976908690175783
9120,-8.4,-8.539506827209527,0.13950682720952656
9125,-9.7,-9.94030772218235,0.24030772218235086
9128,-4.693,-4.507071551135975,-0.1859284488640247
9134,-10.5,-10.188196293621345,-0.3118037063786545
9145,-9.1,-10.212847198093288,1.112847198093288
9147,-10.7,-10.624307431291037,-0.07569256870896268
9156,-8.828,-9.914822104046019,1.0868221040460195
9176,-8.9,-8.393272313141793,-0.5067276868582073
9178,-7.9,-8.37731096556849,0.4773109655684902
9185,-8.2,-8.477260627840511,0.2772606278405121
9190,-7.6,-7.128687262764538,-0.4713127372354613
9193,-11.6,-10.912243471538092,-0.6877565284619074
9195,-9.6,-9.241899858872804,-0.35810014112719557
9201,-8.3,-8.856948690181355,0.5569486901813541
9205,-6.5,-6.111669944379763,-0.38833005562023715
9209,-7.8,-7.876766911589929,0.07676691158992899
9214,-9.7,-9.749518494602848,0.049518494602848406
9216,-6.6,-7.012231998877805,0.4122319988778056
9219,-8.9,-9.133494998469693,0.23349499846969302
9226,-6.0,-5.794639791564753,-0.2053602084352466
9230,-9.9,-9.96843519398883,0.06843519398882947
9236,-9.6,-9.345421136368909,-0.2545788636310906
9238,-10.0,-10.27656880790184,0.2765688079018407
9239,-7.5,-7.7956886626539825,0.2956886626539825
9246,-9.4,-9.85814558155854,0.45814558155854
9247,-10.8,-9.701924298734431,-1.0980757012655697
9259,-5.8,-5.941256787888124,0.1412567878881239
9263,-10.2,-9.845870166238145,-0.3541298337618546
9270,-7.5,-8.60014772420898,1.1001477242089805
9279,-10.2,-9.7893095624172,-0.4106904375827991
9283,-9.1,-8.469488779210176,-0.630511220789824
9289,-9.3,-9.63377726731833,0.3337772673183288
9295,-9.2,-9.198014319061578,-0.0019856809384215524
9300,-10.4,-9.073578331019043,-1.3264216689809576
9301,-10.0,-10.809162004147275,0.8091620041472751
9304,-7.8,-8.389049947130268,0.5890499471302677
9305,-11.3,-10.960224703777008,-0.3397752962229923
9312,-6.9,-6.587126712021702,-0.3128732879782987
9316,-9.6,-9.523967296810332,-0.07603270318966793
9317,-12.5,-12.019055472197538,-0.4809445278024622
9320,-9.0,-10.18099387167972,1.1809938716797195
9325,-8.6,-10.248543793629224,1.6485437936292247
9330,-9.2,-9.758508072186665,0.5585080721866653
9346,-8.1,-8.818559896257371,0.7185598962573714
9363,-7.858,-8.38938428894098,0.5313842889409797
9365,-11.6,-10.858091617917545,-0.741908382082455
9380,-8.963,-9.471644662822657,0.5086446628226575
9384,-5.4,-5.1934841121777975,-0.20651588782220287
9387,-8.0,-8.634166263312059,0.6341662633120588
9391,-8.8,-9.148592011292013,0.34859201129201267
9403,-8.5,-8.29068436845835,-0.20931563154164934
9408,-8.3,-8.232475669290155,-0.06752433070984587
9410,-10.8,-10.445173599412744,-0.3548264005872568
9414,-5.9,-4.977307049042243,-0.9226929509577575
9418,-6.9,-6.613582742690793,-0.286417257309207
9419,-9.5,-9.112374847879535,-0.38762515212046544
9424,-10.1,-10.36072179736573,0.260721797365731
9431,-11.0,-10.216912206889836,-0.7830877931101643
9445,-6.2,-6.664257356931339,0.4642573569313386
9449,-12.4,-11.197694442318207,-1.2023055576817931
9451,-9.7,-10.23338757197098,0.5333875719709802
9485,-11.0,-11.82710155238219,0.8271015523821905
9487,-6.8,-6.983516052114288,0.183516052114288
9488,-9.3,-9.628725882070528,0.3287258820705272
9493,-10.6,-10.573575024429399,-0.02642497557060075
9494,-9.8,-10.506415264086026,0.7064152640860257
9497,-10.02,-9.785069346356115,-0.2349306536438842
9507,-9.6,-9.193590413469547,-0.40640958653045267
9514,-7.3,-7.327596715343599,0.02759671534359942
9515,-7.871,-7.41856772986394,-0.45243227013606013
9528,-11.1,-10.873452393476077,-0.2265476065239227
9531,-8.2,-8.393777861935332,0.19377786193533275
9535,-9.436,-9.168211337651028,-0.2677886623489716
9538,-6.8,-7.01529702410804,0.21529702410804052
9543,-7.3,-8.104730170041247,0.804730170041247
9553,-11.1,-10.422085617884076,-0.6779143821159241
9554,-11.44,-10.431965853102556,-1.0080341468974439
9558,-7.5,-8.32673117195654,0.8267311719565402
9560,-10.0,-9.896462256955878,-0.10353774304412156
9565,-9.5,-9.799406807931387,0.29940680793138696
9568,-10.3,-9.953499006231663,-0.34650099376833765
9571,-11.4,-10.593470355026243,-0.8065296449737573
9581,-8.7,-9.308432925134868,0.6084329251348688
9582,-8.718,-8.470611989729184,-0.24738801027081614
9583,-9.8,-10.225254642909386,0.4252546429093851
9589,-9.847,-10.187908653779516,0.3409086537795165
9594,-9.6,-8.978706819264877,-0.6212931807351225
9596,-9.3,-9.260860344716349,-0.03913965528365182
9597,-10.9,-9.861237376982288,-1.0387626230177123
9604,-10.3,-8.971606636130588,-1.328393363869413
9606,-9.0,-9.122782637754389,0.1227826377543888
9607,-9.4,-9.464079563185996,0.06407956318599517
9609,-7.5,-7.700531406979341,0.2005314069793407
9611,-5.3,-2.865433164324638,-2.434566835675362
9614,-5.9,-6.154064140608389,0.25406414060838856
9616,-8.2,-8.900385532914292,0.700385532914293
9623,-7.0,-7.912977382200783,0.9129773822007827
9625,-9.0,-8.61427062292066,-0.38572937707933974
9626,-10.0,-10.7889276619584,0.7889276619584003
9634,-5.5,-6.213697489153478,0.7136974891534784
9644,-10.3,-10.551486480387478,0.25148648038747723
9647,-9.8,-8.683006115142224,-1.1169938848577772
9649,-7.5,-7.43270454558584,-0.06729545441416018
9651,-8.0,-8.44948595834167,0.44948595834167016
9656,-9.8,-9.565017845610292,-0.2349821543897086
9657,-10.1,-9.623105905980673,-0.47689409401932714
9665,-5.7,-5.481389703235616,-0.2186102967643846
9671,-8.4,-7.967092118558173,-0.43290788144182724
9672,-8.1,-7.952493184623934,-0.14750681537606525
9679,-12.8,-10.841531661723948,-1.9584683382760524
9688,-8.1,-7.6161377343405245,-0.4838622656594751
9690,-8.6,-8.09582935511501,-0.5041706448849901
9695,-8.3,-7.7632970745977605,-0.5367029254022402
9698,-6.2,-6.18636928323202,-0.013630716767980111
9701,-7.1,-10.191073911872161,3.0910739118721615
9703,-12.2,-10.814672732173207,-1.385327267826792
9704,-10.04,-9.039471767671643,-1.0005282323283566
9714,-8.4,-9.144999094706492,0.7449990947064915
9715,-9.049,-8.666993384152427,-0.38200661584757256
9718,-7.0,-7.507935174595291,0.5079351745952909
9729,-6.6,-7.034079733157041,0.4340797331570414
9731,-8.0,-7.465606131915999,-0.5343938680840008
9735,-9.3,-9.213774593798076,-0.08622540620192432
9740,-8.9,-8.607880248849156,-0.2921197511508442
9743,-6.6,-7.147894945037182,0.5478949450371822
9745,-9.7,-10.90994313050502,1.209943130505021
9746,-8.9,-9.246468372623864,0.346468372623864
9751,-7.6,-8.280455282809221,0.6804552828092216
9758,-4.6,-3.9577461400434775,-0.6422538599565222
9764,-7.0,-7.66838606775931,0.6683860677593101
9770,-9.6,-9.070248190038093,-0.5297518099619065
9771,-9.5,-9.654997879663838,0.1549978796638385
9780,-10.49,-10.561592429241053,0.07159242924105236
9785,-9.5,-9.317294371063317,-0.18270562893668263
9786,-10.4,-8.739074298057758,-1.6609257019422419
9796,-7.947,-9.045038653294489,1.0980386532944886
9800,-8.727,-10.621312609033234,1.8943126090332338
9806,-8.6,-7.9895006486600755,-0.6104993513399242
9809,-5.2,-5.00980795776459,-0.19019204223541042
9824,-8.9,-8.751904710251768,-0.14809528974823216
9837,-8.538,-9.18265126890205,0.6446512689020505
9838,-4.9,-2.4152331173360686,-2.4847668826639318
9839,-9.3,-10.362272939212273,1.0622729392122725
9840,-8.6,-8.450466488802565,-0.14953351119743452
9849,-7.6,-7.669539409998617,0.06953940999861707
9857,-8.5,-8.85773067289028,0.3577306728902805
9859,-6.8,-6.980544979614838,0.1805449796148384
9875,-8.4,-7.0001883937871305,-1.3998116062128698
9876,-7.5,-8.094851745233909,0.5948517452339086
9878,-8.7,-8.817102995796665,0.11710299579666561
9880,-12.1,-11.304483937699338,-0.7955160623006616
9891,-8.9,-8.51115705771691,-0.388842942283091
9895,-10.31,-8.977348725607241,-1.3326512743927594
9897,-9.7,-9.436365084428013,-0.26363491557198593
9898,-9.7,-9.299466956520591,-0.4005330434794079
9901,-11.3,-10.811496341372434,-0.4885036586275664
9915,-7.9,-7.957812327846043,0.057812327846042955
9917,-12.2,-11.457407417791439,-0.7425925822085606
9918,-11.9,-11.264924587181024,-0.635075412818976
9919,-8.0,-8.47223723551621,0.4722372355162108
9921,-7.4,-7.397989980566,-0.0020100194340004762
9922,-8.7,-8.954650501140256,0.2546505011402562
9931,-9.5,-8.87334580856399,-0.6266541914360104
9932,-5.8,-6.438957079598493,0.6389570795984936
9947,-8.1,-7.920541544055086,-0.17945845594491328
9951,-9.7,-9.594252672280124,-0.10574732771987527
9955,-9.7,-9.335377580504487,-0.3646224194955128
9958,-11.6,-10.822598270556341,-0.7774017294436586
9965,-9.807,-9.401267439160142,-0.40573256083985854
9967,-9.1,-9.12317290765885,0.02317290765885005
9968,-7.3,-7.9171779242765385,0.6171779242765387
9969,-9.4,-8.84069332205053,-0.5593066779494702
10004,-5.8,-6.554048212197299,0.7540482121972989
10005,-5.7,-5.671291721878851,-0.028708278121149178
10006,-7.8,-7.976005307618738,0.17600530761873845
10007,-8.5,-8.55569807581606,0.055698075816060566
10012,-11.5,-10.82625404950415,-0.6737459504958494
10013,-10.22,-11.185529926975613,0.9655299269756128
10017,-9.8,-9.131771966346513,-0.668228033653488
10025,-9.9,-9.42311066404128,-0.4768893359587203
10030,-6.946,-7.840170470980811,0.8941704709808116
10039,-10.8,-10.325647198858455,-0.47435280114154565
10041,-8.7,-9.082997958899943,0.3829979588999439
10046,-10.2,-9.579916538095066,-0.6200834619049331
10051,-9.1,-8.901973159050806,-0.19802684094919343
10053,-8.3,-8.275017081369468,-0.024982918630533035
10062,-9.4,-9.155087824131304,-0.24491217586869674
10070,-7.2,-7.819716449063944,0.6197164490639437
10086,-8.0,-8.15708270952467,0.15708270952466918
10092,-11.2,-10.77850271657564,-0.42149728342436
10094,-5.8,-5.731779337545328,-0.06822066245467173
10095,-5.4,-4.534862136061031,-0.8651378639389691
10099,-8.3,-8.669694613745824,0.369694613745823
10101,-5.1,-5.283358543235845,0.18335854323584577
10113,-11.15,-11.096837598912941,-0.05316240108705905
10115,-10.0,-10.020649531304805,0.02064953130480518
10117,-6.9,-7.714587047677698,0.8145870476776977
10135,-8.239,-8.383414001364255,0.14441400136425386
10140,-7.8,-8.644717602870282,0.8447176028702819
10142,-10.35,-10.316502382306542,-0.033497617693457826
10151,-8.2,-8.104700525241597,-0.09529947475840217
10153,-10.4,-9.906461042853442,-0.4935389571465585
10154,-10.3,-9.39985167507965,-0.9001483249203499
10159,-9.7,-9.737137751990609,0.03713775199060976
10163,-9.0,-8.803556441413317,-0.19644355858668305
10168,-10.7,-9.452408000091484,-1.247591999908515
10179,-9.6,-9.916834076596244,0.3168340765962441
10180,-10.5,-11.249066938337025,0.749066938337025
10187,-6.8,-8.792818987497757,1.992818987497757
10190,-8.5,-9.264996745251358,0.7649967452513575
10193,-8.4,-9.168133834942664,0.7681338349426632
10196,-8.3,-8.527172074365364,0.22717207436536313
10198,-9.288,-9.183614118367943,-0.10438588163205686
10199,-9.8,-10.371568118631833,0.5715681186318324
10219,-7.4,-8.544015571797622,1.1440155717976221
10221,-10.06,-9.776407572964658,-0.2835924270353427
10222,-9.3,-9.060059074217925,-0.2399409257820757
10226,-7.0,-6.697243635499106,-0.30275636450089394
10228,-9.3,-9.227655121721678,-0.07234487827832226
10242,-7.2,-7.221496042952794,0.02149604295279417
10250,-7.1,-7.677125925368764,0.5771259253687644
10258,-8.7,-9.17671894072598,0.47671894072598064
10260,-10.6,-10.13681523312263,-0.46318476687736876
10271,-11.33,-10.874381313647259,-0.45561868635274116
10272,-9.8,-10.035658885749417,0.23565888574941596
10274,-7.4,-8.590012266724504,1.1900122667245032
10276,-10.41,-10.040254990563277,-0.3697450094367234
10279,-10.8,-10.18191753496048,-0.6180824650395209
10282,-10.0,-8.866021274317225,-1.1339787256827751
10283,-9.1,-9.45181395360552,0.3518139536055198
10288,-7.9,-8.663015659564605,0.7630156595646049
10290,-8.7,-8.978667198139432,0.2786671981394324
10292,-11.8,-10.122525514500502,-1.6774744854994985
10294,-8.8,-8.584541536782854,-0.21545846321714635
10299,-10.8,-10.80916595618365,0.009165956183649016
10301,-8.1,-8.36683403225139,0.26683403225139024
10306,-9.3,-8.4980128235191,-0.8019871764809015
10309,-10.2,-10.028522107320194,-0.17147789267980507
10312,-9.714,-9.92852447401226,0.2145244740122596
10317,-12.2,-10.534105818434504,-1.6658941815654948
10322,-10.8,-10.257062585612983,-0.5429374143870174
10325,-9.1,-8.349002651990379,-0.750997348009621
10326,-10.6,-10.220480494021981,-0.37951950597801876
10327,-8.7,-9.24105850410067,0.5410585041006701
10329,-8.5,-8.326298681370263,-0.17370131862973714
10334,-7.3,-7.8243505446717485,0.5243505446717487
10335,-8.428,-10.326926208047967,1.8989262080479659
10343,-8.7,-9.133298139141782,0.43329813914178317
10346,-8.8,-8.33100370283908,-0.4689962971609205
10353,-8.5,-8.70843846069113,0.2084384606911307
10363,-8.6,-10.271084668814412,1.6710846688144123
10367,-9.1,-9.641310893890754,0.5413108938907545
10369,-4.4,-3.1676150235507334,-1.232384976449267
10379,-9.9,-9.596878761556646,-0.3031212384433548
10388,-8.4,-8.795573573782908,0.39557357378290803
10389,-5.8,-6.239108507594475,0.43910850759447495
10390,-9.7,-10.097775242746613,0.39777524274661324
10392,-8.3,-7.8815896148231515,-0.41841038517684925
10395,-8.2,-8.24449973199253,0.044499731992530656
10408,-10.3,-9.406717211136302,-0.8932827888636989
10413,-7.8,-7.703308683386454,-0.09669131661354591
10414,-10.2,-10.067274233607543,-0.13272576639245592
10418,-10.4,-10.003919633691174,-0.39608036630882637
10420,-8.0,-8.126848932453335,0.12684893245333484
10423,-8.8,-8.150074590170547,-0.6499254098294536
10427,-7.5,-7.528006032443912,0.028006032443911977
10430,-10.32,-9.767020390018908,-0.552979609981092
10432,-5.976,-5.687435142975597,-0.2885648570244026
10440,-7.2,-7.308474783870591,0.10847478387059084
10441,-10.88,-10.630617334140412,-0.24938266585958857
10447,-7.5,-7.943519156450463,0.4435191564504626
10454,-8.7,-8.186237960455662,-0.5137620395443374
10459,-9.7,-9.38398166839222,-0.31601833160777915
10463,-11.3,-9.799020585378653,-1.500979414621348
10466,-10.6,-10.187189256435612,-0.4128107435643873
10468,-5.4,-6.245070783917498,0.8450707839174978
10471,-11.1,-10.433361255796335,-0.6666387442036648
10473,-9.2,-8.710456819348932,-0.48954318065106683
10479,-9.5,-9.25017274144641,-0.24982725855359078
10480,-9.31,-9.841071250165347,0.531071250165347
10496,-8.0,-8.758851301467333,0.7588513014673328
10499,-9.7,-10.151785806309514,0.45178580630951437
10501,-7.557,-7.371469310798753,-0.18553068920124716
10516,-7.8,-8.017489419094542,0.21748941909454178
10522,-8.2,-8.150564458072456,-0.049435541927543625
10540,-8.4,-9.159898598701709,0.7598985987017084
10544,-8.7,-8.831427209032665,0.13142720903266536
10546,-9.2,-8.124031302790291,-1.0759686972097082
10547,-10.71,-10.844115125584151,0.13411512558415062
10553,-8.9,-8.87860429306342,-0.02139570693658044
10558,-9.0,-9.2999967906907,0.2999967906907006
10588,-7.0,-8.216149752980785,1.216149752980785
10597,-10.0,-10.059683928574604,0.059683928574603584
10606,-9.6,-10.517562576496616,0.917562576496616
10609,-8.769,-9.36120012374158,0.5922001237415806
10625,-11.1,-10.416823581957221,-0.6831764180427786
10640,-8.016,-8.201262731304723,0.18526273130472326
10641,-10.6,-10.972921429461858,0.3729214294618579
10642,-9.5,-9.759594920447642,0.25959492044764154
10652,-8.461,-9.533307220724247,1.0723072207242463
10669,-4.7,-3.6204804467579743,-1.0795195532420259
10680,-5.1,-7.2139018722462716,2.113901872246272
10685,-8.1,-8.770633934325675,0.6706339343256751
10687,-6.9,-7.894307614120733,0.994307614120733
10689,-8.3,-8.930088418392195,0.6300884183921944
10690,-5.9,-7.636747309788626,1.7367473097886252
10692,-10.96,-9.86271793044197,-1.0972820695580303
10700,-11.6,-9.785061861451844,-1.8149381385481558
10705,-9.6,-9.139458729889336,-0.4605412701106637
10708,-8.5,-8.573577347106651,0.0735773471066512
10717,-9.6,-9.237487774023922,-0.3625122259760776
10718,-9.8,-10.641987898019794,0.8419878980197932
10719,-10.14,-10.454470526762329,0.314470526762328
10728,-7.6,-7.41232658604083,-0.18767341395916937
10737,-8.711,-9.818970033939562,1.1079700339395622
10739,-9.5,-9.799741669749933,0.2997416697499329
10747,-10.43,-10.977939836922976,0.5479398369229767
10749,-9.4,-9.084677821353504,-0.3153221786464968
10758,-8.4,-8.516728976303048,0.11672897630304746
10764,-7.3,-9.022258997385018,1.7222589973850182
10766,-9.9,-9.397516287890737,-0.5024837121092638
10769,-8.6,-9.96529893533982,1.3652989353398208
10776,-7.7,-8.334782016429415,0.6347820164294147
10786,-9.0,-8.951708428167636,-0.048291571832363545
10787,-5.9,-6.524696073611901,0.6246960736119007
10803,-8.3,-7.939258345428377,-0.36074165457162355
10810,-8.3,-8.726351549255565,0.42635154925556407
10812,-9.2,-9.679973370835942,0.4799733708359426
10824,-7.0,-6.648539066713391,-0.3514609332866092
10826,-6.9,-6.407581873569447,-0.49241812643055294
10832,-7.231,-6.512271374061866,-0.7187286259381338
10838,-9.2,-8.111233280149055,-1.0887667198509448
10840,-8.8,-9.072003448550944,0.2720034485509437
10843,-8.1,-7.437476878446899,-0.6625231215531002
10844,-7.9,-7.481767699051844,-0.4182323009481568
10864,-10.4,-9.539456145726351,-0.860543854273649
10869,-9.1,-9.325586616282392,0.22558661628239207
10872,-10.1,-10.10967992758288,0.009679927582880055
10875,-11.7,-10.296587828857131,-1.4034121711428682
10883,-9.9,-9.788441805372134,-0.11155819462786631
10884,-9.0,-8.898127800586167,-0.10187219941383319
10887,-10.1,-10.157239902750462,0.05723990275046198
10889,-9.9,-10.066052912553936,0.16605291255393517
10896,-9.5,-10.158968051360551,0.6589680513605511
10902,-8.5,-8.370446966293054,-0.12955303370694615
10905,-9.552,-9.742017048278989,0.1900170482789889
10907,-8.6,-8.525754748160823,-0.07424525183917652
10915,-10.8,-10.080794089037992,-0.7192059109620086
10916,-8.7,-9.535455846616156,0.8354558466161564
10917,-8.3,-9.10439329041065,0.8043932904106494
10926,-8.2,-8.745702980500504,0.5457029805005043
10928,-9.6,-9.619470791172027,0.019470791172027546
10929,-10.0,-10.34893109854086,0.34893109854085935
10930,-6.108,-8.614707399669111,2.5067073996691116
10933,-13.5,-12.12572248072319,-1.3742775192768093
10941,-9.2,-9.179753953518247,-0.02024604648175199
10945,-7.4,-8.25231999804464,0.8523199980446403
10952,-9.909,-9.465161458023541,-0.44383854197645967
10954,-10.2,-10.108090933791182,-0.09190906620881734
10967,-10.2,-9.651072703116448,-0.5489272968835515
10974,-6.5,-6.315890873645374,-0.18410912635462573
10976,-10.1,-10.23434651924199,0.1343465192419906
10978,-10.0,-9.397194485969035,-0.6028055140309654
10980,-9.0,-8.385725688747405,-0.6142743112525952
10983,-11.1,-10.409545451831047,-0.6904545481689528
10987,-8.6,-8.777773985350365,0.17777398535036504
10995,-6.3,-6.19735252707766,-0.10264747292233967
10996,-9.0,-8.576207034707796,-0.4237929652922041
10998,-10.9,-10.403375171697853,-0.4966248283021475
11004,-11.0,-10.439380941983318,-0.5606190580166821
11012,-7.3,-8.878057555711106,1.5780575557111058
11019,-6.8,-7.8320432882669735,1.0320432882669737
11023,-8.5,-8.641751602809004,0.14175160280900378
11025,-8.3,-8.471218784996756,0.17121878499675525
11031,-7.9,-8.121099351049557,0.22109935104955625
11040,-12.0,-10.855513919578875,-1.1444860804211245
11061,-9.3,-10.089226260195412,0.7892262601954112
11062,-9.9,-9.645981224918163,-0.25401877508183723
11072,-10.4,-10.072808094228753,-0.32719190577124735
11075,-9.5,-9.44763985895981,-0.05236014104018949
11082,-10.16,-10.308450304193805,0.14845030419380478
11085,-9.2,-10.050678080861305,0.8506780808613055
11090,-6.5,-8.622363655288988,2.1223636552889875
11092,-9.2,-8.65333165688428,-0.5466683431157193
11093,-9.556,-8.63433875583323,-0.9216612441667689
11095,-7.9,-8.260544371224183,0.3605443712241829
11098,-6.426,-6.094239171885019,-0.3317608281149811
11106,-9.9,-10.104819197031587,0.20481919703158624
11113,-10.0,-9.89218048052577,-0.10781951947422996
11114,-9.4,-9.534922978065886,0.1349229780658856
11120,-7.3,-8.674251793411058,1.3742517934110579
11132,-8.0,-7.936329194987885,-0.06367080501211486
11146,-10.8,-10.034884939907482,-0.7651150600925192
11147,-7.8,-8.203961193215221,0.4039611932152214
11152,-9.3,-9.979487387740768,0.6794873877407674
11153,-4.7,-4.631015466122715,-0.06898453387728498
11155,-6.9,-6.670246486200169,-0.22975351379983167
11159,-7.4,-7.671006745528381,0.2710067455283802
11161,-7.7,-8.160402740670454,0.46040274067045406
11162,-9.6,-9.595729169392751,-0.0042708306072487545
11163,-9.7,-9.921596446746545,0.22159644674654544
11166,-10.3,-10.332200437002077,0.032200437002076754
11168,-10.37,-9.680187260009264,-0.6898127399907352
11173,-7.4,-7.954517014811347,0.5545170148113465
11177,-11.1,-10.271599954088448,-0.8284000459115521
11178,-8.4,-8.609048708636765,0.2090487086367645
11179,-7.1,-7.214277381680609,0.1142773816806093
11190,-8.8,-9.104365230483374,0.3043652304833735
11201,-10.7,-10.080683005153869,-0.6193169948461303
11210,-9.9,-9.165651536464829,-0.7343484635351718
11214,-8.2,-8.048348517704303,-0.15165148229569603
11220,-7.4,-7.164113473091607,-0.23588652690839318
11222,-8.6,-9.529207092660634,0.9292070926606346
11227,-7.911,-7.732564619281329,-0.17843538071867027
11234,-9.5,-10.151367422467798,0.6513674224677981
11235,-7.1,-8.536129691356347,1.4361296913563475
11239,-7.7,-9.068960830135651,1.3689608301356513
11241,-9.8,-9.692417729123937,-0.10758227087606365
11242,-10.08,-9.645710433957488,-0.4342895660425121
11244,-10.98,-10.824884828494941,-0.15511517150505938
11247,-8.5,-8.846207840389278,0.3462078403892779
11252,-11.0,-10.217130317180134,-0.7828696828198662
11263,-9.4,-9.702538263496981,0.3025382634969809
11268,-10.9,-10.903548011217545,0.0035480112175445555
11287,-10.6,-9.824992380754932,-0.7750076192450681
11288,-7.3,-7.691979303819113,0.39197930381911306
11294,-5.6,-6.36119769127726,0.7611976912772604
11304,-8.7,-7.705805127589349,-0.9941948724106506
11311,-10.0,-9.79933783925658,-0.2006621607434198
11312,-8.5,-9.172159915877238,0.6721599158772378
11314,-5.4,-4.608196577395604,-0.7918034226043966
11318,-9.1,-8.630336111568313,-0.46966388843168616
11319,-10.7,-9.510256707326336,-1.189743292673663
11321,-8.2,-8.277812320639084,0.07781232063908483
11325,-9.6,-9.232264410228819,-0.3677355897711809
11329,-7.8,-8.216500056890322,0.4165000568903219
11341,-8.9,-9.10770563010498,0.20770563010498044
11351,-8.4,-8.931662306893367,0.5316623068933666
11352,-9.2,-9.020441098983236,-0.17955890101676353
11357,-10.0,-9.69973105725674,-0.3002689427432603
