outer_fold,colsample_bytree,learning_rate,max_depth,min_child_weight,n_estimators,reg_lambda,subsample,inner_rmse
1,0.8,0.03,3,1,100,1,0.8,0.7162939255403671
1,0.8,0.03,3,1,100,1,0.8,0.7493393755266385
1,0.8,0.03,3,1,100,1,0.8,0.7263626248046617
1,0.8,0.03,3,1,100,1,1.0,0.7161865123569073
1,0.8,0.03,3,1,100,1,1.0,0.7494893735681519
1,0.8,0.03,3,1,100,1,1.0,0.7280024213654327
1,0.8,0.03,3,1,100,5,0.8,0.718252631875796
1,0.8,0.03,3,1,100,5,0.8,0.750285196852795
1,0.8,0.03,3,1,100,5,0.8,0.7294159537201338
1,0.8,0.03,3,1,100,5,1.0,0.7188160966001492
1,0.8,0.03,3,1,100,5,1.0,0.7509690818529442
1,0.8,0.03,3,1,100,5,1.0,0.727754322929367
1,0.8,0.03,3,1,300,1,0.8,0.6369019972734679
1,0.8,0.03,3,1,300,1,0.8,0.6706268422497603
1,0.8,0.03,3,1,300,1,0.8,0.6529989891009941
1,0.8,0.03,3,1,300,1,1.0,0.6368745896711394
1,0.8,0.03,3,1,300,1,1.0,0.6720263473972514
1,0.8,0.03,3,1,300,1,1.0,0.6564447273390681
1,0.8,0.03,3,1,300,5,0.8,0.6363806206446395
1,0.8,0.03,3,1,300,5,0.8,0.6715156486137063
1,0.8,0.03,3,1,300,5,0.8,0.6548121580196341
1,0.8,0.03,3,1,300,5,1.0,0.6404055397446149
1,0.8,0.03,3,1,300,5,1.0,0.6737593392823862
1,0.8,0.03,3,1,300,5,1.0,0.6573837926670325
1,0.8,0.03,3,1,500,1,0.8,0.6184759179989451
1,0.8,0.03,3,1,500,1,0.8,0.6472120948397293
1,0.8,0.03,3,1,500,1,0.8,0.6356864857875167
1,0.8,0.03,3,1,500,1,1.0,0.6192379354650558
1,0.8,0.03,3,1,500,1,1.0,0.6496845809154146
1,0.8,0.03,3,1,500,1,1.0,0.6405341994367696
1,0.8,0.03,3,1,500,5,0.8,0.6176097878337035
1,0.8,0.03,3,1,500,5,0.8,0.6482818469180434
1,0.8,0.03,3,1,500,5,0.8,0.6374475691370768
1,0.8,0.03,3,1,500,5,1.0,0.6217191089382125
1,0.8,0.03,3,1,500,5,1.0,0.6532364721050212
1,0.8,0.03,3,1,500,5,1.0,0.6411116492111694
1,0.8,0.03,3,5,100,1,0.8,0.7159108292821195
1,0.8,0.03,3,5,100,1,0.8,0.7492270260252722
1,0.8,0.03,3,5,100,1,0.8,0.7263543917158239
1,0.8,0.03,3,5,100,1,1.0,0.7166047049027976
1,0.8,0.03,3,5,100,1,1.0,0.7494222681208662
1,0.8,0.03,3,5,100,1,1.0,0.7280590952770323
1,0.8,0.03,3,5,100,5,0.8,0.7182930270405323
1,0.8,0.03,3,5,100,5,0.8,0.7501817217492206
1,0.8,0.03,3,5,100,5,0.8,0.7294385773440178
1,0.8,0.03,3,5,100,5,1.0,0.7188324703853899
1,0.8,0.03,3,5,100,5,1.0,0.7509439681767532
1,0.8,0.03,3,5,100,5,1.0,0.727754322929367
1,0.8,0.03,3,5,300,1,0.8,0.6359842326224592
1,0.8,0.03,3,5,300,1,0.8,0.6707499523925419
1,0.8,0.03,3,5,300,1,0.8,0.652825236119614
1,0.8,0.03,3,5,300,1,1.0,0.6373812435027413
1,0.8,0.03,3,5,300,1,1.0,0.6715128863560426
1,0.8,0.03,3,5,300,1,1.0,0.6563202808929832
1,0.8,0.03,3,5,300,5,0.8,0.636542049574548
1,0.8,0.03,3,5,300,5,0.8,0.6714696845169877
1,0.8,0.03,3,5,300,5,0.8,0.6560855748002464
1,0.8,0.03,3,5,300,5,1.0,0.6381201680542209
1,0.8,0.03,3,5,300,5,1.0,0.67476077181788
1,0.8,0.03,3,5,300,5,1.0,0.6566806924305659
1,0.8,0.03,3,5,500,1,0.8,0.6179050274208729
1,0.8,0.03,3,5,500,1,0.8,0.6476112715917606
1,0.8,0.03,3,5,500,1,0.8,0.6355604010085991
1,0.8,0.03,3,5,500,1,1.0,0.6197073749566898
1,0.8,0.03,3,5,500,1,1.0,0.650094019822306
1,0.8,0.03,3,5,500,1,1.0,0.6403042377284424
1,0.8,0.03,3,5,500,5,0.8,0.6181009452336883
1,0.8,0.03,3,5,500,5,0.8,0.6476107122595962
1,0.8,0.03,3,5,500,5,0.8,0.6382187114939394
1,0.8,0.03,3,5,500,5,1.0,0.6210440172689136
1,0.8,0.03,3,5,500,5,1.0,0.6544877918121345
1,0.8,0.03,3,5,500,5,1.0,0.6401471565996513
1,0.8,0.03,6,1,100,1,0.8,0.6297009635920823
1,0.8,0.03,6,1,100,1,0.8,0.6577683866789723
1,0.8,0.03,6,1,100,1,0.8,0.6401692981069808
1,0.8,0.03,6,1,100,1,1.0,0.6297955164863143
1,0.8,0.03,6,1,100,1,1.0,0.6590865439308784
1,0.8,0.03,6,1,100,1,1.0,0.6377861434685019
1,0.8,0.03,6,1,100,5,0.8,0.632267273581878
1,0.8,0.03,6,1,100,5,0.8,0.6658178517842298
1,0.8,0.03,6,1,100,5,0.8,0.6457692557408756
1,0.8,0.03,6,1,100,5,1.0,0.6349192981927251
1,0.8,0.03,6,1,100,5,1.0,0.6621544131047559
1,0.8,0.03,6,1,100,5,1.0,0.6455117681192861
1,0.8,0.03,6,1,300,1,0.8,0.5976429729143711
1,0.8,0.03,6,1,300,1,0.8,0.6146769431356756
1,0.8,0.03,6,1,300,1,0.8,0.608954647633377
1,0.8,0.03,6,1,300,1,1.0,0.6000909721030795
1,0.8,0.03,6,1,300,1,1.0,0.6161177658748361
1,0.8,0.03,6,1,300,1,1.0,0.610850509448937
1,0.8,0.03,6,1,300,5,0.8,0.5954666478360822
1,0.8,0.03,6,1,300,5,0.8,0.615963999932482
1,0.8,0.03,6,1,300,5,0.8,0.6071251237547045
1,0.8,0.03,6,1,300,5,1.0,0.5991850535821325
1,0.8,0.03,6,1,300,5,1.0,0.6169087921065262
1,0.8,0.03,6,1,300,5,1.0,0.614437325202189
1,0.8,0.03,6,1,500,1,0.8,0.5951097044898677
1,0.8,0.03,6,1,500,1,0.8,0.6093484825435279
1,0.8,0.03,6,1,500,1,0.8,0.6037297635165041
1,0.8,0.03,6,1,500,1,1.0,0.5969359858301909
1,0.8,0.03,6,1,500,1,1.0,0.6116634497136284
1,0.8,0.03,6,1,500,1,1.0,0.6074535160474903
1,0.8,0.03,6,1,500,5,0.8,0.5916600238224333
1,0.8,0.03,6,1,500,5,0.8,0.608856451403059
1,0.8,0.03,6,1,500,5,0.8,0.599982434507089
1,0.8,0.03,6,1,500,5,1.0,0.5952807518727137
1,0.8,0.03,6,1,500,5,1.0,0.6126286701923819
1,0.8,0.03,6,1,500,5,1.0,0.6079853597836872
1,0.8,0.03,6,5,100,1,0.8,0.6276798324473405
1,0.8,0.03,6,5,100,1,0.8,0.657605714352955
1,0.8,0.03,6,5,100,1,0.8,0.6388301974502801
1,0.8,0.03,6,5,100,1,1.0,0.6297294583967359
1,0.8,0.03,6,5,100,1,1.0,0.6589711300996632
1,0.8,0.03,6,5,100,1,1.0,0.6386761873812603
1,0.8,0.03,6,5,100,5,0.8,0.6313426342758519
1,0.8,0.03,6,5,100,5,0.8,0.6654027134167912
1,0.8,0.03,6,5,100,5,0.8,0.6473101482645336
1,0.8,0.03,6,5,100,5,1.0,0.6343716310811058
1,0.8,0.03,6,5,100,5,1.0,0.6612687638399226
1,0.8,0.03,6,5,100,5,1.0,0.6464329636188181
1,0.8,0.03,6,5,300,1,0.8,0.5970556245970674
1,0.8,0.03,6,5,300,1,0.8,0.6138987360143005
1,0.8,0.03,6,5,300,1,0.8,0.6078861374180826
1,0.8,0.03,6,5,300,1,1.0,0.5984347012190981
1,0.8,0.03,6,5,300,1,1.0,0.6194642781940365
1,0.8,0.03,6,5,300,1,1.0,0.6097107258811578
1,0.8,0.03,6,5,300,5,0.8,0.5951399783816133
1,0.8,0.03,6,5,300,5,0.8,0.617564901936799
1,0.8,0.03,6,5,300,5,0.8,0.6086395062630144
1,0.8,0.03,6,5,300,5,1.0,0.5968819541319169
1,0.8,0.03,6,5,300,5,1.0,0.6152317977817802
1,0.8,0.03,6,5,300,5,1.0,0.6138286770374244
1,0.8,0.03,6,5,500,1,0.8,0.5949644848850595
1,0.8,0.03,6,5,500,1,0.8,0.6069750335741255
1,0.8,0.03,6,5,500,1,0.8,0.6030743836493059
1,0.8,0.03,6,5,500,1,1.0,0.5961764594811653
1,0.8,0.03,6,5,500,1,1.0,0.6145211887203433
1,0.8,0.03,6,5,500,1,1.0,0.6060698696675126
1,0.8,0.03,6,5,500,5,0.8,0.5919031199396972
1,0.8,0.03,6,5,500,5,0.8,0.6108102940225226
1,0.8,0.03,6,5,500,5,0.8,0.6026826523916894
1,0.8,0.03,6,5,500,5,1.0,0.5937413058980787
1,0.8,0.03,6,5,500,5,1.0,0.6093294693290626
1,0.8,0.03,6,5,500,5,1.0,0.6075568168005574
1,0.8,0.1,3,1,100,1,0.8,0.6356091493989527
1,0.8,0.1,3,1,100,1,0.8,0.6681910937708221
1,0.8,0.1,3,1,100,1,0.8,0.6518793258451737
1,0.8,0.1,3,1,100,1,1.0,0.6369744761835678
1,0.8,0.1,3,1,100,1,1.0,0.666454721555799
1,0.8,0.1,3,1,100,1,1.0,0.6514215170308849
1,0.8,0.1,3,1,100,5,0.8,0.6387519806437723
1,0.8,0.1,3,1,100,5,0.8,0.6716652997712437
1,0.8,0.1,3,1,100,5,0.8,0.6538428275189841
1,0.8,0.1,3,1,100,5,1.0,0.6390494625896558
1,0.8,0.1,3,1,100,5,1.0,0.6728480839218963
1,0.8,0.1,3,1,100,5,1.0,0.6551233862150647
1,0.8,0.1,3,1,300,1,0.8,0.6043909980650782
1,0.8,0.1,3,1,300,1,0.8,0.6286909088620392
1,0.8,0.1,3,1,300,1,0.8,0.6237524835476116
1,0.8,0.1,3,1,300,1,1.0,0.6079737907074177
1,0.8,0.1,3,1,300,1,1.0,0.6278730791109811
1,0.8,0.1,3,1,300,1,1.0,0.6234798639381836
1,0.8,0.1,3,1,300,5,0.8,0.6052055022792775
1,0.8,0.1,3,1,300,5,0.8,0.6304869139609462
1,0.8,0.1,3,1,300,5,0.8,0.6236652172259016
1,0.8,0.1,3,1,300,5,1.0,0.6080475300806577
1,0.8,0.1,3,1,300,5,1.0,0.632913518483277
1,0.8,0.1,3,1,300,5,1.0,0.6311375567200159
1,0.8,0.1,3,1,500,1,0.8,0.5981888644917173
1,0.8,0.1,3,1,500,1,0.8,0.619623537227944
1,0.8,0.1,3,1,500,1,0.8,0.6175630691585605
1,0.8,0.1,3,1,500,1,1.0,0.6021111255801269
1,0.8,0.1,3,1,500,1,1.0,0.6197905111435502
1,0.8,0.1,3,1,500,1,1.0,0.6180943261810816
1,0.8,0.1,3,1,500,5,0.8,0.5987137772478878
1,0.8,0.1,3,1,500,5,0.8,0.6185150240730135
1,0.8,0.1,3,1,500,5,0.8,0.6154537419731602
1,0.8,0.1,3,1,500,5,1.0,0.6021689799754029
1,0.8,0.1,3,1,500,5,1.0,0.6226596705708695
1,0.8,0.1,3,1,500,5,1.0,0.623165777201348
1,0.8,0.1,3,5,100,1,0.8,0.636448233900008
1,0.8,0.1,3,5,100,1,0.8,0.6677703599166465
1,0.8,0.1,3,5,100,1,0.8,0.6508266523362779
1,0.8,0.1,3,5,100,1,1.0,0.6375038316729534
1,0.8,0.1,3,5,100,1,1.0,0.6700725489020466
1,0.8,0.1,3,5,100,1,1.0,0.6524590486197203
1,0.8,0.1,3,5,100,5,0.8,0.63718163180681
1,0.8,0.1,3,5,100,5,0.8,0.6723660142005096
1,0.8,0.1,3,5,100,5,0.8,0.6530244790008345
1,0.8,0.1,3,5,100,5,1.0,0.6390672071297304
1,0.8,0.1,3,5,100,5,1.0,0.6735776053492027
1,0.8,0.1,3,5,100,5,1.0,0.6538613968288005
1,0.8,0.1,3,5,300,1,0.8,0.6086017695673335
1,0.8,0.1,3,5,300,1,0.8,0.6274239900850996
1,0.8,0.1,3,5,300,1,0.8,0.6244925845123535
1,0.8,0.1,3,5,300,1,1.0,0.6078303577063637
1,0.8,0.1,3,5,300,1,1.0,0.6300860445773784
1,0.8,0.1,3,5,300,1,1.0,0.624946895171921
1,0.8,0.1,3,5,300,5,0.8,0.6074984536093296
1,0.8,0.1,3,5,300,5,0.8,0.6308200556850053
1,0.8,0.1,3,5,300,5,0.8,0.6259674783957127
1,0.8,0.1,3,5,300,5,1.0,0.6088447476355696
1,0.8,0.1,3,5,300,5,1.0,0.636262276532527
1,0.8,0.1,3,5,300,5,1.0,0.6280070928277395
1,0.8,0.1,3,5,500,1,0.8,0.6017669046802444
1,0.8,0.1,3,5,500,1,0.8,0.6188272467195727
1,0.8,0.1,3,5,500,1,0.8,0.6190152268760393
1,0.8,0.1,3,5,500,1,1.0,0.6020118456696338
1,0.8,0.1,3,5,500,1,1.0,0.6211035412746952
1,0.8,0.1,3,5,500,1,1.0,0.6206129462528194
1,0.8,0.1,3,5,500,5,0.8,0.600447267802753
1,0.8,0.1,3,5,500,5,0.8,0.6218138947102926
1,0.8,0.1,3,5,500,5,0.8,0.6176076348508993
1,0.8,0.1,3,5,500,5,1.0,0.6034677511784408
1,0.8,0.1,3,5,500,5,1.0,0.626235822732392
1,0.8,0.1,3,5,500,5,1.0,0.6211291488344833
1,0.8,0.1,6,1,100,1,0.8,0.6006257804505124
1,0.8,0.1,6,1,100,1,0.8,0.6233815428347916
1,0.8,0.1,6,1,100,1,0.8,0.6120393708999592
1,0.8,0.1,6,1,100,1,1.0,0.6086575323730357
1,0.8,0.1,6,1,100,1,1.0,0.6250064322313007
1,0.8,0.1,6,1,100,1,1.0,0.616879021216812
1,0.8,0.1,6,1,100,5,0.8,0.5990445545051941
1,0.8,0.1,6,1,100,5,0.8,0.6189047242477371
1,0.8,0.1,6,1,100,5,0.8,0.6122567885507564
1,0.8,0.1,6,1,100,5,1.0,0.6026773897893805
1,0.8,0.1,6,1,100,5,1.0,0.6178280439982633
1,0.8,0.1,6,1,100,5,1.0,0.6181729766782534
1,0.8,0.1,6,1,300,1,0.8,0.6011289832401869
1,0.8,0.1,6,1,300,1,0.8,0.6207865826479979
1,0.8,0.1,6,1,300,1,0.8,0.6109440822899105
1,0.8,0.1,6,1,300,1,1.0,0.6075893494042871
1,0.8,0.1,6,1,300,1,1.0,0.6198091375058773
1,0.8,0.1,6,1,300,1,1.0,0.6145620746870004
1,0.8,0.1,6,1,300,5,0.8,0.6020390645163667
1,0.8,0.1,6,1,300,5,0.8,0.6167796016155999
1,0.8,0.1,6,1,300,5,0.8,0.6076131787547738
1,0.8,0.1,6,1,300,5,1.0,0.603100168165583
1,0.8,0.1,6,1,300,5,1.0,0.6117344875184004
1,0.8,0.1,6,1,300,5,1.0,0.6117954606767239
1,0.8,0.1,6,1,500,1,0.8,0.603329139907984
1,0.8,0.1,6,1,500,1,0.8,0.624068118870135
1,0.8,0.1,6,1,500,1,0.8,0.6131589455532359
1,0.8,0.1,6,1,500,1,1.0,0.6104434245361476
1,0.8,0.1,6,1,500,1,1.0,0.6233042938800941
1,0.8,0.1,6,1,500,1,1.0,0.615413274933883
1,0.8,0.1,6,1,500,5,0.8,0.6048289696625011
1,0.8,0.1,6,1,500,5,0.8,0.6209234737233652
1,0.8,0.1,6,1,500,5,0.8,0.6114974119988905
1,0.8,0.1,6,1,500,5,1.0,0.6050146322799999
1,0.8,0.1,6,1,500,5,1.0,0.6141598088740817
1,0.8,0.1,6,1,500,5,1.0,0.6130112591998509
1,0.8,0.1,6,5,100,1,0.8,0.6008884808240774
1,0.8,0.1,6,5,100,1,0.8,0.6213024615009781
1,0.8,0.1,6,5,100,1,0.8,0.6152863544418823
1,0.8,0.1,6,5,100,1,1.0,0.6053582193240126
1,0.8,0.1,6,5,100,1,1.0,0.6200765056349455
1,0.8,0.1,6,5,100,1,1.0,0.6150041991869382
1,0.8,0.1,6,5,100,5,0.8,0.5995573794320435
1,0.8,0.1,6,5,100,5,0.8,0.6171783267794909
1,0.8,0.1,6,5,100,5,0.8,0.6161166700602898
1,0.8,0.1,6,5,100,5,1.0,0.6014394117012613
1,0.8,0.1,6,5,100,5,1.0,0.6173916737717035
1,0.8,0.1,6,5,100,5,1.0,0.6191129262082282
1,0.8,0.1,6,5,300,1,0.8,0.6016708253507248
1,0.8,0.1,6,5,300,1,0.8,0.6197809978362694
1,0.8,0.1,6,5,300,1,0.8,0.6125059717862275
1,0.8,0.1,6,5,300,1,1.0,0.6081272773878433
1,0.8,0.1,6,5,300,1,1.0,0.6155775707743876
1,0.8,0.1,6,5,300,1,1.0,0.6139035608167669
1,0.8,0.1,6,5,300,5,0.8,0.5982926947756693
1,0.8,0.1,6,5,300,5,0.8,0.6149434693791399
1,0.8,0.1,6,5,300,5,0.8,0.6096421905071481
1,0.8,0.1,6,5,300,5,1.0,0.6008382122927546
1,0.8,0.1,6,5,300,5,1.0,0.6125747598240311
1,0.8,0.1,6,5,300,5,1.0,0.6148337351258714
1,0.8,0.1,6,5,500,1,0.8,0.6054778363382078
1,0.8,0.1,6,5,500,1,0.8,0.6249952246785571
1,0.8,0.1,6,5,500,1,0.8,0.614901925387162
1,0.8,0.1,6,5,500,1,1.0,0.6113953499152329
1,0.8,0.1,6,5,500,1,1.0,0.6182626138468
1,0.8,0.1,6,5,500,1,1.0,0.6150802701917715
1,0.8,0.1,6,5,500,5,0.8,0.6022075503748521
1,0.8,0.1,6,5,500,5,0.8,0.6173976405131203
1,0.8,0.1,6,5,500,5,0.8,0.6123049137850863
1,0.8,0.1,6,5,500,5,1.0,0.6035742889219037
1,0.8,0.1,6,5,500,5,1.0,0.6154070528120192
1,0.8,0.1,6,5,500,5,1.0,0.6173730726867577
1,1.0,0.03,3,1,100,1,0.8,0.7142533762208402
1,1.0,0.03,3,1,100,1,0.8,0.7470219794905414
1,1.0,0.03,3,1,100,1,0.8,0.7256301828384556
1,1.0,0.03,3,1,100,1,1.0,0.715157703698628
1,1.0,0.03,3,1,100,1,1.0,0.7492033510926495
1,1.0,0.03,3,1,100,1,1.0,0.7268050220598237
1,1.0,0.03,3,1,100,5,0.8,0.7167194490723955
1,1.0,0.03,3,1,100,5,0.8,0.7496179973345966
1,1.0,0.03,3,1,100,5,0.8,0.7274285194843164
1,1.0,0.03,3,1,100,5,1.0,0.7176628530383129
1,1.0,0.03,3,1,100,5,1.0,0.7515945786964121
1,1.0,0.03,3,1,100,5,1.0,0.7282196214632152
1,1.0,0.03,3,1,300,1,0.8,0.6361938765768717
1,1.0,0.03,3,1,300,1,0.8,0.6690801291496453
1,1.0,0.03,3,1,300,1,0.8,0.6531821906503553
1,1.0,0.03,3,1,300,1,1.0,0.6372964809575626
1,1.0,0.03,3,1,300,1,1.0,0.6717686169451604
1,1.0,0.03,3,1,300,1,1.0,0.6568137750842067
1,1.0,0.03,3,1,300,5,0.8,0.6364180786438223
1,1.0,0.03,3,1,300,5,0.8,0.6720716907137345
1,1.0,0.03,3,1,300,5,0.8,0.6542123173128409
1,1.0,0.03,3,1,300,5,1.0,0.6391658663089169
1,1.0,0.03,3,1,300,5,1.0,0.6758234292148574
1,1.0,0.03,3,1,300,5,1.0,0.6583075394405018
1,1.0,0.03,3,1,500,1,0.8,0.6191177212413604
1,1.0,0.03,3,1,500,1,0.8,0.6445455724085299
1,1.0,0.03,3,1,500,1,0.8,0.6363083177037835
1,1.0,0.03,3,1,500,1,1.0,0.619395410226402
1,1.0,0.03,3,1,500,1,1.0,0.6506824710181994
1,1.0,0.03,3,1,500,1,1.0,0.6408087107107716
1,1.0,0.03,3,1,500,5,0.8,0.6181403424550629
1,1.0,0.03,3,1,500,5,0.8,0.6481654758071631
1,1.0,0.03,3,1,500,5,0.8,0.6363717399953105
1,1.0,0.03,3,1,500,5,1.0,0.6214044373696802
1,1.0,0.03,3,1,500,5,1.0,0.6541605493050774
1,1.0,0.03,3,1,500,5,1.0,0.6435595025818216
1,1.0,0.03,3,5,100,1,0.8,0.7153229608364806
1,1.0,0.03,3,5,100,1,0.8,0.7468030966822404
1,1.0,0.03,3,5,100,1,0.8,0.7256091518068563
1,1.0,0.03,3,5,100,1,1.0,0.7143477630413506
1,1.0,0.03,3,5,100,1,1.0,0.7486979496724494
1,1.0,0.03,3,5,100,1,1.0,0.7270232677117288
1,1.0,0.03,3,5,100,5,0.8,0.7166065958678987
1,1.0,0.03,3,5,100,5,0.8,0.7496179973345966
1,1.0,0.03,3,5,100,5,0.8,0.7274017661604802
1,1.0,0.03,3,5,100,5,1.0,0.7178408008575587
1,1.0,0.03,3,5,100,5,1.0,0.7518894605670882
1,1.0,0.03,3,5,100,5,1.0,0.7282196214632152
1,1.0,0.03,3,5,300,1,0.8,0.6350638836958339
1,1.0,0.03,3,5,300,1,0.8,0.6692863737994262
1,1.0,0.03,3,5,300,1,0.8,0.6540190862776917
1,1.0,0.03,3,5,300,1,1.0,0.6375770379346779
1,1.0,0.03,3,5,300,1,1.0,0.6705098044658933
1,1.0,0.03,3,5,300,1,1.0,0.6566115301336106
1,1.0,0.03,3,5,300,5,0.8,0.6359509556310136
1,1.0,0.03,3,5,300,5,0.8,0.6724295046639454
1,1.0,0.03,3,5,300,5,0.8,0.6547733688817062
1,1.0,0.03,3,5,300,5,1.0,0.6384224634016569
1,1.0,0.03,3,5,300,5,1.0,0.6752955763665077
1,1.0,0.03,3,5,300,5,1.0,0.657948043212285
1,1.0,0.03,3,5,500,1,0.8,0.6171233708408514
1,1.0,0.03,3,5,500,1,0.8,0.6445872307552659
1,1.0,0.03,3,5,500,1,0.8,0.6360869382578327
1,1.0,0.03,3,5,500,1,1.0,0.6196670625762561
1,1.0,0.03,3,5,500,1,1.0,0.6499769506288067
1,1.0,0.03,3,5,500,1,1.0,0.6411751496163995
1,1.0,0.03,3,5,500,5,0.8,0.6186350236033639
1,1.0,0.03,3,5,500,5,0.8,0.6485023195819
1,1.0,0.03,3,5,500,5,0.8,0.6361750754305899
1,1.0,0.03,3,5,500,5,1.0,0.6193193311112051
1,1.0,0.03,3,5,500,5,1.0,0.6550077813316763
1,1.0,0.03,3,5,500,5,1.0,0.643376977383507
1,1.0,0.03,6,1,100,1,0.8,0.6287079395513542
1,1.0,0.03,6,1,100,1,0.8,0.6581188929047195
1,1.0,0.03,6,1,100,1,0.8,0.6378333849448333
1,1.0,0.03,6,1,100,1,1.0,0.6343860461745084
1,1.0,0.03,6,1,100,1,1.0,0.6619503983521732
1,1.0,0.03,6,1,100,1,1.0,0.6408686217928584
1,1.0,0.03,6,1,100,5,0.8,0.6334247920772198
1,1.0,0.03,6,1,100,5,0.8,0.6632938866348094
1,1.0,0.03,6,1,100,5,0.8,0.6470587721183733
1,1.0,0.03,6,1,100,5,1.0,0.638080138777316
1,1.0,0.03,6,1,100,5,1.0,0.665477519476417
1,1.0,0.03,6,1,100,5,1.0,0.6447381033710297
1,1.0,0.03,6,1,300,1,0.8,0.5963321414898536
1,1.0,0.03,6,1,300,1,0.8,0.6160162348414637
1,1.0,0.03,6,1,300,1,0.8,0.6062021868309865
1,1.0,0.03,6,1,300,1,1.0,0.6058173457831226
1,1.0,0.03,6,1,300,1,1.0,0.622701198799846
1,1.0,0.03,6,1,300,1,1.0,0.6118736583563871
1,1.0,0.03,6,1,300,5,0.8,0.5944107701824658
1,1.0,0.03,6,1,300,5,0.8,0.6165855957796122
1,1.0,0.03,6,1,300,5,0.8,0.6104141935520931
1,1.0,0.03,6,1,300,5,1.0,0.6042741821485847
1,1.0,0.03,6,1,300,5,1.0,0.6202488378378634
1,1.0,0.03,6,1,300,5,1.0,0.615376691122014
1,1.0,0.03,6,1,500,1,0.8,0.5932863363945441
1,1.0,0.03,6,1,500,1,0.8,0.6100496966915804
1,1.0,0.03,6,1,500,1,0.8,0.6015878464985523
1,1.0,0.03,6,1,500,1,1.0,0.6036306519786269
1,1.0,0.03,6,1,500,1,1.0,0.6177918219517053
1,1.0,0.03,6,1,500,1,1.0,0.6071498769965715
1,1.0,0.03,6,1,500,5,0.8,0.5916902954992631
1,1.0,0.03,6,1,500,5,0.8,0.6106001397760624
1,1.0,0.03,6,1,500,5,0.8,0.6048116237456549
1,1.0,0.03,6,1,500,5,1.0,0.6013149312065578
1,1.0,0.03,6,1,500,5,1.0,0.6150641906413865
1,1.0,0.03,6,1,500,5,1.0,0.6102015099934888
1,1.0,0.03,6,5,100,1,0.8,0.6272707118818612
1,1.0,0.03,6,5,100,1,0.8,0.6579136923979386
1,1.0,0.03,6,5,100,1,0.8,0.6386021305318508
1,1.0,0.03,6,5,100,1,1.0,0.6319978153868387
1,1.0,0.03,6,5,100,1,1.0,0.6615822740668192
1,1.0,0.03,6,5,100,1,1.0,0.6414059275199574
1,1.0,0.03,6,5,100,5,0.8,0.6323465779647759
1,1.0,0.03,6,5,100,5,0.8,0.6641975202315021
1,1.0,0.03,6,5,100,5,0.8,0.6455274333433441
1,1.0,0.03,6,5,100,5,1.0,0.6364746049146186
1,1.0,0.03,6,5,100,5,1.0,0.6645210317853045
1,1.0,0.03,6,5,100,5,1.0,0.6447498268320422
1,1.0,0.03,6,5,300,1,0.8,0.5946008620943679
1,1.0,0.03,6,5,300,1,0.8,0.614739855318271
1,1.0,0.03,6,5,300,1,0.8,0.6069450537937432
1,1.0,0.03,6,5,300,1,1.0,0.6026585466158979
1,1.0,0.03,6,5,300,1,1.0,0.6208888998886893
1,1.0,0.03,6,5,300,1,1.0,0.613983656105314
1,1.0,0.03,6,5,300,5,0.8,0.5963436665530136
1,1.0,0.03,6,5,300,5,0.8,0.6151971570972398
1,1.0,0.03,6,5,300,5,0.8,0.6100195903048621
1,1.0,0.03,6,5,300,5,1.0,0.6022547121929175
1,1.0,0.03,6,5,300,5,1.0,0.6196672721110285
1,1.0,0.03,6,5,300,5,1.0,0.6156350329543956
1,1.0,0.03,6,5,500,1,0.8,0.5926288966236501
1,1.0,0.03,6,5,500,1,0.8,0.6079490868388038
1,1.0,0.03,6,5,500,1,0.8,0.6011610933589343
1,1.0,0.03,6,5,500,1,1.0,0.5995101178124601
1,1.0,0.03,6,5,500,1,1.0,0.6165306324767926
1,1.0,0.03,6,5,500,1,1.0,0.6101448403883106
1,1.0,0.03,6,5,500,5,0.8,0.5931489756093469
1,1.0,0.03,6,5,500,5,0.8,0.6085640317356937
1,1.0,0.03,6,5,500,5,0.8,0.6040468362498421
1,1.0,0.03,6,5,500,5,1.0,0.600282302071627
1,1.0,0.03,6,5,500,5,1.0,0.6138416470745475
1,1.0,0.03,6,5,500,5,1.0,0.6098187994127763
1,1.0,0.1,3,1,100,1,0.8,0.6339668278383535
1,1.0,0.1,3,1,100,1,0.8,0.6690886428300974
1,1.0,0.1,3,1,100,1,0.8,0.6551421829525579
1,1.0,0.1,3,1,100,1,1.0,0.6333014336292553
1,1.0,0.1,3,1,100,1,1.0,0.6693266757447425
1,1.0,0.1,3,1,100,1,1.0,0.6514008036410068
1,1.0,0.1,3,1,100,5,0.8,0.6320052706673482
1,1.0,0.1,3,1,100,5,0.8,0.6695209789343012
1,1.0,0.1,3,1,100,5,0.8,0.6539141579676189
1,1.0,0.1,3,1,100,5,1.0,0.6373598910450043
1,1.0,0.1,3,1,100,5,1.0,0.6683863164522764
1,1.0,0.1,3,1,100,5,1.0,0.6558300575033235
1,1.0,0.1,3,1,300,1,0.8,0.60127525579301
1,1.0,0.1,3,1,300,1,0.8,0.630661672770449
1,1.0,0.1,3,1,300,1,0.8,0.6241912810826482
1,1.0,0.1,3,1,300,1,1.0,0.6060530835016684
1,1.0,0.1,3,1,300,1,1.0,0.6313290674263057
1,1.0,0.1,3,1,300,1,1.0,0.626795544796177
1,1.0,0.1,3,1,300,5,0.8,0.6025106544900946
1,1.0,0.1,3,1,300,5,0.8,0.633170317751861
1,1.0,0.1,3,1,300,5,0.8,0.6251829853572595
1,1.0,0.1,3,1,300,5,1.0,0.6089955395344581
1,1.0,0.1,3,1,300,5,1.0,0.6327104626516636
1,1.0,0.1,3,1,300,5,1.0,0.6278803495877578
1,1.0,0.1,3,1,500,1,0.8,0.5967892544565947
1,1.0,0.1,3,1,500,1,0.8,0.6214598405605765
1,1.0,0.1,3,1,500,1,0.8,0.6152290728196635
1,1.0,0.1,3,1,500,1,1.0,0.600644372868173
1,1.0,0.1,3,1,500,1,1.0,0.6232192433284134
1,1.0,0.1,3,1,500,1,1.0,0.6193565756178812
1,1.0,0.1,3,1,500,5,0.8,0.5975137712008015
1,1.0,0.1,3,1,500,5,0.8,0.6221845199159066
1,1.0,0.1,3,1,500,5,0.8,0.6158871540391686
1,1.0,0.1,3,1,500,5,1.0,0.6020634673409729
1,1.0,0.1,3,1,500,5,1.0,0.6237372017761281
1,1.0,0.1,3,1,500,5,1.0,0.6219883580753124
1,1.0,0.1,3,5,100,1,0.8,0.63460140004876
1,1.0,0.1,3,5,100,1,0.8,0.6695519082946777
1,1.0,0.1,3,5,100,1,0.8,0.6550226075925896
1,1.0,0.1,3,5,100,1,1.0,0.6305065043218614
1,1.0,0.1,3,5,100,1,1.0,0.6667162945370707
1,1.0,0.1,3,5,100,1,1.0,0.6513865035267904
1,1.0,0.1,3,5,100,5,0.8,0.631250395523744
1,1.0,0.1,3,5,100,5,0.8,0.6705461687240719
1,1.0,0.1,3,5,100,5,0.8,0.6543095664661216
1,1.0,0.1,3,5,100,5,1.0,0.6360982645452925
1,1.0,0.1,3,5,100,5,1.0,0.6671089451878355
1,1.0,0.1,3,5,100,5,1.0,0.6548220831891176
1,1.0,0.1,3,5,300,1,0.8,0.6016208816356442
1,1.0,0.1,3,5,300,1,0.8,0.6285286819057123
1,1.0,0.1,3,5,300,1,0.8,0.624411620729459
1,1.0,0.1,3,5,300,1,1.0,0.6020131427845569
1,1.0,0.1,3,5,300,1,1.0,0.6278094504764542
1,1.0,0.1,3,5,300,1,1.0,0.6253472967708399
1,1.0,0.1,3,5,300,5,0.8,0.6019827658364032
1,1.0,0.1,3,5,300,5,0.8,0.6322134450593655
1,1.0,0.1,3,5,300,5,0.8,0.6251984472517781
1,1.0,0.1,3,5,300,5,1.0,0.6078957760671259
1,1.0,0.1,3,5,300,5,1.0,0.6315033984355188
1,1.0,0.1,3,5,300,5,1.0,0.6298288906047131
1,1.0,0.1,3,5,500,1,0.8,0.596635784626685
1,1.0,0.1,3,5,500,1,0.8,0.6184570260080967
1,1.0,0.1,3,5,500,1,0.8,0.6174323733032022
1,1.0,0.1,3,5,500,1,1.0,0.5967559385718049
1,1.0,0.1,3,5,500,1,1.0,0.6199413707878765
1,1.0,0.1,3,5,500,1,1.0,0.6200460282049033
1,1.0,0.1,3,5,500,5,0.8,0.5970326688367382
1,1.0,0.1,3,5,500,5,0.8,0.6221407734961443
1,1.0,0.1,3,5,500,5,0.8,0.6153682449991029
1,1.0,0.1,3,5,500,5,1.0,0.601937824094695
1,1.0,0.1,3,5,500,5,1.0,0.6237604417168903
1,1.0,0.1,3,5,500,5,1.0,0.621301609034312
1,1.0,0.1,6,1,100,1,0.8,0.6091709283068607
1,1.0,0.1,6,1,100,1,0.8,0.6261293481766835
1,1.0,0.1,6,1,100,1,0.8,0.6156464280090521
1,1.0,0.1,6,1,100,1,1.0,0.6083365065074127
1,1.0,0.1,6,1,100,1,1.0,0.6257876413169153
1,1.0,0.1,6,1,100,1,1.0,0.6195317048586931
1,1.0,0.1,6,1,100,5,0.8,0.6058740787537886
1,1.0,0.1,6,1,100,5,0.8,0.6235279602205929
1,1.0,0.1,6,1,100,5,0.8,0.6140838672927449
1,1.0,0.1,6,1,100,5,1.0,0.6068770696513905
1,1.0,0.1,6,1,100,5,1.0,0.6220955847763158
1,1.0,0.1,6,1,100,5,1.0,0.6194828938039465
1,1.0,0.1,6,1,300,1,0.8,0.6119509105515728
1,1.0,0.1,6,1,300,1,0.8,0.623096349896525
1,1.0,0.1,6,1,300,1,0.8,0.61381951926156
1,1.0,0.1,6,1,300,1,1.0,0.6101235771589218
1,1.0,0.1,6,1,300,1,1.0,0.6255632393619982
1,1.0,0.1,6,1,300,1,1.0,0.6178336688595443
1,1.0,0.1,6,1,300,5,0.8,0.6094032846115736
1,1.0,0.1,6,1,300,5,0.8,0.6200726561187758
1,1.0,0.1,6,1,300,5,0.8,0.6081214586509747
1,1.0,0.1,6,1,300,5,1.0,0.6068413694800507
1,1.0,0.1,6,1,300,5,1.0,0.6165684863948948
1,1.0,0.1,6,1,300,5,1.0,0.6154972977671528
1,1.0,0.1,6,1,500,1,0.8,0.6140548777717146
1,1.0,0.1,6,1,500,1,0.8,0.6270078586263896
1,1.0,0.1,6,1,500,1,0.8,0.6171462316705062
1,1.0,0.1,6,1,500,1,1.0,0.6129252327134513
1,1.0,0.1,6,1,500,1,1.0,0.6281212746248178
1,1.0,0.1,6,1,500,1,1.0,0.6212671537793938
1,1.0,0.1,6,1,500,5,0.8,0.6131274508787407
1,1.0,0.1,6,1,500,5,0.8,0.6234718814700528
1,1.0,0.1,6,1,500,5,0.8,0.612659618747891
1,1.0,0.1,6,1,500,5,1.0,0.6104932427742824
1,1.0,0.1,6,1,500,5,1.0,0.6177978997626684
1,1.0,0.1,6,1,500,5,1.0,0.6161281469548087
1,1.0,0.1,6,5,100,1,0.8,0.6032811086504485
1,1.0,0.1,6,5,100,1,0.8,0.6231450066558679
1,1.0,0.1,6,5,100,1,0.8,0.6123400226486369
1,1.0,0.1,6,5,100,1,1.0,0.6079248906798087
1,1.0,0.1,6,5,100,1,1.0,0.6246959429438679
1,1.0,0.1,6,5,100,1,1.0,0.6152426530885685
1,1.0,0.1,6,5,100,5,0.8,0.6020485315264734
1,1.0,0.1,6,5,100,5,0.8,0.6219807364706957
1,1.0,0.1,6,5,100,5,0.8,0.61659524092997
1,1.0,0.1,6,5,100,5,1.0,0.6039436535171802
1,1.0,0.1,6,5,100,5,1.0,0.6204452684579046
1,1.0,0.1,6,5,100,5,1.0,0.6182281055408272
1,1.0,0.1,6,5,300,1,0.8,0.6084893594533399
1,1.0,0.1,6,5,300,1,0.8,0.6206307476759755
1,1.0,0.1,6,5,300,1,0.8,0.6111329816994165
1,1.0,0.1,6,5,300,1,1.0,0.6109142105321675
1,1.0,0.1,6,5,300,1,1.0,0.6233909809671851
1,1.0,0.1,6,5,300,1,1.0,0.6129886755650409
1,1.0,0.1,6,5,300,5,0.8,0.605158252942396
1,1.0,0.1,6,5,300,5,0.8,0.6165549011561738
1,1.0,0.1,6,5,300,5,0.8,0.6122554633846685
1,1.0,0.1,6,5,300,5,1.0,0.605094961219343
1,1.0,0.1,6,5,300,5,1.0,0.6166865018783478
1,1.0,0.1,6,5,300,5,1.0,0.6117693103759341
1,1.0,0.1,6,5,500,1,0.8,0.6121762632695406
1,1.0,0.1,6,5,500,1,0.8,0.6247742978531146
1,1.0,0.1,6,5,500,1,0.8,0.6135509006162391
1,1.0,0.1,6,5,500,1,1.0,0.6129967548522416
1,1.0,0.1,6,5,500,1,1.0,0.6249836083773589
1,1.0,0.1,6,5,500,1,1.0,0.6152973596437575
1,1.0,0.1,6,5,500,5,0.8,0.6087969948009465
1,1.0,0.1,6,5,500,5,0.8,0.6202542048343489
1,1.0,0.1,6,5,500,5,0.8,0.6150674028807387
1,1.0,0.1,6,5,500,5,1.0,0.6081293383529688
1,1.0,0.1,6,5,500,5,1.0,0.6187780871552941
1,1.0,0.1,6,5,500,5,1.0,0.6138588024285291
2,0.8,0.03,3,1,100,1,0.8,0.71888776442815
2,0.8,0.03,3,1,100,1,0.8,0.7283157983773815
2,0.8,0.03,3,1,100,1,0.8,0.7200863839388785
2,0.8,0.03,3,1,100,1,1.0,0.7210325196204076
2,0.8,0.03,3,1,100,1,1.0,0.7286146154082357
2,0.8,0.03,3,1,100,1,1.0,0.7239831577387714
2,0.8,0.03,3,1,100,5,0.8,0.7211334205905303
2,0.8,0.03,3,1,100,5,0.8,0.7298039385246445
2,0.8,0.03,3,1,100,5,0.8,0.7213352668680041
2,0.8,0.03,3,1,100,5,1.0,0.7215328356195347
2,0.8,0.03,3,1,100,5,1.0,0.7314686293120853
2,0.8,0.03,3,1,100,5,1.0,0.726409691190708
2,0.8,0.03,3,1,300,1,0.8,0.6432739341303756
2,0.8,0.03,3,1,300,1,0.8,0.650591132882782
2,0.8,0.03,3,1,300,1,0.8,0.6491123550563289
2,0.8,0.03,3,1,300,1,1.0,0.6459176049290232
2,0.8,0.03,3,1,300,1,1.0,0.6536069255306929
2,0.8,0.03,3,1,300,1,1.0,0.65255857977932
2,0.8,0.03,3,1,300,5,0.8,0.6453325331416015
2,0.8,0.03,3,1,300,5,0.8,0.6527746049473508
2,0.8,0.03,3,1,300,5,0.8,0.6484255459812704
2,0.8,0.03,3,1,300,5,1.0,0.6476870311592466
2,0.8,0.03,3,1,300,5,1.0,0.6548951382665696
2,0.8,0.03,3,1,300,5,1.0,0.6540088931230406
2,0.8,0.03,3,1,500,1,0.8,0.6247865081674171
2,0.8,0.03,3,1,500,1,0.8,0.6288604062502049
2,0.8,0.03,3,1,500,1,0.8,0.6305201873129423
2,0.8,0.03,3,1,500,1,1.0,0.6278989590501921
2,0.8,0.03,3,1,500,1,1.0,0.6325201836334347
2,0.8,0.03,3,1,500,1,1.0,0.6361010524866052
2,0.8,0.03,3,1,500,5,0.8,0.6254255323371157
2,0.8,0.03,3,1,500,5,0.8,0.6311211816090628
2,0.8,0.03,3,1,500,5,0.8,0.6293060022582707
2,0.8,0.03,3,1,500,5,1.0,0.6293952450648582
2,0.8,0.03,3,1,500,5,1.0,0.6334658140869561
2,0.8,0.03,3,1,500,5,1.0,0.635427798400898
2,0.8,0.03,3,5,100,1,0.8,0.7201128456826654
2,0.8,0.03,3,5,100,1,0.8,0.7278388948540095
2,0.8,0.03,3,5,100,1,0.8,0.7206545593355367
2,0.8,0.03,3,5,100,1,1.0,0.7218316819776535
2,0.8,0.03,3,5,100,1,1.0,0.7301265340007757
2,0.8,0.03,3,5,100,1,1.0,0.7236365031096319
2,0.8,0.03,3,5,100,5,0.8,0.7211493579120357
2,0.8,0.03,3,5,100,5,0.8,0.7297267764358939
2,0.8,0.03,3,5,100,5,0.8,0.7215804278965564
2,0.8,0.03,3,5,100,5,1.0,0.7215381566444592
2,0.8,0.03,3,5,100,5,1.0,0.731384654397067
2,0.8,0.03,3,5,100,5,1.0,0.7254676790939494
2,0.8,0.03,3,5,300,1,0.8,0.6433700268019678
2,0.8,0.03,3,5,300,1,0.8,0.6507380093211618
2,0.8,0.03,3,5,300,1,0.8,0.6483336921204564
2,0.8,0.03,3,5,300,1,1.0,0.6468943511316171
2,0.8,0.03,3,5,300,1,1.0,0.6544210010008555
2,0.8,0.03,3,5,300,1,1.0,0.6520440863844692
2,0.8,0.03,3,5,300,5,0.8,0.6463036294339475
2,0.8,0.03,3,5,300,5,0.8,0.6519932331217471
2,0.8,0.03,3,5,300,5,0.8,0.6494890529579316
2,0.8,0.03,3,5,300,5,1.0,0.6478447825358529
2,0.8,0.03,3,5,300,5,1.0,0.654748523898045
2,0.8,0.03,3,5,300,5,1.0,0.6534878075188483
2,0.8,0.03,3,5,500,1,0.8,0.6234061432182539
2,0.8,0.03,3,5,500,1,0.8,0.6291464458579519
2,0.8,0.03,3,5,500,1,0.8,0.630471154627893
2,0.8,0.03,3,5,500,1,1.0,0.6287820762571202
2,0.8,0.03,3,5,500,1,1.0,0.6333824538560477
2,0.8,0.03,3,5,500,1,1.0,0.6334726623953026
2,0.8,0.03,3,5,500,5,0.8,0.6260973848523707
2,0.8,0.03,3,5,500,5,0.8,0.6304939718170468
2,0.8,0.03,3,5,500,5,0.8,0.6302927365244597
2,0.8,0.03,3,5,500,5,1.0,0.6285746570483992
2,0.8,0.03,3,5,500,5,1.0,0.6339734784375377
2,0.8,0.03,3,5,500,5,1.0,0.6356076430019562
2,0.8,0.03,6,1,100,1,0.8,0.6340048100744407
2,0.8,0.03,6,1,100,1,0.8,0.6396070105587313
2,0.8,0.03,6,1,100,1,0.8,0.6421681590138676
2,0.8,0.03,6,1,100,1,1.0,0.638376844656609
2,0.8,0.03,6,1,100,1,1.0,0.6399793448642357
2,0.8,0.03,6,1,100,1,1.0,0.6426587155541935
2,0.8,0.03,6,1,100,5,0.8,0.6391927065489137
2,0.8,0.03,6,1,100,5,0.8,0.6484929956241807
2,0.8,0.03,6,1,100,5,0.8,0.6470713140548866
2,0.8,0.03,6,1,100,5,1.0,0.6384750992259836
2,0.8,0.03,6,1,100,5,1.0,0.6470397658324797
2,0.8,0.03,6,1,100,5,1.0,0.64512538292178
2,0.8,0.03,6,1,300,1,0.8,0.5952110997084288
2,0.8,0.03,6,1,300,1,0.8,0.602543335338721
2,0.8,0.03,6,1,300,1,0.8,0.6064885467067808
2,0.8,0.03,6,1,300,1,1.0,0.6009630801676883
2,0.8,0.03,6,1,300,1,1.0,0.6047607608200887
2,0.8,0.03,6,1,300,1,1.0,0.6104771320656873
2,0.8,0.03,6,1,300,5,0.8,0.5949719153357479
2,0.8,0.03,6,1,300,5,0.8,0.6051971456551616
2,0.8,0.03,6,1,300,5,0.8,0.6107108318709601
2,0.8,0.03,6,1,300,5,1.0,0.5995676714636055
2,0.8,0.03,6,1,300,5,1.0,0.6066588830090596
2,0.8,0.03,6,1,300,5,1.0,0.6100884322624255
2,0.8,0.03,6,1,500,1,0.8,0.5909195889776707
2,0.8,0.03,6,1,500,1,0.8,0.5989522070901435
2,0.8,0.03,6,1,500,1,0.8,0.6031540717064772
2,0.8,0.03,6,1,500,1,1.0,0.5955185575816294
2,0.8,0.03,6,1,500,1,1.0,0.5997977298868585
2,0.8,0.03,6,1,500,1,1.0,0.6064603831056327
2,0.8,0.03,6,1,500,5,0.8,0.5885570928480628
2,0.8,0.03,6,1,500,5,0.8,0.6001559314855255
2,0.8,0.03,6,1,500,5,0.8,0.6064720130787115
2,0.8,0.03,6,1,500,5,1.0,0.5947417569172347
2,0.8,0.03,6,1,500,5,1.0,0.6014997943024855
2,0.8,0.03,6,1,500,5,1.0,0.6074848502507165
2,0.8,0.03,6,5,100,1,0.8,0.6348705686415895
2,0.8,0.03,6,5,100,1,0.8,0.6387661197961713
2,0.8,0.03,6,5,100,1,0.8,0.6440823556854751
2,0.8,0.03,6,5,100,1,1.0,0.6372327146016572
2,0.8,0.03,6,5,100,1,1.0,0.6396066064626386
2,0.8,0.03,6,5,100,1,1.0,0.6424339385289443
2,0.8,0.03,6,5,100,5,0.8,0.639230473615181
2,0.8,0.03,6,5,100,5,0.8,0.6475109656479417
2,0.8,0.03,6,5,100,5,0.8,0.6484416146973179
2,0.8,0.03,6,5,100,5,1.0,0.6410938504459264
2,0.8,0.03,6,5,100,5,1.0,0.6469526489702527
2,0.8,0.03,6,5,100,5,1.0,0.6452774268115256
2,0.8,0.03,6,5,300,1,0.8,0.5966446908002287
2,0.8,0.03,6,5,300,1,0.8,0.6008713043863191
2,0.8,0.03,6,5,300,1,0.8,0.6097366414064267
2,0.8,0.03,6,5,300,1,1.0,0.6001762242422936
2,0.8,0.03,6,5,300,1,1.0,0.6059933323959342
2,0.8,0.03,6,5,300,1,1.0,0.6090428489318057
2,0.8,0.03,6,5,300,5,0.8,0.5955991851884671
2,0.8,0.03,6,5,300,5,0.8,0.6045356758625983
2,0.8,0.03,6,5,300,5,0.8,0.610513644086178
2,0.8,0.03,6,5,300,5,1.0,0.6026494572551558
2,0.8,0.03,6,5,300,5,1.0,0.6085385227548695
2,0.8,0.03,6,5,300,5,1.0,0.6089721263264823
2,0.8,0.03,6,5,500,1,0.8,0.591777993787697
2,0.8,0.03,6,5,500,1,0.8,0.5961613319990846
2,0.8,0.03,6,5,500,1,0.8,0.6071246643168621
2,0.8,0.03,6,5,500,1,1.0,0.5961632706464216
2,0.8,0.03,6,5,500,1,1.0,0.6030403129074391
2,0.8,0.03,6,5,500,1,1.0,0.6071219893851176
2,0.8,0.03,6,5,500,5,0.8,0.5903090680998384
2,0.8,0.03,6,5,500,5,0.8,0.5997846524556754
2,0.8,0.03,6,5,500,5,0.8,0.6053392307219042
2,0.8,0.03,6,5,500,5,1.0,0.5961076594728846
2,0.8,0.03,6,5,500,5,1.0,0.603342929840504
2,0.8,0.03,6,5,500,5,1.0,0.6052701196235093
2,0.8,0.1,3,1,100,1,0.8,0.6420425712296257
2,0.8,0.1,3,1,100,1,0.8,0.6513083579296051
2,0.8,0.1,3,1,100,1,0.8,0.651548622681153
2,0.8,0.1,3,1,100,1,1.0,0.6443786842682345
2,0.8,0.1,3,1,100,1,1.0,0.648663992957905
2,0.8,0.1,3,1,100,1,1.0,0.6509752908411427
2,0.8,0.1,3,1,100,5,0.8,0.645534106782018
2,0.8,0.1,3,1,100,5,0.8,0.6485959068480952
2,0.8,0.1,3,1,100,5,0.8,0.6501504732327182
2,0.8,0.1,3,1,100,5,1.0,0.6457757462460619
2,0.8,0.1,3,1,100,5,1.0,0.6509045875904794
2,0.8,0.1,3,1,100,5,1.0,0.6497725203465373
2,0.8,0.1,3,1,300,1,0.8,0.6084838166406571
2,0.8,0.1,3,1,300,1,0.8,0.610107042307603
2,0.8,0.1,3,1,300,1,0.8,0.6231753946814866
2,0.8,0.1,3,1,300,1,1.0,0.6104914099594364
2,0.8,0.1,3,1,300,1,1.0,0.6150320967968613
2,0.8,0.1,3,1,300,1,1.0,0.6238865425282266
2,0.8,0.1,3,1,300,5,0.8,0.611677977080656
2,0.8,0.1,3,1,300,5,0.8,0.6126142617144201
2,0.8,0.1,3,1,300,5,0.8,0.6203009864119775
2,0.8,0.1,3,1,300,5,1.0,0.6118155528705149
2,0.8,0.1,3,1,300,5,1.0,0.6142623657417846
2,0.8,0.1,3,1,300,5,1.0,0.6188082483065833
2,0.8,0.1,3,1,500,1,0.8,0.6006424872705229
2,0.8,0.1,3,1,500,1,0.8,0.6030937295029091
2,0.8,0.1,3,1,500,1,0.8,0.6178189487148016
2,0.8,0.1,3,1,500,1,1.0,0.6029524624280338
2,0.8,0.1,3,1,500,1,1.0,0.6081336375108235
2,0.8,0.1,3,1,500,1,1.0,0.6200889182918887
2,0.8,0.1,3,1,500,5,0.8,0.6042365344446056
2,0.8,0.1,3,1,500,5,0.8,0.6044856537001196
2,0.8,0.1,3,1,500,5,0.8,0.6151585354236794
2,0.8,0.1,3,1,500,5,1.0,0.6034817901760658
2,0.8,0.1,3,1,500,5,1.0,0.6050659588783885
2,0.8,0.1,3,1,500,5,1.0,0.6140530457997457
2,0.8,0.1,3,5,100,1,0.8,0.6439513880770307
2,0.8,0.1,3,5,100,1,0.8,0.6495199786829633
2,0.8,0.1,3,5,100,1,0.8,0.6507847957028399
2,0.8,0.1,3,5,100,1,1.0,0.6460239872010313
2,0.8,0.1,3,5,100,1,1.0,0.6500446766292257
2,0.8,0.1,3,5,100,1,1.0,0.6522527363636
2,0.8,0.1,3,5,100,5,0.8,0.6430767525039578
2,0.8,0.1,3,5,100,5,0.8,0.6480262568950422
2,0.8,0.1,3,5,100,5,0.8,0.6485966812887691
2,0.8,0.1,3,5,100,5,1.0,0.6475725230015253
2,0.8,0.1,3,5,100,5,1.0,0.6503509349558226
2,0.8,0.1,3,5,100,5,1.0,0.6511417745766913
2,0.8,0.1,3,5,300,1,0.8,0.6143716620409554
2,0.8,0.1,3,5,300,1,0.8,0.6143257799502144
2,0.8,0.1,3,5,300,1,0.8,0.623697534836387
2,0.8,0.1,3,5,300,1,1.0,0.6134829961678454
2,0.8,0.1,3,5,300,1,1.0,0.6151258575020205
2,0.8,0.1,3,5,300,1,1.0,0.6256691609654658
2,0.8,0.1,3,5,300,5,0.8,0.6102221144366932
2,0.8,0.1,3,5,300,5,0.8,0.6119154163104185
2,0.8,0.1,3,5,300,5,0.8,0.6154569447887261
2,0.8,0.1,3,5,300,5,1.0,0.6113382670447169
2,0.8,0.1,3,5,300,5,1.0,0.6156498092258552
2,0.8,0.1,3,5,300,5,1.0,0.6220790536547366
2,0.8,0.1,3,5,500,1,0.8,0.6061025697940533
2,0.8,0.1,3,5,500,1,0.8,0.6071741407803103
2,0.8,0.1,3,5,500,1,0.8,0.6189086962423882
2,0.8,0.1,3,5,500,1,1.0,0.605294378975294
2,0.8,0.1,3,5,500,1,1.0,0.6086254177660055
2,0.8,0.1,3,5,500,1,1.0,0.6228888391329407
2,0.8,0.1,3,5,500,5,0.8,0.6019465362679709
2,0.8,0.1,3,5,500,5,0.8,0.6027793706285852
2,0.8,0.1,3,5,500,5,0.8,0.6099522274682405
2,0.8,0.1,3,5,500,5,1.0,0.6049183405965073
2,0.8,0.1,3,5,500,5,1.0,0.6075294309872638
2,0.8,0.1,3,5,500,5,1.0,0.6158270495187201
2,0.8,0.1,6,1,100,1,0.8,0.6050346528998231
2,0.8,0.1,6,1,100,1,0.8,0.6098231984437676
2,0.8,0.1,6,1,100,1,0.8,0.614509209635955
2,0.8,0.1,6,1,100,1,1.0,0.6020871681656794
2,0.8,0.1,6,1,100,1,1.0,0.6123847482086101
2,0.8,0.1,6,1,100,1,1.0,0.6111253866011631
2,0.8,0.1,6,1,100,5,0.8,0.6050599319942369
2,0.8,0.1,6,1,100,5,0.8,0.6135740965490614
2,0.8,0.1,6,1,100,5,0.8,0.6168769276006663
2,0.8,0.1,6,1,100,5,1.0,0.603570894617658
2,0.8,0.1,6,1,100,5,1.0,0.6140243417236781
2,0.8,0.1,6,1,100,5,1.0,0.6118845909811467
2,0.8,0.1,6,1,300,1,0.8,0.6054419987342528
2,0.8,0.1,6,1,300,1,0.8,0.6084184578078318
2,0.8,0.1,6,1,300,1,0.8,0.619069182056383
2,0.8,0.1,6,1,300,1,1.0,0.6007216076160515
2,0.8,0.1,6,1,300,1,1.0,0.6118765922678918
2,0.8,0.1,6,1,300,1,1.0,0.6133347890797886
2,0.8,0.1,6,1,300,5,0.8,0.6033632031624621
2,0.8,0.1,6,1,300,5,0.8,0.6101211496936646
2,0.8,0.1,6,1,300,5,0.8,0.618654086321406
2,0.8,0.1,6,1,300,5,1.0,0.6000534774111072
2,0.8,0.1,6,1,300,5,1.0,0.6099426797153873
2,0.8,0.1,6,1,300,5,1.0,0.6132316626487863
2,0.8,0.1,6,1,500,1,0.8,0.6073985768600922
2,0.8,0.1,6,1,500,1,0.8,0.611586008950053
2,0.8,0.1,6,1,500,1,0.8,0.6226904277608843
2,0.8,0.1,6,1,500,1,1.0,0.6030294060524358
2,0.8,0.1,6,1,500,1,1.0,0.6153626255042697
2,0.8,0.1,6,1,500,1,1.0,0.6168944721474863
2,0.8,0.1,6,1,500,5,0.8,0.605694921818644
2,0.8,0.1,6,1,500,5,0.8,0.6149561044736851
2,0.8,0.1,6,1,500,5,0.8,0.6232852299758871
2,0.8,0.1,6,1,500,5,1.0,0.6034618525140788
2,0.8,0.1,6,1,500,5,1.0,0.6119699846019069
2,0.8,0.1,6,1,500,5,1.0,0.6167734341367848
2,0.8,0.1,6,5,100,1,0.8,0.6016296737557751
2,0.8,0.1,6,5,100,1,0.8,0.6104100098866764
2,0.8,0.1,6,5,100,1,0.8,0.6157276711772603
2,0.8,0.1,6,5,100,1,1.0,0.6030320676413511
2,0.8,0.1,6,5,100,1,1.0,0.6088419209919562
2,0.8,0.1,6,5,100,1,1.0,0.6177642249711759
2,0.8,0.1,6,5,100,5,0.8,0.6027509287695378
2,0.8,0.1,6,5,100,5,0.8,0.6084753114474827
2,0.8,0.1,6,5,100,5,0.8,0.6211019439604736
2,0.8,0.1,6,5,100,5,1.0,0.6068125853958326
2,0.8,0.1,6,5,100,5,1.0,0.6095699874973269
2,0.8,0.1,6,5,100,5,1.0,0.6154085286316273
2,0.8,0.1,6,5,300,1,0.8,0.5994347192586336
2,0.8,0.1,6,5,300,1,0.8,0.6113972715417557
2,0.8,0.1,6,5,300,1,0.8,0.6195800084324937
2,0.8,0.1,6,5,300,1,1.0,0.5996202627395196
2,0.8,0.1,6,5,300,1,1.0,0.609200189151368
2,0.8,0.1,6,5,300,1,1.0,0.6193767445066947
2,0.8,0.1,6,5,300,5,0.8,0.5994337904850656
2,0.8,0.1,6,5,300,5,0.8,0.6068128430222856
2,0.8,0.1,6,5,300,5,0.8,0.6221243432695115
2,0.8,0.1,6,5,300,5,1.0,0.6024756590290212
2,0.8,0.1,6,5,300,5,1.0,0.6047783693704312
2,0.8,0.1,6,5,300,5,1.0,0.6159319797480748
2,0.8,0.1,6,5,500,1,0.8,0.6018495229831436
2,0.8,0.1,6,5,500,1,0.8,0.6160627795675917
2,0.8,0.1,6,5,500,1,0.8,0.6240630285000449
2,0.8,0.1,6,5,500,1,1.0,0.6026427947887245
2,0.8,0.1,6,5,500,1,1.0,0.6123080238719707
2,0.8,0.1,6,5,500,1,1.0,0.6238562278555683
2,0.8,0.1,6,5,500,5,0.8,0.6022834445567913
2,0.8,0.1,6,5,500,5,0.8,0.610538570545752
2,0.8,0.1,6,5,500,5,0.8,0.6264262575164129
2,0.8,0.1,6,5,500,5,1.0,0.6051891162562296
2,0.8,0.1,6,5,500,5,1.0,0.6080965782616913
2,0.8,0.1,6,5,500,5,1.0,0.6197080378969227
2,1.0,0.03,3,1,100,1,0.8,0.7181741619891834
2,1.0,0.03,3,1,100,1,0.8,0.7286705986029208
2,1.0,0.03,3,1,100,1,0.8,0.7189330054161037
2,1.0,0.03,3,1,100,1,1.0,0.7197427098817836
2,1.0,0.03,3,1,100,1,1.0,0.7285815159281289
2,1.0,0.03,3,1,100,1,1.0,0.7223365693283077
2,1.0,0.03,3,1,100,5,0.8,0.7206769328083032
2,1.0,0.03,3,1,100,5,0.8,0.7303871278291373
2,1.0,0.03,3,1,100,5,0.8,0.7213656437504328
2,1.0,0.03,3,1,100,5,1.0,0.7211666132987177
2,1.0,0.03,3,1,100,5,1.0,0.7302206613029663
2,1.0,0.03,3,1,100,5,1.0,0.723629687135766
2,1.0,0.03,3,1,300,1,0.8,0.6429445155113365
2,1.0,0.03,3,1,300,1,0.8,0.6506622799655474
2,1.0,0.03,3,1,300,1,0.8,0.6480102043343487
2,1.0,0.03,3,1,300,1,1.0,0.6463824334058446
2,1.0,0.03,3,1,300,1,1.0,0.6529507032637355
2,1.0,0.03,3,1,300,1,1.0,0.6514832492827632
2,1.0,0.03,3,1,300,5,0.8,0.6452168780555301
2,1.0,0.03,3,1,300,5,0.8,0.6523041844613886
2,1.0,0.03,3,1,300,5,0.8,0.6492668397937905
2,1.0,0.03,3,1,300,5,1.0,0.6476211009862194
2,1.0,0.03,3,1,300,5,1.0,0.6524203809685641
2,1.0,0.03,3,1,300,5,1.0,0.6520167213443798
2,1.0,0.03,3,1,500,1,0.8,0.6237477259937758
2,1.0,0.03,3,1,500,1,0.8,0.6301694665838882
2,1.0,0.03,3,1,500,1,0.8,0.6302263930028297
2,1.0,0.03,3,1,500,1,1.0,0.6280327334508521
2,1.0,0.03,3,1,500,1,1.0,0.6325505743191311
2,1.0,0.03,3,1,500,1,1.0,0.6346326872549822
2,1.0,0.03,3,1,500,5,0.8,0.6259049429469883
2,1.0,0.03,3,1,500,5,0.8,0.6317779934341408
2,1.0,0.03,3,1,500,5,0.8,0.6299072672764575
2,1.0,0.03,3,1,500,5,1.0,0.6280776885017253
2,1.0,0.03,3,1,500,5,1.0,0.6320611841507968
2,1.0,0.03,3,1,500,5,1.0,0.6349863519807325
2,1.0,0.03,3,5,100,1,0.8,0.7182742878253375
2,1.0,0.03,3,5,100,1,0.8,0.727716521786042
2,1.0,0.03,3,5,100,1,0.8,0.7188072979542972
2,1.0,0.03,3,5,100,1,1.0,0.7197501383829757
2,1.0,0.03,3,5,100,1,1.0,0.7284976596385004
2,1.0,0.03,3,5,100,1,1.0,0.7224353945221116
2,1.0,0.03,3,5,100,5,0.8,0.7200516603977923
2,1.0,0.03,3,5,100,5,0.8,0.7303709929421467
2,1.0,0.03,3,5,100,5,0.8,0.7213121966896087
2,1.0,0.03,3,5,100,5,1.0,0.7205996791905871
2,1.0,0.03,3,5,100,5,1.0,0.7302084019333505
2,1.0,0.03,3,5,100,5,1.0,0.7238477444689707
2,1.0,0.03,3,5,300,1,0.8,0.6432665303912092
2,1.0,0.03,3,5,300,1,0.8,0.6494184264546125
2,1.0,0.03,3,5,300,1,0.8,0.6476149702721993
2,1.0,0.03,3,5,300,1,1.0,0.6457472301188981
2,1.0,0.03,3,5,300,1,1.0,0.6527132379819072
2,1.0,0.03,3,5,300,1,1.0,0.6519382870376506
2,1.0,0.03,3,5,300,5,0.8,0.643147782410715
2,1.0,0.03,3,5,300,5,0.8,0.6526450401135961
2,1.0,0.03,3,5,300,5,0.8,0.6496007078988857
2,1.0,0.03,3,5,300,5,1.0,0.6483001533372338
2,1.0,0.03,3,5,300,5,1.0,0.6543486753356356
2,1.0,0.03,3,5,300,5,1.0,0.6530875840350707
2,1.0,0.03,3,5,500,1,0.8,0.6239638368431516
2,1.0,0.03,3,5,500,1,0.8,0.6289510763685112
2,1.0,0.03,3,5,500,1,0.8,0.6284179374572666
2,1.0,0.03,3,5,500,1,1.0,0.6281941634919697
2,1.0,0.03,3,5,500,1,1.0,0.6323073841189732
2,1.0,0.03,3,5,500,1,1.0,0.634819136842909
2,1.0,0.03,3,5,500,5,0.8,0.6241177940711752
2,1.0,0.03,3,5,500,5,0.8,0.6318530572859861
2,1.0,0.03,3,5,500,5,0.8,0.6302972409196848
2,1.0,0.03,3,5,500,5,1.0,0.6295153543536895
2,1.0,0.03,3,5,500,5,1.0,0.6336960941046842
2,1.0,0.03,3,5,500,5,1.0,0.6348055684032599
2,1.0,0.03,6,1,100,1,0.8,0.6353298669699756
2,1.0,0.03,6,1,100,1,0.8,0.6394230535707307
2,1.0,0.03,6,1,100,1,0.8,0.6444639844540544
2,1.0,0.03,6,1,100,1,1.0,0.6378621601791072
2,1.0,0.03,6,1,100,1,1.0,0.6393642549166729
2,1.0,0.03,6,1,100,1,1.0,0.6422845577675933
2,1.0,0.03,6,1,100,5,0.8,0.6369521123155627
2,1.0,0.03,6,1,100,5,0.8,0.6466534712870857
2,1.0,0.03,6,1,100,5,0.8,0.6450494345468545
2,1.0,0.03,6,1,100,5,1.0,0.6418183620819995
2,1.0,0.03,6,1,100,5,1.0,0.644824048902471
2,1.0,0.03,6,1,100,5,1.0,0.6427100763862601
2,1.0,0.03,6,1,300,1,0.8,0.5979905857578872
2,1.0,0.03,6,1,300,1,0.8,0.6018897659666124
2,1.0,0.03,6,1,300,1,0.8,0.6116359010817529
2,1.0,0.03,6,1,300,1,1.0,0.6013127092539459
2,1.0,0.03,6,1,300,1,1.0,0.606465137167893
2,1.0,0.03,6,1,300,1,1.0,0.6114243535356972
2,1.0,0.03,6,1,300,5,0.8,0.5937582837282349
2,1.0,0.03,6,1,300,5,0.8,0.6057985715920988
2,1.0,0.03,6,1,300,5,0.8,0.6072373441431378
2,1.0,0.03,6,1,300,5,1.0,0.6027725835862839
2,1.0,0.03,6,1,300,5,1.0,0.60476766798506
2,1.0,0.03,6,1,300,5,1.0,0.6095494892314854
2,1.0,0.03,6,1,500,1,0.8,0.5939401944028486
2,1.0,0.03,6,1,500,1,0.8,0.598063402095261
2,1.0,0.03,6,1,500,1,0.8,0.6090965684678882
2,1.0,0.03,6,1,500,1,1.0,0.5971126840053735
2,1.0,0.03,6,1,500,1,1.0,0.6030102018497465
2,1.0,0.03,6,1,500,1,1.0,0.6108861597306254
2,1.0,0.03,6,1,500,5,0.8,0.5881981675047308
2,1.0,0.03,6,1,500,5,0.8,0.5995455121501861
2,1.0,0.03,6,1,500,5,0.8,0.6053853027638837
2,1.0,0.03,6,1,500,5,1.0,0.5984292011035486
2,1.0,0.03,6,1,500,5,1.0,0.6000600364862597
2,1.0,0.03,6,1,500,5,1.0,0.6078717727790104
2,1.0,0.03,6,5,100,1,0.8,0.6342978432707175
2,1.0,0.03,6,5,100,1,0.8,0.6382019026205384
2,1.0,0.03,6,5,100,1,0.8,0.642595093865383
2,1.0,0.03,6,5,100,1,1.0,0.6382804065209502
2,1.0,0.03,6,5,100,1,1.0,0.640711311103301
2,1.0,0.03,6,5,100,1,1.0,0.6401716754649114
2,1.0,0.03,6,5,100,5,0.8,0.6375931449799184
2,1.0,0.03,6,5,100,5,0.8,0.6472783669617692
2,1.0,0.03,6,5,100,5,0.8,0.645818563030851
2,1.0,0.03,6,5,100,5,1.0,0.6426597882308842
2,1.0,0.03,6,5,100,5,1.0,0.6457945451018656
2,1.0,0.03,6,5,100,5,1.0,0.6447408056560794
2,1.0,0.03,6,5,300,1,0.8,0.5962907524603761
2,1.0,0.03,6,5,300,1,0.8,0.6019374326634128
2,1.0,0.03,6,5,300,1,0.8,0.6104079323586652
2,1.0,0.03,6,5,300,1,1.0,0.6015512403583422
2,1.0,0.03,6,5,300,1,1.0,0.6078980368614815
2,1.0,0.03,6,5,300,1,1.0,0.608963523463087
2,1.0,0.03,6,5,300,5,0.8,0.5951177043109988
2,1.0,0.03,6,5,300,5,0.8,0.6045582245670637
2,1.0,0.03,6,5,300,5,0.8,0.6092076199258692
2,1.0,0.03,6,5,300,5,1.0,0.6048947725928893
2,1.0,0.03,6,5,300,5,1.0,0.6074836773052783
2,1.0,0.03,6,5,300,5,1.0,0.6112951568068204
2,1.0,0.03,6,5,500,1,0.8,0.5920442322244232
2,1.0,0.03,6,5,500,1,0.8,0.5979800726934534
2,1.0,0.03,6,5,500,1,0.8,0.6059997026309176
2,1.0,0.03,6,5,500,1,1.0,0.59648000585468
2,1.0,0.03,6,5,500,1,1.0,0.6046788181544464
2,1.0,0.03,6,5,500,1,1.0,0.6081196334746216
2,1.0,0.03,6,5,500,5,0.8,0.5888537839011582
2,1.0,0.03,6,5,500,5,0.8,0.5999340193772942
2,1.0,0.03,6,5,500,5,0.8,0.6050811977107593
2,1.0,0.03,6,5,500,5,1.0,0.5997854927922581
2,1.0,0.03,6,5,500,5,1.0,0.6030898304156078
2,1.0,0.03,6,5,500,5,1.0,0.6075634661878185
2,1.0,0.1,3,1,100,1,0.8,0.6460236012270069
2,1.0,0.1,3,1,100,1,0.8,0.6530869057787277
2,1.0,0.1,3,1,100,1,0.8,0.6504977097589815
2,1.0,0.1,3,1,100,1,1.0,0.6451697010272276
2,1.0,0.1,3,1,100,1,1.0,0.6493046997308648
2,1.0,0.1,3,1,100,1,1.0,0.6475254366168258
2,1.0,0.1,3,1,100,5,0.8,0.6454455526609183
2,1.0,0.1,3,1,100,5,0.8,0.6498504580292276
2,1.0,0.1,3,1,100,5,0.8,0.6483123889941033
2,1.0,0.1,3,1,100,5,1.0,0.6456373374780383
2,1.0,0.1,3,1,100,5,1.0,0.6491347507638128
2,1.0,0.1,3,1,100,5,1.0,0.648800103131079
2,1.0,0.1,3,1,300,1,0.8,0.6128885663885811
2,1.0,0.1,3,1,300,1,0.8,0.6158761262270657
2,1.0,0.1,3,1,300,1,0.8,0.6167165621293089
2,1.0,0.1,3,1,300,1,1.0,0.6108623610491045
2,1.0,0.1,3,1,300,1,1.0,0.6140133668360399
2,1.0,0.1,3,1,300,1,1.0,0.6216442369837302
2,1.0,0.1,3,1,300,5,0.8,0.6124821095254982
2,1.0,0.1,3,1,300,5,0.8,0.6119607187424609
2,1.0,0.1,3,1,300,5,0.8,0.6180840272274507
2,1.0,0.1,3,1,300,5,1.0,0.6111492778096317
2,1.0,0.1,3,1,300,5,1.0,0.6136567387120022
2,1.0,0.1,3,1,300,5,1.0,0.6191880136861454
2,1.0,0.1,3,1,500,1,0.8,0.6056539137343186
2,1.0,0.1,3,1,500,1,0.8,0.6091583040872572
2,1.0,0.1,3,1,500,1,0.8,0.6103144536597279
2,1.0,0.1,3,1,500,1,1.0,0.605726478341889
2,1.0,0.1,3,1,500,1,1.0,0.6087823679398526
2,1.0,0.1,3,1,500,1,1.0,0.6151630622508885
2,1.0,0.1,3,1,500,5,0.8,0.6036315017848293
2,1.0,0.1,3,1,500,5,0.8,0.6052288427297414
2,1.0,0.1,3,1,500,5,0.8,0.6120119171553015
2,1.0,0.1,3,1,500,5,1.0,0.6047758209722475
2,1.0,0.1,3,1,500,5,1.0,0.6063863342377693
2,1.0,0.1,3,1,500,5,1.0,0.6147358674269018
2,1.0,0.1,3,5,100,1,0.8,0.6456484634099929
2,1.0,0.1,3,5,100,1,0.8,0.6497257010864169
2,1.0,0.1,3,5,100,1,0.8,0.6494333455398487
2,1.0,0.1,3,5,100,1,1.0,0.6451186307218336
2,1.0,0.1,3,5,100,1,1.0,0.6499004325298346
2,1.0,0.1,3,5,100,1,1.0,0.6500754201040417
2,1.0,0.1,3,5,100,5,0.8,0.6462419547308852
2,1.0,0.1,3,5,100,5,0.8,0.6523963447995416
2,1.0,0.1,3,5,100,5,0.8,0.6488907124984602
2,1.0,0.1,3,5,100,5,1.0,0.6469772136994515
2,1.0,0.1,3,5,100,5,1.0,0.6484460037336429
2,1.0,0.1,3,5,100,5,1.0,0.651185117480292
2,1.0,0.1,3,5,300,1,0.8,0.6132205785493499
2,1.0,0.1,3,5,300,1,0.8,0.6150613391076463
2,1.0,0.1,3,5,300,1,0.8,0.622966004812186
2,1.0,0.1,3,5,300,1,1.0,0.6116635997902165
2,1.0,0.1,3,5,300,1,1.0,0.6153610134363262
2,1.0,0.1,3,5,300,1,1.0,0.6240257344681096
2,1.0,0.1,3,5,300,5,0.8,0.6132851430897935
2,1.0,0.1,3,5,300,5,0.8,0.6152997398906461
2,1.0,0.1,3,5,300,5,0.8,0.6205521732362883
2,1.0,0.1,3,5,300,5,1.0,0.6096569363687079
2,1.0,0.1,3,5,300,5,1.0,0.6125619634523669
2,1.0,0.1,3,5,300,5,1.0,0.617833719912133
2,1.0,0.1,3,5,500,1,0.8,0.6076131561205427
2,1.0,0.1,3,5,500,1,0.8,0.6065342689106977
2,1.0,0.1,3,5,500,1,0.8,0.6181862792310002
2,1.0,0.1,3,5,500,1,1.0,0.6052724204284032
2,1.0,0.1,3,5,500,1,1.0,0.6089705451695142
2,1.0,0.1,3,5,500,1,1.0,0.6199513216982843
2,1.0,0.1,3,5,500,5,0.8,0.6044940285009963
2,1.0,0.1,3,5,500,5,0.8,0.6084165960969208
2,1.0,0.1,3,5,500,5,0.8,0.6145057054143436
2,1.0,0.1,3,5,500,5,1.0,0.6038308809888938
2,1.0,0.1,3,5,500,5,1.0,0.604512478549158
2,1.0,0.1,3,5,500,5,1.0,0.6114168450207292
2,1.0,0.1,6,1,100,1,0.8,0.6034269826553088
2,1.0,0.1,6,1,100,1,0.8,0.6086921055550589
2,1.0,0.1,6,1,100,1,0.8,0.6149149851518032
2,1.0,0.1,6,1,100,1,1.0,0.6057010777633675
2,1.0,0.1,6,1,100,1,1.0,0.6109449741562425
2,1.0,0.1,6,1,100,1,1.0,0.6172815181165764
2,1.0,0.1,6,1,100,5,0.8,0.601599939400912
2,1.0,0.1,6,1,100,5,0.8,0.6117201967668071
2,1.0,0.1,6,1,100,5,0.8,0.6149978521013925
2,1.0,0.1,6,1,100,5,1.0,0.6062694118909416
2,1.0,0.1,6,1,100,5,1.0,0.6100878582716139
2,1.0,0.1,6,1,100,5,1.0,0.6128075115176583
2,1.0,0.1,6,1,300,1,0.8,0.6018719550188447
2,1.0,0.1,6,1,300,1,0.8,0.6132687896500466
2,1.0,0.1,6,1,300,1,0.8,0.6176772895433643
2,1.0,0.1,6,1,300,1,1.0,0.6059544907807344
2,1.0,0.1,6,1,300,1,1.0,0.6119493540031735
2,1.0,0.1,6,1,300,1,1.0,0.6216967040428893
2,1.0,0.1,6,1,300,5,0.8,0.6010720833469897
2,1.0,0.1,6,1,300,5,0.8,0.6108115793004747
2,1.0,0.1,6,1,300,5,0.8,0.6160945961352621
2,1.0,0.1,6,1,300,5,1.0,0.5999587758557567
2,1.0,0.1,6,1,300,5,1.0,0.6072641870669778
2,1.0,0.1,6,1,300,5,1.0,0.6151148307991866
2,1.0,0.1,6,1,500,1,0.8,0.6045842744049784
2,1.0,0.1,6,1,500,1,0.8,0.6172158706145675
2,1.0,0.1,6,1,500,1,0.8,0.6228792439790737
2,1.0,0.1,6,1,500,1,1.0,0.6084425900847621
2,1.0,0.1,6,1,500,1,1.0,0.6150552187208481
2,1.0,0.1,6,1,500,1,1.0,0.6263434238662329
2,1.0,0.1,6,1,500,5,0.8,0.6048391697047635
2,1.0,0.1,6,1,500,5,0.8,0.6156940745989398
2,1.0,0.1,6,1,500,5,0.8,0.6205518512452618
2,1.0,0.1,6,1,500,5,1.0,0.6019936126799805
2,1.0,0.1,6,1,500,5,1.0,0.6113687131420825
2,1.0,0.1,6,1,500,5,1.0,0.619187356705256
2,1.0,0.1,6,5,100,1,0.8,0.6042223075538865
2,1.0,0.1,6,5,100,1,0.8,0.6119966986753821
2,1.0,0.1,6,5,100,1,0.8,0.6105882609418807
2,1.0,0.1,6,5,100,1,1.0,0.6052169459188601
2,1.0,0.1,6,5,100,1,1.0,0.6116209809681622
2,1.0,0.1,6,5,100,1,1.0,0.611220362135451
2,1.0,0.1,6,5,100,5,0.8,0.6044633981132014
2,1.0,0.1,6,5,100,5,0.8,0.6126617926094003
2,1.0,0.1,6,5,100,5,0.8,0.6182526628815267
2,1.0,0.1,6,5,100,5,1.0,0.6065596943367324
2,1.0,0.1,6,5,100,5,1.0,0.6107995105646352
2,1.0,0.1,6,5,100,5,1.0,0.610845103648334
2,1.0,0.1,6,5,300,1,0.8,0.6044335213608312
2,1.0,0.1,6,5,300,1,0.8,0.6123845681510226
2,1.0,0.1,6,5,300,1,0.8,0.6144161253583118
2,1.0,0.1,6,5,300,1,1.0,0.6041578675777186
2,1.0,0.1,6,5,300,1,1.0,0.6131898843581259
2,1.0,0.1,6,5,300,1,1.0,0.6137709466883453
2,1.0,0.1,6,5,300,5,0.8,0.6026598559172175
2,1.0,0.1,6,5,300,5,0.8,0.6107707651591492
2,1.0,0.1,6,5,300,5,0.8,0.6211388832743684
2,1.0,0.1,6,5,300,5,1.0,0.6007107945009085
2,1.0,0.1,6,5,300,5,1.0,0.6075353117377615
2,1.0,0.1,6,5,300,5,1.0,0.6115764409831098
2,1.0,0.1,6,5,500,1,0.8,0.6078739171657277
2,1.0,0.1,6,5,500,1,0.8,0.6171652602939252
2,1.0,0.1,6,5,500,1,0.8,0.6183251428179382
2,1.0,0.1,6,5,500,1,1.0,0.6069940027783731
2,1.0,0.1,6,5,500,1,1.0,0.616399061654606
2,1.0,0.1,6,5,500,1,1.0,0.6197305542823908
2,1.0,0.1,6,5,500,5,0.8,0.6063164153479466
2,1.0,0.1,6,5,500,5,0.8,0.6157819695221582
2,1.0,0.1,6,5,500,5,0.8,0.6255477774099315
2,1.0,0.1,6,5,500,5,1.0,0.602997754000207
2,1.0,0.1,6,5,500,5,1.0,0.6120496493250615
2,1.0,0.1,6,5,500,5,1.0,0.6155529871344446
3,0.8,0.03,3,1,100,1,0.8,0.7254851666542301
3,0.8,0.03,3,1,100,1,0.8,0.7381759697221403
3,0.8,0.03,3,1,100,1,0.8,0.7234434961352705
3,0.8,0.03,3,1,100,1,1.0,0.725778105837518
3,0.8,0.03,3,1,100,1,1.0,0.7397640685628992
3,0.8,0.03,3,1,100,1,1.0,0.7255260271090888
3,0.8,0.03,3,1,100,5,0.8,0.7263473256714231
3,0.8,0.03,3,1,100,5,0.8,0.738192070529083
3,0.8,0.03,3,1,100,5,0.8,0.7264211676424225
3,0.8,0.03,3,1,100,5,1.0,0.7272092884571435
3,0.8,0.03,3,1,100,5,1.0,0.7403729173931403
3,0.8,0.03,3,1,100,5,1.0,0.7283082385195443
3,0.8,0.03,3,1,300,1,0.8,0.6485978348943107
3,0.8,0.03,3,1,300,1,0.8,0.6606041699817569
3,0.8,0.03,3,1,300,1,0.8,0.6462491678901315
3,0.8,0.03,3,1,300,1,1.0,0.6541192956182648
3,0.8,0.03,3,1,300,1,1.0,0.6647370662529658
3,0.8,0.03,3,1,300,1,1.0,0.6534354306116557
3,0.8,0.03,3,1,300,5,0.8,0.648923378938159
3,0.8,0.03,3,1,300,5,0.8,0.6603963193424318
3,0.8,0.03,3,1,300,5,0.8,0.649175231787682
3,0.8,0.03,3,1,300,5,1.0,0.6544852740833252
3,0.8,0.03,3,1,300,5,1.0,0.6634488642009657
3,0.8,0.03,3,1,300,5,1.0,0.6554836795232095
3,0.8,0.03,3,1,500,1,0.8,0.6275268688089155
3,0.8,0.03,3,1,500,1,0.8,0.6395693218189958
3,0.8,0.03,3,1,500,1,0.8,0.6286012437064356
3,0.8,0.03,3,1,500,1,1.0,0.6325157701966584
3,0.8,0.03,3,1,500,1,1.0,0.6433363509120558
3,0.8,0.03,3,1,500,1,1.0,0.6350768002877685
3,0.8,0.03,3,1,500,5,0.8,0.6275859697727674
3,0.8,0.03,3,1,500,5,0.8,0.6382690275242281
3,0.8,0.03,3,1,500,5,0.8,0.6304916986264094
3,0.8,0.03,3,1,500,5,1.0,0.6325494082297695
3,0.8,0.03,3,1,500,5,1.0,0.6426151684871939
3,0.8,0.03,3,1,500,5,1.0,0.635624888793734
3,0.8,0.03,3,5,100,1,0.8,0.7254271828992825
3,0.8,0.03,3,5,100,1,0.8,0.7380856566828998
3,0.8,0.03,3,5,100,1,0.8,0.723878884753276
3,0.8,0.03,3,5,100,1,1.0,0.7258733003491058
3,0.8,0.03,3,5,100,1,1.0,0.7391695788667032
3,0.8,0.03,3,5,100,1,1.0,0.7258475345472027
3,0.8,0.03,3,5,100,5,0.8,0.7264389573137316
3,0.8,0.03,3,5,100,5,0.8,0.7381720185153682
3,0.8,0.03,3,5,100,5,0.8,0.7264399178170997
3,0.8,0.03,3,5,100,5,1.0,0.7272092884571435
3,0.8,0.03,3,5,100,5,1.0,0.7406726158192275
3,0.8,0.03,3,5,100,5,1.0,0.7283082385195443
3,0.8,0.03,3,5,300,1,0.8,0.6488948969982998
3,0.8,0.03,3,5,300,1,0.8,0.6585923921332716
3,0.8,0.03,3,5,300,1,0.8,0.6472806047237286
3,0.8,0.03,3,5,300,1,1.0,0.6543736614894258
3,0.8,0.03,3,5,300,1,1.0,0.6606610079953288
3,0.8,0.03,3,5,300,1,1.0,0.6521415138620531
3,0.8,0.03,3,5,300,5,0.8,0.6487064118573955
3,0.8,0.03,3,5,300,5,0.8,0.6602569137026653
3,0.8,0.03,3,5,300,5,0.8,0.6492578290510249
3,0.8,0.03,3,5,300,5,1.0,0.6548209398389271
3,0.8,0.03,3,5,300,5,1.0,0.6648704000517058
3,0.8,0.03,3,5,300,5,1.0,0.6550940932846911
3,0.8,0.03,3,5,500,1,0.8,0.6280525266465679
3,0.8,0.03,3,5,500,1,0.8,0.6377304099244241
3,0.8,0.03,3,5,500,1,0.8,0.6297471850859024
3,0.8,0.03,3,5,500,1,1.0,0.6327570614678432
3,0.8,0.03,3,5,500,1,1.0,0.6408679344923832
3,0.8,0.03,3,5,500,1,1.0,0.6328612073442167
3,0.8,0.03,3,5,500,5,0.8,0.6283508149647076
3,0.8,0.03,3,5,500,5,0.8,0.6392220608925958
3,0.8,0.03,3,5,500,5,0.8,0.630987565989451
3,0.8,0.03,3,5,500,5,1.0,0.6328994399094018
3,0.8,0.03,3,5,500,5,1.0,0.6425204224308569
3,0.8,0.03,3,5,500,5,1.0,0.6360344084829791
3,0.8,0.03,6,1,100,1,0.8,0.6366750314443166
3,0.8,0.03,6,1,100,1,0.8,0.647822846528623
3,0.8,0.03,6,1,100,1,0.8,0.644620908321483
3,0.8,0.03,6,1,100,1,1.0,0.6396526491385148
3,0.8,0.03,6,1,100,1,1.0,0.6493113258744431
3,0.8,0.03,6,1,100,1,1.0,0.6460460009927679
3,0.8,0.03,6,1,100,5,0.8,0.6383253963157479
3,0.8,0.03,6,1,100,5,0.8,0.6538573896520413
3,0.8,0.03,6,1,100,5,0.8,0.6521304501766078
3,0.8,0.03,6,1,100,5,1.0,0.6429587634781216
3,0.8,0.03,6,1,100,5,1.0,0.6553423998393859
3,0.8,0.03,6,1,100,5,1.0,0.6504577653307291
3,0.8,0.03,6,1,300,1,0.8,0.6034012724266928
3,0.8,0.03,6,1,300,1,0.8,0.6076203264118739
3,0.8,0.03,6,1,300,1,0.8,0.6109879663838522
3,0.8,0.03,6,1,300,1,1.0,0.6067427310267424
3,0.8,0.03,6,1,300,1,1.0,0.6097595821508849
3,0.8,0.03,6,1,300,1,1.0,0.6150644487810228
3,0.8,0.03,6,1,300,5,0.8,0.6019391082306058
3,0.8,0.03,6,1,300,5,0.8,0.6087683132700324
3,0.8,0.03,6,1,300,5,0.8,0.6138361372718029
3,0.8,0.03,6,1,300,5,1.0,0.6056968243389941
3,0.8,0.03,6,1,300,5,1.0,0.611502333009799
3,0.8,0.03,6,1,300,5,1.0,0.6147690170213715
3,0.8,0.03,6,1,500,1,0.8,0.5993926667333972
3,0.8,0.03,6,1,500,1,0.8,0.6036687288640584
3,0.8,0.03,6,1,500,1,0.8,0.6087056904729622
3,0.8,0.03,6,1,500,1,1.0,0.6039819838223175
3,0.8,0.03,6,1,500,1,1.0,0.6056043855599998
3,0.8,0.03,6,1,500,1,1.0,0.6146848943161846
3,0.8,0.03,6,1,500,5,0.8,0.5965189073811555
3,0.8,0.03,6,1,500,5,0.8,0.6027949122827977
3,0.8,0.03,6,1,500,5,0.8,0.6116875951861286
3,0.8,0.03,6,1,500,5,1.0,0.600862729859551
3,0.8,0.03,6,1,500,5,1.0,0.6063350031227133
3,0.8,0.03,6,1,500,5,1.0,0.613853392608443
3,0.8,0.03,6,5,100,1,0.8,0.6355991007406772
3,0.8,0.03,6,5,100,1,0.8,0.6484684166263573
3,0.8,0.03,6,5,100,1,0.8,0.6446997228864713
3,0.8,0.03,6,5,100,1,1.0,0.6396011859750789
3,0.8,0.03,6,5,100,1,1.0,0.6490533239204312
3,0.8,0.03,6,5,100,1,1.0,0.6433877637617039
3,0.8,0.03,6,5,100,5,0.8,0.6390609953766443
3,0.8,0.03,6,5,100,5,0.8,0.6528909922866851
3,0.8,0.03,6,5,100,5,0.8,0.6516544776075729
3,0.8,0.03,6,5,100,5,1.0,0.6415385542807672
3,0.8,0.03,6,5,100,5,1.0,0.6539396145691587
3,0.8,0.03,6,5,100,5,1.0,0.6476484853589737
3,0.8,0.03,6,5,300,1,0.8,0.6012944151104143
3,0.8,0.03,6,5,300,1,0.8,0.6071574552518313
3,0.8,0.03,6,5,300,1,0.8,0.6122245608752026
3,0.8,0.03,6,5,300,1,1.0,0.6077546741544706
3,0.8,0.03,6,5,300,1,1.0,0.6086710378407788
3,0.8,0.03,6,5,300,1,1.0,0.6133715460093687
3,0.8,0.03,6,5,300,5,0.8,0.602850474265781
3,0.8,0.03,6,5,300,5,0.8,0.6074760106794158
3,0.8,0.03,6,5,300,5,0.8,0.6121803913295687
3,0.8,0.03,6,5,300,5,1.0,0.6054443588245709
3,0.8,0.03,6,5,300,5,1.0,0.6112327020232625
3,0.8,0.03,6,5,300,5,1.0,0.6119507386444909
3,0.8,0.03,6,5,500,1,0.8,0.5970443740129776
3,0.8,0.03,6,5,500,1,0.8,0.6021189358379524
3,0.8,0.03,6,5,500,1,0.8,0.6117225432158747
3,0.8,0.03,6,5,500,1,1.0,0.604056855968879
3,0.8,0.03,6,5,500,1,1.0,0.6046806385482226
3,0.8,0.03,6,5,500,1,1.0,0.6121948629839178
3,0.8,0.03,6,5,500,5,0.8,0.5970795650095844
3,0.8,0.03,6,5,500,5,0.8,0.6020704318005476
3,0.8,0.03,6,5,500,5,0.8,0.6105846052851004
3,0.8,0.03,6,5,500,5,1.0,0.5996982442095152
3,0.8,0.03,6,5,500,5,1.0,0.6058048615588546
3,0.8,0.03,6,5,500,5,1.0,0.6097772890915425
3,0.8,0.1,3,1,100,1,0.8,0.6452627019778957
3,0.8,0.1,3,1,100,1,0.8,0.6594444106472473
3,0.8,0.1,3,1,100,1,0.8,0.6493931910598725
3,0.8,0.1,3,1,100,1,1.0,0.6513882921305
3,0.8,0.1,3,1,100,1,1.0,0.6637189814940755
3,0.8,0.1,3,1,100,1,1.0,0.6510897229315641
3,0.8,0.1,3,1,100,5,0.8,0.6457456082080595
3,0.8,0.1,3,1,100,5,0.8,0.6592163690290123
3,0.8,0.1,3,1,100,5,0.8,0.6512830837384717
3,0.8,0.1,3,1,100,5,1.0,0.6527468787994886
3,0.8,0.1,3,1,100,5,1.0,0.6626094619191477
3,0.8,0.1,3,1,100,5,1.0,0.6527360080944524
3,0.8,0.1,3,1,300,1,0.8,0.6111761395628255
3,0.8,0.1,3,1,300,1,0.8,0.6273853583785041
3,0.8,0.1,3,1,300,1,0.8,0.6214636913253692
3,0.8,0.1,3,1,300,1,1.0,0.6131186695567032
3,0.8,0.1,3,1,300,1,1.0,0.6282632601746245
3,0.8,0.1,3,1,300,1,1.0,0.623888527249458
3,0.8,0.1,3,1,300,5,0.8,0.6102011206678448
3,0.8,0.1,3,1,300,5,0.8,0.6235640118476893
3,0.8,0.1,3,1,300,5,0.8,0.6197443144582092
3,0.8,0.1,3,1,300,5,1.0,0.6138405700956268
3,0.8,0.1,3,1,300,5,1.0,0.6263064677672778
3,0.8,0.1,3,1,300,5,1.0,0.6226909653903773
3,0.8,0.1,3,1,500,1,0.8,0.6035202696121694
3,0.8,0.1,3,1,500,1,0.8,0.61823618688389
3,0.8,0.1,3,1,500,1,0.8,0.6165129307107539
3,0.8,0.1,3,1,500,1,1.0,0.6055866072501928
3,0.8,0.1,3,1,500,1,1.0,0.6202875638415625
3,0.8,0.1,3,1,500,1,1.0,0.6201798788212158
3,0.8,0.1,3,1,500,5,0.8,0.6043641148438976
3,0.8,0.1,3,1,500,5,0.8,0.6158240482891845
3,0.8,0.1,3,1,500,5,0.8,0.6179690783475972
3,0.8,0.1,3,1,500,5,1.0,0.6049530657758201
3,0.8,0.1,3,1,500,5,1.0,0.6183821467323397
3,0.8,0.1,3,1,500,5,1.0,0.6181447584105436
3,0.8,0.1,3,5,100,1,0.8,0.6436927969801333
3,0.8,0.1,3,5,100,1,0.8,0.6566901408534829
3,0.8,0.1,3,5,100,1,0.8,0.6493279544137834
3,0.8,0.1,3,5,100,1,1.0,0.6543725736748687
3,0.8,0.1,3,5,100,1,1.0,0.6605150184886962
3,0.8,0.1,3,5,100,1,1.0,0.6515492897378033
3,0.8,0.1,3,5,100,5,0.8,0.6462863014434829
3,0.8,0.1,3,5,100,5,0.8,0.659309451378979
3,0.8,0.1,3,5,100,5,0.8,0.650937501204664
3,0.8,0.1,3,5,100,5,1.0,0.654031737829567
3,0.8,0.1,3,5,100,5,1.0,0.6623514278333001
3,0.8,0.1,3,5,100,5,1.0,0.6515207128718272
3,0.8,0.1,3,5,300,1,0.8,0.6112730420136653
3,0.8,0.1,3,5,300,1,0.8,0.6237602181778243
3,0.8,0.1,3,5,300,1,0.8,0.6226473501971445
3,0.8,0.1,3,5,300,1,1.0,0.616578782157715
3,0.8,0.1,3,5,300,1,1.0,0.6256703899260851
3,0.8,0.1,3,5,300,1,1.0,0.6232403767227779
3,0.8,0.1,3,5,300,5,0.8,0.611723911723007
3,0.8,0.1,3,5,300,5,0.8,0.6242956103787726
3,0.8,0.1,3,5,300,5,0.8,0.6195279933026373
3,0.8,0.1,3,5,300,5,1.0,0.6160059661683148
3,0.8,0.1,3,5,300,5,1.0,0.6256930958682159
3,0.8,0.1,3,5,300,5,1.0,0.6230729595168455
3,0.8,0.1,3,5,500,1,0.8,0.6062171631695844
3,0.8,0.1,3,5,500,1,0.8,0.613031177587722
3,0.8,0.1,3,5,500,1,0.8,0.6201726610513594
3,0.8,0.1,3,5,500,1,1.0,0.6083893581736228
3,0.8,0.1,3,5,500,1,1.0,0.6164653389522571
3,0.8,0.1,3,5,500,1,1.0,0.6199099144656816
3,0.8,0.1,3,5,500,5,0.8,0.6029118274930162
3,0.8,0.1,3,5,500,5,0.8,0.6168445438800673
3,0.8,0.1,3,5,500,5,0.8,0.6159553185194571
3,0.8,0.1,3,5,500,5,1.0,0.6065193244801494
3,0.8,0.1,3,5,500,5,1.0,0.6142667292434562
3,0.8,0.1,3,5,500,5,1.0,0.6189704549740871
3,0.8,0.1,6,1,100,1,0.8,0.6061710105839109
3,0.8,0.1,6,1,100,1,0.8,0.6137149648123638
3,0.8,0.1,6,1,100,1,0.8,0.6187421519394952
3,0.8,0.1,6,1,100,1,1.0,0.6160407256121154
3,0.8,0.1,6,1,100,1,1.0,0.6110483163200915
3,0.8,0.1,6,1,100,1,1.0,0.6186007925238135
3,0.8,0.1,6,1,100,5,0.8,0.605984147395937
3,0.8,0.1,6,1,100,5,0.8,0.613279691763548
3,0.8,0.1,6,1,100,5,0.8,0.6174897362581262
3,0.8,0.1,6,1,100,5,1.0,0.6092272509335316
3,0.8,0.1,6,1,100,5,1.0,0.6140438978008727
3,0.8,0.1,6,1,100,5,1.0,0.6187458376887153
3,0.8,0.1,6,1,300,1,0.8,0.606221414740792
3,0.8,0.1,6,1,300,1,0.8,0.6136090478520143
3,0.8,0.1,6,1,300,1,0.8,0.6259281079373424
3,0.8,0.1,6,1,300,1,1.0,0.6147043606014561
3,0.8,0.1,6,1,300,1,1.0,0.6108349836929631
3,0.8,0.1,6,1,300,1,1.0,0.6213900244086019
3,0.8,0.1,6,1,300,5,0.8,0.6043442682736144
3,0.8,0.1,6,1,300,5,0.8,0.6129181047816012
3,0.8,0.1,6,1,300,5,0.8,0.6223452072539425
3,0.8,0.1,6,1,300,5,1.0,0.6063625444408628
3,0.8,0.1,6,1,300,5,1.0,0.6095095294065481
3,0.8,0.1,6,1,300,5,1.0,0.6199638934681488
3,0.8,0.1,6,1,500,1,0.8,0.6109583576322435
3,0.8,0.1,6,1,500,1,0.8,0.617626485816277
3,0.8,0.1,6,1,500,1,0.8,0.6309429429613425
3,0.8,0.1,6,1,500,1,1.0,0.6170482041389208
3,0.8,0.1,6,1,500,1,1.0,0.6129215146719488
3,0.8,0.1,6,1,500,1,1.0,0.6251408058905413
3,0.8,0.1,6,1,500,5,0.8,0.606830679779275
3,0.8,0.1,6,1,500,5,0.8,0.6171136190203307
3,0.8,0.1,6,1,500,5,0.8,0.6278452039071685
3,0.8,0.1,6,1,500,5,1.0,0.6091607671255038
3,0.8,0.1,6,1,500,5,1.0,0.6116912446043387
3,0.8,0.1,6,1,500,5,1.0,0.6236133074354058
3,0.8,0.1,6,5,100,1,0.8,0.6057564172151453
3,0.8,0.1,6,5,100,1,0.8,0.6117565758004282
3,0.8,0.1,6,5,100,1,0.8,0.6166575109821153
3,0.8,0.1,6,5,100,1,1.0,0.6090312771059109
3,0.8,0.1,6,5,100,1,1.0,0.6143828423331282
3,0.8,0.1,6,5,100,1,1.0,0.6144939282745766
3,0.8,0.1,6,5,100,5,0.8,0.6054781648007374
3,0.8,0.1,6,5,100,5,0.8,0.6119408566602085
3,0.8,0.1,6,5,100,5,0.8,0.620264426636204
3,0.8,0.1,6,5,100,5,1.0,0.6070965308886533
3,0.8,0.1,6,5,100,5,1.0,0.6074528811145508
3,0.8,0.1,6,5,100,5,1.0,0.6166137451972014
3,0.8,0.1,6,5,300,1,0.8,0.6032528017554868
3,0.8,0.1,6,5,300,1,0.8,0.612713971007913
3,0.8,0.1,6,5,300,1,0.8,0.6222871299628011
3,0.8,0.1,6,5,300,1,1.0,0.6057241730029054
3,0.8,0.1,6,5,300,1,1.0,0.6131451016687878
3,0.8,0.1,6,5,300,1,1.0,0.617104668508442
3,0.8,0.1,6,5,300,5,0.8,0.6039864110765439
3,0.8,0.1,6,5,300,5,0.8,0.6083001453561736
3,0.8,0.1,6,5,300,5,0.8,0.6220678212619344
3,0.8,0.1,6,5,300,5,1.0,0.602861824730117
3,0.8,0.1,6,5,300,5,1.0,0.6048576510825237
3,0.8,0.1,6,5,300,5,1.0,0.6196144866967559
3,0.8,0.1,6,5,500,1,0.8,0.6077336814664468
3,0.8,0.1,6,5,500,1,0.8,0.6171240404253764
3,0.8,0.1,6,5,500,1,0.8,0.6263902579815731
3,0.8,0.1,6,5,500,1,1.0,0.6087089397458503
3,0.8,0.1,6,5,500,1,1.0,0.6142222793450561
3,0.8,0.1,6,5,500,1,1.0,0.6205352021210138
3,0.8,0.1,6,5,500,5,0.8,0.6082629509697495
3,0.8,0.1,6,5,500,5,0.8,0.6117510102784154
3,0.8,0.1,6,5,500,5,0.8,0.6279362327706449
3,0.8,0.1,6,5,500,5,1.0,0.6052424686401843
3,0.8,0.1,6,5,500,5,1.0,0.6068980464762335
3,0.8,0.1,6,5,500,5,1.0,0.6223438334238262
3,1.0,0.03,3,1,100,1,0.8,0.72374547633103
3,1.0,0.03,3,1,100,1,0.8,0.735804588032968
3,1.0,0.03,3,1,100,1,0.8,0.7241520561674928
3,1.0,0.03,3,1,100,1,1.0,0.7254603115397216
3,1.0,0.03,3,1,100,1,1.0,0.7373743616486842
3,1.0,0.03,3,1,100,1,1.0,0.7243323288947997
3,1.0,0.03,3,1,100,5,0.8,0.7256587994474182
3,1.0,0.03,3,1,100,5,0.8,0.7395014380301063
3,1.0,0.03,3,1,100,5,0.8,0.7257103792320444
3,1.0,0.03,3,1,100,5,1.0,0.7276212224493296
3,1.0,0.03,3,1,100,5,1.0,0.7409728544933716
3,1.0,0.03,3,1,100,5,1.0,0.7278821289874197
3,1.0,0.03,3,1,300,1,0.8,0.6479923188663924
3,1.0,0.03,3,1,300,1,0.8,0.6586163552093102
3,1.0,0.03,3,1,300,1,0.8,0.6487745728315464
3,1.0,0.03,3,1,300,1,1.0,0.6553986112222722
3,1.0,0.03,3,1,300,1,1.0,0.663974045124153
3,1.0,0.03,3,1,300,1,1.0,0.6535773498756386
3,1.0,0.03,3,1,300,5,0.8,0.6482198851486753
3,1.0,0.03,3,1,300,5,0.8,0.6607381256917089
3,1.0,0.03,3,1,300,5,0.8,0.649287744675608
3,1.0,0.03,3,1,300,5,1.0,0.6563218983816556
3,1.0,0.03,3,1,300,5,1.0,0.6644648373979612
3,1.0,0.03,3,1,300,5,1.0,0.6555022688274799
3,1.0,0.03,3,1,500,1,0.8,0.6268009919002248
3,1.0,0.03,3,1,500,1,0.8,0.6372886160294143
3,1.0,0.03,3,1,500,1,0.8,0.6301113084325201
3,1.0,0.03,3,1,500,1,1.0,0.6325333437335816
3,1.0,0.03,3,1,500,1,1.0,0.6437251297558799
3,1.0,0.03,3,1,500,1,1.0,0.6345983999137343
3,1.0,0.03,3,1,500,5,0.8,0.6279445957413123
3,1.0,0.03,3,1,500,5,0.8,0.6391099992943596
3,1.0,0.03,3,1,500,5,0.8,0.6311777069846743
3,1.0,0.03,3,1,500,5,1.0,0.6342617617998646
3,1.0,0.03,3,1,500,5,1.0,0.6429305961880413
3,1.0,0.03,3,1,500,5,1.0,0.6356235963770709
3,1.0,0.03,3,5,100,1,0.8,0.7238958606213546
3,1.0,0.03,3,5,100,1,0.8,0.7361564495726794
3,1.0,0.03,3,5,100,1,0.8,0.7235935254209389
3,1.0,0.03,3,5,100,1,1.0,0.7254621385906732
3,1.0,0.03,3,5,100,1,1.0,0.7373743616486842
3,1.0,0.03,3,5,100,1,1.0,0.7243046125322218
3,1.0,0.03,3,5,100,5,0.8,0.7256435375427275
3,1.0,0.03,3,5,100,5,0.8,0.7395214550955287
3,1.0,0.03,3,5,100,5,0.8,0.7257358026792801
3,1.0,0.03,3,5,100,5,1.0,0.7276429651719923
3,1.0,0.03,3,5,100,5,1.0,0.7409728544933716
3,1.0,0.03,3,5,100,5,1.0,0.727897708844085
3,1.0,0.03,3,5,300,1,0.8,0.6499159573029881
3,1.0,0.03,3,5,300,1,0.8,0.6577822297280155
3,1.0,0.03,3,5,300,1,0.8,0.6467298745333688
3,1.0,0.03,3,5,300,1,1.0,0.6541032904683147
3,1.0,0.03,3,5,300,1,1.0,0.6607413662256874
3,1.0,0.03,3,5,300,1,1.0,0.6540720897463373
3,1.0,0.03,3,5,300,5,0.8,0.6488096549422055
3,1.0,0.03,3,5,300,5,0.8,0.6609425894918299
3,1.0,0.03,3,5,300,5,0.8,0.6495282127531171
3,1.0,0.03,3,5,300,5,1.0,0.6558131432452939
3,1.0,0.03,3,5,300,5,1.0,0.6642371487895741
3,1.0,0.03,3,5,300,5,1.0,0.655374253039801
3,1.0,0.03,3,5,500,1,0.8,0.6288309945451398
3,1.0,0.03,3,5,500,1,0.8,0.637622566158793
3,1.0,0.03,3,5,500,1,0.8,0.6295843253985868
3,1.0,0.03,3,5,500,1,1.0,0.6325368890400348
3,1.0,0.03,3,5,500,1,1.0,0.6394802024422466
3,1.0,0.03,3,5,500,1,1.0,0.6357609594341604
3,1.0,0.03,3,5,500,5,0.8,0.6283257065025559
3,1.0,0.03,3,5,500,5,0.8,0.6392378257804865
3,1.0,0.03,3,5,500,5,0.8,0.6306034451257104
3,1.0,0.03,3,5,500,5,1.0,0.6342551433412814
3,1.0,0.03,3,5,500,5,1.0,0.6422573665026031
3,1.0,0.03,3,5,500,5,1.0,0.6373367444875347
3,1.0,0.03,6,1,100,1,0.8,0.6389092365949323
3,1.0,0.03,6,1,100,1,0.8,0.6483678904305485
3,1.0,0.03,6,1,100,1,0.8,0.6437465217909872
3,1.0,0.03,6,1,100,1,1.0,0.640601427739117
3,1.0,0.03,6,1,100,1,1.0,0.6504272091951436
3,1.0,0.03,6,1,100,1,1.0,0.6463830979959401
3,1.0,0.03,6,1,100,5,0.8,0.6416891348201554
3,1.0,0.03,6,1,100,5,0.8,0.6533689008400062
3,1.0,0.03,6,1,100,5,0.8,0.6500688538200994
3,1.0,0.03,6,1,100,5,1.0,0.6460334053772975
3,1.0,0.03,6,1,100,5,1.0,0.6559081306067094
3,1.0,0.03,6,1,100,5,1.0,0.6514173009733266
3,1.0,0.03,6,1,300,1,0.8,0.6043020375555748
3,1.0,0.03,6,1,300,1,0.8,0.6080341633123119
3,1.0,0.03,6,1,300,1,0.8,0.6116927565071668
3,1.0,0.03,6,1,300,1,1.0,0.6096807536439346
3,1.0,0.03,6,1,300,1,1.0,0.6116309774829245
3,1.0,0.03,6,1,300,1,1.0,0.6155450507844192
3,1.0,0.03,6,1,300,5,0.8,0.6047488898070545
3,1.0,0.03,6,1,300,5,0.8,0.6078377840677559
3,1.0,0.03,6,1,300,5,0.8,0.6117298216706402
3,1.0,0.03,6,1,300,5,1.0,0.6075899425682604
3,1.0,0.03,6,1,300,5,1.0,0.6135344689702029
3,1.0,0.03,6,1,300,5,1.0,0.6162691132487578
3,1.0,0.03,6,1,500,1,0.8,0.5994677415203463
3,1.0,0.03,6,1,500,1,0.8,0.6042666046264108
3,1.0,0.03,6,1,500,1,0.8,0.6108916542206027
3,1.0,0.03,6,1,500,1,1.0,0.6058379568026415
3,1.0,0.03,6,1,500,1,1.0,0.6085881241178647
3,1.0,0.03,6,1,500,1,1.0,0.613927623971598
3,1.0,0.03,6,1,500,5,0.8,0.5974262604811819
3,1.0,0.03,6,1,500,5,0.8,0.60205681115209
3,1.0,0.03,6,1,500,5,0.8,0.610340301966554
3,1.0,0.03,6,1,500,5,1.0,0.603045818234541
3,1.0,0.03,6,1,500,5,1.0,0.609420898927567
3,1.0,0.03,6,1,500,5,1.0,0.6141730794656657
3,1.0,0.03,6,5,100,1,0.8,0.635891491268524
3,1.0,0.03,6,5,100,1,0.8,0.6462417415613602
3,1.0,0.03,6,5,100,1,0.8,0.6423965465198324
3,1.0,0.03,6,5,100,1,1.0,0.6414779795383995
3,1.0,0.03,6,5,100,1,1.0,0.6496615354198326
3,1.0,0.03,6,5,100,1,1.0,0.644659621324897
3,1.0,0.03,6,5,100,5,0.8,0.6410570170445649
3,1.0,0.03,6,5,100,5,0.8,0.6531664246691159
3,1.0,0.03,6,5,100,5,0.8,0.6498436388061783
3,1.0,0.03,6,5,100,5,1.0,0.649065706314981
3,1.0,0.03,6,5,100,5,1.0,0.6547046908608533
3,1.0,0.03,6,5,100,5,1.0,0.651164514459769
3,1.0,0.03,6,5,300,1,0.8,0.6018515482363502
3,1.0,0.03,6,5,300,1,0.8,0.6066977215044466
3,1.0,0.03,6,5,300,1,0.8,0.6105477379027073
3,1.0,0.03,6,5,300,1,1.0,0.6110964087155469
3,1.0,0.03,6,5,300,1,1.0,0.6105014111491786
3,1.0,0.03,6,5,300,1,1.0,0.6143300496490615
3,1.0,0.03,6,5,300,5,0.8,0.6046184856965918
3,1.0,0.03,6,5,300,5,0.8,0.6076329214943464
3,1.0,0.03,6,5,300,5,0.8,0.6096379808786239
3,1.0,0.03,6,5,300,5,1.0,0.6107795423622567
3,1.0,0.03,6,5,300,5,1.0,0.6110067118535989
3,1.0,0.03,6,5,300,5,1.0,0.614707301165772
3,1.0,0.03,6,5,500,1,0.8,0.5980135334279332
3,1.0,0.03,6,5,500,1,0.8,0.6024804685026941
3,1.0,0.03,6,5,500,1,0.8,0.6094679597262515
3,1.0,0.03,6,5,500,1,1.0,0.6065920665200236
3,1.0,0.03,6,5,500,1,1.0,0.6068220234709734
3,1.0,0.03,6,5,500,1,1.0,0.6142906712787515
3,1.0,0.03,6,5,500,5,0.8,0.598606106393133
3,1.0,0.03,6,5,500,5,0.8,0.6017904867455623
3,1.0,0.03,6,5,500,5,0.8,0.6089670851109514
3,1.0,0.03,6,5,500,5,1.0,0.6068580832996788
3,1.0,0.03,6,5,500,5,1.0,0.6060334517854201
3,1.0,0.03,6,5,500,5,1.0,0.6134507535200544
3,1.0,0.1,3,1,100,1,0.8,0.6450145355771287
3,1.0,0.1,3,1,100,1,0.8,0.6573389786294642
3,1.0,0.1,3,1,100,1,0.8,0.6535508478913002
3,1.0,0.1,3,1,100,1,1.0,0.6515155004630602
3,1.0,0.1,3,1,100,1,1.0,0.6608100050674628
3,1.0,0.1,3,1,100,1,1.0,0.6484710392625666
3,1.0,0.1,3,1,100,5,0.8,0.6433157186891519
3,1.0,0.1,3,1,100,5,0.8,0.654664444388299
3,1.0,0.1,3,1,100,5,0.8,0.6489775022651904
3,1.0,0.1,3,1,100,5,1.0,0.6506888849400014
3,1.0,0.1,3,1,100,5,1.0,0.660184221905563
3,1.0,0.1,3,1,100,5,1.0,0.653146883709098
3,1.0,0.1,3,1,300,1,0.8,0.6084663893101315
3,1.0,0.1,3,1,300,1,0.8,0.6234527768485958
3,1.0,0.1,3,1,300,1,0.8,0.6237438519027153
3,1.0,0.1,3,1,300,1,1.0,0.6171783084633069
3,1.0,0.1,3,1,300,1,1.0,0.62663295563781
3,1.0,0.1,3,1,300,1,1.0,0.6188330202309662
3,1.0,0.1,3,1,300,5,0.8,0.608571346597124
3,1.0,0.1,3,1,300,5,0.8,0.6176756774824047
3,1.0,0.1,3,1,300,5,0.8,0.6209021173687247
3,1.0,0.1,3,1,300,5,1.0,0.6141442160575512
3,1.0,0.1,3,1,300,5,1.0,0.6247169837716852
3,1.0,0.1,3,1,300,5,1.0,0.6225426199998653
3,1.0,0.1,3,1,500,1,0.8,0.6027433942074889
3,1.0,0.1,3,1,500,1,0.8,0.6189938888991356
3,1.0,0.1,3,1,500,1,0.8,0.6216265811921673
3,1.0,0.1,3,1,500,1,1.0,0.6080209687166216
3,1.0,0.1,3,1,500,1,1.0,0.6193413904328275
3,1.0,0.1,3,1,500,1,1.0,0.6165834254132115
3,1.0,0.1,3,1,500,5,0.8,0.602222478575452
3,1.0,0.1,3,1,500,5,0.8,0.6106543455413834
3,1.0,0.1,3,1,500,5,0.8,0.6200993214595478
3,1.0,0.1,3,1,500,5,1.0,0.6067383355836199
3,1.0,0.1,3,1,500,5,1.0,0.6161943694938005
3,1.0,0.1,3,1,500,5,1.0,0.617919731686672
3,1.0,0.1,3,5,100,1,0.8,0.6450438146554505
3,1.0,0.1,3,5,100,1,0.8,0.6530713168831996
3,1.0,0.1,3,5,100,1,0.8,0.6503192368151174
3,1.0,0.1,3,5,100,1,1.0,0.6524610402900745
3,1.0,0.1,3,5,100,1,1.0,0.6555719074288252
3,1.0,0.1,3,5,100,1,1.0,0.6471353835384496
3,1.0,0.1,3,5,100,5,0.8,0.6449015491395979
3,1.0,0.1,3,5,100,5,0.8,0.6550274975373329
3,1.0,0.1,3,5,100,5,0.8,0.6492071500102969
3,1.0,0.1,3,5,100,5,1.0,0.6504321062807475
3,1.0,0.1,3,5,100,5,1.0,0.660359441158305
3,1.0,0.1,3,5,100,5,1.0,0.6512705885877665
3,1.0,0.1,3,5,300,1,0.8,0.6087195252558291
3,1.0,0.1,3,5,300,1,0.8,0.6171816866829672
3,1.0,0.1,3,5,300,1,0.8,0.6221952167312685
3,1.0,0.1,3,5,300,1,1.0,0.6157384528400855
3,1.0,0.1,3,5,300,1,1.0,0.6222455182602886
3,1.0,0.1,3,5,300,1,1.0,0.6184018169160751
3,1.0,0.1,3,5,300,5,0.8,0.6114632673730052
3,1.0,0.1,3,5,300,5,0.8,0.6181518687522316
3,1.0,0.1,3,5,300,5,0.8,0.6192197353599386
3,1.0,0.1,3,5,300,5,1.0,0.6169922410279672
3,1.0,0.1,3,5,300,5,1.0,0.6239271994776866
3,1.0,0.1,3,5,300,5,1.0,0.6238860279702044
3,1.0,0.1,3,5,500,1,0.8,0.6029085172141517
3,1.0,0.1,3,5,500,1,0.8,0.6073430601287545
3,1.0,0.1,3,5,500,1,0.8,0.6188649553119812
3,1.0,0.1,3,5,500,1,1.0,0.6067612373547953
3,1.0,0.1,3,5,500,1,1.0,0.6141340232594199
3,1.0,0.1,3,5,500,1,1.0,0.6171833373587781
3,1.0,0.1,3,5,500,5,0.8,0.6049401894273871
3,1.0,0.1,3,5,500,5,0.8,0.6101466113800506
3,1.0,0.1,3,5,500,5,0.8,0.6153968506763816
3,1.0,0.1,3,5,500,5,1.0,0.6074456322133683
3,1.0,0.1,3,5,500,5,1.0,0.6156651818440448
3,1.0,0.1,3,5,500,5,1.0,0.6202762197334775
3,1.0,0.1,6,1,100,1,0.8,0.6069917483949553
3,1.0,0.1,6,1,100,1,0.8,0.6133695052623424
3,1.0,0.1,6,1,100,1,0.8,0.6202406827629475
3,1.0,0.1,6,1,100,1,1.0,0.6126492213838695
3,1.0,0.1,6,1,100,1,1.0,0.6173885169604663
3,1.0,0.1,6,1,100,1,1.0,0.6178977500568423
3,1.0,0.1,6,1,100,5,0.8,0.6093556909727145
3,1.0,0.1,6,1,100,5,0.8,0.612390202753667
3,1.0,0.1,6,1,100,5,0.8,0.6224506034665394
3,1.0,0.1,6,1,100,5,1.0,0.6103623244710292
3,1.0,0.1,6,1,100,5,1.0,0.6120880071389024
3,1.0,0.1,6,1,100,5,1.0,0.6152284779319738
3,1.0,0.1,6,1,300,1,0.8,0.604014642325786
3,1.0,0.1,6,1,300,1,0.8,0.6134723478422691
3,1.0,0.1,6,1,300,1,0.8,0.6253539449038491
3,1.0,0.1,6,1,300,1,1.0,0.6093156869443555
3,1.0,0.1,6,1,300,1,1.0,0.6165277987050797
3,1.0,0.1,6,1,300,1,1.0,0.6194339647086813
3,1.0,0.1,6,1,300,5,0.8,0.6067668953064798
3,1.0,0.1,6,1,300,5,0.8,0.609806902434001
3,1.0,0.1,6,1,300,5,0.8,0.6270415216236833
3,1.0,0.1,6,1,300,5,1.0,0.6059220687163022
3,1.0,0.1,6,1,300,5,1.0,0.6099066801510006
3,1.0,0.1,6,1,300,5,1.0,0.6207018468904307
3,1.0,0.1,6,1,500,1,0.8,0.6077710194989077
3,1.0,0.1,6,1,500,1,0.8,0.6159863546107874
3,1.0,0.1,6,1,500,1,0.8,0.6295299139025027
3,1.0,0.1,6,1,500,1,1.0,0.6135110549347976
3,1.0,0.1,6,1,500,1,1.0,0.6193076719727983
3,1.0,0.1,6,1,500,1,1.0,0.6231162489610261
3,1.0,0.1,6,1,500,5,0.8,0.611277758226127
3,1.0,0.1,6,1,500,5,0.8,0.6121998211784744
3,1.0,0.1,6,1,500,5,0.8,0.6321668760074358
3,1.0,0.1,6,1,500,5,1.0,0.6077670661510379
3,1.0,0.1,6,1,500,5,1.0,0.6123119284699117
3,1.0,0.1,6,1,500,5,1.0,0.6252527552841943
3,1.0,0.1,6,5,100,1,0.8,0.6092799865001487
3,1.0,0.1,6,5,100,1,0.8,0.6117255515064012
3,1.0,0.1,6,5,100,1,0.8,0.6193445387400593
3,1.0,0.1,6,5,100,1,1.0,0.6141767371981743
3,1.0,0.1,6,5,100,1,1.0,0.6132505591286705
3,1.0,0.1,6,5,100,1,1.0,0.6168743894372135
3,1.0,0.1,6,5,100,5,0.8,0.6075826600931805
3,1.0,0.1,6,5,100,5,0.8,0.6151057803567606
3,1.0,0.1,6,5,100,5,0.8,0.6194313037998227
3,1.0,0.1,6,5,100,5,1.0,0.6103517647814786
3,1.0,0.1,6,5,100,5,1.0,0.6106319151381748
3,1.0,0.1,6,5,100,5,1.0,0.6173907775275407
3,1.0,0.1,6,5,300,1,0.8,0.6114018251580736
3,1.0,0.1,6,5,300,1,0.8,0.61279189629191
3,1.0,0.1,6,5,300,1,0.8,0.624414913253261
3,1.0,0.1,6,5,300,1,1.0,0.61061584190218
3,1.0,0.1,6,5,300,1,1.0,0.6128846916255491
3,1.0,0.1,6,5,300,1,1.0,0.6230565474160455
3,1.0,0.1,6,5,300,5,0.8,0.6045874668781323
3,1.0,0.1,6,5,300,5,0.8,0.6120445337755571
3,1.0,0.1,6,5,300,5,0.8,0.6212088492048607
3,1.0,0.1,6,5,300,5,1.0,0.6055446799324669
3,1.0,0.1,6,5,300,5,1.0,0.6071541070033976
3,1.0,0.1,6,5,300,5,1.0,0.6195523945780657
3,1.0,0.1,6,5,500,1,0.8,0.6153741088943978
3,1.0,0.1,6,5,500,1,0.8,0.6151106760963078
3,1.0,0.1,6,5,500,1,0.8,0.6272567699859718
3,1.0,0.1,6,5,500,1,1.0,0.6141664895509952
3,1.0,0.1,6,5,500,1,1.0,0.6149679360457563
3,1.0,0.1,6,5,500,1,1.0,0.6266037222819869
3,1.0,0.1,6,5,500,5,0.8,0.6080933207320408
3,1.0,0.1,6,5,500,5,0.8,0.6141413715905492
3,1.0,0.1,6,5,500,5,0.8,0.6260008693948933
3,1.0,0.1,6,5,500,5,1.0,0.6067594577266221
3,1.0,0.1,6,5,500,5,1.0,0.6095277664957301
3,1.0,0.1,6,5,500,5,1.0,0.622591248997753
4,0.8,0.03,3,1,100,1,0.8,0.7043125771927895
4,0.8,0.03,3,1,100,1,0.8,0.755728858932097
4,0.8,0.03,3,1,100,1,0.8,0.7124767939774294
4,0.8,0.03,3,1,100,1,1.0,0.7053995330206196
4,0.8,0.03,3,1,100,1,1.0,0.7577681420008481
4,0.8,0.03,3,1,100,1,1.0,0.7139204981402624
4,0.8,0.03,3,1,100,5,0.8,0.7067211553672254
4,0.8,0.03,3,1,100,5,0.8,0.7593207799200247
4,0.8,0.03,3,1,100,5,0.8,0.7146956642974456
4,0.8,0.03,3,1,100,5,1.0,0.7083672078418357
4,0.8,0.03,3,1,100,5,1.0,0.7606901380443323
4,0.8,0.03,3,1,100,5,1.0,0.7176048662265269
4,0.8,0.03,3,1,300,1,0.8,0.6241014898679534
4,0.8,0.03,3,1,300,1,0.8,0.6782281719545746
4,0.8,0.03,3,1,300,1,0.8,0.6430357717055635
4,0.8,0.03,3,1,300,1,1.0,0.630085326104064
4,0.8,0.03,3,1,300,1,1.0,0.6819330012179926
4,0.8,0.03,3,1,300,1,1.0,0.6470464624078427
4,0.8,0.03,3,1,300,5,0.8,0.6263728932334263
4,0.8,0.03,3,1,300,5,0.8,0.6817722274081713
4,0.8,0.03,3,1,300,5,0.8,0.6452514961833506
4,0.8,0.03,3,1,300,5,1.0,0.6325916406947926
4,0.8,0.03,3,1,300,5,1.0,0.6829195324796399
4,0.8,0.03,3,1,300,5,1.0,0.6498919275488798
4,0.8,0.03,3,1,500,1,0.8,0.6051461212401362
4,0.8,0.03,3,1,500,1,0.8,0.6577465129077196
4,0.8,0.03,3,1,500,1,0.8,0.6242823936673783
4,0.8,0.03,3,1,500,1,1.0,0.6118751034135559
4,0.8,0.03,3,1,500,1,1.0,0.6623693170225811
4,0.8,0.03,3,1,500,1,1.0,0.626578350501578
4,0.8,0.03,3,1,500,5,0.8,0.6061729090805736
4,0.8,0.03,3,1,500,5,0.8,0.6618582560429405
4,0.8,0.03,3,1,500,5,0.8,0.6252554042511979
4,0.8,0.03,3,1,500,5,1.0,0.6128716769807001
4,0.8,0.03,3,1,500,5,1.0,0.663427029633072
4,0.8,0.03,3,1,500,5,1.0,0.630324415080439
4,0.8,0.03,3,5,100,1,0.8,0.7044725825187438
4,0.8,0.03,3,5,100,1,0.8,0.7556407628678247
4,0.8,0.03,3,5,100,1,0.8,0.712337196911391
4,0.8,0.03,3,5,100,1,1.0,0.7049710743469962
4,0.8,0.03,3,5,100,1,1.0,0.7577447516530064
4,0.8,0.03,3,5,100,1,1.0,0.7141037851083265
4,0.8,0.03,3,5,100,5,0.8,0.7067211553672254
4,0.8,0.03,3,5,100,5,0.8,0.7592883304000531
4,0.8,0.03,3,5,100,5,0.8,0.714701041765793
4,0.8,0.03,3,5,100,5,1.0,0.7083672078418357
4,0.8,0.03,3,5,100,5,1.0,0.7606402980580684
4,0.8,0.03,3,5,100,5,1.0,0.7173084357129474
4,0.8,0.03,3,5,300,1,0.8,0.625019609321817
4,0.8,0.03,3,5,300,1,0.8,0.6790171999606168
4,0.8,0.03,3,5,300,1,0.8,0.6438954135913328
4,0.8,0.03,3,5,300,1,1.0,0.6292175416373459
4,0.8,0.03,3,5,300,1,1.0,0.6817654111957113
4,0.8,0.03,3,5,300,1,1.0,0.6473102577439013
4,0.8,0.03,3,5,300,5,0.8,0.6259042210743838
4,0.8,0.03,3,5,300,5,0.8,0.6811423599009738
4,0.8,0.03,3,5,300,5,0.8,0.6450588723045471
4,0.8,0.03,3,5,300,5,1.0,0.6337686189700868
4,0.8,0.03,3,5,300,5,1.0,0.6841756135526863
4,0.8,0.03,3,5,300,5,1.0,0.6484790424845566
4,0.8,0.03,3,5,500,1,0.8,0.6061009406820999
4,0.8,0.03,3,5,500,1,0.8,0.659466180400209
4,0.8,0.03,3,5,500,1,0.8,0.6242690629241514
4,0.8,0.03,3,5,500,1,1.0,0.6101427480454934
4,0.8,0.03,3,5,500,1,1.0,0.6619235199927714
4,0.8,0.03,3,5,500,1,1.0,0.6283362559920053
4,0.8,0.03,3,5,500,5,0.8,0.6067197500883957
4,0.8,0.03,3,5,500,5,0.8,0.660500301252227
4,0.8,0.03,3,5,500,5,0.8,0.6252362152992886
4,0.8,0.03,3,5,500,5,1.0,0.6131022131795854
4,0.8,0.03,3,5,500,5,1.0,0.6654005646492913
4,0.8,0.03,3,5,500,5,1.0,0.6296615738320451
4,0.8,0.03,6,1,100,1,0.8,0.6184372532451448
4,0.8,0.03,6,1,100,1,0.8,0.6673947919204613
4,0.8,0.03,6,1,100,1,0.8,0.6300725551870575
4,0.8,0.03,6,1,100,1,1.0,0.6210986423028937
4,0.8,0.03,6,1,100,1,1.0,0.669012402290365
4,0.8,0.03,6,1,100,1,1.0,0.6290127927111016
4,0.8,0.03,6,1,100,5,0.8,0.6237706185931091
4,0.8,0.03,6,1,100,5,0.8,0.6746171441005757
4,0.8,0.03,6,1,100,5,0.8,0.6355087923624401
4,0.8,0.03,6,1,100,5,1.0,0.6257800951244615
4,0.8,0.03,6,1,100,5,1.0,0.6753352926650527
4,0.8,0.03,6,1,100,5,1.0,0.6352421834769715
4,0.8,0.03,6,1,300,1,0.8,0.5817949485471638
4,0.8,0.03,6,1,300,1,0.8,0.6253747411405739
4,0.8,0.03,6,1,300,1,0.8,0.5991507784377114
4,0.8,0.03,6,1,300,1,1.0,0.5859745349392361
4,0.8,0.03,6,1,300,1,1.0,0.6287794719838501
4,0.8,0.03,6,1,300,1,1.0,0.600134574895144
4,0.8,0.03,6,1,300,5,0.8,0.5837900028305211
4,0.8,0.03,6,1,300,5,0.8,0.6279149433905873
4,0.8,0.03,6,1,300,5,0.8,0.6000374816442341
4,0.8,0.03,6,1,300,5,1.0,0.5873093170361198
4,0.8,0.03,6,1,300,5,1.0,0.6315979673943501
4,0.8,0.03,6,1,300,5,1.0,0.6010147863436359
4,0.8,0.03,6,1,500,1,0.8,0.579878987512799
4,0.8,0.03,6,1,500,1,0.8,0.6196005686403228
4,0.8,0.03,6,1,500,1,0.8,0.5950924434866128
4,0.8,0.03,6,1,500,1,1.0,0.5841668993960571
4,0.8,0.03,6,1,500,1,1.0,0.6242388771098221
4,0.8,0.03,6,1,500,1,1.0,0.5960431638031117
4,0.8,0.03,6,1,500,5,0.8,0.58165077586939
4,0.8,0.03,6,1,500,5,0.8,0.6222760239761443
4,0.8,0.03,6,1,500,5,0.8,0.5963841879861201
4,0.8,0.03,6,1,500,5,1.0,0.5852135158547573
4,0.8,0.03,6,1,500,5,1.0,0.6245393468248946
4,0.8,0.03,6,1,500,5,1.0,0.5969505296381796
4,0.8,0.03,6,5,100,1,0.8,0.617376912187871
4,0.8,0.03,6,5,100,1,0.8,0.6670901548480093
4,0.8,0.03,6,5,100,1,0.8,0.6321284788941416
4,0.8,0.03,6,5,100,1,1.0,0.6206465996836641
4,0.8,0.03,6,5,100,1,1.0,0.6683101700081385
4,0.8,0.03,6,5,100,1,1.0,0.6302108048843335
4,0.8,0.03,6,5,100,5,0.8,0.6245761618952109
4,0.8,0.03,6,5,100,5,0.8,0.6739279839232981
4,0.8,0.03,6,5,100,5,0.8,0.6349209892991116
4,0.8,0.03,6,5,100,5,1.0,0.6244181671449891
4,0.8,0.03,6,5,100,5,1.0,0.6740463663420038
4,0.8,0.03,6,5,100,5,1.0,0.6349837799586532
4,0.8,0.03,6,5,300,1,0.8,0.5804289042317701
4,0.8,0.03,6,5,300,1,0.8,0.6262067377214442
4,0.8,0.03,6,5,300,1,0.8,0.6014970829320321
4,0.8,0.03,6,5,300,1,1.0,0.5869714938290851
4,0.8,0.03,6,5,300,1,1.0,0.6278929136053455
4,0.8,0.03,6,5,300,1,1.0,0.602737498311851
4,0.8,0.03,6,5,300,5,0.8,0.5855240299073552
4,0.8,0.03,6,5,300,5,0.8,0.6270151871745258
4,0.8,0.03,6,5,300,5,0.8,0.5999748478835121
4,0.8,0.03,6,5,300,5,1.0,0.58745196259358
4,0.8,0.03,6,5,300,5,1.0,0.6323989101446648
4,0.8,0.03,6,5,300,5,1.0,0.603419099954635
4,0.8,0.03,6,5,500,1,0.8,0.578276497723896
4,0.8,0.03,6,5,500,1,0.8,0.6205659458966133
4,0.8,0.03,6,5,500,1,0.8,0.5977713570139517
4,0.8,0.03,6,5,500,1,1.0,0.584614654972654
4,0.8,0.03,6,5,500,1,1.0,0.6227930239229853
4,0.8,0.03,6,5,500,1,1.0,0.5998156572501046
4,0.8,0.03,6,5,500,5,0.8,0.5826115998826139
4,0.8,0.03,6,5,500,5,0.8,0.6199252057159277
4,0.8,0.03,6,5,500,5,0.8,0.5952322881603119
4,0.8,0.03,6,5,500,5,1.0,0.5843525103881794
4,0.8,0.03,6,5,500,5,1.0,0.6243374635300584
4,0.8,0.03,6,5,500,5,1.0,0.5981392216866265
4,0.8,0.1,3,1,100,1,0.8,0.621240408670578
4,0.8,0.1,3,1,100,1,0.8,0.6827898006245328
4,0.8,0.1,3,1,100,1,0.8,0.6428735464123856
4,0.8,0.1,3,1,100,1,1.0,0.6278172578670469
4,0.8,0.1,3,1,100,1,1.0,0.6815853433480568
4,0.8,0.1,3,1,100,1,1.0,0.6423393559954133
4,0.8,0.1,3,1,100,5,0.8,0.6256930241626113
4,0.8,0.1,3,1,100,5,0.8,0.6813461112787939
4,0.8,0.1,3,1,100,5,0.8,0.6461023297269
4,0.8,0.1,3,1,100,5,1.0,0.629572157261097
4,0.8,0.1,3,1,100,5,1.0,0.6796228868335921
4,0.8,0.1,3,1,100,5,1.0,0.6446891592424477
4,0.8,0.1,3,1,300,1,0.8,0.5912137702791057
4,0.8,0.1,3,1,300,1,0.8,0.6451207850279354
4,0.8,0.1,3,1,300,1,0.8,0.6130955471476404
4,0.8,0.1,3,1,300,1,1.0,0.5955965134184842
4,0.8,0.1,3,1,300,1,1.0,0.6472121180090114
4,0.8,0.1,3,1,300,1,1.0,0.6122215022372064
4,0.8,0.1,3,1,300,5,0.8,0.5938253241484953
4,0.8,0.1,3,1,300,5,0.8,0.6437097729957032
4,0.8,0.1,3,1,300,5,0.8,0.6108622239257161
4,0.8,0.1,3,1,300,5,1.0,0.5974748464996452
4,0.8,0.1,3,1,300,5,1.0,0.6425458796072872
4,0.8,0.1,3,1,300,5,1.0,0.6128495098279089
4,0.8,0.1,3,1,500,1,0.8,0.5862347528901725
4,0.8,0.1,3,1,500,1,0.8,0.6353731937718707
4,0.8,0.1,3,1,500,1,0.8,0.6096162947876334
4,0.8,0.1,3,1,500,1,1.0,0.5903174581885131
4,0.8,0.1,3,1,500,1,1.0,0.6346277851375927
4,0.8,0.1,3,1,500,1,1.0,0.6079525558330837
4,0.8,0.1,3,1,500,5,0.8,0.5874391638990992
4,0.8,0.1,3,1,500,5,0.8,0.6337983339210835
4,0.8,0.1,3,1,500,5,0.8,0.6046804059257912
4,0.8,0.1,3,1,500,5,1.0,0.5895751039390205
4,0.8,0.1,3,1,500,5,1.0,0.631322938424696
4,0.8,0.1,3,1,500,5,1.0,0.6062561784172572
4,0.8,0.1,3,5,100,1,0.8,0.6204188914916262
4,0.8,0.1,3,5,100,1,0.8,0.6804736375177444
4,0.8,0.1,3,5,100,1,0.8,0.6440901846520225
4,0.8,0.1,3,5,100,1,1.0,0.6290810141560864
4,0.8,0.1,3,5,100,1,1.0,0.6805632917500739
4,0.8,0.1,3,5,100,1,1.0,0.6424309270277613
4,0.8,0.1,3,5,100,5,0.8,0.6268634322251264
4,0.8,0.1,3,5,100,5,0.8,0.6816730516213277
4,0.8,0.1,3,5,100,5,0.8,0.6438888393138787
4,0.8,0.1,3,5,100,5,1.0,0.6302014350102773
4,0.8,0.1,3,5,100,5,1.0,0.6805890592457146
4,0.8,0.1,3,5,100,5,1.0,0.6460284264965532
4,0.8,0.1,3,5,300,1,0.8,0.5914913358632692
4,0.8,0.1,3,5,300,1,0.8,0.6436443910272229
4,0.8,0.1,3,5,300,1,0.8,0.6104080428060887
4,0.8,0.1,3,5,300,1,1.0,0.5973982532965388
4,0.8,0.1,3,5,300,1,1.0,0.645348765401775
4,0.8,0.1,3,5,300,1,1.0,0.6138641027710977
4,0.8,0.1,3,5,300,5,0.8,0.5962576748556335
4,0.8,0.1,3,5,300,5,0.8,0.6447905602497876
4,0.8,0.1,3,5,300,5,0.8,0.6128755735376968
4,0.8,0.1,3,5,300,5,1.0,0.5953781984549911
4,0.8,0.1,3,5,300,5,1.0,0.6433503639515276
4,0.8,0.1,3,5,300,5,1.0,0.6131350313062517
4,0.8,0.1,3,5,500,1,0.8,0.588269134047339
4,0.8,0.1,3,5,500,1,0.8,0.6351296016082674
4,0.8,0.1,3,5,500,1,0.8,0.6053736874222699
4,0.8,0.1,3,5,500,1,1.0,0.5915489064262532
4,0.8,0.1,3,5,500,1,1.0,0.634581204932614
4,0.8,0.1,3,5,500,1,1.0,0.6077106995161793
4,0.8,0.1,3,5,500,5,0.8,0.5893872137865712
4,0.8,0.1,3,5,500,5,0.8,0.6348397510142955
4,0.8,0.1,3,5,500,5,0.8,0.6072875148872896
4,0.8,0.1,3,5,500,5,1.0,0.5886579098821834
4,0.8,0.1,3,5,500,5,1.0,0.6340548057730061
4,0.8,0.1,3,5,500,5,1.0,0.6059973138621715
4,0.8,0.1,6,1,100,1,0.8,0.5856562998261233
4,0.8,0.1,6,1,100,1,0.8,0.6315336922395758
4,0.8,0.1,6,1,100,1,0.8,0.6097962655718163
4,0.8,0.1,6,1,100,1,1.0,0.588518920888411
4,0.8,0.1,6,1,100,1,1.0,0.6340801239198891
4,0.8,0.1,6,1,100,1,1.0,0.6091037737404819
4,0.8,0.1,6,1,100,5,0.8,0.5925348300101205
4,0.8,0.1,6,1,100,5,0.8,0.6308456481360211
4,0.8,0.1,6,1,100,5,0.8,0.6079053348402262
4,0.8,0.1,6,1,100,5,1.0,0.5892891939270706
4,0.8,0.1,6,1,100,5,1.0,0.6370676493969012
4,0.8,0.1,6,1,100,5,1.0,0.6039520355449098
4,0.8,0.1,6,1,300,1,0.8,0.5909919882656177
4,0.8,0.1,6,1,300,1,0.8,0.6313076790118465
4,0.8,0.1,6,1,300,1,0.8,0.6118431300058275
4,0.8,0.1,6,1,300,1,1.0,0.5910868010762292
4,0.8,0.1,6,1,300,1,1.0,0.6324363678273274
4,0.8,0.1,6,1,300,1,1.0,0.6087350049021399
4,0.8,0.1,6,1,300,5,0.8,0.5969174559805758
4,0.8,0.1,6,1,300,5,0.8,0.6267251507026143
4,0.8,0.1,6,1,300,5,0.8,0.605192745702891
4,0.8,0.1,6,1,300,5,1.0,0.5895529787324448
4,0.8,0.1,6,1,300,5,1.0,0.629199610387698
4,0.8,0.1,6,1,300,5,1.0,0.6018436899651088
4,0.8,0.1,6,1,500,1,0.8,0.5956264730883132
4,0.8,0.1,6,1,500,1,0.8,0.634742881463297
4,0.8,0.1,6,1,500,1,0.8,0.6165872788731495
4,0.8,0.1,6,1,500,1,1.0,0.5963005693446276
4,0.8,0.1,6,1,500,1,1.0,0.6331122231817135
4,0.8,0.1,6,1,500,1,1.0,0.6105805480413155
4,0.8,0.1,6,1,500,5,0.8,0.6026943967731647
4,0.8,0.1,6,1,500,5,0.8,0.6291768938488423
4,0.8,0.1,6,1,500,5,0.8,0.6105631413916054
4,0.8,0.1,6,1,500,5,1.0,0.5955307378516262
4,0.8,0.1,6,1,500,5,1.0,0.6310013332586639
4,0.8,0.1,6,1,500,5,1.0,0.6047474564200047
4,0.8,0.1,6,5,100,1,0.8,0.5883260688579514
4,0.8,0.1,6,5,100,1,0.8,0.632361565456795
4,0.8,0.1,6,5,100,1,0.8,0.6128509489456755
4,0.8,0.1,6,5,100,1,1.0,0.5912522818760615
4,0.8,0.1,6,5,100,1,1.0,0.633337289042891
4,0.8,0.1,6,5,100,1,1.0,0.6090207735221241
4,0.8,0.1,6,5,100,5,0.8,0.5903739633179151
4,0.8,0.1,6,5,100,5,0.8,0.6346758113347649
4,0.8,0.1,6,5,100,5,0.8,0.6063338354594536
4,0.8,0.1,6,5,100,5,1.0,0.5915021708702308
4,0.8,0.1,6,5,100,5,1.0,0.6327906054467489
4,0.8,0.1,6,5,100,5,1.0,0.6089328934209942
4,0.8,0.1,6,5,300,1,0.8,0.595032271819602
4,0.8,0.1,6,5,300,1,0.8,0.6295307837063603
4,0.8,0.1,6,5,300,1,0.8,0.6142242548849136
4,0.8,0.1,6,5,300,1,1.0,0.5956442688135622
4,0.8,0.1,6,5,300,1,1.0,0.6297516277983604
4,0.8,0.1,6,5,300,1,1.0,0.6092113017368904
4,0.8,0.1,6,5,300,5,0.8,0.5946557858630117
4,0.8,0.1,6,5,300,5,0.8,0.6299326663602935
4,0.8,0.1,6,5,300,5,0.8,0.6063996189468027
4,0.8,0.1,6,5,300,5,1.0,0.5938080313054724
4,0.8,0.1,6,5,300,5,1.0,0.626526485971223
4,0.8,0.1,6,5,300,5,1.0,0.6066555022483211
4,0.8,0.1,6,5,500,1,0.8,0.6009380067066437
4,0.8,0.1,6,5,500,1,0.8,0.632655079412822
4,0.8,0.1,6,5,500,1,0.8,0.6191479132884261
4,0.8,0.1,6,5,500,1,1.0,0.6000698988345131
4,0.8,0.1,6,5,500,1,1.0,0.6309207508961435
4,0.8,0.1,6,5,500,1,1.0,0.6141894211998288
4,0.8,0.1,6,5,500,5,0.8,0.6006314204596199
4,0.8,0.1,6,5,500,5,0.8,0.6331441476183293
4,0.8,0.1,6,5,500,5,0.8,0.6108971856026394
4,0.8,0.1,6,5,500,5,1.0,0.5992610201534302
4,0.8,0.1,6,5,500,5,1.0,0.6280882209617761
4,0.8,0.1,6,5,500,5,1.0,0.6101907409782389
4,1.0,0.03,3,1,100,1,0.8,0.7052863310585191
4,1.0,0.03,3,1,100,1,0.8,0.7567348993345993
4,1.0,0.03,3,1,100,1,0.8,0.7102301737741971
4,1.0,0.03,3,1,100,1,1.0,0.7042787400458984
4,1.0,0.03,3,1,100,1,1.0,0.7572154000850109
4,1.0,0.03,3,1,100,1,1.0,0.7131147200787281
4,1.0,0.03,3,1,100,5,0.8,0.7059762713563698
4,1.0,0.03,3,1,100,5,0.8,0.7575098552509301
4,1.0,0.03,3,1,100,5,0.8,0.7143472160643539
4,1.0,0.03,3,1,100,5,1.0,0.7068917428359038
4,1.0,0.03,3,1,100,5,1.0,0.7602153252781964
4,1.0,0.03,3,1,100,5,1.0,0.7137681706737141
4,1.0,0.03,3,1,300,1,0.8,0.6269826634792135
4,1.0,0.03,3,1,300,1,0.8,0.6805905077081077
4,1.0,0.03,3,1,300,1,0.8,0.6424028707161742
4,1.0,0.03,3,1,300,1,1.0,0.630121005100359
4,1.0,0.03,3,1,300,1,1.0,0.682002057162773
4,1.0,0.03,3,1,300,1,1.0,0.6471986310183897
4,1.0,0.03,3,1,300,5,0.8,0.6281280162536748
4,1.0,0.03,3,1,300,5,0.8,0.680790556837386
4,1.0,0.03,3,1,300,5,0.8,0.6445320398199709
4,1.0,0.03,3,1,300,5,1.0,0.6335890969972957
4,1.0,0.03,3,1,300,5,1.0,0.6835040809506269
4,1.0,0.03,3,1,300,5,1.0,0.6497245382598686
4,1.0,0.03,3,1,500,1,0.8,0.6075035033797641
4,1.0,0.03,3,1,500,1,0.8,0.660512132411995
4,1.0,0.03,3,1,500,1,0.8,0.6237247528457809
4,1.0,0.03,3,1,500,1,1.0,0.6116596196324448
4,1.0,0.03,3,1,500,1,1.0,0.6629315300694663
4,1.0,0.03,3,1,500,1,1.0,0.628681832573692
4,1.0,0.03,3,1,500,5,0.8,0.6078367491104003
4,1.0,0.03,3,1,500,5,0.8,0.6617985794453636
4,1.0,0.03,3,1,500,5,0.8,0.6253953623253862
4,1.0,0.03,3,1,500,5,1.0,0.6137221884236356
4,1.0,0.03,3,1,500,5,1.0,0.6650239634629851
4,1.0,0.03,3,1,500,5,1.0,0.6313962625470546
4,1.0,0.03,3,5,100,1,0.8,0.7053084335265668
4,1.0,0.03,3,5,100,1,0.8,0.7567348993345993
4,1.0,0.03,3,5,100,1,0.8,0.7105639451995623
4,1.0,0.03,3,5,100,1,1.0,0.7042137218698746
4,1.0,0.03,3,5,100,1,1.0,0.7571752023984915
4,1.0,0.03,3,5,100,1,1.0,0.7123017180067768
4,1.0,0.03,3,5,100,5,0.8,0.7059762713563698
4,1.0,0.03,3,5,100,5,0.8,0.7575295453877734
4,1.0,0.03,3,5,100,5,0.8,0.714348576397119
4,1.0,0.03,3,5,100,5,1.0,0.7068917428359038
4,1.0,0.03,3,5,100,5,1.0,0.7602723132712358
4,1.0,0.03,3,5,100,5,1.0,0.7136634220452788
4,1.0,0.03,3,5,300,1,0.8,0.6262367722389652
4,1.0,0.03,3,5,300,1,0.8,0.6801552799774254
4,1.0,0.03,3,5,300,1,0.8,0.6428165204692403
4,1.0,0.03,3,5,300,1,1.0,0.630019971227047
4,1.0,0.03,3,5,300,1,1.0,0.6814432925088418
4,1.0,0.03,3,5,300,1,1.0,0.6478919398583666
4,1.0,0.03,3,5,300,5,0.8,0.6270994381942212
4,1.0,0.03,3,5,300,5,0.8,0.6803552712319343
4,1.0,0.03,3,5,300,5,0.8,0.6442729331981175
4,1.0,0.03,3,5,300,5,1.0,0.6329595261193729
4,1.0,0.03,3,5,300,5,1.0,0.6847812042664886
4,1.0,0.03,3,5,300,5,1.0,0.6496954670834585
4,1.0,0.03,3,5,500,1,0.8,0.6060404823075201
4,1.0,0.03,3,5,500,1,0.8,0.6603885015301671
4,1.0,0.03,3,5,500,1,0.8,0.6238199623013544
4,1.0,0.03,3,5,500,1,1.0,0.6119433661724513
4,1.0,0.03,3,5,500,1,1.0,0.6622842873200616
4,1.0,0.03,3,5,500,1,1.0,0.6291839793551836
4,1.0,0.03,3,5,500,5,0.8,0.6072599733663884
4,1.0,0.03,3,5,500,5,0.8,0.6602211871235097
4,1.0,0.03,3,5,500,5,0.8,0.6238456559796086
4,1.0,0.03,3,5,500,5,1.0,0.6133602221780129
4,1.0,0.03,3,5,500,5,1.0,0.6661178568452293
4,1.0,0.03,3,5,500,5,1.0,0.6308999569536053
4,1.0,0.03,6,1,100,1,0.8,0.6168799498044275
4,1.0,0.03,6,1,100,1,0.8,0.6694695474321061
4,1.0,0.03,6,1,100,1,0.8,0.6311889059001841
4,1.0,0.03,6,1,100,1,1.0,0.6214150433442317
4,1.0,0.03,6,1,100,1,1.0,0.6687439273991579
4,1.0,0.03,6,1,100,1,1.0,0.6323988728731701
4,1.0,0.03,6,1,100,5,0.8,0.6264233009206646
4,1.0,0.03,6,1,100,5,0.8,0.6727824570627682
4,1.0,0.03,6,1,100,5,0.8,0.63647104686354
4,1.0,0.03,6,1,100,5,1.0,0.6302492788788266
4,1.0,0.03,6,1,100,5,1.0,0.6753437927724449
4,1.0,0.03,6,1,100,5,1.0,0.6376476158193546
4,1.0,0.03,6,1,300,1,0.8,0.5807282065419371
4,1.0,0.03,6,1,300,1,0.8,0.6269139805330325
4,1.0,0.03,6,1,300,1,0.8,0.5997659949879527
4,1.0,0.03,6,1,300,1,1.0,0.5888209210826814
4,1.0,0.03,6,1,300,1,1.0,0.6302010889257394
4,1.0,0.03,6,1,300,1,1.0,0.6033129231921163
4,1.0,0.03,6,1,300,5,0.8,0.5846482703368968
4,1.0,0.03,6,1,300,5,0.8,0.6242776424844939
4,1.0,0.03,6,1,300,5,0.8,0.6007200104788979
4,1.0,0.03,6,1,300,5,1.0,0.5934130630735428
4,1.0,0.03,6,1,300,5,1.0,0.6333998028002485
4,1.0,0.03,6,1,300,5,1.0,0.6037173786806044
4,1.0,0.03,6,1,500,1,0.8,0.5783918199841397
4,1.0,0.03,6,1,500,1,0.8,0.6214914450655838
4,1.0,0.03,6,1,500,1,0.8,0.596259736168584
4,1.0,0.03,6,1,500,1,1.0,0.5884652453873161
4,1.0,0.03,6,1,500,1,1.0,0.6252400973452803
4,1.0,0.03,6,1,500,1,1.0,0.5999998816224457
4,1.0,0.03,6,1,500,5,0.8,0.5832775259103767
4,1.0,0.03,6,1,500,5,0.8,0.6184683466852318
4,1.0,0.03,6,1,500,5,0.8,0.5970728814386791
4,1.0,0.03,6,1,500,5,1.0,0.5912838194372718
4,1.0,0.03,6,1,500,5,1.0,0.6281833546993616
4,1.0,0.03,6,1,500,5,1.0,0.5985767785707096
4,1.0,0.03,6,5,100,1,0.8,0.6182008655188337
4,1.0,0.03,6,5,100,1,0.8,0.6680296475034342
4,1.0,0.03,6,5,100,1,0.8,0.6319996774927482
4,1.0,0.03,6,5,100,1,1.0,0.6220413806680483
4,1.0,0.03,6,5,100,1,1.0,0.6676498721503645
4,1.0,0.03,6,5,100,1,1.0,0.6307303624331267
4,1.0,0.03,6,5,100,5,0.8,0.6241600535086024
4,1.0,0.03,6,5,100,5,0.8,0.6729478785603287
4,1.0,0.03,6,5,100,5,0.8,0.6367499637182058
4,1.0,0.03,6,5,100,5,1.0,0.6291702622981538
4,1.0,0.03,6,5,100,5,1.0,0.6737183871416175
4,1.0,0.03,6,5,100,5,1.0,0.6355099005822875
4,1.0,0.03,6,5,300,1,0.8,0.5814039508254814
4,1.0,0.03,6,5,300,1,0.8,0.626781992178258
4,1.0,0.03,6,5,300,1,0.8,0.5999596121361066
4,1.0,0.03,6,5,300,1,1.0,0.5884819802439317
4,1.0,0.03,6,5,300,1,1.0,0.6305785200154697
4,1.0,0.03,6,5,300,1,1.0,0.6038340080419866
4,1.0,0.03,6,5,300,5,0.8,0.5830035028028414
4,1.0,0.03,6,5,300,5,0.8,0.6266265287845837
4,1.0,0.03,6,5,300,5,0.8,0.6007463821642783
4,1.0,0.03,6,5,300,5,1.0,0.5934171337304998
4,1.0,0.03,6,5,300,5,1.0,0.6317573404282344
4,1.0,0.03,6,5,300,5,1.0,0.6022770392004616
4,1.0,0.03,6,5,500,1,0.8,0.5806646816022779
4,1.0,0.03,6,5,500,1,0.8,0.6210124572971005
4,1.0,0.03,6,5,500,1,0.8,0.5964642053479677
4,1.0,0.03,6,5,500,1,1.0,0.5892629639117428
4,1.0,0.03,6,5,500,1,1.0,0.6270312417187576
4,1.0,0.03,6,5,500,1,1.0,0.5983343522141498
4,1.0,0.03,6,5,500,5,0.8,0.5805334198892248
4,1.0,0.03,6,5,500,5,0.8,0.6181031333112635
4,1.0,0.03,6,5,500,5,0.8,0.5953546467445592
4,1.0,0.03,6,5,500,5,1.0,0.5920645775299554
4,1.0,0.03,6,5,500,5,1.0,0.6247878507994642
4,1.0,0.03,6,5,500,5,1.0,0.5981078712774712
4,1.0,0.1,3,1,100,1,0.8,0.6231261651989299
4,1.0,0.1,3,1,100,1,0.8,0.6809892759945675
4,1.0,0.1,3,1,100,1,0.8,0.6438060740262324
4,1.0,0.1,3,1,100,1,1.0,0.6239952118821103
4,1.0,0.1,3,1,100,1,1.0,0.6780113191753379
4,1.0,0.1,3,1,100,1,1.0,0.644307095777571
4,1.0,0.1,3,1,100,5,0.8,0.6275858884006432
4,1.0,0.1,3,1,100,5,0.8,0.6815906424842209
4,1.0,0.1,3,1,100,5,0.8,0.6415796421730302
4,1.0,0.1,3,1,100,5,1.0,0.6295034159766822
4,1.0,0.1,3,1,100,5,1.0,0.6802753845455137
4,1.0,0.1,3,1,100,5,1.0,0.646946190114062
4,1.0,0.1,3,1,300,1,0.8,0.5917682217758538
4,1.0,0.1,3,1,300,1,0.8,0.6419754560602584
4,1.0,0.1,3,1,300,1,0.8,0.6147263172735098
4,1.0,0.1,3,1,300,1,1.0,0.5940735313569351
4,1.0,0.1,3,1,300,1,1.0,0.6424296750843248
4,1.0,0.1,3,1,300,1,1.0,0.6141600309722594
4,1.0,0.1,3,1,300,5,0.8,0.5947872597929227
4,1.0,0.1,3,1,300,5,0.8,0.6439629910490254
4,1.0,0.1,3,1,300,5,0.8,0.6132894840652787
4,1.0,0.1,3,1,300,5,1.0,0.5984259395565441
4,1.0,0.1,3,1,300,5,1.0,0.6436834834077916
4,1.0,0.1,3,1,300,5,1.0,0.6142931402840888
4,1.0,0.1,3,1,500,1,0.8,0.5856633716088755
4,1.0,0.1,3,1,500,1,0.8,0.6331047489374066
4,1.0,0.1,3,1,500,1,0.8,0.6109223617362032
4,1.0,0.1,3,1,500,1,1.0,0.5864555455108055
4,1.0,0.1,3,1,500,1,1.0,0.6315691971785639
4,1.0,0.1,3,1,500,1,1.0,0.6066823077112495
4,1.0,0.1,3,1,500,5,0.8,0.5899537945647199
4,1.0,0.1,3,1,500,5,0.8,0.6340327210728879
4,1.0,0.1,3,1,500,5,0.8,0.6057950541048613
4,1.0,0.1,3,1,500,5,1.0,0.5920079470331564
4,1.0,0.1,3,1,500,5,1.0,0.6339184507125818
4,1.0,0.1,3,1,500,5,1.0,0.6084169862999135
4,1.0,0.1,3,5,100,1,0.8,0.6243253397080633
4,1.0,0.1,3,5,100,1,0.8,0.6798252172230915
4,1.0,0.1,3,5,100,1,0.8,0.6418950991319898
4,1.0,0.1,3,5,100,1,1.0,0.6224009505332548
4,1.0,0.1,3,5,100,1,1.0,0.6786669930716073
4,1.0,0.1,3,5,100,1,1.0,0.6455001380891829
4,1.0,0.1,3,5,100,5,0.8,0.6285171529549942
4,1.0,0.1,3,5,100,5,0.8,0.6814778387205522
4,1.0,0.1,3,5,100,5,0.8,0.6443692026837727
4,1.0,0.1,3,5,100,5,1.0,0.627697210774056
4,1.0,0.1,3,5,100,5,1.0,0.6825800889665431
4,1.0,0.1,3,5,100,5,1.0,0.6469230061440218
4,1.0,0.1,3,5,300,1,0.8,0.5938577483988288
4,1.0,0.1,3,5,300,1,0.8,0.6431470909284706
4,1.0,0.1,3,5,300,1,0.8,0.6128238680557777
4,1.0,0.1,3,5,300,1,1.0,0.5946919836953402
4,1.0,0.1,3,5,300,1,1.0,0.6431890536196229
4,1.0,0.1,3,5,300,1,1.0,0.6134165169694021
4,1.0,0.1,3,5,300,5,0.8,0.5999270579520771
4,1.0,0.1,3,5,300,5,0.8,0.6442329172723386
4,1.0,0.1,3,5,300,5,0.8,0.6173296304510943
4,1.0,0.1,3,5,300,5,1.0,0.597562941382855
4,1.0,0.1,3,5,300,5,1.0,0.644312365831864
4,1.0,0.1,3,5,300,5,1.0,0.6162942356669692
4,1.0,0.1,3,5,500,1,0.8,0.588216436321813
4,1.0,0.1,3,5,500,1,0.8,0.63360923448921
4,1.0,0.1,3,5,500,1,0.8,0.6066504609886241
4,1.0,0.1,3,5,500,1,1.0,0.5900735263395782
4,1.0,0.1,3,5,500,1,1.0,0.6325410172855528
4,1.0,0.1,3,5,500,1,1.0,0.6072147608510852
4,1.0,0.1,3,5,500,5,0.8,0.5915729363009641
4,1.0,0.1,3,5,500,5,0.8,0.6341858833042666
4,1.0,0.1,3,5,500,5,0.8,0.6119627136945891
4,1.0,0.1,3,5,500,5,1.0,0.5917217113120719
4,1.0,0.1,3,5,500,5,1.0,0.6340532836522397
4,1.0,0.1,3,5,500,5,1.0,0.61067449815211
4,1.0,0.1,6,1,100,1,0.8,0.5898136647069966
4,1.0,0.1,6,1,100,1,0.8,0.6340565553890276
4,1.0,0.1,6,1,100,1,0.8,0.6096200632239862
4,1.0,0.1,6,1,100,1,1.0,0.5907293911396845
4,1.0,0.1,6,1,100,1,1.0,0.6304847901570974
4,1.0,0.1,6,1,100,1,1.0,0.6019121302484505
4,1.0,0.1,6,1,100,5,0.8,0.5941017945937742
4,1.0,0.1,6,1,100,5,0.8,0.628445533406376
4,1.0,0.1,6,1,100,5,0.8,0.6017799187158824
4,1.0,0.1,6,1,100,5,1.0,0.5950628056655272
4,1.0,0.1,6,1,100,5,1.0,0.6318072550573962
4,1.0,0.1,6,1,100,5,1.0,0.6041740372797626
4,1.0,0.1,6,1,300,1,0.8,0.5945088397054904
4,1.0,0.1,6,1,300,1,0.8,0.6311109353519958
4,1.0,0.1,6,1,300,1,0.8,0.6127071794359875
4,1.0,0.1,6,1,300,1,1.0,0.5954516518741806
4,1.0,0.1,6,1,300,1,1.0,0.6302404415345478
4,1.0,0.1,6,1,300,1,1.0,0.601741474267346
4,1.0,0.1,6,1,300,5,0.8,0.5987105372749906
4,1.0,0.1,6,1,300,5,0.8,0.6234615301464855
4,1.0,0.1,6,1,300,5,0.8,0.6009771646829121
4,1.0,0.1,6,1,300,5,1.0,0.5989873429032532
4,1.0,0.1,6,1,300,5,1.0,0.6280573909923943
4,1.0,0.1,6,1,300,5,1.0,0.602078406542375
4,1.0,0.1,6,1,500,1,0.8,0.5995723437359567
4,1.0,0.1,6,1,500,1,0.8,0.6323770444699186
4,1.0,0.1,6,1,500,1,0.8,0.6161769751564166
4,1.0,0.1,6,1,500,1,1.0,0.6002123556195768
4,1.0,0.1,6,1,500,1,1.0,0.6325242508604328
4,1.0,0.1,6,1,500,1,1.0,0.6042774974516205
4,1.0,0.1,6,1,500,5,0.8,0.6053497032659949
4,1.0,0.1,6,1,500,5,0.8,0.6258793611985386
4,1.0,0.1,6,1,500,5,0.8,0.6067043455846177
4,1.0,0.1,6,1,500,5,1.0,0.6033141536274375
4,1.0,0.1,6,1,500,5,1.0,0.6292846972145437
4,1.0,0.1,6,1,500,5,1.0,0.6051523253006117
4,1.0,0.1,6,5,100,1,0.8,0.5940818000423017
4,1.0,0.1,6,5,100,1,0.8,0.629879391391333
4,1.0,0.1,6,5,100,1,0.8,0.606192252818805
4,1.0,0.1,6,5,100,1,1.0,0.5908886555712575
4,1.0,0.1,6,5,100,1,1.0,0.6361305743591548
4,1.0,0.1,6,5,100,1,1.0,0.6084253259300854
4,1.0,0.1,6,5,100,5,0.8,0.5902008998729357
4,1.0,0.1,6,5,100,5,0.8,0.6336901405364975
4,1.0,0.1,6,5,100,5,0.8,0.6017927268292572
4,1.0,0.1,6,5,100,5,1.0,0.5959199602466717
4,1.0,0.1,6,5,100,5,1.0,0.6312013347374225
4,1.0,0.1,6,5,100,5,1.0,0.6047320986672184
4,1.0,0.1,6,5,300,1,0.8,0.5984978501769721
4,1.0,0.1,6,5,300,1,0.8,0.6258265750427949
4,1.0,0.1,6,5,300,1,0.8,0.6083686819521682
4,1.0,0.1,6,5,300,1,1.0,0.5935630393396046
4,1.0,0.1,6,5,300,1,1.0,0.6326054818609252
4,1.0,0.1,6,5,300,1,1.0,0.6089263448038151
4,1.0,0.1,6,5,300,5,0.8,0.5952046457453904
4,1.0,0.1,6,5,300,5,0.8,0.6261211760795456
4,1.0,0.1,6,5,300,5,0.8,0.6008626945560855
4,1.0,0.1,6,5,300,5,1.0,0.6006837236653476
4,1.0,0.1,6,5,300,5,1.0,0.6270713782020825
4,1.0,0.1,6,5,300,5,1.0,0.6030399218766999
4,1.0,0.1,6,5,500,1,0.8,0.6043901041526735
4,1.0,0.1,6,5,500,1,0.8,0.6277578457632952
4,1.0,0.1,6,5,500,1,0.8,0.6130998908264588
4,1.0,0.1,6,5,500,1,1.0,0.5977926241849534
4,1.0,0.1,6,5,500,1,1.0,0.634560968075258
4,1.0,0.1,6,5,500,1,1.0,0.6130265195751027
4,1.0,0.1,6,5,500,5,0.8,0.602021459709015
4,1.0,0.1,6,5,500,5,0.8,0.6299164272633522
4,1.0,0.1,6,5,500,5,0.8,0.6084362286876157
4,1.0,0.1,6,5,500,5,1.0,0.6056292940583138
4,1.0,0.1,6,5,500,5,1.0,0.6289946743061011
4,1.0,0.1,6,5,500,5,1.0,0.606164579803229
5,0.8,0.03,3,1,100,1,0.8,0.7301663156500995
5,0.8,0.03,3,1,100,1,0.8,0.719114208958692
5,0.8,0.03,3,1,100,1,0.8,0.7274294392773955
5,0.8,0.03,3,1,100,1,1.0,0.7294051374641178
5,0.8,0.03,3,1,100,1,1.0,0.7216600601720852
5,0.8,0.03,3,1,100,1,1.0,0.7272653541589016
5,0.8,0.03,3,1,100,5,0.8,0.7315416658573641
5,0.8,0.03,3,1,100,5,0.8,0.7232003945417391
5,0.8,0.03,3,1,100,5,0.8,0.7281884836543132
5,0.8,0.03,3,1,100,5,1.0,0.7320053868320756
5,0.8,0.03,3,1,100,5,1.0,0.722491819593194
5,0.8,0.03,3,1,100,5,1.0,0.728423199021253
5,0.8,0.03,3,1,300,1,0.8,0.6479467329067193
5,0.8,0.03,3,1,300,1,0.8,0.6481544527292964
5,0.8,0.03,3,1,300,1,0.8,0.6458068427433128
5,0.8,0.03,3,1,300,1,1.0,0.6537401109851382
5,0.8,0.03,3,1,300,1,1.0,0.6540927116574209
5,0.8,0.03,3,1,300,1,1.0,0.6489724743441804
5,0.8,0.03,3,1,300,5,0.8,0.6485585483271683
5,0.8,0.03,3,1,300,5,0.8,0.6492492740902742
5,0.8,0.03,3,1,300,5,0.8,0.6466272837880277
5,0.8,0.03,3,1,300,5,1.0,0.6550848906260732
5,0.8,0.03,3,1,300,5,1.0,0.6511632970271918
5,0.8,0.03,3,1,300,5,1.0,0.648512230720031
5,0.8,0.03,3,1,500,1,0.8,0.6291621353575059
5,0.8,0.03,3,1,500,1,0.8,0.6274724923761799
5,0.8,0.03,3,1,500,1,0.8,0.6266533921469271
5,0.8,0.03,3,1,500,1,1.0,0.6337921749371921
5,0.8,0.03,3,1,500,1,1.0,0.6366376953106581
5,0.8,0.03,3,1,500,1,1.0,0.6299226254033877
5,0.8,0.03,3,1,500,5,0.8,0.6283598236239814
5,0.8,0.03,3,1,500,5,0.8,0.6288528071974312
5,0.8,0.03,3,1,500,5,0.8,0.6246027281849336
5,0.8,0.03,3,1,500,5,1.0,0.6344627179971213
5,0.8,0.03,3,1,500,5,1.0,0.6313069969463512
5,0.8,0.03,3,1,500,5,1.0,0.6285611010424875
5,0.8,0.03,3,5,100,1,0.8,0.7306206736161187
5,0.8,0.03,3,5,100,1,0.8,0.7193932134468264
5,0.8,0.03,3,5,100,1,0.8,0.7274473370610444
5,0.8,0.03,3,5,100,1,1.0,0.7295560118897877
5,0.8,0.03,3,5,100,1,1.0,0.7211745832417372
5,0.8,0.03,3,5,100,1,1.0,0.7271408577032007
5,0.8,0.03,3,5,100,5,0.8,0.7315089616400375
5,0.8,0.03,3,5,100,5,0.8,0.7231637860590382
5,0.8,0.03,3,5,100,5,0.8,0.7281138352132718
5,0.8,0.03,3,5,100,5,1.0,0.7322845315980355
5,0.8,0.03,3,5,100,5,1.0,0.7224936709792906
5,0.8,0.03,3,5,100,5,1.0,0.728423199021253
5,0.8,0.03,3,5,300,1,0.8,0.6478917565763187
5,0.8,0.03,3,5,300,1,0.8,0.6462402122039649
5,0.8,0.03,3,5,300,1,0.8,0.6465461748893279
5,0.8,0.03,3,5,300,1,1.0,0.6518723171420117
5,0.8,0.03,3,5,300,1,1.0,0.6503264040275595
5,0.8,0.03,3,5,300,1,1.0,0.6482204421880882
5,0.8,0.03,3,5,300,5,0.8,0.647442158059761
5,0.8,0.03,3,5,300,5,0.8,0.6494365168857037
5,0.8,0.03,3,5,300,5,0.8,0.6469382347356515
5,0.8,0.03,3,5,300,5,1.0,0.6543097242311953
5,0.8,0.03,3,5,300,5,1.0,0.6526524694153228
5,0.8,0.03,3,5,300,5,1.0,0.6491166766045008
5,0.8,0.03,3,5,500,1,0.8,0.6300537934421458
5,0.8,0.03,3,5,500,1,0.8,0.6255360268287031
5,0.8,0.03,3,5,500,1,0.8,0.6258186074603475
5,0.8,0.03,3,5,500,1,1.0,0.6327899311891815
5,0.8,0.03,3,5,500,1,1.0,0.6309904099461797
5,0.8,0.03,3,5,500,1,1.0,0.6293650247189302
5,0.8,0.03,3,5,500,5,0.8,0.626669028594075
5,0.8,0.03,3,5,500,5,0.8,0.6279197314650051
5,0.8,0.03,3,5,500,5,0.8,0.625332033505065
5,0.8,0.03,3,5,500,5,1.0,0.6355716734369947
5,0.8,0.03,3,5,500,5,1.0,0.6333837032498321
5,0.8,0.03,3,5,500,5,1.0,0.6290130519629095
5,0.8,0.03,6,1,100,1,0.8,0.6437815753209187
5,0.8,0.03,6,1,100,1,0.8,0.6383499573916743
5,0.8,0.03,6,1,100,1,0.8,0.6358485348490607
5,0.8,0.03,6,1,100,1,1.0,0.6438769188431623
5,0.8,0.03,6,1,100,1,1.0,0.6351911759075136
5,0.8,0.03,6,1,100,1,1.0,0.6364482725423088
5,0.8,0.03,6,1,100,5,0.8,0.6484025693917936
5,0.8,0.03,6,1,100,5,0.8,0.6449591821331616
5,0.8,0.03,6,1,100,5,0.8,0.6414255481103106
5,0.8,0.03,6,1,100,5,1.0,0.6473954787192878
5,0.8,0.03,6,1,100,5,1.0,0.641827353284139
5,0.8,0.03,6,1,100,5,1.0,0.6413669188220817
5,0.8,0.03,6,1,300,1,0.8,0.6084706146482144
5,0.8,0.03,6,1,300,1,0.8,0.6074203874422124
5,0.8,0.03,6,1,300,1,0.8,0.59887662294311
5,0.8,0.03,6,1,300,1,1.0,0.6112695075289921
5,0.8,0.03,6,1,300,1,1.0,0.6093636932719938
5,0.8,0.03,6,1,300,1,1.0,0.5991126001603325
5,0.8,0.03,6,1,300,5,0.8,0.6070584170852678
5,0.8,0.03,6,1,300,5,0.8,0.6095646949468541
5,0.8,0.03,6,1,300,5,0.8,0.6001669304212922
5,0.8,0.03,6,1,300,5,1.0,0.6101892995147163
5,0.8,0.03,6,1,300,5,1.0,0.6082478375482948
5,0.8,0.03,6,1,300,5,1.0,0.6011952726126395
5,0.8,0.03,6,1,500,1,0.8,0.6051828362293868
5,0.8,0.03,6,1,500,1,0.8,0.6041100876785164
5,0.8,0.03,6,1,500,1,0.8,0.5967365520793038
5,0.8,0.03,6,1,500,1,1.0,0.6067234800550035
5,0.8,0.03,6,1,500,1,1.0,0.6068442995892894
5,0.8,0.03,6,1,500,1,1.0,0.5979127322788166
5,0.8,0.03,6,1,500,5,0.8,0.602166146476904
5,0.8,0.03,6,1,500,5,0.8,0.605792671319645
5,0.8,0.03,6,1,500,5,0.8,0.5967298458672778
5,0.8,0.03,6,1,500,5,1.0,0.6040898209707657
5,0.8,0.03,6,1,500,5,1.0,0.6051274551494132
5,0.8,0.03,6,1,500,5,1.0,0.5997382687183391
5,0.8,0.03,6,5,100,1,0.8,0.6438575470606037
5,0.8,0.03,6,5,100,1,0.8,0.637353006703179
5,0.8,0.03,6,5,100,1,0.8,0.6353076936806931
5,0.8,0.03,6,5,100,1,1.0,0.6440540789204826
5,0.8,0.03,6,5,100,1,1.0,0.6363119960354012
5,0.8,0.03,6,5,100,1,1.0,0.6359321268238789
5,0.8,0.03,6,5,100,5,0.8,0.6486261232773758
5,0.8,0.03,6,5,100,5,0.8,0.6436319688028124
5,0.8,0.03,6,5,100,5,0.8,0.6413059627620707
5,0.8,0.03,6,5,100,5,1.0,0.6491469835177168
5,0.8,0.03,6,5,100,5,1.0,0.6396348407722107
5,0.8,0.03,6,5,100,5,1.0,0.6400294969259703
5,0.8,0.03,6,5,300,1,0.8,0.6080404902396204
5,0.8,0.03,6,5,300,1,0.8,0.6079379642562319
5,0.8,0.03,6,5,300,1,0.8,0.5978245581056224
5,0.8,0.03,6,5,300,1,1.0,0.6110492896708328
5,0.8,0.03,6,5,300,1,1.0,0.6073607056405484
5,0.8,0.03,6,5,300,1,1.0,0.6017946362810255
5,0.8,0.03,6,5,300,5,0.8,0.6061421430667443
5,0.8,0.03,6,5,300,5,0.8,0.6071147291396233
5,0.8,0.03,6,5,300,5,0.8,0.5989030584052073
5,0.8,0.03,6,5,300,5,1.0,0.6105290570324076
5,0.8,0.03,6,5,300,5,1.0,0.6075114323819915
5,0.8,0.03,6,5,300,5,1.0,0.6024690062369125
5,0.8,0.03,6,5,500,1,0.8,0.6041941941940628
5,0.8,0.03,6,5,500,1,0.8,0.6047439636532472
5,0.8,0.03,6,5,500,1,0.8,0.596137335765054
5,0.8,0.03,6,5,500,1,1.0,0.6057322730894764
5,0.8,0.03,6,5,500,1,1.0,0.6042926600574802
5,0.8,0.03,6,5,500,1,1.0,0.6014329533825102
5,0.8,0.03,6,5,500,5,0.8,0.6015218986993721
5,0.8,0.03,6,5,500,5,0.8,0.6023857279636528
5,0.8,0.03,6,5,500,5,0.8,0.5958700394106398
5,0.8,0.03,6,5,500,5,1.0,0.605908548470119
5,0.8,0.03,6,5,500,5,1.0,0.6037039878277013
5,0.8,0.03,6,5,500,5,1.0,0.5999013491225159
5,0.8,0.1,3,1,100,1,0.8,0.6484814508304045
5,0.8,0.1,3,1,100,1,0.8,0.6399426913440347
5,0.8,0.1,3,1,100,1,0.8,0.6430851936251021
5,0.8,0.1,3,1,100,1,1.0,0.6525120808918513
5,0.8,0.1,3,1,100,1,1.0,0.6518896302612651
5,0.8,0.1,3,1,100,1,1.0,0.6459674962209712
5,0.8,0.1,3,1,100,5,0.8,0.6525244534189854
5,0.8,0.1,3,1,100,5,0.8,0.6485477225343727
5,0.8,0.1,3,1,100,5,0.8,0.6485694604389747
5,0.8,0.1,3,1,100,5,1.0,0.648824708645493
5,0.8,0.1,3,1,100,5,1.0,0.6468027146521452
5,0.8,0.1,3,1,100,5,1.0,0.6506286778926473
5,0.8,0.1,3,1,300,1,0.8,0.6188495427464751
5,0.8,0.1,3,1,300,1,0.8,0.6110500924045805
5,0.8,0.1,3,1,300,1,0.8,0.6132667948219787
5,0.8,0.1,3,1,300,1,1.0,0.622713276295944
5,0.8,0.1,3,1,300,1,1.0,0.623301948850167
5,0.8,0.1,3,1,300,1,1.0,0.616203778015841
5,0.8,0.1,3,1,300,5,0.8,0.6210621774586007
5,0.8,0.1,3,1,300,5,0.8,0.6162708079440763
5,0.8,0.1,3,1,300,5,0.8,0.6138975440484289
5,0.8,0.1,3,1,300,5,1.0,0.6178385659307284
5,0.8,0.1,3,1,300,5,1.0,0.6158354607955904
5,0.8,0.1,3,1,300,5,1.0,0.6173376121110132
5,0.8,0.1,3,1,500,1,0.8,0.6122965900347359
5,0.8,0.1,3,1,500,1,0.8,0.6073644877819654
5,0.8,0.1,3,1,500,1,0.8,0.6073948091853086
5,0.8,0.1,3,1,500,1,1.0,0.61654027502228
5,0.8,0.1,3,1,500,1,1.0,0.6178823009267864
5,0.8,0.1,3,1,500,1,1.0,0.6120332673656207
5,0.8,0.1,3,1,500,5,0.8,0.6155336620992885
5,0.8,0.1,3,1,500,5,0.8,0.6112883972973747
5,0.8,0.1,3,1,500,5,0.8,0.6091178792097661
5,0.8,0.1,3,1,500,5,1.0,0.6122958561031813
5,0.8,0.1,3,1,500,5,1.0,0.61066147755362
5,0.8,0.1,3,1,500,5,1.0,0.6135206453914701
5,0.8,0.1,3,5,100,1,0.8,0.648016974786123
5,0.8,0.1,3,5,100,1,0.8,0.6442214892709545
5,0.8,0.1,3,5,100,1,0.8,0.6426417641892446
5,0.8,0.1,3,5,100,1,1.0,0.6508985245838167
5,0.8,0.1,3,5,100,1,1.0,0.644710918480656
5,0.8,0.1,3,5,100,1,1.0,0.6440885214590657
5,0.8,0.1,3,5,100,5,0.8,0.6538398144040761
5,0.8,0.1,3,5,100,5,0.8,0.6485884251890006
5,0.8,0.1,3,5,100,5,0.8,0.6463711872542331
5,0.8,0.1,3,5,100,5,1.0,0.6485546149101433
5,0.8,0.1,3,5,100,5,1.0,0.6486577898354868
5,0.8,0.1,3,5,100,5,1.0,0.6493718966111165
5,0.8,0.1,3,5,300,1,0.8,0.6192429805608569
5,0.8,0.1,3,5,300,1,0.8,0.6138209031886842
5,0.8,0.1,3,5,300,1,0.8,0.6145323398305725
5,0.8,0.1,3,5,300,1,1.0,0.6212549149333423
5,0.8,0.1,3,5,300,1,1.0,0.6169442604865918
5,0.8,0.1,3,5,300,1,1.0,0.6181840002086195
5,0.8,0.1,3,5,300,5,0.8,0.6205134683044774
5,0.8,0.1,3,5,300,5,0.8,0.6174828944368145
5,0.8,0.1,3,5,300,5,0.8,0.61576235382023
5,0.8,0.1,3,5,300,5,1.0,0.6157691577143951
5,0.8,0.1,3,5,300,5,1.0,0.6147035347865165
5,0.8,0.1,3,5,300,5,1.0,0.6184598586396926
5,0.8,0.1,3,5,500,1,0.8,0.6145635315227839
5,0.8,0.1,3,5,500,1,0.8,0.610027679719075
5,0.8,0.1,3,5,500,1,0.8,0.6090534828182165
5,0.8,0.1,3,5,500,1,1.0,0.6146977335184218
5,0.8,0.1,3,5,500,1,1.0,0.6114961471638107
5,0.8,0.1,3,5,500,1,1.0,0.6123697819905454
5,0.8,0.1,3,5,500,5,0.8,0.6142148626671114
5,0.8,0.1,3,5,500,5,0.8,0.6118598100489071
5,0.8,0.1,3,5,500,5,0.8,0.6091970132284144
5,0.8,0.1,3,5,500,5,1.0,0.6103378138297362
5,0.8,0.1,3,5,500,5,1.0,0.6095938444712612
5,0.8,0.1,3,5,500,5,1.0,0.6126362499393678
5,0.8,0.1,6,1,100,1,0.8,0.616810523437113
5,0.8,0.1,6,1,100,1,0.8,0.6124124011613253
5,0.8,0.1,6,1,100,1,0.8,0.6036864067116868
5,0.8,0.1,6,1,100,1,1.0,0.6171314265149586
5,0.8,0.1,6,1,100,1,1.0,0.6133916936915044
5,0.8,0.1,6,1,100,1,1.0,0.6071257096091784
5,0.8,0.1,6,1,100,5,0.8,0.6129876161725538
5,0.8,0.1,6,1,100,5,0.8,0.6134248338648546
5,0.8,0.1,6,1,100,5,0.8,0.6048524189932062
5,0.8,0.1,6,1,100,5,1.0,0.6136658013778953
5,0.8,0.1,6,1,100,5,1.0,0.6127849738704937
5,0.8,0.1,6,1,100,5,1.0,0.6080583838097722
5,0.8,0.1,6,1,300,1,0.8,0.6190126916241558
5,0.8,0.1,6,1,300,1,0.8,0.6163067989425088
5,0.8,0.1,6,1,300,1,0.8,0.6059283133267029
5,0.8,0.1,6,1,300,1,1.0,0.615665320181962
5,0.8,0.1,6,1,300,1,1.0,0.6148214839064509
5,0.8,0.1,6,1,300,1,1.0,0.6129427888078763
5,0.8,0.1,6,1,300,5,0.8,0.6139564569563448
5,0.8,0.1,6,1,300,5,0.8,0.6134504743263529
5,0.8,0.1,6,1,300,5,0.8,0.6086060340994995
5,0.8,0.1,6,1,300,5,1.0,0.6092070346646399
5,0.8,0.1,6,1,300,5,1.0,0.6126656768901584
5,0.8,0.1,6,1,300,5,1.0,0.6091298811718667
5,0.8,0.1,6,1,500,1,0.8,0.6234935748994154
5,0.8,0.1,6,1,500,1,0.8,0.6192390850831434
5,0.8,0.1,6,1,500,1,0.8,0.610833993388166
5,0.8,0.1,6,1,500,1,1.0,0.6182029564569896
5,0.8,0.1,6,1,500,1,1.0,0.6190932921139364
5,0.8,0.1,6,1,500,1,1.0,0.6168639617169979
5,0.8,0.1,6,1,500,5,0.8,0.6178913533524923
5,0.8,0.1,6,1,500,5,0.8,0.6189230349099121
5,0.8,0.1,6,1,500,5,0.8,0.6137698923366145
5,0.8,0.1,6,1,500,5,1.0,0.613118503345422
5,0.8,0.1,6,1,500,5,1.0,0.6153316855419027
5,0.8,0.1,6,1,500,5,1.0,0.6139871222609132
5,0.8,0.1,6,5,100,1,0.8,0.6172771647661364
5,0.8,0.1,6,5,100,1,0.8,0.6140525301805185
5,0.8,0.1,6,5,100,1,0.8,0.6035998073841604
5,0.8,0.1,6,5,100,1,1.0,0.6172993153347486
5,0.8,0.1,6,5,100,1,1.0,0.6126583009196866
5,0.8,0.1,6,5,100,1,1.0,0.6038573793539611
5,0.8,0.1,6,5,100,5,0.8,0.6153960859968687
5,0.8,0.1,6,5,100,5,0.8,0.6160470132257643
5,0.8,0.1,6,5,100,5,0.8,0.600478658721082
5,0.8,0.1,6,5,100,5,1.0,0.6121063432277428
5,0.8,0.1,6,5,100,5,1.0,0.6114009217578341
5,0.8,0.1,6,5,100,5,1.0,0.6055767447215742
5,0.8,0.1,6,5,300,1,0.8,0.6176299639009932
5,0.8,0.1,6,5,300,1,0.8,0.6140786907267811
5,0.8,0.1,6,5,300,1,0.8,0.6058365937189257
5,0.8,0.1,6,5,300,1,1.0,0.6166617695954992
5,0.8,0.1,6,5,300,1,1.0,0.6126258592240884
5,0.8,0.1,6,5,300,1,1.0,0.6075964200073054
5,0.8,0.1,6,5,300,5,0.8,0.6144137528417373
5,0.8,0.1,6,5,300,5,0.8,0.6150606787927505
5,0.8,0.1,6,5,300,5,0.8,0.6026742258881681
5,0.8,0.1,6,5,300,5,1.0,0.6089143246873989
5,0.8,0.1,6,5,300,5,1.0,0.6120992305220998
5,0.8,0.1,6,5,300,5,1.0,0.6077976442975144
5,0.8,0.1,6,5,500,1,0.8,0.6224317584322812
5,0.8,0.1,6,5,500,1,0.8,0.6186899594680129
5,0.8,0.1,6,5,500,1,0.8,0.6115870169371961
5,0.8,0.1,6,5,500,1,1.0,0.6193146165024327
5,0.8,0.1,6,5,500,1,1.0,0.6169616277594714
5,0.8,0.1,6,5,500,1,1.0,0.6128093308333031
5,0.8,0.1,6,5,500,5,0.8,0.620074893120347
5,0.8,0.1,6,5,500,5,0.8,0.6195389504435279
5,0.8,0.1,6,5,500,5,0.8,0.6079061638453915
5,0.8,0.1,6,5,500,5,1.0,0.6110734561148673
5,0.8,0.1,6,5,500,5,1.0,0.6155102943969932
5,0.8,0.1,6,5,500,5,1.0,0.6115525216548974
5,1.0,0.03,3,1,100,1,0.8,0.7291542063165395
5,1.0,0.03,3,1,100,1,0.8,0.7201011751140425
5,1.0,0.03,3,1,100,1,0.8,0.7248817822454191
5,1.0,0.03,3,1,100,1,1.0,0.7291152137277231
5,1.0,0.03,3,1,100,1,1.0,0.7210516017730114
5,1.0,0.03,3,1,100,1,1.0,0.7266082866692504
5,1.0,0.03,3,1,100,5,0.8,0.730338877116045
5,1.0,0.03,3,1,100,5,0.8,0.7240010097675279
5,1.0,0.03,3,1,100,5,0.8,0.7260593210694252
5,1.0,0.03,3,1,100,5,1.0,0.7303762149952364
5,1.0,0.03,3,1,100,5,1.0,0.7230653606931008
5,1.0,0.03,3,1,100,5,1.0,0.7283459091382273
5,1.0,0.03,3,1,300,1,0.8,0.6490686915974166
5,1.0,0.03,3,1,300,1,0.8,0.6489493156964211
5,1.0,0.03,3,1,300,1,0.8,0.6458474416703851
5,1.0,0.03,3,1,300,1,1.0,0.6551373807016556
5,1.0,0.03,3,1,300,1,1.0,0.6512295430787193
5,1.0,0.03,3,1,300,1,1.0,0.6477481557674732
5,1.0,0.03,3,1,300,5,0.8,0.6468839678686275
5,1.0,0.03,3,1,300,5,0.8,0.6508185615413752
5,1.0,0.03,3,1,300,5,0.8,0.6454847288340404
5,1.0,0.03,3,1,300,5,1.0,0.6547340905364643
5,1.0,0.03,3,1,300,5,1.0,0.6491010246699028
5,1.0,0.03,3,1,300,5,1.0,0.6480554770468878
5,1.0,0.03,3,1,500,1,0.8,0.6294473832596279
5,1.0,0.03,3,1,500,1,0.8,0.6286516025058357
5,1.0,0.03,3,1,500,1,0.8,0.6260853505369236
5,1.0,0.03,3,1,500,1,1.0,0.6369101544376696
5,1.0,0.03,3,1,500,1,1.0,0.6338731743164986
5,1.0,0.03,3,1,500,1,1.0,0.629840487983331
5,1.0,0.03,3,1,500,5,0.8,0.6269676222475413
5,1.0,0.03,3,1,500,5,0.8,0.6309180930254176
5,1.0,0.03,3,1,500,5,0.8,0.6246970600575974
5,1.0,0.03,3,1,500,5,1.0,0.6350462237005615
5,1.0,0.03,3,1,500,5,1.0,0.6305938609488713
5,1.0,0.03,3,1,500,5,1.0,0.6287367533110679
5,1.0,0.03,3,5,100,1,0.8,0.7290394147445022
5,1.0,0.03,3,5,100,1,0.8,0.7200724736402707
5,1.0,0.03,3,5,100,1,0.8,0.7251657641276885
5,1.0,0.03,3,5,100,1,1.0,0.7291152137277231
5,1.0,0.03,3,5,100,1,1.0,0.7205563282169024
5,1.0,0.03,3,5,100,1,1.0,0.7269233961037521
5,1.0,0.03,3,5,100,5,0.8,0.7303443029467875
5,1.0,0.03,3,5,100,5,0.8,0.7239614668872577
5,1.0,0.03,3,5,100,5,0.8,0.7260933215877847
5,1.0,0.03,3,5,100,5,1.0,0.7303388627163454
5,1.0,0.03,3,5,100,5,1.0,0.7230579251837685
5,1.0,0.03,3,5,100,5,1.0,0.7283459091382273
5,1.0,0.03,3,5,300,1,0.8,0.647873764085605
5,1.0,0.03,3,5,300,1,0.8,0.6473407627209232
5,1.0,0.03,3,5,300,1,0.8,0.644255935297074
5,1.0,0.03,3,5,300,1,1.0,0.6560907702767639
5,1.0,0.03,3,5,300,1,1.0,0.6493185537823567
5,1.0,0.03,3,5,300,1,1.0,0.6479046704195396
5,1.0,0.03,3,5,300,5,0.8,0.647356211847123
5,1.0,0.03,3,5,300,5,0.8,0.6504970443088123
5,1.0,0.03,3,5,300,5,0.8,0.645685344615502
5,1.0,0.03,3,5,300,5,1.0,0.6543648603185535
5,1.0,0.03,3,5,300,5,1.0,0.6498390595687411
5,1.0,0.03,3,5,300,5,1.0,0.6488043978524423
5,1.0,0.03,3,5,500,1,0.8,0.629293285406625
5,1.0,0.03,3,5,500,1,0.8,0.6270992893815134
5,1.0,0.03,3,5,500,1,0.8,0.625645954313975
5,1.0,0.03,3,5,500,1,1.0,0.6370120404268289
5,1.0,0.03,3,5,500,1,1.0,0.6305021678468745
5,1.0,0.03,3,5,500,1,1.0,0.6295900624985517
5,1.0,0.03,3,5,500,5,0.8,0.6276626487816741
5,1.0,0.03,3,5,500,5,0.8,0.6306513039588061
5,1.0,0.03,3,5,500,5,0.8,0.625146541057854
5,1.0,0.03,3,5,500,5,1.0,0.6351505418130879
5,1.0,0.03,3,5,500,5,1.0,0.6314860086160817
5,1.0,0.03,3,5,500,5,1.0,0.6290940405303299
5,1.0,0.03,6,1,100,1,0.8,0.6432541888670422
5,1.0,0.03,6,1,100,1,0.8,0.6377414094750972
5,1.0,0.03,6,1,100,1,0.8,0.6375611435476964
5,1.0,0.03,6,1,100,1,1.0,0.645815293061739
5,1.0,0.03,6,1,100,1,1.0,0.6376858797327496
5,1.0,0.03,6,1,100,1,1.0,0.6347436661493083
5,1.0,0.03,6,1,100,5,0.8,0.6462190250363369
5,1.0,0.03,6,1,100,5,0.8,0.6440010164914414
5,1.0,0.03,6,1,100,5,0.8,0.6424131859165991
5,1.0,0.03,6,1,100,5,1.0,0.6498275475570469
5,1.0,0.03,6,1,100,5,1.0,0.6429024197931358
5,1.0,0.03,6,1,100,5,1.0,0.6398590375359553
5,1.0,0.03,6,1,300,1,0.8,0.6072690494657663
5,1.0,0.03,6,1,300,1,0.8,0.6071320833932876
5,1.0,0.03,6,1,300,1,0.8,0.6001618790941599
5,1.0,0.03,6,1,300,1,1.0,0.6135811590842298
5,1.0,0.03,6,1,300,1,1.0,0.609979283699339
5,1.0,0.03,6,1,300,1,1.0,0.6001048583378219
5,1.0,0.03,6,1,300,5,0.8,0.6060536733985665
5,1.0,0.03,6,1,300,5,0.8,0.6086984020387446
5,1.0,0.03,6,1,300,5,0.8,0.5996750629347869
5,1.0,0.03,6,1,300,5,1.0,0.6121760561136166
5,1.0,0.03,6,1,300,5,1.0,0.6102850754094351
5,1.0,0.03,6,1,300,5,1.0,0.6054503169260409
5,1.0,0.03,6,1,500,1,0.8,0.6048015129722052
5,1.0,0.03,6,1,500,1,0.8,0.6041441144646602
5,1.0,0.03,6,1,500,1,0.8,0.5986102856259939
5,1.0,0.03,6,1,500,1,1.0,0.6105712110042922
5,1.0,0.03,6,1,500,1,1.0,0.6065523619092258
5,1.0,0.03,6,1,500,1,1.0,0.5990975499539983
5,1.0,0.03,6,1,500,5,0.8,0.6016802169419685
5,1.0,0.03,6,1,500,5,0.8,0.6037827188617964
5,1.0,0.03,6,1,500,5,0.8,0.5971951992800877
5,1.0,0.03,6,1,500,5,1.0,0.6083636014354695
5,1.0,0.03,6,1,500,5,1.0,0.6056545610680887
5,1.0,0.03,6,1,500,5,1.0,0.6039751727611232
5,1.0,0.03,6,5,100,1,0.8,0.6406602290244344
5,1.0,0.03,6,5,100,1,0.8,0.6340526446459979
5,1.0,0.03,6,5,100,1,0.8,0.6378003418734395
5,1.0,0.03,6,5,100,1,1.0,0.6451682785282734
5,1.0,0.03,6,5,100,1,1.0,0.6355858528549555
5,1.0,0.03,6,5,100,1,1.0,0.6341910015111496
5,1.0,0.03,6,5,100,5,0.8,0.6457641859386122
5,1.0,0.03,6,5,100,5,0.8,0.6411476676735999
5,1.0,0.03,6,5,100,5,0.8,0.6412162047365444
5,1.0,0.03,6,5,100,5,1.0,0.6499975231876326
5,1.0,0.03,6,5,100,5,1.0,0.6415740765595409
5,1.0,0.03,6,5,100,5,1.0,0.6411661135464766
5,1.0,0.03,6,5,300,1,0.8,0.6051292680603324
5,1.0,0.03,6,5,300,1,0.8,0.6041728887979034
5,1.0,0.03,6,5,300,1,0.8,0.6012814605516736
5,1.0,0.03,6,5,300,1,1.0,0.613588693945996
5,1.0,0.03,6,5,300,1,1.0,0.6072505108494872
5,1.0,0.03,6,5,300,1,1.0,0.6017073309902475
5,1.0,0.03,6,5,300,5,0.8,0.6049666685785382
5,1.0,0.03,6,5,300,5,0.8,0.6064367572694581
5,1.0,0.03,6,5,300,5,0.8,0.600483019637995
5,1.0,0.03,6,5,300,5,1.0,0.614481853098195
5,1.0,0.03,6,5,300,5,1.0,0.6099368595513994
5,1.0,0.03,6,5,300,5,1.0,0.6024248214685869
5,1.0,0.03,6,5,500,1,0.8,0.6024745313169334
5,1.0,0.03,6,5,500,1,0.8,0.6017664806963076
5,1.0,0.03,6,5,500,1,0.8,0.599583351870672
5,1.0,0.03,6,5,500,1,1.0,0.6099405827984293
5,1.0,0.03,6,5,500,1,1.0,0.6038924555742176
5,1.0,0.03,6,5,500,1,1.0,0.602134399169866
5,1.0,0.03,6,5,500,5,0.8,0.600639969987389
5,1.0,0.03,6,5,500,5,0.8,0.6012820996266232
5,1.0,0.03,6,5,500,5,0.8,0.5981256251882989
5,1.0,0.03,6,5,500,5,1.0,0.6107365966372432
5,1.0,0.03,6,5,500,5,1.0,0.6055188514251589
5,1.0,0.03,6,5,500,5,1.0,0.6026612184984895
5,1.0,0.1,3,1,100,1,0.8,0.6485495878638333
5,1.0,0.1,3,1,100,1,0.8,0.646667421742654
5,1.0,0.1,3,1,100,1,0.8,0.6424889860274846
5,1.0,0.1,3,1,100,1,1.0,0.64903825796587
5,1.0,0.1,3,1,100,1,1.0,0.6465260306518696
5,1.0,0.1,3,1,100,1,1.0,0.6476729461205257
5,1.0,0.1,3,1,100,5,0.8,0.6514805036152242
5,1.0,0.1,3,1,100,5,0.8,0.6447207640950569
5,1.0,0.1,3,1,100,5,0.8,0.6462773336358913
5,1.0,0.1,3,1,100,5,1.0,0.6491701073256139
5,1.0,0.1,3,1,100,5,1.0,0.6455209387975254
5,1.0,0.1,3,1,100,5,1.0,0.6454509536502897
5,1.0,0.1,3,1,300,1,0.8,0.6199956954911167
5,1.0,0.1,3,1,300,1,0.8,0.6173791641632833
5,1.0,0.1,3,1,300,1,0.8,0.614577849090101
5,1.0,0.1,3,1,300,1,1.0,0.6215127179443329
5,1.0,0.1,3,1,300,1,1.0,0.6179221620480244
5,1.0,0.1,3,1,300,1,1.0,0.6153020257070725
5,1.0,0.1,3,1,300,5,0.8,0.6204513602150153
5,1.0,0.1,3,1,300,5,0.8,0.6118605210335964
5,1.0,0.1,3,1,300,5,0.8,0.6160991949470512
5,1.0,0.1,3,1,300,5,1.0,0.61778048454882
5,1.0,0.1,3,1,300,5,1.0,0.6175564096124613
5,1.0,0.1,3,1,300,5,1.0,0.6160336463564186
5,1.0,0.1,3,1,500,1,0.8,0.613728339346749
5,1.0,0.1,3,1,500,1,0.8,0.615229471786224
5,1.0,0.1,3,1,500,1,0.8,0.608919879558607
5,1.0,0.1,3,1,500,1,1.0,0.614091384403901
5,1.0,0.1,3,1,500,1,1.0,0.6132531531270259
5,1.0,0.1,3,1,500,1,1.0,0.6085725559667384
5,1.0,0.1,3,1,500,5,0.8,0.6120039505148754
5,1.0,0.1,3,1,500,5,0.8,0.6072626788224013
5,1.0,0.1,3,1,500,5,0.8,0.6118796618344857
5,1.0,0.1,3,1,500,5,1.0,0.6123195191159349
5,1.0,0.1,3,1,500,5,1.0,0.6127987979696351
5,1.0,0.1,3,1,500,5,1.0,0.6114795802809673
5,1.0,0.1,3,5,100,1,0.8,0.6485980918294357
5,1.0,0.1,3,5,100,1,0.8,0.6459445149869495
5,1.0,0.1,3,5,100,1,0.8,0.6421839099347467
5,1.0,0.1,3,5,100,1,1.0,0.6494018082453856
5,1.0,0.1,3,5,100,1,1.0,0.6456990076348842
5,1.0,0.1,3,5,100,1,1.0,0.6443828194367914
5,1.0,0.1,3,5,100,5,0.8,0.65213461557083
5,1.0,0.1,3,5,100,5,0.8,0.6446837494486175
5,1.0,0.1,3,5,100,5,0.8,0.6452872992510683
5,1.0,0.1,3,5,100,5,1.0,0.6497942028289279
5,1.0,0.1,3,5,100,5,1.0,0.645563316225144
5,1.0,0.1,3,5,100,5,1.0,0.6453031091629412
5,1.0,0.1,3,5,300,1,0.8,0.6196742276691611
5,1.0,0.1,3,5,300,1,0.8,0.6128818245204735
5,1.0,0.1,3,5,300,1,0.8,0.6130380033394845
5,1.0,0.1,3,5,300,1,1.0,0.6232236402951312
5,1.0,0.1,3,5,300,1,1.0,0.6143881997567685
5,1.0,0.1,3,5,300,1,1.0,0.6152125965130555
5,1.0,0.1,3,5,300,5,0.8,0.6195917628180085
5,1.0,0.1,3,5,300,5,0.8,0.6126119714078068
5,1.0,0.1,3,5,300,5,0.8,0.6154879479713508
5,1.0,0.1,3,5,300,5,1.0,0.6186351437822986
5,1.0,0.1,3,5,300,5,1.0,0.614581496934389
5,1.0,0.1,3,5,300,5,1.0,0.6167539316092779
5,1.0,0.1,3,5,500,1,0.8,0.6120520515117485
5,1.0,0.1,3,5,500,1,0.8,0.6063105650496902
5,1.0,0.1,3,5,500,1,0.8,0.6083581512949581
5,1.0,0.1,3,5,500,1,1.0,0.6158776471524514
5,1.0,0.1,3,5,500,1,1.0,0.6089545152038764
5,1.0,0.1,3,5,500,1,1.0,0.6127649872128799
5,1.0,0.1,3,5,500,5,0.8,0.612800169411026
5,1.0,0.1,3,5,500,5,0.8,0.6104747306875016
5,1.0,0.1,3,5,500,5,0.8,0.611840797151725
5,1.0,0.1,3,5,500,5,1.0,0.6104242932993834
5,1.0,0.1,3,5,500,5,1.0,0.6099151033204828
5,1.0,0.1,3,5,500,5,1.0,0.6123971021916588
5,1.0,0.1,6,1,100,1,0.8,0.617128064502336
5,1.0,0.1,6,1,100,1,0.8,0.614621689129356
5,1.0,0.1,6,1,100,1,0.8,0.6070838022872522
5,1.0,0.1,6,1,100,1,1.0,0.6149338520374112
5,1.0,0.1,6,1,100,1,1.0,0.6122386193329655
5,1.0,0.1,6,1,100,1,1.0,0.6049868404447228
5,1.0,0.1,6,1,100,5,0.8,0.6128348653113589
5,1.0,0.1,6,1,100,5,0.8,0.6136548367893797
5,1.0,0.1,6,1,100,5,0.8,0.6037009945182165
5,1.0,0.1,6,1,100,5,1.0,0.6123908556736481
5,1.0,0.1,6,1,100,5,1.0,0.6135192903505408
5,1.0,0.1,6,1,100,5,1.0,0.6073205155256508
5,1.0,0.1,6,1,300,1,0.8,0.6190805787945486
5,1.0,0.1,6,1,300,1,0.8,0.6181644627664892
5,1.0,0.1,6,1,300,1,0.8,0.6132848377513344
5,1.0,0.1,6,1,300,1,1.0,0.6153344963948902
5,1.0,0.1,6,1,300,1,1.0,0.6165445829355979
5,1.0,0.1,6,1,300,1,1.0,0.6101086976609483
5,1.0,0.1,6,1,300,5,0.8,0.6120829793712494
5,1.0,0.1,6,1,300,5,0.8,0.6156716091505822
5,1.0,0.1,6,1,300,5,0.8,0.6066835606102345
5,1.0,0.1,6,1,300,5,1.0,0.6095990597465999
5,1.0,0.1,6,1,300,5,1.0,0.6126271187956361
5,1.0,0.1,6,1,300,5,1.0,0.612087912996612
5,1.0,0.1,6,1,500,1,0.8,0.6236842023114614
5,1.0,0.1,6,1,500,1,0.8,0.6214401568958239
5,1.0,0.1,6,1,500,1,0.8,0.6158597560017613
5,1.0,0.1,6,1,500,1,1.0,0.6180759228756867
5,1.0,0.1,6,1,500,1,1.0,0.619953347423172
5,1.0,0.1,6,1,500,1,1.0,0.6150239987503917
5,1.0,0.1,6,1,500,5,0.8,0.6163189732017197
5,1.0,0.1,6,1,500,5,0.8,0.6193819621191693
5,1.0,0.1,6,1,500,5,0.8,0.6121463617250957
5,1.0,0.1,6,1,500,5,1.0,0.6124019675322979
5,1.0,0.1,6,1,500,5,1.0,0.6166804335207209
5,1.0,0.1,6,1,500,5,1.0,0.6161988637026465
5,1.0,0.1,6,5,100,1,0.8,0.6115274811965193
5,1.0,0.1,6,5,100,1,0.8,0.6092758535879444
5,1.0,0.1,6,5,100,1,0.8,0.6054338779850014
5,1.0,0.1,6,5,100,1,1.0,0.6193837537552017
5,1.0,0.1,6,5,100,1,1.0,0.611710394882718
5,1.0,0.1,6,5,100,1,1.0,0.6087897739665793
5,1.0,0.1,6,5,100,5,0.8,0.6103638721297711
5,1.0,0.1,6,5,100,5,0.8,0.6120160895529945
5,1.0,0.1,6,5,100,5,0.8,0.6042191192161416
5,1.0,0.1,6,5,100,5,1.0,0.6146602518182686
5,1.0,0.1,6,5,100,5,1.0,0.6094590394623054
5,1.0,0.1,6,5,100,5,1.0,0.6040077344270991
5,1.0,0.1,6,5,300,1,0.8,0.6113773156527866
5,1.0,0.1,6,5,300,1,0.8,0.610641352099894
5,1.0,0.1,6,5,300,1,0.8,0.6099507369221102
5,1.0,0.1,6,5,300,1,1.0,0.6166994961126332
5,1.0,0.1,6,5,300,1,1.0,0.6144195463187782
5,1.0,0.1,6,5,300,1,1.0,0.6146659064316751
5,1.0,0.1,6,5,300,5,0.8,0.610898961814054
5,1.0,0.1,6,5,300,5,0.8,0.6149161858197869
5,1.0,0.1,6,5,300,5,0.8,0.6073074838383254
5,1.0,0.1,6,5,300,5,1.0,0.6139061983959992
5,1.0,0.1,6,5,300,5,1.0,0.6100755148266221
5,1.0,0.1,6,5,300,5,1.0,0.6091688019968166
5,1.0,0.1,6,5,500,1,0.8,0.6164582728117878
5,1.0,0.1,6,5,500,1,0.8,0.6140566169760729
5,1.0,0.1,6,5,500,1,0.8,0.6158234248717472
5,1.0,0.1,6,5,500,1,1.0,0.6208485088854795
5,1.0,0.1,6,5,500,1,1.0,0.6173276661342978
5,1.0,0.1,6,5,500,1,1.0,0.6188467124923076
5,1.0,0.1,6,5,500,5,0.8,0.6157180201339951
5,1.0,0.1,6,5,500,5,0.8,0.6194248183199715
5,1.0,0.1,6,5,500,5,0.8,0.6124882638427473
5,1.0,0.1,6,5,500,5,1.0,0.6165651686878978
5,1.0,0.1,6,5,500,5,1.0,0.61466230754879
5,1.0,0.1,6,5,500,5,1.0,0.6140677084270387
