identifier,Score,BalabanIndex,PathComplexityIndex,Fused_ring_count,BertzCTIndex,StereocenterCount,TotalPathCount,Largest_ring_size,HBD,Quaternary_Carbons,HeteroatomCount
CNP0000043.1,-7.1,2.1836217500449235,3.583333333333333,0,861.350800440274,1,129,6,1,0,8
CNP0000196.0,-8.7,1.418516531994112,4.523809523809524,0,1476.5863938371524,0,190,6,5,1,9
CNP0000210.0,-9.0,1.6321558248986396,4.7368421052631575,3,849.5083567912542,0,90,6,1,0,4
CNP0000212.0,-8.9,1.6093217638124977,4.7,3,867.74642507019,0,94,6,1,0,5
CNP0000225.0,-9.6,1.0372622061369796,4.285714285714286,2,1390.9468440671756,0,180,6,2,0,11
CNP0000263.1,-7.9,1.5002584920107065,4.771428571428571,2,1216.0770271175531,1,167,6,0,0,6
CNP0000285.1,-8.1,1.5751402293757746,4.341463414634147,2,1285.6569659242102,2,178,6,4,1,8
CNP0000292.1,-10.6,1.5004225618849043,4.116279069767442,0,1300.8518192477843,4,177,6,3,3,3
CNP0000314.0,-6.1,2.011567439049135,4.7,2,359.58718865792105,0,47,5,2,0,4
CNP0000330.0,-5.778,1.9367952205427108,4.6,2,331.08718865792105,0,46,5,2,0,4
CNP0000337.0,-5.791,1.9367952205427108,4.6,2,331.08718865792105,0,46,5,2,0,4
CNP0000344.0,-5.7,2.0917705580984776,4.9,2,405.7105035985509,0,49,5,1,0,4
CNP0000352.0,-5.7,2.112704047936232,4.9,2,413.2340202321469,0,49,5,1,0,4
CNP0000390.0,-5.5,2.011567439049135,4.7,2,359.58718865792105,0,47,5,1,0,4
CNP0000396.0,-5.4,2.011567439049135,4.7,2,359.58718865792105,0,47,5,0,0,4
CNP0000413.0,-5.5,1.9957534648175363,4.7,2,341.93102027996014,0,47,5,1,0,4
CNP0000463.0,-5.2,2.011567439049135,4.7,2,359.58718865792105,0,47,5,0,0,4
CNP0000483.0,-6.2,1.9367952205427108,4.6,2,296.3064302854257,0,46,5,2,0,4
CNP0000501.0,-5.7,2.011567439049135,4.7,2,321.8064302854256,0,47,5,1,0,4
CNP0000538.0,-5.88,1.9367952205427108,4.6,2,331.08718865792105,0,46,5,1,0,4
CNP0000569.0,-5.258,1.9367952205427108,4.6,2,331.08718865792105,0,46,5,0,0,4
CNP0000588.0,-6.1,2.011567439049135,4.7,2,359.58718865792105,0,47,5,2,0,4
CNP0000591.0,-5.6,2.112704047936232,4.9,2,413.2340202321469,0,49,5,0,0,4
CNP0000599.0,-5.6,2.112704047936232,4.9,2,413.2340202321469,0,49,5,0,0,4
CNP0000601.0,-5.7,2.091420960689091,4.9,2,405.7105035985509,0,49,5,1,0,4
CNP0000604.0,-5.792,1.9367952205427108,4.6,2,331.08718865792105,0,46,5,2,0,4
CNP0000616.0,-5.4,2.011567439049135,4.7,2,359.58718865792105,0,47,5,1,0,4
CNP0000625.0,-5.9,2.011567439049135,4.7,2,359.58718865792105,0,47,5,1,0,4
CNP0000658.0,-10.6,1.1805510507580732,5.137931034482759,4,941.948002258316,0,149,6,2,0,3
CNP0000664.0,-10.2,1.163923336265286,5.0,4,995.4730477203852,0,160,6,0,0,4
CNP0000694.0,-8.0,1.7292908364152328,4.2,0,587.081351013394,1,84,6,3,0,5
CNP0000745.0,-8.573,1.9347359941642737,3.811594202898551,0,1360.8493387787582,14,263,6,9,0,19
CNP0000750.0,-7.284,1.877174294526661,3.75,0,1484.270101075881,13,270,6,9,0,19
CNP0000785.0,-7.715,1.9219941394113984,3.794117647058824,0,1372.53927877236,13,258,6,9,0,19
CNP0000788.0,-8.715,1.9219941394113984,3.794117647058824,0,1328.1511322017188,13,258,6,9,0,19
CNP0000915.0,-5.8,1.9634758999636512,4.5,2,400.28517535915336,0,45,6,1,0,4
CNP0000951.0,-5.9,1.9634758999636512,4.5,2,316.845592492937,0,45,6,1,0,4
CNP0001065.0,-5.9,2.014611886520823,4.6,2,400.28517535915336,0,46,6,1,0,4
CNP0001092.0,-5.5,1.9746437019429672,4.5,2,286.84559249293704,0,45,6,1,0,4
CNP0001124.0,-5.5,1.9746437019429672,4.5,2,286.84559249293704,0,45,6,1,0,4
CNP0001199.0,-5.1,1.9746437019429672,4.5,2,321.52041537417426,0,45,6,0,0,4
CNP0001201.0,-5.0,1.8474671140063967,4.3,0,252.40207950269985,0,43,5,0,0,4
CNP0001291.0,-9.2,1.772374885110594,4.1923076923076925,0,907.3503854950566,0,109,6,3,0,9
CNP0001322.0,-5.6,2.028565677264321,4.6,2,400.28517535915336,0,46,6,1,0,4
CNP0001365.0,-10.0,1.633739666428869,5.833333333333333,4,634.995115124503,6,140,6,1,3,3
CNP0001517.0,-4.8,3.023875219830428,2.6666666666666665,0,129.80026905978025,0,32,0,0,0,2
CNP0001549.1,-7.0,4.395628671162301,3.1864406779661016,0,1275.0680324949358,3,188,0,4,0,15
CNP0001563.1,-7.0,4.395628671162301,3.1864406779661016,0,1231.0387712225674,3,188,0,4,0,15
CNP0001631.1,-10.3,1.427761469503359,4.211538461538462,0,1670.623531326257,5,219,6,10,0,17
CNP0001673.1,-9.7,1.650796897904336,4.172413793103448,2,803.5316485608699,1,121,6,2,1,4
CNP0001692.1,-6.1,4.218864410462627,3.1724137931034484,0,1392.1512281632502,3,184,0,3,0,12
CNP0001702.1,-7.1,4.234263403368167,3.1785714285714284,0,1270.0904036047737,3,178,0,3,0,12
CNP0001937.1,-7.7,3.3332758011129613,3.083333333333333,0,731.6338082217783,2,111,0,3,0,9
CNP0001947.1,-6.1,3.4559391505989825,3.103448275862069,0,437.0527755778044,2,90,0,3,0,9
CNP0002314.1,-10.7,1.3545051873775753,4.12,2,1663.7374051772754,4,206,6,12,0,21
CNP0002319.1,-10.3,1.6713171461640242,4.727272727272728,0,609.3903818598319,14,156,6,9,0,15
CNP0002338.1,-9.2,1.4835794135599727,4.72093023255814,0,1373.7831626796858,6,203,5,6,0,10
CNP0002570.0,-6.6,1.9099551374868808,4.5,2,443.0302255150054,0,72,5,0,0,3
CNP0002589.0,-8.5,1.495436482044476,4.55,2,780.5518321888998,0,91,6,1,0,3
CNP0002628.0,-6.4,2.05287371363878,4.666666666666667,2,242.22313440311711,1,56,6,1,0,2
CNP0002669.0,-5.8,3.3486032243073427,2.9444444444444446,0,239.4815153692984,1,53,0,0,0,2
CNP0002683.0,-9.9,1.3823145068968823,6.0,6,1114.700452450298,4,174,6,1,1,7
CNP0002815.2,-10.08,1.3177676134279688,4.90566037735849,2,2008.02026911917,10,260,6,10,0,17
CNP0002838.0,-5.6,3.341708105928857,2.9411764705882355,0,227.0763188558642,1,50,0,0,0,2
CNP0002844.0,-7.085,2.163165486397932,3.8333333333333335,0,413.29165613387306,1,69,6,4,0,7
CNP0002935.0,-6.5,1.5281104347361538,3.8,0,341.0981589624613,0,57,6,0,0,1
CNP0002939.0,-4.6,4.0137374978541,3.555555555555556,0,72.56842503028857,0,32,0,1,1,1
CNP0003133.0,-4.4,3.2612948349821904,2.75,0,112.3412753111225,1,33,0,0,0,3
CNP0003196.0,-9.9,1.570964029810945,4.808510638297872,0,943.9595371691707,20,226,6,11,0,20
CNP0003409.0,-9.0,0.6888281056578961,5.267857142857143,16,8717.453429231451,15,885,29,36,0,66
CNP0003410.0,-10.2,1.3940187025908657,5.456521739130435,4,1229.03080784392,15,251,6,6,4,10
CNP0003433.1,-11.78,1.2297827473806555,5.023255813953488,2,1585.4295447290276,9,216,6,10,0,16
CNP0003484.0,-8.4,1.1574259551493893,3.977777777777778,0,833.239566327906,9,179,5,4,0,8
CNP0003590.1,-10.7,1.1057201282578224,4.92,2,2438.902652753141,22,369,6,15,0,27
CNP0003699.1,-8.5,1.3878121436377624,4.826086956521739,2,674.2836726475945,2,111,6,0,0,4
CNP0003706.1,-10.3,0.9816382353273312,4.757575757575758,0,1011.2605721573432,2,157,6,1,1,6
CNP0003758.1,-7.8,1.6159818163271822,4.65,2,346.06560486659873,2,93,6,0,0,6
CNP0003774.1,-8.968,1.4337804247452983,4.68,0,766.7410986094808,2,117,6,1,1,6
CNP0004002.1,-9.0,1.1817179210919388,4.5625,3,968.498661058304,4,146,6,1,0,8
CNP0004134.1,-9.1,1.391998067505444,4.892857142857143,2,946.3211565369631,2,137,6,0,0,8
CNP0004161.1,-8.8,1.510269465476353,4.583333333333333,2,660.1816581738414,2,110,6,2,0,8
CNP0004306.1,-9.8,1.2028276887362497,4.393939393939394,0,1057.0599463193726,2,145,6,2,0,7
CNP0004348.1,-8.0,1.8370189528980376,4.666666666666667,0,611.1084002010473,2,98,5,1,2,6
CNP0004453.1,-9.6,1.3976038452381552,4.861111111111111,2,989.2285724318092,8,175,6,2,1,7
CNP0004557.2,-9.3,1.317805149579367,4.75,2,1476.4353728014391,2,190,6,2,0,7
CNP0004557.3,-9.7,1.317805149579367,4.75,2,1476.4353728014391,2,190,6,2,0,7
CNP0004635.1,-10.0,1.3101655646982746,4.709677419354839,2,1080.31443140239,3,146,6,1,0,4
CNP0005061.1,-8.8,1.5345190607054902,4.56,0,731.1177465602414,1,114,6,2,1,6
CNP0005174.1,-7.9,1.6856605741119066,4.1,0,522.7637893292597,3,82,6,3,0,8
CNP0005249.1,-7.8,2.577627738066484,4.586206896551724,2,764.6427829803458,6,133,9,1,1,8
CNP0005392.1,-7.7,1.483575454082099,4.523809523809524,2,481.82177836112,1,95,6,0,0,6
CNP0005481.1,-8.7,1.3626554362390513,4.416666666666667,0,675.3622230749505,3,106,6,3,0,8
CNP0005510.0,-5.6,2.106687881520867,3.4166666666666665,0,205.50391424932707,1,41,6,1,0,1
CNP0005529.1,-8.9,1.3336496660115944,4.814814814814815,2,842.1302850480547,1,130,6,0,0,7
CNP0005559.1,-8.4,1.9052468457117469,4.923076923076923,3,758.2630957695942,5,128,9,1,1,6
CNP0005616.1,-9.7,1.3877572388768478,5.037037037037037,3,717.1784166940209,1,136,6,2,1,7
CNP0005631.1,-9.3,1.3209679382838166,4.285714285714286,2,656.5010606025269,5,120,6,4,0,8
CNP0005698.1,-7.4,1.76580296440391,4.5,0,768.8344827179413,3,126,6,2,2,6
CNP0005818.1,-10.0,1.325424102612044,4.566666666666666,0,969.429569676782,4,137,6,3,0,6
CNP0006120.1,-8.493,1.0735764692081189,5.292307692307692,9,2777.665627417079,7,344,15,5,1,11
CNP0006202.3,-9.9,1.043127727511608,5.358208955223881,4,1754.7700629422436,24,359,6,12,5,19
CNP0006204.3,-9.8,1.1253967443336006,5.688524590163935,5,1684.7855561982194,21,347,6,7,7,16
CNP0006214.1,-11.0,1.2023919202162032,5.033333333333333,2,880.2725103195448,5,151,6,2,0,8
CNP0006313.1,-10.4,1.1758284630556637,5.103448275862069,2,985.7448780930928,5,148,6,2,0,8
CNP0006314.1,-9.7,1.2754826594618258,5.32,4,751.7797398792222,5,133,6,2,0,6
CNP0006437.1,-8.9,1.4110690243265145,4.517857142857143,4,1631.689419282512,6,253,10,8,1,16
CNP0006521.1,-5.8,3.936535702305011,3.083333333333333,0,318.7607093635468,2,74,0,3,0,4
CNP0006702.1,-8.8,1.3918893794630682,5.142857142857143,5,1418.347245907296,5,216,11,5,1,12
CNP0006819.0,-8.2,1.4601759672186754,4.631578947368421,2,726.9665294685195,0,88,6,2,0,7
CNP0006854.1,-9.4,1.2409623684859707,4.96969696969697,3,1115.3471910879673,2,164,6,1,0,7
CNP0006875.1,-11.0,1.034006192354255,5.081081081081081,4,1544.1856633811876,4,188,6,2,0,11
CNP0006963.2,-9.7,1.4564906711176948,5.166666666666667,4,790.5656585403199,7,155,6,2,2,6
CNP0007033.1,-10.3,0.9142243460310774,4.870967741935484,6,2137.025768164724,9,302,9,5,2,9
CNP0007076.1,-10.9,1.3853034369325472,4.487179487179487,4,876.0210328028395,9,175,14,6,2,8
CNP0007385.1,-9.5,1.2219703815868757,4.689655172413793,0,804.1051062568647,1,136,6,2,1,7
CNP0007579.1,-8.1,2.0226941880932,4.380952380952381,0,632.8683289461126,1,92,6,2,0,6
CNP0007640.1,-8.0,1.4920372587203905,4.684210526315789,0,431.2777492995902,1,89,6,3,1,6
CNP0007670.1,-8.5,1.4886008197701506,4.7,0,457.02642234194377,1,94,6,2,1,6
CNP0007766.1,-8.8,1.4211126386091817,4.777777777777778,3,821.4313619856221,1,129,8,0,0,6
CNP0007888.1,-9.2,1.575647418472387,4.518518518518518,0,901.6908595804256,2,122,6,2,0,6
CNP0008051.0,-5.747,2.1392873220994675,3.5,0,294.63150377072884,0,42,6,1,0,6
CNP0008052.3,-9.3,1.654253676219278,5.852941176470588,5,1047.114569384161,8,199,7,1,4,6
CNP0008204.1,-9.4,1.21856647920744,4.8,3,1590.8144071308636,3,216,6,4,2,10
CNP0008263.1,-11.0,0.9516176505692876,5.521739130434782,8,2136.7495885301632,4,254,9,2,2,9
CNP0008430.1,-9.6,1.0717228234493452,4.866666666666666,5,2020.2025280499,6,292,6,6,2,12
CNP0008471.1,-9.9,1.4856900480611177,4.794117647058823,3,1128.058460335238,3,163,6,5,1,10
CNP0008520.1,-9.2,1.334248857180054,5.0,3,1144.3672410473212,2,165,6,2,2,8
CNP0008647.2,-10.0,1.274434808373743,4.824561403508772,5,1726.6136898781278,6,275,10,8,3,16
CNP0008673.1,-8.0,1.4190033262406203,4.578947368421052,4,1684.233111851241,6,261,10,9,2,17
CNP0008801.1,-9.1,1.512189575076088,4.974358974358975,4,1313.6629199547533,3,194,11,5,1,12
CNP0008811.1,-8.2,1.249063989377342,4.0701754385964914,0,1887.6107235943184,1,232,6,4,0,8
CNP0008909.1,-7.2,1.9637844004360003,3.8684210526315774,0,1029.3681919801638,2,147,6,3,0,9
CNP0008956.3,-10.0,1.3799834542165694,4.358974358974359,0,1267.408953844566,5,170,6,5,0,12
CNP0009135.1,-8.736,1.581398147576254,4.423076923076923,0,764.1135175370569,2,115,6,2,0,7
CNP0009224.1,-9.031,1.003761636336917,5.5,10,2526.141561512669,8,341,11,6,1,14
CNP0009243.2,-9.4,1.1474387526238206,4.857142857142857,5,2266.761415636576,8,340,10,9,3,17
CNP0009254.1,-10.6,0.9974520509655928,5.112676056338028,9,2907.4723546296136,9,363,16,3,1,11
CNP0009341.0,-8.8,1.3128037659279477,4.434782608695652,2,739.1489883602135,0,102,6,2,0,6
CNP0009368.0,-9.7,1.531202802481932,5.038461538461538,4,1259.8338151300215,0,131,6,0,0,7
CNP0009456.0,-8.8,1.5761356289791,4.433333333333334,0,1070.0640813689429,0,133,6,2,0,6
CNP0009472.0,-8.7,1.6828672534894966,4.083333333333333,0,780.686297380533,0,98,6,1,0,5
CNP0009507.1,-9.3,1.4164087970271704,4.466666666666667,0,930.740520552452,1,134,6,1,0,8
CNP0009896.2,-9.7,1.2737496959206018,5.054054054054054,2,1700.6912154701483,1,187,6,1,0,7
CNP0009913.0,-9.0,1.5058960801652497,4.878787878787879,3,1310.226507985603,0,161,6,1,1,5
CNP0009917.0,-7.9,1.5538112453698725,4.870967741935484,3,1240.7258157645626,0,151,6,1,0,6
CNP0009920.0,-5.7,2.011567439049135,4.7,2,391.9452514071782,0,47,5,1,0,4
CNP0010219.1,-8.3,1.5144744740340672,4.925,4,1330.3907520655218,3,197,11,5,1,12
CNP0010249.0,-9.9,1.571253606026522,4.645161290322581,2,968.944668695043,0,144,6,1,1,7
CNP0010399.0,-9.1,1.346310595922432,4.689655172413793,2,1249.9541329400345,0,136,6,2,0,9
CNP0010613.1,-10.2,1.0508171958936656,4.862068965517241,2,1123.1529699585517,1,141,6,0,0,6
CNP0010648.1,-8.0,1.4290818136713377,4.5,0,606.6215406632808,1,99,6,0,0,5
CNP0010659.1,-9.2,1.2311473863187132,4.6923076923076925,0,878.7726240705464,1,122,6,0,0,6
CNP0010734.1,-9.0,1.2050220372046885,4.76,0,839.2858051444036,1,119,6,0,0,7
CNP0010797.1,-9.0,1.2565378232938935,4.818181818181818,2,765.3913093650322,1,106,6,0,0,4
CNP0010849.1,-12.0,1.151283163636975,5.363636363636363,5,1664.5516675271583,5,236,9,4,2,10
CNP0011011.1,-11.2,1.0991656880294105,4.828571428571428,3,1178.8147682053054,4,169,6,2,0,8
CNP0011110.1,-8.3,1.4841480360301382,4.521739130434782,3,619.9854673787487,4,104,6,1,0,6
CNP0011178.1,-9.1,1.080517966734587,4.818181818181818,3,1033.643355360179,4,159,6,2,0,7
CNP0011206.2,-10.2,1.081646314558229,4.875,3,1017.679735674552,4,156,6,2,0,7
CNP0011209.1,-10.2,1.232832108584592,4.774193548387097,0,1095.3399102892918,2,148,6,1,0,5
CNP0011219.1,-10.1,1.1024235261364674,5.0,5,1024.6199711426834,4,155,6,1,0,7
CNP0011277.1,-8.5,1.5737899698086402,4.384615384615385,2,802.5322446824865,1,114,6,3,0,8
CNP0011364.1,-8.5,1.4801237859873408,4.695652173913044,3,629.7434943429902,4,108,6,1,0,6
CNP0011408.1,-8.3,1.4764822094097805,4.545454545454546,3,473.78259054793926,4,100,6,1,0,6
CNP0011474.1,-9.2,1.4682337416618838,4.5,0,884.5478488458795,2,126,6,3,1,9
CNP0011542.3,-10.1,1.070167108604294,4.8,3,989.197522006152,4,144,6,1,0,7
CNP0011726.1,-10.2,1.5443160779477896,5.181818181818182,3,1162.1143351324358,5,171,6,4,2,10
CNP0011811.1,-10.1,0.9683177833441736,4.918918918918919,2,1435.7403952991187,4,182,6,2,0,14
CNP0011894.1,-8.5,1.870330380174879,5.0,3,767.6050382732332,5,140,6,4,2,9
CNP0011943.2,-10.9,1.228822565837134,5.0588235294117645,3,842.4580406623761,7,172,6,1,2,6
CNP0012029.1,-12.5,0.8323337248994305,4.904761904761905,2,1627.0964672592415,4,206,6,2,0,13
CNP0012034.1,-10.5,0.9964611092361382,5.0,4,1284.089346720811,4,185,6,2,0,14
CNP0012048.1,-10.5,1.1148517775091071,4.90625,4,979.8676223189586,3,157,6,2,0,7
CNP0012274.1,-9.2,1.4102186575492135,4.814814814814815,2,948.929883601405,1,130,6,2,0,9
CNP0012388.1,-9.1,1.2445125308360625,4.533333333333333,2,903.1789397183531,3,136,6,3,0,7
CNP0012452.1,-10.0,1.225597670810203,4.53125,2,830.1150094217749,3,145,6,3,0,10
CNP0012583.1,-10.25,1.0417897294191651,5.026315789473684,2,1452.1859611337527,4,191,6,1,0,14
CNP0012673.1,-9.0,1.050295471491519,4.806451612903226,2,1070.7730377337402,2,149,6,1,0,9
CNP0012742.1,-11.5,1.0515839495104873,4.675675675675675,0,1157.923611502769,2,173,6,1,1,6
CNP0012825.1,-9.3,1.3098567224057878,4.645161290322581,2,908.2856110461856,4,144,6,4,0,8
CNP0013038.1,-9.0,1.276325940434733,4.615384615384615,0,851.0075583456821,2,120,6,1,0,6
CNP0013156.2,-6.9,1.784953372468815,4.368421052631579,3,324.7106227554281,4,83,6,1,0,3
CNP0013174.2,-6.8,1.4304349678762511,4.555555555555555,3,371.72561871451126,4,82,6,2,0,4
CNP0013183.2,-8.9,1.3862555218052226,4.478260869565218,3,609.284303139469,4,103,6,2,0,5
CNP0013185.1,-7.9,1.4458434000364613,4.6,3,344.0103273391139,4,92,6,1,0,5
CNP0013332.2,-9.2,1.362191656973371,4.892857142857143,3,956.1104477892007,4,137,6,1,0,8
CNP0013405.1,-11.5,0.9493773810819788,5.029411764705882,5,1211.5216139801978,4,171,6,2,0,9
CNP0013415.3,-8.1,1.5159594490235304,4.681818181818182,3,527.8572779377323,4,103,6,1,0,7
CNP0013437.2,-10.0,1.1262227625059569,5.107142857142857,3,831.3572456390236,4,143,6,2,1,9
CNP0013450.2,-8.4,1.5204770892868733,4.708333333333333,3,588.4747460847833,4,113,6,1,1,6
CNP0013692.2,-9.6,1.321737124919641,4.7,5,1776.5338398244633,6,282,10,8,2,16
CNP0013698.1,-9.5,1.1094621258368,5.588235294117647,10,2976.391994665027,8,380,10,7,2,14
CNP0013747.1,-10.9,1.192804111178151,4.712121212121212,4,2116.502871144125,8,311,10,9,2,17
CNP0013832.1,-8.4,1.1888806365837403,4.661538461538462,4,2061.8626689576927,8,303,10,8,1,16
CNP0013888.1,-10.0,1.140375636349655,5.037037037037037,4,953.3750752813064,1,136,6,1,0,6
CNP0013960.1,-8.1,1.4164459859841707,4.526315789473684,0,552.073649383723,1,86,6,0,0,5
CNP0013981.1,-8.695,1.388936904579289,4.4,0,755.8987413611212,1,110,6,1,0,8
CNP0014085.1,-8.2,1.5154125496541109,4.7,3,1077.7168464583708,2,141,7,2,0,5
CNP0014239.1,-8.8,1.665466246672448,4.428571428571429,2,772.29052480609,2,124,6,2,0,6
CNP0014371.1,-7.717,2.040991739779344,4.304347826086956,0,416.4897605324416,2,99,6,1,0,5
CNP0014415.1,-8.2,1.9706442582964183,4.434782608695652,0,556.6449424072243,1,102,6,1,1,5
CNP0014607.1,-7.6,1.680823431859947,4.2,0,338.5558298622718,3,84,5,3,1,6
CNP0014741.1,-6.5,2.394458294724908,3.6875,0,292.27447024909344,1,59,7,0,0,7
CNP0014971.1,-8.818,1.3153554316224567,4.964285714285714,3,882.8356289545894,2,139,8,0,0,6
CNP0015049.1,-10.6,1.5155662818872626,4.275862068965517,0,870.011440840002,2,124,9,2,0,9
CNP0015102.1,-10.5,1.522737318173205,4.290322580645161,0,913.634898799994,2,133,9,1,0,9
CNP0015371.1,-8.424,2.0226941880932,4.380952380952381,0,678.7824963844657,1,92,6,2,0,7
CNP0015440.1,-8.464,1.354563573712375,4.833333333333333,3,809.5137124475522,1,116,6,2,0,7
CNP0015452.2,-10.1,1.4875849439361764,5.2727272727272725,4,773.8810686238235,10,174,6,5,3,7
CNP0015644.1,-10.1,1.252006194581226,4.642857142857143,2,722.1120629769404,3,130,6,2,0,7
CNP0015660.1,-8.184,1.518116316065662,4.407407407407407,0,619.4527237148227,3,119,6,1,0,6
CNP0015747.1,-8.691,1.2622449039739052,4.53125,0,873.4672428425049,3,145,6,1,0,7
CNP0015778.1,-8.521,1.498455608179838,4.344827586206897,0,649.0579539096769,3,126,6,1,0,6
CNP0015903.1,-8.4,1.2764082188328485,4.904761904761905,2,744.5842989302498,1,103,6,1,0,4
CNP0015907.1,-9.8,1.2671254329833643,4.916666666666667,2,746.1498990854969,1,118,6,0,0,5
CNP0016048.1,-8.2,1.302617298738866,4.954545454545454,0,634.2406521417971,1,109,6,1,0,6
CNP0016053.1,-8.9,1.3068931513623534,4.791666666666667,0,662.3035730489887,1,115,6,1,0,6
CNP0016225.1,-9.6,1.1142438392795486,4.962962962962963,3,846.4025461562395,4,134,6,2,0,7
CNP0016345.1,-9.7,1.2370225058273898,5.1,3,927.227044367613,2,153,6,1,1,6
CNP0016372.1,-11.1,1.3992512855250585,5.04,3,776.0943236858851,2,126,7,1,0,9
CNP0016663.1,-9.4,1.143843988635265,5.333333333333333,4,1662.096921466476,26,352,6,12,4,18
CNP0016692.1,-7.9,1.4368127299953448,5.136363636363637,3,516.6500397379215,2,113,6,1,1,5
CNP0016750.2,-7.9,1.360572343915821,4.833333333333333,3,795.0971411997524,2,145,6,2,1,8
CNP0016771.1,-8.7,1.160964076489854,4.848484848484849,3,1130.9962285209244,2,160,7,0,0,5
CNP0016831.2,-9.1,1.4638029191301265,5.103448275862069,3,848.4732498534962,2,148,6,2,1,8
CNP0017048.1,-8.9,1.7278456152554431,4.6,0,923.4606762393788,1,138,7,1,0,9
CNP0017154.0,-8.5,1.6842089628324004,3.9615384615384617,0,833.8799531258987,0,103,6,1,0,6
CNP0017247.1,-9.527,1.299007903412056,4.620689655172414,2,810.5326112070043,1,134,6,1,1,6
CNP0017297.1,-10.24,1.0437797015291048,5.6,5,1814.455492232169,24,364,6,10,6,18
CNP0017501.1,-7.8,1.9858032315537284,6.0,3,311.27094404679946,4,96,5,2,4,6
CNP0017564.0,-8.1,1.841833638661861,4.909090909090909,3,438.451474726785,7,108,11,2,2,3
CNP0017637.1,-9.0,0.9988989528355424,5.22093023255814,4,2488.0911914865565,33,449,6,14,4,29
CNP0017666.1,-8.6,1.803900772374484,5.541666666666667,4,531.7318901772584,10,133,9,2,1,4
CNP0017889.1,-9.365,1.2141831749492489,5.155172413793103,8,2312.189682437363,4,299,15,6,1,12
CNP0018171.1,-10.2,0.7376656965323471,5.354430379746836,11,2563.183213209931,26,423,8,4,5,23
CNP0018174.0,-9.9,1.5306060353909097,5.241379310344827,4,703.3263577733082,7,152,6,1,2,2
CNP0018346.1,-8.1,1.98220880381272,4.787878787878788,3,755.710538737078,8,158,9,1,2,6
CNP0018586.1,-10.0,1.4694847866801406,5.375,4,702.515543463834,10,172,6,3,3,3
CNP0018648.0,-9.1,1.474018387260109,5.333333333333333,4,701.1521404825783,8,160,6,0,2,1
CNP0018654.0,-8.057,2.1721478624341057,4.068181818181818,0,1154.1378833588656,5,179,6,7,0,15
CNP0018665.1,-9.9,0.9897822951637372,5.265822784810126,4,2265.083703970983,33,416,6,13,2,28
CNP0018668.0,-6.8,1.9364226328275165,4.357142857142857,0,448.1553749339957,0,61,6,1,0,4
CNP0018700.0,-9.0,1.5460795290409726,5.290322580645161,4,622.3576912472785,11,164,6,4,2,4
CNP0018722.0,-9.3,1.702101167339365,4.653846153846154,4,1356.2584901038963,8,242,17,8,4,18
CNP0018805.1,-9.5,1.5692779721034409,6.64,6,905.3776803688612,5,166,6,4,2,7
CNP0018835.0,-8.2,1.6523056558743492,4.142857142857143,0,647.2335221305327,0,87,6,2,0,4
CNP0018840.0,-13.2,0.8317864879440526,5.4363636363636365,4,1409.0037418555949,21,299,6,6,3,14
CNP0018879.0,-9.22,1.559859313951853,5.925925925925926,4,868.9012358711324,6,160,6,1,2,7
CNP0018891.1,-8.7,1.32383409219242,4.64,0,836.2051990748424,1,116,6,1,0,6
CNP0018999.1,-7.8,1.8361914648823512,5.0,3,500.6738708738695,2,95,8,0,0,4
CNP0019696.1,-9.2,1.471597017312107,4.290322580645161,0,834.9714729659707,4,133,6,4,0,8
CNP0019978.1,-7.6,1.714807780526596,5.03030303030303,3,1025.4657914422116,3,166,6,0,1,9
CNP0019978.2,-8.0,1.714807780526596,5.03030303030303,3,1025.4657914422116,3,166,6,0,1,9
CNP0021009.0,-5.1,2.011567439049135,4.7,2,359.58718865792105,0,47,5,0,0,4
CNP0021127.1,-7.1,1.9320437288587649,5.875,3,378.8961901224147,5,94,6,0,1,1
CNP0021797.0,-9.6,1.5308961770917404,5.483870967741935,4,758.3733677537381,8,170,6,1,3,1
CNP0021809.1,-9.758,0.8842342082926402,5.657534246575342,12,3144.8087654500364,8,413,18,5,2,14
CNP0022094.1,-7.903,2.573526358992304,3.5737704918032787,0,1292.7583932776083,8,218,6,7,0,18
CNP0022102.0,-5.6,1.9634758999636512,4.5,2,400.28517535915336,0,45,6,1,0,4
CNP0022181.1,-6.8,3.4753641197594205,3.0232558139534884,0,617.4580666505962,1,130,0,1,0,5
CNP0022364.0,-9.2,1.0629169780398893,4.822222222222222,0,1699.1309718612597,0,217,6,0,0,6
CNP0022769.1,-7.2,2.211357489279071,5.333333333333333,2,292.1561908326412,3,80,5,1,2,2
CNP0022809.1,-11.7,1.0871987475743992,4.833333333333333,4,1389.0380503019817,4,174,6,3,0,11
CNP0023248.1,-11.4,1.2165204904273064,5.029411764705882,2,1331.2860987149809,2,171,6,1,0,10
CNP0023290.0,-8.9,2.4031078067691967,4.035714285714286,0,732.6624612647804,2,113,6,2,2,3
CNP0023342.1,-9.2,1.2490568533696855,4.666666666666667,2,800.419128047128,4,126,6,2,0,9
CNP0023470.1,-10.5,1.0217532266221263,5.083333333333333,4,1265.480106411606,4,183,6,2,0,13
CNP0023663.1,-7.5,2.6582499702746576,3.582089552238806,0,1503.2932589696136,8,240,6,8,0,22
CNP0023706.1,-10.2,1.1577141172889864,4.722222222222222,3,1303.010488038709,2,170,6,1,0,8
CNP0023985.1,-9.1,1.6608011015264237,4.413793103448276,0,773.2650159611258,2,128,6,2,0,11
CNP0023997.1,-7.519,2.6001990001420108,3.593220338983051,0,1259.6790118384035,8,212,6,7,0,18
CNP0024290.1,-8.6,1.309007651805461,5.081081081081081,3,1247.797494529383,5,188,6,3,2,8
CNP0024347.0,-8.3,1.333627431491666,4.2,0,585.5180499526653,0,84,6,2,0,2
CNP0024381.0,-11.4,1.1556136632606642,5.0606060606060606,4,1443.650758608819,0,167,6,0,0,6
CNP0024396.2,-10.0,1.2877000039191482,4.6571428571428575,3,1166.7418241539335,1,163,6,1,1,6
CNP0024470.3,-9.0,1.4800932496236756,5.096774193548387,3,922.7431120147986,6,158,6,1,1,5
CNP0024490.2,-11.4,1.3898494837636977,4.851851851851852,3,915.9428849935848,2,131,7,2,0,7
CNP0025543.1,-7.4,1.8355883831007105,4.25,0,471.0485541980776,1,68,6,1,0,1
CNP0025596.1,-8.5,1.5172729050048472,4.631578947368421,0,622.297630273375,1,88,6,2,0,4
CNP0025598.1,-10.7,1.0825698340435692,4.8,2,858.4510734928002,4,144,6,2,0,9
CNP0025682.1,-7.3,4.395628671162301,3.1864406779661016,0,1275.0680324949358,3,188,0,4,0,15
CNP0025719.0,-9.541,1.6754393103103289,5.869565217391305,4,574.3906439920498,7,135,6,1,3,2
CNP0025774.1,-9.6,1.646300566077867,4.6,4,1178.0114946333083,3,161,14,2,0,8
CNP0025850.1,-11.2,1.132065846009513,4.875,3,1189.7083236979186,2,156,6,1,0,8
CNP0026185.0,-10.0,1.3612162676582669,4.807692307692308,2,936.2005959584684,0,125,6,1,0,7
CNP0026190.0,-6.1,1.78948209011566,4.153846153846154,0,300.16033227962595,0,54,6,0,0,1
CNP0026270.1,-9.3,1.6690117509230284,4.424242424242424,0,743.62683293073,3,146,6,2,1,9
CNP0026271.1,-7.4,2.1229560291342056,4.409090909090909,0,638.8200193899858,1,97,6,3,0,7
CNP0026900.0,-8.4,1.423512812234038,4.318181818181818,0,816.6250928929446,0,95,6,1,0,5
CNP0026957.2,-9.8,1.1110982086182706,4.9393939393939394,3,992.2240619587805,4,163,6,2,1,8
CNP0026986.0,-6.8,2.4568808435827543,3.933333333333333,0,465.3906409737161,0,59,6,0,0,6
CNP0027130.0,-12.3,0.8657432854110364,5.548387096774194,6,1548.9002359376193,27,344,6,9,3,17
CNP0027552.0,-5.1,3.061628606176328,2.8666666666666667,0,326.6007800506426,0,86,0,1,0,2
CNP0027635.2,-11.3,1.199854101143966,5.161290322580645,4,1245.6914404677104,2,160,6,1,0,7
CNP0027864.2,-7.469,2.269206171880058,4.166666666666667,2,735.4195647462075,4,125,10,1,0,8
CNP0027881.0,-9.0,1.983352002327697,3.581818181818182,0,1498.2939233815678,2,197,6,2,0,2
CNP0027989.0,-10.0,1.3608105235444503,4.647058823529412,0,1342.66133294773,0,158,6,0,0,7
CNP0028108.0,-9.7,1.5662413491835745,4.78125,0,594.2953917420889,14,153,6,10,0,15
CNP0028395.0,-8.6,1.6456736281738789,4.8,2,819.9947509008107,0,96,6,0,0,4
CNP0028521.0,-8.559,1.6697204794015184,4.818181818181818,2,845.4268163118282,0,106,6,2,0,5
CNP0028592.1,-8.7,1.7835355212666515,4.178571428571429,0,634.942929657679,4,117,6,3,0,7
CNP0028632.0,-7.8,1.696052195882717,4.111111111111111,0,496.5489163642176,0,74,6,2,0,6
CNP0028891.1,-9.6,1.5509860693696922,4.433333333333334,2,792.9777257209884,2,133,9,1,0,8
CNP0029025.1,-6.3,4.018033900507717,3.109090909090909,0,1217.1249337751149,2,171,0,2,0,10
CNP0029517.2,-9.404,1.5470506156008748,5.04,2,722.1047171968185,2,126,6,1,3,9
CNP0029524.1,-7.839,1.446074841820742,5.076923076923077,3,557.3943473689974,1,132,6,0,1,8
CNP0029647.1,-6.6,3.0339321558528183,4.2727272727272725,0,700.510217721588,1,94,6,0,0,8
CNP0029694.1,-9.566,1.0641638640688678,4.925925925925926,5,1866.559892825083,7,266,6,5,0,16
CNP0029939.1,-10.0,1.0659582943207004,4.764705882352941,2,1175.6818817562012,4,162,6,3,0,11
CNP0029966.1,-9.2,0.988128660444512,4.377551020408164,0,2662.3057454798563,28,429,6,16,2,28
CNP0030146.2,-7.0,2.061267606130418,5.0,2,436.32005799367465,2,90,5,2,2,4
CNP0030377.0,-11.2,1.415513607189148,5.5625,4,1118.0109833387826,6,178,6,3,1,10
CNP0030813.2,-9.2,1.4985828450492342,4.555555555555555,2,935.9644688130372,1,123,6,0,0,7
CNP0030991.1,-9.1,1.1989308056129104,4.8,2,1664.4493153753565,1,192,6,1,0,4
CNP0031113.4,-9.4,1.3875394629464193,5.560975609756097,5,1442.3395646352817,4,228,6,0,1,11
CNP0031146.0,-8.5,1.6313994080158936,5.129032258064516,4,1310.7766629456255,0,159,6,0,0,5
CNP0031318.2,-9.0,1.789768257702241,4.884615384615385,2,597.9318970138542,10,127,6,6,0,14
CNP0031385.1,-8.6,2.1147471280721915,4.4,0,720.5455521403326,1,110,6,1,0,9
CNP0031512.1,-6.5,2.0220521007494967,6.384615384615385,3,266.051968530824,0,83,6,0,3,2
CNP0031973.0,-7.3,2.603037256488463,4.0,0,481.8387838438133,0,60,6,2,0,6
CNP0031996.1,-5.7,3.980851039341823,3.101694915254237,0,1371.374266150446,2,183,0,2,0,10
CNP0032037.1,-10.3,1.2547632372977633,5.275862068965517,5,1209.421019791136,2,153,6,0,0,7
CNP0032111.1,-10.86,1.052735828207484,4.913043478260869,5,1490.2935129700434,8,226,6,7,0,18
CNP0032127.0,-9.0,1.4283372953745024,3.864197530864197,0,1530.7732117650764,17,313,6,12,0,19
CNP0032250.1,-9.0,1.585399354482024,4.428571428571429,0,969.7488825650884,1,124,6,3,0,9
CNP0032351.1,-10.5,0.8586457452152609,5.212121212121212,5,4221.142822400956,42,688,6,21,8,45
CNP0032523.1,-8.8,1.6368003641610696,4.206896551724138,0,712.3349992970035,3,122,5,1,1,4
CNP0032565.0,-10.6,1.2272546401032265,5.791666666666667,6,1075.754517786081,0,139,6,0,0,5
CNP0032586.0,-6.1,2.2197743325461183,3.44,0,491.8296517570242,0,86,6,1,0,5
CNP0033672.2,-6.6,1.7423869601002633,6.307692307692308,4,374.801416419412,2,82,6,0,1,0
CNP0033768.1,-10.7,1.328324327821859,4.925925925925926,3,1057.6246777323245,2,133,6,0,0,7
CNP0034008.0,-6.3,2.9609708811193407,4.166666666666667,0,422.8805941435619,0,75,6,0,0,6
CNP0034030.1,-9.5,1.4565291596187582,4.307692307692308,0,595.4196277442577,2,112,6,1,0,4
CNP0034070.1,-9.0,1.440391424663798,4.333333333333333,3,884.9939536188799,1,130,6,4,0,8
CNP0034316.1,-6.9,1.803032890379756,5.214285714285714,4,236.21108202023407,0,73,6,1,1,2
CNP0034444.0,-8.1,1.706219806663728,5.454545454545454,2,831.6019436091469,0,120,6,1,1,4
CNP0034524.1,-10.0,1.2077896753293482,4.53125,2,937.6872684001546,4,145,6,3,0,10
CNP0034928.2,-7.4,1.4409980910279998,4.653846153846154,0,852.3303170536262,1,121,6,1,0,4
CNP0035024.1,-12.5,0.6875543730103916,5.411764705882353,5,2895.1727194225427,40,552,6,18,6,33
CNP0035104.2,-8.5,1.5226819672555991,4.727272727272728,2,1261.4374454817018,1,156,6,2,0,6
CNP0035287.8,-10.9,1.4546446133682744,5.967741935483871,6,1248.5140457957268,2,185,6,0,1,5
CNP0035359.0,-6.0,2.0345801388309823,4.636363636363637,2,347.8334610633429,0,51,6,0,0,3
CNP0035402.1,-7.3,3.980851039341823,3.101694915254237,0,1371.374266150446,2,183,0,2,0,10
CNP0035616.0,-5.8,2.011567439049135,4.7,2,359.58718865792105,0,47,5,1,0,4
CNP0035781.0,-10.5,1.2586613354343226,5.03125,4,1613.3846495583673,0,161,6,0,0,8
CNP0035841.3,-11.0,1.2497344283772045,5.129032258064516,3,956.931640249124,6,159,6,3,1,6
CNP0036071.1,-7.832,1.49507164135777,4.413793103448276,0,660.279210479842,3,128,6,1,0,6
CNP0036084.0,-9.389,1.9571992518525565,3.883720930232558,0,1160.6365920402495,4,167,6,9,0,15
CNP0036356.1,-9.5,1.688347389849724,4.413793103448276,0,634.3610967201705,2,128,6,2,0,9
CNP0036618.0,-10.7,1.212956702497808,4.9375,4,1467.2096068165506,0,158,6,0,0,9
CNP0036683.0,-6.8,1.856385711132972,4.5,0,627.0274995948228,0,108,6,2,1,2
CNP0036693.6,-9.8,1.4421610847788604,5.966666666666667,6,1212.893364436978,2,179,6,0,1,4
CNP0036986.0,-8.6,1.4941072422367123,4.481481481481482,0,778.4639239783821,0,121,6,0,0,2
CNP0037019.0,-7.047,2.201222211642846,4.619047619047619,0,859.2204904218066,0,97,6,0,0,8
CNP0037142.0,-10.3,1.2946631992535165,4.766666666666667,2,1288.4797019626626,0,143,6,0,0,6
CNP0037237.1,-7.3,4.225970868511984,3.13953488372093,0,733.6912499863835,2,135,0,2,0,10
CNP0037338.1,-8.0,1.5894816768947744,5.0344827586206895,4,1166.9428504994717,1,146,6,0,0,9
CNP0037459.2,-6.8,2.1006155650326845,3.7160493827160495,2,1947.0847622672832,17,301,42,11,1,15
CNP0037859.1,-4.9,3.978419715606768,3.1052631578947367,0,990.4941820455556,2,177,0,2,0,10
CNP0038041.0,-7.3,2.7127345384440145,3.923076923076923,0,718.88115157857,0,102,6,2,0,8
CNP0038213.3,-10.6,1.3282976752590407,5.653846153846154,4,706.1233403797505,7,147,6,1,2,1
CNP0038231.1,-11.3,1.21154372246998,5.0588235294117645,3,878.9794466059951,4,172,7,2,0,10
CNP0038330.1,-7.3,2.581277403157112,3.4411764705882355,0,640.09186363978,3,117,6,2,0,3
CNP0038563.2,-8.9,1.5547859269626505,5.379310344827586,4,662.4539078826194,9,156,6,0,2,4
CNP0038603.0,-7.782,1.846119145717084,5.333333333333333,3,465.4106552640256,1,80,6,0,1,4
CNP0038810.1,-8.132,2.542410814406693,3.555555555555556,0,1415.1267072190064,8,224,6,7,0,18
CNP0038929.0,-5.6,2.640835969399999,4.181818181818182,0,231.2573321994735,0,46,6,0,1,1
CNP0038956.0,-8.824,1.6091889673974398,4.62962962962963,2,1020.7289976539674,0,125,6,0,0,7
CNP0039012.2,-10.2,1.3599631639301044,4.862068965517241,2,1045.4804913980604,5,141,6,4,0,8
CNP0039037.1,-8.9,2.1730119263557075,4.745098039215686,0,1081.076730333806,20,242,14,7,3,14
CNP0039238.0,-7.3,1.6637241957730318,4.105263157894737,0,349.65471760574155,0,78,7,0,0,6
CNP0039308.1,-10.1,1.454730118437275,4.961538461538462,3,900.1572881599338,1,129,7,1,0,7
CNP0039469.0,-6.0,2.315008259688036,4.071428571428571,0,251.0473440169799,1,57,5,0,1,2
CNP0039649.0,-8.8,1.4916087506131934,4.88,2,1033.770933042604,0,122,6,1,0,3
CNP0039687.1,-9.3,1.2471254198771855,4.7407407407407405,2,764.4674295846307,4,128,6,2,1,7
CNP0039804.1,-8.2,1.576658092668562,5.125,3,882.5954078370715,5,164,6,4,2,8
CNP0039824.0,-8.7,1.3033133300208186,5.134615384615385,4,2303.051828650166,0,267,6,6,0,8
CNP0039873.1,-5.9,2.05287371363878,4.666666666666667,2,325.5309268541539,1,56,6,0,0,1
CNP0039902.3,-9.3,1.1779292902776377,5.0,3,991.4330304786176,6,165,6,3,1,7
CNP0040092.0,-5.8,3.0620603054720528,2.8421052631578947,0,236.1485447420009,0,54,0,1,0,3
CNP0040720.0,-8.6,1.577846714245788,4.666666666666667,0,857.392797996211,0,126,6,0,1,0
CNP0040847.0,-9.4,1.4196511414416944,5.136363636363637,4,516.7519793664627,7,113,6,1,0,5
CNP0040904.1,-5.9,4.255009011018657,3.0434782608695654,0,1560.461368202468,1,210,0,0,0,6
CNP0041086.0,-7.1,1.8857163702346624,4.541666666666667,0,689.1782945153301,0,109,6,2,1,3
CNP0041215.0,-7.7,1.5945175721180636,5.714285714285714,5,1547.5561265263766,13,280,6,2,5,12
CNP0041476.2,-9.5,1.4249999032129506,5.208333333333333,3,761.6919331105508,3,125,6,1,0,9
CNP0041656.1,-8.4,1.502259402240569,4.170212765957447,2,1235.349310895725,6,196,14,5,0,8
CNP0041811.1,-9.0,1.3788796701123005,4.818181818181818,2,874.6124776231497,4,159,6,3,3,6
CNP0041825.0,-5.6,2.014611886520823,4.6,2,155.33658100079688,1,46,6,0,0,2
CNP0041893.2,-8.7,1.830038272750608,6.631578947368421,4,449.42652819998335,7,126,6,3,4,4
CNP0041998.0,-5.3,2.2462894805289366,3.727272727272727,0,254.5530104153472,0,41,5,0,0,5
CNP0042093.2,-7.9,2.557555309539093,4.045454545454546,0,616.328046354227,2,89,6,2,1,7
CNP0042430.7,-9.2,1.3561042139657016,5.967741935483871,6,740.2942483612705,7,185,6,0,4,6
CNP0042519.0,-3.9,2.2571532373031413,3.571428571428572,0,122.14170945007628,0,25,5,0,0,1
CNP0042549.1,-8.827,1.4099141953781782,4.28125,3,944.459658567736,1,137,6,3,0,8
CNP0042724.1,-8.9,1.7412883068800975,4.16,0,652.4254253727765,4,104,6,4,0,7
CNP0043027.1,-10.3,1.2667355243733027,5.125,3,1081.0657180330982,4,164,7,2,0,9
CNP0043046.1,-10.4,1.0963255961030067,4.303030303030303,2,2160.289720918808,9,284,6,9,1,29
CNP0043047.1,-8.1,1.1216661615701082,4.321428571428571,0,1932.728904762591,1,242,6,4,1,8
CNP0043055.0,-9.7,1.4498943225054972,4.958333333333333,3,961.5029983077012,0,119,6,0,1,5
CNP0043063.3,-8.9,1.5447473581930893,5.65,3,639.8374015945898,4,113,6,0,0,5
CNP0043190.4,-9.3,1.3880484611210555,5.628571428571429,4,1362.3211539656877,3,197,6,0,1,7
CNP0043525.0,-5.4,2.013067242534106,3.4166666666666665,0,217.78511805929529,0,41,6,1,0,2
CNP0043579.2,-10.4,1.3442923930956592,5.620689655172414,4,760.7850441143318,6,163,6,0,3,4
CNP0043820.0,-9.279,1.4094657749922208,4.481481481481482,2,1140.2871589369074,0,121,6,2,0,9
CNP0043908.1,-10.64,1.194414120660498,5.0,3,1454.8187728296164,2,170,6,1,0,10
CNP0044739.2,-10.9,1.0060971918344352,5.090909090909091,4,1209.9822424422089,4,168,6,1,0,11
CNP0045065.1,-5.4,3.451696942311247,3.020833333333333,0,730.6891302906604,1,145,0,1,0,5
CNP0045315.1,-8.4,1.5604976556348749,4.254901960784314,2,1350.805910684551,8,217,14,7,0,10
CNP0045491.0,-8.7,1.521741618490318,4.739130434782608,2,746.5439021563146,0,109,6,0,0,3
CNP0045666.1,-5.8,4.027026214516297,3.109090909090909,0,1086.7507219358522,2,171,0,2,0,10
CNP0045771.1,-7.412,2.5228295380378905,3.5384615384615383,0,1493.8524146193704,8,230,6,7,0,18
CNP0045804.1,-8.6,2.019478772440862,4.137931034482759,0,617.9928146702146,2,120,6,3,0,9
CNP0045911.2,-9.6,1.3688885795281818,4.823529411764706,2,933.209879390147,7,164,6,3,1,6
CNP0045969.2,-8.4,2.1928245378905453,4.9,2,512.3569145468805,4,98,6,3,1,5
CNP0046037.1,-12.1,1.051392584155502,5.571428571428571,6,1531.1019271111904,3,234,6,1,1,8
CNP0046037.6,-11.7,1.051392584155502,5.571428571428571,6,1531.1019271111904,3,234,6,1,1,8
CNP0046080.0,-6.3,2.625358332036857,4.2727272727272725,0,272.11913671997195,0,47,6,2,0,5
CNP0046088.1,-9.0,0.8146789418794783,5.428571428571429,5,2820.0576936575894,39,532,6,18,6,32
CNP0046093.2,-8.423,1.6415921332355916,4.590909090909091,2,711.8343160600339,2,101,6,0,0,4
CNP0046095.1,-10.2,1.4295605863443153,4.711111111111111,2,1555.3213463288348,7,212,6,7,1,14
CNP0046362.1,-6.9,4.213451914761172,3.185185185185185,0,1237.330016526642,3,172,0,3,0,12
CNP0046365.0,-5.8,1.976774803192876,3.333333333333333,0,240.0006372810444,0,40,6,0,0,0
CNP0046471.1,-6.0,4.002976011859955,3.0869565217391304,0,721.8344708206454,2,142,0,2,0,9
CNP0046569.1,-11.2,1.1298483574718048,4.852941176470588,3,1272.7135464323287,2,165,6,2,0,9
CNP0046604.1,-9.7,1.2585893127781238,5.129032258064516,4,1190.825393878553,1,159,6,1,0,5
CNP0046725.0,-10.7,1.1317999319935237,5.0,4,1427.6092246923222,0,165,6,0,0,5
CNP0046745.0,-9.0,1.567699540394802,4.565217391304348,2,939.5399644106502,0,105,6,0,0,5
CNP0046972.2,-6.2,2.05287371363878,4.666666666666667,2,325.5309268541539,1,56,6,0,0,1
CNP0047142.0,-10.9,0.8858912860932181,5.781818181818182,11,2656.263245811986,2,318,6,0,0,11
CNP0047267.1,-9.9,1.20448352043595,4.7,0,839.2515169299319,4,141,6,3,0,11
CNP0047513.1,-9.1,1.5462185053584443,4.433333333333334,0,845.2138962086481,3,133,6,1,0,7
CNP0047610.0,-5.3,3.6313070871302338,3.0,0,191.98710676103488,1,36,0,3,0,6
CNP0047689.0,-9.7,1.2820841145660564,4.5625,0,1240.1821711066243,0,146,6,1,0,6
CNP0047724.0,-9.3,1.513626666412216,4.571428571428571,0,758.0427234732091,0,96,6,0,0,3
CNP0047817.1,-8.6,1.5154125496541109,4.7,3,1008.6654601258424,2,141,7,2,0,5
CNP0047925.3,-9.4,2.1559146212117946,4.785714285714286,0,549.5223901184353,10,134,6,7,2,9
CNP0047962.0,-7.1,1.9089633197272715,3.333333333333333,0,264.803025134135,0,60,6,4,0,6
CNP0047976.1,-7.194,2.191468746409268,4.24,0,543.1320644402932,3,106,6,2,1,5
CNP0048046.3,-9.3,1.8530235368631705,5.157894736842105,3,519.1674701935315,4,98,6,4,1,5
CNP0048216.0,-7.5,2.734422957796894,4.2,0,256.3477340423012,4,63,6,6,0,9
CNP0048311.0,-8.5,1.6561433375859151,5.55,4,820.4668521989827,0,111,6,0,0,4
CNP0048675.1,-9.6,1.318515217692876,5.054054054054054,3,1261.720566088008,5,187,6,4,2,9
CNP0048685.0,-9.6,1.2640959654581123,4.571428571428571,0,1077.267675910641,0,128,6,1,0,4
CNP0048804.3,-7.8,1.8683543508505112,4.315789473684211,0,383.9365734899626,3,82,6,1,1,1
CNP0048939.1,-5.5,4.002063905719645,3.1052631578947367,0,1118.726592587302,2,177,0,2,0,10
CNP0049064.1,-9.7,1.4196227311468184,6.096774193548387,5,757.8359071242834,9,189,6,0,5,2
CNP0049064.2,-10.7,1.4196227311468184,6.096774193548387,5,757.8359071242834,9,189,6,0,5,2
CNP0049205.4,-10.0,1.4765155357797983,6.166666666666667,6,1151.820584593502,2,185,6,0,2,6
CNP0049249.2,-9.6,1.3639204781367833,4.787878787878788,2,950.9564201408228,7,158,6,3,1,7
CNP0049268.1,-9.1,1.457597543836601,6.0,6,1219.008392364278,2,180,6,0,1,5
CNP0049410.1,-10.3,0.9221771721272418,4.986301369863014,9,2448.7033414318903,8,364,26,5,4,14
CNP0049465.0,-10.8,1.291250328887043,4.727272727272728,2,1363.5643138339374,0,156,6,1,0,7
CNP0049565.0,-9.1,1.4814553160164488,4.583333333333333,2,1417.7360077643298,0,165,6,1,0,7
CNP0049826.1,-7.8,2.038919725278437,4.409090909090909,0,649.9105718582401,1,97,6,1,0,6
CNP0050000.5,-8.7,1.711543306554255,4.892857142857143,2,601.5615181715294,10,137,6,4,0,7
CNP0050000.6,-9.3,1.711543306554255,4.892857142857143,2,601.5615181715294,10,137,6,4,0,7
CNP0050070.1,-10.18,1.4013248875162851,4.333333333333333,0,507.3254286956323,4,117,6,4,0,9
CNP0050332.0,-7.8,1.6832786561548885,4.15,0,646.0264902860007,0,83,6,0,0,4
CNP0050380.1,-9.912,1.192241026293492,4.90625,3,1204.4347885553996,2,157,7,2,0,7
CNP0050924.0,-7.0,2.004998302152942,4.2105263157894735,0,493.69009575878505,0,80,6,0,0,3
CNP0051078.1,-7.926,1.5732659669999176,4.476190476190476,0,649.433248389523,1,94,6,0,0,3
CNP0051078.2,-7.913,1.5732659669999176,4.476190476190476,0,649.433248389523,1,94,6,0,0,3
CNP0051348.0,-9.8,1.274085616229094,4.769230769230769,2,1034.114923029306,0,124,6,0,0,6
CNP0051443.0,-6.2,2.4803868043117863,3.9166666666666665,0,322.83394095677266,0,47,6,2,0,4
CNP0051560.1,-9.4,1.344543178547556,4.620689655172414,2,1013.525636009358,2,134,6,3,0,6
CNP0051777.1,-9.7,1.6590494489169472,4.4375,0,728.3886147145971,3,142,6,3,1,9
CNP0051900.4,-8.185,1.4570715810920931,4.473684210526316,2,614.1690084084106,1,85,6,0,0,2
CNP0051956.1,-9.8,1.2821882846117396,5.310344827586207,3,1229.1933471041634,2,154,6,0,0,7
CNP0052017.1,-6.3,4.087673388902312,3.5,0,295.19415478763744,3,56,0,0,1,6
CNP0052088.1,-9.9,1.3917469076391011,4.888888888888889,3,989.8018423903492,2,132,6,1,0,9
CNP0052293.1,-7.6,2.6472338535975792,3.565217391304348,0,1537.317323560977,8,246,6,8,0,22
CNP0052487.1,-7.6,3.4432625030959154,3.02,0,1096.5219479571422,1,151,0,1,0,5
CNP0052604.0,-7.2,2.702237574667504,4.2,0,270.3477340423012,5,63,6,6,0,9
CNP0052640.2,-9.8,1.2088840338753104,5.333333333333333,4,954.6155772224464,6,160,6,0,1,6
CNP0052710.1,-6.3,4.018033900507717,3.109090909090909,0,1217.1249337751149,2,171,0,2,0,10
CNP0052747.1,-6.6,4.224216099340973,3.150943396226415,0,1111.2007091950286,3,167,0,3,0,11
CNP0052751.1,-10.4,1.1076717556499711,4.848484848484849,2,1087.8457797974695,4,160,6,1,0,10
CNP0052759.5,-8.1,1.3989938648513272,5.444444444444445,5,1533.1757945483191,4,245,6,0,1,10
CNP0052779.1,-8.5,1.663775663950895,4.777777777777778,2,562.5283480249915,2,86,6,1,0,2
CNP0052910.2,-6.2,2.0731144696314727,5.0,2,315.614660007899,1,60,6,1,1,2
CNP0052993.1,-7.8,2.688330582744225,4.052631578947368,0,437.2429018812738,2,77,6,2,2,5
CNP0053101.5,-10.4,1.455929683830136,6.0,6,1151.9550488805469,2,174,6,0,1,4
CNP0053101.9,-10.5,1.455929683830136,6.0,6,1151.9550488805469,2,174,6,0,1,4
CNP0053161.3,-8.6,1.7638620906540816,5.038461538461538,2,650.7868775893292,5,131,6,1,2,5
CNP0053394.0,-6.8,2.70075307412848,4.307692307692308,0,380.6323805179054,0,56,6,2,0,7
CNP0053506.4,-7.9,1.7704247369860693,5.142857142857143,3,610.279647810753,3,108,6,0,1,4
CNP0053580.0,-8.952,1.4543783665473136,4.925925925925926,3,1167.7958166799406,0,133,6,1,0,6
CNP0054056.1,-10.4,1.1981020925311678,5.0,3,951.4201390450596,2,145,6,1,0,7
CNP0054237.0,-9.2,1.492570692057931,4.75,2,1289.788576962672,0,152,6,1,0,7
CNP0054381.1,-10.66,1.394145948049351,5.135135135135135,3,1118.0000989339992,6,190,6,0,3,5
CNP0054414.1,-7.0,4.006102705167263,3.1052631578947367,0,1249.681620361422,2,177,0,2,0,10
CNP0054498.4,-6.2,2.910402907524767,4.846153846153846,0,188.52930028753187,3,63,5,2,2,2
CNP0054517.1,-8.7,1.7694628744293883,3.945652173913044,0,2025.6533742500417,28,363,6,22,0,25
CNP0054517.2,-8.7,1.7694628744293883,3.945652173913044,0,2025.6533742500417,28,363,6,22,0,25
CNP0054534.1,-7.9,1.537343564915293,4.941176470588236,3,1027.2247074639783,5,168,6,5,2,8
CNP0054557.1,-8.3,2.098872245266489,4.057142857142857,2,2036.956450039013,9,284,25,13,0,25
CNP0054589.1,-10.1,1.3400369342046112,4.266666666666667,0,707.1981805210927,4,128,6,4,0,9
CNP0054629.6,-10.5,1.3703472225378757,5.933333333333334,6,1165.458180592747,2,178,6,0,1,4
CNP0054658.2,-9.4,1.5608579004273198,5.513513513513513,4,1248.4989528605277,5,204,6,0,3,8
CNP0054739.4,-8.5,1.9524873365642024,4.166666666666667,0,705.9787344930454,6,125,6,5,1,10
CNP0054836.0,-6.9,1.7867235756040138,4.166666666666667,0,531.9819493955082,0,75,6,0,0,4
CNP0054973.0,-4.4,2.758149818433293,2.5384615384615383,0,122.0,0,33,0,0,0,0
CNP0055020.1,-6.489,1.9082620723079284,4.25,0,442.8522850213135,1,68,6,0,0,2
CNP0055109.1,-6.7,2.2678251780192835,4.714285714285714,2,564.6442655390649,3,99,6,0,0,8
CNP0055109.4,-6.4,2.2678251780192835,4.714285714285714,2,564.6442655390649,3,99,6,0,0,8
CNP0055236.3,-7.8,2.2361700813240226,4.548387096774194,2,798.8032887543076,6,141,6,2,1,9
CNP0055268.3,-8.9,1.8026843583731609,4.75,3,970.36819740461,2,133,6,0,1,7
CNP0055508.2,-9.9,1.449296472572111,6.041666666666667,5,566.186053116426,6,145,6,0,3,3
CNP0055536.1,-8.8,0.6986824482451163,5.267857142857143,15,8717.453429231455,15,885,26,36,0,66
CNP0055750.1,-8.7,1.6739072563924682,4.739130434782608,2,738.1869584038096,1,109,6,0,0,5
CNP0055844.6,-11.2,1.0665104589635088,5.6923076923076925,7,1323.3159467073456,7,222,6,1,3,6
CNP0056040.2,-9.2,1.647690560860941,4.7,3,724.5465377363961,6,141,6,3,1,7
CNP0056072.6,-6.7,3.130314561125617,4.153846153846154,0,502.1161041315076,6,108,6,1,0,7
CNP0056084.0,-8.8,1.6803497249393469,4.833333333333333,3,809.4187198130478,3,116,6,8,0,14
CNP0056273.1,-6.6,2.214070077536886,3.874015748031496,0,2595.465966054945,24,492,6,2,6,7
CNP0056273.2,-6.9,2.214070077536886,3.874015748031496,0,2595.465966054945,24,492,6,2,6,7
CNP0056273.3,-6.3,2.214070077536886,3.874015748031496,0,2595.465966054945,24,492,6,2,6,7
CNP0056467.2,-11.2,0.6800513175201881,5.119565217391305,4,2474.303312922652,34,471,6,8,3,26
CNP0056660.1,-5.9,4.262165162840505,3.0491803278688523,0,904.7596185508456,1,186,0,0,0,6
CNP0056799.0,-6.213,2.397526191825614,3.8461538461538463,0,317.6464034755272,1,50,6,2,0,4
CNP0056804.1,-9.4,1.212107662515181,4.791666666666667,2,839.4639897161609,1,115,6,1,0,5
CNP0057282.1,-6.5,2.099954198745065,4.285714285714286,0,489.5552729309231,2,90,6,2,0,5
CNP0057386.0,-10.1,1.2971343280219434,4.727272727272728,2,1262.4922164151826,0,156,6,0,0,8
CNP0057415.1,-10.1,1.325896089979444,4.862068965517241,3,1090.0307293038738,2,141,6,0,0,7
CNP0057421.3,-5.6,3.008366074072746,4.6,0,344.9873093298138,3,69,6,0,1,4
CNP0057428.1,-10.2,1.5317532092055703,4.28125,0,797.3293507359598,2,137,7,1,0,8
CNP0057466.0,-9.0,1.5407597602024052,4.538461538461538,2,1016.5754399067616,0,118,6,0,0,5
CNP0057950.0,-5.4,2.2198339546433736,3.583333333333333,0,160.38196255841365,1,43,6,0,0,4
CNP0058009.0,-6.9,1.7861803243157666,4.1875,0,465.6137396214057,0,67,6,1,0,3
CNP0058271.1,-7.9,1.8625669496067128,4.16,0,644.8550499948211,3,104,6,0,0,4
CNP0058565.1,-9.9,1.2181063366391065,5.588235294117647,6,1230.7177612850417,2,190,6,0,1,4
CNP0058565.5,-10.3,1.2181063366391065,5.588235294117647,6,1230.7177612850417,2,190,6,0,1,4
CNP0058565.7,-9.9,1.2181063366391065,5.588235294117647,6,1230.7177612850417,2,190,6,0,1,4
CNP0058565.8,-10.1,1.2181063366391065,5.588235294117647,6,1230.7177612850417,2,190,6,0,1,4
CNP0058643.2,-8.1,0.790155865358395,5.457943925233645,5,3119.804133492752,42,584,6,22,7,38
CNP0058809.1,-10.18,1.219503619015605,5.0606060606060606,2,1320.4294782438872,4,167,6,1,0,12
CNP0058972.1,-7.493,2.573526358992304,3.5737704918032787,0,1248.72913200524,8,218,6,7,0,18
CNP0059050.0,-9.1,1.6184326354835046,5.695652173913044,4,553.0900403126913,7,131,6,1,2,3
CNP0059095.0,-8.9,1.5593112285440354,5.5,4,576.7809963203815,4,110,6,1,1,2
CNP0059353.0,-7.4,1.494620868809077,3.772727272727273,0,568.9726260550095,0,83,6,1,0,5
CNP0059544.4,-8.5,1.33905803942052,5.892857142857143,5,650.6477265296508,9,165,6,0,3,1
CNP0059557.0,-7.337,1.6938102421288717,4.761904761904762,2,841.0150579823135,0,100,6,0,0,5
CNP0059687.2,-7.5,2.025881036397808,6.125,3,308.55681230985857,6,98,6,1,2,1
CNP0059744.8,-9.2,1.283598489046406,5.642857142857143,5,1554.926288336592,4,237,6,0,1,8
CNP0059757.1,-9.622,1.357156923554671,5.233333333333333,3,1320.3978683975022,2,157,6,0,0,8
CNP0059823.1,-10.2,1.6592736839191982,4.689655172413793,2,591.9171337461537,7,136,6,4,1,6
CNP0059872.1,-7.61,2.5185542530470624,3.5384615384615383,0,1359.1594697729445,8,230,6,7,0,18
CNP0059988.1,-8.3,1.5053751785416536,5.4,4,495.5300395595005,2,81,6,0,0,1
CNP0060048.2,-8.8,1.5710491438330618,4.64,3,756.4063908155239,2,116,6,3,0,6
CNP0060192.1,-8.0,1.4373561118123093,4.689655172413793,2,1023.693934059527,1,136,7,1,0,4
CNP0060415.8,-9.2,2.3450942598092053,4.966666666666667,0,617.5982951606197,8,149,6,6,3,9
CNP0060538.1,-9.2,1.445402234863101,6.0,6,1181.9893098791174,2,192,6,0,2,6
CNP0060538.3,-9.0,1.445402234863101,6.0,6,1181.9893098791174,2,192,6,0,2,6
CNP0060543.1,-9.569,1.3602484971767477,5.193548387096774,3,1356.8071702332688,2,161,6,0,0,7
CNP0060686.2,-8.3,1.4458434000364613,4.6,3,337.8817054741494,4,92,6,1,0,3
CNP0060736.1,-10.4,1.2501761838442675,4.71875,0,1120.95819805037,2,151,6,2,1,5
CNP0060903.1,-10.7,0.7809484065022841,5.463917525773196,5,2752.9325880139268,40,530,6,20,6,33
CNP0060924.2,-9.6,1.5143544311050978,4.242424242424242,0,895.3197841888842,6,140,6,5,0,10
CNP0061060.1,-5.3,1.9383302160683225,4.777777777777778,2,225.23484899951492,1,43,6,0,0,0
CNP0061174.3,-7.0,2.540004186869114,3.7,0,429.2989564991552,2,74,6,2,0,8
CNP0061226.1,-6.7,4.173971480490498,3.130434782608696,0,738.7934213997216,2,144,0,2,0,10
CNP0061271.1,-7.1,2.036079647732789,5.117647058823529,2,320.883509367128,5,87,5,2,2,2
CNP0061313.0,-9.8,1.466544458414624,6.25,5,626.5733968704452,8,150,6,0,3,3
CNP0061523.1,-6.1,3.44210456012796,3.02,0,1010.5054801467728,1,151,0,1,0,5
CNP0061559.2,-9.826,1.4009496667446744,5.578947368421052,2,1622.5071987716456,3,212,6,0,2,1
CNP0061585.1,-8.8,1.2848950876595702,4.75,3,1001.0344118761312,1,133,6,1,0,8
CNP0061951.8,-8.6,1.1296107068280046,5.369565217391305,5,1584.7831758682282,4,247,6,0,1,8
CNP0062082.1,-7.7,1.7861155297060631,5.0,2,448.0967708455855,5,95,6,2,0,6
CNP0062267.7,-10.8,1.4421610847788608,5.966666666666667,6,1219.008392364278,2,179,6,0,1,5
CNP0062531.2,-9.5,1.4483279720411364,5.967741935483871,6,1270.1241862208635,2,185,6,0,1,6
CNP0062531.7,-9.4,1.4483279720411364,5.967741935483871,6,1270.1241862208635,2,185,6,0,1,6
CNP0062544.0,-9.6,1.6431360022110768,4.233333333333333,4,846.5726969392572,0,127,20,4,0,4
CNP0062558.2,-9.7,1.3865059670774966,4.774193548387097,2,924.8643895044326,3,148,6,1,0,6
CNP0062596.1,-10.1,1.16489253630741,5.0,3,1075.257335215177,2,145,6,0,0,6
CNP0062606.1,-7.8,1.6831930231973988,3.933333333333333,3,2068.336904485178,13,295,43,4,0,17
CNP0062606.2,-8.1,1.6831930231973988,3.933333333333333,3,2068.336904485178,13,295,43,4,0,17
CNP0062620.3,-9.1,1.5574605328069098,5.1875,4,1124.112635140484,2,166,6,3,1,6
CNP0062709.1,-10.5,1.2569148318828416,4.628571428571429,3,1214.223091772563,1,162,6,2,1,9
CNP0062884.1,-8.8,2.005581636100448,4.045454545454546,2,548.2632921734042,1,89,14,2,0,4
CNP0063035.1,-8.9,1.375949639739725,4.758620689655173,2,892.7439395829218,3,138,6,2,0,5
CNP0063115.1,-8.7,1.6040886894483704,5.8,4,655.9843913611837,8,145,6,2,4,2
CNP0063179.1,-10.32,1.3474208070093183,5.161290322580645,3,1356.8071702332688,2,160,6,0,0,7
CNP0063296.1,-8.318,1.50594870119308,3.870967741935484,0,931.0926996471836,1,120,6,2,0,8
CNP0063372.1,-9.5,1.5447260587341876,3.947368421052632,0,1515.6276658278343,17,300,6,12,0,20
CNP0063560.2,-12.2,0.8539188461246294,5.221374045801527,5,4202.646712948518,42,684,6,20,8,44
CNP0063722.1,-9.9,1.4676717555392964,4.642857142857143,4,1504.8767155690796,4,195,14,2,0,8
CNP0063957.0,-9.4,1.2804891345963614,4.666666666666667,0,1274.418897625422,0,154,6,1,0,6
CNP0063986.1,-10.1,1.3029151487080426,5.621621621621622,5,904.9392545316798,11,208,6,0,4,2
CNP0064219.0,-10.5,1.3312952006404566,4.851851851851852,2,1191.564182893412,0,131,6,0,0,6
CNP0064374.1,-7.2,1.891923397740664,4.666666666666667,2,368.0027448762751,4,84,5,1,0,5
CNP0064411.2,-8.3,1.6387133716198372,4.857142857142857,2,399.4964591314771,6,102,7,0,0,4
CNP0064469.3,-6.7,2.7304578544674083,4.357142857142857,0,222.3616189347681,3,61,6,1,1,2
CNP0064522.1,-8.243,1.6555096629091142,4.681818181818182,2,739.8160584983756,2,103,6,0,0,4
CNP0064578.1,-10.4,1.1968865951212706,4.633333333333334,2,890.0295522656487,4,139,6,2,0,9
CNP0064627.0,-8.5,1.6673372053665076,4.761904761904762,2,834.5281896810578,0,100,6,0,0,4
CNP0064660.1,-7.3,4.018033900507717,3.109090909090909,0,959.1641984834024,2,171,0,2,0,10
CNP0064725.0,-6.4,3.273707698132596,3.034482758620689,0,461.9459620393582,0,88,0,2,0,8
CNP0065128.1,-7.2,1.814042208775548,4.875,2,827.0312796532463,1,117,6,0,0,9
CNP0065261.0,-7.6,1.775053846952907,4.666666666666667,0,852.5001712592805,0,112,6,1,0,5
CNP0065522.0,-9.2,1.4052147604021044,4.71875,2,1289.7885769626716,0,151,6,0,0,7
CNP0065752.0,-9.8,1.6013753147047027,5.5,4,608.7601063032595,6,132,6,1,2,4
CNP0065941.1,-8.4,1.7404281028998292,5.5,2,403.32002309721696,2,99,6,0,2,2
CNP0065954.0,-9.7,1.5718292823186015,5.435897435897436,4,1432.2470152872647,7,212,6,6,1,12
CNP0066002.1,-8.8,0.8449022244739813,5.228346456692913,5,4058.756917632657,42,664,6,20,8,42
CNP0066168.1,-10.2,1.2253092317807537,5.037037037037037,3,1021.6573789429808,1,136,6,0,0,5
CNP0066357.1,-5.9,4.018033900507719,3.109090909090909,0,1086.7507219358522,2,171,0,2,0,10
CNP0066375.1,-7.3,1.784953372468815,4.368421052631579,3,301.1240584919392,4,83,6,1,0,3
CNP0066448.0,-5.7,3.980941219864104,3.3076923076923075,0,221.79952572597043,0,43,0,0,1,3
CNP0066511.3,-9.3,1.3410569317044614,5.535714285714286,4,850.4436084756483,6,155,6,1,2,2
CNP0066984.0,-5.6,2.4464306229984385,3.909090909090909,0,218.37813497601377,0,43,6,1,0,1
CNP0067014.1,-7.8,1.8310288966933408,4.567567567567568,0,1025.1327090423963,10,169,6,8,0,17
CNP0067129.1,-9.4,1.521412046866031,4.634146341463414,0,1565.528084069325,2,190,6,1,0,13
CNP0067194.5,-11.1,1.3848463761803889,5.818181818181818,6,1278.2338647680697,2,192,6,0,1,5
CNP0067194.9,-10.6,1.3848463761803889,5.818181818181818,6,1278.2338647680697,2,192,6,0,1,5
CNP0067626.0,-7.0,1.7843348195578583,4.083333333333333,2,678.8382344002129,0,98,6,1,0,3
CNP0067697.1,-7.3,2.760780545981344,3.92,0,528.0511052930486,2,98,5,3,0,10
CNP0067708.2,-8.9,1.581759154576451,5.375,6,1588.4966211293545,2,172,6,0,0,5
CNP0067708.3,-9.0,1.581759154576451,5.375,6,1588.4966211293545,2,172,6,0,0,5
CNP0067947.1,-11.2,1.3286050019642253,4.53125,2,950.1740840329396,3,145,7,2,0,7
CNP0068101.1,-10.2,1.409291430758699,4.866666666666666,2,781.1606492903014,7,146,6,3,1,6
CNP0068147.6,-10.5,1.3606202371137446,5.857142857142857,6,1037.776560967186,2,164,6,0,0,4
CNP0068165.5,-10.6,1.3703472225378757,5.933333333333334,6,1171.5732085200475,2,178,6,0,1,5
CNP0068384.1,-10.2,1.4030162283417795,5.0,3,1028.6064903614526,2,140,6,0,0,7
CNP0068441.2,-9.0,1.652577020327571,5.8,4,547.3904217014153,9,145,6,3,4,3
CNP0068515.1,-9.1,1.3540603055451943,5.5625,3,1082.010655598148,3,178,6,0,3,6
CNP0068555.1,-9.6,1.5129965526393874,5.257142857142857,2,825.6400994297665,10,184,6,5,3,9
CNP0069222.3,-7.8,1.9438135038920683,4.333333333333333,0,393.3309360215548,3,78,6,0,0,1
CNP0069230.3,-9.9,1.4269641897337746,4.323529411764706,0,1234.729559720341,1,147,6,4,0,7
CNP0069230.4,-9.7,1.4269641897337746,4.323529411764706,0,1234.729559720341,1,147,6,4,0,7
CNP0069251.1,-8.7,1.3492157132401166,5.315789473684211,3,499.9851476824212,2,101,6,0,1,3
CNP0069508.4,-9.2,1.5314235125106692,5.4,4,472.71607363144096,8,135,6,1,2,1
CNP0069526.2,-11.47,1.4435394215922417,4.931034482758621,3,1037.276760001114,1,143,7,2,0,9
CNP0069539.1,-8.9,1.6648295059957383,5.260869565217392,4,710.9235896715849,3,121,11,0,1,5
CNP0069634.0,-10.5,1.2703204010126583,4.741935483870968,2,1387.0670175225966,0,147,6,0,0,8
CNP0069772.1,-9.6,1.292061544428582,5.517241379310345,4,995.3445551004748,6,160,6,1,1,7
CNP0069775.1,-7.3,2.618871699546884,3.565217391304348,0,1674.6107441772988,8,246,6,8,0,22
CNP0069800.4,-7.0,3.209279429112247,2.9565217391304346,0,405.8647361628194,1,68,0,2,0,3
CNP0069961.2,-10.5,0.8413490383342083,5.214876033057851,5,3872.67326869735,37,631,6,18,8,40
CNP0070022.1,-10.2,1.53776134705772,6.035714285714286,5,832.7718553536066,6,169,6,3,3,5
CNP0070050.1,-7.8,1.7988703685150755,5.117647058823529,2,583.4839909032629,1,87,6,1,1,1
CNP0070050.2,-8.0,1.7988703685150755,5.117647058823529,2,583.4839909032629,1,87,6,1,1,1
CNP0070239.1,-8.7,1.3376690189405291,5.214285714285714,5,1084.1673989332137,2,146,6,0,0,6
CNP0070285.1,-9.1,1.5006436392014466,5.363636363636363,3,1212.7530482520942,2,177,7,0,1,6
CNP0070285.2,-9.6,1.5006436392014466,5.363636363636363,3,1212.7530482520942,2,177,7,0,1,6
CNP0070285.4,-10.2,1.5006436392014466,5.363636363636363,3,1212.7530482520942,2,177,7,0,1,6
CNP0070312.2,-8.6,0.8566279649817536,5.336633663366337,5,3168.50572805136,35,539,6,15,6,31
CNP0070421.1,-8.4,1.7850571111165847,5.789473684210527,5,1123.082639916854,9,220,6,0,5,9
CNP0070484.1,-7.2,2.298560863289718,4.807692307692308,2,540.5195263881087,4,125,6,3,3,5
CNP0070538.2,-9.9,1.4581726337957148,4.9,3,1462.699788874236,3,196,7,1,0,7
CNP0070596.1,-8.5,1.3303497053744169,4.709677419354839,0,852.6909490083807,4,146,6,3,0,9
CNP0070652.1,-9.9,1.2534660133901512,5.714285714285714,6,1214.2633658790642,2,200,6,0,2,6
CNP0070652.5,-9.9,1.2534660133901512,5.714285714285714,6,1214.2633658790642,2,200,6,0,2,6
CNP0070768.2,-10.7,1.2744522608174502,5.28125,4,920.6198800302816,7,169,6,0,2,4
CNP0070925.1,-9.7,1.2681920232393225,4.730769230769231,2,637.0075095450143,4,123,6,3,0,8
CNP0070934.2,-7.0,1.7808831119404722,4.739130434782608,0,682.2739939916448,3,109,6,1,0,6
CNP0071200.1,-8.5,1.4132120899864795,5.333333333333333,4,625.6126733798978,2,96,6,1,0,4
CNP0071387.1,-9.7,1.6038423222394462,6.5,5,616.7601063032595,8,156,6,3,4,4
CNP0071432.1,-10.6,1.4072336213203755,5.571428571428571,5,1160.2428671543476,7,195,6,3,3,7
CNP0071439.1,-9.5,1.4923506723019382,5.617647058823529,5,1169.212444245724,3,191,6,3,4,8
CNP0071481.1,-10.6,1.1840580889910273,5.771428571428571,7,1771.1299133387784,2,202,6,4,1,10
CNP0071482.1,-10.6,1.1328556214100818,5.742857142857143,7,1754.2081300545074,3,201,6,4,0,10
CNP0071560.1,-10.9,1.7050765858407748,6.372093023255814,6,1536.0901943273752,9,274,6,0,7,12
CNP0071585.0,-8.4,1.9568218202227323,5.2,3,700.8750738452064,5,130,6,0,1,5
CNP0071658.1,-7.0,1.2824182360641696,4.337349397590361,0,2407.8380177318554,17,360,7,6,0,28
CNP0071704.1,-8.0,2.632016292858686,3.829268292682927,0,2404.5473744508568,8,314,28,14,0,29
CNP0071751.1,-9.2,2.361522790675759,3.9,0,1255.195309839412,6,195,19,5,0,12
CNP0071843.1,-6.4,2.341797844859686,5.538461538461538,2,316.051968530824,2,72,5,0,2,2
CNP0071867.2,-9.1,2.073881219263685,5.708333333333333,3,660.5499997343412,6,137,6,3,4,4
CNP0071915.1,-10.1,1.6618790173732163,5.3,4,1147.6219006860576,10,212,6,4,3,10
CNP0072003.1,-10.3,1.4971927340830404,4.965517241379311,2,1061.2785134152134,4,144,6,3,0,5
CNP0072123.1,-8.1,1.859358809735691,6.304347826086956,4,521.0161755466456,9,145,6,3,4,3
CNP0072214.1,-6.5,3.012849590051129,4.380952380952381,0,443.706461090514,2,92,5,2,1,4
CNP0072320.2,-10.5,1.285111554444072,5.857142857142857,7,1732.5265789157058,5,246,7,4,2,11
CNP0072364.1,-9.5,1.3999594681379075,4.3,0,872.2519796259412,2,129,6,1,0,7
CNP0072557.1,-11.4,1.1591997292042295,6.047619047619048,7,1589.253979526177,7,254,6,2,6,9
CNP0072568.1,-12.7,0.9700388914224808,5.26530612244898,4,1776.9252416054674,11,258,6,5,0,12
CNP0072883.1,-9.5,1.7075377258371995,4.3,2,2606.21385228963,11,344,24,10,0,22
CNP0073045.2,-7.4,2.4265170964461835,3.953488372093023,2,2195.8172633776003,22,340,34,14,1,24
CNP0073057.1,-8.8,1.5703489767830672,5.206896551724138,4,713.4650838675398,9,151,8,1,2,3
CNP0073073.1,-9.0,1.7694012910956791,6.095238095238095,4,516.7967253611622,7,128,6,2,4,5
CNP0073169.1,-10.3,1.6132124370692396,5.473684210526316,5,1188.2468704210191,11,208,13,3,2,6
CNP0073199.2,-8.7,1.7881564094244555,6.482758620689655,6,864.013184320267,10,188,8,5,4,9
CNP0073307.1,-10.6,1.2087749565992385,5.96969696969697,7,1444.2853808970344,3,197,6,3,2,9
CNP0073332.2,-9.5,1.4831510052444463,4.64,2,1149.8447088056846,18,232,16,4,1,14
CNP0073394.1,-7.8,2.161871639951529,5.5,3,973.1531606567876,2,154,6,3,2,8
CNP0073752.1,-9.1,1.5648002980977225,4.486486486486487,0,938.7258901199924,8,166,6,6,0,13
CNP0073765.0,-4.0,2.0939105154408764,3.5,0,77.61727061434749,1,21,3,1,0,2
CNP0073786.4,-8.6,1.0979829514271462,4.6,0,3391.049760225976,28,506,6,19,3,41
CNP0073881.1,-8.4,2.1127901305044885,5.148148148148148,3,707.1013384214153,6,139,9,3,1,5
CNP0074004.1,-9.3,1.365668578049267,5.543478260869565,5,1804.2951648607327,4,255,6,4,2,14
CNP0074021.1,-9.419,1.682382697356077,5.636363636363637,6,2102.476098704663,10,310,6,8,6,13
CNP0074114.1,-12.1,0.9802401440340834,5.621212121212121,7,2781.747591928479,15,371,6,7,2,17
CNP0074128.1,-9.2,1.8528832106935336,5.0,3,1255.4897642817612,2,175,6,4,1,11
CNP0074166.0,-9.1,1.481064177569679,5.166666666666667,2,1396.6523584777644,0,155,6,1,0,4
CNP0074234.0,-7.4,1.7343690448828435,4.111111111111111,0,422.5018200090825,0,74,6,2,0,3
CNP0074262.2,-10.7,1.2563978517574403,5.976190476190476,7,2292.054686018488,6,251,6,3,1,11
CNP0074309.1,-9.5,1.3031282507579034,5.666666666666667,5,1258.646793624917,8,221,6,1,4,8
CNP0074418.1,-9.4,1.5764157522675182,5.15625,4,722.4449089146086,9,165,6,0,2,5
CNP0074499.1,-10.7,1.4492976358341183,5.363636363636363,4,1033.4516367228557,5,177,6,2,2,4
CNP0074536.3,-9.0,1.6638743491673016,5.7727272727272725,4,652.618395327054,5,127,6,0,2,2
CNP0074628.1,-9.7,1.3346218428703722,4.96875,2,1392.2855500322175,1,159,6,0,0,6
CNP0074658.1,-9.9,1.4236553848968048,4.3478260869565215,0,1262.813048025899,10,200,6,12,0,16
CNP0074697.1,-10.8,2.178030264089404,3.868131868131868,0,2557.1715894781337,11,352,21,18,0,31
CNP0074736.1,-7.7,2.6430804607737057,3.939393939393939,0,734.1794795808794,7,130,6,8,0,15
CNP0074871.1,-9.4,1.6315384163119906,4.405797101449275,3,1940.3953273371296,15,304,29,2,1,16
CNP0075224.1,-8.316,1.671966515696068,4.826086956521739,2,686.1272434905159,4,111,6,1,0,3
CNP0075274.1,-8.6,1.531467444102626,4.695652173913044,2,591.0652983634922,4,108,5,2,0,10
CNP0075297.2,-7.9,2.5883866462774208,4.514285714285714,2,942.8279250780852,6,158,12,0,2,8
CNP0075330.2,-8.6,1.719853400173167,5.0,2,574.764182871308,4,115,6,1,2,2
CNP0075364.1,-6.7,2.545007075542573,3.75,0,262.60851670109804,3,60,10,1,0,1
CNP0075413.1,-8.8,1.5702478914396845,5.407407407407407,4,722.3412377955274,8,146,6,2,2,2
CNP0075414.1,-8.772,1.3376653056771357,5.375,6,1835.7989947522988,2,215,16,3,0,7
CNP0075458.1,-12.3,1.000455710805913,5.608695652173913,5,1888.6856696611155,25,387,6,12,7,20
CNP0075480.1,-10.98,1.1138216395753997,5.478260869565218,4,1119.6870225108669,18,252,6,7,3,12
CNP0075539.1,-10.3,1.2558927022032091,5.28,7,1518.11233629895,12,264,13,0,4,12
CNP0075567.0,-9.3,1.844254275131984,4.925925925925926,3,996.46191700374,0,133,6,2,0,6
CNP0075666.0,-9.1,1.7720596909999566,5.08,2,1051.528854031203,0,127,6,2,0,9
CNP0075713.1,-8.0,2.282573793232633,5.052631578947368,2,509.6024176617198,2,96,6,4,1,4
CNP0075733.0,-9.1,1.0977480251554037,4.931818181818182,4,1653.9423343647434,2,217,6,3,0,8
CNP0075737.0,-9.3,1.5100515136653574,4.862068965517241,2,1349.5601739703825,0,141,6,0,0,6
CNP0075768.1,-10.2,1.449831199228328,5.931034482758621,4,790.2375645587604,9,172,6,3,3,6
CNP0075795.1,-10.3,1.529678943742434,5.125,2,1213.0946553423582,5,164,6,6,0,9
CNP0075805.2,-8.5,1.4873962684309885,5.08,5,678.4287507792556,6,127,6,2,0,5
CNP0075834.5,-8.5,1.904561744464126,5.148148148148148,2,780.2936494116552,5,139,6,2,2,7
CNP0075834.9,-8.2,1.904561744464126,5.148148148148148,2,780.2936494116552,5,139,6,2,2,7
CNP0075843.3,-7.1,2.0374359696286257,4.6,2,332.724735504612,2,69,6,2,0,4
CNP0075843.4,-7.0,2.0374359696286257,4.6,2,332.724735504612,2,69,6,2,0,4
CNP0075963.0,-9.1,1.7412778829453557,5.25,2,898.8673782263857,1,126,6,3,1,6
CNP0075964.0,-6.4,2.5185602366664246,4.0,0,172.07437636846674,3,56,6,1,1,1
CNP0076109.1,-11.9,0.781406617820683,5.422680412371134,5,2777.681848969421,37,526,6,18,6,32
CNP0076119.1,-7.5,1.7915932198539088,6.0,4,579.9610193700053,6,138,6,2,3,5
CNP0076255.1,-8.7,1.658628267129097,5.096774193548387,2,1184.729385593846,5,158,6,7,0,10
CNP0076347.1,-9.6,1.5816137749783372,5.972972972972973,5,990.1826600444622,11,221,6,4,6,6
CNP0076437.0,-4.4,3.074373412065184,2.625,0,92.55994821726516,0,21,0,1,0,1
CNP0076475.0,-4.0,2.678257743164726,2.2857142857142856,0,102.64778179757931,0,16,0,1,0,2
CNP0076510.1,-6.4,1.9795558828132909,3.5416666666666665,0,2717.6391059808534,7,340,6,5,0,10
CNP0076532.2,-9.0,1.655817898333588,7.0,6,946.0887689870692,9,203,5,2,4,9
CNP0076634.1,-7.1,2.027418470645396,6.133333333333334,3,324.9300118776579,4,92,5,0,2,0
CNP0076638.1,-9.9,0.804034983742292,5.340740740740741,12,6728.246097416652,12,721,14,27,2,53
CNP0076924.0,-9.995,1.7124065431181736,4.6875,2,1256.2363959898946,0,150,6,5,1,7
CNP0077009.0,-10.26,1.442533857740227,5.088888888888889,4,1576.9549288795238,7,229,12,11,0,18
CNP0077048.1,-8.5,1.840386214911026,5.388888888888889,3,513.8317556473683,4,97,6,0,1,3
CNP0077058.1,-11.0,1.2512357987258445,5.851851851851852,6,1022.062393214634,2,158,6,1,1,6
CNP0077278.0,-7.4,1.6251292139793012,4.5,0,776.5601099163632,0,99,6,0,0,5
CNP0077519.1,-9.9,1.484481518246488,4.307692307692308,2,1103.929539437116,5,168,16,2,1,9
CNP0077616.1,-8.8,1.7459915150609588,4.464285714285714,2,2164.220994461564,5,250,6,0,0,19
CNP0077636.1,-8.2,3.017050793265338,3.724137931034482,0,670.7585038017532,3,108,14,1,0,5
CNP0077696.1,-8.6,1.483704709523653,6.194444444444445,5,1142.10307501691,10,223,6,1,5,9
CNP0077721.1,-7.8,1.81356053623336,4.958333333333333,3,527.7318901772584,5,119,13,1,3,4
CNP0077747.1,-7.0,2.860403639998184,4.291666666666667,0,455.04542662864935,5,103,6,2,3,4
CNP0077771.0,-7.0,1.6815096556764304,5.130434782608695,2,1891.927701103426,0,236,6,2,0,10
CNP0077963.0,-7.313,2.024306434993488,4.470588235294118,2,598.126331136637,0,76,6,1,0,4
CNP0077991.0,-8.4,1.7659970549523394,4.372549019607843,2,1701.8301139411874,7,223,9,0,0,11
CNP0078097.0,-9.3,1.162332808986715,5.172413793103448,6,1053.1050825349182,0,150,6,3,1,7
CNP0078149.0,-6.4,2.9681670171711803,2.8181818181818183,0,455.29753028169387,0,62,0,0,0,3
CNP0078255.1,-7.7,2.0321893932875064,4.575,2,1351.8295106933442,2,183,6,2,0,7
CNP0078259.1,-8.038,1.5749857486229384,3.962962962962963,0,683.6025343811773,2,107,6,2,0,5
CNP0078330.0,-7.6,1.981377453907594,4.363636363636363,2,481.9357123819439,5,96,6,0,1,2
CNP0078476.1,-10.3,1.4808012582114225,4.649122807017544,5,2052.010377927776,6,265,18,4,0,16
CNP0078519.0,-6.3,1.7616255066046675,5.076923076923077,3,416.68658538234826,0,66,6,0,0,1
CNP0078712.1,-9.3,1.662559651171985,5.088235294117647,3,963.1556335834912,8,173,12,2,3,8
CNP0078830.1,-8.6,1.7727695318055825,6.136363636363637,4,613.1967839459282,4,135,6,1,4,2
CNP0078873.1,-6.2,2.716336200121152,4.1875,0,383.9506740349077,2,67,5,1,0,7
CNP0078903.0,-8.7,1.6561845027340425,4.375,4,759.9534707360501,1,105,15,2,0,4
CNP0078921.0,-8.1,1.9330469075333407,5.318181818181818,3,534.7983854216602,5,117,6,0,2,3
CNP0375601.2,-8.6,1.5837465736690413,5.487804878048781,4,1084.9437381592577,15,225,6,3,3,7
CNP0375802.0,-9.853,1.5675706498909805,5.333333333333333,4,911.7344827373825,0,112,7,0,0,3
CNP0375810.3,-9.7,1.1625794574056003,5.241379310344827,4,775.89909394638,6,152,6,1,2,5
CNP0375921.2,-7.952,1.653208567278705,4.708333333333333,2,670.7375361244799,2,113,6,1,0,6
CNP0376032.0,-8.0,1.908345802811,5.086956521739131,3,835.7909688676475,0,117,6,0,0,5
CNP0376140.3,-8.5,1.5489642866762503,5.25,4,776.2787923240049,7,168,6,1,3,6
CNP0376203.2,-9.4,1.3358928894815445,4.814814814814815,2,880.7601625723277,2,130,6,1,0,6
CNP0376277.1,-6.9,2.315478401730111,3.8125,0,279.8100768023833,2,61,6,1,1,1
CNP0376294.0,-10.3,1.3156263986036325,5.5625,5,1226.0502473951842,1,178,6,2,1,7
CNP0376423.1,-10.2,1.147156856657234,4.982456140350878,5,1850.3394305094887,7,284,17,6,3,13
CNP0376423.2,-10.6,1.147156856657234,4.982456140350878,5,1850.3394305094887,7,284,17,6,3,13
CNP0376577.0,-8.7,1.4891004634156386,4.6,2,1273.7109918596511,0,138,6,1,0,8
CNP0376732.2,-10.1,1.5302506393592172,4.633333333333334,2,1259.2676513683632,1,139,6,1,0,8
CNP0376761.3,-8.2,1.649142770087094,6.117647058823529,4,487.1502880367986,5,104,6,0,1,2
CNP0376783.2,-9.2,1.2933248399922332,4.473684210526316,2,1476.7560461766934,1,170,6,1,0,8
CNP0376789.2,-10.7,1.1394499890880971,5.051282051282051,4,1512.6399195326032,2,197,6,1,0,7
CNP0376807.1,-8.6,1.6955164762712036,5.102564102564102,3,1380.8841200645502,3,199,6,1,1,11
CNP0376810.1,-8.6,1.981838041174993,5.521739130434782,3,491.27845802948303,7,127,6,2,4,3
CNP0376840.1,-8.928,1.5825530187297998,6.269230769230769,5,792.9709794486422,5,163,6,0,3,1
CNP0376843.2,-8.9,1.4714886211479017,5.0,2,1089.779905977469,2,155,6,1,0,10
CNP0376866.0,-8.8,1.463052182086797,4.928571428571429,3,1111.7715661583898,1,138,6,4,0,7
CNP0376868.3,-7.6,1.5743141652808683,4.548387096774194,2,826.3225975062711,2,141,6,1,0,9
CNP0376875.0,-8.3,1.7547712572863874,5.565217391304348,4,1009.4381939754762,0,128,6,3,0,6
CNP0376889.1,-10.2,1.4286479687444933,5.181818181818182,3,1305.014698255664,2,171,6,2,1,11
CNP0376978.1,-8.2,1.8734217209890025,5.6875,4,879.2249909523574,10,182,6,3,3,8
CNP0377080.1,-9.6,1.2372034599771016,5.0,3,1291.926547027774,1,185,6,2,0,11
CNP0377081.3,-9.1,1.792578922191204,5.105263157894737,2,441.63594892310687,6,97,6,4,0,9
CNP0377334.1,-8.9,1.42134115860137,4.626666666666667,7,2567.108896948009,13,347,16,12,2,14
CNP0377396.0,-10.88,1.040872462055339,5.277777777777778,7,3589.784670637986,4,380,6,14,0,22
CNP0377417.0,-10.0,1.5700952529492775,5.304347826086956,3,1008.5729109595832,0,122,6,2,0,5
CNP0377443.1,-8.2,1.6307780818390163,5.047619047619048,3,471.9580255630082,6,106,6,1,1,2
CNP0377758.2,-9.0,1.5361966764941248,4.548387096774194,2,999.2268071759096,1,141,6,0,0,8
CNP0377785.1,-10.3,1.225819024368164,5.242424242424242,4,1379.8516234837243,2,173,6,1,0,7
CNP0377850.1,-9.9,1.6213555338283423,4.75,3,1137.4400514621316,1,133,6,2,0,7
CNP0377897.1,-7.7,1.4980636850751476,5.257142857142857,4,1274.2038860054513,3,184,6,1,0,8
CNP0378105.1,-10.5,1.189642225666705,5.25,4,1048.711386046224,6,168,6,1,1,7
CNP0378184.0,-7.3,1.900462568269257,4.333333333333333,2,748.9122948628698,0,91,6,1,0,6
CNP0378384.1,-7.7,1.9089875779757444,4.869565217391305,2,504.7151651406081,4,112,5,1,4,3
CNP0378384.2,-7.7,1.9089875779757444,4.869565217391305,2,504.7151651406081,4,112,5,1,4,3
CNP0378427.1,-9.589,1.1151086078130337,5.826086956521739,9,3324.989691082395,6,402,6,12,2,21
CNP0378428.0,-7.4,1.9398605055229057,4.35,2,686.4266176484674,0,87,6,1,0,4
CNP0378450.12,-10.8,1.383454409608092,5.760869565217392,4,1140.3096622511769,17,265,6,7,6,10
CNP0378450.7,-10.4,1.383454409608092,5.760869565217392,4,1140.3096622511769,17,265,6,7,6,10
CNP0378470.2,-9.2,1.5211564137830365,4.78125,2,1092.0616315970933,1,153,6,0,0,7
CNP0378487.1,-8.9,1.423720602451747,5.161290322580645,4,1148.5145180697505,2,160,6,1,0,5
CNP0378616.1,-7.607,2.9915560541208257,3.84,0,572.4633918657055,2,96,11,1,1,6
CNP0378622.1,-11.9,0.9845621417952126,6.25,7,1680.7637038638663,14,325,7,4,5,12
CNP0378642.3,-7.0,4.08018607087639,3.35,0,305.4937511979672,3,67,0,3,0,5
CNP0378642.4,-7.0,4.08018607087639,3.35,0,305.4937511979672,3,67,0,3,0,5
CNP0378687.1,-8.8,1.4914406839666492,5.212121212121212,4,1219.97280712448,2,172,6,2,0,8
CNP0378697.0,-9.4,1.8777158245505352,5.363636363636363,3,1101.2013323528945,0,118,6,0,0,9
CNP0378745.1,-11.5,1.0081949469052407,5.45,7,2137.1875027816254,1,218,6,1,0,10
CNP0378804.1,-10.7,1.3300295952244006,5.580645161290323,4,868.8857204748175,7,173,6,3,3,7
CNP0378818.2,-10.1,1.3659180298379363,6.428571428571429,8,1767.5459088134874,5,225,7,3,1,8
CNP0378818.3,-10.2,1.3659180298379363,6.428571428571429,8,1767.5459088134874,5,225,7,3,1,8
CNP0378854.4,-11.2,1.0877726094257556,5.71875,7,1160.38425071658,2,183,6,1,1,4
CNP0378860.1,-9.7,1.3811438681669923,4.450980392156863,0,1699.4726222953768,5,227,6,8,0,17
CNP0378867.1,-5.8,2.950968175244212,2.789473684210526,0,341.2311089285949,1,53,0,2,0,3
CNP0379152.0,-9.6,1.3013578367846197,4.735294117647059,2,1266.703271477302,0,161,6,0,0,8
CNP0379206.0,-8.7,1.8360451513818687,5.041666666666667,2,918.7592593372452,2,121,6,3,0,8
CNP0379209.2,-9.1,1.3002289856774036,4.5588235294117645,4,1995.308875281208,7,310,17,6,3,14
CNP0379341.0,-8.5,2.0451929292638527,4.576923076923077,2,755.849325461837,3,119,6,1,1,7
CNP0379350.0,-9.0,1.3683607828259536,4.925925925925926,3,1170.990068092359,0,133,6,1,0,7
CNP0379359.1,-11.4,1.1710299230754784,5.846153846153846,7,1993.9392893833497,1,228,6,3,1,10
CNP0379404.1,-7.5,1.8338112559895992,4.684210526315789,0,724.0791845842097,15,178,6,13,0,17
CNP0379409.2,-7.9,1.608643190711851,5.095238095238095,3,488.4556489098717,4,107,5,1,1,6
CNP0379487.0,-8.1,1.6156022007036288,4.625,2,926.6787322437046,0,111,6,0,0,5
CNP0379554.1,-9.6,1.5796484416621592,4.722222222222222,3,1370.7923683154809,1,170,7,2,0,8
CNP0379717.14,-5.6,3.9004444702536567,3.363636363636364,0,124.14105019450209,4,37,0,4,0,5
CNP0379725.1,-8.3,1.700816819635858,5.0,3,527.4598293195775,5,120,6,3,2,5
CNP0379829.0,-8.1,1.7181140683858818,4.826086956521739,3,612.2676264847019,2,111,6,1,1,2
CNP0379833.1,-9.1,1.6189280165636837,5.892857142857143,5,801.0360380079983,4,165,6,0,2,4
CNP0379897.1,-8.6,1.9823702674842427,4.407407407407407,2,928.1943479430636,1,119,6,2,0,7
CNP0380027.1,-11.2,1.2541452886834357,4.363636363636363,0,1766.258241151452,7,240,6,5,2,9
CNP0380027.2,-10.8,1.2541452886834357,4.363636363636363,0,1766.258241151452,7,240,6,5,2,9
CNP0380040.1,-6.5,3.0869603747514005,2.942857142857143,0,416.0324234906297,1,103,0,2,0,4
CNP0380097.0,-8.6,1.449154738025163,4.96,4,1020.1152689323412,0,124,7,0,0,5
CNP0380159.5,-10.8,1.258402980725973,4.970588235294118,4,867.0817559419568,7,169,6,3,2,7
CNP0380196.0,-7.6,2.2757560110578368,3.965517241379312,0,865.5449283484122,2,115,6,2,0,4
CNP0380330.2,-8.4,1.7337393416876004,3.681159420289855,0,1211.9412442773455,12,254,6,9,0,14
CNP0380370.1,-7.9,2.374305917282699,4.159090909090909,2,1232.4776953354374,6,183,19,4,0,12
CNP0380398.2,-7.2,1.8273740274626915,4.12,0,587.6341505021571,2,103,6,2,0,7
CNP0380451.2,-10.9,1.2033225454708505,5.25,3,903.4912470859462,6,168,6,1,1,5
CNP0380467.2,-7.728,2.1915865933253453,4.611111111111111,2,496.3222881697243,1,83,7,1,0,4
CNP0380665.2,-10.3,1.1966029450792175,5.193548387096774,3,1152.6627337326238,1,161,6,1,2,4
CNP0380692.3,-6.6,2.616072000521746,3.882352941176471,0,266.5856099980268,2,66,6,0,1,2
CNP0380692.4,-6.4,2.616072000521746,3.882352941176471,0,266.5856099980268,2,66,6,0,1,2
CNP0380738.1,-9.8,1.3557229584456625,5.157894736842105,2,1545.755117755224,2,196,6,0,0,12
CNP0380738.2,-9.9,1.3557229584456625,5.157894736842105,2,1545.755117755224,2,196,6,0,0,12
CNP0380828.0,-7.5,1.4831064442353927,4.205882352941177,2,1065.770747629051,1,143,6,2,0,8
CNP0380927.5,-9.7,1.1483957545456396,5.235294117647059,4,1013.9272654164614,6,178,6,0,2,6
CNP0381055.1,-12.3,1.0658560544617168,4.891891891891892,4,1386.705018184369,2,181,6,1,1,8
CNP0381153.2,-9.8,0.9905694767425798,5.735849056603773,4,1866.952116568636,13,304,6,4,5,7
CNP0381165.0,-8.6,1.7799362968457553,4.833333333333333,3,606.5303777006083,4,116,13,1,1,6
CNP0381192.1,-9.1,1.4340856604238092,5.033333333333333,4,953.3164544674132,1,151,6,1,1,7
CNP0381203.1,-9.1,1.5299696976514856,5.321428571428571,4,968.2664313881576,2,149,6,2,1,8
CNP0381215.2,-8.6,2.658714108705761,3.909090909090909,0,725.64280300499,3,129,6,4,1,11
CNP0381263.1,-8.6,1.833591827872231,6.2,4,652.4719536426356,8,155,7,4,4,5
CNP0381293.2,-9.4,1.4871976981758597,5.615384615384615,5,1527.2136568683154,3,219,6,0,1,7
CNP0381293.3,-8.5,1.4871976981758597,5.615384615384615,5,1527.2136568683154,3,219,6,0,1,7
CNP0381329.1,-10.4,1.3145109340169956,5.555555555555555,5,1101.4835886035085,1,150,6,1,2,4
CNP0381361.0,-7.2,2.056087955199151,4.642857142857143,2,506.6479306436568,0,65,6,2,0,6
CNP0381378.2,-7.705,1.7518673250294865,4.32,0,525.3336865745139,2,108,6,1,2,3
CNP0381386.1,-8.8,1.5479953895108132,4.743589743589744,2,1206.0452820174648,10,185,6,7,0,13
CNP0381413.3,-9.6,1.3481203142530669,5.555555555555555,4,761.6733363304259,6,150,6,0,2,1
CNP0381448.1,-9.8,1.2094107351567822,5.5,4,1454.7565844102226,1,187,6,2,1,8
CNP0381491.1,-5.9,4.221713709086298,3.571428571428572,0,182.87712379549447,4,50,0,6,0,7
CNP0381597.2,-13.4,1.1024318490382907,5.239130434782608,7,1951.8789847767337,4,241,18,3,2,13
CNP0381658.1,-9.9,1.6616842480089185,6.416666666666667,5,629.1283883532154,8,154,6,2,3,4
CNP0381659.1,-8.9,1.55200847173318,5.697674418604652,5,1381.2397499173137,10,245,7,0,4,11
CNP0381709.2,-11.4,1.2627818308480383,5.837209302325581,5,1162.2411506578828,13,251,6,4,6,7
CNP0381763.1,-7.643,1.653760668389953,4.695652173913044,2,681.7592351367773,1,108,6,1,0,4
CNP0381781.1,-10.7,1.0064197645449242,5.545454545454546,5,1840.6897937162803,22,366,6,9,6,18
CNP0381873.1,-8.0,2.655005003474668,4.295774647887324,0,2076.8118311330963,9,305,30,4,1,20
CNP0381894.2,-10.6,1.337440838939182,4.966666666666667,4,1012.5587533922406,3,149,6,1,1,6
CNP0382047.1,-6.9,2.054452728011057,4.857142857142857,2,325.30296890880646,2,68,5,2,0,6
CNP0382050.1,-9.3,1.4378998273194137,5.172413793103448,3,966.3481751122094,1,150,6,1,2,5
CNP0382075.1,-8.1,2.0314123022559256,4.44,2,883.2457798992264,1,111,6,2,0,7
CNP0382105.1,-7.1,3.745882428679531,3.171428571428572,0,685.6376854004634,2,111,0,2,0,11
CNP0382140.1,-10.0,0.9688981520579648,5.038461538461538,7,3146.1193465798688,7,393,8,5,2,12
CNP0382215.2,-9.5,1.5203115637645963,4.483870967741935,2,1199.3976359377325,1,139,6,2,0,8
CNP0382269.3,-9.6,1.577618040116497,5.0606060606060606,2,1249.3011501398355,5,167,6,7,0,11
CNP0382317.1,-12.22,1.2245018976637083,5.777777777777778,6,920.2516000264128,12,208,6,0,3,5
CNP0382329.0,-7.381,1.9540844188447253,4.411764705882353,0,459.2226460916757,0,75,6,1,0,4
CNP0382414.0,-9.5,1.264862569277994,5.296296296296297,5,1117.735556089404,0,143,6,0,0,6
CNP0382473.2,-6.822,2.0499274333673223,3.6,0,315.8647357796279,1,54,6,2,0,4
CNP0382655.2,-11.2,1.1304324837910462,6.097560975609756,5,1100.221410735351,13,250,6,2,6,6
CNP0382669.1,-10.6,1.240514148809972,5.625,4,1218.2632984850486,16,270,6,5,6,10
CNP0382697.0,-6.4,2.049932604728933,4.666666666666667,2,320.7302809374382,0,56,6,1,0,2
CNP0382699.2,-10.1,1.434304761773897,5.0,3,1017.6083269243356,1,150,6,1,1,7
CNP0382751.1,-8.5,1.7223443814982002,5.9,3,591.414861078354,5,118,6,0,2,5
CNP0382767.3,-10.39,1.2739631872760513,5.37037037037037,4,633.6711469137147,7,145,7,2,2,6
CNP0382770.0,-7.3,1.8545217228024693,4.045454545454546,0,537.3988829587629,0,89,6,0,0,3
CNP0382967.1,-8.0,1.5886066543256787,4.727272727272728,2,518.5064000198255,2,104,6,0,0,5
CNP0382985.0,-7.2,1.971654507930869,5.03030303030303,2,847.2989335377213,6,166,6,5,1,8
CNP0382986.1,-8.724,1.5596594059734885,4.585365853658536,2,1312.4914707868038,3,188,6,6,1,16
CNP0382998.0,-9.7,1.1527298542056963,5.121212121212121,4,1452.7095665666727,0,169,6,0,0,4
CNP0383028.0,-7.721,2.3813266867044174,3.9047619047619047,0,576.6165021019258,0,82,6,2,0,3
CNP0383070.1,-8.5,1.2161519037657105,5.0344827586206895,4,776.8353802807457,4,146,6,1,0,5
CNP0383133.1,-7.8,2.028985663119152,4.333333333333333,2,442.6550671030861,2,78,10,0,0,3
CNP0383142.1,-10.0,1.1882265553824247,5.047619047619048,2,2085.388536889979,20,318,6,14,0,24
CNP0383169.2,-8.5,1.6622629082497282,5.44,3,607.0173070497132,6,136,6,0,2,4
CNP0383193.1,-10.1,1.380358823959038,5.730769230769231,4,744.5518905411834,6,149,6,1,2,3
CNP0383353.0,-5.6,2.011567439049135,4.7,2,359.58718865792105,0,47,5,1,0,4
CNP0383354.1,-9.9,1.382554963124049,4.666666666666667,2,902.9853128156466,2,140,6,2,0,7
CNP0383457.1,-8.8,1.4676069170132544,5.266666666666667,4,1132.379092868322,2,158,6,1,0,5
CNP0383465.1,-9.0,1.387211100552119,5.076923076923077,3,850.0993991539463,2,132,6,1,1,5
CNP0383567.0,-6.0,2.085743696336154,3.533333333333333,0,341.1446813547079,0,53,6,1,0,3
CNP0383631.0,-6.9,1.8984710033272283,4.466666666666667,0,470.7669804648672,0,67,5,2,0,5
CNP0383651.0,-9.6,1.300680956844662,4.821428571428571,3,1072.4455540009178,0,135,6,0,0,6
CNP0383659.1,-6.2,4.056420095285913,3.113207547169812,0,1184.6690241558215,2,165,0,2,0,10
CNP0383715.1,-8.069,2.0005468666269026,4.333333333333333,2,920.5363209142658,1,117,6,2,0,8
CNP0383756.1,-9.4,1.2424615281577385,4.686567164179104,4,2303.588550841882,9,314,11,12,1,20
CNP0383779.1,-11.2,1.1861629266012308,4.96875,3,1137.5468053293318,2,159,6,1,0,9
CNP0383850.0,-9.5,1.447868878824843,4.884615384615385,3,1005.9302604499154,0,127,6,0,0,4
CNP0383950.0,-12.1,1.009331478743211,4.947368421052632,3,1641.2261356947474,0,188,6,0,0,5
CNP0384011.0,-9.3,1.212079482780912,5.086956521739131,4,2211.287105106108,0,234,6,0,0,10
CNP0384054.0,-11.5,1.4284353387380402,5.515151515151516,4,1134.3864954149703,6,182,6,3,1,10
CNP0384127.1,-11.2,1.2602317043381766,4.542857142857143,2,1430.277956922347,1,159,6,2,0,8
CNP0384165.2,-7.7,2.16249811498249,4.823529411764706,2,299.2969451036391,5,82,6,2,1,2
CNP0384206.3,-10.6,1.3605523309566196,4.72093023255814,2,1587.036353145127,6,203,6,7,1,12
CNP0384304.2,-9.6,1.3919519844659718,5.103448275862069,3,975.03466702166,2,148,6,1,1,7
CNP0384621.1,-7.331,1.8628522977223128,5.12,3,719.272770751761,2,128,6,1,1,7
CNP0384621.2,-7.314,1.8628522977223128,5.12,3,719.272770751761,2,128,6,1,1,7
CNP0384628.1,-9.3,2.302428554446796,3.897435897435898,0,1114.639956858519,5,152,6,3,0,5
CNP0384654.3,-9.4,1.3071460280322544,5.0,3,901.3004915486072,2,135,6,1,0,7
CNP0384823.1,-7.7,1.806536740793676,5.533333333333333,4,815.2946784982624,8,166,6,1,3,9
CNP0384832.2,-10.8,1.218622239001499,4.470588235294118,2,1382.33770700411,1,152,6,2,0,8
CNP0384837.3,-7.991,1.936261346441922,5.555555555555555,3,464.3038127092538,5,100,6,2,1,3
CNP0384871.1,-9.0,1.2506898761328926,4.973684210526316,3,1378.404293547085,5,189,6,5,0,11
CNP0384927.0,-10.5,1.333351564102076,4.714285714285714,2,1271.8422843877524,0,165,6,1,1,7
CNP0384946.4,-9.3,1.506434264390113,5.275862068965517,4,676.0252817350839,7,153,6,1,2,2
CNP0384953.1,-9.5,0.9692897600084154,4.715909090909091,6,3318.0336621845786,12,415,20,11,2,15
CNP0384999.2,-10.0,1.541277727631463,5.971428571428572,5,1023.0005204383892,8,209,6,0,6,4
CNP0384999.8,-9.4,1.541277727631463,5.971428571428572,5,1023.0005204383892,8,209,6,0,6,4
CNP0385016.2,-9.0,1.2811452604974802,4.884615384615385,3,823.7706071032037,3,127,6,1,0,5
CNP0385151.2,-9.6,1.445790659438203,5.03125,3,1043.1921354774208,1,161,6,1,2,5
CNP0385180.3,-9.2,1.386350560522225,4.906976744186046,4,1206.6704534148705,7,211,6,2,3,10
CNP0385242.1,-9.718,1.4451352005978757,6.392857142857143,6,880.7766955847351,10,179,6,2,3,8
CNP0385359.0,-6.544,2.291917374757885,3.6,0,278.2486387001305,2,72,6,1,0,5
CNP0385412.1,-9.5,1.5279895074876366,5.321428571428571,3,979.807883911182,1,149,6,1,2,5
CNP0385416.2,-10.7,1.103344026462069,5.456521739130435,4,1339.8371291002757,12,251,6,4,4,9
CNP0385416.5,-10.6,1.103344026462069,5.456521739130435,4,1339.8371291002757,12,251,6,4,4,9
CNP0385423.2,-9.9,1.4254232149150527,5.5,4,1134.9518273613855,5,176,6,3,1,9
CNP0385463.2,-11.0,1.1644192963000426,5.685714285714286,6,816.8007714924224,12,199,6,0,3,4
CNP0385463.4,-11.7,1.1644192963000426,5.685714285714286,6,816.8007714924224,12,199,6,0,3,4
CNP0385647.2,-11.1,1.0807176849400129,5.46875,4,940.4050854443972,7,175,7,0,1,6
CNP0385671.3,-8.7,1.4462450195970693,5.363636363636363,4,1180.949479552223,4,177,6,3,1,9
CNP0385732.0,-10.2,1.2576268465496323,4.9375,3,1441.254659330302,0,158,6,2,0,6
CNP0385761.3,-10.9,1.1122355016969985,5.057142857142857,4,1020.7679220550534,6,177,6,1,2,6
CNP0385763.2,-9.1,1.5061877110396091,4.733333333333333,2,894.1615384446076,3,142,6,1,1,4
CNP0385854.1,-9.3,1.7139592416139902,4.451612903225806,2,1197.0526579697855,2,138,6,3,0,8
CNP0385866.1,-9.2,1.921261863830272,5.434782608695652,3,501.1152542590712,7,125,6,3,3,3
CNP0385882.2,-9.5,1.6084584279798722,5.176470588235294,4,1171.4197954228202,4,176,6,4,1,10
CNP0385941.2,-13.3,1.0293572539991196,5.473684210526316,7,1388.0694035965348,4,208,6,0,1,6
CNP0385945.1,-7.7,1.7317651572846118,4.944444444444445,3,387.95484014837626,4,89,6,0,0,3
CNP0385957.0,-7.5,1.7119272187289127,4.863636363636363,2,801.6092497768987,0,107,6,0,0,6
CNP0386016.2,-9.1,1.5751646829583883,5.44,3,896.6502748802043,1,136,6,1,2,3
CNP0386019.2,-11.0,1.1191044635694118,5.095238095238095,4,1306.12614994598,7,214,6,3,3,9
CNP0386036.3,-11.2,1.0452726780445682,5.027027027027027,4,1092.9301471781855,6,186,6,2,2,6
CNP0386145.2,-8.3,1.410260351012158,4.275862068965517,2,790.4452814578816,1,124,6,1,0,5
CNP0386165.4,-8.2,1.96786992873874,5.064516129032258,3,821.6680462520001,8,157,7,3,2,10
CNP0386203.1,-10.3,1.3392238577087854,5.048780487804878,4,1132.6223898320454,9,207,6,4,3,10
CNP0386327.2,-8.2,1.8382823906555188,5.578947368421052,2,505.9835708010821,3,106,6,1,2,2
CNP0386349.2,-11.1,1.262544364969347,5.717948717948718,5,1111.7182988658228,9,223,6,1,6,6
CNP0386349.5,-11.2,1.262544364969347,5.717948717948718,5,1111.7182988658228,9,223,6,1,6,6
CNP0386412.1,-9.8,1.2943409419032068,4.888888888888889,4,878.1012096022789,8,176,6,2,2,8
CNP0386414.0,-4.6,1.9697731935234024,4.444444444444445,2,236.81911925039864,0,40,6,0,0,2
CNP0386559.1,-8.7,2.6752610257191387,4.0,0,519.9938005659883,4,96,6,6,0,9
CNP0386576.2,-7.9,1.7870761959283028,5.411764705882353,2,448.5933301735792,3,92,6,1,2,1
CNP0386747.2,-9.7,1.8988498143916843,5.315789473684211,3,1247.7992799502383,4,202,6,1,4,5
CNP0386766.0,-8.2,1.8279161262024224,4.095238095238095,0,678.2084868748469,0,86,6,2,0,6
CNP0386799.1,-7.6,1.1547304628965027,4.727272727272728,0,1515.35034603935,1,208,6,1,1,8
CNP0386819.3,-9.525,1.35925091478018,5.875,5,1253.3904509345275,9,235,6,0,5,4
CNP0386897.3,-9.3,1.439699381945563,4.466666666666667,0,670.810848656932,9,134,6,6,0,10
CNP0386973.2,-10.3,1.3368250212045727,4.884615384615385,4,983.6459998923262,1,127,6,0,0,5
CNP0387061.1,-11.6,0.9788689581678928,5.170212765957447,6,1626.6137259958118,7,243,6,3,3,10
CNP0387119.1,-10.8,1.2402774887057877,4.722222222222222,4,1384.511852880013,2,170,6,3,0,9
CNP0387128.5,-9.3,1.46558801041688,5.548387096774194,4,1100.1244597363934,5,172,6,3,1,8
CNP0387144.1,-10.6,1.509569795512535,4.421052631578948,0,1252.8700427065396,2,168,6,6,1,12
CNP0387332.1,-9.1,1.4854021426937651,4.5,2,1004.5991941621888,1,117,6,0,0,6
CNP0387340.1,-9.1,0.9596022193370572,5.52,5,2206.804417940775,26,414,6,11,6,21
CNP0387358.1,-8.5,1.8005321287210772,4.628571428571429,3,965.231293392892,6,162,11,0,2,5
CNP0387364.1,-8.9,2.513116299995239,3.852941176470588,0,740.9874915946823,3,131,6,5,1,11
CNP0387373.1,-10.9,1.045329026611534,5.0227272727272725,4,1337.724429722768,6,221,6,2,3,9
CNP0387446.4,-9.9,1.6519274625352671,5.529411764705882,4,869.0311097039211,10,188,6,3,4,4
CNP0387446.5,-10.2,1.6519274625352671,5.529411764705882,4,869.0311097039211,10,188,6,3,4,4
CNP0387449.1,-9.3,1.5848602266512215,5.266666666666667,4,1013.7312320513256,2,158,6,2,1,8
CNP0387457.0,-10.7,1.3583390619410478,5.52,5,1145.1809280263642,0,138,6,0,1,0
CNP0387603.1,-8.5,1.4507072930894198,5.216216216216216,4,1331.607757129231,3,193,6,1,1,7
CNP0387622.1,-10.5,0.9997818584019804,5.418181818181818,7,2331.1283117693656,5,298,6,1,1,14
CNP0387639.1,-10.4,1.13840562776885,5.27027027027027,4,1541.3101503989587,2,195,6,2,0,8
CNP0387671.1,-9.0,1.6360444144245117,5.0285714285714285,2,1109.175743830656,7,176,6,4,1,7
CNP0387718.1,-8.8,1.533981849695735,5.172413793103448,3,941.1840592390224,6,150,6,4,0,9
CNP0387718.2,-8.7,1.533981849695735,5.172413793103448,3,941.1840592390224,6,150,6,4,0,9
CNP0387789.1,-8.2,2.1674639442325025,4.243243243243243,0,939.2098925751056,2,157,6,3,2,10
CNP0387870.3,-10.1,1.6471439860287336,4.730769230769231,2,788.4284848038916,5,123,6,5,0,10
CNP0387979.4,-9.3,1.6737678147814068,4.870967741935484,3,918.1623776617092,5,151,6,3,1,9
CNP0388019.4,-11.0,1.0272749217198076,5.176470588235294,4,984.8242412856011,7,176,6,1,2,5
CNP0388031.1,-9.0,1.4057137927184629,4.32,0,628.4681654090999,1,108,6,2,0,7
CNP0388070.3,-10.0,1.427019667379719,5.323529411764706,4,1216.5318782563204,4,181,6,3,1,9
CNP0388128.4,-11.2,1.324957786955827,5.514285714285714,4,1221.0474894328374,4,193,7,4,1,8
CNP0388159.2,-9.9,1.657875103898855,4.977777777777778,3,1337.5822123787052,10,224,8,3,2,10
CNP0388181.5,-10.1,1.4278590763882042,5.424242424242424,4,1200.450426117504,4,179,6,3,1,9
CNP0388185.1,-6.7,2.107775312941032,4.555555555555555,2,336.6304154673283,5,82,10,2,1,3
CNP0388187.1,-9.394,1.8921164711566325,5.315789473684211,3,520.9704851759309,2,101,6,3,2,3
CNP0388270.3,-9.9,1.427019667379719,5.323529411764706,4,1210.4168503290202,4,181,6,3,1,8
CNP0388319.1,-12.3,0.9842454271195584,5.166666666666667,6,1383.016478351161,8,217,6,3,2,8
CNP0388385.1,-6.8,2.018750458651254,4.3478260869565215,2,728.8254428646103,1,100,6,1,0,8
CNP0388494.2,-9.9,1.4112670341872666,5.387096774193548,4,1101.7651364046617,4,167,6,3,1,8
CNP0388516.20,-9.3,1.5681929065504738,5.0,2,1201.9308498503617,4,155,6,7,0,11
CNP0388553.1,-9.1,1.10953604107307,5.5344827586206895,6,1604.602184503126,13,321,6,3,7,6
CNP0388622.1,-10.1,1.4994636036777165,4.7105263157894735,4,1632.2825196604044,3,179,6,5,0,11
CNP0388636.1,-8.8,1.929863057478885,4.6938775510204085,2,1445.8328645181805,10,230,6,6,3,14
CNP0388666.5,-9.8,1.3427212739899663,5.5,4,576.3583857707869,7,143,6,1,2,5
CNP0388691.1,-11.6,0.9890556725508411,5.208333333333333,6,1742.5924690815789,8,250,6,6,3,12
CNP0388771.0,-9.1,1.2699034847578392,5.0,4,1179.0195314767398,1,180,6,1,0,10
CNP0388797.2,-8.8,1.4514987651092226,6.043478260869565,6,753.7635630810059,0,139,6,1,2,4
CNP0388826.1,-7.9,2.0175018710751083,4.625,2,335.34411427089543,3,74,10,1,1,1
CNP0388893.0,-6.2,2.250826767510978,3.7222222222222223,0,356.1146349530323,0,67,6,0,0,2
CNP0388966.1,-6.9,2.1529256470511013,4.823529411764706,2,331.81352124478593,4,82,10,2,2,2
CNP0388977.0,-9.7,1.521455136161042,6.023809523809524,5,1364.664936324359,10,253,6,0,5,13
CNP0389047.1,-9.7,1.508775753822112,5.466666666666667,3,947.3602765319528,5,164,6,5,2,7
CNP0389131.31,-9.8,1.4474228158133235,5.233333333333333,4,673.8510644443539,9,157,6,1,2,1
CNP0389245.3,-7.4,2.628758105441451,4.315789473684211,0,328.1072638213004,4,82,6,1,3,4
CNP0389264.1,-9.243,1.1176233465082777,5.264150943396227,5,1690.2382762186865,10,279,6,0,5,8
CNP0389295.0,-7.5,2.0971311580548195,4.625,2,499.7402663382559,0,74,6,1,0,4
CNP0389373.5,-10.4,1.1630284130358162,5.129032258064516,3,856.4923388911199,5,159,6,0,1,4
CNP0389473.4,-8.3,2.388725383545496,3.9375,0,1222.349756664953,6,189,19,5,0,12
CNP0389611.8,-7.8,2.0256749510103105,4.2,2,654.0815941170723,8,126,6,3,0,6
CNP0389656.1,-9.3,1.630475207322756,4.673913043478261,4,1348.8833325430717,7,215,13,2,0,12
CNP0389674.2,-7.893,1.9630497618351264,4.625,2,431.1351677560184,1,74,6,2,1,4
CNP0389732.4,-11.1,1.2043803479037882,5.025,3,1192.8655813445232,11,201,7,5,0,11
CNP0389775.1,-10.5,0.8379672726665344,6.109756097560975,16,3146.25975144768,24,501,16,5,6,9
CNP0389816.1,-11.2,1.1225466228571053,5.162162162162162,5,1509.807177159155,3,191,6,3,0,7
CNP0390064.0,-7.1,1.4711083487211083,3.75,0,416.4062014949255,0,60,6,0,0,0
CNP0390086.0,-9.7,1.429055130177823,4.566666666666666,2,1150.411707437667,0,137,6,3,0,8
CNP0390093.0,-5.8,2.091420960689091,4.9,2,405.7105035985509,0,49,5,1,0,4
CNP0390144.2,-6.5,2.015704809453677,5.857142857142857,4,285.6626568403073,2,82,6,0,2,3
CNP0390157.1,-10.3,1.2858155209907562,4.538461538461538,0,2041.413394832569,24,354,20,7,2,20
CNP0390167.3,-9.7,1.530191443620983,4.971428571428572,2,1346.5616546572974,5,174,6,7,0,12
CNP0390437.1,-10.5,1.1593072017724653,4.636363636363637,3,1012.0177291508716,2,153,6,2,0,8
CNP0390535.1,-10.7,1.1348133157601807,5.678571428571429,5,1572.3093300175883,20,318,6,9,6,15
CNP0390553.1,-8.8,1.4986951403064546,5.266666666666667,4,762.0698678076787,7,158,6,2,2,3
CNP0390812.2,-7.022,1.9139402732049675,4.4,2,386.1743532955766,1,66,6,1,0,4
CNP0390880.0,-9.061,1.2655089026270605,5.0,5,841.5098651463921,0,120,16,0,0,4
CNP0390953.1,-10.1,1.4482854084226071,4.447368421052632,3,1450.2790283453564,1,169,6,4,0,11
CNP0391011.1,-9.7,1.081784795575773,4.976744186046512,4,1629.0587554558117,2,214,6,2,0,9
CNP0391012.1,-8.4,1.887689636225748,5.2727272727272725,3,561.0276043299012,5,116,6,2,2,3
CNP0391030.1,-10.4,1.138948322893658,5.228571428571429,3,1254.0357839524866,1,183,6,0,0,11
CNP0391082.1,-10.6,1.4271200486332936,5.111111111111111,3,1418.580298667736,2,184,6,2,1,12
CNP0391091.2,-7.2,1.906071660034008,5.294117647058823,3,407.1448824383832,5,90,6,0,0,2
CNP0391107.2,-8.1,2.1012229080418043,4.3,2,812.3413902453324,4,129,6,4,0,9
CNP0391107.5,-7.8,2.1012229080418043,4.3,2,812.3413902453324,4,129,6,4,0,9
CNP0391109.1,-9.2,1.4981532198918572,5.678571428571429,4,865.1520611535561,6,159,6,3,1,8
CNP0391114.1,-11.6,0.895673578460065,5.377777777777778,14,3401.8356842912426,16,484,17,8,3,14
CNP0391133.1,-8.8,1.5126568672507903,4.416666666666667,0,715.1515761811031,1,106,6,1,0,5
CNP0391215.1,-10.5,1.2182728295147474,4.472222222222222,2,1441.870539548751,1,161,6,3,0,9
CNP0391237.0,-9.4,1.1828171297637118,4.807692307692308,4,1093.2304628228771,0,125,6,2,0,5
CNP0391285.1,-9.7,1.725010191987733,4.457142857142857,0,1153.400035016039,2,156,6,1,0,11
CNP0391290.1,-9.6,1.4472125596325505,5.5625,5,1154.6414492502731,5,178,6,5,1,9
CNP0391425.1,-10.6,1.0517684658693731,5.844827586206897,6,1781.5601066826705,20,339,6,7,6,16
CNP0391546.2,-10.4,1.300126991341757,5.741935483870968,4,1094.4376455217475,7,178,6,1,1,7
CNP0391626.1,-6.0,3.4421045601279605,3.02,0,1010.5054801467728,1,151,0,1,0,5
CNP0391791.0,-10.7,1.0726673782785463,5.230769230769231,5,1926.245715873601,0,204,6,1,0,8
CNP0391828.0,-9.0,1.5166679113383794,4.565217391304348,2,795.8488617578801,0,105,6,1,0,5
CNP0391843.0,-9.7,1.447876401263101,5.482758620689655,5,1100.6988821758753,1,159,6,2,1,5
CNP0391904.2,-8.8,1.279584896940867,5.138888888888889,5,1656.9844940995197,1,185,6,1,0,8
CNP0391922.3,-9.0,1.657374613727468,6.275862068965517,6,808.9824925495916,9,182,6,3,4,7
CNP0391951.0,-8.7,1.3218227252013346,5.529411764705882,5,1650.5999637726532,0,188,6,0,0,8
CNP0391970.2,-10.5,1.2715062246827644,5.225806451612903,5,1503.1433674606965,1,162,6,1,0,6
CNP0391989.2,-9.9,1.1168228161533604,5.478260869565218,4,1356.4696035766235,12,252,6,3,4,10
CNP0391989.4,-10.5,1.1168228161533604,5.478260869565218,4,1356.4696035766235,12,252,6,3,4,10
CNP0392069.4,-11.1,1.099631311354725,5.333333333333333,5,1569.1720633024795,2,176,6,1,0,7
CNP0392093.1,-9.0,1.715119378823517,4.076923076923077,0,595.7491784294572,4,106,6,4,0,8
CNP0392145.5,-11.76,1.101934248786614,4.893939393939394,2,2423.9878718954524,15,323,6,14,0,24
CNP0392194.1,-8.1,1.443627610242922,3.5416666666666665,0,1181.0276649615296,1,170,6,1,0,5
CNP0392328.0,-9.6,1.3280922049484845,4.909090909090909,3,1377.697101402371,0,162,6,1,1,8
CNP0392360.2,-11.2,1.0915802743626104,5.419354838709677,5,1087.8744597363932,4,168,6,1,1,8
CNP0392431.1,-9.8,1.3576835663591167,6.777777777777778,7,1139.3158662506844,4,183,6,0,3,7
CNP0392584.2,-8.016,1.3780478877309803,4.869565217391305,2,537.4649265548321,2,112,6,0,1,2
CNP0392651.1,-8.5,1.5889161612503555,5.791666666666667,5,847.7458116406143,2,139,6,1,0,5
CNP0392689.1,-7.0,4.204346534408495,3.136363636363636,0,708.7670500523277,2,138,0,2,0,10
CNP0392786.2,-10.0,1.0583249154103134,5.393939393939394,5,1146.0861879491893,4,178,6,1,1,8
CNP0392818.2,-8.6,1.9778839881563968,4.227272727272728,2,441.11382222136217,3,93,14,1,2,2
CNP0392826.1,-7.7,1.8175597599328208,4.90625,0,621.0467687748263,15,157,6,11,0,15
CNP0392940.1,-7.8,1.7289898105085613,4.857142857142857,3,788.585803580751,1,102,6,0,0,6
CNP0392964.2,-7.5,1.788680087263581,5.363636363636363,3,495.9357123819439,6,118,6,0,3,2
CNP0393066.3,-10.7,1.112596480942103,5.081081081081081,5,1044.8173246330505,8,188,7,2,2,10
CNP0393143.1,-9.8,1.1754837154006563,4.627906976744186,2,1680.1696887625233,2,199,6,3,2,8
CNP0393202.1,-9.9,0.9526719262781788,5.063636363636364,13,4881.93121846404,18,557,16,21,0,38
CNP0393242.0,-6.3,2.025219066948654,4.608695652173913,0,1468.002957203095,2,212,6,2,0,14
CNP0393251.1,-10.2,1.2161440561546253,4.428571428571429,0,1119.8183774215083,2,155,6,3,0,8
CNP0393255.1,-7.0,3.470643219972566,3.15,0,366.4314061981744,2,63,0,1,0,3
CNP0393262.0,-8.7,1.6995269538581683,4.620689655172414,2,1128.1894397967185,0,134,7,1,0,7
CNP0393288.1,-8.733,1.5029370498371657,4.965517241379311,3,983.051939319964,2,144,7,2,0,7
CNP0393328.0,-10.4,1.2157321400844023,5.527777777777778,7,1957.287584007659,0,199,6,1,0,8
CNP0393386.1,-8.7,1.5028484091460188,5.571428571428571,5,881.550332288676,4,156,6,0,1,8
CNP0393423.1,-8.6,1.2603781007195862,4.951219512195122,3,1633.5557427204562,6,203,6,4,1,13
CNP0393476.1,-9.9,1.215674081134847,4.709677419354839,0,1045.3356429721143,2,146,6,1,0,4
CNP0393550.2,-9.6,1.4803174964551795,5.583333333333333,4,1097.9666642442703,11,201,6,5,2,11
CNP0393671.1,-7.931,1.432034922175651,5.05,3,607.3813436375755,2,101,6,1,0,5
CNP0393712.1,-8.3,1.7148813463018628,5.666666666666667,4,798.0481828618686,2,136,6,1,3,6
CNP0393741.2,-8.2,1.586115731432176,5.578947368421052,4,488.4802601802579,0,106,6,1,2,3
CNP0393771.2,-8.6,1.4793186833574277,4.586206896551724,2,925.4858953566973,1,133,6,1,0,8
CNP0393982.1,-7.7,1.7742458152896396,4.892857142857143,3,841.088289575561,2,137,6,1,1,6
CNP0394092.2,-10.3,1.3683326235229805,4.862068965517241,2,840.0747798655705,6,141,6,5,0,8
CNP0394123.5,-9.2,1.5877107411402689,5.523809523809524,4,555.401892439548,4,116,6,0,1,0
CNP0394173.1,-8.9,1.7617920776489249,4.275,0,1209.3966603262008,5,171,6,1,0,15
CNP0394224.2,-9.8,1.3173765180742063,5.8108108108108105,6,1660.7581320335314,4,215,6,1,1,7
CNP0394361.2,-9.0,1.5009618109206315,5.636363636363637,4,538.8480216106163,0,124,6,1,2,3
CNP0394400.2,-10.6,1.236594721382132,5.758620689655173,6,1030.8766992141834,0,167,6,1,2,4
CNP0394618.1,-5.0,3.098364540396799,2.8260869565217392,0,280.90366073218416,1,65,0,0,0,0
CNP0394792.1,-7.6,2.0045962643850523,5.705882352941177,3,314.0436806111143,7,97,6,1,1,2
CNP0394862.6,-9.478,1.3229817824716632,5.15625,4,904.498565373351,6,165,6,3,3,7
CNP0394912.3,-9.9,1.6055245566611758,4.59375,0,758.6973007196926,11,147,6,7,0,11
CNP0394953.1,-8.3,1.567489945668782,5.1,3,1222.6743262670284,1,153,6,0,0,7
CNP0394976.2,-8.1,1.580835726006366,4.9393939393939394,3,1272.0961490057505,1,163,6,0,0,7
CNP0395094.1,-7.793,1.4827567875877552,3.9130434782608696,0,456.9423463687911,1,90,6,2,1,4
CNP0395168.2,-10.4,1.3230119723536695,5.3,4,1265.826271956749,1,159,6,0,0,6
CNP0395222.0,-9.7,1.4514488028849577,4.4,2,1133.3913624891102,0,132,6,1,0,6
CNP0395240.3,-9.1,1.3596006916865304,5.078947368421052,3,1042.622037376091,9,193,7,1,1,9
CNP0395245.1,-12.7,0.7353878957215354,5.134328358208955,4,2253.4037630404787,19,344,6,6,0,18
CNP0395246.1,-11.3,1.1855132007713731,4.5,2,1363.7920302384225,5,198,6,2,5,3
CNP0395302.1,-8.7,1.3602818000343295,4.730769230769231,0,759.8732998922985,2,123,6,0,0,6
CNP0395310.2,-10.4,1.1452870489132128,4.365853658536586,2,1427.9171422688726,2,179,6,3,0,11
CNP0395416.1,-3.9,2.993497243478473,2.5,0,56.568425030288566,1,15,0,1,0,2
CNP0395423.1,-10.0,1.0938472937352786,4.666666666666667,4,1225.0619990156447,1,140,6,3,0,6
CNP0395531.2,-8.5,1.4731138821246594,4.7727272727272725,7,661.2874156146992,2,105,14,3,0,4
CNP0395779.1,-9.616,1.427517958694788,4.384615384615385,2,832.9328068014654,1,114,7,3,0,7
CNP0395973.1,-9.9,1.2254212666734114,5.307692307692308,5,1050.026426969965,2,138,6,1,0,6
CNP0396007.1,-10.79,1.2368201397669458,4.703703703703703,4,884.049774923753,1,127,7,3,0,6
CNP0396052.4,-11.4,1.3029651989975726,5.789473684210527,6,1706.7951910270658,4,220,6,1,1,7
CNP0396062.1,-9.8,1.2666079222397966,5.178571428571429,3,1159.697657543716,2,145,6,0,0,7
CNP0396181.2,-9.4,0.9274559513693807,4.4774774774774775,4,3204.640577452218,33,497,34,15,2,29
CNP0396357.0,-8.1,1.5739970459964354,4.045454545454546,0,4483.257409199079,16,534,6,27,0,51
CNP0396361.1,-9.3,1.4088261723220463,5.826086956521739,6,744.0127478128168,0,134,6,1,2,4
CNP0396390.1,-6.771,1.9790064515157373,4.375,2,401.361437476722,1,70,6,1,0,5
CNP0396395.1,-9.0,1.9167305102621064,5.0625,3,1021.4037575953836,3,162,6,2,3,7
CNP0396420.1,-10.7,1.1987040681105616,5.27027027027027,5,1354.7503416045754,3,195,6,2,1,10
CNP0397043.1,-12.4,0.9041414516633338,5.535211267605634,6,1885.656617549353,31,393,6,10,3,20
CNP0397095.0,-5.0,1.958313149770644,3.272727272727273,0,240.99946272620303,0,36,6,0,0,2
CNP0397371.1,-8.067,1.902557796227937,4.380952380952381,2,673.2119675266688,1,92,6,2,0,5
CNP0397377.0,-8.8,1.3902252860697208,4.5,2,945.8891067045904,0,117,6,2,0,6
CNP0397390.2,-9.1,1.6187217490777557,5.782608695652174,4,545.7597631607953,8,133,6,2,3,3
CNP0397451.1,-9.7,1.851056287171497,6.125,4,610.7601063032595,8,147,6,3,3,4
CNP0397462.1,-10.0,1.258588738083356,5.114285714285714,3,1215.333289177965,2,179,6,1,2,7
CNP0397467.2,-8.3,1.5776830892982436,4.964285714285714,2,1071.9000388755207,1,139,6,3,0,7
CNP0397547.1,-8.994,1.571974062802749,4.481481481481482,0,717.9737844915772,4,121,6,5,0,7
CNP0397656.2,-10.5,1.2340602012733075,5.628571428571429,4,1092.543820183212,7,197,6,0,1,10
CNP0397893.4,-9.554,1.3852981673665388,5.0285714285714285,4,851.6245279653695,8,176,6,0,2,3
CNP0397978.5,-9.0,1.3584779869249384,5.738095238095238,5,1700.2456136414596,2,241,6,0,2,6
CNP0398113.1,-9.079,1.208457308318572,5.461538461538462,4,692.1039370616479,4,142,5,2,2,4
CNP0398137.1,-7.3,2.717562409473957,3.882352941176471,0,302.0436806111143,3,66,10,2,0,2
CNP0398210.1,-11.5,1.03255858566023,4.714285714285714,4,1234.6555068569023,2,165,6,1,0,6
CNP0398254.1,-8.2,4.040161359695756,3.260869565217391,0,428.52886054974925,2,75,0,9,0,11
CNP0398281.1,-11.06,1.1924989028977555,5.194444444444445,4,950.2581447756612,10,187,6,3,2,5
CNP0398283.1,-8.5,2.016335669778903,4.264150943396227,3,1363.955351050443,7,226,21,8,0,18
CNP0398507.0,-5.7,1.9634758999636512,4.5,2,354.5204153741743,0,45,6,1,0,4
CNP0398610.0,-9.7,1.1525930598327945,4.6,2,1283.88454604067,0,161,6,2,0,9
CNP0398651.1,-10.39,1.3764555592539565,5.0,5,1289.9023776328106,7,200,9,7,3,8
CNP0398664.2,-8.5,1.8449977215173816,4.739130434782608,3,567.4358604704929,4,109,9,1,1,3
CNP0398680.0,-8.182,1.6172809624679727,4.619047619047619,0,707.6055748167788,0,97,6,1,0,7
CNP0398700.0,-6.7,1.9612497452495097,4.5,2,440.5184971303141,0,63,6,1,0,2
CNP0398755.2,-12.1,1.098641201911125,5.211538461538462,6,2130.395397608355,6,271,11,9,0,17
CNP0398827.2,-8.7,1.617433187468584,4.714285714285714,2,864.0762080825521,2,132,6,3,1,6
CNP0398830.0,-7.3,1.9656979633775524,4.304347826086956,2,606.875052304717,0,99,6,2,0,8
CNP0398955.0,-4.7,2.125016255414672,3.375,0,59.548875021634686,0,27,6,1,0,2
CNP0398964.1,-12.47,0.766099859764644,5.6875,11,1914.281376572866,23,364,8,1,5,15
CNP0398964.2,-12.36,0.766099859764644,5.6875,11,1914.281376572866,23,364,8,1,5,15
CNP0399043.1,-9.2,1.550444150889988,5.52,4,496.41889157443,7,138,6,3,3,3
CNP0399219.0,-9.4,1.4790266041872009,4.592592592592593,2,919.3185820126574,0,124,6,0,0,7
CNP0399259.0,-9.3,1.4149318855267787,5.290322580645161,5,1142.2694055719137,2,164,6,2,1,5
CNP0399307.2,-10.5,1.3744817782299492,5.852941176470588,4,856.3568661022246,11,199,6,3,5,4
CNP0399419.1,-7.5,1.8355542566480512,4.380952380952381,3,1327.0808524915058,2,184,7,3,0,10
CNP0399473.2,-8.7,1.738545409454924,4.807692307692308,2,826.9702656454488,1,125,6,2,1,8
CNP0399488.1,-6.7,1.475412632211888,3.888888888888889,0,388.429171275196,1,70,5,1,0,6
CNP0399553.1,-7.9,1.927681739789227,4.222222222222222,2,456.8621429894786,1,76,7,2,0,4
CNP0399585.1,-8.7,1.8713813914469648,4.806451612903226,2,888.3182156043885,5,149,6,1,2,5
CNP0399596.9,-9.8,1.4634156801492402,5.290322580645161,4,715.9233229364096,9,164,6,1,2,1
CNP0399610.4,-11.0,1.7758836136266432,4.211538461538462,2,1240.6536607723533,14,219,26,9,1,15
CNP0399810.1,-11.2,1.2100284493168072,5.146341463414634,4,1142.7199627570512,11,211,6,5,2,8
CNP0399901.0,-7.8,1.5242912200500969,4.476190476190476,0,609.692164029173,0,94,6,1,0,4
CNP0399943.1,-10.0,1.3667159864470106,4.96,3,668.1362990949194,3,124,6,1,0,6
CNP0400056.4,-10.1,1.363291252268303,4.853658536585366,5,1633.122743246215,2,199,14,1,0,9
CNP0400178.5,-9.7,1.4228342626531498,5.12,3,540.0141389352455,5,128,6,0,1,4
CNP0400257.2,-9.1,1.5628703219585955,4.588235294117647,3,1101.6245748400938,2,156,14,0,0,6
CNP0400301.1,-9.6,1.4362046572136666,5.782608695652174,6,766.3013488790618,0,133,6,1,2,4
CNP0400319.1,-6.5,2.376514553467896,4.2444444444444445,0,914.7195350117286,10,191,6,5,1,14
CNP0400334.1,-8.3,1.3118336393726235,5.041666666666667,3,1780.5717861891533,5,242,6,6,0,12
CNP0400401.3,-9.4,1.5336561375619902,4.578947368421052,3,1258.0042172681751,2,174,14,0,0,8
CNP0400562.1,-11.2,1.0972821006180475,5.369230769230769,4,1662.1925991603734,25,349,6,11,5,17
CNP0400569.3,-9.4,1.5241825249007943,4.525,3,1347.1750950033793,2,181,14,2,0,10
CNP0400607.1,-8.8,1.3353561310246662,5.297297297297297,4,1380.1347634421545,3,196,6,1,0,9
CNP0400814.3,-10.7,1.3096970503425802,4.7407407407407405,2,881.2503875680004,2,128,7,2,0,6
CNP0400846.0,-7.9,1.7215893660039328,4.933333333333334,3,640.957112138695,0,74,6,1,0,1
CNP0400861.1,-8.9,1.3119188660462842,4.972222222222222,3,1481.8345315016204,1,179,6,0,0,7
CNP0401039.4,-9.4,1.758283097219729,5.6,5,734.1963494725854,7,140,11,1,1,6
CNP0401239.1,-10.5,1.3015774743077615,5.486486486486487,5,1119.2890094928464,8,203,7,3,1,8
CNP0401240.1,-8.1,1.7365767739063878,5.88,4,592.6355872532764,8,147,6,4,4,5
CNP0401404.4,-8.8,1.4906106707630864,4.838709677419355,2,885.0503558869324,7,150,6,5,0,9
CNP0401425.1,-7.6,2.2471272985422805,4.791666666666667,2,467.7043155411709,5,115,6,2,2,3
CNP0401510.0,-7.139,2.073028704770357,4.642857142857143,2,393.51915935780187,0,65,6,1,1,3
CNP0401635.0,-8.7,1.4932866486610243,4.67741935483871,2,1252.5559631134847,1,145,6,2,0,7
CNP0401732.2,-10.1,1.04403583607876,5.233766233766234,4,2025.5259019967632,28,403,6,12,5,22
CNP0401843.1,-9.3,1.6414824005047068,5.09375,4,955.1453104400704,5,163,15,1,3,6
CNP0402038.1,-8.5,0.9458063582999748,4.166666666666667,4,1153.331088731131,9,250,6,0,2,2
CNP0402127.1,-9.3,1.431775406975648,5.921052631578948,5,1632.0625558471402,2,225,6,1,2,6
CNP0402127.4,-10.2,1.431775406975648,5.921052631578948,5,1632.0625558471402,2,225,6,1,2,6
CNP0402222.1,-7.1,2.301087184064515,4.853658536585366,3,1359.1817854046135,4,199,8,2,1,11
CNP0402322.0,-8.3,0.9337782770115932,5.48314606741573,5,2540.864044814461,33,488,6,17,6,29
CNP0402360.0,-9.4,1.429959361680148,4.34375,2,1029.5301105163633,0,139,7,1,0,8
CNP0402420.0,-9.8,1.4406715268209602,4.962962962962963,4,1158.894312061699,0,134,6,1,0,5
CNP0402458.1,-8.8,1.6284771332535064,4.5,4,1779.7571048579855,9,270,28,6,0,20
CNP0402491.5,-8.3,1.897976136812236,5.2407407407407405,5,1790.8191859927883,12,283,14,1,4,18
CNP0402678.0,-9.1,1.5648924845149064,4.783783783783784,2,1478.1097889583148,1,177,6,2,0,9
CNP0402852.3,-9.4,1.4271283678138895,5.115384615384615,3,580.6913219427404,5,133,6,0,1,4
CNP0402871.1,-8.4,1.58366349460321,6.552631578947368,7,1070.9245114376274,13,249,6,1,5,10
CNP0403073.1,-10.0,1.271388672224759,4.456521739130435,3,1468.8885388932688,1,205,7,2,0,11
CNP0403079.1,-10.0,1.0707319795001142,4.264705882352941,2,2196.5736811614124,9,290,6,9,1,29
CNP0403126.1,-7.8,2.0885294255973164,5.833333333333333,3,460.3591724940509,4,105,6,2,2,3
CNP0403277.1,-8.3,1.7653244445582434,5.0,3,746.3699787279448,5,145,6,1,3,5
CNP0403497.1,-9.9,1.337227573901779,6.285714285714286,6,709.1062521785618,11,176,6,2,3,5
CNP0403510.1,-8.1,2.0275428531701905,5.230769230769231,3,667.212557384375,8,136,7,1,1,6
CNP0403609.0,-10.0,1.303508301062568,5.114285714285714,4,1337.141414036445,1,179,6,1,0,10
CNP0403629.1,-6.5,2.095938443354649,4.2,0,427.0738313562656,1,84,8,1,1,8
CNP0403710.1,-9.7,1.2917538854813673,4.777777777777778,5,1672.4215253309358,2,215,7,3,0,11
CNP0403762.1,-10.7,1.2754796456272255,4.666666666666667,4,1124.5230664860196,1,140,7,3,0,8
CNP0403776.1,-8.4,1.806031309878292,5.037037037037037,3,701.1669090421246,8,136,6,2,2,4
CNP0403816.1,-10.2,1.3939677241273785,4.909090909090909,2,1037.2424090670263,6,162,6,6,0,11
CNP0403917.1,-8.751,1.4111021669639003,4.379310344827586,0,880.3466250136084,1,127,6,2,0,9
CNP0403973.1,-12.7,0.9567346904859492,5.051282051282051,5,1481.658325732407,2,197,6,1,0,9
CNP0404036.2,-8.6,2.147331858131376,4.604651162790698,2,1340.3854438628164,7,198,12,0,2,10
CNP0404106.1,-10.6,1.1891300989486062,4.761904761904762,5,1548.4461798079103,1,200,7,3,0,11
CNP0404116.2,-10.4,1.428950895827469,4.96875,3,977.5764559043032,6,159,6,2,1,7
CNP0404141.1,-9.011,2.512364126231677,3.8333333333333335,0,889.2257478307931,7,138,6,5,1,8
CNP0404191.0,-10.4,1.1789545940958912,4.425,0,1582.9976521077729,0,177,6,3,0,8
CNP0404212.1,-9.6,1.5925688655696435,4.777777777777778,2,932.232873086392,5,129,6,6,0,17
CNP0404249.1,-10.9,1.343332042872021,5.62962962962963,5,1060.4544602410765,2,152,6,2,2,6
CNP0404269.1,-10.3,1.4955526248834057,6.032258064516129,5,930.383618806718,6,187,6,1,5,2
CNP0404269.2,-10.9,1.4955526248834057,6.032258064516129,5,930.383618806718,6,187,6,1,5,2
CNP0404279.1,-7.7,1.5098119753181476,4.648648648648648,3,1376.4652319456725,1,172,7,3,0,11
CNP0404767.0,-10.8,0.7915358789575377,5.440476190476191,6,2178.801639529501,37,457,6,15,3,27
CNP0404774.1,-10.0,1.161159093654919,4.55,0,1151.8447105502228,3,182,6,3,0,8
CNP0404878.0,-11.9,1.0014210134154573,5.769230769230769,8,1691.7830074837782,0,225,6,0,0,6
CNP0405068.2,-8.4,1.9070998151138128,4.185185185185185,0,800.912390502957,2,113,6,3,0,7
CNP0405078.0,-8.801,1.4856598913398835,4.965517241379311,4,1018.88108784257,1,144,6,1,0,8
CNP0405151.1,-9.7,2.460468098148147,3.4130434782608696,0,651.9491465119817,9,157,36,1,0,3
CNP0405200.1,-11.2,1.4323331388603082,5.53125,5,1165.3196765770138,2,177,6,1,2,8
CNP0405300.0,-8.7,1.4964803826047235,5.086956521739131,3,797.9108684782589,1,117,6,1,0,6
CNP0405377.0,-10.22,1.5730049881427524,5.161290322580645,4,1424.613268346228,0,160,6,3,1,7
CNP0405404.0,-10.5,1.4460492411420056,5.2,5,1489.548838659504,1,182,6,0,0,7
CNP0405584.1,-6.8,2.2148344229191705,3.736842105263158,0,391.74986517964567,2,71,5,2,0,6
CNP0405655.1,-12.3,0.9295273365204731,5.39622641509434,5,1312.529220031718,21,286,6,9,2,14
CNP0405659.0,-10.6,1.472996877580691,4.542857142857143,5,1027.4291508911108,0,159,20,3,1,4
CNP0405696.1,-8.8,2.0042102704239606,4.5,2,816.7312616372005,1,99,6,3,0,7
CNP0405699.1,-9.092,1.48737336516803,5.16,4,817.8288319027176,1,129,6,1,0,5
CNP0405757.1,-9.3,1.6360566792962394,4.2444444444444445,2,1307.69177406269,9,191,16,3,1,10
CNP0405816.0,-9.0,1.6808833650107309,4.84,2,1004.4577061501074,0,121,6,2,0,7
CNP0405916.4,-9.8,1.5075837453447596,4.283582089552239,4,2063.559003062136,13,287,25,2,0,19
CNP0405920.1,-10.0,1.4822503513553211,5.555555555555555,4,1000.7412420167208,4,150,6,1,0,6
CNP0405924.1,-9.4,2.1464022788158186,4.333333333333333,0,930.4416199558602,5,143,9,3,0,11
CNP0405959.1,-10.3,1.370613275328808,4.806451612903226,4,1166.983266228171,2,149,7,3,0,8
CNP0405966.0,-9.9,1.2959987026290425,5.6,6,1451.7210823075934,0,168,6,3,0,9
CNP0406262.0,-9.8,1.1056744616026413,5.294117647058823,6,1457.0546926945435,1,180,6,1,0,7
CNP0406298.0,-9.6,1.7179671790263915,5.172413793103448,3,1274.627068169012,1,150,6,1,0,8
CNP0406521.0,-9.6,1.4199563893254237,5.125,4,1423.229981868281,1,164,6,2,0,8
CNP0406744.0,-5.9,1.9746437019429672,4.5,2,286.84559249293704,0,45,6,2,0,4
CNP0406863.0,-8.346,1.7142376235238204,5.4,3,844.9162929416781,0,135,6,0,0,9
CNP0406938.0,-9.5,1.6884402691561762,4.96875,3,1349.8097623329309,1,159,6,2,0,9
CNP0406960.3,-9.6,1.473441840876342,5.115384615384615,2,833.2680747657602,2,133,6,0,0,9
CNP0407002.1,-8.0,1.9405527500805075,5.217391304347826,3,612.3763258230556,4,120,7,2,2,3
CNP0407007.1,-9.8,1.5801738606524456,4.555555555555555,2,1067.3550709798756,1,123,6,2,0,6
CNP0407030.0,-8.2,1.5879998095940389,5.148148148148148,3,878.0034940368351,1,139,6,1,0,10
CNP0407104.2,-10.2,1.3761285182654417,5.333333333333333,5,1234.8887261914358,9,192,6,5,1,15
CNP0407119.1,-9.0,1.4914737867528107,4.6,2,1555.216950903129,1,184,6,6,0,9
CNP0407153.0,-8.5,1.7978266148884867,4.807692307692308,2,931.6445257850964,1,125,6,3,0,8
CNP0407174.0,-5.9,1.9634758999636512,4.5,2,316.845592492937,0,45,6,2,0,4
CNP0407207.0,-11.1,1.0824651751334389,4.794117647058823,2,1388.9480893603293,0,163,6,1,0,6
CNP0407277.1,-10.0,1.0975544382297464,5.148148148148148,5,930.6935567442129,2,139,6,2,0,7
CNP0407326.1,-10.8,1.400560087969862,4.833333333333333,2,1446.979824543853,5,174,6,7,0,15
CNP0407441.1,-10.17,1.34877121657413,5.242424242424242,4,932.9412618462654,4,173,6,2,3,6
CNP0407541.1,-11.3,1.3074131585406406,5.8,5,1147.6276780406852,13,232,6,2,3,9
CNP0407614.1,-9.6,1.1908047729975972,4.8108108108108105,2,1183.3609406580688,4,178,6,4,1,15
CNP0407642.0,-9.1,1.4407335816514346,4.296296296296297,2,976.5193785032816,0,116,6,1,0,5
CNP0407801.1,-11.5,1.1197631374174457,5.470588235294118,6,1399.7615435110092,3,186,6,0,0,7
CNP0407892.1,-9.2,1.830802810308352,4.848484848484849,3,1001.405076090518,5,160,6,2,2,9
CNP0407945.0,-9.0,1.4192790971799258,4.892857142857143,3,1055.195554000918,0,137,6,1,0,6
CNP0408066.0,-9.8,1.4102590166307003,4.769230769230769,2,954.2784581074696,0,124,7,1,0,4
CNP0408070.1,-9.168,1.6607828527263366,5.636363636363637,4,793.1434773011309,1,124,6,0,1,3
CNP0408285.0,-8.7,1.4089365273439474,4.9,3,1036.697495407768,0,147,6,1,0,9
CNP0408419.2,-8.3,2.065909789871973,4.589743589743589,0,1299.06163569004,7,179,6,3,0,7
CNP0408431.1,-10.0,1.1151658340010684,5.586206896551724,7,857.0729080624918,3,162,6,1,1,5
CNP0408477.1,-9.1,1.2848636632121964,5.214285714285714,3,787.6103033786126,1,146,6,0,1,7
CNP0408504.2,-10.6,1.6239333209955076,5.470588235294118,4,848.4068896207552,11,186,6,6,4,7
CNP0408560.1,-8.4,1.5202464601943957,5.782608695652174,5,723.4866999136365,2,133,6,0,1,5
CNP0408624.1,-9.9,1.4585476883306754,4.586956521739131,2,1094.6902080966474,16,211,16,5,1,14
CNP0408748.1,-8.9,1.4473061712371351,4.51063829787234,3,1626.22738703303,3,212,7,3,0,11
CNP0408823.1,-9.8,1.4706577813738189,5.206896551724138,4,629.4429789185226,9,151,6,0,2,3
CNP0408843.0,-7.2,2.280473975773483,4.619047619047619,2,850.1034400184823,0,97,6,2,0,10
CNP0408996.1,-10.3,1.6356930346886192,4.47457627118644,0,1365.2148245062956,19,264,16,4,1,16
CNP0409011.0,-8.0,1.550276676536964,5.314285714285714,4,1376.3028311559044,1,186,7,1,0,8
CNP0409015.1,-8.1,2.020573919081666,4.962962962962963,2,744.8471904211971,6,134,6,1,1,2
CNP0409104.1,-6.6,3.013368761279628,4.6875,0,398.0135695984021,2,75,5,2,1,6
CNP0409123.0,-11.3,1.215496737644599,4.625,2,1372.3740988720954,0,148,6,1,0,6
CNP0409371.0,-11.29,1.163539871353816,5.0,4,1199.0054783296866,1,165,6,2,1,8
CNP0409448.1,-9.1,1.7928940016173325,5.0,3,1208.953729416111,1,165,6,5,1,11
CNP0409478.1,-8.5,1.4336655509716243,5.125,3,597.8892804423258,1,123,6,0,1,5
CNP0409505.1,-10.0,1.0191303136321748,5.047619047619048,6,1343.7162452268644,3,212,6,1,0,9
CNP0409524.0,-10.6,1.1147428154949663,4.517241379310345,2,1050.410938643641,0,131,6,1,0,6
CNP0409571.0,-11.7,1.0260837140990755,4.8,4,1274.8239100900405,0,168,6,2,0,9
CNP0409639.0,-10.8,1.152698545981795,4.75,3,1014.1101531453317,1,133,6,3,0,9
CNP0409658.0,-10.1,1.159307905766351,4.666666666666667,2,1038.8982860221954,1,126,6,1,0,9
CNP0409760.2,-7.1,1.605870888634261,4.0,0,530.0271224680207,1,76,6,1,0,5
CNP0409952.2,-9.8,2.142175674656162,3.75,0,1563.6869085175636,3,195,6,2,2,2
CNP0409969.1,-10.9,1.0153673213801753,5.483870967741935,4,1048.1985494364608,8,170,6,2,0,4
CNP0410086.1,-8.4,1.6710744504744757,4.518518518518518,2,804.2150060131436,2,122,6,2,0,5
CNP0410214.1,-8.906,1.6482750439269562,4.4,2,1065.7406189464514,1,132,6,3,1,7
CNP0410295.0,-9.2,1.498444915301725,4.648648648648648,2,1332.242827985166,1,172,6,1,0,9
CNP0410341.0,-8.9,1.142904656808538,4.580645161290323,4,1178.2222556201775,0,142,6,2,0,7
CNP0410482.1,-7.3,2.272924181706281,3.64,0,468.7069712765646,4,91,5,3,0,5
CNP0410699.1,-11.0,0.9510578728926152,5.552631578947368,5,2092.943984259171,28,422,6,15,6,23
CNP0410700.2,-9.9,1.309424732408023,5.837837837837838,5,1107.2091100143728,11,216,6,1,3,7
CNP0410814.1,-5.1,3.160717628526889,2.933333333333333,0,154.61494265021685,1,44,0,0,0,2
CNP0411026.1,-8.9,2.038744259991757,4.392857142857143,0,741.2799989754924,5,123,6,4,0,13
CNP0411077.1,-6.5,2.61939799826051,4.0,0,320.3266529435302,1,64,6,0,0,1
CNP0411111.1,-10.0,1.6285536763902886,5.583333333333333,4,875.1551231446788,10,201,6,6,5,6
CNP0411149.1,-11.6,1.1335782358868332,4.96875,3,919.8341096270522,4,159,6,1,0,8
CNP0411216.1,-12.66,0.8824924302610229,6.524390243902439,19,3887.371238867506,14,535,14,9,7,15
CNP0411225.1,-8.8,1.683553132438692,5.277777777777778,4,993.5817249508032,8,190,6,2,4,7
CNP0411260.3,-8.064,2.3955434665110618,5.0,2,485.0590078439996,5,105,6,3,2,5
CNP0411262.1,-11.0,1.030019462926175,4.909090909090909,5,1371.5077109341548,2,162,6,2,0,9
CNP0411266.1,-9.1,1.3449098547664131,4.487804878048781,3,1442.694860445789,1,184,7,4,0,12
CNP0411459.3,-9.454,1.385298167366539,5.0285714285714285,4,786.4327212867729,9,176,6,0,2,3
CNP0411770.0,-8.6,1.302009271434823,4.363636363636363,2,1431.8763127507682,1,192,6,1,0,9
CNP0411866.2,-7.2,1.8152434443384688,7.0,4,409.65801413712745,6,112,6,0,3,1
CNP0411910.0,-9.0,1.3802802507422645,5.25,3,1251.9267351508431,1,147,6,1,0,6
CNP0411931.1,-9.7,1.628745264133995,5.535714285714286,4,661.3781236243162,10,155,6,2,2,5
CNP0411965.0,-9.9,1.2440000859010854,5.233333333333333,5,1024.437392590569,3,157,6,1,1,8
CNP0411977.0,-8.3,1.703221889398406,4.576923076923077,2,943.4948743708412,0,119,6,0,0,6
CNP0412043.0,-7.7,1.4888306555527568,4.5,2,717.466894366211,0,90,6,1,0,5
CNP0412075.1,-10.3,1.1030706979946736,5.0181818181818185,2,1869.671703151478,15,276,6,10,0,20
CNP0412125.1,-10.0,1.4890534755668252,6.0,5,781.3277300717058,10,192,6,0,5,1
CNP0412125.2,-10.0,1.4890534755668252,6.0,5,781.3277300717058,10,192,6,0,5,1
CNP0412144.1,-8.8,1.543049401269031,5.4,5,1073.537708492065,2,162,8,0,0,8
CNP0412215.1,-8.5,2.4201202752359383,3.866666666666666,0,620.721464712739,2,116,6,4,1,9
CNP0412461.1,-10.31,0.9974520509655928,5.112676056338028,9,2857.111463769282,9,363,16,3,1,11
CNP0412532.1,-10.3,1.5482002735499296,6.2,5,741.1372703609898,8,186,6,0,5,0
CNP0412617.0,-10.2,1.161610092837657,5.59375,7,1403.384378158549,0,179,6,1,0,8
CNP0412618.3,-10.3,1.5631612486586044,5.53125,4,788.6533058870602,9,177,6,2,4,2
CNP0412623.1,-8.1,1.425292471534175,4.655172413793103,4,878.7971458318344,2,135,6,1,0,6
CNP0412661.1,-10.4,1.4510161776754078,6.583333333333333,7,815.8569175704257,7,158,6,1,1,4
CNP0412736.1,-8.4,1.7409626893010337,4.461538461538462,4,756.3069234611453,1,116,15,2,0,5
CNP0412749.3,-8.6,1.6932340974237834,4.96,2,648.4736644348174,2,124,6,0,2,4
CNP0412760.0,-8.5,1.3637670052782336,4.407407407407407,2,789.5137709767534,1,119,6,2,0,6
CNP0412987.0,-11.9,1.0308242777914696,5.025,4,1930.3462063092245,0,201,6,1,0,4
CNP0413283.1,-10.6,1.2324112959462248,4.7407407407407405,3,911.0611836614672,2,128,6,1,0,8
CNP0413325.0,-7.7,3.090302341741052,3.0588235294117645,0,615.2948689679109,4,104,0,4,0,4
CNP0413438.0,-9.9,1.2377879677873898,5.324324324324325,6,1595.8152647995255,1,197,6,1,0,9
CNP0413521.0,-9.2,1.264707047122001,4.8,3,879.8734683772782,0,120,6,1,0,5
CNP0413549.1,-9.4,1.07921179325655,5.015384615384615,7,2447.4256140884418,5,326,6,9,1,13
CNP0413564.0,-8.2,1.5153840871116349,5.481481481481482,4,1171.1268262453102,0,148,6,0,0,5
CNP0413646.1,-11.2,1.1113239201311664,5.611111111111111,7,1307.9598054216556,4,202,6,0,0,8
CNP0413664.1,-8.8,1.214663283487579,4.402777777777778,0,2641.554890713424,9,317,6,7,1,21
CNP0413664.2,-8.8,1.214663283487579,4.402777777777778,0,2641.554890713424,9,317,6,7,1,21
CNP0413794.0,-9.3,1.544143757055428,5.666666666666667,4,1897.3190562426244,2,255,6,3,3,11
CNP0413926.1,-10.28,0.8104680559448216,5.224719101123595,4,2807.699463419493,26,465,6,6,5,24
CNP0413926.3,-8.818,0.8104680559448216,5.224719101123595,4,2807.699463419493,26,465,6,6,5,24
CNP0413934.1,-9.4,1.4452157426046806,5.115384615384615,2,1062.3369605246426,1,133,6,3,1,6
CNP0414110.1,-10.5,1.1256554585343643,4.964285714285714,3,817.2132519128368,4,139,6,0,0,7
CNP0414124.1,-9.772,1.272166747140167,5.0,3,2313.449479622669,4,275,6,3,1,18
CNP0414164.2,-8.7,1.56839173299429,6.24,5,621.207770555883,8,156,6,1,4,5
CNP0414626.1,-7.6,3.4083371349216867,3.083333333333333,0,598.0569747946298,2,111,0,1,0,3
CNP0414670.1,-9.1,0.9480565981742788,5.087719298245614,6,2186.588222199201,5,290,6,2,1,14
CNP0414750.1,-9.4,1.2562277043861614,5.018867924528302,3,2200.79976747575,4,266,6,2,1,17
CNP0414960.0,-8.8,1.476083964230979,5.21875,4,1256.1776979318972,1,167,7,1,0,7
CNP0415084.1,-10.6,1.1408853768396794,5.538461538461538,5,1401.4780929733734,2,216,6,1,2,10
CNP0415101.1,-12.2,1.081380181084795,5.569767441860465,12,4026.6134699132,4,479,9,4,2,20
CNP0415180.1,-8.9,1.2469694081662688,5.155555555555556,5,1724.7498547791593,3,232,6,2,1,12
CNP0415325.0,-10.4,1.2380036052331196,5.03125,4,1579.0938136320572,0,161,6,3,0,8
CNP0415380.1,-8.968,1.7492892021774,5.303030303030303,3,941.218606928823,7,175,6,0,3,7
CNP0415407.1,-9.1,1.3579143225861878,4.568627450980392,4,1893.453626126393,3,233,14,3,0,10
CNP0415416.0,-8.9,1.3872961402932145,6.166666666666667,8,2404.786732994035,0,259,6,6,0,8
CNP0415549.1,-8.7,1.4837516997074376,5.041666666666667,3,1768.5035350063029,4,242,6,2,1,13
CNP0415554.0,-10.4,1.358106848817748,5.137931034482759,2,1394.196077616698,0,149,6,3,0,6
CNP0415561.1,-9.1,2.534148800470691,3.631578947368421,0,856.3641735334269,6,138,12,7,0,11
CNP0415608.2,-10.1,1.167908161264405,5.161290322580645,4,792.9311017934475,9,160,6,2,1,4
CNP0415652.0,-7.4,1.84235755892862,6.055555555555555,4,390.558199082504,4,109,6,0,2,2
CNP0415674.1,-9.2,1.2922741276414345,5.0588235294117645,5,1070.4095736317615,3,172,6,1,0,6
CNP0415918.4,-7.5,1.3785810366757,3.6818181818181817,0,756.134074725339,7,162,5,4,0,7
CNP0415934.1,-11.4,0.8456713735451505,5.962962962962963,12,2493.0929299236536,2,322,6,0,0,11
CNP0416118.1,-11.3,0.8542457612191334,6.081081081081081,11,2574.4098767605856,20,450,6,3,6,12
CNP0416139.2,-10.2,1.1694816896693063,4.549019607843137,0,1400.326326261758,12,232,6,9,1,15
CNP0416196.1,-11.52,1.0517868671830803,5.482142857142857,4,1668.2465168081294,16,307,6,5,5,14
CNP0416196.2,-10.69,1.0517868671830803,5.482142857142857,4,1668.2465168081294,16,307,6,5,5,14
CNP0416197.1,-8.1,1.5508406947405735,6.04,5,708.5041462299563,7,151,6,0,2,4
CNP0416287.1,-9.1,1.1910793284831322,5.888888888888889,9,2063.5926186291526,9,318,9,4,5,11
CNP0416297.1,-9.6,1.3692645421120606,5.08,3,1454.1201673604062,9,254,9,3,4,7
CNP0416375.1,-7.439,1.8746605056411687,4.4,2,489.2936204121439,1,66,6,3,0,4
CNP0416390.1,-8.3,1.367242822093783,4.803571428571429,5,1736.912107383543,10,269,7,8,2,10
CNP0416511.1,-8.5,1.741981507276631,4.410256410256411,0,1024.4085592071754,6,172,6,6,0,10
CNP0416522.2,-7.6,1.701379367051682,4.2727272727272725,3,2074.349680302839,16,329,21,16,0,25
CNP0416529.1,-8.7,1.454831636904295,4.756756756756757,2,1032.9386097335123,7,176,6,5,0,9
CNP0416543.1,-8.9,1.4440248597118872,4.962962962962963,3,702.4381916983477,1,134,6,1,1,7
CNP0416563.1,-8.4,1.7409256650875962,5.875,4,501.8673167892311,7,141,6,2,4,4
CNP0416563.2,-8.5,1.7409256650875962,5.875,4,501.8673167892311,7,141,6,2,4,4
CNP0416722.1,-12.0,1.1353774367769458,5.727272727272728,4,1655.9788108129983,18,315,6,6,5,14
CNP0416737.1,-7.4,1.750058354033315,4.277777777777778,3,1620.678296579896,7,231,10,8,1,9
CNP0416740.1,-10.4,1.0709814232519392,5.611940298507463,5,1833.639152970627,24,376,6,11,7,19
CNP0416787.1,-10.5,1.4575749918256902,5.275862068965517,4,701.102382514109,9,153,6,1,2,1
CNP0416808.1,-10.3,1.3661998660940895,6.764705882352941,7,995.3807699230828,12,230,6,3,6,6
CNP0416843.1,-9.1,2.019921737104902,4.185185185185185,0,755.6418951719269,1,113,11,1,1,4
CNP0416989.1,-10.3,1.314881369063699,6.352941176470588,7,978.7064323080036,8,216,10,1,5,2
CNP0417065.1,-8.6,1.8894674710079185,5.363636363636363,3,431.4231813032625,5,118,6,1,4,2
CNP0417183.1,-8.043,2.3160215116476985,5.075,3,1176.516341589751,5,203,6,1,4,5
CNP0417258.1,-9.55,0.9218109814070804,5.883720930232558,11,3343.1349445146584,16,506,10,6,8,12
CNP0417309.3,-8.1,2.3857192015581616,3.952380952380953,0,463.2394114148432,4,83,6,6,0,8
CNP0417335.1,-9.4,1.4563269702761688,4.479166666666667,0,1431.7547639143022,10,215,6,9,0,17
CNP0417363.1,-9.2,1.1402236161428023,4.784810126582278,6,2802.700906260989,11,378,20,11,2,14
CNP0417372.1,-11.0,1.1415569772371137,4.895833333333333,3,1902.2993312222288,4,235,6,8,0,13
CNP0417372.2,-9.2,1.1415569772371137,4.895833333333333,3,1902.2993312222288,4,235,6,8,0,13
CNP0417382.1,-9.4,1.045519895199696,6.232876712328767,13,2482.944503639664,19,455,19,9,9,15
CNP0417441.1,-9.0,0.9832320448983056,5.448717948717949,8,2825.7579895254607,21,425,13,10,4,15
CNP0417538.1,-10.2,1.1863171595862434,6.020408163265306,10,2027.1333918907635,7,295,14,9,3,14
CNP0417574.1,-9.1,1.647326524831188,5.088888888888889,0,961.5975208058044,17,229,6,13,3,20
CNP0417725.1,-8.8,1.695259613925165,5.56,4,985.4794572380462,3,139,6,1,2,5
CNP0417730.1,-8.4,1.7646411769955346,5.424242424242424,4,903.2854656547772,6,179,6,6,3,9
CNP0417767.4,-6.9,1.7192645167453853,4.0588235294117645,0,433.2854737626094,2,69,6,0,0,3
CNP0417822.2,-7.0,1.6482200275788157,4.863636363636363,3,458.3515363680081,5,107,6,1,1,3
CNP0417856.1,-10.1,1.6618503162122389,4.878787878787879,0,878.6424351847033,8,161,6,10,2,15
CNP0417964.1,-10.6,1.1596978110031035,5.686567164179104,5,2016.693785080449,19,381,6,11,7,16
CNP0418001.1,-10.2,1.566400787539252,5.627906976744186,5,1361.191720010285,10,242,6,3,4,13
CNP0418113.1,-11.1,0.6634404928858435,5.196428571428571,12,8594.783217199452,15,873,11,37,0,66
CNP0418113.3,-8.4,0.6634404928858435,5.196428571428571,12,8594.783217199452,15,873,11,37,0,66
CNP0418122.3,-10.8,1.684377364324285,6.5,5,999.1184862921164,6,182,6,5,5,9
CNP0418236.1,-8.0,3.693352496896645,4.039473684210527,0,1998.1421591869728,11,307,36,9,0,23
CNP0418325.2,-8.2,1.8904217434994703,4.785714285714286,3,722.5386223859373,6,134,13,1,1,6
CNP0418423.1,-6.9,1.846337414817541,4.5,2,288.9077693381438,4,63,6,2,0,3
CNP0418425.1,-8.5,1.413852354656432,4.754385964912281,5,1749.125423199495,9,271,10,8,2,12
CNP0418600.4,-9.1,1.711556084534079,5.777777777777778,4,753.8020968349459,8,156,6,3,3,5
CNP0418618.1,-7.0,1.46354509923014,4.543859649122807,4,1594.3923403937597,8,259,12,8,3,10
CNP0418685.2,-8.56,1.3378424577394512,4.9393939393939394,4,716.0851595435958,8,163,6,0,2,3
CNP0418733.7,-10.99,1.2782774120383271,6.032258064516129,6,756.3353934245694,12,187,6,1,3,4
CNP0418816.1,-9.7,1.5216980127344897,4.953488372093023,0,899.451090585133,20,213,6,14,0,20
CNP0419011.2,-9.3,1.4418168532313815,5.0,0,1044.5899706882328,1,140,6,0,0,7
CNP0419184.2,-8.7,1.7757070021743568,5.488372093023256,4,1325.023867921671,10,236,8,5,4,12
CNP0419194.0,-10.4,1.9006202757542443,4.888888888888889,0,1471.6011927711695,0,176,6,11,0,15
CNP0419244.2,-8.0,1.3456961901631008,4.545454545454546,3,468.0735692671592,4,100,6,1,0,3
CNP0419261.4,-9.0,1.8901093927044992,5.75,4,1089.1078213777205,8,207,6,0,5,8
CNP0419293.1,-8.8,1.1154672733009734,5.826086956521739,11,2241.996067895868,18,402,19,8,7,14
CNP0419306.1,-10.9,1.1056613491058018,4.868421052631579,7,2757.8663620376724,12,370,20,11,2,14
CNP0419327.1,-6.5,4.292328800308409,3.130434782608696,0,701.8693184033561,2,144,0,3,0,7
CNP0419430.2,-6.3,2.19834475104661,3.615384615384616,0,190.57992584002,2,47,5,2,0,5
CNP0419479.3,-10.0,1.4737882702613547,5.057142857142857,2,745.5332259885853,15,177,6,9,1,14
CNP0419536.0,-5.8,3.055514579514486,2.75,0,363.70980707460393,0,44,0,0,0,1
CNP0419631.3,-9.1,1.623132939890071,5.761904761904762,4,623.4776116106385,5,121,6,0,2,2
CNP0419631.4,-9.0,1.623132939890071,5.761904761904762,4,623.4776116106385,5,121,6,0,2,2
CNP0419645.1,-8.7,1.0950477421109082,4.666666666666667,6,1982.9015493500613,14,322,13,9,1,17
CNP0419758.1,-12.08,0.7485379044491083,6.38,22,4864.31094931278,17,638,14,11,8,18
CNP0419781.1,-10.44,0.7794344313985473,6.336734693877551,20,4676.510098010536,16,621,14,11,8,18
CNP0419823.2,-6.5,4.155703159341949,3.1403508771929824,0,1219.455138745988,3,179,0,3,0,11
CNP0419824.4,-10.88,1.1684109371099571,5.055555555555555,2,1848.727404662642,15,273,6,13,0,21
CNP0419939.1,-11.4,0.8062542434753986,6.91764705882353,21,3483.841512935129,21,588,15,2,8,8
CNP0419996.0,-11.3,1.5104142265800142,4.181818181818182,0,1406.3935678918565,2,184,6,2,2,4
CNP0420145.1,-11.7,1.022673984497875,5.266666666666667,6,2276.120431916843,8,316,6,5,1,9
CNP0420162.4,-11.4,0.9791652253236668,5.1923076923076925,4,1575.4776361609524,10,270,6,3,4,10
CNP0420275.2,-9.6,1.3881092980796113,5.673913043478261,6,1851.217513516572,4,261,6,6,2,14
CNP0420278.1,-9.9,0.8592565393550002,6.102272727272728,16,3167.578935712334,27,537,19,10,9,17
CNP0420307.1,-10.5,1.0840312657143183,5.3,6,868.761943559075,4,159,6,0,0,6
CNP0420378.1,-10.47,0.8076523629428657,5.932584269662922,13,3492.7606454230945,18,528,9,3,9,7
CNP0420412.1,-9.3,1.4613951319334313,4.485714285714286,3,1120.2126370443634,1,157,15,3,0,6
CNP0420517.1,-11.3,1.039567562148417,4.964285714285714,6,1903.6156184480824,9,278,13,5,1,14
CNP0420565.1,-8.3,1.100844283324982,5.8125,10,1940.523785517692,17,372,18,8,6,14
CNP0420788.1,-8.8,1.7190352058616227,4.306122448979592,2,1561.5651864502856,4,211,10,4,0,9
CNP0420839.2,-8.4,0.8278185277474661,5.37,5,2942.037768443733,38,537,6,16,6,33
CNP0420926.1,-10.4,0.8709237988114518,4.295774647887324,4,1460.342297723502,14,305,6,3,2,6
CNP0420929.1,-9.0,2.049159664583507,4.0285714285714285,0,924.9498182915556,3,141,6,4,0,12
CNP0420976.1,-9.9,1.4959134195155328,4.833333333333333,2,1149.3962499912732,1,145,6,1,1,6
CNP0420992.1,-9.6,1.329819523333372,6.25,6,1578.7733748149155,13,275,7,4,5,10
CNP0421105.2,-10.2,1.062126535684478,5.590909090909091,4,1716.6482902332066,27,369,6,11,6,18
CNP0421170.1,-9.3,1.5229623168504507,6.392857142857143,5,805.2504566672864,7,179,6,0,5,2
CNP0421171.1,-8.9,1.4412953605935643,4.589743589743589,0,1265.009189258513,2,179,6,4,1,7
CNP0421177.2,-10.2,1.2380089912237222,4.970588235294118,3,1153.7880294103377,3,169,7,3,0,10
CNP0421264.1,-8.9,1.4076166882174688,4.125,0,1002.8558834928548,4,165,6,5,0,9
CNP0421368.1,-9.9,1.3641602721799575,4.462962962962963,0,1746.6812910642,6,241,6,7,0,15
CNP0421400.1,-11.1,1.0319398897863703,5.462686567164179,5,2242.4342048161616,15,366,10,7,6,10
CNP0421456.1,-8.9,1.1437892542819743,5.797101449275362,8,2208.185271620277,20,400,10,10,7,15
CNP0421488.1,-8.8,1.594083658503542,5.972972972972973,5,984.1826600444618,11,221,6,5,6,6
CNP0421648.1,-8.6,1.471399468997063,5.75,4,954.124352205484,2,138,6,0,1,3
CNP0421671.1,-8.0,1.4132442010015425,4.228070175438597,2,1910.149853351032,7,241,6,9,1,27
CNP0421678.1,-9.3,1.9378782123974136,5.434782608695652,3,577.4358604704929,5,125,6,2,3,3
CNP0421728.1,-10.1,1.5503905289004098,5.5625,4,773.3277300717059,8,178,6,1,4,1
CNP0421768.2,-8.2,1.4654166334110283,3.767441860465116,0,758.1248213470888,8,162,5,5,0,8
CNP0421772.0,-5.2,2.4464306229984385,3.909090909090909,0,222.84252842272392,0,43,6,1,0,3
CNP0421903.1,-10.8,0.8201452759391243,6.144444444444445,17,3326.920602054589,27,553,19,10,9,17
CNP0421919.1,-11.0,0.9233947010422732,5.76,7,2143.587581984976,29,432,6,11,7,21
CNP0421924.0,-8.9,1.5262323127070825,4.541666666666667,2,836.5276475026222,0,109,6,1,0,4
CNP0421941.1,-6.1,3.187833612774007,2.95,0,286.2014596151464,2,59,0,2,0,4
CNP0421964.2,-9.9,1.1118937118996697,4.535714285714286,3,806.3569656360276,4,127,6,2,0,5
CNP0421984.2,-8.1,2.047613076331782,5.425,4,1144.1116008493923,10,217,8,3,4,12
CNP0422051.1,-8.1,1.7370287944882588,4.7,2,964.5260855349374,6,141,6,6,0,16
CNP0422053.0,-10.2,1.9655871696277745,5.055555555555555,2,1267.022385084978,0,182,6,3,2,7
CNP0422118.0,-11.5,1.0832884821435735,4.684210526315789,2,2433.982735643412,5,267,6,8,0,17
CNP0422144.1,-9.428,1.5100767374298434,4.620689655172414,0,733.695179163415,7,134,6,3,1,4
CNP0422187.1,-9.2,1.1227431206818972,4.653846153846154,6,1971.263115808444,5,242,12,5,0,9
CNP0422217.1,-12.7,0.7381705269863306,6.96,22,4155.097214251609,32,696,9,4,11,13
CNP0422261.1,-10.1,1.2001773865068943,5.186046511627907,10,1682.7894774766885,2,223,19,3,0,7
CNP0422263.1,-8.675,1.2646220701188249,4.6,4,1971.1112277193995,11,276,6,11,0,15
CNP0422322.1,-9.7,1.573908174182315,5.256410256410256,4,1006.6182697432832,11,205,6,5,3,7
CNP0422335.1,-9.1,1.5309012341733703,4.294117647058823,2,832.654155405108,6,146,6,5,0,8
CNP0422368.4,-9.78,1.4957743869218114,6.0588235294117645,6,1034.6269836144204,6,206,6,0,4,4
CNP0422390.2,-8.0,1.9297434987363904,4.25,0,367.88803765850287,6,102,6,0,0,3
CNP0422390.3,-7.7,1.9297434987363904,4.25,0,367.88803765850287,6,102,6,0,0,3
CNP0422497.1,-9.3,1.502709330527768,4.666666666666667,2,1173.0217263752045,5,168,6,3,1,9
CNP0422516.1,-11.2,0.885161739978386,5.311827956989247,14,3489.550026219757,18,494,17,9,3,15
CNP0422611.3,-9.6,1.4943564409651136,4.464285714285714,0,817.4554412254281,5,125,6,6,0,8
CNP0422683.2,-10.3,1.2736532416340802,4.928571428571429,2,1892.006120693865,14,276,6,9,0,18
CNP0422742.1,-9.0,1.517463303819929,4.973684210526316,2,1123.64768859386,8,189,6,8,1,12
CNP0422759.1,-11.5,0.7838914524398007,6.8,20,3779.7843015118974,28,646,9,4,10,13
CNP0422788.0,-5.5,2.296823779528462,3.636363636363636,0,184.4531007474628,0,40,6,0,0,0
CNP0422790.1,-8.9,1.0582681053680807,6.333333333333333,12,2184.955064591412,17,399,7,9,9,11
CNP0422830.1,-9.0,1.851605406776268,4.37037037037037,0,729.5425249675945,4,118,6,4,1,9
CNP0422832.1,-7.3,1.6447956300577935,4.578947368421052,2,1066.6004260388818,4,174,11,2,1,8
CNP0422859.1,-10.0,1.2608966413989386,5.354838709677419,2,960.3226833510324,2,166,6,1,2,3
CNP0423104.1,-11.5,0.9302401003905952,5.230769230769231,6,2411.938558268441,8,340,6,5,1,9
CNP0423265.1,-7.439,1.805717744592079,5.0,2,635.8538801975434,3,115,6,1,2,3
CNP0423310.1,-8.941,1.3685060228222687,5.530612244897959,7,1572.8478408036567,10,271,15,7,4,15
CNP0423448.1,-11.0,0.98665833325467,6.444444444444445,13,2402.836876132607,14,406,15,2,3,8
CNP0423557.1,-8.8,1.1305524018670712,5.706896551724138,6,1640.9274947258443,13,331,6,4,8,7
CNP0423613.0,-5.6,2.028565677264321,4.6,2,316.845592492937,0,46,6,1,0,4
CNP0423749.1,-9.8,1.434397264554795,4.885714285714286,4,1077.1696510430415,5,171,8,2,3,7
CNP0423823.0,-7.8,1.7847360401678625,4.888888888888889,2,1066.3388934696984,0,132,6,1,0,7
CNP0423854.1,-8.6,1.5475247723436552,6.518518518518518,8,746.9851689619286,10,176,6,1,3,5
CNP0423855.1,-10.4,1.4257807929888415,6.433333333333334,7,1455.1207614970667,2,193,6,3,2,6
CNP0423868.4,-11.2,1.2608111982509798,5.2926829268292686,4,1727.5416483027748,3,217,6,7,1,11
CNP0423886.1,-8.6,1.3248313531950329,5.078431372549019,2,1730.259339161797,14,259,6,12,0,19
CNP0423911.0,-6.1,2.2900869604570624,3.5,0,307.6188871743085,0,63,6,1,0,2
CNP0424066.1,-10.1,0.9115303951987754,5.457831325301205,5,2486.2715010745337,31,453,6,12,4,29
CNP0424066.3,-10.5,0.9115303951987754,5.457831325301205,5,2486.2715010745337,31,453,6,12,4,29
CNP0424073.1,-10.1,1.4790960058950071,7.346153846153846,8,710.1246466180115,12,191,6,3,4,5
CNP0424149.1,-8.2,1.990600783385426,5.304347826086956,3,651.7979372041814,4,122,7,1,2,3
CNP0424173.2,-7.6,1.834539814244437,6.190476190476191,4,586.971262626573,5,130,6,2,3,6
CNP0424214.1,-8.4,1.0397278775723595,4.553191489361702,5,1081.6363136150917,7,214,7,1,2,9
CNP0424339.4,-10.3,0.8853402544335066,5.419753086419753,5,2524.049741908537,26,439,6,10,6,27
CNP0424379.5,-10.8,0.8891803415486276,5.345679012345679,5,2505.2753152990927,27,433,6,9,5,26
CNP0424401.0,-9.851,1.4583623821975966,5.208333333333333,3,1019.6032858452056,0,125,6,2,0,7
CNP0424492.1,-9.643,1.420153636163442,5.482142857142857,7,2850.1747274774925,4,307,17,13,0,22
CNP0424541.1,-7.9,1.9348718729487748,5.416666666666667,3,543.2019467060215,6,130,6,0,4,3
CNP0424559.2,-9.5,0.8509254857199402,4.863636363636363,6,1163.1059738324957,6,214,6,1,0,9
CNP0424677.2,-8.5,1.6488639072868767,5.051282051282051,4,1601.411354221586,2,197,10,6,0,8
CNP0424701.0,-10.7,1.6594006885899115,4.7407407407407405,2,1117.8491122043783,0,128,6,5,1,7
CNP0424776.1,-8.3,1.709905170830619,6.583333333333333,5,752.8561071484326,6,158,6,2,4,5
CNP0424780.1,-10.6,1.2685424647057704,6.457142857142857,7,937.3172858379024,12,226,6,1,5,5
CNP0424799.1,-9.9,1.2704945518418873,5.433333333333334,4,973.6885027222,6,163,6,5,1,8
CNP0424830.1,-10.6,1.5448974852021595,6.916666666666667,8,633.1283883532155,10,166,6,2,3,4
CNP0424841.1,-10.7,1.2394240153052842,5.069767441860465,3,1448.206084038598,10,218,6,7,0,14
CNP0424948.1,-8.4,1.849436355390516,5.4375,3,376.8961901224146,3,87,7,0,2,1
CNP0425036.1,-9.3,1.643915270736016,4.666666666666667,2,901.8164497099872,1,112,6,3,0,9
CNP0425062.1,-8.4,1.439181536758068,6.172413793103448,7,709.9493402672981,11,179,6,1,3,7
CNP0425171.1,-7.2,2.37600336826332,3.8461538461538463,0,539.9364127727995,5,100,3,5,0,10
CNP0425309.1,-9.8,1.5133133676810686,5.366666666666666,4,606.9155984943523,12,161,6,3,2,3
CNP0425325.1,-9.7,1.562472928928745,7.032258064516129,7,853.7816225883246,13,218,6,2,4,8
CNP0425345.1,-9.1,1.6300394695400051,4.933333333333334,4,1472.512556285486,12,222,6,3,2,15
CNP0425385.1,-9.6,1.6070933282820363,4.535714285714286,2,772.6678476520286,4,127,7,3,0,9
CNP0425431.1,-10.8,1.19143426684068,4.985507246376812,2,2301.7106878831883,20,344,6,13,0,24
CNP0425509.2,-10.3,1.0882385690840422,5.283018867924528,4,1330.6292580939955,21,280,6,9,3,14
CNP0425534.2,-6.9,1.9550331288084963,4.368421052631579,2,418.97800204516153,3,83,10,0,1,2
CNP0425699.2,-8.5,1.4101547891261768,6.552631578947368,9,1171.2203473641755,15,249,6,2,4,9
CNP0425716.1,-10.2,1.7473475108653964,6.0,4,659.7979372041814,5,138,6,1,3,3
CNP0425761.2,-8.5,1.4796421263362218,4.795918367346939,2,1734.8347544411004,10,235,6,7,0,15
CNP0425790.2,-8.6,2.0520911431629267,4.266666666666667,0,845.5930774108327,5,128,6,5,0,14
CNP0425818.1,-11.19,1.464261588418852,6.652173913043479,7,759.7365497808033,8,153,6,3,1,4
CNP0425864.2,-9.1,1.7406512452973049,4.705882352941177,0,1110.331892649486,5,160,6,10,0,13
CNP0425908.1,-8.0,3.183254793742956,4.056603773584905,0,1379.706475097214,6,215,6,11,1,20
CNP0425916.1,-7.8,1.8267616700220968,4.380952380952381,0,468.7843008442798,4,92,5,1,0,6
CNP0425926.1,-6.507,2.2571968347282194,3.6875,0,296.5568123098585,1,59,6,0,0,1
CNP0425960.1,-8.4,1.8391780471973624,5.0,3,642.024289390012,5,120,6,0,1,4
CNP0426014.1,-10.8,1.3596591578140136,5.439024390243903,6,1790.8010917434003,2,223,9,4,2,10
CNP0426027.1,-9.3,1.4221671958769573,6.916666666666667,9,1111.3317966369195,15,249,6,4,5,9
CNP0426086.0,-8.6,1.748905463682573,4.67741935483871,3,1281.045615986381,0,145,6,3,0,7
CNP0426194.1,-8.856,1.3680304544957045,5.684210526315789,8,2071.8733070685707,15,324,6,0,3,14
CNP0426206.1,-8.4,1.925907484779449,5.023809523809524,4,1143.1110287599631,11,211,10,1,3,12
CNP0426218.1,-8.2,1.970623238874806,5.214285714285714,3,741.3090096912377,5,146,6,1,4,6
CNP0426251.1,-9.469,1.6247138191613362,4.5813953488372094,0,1049.9262595699504,12,197,6,9,1,16
CNP0426255.0,-8.6,1.3293769186297189,4.35,0,5316.105790731515,0,522,6,0,0,42
CNP0426266.2,-10.4,1.4220646770676313,5.116279069767442,2,1518.3850630802626,10,220,6,11,0,16
CNP0426358.1,-6.4,2.1671299559478627,4.166666666666667,0,4653.494920860331,10,575,6,22,9,46
CNP0426359.1,-10.7,1.3503779256063275,5.757575757575758,4,809.4435808354451,12,190,6,4,4,4
CNP0426425.1,-7.1,1.5870503329434065,5.482758620689655,5,1017.0925735723596,2,159,6,0,0,7
CNP0426443.1,-10.2,1.6227733720966115,5.057142857142857,2,1378.9198287908207,5,177,6,9,0,14
CNP0426443.2,-9.7,1.6227733720966115,5.057142857142857,2,1378.9198287908207,5,177,6,9,0,14
CNP0426466.1,-8.2,1.6497003858078534,5.434782608695652,4,711.2182909967041,2,125,6,2,1,5
CNP0426503.1,-11.9,1.196302710956146,4.891304347826087,2,1742.429417508179,10,225,6,9,0,19
CNP0426578.0,-8.1,1.329178523433896,4.35,0,5316.105790731515,0,522,6,0,0,42
CNP0426614.1,-10.43,1.978043354823864,4.30188679245283,2,1601.6395441018071,8,228,21,9,0,19
CNP0426678.1,-10.5,0.8523706699544367,5.613333333333333,10,2656.15091000052,23,421,7,7,6,20
CNP0426779.1,-12.4,1.0484668385188591,6.037037037037037,7,1564.3590220974836,19,326,6,7,7,13
CNP0426813.1,-9.3,0.9230384017442812,5.379310344827586,5,2755.029322432344,31,468,6,12,4,33
CNP0426818.1,-10.7,1.139962698581488,4.8604651162790695,2,1322.793308704965,10,209,6,6,0,12
CNP0426820.3,-10.5,0.6593644247778968,5.30188679245283,11,3406.575751640941,38,562,8,10,5,35
CNP0426822.3,-7.6,2.300614573027673,3.56,0,1117.0939299094812,4,178,6,2,0,14
CNP0426849.0,-8.331,1.6892909281805928,5.133333333333334,4,1153.438070629847,1,154,6,1,0,5
CNP0426861.1,-10.3,1.5666606249295354,7.84,9,755.9781853345931,13,196,6,4,4,5
CNP0427035.2,-6.3,3.5754465932813706,3.125,0,276.9022938794015,2,50,0,2,0,3
CNP0427157.0,-7.6,1.941883086128836,4.764705882352941,0,565.9874459350021,0,81,5,1,0,2
CNP0427181.1,-8.2,2.474382932422249,5.411764705882353,2,374.2236429871341,3,92,6,2,3,4
CNP0427217.0,-7.5,2.289768658347924,3.583333333333333,0,913.771872054962,3,129,6,1,0,6
CNP0427238.1,-6.3,1.9502696112726527,3.791044776119403,0,1173.6030926636747,14,254,6,11,0,16
CNP0427294.1,-9.6,1.621797058727867,5.62962962962963,4,690.4919173937996,6,152,6,0,3,4
CNP0427360.1,-7.9,2.1973131403796264,6.238095238095238,3,531.0117714997606,6,131,6,2,5,6
CNP0427374.0,-8.9,2.033961286686873,4.735294117647059,3,1230.6250872006494,3,161,15,4,1,12
CNP0427378.0,-5.213,2.862306209193584,2.6666666666666665,0,271.4558924482361,0,48,0,1,0,1
CNP0427460.1,-9.414,1.5073053477748233,5.105263157894737,4,938.2342740809108,10,194,6,2,3,6
CNP0427627.1,-10.6,1.4538774806067172,6.0,5,745.3156276845592,11,180,6,3,4,4
CNP0427635.2,-6.4,2.2603788611453672,3.4693877551020407,0,722.288021645326,6,170,5,4,0,8
CNP0427759.2,-8.1,2.0011934089366745,5.111111111111111,3,936.7041229473904,3,138,6,1,1,7
CNP0427778.1,-11.4,1.1425130002355757,5.372549019607843,4,1237.5763489179585,21,274,6,10,3,14
CNP0427797.2,-9.2,1.9776179577668271,4.340909090909091,0,1165.3439388293575,9,191,6,6,0,12
CNP0427829.2,-8.0,1.3741423254584906,5.196428571428571,4,1392.6063447318954,20,291,6,8,2,14
CNP0427937.1,-9.2,0.919156835033668,4.345454545454546,5,1410.659588847515,4,239,6,6,0,13
CNP0428060.1,-6.4,2.4612869970952507,4.0,0,354.5503185287034,1,56,6,1,0,3
CNP0428141.2,-9.6,1.428679980594867,5.390243902439025,3,1231.804726298279,10,221,6,4,3,9
CNP0428190.1,-10.95,1.2813202472604648,6.764705882352941,12,2005.1924388083448,10,345,8,6,6,21
CNP0428294.2,-10.2,2.1420666632218435,4.078947368421052,0,886.6837278502936,6,155,14,2,1,8
CNP0428328.1,-5.3,1.3146797893199298,4.209756097560976,7,7409.758326649084,29,863,43,40,0,76
CNP0428360.1,-7.8,2.07448241997456,6.0588235294117645,3,388.9285609468282,5,103,5,3,3,3
CNP0428626.1,-11.1,1.225154604021672,5.142857142857143,4,977.935383967472,14,216,6,4,2,6
CNP0428663.1,-9.3,1.9274227344786257,3.774647887323944,0,1303.5373270167584,14,268,6,11,0,17
CNP0428678.1,-12.9,1.137322882449757,5.634146341463414,6,1153.316065733189,10,231,6,1,6,1
CNP0428763.1,-8.6,3.373808182986744,3.5942028985507246,0,1459.3844585417555,9,248,6,2,0,17
CNP0428805.1,-10.5,0.9084267277355136,5.082474226804123,10,4548.638544071605,10,493,26,10,1,37
CNP0428840.1,-9.6,1.977702293097365,3.978260869565217,0,1323.124907463258,6,183,6,2,0,12
CNP0429148.1,-10.4,1.884655838322452,3.756756756756757,0,1367.0340700907864,14,278,6,11,0,17
CNP0429159.1,-11.4,0.905174470059816,4.72,4,2100.127041678249,2,236,6,6,0,18
CNP0429228.1,-9.2,2.2077985888920755,4.305555555555555,0,1107.3798691250597,3,155,6,3,0,11
CNP0429249.1,-9.8,2.9595899999422115,3.96,0,1190.5795341909493,14,198,16,4,0,10
CNP0429327.1,-8.5,1.8037089150395111,4.315789473684211,3,991.1045219263476,6,164,9,0,1,10
CNP0429480.1,-8.3,1.974404380090948,5.153846153846154,3,773.1709114632932,5,134,12,2,1,6
CNP0429604.1,-10.0,1.5571120931433322,5.454545454545454,4,798.3634243237257,9,180,6,3,3,3
CNP0429843.2,-8.2,1.7585319183756765,4.2298850574712645,3,2609.5275893143566,14,368,34,14,0,28
CNP0429864.1,-9.2,1.7342210108208924,4.964285714285714,5,1909.0148266724937,9,278,11,1,1,14
CNP0429882.0,-7.1,3.939299770180277,3.743589743589744,0,1877.4981009664325,9,292,25,7,0,20
CNP0429986.1,-9.3,1.8840269706415635,3.76,0,1385.566383090608,15,282,6,11,0,17
CNP0429987.1,-9.1,1.7929117132446546,4.113636363636363,2,2848.0359597077145,10,362,31,13,0,27
CNP0430143.1,-8.4,1.7735622835324736,5.217391304347826,2,517.9346111686552,4,120,6,0,3,2
CNP0430148.1,-6.8,3.0282623117643257,2.911764705882353,0,743.5074791547463,1,99,0,2,0,3
CNP0430217.1,-6.8,3.7955059785053793,3.1,0,394.5261654172963,1,62,0,2,0,4
CNP0430288.2,-9.9,1.1760098030320052,4.854545454545455,5,1921.446382258457,8,267,21,3,0,14
CNP0430429.1,-10.5,1.1348594152408469,5.2075471698113205,4,1234.932343875011,20,276,6,9,2,13
CNP0430523.1,-9.7,1.592173054135355,5.15625,2,1027.9094433381508,7,165,6,4,1,8
CNP0430544.1,-8.2,1.8990144958997832,5.041666666666667,2,707.0806666507516,2,121,6,2,2,4
CNP0430600.1,-10.9,1.3238468137696446,4.307692307692308,6,3349.7333408299337,9,392,33,19,0,33
CNP0430607.1,-8.0,1.946440690608241,5.038461538461538,3,623.6317872953028,7,131,6,1,2,4
CNP0430772.1,-8.8,1.7448795898819016,4.464285714285714,2,1812.1714612195617,6,250,19,3,0,14
CNP0430806.1,-9.9,2.524928943060357,4.101694915254237,0,1807.741647512246,7,242,16,9,0,19
CNP0430854.1,-8.0,1.9903215583939875,4.217391304347826,2,507.4700526427715,2,97,14,2,2,3
CNP0430927.1,-11.6,1.2238940576439978,4.318181818181818,4,2261.9307124513457,8,285,23,11,0,20
CNP0430976.1,-11.4,1.0445975208955531,4.808988764044944,6,4101.806644290409,6,428,16,12,0,28
CNP0431029.1,-10.2,1.1822929918654674,5.529411764705882,8,1440.6319599013514,15,282,19,2,5,8
CNP0431173.1,-10.2,1.374231099566246,5.588235294117647,5,906.7661168473404,9,190,6,1,4,4
CNP0431317.2,-6.7,2.2500324041390813,3.46,0,737.2654329147002,6,173,5,4,0,8
CNP0431383.1,-7.2,2.222394369358476,4.727272727272728,3,1052.334766233567,11,208,9,2,3,11
CNP0431400.1,-7.9,1.900121463795922,5.764705882352941,4,348.8309825721512,6,98,6,1,1,2
CNP0431444.1,-10.7,1.3686290742464098,5.135135135135135,5,1033.414251132553,11,190,16,5,0,8
CNP0431444.2,-11.6,1.3686290742464098,5.135135135135135,5,1033.414251132553,11,190,16,5,0,8
CNP0431472.1,-10.1,1.8663985772173628,4.326923076923077,3,1181.243042688327,13,225,24,6,3,11
CNP0431531.1,-10.9,1.2438794098764356,5.181818181818182,4,1103.6941503115277,15,228,6,4,2,8
CNP0431544.1,-6.6,2.318548045680392,3.8,0,421.9510536853172,3,76,3,0,1,3
CNP0431623.1,-7.5,2.4807759866894865,4.083333333333333,0,462.259307023941,3,98,6,2,2,4
CNP0431783.1,-9.6,1.490479408267965,4.39344262295082,4,1505.4901981963114,11,268,22,4,3,13
CNP0431836.1,-9.816,1.3043400352774226,5.875,6,1037.4337792629608,7,188,6,2,2,5
CNP0431929.2,-11.2,1.3686290742464098,5.135135135135135,5,1037.3143856624436,11,190,16,4,0,8
CNP0432038.1,-10.02,1.2703969807813014,5.484848484848484,4,888.0527572878223,11,181,6,0,2,4
CNP0432047.1,-7.8,3.2678000818544595,3.5616438356164384,0,1526.5444541384409,9,260,6,2,0,17
CNP0432131.1,-8.811,2.178553787348801,4.395833333333333,2,1386.0059248573612,11,211,6,5,2,13
CNP0432198.1,-7.9,2.368000116647792,4.4324324324324325,0,799.0516524043572,12,164,14,3,1,9
CNP0432256.1,-9.2,1.6425810373923728,5.366666666666666,4,900.8786565009694,5,161,6,3,1,8
CNP0432351.1,-9.9,1.3623202713107423,4.142857142857143,2,1101.4960810016428,6,174,6,8,0,14
CNP0432382.1,-8.1,1.958209857176584,5.542857142857143,4,950.589328201274,12,194,8,3,3,11
CNP0432383.1,-10.5,1.1387701815247382,5.211538461538462,4,1404.2176529125354,17,271,6,7,2,12
CNP0432403.3,-10.6,1.3102689915042536,6.393939393939394,7,1482.1567862447257,3,211,6,2,2,9
CNP0432507.1,-9.622,1.639569735080694,5.695652173913044,4,576.3906439920497,7,131,6,1,2,2
CNP0432539.1,-8.3,1.652746065953091,3.951219512195122,0,1124.127058532267,4,162,6,3,0,7
CNP0432565.1,-8.4,2.1230199661497857,5.142857142857143,3,642.9382356909781,8,144,9,3,3,6
CNP0432648.1,-8.5,1.720069305007716,6.0,4,551.910498435564,7,132,7,0,3,2
CNP0432677.1,-10.2,1.594615630836535,4.575757575757576,2,1361.0010844197377,2,151,6,4,0,13
CNP0432728.1,-7.699,2.049564556112819,4.473684210526316,2,457.8170846277516,2,85,6,2,1,3
CNP0432902.1,-8.9,1.9522108259565951,4.973684210526316,0,1229.253975191011,6,189,6,8,3,12
CNP0432924.1,-10.5,1.285696208467504,5.771428571428571,6,1683.2957640703737,4,202,6,4,0,8
CNP0432932.1,-7.6,1.5900648518411158,5.068965517241379,4,952.7697599029628,1,147,6,0,0,6
CNP0432943.1,-9.2,2.186258355032696,4.323529411764706,0,946.368529443787,5,147,9,3,0,11
CNP0432981.1,-7.8,1.6622002152893265,5.285714285714286,3,415.5543515715959,8,111,6,1,1,1
CNP0433073.1,-11.0,1.1418477394477686,5.431372549019608,4,1209.7745063428108,20,277,6,10,4,14
CNP0433119.1,-7.7,1.619078394983834,6.809523809523809,5,626.1568756375719,6,143,7,0,4,5
CNP0433166.0,-6.2,3.506406617867083,3.083333333333333,0,284.0575262526229,2,74,0,3,0,4
CNP0433243.0,-5.9,3.495404149198248,3.0526315789473686,0,387.44739744130646,0,58,0,2,0,6
CNP0433262.1,-8.0,1.8179233692442471,4.851851851851852,3,626.1613719093876,7,131,13,1,2,6
CNP0433307.0,-8.1,2.047975626023547,4.4,0,816.5536046427377,0,110,6,3,0,7
CNP0433340.1,-8.0,2.0222564842739987,4.7,2,460.4299824400823,4,94,6,0,2,0
CNP0433346.1,-7.5,2.350810286827704,3.542372881355932,0,985.463440972284,10,209,6,8,0,11
CNP0433442.2,-8.9,1.5946094515556797,5.682926829268292,4,1714.520555553144,2,233,6,4,2,12
CNP0433455.1,-8.4,1.7585348928607898,4.806451612903226,2,606.6047431625617,10,149,6,4,1,5
CNP0433472.0,-8.7,1.4963019018657673,5.653846153846154,5,1114.7470745012731,2,147,6,1,0,7
CNP0433476.1,-10.0,1.8429598579869304,5.0,2,742.5697701347516,9,165,6,4,3,5
CNP0433579.1,-10.85,1.3940721712000077,6.151515151515151,7,1314.5239396023132,3,203,6,3,3,7
CNP0433638.1,-8.0,2.27512105196143,4.076923076923077,2,1089.0403426510334,6,159,19,3,0,8
CNP0433657.0,-5.4,2.901443984538413,2.7142857142857144,0,295.5934515889034,0,57,0,0,0,3
CNP0433700.0,-6.8,2.147233180685768,3.631578947368421,0,369.353384122795,3,69,6,2,0,2
CNP0433915.1,-8.7,1.4103531551602757,5.243902439024391,4,1104.351948941187,12,215,6,5,2,7
CNP0433978.2,-7.9,2.0222564842739987,4.7,2,472.26677866967066,4,94,6,0,2,0
CNP0434138.0,-7.6,1.2047355046472772,4.064516129032258,0,868.4386428154651,0,126,5,2,0,4
CNP0434185.1,-9.4,1.5281071998603666,5.28125,4,743.7144046703594,10,169,6,3,2,4
CNP0434204.0,-7.0,1.936386985743074,3.36,0,961.8886891349432,0,168,6,2,0,7
CNP0434338.1,-8.3,1.604772122250982,5.642857142857143,4,1731.8471977694423,2,237,6,3,2,12
CNP0434353.1,-8.6,1.6645441391004625,4.739130434782608,3,527.4951006543047,4,109,14,1,3,3
CNP0434519.0,-8.4,1.5411691850271825,5.25,3,1411.191557898324,0,168,6,1,0,5
CNP0434622.1,-8.2,2.5368604310505964,4.136363636363637,0,389.95334332615033,2,91,6,3,3,5
CNP0434630.1,-8.2,1.41413223083701,3.873417721518988,0,1742.185296766199,14,306,6,5,0,22
CNP0434828.2,-8.4,1.5929049133112207,5.609756097560975,4,1682.3510480175084,2,230,6,3,2,11
CNP0434833.1,-8.3,1.0836349554749574,4.6,5,1063.389955533787,7,207,7,2,2,9
CNP0434850.1,-13.5,0.8082291184382739,5.409090909090909,7,2793.894680157896,11,357,6,9,4,20
CNP0434888.1,-8.3,2.45427340054432,3.8333333333333335,0,668.6044794893982,4,115,6,4,1,7
CNP0434949.1,-5.8,3.3171526296547245,3.0,0,266.4475995124111,2,60,0,3,0,4
CNP0434973.1,-9.2,1.627884634639818,6.457142857142857,6,1165.3177052477663,8,226,7,1,5,9
CNP0435039.1,-7.9,3.022389576447938,4.037037037037037,0,508.83252643120136,4,109,14,4,2,5
CNP0435088.1,-7.9,0.8366897422165365,4.702127659574468,6,1150.285179369059,8,221,6,2,0,8
CNP0435227.1,-10.3,1.3417318778308,6.4,6,974.6091685226248,11,224,6,1,6,6
CNP0435247.1,-9.6,0.875848100747245,5.329787234042553,5,2666.848523330758,34,501,6,13,5,30
CNP0435287.0,-7.9,1.8802166012705337,4.5,0,426.37791440464457,2,81,6,1,1,2
CNP0435336.1,-8.7,1.5752546890979362,5.609756097560975,4,1679.5961605153448,2,230,6,3,2,11
CNP0435339.0,-6.5,4.242076360937854,3.1904761904761907,0,995.6412946612764,1,134,0,0,0,6
CNP0435342.1,-8.5,1.9015118652720864,5.368421052631579,3,696.2893894216513,2,102,7,2,1,4
CNP0435389.2,-8.5,2.4577398298514668,4.083333333333333,0,1017.0809915009218,4,147,6,4,1,7
CNP0435389.3,-8.2,2.4577398298514668,4.083333333333333,0,1017.0809915009218,4,147,6,4,1,7
CNP0435404.1,-8.5,1.722746864779274,5.315789473684211,4,928.9105686196136,12,202,6,3,3,6
CNP0435470.1,-8.9,2.195487564218111,4.052631578947368,0,853.5394182235849,9,154,18,4,0,8
CNP0435470.2,-10.5,2.195487564218111,4.052631578947368,0,853.5394182235849,9,154,18,4,0,8
CNP0435569.1,-9.5,1.8910969452249164,6.28,4,736.3685448601565,5,157,6,2,5,5
CNP0435594.1,-7.5,1.743159021884096,4.22093023255814,3,2573.462400739088,13,363,34,14,0,28
CNP0435601.1,-8.8,1.5254524378411742,4.537313432835821,4,2043.5853777838784,9,304,24,5,2,18
CNP0435611.0,-5.7,3.246774247077312,2.925925925925926,0,304.0014107754535,1,79,0,1,0,3
CNP0435612.0,-11.3,1.2089151710725388,5.28,6,1541.8936228052266,11,264,19,2,3,9
CNP0435750.1,-7.8,2.098117976635065,4.666666666666667,2,319.7004035896703,2,84,6,3,1,3
CNP0435775.1,-9.7,1.401719454845108,5.757575757575758,4,858.6030229407055,12,190,6,3,3,3
CNP0435921.1,-10.1,1.3176298568083096,6.424242424242424,6,869.6831794524248,12,212,6,2,5,4
CNP0435960.2,-10.67,1.3136149291860129,5.709677419354839,4,803.2293192750794,9,177,6,1,3,1
CNP0436023.1,-10.5,1.3990567642828378,5.848484848484849,4,822.4395086014712,12,193,6,3,4,4
CNP0436049.1,-7.6,1.8493773755458205,5.25,3,543.1932583197821,2,105,6,1,1,3
CNP0436322.0,-5.9,1.738475665323384,3.380952380952381,0,412.5000389496092,1,71,3,0,0,5
CNP0436387.1,-8.4,1.8168657592854087,4.421052631578948,2,2239.114312336069,12,336,23,5,0,21
CNP0436409.1,-9.4,1.741171496780091,5.12,2,643.7801721294788,6,128,6,6,1,8
CNP0436418.1,-9.268,1.8742569560834628,3.978260869565217,0,1249.1759470660893,4,183,6,9,0,19
CNP0436462.1,-10.61,1.3780878675362924,6.057142857142857,5,1072.5815909453177,7,212,6,1,6,2
CNP0436519.0,-5.598,3.0037406588948303,2.875,0,351.21222512318906,0,69,0,1,1,1
CNP0436652.1,-8.5,1.8208870069936711,3.742857142857143,0,1265.966066001287,14,262,6,11,0,16
CNP0436705.1,-11.8,1.299370722075481,5.2444444444444445,3,1130.3452108077613,17,236,6,9,3,13
CNP0436759.1,-10.6,0.8928353550251912,5.230769230769231,4,1546.558572088224,26,340,6,11,3,19
CNP0436983.1,-8.2,1.797075437389946,4.111111111111111,0,405.2023129826495,2,74,7,4,0,5
CNP0437218.3,-11.05,1.3350841466938683,5.6875,6,1264.6789368618392,5,182,6,0,0,4
CNP0437330.2,-9.289,1.7293666140965458,6.541666666666667,6,815.9721669357209,6,157,6,3,2,6
CNP0437454.0,-7.9,1.62176558278595,4.461538461538462,0,938.044245148951,0,116,6,1,0,5
CNP0437717.1,-10.0,1.3845932970239732,4.756756756756757,2,952.0780957627398,4,176,6,3,3,7
CNP0437767.2,-10.3,0.8905356812625922,4.68,4,2877.3323639524974,6,351,6,8,2,31
CNP0438006.1,-5.7,3.0388835535716727,2.875,0,196.9120223112346,2,46,0,2,0,2
CNP0438011.1,-8.337,1.85122315885058,4.111111111111111,0,578.7306815611522,3,111,6,2,0,6
CNP0438236.1,-10.4,1.0859074772217578,5.150943396226415,6,2273.9591655133136,2,273,12,5,1,10
CNP0438244.2,-9.1,1.8741219630453607,5.214285714285714,3,758.5668378003053,5,146,6,0,3,4
CNP0438262.1,-9.966,0.9302804828232176,5.542857142857143,11,3119.5305250968854,10,388,7,9,3,16
CNP0438371.0,-6.2,2.0,3.0,0,156.96081175542733,0,42,14,2,0,4
CNP0438409.1,-7.2,2.487070528753172,3.727272727272727,0,505.7567081189328,1,82,6,2,1,9
CNP0438459.1,-7.2,4.0702119183338095,3.608695652173913,0,458.03240339329335,2,83,0,2,2,5
CNP0438603.1,-11.8,1.3507162560497177,4.630434782608695,6,1630.8826453059478,4,213,15,6,2,11
CNP0438789.1,-8.4,1.6683279667309177,4.032258064516129,0,961.2554635854208,1,125,6,2,0,9
CNP0438859.1,-9.378,1.131999736282447,5.833333333333333,8,1282.2770460640627,9,245,11,1,2,8
CNP0438861.2,-10.7,1.387140375755795,4.421052631578948,0,1061.520674281844,8,168,6,7,0,13
CNP0438963.1,-10.21,0.942166615868928,5.194805194805195,9,3048.4650018851817,9,400,16,3,2,11
CNP0439047.1,-8.6,1.5856845564926365,4.615384615384615,2,686.0138207123464,5,120,6,3,0,8
CNP0439134.1,-9.114,1.2151857301004856,5.327272727272727,7,1998.7857787429225,9,293,11,9,1,17
CNP0439340.0,-5.5,1.917242136722459,4.454545454545454,0,212.13194783962572,0,49,5,0,0,3
CNP0439353.1,-8.8,1.7026494947426605,4.555555555555555,0,826.3711440585438,7,164,6,3,0,11
CNP0439458.1,-8.1,1.9509983080038045,5.666666666666667,3,448.6550671030861,4,102,6,2,2,3
CNP0439567.1,-8.3,1.1529640833901893,5.320754716981132,5,1652.8598521410293,10,282,7,3,1,8
CNP0439648.3,-10.3,1.3582287921406897,5.8125,6,1198.0421414227776,2,186,6,0,1,4
CNP0439776.1,-8.3,1.6867853421365748,4.580645161290323,2,597.459496134835,4,142,6,3,3,5
CNP0439784.1,-9.0,1.676049621519483,4.352941176470588,0,883.954295823611,2,148,6,2,0,10
CNP0440133.0,-8.5,1.494738027554378,4.454545454545454,2,677.4133150721874,0,98,6,1,0,5
CNP0440209.1,-8.9,1.9642481094035869,4.666666666666667,0,434.44403844770846,6,98,6,5,1,9
CNP0440228.1,-9.3,1.384827957574563,4.75,3,823.7073214314395,4,133,6,2,0,4
CNP0440249.1,-11.9,1.0003631871198564,5.590163934426229,7,2657.215470276521,11,341,6,10,3,17
CNP0440731.1,-10.6,2.151744929130762,3.849462365591398,0,2643.150876268556,11,358,21,18,0,31
CNP0441077.1,-10.6,1.0579553305616172,4.727272727272728,2,1095.5234203803484,4,156,6,2,0,9
CNP0441094.0,-10.5,0.7872475337104032,4.930555555555555,6,2565.922063085885,14,355,6,9,3,29
CNP0441428.0,-4.7,2.7847655305545773,2.571428571428572,0,86.12278797724058,0,36,0,1,0,4
CNP0441591.1,-5.5,3.684241106689692,3.1,0,215.14742793111944,1,31,0,3,0,7
CNP0441591.2,-5.4,3.684241106689692,3.1,0,215.14742793111944,1,31,0,3,0,7
CNP0441660.2,-8.6,1.4244154329470922,5.25,4,942.1426567324734,5,147,6,4,0,7
CNP0441821.2,-8.6,1.4654951587003826,4.866666666666666,2,925.6084815954802,5,146,6,4,0,8
CNP0441953.0,-7.398,2.4715003569088525,3.888888888888889,0,502.1031095626005,0,70,6,2,0,5
CNP0442147.0,-6.3,2.228272027863145,3.2666666666666666,0,232.7424206178537,0,49,13,3,0,4
CNP0442229.0,-7.6,1.4439441380922176,4.415384615384616,0,5625.86454371874,0,574,6,0,0,44
CNP0442395.1,-10.2,1.1677106777912116,5.155172413793103,4,1593.861617337855,20,299,6,9,3,18
CNP0442491.0,-7.707,2.435619769031041,3.7777777777777777,0,502.0035466066532,0,68,6,4,0,6
CNP0442827.1,-9.7,1.1645488365700731,4.446428571428571,3,2149.592355176548,4,249,20,3,0,10
CNP0442835.1,-10.03,0.8776906943861501,5.439024390243903,12,3540.73242616478,10,446,14,3,2,11
CNP0442846.1,-10.8,1.1139567042656249,4.903225806451613,3,784.1170718425417,4,152,6,1,0,6
CNP0442870.1,-8.3,1.7632883223648976,5.1875,3,474.0670566154366,4,83,6,3,0,7
CNP0443217.0,-4.8,2.7847655305545773,2.571428571428572,0,86.12278797724058,0,36,0,4,0,4
CNP0443218.1,-10.89,0.8653045731108958,5.345238095238095,11,3580.888340780284,11,449,16,3,2,11
CNP0443425.1,-9.7,1.2845390600575144,4.67741935483871,2,917.706103803786,5,145,6,4,0,10
CNP0443524.1,-9.5,1.3294215882616007,4.931818181818182,8,1633.7066649880048,7,217,15,4,0,10
CNP0443600.2,-9.8,1.2818051784754267,4.714285714285714,2,871.7341378315263,1,132,6,0,0,7
CNP0443756.1,-9.7,1.292165509657064,4.647058823529412,3,1174.2997819380948,1,158,6,1,0,7
CNP0443813.2,-8.8,1.437885916443471,4.296296296296297,2,908.589657474712,1,116,6,2,0,5
CNP0444097.1,-9.7,1.2669043695546722,5.02,8,1857.096713401635,9,251,15,5,0,11
CNP0444224.1,-10.3,1.016389599630992,4.486486486486487,0,1111.2700025144754,2,166,6,1,0,7
CNP0444354.0,-9.8,1.1743184512009186,4.47457627118644,2,2051.181987606765,9,264,6,11,2,30
CNP0444501.1,-8.3,1.7350582537530796,5.086956521739131,2,467.9900711382637,4,117,6,2,3,4
CNP0444818.1,-7.9,1.3813094029284865,3.873417721518988,0,1742.185296766199,14,306,6,5,0,22
CNP0444836.1,-8.8,1.4221031758437572,4.742857142857143,2,1007.2414020710356,4,166,6,3,3,6
CNP0444923.0,-7.0,1.6824884302593337,4.857142857142857,3,395.0383514733487,0,68,6,0,0,4
CNP0445126.1,-9.4,1.6561025083802738,5.589743589743589,4,1218.9224658240698,12,218,6,4,2,9
CNP0445133.1,-8.6,1.2718972811011309,4.08,2,2530.4954536686714,10,306,6,13,1,35
CNP0445239.3,-7.959,1.8171893106520312,4.8,2,833.0286281400934,8,168,6,1,2,6
CNP0445420.1,-8.4,1.3161296363690145,3.7222222222222223,0,1238.9820550018335,6,201,6,6,0,13
CNP0445612.2,-8.074,2.0270427004541425,4.6,2,504.9566224412378,2,92,6,2,1,3
CNP0445642.2,-9.4,1.1654445962791646,4.848484848484849,4,1023.1962319459046,5,160,6,4,0,9
CNP0445680.5,-10.0,1.4353665974854974,5.967741935483871,6,1232.2329977430315,2,185,6,0,1,4
CNP0445681.2,-8.8,1.232025041605962,4.68,2,572.3187022995437,4,117,6,1,0,5
CNP0445729.0,-8.437,1.597285034397052,4.695652173913044,2,943.6330805296544,0,108,6,1,0,5
CNP0445899.1,-8.4,1.7449761609819177,4.37037037037037,2,693.6430954867213,2,118,6,3,1,11
CNP0445975.2,-8.4,1.2636667853031458,4.7560975609756095,3,1523.1262595400487,1,195,6,2,0,10
CNP0446019.2,-10.9,1.332688729539529,4.612903225806452,3,1021.9845196500764,2,143,7,2,0,7
CNP0446088.1,-11.3,0.9776546855817928,5.872340425531915,8,1377.0689155661432,16,276,6,4,3,5
CNP0446095.3,-9.5,2.0626224548091336,4.074074074074074,2,799.824804481154,2,110,14,3,0,9
CNP0446180.1,-8.3,1.7192974184643828,4.607142857142857,2,750.7600603052867,2,129,6,1,0,9
CNP0446557.1,-8.9,1.679424723557693,5.285714285714286,4,1289.9104626007015,12,222,11,3,3,10
CNP0446575.1,-8.4,1.5366504542086463,5.090909090909091,3,830.9564049584666,2,112,6,1,0,4
CNP0446585.7,-9.8,1.4353665974854974,5.967741935483871,6,1236.4035276297768,2,185,6,0,1,5
CNP0447182.0,-8.7,2.119703485131226,3.962264150943396,0,1475.4061824182409,6,210,6,8,0,15
CNP0447223.0,-6.2,2.149391371604787,4.923076923076923,2,235.26000097822467,4,64,5,2,0,5
CNP0447704.1,-8.4,1.86249883223274,5.032258064516129,3,1255.1425654460754,1,156,6,3,0,13
CNP0447755.2,-11.78,1.3478890702783155,5.75,6,1287.5296800234623,4,184,6,0,1,4
CNP0447777.1,-6.9,2.314716921591431,4.6,2,494.1566090915928,1,115,6,2,2,3
CNP0447941.1,-10.15,0.9899808091267348,5.256756756756757,9,3032.793318697657,9,389,15,3,2,11
CNP0448078.1,-9.166,1.3273834885115714,5.514285714285714,6,1328.3084737520787,5,193,6,0,0,4
CNP0448164.1,-6.966,2.70273054510564,3.9565217391304346,0,399.5611034785718,2,91,6,1,1,5
CNP0448186.1,-7.9,2.6262323800863543,3.7142857142857135,0,339.5590372815751,5,78,12,3,0,5
CNP0448327.1,-10.1,1.46418151041982,5.333333333333333,4,1176.8081802227975,16,256,6,7,4,10
CNP0449029.0,-8.1,2.647784782050147,4.047619047619048,0,673.1949148620089,0,85,6,2,0,7
CNP0449076.1,-9.4,1.187452874209379,4.40625,0,892.4139891812605,2,141,6,1,0,8
CNP0449108.1,-8.9,1.4672543709566972,6.96,7,1032.478155290736,4,174,6,4,2,7
CNP0449124.0,-6.8,3.826745881795538,3.260869565217391,0,467.2784580294828,0,75,0,1,0,3
CNP0449350.1,-10.9,1.0075086213817843,5.5625,7,1270.4964927481108,16,267,6,3,3,5
CNP0449530.1,-11.2,1.4032668733048317,4.806451612903226,3,1021.9816946780734,2,149,7,3,0,8
CNP0449624.1,-9.2,1.2535057161780092,5.904761904761905,6,1242.5737643265693,10,248,6,3,5,4
CNP0449635.1,-9.6,1.2656935553861437,4.548387096774194,0,978.3016143238348,2,141,6,2,0,10
CNP0449668.2,-10.1,1.337858941133728,5.0,8,1682.8471635115002,7,220,15,5,0,10
CNP0449682.1,-10.8,1.026063793361595,6.0,8,1278.4232871477136,16,264,6,3,3,4
CNP0449693.1,-8.2,1.9382345042790463,5.944444444444445,4,1130.3713271144752,7,214,6,2,5,8
CNP0449835.2,-4.2,4.272940986948136,3.046153846153846,0,1094.464652073584,1,198,0,0,0,6
CNP0449836.2,-8.7,1.407509535737703,4.423076923076923,2,636.5034906067027,4,115,6,2,0,9
CNP0449949.1,-11.6,1.1938137152925807,5.2,4,1146.505518599263,8,208,7,5,3,9
CNP0449949.2,-12.1,1.1938137152925807,5.2,4,1146.505518599263,8,208,7,5,3,9
CNP0450015.1,-8.626,1.4641223729380977,4.37037037037037,2,555.1151846250829,3,118,6,3,0,9
CNP0450055.1,-9.6,1.2432350840347384,4.953488372093023,5,1614.7579694474234,6,213,6,7,2,13
CNP0450070.1,-9.202,1.2048869400894693,5.16,4,1773.1941864743587,6,258,6,8,2,15
CNP0450087.0,-10.6,1.1656502749080946,4.941176470588236,4,1271.469853279059,17,252,12,1,0,11
CNP0450094.1,-8.831,2.1541132793896254,4.114285714285714,0,816.655503818039,9,144,18,3,0,7
CNP0450094.2,-8.748,2.1541132793896254,4.114285714285714,0,816.655503818039,9,144,18,3,0,7
CNP0450095.0,-7.6,1.7496039088690245,4.0588235294117645,0,503.3400862606013,0,69,6,1,0,2
CNP0450353.1,-9.5,0.9186803172455956,5.0,10,5286.030822582635,27,635,16,22,0,43
CNP0450495.2,-7.9,1.0880556845082985,4.723076923076923,6,2349.654726878,5,307,16,1,0,10
CNP0450916.3,-9.451,1.352494503972619,5.709677419354839,6,1214.6919307027033,5,177,6,0,0,3
CNP0451076.2,-9.1,1.5550460134769837,5.147058823529412,3,1178.5701278689323,5,175,6,3,2,10
CNP0451149.1,-7.8,3.714376492587711,3.734939759036144,0,2204.3304603677097,7,310,31,15,0,32
CNP0451276.1,-8.9,1.365534793048645,4.714285714285714,2,989.9914020710356,4,165,6,3,3,6
CNP0451281.3,-10.6,1.311740120770016,4.7407407407407405,2,701.8177471669278,2,128,6,2,0,8
CNP0451325.0,-8.2,1.6730912005173324,4.666666666666667,2,903.2948874215896,0,126,6,1,0,6
CNP0451488.1,-8.4,2.218669330082473,4.714285714285714,2,560.9573522081463,7,132,6,6,2,7
CNP0451557.4,-7.6,1.6542202523027776,5.153846153846154,5,809.2256819201161,2,134,6,1,0,4
CNP0451716.4,-10.4,1.3492896123632598,5.604651162790698,5,1588.147593622126,4,241,6,2,1,12
CNP0451829.1,-10.6,1.062979192922567,5.549019607843137,5,1614.433587621736,10,283,7,2,1,7
CNP0451871.1,-4.9,4.283021313139577,3.047619047619047,0,1062.8406749723667,1,192,0,0,0,6
CNP0451956.1,-9.6,1.4003693326607651,5.047619047619048,5,1534.6057538911705,4,212,6,9,0,14
CNP0452076.2,-7.1,1.7982200815462972,4.72,2,635.0924047042603,5,118,6,3,0,8
CNP0452690.0,-7.5,1.96893729445116,5.375,3,1087.1630855499914,0,129,6,3,0,9
CNP0452841.6,-9.5,1.4424329798412494,5.744186046511628,5,1568.8927295869382,4,247,6,0,1,8
CNP0452899.1,-8.858,1.1414791198167022,5.152542372881356,7,2199.54146143302,4,304,13,3,1,13
CNP0452904.2,-9.9,1.3219699951775907,5.428571428571429,4,1216.5790584806407,15,266,6,6,4,9
CNP0453100.7,-8.7,2.1209541713510505,5.516129032258065,3,886.3587013579748,7,171,6,3,4,7
CNP0453123.1,-11.0,1.6234046813397736,5.5,4,829.2890085924331,8,176,7,2,3,4
CNP0453174.1,-8.5,1.2405603325041412,4.0,2,2375.571737747816,8,288,6,10,1,29
CNP0453256.1,-9.3,1.2724539724454582,4.625,2,967.1480034608552,4,148,6,2,0,13
CNP0453604.4,-9.795,1.3442220366450055,5.588235294117647,6,1311.907524077494,5,190,6,0,0,4
CNP0453751.3,-8.0,1.7570661461481325,4.733333333333333,2,863.8029341439535,3,142,6,5,1,9
CNP0453787.1,-8.84,1.390509809323767,4.175,0,857.7788524176162,8,167,6,5,1,7
CNP0453854.4,-11.4,1.357614017882401,5.757575757575758,6,1351.9681176834258,4,190,6,0,1,4
CNP0453958.1,-10.5,1.4421610847788608,5.966666666666667,6,1185.4630680949103,2,179,6,0,1,4
CNP0453958.2,-10.2,1.4421610847788608,5.966666666666667,6,1185.4630680949103,2,179,6,0,1,4
CNP0454490.1,-6.6,3.0874161588033635,2.9411764705882355,0,662.7515432857442,2,100,0,3,0,3
CNP0454532.1,-8.4,2.032999079877762,4.666666666666667,2,651.7385896132442,2,84,6,3,0,8
CNP0454545.2,-8.2,1.4711630594408684,4.291666666666667,0,645.0448534776091,1,103,6,1,0,4
CNP0454559.2,-6.4,2.2852481790802948,3.48936170212766,0,692.4607849280193,6,164,5,4,0,8
CNP0454732.4,-8.119,1.5030212119233268,5.208333333333333,5,749.6940640564097,1,125,6,0,1,5
CNP0454761.2,-10.1,1.337858941133728,5.0,8,1729.4862117340242,7,220,15,5,0,10
CNP0454924.0,-7.155,2.5952601524642605,4.066666666666666,0,417.493097752213,1,61,6,4,0,7
CNP0454985.0,-8.1,1.652663108950787,4.482758620689655,2,923.718169966036,0,130,6,1,0,5
CNP0454999.0,-7.5,1.7093293819142277,3.9166666666666665,0,639.0699768196413,0,94,6,0,0,5
CNP0455144.0,-7.5,1.7211959379476771,5.0625,3,584.8925134488502,0,81,6,0,0,5
CNP0455272.2,-8.0,1.7891884337171784,5.923076923076923,4,629.8909765525325,8,154,6,3,3,5
CNP0455278.0,-8.2,1.6976983523780862,4.529411764705882,2,1063.2753727757647,0,154,6,1,0,7
CNP0455288.1,-5.7,2.220457744769944,3.555555555555556,0,369.75892288517946,1,64,6,0,0,5
CNP0455297.1,-10.39,1.0491122726670783,5.257575757575758,8,2837.370093753155,9,347,6,10,2,17
CNP0455439.0,-5.4,2.3462271738277805,3.7777777777777777,0,158.29908606943386,2,34,6,2,0,2
CNP0455691.2,-13.1,0.7300889002643474,5.507042253521127,11,2295.767804125263,23,391,8,3,5,19
CNP0455927.1,-8.7,1.7589132874865725,4.8125,2,864.2280301835985,8,154,6,4,1,6
CNP0456009.4,-8.7,1.714104226328212,5.571428571428571,4,969.1975275204264,4,156,6,0,1,8
CNP0456029.10,-9.0,1.2222913556545052,5.4,5,1674.3778783690734,4,243,6,0,0,10
CNP0456029.4,-8.7,1.2222913556545052,5.4,5,1674.3778783690734,4,243,6,0,0,10
CNP0456029.5,-8.8,1.2222913556545052,5.4,5,1674.3778783690734,4,243,6,0,0,10
CNP0456109.0,-8.3,1.4689429738165662,4.6923076923076925,5,2020.4841419632285,0,244,16,0,0,12
CNP0456392.1,-9.3,1.2811641027899237,4.689655172413793,0,829.9467014739538,3,136,6,1,0,6
CNP0456485.4,-9.474,1.359373798636276,5.75,6,1298.5041689823754,4,184,6,0,1,3
CNP0456723.1,-9.2,1.7573245586744246,4.515151515151516,0,1055.485631806528,2,149,6,2,0,12
CNP0456738.2,-9.1,2.331748983254024,3.8857142857142857,0,734.9820129534278,8,136,6,7,0,11
CNP0456898.1,-10.0,1.4113700955934274,5.2,4,678.1265754854406,9,156,6,2,2,2
CNP0456943.0,-9.443,1.4203771075820129,4.541666666666667,2,1031.042274417664,0,109,6,2,0,9
CNP0456951.0,-6.8,2.099443706941844,4.5625,2,500.5375807591111,1,73,7,1,0,2
CNP0456975.2,-11.5,1.081195730211492,4.885714285714286,4,1325.181246992248,4,171,6,2,0,9
CNP0457244.0,-10.3,1.0085650443468377,4.613636363636363,0,1961.5974687527705,0,203,6,3,0,7
CNP0457251.1,-10.2,1.5426583007246872,5.970588235294118,6,1517.6950576151655,3,203,6,3,1,8
CNP0457270.0,-11.7,1.0632626630735889,5.0,6,2368.0322501575683,0,215,6,3,0,13
CNP0457280.0,-7.6,1.5038420372781285,4.090909090909091,0,575.8051610097077,0,90,6,0,0,4
CNP0457473.4,-7.458,2.113427918706238,3.84375,0,674.6570479314165,3,123,5,4,1,11
CNP0457492.0,-9.7,0.7713337471504792,4.88,6,2689.8484284901792,14,366,6,9,3,30
CNP0457698.1,-8.3,1.6814400454785547,5.186046511627907,4,1242.0770444419973,9,223,7,3,4,8
CNP0458009.0,-6.721,2.9540148394146155,2.7777777777777777,0,470.2415647232904,0,75,0,0,0,0
CNP0458085.1,-10.24,0.965669022787051,5.1466666666666665,10,3098.5818731977647,10,386,16,3,1,11
CNP0458111.2,-7.704,1.6975162021592878,4.739130434782608,2,714.4080403127446,1,109,6,2,0,5
CNP0458246.0,-7.2,1.9152494259913817,4.1875,0,838.1517637272248,0,134,6,0,0,10
CNP0458249.0,-9.2,1.8722183564835224,4.48,0,1075.986199092397,0,112,6,3,0,11
CNP0458293.3,-8.3,1.907295567825672,5.875,5,763.2125165096646,2,141,6,2,2,4
CNP0458314.4,-10.05,1.2372559790313995,5.424242424242424,3,1173.5440746352422,4,179,6,0,0,4
CNP0458723.1,-9.509,0.9234873624874758,5.205128205128205,10,3077.71312161712,9,406,16,4,2,12
CNP0458781.4,-10.3,1.3453144444731648,5.75,6,1314.7585427848248,4,184,6,0,0,5
CNP0458822.1,-9.3,1.3285958989448567,4.708333333333333,0,793.010180014159,2,113,6,1,0,7
CNP0458846.4,-11.7,1.133805091477045,5.645161290322581,6,1288.2597475647217,4,175,6,0,0,5
CNP0458930.6,-10.8,1.166602613953324,5.390243902439025,5,1516.8861565419777,4,221,6,0,0,8
CNP0459157.2,-7.6,1.948256071285234,4.05,0,575.6988161984985,1,81,6,1,0,3
CNP0459454.1,-8.9,1.756981100679199,4.190476190476191,2,1092.2652431280146,6,176,6,6,0,12
CNP0459637.1,-8.1,1.796214635286359,5.043478260869565,2,622.7980440771131,3,116,6,0,2,3
CNP0459673.2,-9.8,1.2367730947211328,5.096774193548387,4,1225.975310985124,1,158,6,1,0,6
CNP0460041.3,-7.1,3.1385977875119524,3.8846153846153846,0,541.7556033054154,5,101,6,1,0,12
CNP0460228.1,-11.41,0.995714544034756,5.694915254237288,10,2148.2714280786977,9,336,16,1,2,11
CNP0460228.3,-10.9,0.995714544034756,5.694915254237288,10,2148.2714280786977,9,336,16,1,2,11
CNP0460642.1,-8.9,1.2681920232393225,4.730769230769231,2,756.9809664525313,4,123,6,2,0,9
CNP0460708.1,-10.4,1.0483739391269793,4.896551724137931,5,1937.875065600076,10,284,6,3,1,4
CNP0460708.2,-10.2,1.0483739391269793,4.896551724137931,5,1937.875065600076,10,284,6,3,1,4
CNP0460874.2,-8.6,1.4662128010225768,4.862068965517241,2,898.3591402089728,5,141,6,4,0,9
CNP0461061.1,-8.9,1.3308874430099196,4.956521739130435,2,702.3607277630106,4,114,6,1,0,7
CNP0461112.1,-9.2,1.6912226374514865,6.48,5,676.8254685993938,8,162,6,3,4,6
CNP0461133.1,-9.196,1.6122688049762872,4.75,2,517.9650441711337,3,114,6,2,0,7
CNP0461152.1,-8.8,1.816043254509178,3.7,2,505.9246215162915,6,111,20,3,0,6
CNP0461420.1,-9.7,1.5972036783470172,5.061224489795919,6,1389.1526115456509,11,248,14,2,4,8
CNP0461429.1,-9.4,1.232149528163357,4.027397260273973,2,2450.01516280088,9,294,6,12,1,32
CNP0461455.1,-9.8,2.004938683460616,4.1571428571428575,0,2267.105528778023,10,291,25,8,0,19
CNP0461481.1,-8.6,1.14387830756874,5.12280701754386,7,2232.773257758057,4,292,6,7,1,12
CNP0461740.1,-9.2,1.5181626228744327,4.48,0,551.2256719269428,4,112,6,3,0,6
CNP0461923.2,-6.9,2.1668065650071995,5.294117647058823,2,318.883509367128,3,90,5,0,2,2
CNP0461995.0,-7.1,1.7026758021311417,3.861702127659575,0,2227.0406721304184,26,363,6,22,0,24
CNP0462231.1,-8.1,1.3189540768941586,5.083333333333333,5,1853.808451269217,3,244,6,3,1,11
CNP0462265.0,-7.5,1.6717690912539218,4.75,3,539.3296959546406,0,95,6,1,0,2
CNP0462319.0,-6.8,1.4410227129773132,4.458333333333333,3,726.5627139486945,0,107,6,1,0,2
CNP0462417.3,-8.7,1.5848536928866308,4.714285714285714,2,925.3924176994864,2,132,6,1,2,9
CNP0462443.1,-9.1,1.9014363201763007,4.67741935483871,3,877.8378531580175,8,145,14,1,0,5
CNP0462469.3,-7.3,1.0880556845082985,4.723076923076923,6,2382.8556792997856,5,307,16,0,0,10
CNP0462482.1,-9.33,1.827879946082682,4.064516129032258,0,594.4503344186281,2,126,6,1,0,9
CNP0462636.2,-8.8,0.975232777140658,5.256410256410256,4,2229.6848323002814,32,410,6,13,2,28
CNP0462698.1,-8.4,1.4228071202058523,4.1923076923076925,0,583.4239155493383,2,109,7,2,0,5
CNP0462744.0,-11.5,0.7713337471504792,4.88,6,2640.411216207457,15,366,6,10,3,30
CNP0462849.0,-9.9,1.4176615623026063,4.862068965517241,2,1076.716349867144,0,141,6,1,0,5
CNP0463014.4,-8.5,2.0323697042513,4.387096774193548,0,857.6255363084856,2,136,6,0,1,7
CNP0463167.1,-8.0,1.4571048863152545,4.794871794871795,2,1607.9028844944153,1,187,6,4,0,8
CNP0463307.0,-7.5,2.112656084443527,4.588235294117647,2,654.7946223126216,0,78,6,2,0,6
CNP0463335.1,-10.18,0.8462068804808938,5.369047619047619,13,3638.700051046815,12,451,16,3,2,11
CNP0463431.1,-7.3,1.035825247317068,5.054794520547945,9,3021.5789525307896,7,369,11,8,2,13
CNP0463569.1,-9.9,1.37356430117935,5.866666666666666,5,729.6198229903504,9,176,6,2,4,3
CNP0463637.1,-9.9,0.9514645294481948,5.430769230769231,10,2866.652551843896,8,353,6,9,3,16
CNP0463733.1,-10.4,1.155168588059706,4.828571428571428,3,1156.8321590499438,2,169,7,2,0,9
CNP0463767.1,-10.1,1.114259599640742,5.0,3,844.2668783730519,4,135,6,1,0,8
CNP0463950.6,-9.26,1.8835614887184504,4.290322580645161,0,648.0717072824782,9,133,6,5,0,10
CNP0463998.0,-7.3,4.73135574282706,3.2962962962962963,0,481.26122526780114,0,89,0,5,0,13
CNP0463999.1,-9.8,1.3197738468319091,4.655172413793103,2,709.5279335435903,3,135,7,1,0,8
CNP0464112.2,-9.3,1.6782925166323526,4.709677419354839,2,790.9519971010025,7,146,6,3,2,6
CNP0464170.1,-10.17,1.1543628323213528,5.25,2,1829.7326483798383,6,273,6,8,3,15
CNP0464211.1,-11.2,1.3243057322650276,5.696969696969697,6,1301.1874358568004,4,188,6,0,1,4
CNP0464211.4,-11.2,1.3243057322650276,5.696969696969697,6,1301.1874358568004,4,188,6,0,1,4
CNP0464352.0,-6.4,1.830323795646121,4.1875,2,484.3163304552047,0,67,6,0,0,3
CNP0464550.1,-8.5,2.192273860284984,4.678571428571429,2,550.872187554087,7,131,6,6,2,7
CNP0464774.1,-6.9,4.741575921235586,3.4482758620689653,0,641.8317717071895,3,100,0,7,0,14
CNP0464802.1,-10.8,1.294946512021181,4.6571428571428575,3,1063.3454812958223,2,163,6,2,1,8
CNP0465184.1,-8.5,1.602150308950086,5.1875,4,897.7227825636323,8,166,6,0,2,5
CNP0465194.0,-6.6,1.6015430405879465,4.705882352941177,2,566.0483044757129,0,80,6,0,0,4
CNP0465375.0,-7.6,1.8800607217687768,4.739130434782608,0,804.2582844576438,0,109,6,1,0,4
CNP0465496.1,-8.5,1.519619843192747,4.478260869565218,2,589.5846867671786,3,103,6,3,0,9
CNP0465708.1,-9.6,1.8400650377728816,5.142857142857143,2,633.1142380426139,11,144,6,8,1,12
CNP0465778.1,-8.7,1.42822314002444,4.137931034482759,0,754.4125101492436,2,120,7,2,0,7
CNP0465907.4,-8.182,1.5391191331576275,4.727272727272728,0,1089.4025977137253,14,208,6,10,1,17
CNP0466437.1,-7.4,1.802526318048788,4.0,0,739.0779353528209,12,168,6,7,0,12
CNP0466725.1,-8.9,2.6050760403502973,3.6666666666666665,0,425.1193683592896,2,77,14,0,0,1
CNP0467115.1,-7.6,1.5450474855813068,4.269230769230769,0,601.0885614565309,2,111,6,1,0,6
CNP0467283.1,-8.592,2.78675530983297,3.8333333333333335,0,675.0264680842488,6,115,12,1,0,5
CNP0467339.1,-5.4,3.6313070871302338,3.0,0,163.15658300436584,1,36,0,1,0,3
CNP0467569.4,-10.01,1.227847739313182,5.416666666666667,6,1327.482321694449,5,195,6,0,0,4
CNP0467601.1,-8.6,1.8022813150890724,5.916666666666667,4,925.7246715720032,2,142,6,2,1,5
CNP0467641.1,-7.4,1.951561334299168,5.6,4,298.7439801694602,2,84,6,1,2,3
CNP0467827.0,-8.4,1.0137207971297488,4.88135593220339,2,2409.563863094236,0,288,6,4,1,10
CNP0467842.0,-7.906,1.45166338154289,5.222222222222222,5,1462.964802592826,0,188,16,0,0,4
CNP0467846.0,-9.3,1.465306333483608,4.652173913043479,2,882.0952533534538,0,107,6,1,0,5
CNP0468152.1,-7.8,1.4801545355964685,4.787878787878788,2,1012.1292149712395,5,158,6,3,0,9
CNP0468275.1,-8.9,1.4479693826570978,4.269230769230769,0,609.6803335010846,2,111,6,2,0,7
CNP0468830.4,-9.797,1.2943789769837772,5.5625,3,1207.799230032116,4,178,6,0,0,4
CNP0468919.2,-9.6,1.447615232173303,4.892857142857143,2,1071.8829900811868,1,137,6,1,0,5
CNP0468965.1,-7.8,1.7849100650747816,4.456896551724138,0,3666.213873884868,16,517,5,17,9,37
CNP0468974.1,-6.1,2.742720791733486,4.428571428571429,0,238.276497448669,3,62,6,0,1,4
CNP0469340.2,-8.37,1.5421530557296892,4.523809523809524,2,610.115433214249,1,95,6,1,0,3
CNP0469386.1,-10.9,0.8879465636802616,5.392857142857143,7,1610.1112086006117,16,302,6,3,3,4
CNP0469443.1,-8.7,1.7020850028629355,4.698412698412699,0,1895.6739877803595,14,296,6,7,2,25
CNP0469452.0,-5.8,1.6006109234263255,4.0,0,312.4194234141983,0,48,5,0,0,5
CNP0469459.1,-9.1,1.8256088465938,4.318840579710145,2,2304.5408866085463,10,298,19,10,0,26
CNP0469526.0,-6.11,2.0195022723810028,4.6923076923076925,2,502.79382771065934,0,61,6,0,0,7
CNP0469804.3,-9.7,1.270086367572726,4.606060606060606,3,1007.8515186038215,4,152,6,2,1,7
CNP0469852.4,-9.4,1.385944562516661,5.825,5,1667.884553006425,2,233,6,0,2,6
CNP0469852.5,-9.4,1.385944562516661,5.825,5,1667.884553006425,2,233,6,0,2,6
CNP0469924.1,-9.4,1.4146336729304885,4.448275862068965,0,704.6730154921433,4,129,6,3,0,9
CNP0470039.1,-7.6,1.785497557791561,4.264705882352941,0,916.45209158058,4,145,11,1,0,8
CNP0470044.1,-12.3,0.9505007413956664,5.777777777777778,9,2815.6183821551244,13,364,6,10,3,17
CNP0470166.2,-10.04,1.1482475037196933,4.96875,2,1259.199337789954,4,159,6,2,0,11
CNP0470334.1,-9.4,1.1818954660056318,4.555555555555555,3,613.9986093264644,4,123,6,2,0,5
CNP0470682.2,-9.0,1.4055666278140937,4.972972972972973,4,1393.491214875221,1,184,6,1,0,8
CNP0470946.5,-7.9,2.6997012609627915,4.2631578947368425,0,412.3428053435927,4,81,5,7,1,14
CNP0471027.1,-9.3,1.4575452327627878,4.333333333333333,0,639.4090955662971,2,117,6,2,0,8
CNP0471117.1,-10.44,0.9425194517088472,5.177215189873418,9,3116.0416179177914,8,409,16,3,3,11
CNP0471232.1,-8.2,1.7863227022951451,5.215686274509804,4,1682.2926054694683,10,266,7,0,5,14
CNP0471287.1,-8.6,1.7391151389148487,4.083333333333333,0,552.7584341088167,4,98,6,4,0,8
CNP0471736.2,-8.6,1.621033691966143,4.688888888888889,3,1616.640313532817,2,211,6,3,2,8
CNP0471965.0,-5.3,4.704350865357507,3.183098591549296,0,1371.7741194782857,3,226,0,3,0,13
CNP0472271.1,-10.6,1.1230729272151858,4.970588235294118,3,1237.9551951013143,4,169,6,1,0,8
CNP0472357.1,-7.7,1.063045985286566,4.4,0,1335.5607906596065,2,176,6,2,0,10
CNP0472507.2,-10.9,1.011685185306953,4.611111111111111,2,1270.664438277744,4,166,6,2,0,10
CNP0473451.1,-10.3,0.8993374393588452,5.345679012345679,5,2505.2753152990927,27,433,6,9,5,26
CNP0473485.0,-8.9,1.687502325627963,5.8,4,675.3835343008122,7,145,6,3,3,4
CNP0473499.1,-8.3,1.1028157131973275,4.6938775510204085,2,2128.556966967375,1,230,6,4,0,8
CNP0473567.3,-9.7,1.3244946216008875,5.709677419354839,6,1229.4838877078048,4,177,6,0,0,4
CNP0473702.2,-7.8,0.8417135078139921,5.296296296296297,8,2994.4233880087463,25,429,6,7,5,27
CNP0473799.2,-9.9,1.3453060601521691,5.696969696969697,6,1333.2227219022143,5,188,6,0,0,5
CNP0473805.0,-7.4,2.0138533010134902,4.5,0,534.5371240740591,0,72,6,0,0,4
CNP0473893.1,-9.1,1.30436401837727,5.040816326530612,5,1869.1990922039504,3,247,6,2,1,10
CNP0473952.1,-8.5,3.462566560196675,3.791044776119403,0,1747.0266909790716,5,254,18,14,0,26
CNP0474004.2,-7.806,1.3124705211705563,5.089285714285714,7,2097.316959169852,5,285,13,4,1,12
CNP0474475.1,-8.0,1.804880437740452,4.75,3,785.2939147705647,5,152,6,4,2,8
CNP0474551.3,-9.816,1.3724200733537588,5.741935483870968,6,1246.7338877078048,4,178,6,0,0,4
CNP0474629.1,-10.1,1.9529908834790075,4.241379310344827,0,826.7757210997335,4,123,6,5,0,10
CNP0474872.4,-8.7,1.399864360339765,3.7714285714285714,0,998.2528601977604,5,132,6,6,0,8
CNP0475087.0,-7.1,2.279287305221424,3.875,0,438.0854924694249,0,62,5,3,0,9
CNP0475262.2,-9.37,1.3736660019933862,5.793103448275862,6,1166.3356662133706,4,168,6,0,0,3
CNP0475375.2,-9.7,1.457597543836601,6.0,6,1185.4630680949103,2,180,6,0,1,4
CNP0475455.1,-9.2,1.4030831465516551,5.441860465116279,6,1703.9530269369416,5,234,6,1,1,11
CNP0475956.0,-7.9,3.737298312625719,3.310344827586207,0,657.74086412133,2,96,0,3,0,9
CNP0476124.2,-9.7,1.1445203359508402,4.962962962962963,2,752.4228543829407,4,134,6,0,0,8
CNP0476137.4,-9.449,1.3285833379314778,5.724137931034483,6,1166.3356662133706,4,166,6,0,0,3
CNP0476221.0,-6.5,2.5183970533575946,4.0,0,377.0003882453519,0,64,6,1,0,4
CNP0476464.1,-11.6,1.3807772118748494,4.870967741935484,2,905.3659664842102,5,151,6,4,0,10
CNP0476499.2,-6.413,2.03970906845024,5.083333333333333,2,343.4467454636433,1,61,6,1,1,2
CNP0476535.6,-8.7,1.881788931710145,4.419354838709677,0,735.8363133673588,7,137,6,6,1,11
CNP0476728.1,-6.9,2.5044544091174723,4.0,0,286.6431068316534,3,56,6,3,1,3
CNP0476759.0,-10.1,1.192206738154072,4.592592592592593,2,1047.181536865582,0,124,6,0,0,5
CNP0476779.1,-11.2,1.53919840265849,5.117647058823529,4,1363.4168841362446,1,174,6,3,1,9
CNP0476781.2,-8.3,1.7295743528415302,3.965517241379312,0,709.6764383836244,2,115,6,3,0,8
CNP0476790.1,-10.36,0.8425550415391038,5.3977272727272725,13,3930.850030548853,12,475,14,4,2,12
CNP0476922.2,-9.7,1.6852212349887945,5.0606060606060606,3,968.3989947261036,9,167,11,4,1,5
CNP0476996.0,-8.7,1.3857798747811283,5.075,4,2149.321084619577,0,203,6,4,0,13
CNP0477514.1,-6.7,2.4821521880164195,3.9047619047619047,0,480.3672808842777,4,82,6,1,0,7
CNP0477516.1,-10.51,0.945058277901984,5.115384615384615,10,3336.33577907488,10,399,16,4,1,12
CNP0477525.2,-10.7,1.216762155690381,6.0285714285714285,5,1025.363801857466,10,211,6,3,4,5
CNP0477625.0,-8.4,1.5395398769406563,4.933333333333334,4,1335.206887118295,0,148,6,2,0,8
CNP0477718.1,-10.3,0.933074988166268,5.363636363636363,8,1622.0388778972874,15,295,12,4,2,7
CNP0477737.1,-7.2,3.927856066527461,3.8285714285714287,0,1753.740485883118,9,268,25,9,0,20
CNP0477764.2,-9.9,1.351706803548498,5.766666666666667,6,1215.958180592747,4,173,6,0,0,4
CNP0477795.1,-10.1,0.8826195158095141,5.454545454545454,7,1611.104173063842,16,300,6,3,3,5
CNP0477914.0,-9.7,1.5515438057212052,5.16,4,1181.8228831987965,0,129,6,2,0,6
CNP0477989.1,-10.1,1.2666240553902537,5.78125,6,1243.8929192202295,4,185,6,2,2,6
CNP0478002.0,-9.1,1.5081887915022705,4.423076923076923,2,990.589349514562,0,115,6,1,0,7
CNP0478055.0,-5.4,2.1863236914703106,3.25,0,101.23098268032228,0,39,9,2,0,4
CNP0478069.1,-9.755,0.9692756088317412,5.397058823529412,10,2985.2453798156325,8,367,6,9,3,16
CNP0478122.1,-9.8,0.9827351621767748,5.591836734693878,7,1361.394182285038,15,274,6,4,3,5
CNP0478145.1,-10.4,1.3095670818042342,6.0606060606060606,8,1432.9242998275015,2,200,6,0,1,3
CNP0478145.4,-10.3,1.3095670818042342,6.0606060606060606,8,1432.9242998275015,2,200,6,0,1,3
CNP0478145.5,-10.4,1.3095670818042342,6.0606060606060606,8,1432.9242998275015,2,200,6,0,1,3
CNP0478228.4,-11.78,1.3474867293617083,5.741935483870968,6,1246.3462023039704,4,178,6,0,0,4
CNP0478268.0,-4.9,2.9944768836923936,2.7857142857142856,0,117.98036176408122,0,39,0,0,0,2
CNP0478367.0,-9.1,1.637090147544543,4.653846153846154,0,1107.220539214389,1,121,6,1,0,9
CNP0478433.2,-11.2,1.2489821885574977,5.195652173913044,9,1817.5371220799395,8,239,15,5,0,10
CNP0478532.1,-9.4,1.4652652715971504,5.173913043478261,2,973.412317639994,1,119,6,1,0,6
CNP0478799.1,-6.0,4.217767494155451,3.081967213114754,0,931.2895164562372,1,188,0,0,0,6
CNP0478818.1,-10.3,1.2139510536934637,5.163934426229508,4,2377.111473312152,12,315,7,13,1,22
CNP0478819.0,-9.2,1.3198689337663527,5.678571428571429,6,1139.9557727355975,0,159,6,0,0,6
CNP0478844.0,-9.5,1.4914406362378605,4.666666666666667,2,1414.3299820550883,7,210,6,8,1,16
CNP0478926.0,-8.7,1.874159787923145,5.136363636363637,3,820.2843896333998,0,113,6,2,0,5
CNP0478928.1,-8.928,1.5620628014904914,6.0606060606060606,5,1015.1193962084504,9,200,6,4,4,4
CNP0478984.1,-4.7,2.8668131304135893,2.6666666666666665,0,179.42673492461205,1,40,0,0,0,4
CNP0478996.1,-7.0,4.257466395045703,3.0422535211267605,0,1502.5158651745592,1,216,0,0,0,6
CNP0478999.0,-7.5,2.241064690190041,4.833333333333333,2,670.5475752655861,0,87,6,3,0,6
CNP0479096.1,-10.3,1.154210224278543,5.0638297872340425,5,1875.3123322167835,5,238,6,6,2,13
CNP0479116.1,-9.4,1.6631505468899122,5.75,4,391.2274881988615,7,115,6,1,2,1
CNP0479187.2,-5.988,2.617690698989717,4.071428571428571,0,326.8908100054958,1,57,6,1,0,3
CNP0479205.0,-6.1,4.27902329402996,3.046153846153846,0,1001.50672168754,0,198,0,0,0,6
CNP0479226.1,-9.7,1.06383531523935,4.425531914893617,4,971.5045721927372,9,208,6,0,2,1
CNP0479233.0,-6.8,2.3321700493399176,4.1946902654867255,0,3393.98473228906,14,474,5,16,5,35
CNP0479329.1,-12.5,0.8979222759138509,5.543859649122807,11,2732.270445884896,5,316,18,4,3,15
CNP0479339.1,-6.8,4.204172831141834,3.046153846153846,0,1313.639430885118,1,198,0,0,0,6
CNP0479357.1,-10.0,1.4200972469059308,5.935483870967742,6,1272.691265952251,2,184,6,0,1,7
CNP0479357.4,-9.9,1.4200972469059308,5.935483870967742,6,1272.691265952251,2,184,6,0,1,7
CNP0479357.5,-9.2,1.4200972469059308,5.935483870967742,6,1272.691265952251,2,184,6,0,1,7
CNP0479398.2,-6.2,4.255009011018657,3.0434782608695654,0,1028.918272514849,1,210,0,0,0,6
CNP0479420.2,-7.146,4.216112629487294,3.0806451612903225,0,946.761324178815,1,191,0,0,0,6
CNP0479668.2,-5.2,4.282097533461371,3.0821917808219177,0,1121.2369798420038,2,225,0,0,0,6
CNP0479713.3,-11.1,1.1234678111903214,5.0625,4,1603.4745709952354,9,243,6,5,3,14
CNP0479799.1,-5.0,2.300634549518588,3.7777777777777777,0,148.99514061050084,1,34,5,1,0,2
CNP0479871.0,-7.474,1.8409731813054464,5.0,3,704.0950061974603,1,105,6,2,0,3
CNP0479879.1,-8.2,2.6065116097262564,4.421052631578948,2,1049.2420807510216,6,168,10,1,1,11
CNP0479885.2,-9.3,0.7927688571861077,5.0,4,3746.6784711569503,20,460,6,19,0,35
CNP0479956.1,-6.0,4.202719946033071,3.0545454545454547,0,813.2042506331999,1,168,0,0,0,6
CNP0479956.2,-5.8,4.202719946033071,3.0545454545454547,0,813.2042506331999,1,168,0,0,0,6
CNP0480037.1,-8.473,1.546779126674671,4.44,2,696.2217581181566,1,111,6,0,0,5
CNP0480093.1,-10.1,1.265965295732304,4.74,2,1765.542674797867,7,237,6,8,1,15
CNP0480116.1,-12.1,0.7836625115187271,5.933333333333334,17,3349.833206813368,20,534,19,3,4,12
CNP0480198.1,-5.046,4.1546037642910685,3.0161290322580645,0,985.59854610467,1,187,0,0,0,5
CNP0480240.3,-9.7,1.352279634673202,5.138888888888889,3,1082.5531370811732,5,185,6,2,1,8
CNP0480254.1,-9.4,1.2721343402038232,5.548387096774194,6,1386.1100739102033,2,172,6,2,0,7
CNP0480270.0,-7.417,1.9791829412519164,4.5,0,503.3052439781196,0,72,6,0,0,6
CNP0480314.1,-9.2,1.8071939900527187,4.340909090909091,3,1287.0710456103716,9,191,16,2,1,8
CNP0480320.1,-10.7,0.9684959016384198,5.26,5,1746.5647734309928,9,263,6,6,0,9
CNP0480322.1,-12.9,0.8500818121116899,5.333333333333333,7,2581.5554504491643,5,304,8,5,2,14
CNP0480349.0,-9.6,1.6748447204747323,4.225806451612903,4,862.0405514450295,0,131,20,3,0,4
CNP0480494.1,-7.2,4.249784070828225,3.046875,0,1253.0401274167364,1,195,0,0,0,6
CNP0480628.1,-9.4,1.4390813313778554,5.0,4,770.7546252904745,1,130,7,1,1,6
CNP0480646.0,-7.3,2.33071266090336,3.7777777777777777,0,494.5587374421376,0,68,6,2,0,6
CNP0480648.2,-6.6,4.206079783383517,3.0847457627118646,0,889.2504717858372,2,182,0,0,0,6
CNP0480667.1,-7.5,4.288953532136794,3.071428571428572,0,620.0098248841567,1,129,0,0,0,6
CNP0480667.2,-6.8,4.288953532136794,3.071428571428572,0,620.0098248841567,1,129,0,0,0,6
CNP0480672.0,-9.5,1.3647514508815846,4.9,3,1163.0122646736977,0,147,6,0,0,7
CNP0480686.1,-6.5,4.241792286231108,3.1153846153846154,0,806.6892641157029,1,162,0,0,0,6
CNP0480686.2,-6.3,4.241792286231108,3.1153846153846154,0,806.6892641157029,1,162,0,0,0,6
CNP0480730.1,-11.5,1.541050942309358,5.9393939393939394,4,830.398346978456,10,196,6,2,6,3
CNP0480778.1,-9.4,1.6500386452231943,5.75,4,442.6991762504686,6,115,6,1,2,2
CNP0480970.2,-6.482,4.318514340777027,3.1320754716981134,0,812.8643568139894,3,166,0,0,0,6
CNP0480985.1,-6.2,4.263826239358642,3.0422535211267605,0,1457.1325454350258,1,216,0,0,0,6
CNP0480997.1,-6.1,4.265954376618988,3.0434782608695654,0,1424.0837124227176,1,210,0,0,0,6
CNP0481032.1,-5.7,4.26119866648971,3.066666666666667,0,902.6089358230496,1,184,0,0,0,6
CNP0481032.2,-6.0,4.26119866648971,3.066666666666667,0,902.6089358230496,1,184,0,0,0,6
CNP0481096.1,-6.4,4.262884957042699,3.04,0,1387.8549006385174,1,228,0,0,0,6
CNP0481098.1,-8.0,1.960863941128836,4.789473684210527,3,427.1066239101259,4,91,6,3,1,4
CNP0481203.2,-10.7,1.0074519799733792,5.45,7,2034.9692926117527,1,218,6,1,0,10
CNP0481212.1,-5.5,4.265960577913615,3.083333333333333,0,1105.3912723652716,2,222,0,0,0,6
CNP0481212.2,-6.2,4.265960577913615,3.083333333333333,0,1105.3912723652716,2,222,0,0,0,6
CNP0481223.1,-4.6,4.272562462915607,3.057971014492753,0,1042.465477800181,1,211,0,0,0,6
CNP0481223.2,-6.1,4.272562462915607,3.057971014492753,0,1042.465477800181,1,211,0,0,0,6
CNP0481300.1,-8.8,0.9869209675398072,5.215384615384616,8,2227.892579983551,14,339,11,8,2,12
CNP0481364.1,-6.3,4.252292133829751,3.046153846153846,0,1225.1308970455705,1,198,0,0,0,6
CNP0481392.1,-5.975,4.236700331658832,3.0422535211267605,0,1190.0869871498185,1,216,0,0,0,6
CNP0481410.1,-6.5,4.057787673729175,3.0576923076923075,0,767.9665107213771,1,159,0,0,0,6
CNP0481410.2,-6.8,4.057787673729175,3.0576923076923075,0,767.9665107213771,1,159,0,0,0,6
CNP0481475.1,-6.7,4.241702812352292,3.1142857142857143,0,1089.449363208652,3,218,0,0,0,6
CNP0481475.2,-5.9,4.241702812352292,3.1142857142857143,0,1089.449363208652,3,218,0,0,0,6
CNP0481584.1,-9.3,1.5472151532451783,4.235294117647059,0,1141.541722206652,1,144,6,1,0,7
CNP0481604.2,-6.1,4.17913062210453,3.0545454545454547,0,813.2042506331999,1,168,0,0,0,6
CNP0481623.1,-6.4,4.278336341624554,3.074074074074074,0,811.0359738332005,1,166,0,0,0,6
CNP0481623.2,-6.0,4.278336341624554,3.074074074074074,0,811.0359738332005,1,166,0,0,0,6
CNP0481634.1,-8.4,1.3746822488543555,4.586206896551724,0,805.3985277832953,4,133,6,4,0,7
CNP0481668.2,-6.0,4.272467819748525,3.057971014492753,0,1042.465477800181,1,211,0,0,0,6
CNP0481673.1,-7.4,3.362403865890294,3.0,0,833.4510392453642,1,132,0,1,0,5
CNP0481690.0,-6.823,4.272531538344229,3.0434782608695654,0,1217.8929067794527,0,210,0,0,0,6
CNP0481728.1,-8.2,1.7208206604325875,5.409090909090909,4,560.7600986014654,2,119,6,0,1,5
CNP0481743.2,-6.6,4.106467048754523,3.0961538461538463,0,782.8292403603875,2,161,0,0,0,6
CNP0481808.2,-10.09,1.60519764414824,5.310344827586207,3,799.1242019996679,6,154,7,1,0,7
CNP0481811.2,-12.1,1.107547699567129,5.341463414634147,5,1421.4379942199505,5,219,6,1,2,7
CNP0481841.1,-10.6,1.3316349674448706,5.105263157894737,3,1096.8467306586074,7,194,6,2,1,7
CNP0481851.4,-11.1,1.2350140741551052,5.219512195121951,3,1217.3682804632513,9,214,6,2,1,8
CNP0481933.2,-8.731,1.4999094021595245,4.620689655172414,3,952.1850722743748,2,134,6,1,1,4
CNP0481991.0,-7.7,1.819172706940364,5.125,2,395.1557953627212,3,82,6,1,1,1
CNP0482084.1,-5.6,4.225024903491857,3.081967213114754,0,931.2895164562372,1,188,0,0,0,6
CNP0482099.0,-9.022,1.6899605145500738,3.962962962962963,0,847.4557806261988,1,107,6,4,0,8
CNP0482117.1,-10.87,0.96592038431859,5.044776119402985,9,2791.813840495831,5,338,18,5,1,11
CNP0482135.3,-9.1,1.3447246995864262,5.026315789473684,3,1091.8266839968562,7,191,6,2,1,9
CNP0482139.1,-10.4,0.841849327661196,5.610526315789474,14,3790.0840892861866,15,533,18,7,6,14
CNP0482183.0,-8.8,1.4440346427977275,5.4523809523809526,6,2053.7546759614424,1,229,6,4,1,11
CNP0482194.1,-6.3,4.263826239358642,3.0422535211267605,0,1548.1310743508625,1,216,0,0,0,6
CNP0482204.2,-5.3,4.313705923370812,3.090909090909091,0,828.2001783992259,2,170,0,0,0,6
CNP0482226.3,-6.555,3.018412055357936,3.741935483870968,0,609.6578254173321,5,116,6,1,0,10
CNP0482226.4,-6.98,3.018412055357936,3.741935483870968,0,609.6578254173321,5,116,6,1,0,10
CNP0482260.0,-9.0,3.363184316055784,3.72972972972973,0,1983.514223762819,10,276,6,23,0,30
CNP0482338.2,-6.7,4.237973216711611,3.0793650793650795,0,962.269111412202,1,194,0,0,0,6
CNP0482472.1,-7.2,3.650555377646268,3.243243243243243,0,609.8283079386018,3,120,0,1,0,9
CNP0482505.1,-6.4,4.2668761319036514,3.0588235294117645,0,1026.786022138687,1,208,0,0,0,6
CNP0482547.1,-10.2,1.109301259726893,4.666666666666667,3,1463.701864680616,2,182,6,2,0,9
CNP0482598.0,-5.8,2.492325403848543,4.083333333333333,0,171.36734879116753,0,49,6,1,1,3
CNP0482616.2,-6.4,4.276227698420264,3.081967213114754,0,920.0048039396356,2,188,0,0,0,6
CNP0482681.3,-6.1,3.125814391652074,2.8,0,272.2605403156927,1,42,0,1,0,2
CNP0482713.1,-6.147,4.198201924883557,3.066666666666667,0,902.6089358230496,1,184,0,0,0,6
CNP0482713.2,-6.09,4.198201924883557,3.066666666666667,0,902.6089358230496,1,184,0,0,0,6
CNP0482864.1,-7.6,1.9891716215057536,4.294117647058823,2,471.3283624275099,1,73,7,2,0,5
CNP0482865.2,-6.4,4.289284670460039,3.1320754716981134,0,823.8602845800154,2,166,0,0,0,6
CNP0482906.1,-8.6,1.0464081333700253,5.013698630136986,9,2880.476894499296,9,366,19,8,1,13
CNP0482907.2,-6.8,4.318090119791521,3.1481481481481484,0,841.0708964879309,3,170,0,0,0,6
CNP0482988.2,-9.4,1.444728609724922,5.517241379310345,4,982.2775993358864,3,160,6,1,1,7
CNP0483003.2,-6.0,4.278010907901192,3.083333333333333,0,1105.391272365271,2,222,0,0,0,6
CNP0483043.1,-6.3,4.255009011018657,3.0434782608695654,0,1469.3089143082973,1,210,0,0,0,6
CNP0483063.0,-5.1,3.0621555823022035,2.878787878787879,0,365.9347315029835,0,95,0,1,0,2
CNP0483074.1,-5.8,4.100576259797842,3.061224489795918,0,723.1084943781505,1,150,0,0,0,6
CNP0483087.1,-9.8,1.3313039034526792,4.888888888888889,2,927.4835577330292,1,132,6,0,0,9
CNP0483106.2,-6.2,4.206071516102586,3.090909090909091,0,1011.0041593488024,2,204,0,0,0,6
CNP0483142.1,-10.6,0.8908700077925352,5.841463414634147,16,3469.865956730069,15,479,26,5,5,9
CNP0483213.2,-5.862,4.31473729547222,3.18,0,959.4908927323396,2,159,0,0,0,10
CNP0483235.1,-10.1,1.4162885203105586,5.948717948717949,6,1617.0622952131964,4,232,6,2,2,8
CNP0483286.1,-6.8,4.207580018063089,3.0793650793650795,0,962.269111412202,1,194,0,0,0,6
CNP0483292.1,-6.7,4.2725315383442295,3.0434782608695654,0,1424.0837124227176,1,210,0,0,0,6
CNP0483306.1,-8.5,1.8195754035320264,3.941176470588236,0,1609.071515839393,15,268,6,18,0,29
CNP0483343.1,-5.9,4.27585729078945,3.063492063492064,0,948.906932943159,1,193,0,0,0,6
CNP0483420.1,-10.8,0.9335238265404836,4.875,5,2192.7259489842854,10,312,9,6,2,10
CNP0483467.1,-6.4,4.272940986948136,3.046153846153846,0,1181.2868174463365,1,198,0,0,0,6
CNP0483471.1,-6.7,4.232562212440139,3.041095890410959,0,1535.8183652628038,1,222,0,0,0,6
CNP0483501.0,-8.2,2.26856870627389,4.142857142857143,0,1361.5032180533522,9,232,6,8,0,18
CNP0483508.1,-10.5,0.9706397954885326,4.855421686746988,6,3711.538431963474,6,403,21,5,1,14
CNP0483565.0,-4.8,3.4989497854303946,3.0,0,111.20671786825557,0,39,0,0,1,0
CNP0483640.1,-9.4,1.2507508877947673,4.354166666666667,0,1298.013695227393,9,209,6,7,1,9
CNP0483702.3,-9.2,1.2761611956268912,5.911764705882353,7,905.5464529769904,10,201,6,2,1,4
CNP0483755.1,-10.8,1.290183134683456,5.323529411764706,4,1311.633232307452,3,181,6,1,0,9
CNP0483779.1,-6.98,4.24639239134597,3.1607142857142856,0,1097.214709795686,2,177,0,0,0,10
CNP0483890.2,-7.0,1.9383189038673136,3.375,0,389.1000871761029,2,81,6,1,0,4
CNP0483900.1,-11.2,1.175358360581786,5.28125,5,1079.2422816707938,1,169,6,1,2,9
CNP0483937.1,-6.7,4.281618655330994,3.107142857142857,0,856.48566617755,2,174,0,0,0,6
CNP0484007.1,-8.0,1.035602620894545,4.607843137254902,4,1931.302867624548,3,235,10,4,0,8
CNP0484039.1,-9.9,0.869414505371046,5.886363636363637,14,3068.3006679997266,27,518,7,12,6,16
CNP0484051.0,-6.8,3.461676003323576,3.0625,0,407.3276613458324,0,98,0,1,0,5
CNP0484106.1,-7.2,4.233283618826473,3.0434782608695654,0,1289.8929067794525,1,210,0,0,0,6
CNP0484213.1,-6.3,4.260834701548806,3.0434782608695654,0,1379.1012387062192,1,210,0,0,0,6
CNP0484220.1,-8.2,1.559831808267611,4.96875,3,1057.5349980185267,3,159,6,3,1,8
CNP0484221.1,-4.974,4.202122684932407,3.065573770491804,0,918.0048039396356,1,187,0,0,0,6
CNP0484221.2,-6.245,4.202122684932407,3.065573770491804,0,918.0048039396356,1,187,0,0,0,6
CNP0484274.1,-9.8,1.59073957023028,5.25,3,1202.5960558742406,5,147,6,4,0,10
CNP0484357.1,-8.6,0.9754501056064736,4.747252747252747,8,3700.9484601856766,12,432,25,11,0,15
CNP0484366.1,-9.3,1.642999723920291,5.5,4,689.0270936261016,7,143,12,1,2,8
CNP0484429.0,-11.4,1.0492188547151102,5.242424242424242,5,1151.958453866977,1,173,6,0,1,7
CNP0484489.1,-6.1,3.4695794027667324,3.032258064516129,0,462.9285693867138,1,94,0,0,0,6
CNP0484549.1,-9.8,1.31726953843069,4.6571428571428575,0,1009.8677487623544,2,163,6,0,1,4
CNP0484564.0,-9.474,1.5903988930500796,4.411764705882353,0,1217.815366924115,0,150,6,2,0,10
CNP0484577.4,-10.9,1.3167635256395969,4.90625,2,1177.864795175155,5,157,6,7,0,11
CNP0484662.1,-9.7,1.1972984083767797,4.84375,3,1000.0230042455452,1,155,9,1,0,9
CNP0484765.0,-11.0,1.0852378038583468,5.4,4,1343.063792927204,0,189,6,1,1,6
CNP0484825.1,-11.2,0.8200129596869767,5.31858407079646,8,5317.278108604325,12,601,12,24,2,45
CNP0484845.1,-7.7,1.7313717602366574,5.545454545454546,4,614.9216554848845,4,122,7,1,1,5
CNP0484856.2,-6.5,4.317623051869612,3.111111111111111,0,826.0319015992267,2,168,0,0,0,6
CNP0484898.0,-7.1,2.548401006486022,4.0625,0,436.4913294852252,0,65,6,3,0,5
CNP0485006.1,-10.4,1.3911836278241494,4.791666666666667,3,614.6295054379991,2,115,10,1,0,5
CNP0485036.2,-10.8,1.2322783990525106,5.205128205128205,3,1315.594390007083,5,203,6,2,1,8
CNP0485188.0,-8.5,1.650605968964599,5.115384615384615,4,893.5006403010143,0,133,6,0,1,4
CNP0485231.1,-7.2,4.255009011018657,3.0434782608695654,0,1158.0903280448913,1,210,0,0,0,6
CNP0485313.2,-6.9,4.320493419884461,3.108695652173913,0,703.8488310034983,1,143,0,0,0,6
CNP0485348.4,-9.0,1.3212945655794437,6.0,7,890.1277729076699,10,198,6,2,1,4
CNP0485356.1,-7.8,1.684867835153196,4.814814814814815,0,924.2097233245056,1,130,6,2,0,9
CNP0485366.0,-8.2,2.1478487513727305,4.238095238095238,2,1921.516091363707,9,267,19,10,0,24
CNP0485380.2,-9.0,1.326268483803526,5.3,5,1234.7161702469944,1,159,6,0,0,7
CNP0485443.1,-8.546,1.569360946370789,5.4324324324324325,3,1179.8972685841024,7,201,6,1,4,10
CNP0485528.1,-8.2,0.830834510796681,4.185714285714286,4,1861.0424251200168,12,293,6,7,2,19
CNP0485591.1,-8.5,1.2758656473816123,4.566666666666666,3,2104.976661103734,9,274,12,6,0,10
CNP0485605.1,-6.659,4.2820766942777295,3.090909090909091,0,839.2391732879302,1,170,0,0,0,6
CNP0485649.2,-6.4,4.166400718933695,3.067796610169492,0,887.2504717858372,1,181,0,0,0,6
CNP0485715.2,-9.2,1.9599316301445453,4.241379310344827,2,1038.906492234504,2,123,6,4,0,10
CNP0485720.0,-5.8,2.6010138320768954,4.083333333333333,0,139.93953880615516,2,49,6,1,1,1
CNP0485831.1,-5.7,3.0840733025762748,2.833333333333333,0,129.81989592034273,1,34,0,4,0,5
CNP0485851.4,-8.8,1.5790686177956457,6.615384615384615,7,824.1152040146765,6,172,6,1,3,4
CNP0486012.3,-9.3,1.6454969660439216,5.258064516129032,3,1054.45821749631,4,163,6,0,1,12
CNP0486081.2,-6.3,4.2363488102787885,3.0638297872340425,0,693.4220642699785,1,144,0,0,0,6
CNP0486093.1,-12.9,0.84689855800514,5.298245614035087,7,2581.7622565446845,5,302,9,5,2,14
CNP0486105.3,-12.96,1.0294363792904582,7.092307692307692,17,3082.099035727255,9,461,6,2,9,13
CNP0486134.1,-9.7,1.2048063423067372,4.855555555555555,7,3449.9007171808325,10,437,16,5,0,28
CNP0486160.1,-5.8,4.219222065671329,3.107692307692308,0,997.3909390726848,3,202,0,0,0,6
CNP0486160.2,-6.0,4.219222065671329,3.107692307692308,0,997.3909390726848,3,202,0,0,0,6
CNP0486176.2,-13.4,0.8278873168946226,5.491525423728813,9,2646.6458944076044,7,324,9,4,2,14
CNP0486398.2,-6.3,4.169939651691164,3.095238095238096,0,964.269111412202,2,195,0,0,0,6
CNP0486411.2,-6.3,4.262305889773664,3.076923076923077,0,993.3909390726848,1,200,0,0,0,6
CNP0486494.1,-10.4,1.7419458484647683,4.155555555555556,0,1416.2700419153678,5,187,16,3,0,11
CNP0486542.1,-11.2,1.4753110117935078,6.5588235294117645,6,997.7643769462386,11,223,6,1,6,4
CNP0486659.1,-5.9,4.296713860991615,3.111111111111111,0,826.0319015992267,2,168,0,0,0,6
CNP0486659.2,-6.6,4.296713860991615,3.111111111111111,0,826.0319015992267,2,168,0,0,0,6
CNP0486667.1,-9.683,1.3600825576034328,4.764705882352941,3,1201.4167066335797,3,162,6,2,1,13
CNP0486683.2,-8.9,1.3412573361140718,4.975609756097561,3,1169.6419841713289,8,204,6,2,1,8
CNP0486683.3,-9.8,1.3412573361140718,4.975609756097561,3,1169.6419841713289,8,204,6,2,1,8
CNP0486736.1,-8.3,1.9429335397955,5.361111111111111,4,987.209332573892,9,193,6,1,3,10
CNP0486761.0,-9.2,1.5572871237286374,4.56,2,1038.590963983297,0,114,6,0,0,8
CNP0486789.1,-6.6,4.234607875724983,3.103448275862069,0,898.2994575774281,1,180,0,0,0,6
CNP0486789.2,-6.7,4.234607875724983,3.103448275862069,0,898.2994575774281,1,180,0,0,0,6
CNP0486815.1,-11.7,1.1555342213535669,4.676470588235294,3,988.121444872106,2,159,10,1,0,6
CNP0486836.1,-6.4,4.272531538344229,3.0434782608695654,0,1379.1012387062192,1,210,0,0,0,6
CNP0486878.0,-11.4,1.165279966004622,5.235294117647059,5,1626.5057486154458,0,178,6,1,0,7
CNP0486961.1,-6.2,4.253785481162182,3.086206896551724,0,873.9298797420312,2,179,0,0,0,6
CNP0486961.2,-6.6,4.253785481162182,3.086206896551724,0,873.9298797420312,2,179,0,0,0,6
CNP0487003.1,-10.0,1.6804773998858693,5.617647058823529,4,853.8666411065517,10,191,6,3,5,4
CNP0487008.1,-6.9,4.2526102242778,3.1186440677966103,0,915.700766412655,2,184,0,0,0,6
CNP0487008.2,-6.7,4.2526102242778,3.1186440677966103,0,915.700766412655,2,184,0,0,0,6
CNP0487071.2,-5.4,4.1838542525449975,3.1372549019607843,0,873.7547235974038,2,160,0,0,0,9
CNP0487109.1,-5.3,4.161917160987525,3.0142857142857142,0,983.0713901318755,1,211,0,0,0,5
CNP0487145.1,-11.0,0.7731564258407505,5.65,13,3546.895694348592,12,452,15,2,1,6
CNP0487155.1,-8.8,1.9412087946070944,4.409090909090909,0,602.9804590502168,4,97,6,5,0,11
CNP0487213.2,-10.2,1.216210455687423,5.15,3,1166.1347556198807,7,206,6,2,1,9
CNP0487261.0,-7.6,3.1615537076129745,3.771929824561404,0,1346.916293726219,7,215,5,11,0,21
CNP0487294.0,-6.6,2.4508473236849904,3.761904761904762,0,467.6128417120062,1,79,6,0,0,4
CNP0487336.1,-10.2,0.8260409904478792,5.761363636363637,15,3937.031743164008,15,507,10,9,4,16
CNP0487363.1,-6.1,4.169582664764079,3.15,0,1074.967396847037,2,189,0,0,0,10
CNP0487409.2,-6.2,4.26683116684201,3.057971014492753,0,1042.465477800181,1,211,0,0,0,6
CNP0487422.1,-6.5,4.328984656925558,3.122448979591837,0,761.4188932661178,1,153,0,0,0,6
CNP0487448.2,-9.9,1.4269446594168302,4.416666666666667,0,1165.1117639443069,3,159,6,6,0,13
CNP0487471.1,-9.2,1.5045925273108631,5.625,4,891.6179079611613,5,180,6,3,3,7
CNP0487476.1,-8.398,1.593345990069623,5.266666666666667,3,810.510969395959,6,158,7,0,0,7
CNP0487538.1,-6.748,4.251727987017678,3.0422535211267605,0,1278.0514540179588,1,216,0,0,0,6
CNP0487547.2,-5.848,4.197206012648805,3.071428571428572,0,841.4042375522087,1,172,0,0,0,6
CNP0487549.4,-9.5,1.3531205874932777,5.054054054054054,3,1070.6611363027414,7,187,6,2,1,7
CNP0487689.1,-10.9,1.1584768252362443,5.515625,8,2149.058732397902,18,353,14,3,3,7
CNP0487759.0,-4.2,1.9296519976765745,3.4285714285714284,0,126.97373660251154,0,24,4,0,0,0
CNP0487784.2,-9.2,1.792788417138865,5.4523809523809526,4,1281.641142192137,10,229,6,3,4,10
CNP0487787.1,-8.3,1.6828139280545702,6.291666666666667,5,722.3183807973976,5,151,6,2,2,5
CNP0487853.1,-5.893,4.221543685228414,3.083333333333333,0,904.6089358230496,2,185,0,0,0,6
CNP0487892.1,-6.7,3.471963081816426,3.0444444444444443,0,619.8061932486031,1,137,0,1,0,5
CNP0487922.1,-6.9,4.242533957450648,3.0508474576271185,0,1085.582839959582,1,180,0,0,0,6
CNP0487961.1,-10.5,0.8500291456982122,4.885416666666667,8,4168.854017626794,13,469,25,10,0,14
CNP0488047.0,-8.5,1.4453315690751147,4.346153846153846,0,871.403913962721,0,113,6,1,0,4
CNP0488065.2,-6.4,4.080503523024802,3.065573770491804,0,918.0048039396356,1,187,0,0,0,6
CNP0488125.2,-7.9,2.4908019982806984,3.95,0,594.7786262905644,1,79,6,3,0,8
CNP0488128.2,-10.6,1.4179216396717895,5.137931034482759,3,1097.5997975460375,1,149,6,2,1,9
CNP0488132.1,-9.4,1.385680452417962,6.255813953488372,7,1370.4504064093642,16,269,6,3,5,11
CNP0488145.1,-4.538,4.255622737051556,3.087719298245614,0,869.7708857348125,1,176,0,0,0,6
CNP0488155.1,-4.866,4.174243088020883,3.015625,0,1102.631957421975,1,193,0,0,0,5
CNP0488177.0,-11.3,1.011914390059124,4.727272727272728,2,1280.9539554887672,0,156,6,2,0,7
CNP0488204.2,-9.3,2.053780013901964,5.578947368421052,3,444.0465945648067,7,106,6,6,1,8
CNP0488272.1,-9.6,1.1997579200308222,4.288888888888889,0,1186.4798910215363,8,193,6,6,1,8
CNP0488409.1,-10.55,1.3248038603048182,6.138888888888889,6,982.640046194434,10,221,7,0,6,4
CNP0488412.1,-10.2,0.9878446198706574,5.228260869565218,11,3688.281605943285,16,481,15,13,2,24
CNP0488538.0,-7.5,1.592726892423409,3.6984126984126986,0,1602.3298740288242,3,233,5,3,0,14
CNP0488580.1,-9.9,1.1730769452701824,5.238095238095238,8,2391.046365751211,10,330,12,6,2,17
CNP0488594.2,-11.8,1.0987271390596818,7.130434782608695,13,1714.158442350801,14,328,8,0,2,8
CNP0488641.1,-9.3,1.6853179777000673,4.433333333333334,0,1089.0514896893358,2,133,6,0,0,8
CNP0488645.1,-9.809,1.226041459684352,5.7,7,2012.919696632416,17,342,13,4,5,14
CNP0488690.2,-6.1,4.262110712148655,3.0754716981132075,0,795.9121487523727,1,163,0,0,0,6
CNP0488716.1,-4.9,4.208436685797095,3.064516129032258,0,933.437618717518,1,190,0,0,0,6
CNP0488716.2,-6.7,4.208436685797095,3.064516129032258,0,933.437618717518,1,190,0,0,0,6
CNP0488879.1,-10.05,1.401759720511226,5.088235294117647,4,778.7916916698903,8,173,6,0,3,3
CNP0488904.1,-13.1,0.6552467738222751,5.196428571428571,11,8612.783217199456,15,873,11,37,0,66
CNP0488929.1,-7.2,4.797475032219378,3.555555555555556,0,343.1946743841484,3,64,0,5,0,9
CNP0488936.1,-10.6,1.2384124115209008,5.147058823529412,3,1059.2676222506034,5,175,6,4,0,9
CNP0488952.1,-5.9,4.255772156428098,3.12280701754386,0,873.7708857348127,3,178,0,0,0,6
CNP0489014.0,-7.5,2.3229085329367947,4.54054054054054,0,1174.033490108861,0,168,5,3,3,13
CNP0489021.2,-8.6,1.6329989844549666,4.857142857142857,2,523.5572740229185,6,102,6,4,0,7
CNP0489046.1,-8.6,1.5946158075286512,5.513513513513513,4,1152.0960821336382,8,204,6,1,4,9
CNP0489079.2,-6.4,4.2388246252165205,3.08955223880597,0,1038.1989236323163,1,207,0,0,0,6
CNP0489129.1,-5.3,4.251249831290933,3.0675675675675675,0,1135.1144691248703,1,227,0,0,0,6
CNP0489136.1,-6.6,4.318650442595052,3.1481481481481484,0,841.0708964879309,3,170,0,0,0,6
CNP0489275.1,-6.7,4.224720551718202,3.048387096774193,0,1090.0349797478434,1,189,0,0,0,6
CNP0489278.5,-11.2,1.0396896567254652,5.393939393939394,4,939.8657038317627,6,178,6,0,2,8
CNP0489499.1,-9.8,1.200773970470651,5.296296296296297,5,2080.0962915654245,10,286,16,2,2,14
CNP0489707.0,-7.9,1.50257379213772,4.297297297297297,0,1938.0389627470825,20,318,6,14,0,29
CNP0489767.0,-8.7,1.6187225927741515,4.666666666666667,2,963.9831703303478,0,112,6,4,0,5
CNP0489792.1,-5.7,4.261778318664363,3.047619047619047,0,1105.9016671775375,1,192,0,0,0,6
CNP0489808.1,-5.5,5.249152761459875,3.185185185185185,0,2320.211621728361,5,344,0,3,0,19
CNP0489876.1,-6.683,4.1564058550835705,3.0142857142857142,0,1111.3038006736217,1,211,0,0,0,5
CNP0489957.1,-10.16,1.2901215979068408,4.837209302325581,6,1684.8972004538637,3,208,18,4,0,8
CNP0490002.1,-6.8,4.200452447164464,3.09375,0,991.2500734207846,1,198,0,0,0,6
CNP0490051.1,-6.4,4.221437091565647,3.111111111111111,0,977.6692566357916,2,196,0,0,0,6
CNP0490052.0,-5.7,2.940280305716908,2.772727272727273,0,254.632754848494,0,61,0,0,0,1
CNP0490081.1,-7.4,4.253477023568171,3.044776119402985,0,1301.7558339407703,1,204,0,0,0,6
CNP0490158.0,-5.7,2.923517525558115,2.75,0,266.5917875070114,0,55,0,1,0,2
CNP0490188.1,-10.7,0.7596494840085848,5.585365853658536,14,3586.5357206201893,9,458,15,1,2,5
CNP0490211.1,-10.6,1.1932586255798532,5.162790697674419,3,1278.8435500110377,8,222,6,2,1,9
CNP0490327.1,-8.498,0.9524959557526838,5.226666666666667,8,2484.866118848365,9,392,16,5,2,15
CNP0490483.1,-6.8,4.251727987017678,3.0422535211267605,0,1367.0874712333984,1,216,0,0,0,6
CNP0490502.1,-9.8,1.427019667379719,5.323529411764706,4,1230.9214942099666,4,181,6,3,1,9
CNP0490548.1,-10.7,0.783944921731715,5.604651162790698,15,3229.7790146152665,18,482,25,3,2,10
CNP0490572.1,-9.8,0.959311107978366,5.1692307692307695,8,2432.5536022673336,11,336,14,7,1,18
CNP0490588.1,-8.6,1.550132185947937,4.565217391304348,0,686.5304779679383,3,105,6,2,0,8
CNP0490751.4,-9.8,1.267784080069989,5.363636363636363,4,1208.836626023866,2,177,6,0,1,5
CNP0490759.2,-5.511,4.085618270339478,3.101694915254237,0,902.4555810238649,2,183,0,0,0,6
CNP0490764.1,-10.0,0.7145186387803373,5.421568627450981,5,2898.2047030715307,40,553,6,19,6,34
CNP0490793.0,-9.4,1.2016191570426242,4.047619047619048,0,1417.6817501916216,1,170,6,3,0,9
CNP0490806.1,-6.6,4.238968579872811,3.095238095238096,0,975.6692566357916,1,195,0,0,0,6
CNP0490874.0,-10.1,1.4299407601989351,4.935483870967742,4,1514.782198801846,0,153,6,3,0,11
CNP0491104.1,-6.444,4.255307923819776,3.038961038961039,0,1420.7198795117467,1,234,0,0,0,6
CNP0491168.1,-7.0,4.257046074295329,3.0508474576271185,0,1216.2490849315684,1,180,0,0,0,6
CNP0491234.2,-10.8,1.256875535392246,5.282051282051282,3,1324.3690482992204,6,206,6,2,1,8
CNP0491320.1,-6.3,4.259458237200787,3.092592592592593,0,824.0319015992267,1,167,0,0,0,6
CNP0491333.2,-5.4,4.29589077746224,3.066666666666667,0,902.6089358230496,1,184,0,0,0,6
CNP0491340.2,-6.6,4.298533734437441,3.076923076923077,0,780.8292403603875,1,160,0,0,0,6
CNP0491363.0,-9.3,1.544504253382805,4.225806451612903,0,1104.9713074936967,0,131,6,3,0,7
CNP0491433.1,-5.3,4.266434724904132,3.103448275862069,0,887.0943483394005,2,180,0,0,0,6
CNP0491447.1,-11.2,0.883650681565245,6.068965517241379,12,3230.7926567063964,22,528,12,7,11,12
CNP0491460.1,-10.2,1.2371418544480728,5.190476190476191,3,1233.6486892631335,9,218,6,2,1,8
CNP0491465.1,-6.8,4.326221906472721,3.106382978723404,0,718.7231403082029,1,146,0,0,0,6
CNP0491473.0,-7.8,1.7295087226853154,4.592592592592593,0,958.9827874235702,0,124,6,1,0,5
CNP0491489.2,-10.0,1.5063671473709066,4.944444444444445,2,1430.6829268516212,2,178,6,5,0,8
CNP0491507.1,-6.8,4.25576760467651,3.044776119402985,0,1481.5035454947315,1,204,0,0,0,6
CNP0491514.4,-10.0,1.2233144608251871,5.411764705882353,3,1053.3835488909608,5,184,6,2,1,7
CNP0491531.2,-7.0,4.280491827147278,3.1052631578947367,0,882.935354332182,1,177,0,0,0,6
CNP0491637.0,-4.0,2.2571532373031413,3.571428571428572,0,138.36869300355525,0,25,5,1,0,2
CNP0491642.1,-9.6,1.411786750788832,4.371428571428571,0,585.8176767482282,10,153,6,7,0,11
CNP0491664.1,-6.368,4.286973121736811,3.142857142857143,0,871.6089135144582,3,176,0,0,0,6
CNP0491670.1,-7.0,2.1589676666762694,4.823529411764706,2,389.7260003888405,3,82,9,1,1,2
CNP0491713.0,-8.8,1.3973992623185436,4.916666666666667,2,1662.9354063118597,10,236,6,12,0,21
CNP0491746.1,-9.1,1.6018662443683185,4.65,2,691.5387737877443,1,93,6,3,0,6
CNP0491764.1,-10.9,0.6803142968438223,5.711340206185567,16,4461.505520683967,13,554,15,2,2,6
CNP0491888.0,-7.4,2.9167759804262245,3.875,0,846.1139698431317,2,124,6,1,1,9
CNP0491937.1,-9.66,1.1104987967759472,4.326923076923077,2,1665.4723405268296,10,225,6,5,0,16
CNP0492011.0,-8.1,1.45536329593076,4.791666666666667,5,2168.8976612783026,0,230,16,4,0,10
CNP0492015.1,-6.7,4.263826239358642,3.0422535211267605,0,1593.9721222830508,1,216,0,0,0,6
CNP0492050.3,-8.1,1.5974273558999843,4.838709677419355,2,941.3879537120972,2,150,6,1,0,7
CNP0492096.1,-8.5,1.9923047383398185,4.219512195121951,0,1063.0579754702717,5,173,5,3,0,11
CNP0492142.1,-10.0,0.9511971964528584,5.4375,9,2465.1687773048257,12,348,14,6,2,17
CNP0492222.2,-9.6,1.7459028125808265,4.304347826086956,2,1366.4065797482124,7,198,6,8,0,17
CNP0492259.2,-9.6,1.332271328544142,5.03125,2,1091.9872260465415,4,161,6,0,2,8
CNP0492263.1,-6.6,4.255009011018657,3.0434782608695654,0,1289.8929067794525,1,210,0,0,0,6
CNP0492307.0,-8.611,1.628777885778304,5.206896551724138,3,1218.3920708589176,0,151,6,3,0,9
CNP0492337.0,-6.5,4.27902329402996,3.046153846153846,0,1044.464652073584,0,198,0,0,0,6
CNP0492375.10,-11.47,0.8388358998485266,6.464285714285714,11,1938.954710425873,18,362,6,4,5,11
CNP0492375.9,-12.94,0.8388358998485266,6.464285714285714,11,1938.954710425873,18,362,6,4,5,11
CNP0492424.0,-7.6,2.3227576425169696,4.392857142857143,0,869.2018167430791,1,123,6,1,0,8
CNP0492440.1,-8.1,0.89239556184244,4.760869565217392,8,3924.687597956327,11,438,25,9,0,13
CNP0492528.1,-10.22,1.1387507043505052,4.555555555555555,2,1414.2528296285727,7,205,9,5,1,8
CNP0492574.1,-5.6,4.265210171158244,3.046153846153846,0,1181.2868174463365,1,198,0,0,0,6
CNP0492585.0,-6.252,4.252292133829749,3.046153846153846,0,1034.4646520735837,0,198,0,0,0,6
CNP0492596.2,-10.68,1.1170240976943535,4.873015873015873,9,2155.2237566988806,7,307,15,7,2,14
CNP0492603.0,-6.0,2.864508768363151,4.111111111111111,0,530.9458799590188,0,74,6,0,0,6
CNP0492622.3,-9.4,1.4732322814672398,5.183333333333334,4,2051.545720982666,12,311,8,4,4,15
CNP0492636.2,-6.133,4.234919921233098,3.0793650793650795,0,962.269111412202,1,194,0,0,0,6
CNP0492693.1,-7.5,2.569105788718283,3.971830985915493,0,2132.330123129864,11,282,25,12,0,22
CNP0492809.1,-9.0,1.1713669141888088,5.233333333333333,5,1054.1231443735585,3,157,6,0,0,4
CNP0492871.1,-8.4,1.1335586154666228,4.846153846153846,4,1676.4039643519477,4,252,6,0,0,8
CNP0492936.1,-6.8,4.204172831141837,3.046153846153846,0,1225.1308970455702,1,198,0,0,0,6
CNP0493128.2,-6.6,4.154452845870976,3.1320754716981134,0,946.52633698746,2,166,0,0,0,9
CNP0493145.1,-7.3,2.77089109487048,4.1875,0,324.8909118603501,5,67,6,5,0,10
CNP0493309.2,-6.6,4.310336399450707,3.076923076923077,0,780.8292403603875,1,160,0,0,0,6
CNP0493334.2,-6.086,4.298345835762475,3.081967213114754,0,920.0048039396356,2,188,0,0,0,6
CNP0493437.1,-7.1,4.284484783018818,3.0806451612903225,0,946.761324178815,1,191,0,0,0,6
CNP0493437.2,-6.7,4.284484783018818,3.0806451612903225,0,946.761324178815,1,191,0,0,0,6
CNP0493470.1,-6.4,5.252162376634006,3.2,0,2323.3656168665275,5,320,0,3,0,19
CNP0493471.1,-6.4,4.194895840722127,3.057142857142857,0,1058.178564939186,1,214,0,0,0,6
CNP0493471.2,-6.4,4.194895840722127,3.057142857142857,0,1058.178564939186,1,214,0,0,0,6
CNP0493499.1,-8.6,1.508078637652584,5.421052631578948,3,1163.8398024371477,8,206,6,2,4,9
CNP0493501.1,-7.3,2.0947858658132974,4.526315789473684,2,385.4552843098071,4,86,11,0,2,3
CNP0493546.1,-6.7,4.249784070828225,3.046875,0,1297.3399380540363,1,195,0,0,0,6
CNP0493687.1,-4.4,4.198853376393911,3.044776119402985,0,1257.4560233034704,1,204,0,0,0,6
CNP0493718.2,-6.9,4.253164052329951,3.056603773584906,0,783.004333058674,1,162,0,0,0,6
CNP0493720.0,-9.2,1.3128096190771588,5.307692307692308,6,1907.6166182812603,0,207,6,3,0,6
CNP0493735.1,-10.7,1.549563160548236,6.09375,5,828.258610049183,9,195,6,3,6,3
CNP0493807.0,-11.5,1.2503084100340764,5.184210526315789,4,1576.437294623605,0,197,6,2,0,12
CNP0493828.1,-8.53,1.4999094021595245,4.620689655172414,3,952.1850722743748,2,134,6,1,1,4
CNP0493845.1,-6.6,4.263826239358642,3.0422535211267605,0,1502.5158651745592,1,216,0,0,0,6
CNP0493870.1,-7.6,1.7434272780588302,5.48,4,872.7303670871274,1,137,6,2,0,5
CNP0494016.1,-9.7,1.222045748962605,5.176470588235294,3,1997.9698620400068,9,264,6,11,0,17
CNP0494035.5,-10.9,1.240334033421144,5.333333333333333,4,852.1123887830274,9,176,6,1,2,3
CNP0494132.0,-6.5,2.527187209251957,3.823529411764706,0,425.29456626097686,0,65,6,2,1,7
CNP0494159.1,-6.1,4.263744996685223,3.0806451612903225,0,935.437618717518,2,191,0,0,0,6
CNP0494236.1,-5.225,4.26563110741182,3.107142857142857,0,867.6089135144581,1,174,0,0,0,6
CNP0494269.1,-11.5,0.7748182380818205,5.706666666666667,13,3290.605932838426,11,428,18,1,0,7
CNP0494307.0,-8.2,1.920593607358412,4.310344827586207,0,976.766664317065,2,125,6,5,0,15
CNP0494323.1,-9.1,0.8037350642352565,5.5978260869565215,14,4058.455297248426,16,515,10,9,2,16
CNP0494449.1,-10.6,1.426797287376059,5.588235294117647,4,1253.2166413661444,3,190,6,3,3,7
CNP0494566.0,-7.3,2.0818075888609324,4.6,2,483.2604971293616,0,69,6,1,0,7
CNP0494620.0,-7.8,1.5997389867650555,4.9375,3,1310.9219678905124,0,158,6,1,0,8
CNP0494655.1,-5.8,4.214897186839959,3.0517241379310347,0,858.8066324051229,1,177,0,0,0,6
CNP0494662.1,-9.072,1.1104987967759472,4.326923076923077,2,1711.7481220823215,10,225,6,5,0,16
CNP0494667.1,-9.2,1.7570311714548914,4.24,0,576.4451237471065,3,106,7,2,1,4
CNP0494772.2,-5.069,4.208701237542506,3.064516129032258,0,933.437618717518,1,190,0,0,0,6
CNP0494840.0,-5.8,2.330159107004769,5.666666666666667,2,197.18079342368463,3,68,5,0,2,1
CNP0494869.2,-6.408,4.244103813446277,3.0806451612903225,0,946.761324178815,1,191,0,0,0,6
CNP0494893.1,-10.9,1.357786387994694,5.333333333333333,3,1120.0120455018912,8,192,6,2,1,8
CNP0494908.1,-6.3,4.262893012515467,3.0933333333333333,0,1166.8439899771893,2,232,0,0,0,6
CNP0494921.1,-6.2,4.273627733241769,3.044776119402985,0,1346.3179929271923,1,204,0,0,0,6
CNP0494949.1,-9.1,1.4112764209651192,4.741935483870968,0,1028.0796841947497,3,147,6,2,0,10
CNP0495026.0,-8.8,1.3782041252855883,4.454545454545454,2,1068.1274053490104,0,147,6,0,0,6
CNP0495030.1,-5.2,4.256340172771743,3.1186440677966103,0,915.700766412655,2,184,0,0,0,6
CNP0495180.2,-6.2,4.208303639859822,3.0943396226415096,0,808.8643568139894,1,164,0,0,0,6
CNP0495190.1,-9.383,1.0430796993451397,4.837837837837838,7,2982.351316511142,7,358,16,4,1,12
CNP0495197.7,-8.6,2.0913190832752115,4.428571428571429,0,518.5501975698231,10,124,6,7,0,14
CNP0495359.1,-9.5,1.4593028172182052,4.448275862068965,0,905.092569022574,2,129,6,3,1,8
CNP0495429.0,-6.4,4.731738587702981,3.68,0,457.2674613960306,0,92,0,4,1,8
CNP0495609.1,-6.5,4.263826239358643,3.0422535211267605,0,1367.0874712333984,1,216,0,0,0,6
CNP0495619.0,-9.455,1.4726027541411395,4.115384615384615,3,723.5779306809867,0,107,20,2,0,4
CNP0495699.2,-6.2,4.278028942001106,3.1044776119402986,0,1040.1989236323163,2,208,0,0,0,6
CNP0495757.5,-10.1,1.3937579561770057,4.794871794871795,2,1270.7188848416813,7,187,6,8,0,15
CNP0495933.1,-10.1,1.429448069930005,4.933333333333334,3,1224.7741146320773,2,148,6,1,0,8
CNP0495988.0,-9.5,1.2787589944759592,4.4,2,920.5544349831772,0,110,6,2,0,8
CNP0496068.1,-9.8,1.3427344381826043,6.5625,7,940.601595898386,10,210,7,1,4,6
CNP0496072.1,-6.7,3.341515196388116,3.019607843137255,0,707.7520818121841,1,154,0,1,0,5
CNP0496111.1,-6.4,4.189303539640993,3.044776119402985,0,1436.1989236323172,1,204,0,0,0,6
CNP0496115.1,-6.7,4.28205935171852,3.0754716981132075,0,795.9121487523727,1,163,0,0,0,6
CNP0496130.1,-10.4,1.2336011941630929,5.2,3,1340.3161599166694,7,208,6,2,1,8
CNP0496153.0,-7.9,1.905220608850811,4.354838709677419,2,785.9640135567138,0,135,6,1,1,9
CNP0496302.1,-8.787,0.8786605363942119,5.0375,9,2963.7972340502665,15,403,11,8,1,13
CNP0496420.2,-6.8,4.281303988269173,3.0847457627118646,0,900.455581023865,1,182,0,0,0,6
CNP0496483.3,-9.8,1.2031331891815316,5.142857142857143,3,1240.1574199268164,9,216,6,2,1,9
CNP0496483.4,-10.3,1.2031331891815316,5.142857142857143,3,1240.1574199268164,9,216,6,2,1,9
CNP0496498.1,-6.8,4.272940986948135,3.046153846153846,0,1181.2868174463365,1,198,0,0,0,6
CNP0496580.1,-5.6,4.26160515574803,3.0943396226415096,0,808.8643568139894,1,164,0,0,0,6
CNP0496607.1,-10.6,0.961270895544028,5.222222222222222,10,3631.654393149079,15,470,15,12,1,23
CNP0496638.0,-8.9,0.8360636155405323,4.701298701298701,7,3167.161545060484,0,362,6,4,2,17
CNP0496654.1,-5.8,4.207452994583274,3.0754716981132075,0,795.9121487523727,1,163,0,0,0,6
CNP0496654.2,-6.2,4.207452994583274,3.0754716981132075,0,795.9121487523727,1,163,0,0,0,6
CNP0496665.1,-10.0,1.150257772964054,5.35,5,1586.5082637620903,3,214,6,1,1,10
CNP0496729.1,-7.6,2.3473610103389,4.6923076923076925,0,909.239061423544,11,183,5,2,4,11
CNP0496784.1,-8.556,1.3991374508099432,4.833333333333333,0,681.972496433991,3,116,6,2,0,6
CNP0496816.1,-9.1,1.4788340275343363,4.481481481481482,2,990.5058123687144,2,121,6,0,0,5
CNP0496816.2,-8.9,1.4788340275343363,4.481481481481482,2,990.5058123687144,2,121,6,0,0,5
CNP0496841.1,-5.274,4.2776126451471415,3.0793650793650795,0,962.269111412202,1,194,0,0,0,6
CNP0496841.2,-5.7,4.2776126451471415,3.0793650793650795,0,962.269111412202,1,194,0,0,0,6
CNP0496853.2,-6.7,4.351545983475776,3.127659574468085,0,720.7231403082028,2,147,0,0,0,6
CNP0496871.1,-9.5,1.2104697026766105,4.727272727272728,3,2309.792875592974,10,312,12,7,1,11
CNP0496917.1,-7.062,1.7081660611672955,4.1875,0,374.6508636523953,1,67,5,2,0,6
CNP0496930.1,-8.2,2.1192108420812685,4.625,0,396.9487028364465,10,111,6,7,0,11
CNP0496986.1,-6.0,4.244784381266431,3.185185185185185,0,895.8750767430031,3,172,0,2,0,9
CNP0496989.0,-5.8,4.272531538344229,3.0434782608695654,0,1352.083712422717,0,210,0,0,0,6
CNP0497041.1,-7.8,2.065030256238725,4.434782608695652,2,577.3263409615973,3,102,6,2,0,9
CNP0497042.1,-9.6,1.949965734796316,4.295454545454546,2,1372.2239515670046,6,189,15,7,0,13
CNP0497056.2,-11.8,1.229682017590224,5.358974358974359,4,1299.0681312693766,6,209,6,3,4,12
CNP0497063.1,-6.7,4.247150737646082,3.046153846153846,0,1358.2873015299165,1,198,0,0,0,6
CNP0497108.2,-9.1,1.4503615413897926,4.636363636363637,2,657.7780170748446,2,102,6,2,0,7
CNP0497121.1,-7.1,4.2668598145270495,3.044776119402985,0,1436.1989236323172,1,204,0,0,0,6
CNP0497154.1,-6.816,4.321141321954116,3.142857142857143,0,871.6089135144582,3,176,0,0,0,6
CNP0497168.1,-10.8,0.7615777785290134,5.670329670329671,20,4117.987310706552,12,516,18,2,2,6
CNP0497186.1,-8.4,1.9948683219260817,5.842105263157895,3,508.27496377854544,6,111,6,2,2,4
CNP0497292.1,-6.162,4.24864457547528,3.0923076923076924,0,1006.8655511421566,1,201,0,0,0,6
CNP0497332.2,-5.6,4.273369081958766,3.08955223880597,0,1026.6517183469848,2,207,0,0,0,6
CNP0497378.2,-5.3,4.201629242687012,3.048387096774193,0,920.1529062009162,1,189,0,0,0,6
CNP0497382.1,-5.9,4.294839981856151,3.169811320754717,0,880.8402470076281,2,168,0,0,0,10
CNP0497445.2,-10.9,1.2219204359957498,5.17948717948718,3,1326.7906147913316,5,202,6,2,1,9
CNP0497517.4,-8.2,1.6273091617776654,6.12,5,788.1007703053679,6,153,6,2,1,4
CNP0497518.1,-6.4,4.238666301332449,3.046875,0,1209.010866144368,1,195,0,0,0,6
CNP0497598.0,-11.2,1.332326778596779,5.085714285714285,2,1486.9079190487837,1,178,6,3,0,8
CNP0497658.2,-6.8,4.241408461557651,3.098360655737705,0,944.6132219175344,1,189,0,0,0,6
CNP0497710.2,-6.219,4.34025912820235,3.142857142857143,0,871.6089135144582,3,176,0,0,0,6
CNP0497724.0,-10.6,1.699877592304012,4.314285714285714,0,996.2926430904022,5,151,6,4,1,9
CNP0497757.2,-6.7,4.266375279146975,3.0727272727272728,0,826.2001783992259,1,169,0,0,0,6
CNP0497766.1,-6.4,4.279842273591939,3.088235294117647,0,1053.9160557140751,1,210,0,0,0,6
CNP0497766.2,-6.3,4.279842273591939,3.088235294117647,0,1053.9160557140751,1,210,0,0,0,6
CNP0497776.1,-8.3,1.9576908779563944,5.0,3,797.119047290936,4,130,7,1,0,6
CNP0497782.1,-8.7,1.2986819896090485,5.074074074074074,0,673.4764135426193,4,137,5,3,0,6
CNP0497849.1,-6.9,4.251519791707236,3.048387096774193,0,1090.0349797478434,1,189,0,0,0,6
CNP0497897.1,-5.6,4.2489013041347015,3.0454545454545454,0,982.091928403834,1,201,0,0,0,6
CNP0497905.1,-7.7,5.110124748769968,3.739130434782609,0,956.1487044353483,8,172,0,7,1,12
CNP0497914.1,-6.4,4.127284829926435,3.0625,0,708.2429730982777,1,147,0,0,0,6
CNP0497922.0,-6.8,1.8836542806599703,4.392857142857143,2,723.851129573557,0,123,6,1,1,9
CNP0497939.1,-10.6,1.2500128322078556,5.305555555555555,3,1063.0580245833369,5,191,6,2,1,8
CNP0498185.3,-8.2,2.057413754116608,3.9375,0,1379.4360419449354,5,189,6,4,1,13
CNP0498354.0,-8.563,1.6558484849457054,4.75,2,792.6678917402659,0,95,6,0,0,5
CNP0498371.1,-9.9,1.1537638226809988,5.038461538461538,6,1575.0337764651815,13,262,18,8,3,12
CNP0498511.1,-6.809,2.564569578504493,4.055555555555555,0,440.3527639526362,1,73,6,0,0,5
CNP0498576.1,-9.3,1.8489057863890013,4.365853658536586,3,2458.523843582672,11,358,30,5,0,24
CNP0498593.0,-5.6,4.275567641896396,3.0491803278688523,0,900.6132219175349,0,186,0,0,0,6
CNP0498637.1,-9.1,0.8983780397923127,5.606741573033708,14,3889.694204187305,14,499,10,9,3,16
CNP0498746.1,-7.3,4.260834701548806,3.0434782608695654,0,1334.368496848734,1,210,0,0,0,6
CNP0498747.1,-9.8,1.6740373451524262,6.035714285714286,5,813.8446187246072,9,169,6,0,2,6
CNP0498756.0,-5.8,4.213025901694258,3.1320754716981134,0,941.2494977527438,2,166,0,1,0,10
CNP0498772.1,-8.9,0.7689547469558132,5.32183908045977,12,3788.413030621558,10,463,15,2,1,6
CNP0498774.1,-11.1,1.3814345483261,5.790697674418604,6,1479.6338306231594,11,249,8,6,4,14
CNP0498793.1,-9.2,1.5657102677234558,5.333333333333333,4,872.7095979021168,7,160,8,2,3,4
CNP0498847.1,-10.4,1.1938377392598607,5.125,3,1307.2558450846504,5,205,6,2,1,9
CNP0498968.0,-10.7,1.6383399799857652,4.666666666666667,0,1123.7569877597375,8,168,6,9,0,16
CNP0498981.1,-9.1,0.8946873180760624,5.4605263157894735,8,2564.558071838141,14,415,13,3,2,10
CNP0499029.2,-7.177,4.258290841434528,3.046153846153846,0,1094.464652073584,1,198,0,0,0,6
CNP0499067.1,-6.4,4.166446294152742,3.084507042253521,0,1089.5776896604873,2,219,0,0,0,6
CNP0499125.1,-8.783,1.2614795166156572,4.938775510204081,5,1768.217930341794,7,242,6,7,1,15
CNP0499156.0,-9.7,1.1919641169907291,4.642857142857143,2,1075.709898895923,0,130,6,0,0,7
CNP0499160.1,-10.1,0.8903254307596883,5.554216867469879,6,2580.58653130586,27,461,6,12,7,24
CNP0499221.1,-8.5,1.071255248057594,5.602739726027397,8,2236.856269997064,19,409,7,12,6,15
CNP0499272.1,-9.8,1.207742101956892,5.113636363636363,3,1460.0967562984104,7,225,6,2,1,10
CNP0499276.1,-8.5,1.50713449496355,4.461538461538462,0,851.9526983711479,2,116,6,2,0,9
CNP0499291.1,-7.9,2.2015048410349083,4.295081967213115,2,1701.8311657027955,11,262,19,9,0,20
CNP0499379.0,-7.0,1.6267615357422331,3.8,0,1582.8616015907328,3,228,5,3,0,14
CNP0499411.1,-9.4,1.5495818853500398,4.433333333333334,2,977.8339554796212,1,133,6,3,1,5
CNP0499602.2,-6.0,4.273685015885295,3.081081081081081,0,1148.9022657273572,1,228,0,0,0,6
CNP0499663.1,-8.0,1.6643448714265148,4.875,3,371.69152288155215,2,78,6,1,0,2
CNP0499677.2,-11.1,1.2313084112535544,4.484848484848484,0,1123.996228520925,1,148,6,1,0,5
CNP0499705.1,-8.8,1.775579462587472,4.127272727272727,0,1371.139428944644,10,227,6,8,2,16
CNP0499766.1,-6.7,4.257046074295329,3.0508474576271185,0,1085.582839959582,1,180,0,0,0,6
CNP0499793.0,-8.365,1.8111865561210203,4.512820512820513,0,1448.4569944590362,0,176,6,1,0,16
CNP0499800.1,-6.4,4.28771216672895,3.12280701754386,0,873.7708857348127,3,178,0,0,0,6
CNP0499817.0,-8.1,1.8967464459428327,4.7,3,678.048683873016,9,141,10,1,1,8
CNP0499829.1,-7.9,2.373233082193011,4.147058823529412,0,931.180815329677,5,141,6,1,0,12
CNP0499884.0,-8.5,1.6721995479766982,5.115384615384615,4,893.5006403010143,0,133,6,0,1,4
CNP0499885.1,-10.34,1.001097041450128,5.455882352941177,10,2425.053306655672,9,371,16,4,2,14
CNP0499906.1,-5.3,4.268714561385779,3.048387096774193,0,1264.8216119887363,1,189,0,0,0,6
CNP0499929.2,-8.2,2.2280672329114406,4.225806451612903,0,1024.6615124575533,1,131,6,3,0,12
CNP0499934.1,-10.4,1.0491846427107028,4.604651162790698,4,1475.3679541934164,2,198,6,5,0,9
CNP0499939.2,-6.3,4.119114627238743,3.0576923076923075,0,767.9665107213771,1,159,0,0,0,6
CNP0499964.1,-5.7,4.114736220860654,3.0793650793650795,0,962.269111412202,1,194,0,0,0,6
CNP0499978.0,-7.952,1.613851808359868,4.823529411764706,2,655.7022523288842,0,82,6,2,0,4
CNP0500015.1,-8.3,2.572782785493638,4.042857142857143,0,2221.9338391154265,10,283,25,11,0,22
CNP0500159.1,-5.3,2.9462866889031454,2.7777777777777777,0,201.43026544683536,1,50,0,2,0,5
CNP0500187.2,-6.3,4.217109085544524,3.076923076923077,0,993.3909390726848,1,200,0,0,0,6
CNP0500306.2,-6.481,4.254945442224292,3.070175438596491,0,856.6476383979044,1,175,0,0,0,6
CNP0500340.0,-7.8,1.5047863840320428,4.857142857142857,4,1115.8455891190997,0,136,6,1,0,6
CNP0500389.2,-6.2,4.220191427531585,3.084507042253521,0,1089.5776896604873,2,219,0,0,0,6
CNP0500409.1,-9.2,1.5298754392626557,5.846153846153846,6,793.2157982326679,6,152,6,1,2,5
CNP0500449.1,-6.04,4.24037605757759,3.1607142857142856,0,1011.6156088642588,2,177,0,0,0,10
CNP0500553.1,-6.4,4.223843000760619,3.0508474576271185,0,915.700766412655,1,180,0,0,0,6
CNP0500562.1,-8.2,2.784471286449507,3.75,0,692.1691954611366,3,105,6,5,0,9
CNP0500595.0,-5.9,3.394047904309726,2.9285714285714284,0,239.9611776897996,0,41,0,1,0,1
CNP0500663.1,-9.6,1.334992121394081,5.054054054054054,3,1084.9101005164346,5,187,6,2,1,8
CNP0500730.1,-7.8,0.978375427876905,4.730337078651686,8,3624.7106789040863,12,421,25,10,0,14
CNP0500827.2,-6.349,4.302932370415912,3.1379310344827585,0,902.299457577428,3,182,0,0,0,6
CNP0500884.1,-6.7,4.253072775675502,3.04,0,1523.5238847710025,1,228,0,0,0,6
CNP0500906.1,-9.4,1.5075913365878764,5.366666666666666,4,940.3753112967376,2,161,6,0,1,5
CNP0500949.4,-9.8,1.3369004456122318,4.973684210526316,3,1066.5160774937906,5,189,6,2,1,8
CNP0500957.1,-9.8,1.2528372194746689,4.827586206896552,2,896.6497468508026,4,140,6,1,0,10
CNP0500997.1,-8.0,1.3046495184673117,4.2727272727272725,0,566.7210623210402,1,94,6,0,0,4
CNP0501063.1,-9.1,0.9563059886100956,5.316455696202532,8,2930.22431687754,10,420,17,7,5,15
CNP0501100.1,-9.2,1.6295612381482671,4.387096774193548,2,796.7783002728528,3,136,6,3,0,11
CNP0501108.1,-5.659,2.44768390321104,4.0,0,281.9337850187939,1,48,5,1,0,5
CNP0501124.1,-13.1,0.7964091478344683,5.553571428571429,9,2664.0660613576674,6,311,9,4,2,13
CNP0501331.2,-9.7,1.3149374198232031,5.026315789473684,3,1074.5766839968562,7,191,6,2,1,9
CNP0501390.1,-8.7,1.6346975769705734,4.387096774193548,3,829.4196105968035,7,136,12,3,0,4
CNP0501440.1,-9.1,2.085661095347564,4.21875,2,1800.3054852448342,9,270,6,13,1,27
CNP0501441.1,-10.0,0.8489088793308853,5.531645569620253,10,2696.0127812276705,17,437,13,3,2,10
CNP0501466.0,-11.45,1.1951461796619431,5.135135135135135,4,1135.0541997331688,7,190,6,0,2,2
CNP0501500.1,-6.4,4.216794879869769,3.155172413793104,0,1304.787533454219,2,183,0,0,0,10
CNP0501539.1,-7.9,1.6604630210836957,3.92,0,641.1986332414865,2,98,6,3,0,6
CNP0501559.0,-10.4,1.1170701145610715,4.387096774193548,0,1144.2715598935013,0,136,6,2,0,6
CNP0501598.1,-8.412,1.7628058277946268,4.0,0,762.7432058415133,1,100,6,2,0,8
CNP0501609.1,-10.4,0.8824922047855123,6.223880597014926,13,2544.2533691542085,15,417,7,8,6,14
CNP0501777.1,-9.7,1.7902705206980882,6.1891891891891895,6,1193.9499116121674,9,229,7,1,5,9
CNP0501779.2,-5.9,4.317868329773594,3.111111111111111,0,826.0319015992267,2,168,0,0,0,6
CNP0501824.0,-9.9,1.6959382264345204,4.909090909090909,2,879.0169306261181,0,108,6,5,0,7
CNP0501825.1,-10.07,1.093320763391582,5.061224489795919,8,2123.2867437146265,4,248,18,3,0,7
CNP0501887.1,-6.66,4.286178546850734,3.090909090909091,0,839.2391732879302,1,170,0,0,0,6
CNP0501915.0,-8.0,1.3152857478196427,4.4,2,702.7863153747229,0,88,6,2,0,3
CNP0501987.1,-8.6,1.273860087962262,4.314285714285714,0,1153.1106858984267,2,151,6,1,0,4
CNP0502004.0,-8.3,1.6453351225798598,5.2,4,877.9501672474645,0,130,6,0,1,4
CNP0502039.0,-8.6,1.553115973907219,4.545454545454546,2,740.2879747529716,0,100,6,0,0,5
CNP0502072.1,-5.765,4.203253735010575,3.0545454545454547,0,813.2042506331999,1,168,0,0,0,6
CNP0502130.2,-6.7,3.9562391104612,3.2666666666666666,0,261.32818403364735,1,49,0,2,0,6
CNP0502133.1,-8.4,1.6913736201351863,5.0,3,1200.3032708462224,1,165,6,2,1,9
CNP0502200.1,-7.7,2.387995403545486,4.72,2,550.3896325655845,4,118,11,4,3,5
CNP0502314.2,-8.0,2.368510117824544,4.114285714285714,0,947.1501631444834,5,144,6,1,0,12
CNP0502394.2,-6.407,4.276693813033997,3.070175438596491,0,856.6476383979044,1,175,0,0,0,6
CNP0502424.1,-7.9,1.540659819123777,5.653846153846154,5,1040.2025972359377,1,147,6,1,0,6
CNP0502563.0,-8.2,2.180749648488536,4.8,2,538.9894245385061,0,72,6,5,0,5
CNP0502609.4,-7.1,2.0130168975082383,5.823529411764706,4,379.4766423534712,6,99,6,0,2,1
CNP0502641.1,-8.8,1.3961817893005783,4.612903225806452,0,894.8002449419306,3,143,6,1,0,7
CNP0502689.1,-9.593,1.3740728402246332,6.25,6,1393.159554481521,15,275,6,4,5,12
CNP0502712.0,-8.4,2.085898376606873,4.578947368421052,0,655.1290124609246,0,87,6,1,0,9
CNP0502724.1,-7.3,2.351995635544853,5.333333333333333,2,485.9671822593409,3,96,6,1,2,3
CNP0502829.4,-9.8,1.313177270122583,5.081081081081081,3,1056.1267648378607,7,188,6,2,1,8
CNP0502868.1,-8.9,1.478568827702227,4.766666666666667,2,902.4122146817026,1,143,6,2,1,6
CNP0502900.1,-8.8,1.9407549350783089,5.2,2,593.193694548361,7,130,6,1,3,4
CNP0502900.2,-8.1,1.9407549350783089,5.2,2,593.193694548361,7,130,6,1,3,4
CNP0502910.1,-10.24,1.90843909856808,5.307692307692308,4,1081.3803279398358,10,207,10,2,4,11
CNP0502941.1,-7.1,4.191526125807428,3.068965517241379,0,871.9298797420311,1,178,0,0,0,6
CNP0502947.1,-6.0,4.219634827728686,3.0491803278688523,0,988.8131644856636,1,186,0,0,0,6
CNP0503116.1,-8.2,1.7767668683985351,4.769230769230769,2,1080.41747897852,1,124,6,2,0,9
CNP0503279.0,-7.9,1.9121855354470887,4.315789473684211,0,670.5945828576389,0,82,6,2,0,8
CNP0503322.1,-10.4,1.6989655429110917,4.214285714285714,0,1779.063382992574,8,236,6,6,2,12
CNP0503508.1,-10.23,1.4685356952035713,5.9,4,877.4323895871918,9,177,6,4,4,6
CNP0503608.1,-7.0,2.105727558924344,3.964705882352941,2,2661.052942258322,10,337,28,15,0,30
CNP0503654.1,-6.7,4.265954376618989,3.0434782608695654,0,1469.3089143082973,1,210,0,0,0,6
CNP0503673.1,-11.9,0.657855824012453,5.75,16,4363.089574029076,12,552,15,1,2,5
CNP0503710.1,-10.3,0.9405629028182856,4.82051282051282,6,3521.469450021849,5,376,21,3,1,12
CNP0503721.1,-12.2,1.012114433586602,5.59375,5,1746.716068308869,23,358,6,11,6,18
CNP0503810.1,-5.8,4.242353373124153,3.0422535211267605,0,1233.9310667490522,1,216,0,0,0,6
CNP0503819.1,-9.3,1.351471124037302,5.083333333333333,3,1052.9853124083209,5,183,6,2,1,8
CNP0503851.2,-10.7,1.437244973477757,5.828571428571428,4,861.7605229438119,13,204,7,7,4,9
CNP0503975.1,-8.3,1.98118411670658,4.529411764705882,2,402.29025930566047,3,77,6,7,0,8
CNP0503995.1,-6.18,4.239689190410247,3.0892857142857144,0,854.48566617755,1,173,0,0,0,6
CNP0504055.1,-6.0,4.253036107158222,3.0491803278688523,0,1074.1997453699842,1,186,0,0,0,6
CNP0504062.1,-5.8,5.252409181447037,3.188679245283019,0,2236.506579830454,5,338,0,3,0,19
CNP0504100.1,-9.6,1.482442485038577,5.275862068965517,4,733.2363290719336,2,153,6,0,1,6
CNP0504131.2,-9.0,2.0231000872657585,4.730769230769231,2,707.8130509522662,5,123,6,4,2,6
CNP0504146.1,-9.2,1.4534617899330318,5.861111111111111,7,962.2911397475432,12,211,6,1,3,9
CNP0504169.1,-7.0,4.330154341626181,3.1,0,763.605313625358,1,155,0,0,0,6
CNP0504186.1,-10.9,1.1058894783564206,4.722222222222222,3,1331.7569683980726,2,170,6,2,0,8
CNP0504246.2,-5.5,4.308762541989984,3.0961538461538463,0,793.7370560540863,1,161,0,0,0,6
CNP0504397.2,-6.1,4.250029473435665,3.0869565217391304,0,1069.6663229364613,1,213,0,0,0,6
CNP0504430.1,-6.897,4.216478935267944,3.0923076923076924,0,1006.8655511421566,1,201,0,0,0,6
CNP0504430.2,-6.804,4.216478935267944,3.0923076923076924,0,1006.8655511421566,1,201,0,0,0,6
CNP0504480.1,-6.484,4.155809311106481,3.016949152542373,0,981.2251204635954,1,178,0,0,0,5
CNP0504535.0,-8.9,1.474083193245051,5.0,2,862.4202957484824,0,110,6,0,0,6
CNP0504537.1,-6.693,4.24639239134597,3.1607142857142856,0,1011.6156088642588,2,177,0,0,0,10
CNP0504555.2,-6.6,4.336511161309018,3.127272727272727,0,854.3206019132715,2,172,0,0,0,6
CNP0504567.1,-9.7,1.4927455364919202,5.175,5,1431.1893746774829,7,207,13,3,1,7
CNP0504575.1,-8.3,1.9868002697516232,4.72972972972973,2,1031.602050847909,9,175,12,4,2,8
CNP0504602.1,-10.5,1.2053489135483422,5.206896551724138,5,1194.8544114107372,2,151,6,0,0,8
CNP0504642.0,-8.5,1.52456600669554,3.782608695652174,0,675.5207300897682,0,87,6,2,0,4
CNP0504697.1,-10.9,1.0936030528123848,4.702702702702703,3,1348.7577737750316,2,174,6,1,0,8
CNP0504702.2,-6.7,4.267793820731043,3.07843137254902,0,765.7877984623739,1,157,0,0,0,6
CNP0504796.2,-5.9,4.264406971445718,3.1333333333333333,0,933.1388337284412,3,188,0,0,0,6
CNP0504907.2,-6.5,4.260503019139674,3.090909090909091,0,839.2391732879302,1,170,0,0,0,6
CNP0505068.2,-6.7,3.4199957168828425,3.076923076923077,0,547.7037095279106,2,120,0,1,0,5
CNP0505199.1,-6.653,4.24639239134597,3.1607142857142856,0,1140.478215532441,2,177,0,0,0,10
CNP0505209.0,-10.6,1.2588025161163765,4.49,2,3144.1592212597016,7,449,6,12,9,30
CNP0505273.1,-6.3,4.289225866266986,3.076923076923077,0,993.3909390726848,1,200,0,0,0,6
CNP0505298.3,-9.9,1.2078706146037286,5.157894736842105,3,1098.3002549240643,5,196,6,2,1,9
CNP0505371.1,-8.6,1.0881755148367709,4.056603773584905,0,1298.8906786425125,8,215,6,8,0,13
CNP0505614.1,-10.4,1.5789608814461338,4.488888888888889,4,1468.0492874625045,4,202,14,4,0,11
CNP0505617.1,-9.8,1.4623607282929447,5.033333333333333,2,889.2299308850424,5,151,6,1,0,8
CNP0505639.2,-5.8,4.211869938487717,3.048387096774193,0,920.1529062009162,1,189,0,0,0,6
CNP0505665.1,-10.9,1.1632811442996236,4.4375,2,1511.179234738889,9,213,10,6,0,9
CNP0505742.2,-10.2,1.332271328544142,5.03125,2,1091.9872260465415,4,161,6,2,2,8
CNP0505749.1,-8.1,1.8394135752676,5.95,4,451.0029387742668,7,119,6,3,1,4
CNP0505762.1,-5.389,4.167472146663161,3.014705882352941,0,1166.3027548894331,1,205,0,0,0,5
CNP0505815.1,-9.0,1.6447101460790126,4.232558139534884,0,1311.830077611033,4,182,6,6,0,10
CNP0505851.1,-9.3,1.591980855067583,5.896551724137931,5,779.1224687942761,7,171,6,0,4,7
CNP0505867.2,-8.3,1.852269316216255,5.238095238095238,3,641.2527585758712,4,110,7,2,1,5
CNP0505867.3,-7.9,1.852269316216255,5.238095238095238,3,641.2527585758712,4,110,7,2,1,5
CNP0505932.1,-6.5,4.358245954533231,3.148936170212766,0,733.4462240178525,2,148,0,0,0,6
CNP0505932.2,-6.7,4.358245954533231,3.148936170212766,0,733.4462240178525,2,148,0,0,0,6
CNP0505981.1,-6.0,4.249783393959874,3.101449275362319,0,1071.6663229364613,2,214,0,0,0,6
CNP0505988.0,-10.1,1.714196473283429,4.2,0,914.4667130482056,2,126,6,7,0,9
CNP0506031.1,-7.0,4.262884957042699,3.04,0,1754.1634392651713,1,228,0,0,0,6
CNP0506105.0,-9.6,1.6943081461814964,4.88,0,682.2020064230986,6,122,6,3,0,9
CNP0506255.2,-9.777,1.25074578823659,4.777777777777778,2,884.9309451920863,1,129,6,0,0,5
CNP0506319.1,-5.7,5.254067031394546,3.196078431372549,0,2213.9704750542173,5,326,0,3,0,19
CNP0506324.1,-5.4,4.050831344801248,3.071428571428572,0,841.4042375522087,1,172,0,0,0,6
CNP0506468.1,-8.2,1.3280321417947902,4.59375,2,939.9184138456689,4,147,6,2,0,7
CNP0506478.1,-5.9,4.299295807121465,3.092592592592593,0,824.0319015992267,1,167,0,0,0,6
CNP0506506.1,-11.4,0.929404558612926,5.871428571428571,12,2473.330962406624,17,411,18,8,6,13
CNP0506511.1,-8.618,0.9479575003374308,5.306666666666667,11,2963.936478434025,8,398,15,5,2,14
CNP0506513.1,-8.0,1.3095807348131123,4.891891891891892,7,2298.776540435463,15,362,16,13,2,26
CNP0506516.1,-10.2,2.7646816676248425,3.987804878048781,0,2428.949816826559,13,327,25,13,0,27
CNP0506587.2,-6.8,3.578431843882501,3.1875,0,511.0635942216292,2,102,0,1,0,9
CNP0506628.0,-8.802,1.6974275453414849,4.615384615384615,2,1030.539366085056,0,120,6,1,0,10
CNP0506646.1,-5.9,4.1811071597561895,3.0422535211267605,0,1103.264821777066,1,216,0,0,0,6
CNP0506648.1,-12.4,1.2797995279037502,4.712121212121212,5,2306.818611223784,11,311,18,7,0,20
CNP0506653.1,-6.7,4.243013830269405,3.041095890410959,0,1490.279764362968,1,222,0,0,0,6
CNP0506655.1,-9.7,1.3334408495511525,5.393939393939394,4,1146.2609102119286,2,178,6,0,1,7
CNP0506664.1,-8.8,1.2231318603172032,6.075,8,1918.530076404059,3,243,7,2,2,8
CNP0506799.0,-7.8,1.4952527876635746,4.633333333333334,2,793.4594755346428,0,139,6,1,1,9
CNP0506812.0,-6.9,2.3674977091015927,3.736842105263158,0,468.51381047936616,0,71,6,0,0,5
CNP0506868.0,-4.0,2.218336754489984,3.625,0,90.52932501298082,2,29,5,0,0,2
CNP0506925.1,-9.4,1.436461770392645,4.896551724137931,2,964.8222401918024,1,142,6,1,1,8
CNP0506950.1,-8.0,1.695738071259386,5.433333333333334,3,803.3733321798567,7,163,6,0,3,7
CNP0506990.1,-5.1,4.29157299282246,3.064516129032258,0,933.437618717518,1,190,0,0,0,6
CNP0507097.1,-6.6,4.317463698318194,3.107142857142857,0,856.48566617755,2,174,0,0,0,6
CNP0507177.1,-5.5,5.246644817925762,3.188679245283019,0,2140.5653869365697,5,338,0,3,0,19
CNP0507183.1,-9.3,1.0624507412673525,4.7875,2,3013.275220131856,15,383,6,14,0,27
CNP0507288.1,-10.5,0.9492959966913818,5.438356164383562,11,2804.187467731394,12,397,17,6,4,13
CNP0507297.0,-6.4,1.7652885692331353,4.230769230769231,0,361.4986193008159,0,55,6,1,0,2
CNP0507372.2,-11.5,1.0741275134045312,5.170731707317073,5,2034.0695498909256,1,212,6,2,0,10
CNP0507376.1,-5.763,4.2208290045544485,3.065573770491804,0,918.0048039396356,1,187,0,0,0,6
CNP0507376.2,-6.418,4.2208290045544485,3.065573770491804,0,918.0048039396356,1,187,0,0,0,6
CNP0507398.1,-6.9,3.936895102373704,3.835616438356164,0,1809.646118356284,11,280,25,9,0,20
CNP0507423.3,-10.2,1.6667994613076706,4.9361702127659575,7,1665.2614782387395,9,232,23,6,0,12
CNP0507513.1,-9.2,1.371106410603611,4.608695652173913,3,570.2429696777579,2,106,10,1,0,4
CNP0507582.3,-10.2,1.1095756882091388,5.0,3,1323.7111369433806,5,210,6,2,1,9
CNP0507607.1,-7.938,0.9944844777066288,5.4,8,1906.7206573098888,14,351,13,1,6,12
CNP0507645.1,-5.5,4.282645520042224,3.0793650793650795,0,962.269111412202,1,194,0,0,0,6
CNP0507793.0,-5.8,1.6999894674264309,3.25,0,317.9316044072872,0,78,5,0,0,2
CNP0507800.1,-6.9,5.254217021996607,3.1923076923076925,0,2201.2062399624774,5,332,0,3,0,19
CNP0507802.1,-5.0,4.25576760467651,3.044776119402985,0,1481.5035454947315,1,204,0,0,0,6
CNP0507848.1,-6.8,4.244314878485249,3.0491803278688523,0,904.7596185508456,1,186,0,0,0,6
CNP0507967.1,-5.824,4.206601059450279,3.1607142857142856,0,969.3032326957008,2,177,0,0,0,10
CNP0507975.1,-11.2,1.0064934102965628,6.185185185185185,7,1763.9243925132594,17,334,6,5,6,9
CNP0508185.0,-9.5,1.465905149607912,5.439024390243903,4,1468.6982166040725,7,223,6,5,2,13
CNP0508193.2,-8.4,1.8244652502197576,4.302631578947368,2,2532.265158041795,12,327,19,13,0,29
CNP0508196.2,-4.3,4.244196396415046,3.0675675675675675,0,1123.3598386559524,2,227,0,0,0,6
CNP0508197.1,-7.7,2.741960048847713,4.352941176470588,2,1294.0363222848948,10,222,19,1,0,12
CNP0508238.0,-7.6,1.533481827713603,4.75,2,735.9492526369202,0,95,6,0,0,2
CNP0508262.2,-6.5,4.2967904834649,3.0943396226415096,0,808.8643568139894,1,164,0,0,0,6
CNP0508346.1,-10.71,1.3203142154606489,5.586956521739131,5,1490.6694431509443,9,257,6,3,5,7
CNP0508591.1,-5.792,4.282448287780927,3.087719298245614,0,869.7708857348125,1,176,0,0,0,6
CNP0508591.2,-5.937,4.282448287780927,3.087719298245614,0,869.7708857348125,1,176,0,0,0,6
CNP0508609.1,-9.2,1.4708995515546577,4.821428571428571,0,661.2489593135718,4,135,6,3,0,6
CNP0508647.2,-9.5,1.512490919579114,6.666666666666667,6,614.7601063032595,9,160,6,0,3,4
CNP0508688.1,-8.6,0.8426890199561532,4.6909090909090905,2,4357.979276368563,20,516,6,17,0,35
CNP0508824.0,-7.8,1.652027332019574,5.789473684210527,4,504.2749637785456,5,110,6,0,2,4
CNP0508841.0,-4.9,4.243787930823588,3.583333333333333,0,133.19929909169423,0,43,0,1,1,3
CNP0508843.2,-7.4,4.248151773223556,3.09375,0,979.812454545288,2,198,0,0,0,6
CNP0508845.0,-11.1,1.2921092018322282,5.433333333333334,4,1223.8341867344288,0,163,6,1,1,7
CNP0508861.1,-9.753,1.5546884454797951,5.911764705882353,5,1009.3028578625768,7,201,6,3,4,4
CNP0508876.0,-8.7,2.657967657596432,3.7313432835820897,0,1488.7649610212677,11,250,6,18,0,26
CNP0509141.1,-11.0,0.8843661715842643,5.506666666666667,5,2095.1973244039405,28,413,6,12,6,22
CNP0509149.2,-5.588,4.28885190753888,3.1166666666666667,0,931.1388337284412,2,187,0,0,0,6
CNP0509203.0,-6.812,1.8778583154354096,4.357142857142857,0,439.191971497762,0,61,6,2,0,4
CNP0509250.0,-12.14,0.9611903306840622,5.142857142857143,5,2581.737297133988,28,432,13,6,2,22
CNP0509277.1,-5.9,4.264682622945426,3.0793650793650795,0,950.906932943159,2,194,0,0,0,6
CNP0509292.1,-8.7,1.7020579623464165,4.3108108108108105,3,2066.944520289311,15,319,21,15,0,25
CNP0509402.1,-6.9,4.278113090720368,3.1666666666666665,0,1065.2957044960483,2,171,0,0,0,10
CNP0509409.0,-8.6,1.7713197314761435,4.363636363636363,0,854.421619321171,0,96,6,2,0,10
CNP0509411.1,-7.7,1.8584540195680488,5.0,2,705.3178679184231,4,120,6,3,0,8
CNP0509475.2,-6.0,4.196880526477309,3.078125,0,966.4123093216984,2,197,0,0,0,6
CNP0509580.4,-10.9,1.381099924392053,5.903225806451613,6,1272.691265952251,2,183,6,0,1,7
CNP0509600.2,-5.0,4.170111026238546,3.070175438596491,0,856.6476383979044,1,175,0,0,0,6
CNP0509624.0,-8.3,1.6797670900381672,3.6,2,327.28881157155325,0,72,17,0,0,1
CNP0509711.2,-4.4,4.269006551080128,3.0847457627118646,0,889.2504717858372,2,182,0,0,0,6
CNP0509745.1,-9.4,1.6664467255718898,6.407407407407407,4,778.7939875194716,10,173,6,4,3,9
CNP0509753.1,-6.1,4.177566806277788,3.055555555555556,0,798.0837657715838,1,165,0,0,0,6
CNP0509789.1,-7.2,4.200048281681222,3.086206896551724,0,885.0943483394005,1,179,0,0,0,6
CNP0509851.1,-6.5,4.279000590907952,3.088235294117647,0,1042.3332274240186,2,210,0,0,0,6
CNP0509883.0,-6.4,1.87838170689148,5.1,3,845.9985030822934,0,102,6,1,0,6
CNP0509914.2,-6.1,4.116311411269739,3.073529411764706,0,1028.7860221386868,2,209,0,0,0,6
CNP0509923.0,-8.8,1.819075354298012,4.956521739130435,3,892.7106235279039,0,114,6,2,0,8
CNP0510004.1,-8.4,2.3803361542860406,3.794117647058824,0,915.3757385708758,4,129,6,5,0,8
CNP0510235.0,-5.7,3.049045875746533,2.88,0,282.31472699907647,1,72,0,0,0,4
CNP0510275.1,-10.6,0.6993524371132159,5.436619718309859,10,2678.7823680404067,16,386,6,4,3,5
CNP0510283.2,-6.1,4.249801035126871,3.092592592592593,0,824.0319015992267,1,167,0,0,0,6
CNP0510332.0,-8.3,1.7826465614977298,4.739130434782608,2,904.0143546714028,0,109,6,1,0,4
CNP0510364.2,-6.3,4.216876164259107,3.1,0,763.605313625358,1,155,0,0,0,6
CNP0510374.1,-9.1,1.1849428200802323,5.037037037037037,6,1628.2823730902471,14,272,18,9,3,13
CNP0510404.0,-5.4,3.630321003330716,3.0,0,153.16054269564708,2,42,0,0,0,2
CNP0510437.0,-5.1,3.009208079324262,2.75,0,218.7248250995196,0,33,0,0,1,0
CNP0510440.1,-6.5,4.272531538344229,3.0434782608695654,0,1379.1012387062192,1,210,0,0,0,6
CNP0510472.1,-5.63,4.262330104145375,3.057971014492753,0,1042.465477800181,1,211,0,0,0,6
CNP0510554.1,-11.55,1.0579890967248422,4.8,3,1505.7986180361534,8,216,9,4,1,7
CNP0510614.1,-8.5,2.3232019925135536,4.102564102564102,0,1108.034349187794,5,160,16,4,0,10
CNP0510659.1,-10.87,0.9692756088317408,5.397058823529412,10,2861.9786992537247,8,367,6,8,3,16
CNP0510692.1,-7.6,2.825477827439649,3.787878787878788,0,756.8237430563822,5,125,6,2,0,18
CNP0510809.1,-6.9,3.357805374360652,3.117647058823529,0,523.9104538794344,2,106,0,1,0,8
CNP0510809.2,-6.8,3.357805374360652,3.117647058823529,0,523.9104538794344,2,106,0,1,0,8
CNP0511023.1,-7.0,3.3424831892555367,3.1142857142857143,0,538.2547450837042,2,109,0,1,0,8
CNP0511099.1,-6.7,4.232562212440139,3.041095890410959,0,1490.2797643629674,1,222,0,0,0,6
CNP0511107.1,-6.0,4.24674151509836,3.0422535211267605,0,1146.5283275138206,1,216,0,0,0,6
CNP0511156.2,-5.9,4.22030238781077,3.1041666666666665,0,733.6410484562526,1,149,0,0,0,6
CNP0511214.7,-8.6,2.039011837516752,4.428571428571429,0,516.5501975698231,10,124,6,7,0,14
CNP0511367.5,-11.74,1.2385964945374033,5.608695652173913,5,1515.0127083571067,9,258,6,1,6,8
CNP0511423.1,-5.5,4.310141007959825,3.210526315789474,0,1002.770541462322,4,183,0,3,0,10
CNP0511557.2,-5.5,4.127292483092896,3.086206896551724,0,885.0943483394005,1,179,0,0,0,6
CNP0511600.2,-6.63,2.28845098964964,4.434782608695652,0,565.9547550718344,2,102,6,0,0,7
CNP0511657.11,-9.9,1.5043107382035372,6.0,6,820.1560474527324,5,138,6,2,0,3
CNP0511692.1,-6.9,4.224104850473649,3.0434782608695654,0,1334.3684968487344,1,210,0,0,0,6
CNP0511723.1,-6.4,3.996824917125172,3.065573770491804,0,918.0048039396356,1,187,0,0,0,6
CNP0511723.2,-5.2,3.996824917125172,3.065573770491804,0,918.0048039396356,1,187,0,0,0,6
CNP0511728.1,-9.873,0.8685244230193011,4.911392405063292,6,3138.133418367512,10,388,11,9,1,18
CNP0511786.1,-10.7,1.285697915132889,4.48936170212766,4,1646.1202354506704,2,211,14,4,0,12
CNP0511819.1,-10.4,1.1999888904508558,5.2,4,2423.3460842577088,11,312,7,13,1,22
CNP0511873.2,-6.4,4.218778752295784,3.127272727272727,0,854.3206019132715,2,172,0,0,0,6
CNP0511884.0,-8.1,1.8519059442865664,4.961538461538462,2,993.615866699752,1,129,6,4,0,10
CNP0511890.0,-7.3,2.021233791558914,4.6,2,396.2899943135164,0,69,6,0,1,1
CNP0512025.1,-6.1,3.500419471621177,3.0681818181818183,0,617.6342323936756,1,135,0,1,0,5
CNP0512036.2,-6.3,4.292482720906183,3.087719298245614,0,858.6476383979044,2,176,0,0,0,6
CNP0512101.1,-7.8,1.5114449603827682,4.928571428571429,3,856.0372593268735,3,138,6,0,0,5
CNP0512218.0,-9.9,1.2712882117308717,5.275862068965517,4,1077.2347562520902,0,153,6,1,1,5
CNP0512245.1,-8.5,1.9906349020394911,3.702702702702703,0,963.868772912984,3,137,6,5,0,8
CNP0512271.1,-5.8,4.172412694800583,3.0816326530612246,0,735.8315780878,1,151,0,0,0,6
CNP0512289.0,-10.5,1.2410369502011054,5.34375,4,1259.1459758760795,0,171,6,1,2,6
CNP0512360.1,-8.323,2.062317159445523,4.038461538461538,3,641.8344945989015,2,105,16,3,0,7
CNP0512364.1,-6.6,3.551584273855063,3.081081081081081,0,517.3078340110794,1,114,0,1,0,5
CNP0512507.1,-5.7,4.233643527778802,3.0625,0,964.4123093216984,1,196,0,0,0,6
CNP0512616.0,-7.4,1.7785229379925005,3.952380952380953,2,1253.2309911479024,0,166,6,0,0,2
CNP0512652.1,-9.0,1.453661372525632,5.15625,2,1190.934714328776,1,165,7,0,1,4
CNP0512677.0,-7.8,1.9403678623203235,4.526315789473684,0,488.4420407806381,5,86,5,5,0,11
CNP0512800.1,-6.9,4.155180499019727,3.0961538461538463,0,793.7370560540863,1,161,0,0,0,6
CNP0512800.2,-6.0,4.155180499019727,3.0961538461538463,0,793.7370560540863,1,161,0,0,0,6
CNP0512812.3,-8.294,1.3345936869405282,4.853658536585366,4,844.8048040711163,10,199,6,0,3,4
CNP0512840.1,-7.3,2.3829361072010693,3.736842105263158,0,491.4138786157615,1,71,6,4,0,8
CNP0512892.0,-10.0,1.3495270587187598,4.602564102564102,6,2981.753838167724,9,359,18,4,0,26
CNP0512914.0,-6.8,1.569576919133466,3.6984126984126986,0,1602.3298740288244,3,233,5,3,0,14
CNP0512922.1,-8.6,1.4179479764386218,4.444444444444445,0,852.4636481362077,3,120,6,2,0,10
CNP0512949.1,-8.8,1.5483511243719168,4.645161290322581,3,1034.119481538748,1,144,6,1,2,6
CNP0513046.0,-7.169,1.8689968702760893,4.352941176470588,2,511.6040863561069,0,74,6,1,0,4
CNP0513052.0,-9.3,1.4294181649099311,7.448275862068965,8,810.171993938051,13,216,6,2,4,7
CNP0513079.1,-6.6,4.255009011018657,3.0434782608695654,0,1158.0903280448913,1,210,0,0,0,6
CNP0513162.1,-10.9,1.039363312143763,5.854838709677419,7,2355.344307190566,10,363,10,2,6,9
CNP0513234.1,-8.8,1.3752290561003846,5.25,3,601.0526196399509,5,126,6,1,0,5
CNP0513293.1,-10.1,0.9750789978521924,5.4423076923076925,7,2227.4434855642785,4,283,6,1,1,13
CNP0513315.1,-6.2,4.274031010060308,3.0535714285714284,0,911.2236767386454,1,171,0,0,0,6
CNP0513362.1,-6.0,4.2800269814790175,3.05,0,1058.396281218946,1,183,0,0,0,6
CNP0513386.1,-9.9,1.1990497913161031,5.283333333333333,6,1723.165472718298,16,317,7,10,4,13
CNP0513394.1,-4.3,4.190114548094695,3.1724137931034484,0,957.9453689214814,3,184,0,2,0,9
CNP0513491.1,-12.95,1.0715414789162223,6.209302325581396,7,1778.8521351583342,5,267,6,2,5,6
CNP0513604.2,-9.381,2.4695332321542054,3.980392156862745,0,1452.1333349104975,6,203,16,8,0,17
CNP0513620.1,-6.5,4.265954376618989,3.0434782608695654,0,1469.3089143082973,1,210,0,0,0,6
CNP0513650.1,-9.1,1.3629340043652585,5.96,7,922.5158508430944,3,149,7,0,0,6
CNP0513670.2,-5.7,4.261091436789875,3.127272727272727,0,854.3206019132715,2,172,0,0,0,6
CNP0513717.1,-9.5,1.08235853193321,5.5,8,2136.417102358329,4,297,6,6,2,12
CNP0513784.0,-8.7,1.378473489915019,5.444444444444445,5,1076.3355209712215,0,147,6,0,0,6
CNP0513792.0,-6.6,1.851532325075808,4.25,2,775.2141272863315,0,102,6,1,0,7
CNP0513807.0,-10.1,1.270044464835572,4.774193548387097,2,845.2681217008385,0,148,6,1,1,6
CNP0513904.2,-9.5,1.8444348990917565,6.269230769230769,4,654.6868470400458,9,163,7,6,5,6
CNP0514108.1,-5.3,4.241120008604518,3.088235294117647,0,1042.3332274240186,2,210,0,0,0,6
CNP0514108.2,-4.8,4.241120008604518,3.088235294117647,0,1042.3332274240186,2,210,0,0,0,6
CNP0514117.2,-6.0,4.249565538475555,3.048387096774193,0,920.1529062009162,1,189,0,0,0,6
CNP0514137.1,-8.1,1.5825512351482736,4.583333333333333,0,535.5114697301336,3,110,6,2,0,6
CNP0514348.1,-6.3,4.260834701548806,3.0434782608695654,0,1379.1012387062192,1,210,0,0,0,6
CNP0514378.2,-5.863,4.227607689004548,3.1129032258064515,0,962.123502647858,2,193,0,0,0,6
CNP0514379.1,-9.5,1.4576927518440184,5.535714285714286,3,648.1169444075783,9,155,6,5,3,8
CNP0514479.2,-6.6,4.192069204150977,3.061224489795918,0,723.1084943781505,1,150,0,0,0,6
CNP0514606.1,-6.1,5.254067031394546,3.196078431372549,0,2165.9704400042106,5,326,0,3,0,19
CNP0514653.1,-7.081,4.272940986948137,3.046153846153846,0,1051.5067216875393,1,198,0,0,0,6
CNP0514673.3,-8.8,1.3428295660551048,5.085714285714285,3,1002.5740291907078,5,178,6,2,1,8
CNP0514811.1,-9.3,1.7313334335650672,5.68,4,820.1107978697626,2,142,6,3,2,5
CNP0514986.0,-8.4,1.434002904897353,4.2727272727272725,0,739.6207330442703,0,94,6,0,0,1
CNP0514990.2,-6.735,4.269325969811767,3.1166666666666667,0,931.1388337284412,2,187,0,0,0,6
CNP0515013.1,-7.3,4.180224698377574,3.5945945945945947,0,709.5339376838637,2,133,0,2,1,8
CNP0515074.1,-6.7,4.25036103150863,3.074074074074074,0,811.0359738332005,1,166,0,0,0,6
CNP0515127.0,-6.6,2.3459386018027857,3.4827586206896552,0,1292.0106266707708,1,202,6,1,0,7
CNP0515133.2,-6.458,4.0581558496468,3.066666666666667,0,902.6089358230496,1,184,0,0,0,6
CNP0515182.1,-4.8,4.210807672248925,3.123076923076923,0,1010.8655511421564,3,203,0,0,0,6
CNP0515182.2,-5.9,4.210807672248925,3.123076923076923,0,1010.8655511421564,3,203,0,0,0,6
CNP0515264.1,-10.6,1.5135599503737995,4.525,0,1457.615834839397,1,181,6,5,0,12
CNP0515284.1,-6.7,4.262884957042699,3.04,0,1569.2150301347665,1,228,0,0,0,6
CNP0515312.1,-6.2,4.338358388547083,3.1372549019607843,0,782.6505281013843,3,160,0,0,0,6
CNP0515312.2,-6.6,4.338358388547083,3.1372549019607843,0,782.6505281013843,3,160,0,0,0,6
CNP0515317.0,-8.1,1.815099463379175,4.875,2,988.3761088078836,0,117,6,3,0,7
CNP0515351.1,-5.1,4.23243285526203,3.103448275862069,0,887.0943483394005,2,180,0,0,0,6
CNP0515354.1,-8.3,1.9412087946070944,4.409090909090909,0,602.9804590502168,4,97,6,4,0,11
CNP0515371.1,-5.0,4.170323317847827,3.095238095238096,0,964.269111412202,2,195,0,0,0,6
CNP0515440.2,-11.1,1.0769641347388508,5.0,4,1310.8450394851986,7,210,6,3,2,11
CNP0515440.6,-11.2,1.0769641347388508,5.0,4,1310.8450394851986,7,210,6,3,2,11
CNP0515440.7,-8.9,1.0769641347388508,5.0,4,1310.8450394851986,7,210,6,3,2,11
CNP0515440.8,-11.5,1.0769641347388508,5.0,4,1310.8450394851986,7,210,6,3,2,11
CNP0515503.1,-9.0,1.417410347013821,6.531914893617022,7,1669.9898319482752,13,307,6,2,8,14
CNP0515615.1,-5.9,4.205184124755925,3.0517241379310347,0,858.8066324051229,1,177,0,0,0,6
CNP0515736.0,-5.9,2.0923313197420064,4.769230769230769,2,440.532159258822,0,62,6,0,0,2
CNP0515881.1,-5.77,4.348625667634826,3.1372549019607843,0,793.558343795083,2,160,0,0,0,6
CNP0515881.2,-6.47,4.348625667634826,3.1372549019607843,0,793.558343795083,2,160,0,0,0,6
CNP0515887.0,-5.7,2.640835969399999,4.181818181818182,0,177.31179861284457,0,46,6,1,1,1
CNP0515898.1,-6.7,3.453164836109346,3.0625,0,676.0886367227693,1,147,0,1,0,5
CNP0515982.2,-10.7,0.8426890199561528,4.6909090909090905,2,4375.159074804375,20,516,6,18,0,35
CNP0515994.1,-6.467,4.276871241605454,3.169811320754717,0,1006.737982847315,2,168,0,0,0,10
CNP0516040.2,-4.7,4.23681203990542,3.071428571428572,0,1071.79658178541,1,215,0,0,0,6
CNP0516150.1,-8.1,1.4951872998120852,5.4,4,1150.7074737608632,2,162,6,2,0,7
CNP0516173.2,-6.8,4.341004295379408,3.122448979591837,0,761.4188932661178,1,153,0,0,0,6
CNP0516182.2,-8.659,1.5197202374510137,5.190476190476191,4,1787.1729225293973,5,218,6,2,0,11
CNP0516203.1,-6.278,4.261338283817845,3.098360655737705,0,933.2895164562372,2,189,0,0,0,6
CNP0516219.1,-7.8,4.210177985178895,3.0454545454545454,0,1197.34220105131,1,201,0,0,0,6
CNP0516236.0,-9.6,1.3331233404239673,5.478260869565218,5,917.4503311989756,0,126,6,0,0,3
CNP0516255.1,-9.5,0.7753231193096708,5.688888888888889,18,3336.7854809172645,18,512,25,3,3,10
CNP0516305.2,-6.3,4.273111502645878,3.08955223880597,0,1038.1989236323163,1,207,0,0,0,6
CNP0516316.4,-9.6,1.3072288533756438,6.352941176470588,7,1179.2752193847214,10,216,6,2,1,7
CNP0516341.2,-5.9,4.313899264841914,3.103448275862069,0,887.0943483394005,2,180,0,0,0,6
CNP0516371.1,-7.975,1.8889557155158043,5.2,3,462.4299824400824,3,104,9,0,2,0
CNP0516379.1,-8.4,0.7621776782700499,5.103174603174603,5,3517.3996516119723,46,643,6,23,6,40
CNP0516471.1,-8.5,2.2180502259973016,4.170731707317073,2,1094.5121640592731,8,171,19,4,0,8
CNP0516550.1,-11.6,0.7522348841229528,5.39622641509434,5,2992.6180572225544,42,572,6,20,5,36
CNP0516566.2,-5.9,4.214315812661639,3.106060606060606,0,1024.515296318797,2,205,0,0,0,6
CNP0516661.1,-6.359,4.172075747508328,3.015151515151515,0,1091.141852955295,1,199,0,0,0,5
CNP0516726.1,-5.7,4.139359797355056,3.015625,0,1059.570965216804,1,193,0,0,0,5
CNP0516892.3,-10.8,1.283851301665403,5.358974358974359,3,1188.120156707279,10,209,6,2,1,8
CNP0516892.4,-11.3,1.283851301665403,5.358974358974359,3,1188.120156707279,10,209,6,2,1,8
CNP0516897.2,-6.1,4.250737313915514,3.084507042253521,0,1089.5776896604873,2,219,0,0,0,6
CNP0516943.1,-10.3,1.237793236358265,5.2444444444444445,8,1766.4304335749716,2,236,18,2,0,8
CNP0516948.1,-6.3,4.267655025775425,3.044776119402985,0,1527.0421463945688,1,204,0,0,0,6
CNP0516951.2,-4.6,4.0354164388896026,3.0545454545454547,0,813.2042506331999,1,168,0,0,0,6
CNP0516969.2,-10.5,1.296417987830954,5.482758620689655,4,821.444481150037,6,159,6,0,2,2
CNP0516989.3,-8.8,1.8087373440803565,5.142857142857143,2,796.9223207636223,4,108,6,5,0,11
CNP0516995.1,-6.9,4.259101391671868,3.041095890410959,0,1766.8160739324426,1,222,0,0,0,6
CNP0517009.3,-9.1,1.1326809112126717,5.228571428571429,5,1939.0260972730468,19,366,6,5,6,16
CNP0517063.1,-8.2,1.829913430460643,5.266666666666667,3,1183.2689894819443,1,158,6,2,1,8
CNP0517096.1,-10.1,1.0491846427107028,4.604651162790698,4,1475.3679541934164,2,198,6,5,0,9
CNP0517166.2,-6.2,3.344670772266798,3.02,0,692.9755751142621,1,151,0,1,0,5
CNP0517259.1,-6.2,4.23771172550601,3.0491803278688523,0,988.8131644856636,1,186,0,0,0,6
CNP0517323.0,-11.3,1.3091902012910754,4.793103448275862,3,1129.0660934795535,0,139,6,1,1,5
CNP0517372.0,-6.5,2.0404367598272986,4.636363636363637,2,356.18047739830445,0,51,6,3,0,6
CNP0517413.1,-8.9,1.381374721016644,5.45945945945946,5,1766.54344854815,2,202,6,3,0,9
CNP0517416.1,-6.592,4.260000210615168,3.0597014925373136,0,1011.1405813769904,1,205,0,0,0,6
CNP0517417.1,-9.7,1.3753219413287336,5.885714285714286,6,1506.5852539821587,2,206,6,4,2,8
CNP0517571.1,-5.1,5.247012224289755,3.196078431372549,0,2070.500425717372,5,326,0,3,0,19
CNP0517598.1,-8.3,1.6720111081900808,5.344827586206897,4,879.3837396969286,5,155,6,0,1,6
CNP0517715.1,-10.1,1.462801930510474,6.34375,5,1040.7266945438594,9,203,7,1,5,6
CNP0517749.2,-8.7,1.3522318192340932,4.45945945945946,0,1195.575031166003,3,165,6,0,0,6
CNP0517872.1,-8.4,2.53633723742409,3.957142857142857,0,2104.24339288946,9,277,25,11,0,23
CNP0517898.1,-6.2,4.260834701548806,3.0434782608695654,0,1469.3089143082973,1,210,0,0,0,6
CNP0517906.1,-5.9,4.311080544907122,3.087719298245614,0,858.6476383979044,2,176,0,0,0,6
CNP0517921.0,-6.16,2.169910549464604,4.789473684210527,2,750.0362322788369,0,91,6,1,0,7
CNP0517931.2,-6.3,4.243039309895376,3.065573770491804,0,918.0048039396356,1,187,0,0,0,6
CNP0517955.1,-8.2,1.729172755216692,4.75,0,988.1256831196586,4,133,6,4,0,10
CNP0517999.0,-9.6,1.181407861615784,4.4324324324324325,0,1224.0763335635677,0,164,6,2,0,8
CNP0518098.0,-9.9,1.513764953076751,4.771428571428571,0,1436.378844513286,0,167,6,3,0,9
CNP0518123.2,-6.664,4.269616571450388,3.0892857142857144,0,854.48566617755,1,173,0,0,0,6
CNP0518183.1,-6.2,4.264551084252113,3.1403508771929824,0,886.9353543321821,3,179,0,0,0,6
CNP0518184.1,-6.3,4.273627733241769,3.044776119402985,0,1346.3179929271923,1,204,0,0,0,6
CNP0518203.1,-5.7,4.266407697439752,3.111111111111111,0,977.6692566357916,2,196,0,0,0,6
CNP0518229.1,-6.8,4.206831206177595,3.095238095238096,0,975.6692566357916,1,195,0,0,0,6
CNP0518246.5,-9.1,1.6960996403428137,4.962962962962963,2,789.6782075289143,4,134,6,0,2,9
CNP0518301.1,-6.6,4.208415396036751,3.05,0,931.1388337284412,1,183,0,0,0,6
CNP0518391.1,-9.361,1.817115003113431,5.076923076923077,3,804.2291462441798,3,132,6,2,2,5
CNP0518495.1,-10.1,1.0243747040886977,4.686746987951807,2,3058.341197433897,15,389,6,15,0,29
CNP0518495.2,-9.2,1.0243747040886977,4.686746987951807,2,3058.341197433897,15,389,6,15,0,29
CNP0518508.0,-10.2,1.3248796926322144,4.838709677419355,2,1133.513702159125,0,150,6,1,0,9
CNP0518564.1,-6.7,4.27398452031827,3.1333333333333333,0,933.1388337284412,3,188,0,0,0,6
CNP0518593.2,-10.96,0.9733937241441863,4.909090909090909,2,2702.9780964349616,20,378,6,18,0,29
CNP0518613.2,-5.262,4.2945264770445375,3.071428571428572,0,841.4042375522087,1,172,0,0,0,6
CNP0518828.1,-9.0,0.6870290018799271,5.6938775510204085,16,4409.8739635644415,14,558,15,2,2,6
CNP0518893.1,-6.7,4.253739404856566,3.107142857142857,0,867.6089135144581,1,174,0,0,0,6
CNP0518901.1,-6.0,4.271668449899397,3.1166666666666667,0,931.1388337284412,2,187,0,0,0,6
CNP0519003.2,-6.427,4.214944391515676,3.0847457627118646,0,900.455581023865,1,182,0,0,0,6
CNP0519042.1,-5.5,4.233475845964478,3.103448275862069,0,887.0943483394005,2,180,0,0,0,6
CNP0519140.0,-9.7,1.6030536270983518,4.453125,3,1738.3421591513738,15,285,29,3,1,14
CNP0519191.2,-9.8,1.3795271576128822,5.102564102564102,3,1139.713967680401,8,199,6,2,1,9
CNP0519201.1,-9.7,0.7959119504291171,5.159090909090909,14,3438.611513348518,16,454,27,9,2,14
CNP0519465.1,-8.0,0.9060341829372366,4.482142857142857,2,2041.2333293998904,4,251,6,4,0,8
CNP0519477.1,-10.1,1.1379361188045427,5.365079365079365,4,1595.4018823812055,23,338,6,10,5,16
CNP0519508.1,-10.1,1.3962568861423506,4.340425531914893,2,1466.4741282788414,4,204,21,5,1,10
CNP0519574.0,-7.1,3.892509135380617,3.411764705882353,0,305.0064510481858,3,58,0,5,0,8
CNP0519723.1,-9.6,1.2298418392462598,5.258064516129032,5,2333.7908970219546,12,326,6,11,0,21
CNP0519735.1,-6.2,4.181291819869601,3.08,0,750.7883857523404,1,154,0,0,0,6
CNP0519826.1,-9.7,1.83438375210481,4.375,0,954.8513647071404,2,140,6,4,2,12
CNP0519849.1,-6.3,4.249565702624341,3.106060606060606,0,1013.0041593488024,3,205,0,0,0,6
CNP0519849.2,-7.1,4.249565702624341,3.106060606060606,0,1013.0041593488024,3,205,0,0,0,6
CNP0519856.0,-9.0,1.2574788827563603,5.44,3,743.5537963369135,1,136,6,0,1,8
CNP0520157.1,-9.6,0.8309336023203836,5.709677419354839,15,3840.684357529909,18,531,18,8,6,15
CNP0520168.1,-9.0,1.4818094562257575,4.371794871794871,2,2683.641322021341,11,341,19,10,0,23
CNP0520230.2,-8.232,1.4744795633502985,4.25925925925926,0,857.5291077471816,1,115,6,1,0,5
CNP0520277.1,-6.4,4.225067525153395,3.066666666666667,0,902.6089358230496,1,184,0,0,0,6
CNP0520282.2,-10.3,1.4105740294427231,5.115384615384615,3,898.3750741596983,1,133,6,1,1,6
CNP0520343.0,-12.5,1.293190021043526,5.233333333333333,4,988.2325479126508,0,157,7,0,1,5
CNP0520450.2,-6.8,4.201216664257165,3.1020408163265305,0,748.6019653931004,1,152,0,0,0,6
CNP0520461.1,-4.7,4.227898122703652,3.0422535211267605,0,1233.9310667490522,1,216,0,0,0,6
CNP0520630.0,-5.4,2.903800203064425,2.7222222222222223,0,209.1425000045842,0,49,0,0,0,2
CNP0520632.1,-8.8,1.874321086050396,4.448275862068965,0,449.0337994531705,12,129,6,8,0,12
CNP0520644.1,-7.1,3.3438456931345275,3.0,0,833.4510392453642,1,132,0,1,0,5
CNP0520670.1,-6.9,4.272531538344229,3.0434782608695654,0,1560.461368202468,1,210,0,0,0,6
CNP0520718.2,-6.883,4.327055564713836,3.0980392156862746,0,767.7877984623738,2,158,0,0,0,6
CNP0520829.1,-6.4,4.288540352071961,3.0847457627118646,0,900.455581023865,1,182,0,0,0,6
CNP0520844.1,-9.1,1.5062996435621536,4.806451612903226,2,996.0689716759704,1,149,6,2,1,7
CNP0520887.1,-8.3,1.6656314290235297,4.354838709677419,2,796.2462312972135,3,135,7,3,0,11
CNP0520900.1,-9.0,1.923857784103548,4.087719298245614,0,1828.0480663068,8,233,24,9,0,17
CNP0520949.2,-5.6,4.105207715510304,3.071428571428572,0,841.4042375522087,1,172,0,0,0,6
CNP0521000.0,-8.0,1.4567333832578393,3.814814814814815,0,771.5414457749927,1,103,6,4,0,7
CNP0521003.1,-8.3,1.93858761754846,4.515151515151516,2,1125.2164889383096,5,149,6,1,0,14
CNP0521059.1,-9.4,1.3986498881747524,5.95,6,1662.175513996963,4,238,6,2,2,8
CNP0521068.1,-8.9,1.6954857284215483,5.586206896551724,5,690.6482642290739,8,162,6,1,3,7
CNP0521128.2,-10.7,1.265933426087812,6.125,6,809.2540859377028,12,196,6,1,4,4
CNP0521132.1,-10.8,1.0579220501021265,5.384615384615385,6,1827.1865224694025,2,210,6,0,0,10
CNP0521168.1,-6.3,4.07710799522657,3.4285714285714284,0,221.73533443302583,3,48,0,5,0,7
CNP0521223.1,-8.8,1.6380999935311742,6.037037037037037,5,972.3383594818298,4,163,6,1,2,5
CNP0521229.3,-10.4,1.264457241143179,5.289473684210527,3,1130.6399986790298,7,201,6,2,1,8
CNP0521283.1,-6.6,4.245313924101513,3.0517241379310347,0,984.3530035122463,1,177,0,0,0,6
CNP0521284.1,-6.1,4.265210171158243,3.046153846153846,0,1225.1308970455705,1,198,0,0,0,6
CNP0521293.1,-6.167,2.545079464559594,3.923076923076923,0,314.2379407824652,1,51,6,2,0,4
CNP0521298.1,-6.8,4.255009011018657,3.0434782608695654,0,1514.770222838704,1,210,0,0,0,6
CNP0521362.2,-7.2,4.318803794093489,3.08,0,750.7883857523404,1,154,0,0,0,6
CNP0521385.1,-10.9,1.022153707132649,4.661971830985915,0,2245.5842350791254,17,331,6,12,0,25
CNP0521447.1,-8.571,0.8331109683216393,5.182926829268292,10,3101.929316286177,16,425,11,9,2,13
CNP0521514.0,-9.1,1.637090147544543,4.653846153846154,0,1051.5965903775902,1,121,6,1,0,9
CNP0521552.1,-7.2,3.352965003641057,3.0,0,864.0786682845094,1,138,0,1,0,5
CNP0521570.0,-9.3,1.598322347729434,4.068965517241379,2,777.9726900258266,1,118,6,1,1,2
CNP0521580.1,-9.9,1.770355462258264,4.684210526315789,0,799.6519727294669,15,178,6,12,0,20
CNP0521612.1,-6.4,4.265870520222877,3.109375,0,993.2500734207846,2,199,0,0,0,6
CNP0521668.1,-6.0,4.219164602638964,3.064516129032258,0,933.437618717518,1,190,0,0,0,6
CNP0521670.2,-7.6,2.1045703121908432,5.782608695652174,3,807.3821574792829,2,133,6,3,2,7
CNP0521671.1,-5.6,4.234120437400349,3.087719298245614,0,858.6476383979044,2,176,0,0,0,6
CNP0521671.2,-6.3,4.234120437400349,3.087719298245614,0,858.6476383979044,2,176,0,0,0,6
CNP0521732.1,-10.56,0.8248167418223584,5.253012048192771,9,3423.924527165067,12,436,11,9,2,18
CNP0521766.0,-8.0,1.7301455542669002,4.642857142857143,2,864.2458840851333,1,130,6,0,0,6
CNP0521795.1,-6.524,4.228320342446762,3.063492063492064,0,948.906932943159,1,193,0,0,0,6
CNP0521823.1,-9.4,1.4489342770506777,4.8,4,1067.9139760798546,3,144,6,2,0,11
CNP0521855.1,-8.566,1.686863170888699,4.518518518518518,2,893.5998789043599,1,122,7,2,0,7
CNP0521887.0,-6.5,2.44630022407828,3.55,0,291.59810068101865,1,71,8,0,0,5
CNP0521926.1,-6.135,4.2564651394825646,3.1,0,917.8541212118396,2,186,0,0,0,6
CNP0521946.1,-10.3,1.1323118388058446,5.355555555555555,9,1847.8457784175707,2,241,18,0,0,9
CNP0521946.2,-11.3,1.1323118388058446,5.355555555555555,9,1847.8457784175707,2,241,18,0,0,9
CNP0521964.1,-6.7,4.2205970361468665,3.044776119402985,0,1126.2153914426858,1,204,0,0,0,6
CNP0521966.1,-5.9,4.24354397833609,3.0923076923076924,0,1006.8655511421566,1,201,0,0,0,6
CNP0521967.1,-7.1,2.408427107070424,4.038834951456311,2,3146.940513216852,15,416,6,17,0,30
CNP0522021.2,-6.7,4.292197137546385,3.092592592592593,0,824.0319015992267,1,167,0,0,0,6
CNP0522140.0,-8.2,1.5390387987425138,4.88,3,704.7776582539244,2,122,6,0,1,7
CNP0522261.1,-10.8,1.1002258224721049,4.745454545454545,2,2104.300025899719,7,261,6,7,1,14
CNP0522376.1,-6.0,4.227898122703653,3.0422535211267605,0,1103.264821777066,1,216,0,0,0,6
CNP0522432.1,-10.2,0.6732800472428428,5.648936170212766,15,4214.037636394959,12,531,15,1,2,5
CNP0522444.2,-5.1,4.30920030700994,3.1206896551724137,0,900.2994575774283,2,181,0,0,0,6
CNP0522452.1,-10.3,1.3809244533100706,4.823529411764706,2,1853.661831289804,5,246,6,3,3,16
CNP0522469.1,-7.0,4.21226086762489,3.047619047619047,0,1325.5428488846396,1,192,0,0,0,6
CNP0522472.1,-6.278,4.191998435444709,3.066666666666667,0,902.6089358230496,1,184,0,0,0,6
CNP0522472.2,-5.704,4.191998435444709,3.066666666666667,0,902.6089358230496,1,184,0,0,0,6
CNP0522503.1,-8.4,5.011444273587313,3.46875,0,845.8380222797285,3,111,0,5,0,15
CNP0522504.1,-7.4,4.27902329402996,3.046153846153846,0,1269.2512843144768,1,198,0,0,0,6
CNP0522509.1,-9.9,1.3700958153968648,4.575757575757576,0,969.757219354368,3,151,6,2,0,7
CNP0522578.1,-4.0,4.199214005347314,3.0416666666666665,0,1076.051358825451,1,219,0,0,0,6
CNP0522604.1,-7.0,4.256759581067456,3.046875,0,1297.339938054036,1,195,0,0,0,6
CNP0522605.1,-5.7,4.293418774068315,3.0793650793650795,0,962.269111412202,1,194,0,0,0,6
CNP0522653.2,-6.8,4.262816239403429,3.103448275862069,0,887.0943483394005,2,180,0,0,0,6
CNP0522702.1,-7.8,1.337678370300896,4.491666666666666,0,3267.7209236431227,35,539,6,27,3,47
CNP0522749.1,-8.3,1.9890475032687709,4.068965517241379,0,889.1784596136507,1,118,6,3,0,7
CNP0522859.0,-6.3,4.243941898287242,3.1372549019607843,0,951.9568638255864,2,160,0,1,0,10
CNP0522899.1,-6.063,4.201203980615872,3.060606060606061,0,995.5295472793304,1,202,0,0,0,6
CNP0522903.1,-8.2,1.2582856392887964,4.565656565656566,2,2560.371781106698,38,452,28,18,2,29
CNP0522932.0,-9.0,1.680349724939347,4.833333333333333,3,809.4187198130478,3,116,6,9,0,14
CNP0522974.2,-5.915,4.22522457529556,3.083333333333333,0,915.8541212118396,1,185,0,0,0,6
CNP0523003.0,-10.9,1.1524519657959171,4.516129032258065,0,865.2849061983452,0,140,6,0,0,5
CNP0523043.0,-6.7,4.283021313139575,3.047619047619047,0,1136.9195292832676,0,192,0,0,0,6
CNP0523053.1,-7.0,1.988303858574766,5.578947368421052,3,490.3740424909709,4,106,5,2,2,4
CNP0523114.1,-6.2,4.260834701548806,3.0434782608695654,0,1514.770222838704,1,210,0,0,0,6
CNP0523130.2,-5.4,4.207683293494611,3.1044776119402986,0,1040.1989236323163,2,208,0,0,0,6
CNP0523137.0,-6.9,2.3372212037979927,3.6666666666666665,0,481.35615595543766,0,66,6,2,0,6
CNP0523138.1,-5.4,4.219961695391314,3.086206896551724,0,885.0943483394005,1,179,0,0,0,6
CNP0523143.1,-6.4,4.258290841434528,3.046153846153846,0,1094.464652073584,1,198,0,0,0,6
CNP0523148.0,-5.0,2.9606176003906586,2.7857142857142856,0,273.4358508944251,0,78,0,0,0,1
CNP0523185.2,-9.8,1.2144135347381442,5.15,3,1166.1347556198807,6,206,6,2,1,9
CNP0523193.1,-7.7,1.5151056517116084,4.2727272727272725,2,1370.8632079027886,10,235,6,10,0,16
CNP0523283.1,-9.0,1.542557168602677,4.428571428571429,0,624.0098169658194,4,124,6,4,0,9
CNP0523307.1,-6.6,3.4917672004178275,3.1,0,386.2224028934981,2,62,0,0,0,2
CNP0523328.0,-8.5,1.959464289338046,3.851063829787234,2,1039.950328639224,13,181,31,8,0,11
CNP0523352.2,-9.4,1.3357506073041332,5.128205128205129,3,1128.7282214376316,8,200,6,2,1,7
CNP0523362.1,-12.6,1.2206611084840024,5.682926829268292,7,1830.549777910192,2,233,7,2,0,11
CNP0523423.1,-8.5,1.790276940495723,4.358974358974359,0,1221.9851877856183,4,170,6,0,0,11
CNP0523434.1,-10.3,1.3557476313079309,5.037037037037037,3,893.5546624259164,1,136,6,1,1,6
CNP0523450.1,-10.8,0.9821873668254836,5.076923076923077,4,2278.0404772807005,11,264,6,13,0,31
CNP0523456.2,-8.1,1.569689025027362,5.1923076923076925,3,771.7831175104109,2,135,6,0,0,7
CNP0523502.1,-10.5,1.216675688558374,5.47457627118644,5,1742.9381935612396,16,323,7,8,4,11
CNP0523541.0,-9.4,1.4979215405705255,5.344827586206897,4,1141.800568966962,0,155,6,0,1,4
CNP0523669.1,-10.2,1.291542267054093,4.621621621621622,2,1469.6787800510458,1,171,6,3,0,5
CNP0523761.1,-6.2,4.252292133829751,3.046153846153846,0,1313.639430885118,1,198,0,0,0,6
CNP0523812.1,-9.9,1.2614709811796578,4.870967741935484,0,797.5768509552106,4,151,6,4,0,9
CNP0523839.1,-8.9,1.509705240123303,5.358974358974359,4,1342.0137017573954,8,209,6,2,3,10
CNP0523921.1,-10.1,1.5724965900193102,4.520833333333333,0,1393.0497085648287,8,217,6,7,0,16
CNP0523956.1,-8.8,1.5465727312097868,6.44,6,805.9588028851925,6,161,7,1,1,4
CNP0524020.0,-7.8,1.8420248537510595,4.807692307692308,0,869.6696987504502,1,125,6,3,0,8
CNP0524038.1,-9.5,1.6770334156869375,5.029411764705882,4,957.943151047586,9,171,16,3,1,6
CNP0524110.1,-8.4,2.0249732189661875,4.787878787878788,3,842.872955943928,8,158,10,1,1,9
CNP0524277.1,-6.9,2.532863544335996,4.083333333333333,0,225.4462655888662,3,49,6,4,0,5
CNP0524321.1,-9.8,0.9700014789937328,4.839506172839506,6,3654.923335496759,5,392,21,5,1,14
CNP0524347.0,-7.8,1.6076093318168594,6.888888888888889,5,486.1303860297528,7,124,6,0,3,3
CNP0524386.0,-8.987,1.2530469758738985,6.021739130434782,6,1483.697621155159,12,277,6,2,3,11
CNP0524420.1,-10.05,0.969559034407562,6.0588235294117645,10,2066.2664557183803,10,309,6,0,1,9
CNP0524481.0,-8.3,1.6306727939841648,4.708333333333333,2,905.4976431686716,0,113,6,2,0,5
CNP0524485.1,-8.7,0.8277391691773157,5.108843537414966,13,6113.481905348214,37,751,16,29,0,52
CNP0524485.2,-8.9,0.8277391691773157,5.108843537414966,13,6113.481905348214,37,751,16,29,0,52
CNP0524532.1,-6.4,4.236831646077413,3.04,0,1166.8439899771895,1,228,0,0,0,6
CNP0524635.1,-6.2,4.247150737646082,3.046153846153846,0,1225.1308970455705,1,198,0,0,0,6
CNP0524716.2,-7.987,1.6159744283882584,4.4363636363636365,0,1548.54497869803,7,244,6,10,1,19
CNP0524751.1,-6.3,3.600737230046607,3.088235294117647,0,465.43731078279086,2,105,0,1,0,5
CNP0524863.1,-6.4,4.255767604676509,3.044776119402985,0,1257.4560233034704,1,204,0,0,0,6
CNP0524880.1,-9.0,1.171780136979293,4.945054945054945,10,3860.2074281246,12,450,16,17,2,31
CNP0524991.2,-6.5,4.187847084722208,3.0727272727272728,0,826.2001783992259,1,169,0,0,0,6
CNP0524994.0,-7.7,1.713625754226305,4.933333333333334,3,640.957112138695,0,74,6,1,0,1
CNP0525032.2,-9.3,1.4517509394577002,5.545454545454546,5,1146.4362686814873,3,183,6,2,3,7
CNP0525094.0,-10.4,1.3766074038072142,4.482758620689655,2,966.5026133593002,0,130,7,2,0,7
CNP0525096.10,-9.5,1.5183438464427683,4.903225806451613,2,1081.705778554141,5,152,6,7,0,10
CNP0525126.1,-11.6,1.292997464010376,4.918918918918919,2,876.5842164238879,12,182,6,6,1,11
CNP0525210.1,-6.4,4.200512515327466,3.086206896551724,0,885.0943483394005,1,179,0,0,0,6
CNP0525215.1,-9.8,1.428502139893293,5.906976744186046,5,1117.61224166355,15,254,6,5,6,8
CNP0525260.0,-9.0,1.523927394980788,3.8333333333333335,0,625.923637038784,0,92,6,2,0,4
CNP0525288.1,-6.7,4.245313924101513,3.0517241379310347,0,1112.902425647413,1,177,0,0,0,6
CNP0525297.2,-11.93,1.1022405911704782,5.232876712328767,5,2302.117314532129,23,382,13,5,3,19
CNP0525297.5,-12.08,1.1022405911704782,5.232876712328767,5,2302.117314532129,23,382,13,5,3,19
CNP0525341.1,-7.5,1.8595026877760643,5.333333333333333,4,295.9890926672967,2,80,6,2,2,3
CNP0525439.1,-8.5,2.247714172529202,4.62962962962963,0,621.1991900366406,7,125,6,4,2,8
CNP0525475.0,-8.9,1.4676187066776936,5.121212121212121,4,1425.5009866729706,0,169,6,2,0,9
CNP0525496.0,-8.6,1.436441352634566,4.321428571428571,2,1006.7058682933128,0,121,6,0,0,6
CNP0525557.2,-9.5,1.5017121402963998,5.965517241379311,5,846.5991086725815,7,173,6,0,3,2
CNP0525663.1,-7.7,2.032886729635889,6.0,3,420.6377569581172,3,102,6,1,3,2
CNP0525670.1,-7.9,1.3594289443321632,5.148148148148148,3,712.351174993556,5,139,6,2,3,3
CNP0525672.0,-6.1,4.279023294029963,3.046153846153846,0,1038.4646520735837,0,198,0,0,0,6
CNP0525678.0,-7.1,4.083322776138935,3.12280701754386,0,1181.6538958302071,2,178,0,0,0,9
CNP0525719.1,-6.4,4.234731899949791,3.087719298245614,0,869.7708857348125,1,176,0,0,0,6
CNP0526040.0,-7.4,2.612996318762689,4.142857142857143,0,494.1893908509121,0,58,6,2,0,8
CNP0526045.1,-11.0,1.0906857287112537,4.906976744186046,2,1548.0197060030468,10,211,6,7,0,22
CNP0526082.0,-8.1,1.68643063854323,4.181818181818182,0,622.1845473665861,0,92,6,1,0,7
CNP0526153.1,-10.4,1.4282146720477409,6.625,7,683.1263335543586,7,159,6,1,3,4
CNP0526193.1,-8.7,1.9827227398618428,5.789473684210527,3,470.7660327256809,5,110,6,3,3,4
CNP0526197.1,-9.2,2.053780013901964,5.578947368421052,3,444.0465945648067,7,106,6,5,1,8
CNP0526213.2,-6.1,4.227093268198479,3.103448275862069,0,887.0943483394005,2,180,0,0,0,6
CNP0526248.3,-9.4,1.444265812570416,5.032258064516129,3,941.2156210577364,2,156,6,0,1,5
CNP0526301.1,-4.8,4.2074938716705885,3.1194029850746268,0,1042.1989236323163,3,209,0,0,0,6
CNP0526301.2,-5.4,4.2074938716705885,3.1194029850746268,0,1042.1989236323163,3,209,0,0,0,6
CNP0526312.0,-7.6,2.325373828965092,4.366666666666666,2,638.3077794073545,0,131,5,0,0,14
CNP0526353.1,-6.7,4.253072775675501,3.04,0,1569.2150301347667,1,228,0,0,0,6
CNP0526355.1,-9.0,1.2938201446285291,5.0,0,691.5777446250739,4,140,6,3,0,7
CNP0526430.1,-6.6,4.308690462336971,3.111111111111111,0,826.0319015992267,2,168,0,0,0,6
CNP0526430.2,-6.9,4.308690462336971,3.111111111111111,0,826.0319015992267,2,168,0,0,0,6
CNP0526596.1,-7.2,1.8387791067075208,3.395348837209302,0,719.8967063926144,5,146,5,4,0,6
CNP0526725.1,-8.8,1.6213793951265594,4.033333333333333,0,855.2714441391332,1,121,6,4,0,8
CNP0526761.0,-9.3,1.197318393579815,4.833333333333333,7,3416.7299708589403,11,435,16,5,0,28
CNP0527074.0,-6.92,1.998490430964106,4.5,2,411.5830672524549,1,63,6,2,0,4
CNP0527165.1,-7.1,4.268714561385779,3.048387096774193,0,1090.0349797478434,1,189,0,0,0,6
CNP0527290.1,-5.699,4.082155654763805,3.015625,0,932.3135177262988,1,193,0,0,0,5
CNP0527324.1,-9.6,1.2873963187538418,4.84,4,2109.590199913762,1,242,7,2,0,11
CNP0527331.1,-9.6,1.5601054366526688,5.083333333333333,4,810.0448454955433,2,122,10,2,1,5
CNP0527357.1,-6.5,2.154702828459273,3.652173913043478,0,411.59267530513847,1,84,6,1,0,4
CNP0527394.1,-10.0,1.1736914999122996,5.382352941176471,4,1438.2986649417255,2,183,6,2,0,8
CNP0527442.1,-11.1,0.9177944905115948,5.590163934426229,6,1590.9866919081453,26,341,6,8,3,15
CNP0527450.1,-7.0,1.3864784775647088,5.052631578947368,2,378.34186392514687,3,96,5,0,0,4
CNP0527577.1,-6.2,4.291583571249351,3.1052631578947367,0,871.7708857348126,2,177,0,0,0,6
CNP0527586.1,-8.8,1.590121653018936,4.36144578313253,2,2873.040082479731,12,362,19,8,0,26
CNP0527598.1,-6.7,3.337998835940617,3.0,0,842.4261547148516,1,150,0,1,0,5
CNP0527668.1,-9.2,1.5388018919388573,4.852941176470588,3,1309.1105395325303,1,165,6,2,2,8
CNP0527679.1,-6.021,4.248710563228715,3.083333333333333,0,904.6089358230496,2,185,0,0,0,6
CNP0527801.1,-9.427,1.4501343042446284,4.464285714285714,0,1558.9397919704795,16,250,6,11,0,20
CNP0527858.1,-9.6,0.8035349712357808,5.35,12,3410.6112982602467,9,428,15,2,1,6
CNP0527917.0,-6.7,4.083322776138935,3.12280701754386,0,1225.4979754294409,2,178,0,0,0,9
CNP0527936.1,-5.9,4.199093741689801,3.063492063492064,0,948.906932943159,1,193,0,0,0,6
CNP0527962.1,-6.4,4.2693385778762725,3.0945945945945947,0,1150.902265727357,2,229,0,0,0,6
CNP0527962.2,-5.8,4.2693385778762725,3.0945945945945947,0,1150.902265727357,2,229,0,0,0,6
CNP0527969.1,-10.4,1.5535418275703032,5.451612903225806,4,889.9336458986996,7,169,6,2,3,3
CNP0528032.1,-7.3,1.5640642407155267,4.386666666666667,3,2404.0954713105125,11,329,27,7,0,18
CNP0528058.0,-6.7,1.8213803226667231,4.434782608695652,2,787.944860823453,0,102,6,0,0,7
CNP0528137.1,-6.3,4.256065642284819,3.1,0,929.1388337284412,1,186,0,0,0,6
CNP0528137.2,-6.9,4.256065642284819,3.1,0,929.1388337284412,1,186,0,0,0,6
CNP0528250.2,-5.8,4.246237804402343,3.063492063492064,0,948.906932943159,1,193,0,0,0,6
CNP0528254.0,-8.3,1.8794064314052323,5.352941176470588,3,409.1448824383832,5,91,7,0,1,2
CNP0528302.1,-6.6,4.260834701548806,3.0434782608695654,0,1334.3684968487344,1,210,0,0,0,6
CNP0528388.1,-8.1,1.7228095218770023,5.111111111111111,3,432.1837071338601,3,92,6,2,1,6
CNP0528417.1,-10.6,1.1887304346484946,4.976190476190476,3,1578.7740892507052,10,209,6,8,0,25
CNP0528448.2,-9.2,1.3181421906116346,5.641025641025641,6,1595.6308097231731,3,220,6,3,3,7
CNP0528459.11,-10.8,1.326227050645873,5.446428571428571,8,2470.030311579704,5,305,11,14,0,22
CNP0528460.4,-9.0,1.861894946581988,4.32258064516129,0,920.2581345258594,6,134,6,4,0,17
CNP0528482.2,-9.0,1.3509620727869998,5.081081081081081,3,1075.7521413490572,7,188,6,2,1,9
CNP0528489.3,-9.974,1.4854294408895723,5.7727272727272725,5,1537.758221056906,9,254,6,10,3,19
CNP0528546.1,-7.0,1.7984585118683527,4.072916666666667,2,3401.8285686938616,12,391,34,17,0,33
CNP0528562.4,-8.9,1.157685428432322,5.0,3,1378.276451029736,5,215,6,2,1,10
CNP0528576.0,-8.5,2.080446293128779,4.65,0,706.3438304791466,0,93,6,3,0,9
CNP0528718.2,-9.2,1.925371256630785,4.852941176470588,3,1170.7031986993888,2,165,6,0,1,6
CNP0528762.0,-6.6,2.328807428082216,3.692307692307693,0,353.34582078313053,0,48,6,2,0,6
CNP0528807.1,-9.3,0.974477142344519,5.4605263157894735,5,2074.4992522341945,27,415,6,12,6,22
CNP0528849.1,-10.2,1.4139063725841765,4.625,0,1065.6608834629326,10,185,6,8,0,13
CNP0528953.2,-6.8,4.15376315166808,3.101694915254237,0,913.7007664126548,1,183,0,0,0,6
CNP0528993.1,-6.6,4.234094840259357,3.09375,0,979.812454545288,2,198,0,0,0,6
CNP0528993.2,-5.0,4.234094840259357,3.09375,0,979.812454545288,2,198,0,0,0,6
CNP0529069.1,-4.92,4.1543763142025325,3.075757575757576,0,997.5295472793308,2,203,0,0,0,6
CNP0529069.2,-5.341,4.1543763142025325,3.075757575757576,0,997.5295472793308,2,203,0,0,0,6
CNP0529104.1,-8.8,1.4791384812952095,4.433333333333334,0,886.1081070731855,3,133,6,1,0,7
CNP0529118.1,-6.9,2.2925357847188788,4.944444444444445,2,428.86813940031766,4,89,6,0,1,2
CNP0529247.1,-6.107,4.277331395054277,3.072463768115942,0,1056.048306090237,1,212,0,0,0,6
CNP0529247.2,-4.828,4.277331395054277,3.072463768115942,0,1056.048306090237,1,212,0,0,0,6
CNP0529267.2,-6.0,4.2217892939778245,3.0923076923076924,0,995.3909390726844,2,201,0,0,0,6
CNP0529309.0,-7.8,1.5913730796930228,3.954545454545455,0,654.208555697018,0,87,6,1,0,5
CNP0529398.1,-8.7,2.4789773916068003,3.555555555555556,0,816.9816485404143,4,128,12,5,0,9
CNP0529430.1,-6.2,4.2847447297645065,3.048387096774193,0,1176.8571451205958,1,189,0,0,0,6
CNP0529474.1,-8.555,1.231178372621604,4.708333333333333,0,736.8932033909266,1,113,5,1,0,9
CNP0529505.1,-6.6,4.198478094293061,3.063492063492064,0,948.906932943159,1,193,0,0,0,6
CNP0529527.0,-9.9,0.8139286490877905,5.333333333333333,5,3331.2055804902,42,592,6,17,6,38
CNP0529606.1,-8.7,1.6113654664134367,4.758620689655173,2,915.6496606219744,1,138,6,1,1,8
CNP0529625.0,-4.2,3.170819357347939,2.75,0,54.49022499567306,1,22,0,2,0,2
CNP0529648.1,-10.4,1.1809572601693843,5.1,3,1146.0744817163106,6,204,6,2,1,8
CNP0529692.1,-6.5,4.20764278580657,3.130434782608696,0,705.8488310034984,2,144,0,0,0,6
CNP0529692.2,-5.6,4.20764278580657,3.130434782608696,0,705.8488310034984,2,144,0,0,0,6
CNP0529778.1,-10.0,1.6654910858031895,4.625,0,757.6629378441627,11,148,6,7,0,12
CNP0529785.0,-7.4,1.929481191470401,5.2631578947368425,3,752.1270068360742,0,100,6,1,0,6
CNP0529857.0,-8.239,1.5775108145935586,4.65,0,737.2433781143418,0,93,6,1,0,5
CNP0529946.1,-5.2,4.033636953206428,3.109090909090909,0,959.1641984834024,2,171,0,2,0,10
CNP0530052.1,-9.4,1.7007024920522988,5.0,2,619.7682839463657,4,100,6,5,0,8
CNP0530088.1,-10.6,0.7419729574498786,4.938271604938271,6,2855.7447362396592,10,400,6,7,2,11
CNP0530167.0,-7.0,2.1636882048981314,4.777777777777778,2,652.8167929082101,1,86,6,1,0,3
CNP0530179.1,-5.2,4.285850969651258,3.076923076923077,0,993.3909390726848,1,200,0,0,0,6
CNP0530207.1,-9.104,1.3737160960729815,4.461538461538462,0,866.0177365683829,1,116,6,2,1,6
CNP0530284.0,-5.1,3.808611659636284,3.1818181818181817,0,215.0272763448729,0,35,0,0,0,1
CNP0530425.1,-6.0,4.205019525180224,3.0806451612903225,0,946.761324178815,1,191,0,0,0,6
CNP0530472.1,-6.8,4.256759581067456,3.046875,0,1209.010866144368,1,195,0,0,0,6
CNP0530481.1,-8.751,1.024528592364632,5.090909090909091,9,2844.231877166862,15,392,12,6,2,12
CNP0530518.0,-9.4,1.1901501348547572,5.275862068965517,3,900.1953728438423,1,153,6,1,1,10
CNP0530526.2,-6.7,4.177822501647413,3.095238095238096,0,975.6692566357916,1,195,0,0,0,6
CNP0530546.1,-4.6,5.259097397867315,3.188679245283019,0,2092.859818062223,5,338,0,3,0,19
CNP0530612.1,-6.8,4.263826239358643,3.0422535211267605,0,1457.1325454350258,1,216,0,0,0,6
CNP0530631.1,-7.8,1.0672877992532015,4.746031746031746,6,2277.6918493696544,5,299,16,0,0,9
CNP0530642.2,-5.9,4.198181793470534,3.064516129032258,0,933.437618717518,1,190,0,0,0,6
CNP0530655.1,-6.3,4.258467097686862,3.041095890410959,0,1444.975142500553,1,222,0,0,0,6
CNP0530661.0,-4.2,3.074373412065184,2.625,0,64.10749561002055,0,21,0,0,0,0
CNP0530672.1,-9.197,1.406720193956411,4.333333333333333,2,930.7644201128924,1,117,6,3,0,6
CNP0530770.1,-11.0,1.1607423696850907,5.8125,5,1495.9640308271753,13,279,6,6,6,9
CNP0530777.1,-6.742,4.225258838505559,3.0454545454545454,0,1067.2633467404091,1,201,0,0,0,6
CNP0530823.1,-6.9,4.265954376618989,3.0434782608695654,0,1334.3684968487344,1,210,0,0,0,6
CNP0530825.1,-6.5,4.146556208250915,3.0943396226415096,0,797.9121487523726,2,164,0,0,0,6
CNP0530899.2,-11.73,0.9223829334001876,4.919354838709677,2,2150.94330565622,15,305,6,13,0,22
CNP0530914.1,-8.5,1.9929223735816133,3.952,0,3958.7014180838128,15,494,6,24,0,45
CNP0531057.2,-6.733,4.30035825520172,3.113207547169812,0,810.8643568139893,2,165,0,0,0,6
CNP0531100.1,-6.63,4.212260867624891,3.047619047619047,0,1105.901667177538,1,192,0,0,0,6
CNP0531132.1,-8.141,1.7891552825507198,5.035087719298246,4,1839.677244426197,12,287,8,1,4,16
CNP0531152.1,-10.3,1.310906944015514,4.46875,3,931.1692759551388,2,143,10,1,0,6
CNP0531309.1,-8.7,1.6057231237426404,5.0701754385964914,0,2386.561924791206,5,289,6,15,1,23
CNP0531315.1,-6.3,4.229175988306626,3.090909090909091,0,1022.515296318797,1,204,0,0,0,6
CNP0531315.2,-6.7,4.229175988306626,3.090909090909091,0,1022.515296318797,1,204,0,0,0,6
CNP0531409.1,-6.4,4.268898313051059,3.0422535211267605,0,1411.9874990010546,1,216,0,0,0,6
CNP0531557.1,-9.3,1.4212753429477922,4.862068965517241,2,727.1542163097599,4,141,6,1,0,7
CNP0531593.1,-6.9,1.948091980229211,4.375,2,305.85720233517986,4,70,6,0,0,2
CNP0531667.1,-10.1,1.1526274480737562,5.382978723404255,9,1872.0918692038435,3,253,18,1,0,10
CNP0531701.1,-7.3,2.105409174257945,4.521739130434782,0,507.2033159778497,5,104,6,4,0,8
CNP0531773.2,-6.639,4.312460525025461,3.090909090909091,0,839.23917328793,1,170,0,0,0,6
CNP0531826.2,-6.4,4.199783532471759,3.086206896551724,0,885.0943483394005,1,179,0,0,0,6
CNP0531830.1,-6.3,3.436094427438452,3.074074074074074,0,767.1707726417352,2,166,0,1,0,5
CNP0531849.1,-9.2,1.471829485558182,4.5,0,863.8988243984631,2,126,6,1,0,11
CNP0531883.0,-6.5,4.259101391671868,3.041095890410959,0,1585.7780103466976,0,222,0,0,0,6
CNP0531900.0,-10.6,1.2745720753930527,6.157894736842105,7,1058.8530563999657,13,234,7,1,5,8
CNP0531959.1,-9.0,1.3601682168807052,4.518518518518518,2,737.8586076875966,5,122,6,6,0,11
CNP0531992.2,-5.3,4.264414392321254,3.0657894736842106,0,1166.963455543257,1,233,0,0,0,6
CNP0532006.1,-6.0,4.303004258424164,3.107142857142857,0,856.48566617755,2,174,0,0,0,6
CNP0532006.2,-5.8,4.303004258424164,3.107142857142857,0,856.48566617755,2,174,0,0,0,6
CNP0532177.1,-8.8,2.654763021374007,4.0,0,2236.5438456592365,11,300,25,11,0,22
CNP0532225.2,-6.1,4.265954376618989,3.0434782608695654,0,1158.090328044891,1,210,0,0,0,6
CNP0532253.4,-11.9,1.1159182804612406,5.333333333333333,5,1451.0095369488358,6,224,6,2,1,9
CNP0532257.1,-7.4,2.2967144248777585,3.888888888888889,0,420.70718128111656,1,70,5,3,0,5
CNP0532264.1,-10.3,1.4565146508911595,5.574468085106383,4,1504.0944656767172,11,262,7,4,4,13
CNP0532354.2,-6.2,4.019881055116267,3.088888888888889,0,676.4423894096617,1,139,0,0,0,6
CNP0532466.1,-6.8,4.273627733241769,3.044776119402985,0,1169.6767805043498,1,204,0,0,0,6
CNP0532549.1,-7.6,1.853323644982832,6.0,4,418.9719958266833,6,114,6,0,1,3
CNP0532626.1,-6.2,4.278113090720365,3.1666666666666665,0,938.0382570055438,2,171,0,0,0,10
CNP0532641.1,-6.4,4.25576760467651,3.044776119402985,0,1169.6767805043498,1,204,0,0,0,6
CNP0532653.0,-8.1,1.650955164653768,5.473684210526316,4,785.8942160108376,0,104,6,1,1,3
CNP0532666.1,-8.8,2.096054460465066,4.121212121212121,2,1856.4709314309728,9,272,6,17,1,29
CNP0532670.1,-6.2,4.086332102931097,3.086206896551724,0,885.0943483394005,1,179,0,0,0,6
CNP0532816.1,-9.8,1.3011994010908916,4.542857142857143,2,1106.612585005455,4,159,6,7,0,10
CNP0532890.2,-10.2,1.2287085735344592,5.0181818181818185,2,1804.9760664757528,15,276,6,15,0,22
CNP0532911.1,-9.6,1.0688686961322251,5.830508474576271,6,1804.2376502945149,21,344,6,8,6,17
CNP0532926.1,-8.9,2.048673826930069,4.090909090909091,2,1856.4709314309728,9,270,6,17,1,29
CNP0532937.1,-8.7,1.4796770852118175,5.542857142857143,5,1400.0760414678512,4,194,6,1,1,7
CNP0532956.0,-5.0,2.490621414755494,4.090909090909091,0,125.2988603028468,2,45,5,0,1,3
CNP0532972.1,-10.6,0.8738813361169046,4.978260869565218,9,3820.111937915368,13,458,25,9,1,13
CNP0533086.1,-6.1,5.252162376634006,3.2,0,2226.7408645294126,5,320,0,3,0,19
CNP0533094.1,-6.1,4.271900465524695,3.056338028169014,0,1073.9249082372455,1,217,0,0,0,6
CNP0533174.2,-6.3,4.315216139168528,3.142857142857143,0,646.7998251881704,2,132,0,0,0,6
CNP0533175.2,-4.6,4.265686849048957,3.101449275362319,0,1060.048306090237,3,214,0,0,0,6
CNP0533278.1,-7.9,3.657410114282669,3.981818181818182,0,1442.3433500874178,9,219,24,8,0,17
CNP0533345.2,-5.7,4.24821706383055,3.044117647058824,0,1013.2748851686924,1,207,0,0,0,6
CNP0533369.2,-5.9,4.214838862055931,3.055555555555556,0,798.0837657715838,1,165,0,0,0,6
CNP0533377.1,-9.2,1.7382407542109166,4.551020408163265,0,1571.2627395475909,12,223,6,11,1,29
CNP0533481.1,-8.9,1.1433197306170553,4.824561403508772,2,2271.656234368874,7,275,6,7,2,15
CNP0533504.5,-8.9,1.6478796655987449,5.051282051282051,4,995.5635720518184,9,197,6,0,3,8
CNP0533557.2,-9.3,1.363940579729512,4.9523809523809526,2,1380.198118257728,10,208,6,10,0,15
CNP0533593.1,-11.3,0.930886470673578,4.983870967741935,8,2499.5393474218336,4,309,18,5,1,10
CNP0533892.2,-11.0,1.3716376515619972,4.945945945945946,2,1462.9929321395566,3,183,6,2,0,10
CNP0534063.1,-6.9,4.263826239358643,3.0422535211267605,0,1593.9721222830512,1,216,0,0,0,6
CNP0534133.2,-9.0,1.3968714206856458,4.4,0,927.8389315868264,1,132,6,1,0,8
CNP0534163.2,-10.2,1.2309962976130984,5.15,3,1341.75584508465,5,206,6,2,1,9
CNP0534228.0,-7.8,2.016857967621625,4.416666666666667,0,577.9581943980016,4,106,6,2,0,6
CNP0534291.0,-8.6,1.4176654322038005,4.4,0,853.3876429162185,0,110,6,1,0,5
CNP0534365.1,-9.297,1.1364435059518516,5.661538461538462,7,2311.954725027899,17,368,13,4,5,14
CNP0534466.1,-6.2,4.1802501845039215,3.067796610169492,0,887.2504717858372,1,181,0,0,0,6
CNP0534466.2,-4.4,4.1802501845039215,3.067796610169492,0,887.2504717858372,1,181,0,0,0,6
CNP0534493.2,-4.3,4.13629418071016,3.0923076923076924,0,995.3909390726844,2,201,0,0,0,6
CNP0534618.2,-6.2,4.196628826236772,3.090909090909091,0,828.2001783992258,2,170,0,0,0,6
CNP0534647.2,-6.7,4.289965904169309,3.074074074074074,0,811.0359738332005,1,166,0,0,0,6
CNP0534654.1,-6.2,4.174459361301293,3.0526315789473686,0,843.5662097725631,1,174,0,0,0,6
CNP0534654.2,-6.8,4.174459361301293,3.0526315789473686,0,843.5662097725631,1,174,0,0,0,6
CNP0534684.2,-6.278,4.227614084098232,3.05,0,889.403826585022,1,183,0,0,0,6
CNP0534773.1,-7.4,1.7792536012324798,5.5,4,410.8128976169507,5,99,6,1,2,2
CNP0534840.1,-8.5,1.7455123501642182,4.142857142857143,2,990.7759785030356,2,145,6,1,1,7
CNP0534857.1,-4.95,4.255783105383337,3.081967213114754,0,931.2895164562372,1,188,0,0,0,6
CNP0535050.1,-9.015,1.0310645725808685,5.157894736842105,10,2843.740599904081,14,392,12,6,3,12
CNP0535118.1,-9.5,1.5342434366451652,4.821428571428571,3,1179.2250083768752,1,135,6,2,0,7
CNP0535164.1,-8.4,1.5490150241767726,5.108695652173913,2,1602.5123621379237,10,235,6,10,0,17
CNP0535228.0,-5.4,4.204181559831069,3.1320754716981134,0,899.5144906093245,2,166,0,1,0,10
CNP0535232.1,-9.3,1.471829485558182,4.5,0,822.5141227596112,2,126,6,1,0,11
CNP0535233.0,-8.2,1.4553632959307594,4.791666666666667,5,1913.0999295902072,0,230,16,0,0,10
CNP0535294.2,-5.7,4.2798837825801685,3.074626865671642,0,1024.6517183469848,1,206,0,0,0,6
CNP0535335.1,-8.5,1.600662930632333,5.961538461538462,5,778.7648493918123,5,155,6,2,1,5
CNP0535354.2,-8.6,1.9001249594838163,5.076923076923077,3,631.0291484249586,7,132,12,2,1,8
CNP0535451.1,-9.646,1.4231544536871374,7.037037037037037,9,1058.0226650567115,7,190,6,1,3,7
CNP0535582.0,-6.9,1.5526641646461374,3.9444444444444446,0,490.70507651656015,0,71,6,1,0,2
CNP0535584.1,-10.0,1.3232115848111985,5.03125,4,750.7553078025761,9,161,6,1,2,5
CNP0535608.1,-8.7,1.895503221743622,5.971428571428572,4,1069.176810347889,8,209,6,2,5,7
CNP0535781.1,-8.5,1.559566647436991,5.24,4,721.0965013098105,3,131,6,1,2,4
CNP0535804.1,-10.8,0.8508960274263093,6.171428571428572,13,2653.9366770740494,14,432,7,9,7,15
CNP0535806.1,-9.335,1.416690816750193,4.639344262295082,2,1757.9978866282838,10,283,6,11,2,19
CNP0535827.1,-10.4,1.2072905583508289,5.256410256410256,3,1143.3834308578507,8,205,6,2,1,8
CNP0535860.0,-8.139,1.8870748312596564,5.1875,3,557.3892566960562,1,83,7,2,0,4
CNP0535866.1,-5.65,4.295256503689865,3.083333333333333,0,904.6089358230496,2,185,0,0,0,6
CNP0535914.2,-9.3,1.3513895255057884,5.138888888888889,3,1057.375671933884,7,185,6,2,1,8
CNP0535915.1,-9.9,1.1371202379258425,4.655172413793103,2,1087.3361020667585,1,135,6,1,0,7
CNP0535918.0,-8.7,1.4044818712932092,4.904761904761905,2,662.7193523728263,0,103,6,0,1,7
CNP0535995.2,-7.4,1.9155788140580976,5.764705882352941,4,395.7260003888405,5,98,6,1,1,2
CNP0536023.1,-6.503,4.2205127793422825,3.1041666666666665,0,722.917964746603,2,149,0,0,0,6
CNP0536023.2,-6.352,4.2205127793422825,3.1041666666666665,0,722.917964746603,2,149,0,0,0,6
CNP0536104.1,-6.1,4.114800764655726,3.08,0,750.7883857523404,1,154,0,0,0,6
CNP0536134.1,-9.6,1.4348680660569546,6.083333333333333,6,1511.0736413566842,4,219,6,2,2,6
CNP0536191.1,-6.3,3.627109218207192,3.09375,0,447.32766134583255,1,99,0,1,0,5
CNP0536195.1,-8.1,1.9820949826086112,4.588235294117647,0,465.5197271203362,3,78,6,3,0,6
CNP0536249.1,-9.6,1.239659304111125,4.807692307692308,2,992.9931531757384,1,125,6,1,0,8
CNP0536258.1,-8.579,0.8082649111713829,5.217391304347826,13,3876.8060219124113,8,480,18,7,2,13
CNP0536286.1,-9.8,1.3882781223341978,5.789473684210527,5,1198.5499275570908,9,220,7,1,4,8
CNP0536357.1,-9.9,1.459334003044393,5.285714285714286,4,619.7518254928543,8,148,6,0,2,1
CNP0536390.1,-7.2,2.7647429559039542,3.955555555555556,0,2810.8085197750806,13,356,25,15,0,30
CNP0536396.0,-8.6,1.5344355783900827,5.315789473684211,4,433.8615114122896,4,101,6,1,0,4
CNP0536399.1,-10.5,1.3937579561770057,4.794871794871795,2,1297.2653267761232,6,187,6,9,0,15
CNP0536588.1,-5.3,4.26932134585974,3.111111111111111,0,837.0708964879309,1,168,0,0,0,6
CNP0536588.2,-6.7,4.26932134585974,3.111111111111111,0,837.0708964879309,1,168,0,0,0,6
CNP0536607.1,-6.2,4.274992247319642,3.047619047619047,0,1149.2646800807966,1,192,0,0,0,6
CNP0536617.0,-6.6,2.088475326280298,4.545454545454546,0,718.3549890696817,0,100,6,0,0,8
CNP0536656.4,-8.3,1.5697347825984953,4.766666666666667,2,894.612293002848,2,143,6,1,0,6
CNP0536688.0,-9.2,1.62404677283024,4.833333333333333,0,669.0082963034082,12,145,6,7,1,12
CNP0536692.1,-4.8,3.060820561162787,2.6666666666666665,0,122.12640240679956,1,24,0,1,0,4
CNP0536694.1,-8.6,1.6481107081499258,5.307692307692308,4,1109.0157628604773,2,138,6,1,0,5
CNP0537030.1,-6.9,4.264090035556873,3.041095890410959,0,1673.7780103466969,1,222,0,0,0,6
CNP0537041.0,-6.33,2.022615057071648,5.0,2,309.1972525729723,2,70,6,0,1,1
CNP0537058.1,-6.1,4.224197266766545,3.047619047619047,0,1105.9016671775378,1,192,0,0,0,6
CNP0537175.2,-4.658,4.265736209371563,3.0526315789473686,0,843.566209772563,1,174,0,0,0,6
CNP0537262.1,-9.447,1.3611461793527166,4.566666666666666,0,851.7844752072524,3,137,6,1,0,6
CNP0537296.1,-9.1,1.614441146637091,5.121212121212121,2,1263.447860193637,5,169,6,6,0,10
CNP0537488.1,-8.5,2.067688948797397,3.9069767441860463,2,1215.0943700020491,5,168,21,4,0,9
CNP0537558.1,-5.8,4.138743733764111,3.083333333333333,0,720.9179647466029,1,148,0,0,0,6
CNP0537643.1,-6.2,4.230583592667266,3.101694915254237,0,913.7007664126548,1,183,0,0,0,6
CNP0537647.1,-6.9,1.9925464420021588,4.714285714285714,2,353.1915206362239,1,66,6,1,0,7
CNP0537650.0,-7.017,2.5651228647037567,4.0588235294117645,0,406.8483057779778,0,69,6,3,0,6
CNP0537659.1,-6.1,4.198924066276881,3.0816326530612246,0,735.8315780878,1,151,0,0,0,6
CNP0537744.1,-10.0,1.2738755558098234,5.4324324324324325,4,1439.5107496594158,4,201,6,3,1,8
CNP0537785.1,-8.1,1.3995897536841169,4.173469387755102,0,3295.47986039463,11,409,6,16,0,36
CNP0537800.0,-10.0,1.1097366613035649,5.586206896551724,5,1004.651075539606,1,162,6,0,1,7
CNP0537818.1,-8.285,1.6016671616689109,5.047619047619048,2,563.9085775188095,3,106,6,1,1,4
CNP0537825.0,-7.619,2.0253962790148736,4.388888888888889,2,629.671360659672,0,79,6,1,0,3
CNP0537922.0,-6.9,2.406985426689567,3.941176470588236,0,332.95754328827496,2,67,4,5,0,8
CNP0537947.1,-10.3,0.9680870468174426,4.776315789473684,6,3449.081809693881,6,363,26,9,0,28
CNP0538001.1,-5.0,4.260834701548806,3.0434782608695654,0,1514.770222838704,1,210,0,0,0,6
CNP0538017.1,-6.7,4.328218696840493,3.1481481481481484,0,841.0708964879309,3,170,0,0,0,6
CNP0538022.1,-7.8,1.1612375941208395,4.8474576271186445,6,2547.619791876259,1,286,16,2,0,9
CNP0538077.1,-7.3,1.9046883022246703,4.764705882352941,2,315.37373436280103,4,81,6,1,2,2
CNP0538132.2,-5.8,4.204989396260399,3.0793650793650795,0,962.269111412202,1,194,0,0,0,6
CNP0538136.2,-6.446,4.24639239134597,3.1607142857142856,0,1097.214709795686,2,177,0,0,0,10
CNP0538206.0,-6.6,2.2970946753122563,3.625,0,362.9981327840821,0,58,6,1,0,2
CNP0538239.1,-6.6,4.222398722640647,3.1166666666666667,0,931.1388337284412,2,187,0,0,0,6
CNP0538239.2,-5.8,4.222398722640647,3.1166666666666667,0,931.1388337284412,2,187,0,0,0,6
CNP0538273.1,-9.9,0.8061624002956471,5.414634146341464,11,3234.0894459813744,19,444,11,9,2,13
CNP0538311.1,-9.9,1.1755274952723904,6.0,7,1347.2569215354656,9,228,6,1,1,8
CNP0538319.1,-5.8,4.285047137117927,3.076923076923077,0,993.3909390726848,1,200,0,0,0,6
CNP0538362.1,-9.625,0.8987168604474612,5.410526315789474,15,4157.579814214414,15,514,15,7,1,16
CNP0538369.1,-9.7,1.3634981696433024,4.372093023255814,0,1335.9021895981728,3,188,6,5,0,9
CNP0538398.1,-5.6,4.174282406273746,3.086206896551724,0,885.0943483394005,1,179,0,0,0,6
CNP0538506.1,-9.5,1.3892238470474398,4.795454545454546,3,1447.5023683244528,6,211,18,3,3,16
CNP0538508.1,-8.219,1.3744840913927714,4.941176470588236,3,1095.5012297576166,5,168,6,2,2,12
CNP0538539.2,-12.2,1.2995159426608247,5.580645161290323,4,962.7420064447274,7,173,6,0,2,3
CNP0538554.0,-9.2,1.44704580914213,5.382352941176471,3,1225.4929526696287,1,183,6,0,1,10
CNP0538572.1,-6.6,4.30277457236419,3.107142857142857,0,856.48566617755,2,174,0,0,0,6
CNP0538572.2,-6.0,4.30277457236419,3.107142857142857,0,856.48566617755,2,174,0,0,0,6
CNP0538611.1,-6.1,4.317295658448971,3.111111111111111,0,826.0319015992267,2,168,0,0,0,6
CNP0538670.1,-7.5,3.433586759295624,3.1538461538461537,0,771.7627092086423,2,123,0,1,0,9
CNP0538725.2,-6.9,4.247689154614,3.065573770491804,0,918.0048039396356,1,187,0,0,0,6
CNP0538733.2,-6.371,2.540529132905887,4.0,0,368.4400629123248,1,60,6,1,0,5
CNP0538792.1,-8.0,1.759875817057444,5.4,4,1419.6164901680695,10,243,7,3,4,12
CNP0538818.1,-5.954,2.410755675919025,3.7857142857142856,0,308.76064070549506,1,53,5,2,0,5
CNP0538994.1,-7.9,1.910707855532835,4.521739130434782,2,786.7871389423733,2,104,6,3,0,9
CNP0539017.1,-6.7,4.2410452562249725,3.0847457627118646,0,889.2504717858372,2,182,0,0,0,6
CNP0539134.1,-6.6,4.27362773324177,3.044776119402985,0,1436.1989236323172,1,204,0,0,0,6
CNP0539209.1,-8.5,1.454230968395868,5.208333333333333,3,609.877002328623,1,125,6,0,1,7
CNP0539520.1,-7.981,1.387485426687903,4.541666666666667,4,1609.5821088752934,7,218,6,5,0,10
CNP0539530.1,-8.5,1.7113842792853011,5.04,3,568.2616259620853,6,126,6,4,2,6
CNP0539539.1,-6.7,3.363978479467672,3.0,0,696.4503782915942,1,129,0,1,0,5
CNP0539638.1,-6.592,4.264611349089597,3.070175438596491,0,856.6476383979044,1,175,0,0,0,6
CNP0539641.0,-8.1,1.8462649903767103,4.095238095238095,0,532.2166589266449,2,86,6,0,0,1
CNP0539642.3,-8.7,1.5661433465375123,4.826086956521739,2,530.8055238275556,3,111,6,1,0,4
CNP0539642.5,-8.4,1.5661433465375123,4.826086956521739,2,530.8055238275556,3,111,6,1,0,4
CNP0539687.1,-9.856,0.9939422691507672,5.3108108108108105,12,3048.200527217619,10,393,15,5,1,14
CNP0539754.1,-7.2,4.263826239358642,3.0422535211267605,0,1411.9874990010546,1,216,0,0,0,6
CNP0539786.1,-11.3,0.8355879844515451,5.679012345679013,12,2886.6042868708337,18,460,19,3,3,10
CNP0539794.1,-9.8,1.50994815377958,4.655172413793103,5,2055.6707189979948,7,270,18,5,0,17
CNP0539808.1,-8.8,2.097667983372557,4.371428571428571,0,833.8365788808342,8,153,6,9,1,15
CNP0539809.1,-7.3,2.683595503764466,4.176470588235294,0,276.06955345339094,4,71,6,5,0,5
CNP0539828.2,-6.7,4.296173171790173,3.083333333333333,0,915.8541212118396,1,185,0,0,0,6
CNP0539834.2,-5.4,4.273431311115499,3.0588235294117645,0,1026.786022138687,1,208,0,0,0,6
CNP0539856.2,-9.1,1.8272965991350223,4.454545454545454,2,1129.8223515992922,1,147,6,0,0,10
CNP0539868.1,-6.405,4.221682179463769,3.0454545454545454,0,1067.2633467404091,1,201,0,0,0,6
CNP0539896.1,-5.7,3.3526567738881936,3.08,0,709.6016595041611,3,154,0,1,0,5
CNP0539957.1,-5.8,4.054720697274568,3.090909090909091,0,1011.0041593488024,2,204,0,0,0,6
CNP0539957.2,-4.3,4.054720697274568,3.090909090909091,0,1011.0041593488024,2,204,0,0,0,6
CNP0540023.1,-8.377,1.7012121244921312,4.56,0,470.0445508933205,2,114,6,1,0,6
CNP0540057.3,-7.7,2.940884179764728,4.153846153846154,0,441.8856243189728,9,108,6,9,0,12
CNP0540075.2,-5.2,4.168827181333231,3.071428571428572,0,841.4042375522087,1,172,0,0,0,6
CNP0540105.1,-4.9,4.193102861013906,3.0434782608695654,0,1114.727315141632,1,210,0,0,0,6
CNP0540121.1,-6.341,4.175072044883942,3.121212121212121,0,1026.515296318797,3,206,0,0,0,6
CNP0540121.2,-5.87,4.175072044883942,3.121212121212121,0,1026.515296318797,3,206,0,0,0,6
CNP0540168.2,-5.8,4.139751675258051,3.085714285714286,0,1073.79658178541,2,216,0,0,0,6
CNP0540231.1,-7.7,1.36379665188429,4.266666666666667,0,630.4025486422557,5,128,6,4,0,7
CNP0540238.1,-7.0,3.515359477585838,3.097560975609756,0,576.3183106404538,2,127,0,1,0,5
CNP0540299.2,-4.8,2.835406156085415,2.6153846153846154,0,155.69369137477665,1,34,0,0,0,4
CNP0540351.1,-9.1,3.1422565987624043,3.806451612903226,0,1511.6916931021308,9,236,19,12,0,21
CNP0540378.0,-6.2,4.262884957042699,3.04,0,1625.6095104306917,0,228,0,0,0,6
CNP0540422.1,-6.93,4.056184425795666,3.083333333333333,0,915.8541212118396,1,185,0,0,0,6
CNP0540422.2,-6.462,4.056184425795666,3.083333333333333,0,915.8541212118396,1,185,0,0,0,6
CNP0540460.0,-7.8,1.6635114762031011,5.260869565217392,4,769.6954216236304,1,121,6,1,0,4
CNP0540468.1,-8.2,1.7128449998642783,5.482758620689655,3,734.6724239769477,7,159,6,2,4,7
CNP0540469.1,-6.765,4.325726681049369,3.135593220338983,0,917.7007664126548,3,185,0,0,0,6
CNP0540506.1,-8.8,1.8051571606276584,4.358974358974359,2,1420.815651407038,4,170,6,4,0,11
CNP0540538.1,-6.1,4.283469788413758,3.0491803278688523,0,904.7596185508456,1,186,0,0,0,6
CNP0540577.2,-11.7,1.036429987640875,5.214285714285714,3,1348.9921569838218,5,219,6,2,1,8
CNP0540580.3,-8.6,1.4400330942633683,5.651162790697675,5,1629.3462303854194,4,243,6,0,1,14
CNP0540580.6,-8.9,1.4400330942633683,5.651162790697675,5,1629.3462303854194,4,243,6,0,1,14
CNP0540580.8,-8.7,1.4400330942633683,5.651162790697675,5,1629.3462303854194,4,243,6,0,1,14
CNP0540604.1,-6.1,4.273627733241769,3.044776119402985,0,1126.2153914426858,1,204,0,0,0,6
CNP0540668.1,-5.0,4.161863870775658,3.015151515151515,0,1048.18392256925,1,199,0,0,0,5
CNP0540708.1,-8.9,1.8500570201338835,4.857142857142857,2,964.9731475006574,5,136,6,5,0,10
CNP0540746.1,-6.4,4.274992247319643,3.047619047619047,0,1149.2646800807966,1,192,0,0,0,6
CNP0540784.3,-6.9,2.018279024265929,4.470588235294118,2,304.5339056067874,2,76,6,0,2,2
CNP0540794.1,-6.4,3.362403865890294,3.0,0,711.301535682999,1,132,0,1,0,5
CNP0540923.1,-6.7,3.514313942032454,3.051282051282051,0,533.6786615163772,1,119,0,1,0,5
CNP0541020.8,-9.9,0.9505702395826748,4.781818181818182,4,1727.6462617414495,8,263,6,5,3,15
CNP0541173.2,-5.0,2.1787670927496565,5.555555555555555,3,121.01955000865388,4,50,5,0,0,3
CNP0541221.1,-6.6,4.257466395045703,3.0422535211267605,0,1411.9874990010546,1,216,0,0,0,6
CNP0541289.1,-10.5,1.58625451314116,4.384615384615385,3,661.701533424529,2,114,10,2,0,6
CNP0541306.0,-9.85,1.2655089026270598,5.083333333333333,5,1065.5752068666932,0,122,16,0,0,4
CNP0541400.0,-9.9,1.2889945114790338,5.579710144927536,10,3296.107692340356,5,385,11,16,0,27
CNP0541458.2,-5.6,4.2626095085743865,3.0754716981132075,0,795.9121487523727,1,163,0,0,0,6
CNP0541468.1,-6.2,3.5029100498944894,3.024390243902439,0,550.0890917322126,1,124,0,1,0,5
CNP0541797.0,-6.5,3.338808118541216,3.0,0,624.3992412942448,0,150,0,1,0,5
CNP0541840.2,-6.6,4.137935858162379,3.0961538461538463,0,793.7370560540863,1,161,0,0,0,6
CNP0541871.2,-6.1,4.160556128186032,3.060606060606061,0,995.5295472793304,1,202,0,0,0,6
CNP0541894.1,-9.1,1.3162111900659017,4.655172413793103,2,1977.072809866326,10,270,6,10,0,23
CNP0541904.0,-8.6,1.826785211544412,5.368421052631579,2,628.4620630581046,4,102,6,3,1,7
CNP0541920.0,-6.9,1.5969408647578602,3.734375,0,1607.6147011608552,2,239,5,1,0,12
CNP0541945.2,-6.7,3.3901062201246965,3.1515151515151514,0,484.0078200901875,2,104,0,1,0,8
CNP0541954.1,-5.9,4.189895002541416,3.0625,0,964.4123093216984,1,196,0,0,0,6
CNP0541954.2,-5.8,4.189895002541416,3.0625,0,964.4123093216984,1,196,0,0,0,6
CNP0541970.0,-10.44,1.283560425329796,4.617647058823529,2,1409.8558743469346,0,157,6,1,0,9
CNP0542013.1,-9.4,1.3820171027642878,5.4,4,1375.344163526058,5,189,6,3,1,8
CNP0542039.0,-7.1,1.4711629812269489,3.7777777777777777,0,503.1000784462864,0,68,6,2,0,4
CNP0542064.1,-8.9,1.73359336898298,5.0,2,598.4763012459651,4,100,6,4,0,6
CNP0542152.2,-9.1,1.4885328719290742,6.25,6,950.1541642587704,10,200,7,2,2,12
CNP0542167.1,-7.4,1.0789072013461238,4.734375,6,2328.5269762163257,5,303,16,0,0,9
CNP0542288.2,-7.8,1.4915879396406344,4.523809523809524,0,687.9148602299838,1,95,6,2,0,4
CNP0542305.1,-7.111,1.863374257868351,4.5,2,460.02172612595,1,63,5,3,0,5
CNP0542323.0,-8.2,1.5138390048286203,4.346153846153846,2,844.2589339016009,0,113,6,1,0,5
CNP0542355.0,-9.8,1.3486369565836187,5.172413793103448,4,1097.5513742857734,0,150,6,0,1,4
CNP0542374.1,-5.9,4.1564058550835705,3.0142857142857142,0,983.0713901318755,1,211,0,0,0,5
CNP0542404.0,-7.951,1.668225035591052,4.823529411764706,3,663.0701497768448,0,82,6,2,0,6
CNP0542440.2,-9.0,1.6441567430935362,4.6,2,998.0112236695072,3,138,6,0,1,5
CNP0542445.0,-9.6,1.4207369682273367,4.5,3,923.0007967550216,2,135,13,2,0,5
CNP0542484.0,-8.8,1.85856766228336,4.090909090909091,2,997.5457178843276,3,135,6,7,0,11
CNP0542556.0,-9.9,1.38700732666483,4.620253164556962,6,3004.4600520809986,11,365,17,4,0,26
CNP0542590.1,-10.3,1.2736073262786989,4.476923076923077,3,2215.365541397738,10,291,12,8,0,12
CNP0542679.2,-6.7,4.282959888984228,3.07843137254902,0,765.7877984623739,1,157,0,0,0,6
CNP0542694.1,-6.154,4.213194127342554,3.0491803278688523,0,904.7596185508456,1,186,0,0,0,6
CNP0542704.1,-5.8,4.156171708652424,3.066666666666667,0,902.6089358230496,1,184,0,0,0,6
CNP0542761.1,-11.6,0.7981925432892704,5.7,13,2810.343140168315,17,456,19,3,3,10
CNP0542812.2,-6.0,4.26742719257402,3.0847457627118646,0,889.2504717858372,2,182,0,0,0,6
CNP0542849.1,-6.384,4.259600848465403,3.038961038961039,0,1420.7198795117467,1,234,0,0,0,6
CNP0542866.1,-7.194,4.16663279091906,3.016949152542373,0,981.2251204635954,1,178,0,0,0,5
CNP0542882.1,-9.1,1.6014275333214625,5.7,4,642.0611161774707,3,114,6,3,1,6
CNP0542914.1,-9.1,0.8836702493416737,5.161290322580645,10,2599.3488196216945,5,320,18,4,1,9
CNP0542953.1,-10.91,0.9014984037193664,5.091954022988506,4,3427.476436538392,21,443,6,18,0,31
CNP0542962.2,-9.4,2.771290071962253,3.642857142857143,0,854.8284857351806,7,153,28,4,0,8
CNP0542992.1,-6.6,4.2055596157503645,3.078125,0,977.812454545288,1,197,0,0,0,6
CNP0542992.2,-6.8,4.2055596157503645,3.078125,0,977.812454545288,1,197,0,0,0,6
CNP0543092.1,-6.0,4.238069337360067,3.047619047619047,0,1236.8566949516585,1,192,0,0,0,6
CNP0543113.1,-11.0,0.9026329348113598,4.879518072289157,6,3704.421651733077,5,405,21,4,1,13
CNP0543123.1,-7.177,4.31089956918818,3.0961538461538463,0,782.8292403603876,2,161,0,0,0,6
CNP0543157.1,-6.201,4.150475018073077,3.013888888888889,0,1230.4596879841354,1,217,0,0,0,5
CNP0543227.1,-8.625,1.0430796993451397,4.837837837837838,7,3033.0472633037048,7,358,16,4,1,12
CNP0543281.2,-6.6,4.172805585186262,3.1166666666666667,0,931.1388337284412,2,187,0,0,0,6
CNP0543284.1,-5.9,4.231590795936471,3.083333333333333,0,915.8541212118396,1,185,0,0,0,6
CNP0543377.1,-6.5,4.272531538344229,3.0434782608695654,0,1289.8929067794525,1,210,0,0,0,6
CNP0543390.1,-8.092,1.197788314035465,4.777777777777778,2,1616.4529068367806,6,215,6,5,0,11
CNP0543391.1,-6.1,4.208037864855783,3.044776119402985,0,1169.6767805043498,1,204,0,0,0,6
CNP0543457.1,-8.7,1.6993924157867957,5.888888888888889,5,1126.448710644952,9,212,6,2,3,10
CNP0543461.1,-11.1,1.2537625707858195,4.976744186046512,3,1571.056360698126,3,214,6,5,3,8
CNP0543472.1,-6.6,4.247998772794033,3.0847457627118646,0,889.2504717858372,2,182,0,0,0,6
CNP0543472.2,-7.4,4.247998772794033,3.0847457627118646,0,889.2504717858372,2,182,0,0,0,6
CNP0543482.2,-5.9,4.234423029974321,3.0727272727272728,0,826.2001783992259,1,169,0,0,0,6
CNP0543504.1,-5.462,4.277338529446396,3.0793650793650795,0,962.269111412202,1,194,0,0,0,6
CNP0543634.1,-6.148,4.271480346473114,3.114754098360656,0,946.6132219175344,2,190,0,0,0,6
CNP0543658.1,-7.1,4.239641917543288,3.1044776119402986,0,1040.1989236323163,2,208,0,0,0,6
CNP0543658.2,-6.2,4.239641917543288,3.1044776119402986,0,1040.1989236323163,2,208,0,0,0,6
CNP0543659.1,-8.6,1.773032183142293,5.555555555555555,4,985.9235533218516,9,200,6,3,5,6
CNP0543685.2,-5.0,4.270980614073779,3.060606060606061,0,995.5295472793304,1,202,0,0,0,6
CNP0543754.1,-7.0,4.267655025775425,3.044776119402985,0,1481.5035454947315,1,204,0,0,0,6
CNP0543797.1,-8.0,1.9652405417928664,4.862068965517241,3,823.050191366697,2,141,7,1,2,5
CNP0543945.1,-7.7,1.3483500288477104,4.3,2,623.5694735604798,6,129,6,3,0,7
CNP0543962.1,-6.2,4.14547962559881,3.0943396226415096,0,797.9121487523726,2,164,0,0,0,6
CNP0543962.2,-6.8,4.14547962559881,3.0943396226415096,0,797.9121487523726,2,164,0,0,0,6
CNP0543964.2,-5.7,4.078635707777548,3.0576923076923075,0,767.9665107213771,1,159,0,0,0,6
CNP0544053.1,-7.0,4.275398700292689,3.092592592592593,0,824.0319015992267,1,167,0,0,0,6
CNP0544125.1,-8.5,1.777965184354499,4.32051282051282,4,2279.589057010229,13,337,28,15,0,30
CNP0544129.0,-9.2,1.0230226358582477,4.886792452830188,6,2419.3093503229743,0,259,6,2,2,10
CNP0544141.1,-6.2,4.094346869896555,3.0491803278688523,0,904.7596185508456,1,186,0,0,0,6
CNP0544245.1,-6.7,4.242353373124154,3.0422535211267605,0,1190.0869871498185,1,216,0,0,0,6
CNP0544320.1,-8.4,1.5953549052637068,4.5,2,2664.4543865728488,8,333,21,6,1,20
CNP0544330.2,-5.1,4.134983391916531,3.096774193548387,0,948.7613241788148,2,192,0,0,0,6
CNP0544397.1,-6.4,4.259101391671868,3.041095890410959,0,1535.818365262804,1,222,0,0,0,6
CNP0544478.2,-5.9,4.226805544737447,3.086206896551724,0,885.0943483394005,1,179,0,0,0,6
CNP0544481.1,-11.6,1.2821749944841774,5.418604651162791,6,2113.2862265825647,3,233,6,5,1,13
CNP0544520.0,-8.4,2.701377522585632,4.526315789473684,2,1059.507929649939,3,172,6,2,2,6
CNP0544536.1,-11.1,0.8653789928771171,5.56043956043956,13,3621.123341920968,14,506,18,7,5,14
CNP0544664.2,-6.4,4.248273000276533,3.111111111111111,0,977.6692566357916,2,196,0,0,0,6
CNP0544691.1,-6.603,4.163891937012,3.017543859649123,0,825.2981765109585,1,172,0,0,0,5
CNP0544741.1,-12.2,0.8521402373532525,5.773809523809524,14,3081.8488522519806,18,485,19,3,3,12
CNP0544782.1,-6.5,4.243848784304604,3.086206896551724,0,873.9298797420312,2,179,0,0,0,6
CNP0544804.1,-9.2,1.5518572022307704,5.84375,4,1016.8339137928511,7,187,6,1,4,5
CNP0544865.1,-10.7,1.2683491416343606,5.607843137254902,6,1517.0150362269385,14,286,7,8,5,11
CNP0544921.1,-9.9,1.524788756558438,5.387096774193548,4,816.5935831733395,8,167,6,1,2,2
CNP0544921.4,-10.1,1.524788756558438,5.387096774193548,4,816.5935831733395,8,167,6,1,2,2
CNP0544928.2,-6.0,4.267388108678047,3.074626865671642,0,1013.1405813769904,2,206,0,0,0,6
CNP0544990.1,-7.4,2.16085521220446,4.416666666666667,2,586.5645674741165,4,106,7,0,0,5
CNP0545010.1,-6.7,4.283021313139577,3.047619047619047,0,1236.8566949516585,1,192,0,0,0,6
CNP0545011.1,-5.4,4.26915480031372,3.056338028169014,0,1073.9249082372455,1,217,0,0,0,6
CNP0545059.1,-6.1,4.292327662010981,3.066666666666667,0,902.6089358230496,1,184,0,0,0,6
CNP0545063.1,-6.6,4.261778318664363,3.047619047619047,0,1149.2646800807966,1,192,0,0,0,6
CNP0545105.1,-6.9,4.263826239358643,3.0422535211267605,0,1593.9721222830512,1,216,0,0,0,6
CNP0545122.1,-7.8,1.66656079968906,5.527777777777778,5,1089.4574936559925,7,199,10,4,3,9
CNP0545137.1,-8.1,1.8967389341612657,4.862068965517241,3,991.8350418095066,4,141,6,2,0,9
CNP0545162.1,-6.5,4.273621954931166,3.1044776119402986,0,1040.1989236323163,2,208,0,0,0,6
CNP0545198.1,-6.7,4.252171519348385,3.0754716981132075,0,795.9121487523727,1,163,0,0,0,6
CNP0545261.1,-8.6,1.953653647614843,5.842105263157895,3,520.2386158789982,5,111,6,2,2,4
CNP0545312.2,-10.2,1.3766815684770175,4.644444444444445,2,1497.364303436611,7,209,6,8,0,18
CNP0545440.1,-9.7,1.6328041494260244,4.863636363636363,3,1248.553667995869,9,214,12,3,3,12
CNP0545449.1,-6.4,4.190352192289589,3.096774193548387,0,960.123502647858,1,192,0,0,0,6
CNP0545449.2,-6.0,4.190352192289589,3.096774193548387,0,960.123502647858,1,192,0,0,0,6
CNP0545566.2,-7.0,4.242878921270454,3.07843137254902,0,765.7877984623739,1,157,0,0,0,6
CNP0545575.2,-6.115,4.239192335252583,3.114754098360656,0,946.6132219175344,2,190,0,0,0,6
CNP0545757.1,-12.5,1.2463736580104088,4.87719298245614,5,2061.7475421832,6,278,18,2,1,15
CNP0545794.1,-7.1,4.286119359201305,3.136363636363636,0,676.2334323196388,2,138,0,0,0,6
CNP0545800.1,-6.6,4.260834701548806,3.0434782608695654,0,1334.3684968487344,1,210,0,0,0,6
CNP0545806.2,-9.6,1.2743465480441167,5.243902439024391,4,1709.353598985621,4,215,6,4,0,10
CNP0545881.1,-9.9,1.336176866277851,4.532258064516129,4,2063.650824319738,7,281,21,8,0,19
CNP0545946.1,-5.9,4.09591265464488,3.065217391304348,0,678.646412793582,1,141,0,0,0,6
CNP0545966.1,-9.6,0.9921659281475896,5.7215189873417724,12,3659.5120241938216,12,452,11,14,5,23
CNP0546081.1,-9.505,1.2832201243552086,5.878048780487805,7,1136.7570195238636,7,241,13,5,5,8
CNP0546106.1,-6.2,4.194178574427058,3.123076923076923,0,1010.8655511421566,3,203,0,0,0,6
CNP0546158.2,-5.9,4.291569621837963,3.08955223880597,0,1026.6517183469848,2,207,0,0,0,6
CNP0546183.0,-8.9,1.5800735004464934,5.0,3,1068.8315234859108,0,130,7,1,0,7
CNP0546202.1,-5.2,3.376600515177144,2.888888888888889,0,135.77443751081734,2,26,0,4,0,6
CNP0546208.1,-6.3,2.10713992244287,5.25,2,221.87846909439585,3,63,5,1,1,2
CNP0546388.1,-8.5,1.5319280243507634,5.038461538461538,3,880.0955592958943,5,131,6,5,0,7
CNP0546388.4,-8.5,1.5319280243507634,5.038461538461538,3,880.0955592958943,5,131,6,5,0,7
CNP0546574.0,-6.6,1.9687517336553912,4.961538461538462,3,842.0456722418547,2,129,6,0,0,6
CNP0546587.1,-12.5,1.1216921827948998,5.03030303030303,9,1371.331648619504,2,166,14,5,0,10
CNP0546625.1,-8.2,2.2318035600439527,4.823529411764706,2,408.6377569581172,3,82,7,1,1,2
CNP0546729.1,-8.8,1.4806635453766943,5.7,5,693.0391038593391,10,171,6,1,3,7
CNP0546738.0,-9.3,1.960346686676522,4.393939393939394,0,1088.8899645744657,2,145,6,6,1,10
CNP0546750.1,-8.8,1.454571311663561,5.4,5,1345.3770827984097,8,216,6,3,3,9
CNP0546764.1,-9.3,1.6355884886419532,7.0,7,746.6122586942355,10,189,6,4,5,7
CNP0546838.1,-8.7,1.5372788308143284,6.0,5,766.6648264739565,7,162,6,0,3,5
CNP0546898.1,-11.2,1.1708902703283957,5.0625,3,836.9455852163827,2,162,7,1,1,8
CNP0546926.1,-8.6,1.8419183693630747,4.92,3,675.1543529366602,5,123,6,3,0,5
CNP0547019.0,-7.2,2.7777269209803226,4.1875,0,565.7914439741592,0,67,6,1,0,8
CNP0547080.0,-10.0,1.2241869700357737,4.515151515151516,0,1232.3016101812543,0,149,6,4,1,10
CNP0547170.1,-7.6,2.2591388020811047,4.941176470588236,2,361.60833446664753,3,84,7,1,2,2
CNP0547328.1,-8.5,1.8210181392846108,5.238095238095238,3,576.9291275715217,3,110,6,1,2,2
CNP0547490.0,-7.9,1.3350966128563366,4.454545454545454,2,776.7691144940751,0,98,6,2,0,8
CNP0547547.0,-9.38,1.2655089026270598,5.0,5,987.3203193645298,0,120,16,0,0,4
CNP0547567.1,-9.2,1.5525729223431293,4.948717948717949,2,1424.8323295139542,4,193,6,3,0,7
CNP0547663.0,-8.4,1.5544783915473417,4.3090909090909095,2,1948.0762323333167,6,237,23,8,0,15
CNP0547689.1,-10.6,1.1797347521127477,4.78125,3,954.8564421292942,2,153,10,1,0,7
CNP0547695.1,-7.0,4.262713120697775,3.125,0,869.6089135144581,2,175,0,0,0,6
CNP0547718.1,-6.3,4.2483566983429935,3.044776119402985,0,1257.4560233034704,1,204,0,0,0,6
CNP0547720.1,-5.8,4.214617437501177,3.083333333333333,0,1117.112351030622,1,222,0,0,0,6
CNP0547744.1,-7.7,1.766494254764691,4.55,4,1663.521353938631,12,273,24,6,0,17
CNP0547794.0,-6.5,2.146138261069725,3.55,0,368.61245631310527,2,71,6,0,0,1
CNP0547828.0,-8.1,1.6874491059185313,4.0,0,522.9226316891575,0,72,6,2,0,5
CNP0547850.1,-7.6,1.5338718392681925,3.745762711864407,0,1483.3054100930426,2,221,5,2,0,12
CNP0547913.1,-10.4,1.6302646861653955,4.628571428571429,0,1126.023973331538,8,162,6,8,0,15
CNP0547916.2,-4.9,4.257251204645426,3.09375,0,979.812454545288,2,198,0,0,0,6
CNP0547996.3,-10.3,1.1763987930243804,4.685185185185185,2,2256.8450189456826,5,253,6,5,0,14
CNP0547997.1,-6.6,4.2640900355568725,3.041095890410959,0,1444.9751425005527,1,222,0,0,0,6
CNP0548011.1,-8.5,1.8936830648508447,4.771428571428571,3,1470.2219262011388,3,167,6,6,0,18
CNP0548016.1,-6.1,4.28643177344889,3.063492063492064,0,948.906932943159,1,193,0,0,0,6
CNP0548018.0,-10.6,1.1486989783551436,4.90625,3,1459.4686520849507,0,157,6,1,0,6
CNP0548052.0,-8.1,1.6820282720345938,4.529411764705882,2,563.3156906826098,0,77,7,0,0,0
CNP0548073.0,-7.6,1.871723984566154,4.238095238095238,2,682.6582965987857,0,89,6,0,0,3
CNP0548106.0,-8.3,1.5850667290579707,4.5,2,1098.4399688068786,0,126,6,2,0,9
CNP0548109.1,-6.5,4.122425402705114,3.088235294117647,0,1042.3332274240186,2,210,0,0,0,6
CNP0548109.2,-6.7,4.122425402705114,3.088235294117647,0,1042.3332274240186,2,210,0,0,0,6
CNP0548185.2,-6.1,4.266879380442131,3.057971014492753,0,1042.465477800181,1,211,0,0,0,6
CNP0548192.0,-5.8,1.95575992255091,4.333333333333333,0,318.05950344595533,0,52,6,0,0,3
CNP0548212.3,-10.2,1.2135167984955657,5.184210526315789,3,1240.2944420484964,5,197,6,2,1,8
CNP0548255.1,-5.2,4.2875933249264975,3.066666666666667,0,902.6089358230496,1,184,0,0,0,6
CNP0548255.2,-6.2,4.2875933249264975,3.066666666666667,0,902.6089358230496,1,184,0,0,0,6
CNP0548299.0,-6.1,3.273487584236868,2.9615384615384617,0,342.11980585938386,1,77,0,0,0,2
CNP0548346.2,-6.8,4.315936930371876,3.07843137254902,0,765.7877984623739,1,157,0,0,0,6
CNP0548354.0,-9.2,1.4889283311736292,5.1875,4,1516.0534867271056,0,166,6,2,0,7
CNP0548412.1,-7.1,4.272895035001857,3.0508474576271185,0,1042.6249095735377,1,180,0,0,0,6
CNP0548448.1,-6.8,3.359318107457964,3.0,0,602.9636474406738,1,126,0,1,0,5
CNP0548565.2,-6.125,2.326230240432749,3.7857142857142856,0,310.402966410215,1,53,6,1,0,4
CNP0548643.0,-5.2,2.94691201256248,2.769230769230769,0,281.8779256446994,0,72,0,0,0,1
CNP0548664.2,-9.8,1.2753813880650693,4.828571428571428,3,1073.1358720470655,3,169,6,1,2,4
CNP0548852.1,-12.2,0.7786054258298126,5.938775510204081,18,4457.4340870743945,17,582,10,9,6,16
CNP0548873.1,-8.4,1.1350429940583773,4.448979591836735,3,1828.16230684678,2,218,10,4,0,8
CNP0548892.1,-7.1,4.250959905951662,3.0508474576271185,0,1128.8463456963368,1,180,0,0,0,6
CNP0548900.1,-8.4,1.4997988024938151,4.464285714285714,0,800.7524893628924,1,125,6,1,2,4
CNP0548909.1,-8.4,1.0969456620585905,5.946428571428571,6,1944.4979218926533,14,333,6,2,4,13
CNP0548953.1,-8.6,1.593537693718284,5.472222222222222,4,1248.0756995531829,6,197,6,3,2,6
CNP0548984.1,-8.8,1.7330499269588675,4.733333333333333,3,929.1856546928756,5,142,6,1,1,5
CNP0549092.0,-7.9,1.6216474162500605,3.771929824561404,0,1500.8366453666788,3,215,5,3,0,14
CNP0549116.1,-6.2,4.214035248596848,3.1020408163265305,0,748.6019653931004,1,152,0,0,0,6
CNP0549121.1,-6.6,3.399433246351377,3.075,0,561.9841424512746,2,123,0,1,0,5
CNP0549198.1,-6.8,4.216794879869769,3.155172413793104,0,1043.2306231457655,2,183,0,0,0,10
CNP0549275.1,-6.1,4.225207986999936,3.0892857142857144,0,854.48566617755,1,173,0,0,0,6
CNP0549432.2,-6.3,4.224411457078778,3.0892857142857144,0,854.48566617755,1,173,0,0,0,6
CNP0549464.1,-8.4,1.0449098179340204,5.506329113924051,8,2405.360335793813,19,435,7,12,6,15
CNP0549502.0,-5.9,4.27902329402996,3.046153846153846,0,958.8655511421564,0,198,0,0,0,6
CNP0549548.4,-10.6,1.352445762778535,5.555555555555555,4,986.872848918091,8,200,6,2,4,8
CNP0549561.2,-9.3,2.1570754151463065,4.081081081081081,0,1117.7616501112,4,151,6,7,0,12
CNP0549581.1,-9.7,1.4971927340830404,4.965517241379311,2,950.0981751122092,5,144,6,3,0,5
CNP0549613.1,-9.0,1.234955832477706,4.6923076923076925,2,752.5045069520316,3,122,6,2,0,9
CNP0549620.1,-5.5,4.253477023568172,3.044776119402985,0,1346.3179929271923,1,204,0,0,0,6
CNP0549665.1,-6.8,4.447922685818445,3.2,0,994.077071379542,3,176,0,4,0,15
CNP0549875.0,-10.78,1.2912391415959823,4.628571428571429,2,1454.881188149809,0,162,6,1,0,9
CNP0549974.2,-5.957,4.284867601177682,3.0892857142857144,0,854.48566617755,1,173,0,0,0,6
CNP0549980.1,-9.1,1.886423252495404,4.925925925925926,3,713.2604971293617,5,133,12,0,1,7
CNP0550149.1,-6.208,4.222716624836431,3.101694915254237,0,902.455581023865,2,183,0,0,0,6
CNP0550149.2,-6.652,4.222716624836431,3.101694915254237,0,902.455581023865,2,183,0,0,0,6
CNP0550171.1,-10.6,1.2642242638469083,4.317073170731708,0,1158.0612762180838,6,177,13,5,0,10
CNP0550172.3,-8.5,0.7780014191686687,4.767123287671233,3,4520.7254050713245,52,696,32,24,1,50
CNP0550191.1,-5.9,2.6330973722645883,4.25,0,264.2314256438797,1,51,5,1,0,4
CNP0550223.1,-8.6,1.9064521223590127,3.89010989010989,2,2414.5539846564093,14,354,13,17,1,29
CNP0550260.2,-6.1,4.238452489373166,3.084507042253521,0,1089.5776896604873,2,219,0,0,0,6
CNP0550292.2,-6.47,4.228442528691349,3.060606060606061,0,995.5295472793304,1,202,0,0,0,6
CNP0550296.1,-5.8,4.245904996623996,3.125,0,995.2500734207844,3,200,0,0,0,6
CNP0550321.2,-5.9,4.308414433280445,3.0892857142857144,0,843.4042375522085,2,173,0,0,0,6
CNP0550415.1,-8.2,1.940838677878488,4.964285714285714,3,710.9942473928879,7,139,10,2,2,8
CNP0550433.1,-9.5,1.5026091092579108,6.821428571428571,7,798.5758112401713,9,191,6,2,5,7
CNP0550447.2,-7.0,2.115085493766179,4.578947368421052,2,341.0372756989583,5,87,10,2,1,4
CNP0550488.1,-12.5,1.0721458582604886,4.725,2,1494.06391493949,4,189,6,6,0,11
CNP0550515.1,-6.0,3.396030553287406,3.026315789473684,0,519.5142990548355,1,115,0,1,0,5
CNP0550534.2,-6.9,4.24993974461671,3.092592592592593,0,824.0319015992267,1,167,0,0,0,6
CNP0550552.2,-6.3,4.200053723945673,3.0869565217391304,0,1058.048306090237,2,213,0,0,0,6
CNP0550574.1,-7.3,4.240314607675649,3.046153846153846,0,1448.3323757315438,1,198,0,0,0,6
CNP0550662.1,-7.5,1.5430449637004648,3.721311475409836,0,1516.8585818558145,2,227,5,2,0,12
CNP0550665.0,-9.6,1.3548467627670957,4.933333333333334,3,952.403776459661,0,148,6,0,1,7
CNP0550704.1,-11.6,1.1555342213535669,4.676470588235294,3,1137.7289344438068,2,159,10,1,0,7
CNP0550757.1,-5.59,4.246677114143377,3.0526315789473686,0,843.566209772563,1,174,0,0,0,6
CNP0550913.1,-8.4,1.8339733875526376,4.368421052631579,0,479.187588905082,3,83,6,3,0,7
CNP0550929.1,-9.8,1.540490963736042,5.947368421052632,6,1607.2809069705108,4,226,6,1,3,8
CNP0550953.1,-5.4,4.1471010477476,3.096774193548387,0,948.7613241788148,2,192,0,0,0,6
CNP0550953.2,-5.9,4.1471010477476,3.096774193548387,0,948.7613241788148,2,192,0,0,0,6
CNP0550997.2,-6.3,4.308774460576199,3.1311475409836067,0,948.6132219175342,3,191,0,0,0,6
CNP0551033.1,-6.0,5.254067031394546,3.196078431372549,0,2070.5004257173714,5,326,0,3,0,19
CNP0551173.2,-5.939,4.263789184013878,3.1052631578947367,0,882.935354332182,1,177,0,0,0,6
CNP0551219.1,-4.8,4.273627733241768,3.044776119402985,0,1346.3179929271923,1,204,0,0,0,6
CNP0551228.1,-6.2,4.238765883739424,3.057971014492753,0,1042.465477800181,1,211,0,0,0,6
CNP0551311.0,-8.7,1.3998893760966773,4.56,2,906.8206384525898,0,114,6,1,0,6
CNP0551312.1,-6.8,4.199574780346636,3.064516129032258,0,933.437618717518,1,190,0,0,0,6
CNP0551420.1,-10.8,0.8267687055782548,5.45,10,2740.685211203376,5,327,9,5,2,14
CNP0551452.1,-5.5,4.217190586176727,3.076923076923077,0,993.3909390726848,1,200,0,0,0,6
CNP0551452.2,-4.7,4.217190586176727,3.076923076923077,0,993.3909390726848,1,200,0,0,0,6
CNP0551460.1,-6.2,3.531970482216685,3.0277777777777777,0,479.58634285987387,1,109,0,1,0,5
CNP0551666.1,-8.7,1.465015661402346,4.5813953488372094,2,1415.0796156439606,3,197,6,4,1,9
CNP0551698.1,-8.8,1.9057496648766417,5.25925925925926,5,1790.8191859927883,12,284,15,1,4,18
CNP0551711.1,-6.3,4.265902201266836,3.0980392156862746,0,767.7877984623738,2,158,0,0,0,6
CNP0551872.1,-10.3,1.1116188933297035,5.0344827586206895,5,1138.4017877204535,2,146,6,1,0,8
CNP0551899.0,-6.4,2.6480729126367883,4.166666666666667,0,290.1352079833958,0,50,6,2,0,2
CNP0551936.1,-9.0,1.437033687135839,5.03125,2,985.9522448712286,4,161,6,4,1,12
CNP0552035.2,-6.5,4.265658498383064,3.0793650793650795,0,962.269111412202,1,194,0,0,0,6
CNP0552040.2,-6.2,4.255576552515452,3.047619047619047,0,935.583227481862,1,192,0,0,0,6
CNP0552045.2,-6.4,4.153504122440999,3.0754716981132075,0,795.9121487523727,1,163,0,0,0,6
CNP0552168.1,-9.0,1.769447139410628,5.851851851851852,4,673.5829832905135,7,158,6,1,4,6
CNP0552187.1,-7.2,4.24031460767565,3.046153846153846,0,1358.2873015299165,1,198,0,0,0,6
CNP0552197.1,-9.4,1.331933257324617,5.4375,4,1115.5307525257429,2,174,6,0,1,7
CNP0552285.2,-6.4,4.260458973272212,3.0526315789473686,0,843.566209772563,1,174,0,0,0,6
CNP0552309.0,-5.4,3.199993210412714,2.9444444444444446,0,209.0293660661296,0,53,0,0,0,3
CNP0552324.1,-9.1,1.6745301854348889,4.560975609756097,0,1199.8544827982853,5,187,6,0,1,9
CNP0552331.3,-7.1,1.942258713735398,5.705882352941177,4,379.4766423534712,6,97,6,0,2,1
CNP0552331.4,-7.3,1.942258713735398,5.705882352941177,4,379.4766423534712,6,97,6,0,2,1
CNP0552345.2,-8.1,2.475507358074144,3.652173913043478,0,370.0950928698762,5,84,10,4,0,6
CNP0552438.2,-6.798,4.169062660454492,3.117647058823529,0,780.6505281013842,2,159,0,0,0,6
CNP0552491.0,-8.8,1.8873099076016533,5.2631578947368425,3,801.5786429027183,0,100,6,2,0,5
CNP0552524.0,-5.8,2.412435368500068,3.75,0,349.03155168423467,0,60,6,0,0,4
CNP0552568.2,-10.6,1.384943595324823,5.277777777777778,3,1094.9012385015992,7,190,6,2,2,8
CNP0552786.1,-6.455,4.178319778152956,3.096774193548387,0,960.123502647858,1,192,0,0,0,6
CNP0552786.2,-6.195,4.178319778152956,3.096774193548387,0,960.123502647858,1,192,0,0,0,6
CNP0552861.1,-5.6,4.167528481580113,3.0793650793650795,0,950.906932943159,2,194,0,0,0,6
CNP0552861.2,-5.9,4.167528481580113,3.0793650793650795,0,950.906932943159,2,194,0,0,0,6
CNP0552898.1,-6.115,2.6172640771272886,3.866666666666666,0,306.6579748779196,1,58,6,1,0,3
CNP0552904.2,-5.6,4.28472105784613,3.107142857142857,0,856.48566617755,2,174,0,0,0,6
CNP0552924.2,-6.3,4.117785642132458,3.095238095238096,0,632.3781069341127,1,130,0,0,0,6
CNP0552928.1,-10.7,1.6204412938830972,6.972222222222222,6,1165.3287877902535,11,251,6,6,8,10
CNP0552928.2,-10.7,1.6204412938830972,6.972222222222222,6,1165.3287877902535,11,251,6,6,8,10
CNP0552955.1,-6.2,4.31023912145776,3.1206896551724137,0,900.2994575774283,2,181,0,0,0,6
CNP0552955.2,-6.6,4.31023912145776,3.1206896551724137,0,900.2994575774283,2,181,0,0,0,6
CNP0552956.3,-9.5,1.3410569317044614,5.535714285714286,4,795.9106596011367,7,155,6,1,2,2
CNP0552970.1,-10.6,0.9476622351452788,6.030769230769231,14,2351.333268961197,18,392,18,7,5,12
CNP0553074.0,-9.7,1.4239991774532073,4.571428571428571,0,1022.7340961353026,0,128,6,1,0,9
CNP0553080.1,-6.4,4.24674151509836,3.0422535211267605,0,1457.1325454350258,1,216,0,0,0,6
CNP0553108.1,-6.2,4.219568339826728,3.0793650793650795,0,962.269111412202,1,194,0,0,0,6
CNP0553170.1,-9.4,1.4603503473844972,5.647058823529412,5,1197.0616551626538,3,192,6,3,4,8
CNP0553208.1,-8.4,2.575301150639022,3.727272727272727,0,1371.9552262696343,6,205,6,14,0,21
CNP0553262.2,-9.7,1.408757510520106,5.2105263157894735,3,1153.622155347956,5,198,6,2,2,11
CNP0553426.1,-7.0,4.264090035556873,3.041095890410959,0,1627.573184979289,1,222,0,0,0,6
CNP0553487.0,-6.352,2.6794166695216126,4.076923076923077,0,376.1421555222324,0,53,6,1,0,7
CNP0553548.0,-8.577,1.2650874765686229,5.34,5,1365.239314723719,16,267,6,5,3,15
CNP0553613.1,-6.2,4.247418141326478,3.065573770491804,0,918.0048039396356,1,187,0,0,0,6
CNP0553613.2,-6.0,4.247418141326478,3.065573770491804,0,918.0048039396356,1,187,0,0,0,6
CNP0553652.0,-6.246,2.5034968161337017,3.875,0,426.2378936100748,0,62,6,0,0,5
CNP0553738.1,-8.9,1.436967945264565,4.7,2,930.6889823356328,3,141,6,2,0,9
CNP0553754.0,-8.6,1.3699829196197115,3.829268292682927,0,1073.266534479461,0,157,6,5,1,5
CNP0553789.1,-8.5,1.3422839428907705,5.103448275862069,3,990.1267860875035,3,148,6,0,0,7
CNP0553793.0,-6.2,1.5401454753452493,4.176470588235294,0,201.07631885586423,0,71,5,0,0,2
CNP0553846.1,-6.3,4.265954376618989,3.0434782608695654,0,1201.745177247362,1,210,0,0,0,6
CNP0553852.0,-6.0,2.2640962361885304,3.6666666666666665,0,245.53624383433413,0,44,6,1,0,2
CNP0554058.1,-11.6,1.2864571950922887,4.545454545454546,0,2011.82851567296,24,350,20,8,2,20
CNP0554064.2,-6.2,4.240119576255264,3.0517241379310347,0,858.8066324051229,1,177,0,0,0,6
CNP0554069.1,-6.4,3.352965003641057,3.0,0,621.9741454985433,1,138,0,1,0,5
CNP0554091.0,-5.8,4.275567641896396,3.0491803278688523,0,942.8131644856634,0,186,0,0,0,6
CNP0554110.1,-4.214,4.248194052515501,3.04,0,1387.8549006385176,1,228,0,0,0,6
CNP0554254.1,-6.012,4.253072775675501,3.04,0,1343.1221587810328,1,228,0,0,0,6
CNP0554290.2,-6.4,4.2642280487000574,3.111111111111111,0,678.4423894096616,2,140,0,0,0,6
CNP0554388.2,-5.9,4.253245641258477,3.0638297872340425,0,693.4220642699786,1,144,0,0,0,6
CNP0554449.1,-5.6,3.988128855761425,3.065573770491804,0,918.0048039396356,1,187,0,0,0,6
CNP0554449.2,-6.5,3.988128855761425,3.065573770491804,0,918.0048039396356,1,187,0,0,0,6
CNP0554485.1,-6.1,4.247802733635064,3.098360655737705,0,933.2895164562372,2,189,0,0,0,6
CNP0554495.1,-5.6,4.239512067184194,3.109375,0,981.812454545288,3,199,0,0,0,6
CNP0554509.1,-7.8,1.9147706432462468,5.071428571428571,2,739.2091442211281,6,142,6,3,1,6
CNP0554572.1,-6.2,4.25576760467651,3.044776119402985,0,1257.4560233034704,1,204,0,0,0,6
CNP0554593.1,-4.9,4.242353373124154,3.0422535211267605,0,1103.2648217770657,1,216,0,0,0,6
CNP0554661.2,-5.9,3.5812038126508705,3.055555555555556,0,220.28189616658656,2,55,0,1,0,5
CNP0554697.2,-6.7,4.272819253313272,3.066666666666667,0,902.6089358230496,1,184,0,0,0,6
CNP0554725.1,-6.0,4.097147637407138,3.0961538461538463,0,782.8292403603875,2,161,0,0,0,6
CNP0554725.2,-7.0,4.097147637407138,3.0961538461538463,0,782.8292403603875,2,161,0,0,0,6
CNP0554762.1,-7.7,1.9068845234401983,4.064516129032258,0,866.9084812264018,4,126,6,0,0,6
CNP0554766.0,-7.624,1.9064732220527527,4.238095238095238,2,724.628019616342,0,89,6,0,0,4
CNP0554769.1,-10.1,1.1891795110049037,5.211538461538462,6,2366.097939494833,4,271,7,11,0,16
CNP0554860.1,-6.1,4.2668598145270495,3.044776119402985,0,1481.5035454947315,1,204,0,0,0,6
CNP0554864.1,-9.4,1.4593923734886347,5.971428571428572,5,917.2776858191374,11,209,6,3,5,5
CNP0554934.1,-7.3,2.756246182753028,4.0875,2,2474.2645710876604,11,327,31,13,0,29
CNP0555076.2,-8.9,1.3780051627251209,5.129032258064516,5,1174.3882493944934,1,159,7,2,1,9
CNP0555124.1,-10.1,1.0193534043453405,5.2,8,2347.9931315586423,10,338,17,5,3,12
CNP0555234.1,-6.5,4.320224406879297,3.1403508771929824,0,886.9353543321821,3,179,0,0,0,6
CNP0555234.2,-6.7,4.320224406879297,3.1403508771929824,0,886.9353543321821,3,179,0,0,0,6
CNP0555240.1,-6.1,4.160389001597802,3.1666666666666665,0,896.3032498621244,2,171,0,0,0,10
CNP0555310.2,-9.8,1.3794349738228726,5.8,6,1151.8205845935015,2,174,6,0,0,6
CNP0555310.5,-9.8,1.3794349738228726,5.8,6,1151.8205845935015,2,174,6,0,0,6
CNP0555319.1,-5.1,4.193102861013906,3.0434782608695654,0,1334.368496848734,1,210,0,0,0,6
CNP0555387.2,-5.9,4.2184404134029645,3.081967213114754,0,931.2895164562372,1,188,0,0,0,6
CNP0555389.2,-6.097,4.279475180732167,3.0597014925373136,0,1011.1405813769904,1,205,0,0,0,6
CNP0555608.2,-10.9,1.002393308789856,5.042553191489362,3,1486.6768132235698,5,237,6,2,1,10
CNP0555639.1,-5.9,4.278565659877011,3.086206896551724,0,873.9298797420312,2,179,0,0,0,6
CNP0555663.2,-7.3,4.166664035240751,3.055555555555556,0,798.0837657715838,1,165,0,0,0,6
CNP0555671.2,-6.4,4.274078750931299,3.1333333333333333,0,933.1388337284412,3,188,0,0,0,6
CNP0555714.2,-8.4,1.703757802655954,4.586206896551724,0,1010.1636219052228,1,133,6,2,0,6
CNP0555718.1,-11.6,1.2091084503881415,5.466666666666667,4,1807.183433038768,4,246,6,4,3,11
CNP0555761.1,-5.2,4.174352305814687,3.0847457627118646,0,900.455581023865,1,182,0,0,0,6
CNP0555768.1,-6.1,4.300456314079934,3.095238095238096,0,964.269111412202,2,195,0,0,0,6
CNP0555768.2,-6.0,4.300456314079934,3.095238095238096,0,964.269111412202,2,195,0,0,0,6
CNP0555801.0,-7.5,1.7805240091830068,4.111111111111111,0,580.554932436372,0,74,6,0,0,5
CNP0555807.0,-8.0,1.7151458802426447,5.0,2,714.6705877361969,0,95,6,2,0,4
CNP0555881.1,-8.1,1.978357998667726,6.380952380952381,4,506.50544454802457,6,134,6,2,3,5
CNP0555886.0,-9.3,1.4615959436184152,5.15625,4,1494.6617772770294,0,165,6,3,0,7
CNP0555958.1,-5.9,3.5620892885392044,3.055555555555556,0,491.35755639557567,1,110,0,1,0,5
CNP0555970.2,-9.1,1.3330630446091756,4.914285714285715,4,1371.4366305984577,1,172,6,0,0,8
CNP0555973.1,-8.6,1.3154406744610236,4.222222222222222,0,876.460233696006,2,152,6,2,0,6
CNP0556110.1,-7.7,1.6491427700870942,6.117647058823529,4,511.0148614248259,4,104,6,0,1,2
CNP0556130.1,-10.27,1.2674073305953868,5.46,5,1739.5149655882824,11,273,6,0,3,9
CNP0556141.1,-8.6,1.525559287652788,5.0,2,1391.2963340728645,4,185,6,5,0,7
CNP0556180.1,-7.4,4.23998690067223,3.046875,0,1121.799495555952,1,195,0,0,0,6
CNP0556210.1,-9.9,1.1827887736298792,5.371428571428571,3,1056.4656301244877,5,188,6,2,1,7
CNP0556429.0,-6.9,2.3724554475486364,3.7222222222222223,0,470.35617135153245,0,67,6,0,0,7
CNP0556493.0,-8.7,1.6158534171032564,5.173913043478261,3,755.8194461710734,0,119,6,0,0,4
CNP0556538.1,-10.8,0.770325744709806,5.184782608695652,14,3565.4004589033766,16,477,27,9,2,14
CNP0556572.1,-8.1,1.3935817799539918,5.461538461538462,5,1835.304547422267,2,213,6,3,0,10
CNP0556708.2,-9.9,1.22768834343208,5.0606060606060606,4,1575.404085961334,1,167,6,1,0,9
CNP0556736.1,-9.3,1.0462722252088643,5.027397260273973,7,3182.6837308605222,6,367,21,4,1,12
CNP0556774.7,-11.0,1.1201440256700508,5.085106382978723,4,1510.159798945199,8,239,6,5,3,14
CNP0556774.9,-11.2,1.1201440256700508,5.085106382978723,4,1510.159798945199,8,239,6,5,3,14
CNP0556882.2,-5.6,4.257348513494654,3.046875,0,951.0501308526552,1,195,0,0,0,6
CNP0556885.1,-6.8,4.144821056077137,3.0806451612903225,0,935.437618717518,2,191,0,0,0,6
CNP0556917.2,-5.1,4.235449635099031,3.0704225352112675,0,1087.577689660487,1,218,0,0,0,6
CNP0556945.0,-9.317,1.5624221781283332,4.592592592592593,2,958.0252421141852,0,124,6,2,0,11
CNP0557087.1,-6.8,4.315663693303951,3.1153846153846154,0,806.6892641157029,1,162,0,0,0,6
CNP0557124.0,-8.1,4.958987875562485,3.4878048780487805,0,930.4060579841428,5,143,0,7,0,21
CNP0557197.1,-6.2,4.2358089166174215,3.044776119402985,0,1391.1347818748943,1,204,0,0,0,6
CNP0557214.1,-10.1,1.2271467307449195,4.685185185185185,2,2258.291066180228,5,253,6,7,0,15
CNP0557225.2,-5.6,4.263439637203805,3.071428571428572,0,841.4042375522087,1,172,0,0,0,6
CNP0557236.1,-9.038,1.518267630549437,4.379310344827586,0,859.63069000433,3,127,6,3,0,7
CNP0557260.1,-7.0,4.234507450623719,3.08,0,750.7883857523404,1,154,0,0,0,6
CNP0557260.2,-6.3,4.234507450623719,3.08,0,750.7883857523404,1,154,0,0,0,6
CNP0557297.0,-5.7,2.106687881520867,3.4166666666666665,0,256.4908622767174,0,41,6,1,0,3
CNP0557328.1,-6.8,5.247012224289753,3.196078431372549,0,2118.145879882373,5,326,0,3,0,19
CNP0557342.1,-6.6,3.345577677927593,3.074074074074074,0,769.1707726417352,3,166,0,1,0,5
CNP0557367.1,-6.0,3.987032327301236,3.083333333333333,0,904.6089358230496,2,185,0,0,0,6
CNP0557402.1,-6.323,4.096399884085646,3.055555555555556,0,798.0837657715838,1,165,0,0,0,6
CNP0557491.1,-9.3,1.5919025312659114,5.0,2,741.400366130584,5,130,6,3,2,6
CNP0557506.1,-7.5,1.3864859980655777,4.651515151515151,4,1913.81946804096,12,307,16,13,1,23
CNP0557543.1,-6.262,4.255307923819776,3.038961038961039,0,1286.783834528651,1,234,0,0,0,6
CNP0557551.0,-7.878,1.7756539974451415,4.769230769230769,2,1061.099418230123,0,124,6,2,0,8
CNP0557565.1,-6.2,4.270922940524566,3.096774193548387,0,948.7613241788148,2,192,0,0,0,6
CNP0557572.1,-6.3,4.243013830269405,3.041095890410959,0,1355.0942117954278,1,222,0,0,0,6
CNP0557637.2,-8.6,1.786651814536808,4.260869565217392,0,520.013481007498,5,98,6,4,0,9
CNP0557657.1,-7.91,1.4148719269070886,4.4,0,734.632628866296,1,110,6,1,0,10
CNP0557701.1,-5.9,4.298021475190794,3.107692307692308,0,997.3909390726848,3,202,0,0,0,6
CNP0557701.2,-5.3,4.298021475190794,3.107692307692308,0,997.3909390726848,3,202,0,0,0,6
CNP0557738.2,-6.7,4.229577240829682,3.1333333333333333,0,691.0187232296789,2,141,0,0,0,6
CNP0557866.2,-5.9,4.304258270893653,3.07843137254902,0,765.7877984623739,1,157,0,0,0,6
CNP0557879.2,-6.5,4.263494843801636,3.090909090909091,0,1011.0041593488024,2,204,0,0,0,6
CNP0557900.2,-6.5,3.377372615894409,3.046511627906977,0,603.1442291535709,1,131,0,1,0,5
CNP0558175.1,-6.6,4.310131597726942,3.1052631578947367,0,871.7708857348126,2,177,0,0,0,6
CNP0558284.2,-5.8,4.214088729745713,3.0961538461538463,0,793.7370560540863,1,161,0,0,0,6
CNP0558288.1,-8.7,1.8418441871789828,4.135593220338983,2,1995.134888359404,6,244,27,10,0,19
CNP0558308.1,-9.4,1.296790557875027,4.678571428571429,0,708.4492553072077,2,131,6,1,0,8
CNP0558356.0,-5.7,2.163268928684228,4.240875912408759,0,4498.890886315912,11,581,5,22,10,47
CNP0558383.0,-6.183,4.283378511333446,3.083333333333333,0,1059.1123510306222,0,222,0,0,0,6
CNP0558425.1,-8.2,1.9194622468618765,4.310344827586207,2,766.4243263971005,3,125,7,1,1,7
CNP0558478.1,-5.4,3.983539045422057,3.081967213114754,0,920.0048039396356,2,188,0,0,0,6
CNP0558478.2,-5.7,3.983539045422057,3.081967213114754,0,920.0048039396356,2,188,0,0,0,6
CNP0558552.1,-4.9,4.284236221876322,3.0526315789473686,0,926.6703614756016,1,174,0,0,0,6
CNP0558645.0,-6.8,2.0153632708334817,4.461538461538462,2,425.3264336455936,0,58,7,0,0,3
CNP0558648.0,-8.5,1.1483045142580104,4.829787234042553,2,1771.6730592595552,0,227,6,4,0,10
CNP0558680.2,-5.2,4.248765771247379,3.083333333333333,0,915.8541212118396,1,185,0,0,0,6
CNP0558704.1,-5.2,4.283435134544392,3.0806451612903225,0,946.761324178815,1,191,0,0,0,6
CNP0558815.1,-9.1,1.1923023790976832,4.666666666666667,2,2111.954034281928,3,252,6,3,0,8
CNP0558877.1,-5.9,4.239326042908876,3.086206896551724,0,885.0943483394005,1,179,0,0,0,6
CNP0558877.2,-6.2,4.239326042908876,3.086206896551724,0,885.0943483394005,1,179,0,0,0,6
CNP0558913.2,-12.1,0.905756512357636,5.342857142857143,4,2012.016253219177,23,374,6,8,6,18
CNP0558946.0,-8.9,1.4655840609937518,5.208333333333333,4,1192.0559995054168,0,125,6,0,0,6
CNP0558975.1,-7.1,4.255009011018657,3.0434782608695654,0,1469.308914308297,1,210,0,0,0,6
CNP0559056.1,-10.4,1.5425218400895386,4.733333333333333,2,675.3881885917016,10,142,7,5,0,9
CNP0559117.0,-6.9,2.086000024951694,3.3846153846153846,0,527.8735744864774,2,88,6,3,0,4
CNP0559118.1,-9.8,1.2757876351958752,4.807692307692308,0,783.4934367597572,1,125,6,1,0,8
CNP0559148.1,-9.6,1.165641255179003,5.328125,6,1834.0019004978044,16,341,7,9,4,12
CNP0559183.1,-11.1,1.1845891054061524,5.133333333333334,4,1079.4717339605347,1,154,6,2,1,5
CNP0559277.1,-6.706,4.14915209003588,3.017857142857143,0,810.1685664755585,1,169,0,0,0,5
CNP0559322.3,-8.2,1.6926276707956511,4.75,2,442.808155468815,3,95,6,1,0,3
CNP0559364.2,-5.94,4.258919527877681,3.0892857142857144,0,854.48566617755,1,173,0,0,0,6
CNP0559400.1,-6.1,3.336138440808358,3.037735849056604,0,739.4418987654692,2,161,0,1,0,5
CNP0559407.1,-9.0,1.236056469086157,4.866666666666666,3,964.4066014316646,3,146,6,1,0,6
CNP0559425.1,-6.1,4.22944116228578,3.046153846153846,0,1225.1308970455705,1,198,0,0,0,6
CNP0559442.1,-7.8,1.0789072013461238,4.734375,6,2298.7432902428022,5,303,16,2,0,10
CNP0559443.2,-6.247,4.272818175567446,3.0597014925373136,0,1011.1405813769904,1,205,0,0,0,6
CNP0559479.1,-8.8,0.989762784927938,5.134328358208955,8,2273.916181061845,14,344,11,9,2,13
CNP0559482.1,-7.1,4.328362889462822,3.1481481481481484,0,841.0708964879309,3,170,0,0,0,6
CNP0559482.2,-6.9,4.328362889462822,3.1481481481481484,0,841.0708964879309,3,170,0,0,0,6
CNP0559487.2,-6.8,4.195438736204463,3.0535714285714284,0,828.3652426635043,1,171,0,0,0,6
CNP0559583.1,-10.8,1.3318885850013582,4.892857142857143,2,905.0237501829524,3,137,6,2,0,7
CNP0559584.1,-5.8,4.235198676465374,3.0704225352112675,0,1087.577689660487,1,218,0,0,0,6
CNP0559584.2,-6.2,4.235198676465374,3.0704225352112675,0,1087.577689660487,1,218,0,0,0,6
CNP0559592.1,-7.9,1.6863291934048363,4.615384615384615,2,631.983678177388,4,120,5,0,0,7
CNP0559615.1,-6.0,4.240359160170866,3.0491803278688523,0,904.7596185508456,1,186,0,0,0,6
CNP0559637.1,-7.149,4.235005190717017,3.0793650793650795,0,962.269111412202,1,194,0,0,0,6
CNP0559637.2,-7.24,4.235005190717017,3.0793650793650795,0,962.269111412202,1,194,0,0,0,6
CNP0559704.1,-10.35,1.076514008792935,6.17948717948718,9,1123.9938357414676,12,241,6,0,1,8
CNP0559759.0,-10.0,1.4922516331992832,4.944444444444445,0,1618.324481410648,0,178,6,0,0,9
CNP0559825.1,-6.4,4.260834701548806,3.0434782608695654,0,1469.3089143082973,1,210,0,0,0,6
CNP0559841.1,-12.0,1.1500583333640035,4.911764705882353,3,866.5417381735776,2,167,7,1,1,8
CNP0559842.0,-11.8,1.2140556783813092,5.129032258064516,4,1189.6953093080162,0,159,6,1,1,6
CNP0559898.3,-9.5,1.2238223898764773,5.095238095238095,4,971.1276332027315,14,214,6,4,2,7
CNP0559905.1,-10.3,1.298880780093386,4.864864864864865,3,1465.776485696175,2,180,6,1,0,9
CNP0559911.2,-9.4,1.5978755310428097,5.115384615384615,3,1045.1008041873088,2,133,6,2,1,6
CNP0559984.1,-7.1,4.300439642225966,3.1296296296296298,0,839.0708964879308,2,169,0,0,0,6
CNP0560055.1,-6.091,4.257466395045703,3.0422535211267605,0,1190.0869871498182,1,216,0,0,0,6
CNP0560074.1,-8.2,1.6184759057353697,4.366666666666666,2,741.5650957029438,3,131,6,3,0,10
CNP0560093.1,-6.892,4.321320613427825,3.127659574468085,0,720.7231403082028,2,147,0,0,0,6
CNP0560093.2,-6.652,4.321320613427825,3.127659574468085,0,720.7231403082028,2,147,0,0,0,6
CNP0560189.1,-9.5,1.4821025209369447,4.6,4,1718.0634214293916,11,276,16,12,1,22
CNP0560193.0,-10.4,1.2332953748709417,4.696969696969697,2,1294.3164112647598,0,155,6,0,0,9
CNP0560217.1,-5.0,4.236950637513625,3.0847457627118646,0,889.2504717858372,2,182,0,0,0,6
CNP0560269.2,-7.075,4.240314051177643,3.130434782608696,0,705.8488310034984,2,144,0,0,0,6
CNP0560272.1,-10.9,1.629778778956326,4.520833333333333,2,1731.4267277339952,6,217,19,4,0,12
CNP0560291.1,-5.9,4.247443951719312,3.108695652173913,0,703.8488310034983,1,143,0,0,0,6
CNP0560317.2,-10.9,1.0354678872386047,4.903225806451613,4,1069.6344003683876,1,152,6,0,1,7
CNP0560358.1,-6.275,4.051509009751277,3.05,0,889.403826585022,1,183,0,0,0,6
CNP0560358.2,-5.271,4.051509009751277,3.05,0,889.403826585022,1,183,0,0,0,6
CNP0560430.0,-11.0,1.050578050173258,4.772151898734177,0,2759.298806375583,19,377,6,11,0,23
CNP0560473.0,-7.2,1.966528832863896,4.428571428571429,2,717.851129573557,0,124,6,1,1,9
CNP0560543.1,-6.8,4.26563241975755,3.101449275362319,0,1071.6663229364613,2,214,0,0,0,6
CNP0560563.0,-9.369,1.4422348353316423,5.56,5,1300.5381488092569,0,139,6,0,0,6
CNP0560585.1,-9.5,1.4285986942704276,4.868421052631579,2,998.3178039361552,7,185,6,4,2,10
CNP0560585.2,-9.1,1.4285986942704276,4.868421052631579,2,998.3178039361552,7,185,6,4,2,10
CNP0560620.0,-10.0,1.271630457565068,4.642857142857143,2,1058.6193928828495,0,130,6,3,0,10
CNP0560629.1,-5.0,4.231993634703557,3.066666666666667,0,902.6089358230496,1,184,0,0,0,6
CNP0560663.2,-6.7,4.263303516894342,3.071428571428572,0,841.4042375522087,1,172,0,0,0,6
CNP0560664.2,-8.2,1.928248448899104,6.238095238095238,4,492.6686483184364,7,131,6,2,2,5
CNP0560760.1,-5.8,2.2118762795369884,3.615384615384616,0,168.772074344527,1,47,6,1,0,5
CNP0560818.1,-6.594,4.245645434602269,3.0545454545454547,0,813.2042506331999,1,168,0,0,0,6
CNP0560915.2,-9.3,1.5681330505440438,4.884615384615385,2,984.2339338226273,1,127,7,0,0,2
CNP0560928.0,-6.7,4.213025901694258,3.1320754716981134,0,1025.7588948216369,2,166,0,1,0,10
CNP0560986.1,-6.4,4.057630587453343,3.1041666666666665,0,722.917964746603,2,149,0,0,0,6
CNP0561144.1,-6.4,4.328105215412372,3.1666666666666665,0,843.0708964879308,4,171,0,0,0,6
CNP0561196.1,-6.6,3.3870255948951105,3.026315789473684,0,519.5142990548355,1,115,0,1,0,5
CNP0561296.2,-5.8,4.1873661743084,3.15,0,1161.3914019554672,2,189,0,0,0,10
CNP0561350.1,-8.3,1.8616411758236893,6.230769230769231,4,687.7888912043923,8,162,6,4,4,6
CNP0561406.1,-5.9,4.226202216897762,3.0434782608695654,0,1201.745177247362,1,210,0,0,0,6
CNP0561462.2,-6.388,4.220106503837585,3.064516129032258,0,933.437618717518,1,190,0,0,0,6
CNP0561516.0,-10.1,1.812546955658432,5.88,5,781.9082261274998,3,147,6,1,2,5
CNP0561534.1,-6.2,4.1838542525449975,3.1372549019607843,0,791.6551012251084,2,160,0,0,0,9
CNP0561559.2,-6.1,4.256134894485784,3.090909090909091,0,1198.8193676605104,2,238,0,0,0,6
CNP0561631.0,-6.3,3.891298039634311,3.8395061728395055,0,2213.9024478590663,12,311,28,18,0,31
CNP0561685.1,-6.7,4.223453706273703,3.090909090909091,0,839.2391732879302,1,170,0,0,0,6
CNP0561719.3,-9.2,1.3424038900281274,5.111111111111111,3,1065.264913900436,5,184,6,2,1,8
CNP0561815.1,-10.3,1.221421781879906,5.175,3,1183.898842671384,6,207,6,2,1,10
CNP0561867.1,-11.01,1.1395763496213769,4.878787878787879,2,2374.512163266842,15,322,6,15,0,24
CNP0561886.0,-7.4,2.232879439341491,3.761904761904762,0,500.4470264946318,0,79,6,2,0,6
CNP0561891.0,-10.1,1.1152710402460335,5.0,4,1720.1393429095524,2,225,6,3,0,8
CNP0561903.1,-7.1,1.9462206311061845,4.6875,2,295.55283189851343,3,75,6,1,2,3
CNP0561979.0,-5.8,4.188458188870273,3.2,0,246.7956845606997,0,48,0,4,0,9
CNP0562028.2,-9.3,1.5375652456387108,4.866666666666666,2,980.163551463988,1,146,6,3,1,7
CNP0562088.1,-4.7,5.248511412768265,3.1923076923076925,0,2153.2643021956023,5,332,0,3,0,19
CNP0562122.1,-8.138,1.5880750888436728,5.052631578947368,2,489.22043910233793,3,96,6,1,1,3
CNP0562232.0,-11.0,1.3122165606101297,5.483870967741935,4,1288.1483941524336,0,170,6,1,1,7
CNP0562276.3,-8.9,1.3428295660551048,5.085714285714285,3,1008.7445590774532,5,178,6,2,1,9
CNP0562278.1,-8.6,1.329713107138998,5.0,3,1054.4022758789472,5,185,6,2,1,9
CNP0562278.4,-9.2,1.329713107138998,5.0,3,1054.4022758789472,5,185,6,2,1,9
CNP0562290.0,-9.3,1.750839200930195,5.233333333333333,2,657.9244239199022,7,157,6,2,5,5
CNP0562344.1,-9.2,0.7964991567529323,5.341463414634147,11,3164.7724293776246,20,438,11,9,1,13
CNP0562390.0,-5.3,2.382366970820514,3.6,0,164.2149912200411,0,36,7,0,0,0
CNP0562512.1,-6.2,4.177002241026585,3.0923076923076924,0,1006.8655511421566,1,201,0,0,0,6
CNP0562514.2,-6.799,4.2859152272907695,3.0892857142857144,0,854.48566617755,1,173,0,0,0,6
CNP0562523.0,-7.95,1.7549878403586436,5.2,4,949.952362952068,4,156,6,1,1,11
CNP0562528.1,-6.6,4.260834701548807,3.0434782608695654,0,1424.0837124227176,1,210,0,0,0,6
CNP0562636.1,-6.281,4.20660105945028,3.1607142857142856,0,969.3032326957008,2,177,0,0,0,10
CNP0562649.0,-9.9,2.161635359018584,4.226277372262774,0,4496.890886315913,10,579,5,22,10,47
CNP0562733.1,-6.0,4.05802577462958,3.071428571428572,0,841.4042375522087,1,172,0,0,0,6
CNP0562785.1,-5.7,4.111974129094139,3.114754098360656,0,935.2895164562372,3,190,0,0,0,6
CNP0562785.2,-7.2,4.111974129094139,3.114754098360656,0,935.2895164562372,3,190,0,0,0,6
CNP0562868.2,-9.867,1.1554549907571672,5.0,4,1016.1378518043838,9,195,6,0,2,3
CNP0562927.1,-5.4,4.280026981479021,3.05,0,1015.648230797334,1,183,0,0,0,6
CNP0562985.1,-7.6,1.908662036972453,4.049382716049383,0,2706.8354151033327,8,328,6,16,0,29
CNP0563125.1,-7.6,1.7912100317341302,5.270833333333333,4,1497.382920287548,10,253,7,1,4,11
CNP0563162.1,-5.4,4.153645474523874,3.066666666666667,0,902.6089358230496,1,184,0,0,0,6
CNP0563162.2,-5.2,4.153645474523874,3.066666666666667,0,902.6089358230496,1,184,0,0,0,6
CNP0563176.1,-6.4,4.247150737646082,3.046153846153846,0,1358.2873015299165,1,198,0,0,0,6
CNP0563202.1,-11.7,1.027170667202749,5.145833333333333,3,1490.4645781747329,12,247,6,6,2,14
CNP0563207.10,-9.4,1.0840203138989213,5.069767441860465,4,1400.6136291574576,7,218,6,3,3,11
CNP0563232.0,-11.0,1.3147791116805485,5.46875,4,1306.0921009697618,0,175,6,1,1,6
CNP0563328.1,-9.1,1.4422355793449244,4.965517241379311,2,875.0576892464799,1,144,6,1,1,8
CNP0563341.4,-9.9,1.2151279219947555,5.283333333333333,5,2282.0533890404217,12,317,6,12,0,21
CNP0563342.1,-9.7,2.1220995434890013,4.0,0,1570.511737168388,6,208,6,10,0,20
CNP0563439.0,-9.1,1.5324529454955178,4.423076923076923,0,987.7046088096464,0,115,6,3,0,8
CNP0563468.0,-8.9,2.1181450504108126,4.947368421052632,2,1114.771435386694,6,188,6,2,2,6
CNP0563469.1,-5.5,4.283026292281001,3.109375,0,993.2500734207846,2,199,0,0,0,6
CNP0563476.1,-11.83,1.305989829379371,4.766666666666667,3,1068.7456974912743,2,143,7,4,0,8
CNP0563501.2,-8.6,1.5528855739939762,4.791666666666667,2,841.7405348253361,1,115,6,1,0,8
CNP0563586.1,-3.9,3.424574827562454,3.070175438596491,0,812.3022487449323,2,175,0,1,0,5
CNP0563661.1,-6.5,4.153724487983779,3.074626865671642,0,1013.1405813769904,2,206,0,0,0,6
CNP0563661.2,-5.4,4.153724487983779,3.074626865671642,0,1013.1405813769904,2,206,0,0,0,6
CNP0563665.1,-6.4,4.1873661743084,3.15,0,1293.1939806900284,2,189,0,0,0,10
CNP0563680.1,-6.6,4.265954376618988,3.0434782608695654,0,1514.770222838704,1,210,0,0,0,6
CNP0563751.1,-8.4,0.9395776421700444,4.924242424242424,13,5667.7187786611385,23,650,16,24,0,44
CNP0563765.1,-5.687,4.2794218627027805,3.0597014925373136,0,1011.1405813769904,1,205,0,0,0,6
CNP0563777.1,-8.7,1.861894946581988,4.32258064516129,0,920.2581345258594,6,134,6,5,0,17
CNP0563948.1,-9.648,1.1744683127907145,5.754716981132075,10,2091.066805367152,6,305,10,3,1,14
CNP0563984.3,-10.0,1.202274655713906,5.097560975609756,3,1305.908320663825,6,209,6,2,1,8
CNP0564017.2,-9.6,1.2393513677072303,5.0,2,1754.7414102784858,15,270,6,14,0,21
CNP0564048.0,-9.821,1.5194856089277462,5.380952380952381,4,1086.34861988415,0,113,6,3,0,6
CNP0564148.1,-5.2,5.254067031394547,3.196078431372549,0,2070.500425717372,5,326,0,3,0,19
CNP0564187.0,-8.1,1.8415817140674344,4.157894736842105,0,625.7952728716688,0,79,6,1,0,6
CNP0564236.1,-8.6,1.5144049912141866,5.0,3,1087.4912406749145,2,140,6,2,0,8
CNP0564269.1,-7.0,4.272940986948137,3.046153846153846,0,1269.251284314477,1,198,0,0,0,6
CNP0564329.1,-6.8,4.283021313139577,3.047619047619047,0,1105.9016671775375,1,192,0,0,0,6
CNP0564384.1,-6.8,3.3438456931345275,3.0,0,711.3015356829989,1,132,0,1,0,5
CNP0564403.1,-5.6,4.159990116379817,3.08955223880597,0,1026.6517183469848,2,207,0,0,0,6
CNP0564408.1,-12.4,0.9590910702427315,5.681818181818182,5,1133.094141946334,16,250,6,3,3,10
CNP0564431.1,-9.2,1.0783758967961796,4.774647887323944,2,2564.9480237786665,15,339,6,14,0,26
CNP0564467.2,-8.0,1.9053611386593727,4.418604651162791,0,1532.542223602394,5,190,6,0,0,18
CNP0564526.2,-6.6,4.310358230540938,3.0943396226415096,0,808.8643568139894,1,164,0,0,0,6
CNP0564570.1,-6.5,4.272531538344229,3.0434782608695654,0,1379.1012387062192,1,210,0,0,0,6
CNP0564604.4,-10.76,1.0764053381979886,5.454545454545454,4,1370.9375976445674,21,300,6,11,4,18
CNP0564618.0,-6.4,2.243670253471388,3.7857142857142856,0,266.2821914965878,0,53,6,1,1,1
CNP0564638.1,-6.3,4.214049789574591,3.044117647058824,0,1142.1374918368745,1,207,0,0,0,6
CNP0564646.0,-8.1,1.904214917682159,4.208333333333333,0,741.9390209339693,0,101,6,1,0,6
CNP0564673.1,-9.1,1.3456316277254297,5.355555555555555,3,1537.1067551417182,9,241,6,6,2,13
CNP0564687.1,-5.8,4.236483723967067,3.0675675675675675,0,1135.1144691248703,1,227,0,0,0,6
CNP0564699.1,-6.5,4.320566118891266,3.113207547169812,0,810.8643568139893,2,165,0,0,0,6
CNP0564750.2,-6.0,4.16856575768262,3.122448979591837,0,750.6019653931003,2,153,0,0,0,6
CNP0564757.1,-10.9,1.052667897269958,5.796610169491525,6,1798.872465900288,20,342,6,7,6,16
CNP0564845.1,-10.0,1.2264652839675896,5.2105263157894735,3,1271.4080833277824,5,198,6,2,1,8
CNP0564848.1,-8.8,0.8015960422536897,5.3,6,2777.5426831697864,15,424,7,3,2,8
CNP0564874.1,-7.8,1.6684129147366102,6.0,5,482.23008642068913,7,126,6,1,3,1
CNP0564905.1,-10.1,1.1913585638135629,4.586206896551724,2,986.1657371032268,1,133,6,2,0,8
CNP0565015.0,-10.1,1.2235583778555914,5.675675675675675,6,1624.471270662217,4,210,6,3,1,7
CNP0565034.0,-7.6,3.5459184315758225,3.857142857142857,0,2690.0275784837504,12,378,13,16,0,32
CNP0565051.0,-9.7,1.52742407328088,4.592592592592593,2,1069.9903779241015,0,124,6,3,0,7
CNP0565127.1,-9.627,0.8232681694320633,5.215189873417722,10,3014.893161482518,17,412,11,8,1,12
CNP0565232.1,-6.806,4.248194052515501,3.04,0,1210.4988391796603,1,228,0,0,0,6
CNP0565244.0,-11.2,1.385343742503734,5.0,2,1151.962780244956,0,140,6,3,0,11
CNP0565302.1,-7.7,1.926387110047784,4.975609756097561,4,1387.781914019469,4,204,8,1,1,11
CNP0565389.1,-10.4,1.3336307107266003,4.836734693877551,2,1720.8797112146394,10,237,6,10,0,19
CNP0565391.1,-8.5,5.36889143634196,3.608695652173913,0,1109.2524193208044,5,166,0,10,0,20
CNP0565429.0,-5.3,2.340034232116514,3.7,0,227.9248049354078,0,37,6,0,0,1
CNP0565446.1,-6.8,4.211575535619532,3.0491803278688523,0,1074.1997453699842,1,186,0,0,0,6
CNP0565461.1,-11.1,0.9684959016384198,5.26,5,1793.2207455441496,9,263,6,6,0,9
CNP0565538.1,-10.9,1.1607423696850907,5.8125,5,1495.9640308271753,13,279,6,6,6,9
CNP0565551.4,-10.9,1.2874600603405777,5.342105263157895,3,1150.0620625446045,8,203,6,2,1,8
CNP0565566.1,-10.7,1.114458573135179,4.978260869565218,5,1579.4511912689002,6,229,6,1,2,12
CNP0565607.1,-6.4,4.259163840525136,3.0491803278688523,0,1160.8239756824946,1,186,0,0,0,6
CNP0565626.3,-8.1,1.0338243597460233,4.686746987951807,2,3161.841197433894,15,389,6,15,0,29
CNP0565647.1,-4.6,4.229110926259054,3.1029411764705883,0,1044.3332274240183,3,211,0,0,0,6
CNP0565688.1,-8.2,1.7555863466100672,4.25,2,1030.6212137877435,6,170,6,7,0,12
CNP0565690.1,-6.1,4.273627733241769,3.044776119402985,0,1436.1989236323172,1,204,0,0,0,6
CNP0565835.3,-10.4,1.1957006987069738,5.135135135135135,4,1012.8216520584076,8,190,6,0,2,3
CNP0565871.6,-10.0,1.3922103175656553,5.604651162790698,5,1629.3462303854194,4,241,6,0,1,14
CNP0565879.1,-7.5,2.218587212863253,4.8,2,1066.1984727353738,8,192,6,0,3,11
CNP0565918.1,-7.0,3.357688108075964,3.0,0,792.3346879652923,1,132,0,1,0,5
CNP0565949.0,-7.012,2.0785978421800646,4.421052631578948,2,627.8135583848116,0,84,6,0,0,4
CNP0565983.1,-11.18,0.8845547460505583,6.2375,13,3073.220047195165,20,499,12,6,10,10
CNP0566087.1,-5.587,4.212777306854401,3.0806451612903225,0,946.761324178815,1,191,0,0,0,6
CNP0566087.2,-6.573,4.212777306854401,3.0806451612903225,0,946.761324178815,1,191,0,0,0,6
CNP0566122.1,-8.8,1.6098617596971136,5.771428571428571,5,949.6298020145052,10,202,6,1,4,4
CNP0566157.2,-5.9,4.004288759766144,3.090909090909091,0,1011.0041593488024,2,204,0,0,0,6
CNP0566218.1,-10.5,0.96925133157851,5.2,10,2825.6743526510177,7,364,19,5,1,10
CNP0566227.1,-6.6,4.280026981479021,3.05,0,1101.4572734241174,1,183,0,0,0,6
CNP0566235.0,-5.4,4.131839100721967,3.1320754716981134,0,904.6727336207712,2,166,0,0,0,9
CNP0566397.1,-6.8,4.259600848465403,3.038961038961039,0,1602.704502793743,1,234,0,0,0,6
CNP0566457.0,-10.4,1.06901488877543,5.260869565217392,4,1935.324966477256,21,363,6,7,4,19
CNP0566458.2,-8.0,2.2923895222929103,3.962962962962963,0,648.7703543645106,3,107,5,4,2,8
CNP0566496.2,-4.9,4.24569215754961,3.096774193548387,0,948.7613241788148,2,192,0,0,0,6
CNP0566568.1,-10.25,0.7963913524206406,5.313253012048193,11,3172.0948166721564,17,441,11,8,2,12
CNP0566660.1,-10.2,1.1517426985368044,5.666666666666667,10,1555.2847765444492,30,357,18,12,0,18
CNP0566735.1,-8.7,2.209299226859011,4.0,2,1719.2943304054788,22,296,34,14,1,18
CNP0566845.1,-7.9,2.258578334096764,4.083333333333333,0,828.3131091972924,6,147,12,1,0,7
CNP0566959.1,-8.3,1.766367691453093,4.357142857142857,2,962.9430328512587,11,183,12,2,1,10
CNP0566959.2,-8.4,1.766367691453093,4.357142857142857,2,962.9430328512587,11,183,12,2,1,10
CNP0566986.1,-11.0,0.8366631558809501,6.148936170212766,20,4089.764680146197,19,578,26,5,8,7
CNP0566996.1,-7.5,1.5967605850488364,4.415094339622642,0,1495.514994482356,8,234,6,7,0,17
CNP0567002.1,-10.2,1.3670323317997617,5.219512195121951,6,1265.0080429762438,8,214,14,0,2,6
CNP0567013.1,-11.3,1.4325808132044444,6.424242424242424,7,933.9063606545108,9,212,6,2,6,4
CNP0567026.0,-8.9,1.9619868649751555,3.9166666666666665,0,1053.7715737706087,3,141,6,8,0,12
CNP0567051.1,-9.3,1.3303627466410195,4.638888888888889,3,1214.5172633409013,2,167,6,1,1,5
CNP0567055.1,-5.6,4.139114762026626,3.086206896551724,0,873.9298797420312,2,179,0,0,0,6
CNP0567093.1,-6.9,4.251727987017678,3.0422535211267605,0,1233.9310667490524,1,216,0,0,0,6
CNP0567102.1,-6.8,5.252409181447037,3.188679245283019,0,2236.5065798304536,5,338,0,3,0,19
CNP0567104.1,-8.9,1.4286264702313043,5.172413793103448,3,710.9143328122507,4,150,6,4,2,5
CNP0567134.1,-9.2,1.0527978257025823,5.584615384615384,5,1827.8888395109784,23,363,6,8,6,17
CNP0567305.0,-8.6,1.8016754832534976,4.5,0,1297.452985633585,0,162,6,2,0,12
CNP0567328.1,-6.2,4.273627733241769,3.044776119402985,0,1391.1347818748943,1,204,0,0,0,6
CNP0567461.1,-8.2,1.7798669795608903,4.242424242424242,2,821.0850819257357,5,140,6,5,0,14
CNP0567465.1,-6.513,4.264090035556873,3.041095890410959,0,1355.0942117954278,1,222,0,0,0,6
CNP0567488.3,-7.7,1.533361699501546,4.615384615384615,2,580.1788030515017,3,120,6,1,0,5
CNP0567561.0,-10.9,1.1979430925573984,4.875,0,2021.386434175436,0,234,6,14,0,18
CNP0567577.1,-8.7,1.1628544091655608,4.985714285714286,3,2719.7925384374894,7,349,6,13,2,23
CNP0567624.1,-8.4,2.691009229041868,4.36734693877551,2,1257.133798411928,8,214,19,1,0,12
CNP0567624.2,-7.6,2.691009229041868,4.36734693877551,2,1257.133798411928,8,214,19,1,0,12
CNP0567802.1,-8.1,1.989014709759172,4.169491525423729,0,1867.0625773738768,8,246,24,7,0,17
CNP0567935.1,-5.8,3.4272409116290707,3.055555555555556,0,493.3575563955756,2,110,0,1,0,5
CNP0567945.1,-10.2,0.96332688742234,5.474358974358975,5,2180.242860064257,29,427,6,12,6,23
CNP0568056.2,-10.7,1.257603628687822,5.256410256410256,3,1344.61904829922,7,205,6,2,1,8
CNP0568089.1,-9.8,1.6119704186774129,4.714285714285714,3,1482.5144393980154,5,198,10,4,0,11
CNP0568126.2,-4.7,4.211881307430266,3.090909090909091,0,839.2391732879302,1,170,0,0,0,6
CNP0568171.2,-10.8,1.2588789370976168,5.162790697674419,3,1430.2444126803412,8,222,6,2,1,9
CNP0568176.1,-10.53,0.9776675082901116,4.897435897435898,2,2721.549347958182,20,382,6,17,0,29
CNP0568178.1,-6.4,4.260834701548806,3.0434782608695654,0,1424.0837124227176,1,210,0,0,0,6
CNP0568239.0,-9.141,1.7413317227807807,4.576271186440678,4,1908.943883320084,12,270,21,13,1,23
CNP0568275.1,-7.1,4.199358902586619,3.107692307692308,0,997.3909390726848,3,202,0,0,0,6
CNP0568275.2,-6.4,4.199358902586619,3.107692307692308,0,997.3909390726848,3,202,0,0,0,6
CNP0568295.1,-5.631,4.247405235778902,3.1333333333333333,0,933.1388337284412,3,188,0,0,0,6
CNP0568295.2,-6.556,4.247405235778902,3.1333333333333333,0,933.1388337284412,3,188,0,0,0,6
CNP0568330.1,-6.3,4.111261744818506,3.1,0,1087.449363208652,2,217,0,0,0,6
CNP0568353.1,-6.8,4.2668598145270495,3.044776119402985,0,1126.215391442686,1,204,0,0,0,6
CNP0568417.1,-9.2,1.0225854674342172,4.589743589743589,6,3072.6744008384894,5,358,19,7,0,12
CNP0568430.1,-10.8,1.2482695970977389,5.897435897435898,7,1500.6997454300388,10,230,10,3,2,7
CNP0568472.0,-11.7,0.9618043715536873,5.157894736842105,5,2018.2152205510376,0,196,6,2,0,10
CNP0568485.2,-6.6,4.242049766336858,3.119047619047619,0,634.3781069341128,2,131,0,0,0,6
CNP0568505.0,-8.8,1.9322391431549035,4.307692307692308,0,667.8484673664445,4,112,6,3,0,5
CNP0568514.1,-6.314,4.255307923819776,3.038961038961039,0,1420.719879511747,1,234,0,0,0,6
CNP0568591.2,-6.4,4.310120614632453,3.12,0,765.6053136253581,2,156,0,0,0,6
CNP0568601.1,-6.609,4.302176050005886,3.090909090909091,0,839.2391732879302,1,170,0,0,0,6
CNP0568601.2,-6.749,4.302176050005886,3.090909090909091,0,839.2391732879302,1,170,0,0,0,6
CNP0568625.0,-9.3,1.585776415791806,4.038461538461538,0,855.8967862513109,0,105,6,3,0,9
CNP0568708.1,-6.051,4.220831613920459,3.071428571428572,0,1071.79658178541,1,215,0,0,0,6
CNP0568708.2,-6.175,4.220831613920459,3.071428571428572,0,1071.79658178541,1,215,0,0,0,6
CNP0568764.1,-4.9,5.259097397867317,3.188679245283019,0,2188.448834841328,5,338,0,3,0,19
CNP0568770.1,-6.5,4.271364879076808,3.0869565217391304,0,1069.6663229364613,1,213,0,0,0,6
CNP0568770.2,-6.1,4.271364879076808,3.0869565217391304,0,1069.6663229364613,1,213,0,0,0,6
CNP0568837.0,-6.848,2.661191649482163,4.142857142857143,0,415.02791069051113,0,58,6,2,0,8
CNP0568851.2,-6.9,4.182544696868228,3.15,0,1161.3914019554672,2,189,0,0,0,10
CNP0568861.0,-9.2,1.5961517319948673,4.482758620689655,0,1067.4713248808932,0,130,6,4,0,6
CNP0568865.1,-10.0,1.624155128762487,5.473684210526316,5,1213.609303212987,9,208,13,2,2,5
CNP0568898.1,-5.915,4.160285897264754,3.090909090909091,0,1011.0041593488024,2,204,0,0,0,6
CNP0568898.2,-4.853,4.160285897264754,3.090909090909091,0,1011.0041593488024,2,204,0,0,0,6
CNP0568998.1,-6.7,4.223324389940403,3.044117647058824,0,1142.1374918368745,1,207,0,0,0,6
CNP0569096.1,-7.3,7.582471303823183,3.55,0,2741.4911611204525,9,355,0,37,0,46
CNP0569135.1,-6.5,4.293481271873903,3.1052631578947367,0,882.935354332182,1,177,0,0,0,6
CNP0569227.3,-8.7,1.4431344156239811,4.791666666666667,2,572.8925281676379,3,115,6,0,0,2
CNP0569256.1,-11.99,0.982954687671744,5.129411764705883,5,2617.060092925705,27,436,13,6,3,24
CNP0569257.1,-11.2,1.2299863343366264,5.186046511627907,3,1429.421197717846,9,223,6,2,1,8
CNP0569269.1,-4.0,4.294406203645768,3.1029411764705883,0,1055.916055714075,2,211,0,0,0,6
CNP0569270.0,-7.7,2.695051449490972,3.7205882352941178,0,1505.8215576207003,11,253,6,18,0,26
CNP0569302.1,-11.3,0.8393571750960308,5.347222222222222,5,1863.5988736841457,30,385,6,12,3,21
CNP0569323.0,-6.313,2.5224027573985617,3.923076923076923,0,344.5053335743196,0,51,6,1,0,6
CNP0569347.2,-8.7,1.3626193708214724,5.171428571428572,3,1041.3979928765757,7,181,6,2,1,8
CNP0569433.1,-10.2,1.645654224430941,4.391304347826087,2,1559.1572763425424,4,202,16,5,0,11
CNP0569458.0,-7.8,1.5753867309685394,4.583333333333333,3,889.0537492306931,0,110,6,2,0,5
CNP0569512.1,-10.3,0.8526075726318905,6.043478260869565,19,3923.41997860258,17,556,26,5,8,7
CNP0569554.1,-11.4,1.4044935949734243,4.333333333333333,3,1553.2061870906014,5,208,21,4,0,11
CNP0569574.2,-8.5,2.2105210392748704,4.481481481481482,0,497.92131598403046,10,121,6,8,0,11
CNP0569613.0,-5.2,3.0738800154978843,2.789473684210526,0,186.12930448617445,0,53,0,0,0,1
CNP0569672.1,-6.4,4.253477023568171,3.044776119402985,0,1436.1989236323172,1,204,0,0,0,6
CNP0569715.1,-6.2,4.255009011018657,3.0434782608695654,0,1424.0837124227176,1,210,0,0,0,6
CNP0569748.2,-5.886,4.137815521100505,3.0491803278688523,0,904.7596185508456,1,186,0,0,0,6
CNP0569815.1,-11.2,0.6774395097667475,5.697916666666667,16,4365.334686526913,12,547,15,1,2,5
CNP0569828.0,-6.3,4.224197266766545,3.047619047619047,0,1083.264680080796,0,192,0,0,0,6
CNP0569840.0,-9.5,1.7135349457522384,4.689655172413793,2,1343.4943099343136,0,136,6,3,1,5
CNP0569871.2,-7.2,4.228861023637266,3.09375,0,991.2500734207846,1,198,0,0,0,6
CNP0569920.1,-5.512,4.282018623653477,3.063492063492064,0,948.906932943159,1,193,0,0,0,6
CNP0569954.1,-5.9,4.283021313139577,3.047619047619047,0,1236.8566949516585,1,192,0,0,0,6
CNP0569997.1,-9.4,1.0510423218608802,5.662337662337662,11,3565.3889583351984,11,436,11,14,5,23
CNP0570036.1,-8.5,2.0929647223019727,4.578947368421052,2,656.669290192888,2,87,6,2,0,5
CNP0570036.2,-8.1,2.0929647223019727,4.578947368421052,2,656.669290192888,2,87,6,2,0,5
CNP0570048.1,-6.2,4.259101391671868,3.041095890410959,0,1490.2797643629674,1,222,0,0,0,6
CNP0570082.0,-8.9,1.1919343063525372,5.027777777777778,4,1389.7236629798424,0,181,6,0,1,6
CNP0570088.5,-10.3,1.4332375022240906,4.794871794871795,2,1270.7188848416813,7,187,6,8,0,15
CNP0570139.0,-4.4,2.72724281291869,2.5,0,145.15658300436584,0,30,0,0,0,0
CNP0570188.1,-8.2,2.015965279093709,4.0285714285714285,0,830.7188481543261,6,141,6,2,0,17
CNP0570191.1,-7.3,1.7401382814586397,4.2560975609756095,4,2352.126744898873,13,349,28,15,0,30
CNP0570214.1,-6.8,4.287830565140177,3.111111111111111,0,966.269111412202,3,196,0,0,0,6
CNP0570314.1,-5.3,4.255009011018657,3.0434782608695654,0,1289.8929067794525,1,210,0,0,0,6
CNP0570318.1,-6.8,4.272531538344229,3.0434782608695654,0,1424.0837124227176,1,210,0,0,0,6
CNP0570401.1,-5.0,4.273627733241768,3.044776119402985,0,1301.75583394077,1,204,0,0,0,6
CNP0570449.0,-6.5,1.7275661890860343,3.24,0,402.31585282631215,0,81,6,0,0,2
CNP0570471.2,-5.8,4.240805022432271,3.074074074074074,0,811.0359738332005,1,166,0,0,0,6
CNP0570554.1,-6.2,4.26441184292552,3.0657894736842106,0,1166.963455543257,1,233,0,0,0,6
CNP0570726.1,-10.21,1.3870001525688354,5.239130434782608,3,1313.9737869181365,13,241,6,9,2,14
CNP0570729.1,-10.7,1.0577445628805255,4.836065573770492,4,2540.3319559286674,7,295,6,6,0,18
CNP0570816.3,-10.6,1.1782026263781664,5.048780487804878,3,1312.737854579254,5,207,6,2,1,9
CNP0570884.0,-8.9,1.754396989717194,4.233333333333333,0,1056.8674440080738,2,127,6,4,0,18
CNP0570934.1,-6.175,4.234394995738337,3.1,0,917.8541212118396,2,186,0,0,0,6
CNP0570934.2,-7.019,4.234394995738337,3.1,0,917.8541212118396,2,186,0,0,0,6
CNP0570973.2,-5.8,4.273409833998725,3.08955223880597,0,1026.6517183469848,2,207,0,0,0,6
CNP0571033.0,-10.0,1.2107186242197718,5.75,6,997.4019850877232,1,138,6,0,0,5
CNP0571167.1,-9.9,1.3536765839065747,4.4423076923076925,2,1903.8869291364088,6,231,6,13,1,22
CNP0571175.0,-8.7,1.5824560388532865,4.5,2,1018.4371498185626,0,126,6,1,0,5
CNP0571215.4,-9.8,1.6389183070147526,5.029411764705882,4,1426.3210978069542,3,171,6,5,1,9
CNP0571253.1,-9.8,0.8839367377702164,5.866666666666666,9,2596.623639529664,14,440,7,3,5,8
CNP0571276.1,-5.9,4.201603576369092,3.07843137254902,0,765.7877984623739,1,157,0,0,0,6
CNP0571276.2,-6.4,4.201603576369092,3.07843137254902,0,765.7877984623739,1,157,0,0,0,6
CNP0571282.5,-10.2,1.2662134488156358,5.611940298507463,10,3187.846570637864,5,376,11,16,0,26
CNP0571282.6,-9.2,1.2662134488156358,5.611940298507463,10,3187.846570637864,5,376,11,16,0,26
CNP0571282.9,-10.9,1.2662134488156358,5.611940298507463,10,3187.846570637864,5,376,11,16,0,26
CNP0571312.1,-12.7,0.7838506585616745,5.654545454545454,9,2613.978182574592,5,311,8,4,3,13
CNP0571331.4,-9.4,1.463981573810094,6.730769230769231,7,896.9973135338853,7,175,7,0,1,5
CNP0571544.1,-8.3,1.4399500354926509,4.88,2,1698.138032317763,11,244,6,9,0,21
CNP0571547.2,-7.7,1.9824806261819936,4.7727272727272725,0,1060.7271080494972,15,210,6,14,1,21
CNP0571638.1,-6.1,4.27902329402996,3.046153846153846,0,1269.2512843144768,1,198,0,0,0,6
CNP0571651.1,-8.909,1.1409408014374127,4.38,2,1630.987572368479,10,219,6,5,0,16
CNP0571665.1,-6.9,4.272940986948137,3.046153846153846,0,1313.639430885118,1,198,0,0,0,6
CNP0571728.0,-10.1,1.3858306596150194,4.827586206896552,2,836.1231664589698,0,140,7,2,1,7
CNP0571758.1,-9.4,2.628219951507895,4.0,0,2222.5806771414927,11,296,25,12,0,24
CNP0571774.1,-6.7,4.272895035001856,3.0508474576271185,0,1128.8463456963368,1,180,0,0,0,6
CNP0571782.3,-8.9,1.3304614662068732,4.973684210526316,3,1087.7268185267462,5,189,6,2,1,9
CNP0571797.1,-10.6,1.0997190402911394,4.85,2,2017.609267528724,15,291,6,14,0,24
CNP0571858.2,-6.2,4.288413631130916,3.083333333333333,0,915.8541212118396,1,185,0,0,0,6
CNP0571956.1,-7.5,1.9916738095687028,5.363636363636363,3,824.4992367244758,2,118,6,1,1,5
CNP0571995.2,-9.4,1.501671580417688,4.743589743589744,2,1397.3873170243685,5,185,6,9,0,15
CNP0572057.1,-9.9,1.308794712192415,4.821428571428571,2,855.7142336905829,3,135,6,2,0,7
CNP0572224.0,-9.5,1.916637228727576,5.333333333333333,3,835.9466593917155,0,112,6,5,0,7
CNP0572371.1,-9.1,2.5910458279148747,3.932432432432433,0,2194.2531545598777,11,291,25,16,0,26
CNP0572383.1,-5.8,4.223908321751164,3.086206896551724,0,885.0943483394005,1,179,0,0,0,6
CNP0572383.2,-6.0,4.223908321751164,3.086206896551724,0,885.0943483394005,1,179,0,0,0,6
CNP0572401.0,-7.1,1.9786269636235403,4.5,2,677.366669190783,0,117,6,1,1,9
CNP0572455.1,-7.3,4.253477023568172,3.044776119402985,0,1436.1989236323172,1,204,0,0,0,6
CNP0572471.0,-9.7,1.1214069587202395,4.68,4,1098.4457957317588,0,117,6,3,0,4
CNP0572497.0,-6.1,4.083322776138935,3.12280701754386,0,1051.87380007141,2,178,0,0,0,9
CNP0572536.1,-9.109,1.5196695267639466,5.675,5,1077.6519047548152,12,227,6,0,5,5
CNP0572585.1,-6.2,4.269996843522473,3.09375,0,979.812454545288,2,198,0,0,0,6
CNP0572683.1,-6.376,4.194984249563125,3.096774193548387,0,960.123502647858,1,192,0,0,0,6
CNP0572686.1,-7.3,1.8189410564287711,3.321428571428572,0,443.88610217898815,3,93,6,2,0,4
CNP0572752.1,-6.7,4.283021313139575,3.047619047619047,0,1281.067258815358,1,192,0,0,0,6
CNP0572784.0,-8.0,1.635748111497715,4.481481481481482,2,954.302877250691,0,121,6,1,0,6
CNP0572794.1,-6.3,2.287595862228363,3.425925925925926,0,857.525482192038,6,185,6,4,0,9
CNP0572897.1,-6.3,4.214444076321724,3.101449275362319,0,1071.6663229364613,2,214,0,0,0,6
CNP0572951.0,-9.342,1.3093359279338894,5.0,2,955.0751204200832,0,135,6,0,1,8
CNP0572979.1,-10.3,0.9772560178374038,5.633333333333334,6,1575.5588900223015,26,338,6,8,3,16
CNP0573019.6,-9.206,1.1301327632921427,4.814814814814815,2,1982.9845245464967,10,260,6,11,0,18
CNP0573024.0,-10.8,0.9958426046159984,6.428571428571429,10,1603.801321931234,7,270,6,1,3,4
CNP0573104.1,-6.5,4.284539212187227,3.0806451612903225,0,946.761324178815,1,191,0,0,0,6
CNP0573127.1,-10.4,1.2258138718880325,5.0,4,898.5082276181956,4,155,6,1,0,6
CNP0573250.1,-10.6,1.2667077057891962,5.2682926829268295,3,1365.2565701520316,9,216,6,2,1,8
CNP0573252.1,-6.7,4.283857326313376,3.0491803278688523,0,1204.573957209247,1,186,0,0,0,6
CNP0573256.2,-10.7,1.6658729555890746,4.428571428571429,2,1635.9883615173544,7,217,15,8,0,13
CNP0573346.2,-6.4,4.235257736624931,3.0754716981132075,0,795.9121487523727,1,163,0,0,0,6
CNP0573388.2,-10.3,1.198487274623506,5.116279069767442,3,1256.502959932681,9,220,6,2,1,9
CNP0573438.0,-8.1,1.6942235349075725,4.035714285714286,0,986.3793226322366,0,113,6,2,0,9
CNP0573561.0,-10.6,1.2480691396309749,4.941176470588236,4,1588.229863618128,0,168,6,1,0,7
CNP0573835.1,-4.7,2.1090632790507966,4.875,2,128.34851554559677,2,39,5,0,0,1
CNP0573848.0,-7.3,1.7137747284193847,4.0625,0,471.8483450839556,0,65,6,1,0,2
CNP0573873.1,-7.049,4.1873661743084,3.15,0,1161.3914019554672,2,189,0,0,0,10
CNP0573909.1,-9.58,1.0298117760051746,4.830769230769231,6,2284.193322826138,13,314,11,9,0,13
CNP0573930.1,-12.1,0.7857083878549538,5.825396825396825,11,2376.551244763083,16,367,6,3,4,5
CNP0573943.1,-8.3,1.4478214703980368,4.942857142857143,2,1200.7395162621176,3,173,6,4,1,17
CNP0574055.0,-7.5,2.1376236575988767,4.107142857142857,2,2488.5559014079527,12,345,25,12,0,30
CNP0574107.1,-6.1,4.209845426570739,3.0428571428571427,0,1130.612204459499,1,213,0,0,0,6
CNP0574131.1,-11.0,0.7009959552657377,5.40625,13,4115.465849419736,10,519,15,2,2,6
CNP0574163.2,-9.5,1.3524927267983609,4.336,2,4706.548189366969,16,542,19,20,2,46
CNP0574164.1,-6.761,4.289593702572778,3.0892857142857144,0,854.48566617755,1,173,0,0,0,6
CNP0574188.1,-8.865,0.9385854217032308,5.256756756756757,4,2225.025210826722,22,389,6,5,6,18
CNP0574192.1,-6.458,4.187147832722815,3.101694915254237,0,902.4555810238649,2,183,0,0,0,6
CNP0574259.1,-5.5,4.190801498881786,3.076923076923077,0,981.9533201971884,2,200,0,0,0,6
CNP0574353.2,-8.523,1.4138596490387465,5.088235294117647,4,1291.6867794890218,2,173,6,1,1,7
CNP0574471.1,-6.1,4.064238916571512,3.0892857142857144,0,854.48566617755,1,173,0,0,0,6
CNP0574517.2,-5.8,4.277754392834023,3.074074074074074,0,811.0359738332005,1,166,0,0,0,6
CNP0574558.1,-13.3,0.7986287106624339,5.844444444444444,16,4120.658466233989,16,526,10,9,4,16
CNP0574563.1,-8.5,1.851162549045285,4.4,3,1138.2544191654483,4,154,16,6,0,12
CNP0574613.1,-5.9,4.121495724170623,3.055555555555556,0,798.0837657715838,1,165,0,0,0,6
CNP0574613.2,-5.2,4.121495724170623,3.055555555555556,0,798.0837657715838,1,165,0,0,0,6
CNP0574676.2,-10.4,1.2999520051640752,4.648648648648648,2,1469.6787800510458,1,172,6,3,0,5
CNP0574788.0,-5.7,2.358824868607789,3.9166666666666665,0,268.88520798339584,0,47,6,0,0,2
CNP0574826.1,-10.3,1.3645680722010851,4.612903225806452,3,952.2297321441156,1,143,9,1,1,6
CNP0574840.1,-6.8,4.227010222486501,3.047619047619047,0,1281.067258815358,1,192,0,0,0,6
CNP0574867.0,-7.0,1.690665934343969,3.1923076923076925,0,482.2410022370897,0,83,6,0,0,3
CNP0574916.1,-6.335,4.181556335293583,3.098360655737705,0,944.6132219175344,1,189,0,0,0,6
CNP0575034.1,-11.4,1.0353673183747207,5.018518518518518,4,1826.735550960772,7,271,6,6,1,17
CNP0575057.1,-11.6,0.7748182380818205,5.706666666666667,13,3239.3805241340647,11,428,18,1,0,7
CNP0575158.1,-8.8,1.4840968223020987,4.266666666666667,0,765.1177678217306,3,128,6,1,0,4
CNP0575215.1,-8.274,0.8860688703584165,5.024390243902439,9,3039.297069838147,17,412,11,10,1,14
CNP0575234.2,-9.5,1.3062414290631028,4.435897435897436,2,1493.659056226359,1,173,6,1,0,8
CNP0575327.2,-6.119,4.26360115384009,3.090909090909091,0,839.23917328793,1,170,0,0,0,6
CNP0575343.1,-11.54,1.1188340560597652,5.144736842105263,5,2453.0434147235483,22,391,13,4,3,21
CNP0575343.2,-9.262,1.1188340560597652,5.144736842105263,5,2453.0434147235483,22,391,13,4,3,21
CNP0575370.1,-8.2,1.2084170152330531,4.478260869565218,2,1462.4883726870223,8,206,10,6,0,9
CNP0575395.2,-4.6,4.176931821654865,3.09375,0,979.812454545288,2,198,0,0,0,6
CNP0575411.0,-10.2,1.515533498909134,5.344827586206897,4,1522.8813198955706,0,155,6,1,0,8
CNP0575548.1,-4.8,4.172579944353513,3.125,0,1123.1123510306218,4,225,0,0,0,6
CNP0575548.2,-5.7,4.172579944353513,3.125,0,1123.1123510306218,4,225,0,0,0,6
CNP0575557.1,-6.9,4.182561896930613,3.046153846153846,0,1008.8655511421566,1,198,0,0,0,6
CNP0575581.0,-10.3,1.036833626164681,4.951612903225806,3,2814.855662302802,1,307,6,6,0,10
CNP0575605.1,-8.9,1.4623553417788626,4.586206896551724,2,1039.458730211362,4,133,6,5,0,19
CNP0575637.1,-6.3,4.136025040268718,3.1724137931034484,0,957.9453689214814,3,184,0,2,0,9
CNP0575647.2,-13.14,1.219279516496717,5.1940298507462686,5,2128.8184026933604,19,348,13,5,4,16
CNP0575779.1,-6.3,4.227243486162493,3.107692307692308,0,997.3909390726848,3,202,0,0,0,6
CNP0575897.1,-8.5,1.6760071097166886,4.592592592592593,2,765.706703497369,2,124,7,1,0,9
CNP0575915.1,-4.5,4.247674466206189,3.08,0,1153.023404145335,2,231,0,0,0,6
CNP0575952.0,-9.0,1.3379656197578298,5.125,2,768.4273784843881,0,123,6,0,1,8
CNP0575954.1,-5.5,1.408268143699387,4.194444444444445,8,7850.74322493818,30,906,47,41,0,82
CNP0575970.0,-10.1,1.2228327616432786,5.181818181818182,4,1306.4871101765054,0,171,6,2,1,9
CNP0575975.1,-4.948,4.165574106078901,3.015151515151515,0,1310.3166317668292,1,199,0,0,0,5
CNP0576000.2,-5.3,4.100913095372462,3.065573770491804,0,918.0048039396356,1,187,0,0,0,6
CNP0576037.2,-10.7,1.2250373499570093,5.225,3,1314.7656200889771,8,209,6,2,1,9
CNP0576117.0,-4.1,2.715842761293259,2.375,0,88.21143267166842,0,19,0,0,0,0
CNP0576175.1,-10.5,1.2144135347381442,5.15,3,1341.75584508465,5,206,6,2,1,9
CNP0576175.2,-10.5,1.2144135347381442,5.15,3,1341.75584508465,5,206,6,2,1,9
CNP0576180.1,-6.7,4.209538881551674,3.155172413793104,0,1260.4877228169194,2,183,0,0,0,10
CNP0576189.1,-6.3,4.214073053401956,3.0434782608695654,0,1289.8929067794522,1,210,0,0,0,6
CNP0576199.1,-6.8,4.27499224731964,3.047619047619047,0,1192.9195292832674,1,192,0,0,0,6
CNP0576245.1,-6.4,4.207385706244137,3.046875,0,1253.0401274167364,1,195,0,0,0,6
CNP0576314.0,-8.429,1.4078141672172952,4.409090909090909,2,713.5857873897764,0,97,6,0,0,6
CNP0576438.0,-9.5,1.4803652998770278,4.777777777777778,0,1010.4800229408144,0,129,6,1,0,3
CNP0576474.1,-6.2,4.256233685586174,3.07843137254902,0,765.7877984623739,1,157,0,0,0,6
CNP0576509.2,-6.7,3.3605429753491696,3.022727272727273,0,605.3203948966503,1,133,0,1,0,5
CNP0576518.1,-9.8,1.2280220565045223,4.5,0,1027.0399166229083,3,162,6,0,0,9
CNP0576628.0,-5.0,4.27902329402996,3.046153846153846,0,1044.464652073584,0,198,0,0,0,6
CNP0576640.1,-10.0,1.1892031483217578,5.033333333333333,3,1205.9264361700582,2,151,6,1,0,7
CNP0576676.1,-10.1,0.7674000776643671,5.617283950617284,12,3553.559028491506,9,455,15,1,2,5
CNP0576730.1,-6.9,1.7287039877964767,4.555555555555555,2,369.29325012980814,3,82,5,0,1,2
CNP0576783.1,-6.5,4.283021313139577,3.047619047619047,0,1281.067258815358,1,192,0,0,0,6
CNP0576803.2,-10.0,1.02763590489624,5.205882352941177,5,1428.2986649417255,4,177,6,1,0,8
CNP0576906.2,-6.7,4.318818508957427,3.08,0,750.7883857523404,1,154,0,0,0,6
CNP0576910.1,-6.7,4.171807517783217,3.07843137254902,0,765.7877984623739,1,157,0,0,0,6
CNP0577013.1,-5.5,4.110532682121814,3.1052631578947367,0,871.7708857348126,2,177,0,0,0,6
CNP0577013.2,-5.6,4.110532682121814,3.1052631578947367,0,871.7708857348126,2,177,0,0,0,6
CNP0577040.1,-8.047,1.4470716533808905,4.961538461538462,3,778.3564361917153,3,129,6,1,0,5
CNP0577100.1,-10.8,0.7482584781156307,5.329787234042553,16,3710.977513564681,16,501,27,9,3,14
CNP0577104.1,-8.9,0.9153836596377852,5.333333333333333,9,2303.602827353844,13,352,11,7,3,11
CNP0577142.2,-6.5,4.236214084566238,3.05,0,889.403826585022,1,183,0,0,0,6
CNP0577152.3,-7.0,1.612675821630876,4.5,0,662.0634043125818,2,108,6,3,0,7
CNP0577154.1,-10.9,1.5408185195883428,6.2631578947368425,6,1286.6976570891811,9,238,7,2,6,8
CNP0577259.0,-7.6,1.4705857474379398,4.176470588235294,5,1900.5221250317743,0,284,16,4,0,16
CNP0577327.0,-8.3,1.716374484771763,5.304347826086956,4,1010.5347027511688,0,122,6,1,0,7
CNP0577350.1,-8.676,2.3343314001283963,5.097560975609756,3,1201.37788070301,6,209,6,2,4,6
CNP0577354.0,-8.7,1.3841439612583548,5.2105263157894735,5,570.7534607677329,0,99,6,0,0,4
CNP0577414.2,-8.6,1.8373581462305,5.642857142857143,4,1012.9626975688246,4,158,6,1,3,2
CNP0577433.1,-5.5,4.182544696868229,3.15,0,1032.219346425425,2,189,0,0,0,10
CNP0577458.1,-8.558,1.3297283254337833,5.028985507246377,2,2569.0680418449697,15,347,6,15,0,25
CNP0577461.1,-8.5,1.6627974752502368,4.290322580645161,2,776.0516718769941,3,133,7,3,0,11
CNP0577548.1,-7.3,4.239233136038704,3.0943396226415096,0,808.8643568139894,1,164,0,0,0,6
CNP0577617.1,-9.0,1.350605017778448,4.380952380952381,2,1026.5018834833213,9,184,14,7,2,10
CNP0577636.1,-10.2,1.354514473496927,4.975,3,1150.517940829243,5,199,6,2,1,10
CNP0577673.1,-11.1,1.3454339447949668,5.457142857142857,6,1352.044228340439,5,191,6,6,2,9
CNP0577720.1,-8.9,1.2931722161991683,4.441860465116279,2,1341.6763224148806,5,191,12,3,0,10
CNP0577728.1,-8.4,1.5421641326168507,5.0,3,734.4015761811032,3,120,6,0,0,5
CNP0577835.1,-8.6,1.857837025250229,4.913043478260869,3,609.1312133252187,3,113,12,2,1,3
CNP0577936.1,-10.5,0.8348452310239501,5.336842105263158,15,3807.1781519056913,17,507,23,10,3,17
CNP0577942.1,-9.1,1.0621236951879414,4.7926829268292686,2,3048.160940933019,16,393,6,14,0,28
CNP0578030.0,-5.8,2.3448844225189296,3.8181818181818175,0,251.582753418397,0,42,6,2,0,5
CNP0578093.3,-8.7,2.068598796168502,4.545454545454546,0,585.0684193703713,2,100,6,3,2,6
CNP0578105.1,-8.7,1.4491809889324991,4.777777777777778,2,1212.20541669903,5,172,6,6,0,11
CNP0578113.2,-9.5,1.6292563495556398,4.782608695652174,2,591.8949280312643,6,110,6,5,0,9
CNP0578149.1,-8.2,1.676539754563474,4.65,2,344.1442792993511,2,93,7,2,1,3
CNP0578213.1,-11.3,1.1130870611840358,5.102564102564102,3,1531.5273925422066,1,199,6,1,0,10
CNP0578219.1,-9.0,1.8987337632772885,4.45,0,508.72095643517207,4,89,6,4,0,8
CNP0578289.0,-4.9,3.1944241045348125,2.888888888888889,0,145.8729811690784,2,52,0,0,0,4
CNP0578313.1,-7.0,4.272940986948137,3.046153846153846,0,1313.639430885118,1,198,0,0,0,6
CNP0578322.2,-8.0,2.19428555950833,4.338709677419355,2,1816.6387141538328,11,269,19,10,0,22
CNP0578428.0,-7.7,1.4668242096884334,4.590909090909091,0,615.0663106109399,0,101,6,2,2,6
CNP0578468.1,-4.7,4.199761769090003,3.0508474576271185,0,1128.8463456963368,1,180,0,0,0,6
CNP0578540.1,-7.3,1.8062650236910964,5.0,2,503.7032657468205,4,100,6,1,1,4
CNP0578561.1,-4.9,4.268898313051059,3.0422535211267605,0,1548.1310743508625,1,216,0,0,0,6
CNP0578595.1,-6.065,4.2268476629737135,3.0806451612903225,0,946.7613241788148,1,191,0,0,0,6
CNP0578626.0,-7.4,2.111878890544522,4.903225806451613,3,1039.5702574198133,1,152,6,2,1,10
CNP0578673.1,-9.8,1.4858596292160788,5.275862068965517,4,855.4349170729364,8,153,6,2,2,10
CNP0578673.2,-10.1,1.4858596292160788,5.275862068965517,4,855.4349170729364,8,153,6,2,2,10
CNP0578679.1,-9.6,1.2283215230949265,5.177777777777778,8,1920.2657587659064,1,233,18,0,0,8
CNP0578707.1,-7.8,2.528404237260918,3.952380952380953,0,342.5334336189405,6,83,6,5,0,10
CNP0578809.2,-5.6,4.230449909660132,3.067796610169492,0,887.2504717858372,1,181,0,0,0,6
CNP0578816.0,-7.5,1.7792333585654414,4.176470588235294,2,572.443960054953,0,71,6,1,0,3
CNP0578817.1,-6.6,4.299142777222035,3.0943396226415096,0,808.8643568139894,1,164,0,0,0,6
CNP0578873.1,-6.2,4.261778318664363,3.047619047619047,0,1105.9016671775375,1,192,0,0,0,6
CNP0578927.2,-8.4,1.3761532299067814,5.0588235294117645,3,1226.5549323474995,2,172,6,2,0,11
CNP0578964.1,-5.186,4.2896930239141895,3.101449275362319,0,1071.6663229364613,2,214,0,0,0,6
CNP0578964.2,-5.668,4.2896930239141895,3.101449275362319,0,1071.6663229364613,2,214,0,0,0,6
CNP0579164.1,-6.4,4.269034503346428,3.070175438596491,0,856.6476383979044,1,175,0,0,0,6
CNP0579212.1,-6.038,4.2138827169838295,3.044776119402985,0,1083.0525501918391,1,204,0,0,0,6
CNP0579263.2,-6.9,3.405128062408546,3.027027027027027,0,505.40691272350495,1,112,0,1,0,5
CNP0579437.0,-6.3,2.385021537497116,3.857142857142857,0,392.1728235731022,0,54,6,1,0,6
CNP0579466.0,-10.1,1.485971343848283,4.965517241379311,2,1136.6571673538178,2,144,6,0,0,7
CNP0579492.1,-6.3,5.252162376634006,3.2,0,2420.647957957294,5,320,0,3,0,19
CNP0579510.2,-6.3,4.317418218611433,3.111111111111111,0,826.0319015992267,2,168,0,0,0,6
CNP0579611.2,-9.15,1.216790683322671,4.714285714285714,2,619.536092676213,5,132,6,0,0,4
CNP0579625.1,-9.5,1.4427483672009065,5.6,7,1108.5738152729666,11,196,13,4,1,6
CNP0579638.0,-9.9,1.245253862123233,4.382352941176471,2,1281.5396169960025,0,149,6,3,0,7
CNP0579642.1,-5.9,4.250166998677922,3.083333333333333,0,1117.112351030622,1,222,0,0,0,6
CNP0579642.2,-7.2,4.250166998677922,3.083333333333333,0,1117.112351030622,1,222,0,0,0,6
CNP0579750.1,-9.5,0.9906684773592054,4.537037037037037,4,2049.467524541795,4,245,10,5,0,9
CNP0579769.2,-6.7,4.242286690017562,3.076923076923077,0,993.3909390726848,1,200,0,0,0,6
CNP0579833.2,-10.1,0.7303215535757697,4.479166666666667,7,2983.810684526324,21,430,6,10,4,30
CNP0579853.1,-5.8,4.1988608940515695,3.155172413793104,0,1043.2306231457655,2,183,0,0,0,10
CNP0579862.1,-5.8,4.308299945621156,3.092592592592593,0,813.0359738332006,2,167,0,0,0,6
CNP0580007.2,-10.7,0.8191314365937421,5.186440677966102,7,2554.683760756832,4,306,9,3,2,13
CNP0580015.1,-11.8,0.8777131194726528,5.363636363636363,14,3340.306255898355,15,472,17,7,3,13
CNP0580105.1,-10.26,1.1315598080441165,7.276595744680851,12,1884.4171839580808,14,342,6,3,4,7
CNP0580247.1,-11.08,1.093320763391582,5.061224489795919,8,2075.214631159693,4,248,18,3,0,7
CNP0580314.1,-6.0,4.2466983247054175,3.0945945945945947,0,1150.902265727357,2,229,0,0,0,6
CNP0580314.2,-5.5,4.2466983247054175,3.0945945945945947,0,1150.902265727357,2,229,0,0,0,6
CNP0580408.1,-10.6,0.9846019999711524,4.565217391304348,0,2412.089929598595,8,315,6,7,1,10
CNP0580435.1,-9.102,0.9302159713923622,5.465753424657534,9,2514.86244494449,9,399,16,4,2,14
CNP0580461.1,-10.3,0.999743656160903,5.050847457627119,7,2283.5543617171784,7,298,18,5,0,10
CNP0580508.1,-5.5,4.187366174308399,3.15,0,1382.4023126167951,2,189,0,0,0,10
CNP0580523.3,-6.0,4.45127636728007,3.5625,0,260.44551480532664,2,57,0,0,0,5
CNP0580578.4,-11.2,1.018247665517633,5.090909090909091,3,1388.2396599226288,5,224,6,2,1,10
CNP0580581.1,-10.0,1.4855408422910537,4.46875,0,748.3286151063194,9,143,6,6,0,13
CNP0580639.0,-8.027,1.859527572800462,3.892857142857143,0,799.0462825174817,0,109,6,3,0,6
CNP0580724.1,-10.1,1.0208664047569291,4.483333333333333,0,1867.7384652566907,11,269,13,7,0,16
CNP0580724.2,-10.3,1.0208664047569291,4.483333333333333,0,1867.7384652566907,11,269,13,7,0,16
CNP0580735.1,-6.3,4.209538881551674,3.155172413793104,0,1349.349692440641,2,183,0,0,0,10
CNP0580767.4,-10.99,0.9675660317120612,4.894736842105263,2,2632.469286650354,20,372,6,17,0,28
CNP0580807.1,-10.3,0.8021749000656793,6.094736842105263,20,4106.37082507653,19,579,26,5,8,7
CNP0580812.1,-11.7,1.2694584718348376,4.7368421052631575,0,1177.0211391824005,9,180,6,6,0,13
CNP0580832.0,-8.8,1.472585226996481,4.1875,0,1085.8054181618309,0,134,6,1,0,7
CNP0580926.4,-10.4,1.2299179025152045,5.216216216216216,3,1227.47267756147,5,193,6,2,1,8
CNP0580941.1,-7.761,4.162612699242161,3.014705882352941,0,1387.760756259978,1,205,0,0,0,5
CNP0580942.2,-5.9,4.246903839365572,3.1029411764705883,0,1055.916055714075,2,211,0,0,0,6
CNP0580970.2,-6.263,4.208863121643383,3.083333333333333,0,915.8541212118396,1,185,0,0,0,6
CNP0580998.2,-6.1,4.272940986948135,3.046153846153846,0,1225.1308970455705,1,198,0,0,0,6
CNP0581034.1,-6.5,4.25576760467651,3.044776119402985,0,1346.3179929271923,1,204,0,0,0,6
CNP0581049.2,-9.5,1.5483911470384646,5.565217391304348,4,568.9620337091922,7,128,6,0,2,4
CNP0581069.1,-4.4,5.254067031394546,3.196078431372549,0,2262.142498312069,5,326,0,3,0,19
CNP0581146.2,-7.9,1.544185489066512,5.6923076923076925,5,921.1480521259122,2,148,6,0,0,6
CNP0581301.2,-12.17,1.2708326234931675,5.630434782608695,5,1532.2627083571067,9,259,6,1,6,8
CNP0581301.3,-11.52,1.2708326234931675,5.630434782608695,5,1532.2627083571067,9,259,6,1,6,8
CNP0581423.1,-5.45,4.2857426031533095,3.090909090909091,0,839.23917328793,1,170,0,0,0,6
CNP0581469.1,-7.2,4.2668598145270495,3.044776119402985,0,1391.1347818748943,1,204,0,0,0,6
CNP0581538.2,-6.692,4.348778536560984,3.1372549019607843,0,793.558343795083,2,160,0,0,0,6
CNP0581615.1,-5.3,2.098956897568644,5.3,3,160.47733175670794,2,53,6,0,1,0
CNP0581626.0,-9.0,1.327849989602114,4.711111111111111,0,1657.24312865705,1,212,6,1,1,11
CNP0581670.1,-8.007,1.778894297633681,4.685714285714286,2,1241.8150811803755,2,164,6,6,0,10
CNP0581720.0,-10.48,1.1914185297269233,4.941176470588236,3,1200.3698680712064,0,168,6,1,1,9
CNP0581777.1,-8.2,1.6584483884623962,5.478260869565218,4,716.5952368664006,4,126,10,0,2,6
CNP0581828.1,-7.4,2.4250687747458244,3.727272727272727,0,488.0658562262984,1,82,6,2,0,7
CNP0581872.2,-5.2,4.234645400446418,3.0754716981132075,0,795.9121487523727,1,163,0,0,0,6
CNP0581952.1,-7.465,1.991098851360957,4.5,2,566.4228336274465,1,81,6,1,0,4
CNP0582058.1,-7.9,1.6014916178735763,3.953488372093023,2,1298.683867874773,3,170,6,5,0,9
CNP0582065.1,-9.2,1.190804253438095,4.555555555555555,0,786.8977398388977,3,123,6,3,0,8
CNP0582081.1,-8.377,1.3873026412695628,5.045454545454546,2,845.24494219802,1,111,6,1,0,9
CNP0582082.1,-4.932,4.2518637091805065,3.101694915254237,0,902.4555810238649,2,183,0,0,0,6
CNP0582097.1,-5.5,4.191775531397293,3.08,0,750.7883857523406,1,154,0,0,0,6
CNP0582140.1,-9.9,1.136724517467259,4.5625,2,1136.366540106445,1,146,6,3,0,8
CNP0582144.1,-5.913,4.250482487397276,3.071428571428572,0,841.4042375522087,1,172,0,0,0,6
CNP0582156.2,-7.1,4.2305916835768524,3.1186440677966103,0,915.700766412655,2,184,0,0,0,6
CNP0582213.1,-6.4,4.215433161399843,3.067796610169492,0,887.2504717858372,1,181,0,0,0,6
CNP0582225.1,-6.6,4.257466395045703,3.0422535211267605,0,1502.5158651745592,1,216,0,0,0,6
CNP0582259.0,-6.737,1.9759314045396823,4.357142857142857,0,452.1246558828693,0,61,6,0,0,6
CNP0582327.1,-6.359,4.25740508893064,3.04,0,1387.8549006385174,1,228,0,0,0,6
CNP0582370.1,-10.9,1.2558313393730705,4.451612903225806,3,864.7950848149032,2,138,10,1,0,4
CNP0582419.1,-9.4,1.3716665174969842,5.102564102564102,3,1122.4639676804013,8,199,6,2,1,9
CNP0582426.1,-9.8,1.1971781482195631,5.142857142857143,3,1222.9074199268166,9,216,6,2,1,9
CNP0582432.1,-6.2,4.273627733241768,3.044776119402985,0,1169.6767805043498,1,204,0,0,0,6
CNP0582491.1,-9.424,1.1896017474642566,5.7,7,2025.369936006325,16,342,13,4,5,14
CNP0582570.2,-5.8,4.3042988373472735,3.090909090909091,0,828.2001783992259,2,170,0,0,0,6
CNP0582578.2,-6.6,3.375623267640301,3.023809523809524,0,576.5035357314724,1,127,0,1,0,5
CNP0582601.2,-10.9,1.116639899374972,5.317073170731708,5,1386.0570421992254,6,218,6,2,1,9
CNP0582619.2,-6.089,4.122515519020534,3.083333333333333,0,904.6089358230496,2,185,0,0,0,6
CNP0582677.1,-11.2,1.0748767641546797,4.364705882352941,3,2983.076898385375,9,371,6,20,0,37
CNP0582682.0,-4.9,2.4354397213453027,3.875,0,86.38761556290453,2,31,5,1,1,1
CNP0582716.2,-6.4,3.978180295745537,3.0793650793650795,0,962.269111412202,1,194,0,0,0,6
CNP0582791.2,-5.9,4.118907095852888,3.109090909090909,0,841.2391732879302,2,171,0,0,0,6
CNP0582892.2,-6.7,4.219957869611176,3.0943396226415096,0,797.9121487523726,2,164,0,0,0,6
CNP0582966.1,-6.3,4.251740343958737,3.065573770491804,0,918.0048039396356,1,187,0,0,0,6
CNP0582969.1,-6.132,4.263826239358642,3.0422535211267605,0,1278.0514540179588,1,216,0,0,0,6
CNP0583007.1,-9.3,1.0941508914696387,5.766233766233766,10,2475.47771344618,19,444,7,11,8,15
CNP0583031.0,-4.7,2.2306376583301173,3.5,0,164.24662946459569,0,28,6,0,0,1
CNP0583072.1,-9.8,1.475080456887934,4.678571428571429,3,693.1405470279626,5,131,6,1,1,6
CNP0583137.1,-10.7,1.3348844021225887,5.114285714285714,3,1301.0277340542957,3,179,6,4,1,7
CNP0583213.1,-6.4,4.318475426295138,3.1481481481481484,0,841.0708964879309,3,170,0,0,0,6
CNP0583213.2,-6.0,4.318475426295138,3.1481481481481484,0,841.0708964879309,3,170,0,0,0,6
CNP0583216.3,-9.9,1.2373431582633063,5.186046511627907,3,1260.0423810204752,9,223,6,2,1,8
CNP0583216.4,-9.7,1.2373431582633063,5.186046511627907,3,1260.0423810204752,9,223,6,2,1,8
CNP0583230.1,-6.3,4.204993352570961,3.078125,0,977.812454545288,1,197,0,0,0,6
CNP0583230.2,-5.6,4.204993352570961,3.078125,0,977.812454545288,1,197,0,0,0,6
CNP0583282.1,-7.8,1.459815033551996,4.828571428571428,3,860.4048558697853,5,169,6,4,2,9
CNP0583336.1,-6.1,4.27362773324177,3.044776119402985,0,1436.1989236323172,1,204,0,0,0,6
CNP0583392.1,-5.6,4.2052339692704255,3.0793650793650795,0,962.269111412202,1,194,0,0,0,6
CNP0583517.0,-11.7,1.137701952642604,5.5,6,1300.3562334883443,0,176,6,1,1,6
CNP0583532.1,-8.2,1.7351475485178958,5.826086956521739,4,589.6942062760743,7,134,8,1,3,3
CNP0583634.2,-6.4,4.277320983044314,3.09375,0,979.812454545288,2,198,0,0,0,6
CNP0583642.2,-5.7,4.267557229854268,3.08955223880597,0,1026.6517183469848,2,207,0,0,0,6
CNP0583667.1,-6.341,4.263145835133366,3.083333333333333,0,915.8541212118396,1,185,0,0,0,6
CNP0583805.0,-9.0,1.5933629211832905,4.175675675675675,4,2676.2856351464675,7,309,6,14,0,25
CNP0583817.1,-10.5,1.1336285602252858,5.477272727272728,9,1783.0857049519402,3,241,18,0,0,8
CNP0583863.3,-10.0,1.302197929176757,5.529411764705882,5,1237.3915187307573,7,188,6,1,0,9
CNP0583924.2,-6.0,4.228802891754767,3.090909090909091,0,828.2001783992259,2,170,0,0,0,6
CNP0583964.1,-8.5,0.9679070345090872,5.28,8,2926.186298869095,11,396,12,6,3,17
CNP0583996.1,-9.8,0.8825692543916567,5.092307692307692,9,2592.255577179018,4,331,18,4,2,9
CNP0584169.1,-11.5,1.132857266876322,4.6571428571428575,3,1189.9228903719522,2,163,10,1,0,7
CNP0584182.1,-9.6,1.6904472140793083,4.107692307692307,2,2118.3678711950915,6,267,21,10,0,19
CNP0584212.1,-8.0,1.8858300262792915,4.426666666666667,2,2702.9125951716965,8,332,21,8,2,21
CNP0584232.1,-8.121,2.308432880015075,5.071428571428571,3,1229.6532818345931,5,213,6,1,5,6
CNP0584282.0,-8.6,2.419531537609777,3.9705882352941178,0,1050.624287586348,2,135,6,2,0,5
CNP0584335.2,-6.2,4.24814268726514,3.078125,0,977.812454545288,1,197,0,0,0,6
CNP0584379.2,-4.5,4.264385823400176,3.064935064935065,0,1182.93430048369,1,236,0,0,0,6
CNP0584415.2,-8.1,1.4521042057254776,5.256410256410256,4,1238.577625748715,8,205,7,5,0,12
CNP0584477.2,-9.2,1.5270004475857768,4.827586206896552,2,903.9911146109182,1,140,6,2,1,6
CNP0584498.2,-6.3,4.2541722560308095,3.111111111111111,0,678.4423894096616,2,140,0,0,0,6
CNP0584520.2,-5.4,4.267293757181575,3.0847457627118646,0,900.455581023865,1,182,0,0,0,6
CNP0584522.1,-6.435,4.172075747508325,3.015151515151515,0,1221.8080979272816,1,199,0,0,0,5
CNP0584724.2,-6.3,4.24691316118592,3.0615384615384613,0,979.9533201971882,1,199,0,0,0,6
CNP0584781.1,-8.5,2.0158481795292444,4.764705882352941,3,1582.1354940774177,11,243,12,0,2,14
CNP0584873.1,-5.7,4.306782302819996,3.13953488372093,0,661.4935861900437,2,135,0,0,0,6
CNP0584928.1,-6.398,4.155043996695071,3.015151515151515,0,963.2303758553096,1,199,0,0,0,5
CNP0584933.0,-9.1,1.3962568861423506,4.340425531914893,2,1400.9208782806995,4,204,21,5,1,10
CNP0584972.1,-6.2,4.232562212440139,3.041095890410959,0,1490.2797643629672,1,222,0,0,0,6
CNP0585023.1,-5.1,4.242751977999679,3.066666666666667,0,1139.2356075428484,2,230,0,0,0,6
CNP0585174.1,-6.6,4.24031460767565,3.046153846153846,0,1181.2868174463365,1,198,0,0,0,6
CNP0585192.2,-5.506,4.178610390610032,3.0588235294117645,0,1026.786022138687,1,208,0,0,0,6
CNP0585197.2,-7.9,1.6615438741705688,5.103448275862069,3,1109.301198757496,3,148,6,1,1,6
CNP0585208.2,-6.0,4.26119043475291,3.0943396226415096,0,808.8643568139894,1,164,0,0,0,6
CNP0585209.1,-6.1,4.193448136833898,3.1129032258064515,0,950.7613241788148,3,193,0,0,0,6
CNP0585223.0,-8.7,1.489385454967055,4.458333333333333,2,940.8784173580744,0,107,6,0,0,5
CNP0585246.2,-6.3,4.283497216703942,3.0851063829787235,0,706.0481486598777,1,145,0,0,0,6
CNP0585321.1,-9.48,0.8720539743014312,5.663461538461538,17,4610.9833386632645,16,589,15,8,5,17
CNP0585355.1,-8.2,2.910575597739116,4.253521126760563,0,2099.7545084243447,11,302,22,5,0,22
CNP0585410.0,-10.9,1.6771548352117336,5.457142857142857,5,1129.7591407158898,7,191,6,4,3,10
CNP0585444.1,-9.804,1.1294014673892967,4.984375,5,2681.4727565035064,6,319,6,7,0,20
CNP0585448.1,-9.51,1.3743751549031984,5.035714285714286,3,732.226163790267,1,141,6,1,1,8
CNP0585473.0,-9.5,1.479723546316141,5.172413793103448,3,688.242935434538,10,150,6,6,0,11
CNP0585516.1,-7.205,4.16747214666316,3.014705882352941,0,1342.943967312276,1,205,0,0,0,5
CNP0585553.1,-8.9,1.563240940482886,4.478260869565218,4,1407.623762840882,7,206,14,3,0,10
CNP0585580.1,-11.48,1.0312111290685644,5.064516129032258,7,2575.334906713658,6,314,16,1,1,8
CNP0585655.0,-7.5,1.6270696247379053,3.941176470588236,0,666.3787272446291,5,134,6,5,0,7
CNP0585703.2,-7.9,2.5586568002264345,4.142857142857143,0,632.9255727255425,2,87,6,2,0,4
CNP0585733.1,-5.6,4.252101218157848,3.081967213114754,0,931.2895164562372,1,188,0,0,0,6
CNP0585733.2,-6.9,4.252101218157848,3.081967213114754,0,931.2895164562372,1,188,0,0,0,6
CNP0585874.1,-8.7,2.585377180751757,4.014084507042254,0,2191.682637866003,11,285,25,11,0,22
CNP0585892.0,-7.7,2.376773891987867,3.9047619047619047,0,330.8695121093595,6,82,6,5,0,9
CNP0585899.0,-5.415,4.147343912062524,3.0142857142857142,0,1417.346708370694,0,211,0,0,0,5
CNP0585918.1,-6.8,4.395628671162301,3.1864406779661016,0,1187.288789695815,3,188,0,4,0,15
CNP0586003.2,-6.5,4.188123605937703,3.061224489795918,0,723.1084943781505,1,150,0,0,0,6
CNP0586015.2,-6.8,4.211621192267419,3.0576923076923075,0,767.9665107213771,1,159,0,0,0,6
CNP0586018.1,-8.3,1.582413965751076,4.809523809523809,2,378.9863976809447,4,101,6,1,0,4
CNP0586039.0,-8.0,1.5154603806629792,3.72093023255814,0,1059.2777982949433,0,160,6,2,0,7
CNP0586065.3,-9.7,1.4114847214611532,4.976744186046512,2,1464.9067623393994,9,214,6,10,0,16
CNP0586122.1,-9.2,1.3384806176737198,4.793103448275862,0,907.8997468508024,2,139,6,1,0,10
CNP0586125.1,-5.8,4.182635139911757,3.0869565217391304,0,1058.048306090237,2,213,0,0,0,6
CNP0586137.0,-8.522,1.5093239607726667,4.64,2,543.144520067748,0,116,6,1,1,5
CNP0586142.0,-8.5,1.449038275131581,4.4,0,853.3876429162185,0,110,6,1,0,5
CNP0586153.1,-9.1,1.4455939639374291,5.183333333333334,4,2114.723496781588,11,311,8,4,4,15
CNP0586171.1,-6.8,4.24674151509836,3.0422535211267605,0,1411.9874990010546,1,216,0,0,0,6
CNP0586366.0,-8.6,1.3990779858372089,4.916666666666667,4,890.0634411894063,0,118,6,1,0,7
CNP0586413.2,-6.3,4.145784065459233,3.087719298245614,0,858.6476383979044,2,176,0,0,0,6
CNP0586437.1,-6.6,4.263826239358643,3.0422535211267605,0,1640.033266054109,1,216,0,0,0,6
CNP0586502.1,-6.1,4.2456789654729,3.0625,0,964.4123093216984,1,196,0,0,0,6
CNP0586538.1,-8.3,1.550028177406939,6.631578947368421,5,552.3488285445909,7,126,6,0,2,4
CNP0586584.0,-11.5,1.364821990254147,4.90625,2,1132.6260695125236,0,157,6,2,1,7
CNP0586616.1,-6.5,4.1731069962815175,3.072463768115942,0,1044.4654778001805,2,212,0,0,0,6
CNP0586625.1,-7.1,4.255009011018657,3.0434782608695654,0,1424.0837124227176,1,210,0,0,0,6
CNP0586633.1,-4.7,4.223593653537272,3.0422535211267605,0,1103.264821777066,1,216,0,0,0,6
CNP0586709.1,-6.1,4.249289458038081,3.046153846153846,0,966.5531749735984,1,198,0,0,0,6
CNP0586732.0,-8.6,1.514750251163146,5.137931034482759,4,1118.0351963361506,0,149,6,0,2,2
CNP0586748.0,-6.2,1.277929089633694,4.859375,5,1619.682138316816,10,311,7,2,6,10
CNP0586809.0,-8.4,1.402101024447072,4.027777777777778,0,1099.3026300855397,0,145,6,2,0,6
CNP0586871.1,-6.3,4.15795623997773,3.1129032258064515,0,962.123502647858,2,193,0,0,0,6
CNP0586871.2,-5.8,4.15795623997773,3.1129032258064515,0,962.123502647858,2,193,0,0,0,6
CNP0586897.1,-6.7,4.24674151509836,3.0422535211267605,0,1457.1325454350258,1,216,0,0,0,6
CNP0586977.3,-10.2,1.214632093830776,5.125,3,1286.5336514827884,6,205,6,2,1,7
CNP0586982.0,-9.7,1.5515438057212052,5.16,4,1181.8228831987965,0,129,6,2,0,6
CNP0587032.0,-9.9,1.552547268281029,4.551724137931035,2,1144.5074143398986,0,132,6,2,0,12
CNP0587064.4,-9.4,1.3617416993363392,4.95,3,1130.267940829243,5,198,6,2,1,10
CNP0587070.0,-7.3,1.7116095241683045,4.684210526315789,2,591.9604225257285,0,89,6,0,0,4
CNP0587106.0,-8.6,0.8539702321442345,5.101449275362318,13,5843.927176679447,32,704,16,26,0,48
CNP0587156.1,-5.946,2.452234076905951,4.0,0,269.1592193971603,1,44,5,2,0,4
CNP0587168.1,-8.8,1.756981100679199,4.190476190476191,2,1053.229901555973,6,176,6,8,0,12
CNP0587241.1,-8.2,2.625058782858712,4.101694915254237,2,1434.9587180361054,12,242,6,1,1,14
CNP0587244.1,-10.2,1.266053957040472,5.829268292682927,7,1463.5338827099567,7,239,6,6,1,12
CNP0587257.1,-5.9,4.263826239358643,3.0422535211267605,0,1457.1325454350258,1,216,0,0,0,6
CNP0587372.2,-9.9,1.3155727326370974,4.756756756756757,2,1225.887633547587,2,176,6,1,0,7
CNP0587424.1,-9.1,0.7782861259428622,5.451219512195122,6,2124.834356487175,36,447,6,14,3,26
CNP0587430.0,-5.9,3.171735235090274,2.888888888888889,0,217.64998175932132,1,52,0,0,0,1
CNP0587488.1,-10.0,1.6420690494262418,6.523809523809524,6,527.684443192157,4,137,6,1,4,2
CNP0587545.1,-10.6,0.9885098075079848,5.403225806451613,9,2501.873118907833,7,335,7,6,2,10
CNP0587612.2,-5.943,4.264359677115134,3.098360655737705,0,933.2895164562372,2,189,0,0,0,6
CNP0587638.1,-4.6,4.240784965469192,3.088235294117647,0,1053.9160557140751,1,210,0,0,0,6
CNP0587638.2,-6.1,4.240784965469192,3.088235294117647,0,1053.9160557140751,1,210,0,0,0,6
CNP0587643.2,-6.4,4.12461477283698,3.1,0,752.7883857523406,2,155,0,0,0,6
CNP0587727.1,-9.2,1.5543350603172823,4.923076923076923,2,768.6390883833207,4,128,6,3,1,7
CNP0587727.5,-9.4,1.5543350603172823,4.923076923076923,2,768.6390883833207,4,128,6,3,1,7
CNP0587774.0,-8.0,1.8626719849487685,4.307692307692308,0,1735.269932554697,17,280,6,16,0,30
CNP0587907.1,-9.229,1.221428794302165,4.615384615384615,4,1715.5873185991077,7,240,6,5,0,10
CNP0587917.1,-6.4,4.1565079513081455,3.095238095238096,0,975.6692566357918,1,195,0,0,0,6
CNP0587917.2,-5.3,4.1565079513081455,3.095238095238096,0,975.6692566357918,1,195,0,0,0,6
CNP0587924.1,-7.2,4.192602282328904,3.05,0,1058.396281218946,1,183,0,0,0,6
CNP0588000.1,-6.0,4.209538881551674,3.155172413793104,0,1129.247090956135,2,183,0,0,0,10
CNP0588014.1,-11.4,0.864254870781628,5.511363636363637,12,3581.195621195089,15,485,18,8,5,16
CNP0588019.1,-8.6,1.595775230918724,4.75,0,731.4770123164004,3,114,6,2,0,8
CNP0588024.1,-6.7,4.237940877836143,3.0454545454545454,0,1285.4899305834,1,201,0,0,0,6
CNP0588033.1,-6.366,4.172075747508325,3.015151515151515,0,1091.141852955295,1,199,0,0,0,5
CNP0588089.1,-11.54,1.73328925049437,3.625,0,1707.0086551583097,7,261,6,5,0,20
CNP0588116.1,-6.7,4.28810987113965,3.07843137254902,0,765.7877984623739,1,157,0,0,0,6
CNP0588130.1,-6.5,4.207998906136638,3.106382978723404,0,708.0481486598776,2,146,0,0,0,6
CNP0588136.1,-10.2,0.9175476472417824,6.028985507246377,14,2707.7012240538547,19,416,18,8,4,13
CNP0588168.1,-10.8,1.0593069948696996,4.67741935483871,2,2067.7119102233573,10,290,10,7,1,10
CNP0588296.1,-9.3,1.8052735779594369,4.641025641025641,2,879.8146918832996,9,181,6,4,2,8
CNP0588343.1,-8.4,1.6001868084363888,5.666666666666667,4,1315.5329052933098,8,221,7,4,4,9
CNP0588350.1,-12.4,0.9248134801728672,6.015625,12,2543.7884296034267,12,385,18,7,5,14
CNP0588360.0,-8.3,1.5175770528242394,4.216216216216216,0,1133.0496118271303,1,156,6,1,0,7
CNP0588379.1,-9.8,1.3385798806936555,5.0,3,1140.284349187794,5,195,6,2,1,10
CNP0588417.2,-5.7,4.255917695640623,3.0615384615384613,0,979.9533201971882,1,199,0,0,0,6
CNP0588421.1,-9.435,1.2151857301004856,5.327272727272727,7,2300.175036870788,6,293,11,6,1,17
CNP0588525.2,-6.6,4.298841270935951,3.096774193548387,0,960.123502647858,1,192,0,0,0,6
CNP0588601.1,-10.7,0.9116654213426147,6.057971014492754,15,2509.335772017543,19,418,18,7,5,12
CNP0588660.1,-6.1,4.255045648571124,3.0847457627118646,0,900.455581023865,1,182,0,0,0,6
CNP0588678.0,-9.1,1.5144531103786512,4.608695652173913,2,1006.570084011626,0,106,6,1,0,7
CNP0588736.1,-6.8,4.304502390654199,3.095238095238096,0,632.3781069341127,1,130,0,0,0,6
CNP0588737.2,-6.8,3.3515482179357843,3.0,0,578.6841174443695,1,129,0,1,0,5
CNP0588761.1,-8.8,1.7185814305448184,4.021739130434782,3,1123.354742615673,4,185,26,5,0,12
CNP0588790.1,-6.2,4.237940877836144,3.0454545454545454,0,1110.32433894558,1,201,0,0,0,6
CNP0588840.1,-8.2,1.5494104446132744,4.52,0,594.2869383140073,3,113,6,3,0,7
CNP0588842.0,-5.7,2.4872656412139507,4.0,0,355.01060336945386,0,40,6,2,0,6
CNP0588923.2,-8.9,1.545830537466896,4.9393939393939394,2,1055.7808880876555,7,163,6,8,0,12
CNP0589013.2,-7.0,4.274811884840909,3.092592592592593,0,824.0319015992267,1,167,0,0,0,6
CNP0589057.1,-10.5,1.227160457693262,4.483870967741935,0,1172.3946593028074,1,139,6,2,0,6
CNP0589095.0,-7.7,1.5502149511071606,3.9130434782608696,0,628.1736414154245,0,90,6,1,0,5
CNP0589105.1,-7.9,1.2860073862368593,4.930232558139535,4,1573.462307499197,3,212,6,5,0,10
CNP0589177.4,-9.5,1.2632942814720918,5.029411764705882,3,1209.3049323474995,2,171,6,2,0,11
CNP0589237.1,-8.6,1.6010018824251229,5.56,4,571.6196406096565,7,139,6,0,3,3
CNP0589310.1,-5.0,5.258736588721347,3.185185185185185,0,2223.698937852565,5,344,0,3,0,19
CNP0589337.1,-6.16,4.258562510395798,3.130434782608696,0,705.8488310034984,2,144,0,0,0,6
CNP0589361.1,-8.2,1.1606746264804533,4.850746268656716,6,3005.547026975117,6,325,26,11,0,29
CNP0589372.1,-9.1,1.1855681054342162,4.8901098901098905,10,3806.441423895515,14,445,16,18,0,32
CNP0589431.1,-6.309,4.2804923914451365,3.072463768115942,0,1056.048306090237,1,212,0,0,0,6
CNP0589433.0,-6.223,2.704166746389917,4.142857142857143,0,383.1459762447618,0,58,6,0,0,7
CNP0589513.1,-7.0,4.257466395045703,3.0422535211267605,0,1457.1325454350258,1,216,0,0,0,6
CNP0589559.2,-6.0,4.182546123803034,3.101449275362319,0,1071.6663229364613,2,214,0,0,0,6
CNP0589564.1,-7.8,2.5929999605910306,4.161290322580645,0,1663.0379320762522,11,258,16,11,0,22
CNP0589588.1,-6.5,4.242899387800208,3.090909090909091,0,828.2001783992259,2,170,0,0,0,6
CNP0589638.2,-6.2,4.306020756016277,3.103448275862069,0,887.0943483394005,2,180,0,0,0,6
CNP0589645.1,-6.0,4.272940986948137,3.046153846153846,0,1181.2868174463365,1,198,0,0,0,6
CNP0589649.1,-8.6,1.6069066649252997,5.358974358974359,5,1031.538451910032,7,209,9,6,3,10
CNP0589650.1,-6.6,4.321165425627008,3.127272727272727,0,854.3206019132715,2,172,0,0,0,6
CNP0589701.1,-10.1,1.4585526938188156,4.458333333333333,0,1632.4575782541503,2,214,6,7,2,15
CNP0589753.1,-8.9,2.039222099392365,5.458333333333333,3,679.7524179442577,3,131,6,2,2,4
CNP0589755.0,-7.7,2.1515148012649785,4.222222222222222,2,558.7256565465747,6,114,10,1,0,4
CNP0589811.1,-7.3,4.247352787076611,3.041095890410959,0,1490.2797643629674,1,222,0,0,0,6
CNP0589862.2,-5.699,4.144188561294348,3.065573770491804,0,918.0048039396356,1,187,0,0,0,6
CNP0589872.1,-10.3,1.353043392968979,5.488888888888889,5,1936.5824448897108,4,247,6,1,1,9
CNP0589974.3,-9.599,1.3581887804063035,4.916666666666667,4,788.5601098067932,9,177,6,0,2,3
CNP0590065.0,-5.6,4.259101391671868,3.041095890410959,0,1585.7780103466976,0,222,0,0,0,6
CNP0590074.1,-9.3,1.5817948366292045,4.607142857142857,2,856.4173856527218,4,129,6,5,0,13
CNP0590144.2,-6.8,4.320360140349964,3.113207547169812,0,810.8643568139893,2,165,0,0,0,6
CNP0590222.1,-9.5,0.9559563159577183,4.985915492957746,9,2976.8290341789816,5,354,20,5,0,12
CNP0590270.1,-6.3,4.14498846904706,3.1020408163265305,0,748.6019653931004,1,152,0,0,0,6
CNP0590270.2,-6.3,4.14498846904706,3.1020408163265305,0,748.6019653931004,1,152,0,0,0,6
CNP0590289.1,-10.06,1.0528290215743672,4.943661971830986,7,2805.255529064677,7,351,16,4,1,12
CNP0590356.1,-9.8,1.276185268390139,5.230769230769231,4,1509.077249511338,13,272,6,4,3,11
CNP0590494.0,-8.4,1.6192437798859056,5.2727272727272725,4,1052.770134603555,0,116,6,1,0,5
CNP0590580.0,-9.4,1.519874175373026,4.457142857142857,0,883.7275231760362,8,156,6,8,0,13
CNP0590629.2,-6.0,4.271248778032031,3.0615384615384613,0,979.9533201971882,1,199,0,0,0,6
CNP0590669.1,-9.472,0.9067756429422188,4.965517241379311,2,3372.1174325774427,20,432,6,19,0,31
CNP0590759.0,-6.1,1.874937572994437,4.118181818181818,2,3839.481084554964,13,453,40,19,0,38
CNP0590765.2,-10.35,1.13539089005682,4.865671641791045,2,2392.751958809534,15,326,6,14,0,24
CNP0591002.1,-6.1,4.235816072720516,3.169811320754717,0,922.4550102318152,2,168,0,0,0,10
CNP0591115.1,-9.3,0.8816396445749299,5.0,9,3853.449245715444,13,455,25,9,1,13
CNP0591136.1,-6.4,4.241352877405127,3.0434782608695654,0,1469.3089143082973,1,210,0,0,0,6
CNP0591167.1,-6.6,4.2395280480661794,3.083333333333333,0,915.8541212118396,1,185,0,0,0,6
CNP0591179.1,-6.3,4.209207021722725,3.0694444444444446,0,1103.3912723652716,1,221,0,0,0,6
CNP0591179.2,-5.3,4.209207021722725,3.0694444444444446,0,1103.3912723652716,1,221,0,0,0,6
CNP0591210.1,-10.6,1.165332873539868,5.05,5,1575.130720870493,3,202,6,3,0,7
CNP0591248.1,-5.2,4.298386649556799,3.081967213114754,0,931.2895164562372,1,188,0,0,0,6
CNP0591285.1,-10.0,1.3728688944947456,5.261904761904762,6,1299.9135524849933,9,221,14,1,2,7
CNP0591294.1,-9.7,1.480563357552255,6.257142857142857,6,1325.000986962328,4,219,6,1,5,7
CNP0591321.1,-11.0,1.2171996110650534,4.809523809523809,0,1375.4979358051985,1,202,6,0,2,7
CNP0591368.1,-5.2,4.199407046665657,3.064516129032258,0,933.437618717518,1,190,0,0,0,6
CNP0591388.2,-8.2,1.7103806517097502,4.214285714285714,2,712.4023919532202,3,118,6,4,1,8
CNP0591484.1,-7.1,4.255009011018657,3.0434782608695654,0,1289.8929067794522,1,210,0,0,0,6
CNP0591509.1,-6.5,4.2557676046765085,3.044776119402985,0,1346.3179929271923,1,204,0,0,0,6
CNP0591521.1,-5.7,3.520107134541657,3.05,0,547.8989777972151,1,122,0,1,0,5
CNP0591544.1,-9.8,1.6904858262544469,6.6,5,656.4719536426356,10,165,7,4,4,5
CNP0591582.1,-4.9,4.198853376393911,3.044776119402985,0,1169.6767805043498,1,204,0,0,0,6
CNP0591593.1,-10.5,1.0851581171228366,4.365384615384615,3,1883.6503653109864,2,227,10,5,0,9
CNP0591667.1,-8.2,2.12986620575491,4.444444444444445,0,546.789921744964,8,120,6,4,1,6
CNP0591669.0,-9.1,0.6860316132188854,5.335820895522388,12,7278.626472152111,10,715,11,28,0,52
CNP0591708.0,-5.5,3.00539909297588,2.88,0,312.39419287617045,0,72,0,0,0,3
CNP0591709.1,-9.8,1.3086099736529375,4.589285714285714,2,1731.1927632537115,11,257,6,7,0,20
CNP0591812.2,-6.7,4.1499224029411765,3.0961538461538463,0,793.7370560540863,1,161,0,0,0,6
CNP0591929.2,-9.3,1.389790853639929,4.9523809523809526,2,1382.1981182577274,10,208,6,10,0,15
CNP0591996.1,-6.3,4.320620433429411,3.0961538461538463,0,793.7370560540863,1,161,0,0,0,6
CNP0591996.2,-5.9,4.320620433429411,3.0961538461538463,0,793.7370560540863,1,161,0,0,0,6
CNP0592000.2,-5.715,4.281812370792399,3.173076923076923,0,948.7585621566834,2,165,0,0,0,10
CNP0592010.1,-8.9,2.191818266039913,4.655172413793103,2,748.0888155153876,7,135,6,6,2,10
CNP0592020.1,-4.6,4.171012651702859,3.0727272727272728,0,826.2001783992259,1,169,0,0,0,6
CNP0592020.2,-6.1,4.171012651702859,3.0727272727272728,0,826.2001783992259,1,169,0,0,0,6
CNP0592022.0,-8.8,2.0682040111438544,4.611111111111111,2,704.1507044982332,2,83,6,5,0,9
CNP0592105.1,-11.08,0.8303197680754283,5.173333333333333,11,3317.337598279099,6,388,18,5,1,11
CNP0592160.1,-6.7,3.7535460656171744,3.4,0,349.9785980795679,2,68,0,2,1,4
CNP0592238.2,-6.3,4.212827664082175,3.068965517241379,0,871.9298797420311,1,178,0,0,0,6
CNP0592311.0,-6.5,1.886908069708832,5.047619047619048,3,808.7756431321068,0,106,6,0,0,6
CNP0592365.1,-5.9,3.344817510434904,3.056603773584906,0,752.2122860707696,2,162,0,1,0,5
CNP0592753.1,-6.8,4.2668598145270495,3.044776119402985,0,1572.8085675475252,1,204,0,0,0,6
CNP0592762.1,-6.2,4.286808887142546,3.1166666666666667,0,931.1388337284412,2,187,0,0,0,6
CNP0592782.0,-7.7,1.5733831289346174,3.888888888888889,0,511.5193827771673,0,70,6,2,0,5
CNP0592809.2,-9.3,1.3323129229246684,4.9,3,1116.3074964454088,5,196,6,2,1,9
CNP0592871.1,-9.5,1.4224028594564355,4.90625,2,1042.1757478018262,3,157,6,4,0,12
CNP0592883.2,-6.932,4.260505619085207,3.071428571428572,0,841.4042375522087,1,172,0,0,0,6
CNP0593066.10,-10.0,1.535772053671863,4.967741935483871,2,1122.6596344238412,4,154,6,8,0,11
CNP0593078.1,-8.6,1.7459028125808265,4.304347826086956,2,1376.643872396617,7,198,6,7,0,17
CNP0593132.1,-6.4,4.316064492105548,3.07843137254902,0,765.7877984623739,1,157,0,0,0,6
CNP0593132.2,-5.0,4.316064492105548,3.07843137254902,0,765.7877984623739,1,157,0,0,0,6
CNP0593201.3,-10.1,1.2582354686441173,5.305555555555555,3,1080.3080245833369,5,191,6,2,1,8
CNP0593201.4,-10.1,1.2582354686441173,5.305555555555555,3,1080.3080245833369,5,191,6,2,1,8
CNP0593230.1,-7.9,2.677095287808521,3.954545454545455,0,504.0203521787346,4,87,6,2,0,7
CNP0593329.1,-10.2,0.9321549949683736,4.976470588235294,7,3841.5680237685706,7,423,21,5,1,14
CNP0593339.2,-6.9,4.25502402985347,3.1186440677966103,0,904.4555810238649,3,184,0,0,0,6
CNP0593388.2,-7.4,4.332525090563273,3.106382978723404,0,718.7231403082028,1,146,0,0,0,6
CNP0593400.2,-5.95,4.300078899055199,3.113207547169812,0,810.8643568139893,2,165,0,0,0,6
CNP0593475.0,-7.9,2.337172701984033,4.433333333333334,0,1063.729352425116,0,133,6,1,0,11
CNP0593507.0,-10.1,1.3697086100571694,5.096774193548387,4,1498.4791010910174,0,158,6,2,0,7
CNP0593519.1,-6.2,4.264402881562686,3.0508474576271185,0,1128.8463456963368,1,180,0,0,0,6
CNP0593524.3,-9.669,1.1346561798043897,4.79245283018868,2,1914.406790938667,10,254,6,10,0,17
CNP0593610.1,-7.1,4.253477023568172,3.044776119402985,0,1301.75583394077,1,204,0,0,0,6
CNP0593640.1,-8.7,2.569834659280083,3.971830985915493,0,2141.639284330507,9,282,25,9,0,22
CNP0593656.1,-5.9,3.740046896825842,3.7142857142857135,0,2487.1446013669533,13,338,31,18,0,31
CNP0593728.1,-9.6,1.3082861202724927,5.517241379310345,3,745.1674269731577,4,160,6,3,2,4
CNP0593731.0,-8.1,2.2241529610099606,5.0,2,650.2319272336217,0,90,6,0,0,8
CNP0593742.4,-12.2,0.8137351231250403,5.69811320754717,7,1678.9348278522682,13,302,6,2,3,11
CNP0593772.1,-6.3,4.309242431191876,3.111111111111111,0,826.0319015992267,2,168,0,0,0,6
CNP0593859.2,-6.7,4.209538881551674,3.155172413793104,0,1129.2470909561348,2,183,0,0,0,10
CNP0593876.1,-5.8,4.257883881898671,3.098360655737705,0,944.6132219175344,1,189,0,0,0,6
CNP0593881.1,-10.0,1.4442619455508323,5.051724137931035,5,1938.7280878558809,9,293,18,7,3,21
CNP0593961.0,-6.3,3.064770957862965,2.918918918918919,0,473.67991932797673,0,108,0,1,0,3
CNP0594093.0,-7.652,4.251082737206399,3.037974683544304,0,1346.6232700133094,0,240,0,0,0,6
CNP0594102.2,-4.815,4.313772600331729,3.0892857142857144,0,854.48566617755,1,173,0,0,0,6
CNP0594139.1,-6.7,3.328828244934824,3.0,0,661.2383285852959,1,138,0,1,0,5
CNP0594153.1,-5.7,4.253253307585382,3.113207547169812,0,810.8643568139893,2,165,0,0,0,6
CNP0594279.0,-11.0,1.1396779862454045,5.0,4,1902.2916954434447,5,220,6,6,0,13
CNP0594323.2,-9.8,1.2957300996391965,5.033333333333333,3,1047.1496699800027,1,151,6,2,1,8
CNP0594408.1,-6.3,4.304724253441487,3.074074074074074,0,811.0359738332005,1,166,0,0,0,6
CNP0594419.0,-7.3,1.537595797414814,3.952380952380953,2,539.2542349123928,0,83,6,3,0,8
CNP0594449.1,-7.168,2.330884548886423,4.034883720930233,0,2074.5108200531954,27,347,42,18,0,23
CNP0594544.1,-5.6,4.182474135569553,3.063492063492064,0,948.906932943159,1,193,0,0,0,6
CNP0594544.2,-5.8,4.182474135569553,3.063492063492064,0,948.906932943159,1,193,0,0,0,6
CNP0594564.1,-9.9,1.6503619695011782,5.741935483870968,5,1154.2061551345168,3,178,7,1,2,6
CNP0594633.1,-6.1,4.074566979815384,3.0517241379310347,0,858.8066324051229,1,177,0,0,0,6
CNP0594684.1,-6.4,4.272895035001858,3.0508474576271185,0,1172.4050053323344,1,180,0,0,0,6
CNP0594708.0,-10.3,1.3120707691675508,4.766666666666667,2,1323.9110121553588,0,143,6,0,0,7
CNP0594744.1,-5.9,4.25576760467651,3.044776119402985,0,1126.2153914426858,1,204,0,0,0,6
CNP0594751.1,-11.0,1.0298974595744126,4.855263157894737,9,3253.655473072837,8,369,24,9,0,19
CNP0594776.0,-7.6,4.118649425697719,3.127272727272727,0,1106.0472126152638,2,172,0,0,0,9
CNP0594831.2,-5.8,4.193430839390103,3.1,0,917.8541212118396,2,186,0,0,0,6
CNP0594888.1,-7.9,1.404607629795886,4.76,3,779.9599655614896,1,119,9,1,0,8
CNP0594916.1,-8.5,1.4813741346374318,5.607142857142857,5,798.0273996751814,9,157,10,1,2,8
CNP0594933.1,-9.2,1.61939371181229,4.354838709677419,0,920.9335317659798,3,135,6,4,1,8
CNP0595022.1,-5.3,4.196297915302922,3.1311475409836067,0,948.6132219175342,3,191,0,0,0,6
CNP0595087.2,-5.9,4.223133430034648,3.0847457627118646,0,900.455581023865,1,182,0,0,0,6
CNP0595119.2,-5.7,4.265954376618989,3.0434782608695654,0,1114.727315141632,1,210,0,0,0,6
CNP0595134.1,-6.2,4.269508248694951,3.0793650793650795,0,962.269111412202,1,194,0,0,0,6
CNP0595289.1,-5.919,4.249990432333429,3.038961038961039,0,1286.783834528651,1,234,0,0,0,6
CNP0595321.4,-10.9,0.9945658382129046,5.043478260869565,3,1440.0503067062414,5,232,6,2,1,10
CNP0595352.0,-8.4,1.5949545395457077,5.083333333333333,4,818.8739409186325,0,122,6,1,1,4
CNP0595398.1,-9.1,1.341826117195289,4.642857142857143,0,800.3822059994384,3,130,6,3,0,7
CNP0595400.0,-12.4,0.964380544713201,5.491525423728813,4,1565.959242395288,22,324,6,7,5,17
CNP0595406.1,-9.8,0.893809650568539,5.954022988505747,14,2995.090247561038,27,518,7,11,6,15
CNP0595416.0,-7.3,1.1372664656510356,4.695652173913044,4,936.5540341075993,0,108,6,2,0,2
CNP0595637.1,-8.014,1.5067410487282389,4.172413793103448,2,645.7650470579182,2,121,6,2,0,6
CNP0595647.1,-11.8,0.9516324741806144,6.0,12,2723.4754500715985,11,378,18,7,3,14
CNP0595668.1,-10.0,1.4571715814261992,5.575757575757576,5,1146.4362686814873,3,184,6,2,3,7
CNP0595685.1,-9.9,1.564331198714619,5.285714285714286,4,692.154111115699,3,111,7,2,0,7
CNP0595693.1,-6.7,4.255767604676509,3.044776119402985,0,1213.426762031102,1,204,0,0,0,6
CNP0595751.2,-6.9,4.197268868825709,3.087719298245614,0,869.7708857348125,1,176,0,0,0,6
CNP0595765.1,-5.2,4.254981192386163,3.1166666666666667,0,931.1388337284412,2,187,0,0,0,6
CNP0595776.1,-6.6,4.213882716983831,3.044776119402985,0,1481.5035454947315,1,204,0,0,0,6
CNP0595779.1,-6.2,4.328923207584542,3.0930232558139537,0,647.0194034073048,1,133,0,0,0,6
CNP0595835.1,-6.403,4.328829923031511,3.150943396226415,0,825.8602845800154,3,167,0,0,0,6
CNP0595835.2,-6.461,4.328829923031511,3.150943396226415,0,825.8602845800154,3,167,0,0,0,6
CNP0595914.1,-9.5,1.2210426219828605,4.975609756097561,4,1495.0182951223435,4,204,6,4,3,9
CNP0595949.1,-10.1,0.92317303166208,5.073684210526316,12,4070.369452714722,15,482,25,9,1,13
CNP0596111.1,-10.4,1.05915629620524,4.9,4,1319.7009423264017,1,147,6,3,0,6
CNP0596116.1,-5.9,4.204175542639198,3.109090909090909,0,841.2391732879302,2,171,0,0,0,6
CNP0596116.2,-6.1,4.204175542639198,3.109090909090909,0,841.2391732879302,2,171,0,0,0,6
CNP0596191.1,-7.0,2.355906266959672,3.696969696969697,0,662.2039660028155,6,122,6,5,0,14
CNP0596200.1,-6.258,4.212638590782216,3.127272727272727,0,843.23917328793,3,172,0,0,0,6
CNP0596200.2,-6.094,4.212638590782216,3.127272727272727,0,843.23917328793,3,172,0,0,0,6
CNP0596239.1,-10.7,1.4000116265899438,5.818181818181818,4,926.8262041427912,8,192,6,0,4,3
CNP0596380.1,-6.3,4.229161930214299,3.044117647058824,0,1098.8739861001195,1,207,0,0,0,6
CNP0596441.1,-10.2,1.216009685960587,5.781818181818182,10,2163.117217974167,8,318,10,3,1,15
CNP0596493.4,-10.7,1.2421866999653344,5.230769230769231,3,1327.36904829922,7,204,6,2,1,8
CNP0596505.2,-6.1,4.274688956626989,3.0704225352112675,0,1087.577689660487,1,218,0,0,0,6
CNP0596607.0,-8.0,2.120042410894931,4.818181818181818,3,1085.6872601977338,1,159,6,2,1,10
CNP0596609.1,-6.4,4.283974342984045,3.096774193548387,0,960.123502647858,1,192,0,0,0,6
CNP0596632.0,-11.4,1.1647710484910103,4.96969696969697,4,1150.6318998701358,0,164,6,2,1,7
CNP0596665.1,-7.4,4.257466395045703,3.0422535211267605,0,1457.1325454350258,1,216,0,0,0,6
CNP0596675.1,-6.5,4.139359797355056,3.015625,0,1145.994970325234,1,193,0,0,0,5
CNP0596706.1,-11.8,1.3353196044524385,4.6,3,898.467404011828,2,138,10,1,0,5
CNP0596781.1,-6.7,4.27356367116318,3.088235294117647,0,1053.9160557140751,1,210,0,0,0,6
CNP0596781.2,-5.4,4.27356367116318,3.088235294117647,0,1053.9160557140751,1,210,0,0,0,6
CNP0596785.1,-5.8,4.136025040268718,3.1724137931034484,0,916.0917655547928,3,184,0,2,0,9
CNP0596860.1,-6.5,4.117464486188584,3.103448275862069,0,887.0943483394005,2,180,0,0,0,6
CNP0596908.2,-7.0,4.283857326313376,3.0491803278688523,0,988.8131644856636,1,186,0,0,0,6
CNP0596952.1,-6.3,4.278113090720368,3.1666666666666665,0,1151.7197096044783,2,171,0,0,0,10
CNP0596972.1,-6.4,4.263826239358643,3.0422535211267605,0,1548.1310743508625,1,216,0,0,0,6
CNP0597003.1,-8.1,1.85482167060516,5.333333333333333,3,464.4588728849873,5,112,6,0,3,1
CNP0597021.1,-5.909,4.300109027629983,3.173076923076923,0,865.4121336176894,2,165,0,0,0,10
CNP0597118.1,-10.2,0.9846019999711524,4.565217391304348,0,2447.904224432597,8,315,6,8,1,10
CNP0597463.1,-10.6,1.5782825773101448,6.09375,5,900.0780492356196,9,195,6,1,5,3
CNP0597545.1,-6.3,4.169311550303069,3.0434782608695654,0,1158.090328044891,1,210,0,0,0,6
CNP0597574.1,-7.5,4.25829084143453,3.046153846153846,0,1225.1308970455705,1,198,0,0,0,6
CNP0597579.1,-6.3,4.260834701548806,3.0434782608695654,0,1469.3089143082973,1,210,0,0,0,6
CNP0597627.1,-6.2,4.2640900355568725,3.041095890410959,0,1444.975142500553,1,222,0,0,0,6
CNP0597715.1,-9.07,1.489130642377722,5.181818181818182,4,804.487033777576,2,114,6,1,0,3
CNP0597750.1,-8.2,2.0427718667332835,4.512820512820513,3,1130.2756477137364,7,176,15,4,1,11
CNP0597900.1,-6.4,4.236700331658832,3.0422535211267605,0,1411.9874990010546,1,216,0,0,0,6
CNP0597959.1,-6.051,4.167151710088096,3.0161290322580645,0,985.59854610467,1,187,0,0,0,5
CNP0597984.1,-10.4,0.9786654890557492,4.5606060606060606,0,2348.0361849157043,8,301,6,8,1,10
CNP0598044.2,-10.78,1.3719478420424984,4.625,4,1285.374981584872,1,148,6,3,1,8
CNP0598046.1,-6.0,5.252162376634006,3.2,0,2274.9694660775767,5,320,0,3,0,19
CNP0598055.0,-11.2,1.303627502010532,4.714285714285714,0,1451.665488456969,0,165,6,2,0,14
CNP0598176.1,-8.7,1.5420995126094843,6.541666666666667,6,937.30548565169,3,157,6,4,2,6
CNP0598241.0,-5.6,4.06419903505158,3.103448275862069,0,922.1538978904764,2,180,0,2,0,10
CNP0598246.0,-9.8,1.3187899269726937,4.733333333333333,2,1309.726876990659,0,142,6,0,0,7
CNP0598266.1,-8.3,2.4332057919358707,4.2,2,809.1715153485881,6,147,15,5,0,12
CNP0598363.1,-6.7,4.159123696256578,3.1153846153846154,0,795.7370560540863,2,162,0,0,0,6
CNP0598365.0,-9.9,1.5027759251511448,4.84375,0,1336.994674946303,0,155,6,3,0,8
CNP0598448.1,-11.1,1.494978701688722,6.0,4,890.2362189419488,9,204,6,3,6,4
CNP0598458.1,-8.5,1.2489949452613958,5.0,4,1616.933385939769,3,215,6,5,0,10
CNP0598471.1,-6.6,4.272895035001857,3.0508474576271185,0,1172.4050053323344,1,180,0,0,0,6
CNP0598495.1,-7.1,2.196835789738104,4.8125,2,305.4967829645392,5,77,6,1,0,5
CNP0598516.0,-5.1,3.1552800835051924,2.7777777777777777,0,94.95878455585176,0,25,0,2,0,4
CNP0598538.1,-5.254,4.172075747508328,3.015151515151515,0,1048.18392256925,1,199,0,0,0,5
CNP0598589.2,-6.9,4.298262279866932,3.101694915254237,0,902.455581023865,2,183,0,0,0,6
CNP0598644.2,-5.94,4.200485900119327,3.0923076923076924,0,995.3909390726848,2,201,0,0,0,6
CNP0598781.1,-9.1,1.3238468137696446,4.307692307692308,6,3362.1351747762205,9,392,33,18,0,33
CNP0598865.1,-8.2,0.9354857746775044,4.909774436090226,13,5687.9945692181145,23,653,16,24,0,44
CNP0598942.2,-5.7,4.258740300594468,3.103448275862069,0,887.0943483394005,2,180,0,0,0,6
CNP0599067.1,-6.1,4.194998150354503,3.083333333333333,0,720.9179647466029,1,148,0,0,0,6
CNP0599067.2,-6.3,4.194998150354503,3.083333333333333,0,720.9179647466029,1,148,0,0,0,6
CNP0599072.1,-5.8,4.312665656142326,3.107142857142857,0,856.48566617755,2,174,0,0,0,6
CNP0599081.2,-9.2,1.4718175714782562,4.903225806451613,3,914.4446388763752,6,152,7,5,0,8
CNP0599230.1,-7.5,2.1662526600112133,4.5,2,570.2349444393093,6,117,6,2,1,7
CNP0599247.1,-6.4,4.274992247319643,3.047619047619047,0,1281.067258815358,1,192,0,0,0,6
CNP0599374.1,-12.9,1.1546958562988123,5.794117647058823,5,902.6546751861774,12,197,6,2,2,7
CNP0599423.0,-8.7,1.811351696333958,4.909090909090909,2,897.3998477793698,0,108,6,1,0,6
CNP0599506.1,-5.9,4.211385569860279,3.0727272727272728,0,826.2001783992259,1,169,0,0,0,6
CNP0599546.1,-6.2,4.249251293820319,3.0793650793650795,0,962.269111412202,1,194,0,0,0,6
CNP0599609.1,-6.335,4.208706154717786,3.064516129032258,0,933.437618717518,1,190,0,0,0,6
CNP0599609.2,-6.589,4.208706154717786,3.064516129032258,0,933.437618717518,1,190,0,0,0,6
CNP0599618.1,-11.5,1.2533145865303346,5.138888888888889,3,1423.747017279337,1,185,9,1,0,12
CNP0599717.1,-8.3,1.9283413843202728,4.964285714285714,2,710.6190013139345,6,139,6,3,2,6
CNP0599758.1,-6.9,4.283093481500909,3.0851063829787235,0,706.0481486598777,1,145,0,0,0,6
CNP0599758.2,-6.8,4.283093481500909,3.0851063829787235,0,706.0481486598777,1,145,0,0,0,6
CNP0599794.1,-7.4,4.238666301332449,3.046875,0,1341.9020970404583,1,195,0,0,0,6
CNP0599825.2,-6.4,4.130280570901584,3.076923076923077,0,981.9533201971884,2,200,0,0,0,6
CNP0599893.1,-8.9,1.7860109924712164,4.962962962962963,3,707.1379302216144,7,134,7,1,2,3
CNP0599924.1,-9.7,0.8408592930972569,5.675,14,2875.4750120656786,18,454,19,3,2,12
CNP0599934.1,-6.0,4.066999133195766,3.076923076923077,0,780.8292403603875,1,160,0,0,0,6
CNP0599934.2,-6.6,4.066999133195766,3.076923076923077,0,780.8292403603875,1,160,0,0,0,6
CNP0599950.2,-8.008,2.192675234420471,4.176470588235294,0,1314.7743202689976,6,213,6,5,0,15
CNP0599960.1,-10.4,1.162693191382176,4.836734693877551,6,2026.5245827877773,3,237,18,4,0,8
CNP0600031.1,-8.0,1.854013935426128,5.166666666666667,3,548.1731691305778,6,124,6,0,2,2
CNP0600093.0,-3.9,2.184105569636068,3.333333333333333,0,109.10850553448522,0,20,5,1,0,2
CNP0600171.0,-10.1,1.4835794135599727,4.72093023255814,0,1608.3212311763243,2,203,5,4,0,10
CNP0600228.0,-7.6,1.7343330063385982,5.789473684210527,4,416.3686368925557,8,110,7,1,1,4
CNP0600254.2,-13.1,1.3482668751528597,5.971428571428572,5,1088.8639424644675,9,209,7,2,4,7
CNP0600263.1,-6.9,4.267655025775426,3.044776119402985,0,1301.7558339407703,1,204,0,0,0,6
CNP0600290.1,-9.078,1.774326153511333,4.043478260869565,0,654.6262170894264,2,93,6,5,0,8
CNP0600456.1,-10.3,1.105163884904253,4.953488372093023,3,1339.657816746871,5,213,6,2,1,9
CNP0600506.1,-6.6,4.261778318664363,3.047619047619047,0,1192.9195292832674,1,192,0,0,0,6
CNP0600521.3,-10.3,1.0095318762879184,5.061224489795919,3,1525.9635135526653,8,248,6,2,1,10
CNP0600587.2,-5.918,4.269303668729748,3.1,0,917.8541212118396,2,186,0,0,0,6
CNP0600615.1,-6.2,4.26131943564114,3.044117647058824,0,1013.2748851686924,1,207,0,0,0,6
CNP0600653.1,-6.5,3.442371431332263,3.04,0,692.9755751142621,1,152,0,1,0,5
CNP0600676.3,-10.5,1.1060732230530197,5.511627906976744,7,1801.427660120969,3,237,6,0,0,13
CNP0600678.2,-6.6,4.319880551852797,3.113207547169812,0,810.8643568139893,2,165,0,0,0,6
CNP0600691.2,-9.1,1.74564439367674,5.1,2,645.954679038616,4,102,6,5,0,10
CNP0600834.1,-6.6,4.235808916617421,3.044776119402985,0,1346.3179929271923,1,204,0,0,0,6
CNP0600853.1,-8.7,1.6537254957916083,5.153846153846154,3,948.0017486848942,1,134,6,4,1,7
CNP0600878.3,-9.3,1.4014746287004896,4.967741935483871,3,872.6906329539298,6,154,6,3,2,10
CNP0601016.1,-5.4,4.204172831141835,3.046153846153846,0,1181.2868174463365,1,198,0,0,0,6
CNP0601075.1,-7.1,2.349745028402355,3.772727272727273,0,538.7714166990161,1,83,6,2,0,9
CNP0601076.0,-5.1,2.251342738907078,3.6,0,205.6381691811921,0,36,6,1,0,1
CNP0601084.0,-10.2,1.3571634198943117,4.923076923076923,3,1157.818830804454,0,128,6,0,0,4
CNP0601131.1,-6.3,4.043389844964209,3.1041666666666665,0,722.917964746603,2,149,0,0,0,6
CNP0601141.0,-7.9,1.8641777488628528,4.277777777777778,2,631.4141157558022,0,77,6,2,0,5
CNP0601178.0,-6.768,4.254079418132239,3.037037037037037,0,1239.3398028887173,0,246,0,0,0,6
CNP0601197.1,-9.5,1.3197273262716405,5.064516129032258,4,885.7835592164587,3,157,6,1,2,5
CNP0601277.0,-9.7,1.2607505432279458,4.869565217391305,2,762.021841298634,1,112,6,0,1,4
CNP0601309.1,-11.7,0.872887095061231,5.575,15,3273.693576531176,13,446,26,4,5,6
CNP0601313.2,-11.1,0.998621070412019,5.0638297872340425,3,1505.3171727491326,5,238,6,2,1,10
CNP0601347.1,-7.9,1.36379665188429,4.266666666666667,0,615.5694735604799,5,128,6,3,0,7
CNP0601456.1,-9.2,2.02724734464186,4.125,0,904.8117346463946,3,132,12,3,0,9
CNP0601460.2,-6.3,4.176668208177775,3.09375,0,979.812454545288,2,198,0,0,0,6
CNP0601497.1,-6.0,4.249139982428576,3.041095890410959,0,1222.2029808993375,1,222,0,0,0,6
CNP0601601.1,-8.1,1.7357764447924102,4.260869565217392,2,681.7734708342072,1,98,6,3,0,6
CNP0601613.1,-6.458,4.313442018430207,3.107142857142857,0,867.6089135144581,1,174,0,0,0,6
CNP0601614.0,-8.264,1.5363924542179166,4.413793103448276,2,1110.9323416924065,0,128,6,2,0,9
CNP0601617.1,-4.78,4.186655431854318,3.047619047619047,0,935.583227481862,1,192,0,0,0,6
CNP0601617.2,-6.098,4.186655431854318,3.047619047619047,0,935.583227481862,1,192,0,0,0,6
CNP0601732.1,-6.1,4.223566016231839,3.0517241379310347,0,858.8066324051229,1,177,0,0,0,6
CNP0601732.2,-6.7,4.223566016231839,3.0517241379310347,0,858.8066324051229,1,177,0,0,0,6
CNP0601752.1,-8.6,1.4814034472848794,5.148936170212766,3,1707.4371733851997,4,242,7,2,1,12
CNP0601760.1,-8.6,1.3657927006321366,5.029411764705882,3,1212.5565437266007,1,171,6,2,0,11
CNP0601772.1,-5.455,4.167472146663161,3.014705882352941,0,1122.8413658277696,1,205,0,0,0,5
CNP0601843.1,-6.0,4.242533957450648,3.0508474576271185,0,1042.6249095735377,1,180,0,0,0,6
CNP0601961.1,-7.6,4.163879107668857,3.015625,0,1233.5869851960954,1,193,0,0,0,5
CNP0602009.1,-10.6,1.0446873620029442,4.626666666666667,6,3003.5522501023315,6,347,19,8,0,13
CNP0602048.2,-5.4,4.1778894502950825,3.087719298245614,0,869.7708857348125,1,176,0,0,0,6
CNP0602065.1,-9.0,0.815294485048039,5.427083333333333,5,2694.842336360713,38,521,6,18,6,31
CNP0602258.1,-6.7,3.4721851056483946,3.1,0,709.6016595041611,3,155,0,1,0,5
CNP0602288.2,-5.7,4.278113090720368,3.1666666666666665,0,1065.2957044960483,2,171,0,0,0,10
CNP0602317.1,-10.2,1.328337960761054,4.924242424242424,0,2380.516377788504,13,325,6,14,2,23
CNP0602331.2,-9.4,1.785014800433683,4.451612903225806,2,1140.9071522985705,2,138,6,3,0,8
CNP0602419.2,-8.663,1.5612911561176757,6.807692307692308,7,783.160682166636,10,177,6,2,1,4
CNP0602419.3,-8.296,1.5612911561176757,6.807692307692308,7,783.160682166636,10,177,6,2,1,4
CNP0602419.4,-8.314,1.5612911561176757,6.807692307692308,7,783.160682166636,10,177,6,2,1,4
CNP0602482.0,-9.5,1.3393430149966357,4.625,0,1122.2934445373826,1,148,6,2,0,9
CNP0602485.2,-6.9,4.315278959125425,3.0980392156862746,0,778.6505281013842,1,158,0,0,0,6
CNP0602532.1,-9.6,1.510862682041613,4.805555555555555,3,1379.440016044634,2,173,6,4,1,10
CNP0602552.2,-9.309,1.3356861631283123,4.764705882352941,3,1184.1667066335797,3,162,6,2,1,13
CNP0602581.1,-6.3,3.5780602486250745,3.066666666666667,0,408.3431636711631,1,92,0,1,0,5
CNP0602637.1,-10.9,1.2167760880290146,5.206896551724138,4,2288.0957250007177,12,302,7,11,1,21
CNP0602648.2,-5.8,4.234618201399666,3.087719298245614,0,869.7708857348125,1,176,0,0,0,6
CNP0602713.1,-9.2,1.1271145204015067,4.888888888888889,4,2196.9188143517554,5,264,6,3,0,8
CNP0602720.0,-5.2,3.6320722790736113,3.1578947368421053,0,166.8771237954945,0,60,0,0,1,0
CNP0602721.1,-7.1,1.0934049376049115,4.316901408450704,0,4631.719844496083,22,613,6,27,0,53
CNP0602758.0,-9.1,1.3684010257601873,5.433333333333334,4,1176.1699290683378,0,163,6,0,1,6
CNP0602770.1,-6.2,4.272940986948135,3.046153846153846,0,1269.2512843144768,1,198,0,0,0,6
CNP0602833.6,-10.4,1.4886604151036198,5.958333333333333,6,867.8911601508711,5,143,6,3,0,4
CNP0602856.0,-8.8,1.6745516255562436,5.068965517241379,4,807.6983003627336,7,147,12,1,1,5
CNP0602859.4,-7.3,2.069792321534392,4.5,0,738.345195234448,2,108,5,1,1,6
CNP0602883.1,-6.6,4.260834701548806,3.0434782608695654,0,1606.376405000162,1,210,0,0,0,6
CNP0602929.1,-6.2,4.244758607726183,3.065573770491804,0,918.0048039396356,1,187,0,0,0,6
CNP0602929.2,-5.7,4.244758607726183,3.065573770491804,0,918.0048039396356,1,187,0,0,0,6
CNP0602932.0,-6.348,4.272531538344229,3.0434782608695654,0,1223.892906779453,0,210,0,0,0,6
CNP0602990.0,-9.238,2.054769996321407,5.944444444444445,3,503.5109931729357,5,107,5,2,2,5
CNP0603079.0,-8.8,1.339395958801328,5.5,5,966.3076858382694,0,132,6,1,0,5
CNP0603088.1,-6.3,4.187366174308399,3.15,0,1382.4023126167951,2,189,0,0,0,10
CNP0603117.1,-7.1,4.259163840525137,3.0491803278688523,0,1074.1997453699842,1,186,0,0,0,6
CNP0603129.0,-8.9,1.328260076242456,4.357142857142857,0,937.6336745461854,0,122,6,1,0,8
CNP0603145.0,-7.6,2.513583626946971,4.0588235294117645,0,474.8930431329287,0,69,5,2,0,4
CNP0603147.1,-10.29,1.0133082664379374,5.121621621621622,9,2784.585384133936,14,379,12,6,2,11
CNP0603263.2,-6.5,4.232237176362276,3.083333333333333,0,915.8541212118396,1,185,0,0,0,6
CNP0603301.1,-6.8,4.27902329402996,3.046153846153846,0,1448.3323757315438,1,198,0,0,0,6
CNP0603345.0,-9.4,1.4809508702995942,5.8,4,669.6362067369071,7,145,6,1,2,5
CNP0603482.1,-6.3,4.267655025775425,3.044776119402985,0,1391.1347818748943,1,204,0,0,0,6
CNP0603545.1,-6.1,4.150563615408607,3.015151515151515,0,1310.3166317668292,1,199,0,0,0,5
CNP0603550.1,-6.5,4.259101391671868,3.041095890410959,0,1720.1939827552228,1,222,0,0,0,6
CNP0603553.1,-7.1,4.32178581442995,3.142857142857143,0,646.7998251881704,2,132,0,0,0,6
CNP0603657.1,-10.3,1.3457852032415425,5.4375,4,1132.7807525257426,2,174,6,0,1,7
CNP0603695.1,-9.2,1.1904208810232353,4.86,2,1807.2507132296807,2,243,6,6,1,20
CNP0603716.1,-11.3,1.338086997102914,6.533333333333333,8,1534.000390190594,2,196,7,1,0,6
CNP0603727.1,-9.7,1.4851787949635171,5.0606060606060606,3,1286.288673433364,2,167,7,1,0,6
CNP0603727.2,-9.6,1.4851787949635171,5.0606060606060606,3,1286.288673433364,2,167,7,1,0,6
CNP0603833.1,-6.7,2.099018802471901,4.733333333333333,2,291.7138257618324,3,71,6,0,1,1
CNP0603847.1,-8.0,1.5647745192702174,5.12,3,657.1379806199103,1,128,6,0,1,6
CNP0603933.1,-10.63,1.369358180593772,6.2,6,1411.9164933812556,16,279,6,4,5,12
CNP0603972.1,-7.6,1.8830515346985857,4.2,0,400.839469758305,2,84,6,3,1,5
CNP0603973.1,-9.1,1.3813406050863726,4.548387096774194,2,812.7240819606744,3,141,6,3,0,9
CNP0604044.1,-6.6,4.23714678831954,3.0847457627118646,0,900.455581023865,1,182,0,0,0,6
CNP0604058.2,-4.1,4.272622414460513,3.0933333333333333,0,1166.8439899771895,2,232,0,0,0,6
CNP0604101.2,-6.4,4.144657042817348,3.056603773584906,0,783.0043330586739,1,162,0,0,0,6
CNP0604214.0,-8.2,1.7414845095778526,4.142857142857143,0,793.0408092682212,0,116,6,2,0,7
CNP0604215.2,-5.6,4.245368897994728,3.125,0,995.2500734207848,3,200,0,0,0,6
CNP0604227.1,-9.8,0.9098314208412072,6.073529411764706,15,2626.4422816647493,19,413,18,8,4,13
CNP0604435.0,-4.7,3.0840733025762748,2.833333333333333,0,118.17252007189916,1,34,0,0,0,1
CNP0604452.1,-5.8,4.229867307125868,3.048387096774193,0,1090.0349797478434,1,189,0,0,0,6
CNP0604552.3,-12.9,1.0126711062223368,5.333333333333333,6,1315.6702376050282,10,224,6,4,2,10
CNP0604634.1,-6.1,4.285830834082986,3.0535714285714284,0,953.1942731855872,1,171,0,0,0,6
CNP0604778.1,-10.2,1.2779584213709063,5.361111111111111,4,1354.366797285718,4,193,6,2,1,6
CNP0604804.1,-8.6,1.1217917035770109,5.093333333333334,5,2187.5543681380373,21,382,6,9,6,16
CNP0604811.1,-6.0,4.265508339120658,3.101694915254237,0,902.4555810238649,2,183,0,0,0,6
CNP0604811.2,-5.8,4.265508339120658,3.101694915254237,0,902.4555810238649,2,183,0,0,0,6
CNP0604864.2,-5.6,4.234879763568161,3.0588235294117645,0,1026.786022138687,1,208,0,0,0,6
CNP0604865.1,-5.8,4.187366174308399,3.15,0,1382.4023126167951,2,189,0,0,0,10
CNP0604941.0,-7.6,1.581001889812052,4.666666666666667,3,869.1313583189516,0,98,6,1,0,5
CNP0605062.0,-9.3,1.4685454591882467,4.551724137931035,0,1035.016984996787,0,132,6,1,0,9
CNP0605064.1,-9.3,1.5765011778627946,5.03125,3,1115.5607478017414,3,161,6,4,1,9
CNP0605067.1,-6.1,4.251338717012292,3.0508474576271185,0,1042.6249095735373,1,180,0,0,0,6
CNP0605295.1,-9.4,1.4766780364028662,5.5,4,1191.9854201786752,4,176,6,3,1,8
CNP0605322.1,-10.7,1.190999512622552,4.416666666666667,0,1172.3131021835484,1,159,6,1,0,6
CNP0605495.1,-6.3,4.260834701548806,3.0434782608695654,0,1514.770222838704,1,210,0,0,0,6
CNP0605510.1,-6.8,4.2668598145270495,3.044776119402985,0,1257.4560233034704,1,204,0,0,0,6
CNP0605549.0,-7.865,1.5772432713351383,4.285714285714286,0,975.9046807299144,0,120,6,0,0,6
CNP0605587.0,-6.6,1.8157551774886995,4.294117647058823,0,536.9470467453648,0,73,6,0,0,5
CNP0605590.0,-9.4,1.5340496693680017,4.225806451612903,0,1104.9713074936967,0,131,6,3,0,7
CNP0605850.1,-5.4,4.17280569826094,3.0980392156862746,0,778.6505281013842,1,158,0,0,0,6
CNP0605857.1,-8.874,1.5403641268209756,5.107142857142857,3,744.9329270970666,3,143,6,1,1,6
CNP0605871.0,-5.6,2.293361701729821,3.636363636363636,0,268.0201725709103,0,40,6,1,0,2
CNP0605906.1,-8.9,1.1551328863979833,4.7,2,1634.9819721024376,11,235,10,8,0,10
CNP0605909.1,-10.54,0.9692246631957168,3.911111111111111,5,1689.456083097974,22,352,66,2,0,6
CNP0605968.1,-9.5,1.5498450984455123,6.545454545454546,6,979.828925529848,12,216,6,4,4,7
CNP0606015.0,-9.9,1.218102928121212,5.125,4,1167.8010605914762,0,164,6,2,1,8
CNP0606137.1,-5.65,4.239450680052908,3.0535714285714284,0,828.3652426635044,1,171,0,0,0,6
CNP0606210.3,-10.1,1.1704198742382377,5.073170731707317,3,1165.124435010713,6,208,6,2,1,9
CNP0606379.0,-10.0,1.6905487746780727,3.9,0,1306.3749757065866,2,156,5,10,0,17
CNP0606456.1,-6.532,4.293073310834339,3.0727272727272728,0,826.2001783992259,1,169,0,0,0,6
CNP0606527.0,-8.9,1.7878178237200524,4.25,0,836.4624068686308,0,102,6,2,0,8
CNP0606626.1,-7.0,4.229161930214299,3.044117647058824,0,1273.6606183410129,1,207,0,0,0,6
CNP0606667.2,-6.0,4.081771457991478,3.068965517241379,0,871.9298797420311,1,178,0,0,0,6
CNP0079089.1,-9.4,1.583433436949514,5.03125,2,1235.4577934382494,5,161,6,8,0,12
CNP0079089.2,-9.0,1.583433436949514,5.03125,2,1235.4577934382494,5,161,6,8,0,12
CNP0079151.0,-7.0,2.2456729870776893,3.6666666666666665,0,489.07462890759984,1,77,6,0,1,1
CNP0079165.0,-8.7,1.9178894372377504,4.961538461538462,3,891.8076363916044,1,129,6,0,1,6
CNP0079201.0,-9.603,0.8747831426167004,5.586206896551724,6,2445.852086778535,34,486,6,13,7,27
CNP0079246.1,-8.5,1.5169391810056,5.461538461538462,6,1746.9587788380154,8,284,6,6,4,16
CNP0079258.0,-5.2,2.3473392699658864,3.7,0,261.02000735734487,0,37,6,0,0,1
CNP0079292.0,-7.0,1.909767151156165,4.666666666666667,2,304.91585236114145,4,84,5,0,1,4
CNP0079464.4,-8.5,1.7433222830269597,5.925925925925926,4,753.5879750389424,4,160,6,0,4,3
CNP0079514.1,-11.0,1.3544152242991865,4.951219512195122,2,1074.3231413306094,9,203,6,2,5,11
CNP0079515.1,-10.8,1.3606643406516012,5.102564102564102,2,864.3905686984326,10,199,6,4,6,9
CNP0079590.0,-7.0,1.528299744525944,4.733333333333333,0,174.08384997862262,2,71,5,0,0,0
CNP0079643.2,-8.3,1.719714595062799,6.333333333333333,6,700.8167062986533,9,171,6,2,3,5
CNP0079659.1,-9.6,1.6436967061042684,6.545454545454546,5,694.7496004303907,7,144,6,1,3,6
CNP0079697.1,-10.1,1.246302900833409,5.475,6,1607.9953377769878,5,219,6,3,2,5
CNP0079735.1,-9.1,0.8426531612807495,4.739130434782608,6,1063.7913582208046,10,218,6,2,0,8
CNP0079913.1,-9.6,0.995560332004856,6.5625,13,2013.919996191553,20,420,6,4,10,16
CNP0080072.1,-9.3,1.675625545697912,6.0,4,537.9596591801886,8,138,6,2,4,2
CNP0080096.2,-11.0,1.3744817782299492,5.852941176470588,4,897.9716293264117,10,199,6,2,5,4
CNP0080115.0,-8.6,1.0335157091098046,4.733333333333333,2,1122.7261764379475,0,142,6,1,1,6
CNP0080127.1,-8.8,1.6562203229654522,5.717948717948718,4,1248.5865575064745,8,223,7,1,5,10
CNP0080174.1,-11.0,1.0293767160605876,5.027027027027027,2,1343.7690956545573,4,186,6,1,0,13
CNP0080201.1,-9.1,1.755558153735742,6.428571428571429,5,819.0233274412075,10,180,6,4,4,8
CNP0080243.1,-8.8,0.8421912800897311,5.266666666666667,5,3532.916144745992,44,632,6,23,7,40
CNP0080269.0,-5.1,2.239538805558814,3.6,0,116.4259988171292,1,36,6,1,0,2
CNP0080280.1,-9.5,1.5810199613679978,5.5588235294117645,4,1192.516428769971,4,189,6,1,3,7
CNP0080370.1,-6.1,3.528606868886792,3.047619047619047,0,262.00594768959866,3,64,0,4,0,4
CNP0080384.1,-7.9,2.166855256017582,4.9,2,1146.927169527998,6,196,6,0,2,6
CNP0080460.1,-8.268,1.3651910595859504,4.291666666666667,0,618.537046194552,2,103,6,0,0,3
CNP0080505.1,-9.1,1.5126279644705647,6.102564102564102,5,1313.0597093606575,9,238,6,0,6,10
CNP0080581.1,-9.1,1.7369201168980606,4.769230769230769,2,863.4561404474248,1,124,6,1,1,4
CNP0080595.1,-6.1,2.550120247090975,3.928571428571429,0,301.4186268835484,1,55,6,2,0,4
CNP0080717.1,-8.7,1.525065117145256,6.125,5,1291.985998103612,12,245,6,4,5,12
CNP0080724.1,-9.9,1.442272616006196,6.435897435897436,6,1306.3385037490773,12,251,6,2,5,11
CNP0080776.0,-11.1,1.458396169799986,5.119047619047619,5,1199.8184007193884,11,215,16,3,2,9
CNP0080867.1,-8.2,1.383702409456808,4.398058252427185,0,3023.493730248955,27,453,6,18,2,39
CNP0080932.4,-11.8,1.3304740280132166,6.162162162162162,6,1072.1248712731606,13,228,6,4,5,8
CNP0080969.0,-6.304,2.81712719733139,4.105263157894737,0,343.6422539504682,0,78,6,2,1,5
CNP0080972.1,-7.963,2.725919048920161,4.0625,0,1709.45665542417,11,260,24,9,0,17
CNP0081024.0,-7.7,2.1995638459735205,3.736842105263158,0,492.2286832989187,0,71,6,2,0,2
CNP0081030.1,-7.8,2.058642294080052,4.5,2,617.0061553605847,4,99,6,4,0,10
CNP0081117.1,-7.9,2.1598627183138723,3.583333333333333,0,424.9937635307237,2,86,6,4,0,8
CNP0081167.1,-11.8,0.915167706850297,5.5,5,2103.399683072215,24,374,6,8,3,18
CNP0081237.0,-6.0,2.940280305716908,2.772727272727273,0,397.93030678352864,0,61,0,1,0,2
CNP0081262.2,-9.2,1.656852555468007,6.269230769230769,5,758.2900530066966,10,163,6,3,2,8
CNP0081326.3,-10.4,1.288691786340563,4.935483870967742,2,1137.3458834329274,5,153,6,6,0,10
CNP0081342.1,-9.5,1.7411745023288154,5.555555555555555,4,709.4916979469785,7,150,6,1,3,5
CNP0081348.2,-9.6,0.6803325210358404,5.173913043478261,5,4999.794421246406,60,833,6,28,8,53
CNP0081378.1,-8.241,2.226810614407383,5.257142857142857,3,1023.4553178496436,4,184,6,1,4,5
CNP0081469.1,-7.7,1.951238505025884,5.631578947368421,3,436.54301883285535,5,107,6,0,2,2
CNP0081477.1,-11.1,1.218566735605027,4.975609756097561,2,1455.9340411677442,9,204,6,7,0,14
CNP0081550.1,-11.6,1.0152579737052154,6.205128205128205,8,1037.9031388363685,13,242,6,2,5,9
CNP0081567.0,-8.8,2.1462997635678724,4.227272727272728,2,534.1338480198982,0,93,12,1,1,4
CNP0081616.0,-8.3,1.5701484269679196,5.181818181818182,4,684.4107157516339,10,171,6,2,2,2
CNP0081715.1,-8.7,2.309030269455607,3.909090909090909,0,554.2563185933658,1,86,6,1,1,2
CNP0081829.1,-6.4,3.796811000082682,3.1,0,829.061654249043,2,155,0,4,0,8
CNP0081983.0,-10.9,1.674613085926429,6.666666666666667,5,612.4237512704517,8,160,6,4,4,12
CNP0082008.1,-6.6,4.027026214516297,3.109090909090909,0,1086.750721935852,2,171,0,2,0,10
CNP0082310.0,-4.8,3.575833843244591,3.111111111111111,0,128.2646625064904,1,28,0,1,0,3
CNP0082347.1,-7.2,2.2616242507081163,3.514851485148515,0,2047.4549267297464,10,355,6,4,0,19
CNP0082352.1,-6.8,2.1948665855347924,3.4347826086956523,0,823.5185559891081,2,158,5,2,0,8
CNP0082358.1,-7.6,1.461789794115906,3.897435897435898,0,1480.445919500344,17,304,6,12,0,19
CNP0082389.2,-6.9,1.719141057607653,3.6714285714285713,0,1228.1508437312498,12,257,6,9,0,14
CNP0082446.1,-5.8,3.4673924715857884,3.0217391304347827,0,781.7223930085432,1,139,0,1,0,5
CNP0082446.2,-7.3,3.4673924715857884,3.0217391304347827,0,781.7223930085432,1,139,0,1,0,5
CNP0082462.2,-7.4,1.016132917638513,4.294117647058823,4,996.1702682908837,8,219,6,0,2,2
CNP0082542.1,-9.3,1.2400024005871837,4.136363636363637,0,747.3560607352362,12,182,6,7,0,13
CNP0082594.1,-9.0,1.016132917638513,4.294117647058823,4,1256.556001463204,8,219,6,0,2,2
CNP0082675.1,-9.2,1.9760028524381243,4.434782608695652,0,687.9672660864032,4,102,6,6,0,11
CNP0082898.1,-9.249,1.5818903441128191,5.714285714285714,4,503.6957430801709,6,120,6,1,2,2
CNP0083022.0,-7.2,4.16931121650953,3.1875,0,352.8690017187636,1,51,0,4,0,7
CNP0083057.0,-6.3,3.3237368992799943,2.9375,0,142.37037766838375,2,47,0,1,0,1
CNP0083130.1,-6.9,2.025942313925679,3.631578947368421,0,269.8590565320943,4,69,6,3,0,6
CNP0083150.1,-7.2,1.878401674727576,3.5,0,402.4882162598078,5,98,6,3,0,6
CNP0083154.1,-6.8,1.95725340507366,3.56,0,397.3755560411554,5,89,6,3,0,6
CNP0083539.1,-8.3,1.1868777988667771,4.482758620689655,2,1968.477065244758,9,260,6,10,1,30
CNP0083578.0,-8.2,2.430601369026482,3.9,0,412.5261654172963,4,78,5,6,0,12
CNP0083580.1,-10.6,1.198337669213512,4.850746268656716,0,2526.516275385311,10,325,6,12,0,22
CNP0083708.1,-10.0,1.0963255961030067,4.303030303030303,2,2208.2897559688145,9,284,6,9,1,29
CNP0083893.1,-6.7,2.3740448337242537,3.492063492063492,0,1332.1133744379597,6,220,6,6,0,14
CNP0083925.1,-10.1,1.3921739982556884,5.363636363636363,4,917.472501019063,6,177,7,1,1,6
CNP0083989.0,-6.0,3.488928496762101,3.333333333333333,0,221.1368500605772,1,60,0,1,1,2
CNP0084021.1,-5.1,2.259902596224093,3.7,0,122.0,2,37,6,0,0,0
CNP0084050.3,-4.9,4.283857326313376,3.0491803278688523,0,946.6132219175342,1,186,0,0,0,6
CNP0084096.0,-6.1,4.707571103590931,3.7,0,329.3685737754052,1,74,0,0,1,4
CNP0084120.2,-6.8,3.4520702005870403,3.022727272727273,0,671.4241258247574,1,133,0,1,0,5
CNP0084124.2,-6.9,3.4528451226796304,3.0217391304347827,0,781.7223930085432,1,139,0,1,0,5
CNP0084198.1,-8.7,1.4993793068352097,4.1940298507462686,0,2149.900266504788,8,281,6,11,0,21
CNP0084325.1,-8.0,1.4977081706006476,4.318681318681318,4,2772.008530304489,16,393,35,16,0,30
CNP0084376.2,-6.4,4.155703159341949,3.1403508771929824,0,1219.455138745988,3,179,0,3,0,11
CNP0084395.2,-6.3,4.155703159341949,3.1403508771929824,0,1307.7842106556566,3,179,0,3,0,11
CNP0084411.2,-6.4,4.224216099340973,3.150943396226415,0,1068.139716989857,3,167,0,3,0,11
CNP0084563.1,-7.2,4.170838900326681,3.145454545454545,0,1057.1790408323068,3,173,0,3,0,11
CNP0084588.1,-6.7,3.465891220381753,3.0217391304347827,0,741.1349198028165,1,139,0,1,0,5
CNP0084595.1,-7.4,3.455529408800485,3.020833333333333,0,936.8241571514131,1,145,0,1,0,5
CNP0084658.2,-6.9,3.4761455849593585,3.023809523809524,0,602.9636474406738,1,127,0,1,0,5
CNP0084659.1,-8.8,1.6843562378072987,4.175,2,849.3176816026202,9,167,14,8,2,9
CNP0084748.2,-7.6,1.016132917638513,4.294117647058823,4,1081.769369222311,8,219,6,0,2,2
CNP0084863.1,-7.1,2.444362215584417,3.543859649122807,0,1102.6360891627758,6,202,6,6,0,14
CNP0084883.1,-8.8,1.3569655602048745,4.666666666666667,2,1047.7797411215545,1,140,6,2,0,11
CNP0084884.1,-6.8,4.25043345236221,3.1785714285714284,0,1138.849771743989,3,178,0,3,0,12
CNP0084897.2,-6.7,4.22615917216797,3.1724137931034484,0,1258.7323323727835,3,184,0,3,0,12
CNP0084909.0,-9.6,1.461851947769778,5.25925925925926,4,1272.7991926426623,0,142,7,0,0,4
CNP0084980.1,-6.9,3.46739247158579,3.0217391304347827,0,661.2383285852959,1,139,0,1,0,5
CNP0084980.2,-6.6,3.46739247158579,3.0217391304347827,0,661.2383285852959,1,139,0,1,0,5
CNP0085075.1,-8.561,0.9057697818772008,5.62962962962963,6,2274.980249718012,30,456,6,12,7,25
CNP0085094.1,-10.5,0.8766574693499066,5.37037037037037,5,2302.6125850439703,28,435,6,11,6,24
CNP0085167.2,-9.9,0.9311722958096188,5.476744186046512,5,2447.9753116487027,32,471,6,16,6,28
CNP0085199.1,-8.9,0.6833560137760969,5.161490683229814,5,4981.482282470367,59,831,6,29,8,54
CNP0085199.3,-9.7,0.6833560137760969,5.161490683229814,5,4981.482282470367,59,831,6,29,8,54
CNP0085200.2,-7.1,0.6141259440235454,5.086486486486487,5,5888.74667971077,66,941,6,32,9,61
CNP0085235.1,-8.5,1.63996877605177,6.0,4,527.8568036589015,4,108,6,1,1,3
CNP0085316.1,-10.1,1.5389021740884572,4.970588235294118,2,1060.8128218252036,10,169,6,6,0,12
CNP0085338.1,-9.7,1.197705754397644,5.239130434782608,4,1399.328526584326,12,241,6,2,1,11
CNP0085364.1,-6.8,1.1582623866563848,4.301435406698564,10,7840.064710518736,29,899,49,39,0,83
CNP0085366.1,-6.3,1.327756999984,4.256410256410256,10,7055.625543034336,29,830,49,39,0,80
CNP0085483.2,-10.9,1.2711864884482929,6.068965517241379,6,652.9232375707375,11,176,6,1,3,2
CNP0085484.1,-11.2,1.13187534155186,5.138888888888889,8,1412.3419952472832,2,185,18,2,0,4
CNP0085532.1,-8.262,1.5862324634516,5.555555555555555,4,319.9999999999999,6,100,6,0,1,0
CNP0085665.0,-11.2,1.1261901967092096,5.896551724137931,5,1539.095484913949,21,342,6,9,8,14
CNP0085787.0,-5.0,2.9779031597789904,2.806451612903226,0,260.1362654711368,0,87,0,0,0,1
CNP0085919.0,-8.0,1.7287696213464696,5.36,4,874.4852545892909,1,134,6,0,0,5
CNP0086173.1,-8.5,0.6069936195078254,5.18562874251497,12,8550.863462200126,15,866,11,36,0,65
CNP0086262.2,-9.2,1.53111986970921,5.357142857142857,4,588.3420304521737,9,150,6,1,2,3
CNP0086283.0,-5.2,2.828262412638549,2.625,0,140.37037766838375,0,42,0,1,0,1
CNP0086320.0,-9.404,1.9135697102198013,4.196078431372549,2,1416.389659718668,6,214,21,7,0,15
CNP0086352.1,-7.5,1.5874493662689242,5.631578947368421,4,470.6145041576453,6,107,10,0,2,3
CNP0086353.2,-12.9,0.9724564378697752,5.582089552238806,5,1820.7650634107567,27,374,6,12,5,19
CNP0086406.0,-11.0,1.2105931047547864,4.558139534883721,2,1229.581789300865,6,196,6,3,5,4
CNP0086630.0,-8.2,1.6905739989158963,5.310344827586207,3,954.5200045151696,3,154,6,3,2,7
CNP0086715.1,-8.2,2.53444718006797,3.652173913043478,0,462.741745114196,3,84,10,1,0,8
CNP0086716.4,-7.3,1.935941681024774,5.5,3,520.569913955445,4,110,6,1,2,4
CNP0086746.3,-9.3,1.6352504730508284,4.714285714285714,0,894.8716437743408,3,132,6,4,2,7
CNP0086764.0,-6.3,3.6046271492033823,3.136363636363636,0,337.9409987119859,2,69,0,3,0,5
CNP0086803.1,-10.4,1.4284666334512874,5.764705882352941,4,868.8619263031388,12,196,7,6,3,8
CNP0086865.1,-6.2,4.026362190559646,3.095238095238096,0,290.39192312131627,2,65,0,2,0,5
CNP0086908.1,-6.9,2.32964291096161,4.857142857142857,2,470.7843008442798,5,102,6,3,1,6
CNP0086917.2,-8.6,2.249174787105533,4.25,2,759.4113640080554,2,119,14,1,0,8
CNP0086940.4,-9.5,1.7230073683940823,5.6923076923076925,4,760.3631263188777,5,148,6,1,3,5
CNP0086970.3,-7.5,5.992768507672235,3.941176470588236,0,1082.0253324510618,13,201,0,6,0,16
CNP0087053.7,-9.2,1.552575720807602,3.976744186046512,0,1003.1924449720776,7,171,6,9,0,15
CNP0087055.1,-9.8,0.8219268330994554,5.37037037037037,5,3203.5254896022475,42,580,6,17,6,36
CNP0087089.1,-8.2,0.8199572661795015,5.3125,5,3348.1412294378524,42,595,6,17,6,38
CNP0087101.3,-11.9,0.9879045145536576,5.4363636363636365,4,1603.5458923838305,18,299,6,8,3,15
CNP0087138.4,-8.7,1.5938060691594582,6.074074074074074,4,747.5211894259654,8,164,6,3,3,7
CNP0087201.6,-9.8,1.3832309408323165,4.714285714285714,3,1454.0295666522554,14,264,14,8,0,22
CNP0087260.3,-9.3,1.78192616217651,5.8,4,840.3161143322003,4,145,6,4,2,6
CNP0087289.1,-7.4,5.693739326234203,3.9069767441860463,0,864.1213417200717,11,168,0,6,0,14
CNP0087296.1,-10.0,1.7109171381789694,4.507246376811594,0,1737.933617956097,20,311,6,10,0,25
CNP0087325.2,-8.2,2.057880704890664,5.5,3,583.284292584421,4,110,6,1,1,4
CNP0087329.4,-8.2,1.4379299202052742,4.75,2,806.2470935306691,1,114,6,2,0,3
CNP0087330.2,-9.4,2.0069646740746694,4.333333333333333,2,761.6431954068195,2,117,6,3,2,5
CNP0087363.1,-9.974,1.4868652622919922,4.892857142857143,2,934.8013404612764,4,137,6,0,2,5
CNP0087368.2,-10.0,1.4686135635450956,4.681818181818182,3,1538.1789999207074,2,206,6,7,2,9
CNP0087614.1,-9.821,1.3343654059293906,5.54054054054054,6,975.8732964248666,5,205,13,3,4,7
CNP0087625.0,-7.7,1.6931050196643609,4.111111111111111,0,553.2975148337516,0,74,6,1,0,3
CNP0087907.1,-9.4,1.1116369508805923,5.183673469387755,7,1831.7134506249645,8,254,10,4,1,13
CNP0087907.2,-12.1,1.1116369508805923,5.183673469387755,7,1831.7134506249645,8,254,10,4,1,13
CNP0087907.3,-9.8,1.1116369508805923,5.183673469387755,7,1831.7134506249645,8,254,10,4,1,13
CNP0088007.0,-8.7,1.4149202039794335,3.792452830188679,2,1556.308018784693,2,201,6,2,0,2
CNP0088045.1,-10.6,1.2366430994753452,5.391304347826087,6,1729.1460190333237,5,248,6,3,1,7
CNP0088086.2,-8.2,1.818708187272021,5.0,3,485.27845802948303,5,115,13,1,3,3
CNP0088108.1,-10.7,1.1074120965247152,4.896103896103896,7,2797.00315000277,13,377,20,12,2,15
CNP0088166.1,-10.7,1.5985277541929854,4.358974358974359,0,1283.523751096298,4,170,6,5,1,12
CNP0088219.1,-10.52,1.3875162412110364,4.833333333333333,6,1335.4801866206024,3,174,17,1,0,4
CNP0088289.1,-10.7,1.1763467235394125,4.8979591836734695,2,1758.678818807538,7,240,6,7,0,14
CNP0088578.1,-10.4,1.3639757917913122,4.833333333333333,3,1097.3700750728233,2,145,6,1,0,9
CNP0088595.1,-8.8,1.226970252385341,5.642857142857143,6,2201.5049552602786,23,395,10,12,6,17
CNP0088736.1,-8.3,1.729364882761896,6.75,4,347.34411427089543,5,108,6,1,3,1
CNP0088824.1,-9.0,1.1069819878863874,4.867647058823529,7,2299.933228566791,9,331,10,9,2,17
CNP0088834.1,-9.79,1.2276364237974986,5.613636363636363,7,1298.3182895091068,9,247,13,5,4,9
CNP0089175.1,-9.1,1.0866005964600782,6.557377049180328,13,2149.7150768120828,17,400,7,9,9,11
CNP0089192.1,-7.0,0.7021115878291456,5.208955223880597,19,9921.75392973722,15,1047,36,42,0,78
CNP0089199.1,-9.3,1.0954025143643529,5.932203389830509,10,1802.526320428136,17,350,18,6,5,12
CNP0089206.1,-11.1,1.1377156578599077,5.96969696969697,7,830.7798667268818,10,197,9,1,4,2
CNP0089484.1,-10.6,0.986169319523458,5.586666666666667,5,2033.762229671675,30,419,6,15,6,23
CNP0089509.1,-11.4,0.9290309996985808,5.181818181818182,10,2085.210663792728,8,342,26,4,3,12
CNP0089724.1,-12.9,0.7711093308282649,6.685393258426966,21,3515.959093534191,21,595,15,2,8,8
CNP0089813.1,-8.5,1.649836277560976,4.233333333333333,0,530.6100472650621,10,127,6,6,0,11
CNP0089882.1,-9.3,1.569113621104686,4.230769230769231,0,1253.3314780556962,2,165,6,5,0,8
CNP0089884.2,-9.5,0.7480796892718483,5.24,5,3705.616797014218,46,655,6,22,7,41
CNP0089903.1,-10.3,1.163726660044584,5.028985507246377,7,2608.6828338722617,9,347,15,6,2,11
CNP0089980.1,-8.9,0.9729433568459278,5.48051948051948,5,2228.458515055808,27,422,6,12,6,22
CNP0090057.1,-10.5,1.497640097718574,4.428571428571429,2,1187.4264434878723,5,186,10,7,1,10
CNP0090090.1,-7.7,2.130925414752689,4.652173913043479,2,493.1152542590712,4,107,6,3,2,3
CNP0090149.1,-9.9,0.8886032230763229,5.851351351351352,10,2979.552263242121,13,433,6,4,6,5
CNP0090178.2,-10.4,1.2447867008189266,5.770833333333333,9,1918.589686100648,6,277,14,7,3,12
CNP0090204.1,-10.6,1.4004479208736496,6.225,6,1208.9041810559934,12,249,6,2,4,8
CNP0090268.1,-10.9,1.2179128895995364,4.583333333333333,2,1061.90993226761,2,165,6,0,4,1
CNP0090352.1,-10.2,1.045165173720941,4.940298507462686,6,2347.884280881904,13,331,12,6,3,14
CNP0090363.0,-6.1,1.904310522719003,3.3529411764705883,0,229.0763188558642,0,57,6,0,0,2
CNP0090645.1,-10.0,1.186585220238165,5.573529411764706,5,2017.084109622011,20,379,6,11,6,16
CNP0091020.1,-11.2,0.8416330582204677,5.395348837209302,12,3844.7891144797686,13,464,16,9,2,15
CNP0091036.1,-8.7,1.4117561258954374,5.285714285714286,6,1027.347076007747,6,185,6,1,1,5
CNP0091069.1,-7.2,1.427815752125547,4.625,6,2665.836443269678,12,370,16,12,3,14
CNP0091151.2,-9.9,1.4141197932105167,4.305084745762712,2,2011.378168102904,7,254,6,9,1,28
CNP0091288.2,-9.1,0.808640421708879,5.2521008403361344,5,3514.8513109580376,43,625,6,22,6,39
CNP0091358.1,-8.9,1.4113043898038853,4.1875,0,774.651514197149,3,134,6,2,0,7
CNP0091374.1,-8.1,1.7548245567811334,5.833333333333333,4,400.2613730712552,5,105,6,0,2,0
CNP0091617.1,-10.4,1.285555474648212,6.638888888888889,8,1080.475360086331,11,239,10,1,5,2
CNP0091747.1,-11.6,0.9719620374029484,5.533333333333333,4,2073.529888869989,13,332,6,5,5,8
CNP0091771.1,-8.7,1.5003724541262629,4.317073170731708,3,1328.7515068702955,4,177,6,6,0,8
CNP0091841.1,-9.9,1.4406086868302084,5.533333333333333,6,919.823476223832,5,166,6,1,1,5
CNP0091875.1,-11.75,0.9088713027458448,6.4423076923076925,10,1789.449604992378,16,335,7,2,5,11
CNP0091889.1,-9.1,1.165140568972033,6.037735849056604,8,1747.2509090653311,16,320,7,9,6,11
CNP0091943.1,-9.6,0.7932619644123604,5.754098360655738,8,2599.959119279172,10,351,6,8,3,9
CNP0091955.3,-9.2,1.4271279986441348,4.947368421052632,3,1395.633705604653,2,188,7,1,0,7
CNP0091995.1,-9.2,1.6386026155818223,5.76,4,613.0173070497132,7,144,6,3,3,4
CNP0092065.1,-8.9,1.3627177953495777,4.975,2,1576.9532864332275,5,199,6,8,0,12
CNP0092141.1,-9.5,1.0260650460373193,6.093333333333334,13,2501.2552851946034,20,457,19,9,8,15
CNP0092202.1,-8.5,1.5082467363558094,4.82051282051282,2,1319.8207910812023,6,188,6,6,0,10
CNP0092301.3,-9.195,1.2944712581866638,5.681818181818182,5,1369.8818871341407,9,250,6,0,5,4
CNP0092313.0,-9.306,1.7303389351352427,4.85,2,862.4832697882459,0,97,6,0,0,3
CNP0092382.1,-11.6,0.742032823917844,6.445652173913044,19,3571.369284359119,22,593,8,9,11,15
CNP0092480.1,-7.3,2.2985662346706275,5.133333333333334,3,260.83795903797426,3,77,6,2,3,3
CNP0092489.1,-9.768,1.0972468880697372,6.2727272727272725,14,2012.9023608069456,12,345,15,2,3,8
CNP0092546.1,-8.5,1.299969014596796,5.709090909090909,6,1546.637093836497,13,314,6,4,8,7
CNP0092561.1,-7.9,1.9610818260956635,4.0,0,824.7941222457712,5,140,6,5,1,10
CNP0092685.1,-12.0,0.8761518839537967,5.390804597701149,14,3321.6425443449943,15,469,17,7,3,13
CNP0092713.1,-8.7,0.8169347993438779,5.422680412371134,5,2768.793654432005,38,526,6,18,5,33
CNP0092775.1,-9.7,1.7389660131880194,5.833333333333333,4,832.2857579649844,2,140,6,1,2,4
CNP0092861.1,-9.166,1.5177026575609274,6.4,6,804.2202154196021,6,192,6,1,5,1
CNP0092985.1,-12.3,1.181209557030056,6.127659574468085,7,1561.428570569256,15,288,6,7,5,10
CNP0093015.1,-13.4,0.8567173192124761,5.573170731707317,8,3312.730441997646,12,457,6,4,5,6
CNP0093176.1,-10.2,1.161059826787687,4.596153846153846,3,1700.933966044047,6,239,13,6,1,14
CNP0093194.1,-9.7,1.3650139668923424,5.681818181818182,4,1322.7066277940553,12,250,6,6,5,8
CNP0093209.1,-9.143,1.3739031137676183,5.2926829268292686,6,1371.580296939365,9,217,9,8,3,8
CNP0093286.2,-9.2,1.1922718928602898,4.927272727272728,5,2217.465117509312,3,271,7,10,0,13
CNP0093305.1,-11.1,0.8088839485974546,6.136842105263158,22,3884.802877999248,27,583,23,6,7,10
CNP0093313.3,-8.7,1.9428731390866416,5.36,3,621.3855890996691,5,134,6,1,3,4
CNP0093372.1,-9.9,1.247885626579943,5.829787234042553,9,1901.0907425801947,6,274,14,7,3,12
CNP0093372.3,-9.8,1.247885626579943,5.829787234042553,9,1901.0907425801947,6,274,14,7,3,12
CNP0093393.1,-9.077,1.2368567379594286,5.6,10,1970.034668287414,13,336,15,7,5,15
CNP0093394.1,-11.0,1.097841948312562,5.458333333333333,6,1754.954583483555,5,262,6,2,1,6
CNP0093542.2,-8.535,1.3376653056771357,5.375,6,1835.7989947522988,2,215,16,3,0,7
CNP0093608.1,-10.9,0.5869192993316712,5.357142857142857,5,3650.8560279923454,52,675,6,25,6,44
CNP0093685.1,-8.8,0.8728302801200475,4.622950819672131,5,1368.11814627873,8,282,6,0,5,2
CNP0093699.2,-10.44,1.3270022763317062,6.619047619047619,7,1379.4471140750315,12,278,7,1,5,9
CNP0093837.1,-9.6,1.1852993980716509,4.7164179104477615,4,2023.281955582911,7,316,17,6,3,14
CNP0093909.0,-8.8,1.4426781465987957,4.3,0,1022.4541313208416,0,129,6,5,0,5
CNP0093942.1,-9.596,1.356397705113591,6.258064516129032,6,874.8425679614303,7,194,6,1,5,1
CNP0093965.1,-9.5,1.0373372140099415,5.03030303030303,5,2503.115813385508,8,332,6,6,0,12
CNP0094027.1,-11.3,0.925769745516392,5.123287671232877,4,2963.769467521067,14,374,6,13,0,19
CNP0094114.1,-9.7,1.1537120474260474,4.826086956521739,4,1392.062982619943,7,222,12,4,1,5
CNP0094166.1,-10.9,1.0687733614847057,5.983050847457627,11,1921.60404843695,15,353,19,5,6,11
CNP0094186.1,-10.9,1.0072090194396153,4.984615384615385,8,2126.7528338168404,9,324,26,4,3,12
CNP0094186.2,-11.3,1.0072090194396153,4.984615384615385,8,2126.7528338168404,9,324,26,4,3,12
CNP0094505.1,-11.3,1.103514558279722,4.929577464788732,8,2474.739889246864,10,350,21,10,3,13
CNP0094607.1,-9.0,1.5302854271028443,4.435897435897436,3,1166.079798266792,4,173,10,3,0,7
CNP0094693.2,-9.8,1.2732309609151584,5.043478260869565,3,1712.195572330646,5,232,6,5,0,11
CNP0094712.0,-6.3,4.095546601188554,3.3076923076923075,0,181.863424652565,1,43,0,5,0,8
CNP0094738.1,-8.3,1.4985788795067658,5.230769230769231,3,730.7666166006848,2,136,6,1,1,9
CNP0094762.1,-9.9,0.7256816312745946,6.440860215053763,19,3587.2580749598974,18,599,7,9,12,15
CNP0094792.1,-7.9,1.0491614854574205,5.785714285714286,10,2884.1437859570783,27,486,10,16,7,22
CNP0094954.2,-10.2,1.1564326010497603,5.269230769230769,4,1260.4491665872715,19,274,6,8,3,13
CNP0095038.1,-11.81,0.9104110203670618,6.425,17,3743.7148997797954,13,514,14,9,7,15
CNP0095082.1,-10.78,0.8018693047551193,5.717391304347826,12,3670.298114537214,20,526,11,3,6,7
CNP0095098.3,-9.12,1.849343343582477,5.3,3,625.3674417806945,2,106,6,2,1,3
CNP0095148.1,-11.1,1.0741501728358192,5.590909090909091,7,2122.5583265135133,3,246,6,4,1,10
CNP0095176.1,-9.7,1.1342249863505758,5.487179487179487,6,1072.7036122821428,13,214,6,3,1,5
CNP0095243.1,-8.5,1.4404122338916203,5.102564102564102,4,1381.9774910027045,3,199,6,4,0,8
CNP0095244.1,-9.7,0.8329544789916011,6.102272727272728,13,3556.011108508725,17,537,10,7,8,13
CNP0095268.1,-7.7,1.1166865277393787,5.446428571428571,8,2353.1958444824336,5,305,6,7,1,11
CNP0095294.1,-12.2,0.8046274048484028,6.705882352941177,20,3356.5000627423874,19,570,15,2,8,8
CNP0095426.1,-10.0,1.145128794223822,4.557692307692308,5,1968.4772038836268,3,237,19,3,1,7
CNP0095582.1,-10.8,1.045413171302526,4.917808219178082,8,2585.936557536754,8,359,17,5,1,9
CNP0095594.1,-10.2,1.2522422781742917,5.05,4,1518.8553730127353,3,202,6,4,0,9
CNP0095651.1,-8.4,1.4108315303899432,5.366666666666666,3,655.2485065802935,9,161,7,2,1,3
CNP0095760.1,-10.4,0.95522525539707,4.514285714285714,2,1077.5213697364518,4,158,6,2,0,7
CNP0095813.2,-11.1,1.0455358327487922,6.0,6,1464.869840463555,14,276,6,3,5,6
CNP0095827.1,-8.557,1.0746432408494604,5.27710843373494,5,2386.284670432363,25,438,6,11,6,21
CNP0095887.8,-11.0,1.4685562939820975,5.967741935483871,6,1259.5935159089815,2,185,6,0,1,4
CNP0096078.1,-9.4,1.6289442974439916,6.861111111111111,6,1128.0821027940124,12,247,6,8,7,11
CNP0096273.1,-9.476,1.047667758449747,6.090909090909091,13,1938.9446751658463,11,335,15,1,3,7
CNP0096285.1,-13.0,0.9647397555611475,6.0,8,2362.20002453575,16,402,9,5,6,13
CNP0096525.2,-9.2,1.4131083249053062,6.821428571428571,7,892.1088907424272,8,191,7,1,3,2
CNP0096620.2,-9.7,1.326472803848665,5.586956521739131,4,1354.287137784757,12,257,6,4,5,7
CNP0096688.1,-8.3,1.6069066649252997,5.358974358974359,5,1018.0273149400372,7,209,9,7,3,10
CNP0096797.1,-7.8,1.6427555341513065,4.125,0,1412.324351061825,3,198,6,7,1,11
CNP0096817.1,-8.5,1.4035072367231851,4.159090909090909,2,1356.167363025833,4,183,6,7,0,9
CNP0096868.1,-10.4,0.8315269896406648,6.141025641025641,10,3099.9607122747066,14,479,10,4,7,9
CNP0096977.1,-8.2,1.8660842521785552,4.142857142857143,0,952.799394271046,3,174,6,2,1,7
CNP0097221.1,-9.5,1.2709826100708532,5.896551724137931,7,1783.8535003487125,14,342,9,4,9,7
CNP0097228.2,-11.1,1.350114789955515,4.634615384615385,4,1632.578951813614,6,241,15,5,2,9
CNP0097367.1,-9.3,1.1948853728709194,4.84375,3,1269.2943424815546,2,155,6,0,0,5
CNP0097384.1,-8.8,0.8395930880493891,5.944444444444445,13,3494.093511323283,22,535,7,3,7,7
CNP0097388.2,-8.1,2.215074511440273,4.918918918918919,3,1024.6702121649862,8,182,8,1,2,9
CNP0097437.1,-12.0,1.0189908048492615,4.612903225806452,6,2382.2485960579243,5,286,19,5,0,9
CNP0097445.2,-10.78,1.173988316241784,4.639344262295082,7,2178.9979439506446,7,283,15,6,0,13
CNP0097461.1,-7.9,2.364817177490007,4.9,3,1088.3641723039304,9,196,8,1,2,9
CNP0097624.1,-7.796,1.2614158524257375,4.583333333333333,4,2018.6198776058195,11,275,6,11,0,15
CNP0097646.3,-9.0,1.6449832700517726,6.4,5,727.425962167285,8,160,6,1,3,6
CNP0097703.1,-6.3,1.83381398978705,5.833333333333333,3,233.01214469500607,0,70,5,0,0,2
CNP0097787.1,-10.1,1.0022597248025058,5.1891891891891895,10,3049.8950975237,7,384,19,9,2,12
CNP0097909.1,-8.0,1.1409738897541706,4.962962962962963,5,2119.033533926864,5,268,6,5,0,11
CNP0098127.0,-7.672,1.694768895736496,3.941176470588236,0,1007.0407899528284,0,134,6,6,0,9
CNP0098133.1,-11.4,0.9925696803621964,6.424242424242424,15,2959.847955361522,10,424,14,8,6,13
CNP0098158.2,-9.8,1.0893342550584235,4.9298245614035086,4,2079.90098374334,8,281,8,6,2,13
CNP0098252.0,-5.4,3.1531775862478155,2.75,0,156.38196255841362,0,33,0,2,0,4
CNP0098314.1,-8.334,1.0566736619951975,4.969230769230769,7,2214.422921147016,13,323,7,10,2,14
CNP0098421.1,-9.6,1.044678017885662,5.224137931034483,5,2308.234150425982,10,303,7,7,0,10
CNP0098512.1,-12.6,1.1722277657712998,6.0,10,2067.3914151469207,7,294,14,7,3,12
CNP0098529.1,-8.6,1.0174901671339716,5.252873563218391,10,3566.3834925935125,14,457,18,11,2,21
CNP0098785.1,-10.2,1.1204437071044695,6.2105263157894735,11,1929.3826283307933,17,354,15,6,7,12
CNP0098809.1,-8.0,1.785497557791561,4.264705882352941,0,933.27712252088,4,145,11,2,0,8
CNP0098880.1,-8.0,1.5272481618603613,3.838709677419355,0,726.2322183257484,1,119,6,3,0,6
CNP0098936.1,-11.0,1.0631077177686776,5.577464788732394,9,2456.981378333433,18,396,14,7,4,13
CNP0099022.2,-9.6,1.6923440718061515,5.0625,3,962.1493969279634,8,162,11,3,1,4
CNP0099288.0,-9.4,1.4499324694754236,5.276315789473684,9,2860.28091673712,13,401,16,2,5,24
CNP0099418.1,-10.4,0.8329865154748652,6.137931034482759,13,3537.2184192875966,17,534,10,7,8,13
CNP0099459.2,-11.2,0.8496553748361202,5.273684210526316,4,2538.713430855782,38,501,6,19,5,31
CNP0099502.1,-7.9,2.060760790287833,4.611111111111111,2,413.3260293156949,2,83,6,1,1,1
CNP0099506.1,-10.2,1.3823736430885865,5.625,7,965.1043358782224,6,180,11,2,3,3
CNP0099590.7,-10.6,1.6029914016951257,5.470588235294118,4,859.5301369576634,10,186,6,6,5,7
CNP0099614.1,-8.3,1.447216595397856,4.807692307692308,3,809.2036348343448,1,125,8,0,0,6
CNP0099679.1,-10.3,0.8960135225935707,5.909090909090909,9,2260.656238522558,17,390,6,2,5,11
CNP0099689.1,-9.0,1.016908565920868,5.178571428571429,6,3305.081332460796,13,435,6,16,3,23
CNP0099792.1,-10.6,1.006246014673974,4.912280701754386,7,2263.8754768930035,4,280,19,2,1,6
CNP0099833.1,-9.7,1.5232125350128118,5.542857142857143,4,972.2280703016746,6,194,6,5,3,8
CNP0099842.1,-8.171,1.1113454752879768,5.016129032258065,7,2171.4113759318648,13,311,6,9,1,13
CNP0099844.1,-8.9,1.3713022275665496,6.285714285714286,7,1002.3037323297316,9,220,10,0,5,2
CNP0099844.2,-10.0,1.3713022275665496,6.285714285714286,7,1002.3037323297316,9,220,10,0,5,2
CNP0099848.1,-9.0,1.3843268872314087,4.111111111111111,0,698.5932697220924,2,111,6,2,0,5
CNP0099881.1,-9.3,1.2312354375784345,6.0,6,1619.2844364247053,18,324,6,8,7,12
CNP0099928.1,-12.2,0.9057959721229322,5.589743589743589,5,2151.673435031053,31,436,6,14,6,23
CNP0099943.1,-8.3,1.214640184216842,4.890625,7,2351.267348735108,7,313,17,6,1,10
CNP0099973.1,-12.1,1.0044576446310411,5.75,7,1442.5530445084132,15,299,6,5,5,11
CNP0100002.1,-11.7,0.8408833688992514,5.402173913043479,15,3518.584958908414,20,497,17,7,3,15
CNP0100098.1,-10.5,1.02296891725004,5.838235294117647,7,2630.441486563246,12,397,11,4,6,9
CNP0100132.1,-9.1,1.32901041592759,4.242424242424242,0,867.1994046963711,2,140,6,4,0,7
CNP0100207.0,-3.9,3.168489872670569,2.5,0,71.61727061434749,0,15,0,2,0,5
CNP0100296.1,-8.3,1.5572038710227083,4.214285714285714,3,673.8113239571085,3,118,12,1,0,5
CNP0100312.1,-10.1,1.134491100022675,6.258620689655173,11,1979.1120537817053,16,363,15,7,8,13
CNP0100449.1,-8.1,1.6818118468921657,4.962962962962963,3,633.4691479339422,3,134,6,3,2,5
CNP0100551.1,-13.0,0.7523417839655311,5.533333333333333,13,3004.848642871077,13,415,12,7,2,11
CNP0100556.0,-4.2,2.715842761293259,2.375,0,90.42945954287094,0,19,0,1,0,3
CNP0100574.0,-9.0,1.4985492012483392,4.428571428571429,0,812.0316200109914,0,124,6,2,0,6
CNP0100614.4,-10.0,1.3653346260287489,4.545454545454546,0,1302.4036305301663,10,200,6,10,0,16
CNP0100614.5,-10.5,1.3653346260287489,4.545454545454546,0,1302.4036305301663,10,200,6,10,0,16
CNP0100647.1,-10.3,0.855136301480788,5.975,15,3036.517856781704,22,478,16,5,6,9
CNP0100878.1,-8.6,1.2630209296570114,5.826086956521739,5,1394.0956986981855,12,268,6,5,5,7
CNP0100928.1,-8.6,1.725063301586301,4.313725490196078,2,1629.4648370122368,4,220,10,5,0,10
CNP0100940.1,-11.79,1.2054787954883115,5.682926829268292,5,1265.995277384237,8,233,6,1,6,4
CNP0101121.0,-8.2,1.58896117612746,5.190476190476191,3,895.952242550526,0,109,6,0,0,3
CNP0101133.1,-8.5,1.7264008719086643,4.043478260869565,3,1137.1010216393647,4,186,26,4,0,12
CNP0101133.2,-8.0,1.7264008719086643,4.043478260869565,3,1137.1010216393647,4,186,26,4,0,12
CNP0101466.1,-8.4,0.993422897270188,5.152941176470589,6,3354.105105280965,12,438,6,16,3,23
CNP0101496.1,-8.2,0.9896437975845754,5.127906976744186,6,3407.886674480917,12,441,6,15,3,23
CNP0101599.1,-9.6,1.5670691211101428,4.551724137931035,0,614.2672358370078,9,132,6,6,0,10
CNP0101689.2,-9.0,2.1498916733483893,4.447368421052632,2,939.4965870798444,6,169,6,5,2,6
CNP0101749.2,-9.7,1.3399016524903713,6.166666666666667,6,848.4357399164478,8,185,10,1,4,2
CNP0101819.1,-8.7,1.4503689666223345,4.848484848484849,2,1305.3551296341152,4,160,6,6,0,13
CNP0101822.1,-10.9,0.8540216258446581,6.098765432098766,11,3194.390097785404,14,494,10,5,8,10
CNP0101845.0,-8.3,1.7519589641378994,4.807692307692308,2,1020.551864045394,0,125,6,1,0,7
CNP0101884.1,-11.5,1.2555188654835965,6.090909090909091,5,1036.8879564041445,10,201,6,1,3,5
CNP0101932.1,-9.6,1.4381839372055298,5.628571428571429,4,984.9422800184954,10,197,6,4,3,11
CNP0102006.1,-9.0,0.8451786815168971,6.217391304347826,17,3325.517314353213,27,572,19,10,10,17
CNP0102012.1,-7.2,1.6308911198179936,5.344827586206897,2,750.4767612920192,5,155,6,1,2,3
CNP0102029.1,-10.6,0.8202616918334357,6.211111111111111,17,3274.1514419100954,25,559,19,10,10,17
CNP0102094.0,-6.2,2.393615048508942,3.909090909090909,0,337.3499619957354,0,43,6,2,0,5
CNP0102161.1,-10.94,1.517736815669685,4.565217391304348,2,1429.850290454901,5,210,15,4,2,6
CNP0102161.2,-10.01,1.517736815669685,4.565217391304348,2,1429.850290454901,5,210,15,4,2,6
CNP0102180.1,-11.1,0.7669526283479479,6.741935483870968,19,3839.2923899604407,30,627,9,4,10,13
CNP0102361.1,-8.3,1.7487250465003243,3.630769230769231,0,1482.3214292988666,10,236,6,6,0,14
CNP0102364.3,-8.2,1.746943699779544,4.851851851851852,2,728.7778918986799,5,131,6,2,1,5
CNP0102377.0,-8.385,1.93085798191486,3.805970149253731,0,1311.6039258385565,13,255,6,9,0,19
CNP0102613.1,-7.8,2.7926200403413253,3.75,0,575.1542226813975,6,105,14,2,0,4
CNP0102668.2,-9.3,1.2772058841193812,4.914893617021277,0,1360.799150290277,11,231,6,9,2,16
CNP0102680.1,-9.2,1.805263574264855,5.666666666666667,4,1135.784784227083,2,187,6,2,3,7
CNP0102701.1,-9.6,2.0655346908009813,5.366666666666666,3,1007.012758158646,1,161,6,2,2,6
CNP0102922.1,-9.1,1.6712735732788058,5.941176470588236,6,1227.77334456229,4,202,6,2,4,6
CNP0103076.2,-9.8,0.8532522282301861,5.402061855670103,5,2829.4084376742885,37,524,6,16,6,32
CNP0103318.0,-5.3,2.828262412638549,2.625,0,160.81788657672848,0,42,0,0,0,1
CNP0103340.2,-8.2,1.6381014380867314,5.193548387096774,4,1293.4925297458435,1,161,6,3,1,7
CNP0103410.0,-7.8,1.7544098692397263,4.777777777777778,2,1036.6601656943606,0,129,6,0,0,7
CNP0103463.2,-8.7,1.1923515939582288,5.695652173913044,7,2106.098694069489,2,262,6,6,3,10
CNP0103576.0,-8.8,1.6345889024367573,5.173913043478261,3,1100.674566581688,0,119,6,1,0,5
CNP0103656.3,-9.53,1.814264177495327,5.181818181818182,3,565.3966058118002,6,114,6,1,1,5
CNP0103668.2,-8.1,2.0250622789747226,4.260869565217392,2,463.5072444937812,5,98,14,2,2,3
CNP0103723.2,-9.4,1.115354085146966,5.854166666666667,8,1699.6234673938125,6,281,6,2,2,10
CNP0103765.1,-10.4,1.3124156496654331,4.615384615384615,0,1108.446374736213,10,180,6,7,0,12
CNP0104009.1,-7.8,1.9037343772211288,5.28,3,570.4338213496565,7,132,6,3,3,5
CNP0104076.1,-7.0,2.1257826498279155,3.642857142857143,0,246.84761307676013,1,51,6,3,0,4
CNP0104121.1,-8.3,1.666833935862181,5.619047619047619,4,1312.2878034404375,10,236,6,2,4,10
CNP0104142.1,-9.219,1.5291162333003343,5.2,4,817.8288319027176,1,130,6,1,0,5
CNP0104239.1,-7.2,1.7695418956256013,5.533333333333333,3,320.4976425982935,4,83,8,0,2,2
CNP0104284.2,-9.5,1.4828951766882763,6.6,7,846.2978462136015,7,165,6,0,1,4
CNP0104320.1,-9.1,1.490179124188899,4.517241379310345,2,961.6282950650932,1,131,6,0,0,7
CNP0104330.0,-6.1,1.8350722653582063,3.5,0,585.2093943258108,0,112,6,0,0,3
CNP0104408.0,-9.5,1.5014642452572475,4.846153846153846,0,1178.132463328442,0,126,6,1,0,7
CNP0104411.1,-7.6,2.0369954129007426,3.571428571428572,0,460.230086420689,1,75,6,0,0,1
CNP0104508.1,-12.0,1.1038640421959505,5.787878787878788,7,1629.252586807008,1,191,6,1,0,7
CNP0104522.1,-10.5,1.6599643838107538,3.94,2,1138.3878539709197,10,197,6,5,1,10
CNP0104537.1,-10.58,1.1097381983266132,4.95945945945946,2,2697.495234955368,20,367,6,14,0,26
CNP0104560.1,-8.4,1.5322654009751853,3.782608695652174,0,1635.721309712702,14,261,6,13,0,18
CNP0104630.0,-11.3,1.2223476093670904,6.068181818181818,8,2686.2865151331057,0,267,6,8,0,16
CNP0104638.0,-8.9,2.946638724690177,3.739130434782609,0,1673.0476309340668,7,258,9,13,0,25
CNP0104718.3,-9.4,1.3450059898347828,5.71875,5,772.3636636391373,10,183,6,2,3,3
CNP0104877.1,-9.7,1.540712730639771,5.575757575757576,4,764.9936255640833,9,184,6,3,5,3
CNP0104955.0,-9.854,1.585165343707602,5.476190476190476,4,915.9991452438728,0,115,6,2,1,3
CNP0105097.1,-7.9,4.158151028526719,3.333333333333333,0,466.7130885932296,3,80,0,8,0,12
CNP0105116.1,-7.6,1.7643786323105095,4.3023255813953485,6,1090.709085451135,6,185,22,6,0,7
CNP0105121.0,-4.7,2.9093838449551863,2.6923076923076925,0,138.0599029296919,0,35,0,0,0,1
CNP0105310.0,-10.55,1.1104987967759472,4.326923076923077,2,1606.527668991058,10,225,6,5,0,16
CNP0105337.0,-8.1,1.6617627024384447,5.352941176470588,4,564.4328204050576,0,91,7,0,0,0
CNP0105423.2,-9.6,1.346044841375805,4.705882352941177,2,1283.383232307452,2,160,6,2,0,9
CNP0105433.2,-8.587,1.2922741276414345,5.0588235294117645,5,1039.551557825963,4,172,6,2,0,6
CNP0105438.1,-12.2,0.9873944317224472,5.910714285714286,5,1488.9775004326934,22,331,6,9,7,14
CNP0105479.1,-9.4,1.5457353496633912,5.454545454545454,4,824.398346978456,8,180,6,2,4,3
CNP0105580.2,-7.9,2.6017495190687216,3.652173913043478,0,494.6572192045786,4,84,16,1,0,7
CNP0105631.0,-11.4,1.028593214062827,4.714285714285714,0,1671.0499896318831,12,231,6,8,0,23
CNP0105694.1,-7.3,2.0726459556680017,4.4375,2,429.3062463327081,1,71,8,1,0,1
CNP0105694.2,-7.2,2.0726459556680017,4.4375,2,429.3062463327081,1,71,8,1,0,1
CNP0105867.3,-8.7,1.9752947025943333,4.694444444444445,2,1097.8792532540133,5,169,12,1,2,7
CNP0105920.2,-8.4,1.921943788103288,4.36,0,550.4069696693903,6,109,6,6,0,9
CNP0105948.0,-9.45,1.5267961642418697,5.16,4,1220.0042876354344,0,129,6,2,0,5
CNP0106001.2,-9.4,1.631038002653634,4.863636363636363,2,533.5741641260437,6,107,6,5,0,8
CNP0106146.0,-5.4,3.007716292274556,2.857142857142857,0,392.5594487107873,0,100,0,1,0,2
CNP0106157.1,-9.3,1.2033115994005117,4.4,0,1118.6731303937818,2,154,6,2,0,8
CNP0106249.1,-6.9,1.979540769173021,4.5,2,265.7628977173992,2,63,6,0,0,0
CNP0106263.1,-11.7,1.071861505999938,5.5,9,2121.085082043184,5,264,18,3,3,13
CNP0106263.4,-11.9,1.071861505999938,5.5,9,2121.085082043184,5,264,18,3,3,13
CNP0106265.1,-8.8,1.6141280180723836,4.6,2,803.7836154242743,1,115,6,2,0,4
CNP0106307.1,-7.0,1.6695443586901195,5.88135593220339,6,1998.067245130405,15,347,6,2,8,19
CNP0106309.1,-9.4,1.9537669209418864,5.214285714285714,3,722.5386223859374,7,146,6,3,2,6
CNP0106309.2,-9.0,1.9537669209418864,5.214285714285714,3,722.5386223859374,7,146,6,3,2,6
CNP0106326.0,-5.2,2.29725588417896,3.6666666666666665,0,188.98472797862,0,33,6,0,0,0
CNP0106331.1,-8.1,1.4708928845914533,5.37037037037037,5,807.9068293818804,5,145,6,0,0,7
CNP0106364.1,-9.8,1.4570022897350232,5.32258064516129,4,682.2244321980916,9,165,6,2,3,2
CNP0106409.0,-10.7,1.2119524078812638,5.935483870967742,5,809.5545882846353,10,184,6,0,3,2
CNP0106541.0,-8.605,3.5365620101598387,3.1333333333333333,0,690.8559515213415,0,94,0,0,0,0
CNP0106569.2,-8.6,1.863213444110496,4.28,2,854.5004921867813,1,107,6,2,0,7
CNP0106687.1,-7.941,2.139277325152773,4.666666666666667,2,358.4767982180039,3,84,6,2,0,6
CNP0106729.4,-9.009,1.2755154094369918,7.042553191489362,12,1920.681217928753,10,331,6,5,6,17
CNP0106750.1,-9.358,1.5106504435071326,5.852941176470588,5,938.8054508437566,10,199,6,1,4,5
CNP0106812.2,-10.2,1.344597189698853,5.044444444444444,2,1606.4154278994702,10,227,6,10,0,17
CNP0106814.1,-9.3,1.842582501491369,5.53125,4,932.2837035570736,8,177,6,2,3,8
CNP0106819.1,-8.3,2.13537588843295,4.4,0,448.2371673591009,5,88,8,3,0,6
CNP0106825.1,-8.5,2.3365027807908896,5.095238095238095,2,471.28779430829775,4,107,6,2,2,5
CNP0106909.1,-7.7,2.2296315764375434,4.461538461538462,2,689.1167354850434,3,116,6,2,0,7
CNP0106918.3,-9.6,1.9770087307079904,4.689655172413793,0,844.4053282360483,4,136,6,3,1,6
CNP0106975.4,-10.4,1.4512687527011008,5.735294117647059,4,872.8619263031386,12,195,6,4,3,8
CNP0106986.1,-10.2,1.3065983993775458,5.567567567567568,6,1415.601554768466,3,206,6,1,1,10
CNP0106998.0,-5.4,2.476985453317163,4.0,0,198.91831683475928,0,44,6,0,1,1
CNP0107030.0,-6.3,3.006609402807491,2.870967741935484,0,343.14927217987463,0,89,0,1,0,3
CNP0107058.1,-5.5,3.0648096180310693,2.833333333333333,0,246.4200403713333,1,68,0,1,0,1
CNP0107065.1,-8.5,3.2863485896651854,4.157894736842105,0,1463.843010465462,6,237,6,3,0,13
CNP0107120.2,-9.9,1.251488556707683,4.509803921568627,3,1657.208397734683,4,230,21,5,1,12
CNP0107163.1,-8.2,1.6466519334532728,5.25925925925926,3,754.3895935006261,7,142,6,1,1,7
CNP0107222.1,-8.7,1.538540529427758,4.608695652173913,3,669.5343486159546,2,106,6,1,0,7
CNP0107247.0,-10.0,1.2018955653646128,4.75,2,1412.2374539500702,1,190,6,1,0,11
CNP0107284.1,-9.8,0.9982002297571198,4.569444444444445,0,2288.5866602430424,14,329,6,9,0,23
CNP0107285.1,-11.2,1.50346030501101,5.176470588235294,4,1406.0542822133884,11,264,6,4,8,11
CNP0107290.3,-11.5,1.217920627543449,4.976744186046512,2,1490.242076090511,10,214,6,8,0,15
CNP0107364.1,-10.7,1.3523114463984571,5.441176470588236,4,1003.9143439056232,8,185,6,2,2,5
CNP0107364.3,-10.7,1.3523114463984571,5.441176470588236,4,1003.9143439056232,8,185,6,2,2,5
CNP0107431.6,-10.9,1.1210873686952014,4.714285714285714,2,1466.8548364235971,6,198,6,6,0,12
CNP0107475.2,-8.802,1.2349162799381586,5.526315789473684,5,1655.2813737832885,16,315,6,7,6,11
CNP0107484.1,-6.0,3.231461287923375,3.0,0,407.59267530513847,1,69,0,1,0,4
CNP0107484.2,-6.1,3.231461287923375,3.0,0,407.59267530513847,1,69,0,1,0,4
CNP0107567.2,-11.0,0.8666245529791903,5.202020202020202,12,4688.607496102279,11,515,26,9,1,37
CNP0107613.2,-8.4,1.985341928432813,5.625,4,1232.7138290937614,9,225,6,0,5,10
CNP0107620.2,-10.1,0.9160691140659468,5.493506493506493,5,2165.627348906239,28,423,6,14,6,24
CNP0107696.2,-8.8,1.1072994637482347,5.225352112676056,4,1878.255383788881,25,371,6,11,5,19
CNP0107701.2,-10.2,1.2424433873759928,5.037735849056604,2,1816.087357324052,14,267,6,13,0,21
CNP0107756.1,-10.9,1.267319296092464,5.073170731707317,3,1471.020918620349,10,208,6,9,0,15
CNP0107763.1,-7.3,2.1263725153501403,5.085106382978723,4,1336.7574610454474,11,239,7,0,4,13
CNP0107846.1,-10.58,1.2094281066510473,4.678571428571429,4,1060.5133992348292,1,131,7,3,0,9
CNP0107857.2,-11.5,1.018165884510989,5.173076923076923,4,2345.7131493128704,4,269,6,8,0,10
CNP0107917.1,-7.2,0.978670131422938,5.818181818181818,5,412.13020280292176,9,128,4,0,0,1
CNP0107947.1,-10.2,1.5800851247130694,5.5,4,848.4068896207551,11,187,6,6,4,7
CNP0107983.1,-10.56,1.391661705843274,4.980769230769231,7,2096.6017488198167,6,259,18,9,0,17
CNP0107983.2,-9.713,1.391661705843274,4.980769230769231,7,2096.6017488198167,6,259,18,9,0,17
CNP0108021.1,-8.9,2.393058313953429,4.135135135135135,3,945.823070627193,5,153,14,5,0,10
CNP0108082.2,-6.1,3.680892622922226,3.1904761904761907,0,399.7289581332091,4,67,0,3,0,4
CNP0108097.3,-7.5,2.1237412185807782,4.875,2,363.6312411697188,3,78,6,0,1,1
CNP0108162.1,-7.1,1.3943120895169012,3.933333333333333,0,610.8174110303198,4,118,5,0,0,6
CNP0108177.4,-10.4,1.7050765858407748,6.372093023255814,6,1490.6288857969685,9,274,6,0,7,12
CNP0108177.5,-10.7,1.7050765858407748,6.372093023255814,6,1490.6288857969685,9,274,6,0,7,12
CNP0108177.6,-10.2,1.7050765858407748,6.372093023255814,6,1490.6288857969685,9,274,6,0,7,12
CNP0108222.1,-6.8,2.5641592321390414,4.076923076923077,0,269.70795149662325,2,53,6,3,1,5
CNP0108276.2,-7.2,2.3922739636550987,3.941176470588236,0,304.0436806111143,3,67,6,2,1,2
CNP0108324.3,-8.1,2.289446045755771,5.0,2,340.63041546732825,7,90,6,3,1,3
CNP0108344.5,-12.5,1.087589401323685,5.666666666666667,5,1590.7140218476084,20,323,6,10,6,16
CNP0108370.1,-9.9,1.5133213514892956,5.885714285714286,5,925.707645363466,11,206,7,4,5,5
CNP0108399.1,-11.2,1.117111812258878,5.840909090909091,6,1966.121304932616,5,257,6,6,3,10
CNP0108425.0,-6.512,2.099704813248489,4.6923076923076925,2,470.3665095200525,0,61,6,1,0,4
CNP0108447.1,-8.4,1.8497695726659469,5.3,2,516.7246893119519,4,106,6,1,2,2
CNP0108460.1,-12.0,1.162956917345554,5.0,4,2055.145362558349,5,260,11,10,0,17
CNP0108460.2,-11.9,1.162956917345554,5.0,4,2055.145362558349,5,260,11,10,0,17
CNP0108460.3,-11.8,1.162956917345554,5.0,4,2055.145362558349,5,260,11,10,0,17
CNP0108466.1,-7.6,1.5995903597350138,5.823529411764706,4,359.1181094709745,4,99,5,2,3,2
CNP0108469.3,-8.5,2.241086209887461,4.840909090909091,2,1484.6389620963616,4,213,6,3,3,6
CNP0108528.1,-7.943,1.5938416359025442,6.923076923076923,6,734.8990047421563,10,180,6,2,3,4
CNP0108528.17,-8.436,1.5938416359025442,6.923076923076923,6,734.8990047421563,10,180,6,2,3,4
CNP0108624.1,-7.7,2.1390830300207977,4.695652173913044,2,467.5072444937812,5,108,6,2,2,3
CNP0108652.1,-8.7,1.1802738972754376,4.5978260869565215,0,3212.124955877753,19,423,6,11,1,30
CNP0108713.1,-9.941,1.5780967304598987,6.057142857142857,5,976.4675661135916,9,212,6,1,6,4
CNP0108713.2,-10.32,1.5780967304598987,6.057142857142857,5,976.4675661135916,9,212,6,1,6,4
CNP0108727.0,-8.1,1.99559625503469,4.964285714285714,3,748.1259375642552,5,139,7,0,1,6
CNP0108919.2,-8.7,1.844589537536092,4.45679012345679,0,2214.93719731132,20,361,6,8,0,27
CNP0108923.4,-9.719,1.5504015091604406,6.0,5,920.7661168473404,9,204,6,0,5,4
CNP0108952.2,-9.9,1.6897758711544897,4.530612244897959,4,1331.4945011732516,7,222,18,7,1,18
CNP0109002.0,-5.7,2.930960289426317,2.75,0,269.76289771739914,0,66,0,0,0,0
CNP0109040.2,-8.7,1.820105027293804,6.0,4,600.4462688062342,8,144,6,3,3,4
CNP0109109.1,-7.9,2.018086150470039,5.5,3,581.1851054867859,5,121,7,1,2,6
CNP0109161.1,-10.7,1.5409511737588284,4.571428571428571,2,813.8661421345892,4,128,6,7,1,13
CNP0109191.1,-7.3,1.9021119707325869,4.733333333333333,2,341.4572482093501,5,71,6,4,1,5
CNP0109214.2,-8.4,1.2453152616141423,6.0,7,1200.6011362161655,13,222,6,4,1,10
CNP0109269.4,-8.0,1.6825132154361562,5.379310344827586,4,869.8725807118726,5,156,6,3,1,8
CNP0109285.1,-8.2,2.1234668046583485,4.478260869565218,2,491.1152542590712,4,103,7,2,1,3
CNP0109285.2,-7.8,2.1234668046583485,4.478260869565218,2,491.1152542590712,4,103,7,2,1,3
CNP0109335.4,-9.8,1.3885540892511905,5.735294117647059,4,1374.3036998475354,3,195,6,0,1,6
CNP0109444.1,-9.5,1.5281278959214095,7.391304347826087,8,789.601282033081,6,170,6,1,3,3
CNP0109521.1,-8.6,1.4747315881073089,5.104166666666667,4,1836.0156262947223,4,245,8,1,1,11
CNP0109540.0,-7.0,1.9240581008103912,4.388888888888889,2,570.0104457259819,0,79,6,1,0,5
CNP0109554.1,-6.6,1.9356151624665816,5.555555555555555,3,344.63041546732825,7,100,6,2,2,3
CNP0109560.1,-7.6,1.933549921251588,5.421052631578948,3,400.9497548430129,7,103,7,2,2,4
CNP0109578.1,-10.3,1.248738134262221,5.035087719298246,2,1909.6855091689613,15,287,6,12,0,22
CNP0109584.1,-8.8,1.73118164139814,4.84,2,594.0106208917081,7,121,6,5,0,8
CNP0109585.0,-4.5,2.0127911806480627,3.4,0,82.72905595320057,0,34,5,0,0,1
CNP0109665.0,-8.7,1.6191581215148492,4.809523809523809,2,707.8086782554753,1,101,6,2,0,5
CNP0109688.1,-10.3,1.3384026556730075,6.805555555555555,7,990.4137783175248,14,245,6,4,7,6
CNP0109829.1,-8.9,1.0364412967811762,4.361702127659575,4,872.2459170198914,8,205,6,0,2,1
CNP0109903.0,-11.7,1.116593528317971,4.7631578947368425,4,1705.265464143957,2,181,6,4,0,9
CNP0109965.1,-9.6,1.4934865570144824,4.560975609756097,3,1319.508265421976,2,187,8,3,0,9
CNP0109973.2,-10.95,1.3550813698420767,6.21875,8,1433.3991122296022,5,199,8,2,1,9
CNP0110184.1,-9.8,0.9308753360209412,5.311111111111111,5,2621.02799182721,31,478,6,17,7,30
CNP0110186.2,-9.6,1.6714925284840934,5.0,4,1408.5554967236565,13,225,6,4,3,16
CNP0110310.0,-8.6,1.7756972208458948,4.761904761904762,2,874.4235223420042,0,100,6,2,0,5
CNP0110348.2,-7.5,1.620806824800621,3.9565217391304346,0,419.1095630325329,3,91,6,1,0,2
CNP0110391.1,-8.014,1.931235836550197,4.227272727272728,0,664.1318864701489,1,93,6,4,0,4
CNP0110534.2,-11.72,0.8789362901096923,5.854838709677419,6,1650.7416656478804,23,363,6,9,7,16
CNP0110600.2,-8.6,1.1333254609946624,3.954545454545455,0,800.7215479310659,8,174,5,3,0,7
CNP0110615.2,-9.765,1.3011570366740788,6.2631578947368425,7,1320.5428518717488,6,238,6,2,4,6
CNP0110630.2,-7.8,1.9483967875988888,4.870967741935484,3,710.8007773463204,9,151,6,0,1,6
CNP0110665.1,-9.5,1.5725953945236677,6.666666666666667,6,748.6122586942355,10,180,6,2,3,7
CNP0110665.2,-10.1,1.5725953945236677,6.666666666666667,6,748.6122586942355,10,180,6,2,3,7
CNP0110673.4,-7.6,2.140616642659777,4.695652173913044,2,467.5072444937812,5,108,6,2,2,3
CNP0110787.1,-8.9,1.4332224579710964,6.423076923076923,5,754.360773063957,8,167,6,1,3,6
CNP0110789.1,-7.1,2.03084049015726,4.647058823529412,2,329.8135212447859,3,79,9,1,1,2
CNP0110804.1,-9.565,1.4768600101325653,4.896551724137931,2,1004.5686439372766,1,142,6,1,0,6
CNP0110809.3,-11.9,1.29099378281316,6.0285714285714285,5,1032.3231837883664,12,211,6,3,3,7
CNP0110822.1,-7.5,2.293805076437568,3.418181818181818,0,1081.5314409869786,6,188,6,4,0,10
CNP0110867.2,-9.6,1.9909322833012848,5.5,3,1026.7536494029905,1,143,6,3,2,6
CNP0110981.1,-8.6,1.5607191043413966,5.621621621621622,5,985.6628801963452,10,208,6,1,4,5
CNP0111030.12,-11.3,1.3080778575718133,5.804347826086956,5,1263.0198345607068,15,267,6,6,5,10
CNP0111096.1,-8.4,1.7250886546290904,5.954545454545454,4,586.2826452844744,5,131,6,1,3,2
CNP0111151.2,-8.1,1.650640666511328,4.714285714285714,3,912.5454093546092,8,198,6,2,4,4
CNP0111156.4,-10.1,1.1591458992797,5.515151515151516,5,1287.894205316898,4,182,6,0,0,1
CNP0111212.1,-10.1,1.704653468867546,4.54,4,1366.1646808728133,8,227,18,8,1,19
CNP0111255.3,-8.7,1.7209712121422185,5.481481481481482,4,783.1997318999622,7,148,12,2,2,7
CNP0111258.1,-9.9,1.8019581711702848,6.12,4,652.4719536426356,8,153,6,4,4,5
CNP0111278.2,-8.0,1.4894889969720675,4.523809523809524,3,451.1354729807998,4,95,6,1,0,7
CNP0111282.1,-9.5,1.360237825552517,4.631578947368421,0,1640.1689130650916,15,264,6,10,0,20
CNP0111350.2,-8.7,1.0233184989691164,5.54054054054054,5,2075.497370042515,28,410,6,13,5,22
CNP0111379.1,-10.8,1.0835196769791091,4.842105263157895,2,3028.430225525765,15,368,6,13,0,25
CNP0111433.1,-11.1,1.336168079369152,5.85,5,1096.3570925456722,11,234,6,2,6,7
CNP0111444.5,-9.6,1.4824239161173551,6.0,6,1198.3982519391411,2,180,6,0,1,4
CNP0111493.0,-7.6,2.1751446445465312,4.36,0,822.6596730630752,1,109,6,1,0,7
CNP0111565.1,-5.6,2.3473392699658864,3.7,0,171.6900327878014,1,37,6,1,0,3
CNP0111643.1,-10.5,1.1194571467972396,6.517857142857143,12,2156.640171829524,17,365,9,5,8,6
CNP0111719.0,-6.9,3.195762441581584,2.9545454545454546,0,406.27376816206726,2,65,0,3,0,4
CNP0111765.0,-8.1,1.5884538980652931,4.384615384615385,0,927.3723271510136,0,114,6,3,0,4
CNP0111850.0,-4.4,2.6476048489438337,2.4,0,76.79745154591336,0,24,0,1,0,1
CNP0111875.1,-8.7,1.575789513142423,5.447368421052632,4,1383.1434682374377,7,207,6,5,1,11
CNP0111879.1,-9.3,1.3031683296565748,5.566666666666666,8,2352.777596274625,7,334,11,2,4,14
CNP0111916.1,-10.1,1.228720323724639,5.0,4,1179.468546832563,13,235,6,0,2,8
CNP0111973.1,-10.4,1.3973913425811346,5.7,5,1395.9930209242143,2,171,7,0,1,6
CNP0112054.0,-6.0,2.065868151513591,4.727272727272728,2,356.18047739830445,0,52,6,1,0,6
CNP0112071.1,-10.6,1.806664243422731,6.0,4,1038.308509925755,6,180,6,3,4,8
CNP0112269.2,-8.2,2.22272377865043,4.333333333333333,2,586.5645674741165,4,104,10,1,0,5
CNP0112280.0,-10.2,1.9052517366085768,5.444444444444445,3,753.4291865672529,6,147,6,3,3,7
CNP0112461.1,-7.3,2.638805084054884,4.485714285714286,2,887.6121432423529,7,157,10,1,1,8
CNP0112461.3,-7.6,2.638805084054884,4.485714285714286,2,887.6121432423529,7,157,10,1,1,8
CNP0112519.1,-9.4,1.5159945067856333,4.625,2,839.1628219308554,2,111,6,2,0,8
CNP0112523.2,-7.4,2.6313099405789835,5.074074074074074,2,587.2209065568251,8,137,6,4,3,6
CNP0112625.2,-6.7,4.132526097294273,3.24,0,453.0028658855998,3,81,0,2,0,5
CNP0112688.2,-8.2,1.8157388419092568,5.714285714285714,4,754.1259375642551,6,160,6,1,3,6
CNP0112690.1,-6.4,2.472111625737857,4.0,0,282.31250884651666,2,60,5,1,0,4
CNP0112716.3,-9.8,1.3655000202894343,5.782608695652174,5,1140.3096622511769,17,266,6,8,6,10
CNP0112748.0,-9.5,1.7490757427239978,4.96,2,1035.2228984290464,0,124,6,4,0,8
CNP0112756.3,-10.7,0.8525251670058702,5.359375,5,1560.5163102394606,27,343,6,12,3,19
CNP0112779.0,-8.6,1.6602584203726405,5.454545454545454,4,1076.2143976393354,0,120,6,1,0,4
CNP0112849.1,-6.793,1.515704853524269,3.925925925925926,2,735.9711471105098,1,106,6,2,0,4
CNP0112935.2,-10.32,0.8517929069300315,5.24,4,2359.300805948168,21,393,6,4,5,18
CNP0112961.1,-7.3,2.096795581357396,4.6875,2,289.8100768023834,2,75,7,1,1,1
CNP0112962.1,-10.3,1.397446159168248,6.333333333333333,6,930.8262041427912,9,209,6,2,6,3
CNP0112974.1,-9.0,1.4662467736936011,5.421052631578948,4,1347.5097742322266,7,206,6,6,1,11
CNP0112982.1,-9.6,1.9047148347356744,5.260869565217392,3,566.9177689624566,5,121,11,2,2,7
CNP0112982.2,-8.6,1.9047148347356744,5.260869565217392,3,566.9177689624566,5,121,11,2,2,7
CNP0113052.1,-9.6,1.2751162136332608,5.676470588235294,6,1465.4829274115773,2,193,6,2,0,4
CNP0113077.1,-7.8,2.5666944559398,4.5625,2,782.3365656914069,7,146,10,2,1,9
CNP0113086.4,-8.6,1.835553998626339,5.1923076923076925,2,576.6487147470665,8,135,6,4,2,6
CNP0113107.2,-8.4,1.523360425884128,4.7,2,661.909116506024,2,94,6,2,0,6
CNP0113107.3,-8.4,1.523360425884128,4.7,2,661.909116506024,2,94,6,2,0,6
CNP0113179.0,-5.7,1.9634758999636512,4.5,2,316.845592492937,0,45,6,1,0,4
CNP0113321.1,-10.8,1.1221335053683488,4.885714285714286,8,2556.9330251543083,12,342,20,10,2,13
CNP0113342.10,-9.9,1.29509883543313,4.954545454545454,2,1791.1515922415813,5,218,6,10,0,16
CNP0113342.4,-10.0,1.29509883543313,4.954545454545454,2,1791.1515922415813,5,218,6,10,0,16
CNP0113344.1,-7.3,1.8824508321554616,4.411764705882353,0,446.18647141689365,1,75,6,0,0,0
CNP0113344.2,-7.5,1.8824508321554616,4.411764705882353,0,446.18647141689365,1,75,6,0,0,0
CNP0113347.2,-8.2,1.5642025126670407,5.857142857142857,3,666.6312240348874,4,123,6,2,2,5
CNP0113427.1,-8.7,2.048663081089985,5.565217391304348,3,765.9374106355692,3,128,6,3,2,7
CNP0113429.1,-9.7,1.7927131748843987,4.290322580645161,0,619.2817069784645,8,133,6,6,1,10
CNP0113441.1,-9.8,1.2726846235072873,5.3023255813953485,4,1846.964928173956,4,228,6,9,0,13
CNP0113623.3,-8.8,1.675982920806311,5.555555555555555,3,782.6023105955709,6,150,6,1,3,6
CNP0113684.3,-8.5,2.2833183681757987,4.290909090909091,2,1779.9809365063209,6,236,12,0,1,14
CNP0113766.0,-5.5,2.0917705580984776,4.9,2,405.7105035985509,0,49,5,1,0,4
CNP0113872.2,-7.7,1.8152434443384688,7.0,4,409.65801413712745,6,112,6,1,3,1
CNP0113954.2,-8.5,1.901093095675657,4.925925925925926,3,694.4437960309604,7,133,10,2,2,7
CNP0113996.1,-8.7,1.7885229634971154,4.863636363636363,3,554.0545526897457,4,107,11,0,1,2
CNP0114008.0,-9.4,1.2794922540706626,5.116279069767442,4,2157.747397482846,0,220,6,3,0,10
CNP0114126.1,-9.5,1.5523626728791915,5.918918918918919,5,1030.1958345211428,10,219,6,2,6,5
CNP0114140.0,-6.5,3.4056742466509853,3.0,0,315.81352124478593,0,51,0,0,0,2
CNP0114154.2,-9.8,1.359182055595919,5.363636363636363,4,1185.1696525826464,6,177,6,3,0,8
CNP0114182.0,-5.2,2.862306209193584,2.6666666666666665,0,121.05865002596164,0,48,0,2,0,2
CNP0114183.1,-7.9,1.8745389310822484,4.395833333333333,0,1412.3363132353006,5,211,6,1,0,12
CNP0114190.10,-9.5,1.46025795751682,5.25,4,578.8113601402916,9,147,6,1,2,1
CNP0114306.1,-6.9,1.7097360551784315,5.296296296296297,4,894.8711970849095,2,143,6,1,0,6
CNP0114350.1,-11.55,1.1139408398050992,5.5,6,900.3860689762455,10,198,6,1,2,6
CNP0114350.3,-12.4,1.1139408398050992,5.5,6,900.3860689762455,10,198,6,1,2,6
CNP0114434.1,-8.6,1.7781366664388494,6.041666666666667,4,612.0603154453478,8,145,6,3,3,7
CNP0114502.1,-10.3,1.4927328982706851,5.2,3,1352.642125216814,2,182,6,5,1,9
CNP0114505.2,-7.8,2.014553037126017,5.25,3,687.87071661214,6,126,7,0,1,5
CNP0114518.1,-7.527,1.7548250850388143,4.08,0,509.2634340613407,1,102,6,1,2,3
CNP0114523.2,-7.0,4.272940986948137,3.046153846153846,0,1181.2868174463365,1,198,0,0,0,6
CNP0114535.16,-10.0,1.714709131662144,7.129032258064516,6,957.2629829583332,12,221,5,4,5,11
CNP0114535.24,-9.6,1.714709131662144,7.129032258064516,6,957.2629829583332,12,221,5,4,5,11
CNP0114535.25,-9.5,1.714709131662144,7.129032258064516,6,957.2629829583332,12,221,5,4,5,11
CNP0114535.34,-9.6,1.714709131662144,7.129032258064516,6,957.2629829583332,12,221,5,4,5,11
CNP0114553.1,-9.4,1.6023500588993842,5.5625,4,842.8929045040401,7,178,6,1,4,2
CNP0114553.3,-9.5,1.6023500588993842,5.5625,4,842.8929045040401,7,178,6,1,4,2
CNP0114613.0,-10.3,1.3036996490441115,5.689655172413793,6,1451.9619736459808,0,165,6,3,0,9
CNP0114637.1,-5.8,3.073920349714784,2.823529411764706,0,180.3061356857803,1,48,0,2,0,3
CNP0114673.0,-9.1,1.5154633018264494,4.541666666666667,2,930.2883727181414,0,109,6,0,0,5
CNP0114762.2,-9.1,1.6490201965633922,5.375,4,832.1737387340507,7,172,6,2,3,6
CNP0114811.0,-5.8,3.140059582790117,2.85,0,250.86142724108407,0,57,0,2,0,4
CNP0114864.1,-8.0,2.093917941355963,4.933333333333334,3,754.7951132076106,8,148,11,2,1,6
CNP0114864.2,-8.0,2.093917941355963,4.933333333333334,3,754.7951132076106,8,148,11,2,1,6
CNP0114893.3,-10.6,1.064819462441259,5.65,5,1566.4446855239682,23,339,6,12,6,17
CNP0114899.1,-8.8,1.4686337666442917,4.354838709677419,2,968.8823285988104,3,135,6,3,0,8
CNP0114926.2,-10.4,1.7905444118924447,5.764705882352941,4,1051.196835193284,7,196,6,2,4,7
CNP0114986.3,-9.1,1.7442056480694192,4.305555555555555,2,876.0506905596872,7,155,12,3,0,8
CNP0115026.2,-8.123,2.225970244926316,4.782608695652174,2,529.0048756586318,5,110,6,1,2,3
CNP0115053.1,-6.7,2.053343555755173,4.6923076923076925,2,258.3403164396807,3,61,6,2,0,4
CNP0115188.2,-10.8,1.3992837456353984,4.514705882352941,3,1551.7910336023845,21,307,19,6,0,20
CNP0115230.3,-10.1,0.7485903697247187,5.132352941176471,5,4167.286262595643,47,698,6,21,8,42
CNP0115251.3,-9.0,1.2774217273068074,4.9375,3,914.1368597349982,5,158,6,0,1,3
CNP0115276.1,-6.853,2.2486547978611084,3.5625,0,363.5071288922052,1,57,6,3,0,5
CNP0115362.1,-8.1,2.122920754176149,5.6,3,638.559104930825,8,140,7,4,3,8
CNP0115610.1,-7.1,2.088911108499768,4.625,2,356.18920734815,2,74,6,0,1,3
CNP0115636.2,-8.1,1.975797392297897,4.714285714285714,2,1075.3923278317295,10,198,6,3,2,9
CNP0115687.1,-7.6,2.81466654326317,3.8333333333333335,0,462.25930702394095,4,92,14,3,1,4
CNP0115695.1,-8.0,1.8347965666881505,5.130434782608695,2,547.0900403126913,4,118,6,1,2,3
CNP0115696.1,-8.8,1.9537465450612843,4.727272727272728,3,940.0535832378856,5,156,10,2,1,8
CNP0115764.0,-7.7,1.542710311067908,4.454545454545454,2,755.3185899388639,0,98,6,3,0,7
CNP0115780.0,-6.3,3.5437366663787206,3.032258064516129,0,482.2406845429687,0,94,0,0,0,6
CNP0115784.1,-8.2,1.6547956312520182,5.961538461538462,5,860.5670925014417,3,155,6,1,2,5
CNP0115822.2,-7.9,1.665220302048622,4.727272727272728,3,495.8366336695184,5,104,7,1,0,2
CNP0115823.2,-9.0,1.5461470921026397,3.9642857142857135,2,734.7997526928648,1,111,6,1,1,2
CNP0115858.1,-12.5,0.6806931176949516,5.324324324324325,5,1887.5709684600724,29,394,7,2,3,19
CNP0115888.1,-8.6,1.6673826179753022,5.090909090909091,2,1232.9511876166816,5,168,6,5,0,10
CNP0115965.1,-9.8,1.5774929904872437,5.351351351351352,4,997.8889304175948,10,198,6,3,3,7
CNP0116010.5,-11.46,1.227319789383957,6.27027027027027,7,1430.853907578708,7,232,6,2,5,8
CNP0116127.3,-7.4,2.563638224378106,4.162790697674419,0,982.7806782922012,11,179,16,2,0,12
CNP0116235.0,-9.4,1.3793241016390163,5.431818181818182,4,1107.2926966196114,15,239,6,8,4,11
CNP0116434.0,-10.6,0.8124110641830764,5.486111111111111,6,1886.6911214079048,30,395,6,12,3,22
CNP0116495.1,-10.9,0.8955082541034287,5.313432835820896,4,1981.3046919152653,20,356,6,4,5,16
CNP0116502.1,-10.9,0.8934814032052668,5.417582417582418,5,2649.1790758153315,35,493,6,13,6,28
CNP0116537.0,-7.7,1.7537643845150377,4.157894736842105,0,686.6852502426874,0,79,6,0,0,4
CNP0116586.3,-8.2,1.1248952903212488,6.26,7,1606.3343856033296,14,313,6,0,4,12
CNP0116586.6,-8.6,1.1248952903212488,6.26,7,1606.3343856033296,14,313,6,0,4,12
CNP0116671.1,-6.1,2.795182575651364,4.538461538461538,0,170.3657023879603,4,59,5,4,1,6
CNP0116672.1,-8.6,1.6863900005872137,5.9523809523809526,4,482.23008642068913,7,125,7,0,3,1
CNP0116702.2,-7.7,2.651507969897533,3.7,0,400.4683090063263,3,74,10,1,0,6
CNP0116712.0,-7.813,1.5397768763728923,4.0,2,758.2880038406952,0,108,6,2,1,4
CNP0116752.2,-9.6,1.5289660132147835,5.928571428571429,5,954.724015050998,3,166,7,2,3,7
CNP0116925.0,-10.1,1.1582443318899291,4.548387096774194,4,1075.175738752293,0,141,6,2,0,9
CNP0116943.2,-9.0,1.6686614763277945,4.576923076923077,2,843.7764348448985,2,119,6,3,0,7
CNP0116943.3,-8.2,1.6686614763277945,4.576923076923077,2,843.7764348448985,2,119,6,3,0,7
CNP0116979.1,-11.0,3.00223552326831,3.7,0,1442.39434706057,3,222,36,6,0,21
CNP0116983.1,-8.865,1.632488844411752,4.258064516129032,0,947.8030159815576,1,132,6,0,0,5
CNP0116997.3,-7.4,1.3368404128237867,3.736842105263158,0,414.9780020451614,3,71,6,0,0,2
CNP0117039.1,-6.3,3.321671866949071,3.1333333333333333,0,198.1578838997696,2,47,0,4,0,6
CNP0117119.0,-8.4,1.835390129469248,5.606060606060606,4,1017.657789280066,8,185,7,2,3,7
CNP0117129.1,-11.3,0.8312401347166428,5.535211267605634,6,1885.656617549353,31,393,6,10,3,20
CNP0117241.1,-9.0,1.5181888982442755,5.0,3,740.9631254683178,7,145,6,0,1,8
CNP0117289.15,-9.033,1.623132939890071,5.761904761904762,4,458.4827066363416,7,121,6,1,2,2
CNP0117297.0,-8.881,1.5168961417740767,4.722222222222222,3,1593.3812220363257,0,170,6,4,0,10
CNP0117298.0,-7.8,1.7939815270534507,4.777777777777778,2,1036.6601656943606,0,129,6,0,0,7
CNP0117336.2,-7.4,2.1413728252145248,4.764705882352941,2,353.9333205532756,4,81,9,2,1,2
CNP0117429.9,-10.3,1.3160324058595685,4.9,2,1089.822503007,5,147,6,5,0,9
CNP0117463.0,-7.7,1.1993760374270106,4.9298245614035086,0,1257.0186124282188,25,281,6,15,0,26
CNP0117474.1,-11.2,1.255638497497823,4.717948717948718,0,1166.9418641311008,8,184,6,8,1,13
CNP0117493.0,-8.9,1.6624255175649456,5.652173913043479,4,625.272226859852,5,130,6,0,2,3
CNP0117570.0,-10.3,1.3902633124527126,4.315789473684211,0,1072.7821974964588,6,164,6,3,0,11
CNP0117619.10,-7.7,1.7622560467993371,5.235294117647059,3,352.8051510231883,6,89,6,3,0,5
CNP0117620.1,-9.1,1.734860381012051,5.153846153846154,3,594.9496677483216,6,134,6,2,3,4
CNP0117652.20,-10.4,1.440005058202284,5.96969696969697,4,783.9014412577819,10,197,6,2,6,3
CNP0117705.1,-9.5,1.3008153917376837,5.829787234042553,6,1613.2802094177962,12,274,7,3,5,10
CNP0117731.1,-8.4,1.6756099420173252,5.666666666666667,4,913.5665809631282,1,136,6,1,1,4
CNP0117738.1,-6.9,2.4046026923610646,3.5,0,227.40331533468296,2,56,12,1,0,4
CNP0117804.1,-8.1,1.2510510581884295,5.115384615384615,3,598.5335699737608,1,133,6,0,1,5
CNP0117883.1,-8.513,0.9719135176699844,5.84375,6,1736.547366035241,26,374,6,10,6,17
CNP0117947.0,-8.3,1.6724405760309125,4.607142857142857,0,804.5981399802895,5,129,6,6,0,8
CNP0118032.1,-7.4,4.35884914267547,3.180327868852459,0,1352.5441307927415,3,194,0,4,0,15
CNP0118098.3,-8.2,1.6149315983691823,5.038461538461538,3,585.9364344405768,5,131,6,0,0,4
CNP0118172.0,-9.2,1.417641859026027,4.735849056603773,0,2137.392045162971,3,251,6,5,0,10
CNP0118242.1,-11.0,1.2130941590984543,5.711111111111111,5,1163.0641655185836,15,257,6,4,5,8
CNP0118249.0,-7.6,1.9340927076158871,4.173913043478261,0,605.3082892251863,0,96,6,3,1,6
CNP0118358.1,-9.6,1.4461489670165808,5.962962962962963,5,644.2924310288187,9,161,6,1,2,3
CNP0118392.2,-10.4,1.4602887217380869,4.9375,2,1156.8255447974616,5,158,6,5,0,10
CNP0118450.1,-11.1,0.9674007482836467,5.0,4,2257.09767486291,12,275,6,14,0,35
CNP0118462.1,-8.7,1.99110827401485,4.147058823529412,0,925.7072447476488,5,141,6,5,0,14
CNP0118506.1,-9.6,1.5796112968310894,5.46875,4,717.1905351121593,11,175,6,3,3,3
CNP0118532.1,-11.6,1.097996712082738,6.326923076923077,14,1911.250858587517,11,329,15,1,3,7
CNP0118605.0,-8.4,1.763712593976715,4.851851851851852,2,880.9710625550196,2,131,6,4,1,6
CNP0118660.1,-7.8,1.6624458411172118,4.622950819672131,0,1373.3174470202182,24,282,6,17,0,27
CNP0118720.0,-9.0,2.009051918786429,4.482758620689655,0,596.418442629199,11,130,6,7,0,12
CNP0118735.1,-7.5,2.175137786248424,5.0625,3,844.4051250330954,8,162,6,1,2,9
CNP0118848.1,-7.8,2.36684687135071,4.081081081081081,0,904.0630008214716,6,151,13,3,0,8
CNP0118958.1,-12.06,1.0964321685282383,5.389830508474576,4,1735.4753953761085,20,318,6,7,4,18
CNP0119210.6,-9.9,1.45329799047687,6.548387096774194,5,1093.0395009112185,7,203,6,1,5,5
CNP0119281.2,-8.9,1.7067828076054563,4.833333333333333,3,732.0332894551264,6,145,6,2,1,6
CNP0119301.1,-10.5,1.3996568037056625,4.555555555555555,0,1568.951892662915,5,205,6,9,0,16
CNP0119302.1,-10.5,1.3146052079487358,4.770833333333333,3,1646.9497501948758,5,229,13,7,0,14
CNP0119374.2,-6.3,2.468624546208364,6.0,2,217.0440022382591,3,72,5,1,3,1
CNP0119374.4,-6.3,2.468624546208364,6.0,2,217.0440022382591,3,72,5,1,3,1
CNP0119400.0,-6.4,5.776659363149337,3.7384615384615385,0,1670.0139030679277,9,243,0,15,0,27
CNP0119429.4,-8.9,1.5499427566697124,5.162790697674419,2,1517.5577288869354,10,222,6,10,0,15
CNP0119464.1,-11.6,1.123733931174895,5.363636363636363,4,1415.083197524661,20,295,6,9,4,13
CNP0119499.1,-7.7,1.813432230614851,4.954545454545454,3,733.0279823959997,2,109,6,0,0,3
CNP0119641.1,-8.2,1.5968975346177938,5.8,5,896.6782588027165,3,145,6,0,1,4
CNP0119709.0,-4.0,3.1442082073698243,2.7142857142857144,0,100.7476472676892,0,19,0,0,0,1
CNP0119777.1,-8.7,1.434313591787297,5.133333333333334,4,651.0245313210941,8,154,6,0,2,2
CNP0119849.2,-6.8,2.1572266388628343,4.857142857142857,2,241.62011791630908,3,68,6,0,1,1
CNP0119850.0,-8.6,1.4395823997033457,3.875,0,1513.9763204410006,17,310,6,12,0,19
CNP0119892.1,-8.9,1.7429731599612943,6.72,5,729.5981575548559,8,168,6,2,4,5
CNP0119946.3,-9.2,1.9582422968284885,4.0285714285714285,2,996.917687953112,5,141,23,3,0,7
CNP0119964.3,-9.5,1.7746666348680116,4.694444444444445,2,993.9645057145276,9,169,7,5,0,11
CNP0119973.0,-9.384,1.6238157177111092,4.6,2,996.010515960068,0,115,6,2,0,5
CNP0119976.1,-10.0,1.3156221846338692,4.816326530612245,2,1812.9410038926487,7,236,6,8,0,16
CNP0120014.2,-10.4,0.6515112443230037,5.222222222222222,4,2874.480527553786,35,517,6,9,5,28
CNP0120024.0,-7.5,1.9562530903814963,5.368421052631579,3,516.2386158789982,5,102,7,2,0,4
CNP0120029.1,-11.6,1.0016939112675003,5.47887323943662,5,2078.6229934651574,23,389,6,8,6,20
CNP0120128.1,-8.4,1.3995063560707262,4.23943661971831,5,5061.104886262793,20,602,29,27,0,53
CNP0120128.3,-7.5,1.3995063560707262,4.23943661971831,5,5061.104886262793,20,602,29,27,0,53
CNP0120130.1,-8.7,1.6364724446477192,4.857142857142857,3,745.327524072614,1,102,6,1,0,6
CNP0120137.1,-11.1,1.326411270096831,6.351351351351352,5,1424.116610330799,5,235,6,1,6,9
CNP0120144.1,-7.8,2.001649767198175,5.578947368421052,3,441.2749996319477,5,106,6,0,2,3
CNP0120216.0,-11.0,1.3389583789264978,5.868421052631579,5,1187.5900122214312,10,223,7,1,5,6
CNP0120264.1,-10.13,1.3159021526355112,5.2368421052631575,4,1066.0730122093123,8,199,6,0,2,2
CNP0120285.1,-8.7,1.1262184190687754,5.968253968253968,10,2125.9927795290496,18,376,13,7,6,10
CNP0120293.1,-9.8,1.4396391636475463,5.3,4,1271.1955653299033,8,212,7,4,0,12
CNP0120396.1,-9.2,1.7574819409381253,4.416666666666667,3,1125.505786497885,4,159,19,3,1,9
CNP0120401.3,-9.0,1.576732250834975,6.055555555555555,5,974.4859344463548,11,218,6,5,6,6
CNP0120470.1,-11.2,0.9769802313351842,5.1891891891891895,4,1958.904142830411,27,384,6,12,3,23
CNP0120483.1,-9.8,1.3959180536543274,5.72,5,1047.6662865448284,2,143,6,2,1,5
CNP0120490.0,-9.1,1.1701412821965222,5.113636363636363,5,1526.4817827505703,6,225,6,1,0,11
CNP0120558.3,-7.602,1.6503020034589302,5.434782608695652,5,644.0117129245765,5,125,6,2,1,4
CNP0120760.1,-9.1,1.92089716109798,4.105263157894737,0,917.2136257556854,9,156,12,2,1,8
CNP0120829.2,-9.9,1.4816764867422652,4.419354838709677,2,999.4174399186894,2,137,6,3,0,6
CNP0120937.1,-10.3,0.99651902989728,5.590909090909091,5,1751.651730130534,25,369,6,11,6,18
CNP0121025.2,-12.17,1.2780808382039095,6.125,6,816.8643484884914,12,196,6,3,4,5
CNP0121048.0,-8.3,1.4897710445495569,4.214285714285714,0,2453.1402728308512,15,354,6,19,0,33
CNP0121086.1,-10.3,1.2903146324484234,4.589285714285714,2,2212.6599837694603,5,257,6,3,1,18
CNP0121215.1,-12.4,1.0476554114886245,5.48,5,1228.8685772138847,17,274,6,6,5,9
CNP0121282.10,-8.7,2.156252326871968,4.464285714285714,0,616.224889895046,8,125,6,5,0,11
CNP0121291.0,-10.4,1.2044481859569802,4.935483870967742,3,1296.5354900343132,0,153,6,0,0,5
CNP0121352.0,-9.6,1.62187146336219,5.633333333333334,4,744.3902102956507,8,169,6,1,5,3
CNP0121372.1,-10.4,1.608895506658867,5.0,3,922.5722312211608,5,165,6,1,3,5
CNP0121391.0,-5.1,1.906220771718448,3.25,0,167.84292599913812,0,39,6,0,0,1
CNP0121446.3,-11.7,0.9592862493086496,5.685185185185185,6,1340.5130090936518,24,307,6,9,3,15
CNP0121453.1,-10.5,1.500804992574895,5.970588235294118,5,966.0972584991068,8,203,6,2,6,4
CNP0121500.1,-8.5,1.9024235668569245,4.318181818181818,0,677.780541010751,1,95,6,4,0,6
CNP0121515.0,-5.3,2.846262262649495,2.647058823529412,0,175.7606331626225,0,45,0,0,0,2
CNP0121624.1,-8.3,3.767935046807725,3.2439024390243905,0,962.2910035758248,1,133,0,1,0,1
CNP0121808.0,-10.14,1.470413048846834,5.487179487179487,4,1006.4765602932072,11,214,6,1,4,7
CNP0121865.0,-8.9,1.4398698851479703,5.0,4,1784.7268376667776,1,185,6,3,0,8
CNP0121904.2,-6.999,2.295106653669268,3.8,0,351.63114760060705,2,76,5,1,0,4
CNP0121906.1,-7.311,2.0074175740566305,4.368421052631579,0,579.2714259358743,1,83,6,0,0,3
CNP0121932.4,-11.2,1.0796966234889105,5.046511627906977,4,1334.1038139974396,7,217,6,3,3,9
CNP0121973.0,-5.4,3.225212669638025,2.9166666666666665,0,262.6955295241146,1,70,0,1,0,2
CNP0121983.1,-8.1,1.6641323447341034,5.486486486486487,3,1340.9795333402035,5,203,6,3,2,9
CNP0122039.5,-10.7,0.927968203469523,4.78,4,1505.9005621024808,6,239,6,5,3,11
CNP0122083.1,-8.3,1.7142766350368368,4.76,3,587.3841580545309,6,119,9,3,2,5
CNP0122112.2,-8.8,1.5982213887153651,5.0,2,1250.7365659503157,5,170,6,5,0,11
CNP0122124.0,-9.1,1.4796864330144226,5.086956521739131,3,797.9108684782589,1,117,6,1,0,6
CNP0122213.1,-8.8,1.402378089685329,4.545454545454546,4,1615.3318123264746,6,250,10,8,1,16
CNP0122244.0,-6.1,2.2828795329003246,3.4107142857142856,0,890.6983230159182,6,191,6,4,0,10
CNP0122300.1,-10.3,1.0410905240810089,5.115942028985507,9,2577.5827099744947,9,353,17,5,1,9
CNP0122398.1,-11.9,0.9757921335920312,5.458333333333333,4,1235.2040540894347,17,262,6,4,3,12
CNP0122404.1,-9.8,1.177968503402399,5.444444444444445,5,1606.697114769432,11,294,7,4,5,8
CNP0122483.2,-9.0,1.1637676369103522,4.815384615384615,7,2351.5103974549284,8,313,17,6,0,10
CNP0122505.3,-8.58,1.886567335234805,5.173913043478261,2,654.1766001204479,2,119,6,1,2,5
CNP0122535.0,-6.8,1.6584518817587703,3.125,0,467.7384364555294,0,75,6,1,0,2
CNP0122844.3,-9.3,1.3867576062129985,4.2,2,1888.664684968403,8,252,6,10,1,29
CNP0122868.0,-8.9,1.7238647598251224,5.258064516129032,3,794.7944918719777,8,163,11,1,1,8
CNP0122885.3,-9.487,0.9650589749666048,5.876923076923077,6,1787.3349106765004,28,382,6,10,6,17
CNP0122956.0,-8.8,1.610990657936377,5.8,4,1088.664634325733,8,203,6,1,4,8
CNP0123077.2,-10.1,1.451779094269846,6.138888888888889,6,1030.4565076466497,9,221,6,1,6,6
CNP0123088.0,-8.7,1.3128817788849538,4.576923076923077,2,2172.905132326925,5,238,6,6,0,18
CNP0123172.1,-9.7,1.3898232621754127,5.714285714285714,5,830.954846064291,10,200,6,0,5,2
CNP0123183.0,-9.816,1.5670042493701914,5.941176470588236,5,989.7643769462388,7,202,6,0,5,4
CNP0123249.1,-7.8,1.574381699856981,4.346153846153846,0,649.8656866643381,5,113,6,3,0,6
CNP0123361.0,-8.4,1.759687731555193,4.083333333333333,2,856.5116566036418,0,98,6,4,0,9
CNP0123365.1,-8.9,1.6099661358155035,4.172413793103448,2,605.8370292126161,5,121,6,5,1,8
CNP0123375.1,-5.9,4.607729684516646,3.769230769230769,0,173.5893296328512,2,49,0,3,2,3
CNP0123463.2,-10.4,1.0602708092335762,5.17741935483871,4,2137.8002497321013,14,321,6,12,0,20
CNP0123475.1,-11.66,0.8637695822946102,5.232876712328767,4,2234.0346392519245,23,382,6,8,3,19
CNP0123517.1,-6.1,3.1628234832835203,2.92,0,315.01791011000046,1,73,0,2,0,4
CNP0123691.3,-9.021,1.4021674658448475,5.685714285714286,5,996.705905462364,9,199,6,1,4,5
CNP0123752.0,-6.2,2.3899405196069963,3.8333333333333335,0,199.10339998727648,0,46,6,2,1,4
CNP0123755.0,-9.5,1.6030463863087931,5.652173913043479,4,591.6942062760743,6,130,6,1,2,3
CNP0123757.2,-12.0,1.1231160395707824,5.037735849056604,2,1783.000000036021,15,267,6,13,0,20
CNP0123762.2,-7.9,1.3938317454638491,3.6818181818181817,0,796.7215479310657,7,162,5,4,0,7
CNP0123840.1,-8.0,1.731947005128148,4.232558139534884,6,1090.6092199810253,5,182,22,5,0,7
CNP0123900.1,-10.2,1.2931703772721674,4.884615384615385,3,1975.6694500344663,3,254,6,4,1,15
CNP0123916.2,-9.2,2.140930157081618,4.571428571428571,2,551.1450672724967,7,128,6,3,1,6
CNP0123934.2,-10.2,1.2769609151451056,5.526315789473684,5,1324.549594011781,6,210,6,4,2,9
CNP0123937.1,-8.3,1.6192758641432012,4.586206896551724,2,865.9648971757263,2,133,6,1,0,7
CNP0123989.0,-11.3,0.8867228363534735,5.409836065573771,5,1548.4334403997634,25,330,6,11,2,17
CNP0124090.1,-6.7,3.6837194122485415,3.347826086956522,0,479.1152542590712,1,77,0,1,1,3
CNP0124160.1,-6.5,4.026377646307512,3.210526315789474,0,324.09635648859705,2,61,0,3,0,7
CNP0124450.1,-8.2,1.90640888161472,5.166666666666667,3,561.4311656142626,4,124,7,0,3,3
CNP0124460.1,-7.8,1.818902078538662,4.309523809523809,0,1228.5201382545756,6,181,6,6,0,12
CNP0124583.1,-8.3,1.266134963708717,4.709090909090909,5,1596.7889907824654,8,259,12,6,3,8
CNP0124598.1,-10.54,0.8204648049816369,5.347368421052631,5,2880.5129734801003,32,508,6,15,6,28
CNP0124695.1,-10.83,1.08139117927571,6.586956521739131,11,1811.250334987025,10,303,6,0,2,6
CNP0124709.2,-5.9,2.370491256102361,3.8461538461538463,0,213.16436636179583,1,50,6,0,0,1
CNP0124727.0,-11.6,1.3862892677516705,4.612903225806452,2,1217.09620230397,0,143,6,2,0,4
CNP0124744.4,-9.7,0.9578830852193292,5.478260869565218,5,2034.324906961791,23,378,6,10,6,21
CNP0124757.1,-10.5,1.6101479780144992,4.944444444444445,3,1133.0572357007236,7,178,13,3,2,8
CNP0124769.0,-8.5,1.884673264315796,4.384615384615385,0,460.3114161014778,9,114,6,6,0,10
CNP0124771.1,-8.2,1.8148007591028503,3.923076923076923,0,709.6457369319531,3,102,6,6,0,8
CNP0124775.1,-9.8,1.5697392736385842,6.071428571428571,5,821.5142267909356,7,170,7,1,4,3
CNP0124825.5,-11.0,1.1490711170877193,5.037037037037037,2,1852.018777979567,15,272,6,11,0,20
CNP0124833.1,-9.1,1.3760482731481731,6.25,8,1676.7234748269836,16,325,6,1,7,15
CNP0124934.1,-10.5,1.60309598478563,4.490196078431373,0,1355.537590602226,10,229,6,4,2,11
CNP0124987.0,-8.5,1.9888616315532524,5.684210526315789,3,506.2749637785455,4,108,6,1,2,4
CNP0124989.2,-11.38,1.3416682204436852,5.5,4,779.5469903739227,11,176,6,2,1,4
CNP0125009.1,-9.6,1.828761042979654,5.0,2,731.6364329263054,8,145,6,6,1,8
CNP0125047.1,-7.5,2.3910707947774164,3.875,0,426.3802802538549,1,62,6,4,1,4
CNP0125125.0,-9.87,1.347598295663914,5.980392156862745,8,1622.37971155659,15,305,19,6,6,13
CNP0125140.1,-8.5,1.5011027947763245,4.742857142857143,3,927.4564853044288,6,166,6,1,2,6
CNP0125150.8,-7.5,2.417191651576863,5.222222222222222,2,396.5428946113829,4,94,6,2,2,3
CNP0125283.2,-9.086,1.3122506074545357,5.875,5,761.5310906122946,8,188,6,2,4,7
CNP0125297.1,-9.5,1.2793445462064508,4.608695652173913,0,1329.1748245406088,10,212,6,8,0,18
CNP0125309.1,-10.8,1.2812559111274422,4.536585365853658,0,1362.039480457062,5,186,6,6,0,12
CNP0125314.1,-8.9,1.708681679975086,5.818181818181818,5,621.3514652240098,4,128,6,1,2,3
CNP0125418.0,-9.0,1.045328994587398,5.454545454545454,8,3904.005405936731,3,420,6,8,0,18
CNP0125512.0,-8.2,1.9836069932912488,5.159090909090909,3,1441.401734867211,6,227,6,2,4,6
CNP0125520.2,-10.4,1.561173190993254,5.484848484848484,4,844.9845426891314,8,181,6,0,4,2
CNP0125672.3,-10.2,1.308790699534629,5.15,4,1103.062809067224,8,206,6,6,4,11
CNP0125672.5,-10.3,1.308790699534629,5.15,4,1103.062809067224,8,206,6,6,4,11
CNP0125690.0,-10.7,1.2150349877413025,5.553191489361702,4,1385.2745635776848,12,261,6,4,5,8
CNP0125781.1,-6.6,1.625914349191195,4.0,2,303.37833538197856,3,80,7,0,0,1
CNP0125833.1,-5.7,2.413324848196347,3.888888888888889,0,134.16479703638052,2,35,6,3,0,4
CNP0125925.2,-7.6,1.4723916467275229,4.782608695652174,3,509.0161755466457,7,110,13,0,0,3
CNP0125964.1,-9.7,1.343924251629547,7.230769230769231,7,819.1190472909359,9,188,6,1,4,6
CNP0125964.4,-10.2,1.343924251629547,7.230769230769231,7,819.1190472909359,9,188,6,1,4,6
CNP0126187.3,-6.9,2.336043187453277,5.277777777777778,2,372.68989119568033,4,95,6,0,3,3
CNP0126187.4,-7.1,2.336043187453277,5.277777777777778,2,372.68989119568033,4,95,6,0,3,3
CNP0126195.1,-8.7,1.4522886226501852,5.451612903225806,4,1093.2413093730022,4,169,6,2,1,8
CNP0126206.1,-9.0,1.869374879331995,6.523809523809524,4,516.2932318971443,8,137,6,3,3,6
CNP0126223.1,-7.8,2.298703054057988,5.242424242424242,3,921.3028606368824,6,173,6,2,4,11
CNP0126320.1,-9.6,1.2403108307873325,5.293103448275862,4,1472.5040894209274,19,307,6,9,5,15
CNP0126452.2,-7.2,1.6899737470956602,4.761904761904762,3,871.1313583189517,1,100,6,1,0,5
CNP0126578.1,-9.0,1.3602643199474207,4.56,3,617.023487050217,4,114,6,2,1,4
CNP0126589.2,-8.3,1.4174389335827162,4.5,2,656.3733694045895,1,90,6,0,0,2
CNP0126660.1,-9.4,1.5235543349356224,4.589743589743589,3,1474.644126568576,5,179,6,0,0,12
CNP0126716.1,-7.2,1.938756972869968,5.2631578947368425,3,404.9497548430129,7,100,7,2,0,4
CNP0126801.0,-7.9,1.7716163723768323,5.2368421052631575,4,1060.2670172427652,10,199,11,1,3,9
CNP0126803.0,-8.9,1.6608329046642512,5.606060606060606,3,925.3676993075454,9,185,6,4,4,8
CNP0126818.3,-9.7,1.4935678002903972,5.266666666666667,3,641.9665772105757,12,158,6,5,1,9
CNP0126877.1,-9.9,1.5297173961648498,5.433333333333334,4,698.2217476323756,9,163,6,2,3,3
CNP0126906.6,-7.6,1.5874493662689242,5.631578947368421,4,435.86151141228953,7,107,10,0,2,4
CNP0127064.1,-8.7,2.0812416209490534,4.125,2,649.1542251397905,1,99,14,2,0,6
CNP0127102.1,-7.1,1.86281653371204,5.357142857142857,3,321.2492211037961,2,75,6,0,0,3
CNP0127109.2,-9.0,2.066965168224284,6.111111111111111,3,429.4546511806595,5,110,5,2,4,3
CNP0127249.1,-10.32,1.341288783749684,6.243243243243243,8,1877.8066757878564,4,231,7,1,1,8
CNP0127411.1,-9.9,1.610911218862242,6.194444444444445,5,997.3981653913232,11,223,6,5,7,6
CNP0127512.0,-5.5,3.1265718318776963,2.9411764705882355,0,369.1966753758596,0,50,0,0,0,2
CNP0127556.1,-10.8,0.96925133157851,5.2,10,2914.5750369954862,6,364,19,7,1,10
CNP0127634.1,-10.2,1.509387938153597,5.0625,2,1079.124866432043,4,162,6,3,2,6
CNP0127702.1,-7.7,2.031986388630161,5.290322580645161,3,760.6986367632937,7,164,6,1,4,2
CNP0127777.2,-10.8,1.1827464598302213,5.8108108108108105,5,1107.2091100143723,11,215,6,1,3,7
CNP0127880.1,-9.2,1.4252776069688289,4.6,4,894.3951930404214,2,138,6,1,0,6
CNP0127940.0,-9.1,1.4871964497218626,5.791666666666667,5,957.7910004173652,3,139,6,1,0,7
CNP0128012.1,-8.5,1.6041358668432883,4.75,3,740.9411848826963,1,114,6,1,0,5
CNP0128129.2,-7.0,3.262755193371504,3.032258064516129,0,474.02742185470527,1,94,0,2,0,5
CNP0128153.1,-5.4,3.9847606717508106,3.083333333333333,0,833.1519805659264,2,148,0,2,0,9
CNP0128255.1,-12.9,0.8036808909454833,5.5,5,2273.2639518024066,31,440,6,12,5,24
CNP0128424.0,-7.9,3.098239413648406,4.074074074074074,0,630.614394961669,4,110,14,2,1,5
CNP0128453.2,-7.6,2.110587301586026,4.75,2,339.3441142708954,3,76,6,1,1,1
CNP0128595.0,-11.3,0.857234510303585,5.555555555555555,6,2220.3564556889546,26,400,6,12,2,24
CNP0128621.2,-8.6,1.6068412621040926,4.024390243902439,3,1027.266017067063,3,165,26,4,0,12
CNP0128698.0,-9.8,1.4328180900385057,4.611111111111111,0,1498.7150363368526,0,166,6,8,0,8
CNP0128700.0,-6.4,3.099155626211266,2.833333333333333,0,321.9886619036196,0,51,0,1,0,2
CNP0128823.3,-12.3,1.0235743017907135,5.490909090909091,4,1447.9449861504115,20,302,6,6,4,12
CNP0128852.0,-8.1,4.431100995427384,3.657894736842105,0,836.5013178744979,3,139,0,5,3,6
CNP0128876.1,-13.0,0.8749175346690908,6.274193548387097,11,2078.8215567700954,18,389,6,3,6,12
CNP0128899.2,-9.295,1.556958656252738,4.714285714285714,3,991.5676138160349,2,132,6,1,1,4
CNP0129001.2,-7.6,2.3001736926808003,5.222222222222222,2,397.2977821135463,4,94,6,2,3,3
CNP0129069.0,-10.7,1.132636530668789,5.098360655737705,2,2048.7962191744705,18,311,6,13,1,23
CNP0129137.1,-9.6,1.2678186104831843,5.814814814814815,6,979.367617754286,2,157,6,1,1,6
CNP0129159.2,-9.8,0.7802333743836568,5.313953488372093,5,2207.30078546446,38,457,6,18,3,29
CNP0129257.3,-7.1,1.7212954142167745,6.2,3,522.3569145468805,6,124,6,2,3,5
CNP0129285.4,-10.2,1.4982253647064865,5.964285714285714,5,690.4801677886628,7,167,6,0,5,5
CNP0129321.2,-10.5,0.9149644612874256,5.114583333333333,10,4547.73128661419,10,491,26,11,1,37
CNP0129327.1,-12.8,1.1405941057869702,5.0,4,2752.556892740124,5,325,11,14,0,23
CNP0129375.0,-8.5,1.390541058458887,5.45945945945946,5,1797.122634892947,0,202,6,3,0,9
CNP0129385.2,-5.9,3.680575473224756,3.083333333333333,0,147.23839910900196,2,37,0,3,0,4
CNP0129435.1,-8.2,1.977517959124698,4.684210526315789,0,300.72491451097284,8,89,5,6,0,9
CNP0129444.1,-6.9,1.8787054809531585,5.4375,3,312.0,5,87,8,0,1,0
CNP0129473.1,-8.4,1.6584483884623962,5.478260869565218,4,713.5254102149196,4,126,10,2,2,6
CNP0129481.1,-8.8,2.03496758099195,4.652173913043479,0,382.0184383617948,10,107,6,8,0,11
CNP0129524.1,-9.0,1.3275125214769217,4.793103448275862,3,864.6375592728142,4,139,6,2,0,7
CNP0129570.3,-7.1,2.7514423698428248,4.473684210526316,0,399.86151141228936,2,85,6,3,3,4
CNP0129710.2,-7.8,1.7686017000305174,4.863636363636363,3,563.3966058118003,5,107,10,0,1,5
CNP0129720.0,-6.8,2.726770510828489,4.25,0,302.55681230985857,3,68,6,1,1,1
CNP0129722.2,-9.7,1.04092197014919,4.977528089887641,7,4212.369587828069,6,443,16,12,0,28
CNP0129796.3,-8.9,1.6219178701516563,4.842105263157895,2,1316.5759955502867,6,184,6,8,0,13
CNP0129839.1,-7.668,1.3175472107387036,4.620689655172414,2,951.1739929127486,1,134,6,0,0,5
CNP0130098.1,-7.9,2.4046683602891155,4.592592592592593,2,961.0212690889966,1,124,6,3,0,6
CNP0130108.0,-11.7,1.4953649232384187,6.0,4,764.4670192260512,9,174,6,4,4,6
CNP0130127.1,-7.4,2.0878072132811507,4.153846153846154,0,680.5987280993294,2,108,10,2,1,4
CNP0130317.0,-10.9,1.076389705289903,4.672727272727273,2,2345.618705921612,5,257,6,8,0,16
CNP0130367.2,-9.3,1.7451988806362029,5.176470588235294,3,968.2683805582012,10,176,11,5,3,6
CNP0130382.3,-11.5,0.8106655556288427,5.470588235294118,5,2332.556349272712,34,465,6,15,5,26
CNP0130409.1,-9.7,1.5870854918506216,6.172413793103448,7,1045.6382629482523,4,179,9,2,2,7
CNP0130525.4,-9.6,1.543578418870464,4.703703703703703,2,814.9497395425686,6,127,6,6,0,12
CNP0130575.0,-8.5,1.583112546693479,5.153846153846154,3,1054.0861416808184,0,134,6,2,0,6
CNP0130580.1,-8.0,2.147225929781602,4.888888888888889,2,391.9011410476741,2,88,6,1,2,2
CNP0130583.1,-7.1,2.148987214998039,4.785714285714286,2,327.2134307778105,2,67,6,0,1,2
CNP0130636.1,-7.6,2.415694250708236,3.95,0,307.83244762560446,6,79,6,5,0,8
CNP0130665.1,-10.2,0.936102526553122,5.618181818181818,10,2602.64404278272,2,309,6,1,0,11
CNP0130756.0,-9.4,1.568555237061017,4.571428571428571,0,1060.0099548853757,5,160,6,6,0,13
CNP0130806.0,-7.4,1.4765034999404132,3.9130434782608696,0,646.9192306221366,0,90,6,3,0,4
CNP0130819.1,-9.6,1.4885347649270466,5.258064516129032,4,707.5255082363159,9,163,6,1,2,2
CNP0130843.2,-6.0,4.25043345236221,3.1785714285714284,0,1226.061142332405,3,178,0,3,0,12
CNP0130876.0,-9.3,1.4962304942702824,5.0,4,1094.6964123085536,0,155,7,0,0,0
CNP0130885.0,-5.778,1.9367952205427108,4.6,2,331.08718865792105,0,46,5,1,0,4
CNP0130967.0,-9.5,1.6879093783978651,5.782608695652174,4,616.3763258230556,6,133,6,1,2,3
CNP0131025.2,-8.5,1.6987283613028157,5.521739130434782,4,736.468572594873,4,127,7,0,0,4
CNP0131076.1,-10.3,1.3323642046035562,5.016949152542373,6,2053.9368253189027,13,296,24,5,1,16
CNP0131142.0,-6.1,3.026432451122795,2.8421052631578947,0,301.115906497251,1,54,0,1,0,3
CNP0131147.3,-10.61,1.2131045193276044,4.811320754716981,2,1511.2487798179604,15,255,6,8,1,19
CNP0131178.0,-9.6,1.847894087616964,5.190476190476191,3,939.8343950002644,0,109,6,4,0,7
CNP0131244.2,-8.1,2.074415237014378,4.25,0,433.1498302625088,4,85,8,2,0,5
CNP0131298.2,-8.0,1.880874756894397,4.678571428571429,3,790.5758112401714,4,131,10,0,1,7
CNP0131321.1,-8.7,1.3207683056046715,4.672413793103448,5,1713.3136697052555,9,271,12,6,3,9
CNP0131328.1,-11.5,1.0453339106130044,5.609375,5,1810.5733661100253,23,359,6,9,6,17
CNP0131390.3,-12.1,1.1729193325230878,5.6923076923076925,4,1000.9173897969022,14,222,6,4,3,9
CNP0131639.1,-8.983,1.4305644820198815,5.454545454545454,5,870.8476480497945,9,180,6,0,2,4
CNP0131659.1,-9.2,2.06531386868306,5.708333333333333,3,621.1283883532154,6,137,6,3,4,4
CNP0131713.2,-7.7,1.9251903819417493,5.4,3,466.85557499870856,4,108,6,0,2,3
CNP0131723.3,-10.3,1.4570022897350232,5.32258064516129,4,709.5255082363159,9,165,6,2,3,2
CNP0131724.0,-5.8,4.361803604028546,3.5384615384615383,0,198.71106708143847,2,46,0,2,0,5
CNP0131772.0,-5.3,2.379435109253719,3.888888888888889,0,160.34093004940024,1,35,5,2,0,4
CNP0131801.1,-9.6,1.587065042472024,6.027027027027027,5,990.1826600444622,12,223,6,4,6,6
CNP0131801.2,-9.3,1.587065042472024,6.027027027027027,5,990.1826600444622,12,223,6,4,6,6
CNP0131815.1,-9.7,1.1501627118778628,5.361111111111111,5,1355.6291363051532,2,193,6,1,1,8
CNP0131916.2,-10.02,1.5656128058853496,6.107142857142857,5,738.0749880590537,8,171,6,1,4,3
CNP0131949.0,-6.6,2.37362579191653,3.8947368421052633,0,418.1465349896049,0,74,5,0,0,5
CNP0131956.0,-6.0,1.9634758999636512,4.5,2,400.28517535915336,0,45,6,1,0,4
CNP0132068.1,-9.6,1.327812908338716,5.257142857142857,4,1037.058012111643,8,184,6,0,3,4
CNP0132111.0,-7.8,2.29283661238794,3.727272727272727,0,604.8604423794968,1,82,6,4,0,8
CNP0132115.1,-9.2,1.202334183338115,4.963636363636364,0,1207.3522123432515,24,273,6,14,0,25
CNP0132146.2,-8.6,1.7095277285453971,6.103448275862069,5,817.9784203156175,9,177,6,1,3,7
CNP0132170.2,-9.9,1.558147146755664,6.6923076923076925,6,721.0899672426166,10,174,6,2,3,6
CNP0132231.1,-10.7,1.1785074613833768,6.018867924528302,9,1967.6625621776536,12,319,18,2,4,13
CNP0132243.5,-8.7,1.5343136931507468,5.115384615384615,4,827.7705636523195,4,133,6,2,0,5
CNP0132286.1,-10.1,1.4452308442746318,5.137931034482759,4,718.049441482958,6,149,6,2,2,2
CNP0132370.2,-7.9,1.7409004159492782,4.857142857142857,3,845.4145419554518,1,102,6,1,0,5
CNP0132550.3,-10.79,1.1158701700695624,5.297297297297297,4,1148.1912993346614,7,196,6,0,2,1
CNP0132571.1,-8.4,2.712978912299879,4.291666666666667,0,413.7489070919117,7,103,6,5,1,9
CNP0132581.1,-8.8,1.1388126645376897,4.9625,0,1980.595881527151,35,397,6,23,0,38
CNP0132601.0,-9.0,1.6224956664550028,5.851851851851852,6,950.8047332728556,6,158,7,2,1,6
CNP0132711.2,-6.8,3.673234123756858,3.260869565217391,0,477.1152542590712,1,75,0,2,0,3
CNP0132774.1,-10.3,1.3847724479192094,4.7368421052631575,2,1300.4029051115083,5,180,6,5,0,13
CNP0132900.1,-6.6,2.2044461880163904,4.888888888888889,2,446.6550671030861,3,88,6,1,1,3
CNP0132920.1,-6.6,1.8929700193319208,4.5625,2,305.85720233517986,4,73,5,0,0,2
CNP0132930.1,-9.8,1.5356196908366138,6.392857142857143,5,677.4589946880258,10,179,6,3,5,3
CNP0132942.0,-9.3,1.5625809506237018,5.068965517241379,3,1001.0095095929004,1,147,6,1,0,8
CNP0132946.1,-10.9,1.147322560327538,6.621621621621622,8,1044.947272672921,15,245,6,1,5,7
CNP0132955.2,-7.3,2.709169118552489,3.787878787878788,0,820.263547604507,3,125,5,1,1,8
CNP0133096.0,-9.0,1.4992092793720109,5.172413793103448,4,674.025281735084,6,150,7,1,2,2
CNP0133172.0,-7.7,2.2739594438288013,4.777777777777778,0,913.8078540411605,0,129,6,0,0,10
CNP0133263.2,-8.8,1.6777917167609575,5.518518518518518,4,724.2147816566282,8,149,11,1,3,5
CNP0133336.1,-7.8,1.6149891069341171,5.181818181818182,4,758.7208274411191,10,171,6,2,2,4
CNP0133353.4,-9.7,1.2143455211866037,4.811320754716981,2,1414.3676776286206,17,255,6,8,0,20
CNP0133353.5,-9.8,1.2143455211866037,4.811320754716981,2,1414.3676776286206,17,255,6,8,0,20
CNP0133355.1,-7.865,1.858978046304879,5.086956521739131,3,732.8442945498031,1,117,6,0,1,6
CNP0133357.1,-5.8,2.332075902889223,3.857142857142857,0,201.4642123238372,1,54,5,0,0,3
CNP0133456.6,-7.8,1.842112356933444,5.095238095238095,3,559.1374165545706,5,107,7,0,0,4
CNP0133481.1,-7.6,1.6671556464297088,5.476190476190476,3,472.2300864206891,6,115,5,1,2,1
CNP0133495.0,-9.9,1.4250087991611595,5.064516129032258,3,679.9137905402941,12,157,6,6,1,11
CNP0133549.1,-8.1,1.6972505936753042,5.190476190476191,3,464.4588728849873,6,109,7,0,2,1
CNP0133575.1,-8.3,1.832787661655388,5.038461538461538,2,535.2841347034047,10,131,7,6,2,8
CNP0133651.1,-10.7,1.4815127962544925,5.275862068965517,3,1044.7327724816423,3,153,6,5,1,9
CNP0133760.2,-8.9,1.1042805719551048,5.323529411764706,5,1919.827971130633,19,362,6,6,6,19
CNP0133830.2,-5.5,2.9945769949126246,2.857142857142857,0,225.6062431575414,1,60,0,1,0,2
CNP0133857.2,-9.9,1.4613496177968823,5.321428571428571,4,1140.9265169360908,1,149,6,1,1,3
CNP0133915.2,-8.799,1.9496090573730795,5.097560975609756,4,1202.7345664305658,9,209,10,0,3,11
CNP0133951.2,-8.1,1.9334033276545848,4.227272727272728,2,490.32685866519154,2,93,14,1,2,2
CNP0133954.0,-10.4,1.1516188483922536,5.074074074074074,4,849.4518110620659,0,137,6,1,0,2
CNP0134030.3,-11.0,1.445157914017615,5.814814814814815,5,1083.8570225502947,4,157,6,3,2,4
CNP0134044.18,-8.7,1.5665469087343131,5.0,2,974.8708973798094,7,155,6,6,0,10
CNP0134071.1,-11.4,1.084381531078821,5.275,4,987.4787394556704,11,211,9,5,4,6
CNP0134190.1,-7.7,2.86297079298211,3.8,0,1619.386420202617,6,228,6,13,0,25
CNP0134207.2,-8.8,1.6370160297186982,4.5,0,1098.24546539629,2,153,6,5,0,10
CNP0134220.1,-10.6,1.156207743804602,5.4375,4,1290.14799408131,16,261,6,6,4,11
CNP0134235.2,-9.8,1.828228612321636,5.307692307692308,2,551.7107260017616,11,138,6,8,2,11
CNP0134235.4,-10.1,1.828228612321636,5.307692307692308,2,551.7107260017616,11,138,6,8,2,11
CNP0134236.1,-6.6,4.004572470761567,3.4285714285714284,0,226.01183494217867,2,48,0,3,2,4
CNP0134270.1,-11.0,1.070280021416859,4.8,9,3042.2442567268267,7,360,19,8,0,12
CNP0134352.1,-8.9,1.1350476998672836,5.714285714285714,10,1976.548596185737,16,360,19,6,6,12
CNP0134490.1,-9.0,1.3588426991029343,5.111111111111111,4,1810.6223369696456,11,276,10,7,1,19
CNP0134533.3,-9.9,1.6956961604181566,6.615384615384615,5,658.6868470400458,11,172,7,5,5,6
CNP0134545.1,-10.2,1.59895963836591,5.391304347826087,4,1018.7637822872088,1,124,6,3,0,7
CNP0134647.4,-9.6,1.6622451148843949,6.44,5,769.8760069846132,8,161,6,3,3,6
CNP0134678.1,-8.217,1.745537016548402,4.826086956521739,3,670.6663271753366,3,111,6,1,1,8
CNP0134701.2,-7.5,2.062429827290737,4.565217391304348,2,447.8956791104027,5,105,6,1,1,4
CNP0134721.1,-7.2,3.084942305292395,2.945945945945946,0,797.6937629351854,2,109,0,3,0,3
CNP0134784.0,-8.8,1.5775359538237137,5.791666666666667,5,875.336241559054,4,139,6,0,0,3
CNP0134790.1,-7.601,1.85445384948768,4.617647058823529,0,1108.4648421920056,1,157,6,1,0,8
CNP0134883.1,-10.39,1.1827835255136625,4.971428571428572,2,1370.264205565799,4,174,6,1,0,13
CNP0134982.1,-8.5,1.2791361929610323,5.183673469387755,8,1875.0111760271195,2,254,18,1,0,10
CNP0135035.1,-8.0,2.212872418543096,4.888888888888889,2,446.6550671030861,4,88,6,1,1,3
CNP0135195.0,-8.3,1.2385209932043308,4.153846153846154,0,699.4715854194062,1,108,6,2,0,8
CNP0135221.1,-8.3,1.818256851612965,5.724137931034483,4,825.9687392448193,5,166,6,1,3,7
CNP0135234.0,-5.7,3.107381375923418,2.823529411764706,0,216.7101144418807,0,48,0,2,0,4
CNP0135240.7,-11.17,1.2857736581857986,5.433333333333334,4,932.735533923166,5,163,6,2,2,6
CNP0135274.1,-7.9,2.863464968550156,4.0,0,446.55520163297626,5,96,14,4,3,4
CNP0135346.0,-6.6,1.9763038051387336,4.470588235294118,2,363.11810947097456,2,76,10,1,1,2
CNP0135355.1,-8.2,2.0975471183508145,4.705882352941177,3,889.2315041385358,6,160,13,1,2,8
CNP0135358.2,-7.773,1.4021796092043826,4.7,4,739.9161552990713,3,141,6,2,1,6
CNP0135391.1,-8.835,1.848265638388373,4.346153846153846,2,885.4637225992235,2,113,6,2,0,7
CNP0135406.4,-7.2,1.874002293252416,5.473684210526316,3,460.36231736003737,5,104,5,0,1,5
CNP0135418.7,-9.4,1.4735454641508776,6.194444444444445,5,1097.033053525383,11,223,6,2,5,8
CNP0135420.3,-9.4,1.6389449401941447,5.923076923076923,6,806.2008580210188,6,154,7,1,2,5
CNP0135454.1,-8.8,1.1515565393623342,3.976190476190476,0,770.4382120702207,8,167,5,3,0,7
CNP0135488.1,-8.0,1.770808507327723,4.275,0,1220.531632398901,5,171,6,1,0,14
CNP0135520.0,-8.3,1.634814686599564,5.488372093023256,4,1364.9639144486566,11,236,7,3,4,11
CNP0135587.1,-9.8,1.3523510679427453,5.9375,5,743.1742311227822,11,190,6,3,5,3
CNP0135593.0,-7.5,1.8288809730125368,5.3125,3,400.95840416244886,2,85,6,0,1,2
CNP0135600.1,-8.8,1.2478208383894038,5.2105263157894735,6,1362.7862561054988,3,198,6,3,0,6
CNP0135643.1,-10.0,1.6351685586554454,6.0,5,1059.9164595055404,10,222,6,3,5,6
CNP0135643.2,-9.4,1.6351685586554454,6.0,5,1059.9164595055404,10,222,6,3,5,6
CNP0135687.1,-10.27,1.138056016400568,5.0,4,966.531372671336,7,185,6,0,2,3
CNP0135895.2,-9.8,1.5541502105969247,6.0625,5,907.792380244829,7,194,6,0,6,2
CNP0136005.1,-9.0,1.2899972406233382,5.2,4,1313.5084839584056,1,182,6,2,1,8
CNP0136014.2,-5.742,2.039936535086198,3.533333333333333,0,299.96116058872934,1,53,6,1,0,4
CNP0136098.1,-10.38,0.8085806481410729,5.6571428571428575,14,2982.164860978188,12,396,16,7,2,13
CNP0136172.5,-10.5,1.140058835786046,5.761904761904762,7,1621.0029522338868,9,242,6,1,1,8
CNP0136196.0,-5.2,3.0608205611627866,2.6666666666666665,0,121.7360428812364,0,24,0,3,0,5
CNP0136212.1,-7.5,1.9596830840777013,5.090909090909091,4,1778.3896522388186,10,280,7,1,4,16
CNP0136223.4,-10.0,1.876236126999533,6.208333333333333,4,610.7601063032595,8,149,6,3,3,4
CNP0136228.1,-8.8,2.309352359042937,3.4655172413793105,0,978.8403547132274,8,201,6,7,0,10
CNP0136234.2,-9.8,1.643649561052921,5.53125,4,788.3018778760861,9,177,7,2,3,4
CNP0136288.0,-4.8,3.052827567973069,2.6923076923076925,0,169.41931732199149,0,35,0,0,0,2
CNP0136413.7,-7.3,2.017689953561515,4.625,2,367.2150500951927,2,74,6,2,0,4
CNP0136459.5,-10.2,1.3634085753071017,4.7631578947368425,5,1277.499329766012,2,181,14,0,0,8
CNP0136530.1,-7.0,2.157247661706632,5.9523809523809526,3,431.5455855863994,8,125,6,3,3,7
CNP0136548.1,-9.017,2.0544418167120813,5.619047619047619,3,536.2819320091305,6,118,6,2,2,6
CNP0136584.3,-10.2,1.5698186612706349,6.633333333333334,6,976.0234187919616,8,199,7,0,5,5
CNP0136599.1,-5.9,4.083641520997769,3.117647058823529,0,855.5290066612508,2,159,0,2,0,10
CNP0136631.2,-9.6,1.1438124806260743,5.564516129032258,6,2716.5552654016124,11,345,8,12,0,14
CNP0136668.1,-7.859,2.0272390205045983,5.0638297872340425,3,1349.4266454020171,10,238,6,1,4,13
CNP0136740.1,-8.3,1.588732108396599,4.970588235294118,3,1013.0702709483556,5,169,6,3,1,10
CNP0136765.1,-8.9,0.8892840118768504,5.494117647058824,5,2314.251934930906,33,467,6,17,6,27
CNP0136822.2,-9.8,1.1734057259504582,4.719298245614035,2,2415.437095550821,5,269,6,6,0,16
CNP0136846.0,-11.1,0.9707006933491212,6.9423076923076925,13,2071.749424524157,11,361,6,2,6,10
CNP0136900.3,-9.5,1.3943391309256692,6.818181818181818,9,1010.7411564748162,13,225,6,2,4,7
CNP0136937.2,-10.4,1.180963671652656,6.06,6,1637.4112142888453,14,303,6,3,4,13
CNP0137013.2,-8.6,1.3453514908064084,5.0227272727272725,3,1856.6439385959648,1,221,6,1,0,9
CNP0137055.1,-9.5,1.5429753233774604,4.9393939393939394,3,845.6934917754452,5,163,7,3,0,8
CNP0137185.2,-7.7,2.1306882080601897,4.681818181818182,2,464.3277026166539,4,103,6,1,2,2
CNP0137185.3,-7.8,2.1306882080601897,4.681818181818182,2,464.3277026166539,4,103,6,1,2,2
CNP0137203.1,-8.8,1.944348097697282,4.673913043478261,4,1579.4646585019702,8,215,23,6,0,11
CNP0137209.2,-7.9,1.779484619707321,4.857142857142857,2,632.5931719450018,9,136,6,5,0,11
CNP0137226.6,-8.4,1.3421312942731125,5.075471698113208,2,1781.000000036021,15,269,6,13,0,20
CNP0137308.0,-9.3,1.5441992713392816,4.485714285714286,0,874.9230879513499,8,157,6,6,0,12
CNP0137380.1,-9.6,1.603484649268591,6.333333333333333,5,742.7378084805503,5,152,6,0,3,4
CNP0137390.3,-9.8,1.4149215292586417,5.393939393939394,4,1141.217106517431,4,178,6,2,1,8
CNP0137421.1,-8.7,1.753520571369955,4.645161290322581,2,1071.905182944956,2,144,6,4,0,6
CNP0137429.0,-9.3,1.420898168723713,4.909090909090909,4,1902.2106356544416,2,216,6,4,0,12
CNP0137445.1,-8.1,1.3729806866912688,5.05,4,1081.990071332066,8,202,7,3,3,6
CNP0137469.1,-9.1,1.668271025431964,4.970588235294118,3,1053.8145956638152,7,169,12,3,2,6
CNP0137477.7,-10.0,1.5112024361275582,5.40625,4,662.7874149095884,11,173,6,3,3,3
CNP0137629.1,-7.4,2.2657134483758608,3.888888888888889,0,341.6478767946935,3,70,6,2,1,3
CNP0137645.1,-9.239,1.3558140078407983,4.787878787878788,3,1031.0619749304535,2,158,6,2,1,8
CNP0137646.0,-6.248,2.862306209193584,2.6666666666666665,0,377.3038297829804,0,48,0,1,0,1
CNP0137685.1,-8.1,1.508422139009745,5.862068965517241,5,638.1978664206863,9,170,7,3,4,3
CNP0137700.1,-6.411,2.1395685973319547,4.409090909090909,0,664.1318864701489,1,97,6,2,0,4
CNP0137766.1,-9.9,1.038232614748544,5.566666666666666,6,2452.2372192097523,11,334,6,10,3,16
CNP0137796.1,-10.8,0.963082906359226,5.435897435897436,5,2182.242860064257,28,424,6,12,6,23
CNP0137809.1,-8.5,1.9618831149258,4.535714285714286,2,579.5417572349571,5,127,6,3,3,5
CNP0137811.0,-6.2,2.4505996874040226,3.882352941176471,0,374.8776160721709,0,66,6,1,0,5
CNP0137835.1,-13.4,0.8219354308884004,5.535211267605634,6,1887.656617549353,31,393,6,10,3,20
CNP0137919.1,-7.3,2.5449023802129016,3.952380952380953,0,447.706461090514,3,83,6,0,1,4
CNP0137934.5,-9.5,1.3367756897198395,5.045454545454546,2,1565.8233956934594,10,222,6,11,0,17
CNP0138067.0,-5.5,3.1439116453975204,2.888888888888889,0,223.7786036242859,0,52,0,0,0,3
CNP0138077.22,-11.0,1.2044751366267483,5.769230769230769,4,1047.085657195363,13,225,6,5,4,10
CNP0138077.23,-12.3,1.2044751366267483,5.769230769230769,4,1047.085657195363,13,225,6,5,4,10
CNP0138077.29,-11.8,1.2044751366267483,5.769230769230769,4,1047.085657195363,13,225,6,5,4,10
CNP0138096.1,-9.4,1.587414724586659,4.67741935483871,3,1200.6944680385898,1,145,6,2,1,8
CNP0138114.1,-9.6,1.4108238764316734,5.103448275862069,4,591.1212417277605,9,148,6,1,1,1
CNP0138124.2,-10.3,1.3372276705168604,4.694444444444445,4,1347.0982240621888,1,169,6,3,1,9
CNP0138205.1,-10.6,1.1785696849718077,6.018518518518518,9,2003.9373137889863,13,325,18,3,4,14
CNP0138418.0,-11.0,1.1296843207829663,5.318181818181818,6,2113.4001257705345,0,234,6,5,0,7
CNP0138526.2,-10.79,1.1603792953915688,5.064516129032258,5,1079.6902895475455,2,157,6,1,1,5
CNP0138573.2,-8.0,2.2892148663746426,3.863636363636364,0,554.2563185933658,1,85,6,1,1,2
CNP0138676.4,-9.3,1.3259612500648887,5.934782608695652,5,1409.0485410637189,14,273,6,5,5,14
CNP0138676.6,-10.5,1.3259612500648887,5.934782608695652,5,1409.0485410637189,14,273,6,5,5,14
CNP0138850.2,-8.3,2.0747128435985345,4.478260869565218,2,525.1146270210476,5,103,6,2,0,5
CNP0138878.1,-9.029,1.8782764853940048,5.142857142857143,3,726.4280382699916,2,108,6,2,0,5
CNP0138925.1,-9.3,1.1558320011647645,4.241379310344827,4,1889.388826102219,2,246,6,1,2,4
CNP0139041.1,-9.9,1.4303685119484943,5.5,4,1084.9503885341012,7,187,6,2,3,5
CNP0139043.6,-7.4,2.1959480782000864,4.869565217391305,0,677.9063197503682,3,112,6,3,1,6
CNP0139053.0,-5.3,2.4244381278314533,3.9,0,281.270007357345,0,39,6,0,0,1
CNP0139117.1,-6.9,1.8039189278229764,5.052631578947368,3,323.6519727294664,6,96,6,0,0,1
CNP0139141.1,-9.5,1.3943460078433936,6.288461538461538,8,1676.7234748269836,16,327,6,3,7,15
CNP0139162.1,-10.7,1.414856075539478,6.419354838709677,6,796.2333915090534,10,199,6,1,5,1
CNP0139177.2,-6.9,2.0228190903506085,4.5,2,442.3648963586696,1,81,6,0,0,3
CNP0139354.10,-8.0,1.9326328946389664,5.705882352941177,3,337.8135212447859,5,97,7,2,3,2
CNP0139366.0,-8.9,1.746759238923011,4.875,2,963.1261088078836,0,117,6,3,0,7
CNP0139382.1,-7.3,1.9193404012680944,5.0,3,594.8939330588578,5,125,9,0,2,5
CNP0139397.4,-8.3,1.4856804394798455,3.7954545454545454,0,790.1607606139867,9,167,5,6,0,9
CNP0139397.9,-8.2,1.4856804394798455,3.7954545454545454,0,790.1607606139867,9,167,5,6,0,9
CNP0139418.0,-9.364,1.6034816393482043,5.166666666666667,4,1442.4890460129195,0,155,6,2,0,8
CNP0139459.1,-8.7,2.076697048625282,6.2105263157894735,3,449.42652819998335,6,118,6,3,4,4
CNP0139600.1,-9.0,1.399415500459199,5.076923076923077,3,644.112798787197,7,132,7,2,0,6
CNP0139670.1,-7.0,2.216663183713861,3.333333333333333,0,567.4066446002099,1,100,6,3,0,5
CNP0139677.1,-10.7,1.43061605957609,6.026315789473684,6,1564.4194185750398,4,229,6,2,2,7
CNP0139733.6,-8.5,2.4632233364441034,4.548387096774194,2,776.8120947306586,5,141,12,2,2,10
CNP0139807.1,-6.7,2.237967205268758,5.0,2,331.81352124478593,4,85,6,1,2,2
CNP0139821.1,-9.122,1.514295113683979,4.466666666666667,0,881.4171307946112,2,134,6,2,0,7
CNP0139830.0,-7.485,1.2601689124128352,4.073170731707317,4,2511.9778036489224,3,334,6,6,0,18
CNP0139836.0,-8.8,1.3968135871131813,5.521739130434782,5,1008.0125273467156,1,127,6,2,0,3
CNP0139862.2,-9.1,1.6393038920313712,4.7407407407407405,2,733.2529975901897,4,128,6,1,2,3
CNP0139952.1,-8.4,1.7000479268304225,6.121212121212121,6,873.9962032808359,10,202,6,4,5,9
CNP0140208.2,-8.288,1.6032440856729746,6.37037037037037,4,803.262051568563,6,172,6,2,4,7
CNP0140266.1,-10.0,2.096758906533754,3.6666666666666665,0,1329.9915587098865,2,165,6,0,1,0
CNP0140271.1,-5.1,3.5769340315800067,3.090909090909091,0,153.05163237816978,1,34,0,1,0,5
CNP0140271.2,-5.1,3.5769340315800067,3.090909090909091,0,153.05163237816978,1,34,0,1,0,5
CNP0140329.3,-9.3,1.41087652765112,5.303030303030303,4,1170.30912002666,4,175,6,3,1,9
CNP0140344.1,-10.2,1.517556401696062,5.176470588235294,3,965.2379820149512,7,176,6,3,4,5
CNP0140424.1,-5.6,3.129577490938352,2.9130434782608696,0,501.21723931345775,1,134,0,1,0,1
CNP0140435.3,-9.1,1.7163378295079366,5.171875,5,2341.994226853473,13,331,14,1,4,21
CNP0140517.1,-9.8,1.5334215925194397,6.444444444444445,5,790.1455815693613,6,174,6,1,5,2
CNP0140517.2,-10.1,1.5334215925194397,6.444444444444445,5,790.1455815693613,6,174,6,1,5,2
CNP0140548.0,-8.7,2.095025827937576,4.65,2,1214.419912745686,7,186,12,1,2,9
CNP0140612.1,-13.5,0.8942073047314134,5.666666666666667,6,1307.4923494842112,21,289,6,7,3,12
CNP0140612.5,-13.3,0.8942073047314134,5.666666666666667,6,1307.4923494842112,21,289,6,7,3,12
CNP0140726.1,-9.4,1.3872452224078586,6.176470588235294,6,1239.137492770378,6,210,6,3,5,6
CNP0140775.0,-7.5,2.159620617721318,3.68,0,644.3017908838638,0,92,6,1,0,2
CNP0140799.5,-10.5,1.2886822391515924,5.757575757575758,6,1232.6726053156412,5,190,6,3,1,10
CNP0140873.1,-7.7,1.993638643217639,3.692307692307693,0,1071.6533564338806,2,144,6,5,0,8
CNP0140972.0,-5.028,2.6909155266923976,2.4545454545454546,0,216.72800718649265,0,27,0,1,0,1
CNP0140991.1,-9.8,1.30259140794741,6.093023255813954,6,1327.2576277940202,13,262,6,5,4,11
CNP0141116.2,-12.74,0.998851413163465,6.34,9,1850.835655442396,11,317,6,3,7,8
CNP0141126.1,-9.1,1.705215855347988,4.781818181818182,5,1887.5510817714064,9,263,24,3,1,14
CNP0141131.1,-9.3,1.6272516016276588,6.891891891891892,6,1178.9778618189555,12,255,6,7,8,10
CNP0141135.1,-9.9,1.6349861801286247,4.8,3,930.815240001618,1,120,6,1,1,6
CNP0141159.1,-10.3,1.3275766616711289,4.641025641025641,3,1607.2294303090814,2,181,6,3,0,10
CNP0141166.0,-7.5,1.9457182062054448,4.645161290322581,3,1035.227053350537,1,144,7,1,0,8
CNP0141204.2,-6.5,2.5271844874823453,3.540983606557377,0,1037.4322724928,9,216,6,8,0,12
CNP0141207.4,-11.2,1.1753659380916726,4.886363636363637,2,1827.240531912812,5,215,6,9,0,14
CNP0141222.1,-8.3,1.948623895408237,5.032258064516129,3,755.1111762342879,5,156,6,2,4,6
CNP0141233.5,-10.26,1.2682260338900258,6.96,12,1870.573024183911,12,348,6,6,6,18
CNP0141233.6,-9.225,1.2682260338900258,6.96,12,1870.573024183911,12,348,6,6,6,18
CNP0141289.1,-9.1,1.7012461028014725,4.6571428571428575,0,1107.688833825951,5,163,6,6,0,11
CNP0141304.1,-7.8,1.7983745426990128,5.8,4,425.9450474668389,7,116,7,2,1,4
CNP0141317.1,-9.5,1.5594204913540954,4.892857142857143,2,603.5615181715294,9,137,6,5,1,7
CNP0141319.3,-6.9,2.0875879364526293,4.733333333333333,2,297.1601712439863,3,71,6,0,1,0
CNP0141362.1,-8.9,1.6696962636112345,7.1923076923076925,8,761.400366130584,10,187,6,3,4,6
CNP0141400.1,-10.2,1.594235238266131,5.4375,4,722.835268440172,11,174,6,4,3,5
CNP0141421.16,-6.9,1.9493294599769984,5.6875,3,339.3441142708954,5,91,7,1,2,1
CNP0141421.17,-6.6,1.9493294599769984,5.6875,3,339.3441142708954,5,91,7,1,2,1
CNP0141421.18,-6.5,1.9493294599769984,5.6875,3,339.3441142708954,5,91,7,1,2,1
CNP0141421.7,-6.8,1.9493294599769984,5.6875,3,339.3441142708954,5,91,7,1,2,1
CNP0141421.9,-7.1,1.9493294599769984,5.6875,3,339.3441142708954,5,91,7,1,2,1
CNP0141466.0,-9.619,1.5720776335144506,5.652173913043479,4,550.0448238342481,7,130,6,1,2,2
CNP0141508.1,-8.1,2.063392306353618,4.85,2,498.3569145468805,2,97,6,2,3,5
CNP0141582.1,-5.5,3.942966218623955,3.142857142857143,0,173.44000190451845,2,44,0,1,0,5
CNP0141612.0,-7.3,3.765165515705716,3.959183673469388,0,1099.366238307985,8,194,15,7,0,14
CNP0141682.1,-9.0,1.703993159540321,6.44,5,794.2642854516935,4,161,6,1,3,6
CNP0141682.2,-8.2,1.703993159540321,6.44,5,794.2642854516935,4,161,6,1,3,6
CNP0141697.1,-8.6,1.8475637478536104,5.169811320754717,5,1696.2564896565548,13,274,14,1,3,17
CNP0141772.1,-9.0,1.534634464199153,5.512195121951219,6,1841.0978351108704,2,226,6,4,0,9
CNP0141773.0,-8.6,1.5427705280097184,4.814814814814815,2,1146.0724006885264,0,130,6,0,0,4
CNP0141814.2,-8.4,1.6848376523753357,6.37037037037037,6,700.8167062986533,9,172,6,2,3,5
CNP0141815.3,-7.4,3.080245970418656,4.543478260869565,2,1357.9556508320006,8,209,12,0,3,14
CNP0141832.1,-8.4,2.043296192753644,3.9166666666666665,0,949.5063399705311,4,141,6,4,0,7
CNP0141900.2,-8.6,1.3757596856406844,4.407407407407407,3,859.6060341484343,1,119,6,1,0,6
CNP0141908.1,-9.8,1.548684972969426,5.34375,4,668.432148237601,13,171,6,5,2,5
CNP0141915.4,-11.0,0.8193461067577279,5.5479452054794525,6,1939.3343613628765,30,405,6,13,4,23
CNP0141936.0,-9.6,1.5383888163260868,5.515151515151516,4,770.8849203168362,9,182,6,1,6,2
CNP0141978.1,-10.44,1.6169993240879048,5.545454545454546,4,947.5885278354242,7,183,6,0,4,3
CNP0142055.3,-7.5,1.854574005995219,3.414634146341464,0,690.1507470267388,5,140,5,4,0,6
CNP0142159.1,-8.333,1.8622094376852647,5.04,3,874.072749112755,2,126,6,1,1,5
CNP0142184.1,-9.4,0.9076048555362694,5.220588235294118,4,1936.0773491038483,23,355,6,4,3,17
CNP0142184.2,-9.6,0.9076048555362694,5.220588235294118,4,1936.0773491038483,23,355,6,4,3,17
CNP0142251.0,-9.5,1.673251786400444,4.863636363636363,2,908.5527285597918,0,107,6,3,0,6
CNP0142292.6,-10.2,1.53776134705772,6.035714285714286,5,877.8435661493519,5,169,6,3,3,5
CNP0142308.1,-7.2,1.936383352238036,5.631578947368421,3,436.54301883285535,5,107,6,0,2,2
CNP0142405.1,-8.6,1.8360486200041155,5.352941176470588,3,411.690384961541,4,91,6,0,1,3
CNP0142432.1,-9.1,1.551122056581995,5.148148148148148,4,1041.7082870571994,2,139,6,3,0,4
CNP0142476.1,-7.7,2.1245508103238944,4.647058823529412,2,458.7802810208669,1,79,6,1,1,3
CNP0142639.3,-9.6,1.361290563819141,4.654545454545454,0,1605.6170571523148,15,256,6,12,0,20
CNP0142710.1,-9.5,1.0187921688724089,5.324675324675325,4,1999.7844702555367,29,410,6,15,6,24
CNP0142759.1,-9.8,1.3761928879515912,5.2368421052631575,4,1652.3719975660763,5,199,6,4,0,14
CNP0142806.1,-8.752,2.5143504848463434,3.935483870967742,0,1655.3497216679264,9,244,22,9,0,18
CNP0142956.1,-11.1,1.3170784890488902,5.048780487804878,2,1451.1288600012113,10,207,6,8,0,14
CNP0142967.8,-8.4,1.7461978068284236,4.925925925925926,2,616.8353814919832,9,133,6,5,0,10
CNP0143045.0,-9.3,1.551135776743245,4.703703703703703,2,1007.2090809125732,0,127,6,1,1,5
CNP0143221.1,-9.5,1.318526360228752,5.787234042553192,7,2007.3008202748308,4,272,6,2,4,9
CNP0143258.1,-8.6,1.4342124176333515,4.2388059701492535,0,1754.3698089995962,15,284,6,8,0,20
CNP0143344.1,-10.9,1.5069811081985376,4.542857142857143,0,890.7725991312903,10,159,6,9,0,14
CNP0143350.7,-8.3,1.799300233942397,5.580645161290323,4,812.0540745849212,8,173,6,0,4,4
CNP0143393.1,-9.7,1.818157973719967,4.884615384615385,3,684.2558168863451,5,127,11,0,2,4
CNP0143398.1,-7.7,1.7006774235350723,5.15625,4,1173.0714732059237,2,165,6,1,0,6
CNP0143413.1,-9.679,1.732586363089769,5.475,5,1209.5870358837178,11,219,10,0,4,12
CNP0143416.1,-7.7,1.990121267194332,4.625,2,342.6445042962167,3,74,6,1,1,2
CNP0143528.1,-8.8,1.7241328941129257,5.95,4,409.9893122135744,6,119,6,1,3,1
CNP0143667.3,-8.6,1.7125585640833167,6.36,5,700.2000821968811,8,159,6,2,3,5
CNP0143744.0,-9.4,1.4560311490403497,5.758620689655173,5,905.7253041481808,6,167,6,1,4,2
CNP0143751.11,-9.5,1.523377244545793,5.809523809523809,5,1159.9814924212503,12,244,6,5,6,7
CNP0143879.8,-10.0,1.6573870657294048,5.666666666666667,4,529.1768986944882,9,136,6,2,2,3
CNP0143883.3,-8.0,1.4442328557213169,4.52,3,571.8214065132764,5,113,6,1,0,3
CNP0143925.8,-9.4,1.434080963040736,6.0344827586206895,6,1169.2050488805469,2,175,6,0,1,4
CNP0143944.0,-9.169,1.4960534249895725,5.818181818181818,5,1093.7491701066715,0,128,6,2,0,2
CNP0143945.0,-7.9,2.149465730365324,4.722222222222222,2,442.6550671030861,3,85,6,1,1,3
CNP0143949.1,-8.9,1.753809298163761,4.92,2,774.8221652211954,5,123,6,6,0,8
CNP0144131.1,-11.1,0.9263396416461968,5.235294117647059,4,1872.029058271369,24,356,6,4,3,17
CNP0144152.1,-10.3,1.3719012054274242,5.842105263157895,5,1417.820029323481,6,222,6,2,4,8
CNP0144170.1,-9.9,1.397766375572474,6.5588235294117645,7,1288.378307935852,9,223,7,1,3,7
CNP0144321.1,-11.1,1.092429268439436,5.1,4,1854.351741243212,1,204,6,5,0,10
CNP0144563.0,-8.359,1.657174613137041,4.7727272727272725,2,748.9547839765958,0,105,6,2,0,5
CNP0144631.2,-10.5,1.2965273117660403,5.086956521739131,6,2880.955325153864,8,351,12,15,0,28
CNP0144655.1,-7.3,2.908781348211214,3.952380952380953,0,438.0710619557812,4,83,10,2,0,4
CNP0144693.1,-8.5,1.9199773974893968,4.346153846153846,0,715.6019300416714,2,113,6,2,0,8
CNP0144742.1,-7.5,1.844169420359711,4.888888888888889,3,424.2095386828229,2,88,9,0,0,3
CNP0144774.2,-8.3,1.623069229379153,4.59375,0,798.2748668234669,8,147,6,7,1,12
CNP0144814.1,-10.63,1.2744812194943356,5.6,5,1361.8820838610698,10,252,6,0,5,5
CNP0144829.1,-7.1,1.603725354678295,5.625,4,290.34742733085284,4,90,5,2,2,2
CNP0144928.1,-9.5,1.3043983060528586,5.137254901960785,5,1478.280543485208,11,262,19,3,4,9
CNP0144949.3,-10.21,1.339788942744984,5.866666666666666,5,758.3252690095562,9,176,6,1,4,1
CNP0144963.2,-8.0,1.6582307692718452,5.137931034482759,4,1106.2114623649804,2,149,6,3,0,5
CNP0144988.1,-7.7,1.7758865243463078,3.6818181818181817,0,1382.2077302651678,11,243,6,7,0,15
CNP0145008.3,-8.6,1.85482167060516,5.333333333333333,3,476.23008642068913,4,112,6,1,3,1
CNP0145020.1,-9.8,1.3492011394492538,5.970588235294118,5,804.4987872336707,10,203,6,2,6,3
CNP0145056.0,-8.5,1.6858588262097094,5.133333333333334,4,1296.742838934052,0,154,6,3,0,6
CNP0145159.1,-8.0,1.8268935922240253,4.916666666666667,3,555.6123742401999,5,118,12,1,1,6
CNP0145182.0,-9.4,1.76209731474968,4.793103448275862,2,981.0941800698253,5,139,6,4,0,10
CNP0145198.1,-6.1,3.1814245711724336,2.9705882352941178,0,396.1383125348973,1,101,0,0,0,3
CNP0145285.1,-10.62,0.9106889142621772,6.0,11,3215.379111559597,15,486,10,6,8,12
CNP0145350.9,-9.6,1.6303597287225031,4.448275862068965,0,902.4334085007672,4,129,6,2,2,6
CNP0145402.2,-7.6,1.4913717066036682,3.85,0,551.926279097685,1,77,6,3,0,3
CNP0145491.1,-10.3,1.45329799047687,6.548387096774194,5,1049.8640123868315,7,203,6,1,5,5
CNP0145506.1,-8.1,2.05845550104763,4.684210526315789,2,460.6145041576452,3,89,6,0,1,3
CNP0145540.14,-6.883,1.9924076742030408,5.764705882352941,3,342.8309825721512,6,98,7,2,3,2
CNP0145540.17,-7.79,1.9924076742030408,5.764705882352941,3,342.8309825721512,6,98,7,2,3,2
CNP0145540.9,-7.008,1.9924076742030408,5.764705882352941,3,342.8309825721512,6,98,7,2,3,2
CNP0145565.1,-7.7,2.0259464644347425,5.116279069767442,4,1195.5217410914431,11,220,10,1,3,13
CNP0145684.4,-9.8,1.1872804486765636,5.672131147540983,5,1578.4922587580054,24,346,6,10,6,16
CNP0145699.1,-9.856,1.6573746137274674,6.275862068965517,6,768.2597391552657,10,182,6,4,4,7
CNP0145712.2,-8.946,1.5981364049767526,6.48,4,769.0592819017181,6,162,6,0,4,5
CNP0145715.2,-10.05,1.2447419432269964,4.863636363636363,4,1270.9015259609446,8,214,6,5,3,11
CNP0145825.1,-10.5,1.5286880559235894,6.096774193548387,5,790.2333915090533,8,189,6,1,5,1
CNP0145828.15,-8.9,1.4822352866643511,5.857142857142857,5,655.9222160311251,4,123,6,2,0,5
CNP0145828.5,-9.2,1.4822352866643511,5.857142857142857,5,655.9222160311251,4,123,6,2,0,5
CNP0145869.1,-6.4,2.458363428028533,3.866666666666666,0,288.9110783348047,2,58,6,0,0,2
CNP0145884.2,-10.4,1.1874691804979192,5.365384615384615,4,1286.838991677651,18,279,6,7,4,12
CNP0145916.1,-9.981,1.396541969827496,5.928571428571429,5,1203.9106347803288,16,249,6,7,3,15
CNP0145923.1,-11.44,1.5004345540206363,5.909090909090909,5,869.767491538075,9,195,7,2,5,3
CNP0145923.9,-12.74,1.5004345540206363,5.909090909090909,5,869.767491538075,9,195,7,2,5,3
CNP0146002.2,-8.087,2.231363110617838,4.319444444444445,2,2062.261779623581,12,311,23,5,0,20
CNP0146117.2,-10.5,1.2565089221685306,5.666666666666667,6,1214.3684317595812,2,187,6,0,1,4
CNP0146140.1,-10.0,0.7509267555291438,6.409090909090909,18,3403.803296018792,20,564,8,9,10,15
CNP0146142.1,-8.7,1.837541561196253,4.238095238095238,0,1198.8320693899257,7,178,6,6,0,11
CNP0146145.1,-6.9,1.840638008388925,4.375,0,227.27521467144885,4,70,5,2,0,5
CNP0146195.5,-5.2,2.106269214974654,5.3,2,178.47733175670794,2,53,5,0,1,0
CNP0146227.2,-7.4,2.045504442741457,4.75,2,495.86731678923104,5,114,5,2,4,4
CNP0146238.30,-10.5,1.6151394355626212,5.529411764705882,4,859.5301369576634,10,188,6,6,5,7
CNP0146263.3,-8.202,1.856323753057581,5.294117647058823,2,483.5754172421156,2,90,6,0,1,3
CNP0146453.1,-9.8,1.2846662849524928,4.470588235294118,0,956.7694444366634,4,152,6,1,1,1
CNP0146484.1,-9.919,1.4117448921983118,6.5625,8,1355.7698431326348,5,210,6,3,3,9
CNP0146529.1,-9.5,1.5930294576579225,5.5,4,905.3816459397652,1,110,6,0,0,3
CNP0146559.0,-6.7,1.995909339092749,4.611111111111111,0,523.9598548726741,0,83,6,2,0,6
CNP0146618.1,-9.1,1.7336124720739852,5.178571428571429,2,573.9533749302965,10,145,6,6,3,9
CNP0146618.2,-9.1,1.7336124720739852,5.178571428571429,2,573.9533749302965,10,145,6,6,3,9
CNP0146682.1,-10.37,1.6070231824765606,5.542857142857143,4,973.231293392892,7,194,6,2,5,5
CNP0146696.1,-7.8,1.928416266249004,5.111111111111111,2,696.4263467730901,7,138,6,1,1,5
CNP0146744.0,-8.812,1.1732920279482657,4.916666666666667,0,2084.602423443709,22,354,6,16,1,29
CNP0146772.1,-7.3,2.8270935325230315,4.055555555555555,0,320.6552984606107,5,73,6,2,0,7
CNP0147046.0,-8.9,1.6976940920485784,4.84,2,1004.4577061501074,0,121,6,2,0,7
CNP0147069.2,-8.7,1.985901954669318,4.458333333333333,0,573.1958799590191,5,107,6,4,0,8
CNP0147089.1,-7.6,1.925689641233665,5.764705882352941,3,386.3830584236704,4,98,6,0,3,2
CNP0147169.1,-6.8,2.1251318104979875,3.8867924528301887,0,1115.1516387902757,10,206,6,1,0,15
CNP0147196.1,-9.086,0.8451009891624123,5.363636363636363,5,2658.227625967084,29,472,6,14,6,25
CNP0147205.1,-10.7,0.7361267477097992,5.306666666666667,4,1968.537948465681,28,398,6,5,4,20
CNP0147233.2,-9.9,1.5502560830186385,6.029411764705882,5,896.2362189419487,11,205,6,3,5,4
CNP0147250.1,-10.4,1.333484249433777,5.0,3,1122.3545471756636,3,135,6,1,0,6
CNP0147262.1,-11.0,1.4671705067182006,5.095238095238095,5,1545.7877286950202,8,214,13,3,1,8
CNP0147272.1,-8.5,1.5645843836338746,4.941176470588236,4,1131.414327013765,3,168,6,1,0,8
CNP0147321.1,-9.9,1.3592457371792888,5.333333333333333,5,1257.0451760220408,2,144,6,3,0,7
CNP0147332.0,-7.7,1.7783007321555653,4.777777777777778,2,1036.6601656943606,0,129,6,0,0,7
CNP0147344.1,-6.8,4.438223959636037,3.2222222222222223,0,620.3655806642279,3,116,0,1,0,9
CNP0147379.5,-9.6,1.4171512960207533,6.275,7,1307.4897345712566,13,251,7,2,5,8
CNP0147381.1,-9.5,1.6103929595379392,6.151515151515151,5,834.3983469784561,12,203,6,3,5,3
CNP0147388.1,-8.7,1.5030505672642098,4.97872340425532,2,1870.7584711601808,5,234,6,8,1,15
CNP0147396.11,-10.5,1.1442530369378554,5.688524590163935,5,1684.7855561982192,21,347,6,7,7,16
CNP0147515.0,-9.1,1.375596124976764,3.8378378378378377,0,932.8940099805044,0,142,6,5,1,6
CNP0147517.1,-7.4,2.20083844871244,3.25,0,220.77523112580903,1,52,14,0,0,2
CNP0147519.0,-9.9,1.2006496720702453,4.568181818181818,2,1822.019928099857,1,201,6,4,0,10
CNP0147524.1,-10.1,1.4989969927764109,6.129032258064516,5,790.2333915090533,8,190,6,1,5,1
CNP0147632.3,-10.1,1.6826567494917442,5.583333333333333,4,990.924932167476,9,201,6,4,4,5
CNP0147637.1,-9.0,1.7831544507977222,4.766666666666667,2,1041.9898910716445,1,143,6,3,1,5
CNP0147645.1,-7.7,2.050344975461768,5.0,3,709.542658957878,6,140,6,0,2,7
CNP0147689.1,-10.3,1.3910236358338852,5.0,3,1155.1077698386432,1,140,6,1,0,7
CNP0147789.0,-4.8,3.251607107507086,2.833333333333333,0,159.22151457063651,0,34,0,0,0,2
CNP0147898.0,-8.5,1.6272342722095348,4.68,2,1012.3151649517348,0,117,7,0,0,4
CNP0148018.2,-9.3,1.6612955583204945,6.545454545454546,6,575.5983717154204,7,144,6,1,3,5
CNP0148032.0,-7.4,1.5114760994417338,3.9166666666666665,2,736.2361875496402,0,94,6,1,0,1
CNP0148072.1,-9.6,1.56598679610163,4.338709677419355,3,1620.578958332757,14,269,29,3,1,12
CNP0148175.3,-8.3,1.5880818468743505,6.642857142857143,6,689.8382633479365,12,186,6,3,3,6
CNP0148303.1,-10.3,1.3097298866351743,4.764705882352941,2,2356.3825997330614,15,324,6,8,0,23
CNP0148313.1,-10.1,1.4575091243185003,5.862068965517241,4,816.185700386403,8,170,6,3,3,6
CNP0148382.1,-7.1,1.0606940048567026,6.1,5,385.2274881988615,9,122,4,0,0,1
CNP0148386.2,-8.4,1.8753862270453263,5.166666666666667,5,1773.9507596435728,11,279,15,1,4,18
CNP0148485.3,-11.0,1.2178992299177993,4.891304347826087,7,3554.855169657251,12,450,16,5,0,30
CNP0148521.2,-9.9,1.5034040019373442,5.21875,3,791.1866080177037,9,167,6,4,3,6
CNP0148672.1,-7.9,1.674684750994917,6.8125,6,445.54482686786577,5,109,6,0,1,4
CNP0148676.1,-10.73,1.2425422676796969,5.72093023255814,5,1329.0877300648615,10,246,6,1,5,5
CNP0148742.1,-9.7,1.5631612486586046,5.53125,4,801.6492336530863,8,177,6,2,4,2
CNP0148844.1,-11.5,1.3254402884158496,5.487179487179487,6,1465.7513798645605,8,214,13,2,2,7
CNP0148894.1,-9.7,0.9283591397498756,5.070588235294117,2,2892.9663771984565,28,431,6,18,0,35
CNP0148926.1,-11.4,1.068969207151963,4.794117647058823,3,1175.6565860528974,4,163,6,2,0,8
CNP0148968.1,-8.2,1.7902192192456854,5.607142857142857,4,849.0882895755612,5,157,7,1,2,6
CNP0149036.4,-11.5,1.1165211410124691,5.515151515151516,4,969.6269267615633,5,182,6,0,2,5
CNP0149036.5,-12.3,1.1165211410124691,5.515151515151516,4,969.6269267615633,5,182,6,0,2,5
CNP0149036.6,-12.2,1.1165211410124691,5.515151515151516,4,969.6269267615633,5,182,6,0,2,5
CNP0149089.0,-11.7,0.951989979127109,5.428571428571429,5,1622.8393075369036,27,342,6,11,3,18
CNP0149165.1,-12.1,0.634138530561305,5.298850574712644,7,2346.4888755734937,32,461,7,4,5,23
CNP0149173.2,-7.4,1.860500775962821,4.703703703703703,0,907.8430195234748,1,127,6,1,0,7
CNP0149237.0,-8.4,1.753876456081899,5.117647058823529,2,681.8704990914052,0,87,6,3,0,5
CNP0149242.1,-9.7,1.5667894413237748,4.566666666666666,0,863.3909492707951,5,137,6,6,0,10
CNP0149243.0,-10.2,1.3087208918420214,4.857142857142857,3,1205.7942682167193,0,136,6,0,0,5
CNP0149294.1,-9.8,1.538990100315188,5.56,3,609.0173070497132,6,139,6,1,3,4
CNP0149315.3,-8.5,4.199037942799624,3.5098039215686274,0,1052.5598551282153,5,179,0,6,5,6
CNP0149315.4,-8.7,4.199037942799624,3.5098039215686274,0,1052.5598551282153,5,179,0,6,5,6
CNP0149315.5,-7.8,4.199037942799624,3.5098039215686274,0,1052.5598551282153,5,179,0,6,5,6
CNP0149333.8,-8.9,1.8592390107747527,4.482758620689655,2,739.1117449945217,4,130,6,3,2,9
CNP0149447.1,-8.0,1.526136047761652,4.964285714285714,3,1053.3029997991032,2,139,6,1,0,6
CNP0149605.1,-10.1,1.094458470894339,5.654545454545454,5,1482.447436618623,18,311,6,8,6,13
CNP0149616.3,-10.2,1.2373012137233834,4.965517241379311,2,1978.043443655492,15,288,6,10,0,19
CNP0149629.1,-8.7,1.9214070994033103,4.24,0,638.2814901364658,2,106,10,0,1,4
CNP0149633.1,-11.4,1.2312998641748,5.206896551724138,4,1185.8829715145382,1,151,6,2,0,8
CNP0149657.8,-10.2,1.5525610159962588,6.029411764705882,5,1007.2755139162332,8,205,6,1,6,4
CNP0149659.2,-8.0,2.1632481774628225,4.857142857142857,2,482.4556489098717,3,102,6,2,1,6
CNP0149716.1,-10.43,1.1951461796619427,5.135135135135135,4,1091.51975545039,6,190,6,0,2,2
CNP0149746.2,-8.0,1.5502217604272006,5.2727272727272725,4,747.1153799055128,1,116,6,0,0,4
CNP0149749.2,-9.6,1.2608391776643235,5.22,4,1313.8480644334363,18,261,6,8,3,15
CNP0149759.1,-11.1,1.202936856036107,6.055555555555555,9,2003.9373137889863,13,327,18,3,4,14
CNP0149805.0,-9.7,1.7313468571678412,4.96,2,1035.2228984290464,0,124,6,4,0,8
CNP0149838.1,-11.2,1.394935237563648,5.205882352941177,3,808.6223276861589,10,177,6,5,3,8
CNP0149877.2,-9.3,1.526129489599017,5.533333333333333,2,889.2150582459334,7,166,5,1,4,5
CNP0149878.1,-8.5,1.800622142027808,5.0,3,498.2924451394599,4,105,11,1,1,6
CNP0150015.10,-9.1,1.4048106960778777,5.08,2,766.6511349886738,4,127,6,1,0,5
CNP0150111.1,-9.1,1.1165691007671932,5.1063829787234045,6,2191.941439182897,2,240,6,2,2,13
CNP0150138.4,-9.3,1.347573962909504,4.518518518518518,0,1591.0983723068312,13,244,6,8,0,19
CNP0150209.1,-10.4,1.7273797794870898,5.958333333333333,4,614.8784049711418,8,143,6,4,3,5
CNP0150323.1,-10.8,1.2304840257443974,5.954545454545454,5,1351.7991910335318,13,262,6,5,5,7
CNP0150369.2,-10.7,1.330073124508791,5.078947368421052,3,1042.622037376091,9,193,7,1,1,9
CNP0150441.0,-10.0,1.511994733896191,5.222222222222222,4,1127.8491122043783,0,141,6,1,0,7
CNP0150449.2,-8.446,1.89288390175122,4.25,2,430.95466351341577,2,85,14,0,1,0
CNP0150461.0,-6.9,1.7795480454130892,4.125,2,502.3288077527084,0,66,6,0,0,1
CNP0150511.1,-7.6,2.1105873015860257,4.75,2,326.3266529435302,3,76,6,1,1,1
CNP0150640.1,-6.7,4.395579712335587,3.733333333333333,0,324.70444938847527,1,56,0,3,1,5
CNP0150640.2,-6.5,4.395579712335587,3.733333333333333,0,324.70444938847527,1,56,0,3,1,5
CNP0150652.1,-8.0,1.894829719031161,5.238095238095238,3,461.5836889173329,7,110,7,1,1,5
CNP0150735.1,-8.2,1.6278327336989689,4.684210526315789,2,565.4616583073661,2,89,6,1,0,3
CNP0150741.0,-6.0,2.9779031597789904,2.806451612903226,0,260.1362654711368,0,87,0,1,0,1
CNP0150817.1,-9.8,1.05643134803441,5.445945945945946,5,2113.854735190669,25,403,6,12,6,21
CNP0150856.3,-10.1,1.324193172826084,5.727272727272728,6,1401.110189115791,5,189,6,3,1,9
CNP0150870.5,-7.7,2.2946206651875145,5.0,2,454.5580266049798,6,115,6,2,4,3
CNP0150882.7,-9.4,0.9766675338950012,5.1647058823529415,4,2421.091817053485,33,439,6,14,3,29
CNP0150907.0,-9.1,1.7645706717914251,5.041666666666667,2,1018.9867510987012,0,121,6,5,0,8
CNP0150925.0,-9.6,1.2943687372055677,5.837209302325581,5,1136.8766471367944,14,251,6,5,5,8
CNP0150929.2,-7.4,1.9405696206285328,4.764705882352941,2,363.11810947097456,4,81,6,1,1,2
CNP0150996.1,-9.0,2.364078712805693,4.757575757575758,2,865.6508968738785,6,157,6,2,4,9
CNP0151008.2,-11.63,1.1137164321698525,5.037037037037037,2,1850.727404662642,15,272,6,13,0,21
CNP0151012.1,-10.5,1.6180881575722974,3.760869565217391,0,2516.176576336729,20,346,6,17,0,22
CNP0151052.3,-10.3,1.3562832288690745,6.75,7,1036.3101735110822,7,189,6,3,3,8
CNP0151115.2,-9.8,1.3694221584116637,5.90625,6,992.1762850658772,9,189,7,1,1,6
CNP0151119.0,-4.6,2.327882879407043,3.625,0,146.8771237954945,0,29,6,0,0,4
CNP0151128.1,-10.8,1.3886242356199323,4.8,2,1131.7250941524674,6,168,6,6,0,12
CNP0151157.0,-7.1,1.8265953388117269,6.555555555555555,4,452.6550671030861,7,118,7,1,3,3
CNP0151212.2,-9.5,1.2413415273001105,4.963636363636364,0,1207.3522123432515,24,273,6,14,0,25
CNP0151266.1,-10.0,1.1672687943785565,4.884615384615385,4,1273.8165177880028,17,254,12,1,0,11
CNP0151284.1,-11.7,0.9579640440455748,4.880952380952381,4,1586.4562977046598,2,205,6,5,0,8
CNP0151441.1,-8.6,1.6627967806378487,6.681818181818182,5,594.514664398947,6,147,6,0,4,2
CNP0151495.3,-10.7,1.1129142511086283,4.972222222222222,4,1206.178775932936,6,179,6,5,0,11
CNP0151503.1,-7.1,1.78574135050785,4.1875,2,491.05936546476,1,67,6,1,0,2
CNP0151503.2,-7.1,1.78574135050785,4.1875,2,491.05936546476,1,67,6,1,0,2
CNP0151515.1,-13.4,0.8470786042411496,5.481481481481482,5,1339.6111873674138,21,296,7,2,3,13
CNP0151518.0,-9.4,1.425071068166725,5.25,3,1440.306513447655,1,168,6,3,0,7
CNP0151524.1,-10.2,1.295219557630671,5.290322580645161,3,951.571499823987,6,164,6,1,1,5
CNP0151525.1,-9.914,1.5207578978689025,5.942857142857143,5,951.6298020145052,9,208,6,1,6,4
CNP0151544.0,-8.3,1.804434575620792,5.125,2,1057.7294619814234,0,123,6,4,0,9
CNP0151565.2,-9.2,1.6266848915871372,5.733333333333333,5,1224.6671536726583,13,258,6,4,6,8
CNP0151617.0,-7.4,1.7323054567410976,4.267605633802817,0,2779.1942734092927,0,303,6,0,0,25
CNP0151657.1,-8.4,1.5822152862175616,5.206896551724138,4,671.7345057291124,8,151,6,0,2,4
CNP0151765.2,-8.2,1.7420388169535852,5.363636363636363,4,875.1606718782053,8,177,6,1,3,9
CNP0151829.0,-8.0,1.603564834048247,4.7317073170731705,4,1295.074503036501,7,194,19,3,2,12
CNP0151843.1,-9.9,1.359004726749563,5.025,3,1481.9135158042986,8,201,6,7,0,13
CNP0151894.0,-7.291,1.822863365321312,4.956521739130435,3,941.3503516710124,0,114,6,0,0,6
CNP0151953.0,-6.9,1.82191091928884,4.666666666666667,3,856.8291565824996,0,140,6,2,0,8
CNP0151994.1,-9.2,1.189327658958596,4.625,4,2767.495529101442,11,370,31,3,0,20
CNP0151999.1,-8.4,1.1992774303844818,4.648648648648648,2,1277.705437057767,3,172,6,1,0,3
CNP0152043.4,-11.5,1.4287115842206024,5.735294117647059,4,950.5430058239964,12,195,6,3,3,6
CNP0152064.0,-8.975,1.516586394753327,4.608695652173913,2,895.3409222013939,0,106,6,2,0,6
CNP0152204.1,-9.6,1.881514326279468,3.842105263157895,0,1002.2132478202516,7,146,24,5,1,8
CNP0152231.2,-10.4,1.4988810062785196,5.2,3,829.6400994297663,11,182,6,6,3,9
CNP0152264.2,-5.9,3.957276182878001,3.25,0,232.19280948873623,2,39,0,3,0,6
CNP0152272.2,-11.0,0.6648102385278272,5.083333333333333,3,2309.71155286228,31,427,6,6,1,24
CNP0152382.1,-10.6,1.1246704861789971,4.888888888888889,3,1634.9622321680688,6,220,6,5,1,14
CNP0152404.0,-4.8,1.8557211269510585,3.9125,0,5426.38895505498,20,626,6,39,0,64
CNP0152411.1,-6.3,2.2010104571697244,4.454545454545454,2,731.3969838778987,2,98,6,1,0,5
CNP0152507.3,-4.6,4.132854855789074,3.5454545454545454,0,156.2967448760063,2,39,0,2,1,3
CNP0152516.3,-10.47,1.2182377476075654,4.977272727272728,2,1586.5831706977865,10,219,6,10,0,17
CNP0152529.0,-7.2,3.809797771463592,3.333333333333333,0,464.5207455553157,0,80,0,3,1,4
CNP0152559.3,-8.541,2.28101171819956,4.461538461538462,2,699.0899672426165,5,116,10,2,0,6
CNP0152578.1,-8.7,1.392097255906351,4.423076923076923,0,812.0896670330951,3,115,6,3,0,8
CNP0152662.1,-11.3,1.0035972505277604,5.186046511627907,4,1830.081525594317,2,223,6,2,0,8
CNP0152761.1,-11.1,1.4154338750028346,5.03125,2,1234.6234916612864,5,161,6,7,0,11
CNP0152777.1,-8.9,1.6447758846351888,6.107142857142857,5,928.2877681460368,4,171,6,0,3,4
CNP0152822.1,-9.3,1.7265777322555094,4.111111111111111,0,1916.53335905108,9,296,5,14,0,26
CNP0152867.1,-8.7,1.974001678325533,5.631578947368421,3,490.374042490971,4,107,6,1,2,4
CNP0152898.2,-11.2,1.4843795282180894,4.777777777777778,2,1415.258602061352,17,258,6,7,2,12
CNP0152940.1,-10.1,1.7059200064982436,5.448275862068965,4,1141.8554822329102,2,158,6,3,1,8
CNP0152963.7,-8.2,1.5888544525266752,5.457142857142857,5,925.7832460215092,10,191,6,0,3,9
CNP0152963.8,-9.2,1.5888544525266752,5.457142857142857,5,925.7832460215092,10,191,6,0,3,9
CNP0152984.3,-10.0,1.5559199374620167,6.125,5,765.2835071274178,10,196,6,2,6,2
CNP0153018.0,-9.4,1.5202322704743263,5.414634146341464,4,1443.7558444529448,8,222,6,5,2,12
CNP0153072.1,-7.5,2.4320411996024416,3.95,0,383.9381109542896,3,79,6,1,0,4
CNP0153154.2,-5.9,2.1429740137384945,5.363636363636363,3,206.9183168347592,3,59,6,1,1,1
CNP0153171.0,-10.2,1.378376510486957,5.823529411764706,4,1003.2755139162334,8,198,6,2,5,4
CNP0153258.1,-8.2,1.6973402239632132,4.136363636363637,6,1019.4413089889244,4,182,22,4,0,8
CNP0153265.2,-7.9,1.7525494850133296,5.475,5,1209.5870358837178,11,219,10,0,4,12
CNP0153266.0,-8.5,1.8408608263697024,5.1,3,893.6745460339984,0,102,6,3,0,6
CNP0153286.1,-7.4,3.696202881396066,3.239130434782609,0,934.0355879108016,2,149,0,1,0,1
CNP0153286.2,-7.9,3.696202881396066,3.239130434782609,0,934.0355879108016,2,149,0,1,0,1
CNP0153312.0,-9.8,1.397986379635071,4.775,3,1379.3400632689634,7,191,6,7,0,12
CNP0153336.2,-8.6,2.126902500333407,4.909090909090909,3,913.601186925842,7,162,11,0,2,7
CNP0153528.1,-7.5,1.910500257417225,5.333333333333333,3,389.1999526462128,7,96,7,1,0,3
CNP0153550.1,-8.6,1.6054242734907676,5.893617021276596,5,1526.1842353907198,10,277,6,2,6,12
CNP0153609.1,-11.4,1.6512360978981364,7.2,8,729.5981575548559,9,180,6,2,4,5
CNP0153713.0,-8.16,1.6312204833860644,4.52,0,846.4988712109114,0,113,6,0,0,5
CNP0153741.1,-9.8,1.4989780565310356,5.0285714285714285,2,1315.1734632486352,5,176,6,8,0,13
CNP0153781.1,-11.6,1.246738220254482,5.913043478260869,6,1418.5179690722778,12,272,6,3,5,11
CNP0153829.1,-11.08,0.9015142511875892,5.743243243243243,6,2045.880343830928,28,425,6,11,7,21
CNP0153843.2,-10.1,1.536376735122196,6.0,5,834.3983469784561,10,198,6,2,6,3
CNP0153924.1,-10.8,0.966136265317655,5.084745762711864,5,2293.438243597027,5,300,6,5,0,10
CNP0153939.3,-6.8,1.9784167843146203,5.8125,3,308.55681230985857,6,93,7,1,2,1
CNP0153939.6,-6.6,1.9784167843146203,5.8125,3,308.55681230985857,6,93,7,1,2,1
CNP0154003.2,-10.6,1.1794741293859703,4.75,2,1744.5046872493851,5,209,6,6,0,13
CNP0154007.1,-9.0,1.1895944390523925,4.090909090909091,2,1452.4208145251514,4,225,7,4,1,15
CNP0154024.0,-7.4,1.899136629463885,5.045454545454546,3,617.9182987904669,3,111,6,2,1,6
CNP0154057.3,-8.6,1.804700649145292,5.387096774193548,3,1035.0607853379934,6,167,6,8,1,10
CNP0154140.0,-7.2,2.53278624655775,3.75,0,578.5217031631383,0,90,6,0,0,6
CNP0154148.1,-9.6,1.396154761093648,5.476190476190476,4,1413.6437071830987,8,230,6,1,4,9
CNP0154149.2,-8.0,1.9125117138904555,5.035714285714286,3,792.0273996751814,5,141,7,3,1,8
CNP0154156.1,-11.9,0.920393609498666,5.60655737704918,6,1591.972041299599,26,342,6,9,3,17
CNP0154168.1,-9.4,1.11931143624301,4.466666666666667,4,903.5183904791278,8,201,6,0,2,2
CNP0154168.2,-9.2,1.11931143624301,4.466666666666667,4,903.5183904791278,8,201,6,0,2,2
CNP0154248.0,-4.5,2.0584046167758574,3.375,0,136.1487155813629,0,27,5,2,0,3
CNP0154273.1,-7.8,0.8388604905296091,5.208955223880597,14,6757.89017578526,10,698,25,28,0,52
CNP0154390.2,-7.6,1.7779447802445894,3.452380952380953,0,575.7451598774871,7,145,6,6,0,8
CNP0154447.1,-10.8,1.0945061021410702,5.287878787878788,9,2493.1831981335863,11,349,15,6,2,11
CNP0154477.1,-8.5,2.2431516359343924,4.3580246913580245,2,2397.852950589464,11,353,30,5,0,23
CNP0154513.2,-9.0,1.716422029169137,6.296296296296297,5,742.953864163705,8,170,6,1,3,6
CNP0154541.1,-8.6,2.0385967437185712,4.666666666666667,0,430.44403844770846,6,98,6,5,1,9
CNP0154557.1,-9.715,1.6154896562694512,5.314285714285714,3,1057.854146997912,6,186,6,0,3,4
CNP0154565.3,-10.8,0.8798948529256653,5.3538461538461535,5,1577.5069376537017,27,348,6,11,3,19
CNP0154621.1,-6.7,3.4421045601279605,3.02,0,760.5870500404538,1,151,0,1,0,5
CNP0154628.1,-7.5,1.7516626224830136,4.947368421052632,2,448.0967708455855,5,94,6,2,0,6
CNP0154646.0,-5.1,2.851917176729192,2.642857142857143,0,161.70466441100882,0,37,0,0,0,2
CNP0154673.2,-8.7,1.63543382751374,5.421052631578948,4,384.3418639251469,5,103,6,1,0,4
CNP0154690.1,-8.4,1.932943609282955,4.807692307692308,3,767.1052415868551,4,125,11,0,0,4
CNP0154729.5,-8.2,1.33680588834323,6.173913043478261,3,569.2340945668728,10,142,5,1,2,3
CNP0154735.1,-6.7,2.467688314601957,3.5084745762711864,0,988.1533969081768,8,207,6,7,0,11
CNP0154738.1,-7.063,2.0110082852219007,5.578947368421052,3,538.1889873886043,3,106,6,1,2,3
CNP0154740.2,-7.8,1.8947489629907608,4.95,4,1344.9753640631593,4,198,8,0,0,10
CNP0154819.3,-10.4,0.9061486063731824,5.213483146067416,4,2385.456139727484,34,464,6,16,5,28
CNP0154848.2,-6.5,1.8970648031925943,3.6,0,309.3569773383143,2,72,5,1,0,3
CNP0154969.7,-8.5,1.4192295512813675,5.0227272727272725,2,1553.607024620662,10,221,6,11,0,17
CNP0154993.0,-11.2,1.3148729613419563,6.085714285714285,5,1041.3470760077469,10,213,7,1,5,5
CNP0154999.2,-9.0,1.3923897879065257,5.2727272727272725,4,1303.787030304589,4,174,6,3,0,8
CNP0155025.2,-8.9,1.499610234413621,5.588235294117647,5,1569.9342913267024,1,190,6,2,2,8
CNP0155071.1,-8.6,1.4412961703367704,5.481481481481482,5,913.830328895706,3,148,7,2,0,7
CNP0155111.1,-9.7,1.6250671518893591,5.571428571428571,4,821.5644987717232,11,195,6,4,5,5
CNP0155114.1,-9.7,1.6620688568003532,5.88,4,573.6196406096565,9,147,6,2,3,3
CNP0155146.1,-10.2,1.007435592544663,5.639344262295082,5,1673.6082159237903,21,344,6,9,6,16
CNP0155208.2,-11.25,1.5659164462521569,6.303030303030303,5,847.4797756037972,10,208,6,2,6,3
CNP0155215.0,-8.9,1.6431360022110768,4.233333333333333,4,846.5726969392572,0,127,20,4,0,4
CNP0155226.1,-8.5,0.917387565126505,4.767857142857143,4,2223.8121688694364,4,267,10,6,1,9
CNP0155248.1,-10.3,1.3228418430343998,4.814814814814815,3,935.433173188071,2,130,6,1,0,6
CNP0155356.0,-4.5,2.1229179499593664,3.2857142857142856,0,134.10736969541455,0,23,6,1,0,1
CNP0155373.1,-10.3,1.1241400361770373,6.304347826086956,9,1613.1109900362396,8,290,6,0,5,6
CNP0155530.0,-8.3,2.95667984135022,4.511627906976744,2,1213.013287687637,8,194,12,0,2,12
CNP0155542.1,-11.2,1.276787693696467,5.857142857142857,5,1091.2102687360623,14,246,6,5,6,7
CNP0155597.1,-8.0,2.028696945336096,5.175,4,1148.6224778438036,9,207,8,1,3,11
CNP0155599.2,-9.198,1.157773162272964,5.696428571428571,4,2261.8506635286244,11,319,6,4,4,14
CNP0155609.2,-8.3,1.803662026022816,4.32,0,705.8843194370634,1,108,6,0,0,6
CNP0155616.1,-10.6,1.2645687362774714,5.878787878787879,6,864.1490112865008,10,194,6,0,2,2
CNP0155619.1,-7.3,2.0066194141668223,5.291666666666667,3,590.5645674741165,7,127,7,1,2,5
CNP0155634.1,-9.6,1.3188653774287404,5.52,4,555.144520067748,6,138,6,0,2,5
CNP0155650.0,-6.1,1.9367952205427108,4.6,2,296.3064302854257,0,46,5,2,0,4
CNP0155702.2,-9.2,1.4488603476123718,4.6,3,717.5867675844808,4,115,6,2,0,7
CNP0155712.1,-11.48,1.024790707721336,5.854166666666667,5,1500.8753259770842,13,281,6,1,6,7
CNP0155718.1,-10.6,1.2879217919839203,6.2,6,971.231293392892,10,217,6,2,6,5
CNP0155819.1,-8.1,1.1577587646395038,4.588235294117647,4,1228.445475661782,8,234,6,0,3,2
CNP0155891.1,-9.1,0.9912735877772848,5.858823529411764,10,2947.852725729685,27,498,10,15,7,21
CNP0155962.2,-8.991,1.627501145685057,3.948717948717949,0,2175.986915565107,18,308,38,12,0,19
CNP0155983.1,-8.8,1.5801218402088264,5.44,3,677.5739978069821,5,136,6,1,2,5
CNP0156015.1,-10.5,1.5113735679691769,5.393939393939394,4,831.8612953522234,7,178,6,0,3,2
CNP0156083.1,-10.9,1.1639175675845483,5.638888888888889,6,1423.6923757947836,4,203,6,2,1,8
CNP0156094.1,-6.545,1.9977885950799807,5.764705882352941,3,407.1448824383833,4,98,7,1,2,2
CNP0156109.0,-6.5,1.6848414699942416,4.0,0,265.12094987019805,0,56,6,1,0,3
CNP0156202.1,-6.4,2.1570362169250537,5.285714285714286,2,291.846585677332,4,74,6,0,3,4
CNP0156279.1,-8.5,1.8280324106594363,4.806451612903226,3,813.6539588859341,5,149,6,0,3,5
CNP0156369.1,-9.3,1.3938715959046128,4.807692307692308,5,1625.3595724440663,7,250,10,6,2,10
CNP0156384.3,-6.0,2.7747893137556177,4.428571428571429,0,238.27649744866903,3,62,6,0,1,4
CNP0156412.5,-9.0,1.55213799770175,7.178571428571429,8,979.0383688124796,6,201,6,1,4,6
CNP0156436.2,-9.2,0.7571981492464611,5.154929577464789,5,4347.443572130607,50,732,6,25,8,46
CNP0156436.3,-9.0,0.7571981492464611,5.154929577464789,5,4347.443572130607,50,732,6,25,8,46
CNP0156520.2,-9.9,1.2321381134388778,4.714285714285714,3,999.4554422715933,2,132,6,1,0,7
CNP0156544.2,-10.8,1.1257793967737562,6.051282051282051,8,1220.313495594149,13,236,18,0,4,10
CNP0156571.1,-8.4,2.427748073520502,3.9583333333333335,0,496.3058786869783,5,95,6,4,0,8
CNP0156584.4,-9.3,1.479786661130188,6.022222222222222,6,1329.0541959115512,14,271,6,2,4,11
CNP0156600.1,-8.5,0.863839834272848,4.596774193548387,5,1313.3593462832378,10,285,6,0,5,2
CNP0156608.2,-8.6,1.0570288489885846,5.621212121212121,5,1766.433846793024,25,371,6,11,6,18
CNP0156806.1,-8.6,1.5592789121194794,5.2727272727272725,4,726.9843911119206,3,116,6,1,0,5
CNP0156848.1,-8.9,1.436815453576891,5.5,4,1425.2190834999583,4,187,6,6,0,6
CNP0156848.6,-8.8,1.436815453576891,5.5,4,1425.2190834999583,4,187,6,6,0,6
CNP0156848.9,-9.1,1.436815453576891,5.5,4,1425.2190834999583,4,187,6,6,0,6
CNP0156926.6,-7.9,4.2917176517975335,3.5576923076923075,0,1041.8945371576872,6,185,0,7,6,7
CNP0156938.1,-10.1,1.587243177073452,4.379746835443038,2,2590.931286761728,14,346,19,9,0,25
CNP0156952.1,-8.2,1.7167154784013794,6.027777777777778,6,1102.6349189535897,7,217,7,1,5,14
CNP0156966.1,-9.4,1.5076446869153033,5.37037037037037,3,569.9173780315748,12,145,6,4,0,10
CNP0157104.1,-11.1,0.9734864477067412,5.02,0,2653.9192106443284,45,502,6,26,0,46
CNP0157123.2,-7.5,1.9635426162390297,5.5,3,311.85720233517986,5,88,6,1,1,2
CNP0157285.1,-8.3,1.8964790215135123,5.115384615384615,3,705.0899672426165,6,133,6,2,1,6
CNP0157285.2,-8.6,1.8964790215135123,5.115384615384615,3,705.0899672426165,6,133,6,2,1,6
CNP0157310.0,-4.7,2.228362114935043,3.555555555555556,0,167.1823264341432,0,32,6,0,0,1
CNP0157329.6,-11.1,1.3258285503306777,4.985294117647059,4,2746.409814691679,8,339,11,13,0,27
CNP0157345.1,-9.4,3.8924183415809295,3.411764705882353,0,1575.956011367936,1,174,0,1,1,1
CNP0157355.0,-5.9,2.914073356109064,2.736842105263158,0,221.30195448878789,0,52,0,1,0,2
CNP0157430.1,-9.211,1.6776431751414955,5.636363636363637,4,805.3369955424284,1,124,6,1,1,5
CNP0157466.2,-8.4,1.705839027471464,5.705882352941177,4,441.9455288419412,3,97,6,0,1,4
CNP0157479.2,-9.9,1.5877030267837489,5.333333333333333,4,867.5004295516364,11,192,6,5,3,6
CNP0157493.2,-10.35,1.113617020650152,4.890909090909091,2,2096.8545192478314,10,269,6,10,0,18
CNP0157513.2,-8.7,1.8446508516637632,4.186046511627907,0,1149.0090182510244,7,180,6,6,1,9
CNP0157513.6,-8.8,1.8446508516637632,4.186046511627907,0,1149.0090182510244,7,180,6,6,1,9
CNP0157654.2,-8.7,1.5425299399557475,4.287878787878788,0,2082.4608015883027,7,283,6,8,0,17
CNP0157674.0,-10.8,1.0597035150696723,6.057692307692308,7,1510.60862232441,17,315,6,3,7,11
CNP0157676.1,-8.8,1.3299847277256676,4.735849056603773,5,1592.326277324472,9,251,12,6,2,8
CNP0157693.1,-7.1,2.2400732381544928,4.875,2,315.39664106587225,3,78,7,0,1,1
CNP0157765.1,-9.3,1.2088508857783684,4.69811320754717,2,2238.853383144776,5,249,6,6,0,14
CNP0157776.0,-8.9,1.577578137323925,5.6,4,644.4782310255083,6,140,6,0,2,2
CNP0157778.7,-8.8,1.2048303107230396,4.971428571428572,4,2120.156066522137,20,348,6,12,2,24
CNP0157923.2,-8.8,1.9048740191004447,4.423076923076923,0,423.8346427445073,10,115,6,6,0,10
CNP0158018.5,-10.3,1.217370869459403,5.06,2,1713.9733505094691,14,253,6,10,0,18
CNP0158022.1,-10.7,1.5455465303947735,5.294117647058823,3,931.8659635665496,9,180,6,6,2,8
CNP0158032.1,-7.939,1.7044039613533486,4.739130434782608,3,591.8910123704024,4,109,10,0,1,6
CNP0158074.1,-8.5,1.8036155973512416,5.5625,4,855.4936845546827,8,178,6,0,4,4
CNP0158156.1,-9.4,1.287170634658063,4.891304347826087,2,1325.0841861033568,10,225,6,8,1,15
CNP0158255.1,-9.0,1.668784714589783,5.538461538461538,4,580.3583857707869,9,144,6,4,2,5
CNP0158280.1,-6.8,2.05444243277219,4.6,2,301.99999999999994,3,69,6,0,0,0
CNP0158333.1,-10.8,1.6088678142310786,5.0,4,993.1403012466428,7,175,18,1,2,8
CNP0158355.3,-5.2,2.106269214974654,5.3,2,210.07820003461555,2,53,5,0,1,0
CNP0158355.4,-5.2,2.106269214974654,5.3,2,210.07820003461555,2,53,5,0,1,0
CNP0158371.2,-7.9,1.7758790349033395,5.40625,4,907.6752855791748,9,173,10,1,3,8
CNP0158373.1,-7.8,2.036567904334185,5.153846153846154,3,666.7987870766177,7,134,6,1,2,7
CNP0158400.11,-9.6,1.0782802409370655,5.602941176470588,8,3107.4125274222765,8,381,7,10,0,12
CNP0158400.20,-8.6,1.0782802409370655,5.602941176470588,8,3107.4125274222765,8,381,7,10,0,12
CNP0158443.1,-11.51,1.1746594280570533,4.977272727272728,2,1586.5831706977865,10,219,6,10,0,17
CNP0158462.3,-11.1,1.2559292682954413,5.84375,6,1283.9261164777563,2,187,6,2,3,7
CNP0158473.3,-9.7,1.2928439109541623,4.625,0,1279.3394292144287,5,185,6,5,0,10
CNP0158480.1,-7.2,2.618871699546884,3.565217391304348,0,1628.62234561377,8,246,6,8,0,22
CNP0158609.1,-6.5,3.099155626211266,2.833333333333333,0,493.0628161394303,1,51,0,1,0,3
CNP0158686.4,-10.3,1.6206567569274009,6.121212121212121,5,890.9726007761027,10,202,6,1,6,3
CNP0158719.1,-9.4,1.1448342414524308,5.173076923076923,2,2227.633303799218,6,269,6,8,0,10
CNP0158754.1,-6.8,1.9095257614992245,3.891304347826087,2,1027.718304935075,5,179,10,1,0,8
CNP0158856.2,-10.29,0.8999673779350321,5.72972972972973,6,2018.92193817396,29,424,6,12,7,22
CNP0158860.1,-9.5,1.6419872633856594,5.269230769230769,4,904.6378518852016,4,137,6,1,1,6
CNP0158955.2,-8.3,1.9505099733562936,5.454545454545454,3,510.809685309674,5,120,6,0,4,3
CNP0159051.3,-11.18,1.1220274845799536,5.037037037037037,2,1852.018777979567,15,272,6,11,0,20
CNP0159066.1,-8.2,1.64746614983517,4.973684210526316,2,1218.7537889378432,5,189,6,1,2,9
CNP0159069.2,-12.5,0.7919667106708488,5.523076923076923,6,1722.9818669796125,26,359,6,11,3,20
CNP0159069.3,-12.0,0.7919667106708488,5.523076923076923,6,1722.9818669796125,26,359,6,11,3,20
CNP0159099.1,-8.3,2.213362262975485,5.655172413793103,3,1143.3168438332968,1,164,6,5,2,9
CNP0159130.0,-6.4,2.3347395898096885,3.8,0,399.2421343886521,0,57,6,0,0,2
CNP0159141.1,-7.3,2.0637431684643586,4.631578947368421,2,435.2749996319477,3,88,6,0,1,3
CNP0159178.1,-9.0,3.0508885511761386,3.8,0,2010.4002521035563,4,228,6,11,0,26
CNP0159345.1,-7.807,1.547826959523772,4.714285714285714,2,1455.184078367923,3,198,6,5,0,11
CNP0159359.1,-11.1,1.1812456654031953,5.676470588235294,5,1068.9452008317085,7,193,6,0,3,3
CNP0159427.1,-8.6,1.6358636821556165,5.225806451612903,3,825.8688522833438,7,162,7,3,2,6
CNP0159441.3,-10.3,1.2047651905380696,5.195121951219512,4,918.3393371884234,14,213,6,4,2,6
CNP0159441.4,-11.4,1.2047651905380696,5.195121951219512,4,918.3393371884234,14,213,6,4,2,6
CNP0159537.0,-7.4,1.867428537524516,5.434782608695652,2,525.9346111686552,6,125,6,1,4,2
CNP0159551.1,-6.6,2.316439005681884,4.7368421052631575,2,462.8201360825898,2,90,6,0,0,2
CNP0159614.4,-6.0,2.5402996672680285,3.857142857142857,0,193.4122437930133,3,54,6,0,0,1
CNP0159678.2,-7.5,2.00289633540462,4.260869565217392,0,590.7225743231062,5,98,6,4,0,10
CNP0159711.1,-9.5,1.6332249084885313,6.0,6,847.4128741409019,5,156,6,1,2,5
CNP0159712.1,-8.861,1.5950820576717644,5.625,4,969.2643820484678,8,180,6,2,2,7
CNP0159727.2,-7.7,1.9604379673991423,4.190476190476191,2,512.8831496347962,2,88,10,0,0,4
CNP0159740.1,-12.46,0.7969378723473123,5.701298701298701,6,2120.675113942755,31,439,6,14,7,23
CNP0159804.3,-8.5,1.7807818684469772,4.708333333333333,3,601.7424075877335,4,113,10,1,2,2
CNP0159817.0,-6.8,1.575657606552697,4.0,2,532.9251378703718,0,76,6,2,0,4
CNP0159877.1,-5.7,3.555329418956265,3.057142857142857,0,497.0367967605809,2,107,0,2,0,3
CNP0159916.1,-10.5,1.41763387847961,5.75,6,837.5215823154736,5,138,6,2,0,4
CNP0159963.2,-8.7,1.56839173299429,6.24,5,660.4719536426355,7,156,6,0,4,5
CNP0159966.1,-10.49,1.2732610530248458,7.020833333333333,12,1953.4196981241705,11,337,6,5,6,17
CNP0160005.3,-9.6,1.5266998085196106,5.4,4,1188.9053887860937,13,243,6,6,4,9
CNP0160061.1,-9.3,1.4091831421085346,5.903225806451613,5,762.3353934245694,10,183,6,3,4,4
CNP0160123.4,-6.7,2.315478401730111,3.8125,0,279.8100768023833,2,61,6,1,1,1
CNP0160284.7,-9.8,1.4702689068595662,4.344827586206897,2,1463.0387381659266,13,252,6,10,2,19
CNP0160376.0,-7.3,1.8716188318667883,4.25,0,442.7985541980776,0,68,6,1,0,1
CNP0160393.1,-7.4,2.0286474573461275,5.5,3,490.4923411588532,6,110,7,3,2,5
CNP0160397.1,-7.8,2.4134125626295795,4.0,0,353.5051022779815,3,72,6,1,1,3
CNP0160418.1,-9.8,1.5841640703345063,5.285714285714286,4,843.684922285769,8,185,7,2,5,5
CNP0160469.2,-7.8,1.733566187705962,6.842105263157895,5,440.4648703464173,9,130,6,2,2,3
CNP0160518.1,-9.0,1.6665138065985952,4.161290322580645,2,886.7426636855895,2,129,6,2,1,4
CNP0160556.1,-9.3,1.440139239450562,4.266666666666667,2,1089.7936814068598,1,128,6,1,0,7
CNP0160641.1,-9.3,1.7209148430775918,4.838709677419355,2,848.7281411156424,8,150,6,5,1,6
CNP0160661.2,-8.0,1.5216516980203896,4.385964912280702,4,1807.812777552535,7,250,13,5,0,9
CNP0160663.1,-8.3,1.8883595658776648,4.5,0,531.2052456532901,4,99,6,1,1,4
CNP0160691.1,-9.1,1.4789232815601574,5.676470588235294,3,1017.8565020271398,11,193,6,1,3,9
CNP0160734.2,-8.3,1.6272702983351188,5.434782608695652,3,671.551549924025,5,125,6,0,1,4
CNP0160750.1,-9.2,1.5702478914396845,5.407407407407407,4,709.570850490227,8,146,6,1,2,2
CNP0160756.4,-11.3,1.270113437287781,5.916666666666667,7,1622.7927679391005,4,213,6,0,2,6
CNP0160785.0,-6.7,2.1602759408255374,4.6875,2,313.420236873331,3,75,6,0,1,0
CNP0160793.3,-9.8,1.2484738214878677,5.0,2,1886.1235594654725,15,280,6,11,0,21
CNP0160831.1,-8.1,5.507038003502798,3.627906976744186,0,1024.011056970931,6,156,0,11,0,18
CNP0160883.0,-7.6,1.593006133881268,4.260416666666667,0,3421.720959467876,11,409,5,18,0,33
CNP0160886.1,-8.3,2.169032796409077,4.833333333333333,2,458.3591724940509,3,87,6,1,1,3
CNP0160910.3,-10.0,1.271137312121441,5.05,2,1374.835685581662,5,202,6,5,1,10
CNP0160999.2,-9.1,1.6698873824478049,4.451612903225806,0,956.0564692263796,4,138,6,2,1,8
CNP0161023.1,-12.3,0.9748220669138274,6.602941176470588,16,3069.551612122776,12,449,14,8,6,13
CNP0161030.5,-6.0,1.7199206411880403,3.238095238095238,0,298.83856408673995,2,68,3,1,0,3
CNP0161088.1,-7.566,1.696291771865369,4.894736842105263,2,626.4554790076069,1,93,6,1,0,2
CNP0161090.1,-10.6,1.0652969475027694,5.013888888888889,6,2320.306606844505,12,361,16,7,3,12
CNP0161125.1,-8.3,1.4397242126400485,4.564102564102564,2,1337.4992421524971,4,178,10,5,0,6
CNP0161157.0,-9.2,1.0847629021004142,4.611940298507463,0,2364.6432065631416,8,309,6,6,0,19
CNP0161180.1,-6.6,2.545007075542573,3.75,0,285.8100768023834,2,60,10,1,0,1
CNP0161201.1,-10.6,1.1751137007476116,5.703703703703703,6,981.1225052564496,3,154,6,1,0,6
CNP0161280.3,-9.6,1.5415614938670663,5.444444444444445,4,744.7252453999322,6,147,6,0,2,3
CNP0161475.2,-10.8,1.111846521131171,5.073170731707317,4,1185.9617663122715,7,208,6,3,3,8
CNP0161503.1,-10.4,1.423618075026999,5.233333333333333,4,694.2217476323756,8,157,6,2,3,3
CNP0161510.1,-7.6,1.82544860126686,5.857142857142857,4,809.8446187246071,8,164,7,3,3,6
CNP0161512.1,-10.86,1.104313727748099,5.017543859649122,7,2253.4303303317106,5,286,16,5,1,10
CNP0161551.3,-7.5,2.125897120079577,4.421052631578948,2,435.4265281999833,4,84,10,1,0,4
CNP0161721.0,-6.3,2.880310190687724,2.6875,0,403.4869704568956,0,43,0,0,0,2
CNP0161730.5,-9.7,1.4191282690703817,5.142857142857143,4,564.6095942366717,10,144,6,1,1,1
CNP0161743.2,-8.3,2.1975072950873824,4.636363636363637,2,1315.9903565763298,9,204,12,2,2,11
CNP0161791.1,-8.2,2.302272716583121,4.368421052631579,2,1181.9481324642782,3,166,6,4,1,11
CNP0161913.1,-9.2,1.0065573767613587,5.34,6,1180.642516849456,13,267,6,1,6,4
CNP0161937.0,-9.4,1.3449943450006887,4.78125,3,1068.5694850587645,0,153,6,1,1,8
CNP0162000.2,-8.8,1.5493694295053808,4.96875,2,1187.0555477499252,5,159,6,7,0,11
CNP0162016.1,-12.6,1.0936638129077072,5.4868421052631575,9,3602.806261106759,7,417,11,18,0,27
CNP0162016.3,-11.2,1.0936638129077072,5.4868421052631575,9,3602.806261106759,7,417,11,18,0,27
CNP0162031.1,-10.4,1.4528637711768817,6.129032258064516,6,1192.7640457957266,2,190,6,0,2,5
CNP0162045.2,-10.3,1.0414337205835045,5.619047619047619,5,1724.6028695169916,22,354,6,9,6,16
CNP0162082.0,-9.9,1.362142097259709,4.945945945945946,4,1519.3186369424493,1,183,6,2,0,9
CNP0162136.12,-9.5,1.5834334369495136,5.03125,2,1038.646232859864,7,161,6,7,0,11
CNP0162158.1,-9.3,1.3850387250777545,5.641025641025641,5,1552.5488870307772,5,220,7,1,3,5
CNP0162319.1,-9.4,1.0716698475833402,4.416666666666667,4,944.697506049191,9,212,6,0,2,1
CNP0162376.4,-7.1,2.13451672230426,4.6875,2,348.44645225201987,3,75,6,0,0,1
CNP0162404.1,-5.7,2.2023018900507245,3.769230769230769,0,194.1895663144568,2,49,3,1,0,5
CNP0162513.3,-9.2,1.562315131012454,5.612244897959184,6,1693.877910649898,8,275,6,4,4,15
CNP0162513.4,-9.1,1.562315131012454,5.612244897959184,6,1693.877910649898,8,275,6,4,4,15
CNP0162528.1,-8.7,0.9567012994890975,4.7875,9,3264.4104042176323,6,383,19,7,0,12
CNP0162535.2,-11.0,1.267444397170851,5.37037037037037,5,975.367617754286,1,145,6,2,1,6
CNP0162619.3,-8.7,1.4852035515235744,5.9,7,1616.4378849105235,18,295,6,2,4,14
CNP0162652.1,-8.1,1.751461665688978,5.225806451612903,4,706.0413809749792,10,162,9,2,2,7
CNP0162656.2,-8.2,1.9550668707473493,5.282051282051282,4,1081.3803279398358,10,206,10,2,4,11
CNP0162726.0,-7.2,1.9719828101486696,5.111111111111111,3,1098.3451197889694,0,138,6,2,0,9
CNP0162747.1,-9.9,1.837997096828008,4.96875,2,712.835268440172,8,159,6,4,3,5
CNP0162751.2,-9.0,1.8332227437812727,5.035714285714286,2,779.4425162910551,4,141,6,0,1,5
CNP0162758.1,-8.5,1.60439565010885,6.576923076923077,6,853.4128741409016,5,171,6,1,3,5
CNP0162761.0,-6.9,2.363716689532313,3.7857142857142856,0,323.7252768616324,0,53,6,2,0,4
CNP0162867.1,-6.8,2.532863544335996,4.083333333333333,0,221.83662511442932,3,49,6,4,0,5
CNP0162890.1,-8.5,1.5906438441032176,5.03030303030303,2,1250.2041776678584,5,166,6,8,0,12
CNP0162897.0,-8.8,1.3900772665172507,4.62962962962963,4,927.0145859760822,0,125,18,2,0,5
CNP0163147.1,-9.1,1.4634115840596176,4.714285714285714,2,699.0649043315368,4,132,6,2,0,8
CNP0163147.2,-9.3,1.4634115840596176,4.714285714285714,2,699.0649043315368,4,132,6,2,0,8
CNP0163151.0,-9.3,1.3739636719848172,5.533333333333333,6,1015.3324699671276,0,166,6,1,2,6
CNP0163152.2,-9.6,1.2090602006377935,5.235294117647059,4,1202.300287933198,20,267,6,8,2,13
CNP0163155.1,-9.0,1.3679875917492057,4.416666666666667,0,559.7046715850184,3,106,6,4,0,6
CNP0163180.2,-8.0,2.0470309385941485,4.35,2,498.60626185499234,2,87,10,0,0,4
CNP0163193.1,-8.7,1.8932417372192103,5.2,5,1822.262700024421,11,286,15,2,5,19
CNP0163285.1,-10.3,1.3866568008772475,5.696969696969697,4,901.963813243262,10,188,6,3,3,5
CNP0163315.1,-9.7,1.5154172152607843,5.194444444444445,3,805.5944021250803,12,187,6,8,3,10
CNP0163431.0,-10.5,1.460268169817912,5.103448275862069,2,1119.4854204525775,4,148,6,6,0,9
CNP0163451.3,-10.7,1.4272496718676022,5.941176470588236,5,846.7433937696434,11,202,6,4,5,4
CNP0163541.1,-8.4,1.952996033016792,5.115384615384615,3,686.2558168863451,6,133,11,1,2,4
CNP0163544.3,-9.8,0.7796077095140532,5.444444444444445,6,2091.86981525746,35,441,6,14,3,26
CNP0163646.6,-9.1,1.370087699987614,4.964285714285714,2,766.2718450066645,4,139,6,0,0,6
CNP0163666.1,-10.42,1.2031141672053955,4.888888888888889,4,848.7814250408513,6,176,6,1,0,5
CNP0163679.2,-10.8,1.0742176616699115,4.9,3,1650.0737573794192,11,245,7,5,0,13
CNP0163696.1,-8.1,1.870791487737356,5.318181818181818,3,466.3277026166539,5,117,6,2,2,2
CNP0163698.1,-12.8,0.9718440561187404,5.582089552238806,5,1846.5357848698263,25,374,6,12,6,19
CNP0163734.0,-6.6,3.347020632258407,3.0,0,407.6734487328301,0,51,0,0,0,2
CNP0163764.4,-12.9,0.8757179490754639,6.507692307692308,11,2615.405840641856,16,423,6,3,10,9
CNP0163767.1,-11.04,1.105142478742931,5.558139534883721,5,1274.9049415093432,10,239,6,1,5,3
CNP0163811.2,-8.6,1.1712059888982425,4.021739130434782,0,865.7811254727579,10,185,5,5,0,9
CNP0163861.1,-9.0,1.8760925235660053,4.642857142857143,0,614.525558232903,7,130,6,5,2,9
CNP0164002.0,-7.4,1.917816818071358,5.086956521739131,3,971.962782820496,0,117,6,2,0,7
CNP0164017.2,-11.6,1.1850705917580773,4.930232558139535,2,1723.3358106832943,5,212,6,9,0,15
CNP0164064.1,-9.5,1.5913322690126326,4.829787234042553,0,1855.240077147521,3,227,6,7,1,12
CNP0164104.0,-9.435,1.6361086084007206,5.863636363636363,4,545.9104984355639,6,129,6,1,3,2
CNP0164112.0,-7.7,1.7857035701437307,5.142857142857143,3,510.0161282951649,0,72,6,1,0,2
CNP0164120.0,-12.2,1.131861230422749,5.510204081632653,4,1241.6349966908144,18,270,6,7,4,12
CNP0164135.2,-8.5,1.4843874013227998,3.896551724137931,0,819.0146343824731,1,113,5,0,0,4
CNP0164156.1,-6.8,4.315166129650192,3.380952380952381,0,451.4105664814787,2,71,0,1,1,4
CNP0164164.1,-7.8,2.450102465641532,4.518518518518518,2,717.8418713889351,5,122,10,1,0,7
CNP0164167.2,-9.6,1.5251047222461491,5.387096774193548,4,673.1687219169976,9,167,6,1,3,3
CNP0164244.6,-8.4,1.5913781633775352,6.96,7,662.412660404799,10,174,6,2,3,3
CNP0164244.7,-8.6,1.5913781633775352,6.96,7,662.412660404799,10,174,6,2,3,3
CNP0164409.2,-7.7,1.752565773912265,4.043478260869565,0,536.5468406041393,5,93,6,0,0,7
CNP0164432.4,-7.7,2.537996001751031,4.34375,2,838.4051250330955,5,139,10,1,0,9
CNP0164443.1,-7.8,1.7419670234044342,5.384615384615385,4,879.2357545399908,2,140,6,2,0,6
CNP0164469.0,-5.6,2.013067242534106,3.4166666666666665,0,215.78511805929529,0,41,6,1,0,2
CNP0164480.1,-8.6,1.7688096076848066,6.045454545454546,4,509.8366336695184,7,133,6,2,3,2
CNP0164518.0,-10.7,1.3389868864771814,5.03030303030303,2,1430.0653826768014,1,166,6,2,0,7
CNP0164524.5,-9.1,1.5891703955219372,4.517241379310345,0,860.0007486949685,5,131,6,7,0,9
CNP0164573.1,-10.2,1.1402814930397978,5.018867924528302,2,1783.0000000360203,15,266,6,12,0,20
CNP0164574.4,-8.0,1.627884053746404,6.181818181818182,5,685.154996148535,4,136,6,0,1,4
CNP0164693.1,-10.48,1.1850846516941531,5.162162162162162,4,937.9755923761657,11,191,6,4,2,5
CNP0164765.2,-7.2,1.3606857561961136,4.161290322580645,2,1924.5183556910924,8,258,6,10,1,29
CNP0164852.0,-11.4,0.7460738764652444,5.883720930232558,17,3501.6489469286607,16,506,13,6,6,14
CNP0164897.0,-6.9,2.164392714575122,4.571428571428571,0,649.6493223768736,1,96,6,2,1,7
CNP0164920.0,-7.6,1.54444163779248,4.571428571428571,2,436.8473075016088,6,96,6,0,0,2
CNP0164930.2,-8.9,1.2588158020510458,4.658536585365853,2,1242.0184354956234,4,191,6,0,0,11
CNP0165131.1,-7.7,1.7259184191537045,5.0,2,385.3149155653025,2,100,6,1,1,5
CNP0165160.1,-9.3,1.6188796879153569,5.818181818181818,4,583.5983717154203,7,128,6,0,2,5
CNP0165182.2,-7.7,1.7360331316111748,4.555555555555555,3,401.8383632842944,3,82,10,1,0,2
CNP0165280.1,-7.1,1.9992832357407464,4.44,2,475.7616202682312,5,111,6,1,1,4
CNP0165326.0,-7.9,1.2601355450486755,4.833333333333333,0,1199.8297540522178,0,174,6,0,0,4
CNP0165396.1,-10.28,1.5793130778040858,5.971428571428572,5,976.4675661135916,8,209,6,1,6,4
CNP0165537.2,-9.7,1.6907184611788215,5.135135135135135,4,1369.0292072111697,2,190,6,4,2,7
CNP0165541.1,-10.5,0.8952895825084125,5.2444444444444445,8,4080.081480214441,10,472,10,21,0,36
CNP0165569.4,-7.0,2.6230226109523085,4.120689655172414,2,1418.2364962984382,12,239,6,1,1,14
CNP0165573.1,-8.5,3.1926632243998165,3.809523809523809,0,1541.1785969996265,10,240,19,11,0,21
CNP0165733.1,-12.3,1.0143382512071626,5.876923076923077,8,2264.4060854073127,16,382,9,5,6,13
CNP0165745.10,-9.8,1.528972662820742,5.488888888888889,4,1102.083223413341,16,247,6,7,5,9
CNP0165797.3,-7.9,1.7681248135206322,5.05,3,653.6087264807029,2,101,6,2,1,5
CNP0165849.12,-10.8,0.8566229508258065,5.317460317460317,5,1583.7370413255294,25,335,6,11,2,18
CNP0165849.6,-10.9,0.8566229508258065,5.317460317460317,5,1583.7370413255294,25,335,6,11,2,18
CNP0165863.0,-10.02,0.8784151961694241,5.290322580645161,5,3051.4986391955667,27,492,6,10,6,25
CNP0165920.6,-8.786,1.8494936250341232,5.35,3,440.9546635134157,4,107,6,0,3,0
CNP0165952.2,-9.951,1.4728865631315444,5.9,4,877.4323895871918,9,177,6,4,4,6
CNP0166000.1,-8.1,1.9132764431228888,5.774193548387097,4,807.3981843879976,10,179,6,3,3,8
CNP0166044.1,-8.8,1.4145605332383917,4.348837209302325,5,1137.7402070934509,4,187,26,4,1,12
CNP0166111.2,-10.7,1.2790904976032431,5.428571428571429,4,1404.8506835694538,21,304,6,10,5,14
CNP0166218.2,-8.1,1.7354547714833148,5.913043478260869,4,526.9798276470984,6,136,6,1,4,3
CNP0166224.1,-7.8,2.109473554720162,4.318181818181818,2,567.5983717154204,2,95,10,1,0,5
CNP0166337.4,-10.0,1.5018725117091758,5.48936170212766,4,1159.75459305208,16,258,6,8,6,11
CNP0166348.1,-11.2,0.8457466959128898,5.36,5,1936.5337371726548,32,402,6,14,3,24
CNP0166394.0,-5.8,1.983303164768468,4.545454545454546,2,369.6652127406234,0,50,6,1,0,6
CNP0166398.4,-9.5,1.8726430282487625,5.173913043478261,3,581.632666564821,6,119,7,2,1,6
CNP0166474.1,-8.5,1.1904898320914743,4.078431372549019,2,1350.3759370991422,2,208,7,3,1,14
CNP0166545.1,-8.2,2.0500358132016467,5.4,3,618.761871865839,5,135,6,0,4,3
CNP0166561.2,-8.3,1.9595468355547097,4.705882352941177,3,957.4331341121768,5,160,10,3,1,9
CNP0166576.2,-9.9,1.0181220926701138,5.75,8,2901.818124056018,4,345,6,8,2,15
CNP0166576.3,-10.0,1.0181220926701138,5.75,8,2901.818124056018,4,345,6,8,2,15
CNP0166667.0,-6.0,3.281405999263983,3.0,0,244.9804499913461,0,39,0,0,2,0
CNP0166697.3,-8.5,1.5888793790690643,5.0606060606060606,2,1249.3011501398355,5,167,6,7,0,11
CNP0166762.1,-11.1,1.3102081518812907,5.0227272727272725,2,1555.6070246206623,10,221,6,11,0,17
CNP0166808.1,-10.6,1.389261115869521,6.194444444444445,7,986.640046194434,11,223,6,0,6,4
CNP0166815.3,-8.0,1.5341106113112093,6.260869565217392,5,567.234094566873,7,144,6,1,4,3
CNP0166848.4,-10.5,1.3494411710459833,5.475,5,1467.763027732433,7,219,6,3,0,10
CNP0166882.1,-8.2,1.664964158649755,5.0,3,1344.4121658548963,3,195,6,3,1,11
CNP0166950.1,-10.2,1.3363900269967377,5.805555555555555,5,889.0767252552891,10,209,6,2,6,4
CNP0166992.0,-8.69,1.0424914477411424,4.0,2,714.5604877462652,0,112,6,0,0,4
CNP0166994.1,-7.682,1.9253072490183647,4.222222222222222,0,426.6799488904812,3,76,6,1,0,4
CNP0167077.3,-7.9,1.8561068858971008,5.333333333333333,3,518.883149634796,4,112,6,0,2,4
CNP0167155.2,-8.177,1.48138255334167,5.047619047619048,2,558.1889025758487,3,106,6,0,2,2
CNP0167274.0,-6.2,3.8210658396361423,3.0625,0,418.39342227121256,0,98,0,0,0,4
CNP0167335.1,-8.9,1.4111982517756505,4.615384615384615,6,2595.600512814094,12,360,16,12,3,14
CNP0167448.1,-9.3,1.439596370640802,4.827586206896552,3,1013.3572360788496,2,140,6,2,0,7
CNP0167475.1,-8.9,1.669841156737372,5.64,4,610.3935898158832,7,141,6,1,3,3
CNP0167609.1,-7.597,2.3999019130816186,3.625,0,472.915563496108,6,116,6,5,0,8
CNP0167640.1,-9.3,0.7810812979636068,5.349206349206349,10,3228.053459523693,4,337,6,1,3,15
CNP0167649.1,-11.5,1.456373541544162,5.875,5,888.5076677282273,8,188,6,0,4,2
CNP0167696.1,-8.4,2.3410830119866217,4.176470588235294,2,896.7868506714141,4,142,15,3,0,8
CNP0167794.2,-7.6,2.4336444726775266,5.111111111111111,2,391.033119607056,4,92,6,2,2,3
CNP0167976.2,-7.523,1.874660505641169,4.4,2,490.0485079143074,1,66,6,3,0,4
CNP0167996.1,-8.7,1.387877629257588,5.151515151515151,4,1132.261057964945,3,170,6,1,1,8
CNP0168083.1,-9.4,1.874856145557756,5.029411764705882,3,1252.9357703191954,2,171,6,5,1,11
CNP0168117.1,-9.5,1.804013300103696,5.0344827586206895,2,718.6829631586907,7,146,6,5,2,8
CNP0168135.2,-9.8,1.349296696615595,5.0227272727272725,2,1349.9048327416306,12,221,6,11,0,17
CNP0168278.1,-10.1,1.2850401354142824,4.872340425531915,2,1743.3918344178944,10,229,6,10,0,20
CNP0168278.3,-10.2,1.2850401354142824,4.872340425531915,2,1743.3918344178944,10,229,6,10,0,20
CNP0168325.3,-7.6,1.763135485611695,6.2105263157894735,4,498.3740424909709,7,118,7,1,2,4
CNP0168330.2,-10.2,1.530995671461724,4.388888888888889,4,1736.2320999862825,6,237,13,4,0,8
CNP0168406.1,-10.3,1.1994743482039605,5.219512195121951,4,1955.7976175895576,1,214,6,7,0,11
CNP0168438.1,-10.0,1.7577424548113778,6.333333333333333,5,1156.9021585338023,6,209,6,1,5,8
CNP0168463.5,-8.1,1.7064566572667068,5.535714285714286,4,632.4822225875197,7,155,6,0,4,5
CNP0168463.7,-8.5,1.7064566572667068,5.535714285714286,4,632.4822225875197,7,155,6,0,4,5
CNP0168487.2,-7.6,1.7610515351868892,5.761904761904762,5,514.1646100321798,5,121,6,1,1,4
CNP0168561.2,-8.5,1.3873714389273195,6.771428571428571,9,1062.129987337622,15,237,6,3,4,8
CNP0168700.2,-6.8,2.031406470119094,5.764705882352941,3,324.88350936712794,4,98,6,1,3,2
CNP0168704.2,-6.9,2.110587301586026,4.75,2,363.6312411697188,3,76,6,0,1,1
CNP0168735.1,-7.0,1.9049566969018552,5.0,3,833.3213357990969,1,110,6,2,0,4
CNP0168752.3,-8.5,1.3525185004049622,4.891891891891892,2,1134.722055210979,4,181,6,0,2,6
CNP0168889.1,-9.0,1.4893812123094765,5.0,3,1062.2412406749145,2,140,6,2,0,8
CNP0168918.2,-7.2,2.099950634053476,5.941176470588236,3,457.5422782715085,3,101,6,0,3,2
CNP0169096.1,-9.1,1.061982835679691,5.963636363636364,6,1492.447436618623,21,328,6,8,7,13
CNP0169186.2,-11.0,1.0651214293805569,5.582089552238806,5,1899.3592004812588,25,374,6,11,6,19
CNP0169201.0,-9.2,1.813693404458344,5.04,2,1041.6516262043842,0,126,6,5,0,8
CNP0169206.0,-8.777,1.4487625005728983,4.78125,2,1125.6703583586582,1,153,6,2,0,9
CNP0169214.0,-10.5,1.3954945691051386,5.161290322580645,3,1409.3689963756735,1,160,6,3,0,8
CNP0169234.0,-8.6,1.6301997161915012,4.666666666666667,2,926.4899196814532,0,112,6,1,0,5
CNP0169282.0,-8.9,1.8745954771912023,5.136363636363637,3,955.8957670208362,0,113,6,3,0,7
CNP0169328.3,-10.3,1.8933124434603164,4.4,0,1549.3375229987016,18,264,18,6,1,15
CNP0169416.6,-10.1,1.480427522752987,5.258064516129032,4,788.5586605186093,8,163,6,0,2,2
CNP0169613.1,-9.7,1.5697295865225402,6.21875,5,848.5195367503026,7,199,6,1,7,1
CNP0169806.1,-5.8,4.056420095285913,3.113207547169812,0,1141.110364519824,2,165,0,2,0,10
CNP0169849.1,-9.0,1.5224520403441804,4.666666666666667,0,796.7431896575763,1,112,6,1,0,7
CNP0169856.1,-9.9,1.559071032936066,5.529411764705882,4,897.4814043307388,7,188,6,2,5,4
CNP0169884.1,-9.7,1.5723688842475865,5.5,3,988.9166671382496,4,132,6,3,0,10
CNP0169887.1,-8.6,1.3346523857844392,4.658536585365853,0,790.0852483968841,16,191,6,2,0,13
CNP0169909.1,-8.031,1.6571457570664243,5.878787878787879,4,1049.3488594120197,9,194,7,0,4,7
CNP0169910.1,-8.6,1.5946875523583874,4.741935483870968,3,1230.8002996068176,1,147,6,2,0,7
CNP0169932.3,-8.3,1.83992246574286,5.0,2,698.06005516465,2,110,6,2,1,5
CNP0169937.0,-8.1,1.8785535150304429,5.65625,4,893.8979502054008,8,181,6,3,4,9
CNP0169973.2,-5.5,3.034825337156108,2.870967741935484,0,525.5953824683743,1,89,0,1,0,1
CNP0169986.0,-10.11,1.3814483318688855,5.608695652173913,5,1154.3139843248982,0,129,6,2,0,5
CNP0170091.1,-9.9,1.5121964122505571,4.074074074074074,0,1614.8240430799226,8,220,6,6,2,8
CNP0170091.2,-10.8,1.5121964122505571,4.074074074074074,0,1614.8240430799226,8,220,6,6,2,8
CNP0170095.1,-9.4,1.5325962551061147,4.653846153846154,3,1068.7411057086915,1,121,6,2,0,7
CNP0170129.2,-10.8,1.5239589344327058,5.451612903225806,4,740.539602790189,10,169,6,3,3,3
CNP0170129.8,-10.9,1.5239589344327058,5.451612903225806,4,740.539602790189,10,169,6,3,3,3
CNP0170168.1,-9.6,1.2686606618380432,5.4,4,810.4550392133975,6,162,6,0,2,3
CNP0170218.2,-9.3,1.4734374368640013,4.674418604651163,2,1544.4840716479491,6,201,6,7,1,15
CNP0170296.5,-8.7,1.3939481307665955,6.0,6,1056.8530563999657,11,228,7,3,5,8
CNP0170308.1,-9.1,1.955944986059469,5.0,2,739.9781853345931,6,150,6,0,3,6
CNP0170309.1,-11.8,0.9561925710592176,5.363636363636363,4,1467.1682366040798,20,295,6,9,2,15
CNP0170475.1,-9.5,1.0129822862435165,5.157894736842105,4,2013.1735320113264,30,392,6,12,2,23
CNP0170498.1,-9.2,1.7515391521951442,6.125,6,883.2249909523573,10,196,6,3,4,8
CNP0170529.2,-7.2,2.107982841092743,6.25,3,405.65801413712745,4,100,5,0,2,1
CNP0170552.1,-11.8,1.1765395789613222,5.534883720930233,8,1625.194585962167,6,238,13,3,2,7
CNP0170612.1,-11.4,0.9106571457585644,5.5,5,2093.6942726134835,28,418,6,13,6,22
CNP0170655.2,-10.7,1.9201895091792875,4.425531914893617,0,1475.2177294060316,6,208,15,4,1,14
CNP0170664.4,-8.6,2.064998404611799,5.894736842105263,3,431.86151141228953,6,112,6,2,3,4
CNP0170749.1,-9.3,2.255544535724505,4.395061728395062,2,2413.440214523176,10,356,30,4,0,23
CNP0170762.3,-8.1,1.637205611607376,5.444444444444445,4,401.2977821135464,3,98,6,0,0,3
CNP0170839.2,-8.1,1.7532936911324462,5.368421052631579,4,1156.7232327738016,9,204,6,2,3,7
CNP0170951.0,-6.3,3.5228374104491067,3.04,0,374.09233896986063,0,76,0,0,0,4
CNP0171094.1,-10.0,1.1461201777137633,5.672131147540983,5,1686.7855561982196,21,346,6,7,7,16
CNP0171154.2,-10.9,1.2391608223227253,5.516129032258065,4,865.7924487717066,8,171,6,1,3,4
CNP0171209.4,-6.9,3.4816494921457104,3.022727272727273,0,751.6119345709664,1,133,0,1,0,5
CNP0171250.2,-5.1,4.0137374978541,3.555555555555556,0,76.30376252379817,2,32,0,3,1,3
CNP0171277.1,-9.2,1.6901864360733596,4.166666666666667,0,651.6173657495359,2,125,6,3,1,9
CNP0171390.1,-13.4,1.0392903229768995,5.679245283018868,5,1432.5885026704077,18,301,6,8,6,13
CNP0171436.0,-4.0,2.1399633186493645,3.4285714285714284,0,170.46026610957048,0,24,5,0,0,2
CNP0171453.0,-8.5,1.781661914051089,4.916666666666667,2,988.3761088078836,0,118,6,3,0,7
CNP0171505.20,-9.6,1.5834334369495138,5.03125,2,1234.6234916612864,5,161,6,7,0,11
CNP0171512.2,-8.6,1.5651422906769312,4.242424242424242,0,975.7515561272788,1,140,6,0,0,5
CNP0171527.1,-11.3,1.004245167045583,5.32,4,1943.186025128004,29,399,6,14,5,22
CNP0171527.2,-11.6,1.004245167045583,5.32,4,1943.186025128004,29,399,6,14,5,22
CNP0171575.1,-8.6,1.9107004186975127,5.5,3,529.9317861966516,6,132,6,1,4,3
CNP0171588.1,-8.6,2.279998967348148,3.794117647058824,0,886.5174128870582,2,129,6,2,1,5
CNP0171599.1,-7.9,2.8640822529413,3.6857142857142855,0,672.1275837174202,5,129,13,5,0,9
CNP0171608.11,-8.6,1.9477619623122824,4.487179487179487,2,1076.1510115094725,8,175,16,6,0,14
CNP0171608.3,-8.6,1.9477619623122824,4.487179487179487,2,1076.1510115094725,8,175,16,6,0,14
CNP0171608.4,-8.5,1.9477619623122824,4.487179487179487,2,1076.1510115094725,8,175,16,6,0,14
CNP0171626.1,-8.4,2.091152102546112,4.148148148148148,3,2219.4883381909244,14,336,28,16,0,31
CNP0171627.1,-7.928,1.6414393804572656,5.608695652173913,3,643.8538801975434,5,129,6,0,2,3
CNP0171676.14,-8.4,2.124947268713025,4.481481481481482,0,574.0614322857565,8,121,6,4,0,10
CNP0171690.3,-7.6,2.350686371536856,4.516129032258065,2,685.0639560674799,7,140,13,3,3,8
CNP0171700.2,-7.4,1.6017019464825222,5.088888888888889,4,1186.8022393227266,9,229,7,3,4,8
CNP0171736.1,-9.8,1.865685606794391,6.307692307692308,4,648.2126642573069,10,164,7,6,4,6
CNP0171743.2,-9.2,1.523155541964088,6.0,5,819.3593520897517,11,198,6,2,5,3
CNP0171823.3,-11.9,1.2639739694819028,5.76595744680851,4,1205.8034776837508,17,271,6,7,6,11
CNP0171826.3,-7.9,2.086239276169646,4.608695652173913,2,514.9798276470984,3,106,6,2,2,3
CNP0171846.1,-10.0,1.94849708548108,4.739130434782608,4,1550.51958909107,9,218,23,7,0,11
CNP0171853.1,-9.0,1.4291921844013775,4.8125,3,925.3371795418796,4,154,7,2,0,10
CNP0171860.1,-10.1,1.253059525883585,5.176470588235294,4,1074.8945299944162,6,176,6,6,0,10
CNP0171944.2,-7.9,1.8064933821613007,4.769230769230769,3,1028.5548347499202,3,124,6,6,0,10
CNP0171971.1,-7.8,1.887125237466632,4.791666666666667,2,518.9372841995311,4,115,5,1,4,3
CNP0171975.1,-9.7,1.4935583446980338,6.5625,5,1027.0776276269305,9,210,6,1,6,7
CNP0171995.1,-10.2,0.8899151405631365,6.079545454545454,17,3562.5651952645026,24,535,20,7,7,10
CNP0172035.2,-9.9,1.1147921944962362,4.98,4,1557.2566461942183,9,249,6,5,3,12
CNP0172035.4,-10.4,1.1147921944962362,4.98,4,1557.2566461942183,9,249,6,5,3,12
CNP0172055.1,-11.5,1.039841853255259,5.147058823529412,4,1423.48712474625,4,175,6,2,0,11
CNP0172068.4,-8.595,1.4577828342726138,5.045454545454546,2,599.6112402283368,3,111,6,1,2,3
CNP0172135.1,-9.807,1.3154049194482211,6.172413793103448,5,875.007255107526,10,179,6,2,3,5
CNP0172186.12,-10.91,1.2996044372805386,6.0,6,875.707326531081,10,186,6,2,2,4
CNP0172219.2,-8.886,1.6738935898437302,5.458333333333333,4,841.1948638276876,2,131,6,1,1,4
CNP0172260.3,-9.5,1.4506167158171337,4.783783783783784,3,1199.3136039343676,4,177,6,3,1,9
CNP0172279.1,-6.6,2.190178409782173,4.565217391304348,2,746.5673821002089,1,105,6,1,1,6
CNP0172346.0,-4.4,2.758149818433293,2.5384615384615383,0,122.0,0,33,0,0,0,0
CNP0172388.0,-7.5,1.767393489808048,5.066666666666666,3,654.83047868051,0,76,6,1,0,3
CNP0172403.1,-9.133,1.5799069688450096,6.096774193548387,5,766.373367753738,10,189,6,1,5,1
CNP0172416.0,-5.2,2.930960289426317,2.75,0,218.07820003461552,0,66,0,0,0,0
CNP0172467.2,-8.1,2.16249811498249,4.823529411764706,2,333.81352124478593,4,82,6,1,1,2
CNP0172476.1,-8.3,2.104053645419938,4.064516129032258,3,2744.781856710985,13,378,31,15,0,33
CNP0172482.2,-8.7,1.6981308031905735,5.1891891891891895,3,1078.3835784480573,7,192,6,2,4,9
CNP0172530.2,-9.8,1.587272911962916,5.514285714285714,4,883.6679724537473,8,193,6,4,5,5
CNP0172559.1,-9.5,1.5117375296551,4.253521126760563,4,2247.987327214312,13,302,25,1,0,20
CNP0172596.2,-9.0,1.4574913215068797,6.375,5,1040.7266945438594,9,204,7,1,5,6
CNP0172744.4,-9.0,1.6113197467420717,6.32,5,700.2000821968811,7,158,6,0,4,5
CNP0172750.0,-6.9,1.9143281989168068,5.235294117647059,3,497.5488519226666,3,89,6,2,1,4
CNP0172776.1,-9.4,1.7847674828981703,5.153846153846154,3,664.2985111742651,5,134,6,1,3,4
CNP0172778.1,-9.464,1.0606463976487046,5.590909090909091,5,1863.6087932044773,24,369,6,10,6,18
CNP0172879.2,-7.473,1.7313413147478425,5.208333333333333,3,1523.888936151723,10,250,6,3,4,12
CNP0172894.1,-9.0,1.89260264402466,6.08,4,725.425962167285,9,152,6,2,2,6
CNP0172966.0,-7.8,2.553844592840337,3.7142857142857135,0,681.4158255007387,0,78,6,2,0,7
CNP0172992.1,-11.5,0.7751128378917874,5.428571428571429,5,2748.473876381384,38,532,6,21,6,34
CNP0173073.1,-9.7,0.9085990003860184,5.481012658227848,5,2219.7839563935604,29,433,6,15,6,25
CNP0173096.2,-9.1,1.8604125532807567,5.115384615384615,2,737.2412074226377,3,133,6,1,2,4
CNP0173119.1,-7.5,1.8629854130350365,5.157894736842105,3,437.42652819998335,4,98,6,0,1,4
CNP0173140.1,-9.7,2.244080871634318,4.052631578947368,0,1038.8987051498527,5,154,13,6,0,11
CNP0173184.2,-10.3,1.3353180598983403,5.071428571428571,3,1490.1423003576915,10,213,6,7,0,15
CNP0173199.0,-5.1,2.7964218719764773,2.5454545454545454,0,101.5102929745152,0,28,0,2,0,3
CNP0173221.0,-10.1,0.7808146867204453,5.361111111111111,5,3043.0048525829006,42,579,6,22,6,37
CNP0173292.3,-7.9,1.9396963140799768,5.961538461538462,4,727.8130509522662,7,155,6,3,3,6
CNP0173310.3,-8.777,1.0191165426665527,5.457831325301205,5,2424.5535102573563,30,453,6,14,6,26
CNP0173379.0,-13.3,0.932580003738795,5.7384615384615385,6,1781.3349106765004,26,373,6,9,6,17
CNP0173380.0,-9.1,1.5785057974256775,4.066666666666666,3,799.8608719911176,0,122,20,3,0,4
CNP0173434.1,-8.0,1.8388595453547896,4.0,0,919.3487065911534,1,120,6,4,0,8
CNP0173486.2,-8.0,1.5473035652461784,4.444444444444445,2,648.3591488448694,3,120,6,1,1,7
CNP0173504.1,-7.2,1.7565819861471716,3.333333333333333,0,587.1931658236463,3,130,5,2,0,4
CNP0173544.1,-7.0,2.142169826661281,4.647058823529412,2,412.63775695811705,2,79,7,0,1,2
CNP0173572.2,-7.1,3.806270761003357,3.208333333333333,0,704.4345882757452,5,154,0,6,0,7
CNP0173607.0,-7.2,4.904001822273821,3.4444444444444446,0,511.6520979225015,3,93,0,6,0,10
CNP0173608.1,-11.42,1.3356317761161252,4.913043478260869,2,1602.0221371422506,10,226,6,9,0,17
CNP0173641.1,-8.7,1.367584875635798,5.291666666666667,3,1398.3867226774828,9,254,6,3,5,7
CNP0173670.1,-10.3,1.2694685934850796,4.607142857142857,0,941.9897167169504,2,129,6,2,0,8
CNP0173735.1,-8.7,1.2217305932997913,5.557692307692308,7,1681.485093078479,12,289,10,2,5,8
CNP0173758.1,-9.3,1.1809311091218702,4.076923076923077,2,1426.2982421501404,2,212,7,3,1,14
CNP0173785.0,-10.2,1.4895857502584966,5.214285714285714,3,965.1634271863562,3,146,6,5,1,8
CNP0173811.4,-9.5,1.415947742395034,6.315789473684211,6,1268.226653935326,10,240,6,0,5,10
CNP0173818.1,-8.5,1.159051941947843,6.220338983050848,11,2245.5952092380294,12,367,7,2,6,13
CNP0173818.3,-8.6,1.159051941947843,6.220338983050848,11,2245.5952092380294,12,367,7,2,6,13
CNP0173851.1,-10.7,1.095787058479536,5.03125,2,2136.84183737227,19,322,6,14,0,25
CNP0173960.1,-10.0,0.7553301421854582,6.488372093023256,18,3355.9870598509688,22,558,8,9,9,15
CNP0173988.2,-8.3,1.844994680818929,5.17948717948718,2,1251.181228104591,7,202,6,0,3,8
CNP0174004.2,-8.5,1.351558531921354,4.848484848484849,3,1026.0319786276843,1,160,6,1,2,4
CNP0174008.1,-7.625,1.963305179270316,5.666666666666667,3,566.2938867463956,2,102,6,1,2,3
CNP0174011.0,-6.5,1.7275750177733915,3.227272727272727,0,431.2882100028293,0,71,6,1,0,1
CNP0174049.5,-7.732,2.154814078870226,4.739130434782608,2,520.9798276470984,5,109,6,1,2,3
CNP0174105.1,-7.2,2.0071373233111167,5.5,3,561.2840214350157,5,132,10,3,2,7
CNP0174156.4,-10.55,1.4854294408895723,5.7727272727272725,5,1712.429416938695,8,254,6,11,3,19
CNP0174168.3,-10.5,1.5256995180176574,5.323529411764706,4,988.4800054813578,8,181,6,1,2,5
CNP0174213.1,-10.9,1.477776045108912,5.0285714285714285,2,1315.1734632486352,5,176,6,8,0,13
CNP0174237.1,-10.1,1.5704769567395296,5.323529411764706,4,795.7658394742706,12,181,7,4,2,6
CNP0174299.3,-9.7,1.464184747353369,5.384615384615385,4,1364.2536198015423,7,210,6,5,1,11
CNP0174494.0,-10.4,1.2504701888655692,5.0,3,1485.502549124177,0,180,6,8,0,12
CNP0174505.2,-9.7,1.4474228158133235,5.233333333333333,4,713.875224192228,8,157,6,0,2,1
CNP0174548.1,-7.1,1.5164302199621464,4.047619047619048,2,375.9302306282103,3,85,5,3,0,6
CNP0174609.0,-12.1,0.9457012600918696,6.627906976744186,11,1618.971903611966,12,285,6,3,2,6
CNP0174690.1,-7.7,1.2805349180264591,4.535211267605634,0,1536.9914522400456,26,322,6,12,0,24
CNP0174732.1,-5.3,2.413324848196347,3.888888888888889,0,87.05865002596163,3,35,6,3,0,3
CNP0174775.2,-8.1,2.161241024151596,4.777777777777778,2,472.87221250007366,1,86,6,3,1,3
CNP0174784.0,-9.8,1.1501462794064783,4.5,2,1683.918345060026,13,270,6,10,1,13
CNP0174859.14,-8.9,1.46025795751682,5.25,4,591.0697059458731,8,147,6,1,2,1
CNP0174859.21,-9.6,1.46025795751682,5.25,4,591.0697059458731,8,147,6,1,2,1
CNP0174878.1,-6.7,2.030188985908405,4.666666666666667,2,282.41343573651113,2,70,9,0,1,0
CNP0174885.6,-9.6,1.327830727487078,4.977777777777778,2,1572.8996796613023,10,224,6,10,0,17
CNP0174924.1,-9.1,1.2430779072461544,5.066666666666666,4,867.0070560569116,4,152,6,1,0,6
CNP0174932.0,-5.6,1.9026501316500903,3.333333333333333,0,177.37476639378804,1,50,6,0,0,2
CNP0174943.1,-5.9,3.1516006691081824,2.9130434782608696,0,352.853070297105,1,67,0,1,0,2
CNP0175028.1,-9.0,1.5008051296736142,4.583333333333333,0,913.975046822101,10,165,6,3,0,9
CNP0175095.1,-11.2,1.1168228161533604,5.478260869565218,4,1356.4696035766235,12,252,6,3,4,10
CNP0175125.1,-8.3,1.865193447777323,4.444444444444445,0,722.6603800570749,2,120,6,0,1,4
CNP0175205.4,-9.7,1.6905087746710863,5.791666666666667,5,596.4462688062342,6,139,6,1,3,4
CNP0175219.1,-7.8,1.9362334519498448,4.729166666666667,2,1401.2774951555616,10,227,6,5,3,15
CNP0175307.5,-10.03,1.2726106636561167,5.464285714285714,4,756.5546401950282,7,153,6,1,2,2
CNP0175320.0,-4.9,2.077860755461056,3.333333333333333,0,179.01894049376423,0,30,6,0,0,1
CNP0175345.1,-10.2,1.0012797626748196,5.045454545454546,9,2759.161339919366,6,333,19,7,0,10
CNP0175379.5,-9.4,1.4760162558493417,5.965517241379311,4,777.3297488650616,8,173,6,3,4,6
CNP0175396.1,-9.9,1.3683830661481295,4.454545454545454,3,2566.8288901251367,9,343,27,9,0,21
CNP0175399.1,-8.9,0.9808998114106792,5.493670886075949,5,2224.630401993593,30,434,6,12,6,24
CNP0175424.2,-8.6,2.0168396938827566,4.705882352941177,3,991.7127138483128,5,160,10,0,2,10
CNP0175488.3,-8.3,1.4993547914879737,5.521739130434782,4,481.278458029483,5,127,6,2,1,3
CNP0175504.2,-8.1,1.9980750330475567,5.55,3,516.3569145468806,6,111,7,3,2,5
CNP0175573.0,-8.3,1.4367099074530951,4.193548387096774,0,777.519750451303,5,130,6,5,0,7
CNP0175592.1,-8.5,1.8860336933744128,4.625,3,752.5925167374514,1,111,12,1,0,3
CNP0175680.1,-7.8,1.8454068188436967,5.148148148148148,3,607.7930898594317,6,139,6,3,3,6
CNP0175708.2,-10.5,1.2306506412611145,4.982456140350878,2,1960.3027901461007,15,284,6,11,0,19
CNP0175721.2,-8.6,1.6233703479412476,4.430769230769231,3,1755.5005702359906,15,288,29,3,1,14
CNP0175721.7,-11.1,1.6233703479412476,4.430769230769231,3,1755.5005702359906,15,288,29,3,1,14
CNP0175820.2,-7.5,2.344394715182989,3.6666666666666665,0,503.3456478463475,2,77,6,4,0,7
CNP0175947.1,-10.3,1.31247650882688,5.095238095238095,3,1390.901964827861,9,214,6,7,0,14
CNP0176048.1,-6.9,4.05642009528591,3.113207547169812,0,969.935381683084,2,165,0,2,0,10
CNP0176071.1,-7.8,1.6431423587066416,5.421052631578948,4,430.4648703464173,4,103,6,0,0,3
CNP0176115.1,-8.8,1.1538228235109556,5.382352941176471,7,2115.882370823585,18,366,13,8,4,13
CNP0176167.2,-9.4,1.977570079501188,6.1875,4,964.8015384665154,7,198,6,1,6,6
CNP0176189.2,-9.3,1.760858580278655,6.3478260869565215,4,592.6489897976311,6,146,6,1,5,2
CNP0176255.1,-11.0,1.3407409260233536,5.0,2,1570.8996796613033,10,225,6,10,0,17
CNP0176259.0,-10.1,1.4603634326315258,4.0,0,1301.830997316743,0,160,6,0,2,0
CNP0176279.2,-11.0,1.0546753151939647,5.184210526315789,5,1927.4998194363568,1,197,6,1,0,8
CNP0176376.3,-8.2,1.7413237517941715,4.863636363636363,2,739.4110445205903,2,107,6,3,0,6
CNP0176392.0,-8.2,1.995903941293428,3.975,0,1123.7842642200428,2,159,6,1,0,9
CNP0176563.5,-11.2,1.2352971994083113,6.6,6,986.4675661135916,11,231,6,0,7,4
CNP0176598.2,-8.1,1.83155152206808,5.5588235294117645,4,853.4590223047624,11,189,6,1,4,5
CNP0176601.2,-10.1,1.5379225862393608,5.515151515151516,4,814.3599523488749,7,182,6,1,4,1
CNP0176607.1,-10.5,1.1329268153031653,5.0,7,2326.7766705105905,6,300,16,6,1,11
CNP0176652.0,-10.0,1.3499596833778982,4.931818181818182,2,1941.170424742138,0,217,6,5,0,10
CNP0176667.1,-9.5,1.8074814731314648,4.45945945945946,3,1096.0016440023076,5,165,19,3,1,9
CNP0176743.1,-8.9,1.8471632806982043,4.388888888888889,0,699.4008071793406,8,158,5,4,4,6
CNP0176747.2,-6.8,2.226743293929092,3.7058823529411766,0,281.9467971098485,2,63,5,0,0,3
CNP0176777.1,-7.2,2.223019800311116,4.869565217391305,2,454.5580266049798,5,112,6,2,3,3
CNP0176793.3,-7.1,2.6182525986121417,3.823529411764706,0,296.53390560678736,3,65,10,2,1,2
CNP0176795.0,-8.8,1.444242311445783,4.928571428571429,3,1118.740334868217,0,138,6,1,0,6
CNP0176856.1,-6.5,3.451696942311247,3.020833333333333,0,853.238797480284,1,145,0,1,0,5
CNP0176891.1,-7.6,2.0586986968466583,5.882352941176471,3,382.3830584236704,4,100,6,2,2,2
CNP0176899.0,-7.297,3.583143402482294,3.1666666666666665,0,654.1518798246972,0,95,0,0,0,0
CNP0176913.2,-10.0,1.4875871167771022,4.555555555555555,0,862.9311273923923,7,164,6,5,2,10
CNP0176940.1,-9.7,1.3114646067771898,5.755102040816326,5,1417.8332415302798,15,282,6,6,6,12
CNP0176995.1,-5.6,2.217117580015316,5.181818181818182,2,197.0494580761777,3,57,6,0,1,1
CNP0177018.2,-11.9,1.040929380483023,5.254545454545455,4,1836.016091911772,12,289,6,5,1,15
CNP0177035.2,-7.0,2.087804653065028,3.523809523809524,0,337.47551632794904,2,74,6,1,0,2
CNP0177054.1,-8.1,2.3556421952153075,4.689655172413793,2,632.7346126020442,6,136,6,2,3,4
CNP0177081.1,-8.2,1.835814551567616,5.456521739130435,5,1446.8550839925515,11,251,7,0,4,13
CNP0177179.2,-9.0,1.85482167060516,5.333333333333333,3,464.4588728849873,5,112,6,1,3,1
CNP0177189.1,-7.7,1.951222050019611,5.315789473684211,3,478.5372462613826,4,101,7,0,1,4
CNP0177205.3,-7.9,1.7997199334481584,3.475,0,547.0084758531923,7,139,6,6,0,8
CNP0177332.1,-11.2,1.2597050175437663,5.7560975609756095,5,1319.4129113109943,7,236,6,1,6,4
CNP0177349.10,-8.4,1.4502307100303231,5.071428571428571,2,1471.1171304338643,10,213,6,10,0,15
CNP0177532.2,-10.6,1.6411062051657732,4.764705882352941,0,752.1670334718094,10,162,6,7,1,12
CNP0177575.1,-5.6,2.157993926234953,5.0,2,202.91831683475925,2,55,6,0,1,1
CNP0177707.5,-8.6,1.7894710570201218,5.0,2,607.9110523980206,11,140,6,6,0,11
CNP0177732.1,-9.6,1.1461168093202956,4.456521739130435,2,1822.6625094323697,1,205,6,4,0,6
CNP0177776.0,-8.7,1.5748341379886486,4.592592592592593,3,1033.63764512829,0,124,6,2,0,3
CNP0177785.2,-7.8,1.950432709756432,5.473684210526316,3,453.0619273347161,5,104,7,2,2,4
CNP0177868.2,-9.356,1.4785361508445276,5.208333333333333,4,802.4391765542465,1,125,6,2,0,5
CNP0177922.1,-10.3,1.4999812119085387,5.7368421052631575,4,1150.1667730655806,10,218,6,6,6,8
CNP0177926.2,-8.9,1.930218042855809,4.239130434782608,0,1475.9918351986123,4,195,19,4,0,12
CNP0177987.1,-11.1,0.7352387501344579,6.467391304347826,19,3563.36928435912,20,595,8,9,11,15
CNP0178002.0,-9.0,1.398152680404976,4.758620689655173,2,1197.6491180899625,0,138,6,1,0,4
CNP0178067.2,-6.6,2.322987644919583,4.944444444444445,2,334.6304154673283,6,89,6,2,1,3
CNP0178124.1,-10.4,1.4744712218913554,6.5,6,1155.5911328956863,8,234,6,0,8,6
CNP0178144.3,-9.9,1.5541502105969247,6.0625,5,824.6882285417905,9,194,6,2,6,2
CNP0178144.4,-10.6,1.5541502105969247,6.0625,5,824.6882285417905,9,194,6,2,6,2
CNP0178158.1,-7.9,1.7443114259093524,5.241935483870968,5,2165.006806207062,13,325,14,2,5,21
CNP0178198.1,-8.7,1.598425499230845,5.066666666666666,0,963.8547215522578,17,228,6,14,3,21
CNP0178277.2,-9.8,1.2390992414733932,5.566666666666666,6,993.4103390895328,4,167,6,0,0,6
CNP0178323.1,-12.2,1.1803169490172687,5.675675675675675,4,994.3910718120824,12,210,6,3,3,8
CNP0178344.2,-9.1,1.715419531472446,4.916666666666667,2,456.2256804488821,10,118,6,6,0,9
CNP0178358.1,-9.2,1.5266988626934657,4.378378378378378,0,1201.5036684263698,4,162,6,5,1,11
CNP0178411.1,-8.1,1.336037640329223,4.72,6,4338.719043936812,9,472,6,0,0,29
CNP0178442.4,-11.0,1.0185422138774003,4.963636363636364,3,1702.2199002404104,15,273,6,8,1,19
CNP0178442.5,-11.3,1.0185422138774003,4.963636363636364,3,1702.2199002404104,15,273,6,8,1,19
CNP0178504.2,-5.4,3.129198707963381,2.909090909090909,0,240.83479484116512,1,64,0,1,0,3
CNP0178540.3,-9.2,1.753672057942922,4.340425531914893,2,1395.1793718581089,7,204,6,8,0,18
CNP0178556.0,-6.5,2.322406940955946,3.7142857142857135,0,408.0652853109109,0,52,6,2,0,2
CNP0178742.4,-8.6,2.2830947368132346,4.972222222222222,3,1018.8850375492514,9,179,10,1,2,10
CNP0178777.3,-7.9,1.462871300634137,5.880952380952381,6,1287.6411421921373,12,247,7,3,5,10
CNP0178914.1,-10.0,1.353884038517323,5.9,5,751.4625393705459,9,177,6,0,4,1
CNP0178919.0,-7.4,1.7412113147558526,4.933333333333334,3,640.957112138695,0,74,6,1,0,1
CNP0178953.1,-8.958,1.3305520594438656,4.914893617021277,2,1673.0874745082194,10,231,6,10,0,18
CNP0178989.2,-6.6,2.244628794264042,4.722222222222222,2,335.9886619036196,4,85,6,1,1,2
CNP0178989.4,-6.8,2.244628794264042,4.722222222222222,2,335.9886619036196,4,85,6,1,1,2
CNP0179006.0,-8.8,1.5406531837435944,5.380952380952381,4,998.5392940729766,0,113,6,1,0,3
CNP0179084.1,-7.9,1.526308713608509,4.333333333333333,4,2841.925712921338,15,403,34,15,0,31
CNP0179119.2,-7.5,2.0868940823485063,4.142857142857143,2,533.8368000129375,1,87,12,1,0,4
CNP0179180.2,-9.7,1.584019724873782,5.310344827586207,3,665.0665342507971,11,154,7,4,1,8
CNP0179223.1,-10.5,1.1426755952096856,5.3478260869565215,9,1822.3737937224384,2,246,18,1,0,9
CNP0179282.1,-11.6,0.7526935641243421,5.412371134020619,5,2649.119004607607,39,525,6,19,6,32
CNP0179285.2,-8.0,2.239440201892428,4.857142857142857,2,440.7547674940225,4,102,6,1,3,1
CNP0179322.1,-11.4,0.7939878006901431,5.510416666666667,5,2803.9600079822326,38,529,6,19,7,33
CNP0179328.2,-6.8,3.2744939722310544,2.958333333333333,0,458.259307023941,2,71,0,3,0,4
CNP0179381.2,-9.4,1.6962204999918635,5.409090909090909,5,1394.4033905591457,10,238,15,3,4,14
CNP0179397.2,-9.2,1.5862552994437156,5.472222222222222,4,848.8674072104012,9,197,6,3,6,6
CNP0179466.3,-10.6,1.6068159370163584,4.883720930232558,3,1172.80257392197,10,210,12,3,3,11
CNP0179488.0,-8.01,1.9426089339306143,4.966666666666667,3,1256.8859797417783,0,149,6,3,1,6
CNP0179497.1,-10.0,1.1816878982989507,5.0,3,959.9786419799954,1,145,6,0,0,6
CNP0179641.0,-8.2,3.523449879066648,3.107142857142857,0,709.3612456201888,0,87,0,1,0,1
CNP0179686.2,-8.9,1.5509763508478889,6.636363636363637,6,531.8002857699712,9,146,6,2,4,2
CNP0179723.1,-9.2,1.458542337166307,4.791666666666667,2,712.0290035528257,4,115,6,4,1,8
CNP0179769.1,-11.2,1.1926526476029906,4.5227272727272725,2,1359.6570037919453,5,199,6,3,5,4
CNP0179769.3,-8.8,1.1926526476029906,4.5227272727272725,2,1359.6570037919453,5,199,6,3,5,4
CNP0179776.6,-9.9,1.1379371243717604,5.943396226415095,5,1406.506277555936,20,315,6,8,7,13
CNP0179811.2,-8.7,1.3058267058321225,5.285714285714286,3,1120.92703798046,2,148,6,0,2,7
CNP0179859.2,-7.6,1.9635762285962624,5.434782608695652,3,549.0900403126911,4,125,6,1,4,3
CNP0179891.2,-9.3,1.62108060586211,5.821428571428571,5,967.0877226715572,3,163,6,1,2,6
CNP0180010.1,-8.1,2.1602006861490666,4.75,2,546.5824250718005,3,95,6,0,1,3
CNP0180063.0,-8.2,1.9200394192077448,4.787878787878788,3,1241.0269294285752,0,158,7,4,0,12
CNP0180072.0,-7.1,2.3624987773104213,4.863636363636363,2,537.1673869035592,4,107,6,1,2,5
CNP0180096.1,-8.9,1.666462147698639,4.9523809523809526,2,611.91187577881,5,104,6,2,0,8
CNP0180106.1,-10.5,1.4411163824769333,6.0,5,969.8746574778844,13,228,6,6,6,7
CNP0180249.1,-8.1,1.9539519462916752,4.163265306122449,0,1466.2494425686543,7,204,18,9,0,15
CNP0180284.2,-7.7,1.7814236410659905,4.133333333333334,0,984.4960380611868,1,124,6,3,0,9
CNP0180319.2,-9.6,1.568671407122043,6.454545454545454,5,517.8366336695183,8,142,6,1,4,2
CNP0180376.1,-8.1,2.0523118831914435,5.5,3,758.1039370616481,6,143,6,2,3,4
CNP0180393.1,-8.5,1.90754370319312,4.961538461538462,3,709.6538922443199,4,129,12,1,1,4
CNP0180439.3,-8.6,1.9155754188696863,6.0,4,748.508079877899,2,144,7,0,2,6
CNP0180503.1,-10.9,1.4116948095404052,6.0,6,1220.008392364278,2,180,6,0,1,5
CNP0180506.1,-9.2,1.6445110077861969,4.777777777777778,0,806.912390502957,3,129,6,4,1,7
CNP0180530.8,-8.2,2.178214826639994,3.774193548387097,0,1352.987500760614,10,234,6,9,5,11
CNP0180543.1,-8.4,1.913251996013232,4.217391304347826,0,556.2167241319304,2,97,6,2,0,6
CNP0180584.7,-7.1,1.5931265540605986,5.8125,4,331.3441142708954,3,93,5,1,2,1
CNP0180716.0,-5.3,1.9746437019429672,4.5,2,321.52041537417426,0,45,6,0,0,4
CNP0180725.1,-9.6,1.7279128000902786,4.875,2,564.7633216109801,8,117,6,6,0,8
CNP0180732.3,-7.0,1.877740169920332,5.866666666666666,3,303.1601712439863,6,88,5,0,1,0
CNP0180808.0,-7.5,1.800587731700313,4.333333333333333,2,585.4915586266353,1,78,6,1,0,4
CNP0180825.1,-9.3,1.6743627241137415,5.257142857142857,4,821.5644987717233,12,184,6,3,2,5
CNP0180850.1,-7.08,2.251424355151209,4.857142857142857,2,478.8551107903112,4,102,6,1,2,3
CNP0180893.3,-9.4,1.2474409944973066,5.0,2,1319.3038683813047,9,215,6,7,1,15
CNP0180933.7,-9.5,1.555801824133951,5.548387096774194,4,754.3733677537381,8,172,6,1,4,1
CNP0180937.1,-7.4,3.674847644266279,3.1666666666666665,0,714.5544287014591,4,133,0,4,0,5
CNP0180941.1,-7.2,2.0907633479042684,4.521739130434782,0,413.2329315566206,8,104,6,4,0,7
CNP0180941.4,-9.0,2.0907633479042684,4.521739130434782,0,413.2329315566206,8,104,6,4,0,7
CNP0180942.1,-7.9,2.102755354356354,4.181818181818182,2,526.025736756994,2,92,12,2,0,5
CNP0180959.1,-11.3,1.4445726600132478,5.0344827586206895,2,1106.2146414849512,4,146,6,5,0,8
CNP0181022.1,-7.3,1.8115966388944933,3.391304347826087,0,397.0978548819226,1,78,6,2,0,3
CNP0181032.4,-11.1,1.144947284169073,5.727272727272728,5,1614.0637740153047,17,315,6,7,7,14
CNP0181045.2,-9.5,1.3180087356014258,4.814814814814815,2,861.2881971592905,2,130,6,2,0,8
CNP0181184.1,-9.8,1.37005354041641,4.533333333333333,0,1317.190608659154,10,204,6,10,0,16
CNP0181186.1,-12.6,0.9259879878444792,5.5,5,1781.239232982603,25,363,6,11,5,18
CNP0181190.2,-7.6,1.8524679697918125,4.25,2,586.2165402035829,2,102,5,1,0,6
CNP0181246.0,-8.32,2.3765703128435067,5.073170731707317,3,1200.8876557073372,5,208,7,1,4,6
CNP0181254.0,-5.2,2.011567439049135,4.7,2,359.58718865792105,0,47,5,0,0,4
CNP0181286.1,-9.1,2.117822112997593,3.914285714285714,0,722.0093397297001,4,137,5,4,3,5
CNP0181286.3,-8.6,2.117822112997593,3.914285714285714,0,722.0093397297001,4,137,5,4,3,5
CNP0181334.0,-8.2,1.9935447014713856,3.6,0,1220.483129446581,0,144,6,0,1,0
CNP0181395.1,-9.5,1.9214198746408848,7.16,5,883.078736650805,5,179,6,3,4,8
CNP0181540.1,-7.596,2.2618181716170787,4.857142857142857,2,467.08389725460944,4,102,6,1,2,3
CNP0181600.2,-10.3,1.1344987012496863,5.688524590163935,5,1684.7855561982194,21,347,6,7,7,16
CNP0181640.1,-7.6,2.0586229608386115,4.407894736842105,3,2076.4754711927794,12,335,35,1,0,19
CNP0181697.1,-11.5,0.8969711952976579,5.609375,6,1679.1226155770264,26,359,6,11,4,19
CNP0181704.0,-8.9,1.6482419633884673,4.769230769230769,3,607.6428781609551,5,124,8,1,1,1
CNP0181732.1,-10.7,1.184495361438963,4.940298507462686,0,1507.4045251766004,30,331,6,20,0,31
CNP0181754.1,-9.176,1.3608973624304812,5.041666666666667,4,944.4447131925486,1,121,6,2,0,5
CNP0181827.3,-9.9,1.5197985492041135,6.090909090909091,5,864.6030229407055,11,201,6,2,5,3
CNP0181834.2,-9.5,1.4870822471225875,4.507246376811594,3,1570.776345799204,22,311,19,6,0,20
CNP0181838.1,-8.3,2.457083587613376,4.257142857142857,2,811.171515348588,7,149,15,5,0,12
CNP0181838.3,-8.0,2.457083587613376,4.257142857142857,2,811.171515348588,7,149,15,5,0,12
CNP0181991.0,-6.2,4.272531538344229,3.0434782608695654,0,1352.083712422717,0,210,0,0,0,6
CNP0182046.1,-9.227,1.4108343250798288,5.490196078431373,5,1487.2329696488423,16,280,6,6,3,16
CNP0182079.1,-8.3,1.943103805449221,4.5,2,510.1285270856943,3,108,6,0,2,1
CNP0182172.2,-7.573,2.249220706668537,4.307692307692308,2,667.7888912043924,3,112,10,2,0,6
CNP0182185.2,-8.548,1.2922741276414345,5.0588235294117645,5,1096.2990758565566,3,172,6,1,0,6
CNP0182200.1,-9.1,1.9081758851184896,6.16,4,706.8750738452063,8,154,7,4,3,5
CNP0182200.4,-8.3,1.9081758851184896,6.16,4,706.8750738452063,8,154,7,4,3,5
CNP0182319.1,-10.8,0.8930578942027481,5.208955223880597,4,1899.5914415670973,22,349,6,5,3,17
CNP0182338.4,-7.4,3.908382438618651,3.767123287671233,0,1803.646118356284,8,275,25,9,0,20
CNP0182498.1,-8.8,1.0771450635326307,5.553846153846154,5,1897.1762690816224,21,361,6,10,6,16
CNP0182498.2,-9.0,1.0771450635326307,5.553846153846154,5,1897.1762690816224,21,361,6,10,6,16
CNP0182507.4,-7.0,1.6597508493186814,4.631578947368421,3,323.2237544541724,4,88,6,1,0,2
CNP0182522.1,-10.7,1.351811263206956,4.296296296296297,4,1786.1551320688463,7,232,30,3,2,12
CNP0182572.1,-9.0,1.965287378736842,4.096774193548387,3,2085.048629625755,5,254,25,0,0,20
CNP0182587.1,-8.6,1.7844894869883925,6.045454545454546,5,519.8002857699712,6,133,6,1,4,2
CNP0182636.0,-6.3,3.232645123513413,2.952380952380953,0,499.2124863150828,0,124,0,0,0,4
CNP0182700.1,-9.7,1.507108360262141,5.806451612903226,4,871.572212384268,9,180,7,2,2,9
CNP0182764.1,-9.9,1.1591409030554924,5.318181818181818,4,1722.8930721824263,25,351,6,12,4,18
CNP0182822.2,-8.3,1.7881093513792294,4.6571428571428575,0,838.746913492643,8,163,6,7,1,13
CNP0182897.0,-8.7,1.922069159332078,4.28,0,1844.1806245792563,0,214,6,0,0,18
CNP0182946.11,-7.8,2.241663044502362,4.869565217391305,2,507.0161755466457,5,112,6,2,3,3
CNP0182946.3,-8.6,2.241663044502362,4.869565217391305,2,507.0161755466457,5,112,6,2,3,3
CNP0182950.1,-10.1,1.5009440115667534,4.166666666666667,0,1199.1968476952652,2,175,6,3,1,9
CNP0182953.1,-8.8,1.247041464032464,4.76,0,854.9836978850469,1,119,6,0,0,6
CNP0182959.7,-10.2,1.3100714694908877,4.977777777777778,2,1818.6064998228724,5,224,6,11,0,17
CNP0182959.8,-9.8,1.3100714694908877,4.977777777777778,2,1818.6064998228724,5,224,6,11,0,17
CNP0183026.1,-8.85,1.3073396669126185,4.666666666666667,0,847.9006393538464,4,140,6,1,0,6
CNP0183087.3,-8.158,1.3874478374491317,4.3559322033898304,0,1535.5581300369104,15,257,6,11,0,20
CNP0183087.5,-8.536,1.3874478374491317,4.3559322033898304,0,1535.5581300369104,15,257,6,11,0,20
CNP0183210.11,-12.4,1.060185849917784,5.761904761904762,6,1168.6928765298985,15,242,6,5,2,9
CNP0183333.2,-9.5,1.2631747403805704,5.378787878787879,4,1695.2976810351,25,355,6,13,6,19
CNP0183351.1,-9.0,1.435519084433024,5.233333333333333,4,675.851064444354,9,157,6,1,2,1
CNP0183354.5,-12.9,1.0114901815301076,5.62,4,1342.6771557372967,18,281,6,8,4,15
CNP0183363.1,-8.7,1.59309049754871,4.493506493506493,6,2516.7174210903977,13,346,16,13,2,15
CNP0183445.24,-10.0,1.3563366158128431,5.851063829787234,5,1269.1671937547962,17,275,6,8,6,11
CNP0183464.0,-10.5,1.5247005160793914,5.478260869565218,4,846.0587022087484,2,126,6,1,3,4
CNP0183482.1,-7.7,1.4699922569165091,4.482758620689655,2,848.5269241944953,3,130,6,2,1,5
CNP0183532.1,-5.9,3.569294260378532,3.076923076923077,0,204.13581850944647,1,40,0,2,1,2
CNP0183619.2,-8.6,1.5650034351283706,5.6,4,381.6145119756322,8,112,6,2,1,2
CNP0183649.3,-9.3,1.7035625274710744,6.541666666666667,5,778.9177796175705,4,157,6,2,3,6
CNP0183688.1,-11.0,0.868449606184585,5.39240506329114,5,2239.8449839273494,27,426,6,11,6,24
CNP0183725.0,-8.989,1.0530999789840507,5.379746835443038,5,2294.3434441164686,27,425,6,11,6,23
CNP0183761.1,-8.5,1.8589419659288315,4.884615384615385,2,745.400366130584,5,127,10,0,1,6
CNP0183781.4,-8.6,2.0302260333966227,4.214285714285714,0,784.7812168761286,5,118,6,5,0,13
CNP0183927.0,-8.4,1.7170257055374667,5.0,2,665.4740310883701,3,95,6,4,0,9
CNP0183935.2,-9.398,1.5156821671212848,4.615384615384615,3,916.120678529684,2,120,6,2,0,7
CNP0184009.0,-8.4,1.5253754492947638,4.785714285714286,2,1159.0677640564516,0,134,6,0,0,4
CNP0184040.2,-9.3,1.9274065102302844,5.342857142857143,4,996.7815061204072,7,187,6,0,3,9
CNP0184255.1,-9.8,1.5464622666766417,6.193548387096774,5,818.0540745849213,9,192,6,1,5,4
CNP0184264.1,-9.3,1.7182875928530472,5.466666666666667,3,828.9941686682811,7,164,6,2,3,8
CNP0184295.1,-7.1,1.7894959795092351,5.36,3,614.7618718658389,7,134,5,1,2,3
CNP0184390.1,-9.0,1.4315980656232044,5.4,4,1444.115723251624,4,189,7,6,0,7
CNP0184463.1,-9.7,1.4159718782439834,4.428571428571429,2,1057.4289117091846,1,124,6,1,0,7
CNP0184592.7,-10.0,1.362604751565837,5.645161290322581,5,773.1981230635797,10,175,6,2,2,4
CNP0184597.22,-11.6,1.141521415024726,5.657894736842105,4,967.8995096860256,13,215,6,3,3,8
CNP0184615.1,-12.1,1.0227416698896012,5.944444444444445,5,1439.4803602972113,21,321,6,8,7,13
CNP0184867.0,-6.2,3.134082580688355,2.9285714285714284,0,687.9737459531966,0,164,0,0,0,2
CNP0184873.1,-9.4,1.4114886812957017,5.685714285714286,5,1386.6138353619892,5,199,6,8,1,11
CNP0184910.2,-10.0,0.6666821109876707,5.129411764705883,3,2362.651732020266,31,436,6,6,2,24
CNP0184915.5,-9.8,1.500692513256947,6.130434782608695,5,676.1815924519602,6,141,6,2,3,3
CNP0184933.0,-9.446,1.433436996597468,5.0,2,833.195908152183,1,125,6,0,0,5
CNP0184956.1,-8.7,1.3590502634956148,5.038461538461538,2,813.9438598300179,3,131,6,2,1,6
CNP0184961.1,-8.2,2.0805212297767803,4.363636363636363,2,472.0989161523557,4,96,10,1,1,2
CNP0184966.1,-6.9,2.132284308577334,5.0625,0,376.9263543242049,2,81,6,0,2,1
CNP0185007.1,-8.762,1.603046386308794,5.652173913043479,4,550.0448238342481,7,130,6,1,2,2
CNP0185049.5,-7.4,2.57607464587612,4.222222222222222,0,333.38530296949176,3,76,6,1,1,3
CNP0185064.1,-9.3,1.7461447404517492,5.0,2,546.4301649305979,9,125,6,7,0,10
CNP0185221.1,-8.9,2.222331433883555,4.184210526315789,0,1010.262454182374,5,159,9,3,0,11
CNP0185232.3,-8.718,1.2929916183039416,5.173076923076923,4,1764.670841995773,11,269,6,5,1,15
CNP0185250.1,-11.6,1.2731374745768866,6.0606060606060606,5,978.10630322264,11,200,6,0,3,4
CNP0185275.1,-8.574,1.5081470706148037,5.111111111111111,3,734.5232802988689,5,138,6,1,2,8
CNP0185404.2,-10.8,1.0507210413819148,5.371794871794871,4,2386.013582690028,26,419,6,11,6,24
CNP0185440.2,-8.4,1.637205611607376,5.444444444444445,4,389.9548401483762,4,98,6,0,0,3
CNP0185440.4,-7.3,1.637205611607376,5.444444444444445,4,389.9548401483762,4,98,6,0,0,3
CNP0185492.1,-7.8,2.0242818858000566,5.24,3,774.8543759174763,2,131,6,2,2,6
CNP0185503.2,-8.6,2.0862369093512445,4.852941176470588,3,938.0353342387084,8,165,10,1,2,11
CNP0185517.3,-9.73,1.409601646497353,4.396551724137931,0,1532.9545288667323,15,255,6,11,0,20
CNP0185613.0,-10.2,1.1918762810618548,5.1395348837209305,8,1898.310470438296,0,221,18,1,0,8
CNP0185637.1,-8.9,2.070727962317048,4.652173913043479,0,348.85290521793144,10,107,6,8,0,11
CNP0185679.8,-10.1,1.105777689906047,5.679245283018868,5,1430.8921606037409,17,301,6,7,6,12
CNP0185682.4,-7.286,1.792842134146556,5.764705882352941,2,483.5005064450184,3,98,6,1,3,3
CNP0185682.5,-6.839,1.792842134146556,5.764705882352941,2,483.5005064450184,3,98,6,1,3,3
CNP0185701.3,-11.1,1.0839741246678651,5.78,5,1411.6998365214456,16,289,6,3,6,11
CNP0185713.2,-12.9,0.9359193291873203,6.222222222222222,10,2516.5218046429723,13,392,6,1,9,7
CNP0185715.9,-8.7,1.9286423904808665,5.454545454545454,3,460.62359722568897,6,120,6,1,4,2
CNP0185727.1,-11.2,1.2609809235231897,5.96969696969697,6,765.7105387370782,14,197,6,4,3,6
CNP0185742.1,-11.3,1.2211974896318754,5.0,2,1488.2420760905115,10,215,6,8,0,15
CNP0185825.0,-4.7,2.6909155266923976,2.4545454545454546,0,310.25582366667646,0,27,0,0,0,0
CNP0185827.1,-8.4,1.783404062822676,4.714285714285714,3,636.9039408415774,6,132,9,0,2,5
CNP0185874.0,-8.4,1.6697853572681034,5.0,2,621.6103593884181,3,90,6,3,0,8
CNP0185916.2,-10.6,1.485706453935398,5.096774193548387,3,986.2722567112356,5,158,6,6,0,8
CNP0185922.1,-9.5,2.0251021587950464,4.075,2,977.3998699380052,9,163,26,4,1,8
CNP0185922.7,-9.6,2.0251021587950464,4.075,2,977.3998699380052,9,163,26,4,1,8
CNP0185952.3,-9.8,1.3110363830608152,4.774193548387097,2,949.0235573856364,4,148,6,1,0,6
CNP0185981.0,-4.5,3.111766194388426,2.625,0,165.72244425454448,0,21,0,1,0,4
CNP0185982.5,-9.4,1.5190261491143082,5.423076923076923,4,649.8383714506452,7,141,6,0,2,3
CNP0185985.1,-7.0,1.7096860320999558,3.25,0,352.3419783509677,2,91,6,0,0,2
CNP0186002.8,-11.1,0.8197283478197223,5.472972972972973,6,1875.979563014081,32,405,6,13,3,23
CNP0186010.10,-7.9,2.528577989775073,3.954545454545455,0,510.1620616288109,4,87,5,4,0,7
CNP0186020.12,-8.4,1.4398599075099965,5.75,7,1619.3008654066743,19,322,6,5,6,15
CNP0186095.1,-9.2,1.407837254651338,4.543478260869565,0,1335.0121640442976,10,209,6,7,0,15
CNP0186142.2,-5.5,2.112704047936232,4.9,2,166.6405264597299,2,49,5,1,0,2
CNP0186144.5,-11.4,0.8762680407347705,5.534246575342466,5,2009.1484116473248,27,404,6,12,6,21
CNP0186206.12,-11.7,1.0006430001038396,5.633333333333334,6,1575.5588900223015,26,338,6,8,3,16
CNP0186252.2,-11.4,1.4886867245033215,5.966666666666667,5,749.4625393705459,9,179,6,1,5,1
CNP0186333.0,-10.3,1.6839785663922109,6.0,4,529.0120175882789,8,138,6,4,4,7
CNP0186339.9,-8.2,2.492487988006508,5.315789473684211,2,389.60681287784274,4,101,6,4,3,4
CNP0186421.1,-9.9,1.4126780456624382,4.78,0,2084.399586227428,3,239,6,8,0,10
CNP0186467.1,-5.6,2.201108018443684,3.6666666666666665,0,190.7419942631984,1,44,5,1,0,4
CNP0186504.2,-10.1,1.545475990861109,6.0,4,813.3981843879975,10,186,6,6,4,8
CNP0186541.1,-12.6,0.9950206058580622,5.4423076923076925,4,1705.8829956805164,14,283,6,7,3,15
CNP0186594.1,-9.0,2.0797939471482083,4.148148148148148,2,682.8167062986535,3,112,14,1,0,5
CNP0186606.1,-6.8,1.8402511667113688,4.9523809523809526,0,623.1289753948724,2,104,6,3,1,8
CNP0186673.3,-9.3,1.6601322479964218,4.333333333333333,0,1031.6164755848456,11,182,6,8,1,15
CNP0186692.2,-8.2,1.499354791487973,5.521739130434782,4,430.6027231803899,6,127,6,2,1,3
CNP0186692.20,-8.6,1.499354791487973,5.521739130434782,4,430.6027231803899,6,127,6,2,1,3
CNP0186740.4,-7.8,1.3930723164331325,3.689655172413793,0,519.364060424653,4,107,6,1,0,5
CNP0186783.2,-8.2,1.909455528397623,5.5,3,525.8568036589016,3,99,6,1,2,3
CNP0186786.0,-8.8,1.3675823524187134,4.689655172413793,2,1058.5634219366257,2,136,6,2,0,5
CNP0186802.4,-8.3,1.4784333261948026,5.64,5,720.0111575478577,5,141,6,1,1,6
CNP0186833.0,-7.3,2.1052123793643007,4.28,2,854.0058243346302,0,107,6,0,0,5
CNP0186838.0,-5.0,2.9121609469850025,2.727272727272727,0,255.70210063089883,0,60,0,0,0,0
CNP0186873.1,-8.3,1.3274588488997972,4.730769230769231,0,1555.124111958948,11,246,6,11,2,19
CNP0186876.1,-8.0,2.32165646553868,5.291666666666667,0,1580.2907487474577,2,254,6,5,4,10
CNP0186893.1,-11.0,1.2909998579193194,4.551282051282051,0,2027.747221130101,25,355,20,8,2,21
CNP0186893.2,-11.3,1.2909998579193194,4.551282051282051,0,2027.747221130101,25,355,20,8,2,21
CNP0186925.2,-9.0,1.475591713878701,4.555555555555555,3,1018.4905561827904,1,123,6,2,1,6
CNP0186927.2,-10.4,1.2433924974258392,4.914893617021277,3,1400.8509748749516,12,231,7,5,0,13
CNP0187016.1,-8.3,1.368522656679824,4.054794520547945,4,2065.717503472109,13,296,43,3,0,16
CNP0187016.2,-8.0,1.368522656679824,4.054794520547945,4,2065.717503472109,13,296,43,3,0,16
CNP0187060.5,-10.4,1.3102909627155577,5.660714285714286,8,2870.261798597748,5,317,17,13,0,22
CNP0187106.1,-8.1,2.258200149983753,4.489795918367347,2,1476.9789969914,9,220,12,0,2,12
CNP0187115.17,-10.5,0.8693441172956579,5.359375,5,1560.5163102394606,27,343,6,12,3,19
CNP0187151.7,-11.41,1.1684454734029717,5.619047619047619,5,1258.6771774420836,10,236,6,1,5,3
CNP0187162.1,-9.9,1.17301834782388,5.363636363636363,7,2909.774239178176,6,354,12,14,1,26
CNP0187235.1,-9.0,1.6532596831884556,4.548387096774194,2,1028.9680117976552,2,141,6,4,0,6
CNP0187310.1,-6.1,2.516002697047256,4.0,0,142.2646625064904,4,48,6,4,0,4
CNP0187329.4,-9.0,1.646481607081373,5.178571428571429,4,703.1405470279625,7,145,13,0,3,6
CNP0187534.1,-11.3,1.0455333719470474,5.6415094339622645,6,1340.758739423178,22,299,6,7,3,14
CNP0187557.1,-11.68,0.8157501760496583,6.621951219512195,19,3069.643407948733,18,543,15,2,7,8
CNP0187579.1,-8.8,1.8369715546442893,4.2727272727272725,0,571.2642755517318,2,94,6,3,0,6
CNP0187617.1,-6.8,1.6732737471522037,3.342857142857143,0,551.011582814201,1,117,5,1,0,3
CNP0187661.17,-8.2,1.926096010996758,5.5,3,413.9617766609256,6,99,6,1,1,3
CNP0187700.2,-8.0,1.588834750334843,6.230769230769231,4,640.5960839248122,5,162,6,1,4,2
CNP0187716.1,-10.9,0.7205551961289925,4.885245901639344,7,2136.844374208322,9,298,7,8,1,10
CNP0187821.1,-6.3,2.247184617739618,5.454545454545454,2,204.91831683475925,3,60,5,1,1,1
CNP0187949.2,-8.8,1.5977535855482037,4.842105263157895,2,1142.7031219021608,8,184,6,7,0,11
CNP0187953.21,-9.9,1.5707139918294584,4.96875,2,1185.0555477499252,5,159,6,7,0,11
CNP0188006.1,-7.9,1.7956788366691752,4.130434782608695,0,642.7247745211114,1,95,6,1,0,5
CNP0188027.2,-8.7,1.0136381102278955,5.315789473684211,4,1975.5008997563173,29,404,6,15,6,23
CNP0188037.4,-9.3,1.2358398979557623,4.678571428571429,3,823.6774224778817,4,131,6,2,0,8
CNP0188231.1,-8.0,2.043717680950043,4.404255319148936,2,1156.3469875109297,13,207,16,0,1,12
CNP0188316.4,-9.4,1.1968400269745032,5.85,7,1162.622477843804,13,234,18,2,5,11
CNP0188366.0,-7.6,1.9387101070686348,4.375,2,593.6394628353811,0,70,6,1,0,3
CNP0188367.2,-10.1,1.2319533977013617,5.296296296296297,4,867.4038860604044,3,143,6,2,1,7
CNP0188410.1,-9.4,1.350490158581075,5.861111111111111,6,1104.7183449881013,10,211,7,1,3,6
CNP0188411.1,-10.4,1.3030726957520604,5.448979591836735,4,1611.84790068803,11,267,6,6,6,10
CNP0188482.8,-10.7,1.4760292247376834,5.90625,5,794.6533058870601,9,189,7,2,5,2
CNP0188525.5,-11.8,1.1904802097661,4.953488372093023,2,1507.4920760905115,10,213,6,8,0,15
CNP0188527.1,-8.7,1.3987994681351394,5.257142857142857,3,1169.4320964923631,6,184,6,2,3,5
CNP0188534.3,-10.3,1.286205627045114,4.790697674418604,2,1709.843010886528,5,206,6,7,0,13
CNP0188534.6,-9.8,1.286205627045114,4.790697674418604,2,1709.843010886528,5,206,6,7,0,13
CNP0188554.0,-6.6,3.733156178713082,3.103448275862069,0,394.82929792160377,1,90,0,2,0,6
CNP0188609.3,-10.0,1.603839857911234,5.354838709677419,4,777.1270759959157,9,166,6,2,3,3
CNP0188618.1,-9.2,1.1635536642141422,5.035714285714286,0,1814.198745610181,14,282,6,12,0,16
CNP0188698.1,-7.2,2.0306918173012107,4.391304347826087,2,521.9596591801885,5,101,6,0,1,2
CNP0188779.3,-8.2,1.8756543717885457,4.846153846153846,3,701.0899672426165,6,126,10,1,1,6
CNP0188842.0,-11.16,1.195746644081864,5.5625,5,1509.615550972757,11,267,6,2,5,7
CNP0188942.1,-9.082,2.631940945335871,3.9642857142857135,0,584.91539172387,7,111,6,6,0,10
CNP0189051.3,-11.2,1.1028270706473298,5.348484848484849,4,1678.759789484371,25,353,6,12,5,18
CNP0189132.3,-11.3,1.4843795282180892,4.777777777777778,2,1460.3227438187746,16,258,6,7,2,12
CNP0189212.2,-9.5,1.564171298224587,6.586206896551724,6,746.8141334270241,12,191,6,3,3,7
CNP0189239.3,-7.2,1.9343172780979825,5.3,3,553.8981209849292,4,106,6,1,1,4
CNP0189246.5,-8.5,1.5668769423407694,5.0,2,1252.2041776678586,5,165,6,8,0,12
CNP0189267.2,-9.2,1.2140135754376176,5.196969696969697,5,2604.935504778098,13,343,6,12,0,25
CNP0189299.0,-6.5,2.465665495972579,3.8125,0,395.7601632496788,0,61,6,1,0,4
CNP0189308.3,-12.2,0.771658544272521,5.481927710843373,5,2306.867535975041,31,455,6,14,6,25
CNP0189357.8,-8.4,1.826893592224026,4.916666666666667,3,645.7945607873609,3,118,12,1,1,6
CNP0189401.2,-8.4,2.2534804943961726,4.62962962962963,0,647.1122500972527,8,125,6,5,0,11
CNP0189411.3,-7.2,2.709835890606788,4.1875,0,275.17277561791803,5,67,6,6,0,10
CNP0189480.1,-7.3,2.4871298865194564,4.0,0,360.2208897628372,3,64,6,3,0,6
CNP0189525.1,-8.2,1.8639211360583967,5.645161290322581,4,867.0428873712874,10,175,10,3,3,9
CNP0189539.2,-9.0,2.261156568563082,5.055555555555555,2,353.2404397714911,5,91,6,3,3,3
CNP0189563.2,-7.6,1.5732027646063849,4.891891891891892,2,1074.7286999759494,8,181,6,7,0,11
CNP0189702.2,-7.8,2.672037573585912,4.090909090909091,0,390.097269662236,6,90,6,4,1,6
CNP0189726.2,-7.5,1.7568744054057568,5.136363636363637,2,562.5479573031881,5,113,6,1,1,3
CNP0189800.1,-9.7,1.0793791666117374,5.453125,4,2436.382258996168,15,349,6,5,3,18
CNP0189821.1,-6.9,3.228725135164691,3.0,0,1058.0507076679849,3,147,0,3,0,3
CNP0189847.2,-9.4,1.3243530363483165,6.416666666666667,8,1484.0655356289676,17,308,6,4,6,15
CNP0189879.0,-9.8,1.2622871032292065,4.730769230769231,2,1099.735417429829,0,123,6,1,0,4
CNP0189926.1,-10.4,1.541394658923018,6.15625,5,811.6492336530862,10,197,6,2,5,2
CNP0189926.2,-11.6,1.541394658923018,6.15625,5,811.6492336530862,10,197,6,2,5,2
CNP0189995.3,-7.7,2.0820083108117315,4.55,2,458.8555749987085,4,91,10,1,1,3
CNP0190063.1,-5.3,3.390659428855592,3.0,0,188.5610197166408,1,42,0,0,0,4
CNP0190170.3,-8.7,2.5099099988384443,3.5454545454545454,0,465.2564895100741,3,78,16,1,0,6
CNP0190319.1,-9.0,1.4672288937763698,6.041666666666667,5,691.7524179442577,7,145,6,2,2,4
CNP0190359.2,-8.4,1.4304127270753595,4.9361702127659575,2,1224.5446097830163,14,232,6,4,2,11
CNP0190385.1,-10.0,1.900485244072608,4.258064516129032,0,916.4563357436048,5,132,6,6,0,13
CNP0190385.2,-9.8,1.900485244072608,4.258064516129032,0,916.4563357436048,5,132,6,6,0,13
CNP0190405.2,-10.4,1.632964002632345,6.409090909090909,5,692.7496004303907,7,141,6,1,2,6
CNP0190411.1,-10.31,1.0487931887047015,5.015873015873016,2,1850.6349115062644,21,316,6,14,0,24
CNP0190473.0,-9.2,1.2505742653937817,5.277777777777778,4,1684.6426912492109,0,190,6,3,0,8
CNP0190523.1,-6.27,1.950744790557909,3.380952380952381,0,467.5995376776584,1,71,6,0,0,2
CNP0190554.1,-8.9,1.5105170942806356,6.222222222222222,6,924.5116188222564,4,168,6,1,2,6
CNP0190579.2,-11.0,1.5104142265800142,4.181818181818182,0,1341.6981897542703,2,184,6,2,2,4
CNP0190607.0,-4.9,2.851917176729192,2.642857142857143,0,132.28341890015258,0,37,0,0,0,2
CNP0190674.1,-8.7,0.5121114894611192,5.317241379310345,5,4246.315447074169,60,771,6,29,6,52
CNP0190674.2,-10.0,0.5121114894611192,5.317241379310345,5,4246.315447074169,60,771,6,29,6,52
CNP0190699.2,-6.6,1.846337414817541,4.5,2,394.4910441663976,3,63,6,1,0,3
CNP0190732.8,-8.2,1.186703802455699,5.183098591549296,4,2827.304400566155,8,368,6,3,0,16
CNP0190751.2,-9.6,1.6176932972522058,4.972222222222222,2,1332.058119324138,5,179,6,7,0,13
CNP0190757.2,-8.0,1.3760761878493128,3.744186046511628,0,798.7122945528156,7,161,5,4,0,8
CNP0190848.5,-8.6,1.5484202125068691,3.893617021276596,0,885.3973235535093,11,183,6,8,0,14
CNP0190962.2,-8.6,1.4090036963927492,4.857142857142857,3,870.844818211819,2,136,6,1,0,7
CNP0190973.1,-11.9,0.8605470477786878,5.564516129032258,6,1611.0026253251008,26,345,6,9,3,17
CNP0191021.1,-11.5,1.0286871067699226,4.96,5,1732.4716228460668,7,248,6,5,0,16
CNP0191023.1,-9.9,1.5641241691812238,7.84,9,755.9781853345931,13,196,6,4,4,5
CNP0191050.1,-10.7,1.3324877286216643,4.976744186046512,2,1504.319410283839,10,214,6,10,0,16
CNP0191069.0,-7.7,1.829641241487776,5.117647058823529,3,655.9740671367045,0,87,6,0,0,5
CNP0191075.6,-9.3,1.5021454506440923,5.333333333333333,4,652.011726309394,8,144,6,1,2,3
CNP0191106.2,-9.0,1.8094679999757184,5.25,2,647.3155585369167,9,147,6,5,3,9
CNP0191157.3,-9.0,1.6851910043151186,5.237288135593221,5,2037.5227585789949,13,309,14,2,4,18
CNP0191194.10,-9.7,2.100471508561329,4.15625,0,548.4253068388929,9,133,14,4,0,7
CNP0191194.5,-8.6,2.100471508561329,4.15625,0,548.4253068388929,9,133,14,4,0,7
CNP0191194.6,-7.8,2.100471508561329,4.15625,0,548.4253068388929,9,133,14,4,0,7
CNP0191194.9,-8.5,2.100471508561329,4.15625,0,548.4253068388929,9,133,14,4,0,7
CNP0191250.2,-8.3,2.2906745774002366,4.851851851851852,0,574.056958780458,7,131,6,5,3,8
CNP0191283.0,-8.87,1.6391968995269146,4.85,2,863.757138680937,0,97,6,3,0,5
CNP0191324.1,-8.3,1.3975611615673778,4.8125,2,914.428234330626,6,154,6,4,0,9
CNP0191336.1,-9.3,1.5734447698387315,5.333333333333333,4,743.9038995681017,11,176,6,4,3,4
CNP0191368.0,-8.0,1.907763576415031,5.333333333333333,3,464.4588728849873,6,112,7,0,2,1
CNP0191390.0,-7.5,1.683598903113779,5.55,4,923.451741491275,0,111,6,0,0,4
CNP0191467.0,-9.8,1.542424235753558,5.451612903225806,4,740.539602790189,10,169,6,3,3,3
CNP0191482.1,-10.0,1.4078464143718885,5.580645161290323,5,996.3745099147004,8,173,6,4,1,8
CNP0191493.0,-8.1,2.0952275522649213,4.764705882352941,2,357.9333205532756,4,81,6,1,1,2
CNP0191524.1,-11.4,1.0689223315661458,5.0,2,1732.6783936279212,15,260,6,11,0,19
CNP0191528.2,-8.5,1.5694983028530924,6.576923076923077,7,812.2008580210187,6,171,6,2,3,5
CNP0191529.0,-7.8,1.7163201496947036,6.111111111111111,5,838.6017249524618,5,165,6,1,3,5
CNP0191553.1,-10.1,1.1110693350903322,5.366666666666666,6,2627.9577371728105,8,322,6,12,0,15
CNP0191750.1,-9.8,1.3655424722223986,5.852941176470588,5,841.9501116378989,9,199,6,0,5,2
CNP0191798.1,-8.9,1.8026632798528184,4.466666666666667,3,933.5336639712648,2,134,12,3,0,6
CNP0191812.0,-4.4,2.1229179499593664,3.2857142857142856,0,138.00750422530467,0,23,6,1,0,2
CNP0191832.2,-10.3,0.8966685132553521,5.309523809523809,5,2643.3047303393028,27,446,6,10,5,30
CNP0191880.3,-8.3,1.911391405242605,4.567567567567568,2,875.9174289992752,10,169,16,2,1,8
CNP0191959.1,-10.3,1.460286659793801,4.323529411764706,0,900.9552086841306,3,147,6,2,0,7
CNP0191988.0,-9.9,1.5208118887007944,5.088235294117647,2,1279.2916054161549,5,173,6,7,0,11
CNP0192013.1,-9.3,1.4496166359593368,5.3125,4,1179.3345533741413,2,170,6,1,1,5
CNP0192037.0,-8.5,1.3187778468617066,5.616666666666666,8,2288.6789604970418,8,337,9,2,4,14
CNP0192057.1,-10.5,1.339564370563317,4.735294117647059,4,1193.1412681115748,2,161,6,6,0,12
CNP0192219.5,-10.1,1.4029481198171476,5.4375,2,690.6570479314167,12,174,6,7,3,11
CNP0192230.3,-12.0,0.6943109326586242,6.811594202898551,14,2586.8073766945768,23,470,6,6,11,14
CNP0192230.4,-11.3,0.6943109326586242,6.811594202898551,14,2586.8073766945768,23,470,6,6,11,14
CNP0192264.1,-9.2,1.5464630243991548,6.6,6,835.9851008506897,6,165,6,1,2,5
CNP0192265.1,-9.4,2.0287536860372297,4.304347826086956,2,501.0161755466456,4,99,14,1,2,3
CNP0192270.2,-9.5,1.3639204781367833,4.787878787878788,2,950.9564201408228,7,158,6,3,1,7
CNP0192282.1,-7.42,2.2598977016601043,4.206896551724138,2,760.6427829803457,3,122,10,2,0,8
CNP0192290.1,-8.6,1.953775463400902,4.896551724137931,3,1000.6134698056784,1,142,6,2,1,7
CNP0192328.6,-9.712,1.3323986165823245,5.785714285714286,5,1340.2866575398536,9,243,6,0,5,4
CNP0192360.2,-10.2,0.9023698099767632,5.688524590163935,6,1610.535829787245,25,347,6,9,4,17
CNP0192373.1,-11.0,1.3602362170222932,6.428571428571429,5,874.1528927028206,8,180,6,0,2,6
CNP0192382.33,-10.2,1.2585709960989633,6.033333333333333,6,683.5956632424765,12,181,6,1,3,3
CNP0192382.38,-11.2,1.2585709960989633,6.033333333333333,6,683.5956632424765,12,181,6,1,3,3
CNP0192382.43,-11.0,1.2585709960989633,6.033333333333333,6,683.5956632424765,12,181,6,1,3,3
CNP0192493.1,-10.1,1.5271061018775067,5.344827586206897,4,698.9369239390286,8,155,6,0,2,4
CNP0192579.4,-10.9,1.1096832554858458,5.018867924528302,2,1784.219208514657,15,266,6,10,0,19
CNP0192619.1,-8.1,1.8585578458855656,4.2,0,638.5528616002106,5,105,6,3,0,8
CNP0192738.0,-4.9,3.677615681908372,3.111111111111111,0,95.4837783761905,0,28,0,1,0,2
CNP0192744.11,-10.7,1.2585709960989633,6.033333333333333,6,736.3902102956507,11,181,6,1,3,3
CNP0192758.4,-6.5,1.781246563162814,3.391304347826087,0,270.36728820839136,4,78,6,3,0,3
CNP0192793.2,-7.5,1.926007249701736,5.2631578947368425,3,514.2386158789983,4,100,7,1,0,4
CNP0192810.2,-10.1,1.450609154579757,4.6,0,838.746913492643,8,161,6,7,1,13
CNP0192812.1,-7.3,1.884805567600392,5.3,3,528.4533118204134,3,106,6,0,2,4
CNP0192880.1,-9.6,1.6789796168347269,5.615384615384615,4,578.7487452963501,10,146,6,4,2,5
CNP0192913.11,-9.6,2.029515268882807,4.965517241379311,3,764.8423488413921,7,144,11,3,1,5
CNP0192924.1,-11.7,1.026254264822157,4.8059701492537314,5,2043.254603704235,17,322,19,11,0,23
CNP0192951.0,-9.2,1.4619112377725028,5.708333333333333,5,824.153222480729,5,137,6,2,0,4
CNP0192956.3,-9.1,1.615458633106987,4.890909090909091,3,1833.057609446392,9,269,7,2,3,12
CNP0193013.1,-11.8,1.3288932594476863,5.888888888888889,6,1075.310134206172,12,212,6,0,3,6
CNP0193019.1,-9.0,1.774331340148376,5.0,2,712.9141837555402,11,170,6,6,4,8
CNP0193019.3,-9.2,1.774331340148376,5.0,2,712.9141837555402,11,170,6,6,4,8
CNP0193023.0,-9.8,1.3732914208003837,5.041666666666667,4,972.212801665543,1,121,6,1,1,2
CNP0193036.1,-8.7,2.218030008752585,5.379310344827586,3,782.030284487975,8,156,8,4,2,7
CNP0193095.6,-9.2,1.7133098014864645,4.92,2,533.6984317890852,9,123,6,5,0,9
CNP0193108.2,-7.3,1.7510777994682658,3.317073170731707,0,695.0617374857675,3,136,5,2,0,4
CNP0193217.3,-9.7,1.1531540029336549,5.115384615384615,7,1935.2089574359484,8,266,13,2,2,12
CNP0193222.2,-8.7,2.462818521072955,4.228571428571429,2,915.7832460215092,5,148,14,1,1,9
CNP0193253.4,-8.7,1.7452974528708198,4.916666666666667,3,665.1263335543586,5,118,7,0,0,4
CNP0193280.1,-11.4,0.7256026460871333,5.285714285714286,5,2245.135081336753,34,444,6,16,2,28
CNP0193295.8,-8.2,1.7448813604271198,4.961538461538462,2,563.2337164460854,10,129,6,6,0,10
CNP0193369.0,-7.8,3.669774889651445,3.2195121951219514,0,950.7798666058294,0,132,0,1,0,1
CNP0193400.1,-12.2,1.2711864884482929,6.068965517241379,6,745.6367566612757,10,176,6,1,3,2
CNP0193400.4,-11.4,1.2711864884482929,6.068965517241379,6,745.6367566612757,10,176,6,1,3,2
CNP0193443.1,-7.4,2.233267229089447,4.894736842105263,2,383.15152178600886,4,93,6,0,2,1
CNP0193466.3,-8.8,1.8268935922240253,4.916666666666667,3,555.6123742401999,5,118,12,1,1,6
CNP0193490.2,-8.8,1.7294028086229682,5.625,4,783.7010978254434,8,180,6,1,6,2
CNP0193528.10,-9.1,1.2429349847744038,5.6,5,1649.3376598418097,5,224,6,7,1,10
CNP0193528.9,-9.9,1.2429349847744038,5.6,5,1649.3376598418097,5,224,6,7,1,10
CNP0193566.5,-8.2,1.0899732598763712,5.4868421052631575,5,2173.218978166721,27,417,6,14,6,23
CNP0193704.11,-12.29,0.857289866247552,5.406779661016949,4,1576.4721853602166,21,319,6,7,3,17
CNP0193704.3,-12.34,0.857289866247552,5.406779661016949,4,1576.4721853602166,21,319,6,7,3,17
CNP0193728.1,-8.9,1.6510683922902092,6.454545454545454,7,1063.2483716411282,6,213,6,2,4,9
CNP0193736.2,-8.638,1.6672236567633043,3.9367088607594938,0,2231.065148089104,18,311,38,11,0,20
CNP0193768.0,-10.8,0.6185126701067026,5.213675213675214,13,3630.471337404489,50,610,7,22,2,43
CNP0193792.1,-10.2,1.355756672077432,5.289473684210527,5,1447.9028956290194,6,201,11,4,0,9
CNP0193941.1,-8.6,1.8508017262680985,6.12,5,658.4719536426355,9,153,6,3,3,5
CNP0193970.1,-8.3,1.7990573758489543,4.785714285714286,3,814.8836136133116,4,134,7,0,0,6
CNP0193971.1,-6.0,2.2320394242332235,4.875,2,279.5484873557788,6,78,6,2,0,5
CNP0194025.1,-8.9,1.8698955718021808,5.391304347826087,3,497.1152542590712,6,124,6,3,3,3
CNP0194035.1,-12.3,0.9633379568256656,5.575757575757576,5,1796.0677025390598,24,368,6,11,6,18
CNP0194044.1,-8.9,1.2225027831344448,4.827586206896552,5,2276.0216467315067,3,280,7,11,0,14
CNP0194148.6,-10.1,1.675439310310329,5.869565217391305,4,565.2340945668728,7,135,6,1,3,3
CNP0194157.2,-8.4,2.284129771841964,4.975,3,1082.6857210147523,10,199,10,2,3,11
CNP0194189.0,-7.0,3.5642416442622955,3.196078431372549,0,790.9406830237436,4,163,0,4,0,8
CNP0194198.5,-8.6,1.5801287517194889,5.52,4,571.6196406096565,7,138,6,0,3,3
CNP0194198.6,-9.0,1.5801287517194889,5.52,4,571.6196406096565,7,138,6,0,3,3
CNP0194251.1,-9.9,0.9023854265413482,5.184782608695652,4,2510.3139020521826,34,477,6,17,5,30
CNP0194329.1,-9.0,1.976922154683027,5.681818181818182,3,519.8002857699712,5,125,6,2,4,2
CNP0194406.3,-9.1,1.7237023429140517,5.583333333333333,4,700.5457082604652,7,134,7,1,1,5
CNP0194412.1,-7.775,1.8745468486574823,4.958333333333333,3,777.3838167467895,1,119,6,1,0,3
CNP0194420.1,-10.5,1.5532291540408791,4.645161290322581,0,772.2551604048314,9,144,6,7,0,12
CNP0194434.1,-9.4,1.338051144829831,5.5,4,1406.5364328954124,2,187,6,1,1,7
CNP0194523.1,-9.6,1.4964449742228674,4.3625,2,2872.967375941032,10,349,19,11,0,27
CNP0194530.11,-9.7,1.2908397966476064,5.037037037037037,2,1850.018777979567,15,272,6,11,0,20
CNP0194530.3,-10.2,1.2908397966476064,5.037037037037037,2,1850.018777979567,15,272,6,11,0,20
CNP0194558.5,-10.2,1.447554104103314,6.756756756756757,6,1243.6611229902917,12,250,6,3,6,10
CNP0194566.5,-10.6,1.069142075130047,5.044444444444444,4,1417.4390230110653,7,227,6,3,3,10
CNP0194582.0,-5.7,2.923517525558115,2.75,0,266.5917875070114,0,55,0,1,0,2
CNP0194724.1,-6.0,3.449088312458781,3.020833333333333,0,730.6891302906604,1,145,0,1,0,5
CNP0194773.2,-9.028,1.4425574502976064,4.615384615384615,2,686.5886923621174,5,120,6,1,0,5
CNP0194819.1,-8.6,1.7572865154882735,5.392156862745098,4,1794.137580902668,9,275,6,0,4,14
CNP0194873.1,-8.8,1.6888132663447015,6.5,5,643.5501066072732,9,156,6,2,3,4
CNP0194881.1,-10.1,1.417430973305007,5.766666666666667,5,952.8574157611896,7,173,6,1,3,5
CNP0194965.1,-7.6,2.5658580830882176,3.65,0,436.9450823632968,3,73,14,1,0,6
CNP0194965.2,-8.4,2.5658580830882176,3.65,0,436.9450823632968,3,73,14,1,0,6
CNP0195072.0,-6.0,4.35881700254858,3.6666666666666665,0,297.0426262196018,1,55,0,0,1,5
CNP0195098.1,-10.85,1.21655115728703,4.666666666666667,2,1383.3205601547493,5,210,5,3,5,5
CNP0195132.2,-10.8,0.922174136219256,5.564516129032258,6,1609.002625325101,26,345,6,9,3,17
CNP0195133.1,-8.516,1.758301834837478,5.111111111111111,4,1769.1941963783747,11,276,8,1,4,15
CNP0195216.1,-11.3,0.959453699285111,5.4868421052631575,5,2143.39984148783,27,417,6,11,6,22
CNP0195294.2,-10.3,1.4783499001180695,4.566666666666666,2,1059.4489338876076,1,137,6,3,1,5
CNP0195299.0,-9.2,2.03607622712606,4.565217391304348,0,428.6349131215703,7,105,6,5,1,7
CNP0195318.1,-9.5,1.5790889717336896,5.56,4,502.3212584247274,9,139,6,1,2,2
CNP0195318.6,-9.0,1.5790889717336896,5.56,4,502.3212584247274,9,139,6,1,2,2
CNP0195516.1,-11.0,1.132739175833739,5.083333333333333,4,959.3111927622116,7,183,7,2,2,7
CNP0195532.2,-9.1,1.8395759078382563,4.225806451612903,0,791.330807358589,6,131,6,7,0,11
CNP0195538.2,-6.0,3.3366495157601235,2.9411764705882355,0,260.5856099980269,2,50,0,2,0,2
CNP0195548.2,-8.918,1.6816189909151535,5.5,5,1099.1924858877796,10,209,10,0,4,10
CNP0195654.2,-8.6,1.8818206576558445,5.4,3,440.03505186353874,4,108,6,1,3,5
CNP0195766.1,-10.99,1.239166965971361,5.0588235294117645,4,1269.4814235790625,3,172,6,4,0,9
CNP0195786.1,-11.4,0.9985674172213488,5.8,6,1527.7520584810377,19,319,6,7,5,13
CNP0195812.4,-11.4,1.082692455996794,5.784810126582278,9,3378.1106583204423,13,457,11,15,5,32
CNP0195831.1,-7.645,2.4734297837867065,3.85,0,515.1592782273493,1,77,6,4,0,8
CNP0195957.1,-9.424,1.3617272550976849,5.212765957446808,3,1641.993360209981,7,245,6,2,4,10
CNP0195969.1,-7.4,2.0368281842435985,5.75,2,425.9510536853171,5,115,5,1,2,3
CNP0195995.1,-10.7,1.5213631760072366,6.125,5,894.5076677282273,8,196,6,0,5,2
CNP0196036.4,-11.2,0.7901929384077842,5.489583333333333,5,2710.655123679286,36,527,6,20,7,33
CNP0196066.4,-8.0,2.487618539861286,4.0,0,401.9617766609257,2,72,6,2,1,3
CNP0196074.2,-9.1,1.7361552464759875,6.297297297297297,5,1195.9499116121676,9,233,6,1,6,9
CNP0196153.3,-9.5,1.3988706512052382,4.358974358974359,0,998.0639847715375,8,170,6,7,1,13
CNP0196191.0,-6.3,3.431577174882067,3.1666666666666665,0,383.27705681557154,2,76,0,4,0,7
CNP0196201.1,-8.2,2.234680538949218,4.307692307692308,2,544.3455017849385,6,112,9,1,0,4
CNP0196216.1,-6.1,4.02827568686747,3.090909090909091,0,895.5078013802568,2,136,0,2,0,9
CNP0196219.2,-10.3,1.1933879869558508,4.603174603174603,0,1938.22265456164,14,290,6,10,1,23
CNP0196224.1,-9.3,1.642638029128607,5.875,4,715.8693281847474,7,141,6,1,3,7
CNP0196270.1,-9.9,1.3483376471897497,4.866666666666666,2,1021.0250312109836,15,219,6,9,2,13
CNP0196324.1,-9.9,1.405437577880386,4.413793103448276,0,849.3959740095002,5,128,6,6,0,10
CNP0196355.1,-8.6,1.3186836126796884,5.075471698113208,2,1783.000000036021,15,269,6,13,0,20
CNP0196368.1,-8.5,1.171586307625718,5.945454545454545,7,1572.7403181385812,15,327,7,7,5,10
CNP0196376.7,-11.04,1.1457470065192863,5.056603773584905,2,1834.3719298823628,15,268,6,12,0,20
CNP0196407.1,-10.1,0.8488435605837129,5.730337078651686,12,3339.9635649431966,20,510,11,3,6,7
CNP0196423.4,-12.1,1.2964535441136047,6.0625,6,788.9162126608486,13,194,6,2,3,5
CNP0196458.1,-7.5,1.559664003886922,4.636363636363637,0,621.8410859751451,2,102,5,2,0,7
CNP0196515.0,-5.7,2.303782740797079,3.769230769230769,0,261.92369729722583,0,49,6,0,0,2
CNP0196519.1,-8.3,2.959445357601171,4.5227272727272725,2,1243.468006794268,8,199,12,0,2,12
CNP0196619.4,-9.7,1.367109333286987,6.0,5,783.9014412577819,10,198,6,3,6,3
CNP0196688.1,-8.0,1.9834962046015228,5.3478260869565215,3,639.2722268598521,4,123,7,0,2,3
CNP0196723.6,-11.3,1.2946496110951105,6.064516129032258,6,716.0249945366019,13,188,6,2,3,4
CNP0196730.5,-10.8,1.1987273799830178,5.0227272727272725,2,1553.607024620662,10,221,6,11,0,17
CNP0196830.1,-8.0,1.809091079075112,5.785714285714286,4,743.3090096912377,7,162,6,0,4,6
CNP0196862.2,-11.9,1.058730215094851,5.421052631578948,7,1682.953431492264,2,206,6,0,0,7
CNP0196883.1,-10.96,1.1087879307609068,7.260869565217392,12,1821.4954474848607,10,334,6,0,5,6
CNP0196901.2,-10.2,1.4353665974854974,5.967741935483871,6,1266.0091582935634,2,185,6,0,1,5
CNP0196901.4,-9.5,1.4353665974854974,5.967741935483871,6,1266.0091582935634,2,185,6,0,1,5
CNP0196914.4,-9.9,1.774926590183376,4.463414634146342,2,900.4977243418773,12,183,12,3,2,11
CNP0196918.1,-9.4,1.5758369905442924,4.5625,0,759.2614866848736,9,146,6,6,0,11
CNP0196931.4,-11.7,1.1647328451921752,4.975609756097561,2,1424.020490913308,10,204,6,8,0,14
CNP0196949.1,-10.6,1.205073627069532,5.333333333333333,6,1479.7770063353223,13,272,19,2,4,8
CNP0196987.0,-6.5,2.045140719607669,4.538461538461538,2,344.02313678649665,0,59,6,1,0,3
CNP0197118.3,-7.7,1.763135485611695,6.2105263157894735,4,536.2636638905316,6,118,7,0,2,4
CNP0197151.1,-9.8,1.5720810171701487,5.125,3,1062.917329365463,5,164,6,5,0,10
CNP0197197.4,-11.57,1.3356124008649983,6.242424242424242,6,825.105379168121,13,206,6,3,5,5
CNP0197197.7,-11.53,1.3356124008649983,6.242424242424242,6,825.105379168121,13,206,6,3,5,5
CNP0197216.1,-10.1,1.4449231976491026,5.033333333333333,2,946.946190365647,6,151,6,3,3,8
CNP0197265.1,-11.2,0.8334231369652937,5.53968253968254,6,1625.4281866892943,26,349,6,10,3,18
CNP0197265.4,-11.3,0.8334231369652937,5.53968253968254,6,1625.4281866892943,26,349,6,10,3,18
CNP0197346.3,-12.03,0.8254756528713181,5.181818181818182,3,1870.6509537935628,22,342,6,4,2,18
CNP0197441.2,-10.0,1.280274964232527,5.739130434782608,7,1930.073074547097,5,264,6,3,1,12
CNP0197479.2,-8.0,2.7951987349276983,4.125,0,547.9213906099358,3,99,6,1,2,3
CNP0197499.1,-9.6,1.349837833968023,4.56,4,1812.70936728502,4,228,14,4,0,10
CNP0197521.1,-7.9,1.9525147299004315,5.16,3,700.8750738452064,5,129,6,1,1,5
CNP0197586.5,-10.3,1.2370096402529371,5.1,6,1647.43264920296,2,204,14,1,0,8
CNP0197652.3,-11.27,1.1051424787429311,5.558139534883721,5,1272.9049415093432,9,239,6,1,5,3
CNP0197678.2,-8.082,3.16356844222542,3.904109589041096,0,1717.923668893769,22,285,42,15,0,18
CNP0197702.1,-8.2,1.6460651225074,5.48,3,672.2684500623259,5,137,6,1,2,5
CNP0197752.1,-10.9,0.9295343461027022,5.212121212121212,4,2587.045446722552,11,344,6,12,2,18
CNP0197753.2,-8.1,1.60151521419008,6.52,5,672.997663986965,8,163,6,3,4,5
CNP0197761.1,-8.503,0.959362833239553,4.712328767123288,7,2489.7766242382045,12,344,13,9,1,16
CNP0197819.3,-9.8,1.265146047066,4.933333333333334,2,1337.3868724158738,11,222,6,7,1,15
CNP0197830.1,-6.9,2.12504062707844,4.857142857142857,2,372.8750146484944,1,68,6,2,0,4
CNP0197903.4,-7.9,1.7601643480558733,4.291666666666667,0,499.0651379880271,2,103,6,1,2,3
CNP0197951.3,-7.6,2.672320846213939,4.457142857142857,2,969.306894050935,5,156,12,2,1,9
CNP0197960.6,-7.9,1.6673634032429718,4.727272727272728,3,549.2525515576185,4,104,10,0,1,5
CNP0198036.2,-10.9,1.264268544118916,5.25925925925926,4,1237.4791106965315,1,142,6,3,0,7
CNP0198084.2,-6.7,1.640701632710851,4.2,2,414.9229810987286,1,63,5,0,1,2
CNP0198094.1,-9.6,1.6696962636112345,7.1923076923076925,8,721.0899672426166,11,187,6,3,4,6
CNP0198112.8,-8.5,2.011460693884536,4.714285714285714,2,493.7505570458611,4,99,6,1,2,5
CNP0198140.1,-7.9,1.753194161445057,6.055555555555555,4,450.6550671030861,7,109,6,1,1,3
CNP0198153.6,-9.3,1.4687944249968912,6.138888888888889,5,1169.8491585618713,9,221,6,1,5,9
CNP0198173.1,-9.3,1.4915379496119283,5.64,5,861.3446973557218,4,141,6,2,1,5
CNP0198233.1,-7.2,2.0875879364526293,4.733333333333333,2,218.07820003461552,4,71,6,0,1,0
CNP0198233.4,-7.0,2.0875879364526293,4.733333333333333,2,218.07820003461552,4,71,6,0,1,0
CNP0198240.18,-9.6,1.4762613552040635,5.852941176470588,5,896.6881221989942,8,199,6,0,6,2
CNP0198308.2,-9.4,1.5158996855084057,5.615384615384615,4,926.908466902892,2,146,7,0,1,6
CNP0198335.1,-10.4,1.4443389931558015,4.938775510204081,5,1348.729534393006,13,242,16,2,2,10
CNP0198533.1,-7.3,1.694401715501874,5.410256410256411,3,1438.3748582976636,4,211,6,2,2,9
CNP0198627.9,-8.3,1.3167148496400651,5.190476190476191,3,566.9578338352854,4,109,6,0,0,4
CNP0198640.0,-5.8,2.9241178417559626,2.7333333333333334,0,350.2706140688828,0,41,0,0,0,1
CNP0198721.3,-10.4,1.5045925915786256,5.5,3,1188.618103620088,6,198,6,1,4,7
CNP0198781.1,-9.3,1.544070696146015,4.2105263157894735,0,1000.783667735037,4,160,6,4,0,9
CNP0198816.3,-9.3,1.5791362322715854,6.029411764705882,5,960.8521460012704,8,205,6,2,6,4
CNP0198846.1,-7.9,1.4728683923393755,4.590909090909091,2,464.73042949878914,3,101,6,2,0,4
CNP0198919.2,-10.7,1.632981353388625,5.542857142857143,4,892.1023682380259,11,194,6,7,5,8
CNP0198931.1,-10.6,0.9196917413326196,5.592592592592593,10,2391.9032177031613,2,302,6,2,0,11
CNP0199090.1,-8.7,1.4211594858905696,5.548387096774194,6,1017.3191122588393,5,172,7,0,1,8
CNP0199139.1,-11.6,1.197140276136257,5.128205128205129,3,1278.7384299019675,9,200,6,7,0,13
CNP0199215.1,-7.1,1.8188430700613585,6.470588235294118,4,401.1448824383833,5,110,7,0,3,2
CNP0199228.2,-9.7,1.6554962836681677,5.55,4,1119.9492920731727,10,222,6,4,6,8
CNP0199228.5,-10.2,1.6554962836681677,5.55,4,1119.9492920731727,10,222,6,4,6,8
CNP0199264.2,-10.9,1.1110858685259757,4.9245283018867925,2,1959.787151090448,6,261,6,6,0,13
CNP0199266.4,-10.18,1.5157806401278011,5.96969696969697,5,1104.6557253578071,6,197,6,2,5,4
CNP0199445.2,-7.8,1.992176475425193,4.92,3,575.8214065132764,6,123,9,0,1,3
CNP0199460.1,-10.6,1.3633641999168895,4.84,0,1949.2600795733176,5,242,6,11,0,17
CNP0199527.2,-10.4,1.256236588323851,5.8,7,1248.2144927146655,10,232,16,1,4,11
CNP0199553.0,-7.739,1.9386498920700528,3.8181818181818175,0,1383.7644053387096,13,252,6,9,0,19
CNP0199575.1,-8.1,1.912943260501741,6.125,3,401.65801413712745,4,98,5,0,2,1
CNP0199604.3,-8.7,1.513565146910991,5.1395348837209305,2,1521.557728886935,8,221,6,8,1,15
CNP0199618.1,-13.4,0.8556999480590712,5.620689655172414,4,1600.2898356131493,22,326,6,9,4,18
CNP0199647.1,-9.7,1.4255666507965246,4.882352941176471,2,1235.548856655004,5,166,6,5,0,11
CNP0199675.0,-9.5,1.389014298022807,5.0,3,1485.502549124177,0,180,6,8,0,12
CNP0199827.0,-6.936,1.9030152865724248,4.333333333333333,0,477.4808345555158,0,65,6,1,0,3
CNP0199857.1,-10.5,1.194002688377639,5.622222222222222,5,1381.2388738359116,11,253,6,4,5,6
CNP0199916.1,-5.5,1.9213956886016803,3.4285714285714284,0,133.19725257297225,2,48,5,1,0,1
CNP0200008.2,-8.0,2.0728394650513406,4.1923076923076925,2,653.0533986764286,3,109,9,0,0,4
CNP0200008.5,-8.2,2.0728394650513406,4.1923076923076925,2,653.0533986764286,3,109,9,0,0,4
CNP0200058.0,-8.4,1.437796327337288,3.857142857142857,2,648.2503879530765,0,108,6,2,0,4
CNP0200091.7,-9.8,1.525379076173312,6.033333333333333,5,700.8268714730224,8,181,6,0,6,0
CNP0200171.1,-8.17,2.036503758033057,5.478260869565218,3,811.1487852336252,1,126,6,1,2,4
CNP0200220.2,-9.1,1.268986772558945,5.125,2,1177.955228413353,17,246,6,3,4,11
CNP0200255.1,-10.51,1.3349737112724354,5.935483870967742,6,870.828415747757,7,184,13,2,3,6
CNP0200264.1,-5.5,2.914073356109064,2.736842105263158,0,153.76927278138976,1,52,0,1,0,1
CNP0200286.0,-7.7,1.964076286990357,4.227272727272728,2,729.6420963757353,0,93,6,1,0,5
CNP0200349.2,-10.9,1.3586433792360295,4.771428571428571,2,961.8692751754388,7,167,6,4,3,9
CNP0200415.1,-8.9,1.4055978709401191,4.592592592592593,0,780.2244496882452,2,124,6,1,1,6
CNP0200428.1,-7.3,1.9312754327535968,5.227272727272728,3,495.3156242537296,5,115,6,0,2,4
CNP0200492.0,-9.3,1.3109310369539846,4.793103448275862,3,1088.55374815,0,139,6,0,0,6
CNP0200529.1,-10.4,1.5416114605679607,4.733333333333333,2,1289.937682855595,1,142,6,1,0,8
CNP0200535.2,-8.5,2.8273395999815234,3.631578947368421,0,776.3313848845364,7,138,18,3,0,7
CNP0200638.1,-9.9,1.0532991676233467,5.318181818181818,2,1653.9877055972736,25,351,6,3,5,17
CNP0200665.0,-6.3,2.0084952019691062,4.5,2,433.7801939429931,0,63,6,1,0,3
CNP0200666.2,-9.4,1.184547710856858,5.190476190476191,5,1459.416517742678,6,218,6,1,0,10
CNP0200669.1,-10.0,1.3714808943204655,5.173913043478261,3,1211.7495428096338,14,238,6,10,2,14
CNP0200674.0,-9.7,1.330273248783857,4.722222222222222,3,1547.9267067103872,0,170,6,3,0,9
CNP0200697.1,-6.4,3.137738191689268,3.0,0,1058.0507076679849,3,147,0,3,0,3
CNP0200952.2,-7.9,1.9933218681289888,4.321428571428571,0,1338.3440036813658,16,242,16,3,1,16
CNP0200999.1,-11.36,0.9150531202659206,5.785714285714286,13,3212.9628120975945,9,405,18,6,1,14
CNP0201016.2,-9.2,1.5741919081682976,4.724137931034483,0,680.1349765965307,8,137,6,7,1,11
CNP0201031.3,-9.8,0.8256882944535298,5.5,5,2677.9065203965256,37,517,6,18,7,31
CNP0201075.1,-9.5,1.428024510453756,5.966666666666667,6,1198.5132798664413,2,179,6,1,1,5
CNP0201075.4,-9.7,1.428024510453756,5.966666666666667,6,1198.5132798664413,2,179,6,1,1,5
CNP0201075.5,-9.7,1.428024510453756,5.966666666666667,6,1198.5132798664413,2,179,6,1,1,5
CNP0201075.6,-9.6,1.428024510453756,5.966666666666667,6,1198.5132798664413,2,179,6,1,1,5
CNP0201106.4,-10.0,1.5155873693138284,4.594594594594595,0,1010.3443968657814,7,170,6,6,1,11
CNP0201244.1,-8.0,1.8223404262803609,6.0,4,651.3244985321004,7,144,6,2,3,7
CNP0201343.2,-9.794,1.4591911991654574,5.9523809523809526,5,657.9222160311251,5,125,6,2,1,5
CNP0201515.0,-8.373,1.6823514365723948,4.833333333333333,2,809.6416640431158,0,116,6,2,0,6
CNP0201518.3,-9.3,1.5750018575551228,4.551724137931035,0,838.6967397513704,5,132,6,7,0,9
CNP0201575.2,-7.4,1.9556355646841328,5.3,4,416.4581791655832,6,106,7,0,2,3
CNP0201640.0,-5.8,3.2188916014246405,2.9473684210526314,0,819.1578015822105,0,168,0,0,0,1
CNP0201643.5,-9.3,1.6395317716176168,5.62962962962963,4,736.6603800570747,6,152,6,0,3,4
CNP0201649.3,-10.6,1.2402773374875231,5.2682926829268295,4,933.624049705025,15,216,6,4,2,6
CNP0201675.3,-10.9,1.0469296869363716,5.35,6,893.2290239512641,12,214,6,0,3,4
CNP0201677.0,-7.939,2.138802747921206,4.3125,0,701.859466141333,7,138,6,4,0,11
CNP0201698.4,-9.0,1.378272047586314,4.28,0,474.4188915744298,4,107,6,0,0,3
CNP0201722.1,-8.9,1.787690176857154,4.928571428571429,2,580.8895601749073,6,138,6,1,3,4
CNP0201777.0,-10.5,1.5369935906151804,5.269230769230769,3,1065.3369605246428,1,137,6,3,1,6
CNP0201798.1,-9.6,1.9063286966269897,4.260869565217392,0,1455.095969682961,6,196,19,4,0,11
CNP0201818.2,-7.1,2.333746559538791,3.782608695652174,0,501.21298164097374,4,87,3,2,1,6
CNP0201851.2,-7.6,3.892055720016448,4.037037037037037,0,1955.3859264365665,12,327,36,6,0,24
CNP0201913.2,-8.2,1.1021269913634657,5.54054054054054,5,2134.3979592961505,26,410,6,13,6,22
CNP0201953.3,-9.5,1.5725871831431584,5.5,4,842.8929045040401,7,176,6,0,4,2
CNP0201957.17,-9.443,1.5162760399297337,6.032258064516129,5,790.2333915090533,8,187,6,1,6,1
CNP0201957.19,-9.473,1.5162760399297337,6.032258064516129,5,790.2333915090533,8,187,6,1,6,1
CNP0202030.1,-8.8,1.7038870541824247,6.5,5,861.6272172885426,6,169,6,1,3,5
CNP0202034.1,-9.5,1.7458183311394508,6.045454545454546,4,562.0545526897456,6,133,6,1,4,2
CNP0202040.5,-10.1,1.476941908035226,5.0588235294117645,2,1298.2928959962885,5,172,6,9,0,13
CNP0202099.3,-9.8,1.5332597152345708,7.708333333333333,9,723.6725220904194,12,185,6,3,4,4
CNP0202100.0,-5.8,2.246344052442022,3.6666666666666665,0,294.5800514214521,0,44,6,1,0,3
CNP0202111.1,-7.894,1.8425280582073056,5.0,3,744.7532114086073,2,125,6,2,1,4
CNP0202112.1,-12.24,1.1720349926960107,5.904761904761905,6,1019.2554090198169,19,248,6,6,3,10
CNP0202247.1,-9.8,1.0498510922131514,4.844660194174757,0,2725.8704812984533,41,499,6,27,1,46
CNP0202308.1,-10.55,1.3346791993741574,5.4,4,1556.781067358574,11,270,6,1,5,9
CNP0202404.2,-9.1,1.758268080581791,4.814814814814815,2,775.7085348993197,2,130,6,1,0,8
CNP0202433.1,-8.6,1.941530028052136,4.764705882352941,3,949.683854649346,5,162,15,2,3,7
CNP0202525.16,-8.2,1.8268935922240253,4.916666666666667,3,606.5303777006083,4,118,12,1,1,6
CNP0202541.1,-8.7,2.1165538821574006,4.065217391304348,3,2723.7535300719205,12,374,31,15,0,33
CNP0202552.0,-7.7,2.24662626166157,4.857142857142857,2,498.9194975343434,4,102,6,1,2,4
CNP0202576.2,-9.5,1.3214639884430626,5.025,2,1391.6517583815628,9,201,6,8,0,14
CNP0202582.1,-7.6,1.469246356518989,3.928571428571429,2,559.0990616582226,2,110,7,0,0,7
CNP0202605.1,-10.1,1.4082325923333343,6.194444444444445,6,986.640046194434,11,223,6,0,6,4
CNP0202678.1,-10.9,0.8607741764320981,5.441860465116279,5,2378.697646214041,32,468,6,16,6,27
CNP0202730.6,-9.3,1.5021454506440923,5.333333333333333,4,573.9735940164148,9,144,6,2,2,3
CNP0202758.1,-9.7,1.1733503822472429,4.756756756756757,2,1167.4520597075684,3,176,7,3,1,15
CNP0202873.1,-8.1,1.955505009149883,4.48,0,504.14278565428367,7,112,8,2,1,6
CNP0202875.1,-9.9,1.418283123511384,4.743589743589744,2,1206.0452820174648,10,185,6,7,0,13
CNP0202938.1,-11.2,1.055433051963074,4.741935483870968,2,1017.0054375435984,4,147,6,3,0,9
CNP0202942.1,-8.8,1.7370484713360146,4.884615384615385,2,599.8378824094685,8,127,6,6,0,10
CNP0202975.1,-9.2,1.549899260395584,5.6,3,694.483700172029,5,140,6,0,3,3
CNP0203048.1,-7.2,3.699144108988327,3.1481481481481484,0,414.6014106403577,3,85,0,3,0,4
CNP0203085.1,-8.0,2.372217943942656,4.171428571428572,3,884.947258660997,4,146,14,3,0,8
CNP0203097.1,-9.1,1.6885680449234424,5.478260869565218,4,986.3981932549972,2,126,6,1,1,2
CNP0203098.1,-8.6,1.648269479480155,6.08,5,747.411639234252,4,152,6,1,2,4
CNP0203121.1,-7.2,2.062673097916841,4.8,2,380.1029079906701,2,72,6,0,0,7
CNP0203230.1,-11.6,0.9444295549007108,5.575757575757576,5,1857.6087932044777,23,368,6,10,6,18
CNP0203233.1,-7.5,1.6895572234420535,5.523809523809524,4,624.9515024443521,3,116,6,3,1,4
CNP0203269.2,-6.2,1.7858423971200028,4.466666666666667,2,277.06328774272043,3,67,5,0,0,1
CNP0203291.1,-11.5,0.9197201438299428,5.021739130434782,6,1577.942965667673,7,231,6,4,2,10
CNP0203302.1,-8.5,1.2812086154000577,4.134615384615385,0,1786.3606849434982,1,215,6,4,0,8
CNP0203304.2,-9.69,1.5332597152345708,7.708333333333333,9,763.9829209783869,11,185,6,2,4,4
CNP0203316.2,-9.0,1.7174572669594848,5.083333333333333,3,629.5501066072732,5,122,6,0,1,4
CNP0203345.1,-10.9,1.089407453097319,5.135135135135135,5,1479.1443262830935,2,190,6,1,0,9
CNP0203357.1,-8.8,2.358008455986852,4.378378378378378,0,826.9997882319999,12,162,14,2,0,9
CNP0203365.0,-7.6,2.334862023872267,5.0,2,483.1817800171806,5,105,6,2,2,4
CNP0203366.1,-12.4,0.9830469493607472,5.530612244897959,4,1260.5556119751614,18,271,6,8,3,14
CNP0203382.2,-10.8,1.6154182912355828,4.625,0,987.5032004492836,5,148,6,8,0,11
CNP0203412.4,-10.0,1.5542412392188447,5.3125,4,695.5341924019476,13,170,6,5,2,5
CNP0203452.6,-12.3,0.9927362761375532,5.591836734693878,4,1296.6759992440675,17,274,6,7,4,14
CNP0203452.9,-11.9,0.9927362761375532,5.591836734693878,4,1296.6759992440675,17,274,6,7,4,14
CNP0203473.1,-11.2,1.0719278234158067,6.14,7,1431.9999338579848,17,307,6,3,7,11
CNP0203476.0,-4.0,2.325296719877603,3.7142857142857135,0,90.08094399727418,0,26,5,0,0,2
CNP0203590.2,-10.2,0.8533179774954877,5.465909090909091,5,2465.095987165293,34,481,6,16,7,28
CNP0203618.2,-9.7,1.458041407591678,5.8,7,1453.409085176199,5,232,6,1,4,7
CNP0203632.1,-10.5,1.5295848415985127,5.333333333333333,4,781.104180619053,11,176,6,3,2,5
CNP0203663.1,-7.731,2.02022918496056,4.565217391304348,2,611.803067958818,1,105,6,2,2,3
CNP0203754.1,-8.7,1.4892392229233515,4.96969696969697,2,1218.923012833175,5,164,6,6,0,11
CNP0203770.3,-9.9,2.077289488778117,3.703703703703704,0,1568.5181932867272,3,200,5,2,3,4
CNP0203791.5,-8.3,1.5323809479898851,4.628571428571429,0,1057.5361716703794,6,162,6,3,0,9
CNP0203852.1,-7.9,2.015483275033328,5.722222222222222,4,424.8128976169508,5,103,6,0,3,2
CNP0204096.1,-8.1,1.9593885725792817,5.777777777777778,3,497.9233810744004,3,104,6,3,2,4
CNP0204140.1,-9.0,1.76990647086526,4.25,0,706.0290035528257,3,102,6,5,0,8
CNP0204144.1,-10.7,1.220774762044421,5.219512195121951,4,1955.7976175895576,1,214,6,7,0,11
CNP0204151.0,-7.912,1.8098423547030744,4.3,0,641.303715873109,0,86,6,4,0,5
CNP0204256.1,-10.4,1.2309780407947,5.739130434782608,8,1744.973954670838,6,264,6,1,1,9
CNP0204265.1,-9.7,1.7397287401650654,5.696969696969697,4,891.042468583781,9,188,6,4,4,6
CNP0204272.1,-7.6,2.057287835288064,5.478260869565218,3,513.0161755466456,6,126,6,1,3,3
CNP0204276.9,-9.0,1.5706009928700624,5.032258064516129,2,1201.9308498503617,4,156,6,7,0,11
CNP0204289.3,-6.6,3.2206383351821843,3.0,0,1058.0507076679849,3,147,0,3,0,3
CNP0204291.0,-7.0,2.019228567468533,4.333333333333333,2,679.7437368678757,0,78,6,0,0,4
CNP0204505.1,-10.78,1.1527593653113537,5.760869565217392,5,1429.7272213883252,17,265,6,7,2,16
CNP0204805.0,-8.9,1.8027127801797227,4.7407407407407405,2,1074.7526351993215,0,128,6,3,0,6
CNP0204870.6,-9.0,1.827920910700523,5.269230769230769,2,563.2337164460854,10,137,6,7,2,10
CNP0204887.2,-8.2,1.728259405305482,5.95,5,444.9546635134157,5,119,6,0,3,0
CNP0204898.2,-10.0,1.813671892818984,4.67741935483871,3,1085.9215566322969,1,145,7,3,0,6
CNP0204951.1,-7.85,1.9909786454575569,5.611111111111111,3,501.8370339371732,4,101,6,1,1,3
CNP0204978.1,-7.789,1.7156379268853528,4.571428571428571,2,462.5902402485141,1,96,8,1,0,5
CNP0204994.0,-8.6,1.2628798061008872,6.1,7,1259.8701657561487,9,244,7,3,5,8
CNP0205039.0,-5.6,2.18153919497051,4.172661870503597,0,4677.274840214513,11,580,6,22,9,46
CNP0205143.0,-9.1,1.279868167812804,5.411764705882353,4,1601.8821269876,0,184,6,3,0,8
CNP0205168.2,-8.6,3.766406627216396,3.4642857142857144,0,737.5472877916513,2,97,0,3,1,4
CNP0205228.5,-8.2,2.43012538491448,3.619047619047619,0,328.6290254039171,4,76,10,3,0,5
CNP0205232.1,-9.7,1.149432685934031,5.564516129032258,8,1934.980869352211,13,345,14,6,6,12
CNP0205235.1,-10.1,1.029891005191285,6.980392156862745,13,1984.841822406741,12,356,6,2,5,9
CNP0205312.0,-5.2,2.416919921754093,3.888888888888889,0,273.5260968269772,0,35,5,1,0,5
CNP0205323.2,-10.28,1.331757454455885,6.428571428571429,8,1387.0816205872366,4,225,6,2,4,8
CNP0205330.1,-9.016,1.533125017415396,4.8125,0,1210.414020374525,2,154,6,5,0,8
CNP0205359.0,-6.4,2.9741982767598167,4.25,0,580.662048738716,0,85,6,2,0,5
CNP0205365.1,-12.0,1.3191552791373595,5.447368421052632,6,1429.8081428061105,8,207,13,2,2,6
CNP0205426.1,-9.0,1.9101902521884857,5.137931034482759,2,1024.0716545192463,1,149,6,5,2,8
CNP0205433.1,-7.7,1.811263035172556,5.391304347826087,3,461.8031391028164,7,124,6,2,4,3
CNP0205494.1,-9.935,0.9651618825264688,6.037037037037037,10,2076.5891193971115,12,326,6,1,1,10
CNP0205516.1,-6.9,2.1841449381273312,4.833333333333333,3,903.270814566374,9,174,9,2,1,11
CNP0205566.2,-5.9,1.804058054751493,3.3157894736842106,0,402.4486770321807,3,63,3,1,0,2
CNP0205579.9,-9.4,1.7082901220560942,4.814814814814815,2,590.2631981893766,9,130,6,4,0,10
CNP0205618.1,-6.9,2.187383430080406,4.5,0,590.7989795921393,6,117,6,4,0,8
CNP0205668.2,-7.0,1.923007859646456,5.8,3,303.1601712439863,6,87,6,0,1,0
CNP0205694.0,-8.7,1.7546458571086765,4.956521739130435,3,815.5336954348244,0,114,6,0,0,3
CNP0205703.1,-10.1,1.3275716387413197,5.170731707317073,3,1660.9252563647697,2,212,6,3,1,12
CNP0205748.1,-10.9,1.4497613177116702,5.456521739130435,4,1122.122288246131,16,251,6,7,5,9
CNP0205805.3,-7.7,3.822639451304981,4.115384615384615,0,1888.643204700021,12,321,36,6,0,24
CNP0205805.4,-7.9,3.822639451304981,4.115384615384615,0,1888.643204700021,12,321,36,6,0,24
CNP0205816.0,-9.0,1.4395805219673892,5.130434782608695,2,760.0027429749314,4,118,6,4,0,10
CNP0205828.2,-8.2,1.6111890199048664,5.6,4,537.5953418394585,0,112,6,1,2,4
CNP0205876.2,-10.6,1.4047618024283024,5.625,4,739.5583521498215,13,180,6,3,2,5
CNP0205881.1,-8.8,1.5632552767516246,5.346938775510204,4,1658.5634737874796,11,262,7,2,4,12
CNP0205898.1,-11.2,0.8704532945005042,6.393939393939394,11,2630.6849174930494,14,422,6,1,11,8
CNP0205931.0,-6.3,2.941370513801992,4.352941176470588,0,367.50895970768704,0,74,6,1,2,1
CNP0205945.11,-9.4,1.580342439147107,4.566666666666666,0,715.0167176994719,10,137,6,6,0,11
CNP0206000.1,-10.1,1.020609880465882,4.925925925925926,7,2212.024663909556,3,266,19,6,0,9
CNP0206003.0,-5.6,2.199542733333736,3.75,0,233.38866754698049,0,45,5,0,0,1
CNP0206018.1,-7.5,1.7845233659748891,4.190476190476191,0,329.63530694422616,3,88,6,2,0,6
CNP0206048.1,-9.5,1.6090444374739543,5.764705882352941,6,1223.7733445622898,4,196,6,2,3,6
CNP0206150.0,-7.7,2.2308633506121014,4.766666666666667,0,1066.2730459855743,0,143,6,2,0,8
CNP0206192.1,-11.1,1.521290089012423,4.454545454545454,0,995.2521840713524,5,147,6,6,0,11
CNP0206330.1,-11.1,1.4998684792049086,4.1395348837209305,0,1179.9809120206262,7,178,6,3,2,3
CNP0206331.0,-10.7,1.05655116523858,4.833333333333333,2,978.823521101228,0,145,6,1,1,5
CNP0206347.1,-11.64,0.7703407067011533,5.597014925373134,11,2057.929933422536,23,375,8,0,5,15
CNP0206348.3,-8.5,1.9727604030182573,4.589743589743589,2,1150.3799317116063,7,179,12,1,2,8
CNP0206356.2,-9.9,1.3615805415503155,4.382352941176471,0,826.7529701906177,10,149,6,3,0,6
CNP0206414.3,-7.8,1.7902138988284646,5.15686274509804,4,1695.0688753095376,9,263,7,1,4,14
CNP0206487.3,-11.2,1.4766053530336567,5.029411764705882,2,1298.2928959962885,5,171,6,9,0,13
CNP0206513.0,-7.3,2.1720180414581813,4.928571428571429,2,338.2308921051757,2,69,6,1,1,2
CNP0206734.1,-8.6,1.6809379425951785,4.857142857142857,2,536.2166589266449,1,102,6,1,2,1
CNP0206764.1,-7.9,1.9632287948008544,4.592592592592593,2,680.5855054810366,3,124,5,2,1,7
CNP0206835.1,-11.1,1.4744823596522174,6.695652173913044,7,800.5593934615874,7,154,6,2,1,4
CNP0206838.3,-8.0,2.221877937629581,3.724137931034482,0,557.471448118242,4,108,6,2,0,6
CNP0206862.1,-10.3,1.3976129123625272,5.073170731707317,2,1503.4254408307086,8,208,6,10,0,16
CNP0206987.8,-8.895,1.6553244633919069,5.809523809523809,4,630.0751004276119,5,122,6,0,1,6
CNP0206993.1,-8.6,1.6312625198427693,5.48,4,677.0537751488777,5,137,12,1,2,7
CNP0207006.1,-8.7,1.320874648951294,5.609756097560975,6,1863.14900235854,3,230,7,2,0,11
CNP0207007.2,-8.0,2.011206110091304,4.136363636363637,2,461.3007542568095,3,91,9,1,0,3
CNP0207089.3,-10.5,1.5407833117427232,6.161290322580645,5,741.0189792512658,10,191,6,2,6,2
CNP0207124.1,-8.6,2.041718233360416,4.965517241379311,3,717.469654453368,9,144,7,0,1,8
CNP0207154.0,-6.7,1.4715686259604857,4.533333333333333,0,435.22434345940326,0,68,6,0,0,0
CNP0207167.2,-7.6,1.585892782881917,5.578947368421052,4,496.3740424909709,5,106,10,0,2,4
CNP0207183.0,-4.4,2.595082706793886,2.333333333333333,0,84.56842503028855,0,21,0,0,0,1
CNP0207277.0,-5.3,2.086267379492059,3.4615384615384617,0,213.8259028288588,0,45,6,0,0,1
CNP0207327.1,-6.4,2.5455331798655902,4.0,0,269.08617861615306,1,60,5,1,1,5
CNP0207414.1,-10.0,1.137276824753556,5.2926829268292686,6,1375.2403719287595,7,217,7,4,1,13
CNP0207421.1,-9.8,1.4958254761440164,5.275862068965517,4,754.4994863002862,7,153,6,0,2,2
CNP0207437.2,-8.8,1.6756492341935856,4.826086956521739,2,729.0186859613214,2,111,6,4,1,6
CNP0207468.1,-10.5,1.2930646487212194,4.5,0,970.26237675089,4,153,6,1,1,1
CNP0207571.1,-9.4,1.023044927887827,5.08,8,2536.065053110993,13,381,16,6,3,12
CNP0207669.2,-9.0,1.656065276197119,5.970588235294118,5,933.3471049582467,13,203,6,4,3,9
CNP0207835.1,-8.6,1.5226279148714503,4.592592592592593,2,662.9333134382828,5,124,6,2,1,8
CNP0207857.3,-8.7,1.5807086034545943,4.666666666666667,0,806.5318537515025,6,140,6,5,1,10
CNP0207864.2,-9.6,1.8124009787216224,5.513513513513513,3,1066.6951933700102,10,204,7,8,4,10
CNP0207869.1,-6.1,2.1853978173026736,4.8,2,316.93001187765793,2,72,6,0,1,0
CNP0207970.1,-6.8,3.4816494921457104,3.022727272727273,0,671.4241258247574,1,133,0,1,0,5
CNP0207980.1,-6.9,2.399843428420517,4.071428571428571,0,242.2346534687026,4,57,5,5,0,9
CNP0207980.2,-7.0,2.399843428420517,4.071428571428571,0,242.2346534687026,4,57,5,5,0,9
CNP0208001.0,-6.9,3.480152675916029,3.1,0,411.5894505546085,0,62,0,2,0,5
CNP0208031.1,-9.2,1.5036372171394774,5.9375,5,828.258610049183,10,190,6,2,4,3
CNP0208066.2,-9.7,1.7141746611985005,4.5,2,904.715407633385,7,153,16,2,1,8
CNP0208086.2,-8.4,1.8361096459421409,5.5625,3,958.6126211785548,7,178,6,2,3,10
CNP0208108.0,-7.2,2.1836614916004256,4.722222222222222,2,597.803829197177,0,85,6,1,0,2
CNP0208147.0,-8.1,1.7956313463475742,4.72,2,1021.83118897897,0,118,6,4,0,8
CNP0208179.1,-9.2,1.7130006603152863,4.166666666666667,0,744.4080101286365,2,125,6,3,0,8
CNP0208199.1,-9.5,1.7725088163161602,5.75,4,689.87071661214,6,138,6,1,2,5
CNP0208290.1,-7.913,1.7865054655618338,5.538461538461538,4,801.6364340250252,3,144,6,1,1,6
CNP0208362.0,-5.9,2.903800203064425,2.7222222222222223,0,476.3960145641883,0,49,0,0,0,2
CNP0208372.0,-6.6,0.9151136070857254,4.706896551724138,5,1262.863822220636,10,273,6,0,5,2
CNP0208385.5,-7.8,1.6298521079336412,5.0285714285714285,2,1315.1734632486352,5,176,6,8,0,13
CNP0208404.1,-8.3,1.5870589626087857,6.037037037037037,5,828.5213472972839,6,163,6,1,2,8
CNP0208438.4,-9.4,1.31742828276522,5.935483870967742,6,712.5951153861131,13,184,6,3,2,4
CNP0208438.5,-10.3,1.31742828276522,5.935483870967742,6,712.5951153861131,13,184,6,3,2,4
CNP0208449.1,-10.9,0.8286752829896994,5.567567567567568,6,1975.0575323705912,31,412,6,14,4,24
CNP0208451.1,-8.4,2.9618363274369144,4.547619047619048,2,1212.5346027458927,7,191,12,0,3,12
CNP0208451.2,-9.2,2.9618363274369144,4.547619047619048,2,1212.5346027458927,7,191,12,0,3,12
CNP0208451.3,-7.4,2.9618363274369144,4.547619047619048,2,1212.5346027458927,7,191,12,0,3,12
CNP0208457.3,-10.9,1.4016236670854705,6.305555555555555,6,1029.173000519232,11,227,6,0,6,4
CNP0208467.2,-9.8,1.3459005493737886,5.022222222222222,2,1606.41542789947,10,226,6,10,0,17
CNP0208503.1,-6.3,2.3125434994549847,3.4339622641509435,0,964.7161007342104,6,182,6,4,0,10
CNP0208505.1,-7.9,1.8409220036935143,4.878787878787879,3,943.5815629519652,8,161,7,1,1,9
CNP0208530.1,-7.9,1.9534104864447832,4.724137931034483,3,1003.1220399039648,1,137,7,3,0,8
CNP0208536.1,-6.1,2.836683272011559,4.466666666666667,0,257.806943328591,4,67,6,0,2,5
CNP0208540.1,-10.7,1.3949088925851676,5.151515151515151,3,691.2532241385791,13,170,6,6,2,11
CNP0208558.1,-11.1,1.3987406247073022,5.818181818181818,4,856.6030229407056,9,192,6,1,4,3
CNP0208565.1,-8.4,1.943465857241832,5.333333333333333,3,389.1999526462128,7,96,7,1,0,3
CNP0208567.2,-9.2,1.5287349513498678,5.523809523809524,4,591.2291918789499,4,116,6,0,1,2
CNP0208567.4,-8.9,1.5287349513498678,5.523809523809524,4,591.2291918789499,4,116,6,0,1,2
CNP0208706.1,-9.7,1.6992396283439717,5.043478260869565,2,805.4619688542556,1,116,6,6,1,8
CNP0208717.1,-9.6,1.4675902249939965,5.0,3,919.2860238631324,1,135,7,1,0,8
CNP0208722.0,-8.9,1.442724555091472,4.375,0,1062.5801449268308,0,105,6,2,0,5
CNP0208917.1,-9.4,1.4331023186033167,4.944444444444445,2,1009.05625876671,8,178,6,6,2,12
CNP0208949.1,-7.8,1.897607601661201,5.388888888888889,3,402.5428946113829,6,97,7,1,1,3
CNP0208970.2,-7.7,2.0003048343618244,3.548387096774193,0,677.2002392267599,2,110,3,0,1,1
CNP0209010.26,-10.2,1.475646747639592,5.2105263157894735,2,1401.363326368666,8,198,6,9,0,13
CNP0209052.1,-11.29,1.4927650832734605,6.739130434782608,7,693.7021153048496,10,155,6,3,1,4
CNP0209077.1,-7.0,3.513223130067271,4.518518518518518,0,668.6462496880207,6,122,8,8,2,16
CNP0209077.2,-7.3,3.513223130067271,4.518518518518518,0,668.6462496880207,6,122,8,8,2,16
CNP0209103.1,-8.2,1.97156616046558,4.478260869565218,2,499.5064005423188,4,103,6,1,2,3
CNP0209174.0,-7.2,2.264183332509352,4.52,0,816.5536046427377,0,113,6,2,0,7
CNP0209209.1,-9.734,1.8117756946691983,4.653846153846154,3,1491.8929620723789,8,242,18,7,1,18
CNP0209214.4,-12.0,0.9070046512375392,5.787878787878788,5,1769.7943980693242,26,382,6,12,7,19
CNP0209216.1,-8.0,2.2299015740643964,5.0,2,310.0436806111143,5,85,6,2,1,2
CNP0209219.1,-7.224,2.194610954962956,4.52,2,687.6454881564647,2,113,6,2,1,7
CNP0209299.1,-11.1,1.201253998607969,6.2,6,1224.8221641844214,17,279,6,6,7,9
CNP0209317.1,-10.5,1.3082406779168416,6.634146341463414,8,1312.2417627685682,15,272,7,3,6,12
CNP0209317.2,-10.0,1.3082406779168416,6.634146341463414,8,1312.2417627685682,15,272,7,3,6,12
CNP0209381.10,-10.9,0.9207258646369784,5.564516129032258,6,1609.002625325101,26,345,6,9,3,17
CNP0209401.1,-11.7,1.025876243274656,5.019230769230769,2,1732.678393627921,15,261,6,11,0,19
CNP0209445.1,-5.8,3.1083687860471967,2.909090909090909,0,208.85697657247,2,64,0,3,0,3
CNP0209587.1,-10.7,1.0857152494534728,5.660377358490566,5,1452.91608032792,18,300,6,8,5,13
CNP0209603.2,-7.0,2.119417211368658,5.0606060606060606,2,979.3819247592554,4,167,6,2,1,8
CNP0209676.1,-10.2,1.564337046280426,5.416666666666667,4,1046.9730674438058,1,130,6,3,1,6
CNP0209699.1,-8.6,1.5892716330004817,5.75,5,834.3567675631151,3,138,6,1,0,5
CNP0209806.2,-12.6,1.086859282803101,5.696428571428571,5,1550.279077510614,20,319,6,8,5,14
CNP0209806.6,-12.3,1.086859282803101,5.696428571428571,5,1550.279077510614,20,319,6,8,5,14
CNP0209856.1,-8.6,1.4944895105866645,3.942857142857143,0,1840.619817437126,12,276,6,10,2,16
CNP0209859.0,-10.5,1.328197716966487,5.5,6,1824.565587355925,0,187,6,3,0,8
CNP0209954.4,-9.9,1.278411357556387,5.023809523809524,2,1302.5316998897415,9,211,6,8,1,15
CNP0209964.0,-5.6,2.880310190687724,2.6875,0,216.77523112580903,0,43,0,1,0,2
CNP0209987.0,-8.8,1.767325929798044,4.916666666666667,2,971.1261088078836,0,118,6,3,0,7
CNP0210013.1,-9.2,1.4073348204972986,6.2,8,1707.4278993905743,9,279,6,4,6,12
CNP0210179.1,-11.8,1.0256107417203362,5.446428571428571,4,1464.6512694963765,20,305,6,6,4,12
CNP0210210.0,-7.6,1.7868320179131667,5.0,3,640.957112138695,0,75,6,1,0,1
CNP0210255.1,-9.6,1.2847633151993778,4.512820512820513,2,1251.703541147337,6,176,6,1,0,8
CNP0210258.0,-8.7,1.7477312863822043,4.84,2,1004.4577061501074,0,121,6,2,0,7
CNP0210335.1,-9.3,1.2137934887116169,4.818181818181818,6,2194.7801380115075,9,318,20,8,2,10
CNP0210544.1,-8.9,1.7740432213798258,5.16,3,754.1907536538868,4,129,6,0,1,4
CNP0210741.2,-7.8,1.6484870390127575,5.0,3,334.43856189774715,6,100,6,2,1,4
CNP0210751.0,-11.79,1.1152948603771211,5.138888888888889,8,1412.3419952472832,2,185,18,2,0,4
CNP0210794.2,-10.0,1.4129118577974653,5.3,3,808.3566241707924,7,159,6,1,3,5
CNP0210878.1,-11.8,1.3484404626255997,4.82051282051282,2,1097.527177459052,10,188,6,8,0,16
CNP0210878.2,-11.9,1.3484404626255997,4.82051282051282,2,1097.527177459052,10,188,6,8,0,16
CNP0210931.1,-10.3,1.1680110375263868,5.357142857142857,2,1396.9515446093856,22,300,6,3,5,13
CNP0210953.9,-11.4,1.2585709960989633,6.033333333333333,6,686.3505507446399,12,181,6,2,3,3
CNP0210987.0,-11.3,1.0094376651825352,5.480769230769231,5,1356.9577004268183,19,285,6,7,3,13
CNP0211028.1,-8.9,1.3459448543116803,5.627906976744186,6,1357.0010925988825,11,242,7,1,2,9
CNP0211044.2,-9.5,1.5259718629926422,5.380952380952381,4,724.8475421793463,2,113,6,2,0,5
CNP0211045.1,-12.7,0.9992757946203046,5.5,4,1323.255669974587,17,275,6,6,3,14
CNP0211079.1,-8.482,1.5912188822490008,4.652173913043479,2,714.4080403127446,1,107,6,3,0,5
CNP0211115.1,-9.1,1.915093154615508,5.380952380952381,3,523.5356004323222,3,113,6,8,2,11
CNP0211178.1,-8.7,1.178861230063454,4.691176470588236,4,2040.8021903607128,7,319,17,6,3,14
CNP0211187.1,-9.8,1.3624878764830863,5.0,3,854.1572515378695,2,115,6,1,0,6
CNP0211216.1,-9.9,1.6875029095127334,6.541666666666667,5,643.5501066072732,9,157,6,2,3,4
CNP0211232.1,-9.6,0.9681114128878818,4.450980392156863,5,1344.1143598716535,4,227,6,6,0,13
CNP0211511.2,-8.6,1.3651509554813046,4.642857142857143,0,1621.6801553014036,15,260,6,13,0,21
CNP0211549.4,-10.6,1.2645731379823877,5.75,5,1429.1737480694271,10,253,6,0,5,6
CNP0211549.6,-9.9,1.2645731379823877,5.75,5,1429.1737480694271,10,253,6,0,5,6
CNP0211610.2,-7.4,1.9550430118946909,4.5625,2,322.3266529435302,3,73,6,0,1,1
CNP0211709.9,-8.6,1.5571385036673009,6.56,7,778.9144839710025,5,164,6,1,3,4
CNP0211713.1,-7.2,1.7817319257814073,5.043478260869565,2,812.7163893681935,2,116,6,1,1,6
CNP0211737.3,-8.4,1.709905170830619,6.583333333333333,5,740.0391792754152,7,158,6,2,4,5
CNP0211773.2,-7.0,2.336043187453277,5.277777777777778,2,361.5051022779815,4,95,6,0,3,3
CNP0211792.0,-8.9,1.716256240308517,4.92,2,1035.2228984290464,0,123,6,4,0,8
CNP0211850.1,-11.5,1.3874296497797345,6.2727272727272725,6,860.6030229407054,9,207,7,1,6,3
CNP0212067.1,-8.3,1.5650026110624062,5.555555555555555,4,505.8370339371732,4,100,10,0,2,3
CNP0212072.1,-8.9,2.75266246332394,3.6346153846153846,0,1161.206742251208,11,189,36,9,0,12
CNP0212086.1,-8.4,0.7900864583777668,5.293333333333333,4,2115.7369920862243,26,397,6,5,4,19
CNP0212109.1,-8.0,2.6582499702746576,3.582089552238806,0,1594.29178788545,8,240,6,8,0,22
CNP0212137.1,-8.9,1.20340144702547,4.703703703703703,3,777.6890768067703,4,127,6,0,0,7
CNP0212195.14,-9.3,1.5457682566273985,5.096774193548387,2,1167.479385593846,5,158,6,7,0,10
CNP0212255.7,-10.3,1.478141786758919,5.852941176470588,5,839.661965144302,11,199,7,4,5,4
CNP0212264.17,-8.6,1.431091773202146,4.393939393939394,2,873.07128902045,6,145,6,1,2,7
CNP0212264.4,-8.5,1.431091773202146,4.393939393939394,2,873.07128902045,6,145,6,1,2,7
CNP0212295.0,-5.4,2.93222634513735,2.761904761904762,0,242.76392511682727,0,58,0,0,0,0
CNP0212337.0,-5.9,2.3460273719161053,3.909090909090909,0,269.17621663807944,0,43,5,2,0,5
CNP0212381.0,-9.2,2.127297951512398,4.48,0,810.9806260787223,4,112,6,6,0,14
CNP0212456.1,-9.1,1.6148502201952923,5.2,4,1110.9195064039795,2,156,6,0,0,6
CNP0212546.11,-9.3,1.9398102917255933,4.608695652173913,0,380.0184383617949,10,106,6,8,0,11
CNP0212576.4,-11.28,1.1665050157805674,5.212121212121212,4,798.6886933332815,7,172,6,0,2,4
CNP0212576.5,-10.67,1.1665050157805674,5.212121212121212,4,798.6886933332815,7,172,6,0,2,4
CNP0212622.8,-9.7,1.3629985684221346,5.071428571428571,2,1471.1171304338643,10,213,6,10,0,15
CNP0212656.1,-10.0,0.9903186783580408,5.5625,5,2225.4244969512583,32,445,6,17,6,26
CNP0212673.1,-10.7,1.5523032392094094,5.697674418604652,4,1252.0988884195783,10,245,6,3,6,9
CNP0212684.1,-9.8,1.6090431200826136,6.090909090909091,5,834.3983469784561,10,201,6,2,6,3
CNP0212764.1,-10.5,1.648815004848894,5.354838709677419,3,797.0581468188951,7,166,6,1,4,4
CNP0212809.1,-8.3,4.312127705034067,3.615384615384616,0,1041.8945371576872,7,188,0,7,7,7
CNP0212888.0,-9.2,1.7520893783424023,5.0588235294117645,3,671.3115373807923,0,86,7,3,0,6
CNP0212935.2,-9.1,1.79480555556841,4.23404255319149,0,1306.4593796244585,10,199,6,6,1,9
CNP0212942.1,-5.5,2.3473392699658864,3.7,0,171.6900327878014,1,37,6,1,0,3
CNP0212952.1,-8.4,1.513134408596499,6.40625,7,887.2249909523573,10,205,6,2,5,8
CNP0212966.2,-10.8,0.8549005714409399,5.430232558139535,5,2380.697646214042,32,467,6,16,6,27
CNP0212971.0,-8.2,1.927235729630195,4.884615384615385,3,984.3443523259532,0,127,6,1,2,5
CNP0213001.1,-12.2,0.9575762781025704,6.980769230769231,12,1774.8007322611672,18,363,6,3,7,12
CNP0213028.1,-9.0,1.6009394071026706,5.380952380952381,4,705.0742152618607,2,113,7,3,0,7
CNP0213039.1,-8.6,1.8652668998961064,4.37037037037037,0,663.2868513749238,5,118,6,5,0,10
CNP0213070.3,-7.562,1.831498726337211,4.25,0,402.7396042881952,2,68,6,2,0,4
CNP0213075.1,-9.1,1.9214972449649423,4.727272727272728,3,938.0490862239834,6,156,15,2,2,6
CNP0213102.0,-8.9,1.8996565838577613,5.2727272727272725,3,643.5914469672097,2,116,6,1,1,3
CNP0213127.2,-8.5,1.6009080936844948,4.666666666666667,2,678.2403676077388,1,98,6,0,0,4
CNP0213203.1,-11.2,1.123750483197707,5.679245283018868,5,1434.5885026704073,18,301,6,8,6,13
CNP0213207.0,-10.7,1.47042953032761,5.837837837837838,4,1025.4374976685942,12,216,6,5,5,7
CNP0213220.1,-7.2,0.9955373413840316,4.477777777777778,0,3165.3023177352748,15,403,6,3,0,18
CNP0213267.2,-6.8,2.545007075542574,3.75,0,285.8100768023834,2,60,10,1,0,1
CNP0213275.1,-7.932,2.735173417283506,4.0625,0,1709.4566554241703,11,260,24,9,0,17
CNP0213286.2,-10.57,1.2542990882625689,5.135135135135135,4,1043.487304418283,7,190,6,4,4,8
CNP0213331.1,-8.4,1.7771124919869643,4.333333333333333,0,534.8087374421374,6,104,6,6,0,8
CNP0213332.10,-12.4,0.8291131931552183,5.454545454545454,4,1409.0037418555949,21,300,6,6,3,14
CNP0213332.8,-12.9,0.8291131931552183,5.454545454545454,4,1409.0037418555949,21,300,6,6,3,14
CNP0213332.9,-12.6,0.8291131931552183,5.454545454545454,4,1409.0037418555949,21,300,6,6,3,14
CNP0213347.2,-8.1,1.7144532320769672,5.904761904761905,4,468.4588728849873,6,124,6,1,3,1
CNP0213383.2,-12.1,1.064783291357351,5.395833333333333,6,1164.5297398755258,21,259,6,9,1,21
CNP0213405.1,-6.8,2.9787288154681604,4.434782608695652,0,456.0029429317031,4,102,5,1,1,8
CNP0213406.1,-10.8,1.3085072649328444,6.027027027027027,6,963.5765542490368,14,223,6,3,5,7
CNP0213408.2,-9.2,1.1289296434528495,5.672727272727273,5,1470.06567124116,20,312,6,8,5,13
CNP0213414.11,-8.4,1.4723681049875543,5.4,4,991.4325050884056,4,162,6,1,0,8
CNP0213492.1,-8.6,1.463354304760897,4.644444444444445,3,1443.6618436144531,4,209,6,5,2,11
CNP0213545.1,-7.3,2.037069880940446,4.35,0,516.2964710366577,3,87,6,1,0,3
CNP0213562.3,-10.4,1.1447346732483363,5.0181818181818185,2,1867.0626690934496,15,276,6,14,0,22
CNP0213621.1,-9.1,1.6470035149261977,4.190140845070423,0,4759.915649688284,11,595,6,23,8,48
CNP0213639.2,-7.2,2.057297415519576,4.666666666666667,2,376.1300231161989,1,70,6,1,0,3
CNP0213640.1,-8.1,2.121495626193188,4.604651162790698,2,1340.3854438628164,7,198,12,0,2,10
CNP0213640.2,-8.8,2.121495626193188,4.604651162790698,2,1340.3854438628164,7,198,12,0,2,10
CNP0213659.1,-9.1,1.2390741246100914,5.191489361702128,8,1805.6990684573943,2,244,19,1,0,9
CNP0213699.0,-6.93,2.104472602158328,4.611111111111111,2,656.1171829335312,0,83,6,1,0,4
CNP0213701.2,-10.7,1.1856359987174514,5.441176470588236,6,729.8390027051149,12,185,7,2,1,4
CNP0213780.13,-10.5,1.148791895166024,5.909090909090909,5,1455.8215445087803,21,325,6,9,7,14
CNP0213780.2,-11.5,1.148791895166024,5.909090909090909,5,1455.8215445087803,21,325,6,9,7,14
CNP0213878.11,-9.5,1.872583564984436,6.380952380952381,4,552.36709666319,7,134,6,3,3,6
CNP0213893.1,-6.617,3.5365620101598387,3.1333333333333333,0,307.9474732050231,4,94,0,0,0,0
CNP0213916.1,-6.1,2.0656354583820065,3.7142857142857135,0,361.8016087632458,2,78,5,1,0,4
CNP0213935.1,-7.6,1.6921367497784852,5.046511627906977,4,1407.6229442136053,10,217,6,3,3,15
CNP0214010.1,-9.6,1.55647603531207,6.029411764705882,5,865.8666411065517,10,205,6,4,6,4
CNP0214018.0,-7.6,2.3841391420055658,5.117647058823529,2,320.88350936712794,4,87,6,2,2,2
CNP0214051.0,-5.9,3.2236292331533662,2.943396226415094,0,759.156918748513,0,156,0,0,0,1
CNP0214059.0,-8.4,1.6543820236639597,4.714285714285714,2,832.2015204541887,0,99,6,0,0,3
CNP0214101.0,-8.2,1.851367009378804,5.0,2,924.7765683862926,0,120,6,4,0,7
CNP0214156.1,-8.498,1.910017128345513,4.5,0,640.5312468804722,1,99,5,3,0,6
CNP0214159.21,-9.057,1.5365056787926712,6.096774193548387,5,807.2293192750793,9,189,6,0,5,1
CNP0214159.3,-9.312,1.5365056787926712,6.096774193548387,5,807.2293192750793,9,189,6,0,5,1
CNP0214195.0,-8.4,1.832520604329576,5.166666666666667,3,638.8800564412285,0,93,6,1,0,3
CNP0214326.5,-10.0,1.212871347135022,5.307692307692308,4,835.046273572993,4,138,6,1,0,6
CNP0214519.2,-10.8,0.9865027185516112,5.56,5,2142.9028932782867,28,417,6,12,6,22
CNP0214535.0,-11.3,1.4603634326315258,4.0,0,1156.7712379549448,0,160,6,0,2,0
CNP0214577.1,-8.2,1.7228673408234385,5.666666666666667,4,738.6122586942355,7,153,7,1,3,7
CNP0214654.1,-7.4,1.822818241009316,4.941176470588236,3,629.2402023800975,1,84,6,1,0,1
CNP0214654.2,-7.3,1.822818241009316,4.941176470588236,3,629.2402023800975,1,84,6,1,0,1
CNP0214661.3,-9.3,1.1697668077367886,5.170731707317073,4,1625.3306427071705,5,212,6,5,0,14
CNP0214668.2,-11.6,1.2047651905380696,5.195121951219512,4,960.309933635365,14,213,6,4,2,6
CNP0214668.6,-11.1,1.2047651905380696,5.195121951219512,4,960.309933635365,14,213,6,4,2,6
CNP0214675.1,-9.5,1.3092235586644374,5.243902439024391,3,1667.248697214864,5,215,6,9,0,11
CNP0214731.1,-12.3,0.9595108842797104,5.492753623188406,5,2006.037043802464,25,379,6,10,5,21
CNP0214750.1,-10.1,1.3440298245662496,4.483870967741935,0,1022.02810562157,2,139,6,6,0,10
CNP0214799.0,-7.8,1.8101846268353947,4.333333333333333,2,601.3022057473999,0,78,6,2,0,5
CNP0215004.1,-7.3,1.7890169236700533,5.105263157894737,3,429.8615114122896,6,97,10,1,1,4
CNP0215016.1,-9.9,1.595972901804556,6.027777777777778,5,1005.3981653913232,12,217,6,5,5,6
CNP0215050.2,-9.9,1.3501797301274412,5.285714285714286,4,1992.09493712512,2,222,6,8,0,12
CNP0215069.0,-10.4,1.1958250036268976,5.613636363636363,5,1347.2694295010233,10,247,6,4,6,6
CNP0215087.1,-10.6,1.2443196698355967,5.925,6,1574.5777728081584,6,237,6,6,2,10
CNP0215143.1,-10.8,1.3113072460531872,6.105263157894737,5,1011.9088287185118,13,232,6,2,5,6
CNP0215144.1,-9.0,3.184516682793043,3.809523809523809,0,1530.7174116453282,10,240,19,12,0,21
CNP0215162.2,-8.9,1.5287349513498678,5.523809523809524,4,708.276580571049,1,116,6,0,1,2
CNP0215256.2,-6.8,2.193997032234355,3.9130434782608696,0,419.8956791104026,2,90,5,1,0,4
CNP0215325.5,-9.2,1.747937399169248,4.59375,0,680.6570479314166,10,147,6,4,0,11
CNP0215341.1,-11.3,1.0427622595509811,5.609375,5,1764.0881406458388,24,359,6,10,6,17
CNP0215466.1,-10.0,1.4792945226862728,4.925925925925926,3,926.9477724957484,1,133,7,2,0,7
CNP0215471.2,-8.5,1.7170904793228192,6.129032258064516,5,912.6576505954744,11,190,6,3,3,9
CNP0215484.1,-6.0,5.158444426389402,3.5,0,409.7489070919116,4,84,0,0,0,9
CNP0215502.5,-9.9,1.177063764371732,5.159090909090909,5,1526.4817827505706,6,227,6,1,0,11
CNP0215519.1,-9.1,1.418744740122003,5.083333333333333,3,690.5338910549893,1,122,6,0,1,8
CNP0215546.3,-10.5,1.262483640470246,5.421052631578948,7,3379.4814654128004,9,412,11,19,1,30
CNP0215678.0,-7.9,1.5892987974984936,4.294871794871795,0,3223.6449742113405,0,335,6,0,0,26
CNP0215698.1,-8.5,3.643069091160797,4.341463414634147,0,1119.7493563919136,7,178,6,4,2,11
CNP0215819.8,-7.8,2.634195000515058,3.7857142857142856,0,621.5876193945975,7,106,6,6,0,8
CNP0215830.1,-8.8,1.958280946269636,4.659574468085107,4,1552.421835787323,9,219,23,8,0,12
CNP0215846.1,-8.6,1.3927531360085144,4.28125,0,1638.4597475591313,15,274,6,9,0,19
CNP0215955.1,-7.1,2.3257838286565824,4.761904761904762,2,426.5060451680873,6,100,6,1,1,4
CNP0215995.1,-11.35,1.0172979875295023,4.884057971014493,2,2486.2346739676896,15,337,6,13,0,25
CNP0216025.2,-8.9,1.7045884050504565,5.9523809523809526,4,478.230086420689,5,125,6,1,4,1
CNP0216092.3,-7.6,1.93969957333062,5.5,3,608.8784049711419,6,132,5,1,3,5
CNP0216135.2,-8.794,1.7491383153191524,6.392857142857143,5,767.3046462808555,12,179,6,5,3,8
CNP0216457.0,-8.5,1.936673832595599,4.28,0,1801.9306245792563,0,214,6,0,0,18
CNP0216496.1,-5.7,2.413324848196347,3.888888888888889,0,84.95878455585175,2,35,6,3,0,4
CNP0216546.1,-9.5,1.243953681813855,4.7073170731707314,0,2573.4461801865305,22,386,6,15,0,30
CNP0216562.1,-9.3,1.4314088120236883,4.576923076923077,2,880.1409329432114,3,119,6,2,1,7
CNP0216563.2,-8.9,1.8177960927605343,5.090909090909091,2,731.7199349086296,4,112,6,5,0,10
CNP0216615.2,-11.9,1.1510587531337937,5.4523809523809526,4,1417.1181641853411,6,229,6,4,2,12
CNP0216622.1,-9.2,1.4455094504422106,4.48,0,585.3135193643295,4,112,6,3,0,9
CNP0216633.2,-9.553,1.1682315400657577,4.444444444444445,5,1704.745115246595,8,240,30,2,2,12
CNP0216681.2,-8.953,1.6239671735247492,7.0,7,760.2401217248405,9,175,6,1,3,4
CNP0216745.1,-7.9,3.123052169166826,4.0,0,801.1080623225704,4,128,7,2,1,7
CNP0216837.0,-6.3,3.0842733596873315,2.878787878787879,0,397.3074969605415,0,95,0,0,0,1
CNP0216928.2,-7.1,1.51914577655286,4.32,0,752.7179889360879,2,108,6,1,0,3
CNP0216960.1,-9.032,1.7924043035736588,4.958333333333333,3,869.6734094473019,1,119,6,3,1,6
CNP0216970.1,-9.2,1.5017314163800315,6.217391304347826,5,909.460945851654,4,143,6,1,2,4
CNP0216987.2,-9.0,1.5706009928700626,5.032258064516129,2,1006.860874488357,6,156,6,7,0,11
CNP0216989.6,-8.1,2.0127718472669143,5.947368421052632,3,536.3488285445909,3,113,6,3,3,4
CNP0217001.0,-7.8,1.7462951420526482,4.8,3,1031.6742441276,0,120,6,1,0,6
CNP0217008.0,-6.0,2.1636493534528323,5.0,3,242.63691681930965,2,55,6,1,0,6
CNP0217062.5,-11.2,0.7919026518952164,5.282051282051282,4,2253.2609723775304,26,412,6,6,5,20
CNP0217157.2,-8.9,1.7262318468508149,4.5,3,663.725026238519,1,99,13,3,0,3
CNP0217176.2,-8.1,1.3157597425139396,5.178571428571429,5,2574.509838337995,2,290,6,2,0,12
CNP0217256.3,-9.6,1.311310634611697,5.575,6,1156.622477843804,12,223,18,3,4,11
CNP0217371.2,-10.4,1.2279464250212082,4.848484848484849,2,2231.697513625411,17,320,6,12,0,24
CNP0217412.3,-7.6,1.5209667825549456,4.25,4,2263.5383195458885,13,306,25,2,0,21
CNP0217452.2,-8.7,1.5721361565782517,4.642857142857143,2,738.2318603515523,6,130,6,1,1,4
CNP0217470.1,-9.8,1.3347697047362963,4.642857142857143,2,1691.1813628949108,2,195,6,3,0,10
CNP0217472.1,-9.0,1.6624425102856824,4.0256410256410255,0,1112.344652490647,4,157,6,5,1,9
CNP0217528.1,-8.6,2.099223553419985,5.6,3,752.7714795272061,3,140,6,4,3,6
CNP0217535.4,-10.46,1.264372386626032,5.323529411764706,5,1003.3350089823966,7,181,6,2,2,5
CNP0217597.1,-9.2,1.1316660484384788,5.2745098039215685,2,1234.6982207545316,19,269,6,3,4,11
CNP0217597.3,-11.3,1.1316660484384788,5.2745098039215685,2,1234.6982207545316,19,269,6,3,4,11
CNP0217715.1,-5.7,3.148890167805564,2.923076923076923,0,291.1775178975928,1,76,0,1,0,3
CNP0217916.4,-12.1,1.322296821853444,6.2105263157894735,7,1044.867305503728,12,236,6,0,5,6
CNP0217931.2,-10.3,1.1172726666456934,4.861111111111111,3,1308.562778657849,4,175,6,1,0,9
CNP0217953.1,-10.4,1.0433472209378285,5.627906976744186,10,4134.73467960971,9,484,11,18,1,31
CNP0217956.0,-8.774,1.6876544686981438,4.130434782608695,2,804.2099116495942,0,95,6,2,1,4
CNP0217958.5,-8.2,1.4458724205718323,5.162162162162162,5,1099.8982409545474,4,191,7,1,2,9
CNP0218044.1,-10.67,1.0850569445050642,5.825,6,953.1999273698756,17,233,6,4,3,8
CNP0218060.5,-12.0,1.1312566250382052,6.270833333333333,7,1348.536140651951,16,301,7,5,8,11
CNP0218100.1,-9.4,1.7624228457444533,4.714285714285714,4,1742.0345212060909,6,231,16,9,1,16
CNP0218100.11,-8.9,1.7624228457444533,4.714285714285714,4,1742.0345212060909,6,231,16,9,1,16
CNP0218100.9,-9.1,1.7624228457444533,4.714285714285714,4,1742.0345212060909,6,231,16,9,1,16
CNP0218101.2,-9.2,1.5580381614644032,6.0606060606060606,5,843.4797756037973,9,200,6,3,6,3
CNP0218297.1,-9.3,1.533127696422662,6.0,5,893.1079636860478,11,204,6,1,5,3
CNP0218359.0,-7.9,1.6987444912391507,4.388059701492537,0,1626.358784268622,19,294,16,2,1,18
CNP0218372.1,-9.7,1.3751664107545654,5.131578947368421,5,1065.1448578013428,12,195,16,6,0,9
CNP0218387.2,-7.7,1.7751172180082806,5.045454545454546,2,566.5375327866378,4,111,6,1,2,2
CNP0218408.1,-8.798,1.682382697356077,5.636363636363637,6,2097.389932377482,10,310,6,7,6,13
CNP0218436.0,-5.0,2.983886913322256,2.7777777777777777,0,177.93577382145608,0,50,0,0,0,2
CNP0218452.1,-10.2,1.3841731822414969,6.470588235294118,6,949.4520007776804,10,220,6,1,6,4
CNP0218462.5,-9.9,1.2844677958005335,5.056603773584905,2,1832.371929882364,15,268,6,12,0,20
CNP0218517.1,-10.1,1.5045188784922814,5.069767441860465,4,1316.5757168140606,9,218,7,3,3,8
CNP0218618.1,-10.55,1.268263875032822,4.913043478260869,2,1300.2960650396706,13,226,6,8,0,17
CNP0218629.1,-11.15,1.3568449189970178,6.193548387096774,5,940.996244262021,10,192,6,4,4,7
CNP0218637.1,-11.0,0.8541780867338526,6.0602409638554215,10,3271.732860137856,16,503,10,5,7,11
CNP0218665.2,-6.3,1.767740052545437,3.4285714285714284,0,235.25821588700788,3,72,5,2,0,3
CNP0218679.4,-8.0,2.0868352553582654,4.333333333333333,2,526.9081976463293,3,91,10,0,0,4
CNP0218681.1,-8.5,1.8801142617815765,5.0,3,948.8521460012704,6,170,6,2,3,4
CNP0218689.1,-10.3,1.5394547776173817,6.096774193548387,5,794.2333915090533,9,189,6,1,6,1
CNP0218756.3,-7.3,1.4748831456493632,4.625,0,472.5479550586342,2,74,6,0,0,1
CNP0218796.0,-6.4,3.438052910059634,3.076923076923077,0,192.34653910483817,0,40,0,2,1,3
CNP0218882.1,-9.9,1.5882784660498508,6.633333333333334,7,1011.5870559946572,6,199,6,4,4,8
CNP0218888.0,-11.86,1.3236411050467949,5.844444444444444,5,1175.16731498195,16,263,6,7,6,9
CNP0218889.0,-6.0,2.828262412638549,2.625,0,143.9364905845392,0,42,0,6,0,7
CNP0218900.1,-9.7,1.629935210384884,5.527777777777778,4,956.5029262181806,8,199,6,4,5,5
CNP0218950.10,-10.3,1.4554202813874888,5.863636363636363,6,774.833205935689,5,129,6,2,0,3
CNP0219001.0,-8.7,1.6205464299259094,4.382352941176471,2,1246.536233908358,0,149,6,2,0,4
CNP0219156.1,-10.8,1.4072672653493363,5.4,4,1174.9171721459063,12,243,6,5,4,8
CNP0219326.1,-8.27,1.0149072505226089,5.417721518987341,5,2295.5833604798413,27,428,6,13,6,24
CNP0219377.1,-9.269,1.5188799393720287,6.225806451612903,5,783.1981230635799,10,193,6,2,5,4
CNP0219378.4,-10.7,1.0508773035970294,4.651162790697675,2,1815.9716277277864,2,200,6,3,1,9
CNP0219411.0,-8.182,1.719242216002176,5.191489361702128,3,1552.6465108350544,9,244,6,1,4,12
CNP0219503.1,-9.2,1.5838059165321718,6.6,6,738.3611638163009,5,165,6,1,3,4
CNP0219507.0,-10.5,1.3210800057178098,5.054054054054054,3,1708.854677224182,0,187,6,2,0,9
CNP0219529.0,-5.5,2.9219621943934726,2.739130434782609,0,222.0126294139063,0,63,0,1,0,1
CNP0219575.2,-10.1,1.3227336047618352,4.660377358490566,0,1555.7723000437786,14,247,6,11,0,19
CNP0219575.3,-9.3,1.3227336047618352,4.660377358490566,0,1555.7723000437786,14,247,6,11,0,19
CNP0219639.1,-8.488,1.3185698236014367,5.0,3,843.7117824275704,2,135,8,0,0,4
CNP0219641.1,-8.6,3.050579102020315,3.735294117647059,0,1616.071480139496,10,254,19,12,0,21
CNP0219662.5,-8.3,1.8649782220791271,5.043478260869565,3,573.4358604704929,5,116,11,1,2,3
CNP0219666.1,-7.1,2.09579314417665,4.391304347826087,0,615.7547615553096,1,101,6,0,1,6
CNP0219670.0,-8.6,1.71073928512408,5.454545454545454,4,991.0227038640552,0,120,6,2,0,5
CNP0219727.0,-7.8,1.2561470603145304,4.557142857142857,0,1518.875717574253,26,319,6,14,0,25
CNP0219735.1,-7.1,1.662588001758962,4.125,2,428.82647498259325,1,66,6,0,1,2
CNP0219920.1,-10.7,1.5321366379046162,6.0,4,855.6849222857688,12,210,6,4,6,5
CNP0219954.1,-11.4,0.8300362571451632,5.180722891566265,4,2306.0406749577496,32,430,6,14,2,26
CNP0220023.1,-9.6,1.1243158802222812,5.366666666666666,4,1652.5022041658656,20,322,6,6,4,16
CNP0220023.2,-10.8,1.1243158802222812,5.366666666666666,4,1652.5022041658656,20,322,6,6,4,16
CNP0220029.1,-9.6,1.5170442022125206,4.527777777777778,0,906.7313822736668,10,163,6,8,0,14
CNP0220037.4,-10.4,1.677298168661476,7.1,6,925.038198130392,11,213,5,3,5,10
CNP0220038.12,-12.5,1.176274402623694,5.7105263157894735,4,985.0955989061904,14,217,6,5,3,9
CNP0220054.4,-9.6,1.3671619248077005,5.046511627906977,2,1334.304293013409,12,217,6,10,0,16
CNP0220080.0,-6.5,2.8198924844052224,4.117647058823529,0,385.4961191275538,0,70,6,1,0,4
CNP0220084.1,-9.5,1.9744102553045693,5.608695652173913,3,616.3763258230554,5,129,6,1,4,3
CNP0220121.7,-9.0,1.7612858739429602,4.617021276595745,2,1547.9118668955298,7,217,12,0,2,10
CNP0220144.1,-7.5,2.096636064692038,4.555555555555555,2,380.5581990825041,4,82,6,0,0,2
CNP0220153.1,-10.5,1.5286045392970056,5.32258064516129,4,706.5152195322748,9,165,6,4,4,4
CNP0220159.1,-5.1,3.580815988668352,3.076923076923077,0,184.60887964150504,1,40,0,0,0,3
CNP0220184.1,-9.1,1.9417740724361456,4.473684210526316,0,428.50962418426616,5,85,6,4,0,6
CNP0220272.1,-9.8,1.1954512590351956,5.416666666666667,4,1441.8750113289666,12,260,6,4,4,8
CNP0220291.1,-9.5,1.1804881714446276,4.946428571428571,4,1591.3256528915877,15,277,6,0,2,13
CNP0220311.1,-7.5,3.719684643912162,3.5,0,477.5162658393126,4,98,0,5,1,7
CNP0220325.0,-5.3,2.880310190687724,2.6875,0,327.9171272390391,0,43,0,0,0,1
CNP0220454.0,-8.5,1.4323182475002831,4.433333333333334,0,909.7501569823688,0,133,6,2,1,5
CNP0220544.1,-11.3,1.060380705855017,5.17948717948718,4,1221.9381379923095,6,202,6,3,3,8
CNP0220544.3,-10.8,1.060380705855017,5.17948717948718,4,1221.9381379923095,6,202,6,3,3,8
CNP0220610.2,-9.6,1.31565657992133,6.121951219512195,6,1185.3938229578166,14,251,7,2,5,10
CNP0220645.1,-9.3,1.973342426456084,4.111111111111111,0,755.6418951719269,1,111,11,1,1,4
CNP0220661.1,-6.6,3.10464208623929,5.071428571428571,0,201.87139393909504,4,71,6,0,2,8
CNP0220680.2,-10.04,1.5171700318280474,6.7407407407407405,6,1151.0143904631548,4,182,6,3,3,7
CNP0220776.0,-8.5,1.6561845027340425,4.375,4,801.1337159229595,1,105,15,2,0,4
CNP0220819.4,-9.9,1.478217353142597,5.166666666666667,3,983.2012849413892,7,155,6,5,1,10
CNP0220853.1,-6.9,2.977486558225532,4.470588235294118,0,331.81352124478593,4,76,6,2,1,2
CNP0220918.2,-9.213,1.703571536315818,5.863636363636363,4,545.9104984355639,5,129,6,0,3,2
CNP0220937.0,-5.1,2.901443984538413,2.7142857142857144,0,149.22134949146297,0,57,0,1,0,1
CNP0220961.1,-7.4,2.356601306748233,4.5,2,699.6651882492382,6,135,7,3,2,7
CNP0220968.1,-8.0,1.626376129594701,5.56,4,720.4727840759804,6,139,6,1,2,3
CNP0220975.1,-9.9,1.270659946978737,4.976190476190476,5,1391.88634265759,7,209,15,3,1,8
CNP0220998.4,-9.7,1.2964549065946658,4.607843137254902,2,1693.5657884764903,8,235,6,9,0,18
CNP0221022.2,-11.4,0.931363014853274,5.790322580645161,9,1840.4667830181068,15,359,6,0,6,2
CNP0221048.2,-6.681,1.978503724911254,5.705882352941177,3,369.1181094709745,6,97,7,2,2,2
CNP0221070.2,-6.6,1.7640527159251982,4.294117647058823,3,323.11648945893114,4,73,6,2,0,4
CNP0221125.0,-10.4,1.330662102774557,4.529411764705882,0,1210.9885425102473,0,154,6,0,0,4
CNP0221132.1,-9.4,1.4709785329147775,5.1,2,1592.3577296791946,6,204,6,8,0,11
CNP0221167.2,-8.8,1.432263089453678,5.048780487804878,2,1436.684041167744,9,207,6,8,0,14
CNP0221182.1,-7.5,1.3373993572713634,3.65,0,662.1663289984353,5,146,5,2,0,5
CNP0221320.1,-8.5,1.7311741322979646,4.204545454545454,6,1110.5767810123243,5,185,22,5,0,8
CNP0221324.1,-7.5,2.319072749855256,4.4324324324324325,0,730.4630924552209,14,164,6,11,0,17
CNP0221368.2,-9.1,1.625221161343727,5.541666666666667,4,698.997604688558,6,133,6,2,1,5
CNP0221368.3,-8.5,1.625221161343727,5.541666666666667,4,698.997604688558,6,133,6,2,1,5
CNP0221376.0,-5.9,3.941810321714652,3.1538461538461537,0,264.15633251232987,0,41,0,2,0,6
CNP0221427.1,-9.3,1.089592867252522,5.571428571428571,8,1850.4896901420293,2,273,6,2,0,10
CNP0221456.1,-8.2,1.7533303798427016,4.92,2,621.5760526058389,6,123,6,0,1,5
CNP0221504.1,-11.1,1.131421031476883,5.0,2,1358.2092123698392,8,195,6,7,1,13
CNP0221524.8,-11.3,1.1573875672506646,5.605263157894737,4,981.2996549096152,12,213,6,2,3,8
CNP0221571.4,-8.1,1.994729874226364,4.227272727272728,2,483.9357123819439,3,93,14,1,1,2
CNP0221576.1,-8.7,1.1967195089842644,4.074074074074074,2,1419.2333278591575,3,220,7,4,1,15
CNP0221614.1,-10.5,1.413492425459062,6.064516129032258,5,776.0966774526654,9,188,6,2,6,2
CNP0221700.2,-10.8,1.3918104700837337,5.96875,5,835.769657167132,9,191,6,1,5,2
CNP0221740.1,-9.2,2.06897199696338,4.478260869565218,2,563.435860470493,4,103,14,2,2,3
CNP0221756.5,-9.0,1.7838720007239952,5.463414634146342,4,1259.4431073148232,9,224,6,2,4,9
CNP0221807.1,-9.7,1.3024697681814257,5.241379310344827,3,1015.528170412616,4,152,6,0,0,6
CNP0221838.1,-9.3,1.505661419420975,5.625,5,837.5215823154738,4,135,7,1,0,4
CNP0221900.2,-9.9,1.5076038376874528,5.09375,3,822.2847015190497,10,163,7,3,1,9
CNP0221934.4,-8.7,1.8323997632048787,5.064516129032258,3,693.2002392267599,7,157,6,1,3,1
CNP0221936.0,-5.9,3.22047680313188,2.9,0,426.622144594763,1,58,0,2,0,3
CNP0221954.1,-10.1,1.4094403856162985,4.8,2,1034.197155773446,8,168,6,5,0,12
CNP0221958.2,-7.5,1.9390620396082,6.571428571428571,4,520.7967253611622,7,138,6,1,4,5
CNP0221991.2,-12.1,0.9885410233254824,5.584615384615384,5,1823.329581792039,22,363,6,10,6,18
CNP0222024.2,-10.5,1.2151254220650556,5.229166666666667,4,1700.2642712723632,10,251,10,0,2,7
CNP0222091.3,-10.42,1.1760024915687337,5.0181818181818185,2,1867.0626690934496,15,276,6,14,0,22
CNP0222135.11,-9.3,1.603046386308794,5.652173913043479,4,460.757922624373,9,130,6,2,2,2
CNP0222135.4,-9.4,1.603046386308794,5.652173913043479,4,460.757922624373,9,130,6,2,2,2
CNP0222207.3,-9.1,1.6657841983936863,6.027027027027027,5,990.182660044462,13,223,6,4,5,6
CNP0222216.1,-8.2,1.9299003923903155,4.961538461538462,3,787.7093492171527,4,129,9,1,1,7
CNP0222253.1,-9.1,1.7465388779276405,5.956521739130435,4,577.4358604704929,6,137,6,2,3,3
CNP0222280.2,-7.2,1.810896376211805,4.111111111111111,2,336.00947992540205,4,74,6,1,0,1
CNP0222369.1,-7.711,1.9212408558123628,5.764705882352941,3,346.8309825721512,6,98,8,2,3,2
CNP0222466.0,-7.9,2.699420083972869,3.8181818181818175,0,438.6235972256891,2,84,14,2,1,2
CNP0222516.1,-9.8,1.5294731930251682,5.904761904761905,7,1510.8434463107303,6,248,6,1,6,9
CNP0222584.8,-9.8,1.3084724288908698,5.0,2,1473.1171304338652,10,210,6,9,0,15
CNP0222597.1,-8.1,1.811268576501481,5.176470588235294,3,439.83817288054377,2,88,7,0,1,2
CNP0222642.1,-8.1,1.8353287888951035,5.5588235294117645,4,1033.57881834706,8,189,7,2,3,7
CNP0222674.2,-8.8,2.117575756224886,4.0227272727272725,2,1310.3404162391398,5,177,21,5,0,10
CNP0222696.1,-8.7,1.2530525510913366,5.204545454545454,7,1734.9499014870948,2,229,16,3,0,8
CNP0222702.1,-9.3,2.0443844930767514,4.228260869565218,2,2631.6029612426405,14,389,26,11,0,28
CNP0222714.1,-7.047,2.0461973419033783,4.411764705882353,2,424.9300382843766,2,75,7,0,0,2
CNP0222767.4,-7.6,1.9566311981860527,4.269230769230769,2,538.4194958388254,5,111,6,1,0,6
CNP0222773.1,-8.8,1.750210436708948,5.258064516129032,3,918.0157945772957,7,163,6,1,2,8
CNP0222886.1,-6.1,1.6156519343352695,5.0,2,444.0419342631489,2,65,6,0,0,2
CNP0222931.2,-8.61,1.485697884748215,7.166666666666667,9,888.822068346176,14,215,6,3,3,6
CNP0223015.1,-8.8,1.7837479840308084,4.857142857142857,2,737.8645074029483,4,136,7,2,2,5
CNP0223062.10,-10.6,1.3206185378150412,5.6,5,700.2217476323755,10,168,6,2,2,3
CNP0223127.1,-10.4,1.4848478016471378,5.675675675675675,5,1145.554601112845,7,210,6,4,3,8
CNP0223161.2,-10.8,1.3628801274262226,5.658536585365853,5,958.847889696212,15,232,6,6,5,6
CNP0223186.3,-10.44,1.3640785498428991,5.386363636363637,4,1095.4101913807767,14,237,6,5,4,7
CNP0223205.7,-8.3,0.976354545583316,5.493506493506493,5,2108.675113942756,28,423,6,14,6,23
CNP0223232.1,-9.543,1.6128602599590058,4.366197183098592,2,2083.512711959815,15,310,6,9,2,21
CNP0223232.3,-8.816,1.6128602599590058,4.366197183098592,2,2083.512711959815,15,310,6,9,2,21
CNP0223232.5,-9.591,1.6128602599590058,4.366197183098592,2,2083.512711959815,15,310,6,9,2,21
CNP0223232.8,-8.814,1.6128602599590058,4.366197183098592,2,2083.512711959815,15,310,6,9,2,21
CNP0223291.0,-8.5,1.535805755762723,5.571428571428571,5,1109.704596509144,2,156,6,3,0,6
CNP0223292.2,-11.6,1.239384869656439,6.0,6,693.5956632424765,12,180,6,1,3,3
CNP0223337.2,-9.4,1.5408157220178196,6.066666666666666,5,743.1372703609899,9,182,6,0,5,0
CNP0223449.24,-9.1,1.5418856494504052,6.0625,5,785.7010978254434,10,194,6,2,5,2
CNP0223602.1,-7.7,2.1857673286977675,4.555555555555555,2,578.9274224501947,5,123,6,0,2,4
CNP0223612.2,-8.7,1.9575588211137769,4.476190476190476,0,663.6724394790358,4,94,6,5,0,12
CNP0223682.2,-8.29,1.8707226616487147,4.65625,3,871.2249909523573,7,149,14,1,1,8
CNP0223713.2,-9.9,1.2710486519338258,5.214285714285714,4,1728.89234110426,4,219,6,4,0,11
CNP0223775.3,-7.3,2.325399318314396,3.8,0,484.6446157208589,2,76,6,2,1,2
CNP0223804.4,-8.1,1.6306461741168794,4.709677419354839,0,851.5278832668229,6,146,6,6,1,11
CNP0223943.1,-7.6,1.0933931332602715,5.561643835616438,5,3067.865499393384,16,406,6,16,0,19
CNP0223943.2,-7.9,1.0933931332602715,5.561643835616438,5,3067.865499393384,16,406,6,16,0,19
CNP0223962.0,-10.2,1.7592210409293192,7.290322580645161,6,987.1351099329494,10,226,5,3,7,10
CNP0223998.1,-10.5,1.1306137350316043,5.82,6,1406.1900615171185,16,291,6,3,6,11
CNP0224055.1,-9.2,1.7352899897556135,6.0,4,571.9861570970328,7,144,6,3,4,4
CNP0224085.11,-7.8,1.5812464100973924,6.466666666666667,6,719.709857201208,12,194,6,2,3,6
CNP0224227.2,-8.9,1.7144532320769672,5.904761904761905,4,427.5543515715959,7,124,6,1,3,1
CNP0224317.1,-7.5,1.6083797130755595,4.3,0,238.93981477754497,1,86,6,1,0,1
CNP0224357.1,-10.27,1.239042366424042,5.285714285714286,4,911.7701419169236,15,222,6,5,3,7
CNP0224405.1,-8.1,1.973883331037166,5.24,3,688.2000821968812,6,131,6,1,1,5
CNP0224408.1,-7.688,2.4304476788710856,3.789473684210526,0,510.8769012461301,1,72,6,2,0,4
CNP0224497.2,-8.9,1.819613378822068,5.6,4,943.1982904679656,7,168,6,1,2,7
CNP0224534.2,-9.6,1.0460585900475716,5.596774193548387,5,1688.7300642114096,21,347,6,9,6,16
CNP0224561.1,-9.8,1.3443434407357455,5.354838709677419,4,1172.2860616410417,2,166,6,2,1,7
CNP0224618.4,-9.6,1.2173614161219284,5.0588235294117645,3,1006.5590650793966,6,172,6,1,1,7
CNP0224757.0,-8.1,1.6451474098433854,5.172413793103448,4,789.0927321222707,4,150,6,1,1,5
CNP0224852.0,-9.5,1.3121963739414322,5.295454545454546,6,2344.2979822368343,1,233,6,7,0,12
CNP0224871.3,-11.3,1.0889580963089494,5.637931034482759,5,1607.7482776778968,20,327,6,9,6,16
CNP0224875.0,-8.7,1.7089348504226636,4.909090909090909,2,908.5527285597918,0,108,6,3,0,6
CNP0224878.1,-8.8,1.2620597640987654,5.2,3,580.0637751242016,1,130,6,0,1,4
CNP0224881.1,-11.37,1.3466470547250389,5.606060606060606,4,1058.1587546736105,7,185,6,1,2,5
CNP0224939.0,-10.22,1.082120399746636,4.927272727272728,3,1673.445754555297,15,271,6,8,1,19
CNP0224947.1,-7.3,2.436395310854074,4.823529411764706,0,1108.5327529352192,2,164,6,4,1,8
CNP0224954.2,-10.44,1.351505931324115,5.875,5,753.5571847389967,11,188,6,1,4,1
CNP0224967.1,-9.5,0.9704879561525996,5.303030303030303,4,1643.6591159171926,28,350,6,13,2,22
CNP0225070.1,-7.5,2.9389767785482017,4.543478260869565,2,1157.1857472925578,11,209,12,3,2,11
CNP0225121.0,-9.5,1.6656371554425398,4.857142857142857,2,904.2158813657304,0,102,6,1,0,3
CNP0225148.8,-12.4,0.7601470142317045,5.268656716417911,5,1787.1982785560535,25,353,9,6,2,20
CNP0225165.1,-11.4,1.1226937931010164,5.0,5,1742.7855688859868,20,315,16,2,2,14
CNP0225192.1,-8.7,1.5576189108278364,5.870967741935484,5,885.5525552262852,8,182,6,1,4,4
CNP0225254.1,-10.5,0.9918188421041096,5.053333333333334,2,3515.6166003091,7,379,6,11,0,15
CNP0225309.0,-8.322,1.6948241124889512,5.5,4,966.8213939004144,0,121,6,0,1,3
CNP0225329.12,-11.3,1.136390435705444,5.018867924528302,2,1783.0000000360208,15,266,6,12,0,20
CNP0225329.7,-11.23,1.136390435705444,5.018867924528302,2,1783.0000000360208,15,266,6,12,0,20
CNP0225436.5,-9.4,1.2495219983367227,4.892857142857143,3,727.870738168543,5,137,6,1,1,4
CNP0225528.1,-9.79,1.1923394673678522,5.522388059701493,5,1969.1093341042504,22,370,6,9,6,18
CNP0225546.2,-8.5,1.8001388060487689,5.0,2,659.4890729817984,8,140,6,6,1,11
CNP0225700.3,-7.7,2.094201828520134,5.3023255813953485,4,1254.2895158309814,10,228,8,2,4,13
CNP0225753.2,-11.2,1.114437846076724,4.935483870967742,4,1241.6593050967133,1,153,6,0,0,5
CNP0225791.6,-6.5,2.634408987061597,4.25,0,145.97727418016194,5,51,6,3,0,5
CNP0225823.1,-11.5,1.1001003050318907,6.127659574468085,7,1454.4369768044417,15,288,6,5,5,11
CNP0225843.0,-7.3,1.5766091129706523,4.75,2,640.2276791230806,0,76,6,0,0,3
CNP0225847.1,-8.5,1.6769793069420265,6.020408163265306,6,1565.2503810542803,14,295,6,2,7,12
CNP0225849.5,-9.609,1.3446368587671629,5.863636363636363,7,1373.1791387972796,8,258,6,2,4,4
CNP0225886.2,-11.6,1.1413061677360474,5.921052631578948,8,1215.061966410492,11,225,7,2,2,9
CNP0225918.1,-8.336,1.107678312871765,5.423076923076923,5,2276.414918372115,27,423,6,12,6,23
CNP0225926.1,-6.197,3.7347249014272768,3.2142857142857144,0,319.9999999999999,6,90,0,0,0,0
CNP0225987.6,-10.1,1.622722397667639,5.695652173913044,4,640.227010381409,5,131,6,0,2,2
CNP0225999.1,-9.638,1.3162407865267536,4.46,4,1574.4870538850037,3,223,15,6,0,11
CNP0226063.1,-7.0,2.2437770242713966,3.823529411764706,0,345.9333205532757,1,65,5,1,1,2
CNP0226113.2,-9.4,1.480427522752987,5.258064516129032,4,735.0189792512657,9,163,6,0,2,2
CNP0226139.2,-8.2,2.136617495423259,5.5,3,759.3046462808554,8,154,9,4,3,8
CNP0226155.2,-9.4,1.6696962636112345,7.1923076923076925,8,761.400366130584,10,187,6,3,4,6
CNP0226166.1,-10.08,1.330275127091976,5.636363636363637,5,1364.070094209402,11,248,6,1,4,9
CNP0226202.1,-7.2,2.603633374132035,3.5961538461538463,0,979.6670518672512,7,187,6,7,0,14
CNP0226208.1,-10.9,1.3529665107343294,5.45945945945946,4,944.2143757799936,13,202,6,3,3,7
CNP0226221.1,-10.1,0.841487083809292,5.328947368421052,5,2017.405143907573,31,405,6,15,3,25
CNP0226222.2,-7.9,1.7626737129004468,5.379310344827586,4,799.043650282736,7,156,6,1,2,6
CNP0226252.4,-7.9,1.5476847911757377,5.03030303030303,2,1232.9541776678586,5,166,6,8,0,12
CNP0226326.22,-9.6,1.3488966840484276,5.829787234042553,5,1269.1671937547965,16,274,6,8,6,11
CNP0226326.24,-10.8,1.3488966840484276,5.829787234042553,5,1269.1671937547965,16,274,6,8,6,11
CNP0226341.1,-11.3,1.2051095610423652,4.902439024390244,2,1407.6286776644608,9,201,6,7,0,14
CNP0226348.3,-7.7,2.029151485854793,4.551724137931035,0,572.0726224713973,11,132,6,7,1,12
CNP0226368.1,-11.0,1.2709645631566442,5.4375,5,1186.1343081060488,5,174,6,4,2,12
CNP0226372.0,-10.4,1.1041818611487906,5.607142857142857,5,1441.423133679598,19,314,6,10,6,14
CNP0226376.3,-11.0,1.1744003920531132,4.4523809523809526,2,1296.5589274770757,3,187,6,1,4,2
CNP0226405.14,-11.5,1.1181843148331303,5.696428571428571,5,1550.279077510614,20,319,6,8,5,14
CNP0226405.2,-11.4,1.1181843148331303,5.696428571428571,5,1550.279077510614,20,319,6,8,5,14
CNP0226460.1,-10.3,1.158746871119435,5.727272727272728,6,1267.468006794268,14,252,6,3,4,12
CNP0226602.0,-9.0,1.3986487397549567,5.090909090909091,3,1436.9871027004438,1,168,6,1,0,7
CNP0226604.20,-9.5,2.114861902481824,4.652173913043479,0,378.0184383617949,10,107,6,8,0,11
CNP0226604.44,-9.0,2.114861902481824,4.652173913043479,0,378.0184383617949,10,107,6,8,0,11
CNP0226633.1,-9.1,1.2240782986653178,4.958333333333333,5,1689.1308428134842,9,238,6,0,0,14
CNP0226649.3,-8.2,1.7942782407634037,4.3,0,556.6522640244331,2,86,6,3,1,8
CNP0226661.7,-11.0,1.2048063423067372,4.855555555555555,7,3416.9750833567773,10,437,16,5,0,28
CNP0226773.1,-9.677,0.8042141222026602,5.071428571428571,2,2596.727533963157,25,426,6,7,4,23
CNP0226787.2,-8.7,1.6874917274102663,6.090909090909091,6,873.9962032808359,10,201,6,4,5,9
CNP0226828.1,-8.9,1.4786237085609866,5.08,3,530.1202611920454,8,127,6,0,0,3
CNP0226842.1,-6.4,2.6516980204585754,4.25,0,150.7321616823254,5,51,6,3,0,5
CNP0226843.2,-9.3,1.3693479608798946,5.896551724137931,6,1118.5905537155345,2,171,6,0,1,3
CNP0226911.1,-12.0,0.5926272944526263,5.409090909090909,6,2401.6136132773354,34,476,6,6,4,26
CNP0227046.1,-10.7,1.2635747032779023,4.776119402985074,0,2743.476617793296,5,320,6,15,0,26
CNP0227054.3,-12.37,1.0046433004947055,5.550724637681159,5,1934.8832246474071,25,383,6,13,6,21
CNP0227085.1,-9.0,1.6299882404230206,5.571428571428571,5,711.3937092733274,7,156,6,1,3,4
CNP0227098.1,-5.5,2.2586971489595644,3.5,0,122.4259988171292,1,35,7,1,0,2
CNP0227129.0,-9.2,1.8107092183417224,4.5625,3,1097.7602855201812,0,146,6,2,0,5
CNP0227264.1,-8.0,1.7806987638998804,6.3,4,482.6267885344104,6,126,6,0,4,3
CNP0227289.2,-7.8,2.0232347417555374,4.409090909090909,0,446.9625316211669,7,97,6,5,0,8
CNP0227301.2,-8.5,1.3210395440735478,6.051282051282051,7,1421.5392312144063,8,236,7,0,2,8
CNP0227305.3,-10.1,1.3061837703459072,4.838709677419355,2,946.4532933354226,3,150,6,1,2,8
CNP0227312.12,-6.5,2.625358332036857,4.2727272727272725,0,124.93433232624652,4,47,6,5,0,5
CNP0227312.15,-6.5,2.625358332036857,4.2727272727272725,0,124.93433232624652,4,47,6,5,0,5
CNP0227312.9,-6.4,2.625358332036857,4.2727272727272725,0,124.93433232624652,4,47,6,5,0,5
CNP0227407.1,-10.6,1.4359034518770044,5.884615384615385,5,664.3640817949746,7,153,6,0,3,3
CNP0227434.1,-12.4,1.197099990486712,5.6923076923076925,4,1045.0856571953632,13,222,6,5,3,10
CNP0227457.1,-10.0,1.087634715446,5.46969696969697,5,1636.205303962977,26,361,6,12,5,19
CNP0227505.2,-9.4,1.4395570377388391,5.114285714285714,4,1519.9693298005957,5,179,6,5,0,11
CNP0227527.2,-9.4,5.379393365169826,3.395833333333333,0,1060.4075872167873,2,163,0,10,0,17
CNP0227541.5,-10.4,1.3032802734274125,5.243902439024391,4,1667.248697214864,5,215,6,9,0,11
CNP0227592.1,-8.4,1.8491472305756136,5.0,3,464.4299824400823,5,100,11,0,1,0
CNP0227599.1,-8.1,1.5116304857743827,5.64,5,892.3587948916264,1,141,6,2,0,6
CNP0227663.4,-10.91,1.2863652529903584,6.142857142857143,5,841.9111635084324,9,172,6,1,3,4
CNP0227700.1,-11.9,1.2304211959069529,5.965517241379311,6,709.4968876600535,10,173,6,2,3,3
CNP0227732.1,-9.6,1.526060858642579,5.32258064516129,3,781.0877759192358,11,165,6,5,2,11
CNP0227762.0,-10.56,1.146672257456394,5.294117647058823,6,1476.4867511036664,1,180,6,1,0,7
CNP0227816.1,-11.7,1.092159770090734,5.296875,2,1618.3845116825903,23,339,6,3,6,16
CNP0227847.1,-8.5,1.894300894847192,4.931034482758621,3,862.719144221604,5,143,6,0,1,6
CNP0227892.1,-8.3,1.5841165537322028,4.6923076923076925,2,1441.939003509308,5,183,6,3,0,10
CNP0227901.14,-7.9,2.6391258039242875,3.7083333333333335,0,493.73745365668975,4,89,10,2,0,6
CNP0227922.3,-9.9,1.5581070576409022,7.76,9,755.9781853345931,13,194,6,4,4,5
CNP0227922.5,-10.5,1.5581070576409022,7.76,9,755.9781853345931,13,194,6,4,4,5
CNP0227930.1,-10.0,1.5858102051534202,4.914285714285715,2,1346.5616546572974,5,172,6,6,0,12
CNP0227951.2,-10.8,0.8924961648826284,5.615384615384615,6,1723.0243385332517,27,365,6,10,4,19
CNP0228062.0,-4.7,2.8896766777949185,2.7,0,141.49721192370885,0,54,0,2,0,2
CNP0228069.1,-10.5,1.247976481358023,4.46875,0,1044.6139556980609,2,143,6,3,0,8
CNP0228185.4,-6.5,2.565560036122067,3.75,0,271.15953878327144,2,60,10,1,1,1
CNP0228190.2,-9.5,1.4879251385965937,5.266666666666667,4,767.233084703255,7,158,6,0,2,1
CNP0228254.2,-6.8,3.6581726720728223,3.163265306122449,0,662.1313259227309,4,155,0,5,0,6
CNP0228258.1,-11.1,0.870819288653115,6.393939393939394,11,2630.6849174930485,14,422,6,1,11,8
CNP0228346.0,-6.1,4.774363131045115,3.4545454545454546,0,323.83399426371614,2,76,0,2,2,4
CNP0228369.0,-6.1,1.9746437019429672,4.5,2,286.84559249293704,0,45,6,2,0,4
CNP0228372.1,-10.2,1.2910791372775143,5.317073170731708,4,1691.4521448816404,2,218,6,1,1,8
CNP0228424.4,-8.3,1.8878251724304376,5.318181818181818,3,495.9357123819439,6,117,6,2,3,2
CNP0228447.2,-11.1,1.229840681415079,5.344827586206897,4,1231.8435392638794,2,155,6,4,0,8
CNP0228481.1,-9.4,1.1544241822639152,4.369565217391305,5,1663.5732719116593,1,201,19,1,0,5
CNP0228513.1,-6.7,2.485840846484732,3.631578947368421,0,406.8588618882287,2,69,9,0,0,4
CNP0228574.2,-8.9,1.7819475488913277,4.956521739130435,2,755.4240635799663,1,114,6,2,1,6
CNP0228582.1,-12.0,0.907931466723533,5.815384615384615,5,1753.1881501054918,26,378,6,11,7,18
CNP0228603.1,-10.26,1.6129532525900934,5.368421052631579,4,1065.255926124422,8,204,6,2,4,5
CNP0228607.9,-10.7,1.1663696235220382,5.641025641025641,4,1014.3920018663738,13,220,6,3,3,9
CNP0228612.0,-9.2,1.2219237986570557,4.829787234042553,0,1969.83181592138,0,227,6,13,0,17
CNP0228615.1,-8.4,1.6410852116660846,4.606060606060606,3,886.1579295198378,3,152,6,2,1,8
CNP0228661.1,-10.2,0.9963951895749316,6.890909090909091,13,2179.970178693333,12,379,6,3,6,12
CNP0228664.1,-8.7,2.066965168224284,6.111111111111111,3,393.1999526462128,6,110,5,3,4,3
CNP0228674.2,-7.7,1.6725912556787104,4.92,2,487.6640040722665,6,123,6,1,2,3
CNP0228726.2,-10.5,1.1928183427065266,6.133333333333334,6,1206.9053887860937,16,276,6,6,7,9
CNP0228829.0,-5.7,2.049932604728933,4.666666666666667,2,286.2738406039034,0,56,6,0,0,2
CNP0228863.7,-8.9,1.85482167060516,5.333333333333333,3,464.4588728849873,5,112,6,1,3,1
CNP0228900.1,-10.2,1.2014915851234682,5.081081081081081,3,1025.003397593765,11,188,6,5,1,12
CNP0228921.3,-8.4,1.8882848217583907,5.5625,3,454.12574209010535,4,89,6,2,1,6
CNP0228951.4,-10.0,1.5783008918369896,6.09375,5,856.8929045040402,9,195,6,0,6,2
CNP0229000.2,-8.6,1.808518842377104,5.956521739130435,4,639.272226859852,7,137,7,2,2,3
CNP0229050.1,-10.9,1.1660985522351812,5.641025641025641,4,985.1150839950687,13,220,6,6,3,10
CNP0229135.1,-6.8,4.518146700696828,3.347826086956522,0,437.8031391028164,2,77,0,1,1,3
CNP0229232.2,-6.8,3.68997599964089,3.235294117647059,0,364.3830584236704,1,55,0,1,1,2
CNP0229242.10,-8.0,2.1306882080601897,4.681818181818182,2,438.9881980909563,4,103,6,2,2,2
CNP0229243.0,-7.7,1.5627314663355885,5.1923076923076925,4,1082.9668723964287,0,135,6,2,0,8
CNP0229353.1,-9.1,1.4626602833690618,5.857142857142857,6,1379.222164077968,10,246,6,2,5,10
CNP0229453.1,-8.6,2.683854157701814,3.92,0,534.6181163276292,4,98,6,6,0,9
CNP0229482.1,-8.5,2.108936483134991,4.5,0,541.3286046306702,10,126,6,8,0,15
CNP0229493.3,-9.8,1.1996312049775422,5.358208955223881,4,1714.00405639108,26,359,6,13,5,19
CNP0229507.6,-8.0,1.7474484153087997,5.090909090909091,3,995.2011582126266,8,168,10,0,2,10
CNP0229513.1,-8.5,1.3663464024426075,4.633333333333334,4,750.9666307170219,2,139,6,0,0,6
CNP0229534.0,-7.876,1.6717333407199677,4.666666666666667,0,597.5087914823632,0,84,6,0,0,2
CNP0229542.1,-12.8,1.0825243351867853,5.716981132075472,5,1463.5745369836998,18,303,6,8,6,12
CNP0229557.0,-8.045,1.875861815375416,4.136363636363637,0,714.6153896300217,0,91,6,2,0,3
CNP0229613.1,-8.9,1.656662464546624,5.172413793103448,3,1068.0258055672352,4,150,6,0,2,8
CNP0229623.0,-9.7,1.1270999457054922,5.017857142857143,2,1884.8058987243685,15,281,6,13,0,22
CNP0229655.1,-7.8,2.662514894821044,3.882352941176471,0,325.81352124478593,2,66,11,2,1,2
CNP0229677.1,-10.1,1.1028204659119605,4.862068965517241,7,2211.55350744003,6,282,12,7,1,11
CNP0229689.2,-8.2,2.239440201892428,4.857142857142857,2,381.2996530371491,5,102,6,1,3,1
CNP0229691.4,-10.6,1.1823735969958604,6.037735849056604,9,1967.6625621776536,12,320,18,2,4,13
CNP0229733.1,-9.9,1.624689197874382,5.342857142857143,4,867.9726382200464,9,187,7,3,5,5
CNP0229782.2,-12.3,1.043651678156169,5.609375,5,1791.7219963918749,23,359,6,9,6,17
CNP0229859.7,-5.3,2.4116033848032283,4.0,0,98.2038970536883,3,36,5,4,0,4
CNP0229901.1,-8.4,1.617108881135859,5.6,4,585.8214065132764,8,140,6,0,3,3
CNP0229904.1,-8.8,1.907358257599119,4.428571428571429,0,479.6781538338609,4,93,6,4,0,11
CNP0229913.27,-10.9,1.301071559743724,5.903225806451613,6,710.5951153861131,13,183,6,3,2,4
CNP0229984.2,-7.4,1.9923950637657968,5.2727272727272725,3,523.1423388920258,5,116,7,2,2,5
CNP0230066.0,-6.1,3.351795987204997,2.933333333333333,0,251.5928465401377,0,44,0,2,0,3
CNP0230074.3,-11.2,1.654938680477096,4.888888888888889,3,1084.2451117642536,5,176,6,0,3,5
CNP0230095.1,-9.0,1.8701554631878416,5.307692307692308,3,734.5834382575666,6,138,6,1,2,6
CNP0230131.6,-10.7,1.4255761169768566,5.096774193548387,4,733.0189792512658,8,158,6,0,2,2
CNP0230176.0,-7.0,3.5697879093624207,3.108695652173913,0,639.9520680229363,3,143,0,4,0,5
CNP0230317.3,-10.7,1.4959315676622336,4.666666666666667,5,1990.296408347645,7,266,18,4,0,16
CNP0230373.0,-8.0,1.4778944309009117,3.8378378378378377,0,943.3839269447158,1,142,6,4,1,8
CNP0230374.0,-8.3,1.5234691779045508,3.9565217391304346,0,692.6678153170712,0,91,6,3,0,5
CNP0230380.0,-9.3,1.78371836952845,4.956521739130435,2,972.305186576403,0,114,6,4,0,7
CNP0230445.2,-9.3,1.7208092407649085,5.34375,4,1347.4607835438642,1,171,6,3,2,6
CNP0230448.2,-8.6,1.5980869551955617,6.153846153846154,6,661.7728008299358,7,160,6,2,3,4
CNP0230477.1,-5.9,3.190469504618512,3.888888888888889,0,599.1739454400771,5,105,6,0,0,11
CNP0230477.3,-6.8,3.190469504618512,3.888888888888889,0,599.1739454400771,5,105,6,0,0,11
CNP0230481.11,-10.8,1.4116954633981054,4.361111111111111,0,1009.3367253210606,7,157,6,5,0,11
CNP0230499.1,-8.8,1.5499812829233577,5.161290322580645,3,976.5221669548088,8,160,6,7,0,10
CNP0230499.2,-9.1,1.5499812829233577,5.161290322580645,3,976.5221669548088,8,160,6,7,0,10
CNP0230638.1,-8.0,1.4762861020363722,5.0,4,510.2221797123019,6,125,6,0,0,2
CNP0230667.1,-9.4,1.5996942472077298,5.688888888888889,5,1278.7667061908674,12,256,6,4,6,8
CNP0230678.5,-6.8,2.098615091885881,4.705882352941177,2,329.8135212447859,3,80,9,1,1,2
CNP0230690.1,-8.666,1.12606827886152,4.879310344827586,2,2019.77292612828,12,283,6,9,0,19
CNP0230774.12,-9.8,1.5964733880698827,5.0,2,1330.4727024878473,5,170,6,8,0,13
CNP0230774.5,-9.1,1.5964733880698827,5.0,2,1330.4727024878473,5,170,6,8,0,13
CNP0230791.1,-10.9,1.130843790471794,5.553846153846154,5,1855.145213179436,22,361,6,11,6,18
CNP0230917.1,-8.7,2.5219464629962074,3.591836734693877,0,867.437145848424,8,176,6,7,0,10
CNP0230943.2,-11.7,1.1370349916973657,4.738095238095238,2,1657.2695334809398,5,199,6,6,0,12
CNP0230977.1,-8.8,1.6689052002297853,5.947368421052632,4,435.86151141228953,7,113,7,0,2,4
CNP0231000.2,-9.5,1.369458767480188,4.7,2,1006.3885659076292,1,141,6,0,0,4
CNP0231030.2,-12.3,1.2198703965146287,4.454545454545454,2,1357.6570037919448,5,196,6,3,4,4
CNP0231097.3,-8.9,2.066357821028541,4.903225806451613,3,895.6038867467648,5,152,10,1,2,7
CNP0231115.1,-11.8,1.4299200481687082,5.852941176470588,4,981.3807699230824,8,199,6,3,4,6
CNP0231278.1,-10.5,0.9704161348254025,7.0,13,2003.74065989064,12,357,6,2,6,9
CNP0231352.0,-6.7,1.6170484800048968,4.117647058823529,0,514.5191415446875,0,70,5,0,0,2
CNP0231363.1,-9.8,1.1932175186563505,5.82051282051282,7,1172.5635140673962,12,227,18,1,4,10
CNP0231460.2,-9.2,1.0421387602421033,5.602941176470588,7,3311.162527422276,8,381,7,10,0,12
CNP0231490.2,-7.5,1.3279701488258808,4.785714285714286,2,878.4146954556129,4,134,6,0,1,6
CNP0231520.3,-9.6,0.9091383415966976,5.571428571428571,6,1585.7370413255296,28,351,6,10,3,18
CNP0231545.1,-8.98,1.6769004835856922,4.857142857142857,0,583.9271384543991,4,102,6,3,1,3
CNP0231618.1,-8.6,2.010511001093373,4.358490566037736,0,1227.1909695866768,16,231,16,4,1,15
CNP0231715.1,-6.8,1.8162914264982388,3.363636363636364,0,381.4168111085981,1,74,6,3,0,3
CNP0231836.1,-6.7,1.939366049476748,4.642857142857143,2,194.97166535834063,5,65,5,2,0,3
CNP0231857.0,-5.9,2.9913388029833445,2.8,0,290.54424922924045,0,42,0,1,0,5
CNP0231858.1,-11.0,1.2902890282120163,6.09375,8,1416.2684157030324,2,195,6,0,1,3
CNP0231858.2,-11.1,1.2902890282120163,6.09375,8,1416.2684157030324,2,195,6,0,1,3
CNP0231882.1,-6.8,3.999336549437828,3.4444444444444446,0,449.61118058494617,2,93,0,4,1,7
CNP0231933.0,-4.8,2.3952964790313653,3.888888888888889,0,224.57495208091365,0,35,5,0,0,2
CNP0231964.2,-10.4,1.2752086817161892,5.542857142857143,6,1307.9607970751572,4,194,6,3,1,10
CNP0231973.1,-9.1,1.5819700674968282,4.9523809523809526,2,1711.8284801161842,1,208,6,4,0,13
CNP0231978.2,-8.352,1.7317236688798727,4.12,2,831.4881458588233,1,103,6,2,0,8
CNP0231994.2,-7.4,1.8762574397693632,6.411764705882353,4,390.3830584236704,7,109,6,0,2,2
CNP0232005.1,-9.757,1.4854294408895723,5.7727272727272725,5,1581.4304447375623,9,254,6,10,3,19
CNP0232105.2,-10.1,1.1972768784350925,4.689655172413793,2,734.9402916612515,5,136,6,1,0,4
CNP0232122.3,-6.4,2.515835979311492,4.1,0,128.68324254705823,4,41,6,4,0,4
CNP0232129.5,-13.1,0.7487615386901632,5.257575757575758,5,1751.7943980693246,24,347,9,5,2,19
CNP0232181.3,-6.9,2.724112234103965,4.5,0,162.11730005192322,4,54,5,5,1,6
CNP0232191.7,-9.4,1.3579677443444025,5.9375,5,811.6492336530862,9,190,6,1,5,2
CNP0232338.2,-10.6,1.220933143211904,5.176470588235294,3,1193.637189547636,4,176,6,2,1,9
CNP0232402.1,-9.1,1.303911610889334,4.612903225806452,0,863.4167627332752,4,143,6,0,0,6
CNP0232455.1,-10.55,0.9194584960625164,5.1571428571428575,4,2003.282018304455,23,361,6,3,3,17
CNP0232462.2,-11.0,0.7769964555086073,5.290322580645161,5,2408.898292347491,40,492,6,17,3,31
CNP0232707.1,-10.3,1.816443755144776,4.277777777777778,2,1086.212189314622,4,154,15,4,0,8
CNP0232707.3,-9.0,1.816443755144776,4.277777777777778,2,1086.212189314622,4,154,15,4,0,8
CNP0232782.1,-7.3,4.033636953206427,3.109090909090909,0,959.1641984834024,2,171,0,2,0,10
CNP0232792.3,-8.6,1.4513895482321513,5.708333333333333,5,783.2819836984937,6,137,6,2,0,4
CNP0232796.1,-8.3,1.486470674379498,4.28,0,1955.778662994987,20,321,6,14,0,29
CNP0232898.10,-7.8,1.9783833475230648,4.380952380952381,0,487.9876415156263,6,92,6,4,0,7
CNP0232898.2,-7.8,1.9783833475230648,4.380952380952381,0,487.9876415156263,6,92,6,4,0,7
CNP0232898.4,-8.3,1.9783833475230648,4.380952380952381,0,487.9876415156263,6,92,6,4,0,7
CNP0232967.1,-8.0,1.7361672740257257,5.344827586206897,4,1101.3894209090697,1,155,7,3,0,10
CNP0232988.2,-10.0,1.463359972115097,4.472727272727273,0,1324.832970035085,15,246,6,11,0,20
CNP0233008.1,-8.8,1.4174519965401735,5.418604651162791,6,2071.503264917528,1,233,6,3,1,11
CNP0233053.3,-9.0,1.8746031334504312,4.814814814814815,3,709.1187876792854,6,130,10,1,1,7
CNP0233080.3,-8.834,1.6310572432586783,4.08,0,766.40161904161,1,102,6,5,0,8
CNP0233102.1,-8.8,1.481516524595753,4.34,2,1558.3515350380217,8,217,6,1,0,15
CNP0233221.2,-9.9,1.4497185170900129,4.53125,0,1153.4235142312016,2,145,7,4,0,5
CNP0233250.1,-7.7,1.589708838800881,6.5,6,1057.1701876502125,6,208,6,1,3,8
CNP0233251.1,-9.3,1.4876213676549963,4.348837209302325,2,1431.673081655729,2,187,14,4,0,10
CNP0233278.1,-12.5,1.0888234813970166,5.8,5,1222.4413048418037,18,261,6,6,3,11
CNP0233332.0,-5.263,1.9367952205427108,4.6,2,331.08718865792105,0,46,5,1,0,4
CNP0233357.1,-10.1,1.4649159401106209,6.0,5,617.329075866056,9,156,6,2,2,3
CNP0233378.0,-10.0,1.45224686261042,4.914285714285715,2,1298.584975200852,5,172,6,5,0,12
CNP0233421.3,-9.9,1.4462492012178838,6.133333333333334,6,1131.8156970913385,2,184,6,0,2,6
CNP0233465.2,-8.2,1.4643905187024595,5.72,4,826.6169883421942,5,143,6,0,1,5
CNP0233555.1,-9.7,1.5486413487563742,4.5,3,1383.5855580667835,2,198,8,3,0,9
CNP0233589.1,-7.2,2.666490728606421,3.878787878787879,0,650.6666852277702,5,128,5,1,0,8
CNP0233669.1,-7.8,2.0301412989150727,3.875,0,809.9596585677363,2,93,6,0,0,0
CNP0233727.1,-9.0,1.4211394224447822,5.523809523809524,6,1793.8345771337822,2,232,6,4,1,9
CNP0233742.2,-7.7,2.3167566702600872,4.897435897435898,3,1051.3677027259253,10,191,10,2,2,12
CNP0233822.0,-7.638,1.7817672316554516,4.2631578947368425,2,542.9250693447735,1,81,6,1,1,3
CNP0233876.5,-10.1,1.5252308538437758,5.448275862068965,4,626.0273365339409,8,158,6,1,3,2
CNP0233884.4,-8.5,2.3034011751376324,4.216216216216216,2,861.2481533932795,5,156,6,1,1,10
CNP0233884.6,-8.0,2.3034011751376324,4.216216216216216,2,861.2481533932795,5,156,6,1,1,10
CNP0233919.7,-8.1,1.623132939890071,5.761904761904762,4,507.69574308017087,6,121,6,1,2,2
CNP0234041.1,-9.2,1.5021454506440923,5.333333333333333,4,612.7475432226414,9,144,6,2,2,3
CNP0234133.0,-8.3,1.8887102870571384,5.086956521739131,3,974.5177584992068,0,117,6,1,0,6
CNP0234173.2,-9.2,1.669668269368141,4.67741935483871,2,799.6922220966756,7,145,6,4,0,6
CNP0234176.1,-11.2,1.1919390037706794,5.5,5,1340.24264938254,6,198,6,6,0,11
CNP0234200.6,-10.2,1.3993636388708215,4.378378378378378,3,918.8906703186968,9,162,18,2,0,7
CNP0234215.2,-6.4,3.270297268129801,2.909090909090909,0,504.26906040867925,1,64,0,1,0,3
CNP0234305.1,-9.4,0.963842175379826,5.25,6,1212.6800652232114,13,273,6,1,6,4
CNP0234320.0,-7.4,1.9597157341074567,5.076923076923077,3,949.3913250240588,0,132,6,4,0,6
CNP0234360.5,-9.6,1.4583946331788973,4.888888888888889,3,1251.8983394113698,5,176,6,5,0,12
CNP0234380.0,-5.1,2.3006345495185885,3.7777777777777777,0,223.96177402882643,0,34,5,1,0,3
CNP0234420.2,-11.8,1.0984133799603957,5.425,4,933.901440965423,15,217,6,5,2,7
CNP0234429.0,-6.1,1.9733961256140589,3.5217391304347827,0,454.2000499595607,0,81,6,2,0,3
CNP0234495.2,-9.761,1.554320960898558,4.87719298245614,3,2320.2075391069816,4,278,12,14,0,23
CNP0234505.1,-6.5,2.406798698871647,3.8333333333333335,0,204.8281692721282,1,46,5,3,0,5
CNP0234515.0,-9.7,1.4322910627079122,4.947368421052632,4,1804.056568303132,1,188,6,3,0,9
CNP0234581.2,-7.1,2.3132055200168384,4.0588235294117645,0,302.0436806111143,3,69,5,2,1,2
CNP0234598.1,-9.9,1.5088307381463246,5.257142857142857,3,829.6400994297663,11,184,6,6,3,9
CNP0234696.1,-10.5,1.580859397849327,6.0,5,1214.0141133324946,6,210,6,4,5,6
CNP0234709.1,-11.5,1.1090669321541275,5.6875,4,1523.346219194974,10,273,6,3,5,6
CNP0234743.1,-8.9,1.6280742014171132,4.681818181818182,5,1251.0229943832867,7,206,14,2,0,11
CNP0234744.0,-10.0,1.2628798061008872,6.1,7,1318.225076622913,8,244,7,3,5,8
CNP0234867.2,-9.8,1.6717192289190206,4.6,0,1049.9799816546308,2,161,6,5,1,12
CNP0234954.2,-8.4,1.6575387285478396,5.454545454545454,4,880.6901489871439,2,120,6,0,0,6
CNP0234971.1,-11.0,1.493930503204858,5.941176470588236,4,912.5724093770544,11,202,6,4,5,6
CNP0235013.2,-9.9,1.1471357209768718,5.637931034482759,5,1731.1441342741448,19,327,6,8,6,16
CNP0235013.21,-10.1,1.1471357209768718,5.637931034482759,5,1731.1441342741448,19,327,6,8,6,16
CNP0235033.7,-9.8,1.6262215498453492,5.666666666666667,4,529.1768986944882,9,136,6,2,2,3
CNP0235078.2,-9.848,1.4049675275534832,5.821428571428571,4,895.7759230577352,4,163,6,1,2,8
CNP0235161.0,-10.0,1.2436016884012853,4.65625,2,1213.6018281453012,0,149,6,0,0,7
CNP0235195.2,-7.9,1.7980606630966849,5.3478260869565215,5,1434.8479006659816,11,246,7,2,4,11
CNP0235196.0,-8.5,1.4520659081504008,4.583333333333333,2,744.5567593171272,0,110,6,1,0,6
CNP0235199.12,-9.4,1.3218684139571022,5.808510638297872,6,1567.3836106281913,12,273,7,3,5,10
CNP0235203.1,-9.2,1.719396229801515,4.069767441860465,0,1287.5805845235616,5,175,16,3,0,9
CNP0235218.0,-8.8,1.6930311236854036,4.909090909090909,2,908.5527285597918,0,108,6,3,0,6
CNP0235243.2,-10.4,1.3087921312303812,4.836363636363636,2,2254.109856125908,4,266,6,7,0,10
CNP0235246.5,-11.4,1.3890790415869607,6.264705882352941,6,903.4814043307388,11,213,6,2,6,4
CNP0235375.1,-9.7,0.9217911163660504,5.474358974358975,5,2133.631984041451,29,427,6,15,6,24
CNP0235395.1,-7.9,1.809356573791001,4.806451612903226,2,1043.007071948644,3,149,6,5,2,7
CNP0235416.1,-9.5,1.6060904268505762,5.2631578947368425,3,924.2541822486392,13,200,6,6,3,9
CNP0235434.1,-11.3,1.0951011779512898,4.742857142857143,4,1222.772482048078,2,166,6,2,0,6
CNP0235476.1,-11.9,0.7998736278970618,5.19672131147541,4,1714.6367058110334,22,317,6,10,2,22
CNP0235511.2,-7.3,2.802491767702676,4.4375,0,304.2995674059887,3,71,6,2,2,3
CNP0235548.1,-10.11,0.98665833325467,6.444444444444445,13,2354.075192602032,14,406,15,2,3,8
CNP0235558.1,-9.0,1.92901502729628,4.0,0,865.7031666675922,2,140,6,3,1,10
CNP0235590.0,-10.4,1.561441381985082,5.607142857142857,5,1007.1304520006832,4,157,8,1,1,6
CNP0235594.1,-10.4,1.3371758516358718,5.457142857142857,5,1540.7269174239475,1,191,6,4,1,8
CNP0235680.0,-7.9,2.1179783018680043,4.5625,2,544.8746730360182,0,73,7,2,0,4
CNP0235704.2,-9.0,1.3319916309450657,4.793103448275862,3,874.1945522271686,4,139,6,1,1,5
CNP0235741.1,-8.2,1.778090605154824,5.619047619047619,4,554.4802306016447,3,118,7,2,2,5
CNP0235766.1,-11.6,1.1058188037258825,4.983333333333333,2,2131.2729707208027,15,299,6,12,0,25
CNP0235821.1,-8.032,1.9651823570963047,5.823529411764706,3,373.1181094709745,5,99,6,1,2,2
CNP0235828.3,-6.7,1.838989430651641,3.5454545454545454,0,370.87658545627545,1,78,5,1,0,3
CNP0235916.1,-9.1,1.767448969679794,5.290322580645161,4,748.2098436382544,10,164,9,1,3,7
CNP0235973.1,-9.3,2.1195950398083574,4.547619047619048,2,1261.3233080302286,7,191,12,0,2,9
CNP0236041.1,-11.1,1.206184672546944,4.8,2,1935.4058372765007,18,312,6,8,0,24
CNP0236092.1,-8.6,1.2167423660909364,5.946428571428571,9,2135.9253833993225,10,333,9,4,5,12
CNP0236133.1,-9.0,1.6887120865163192,5.972972972972973,5,1050.5301009629777,10,221,7,3,6,7
CNP0236150.4,-8.2,2.361650825489694,5.157894736842105,2,341.7900745198331,6,98,6,4,3,4
CNP0236227.1,-7.4,0.98568474028982,4.3478260869565215,2,1657.4218015566448,3,200,6,3,0,6
CNP0236293.4,-11.0,1.3146052079487358,4.770833333333333,3,1600.7985263163696,6,229,13,8,0,14
CNP0236454.0,-10.9,1.4089354999134989,5.571428571428571,6,1506.6463584237397,0,195,6,0,2,5
CNP0236508.2,-9.3,1.484095829878371,4.287878787878788,4,2045.870959616236,13,283,25,3,0,19
CNP0236508.3,-10.7,1.484095829878371,4.287878787878788,4,2045.870959616236,13,283,25,3,0,19
CNP0236551.4,-10.5,1.412117733843562,4.909090909090909,2,1209.9696678684486,4,162,6,5,0,11
CNP0236564.1,-5.9,2.231298518706561,3.692307692307693,0,295.2121397748102,1,48,5,0,0,2
CNP0236582.2,-8.7,1.5839372961309464,5.137931034482759,3,1204.439224170112,1,149,6,0,0,6
CNP0236642.3,-10.8,1.3400196970484362,5.625,5,925.0666037989032,14,225,6,5,5,5
CNP0236821.1,-6.8,1.659061145828805,4.3125,0,311.39664106587225,2,69,6,0,1,1
CNP0236835.1,-8.438,1.1446268920298166,4.734375,4,2119.778391609512,11,303,6,11,1,15
CNP0236837.2,-11.6,1.224348901539351,5.0,2,1555.6070246206623,10,220,6,11,0,17
CNP0236845.2,-9.1,1.681120698486185,5.22,3,1668.7686388741265,11,261,6,3,4,12
CNP0236868.1,-7.9,1.943406530823048,5.173913043478261,3,588.2193651755867,6,119,7,1,1,5
CNP0236877.1,-5.7,2.157993926234953,5.0,2,162.25571236699292,3,55,6,0,1,1
CNP0236881.0,-8.2,1.9639392436473109,5.115384615384615,3,992.6447180022712,0,133,7,2,0,7
CNP0237069.2,-8.3,1.2595261913939135,4.535211267605634,0,1534.9914522400456,26,322,6,12,0,24
CNP0237086.1,-6.9,2.168492944899901,4.75,2,324.3266529435302,4,76,7,1,1,1
CNP0237156.2,-9.2,1.557379502143953,5.357142857142857,3,979.807883911182,1,150,6,1,2,5
CNP0237198.1,-10.9,1.24069384302801,5.075471698113208,2,1832.371929882364,15,269,6,12,0,20
CNP0237222.1,-8.8,1.2808375579346434,4.711864406779661,4,1942.479132603644,7,278,10,5,0,9
CNP0237247.7,-9.8,1.4575749918256895,5.275862068965517,4,659.2249726558676,8,153,6,1,2,1
CNP0237262.3,-9.3,1.4840028458033208,4.923076923076923,0,1427.208915697776,4,192,6,6,0,9
CNP0237262.5,-10.5,1.4840028458033208,4.923076923076923,0,1427.208915697776,4,192,6,6,0,9
CNP0237295.9,-8.7,1.5504015091604404,6.0,5,917.6378615914392,9,204,6,0,5,3
CNP0237317.1,-7.3,2.0681569332255068,4.7,2,519.657304572202,3,94,6,2,0,6
CNP0237328.0,-9.2,1.3693866493182112,4.34375,2,1119.7476494600032,0,139,6,0,1,6
CNP0237350.0,-7.5,2.761161537241253,3.782608695652174,0,444.7579226243731,3,87,14,1,1,2
CNP0237409.4,-9.0,1.5771353422191332,4.72,2,710.6769456601702,5,118,6,5,0,10
CNP0237448.1,-7.7,1.3498835404527347,5.191489361702128,4,1396.5546287798334,8,244,7,3,4,8
CNP0237493.0,-6.7,2.417111746411194,3.769230769230769,0,285.9914783601156,0,49,6,2,1,6
CNP0237562.1,-9.4,1.3544011865810506,4.836363636363636,5,1707.003174254197,9,266,6,8,2,10
CNP0237698.3,-10.1,2.1557868165074647,5.351351351351352,3,1286.2271224734395,5,198,6,5,4,9
CNP0237716.3,-9.3,1.2598675576176963,6.086956521739131,6,1705.3746197229557,12,280,7,3,5,10
CNP0237846.4,-7.0,2.022336874672098,4.5625,2,348.44645225201987,3,73,6,0,0,1
CNP0237866.1,-8.207,2.849921663978279,4.769230769230769,2,1141.024405458716,4,186,6,1,3,4
CNP0238006.1,-7.1,2.515679566981221,3.827586206896552,0,585.720392857111,3,111,3,4,1,8
CNP0238085.1,-10.0,1.6924705281503505,4.764705882352941,0,699.3789199837111,15,162,6,8,0,14
CNP0238092.1,-7.8,4.218338359166899,3.4324324324324325,0,708.031054028865,4,127,0,5,0,9
CNP0238226.4,-10.5,1.3665706971570055,5.580645161290323,4,883.2325638867927,9,173,6,2,2,4
CNP0238243.1,-8.3,1.9244082521297723,5.444444444444445,3,694.6863110515231,1,98,6,0,1,3
CNP0238259.1,-9.7,1.3359194356416362,5.078947368421052,3,1292.7949940634337,6,193,6,4,2,9
CNP0238288.0,-4.4,2.242040082092553,3.625,0,96.6017921972316,1,29,5,0,0,3
CNP0238347.1,-7.4,1.449762427620097,4.545454545454546,6,1645.9498375751912,16,300,22,10,0,18
CNP0238401.1,-9.8,0.9587677634346756,4.948275862068965,4,2501.593582517645,13,287,6,12,0,38
CNP0238478.0,-8.0,1.838193854449232,4.923076923076923,2,1051.466053552604,0,128,6,3,0,8
CNP0238502.1,-7.4,1.884646595401109,5.142857142857143,3,729.9737897586351,1,108,6,3,0,3
CNP0238558.2,-10.7,1.5631612486586044,5.53125,4,871.2624823394372,7,177,6,0,4,2
CNP0238560.0,-9.0,1.3908457786488109,5.392857142857143,5,1127.416605655647,0,151,6,0,0,8
CNP0238564.23,-9.739,1.539454777617382,6.096774193548387,5,740.69371024171,10,189,6,1,6,1
CNP0238572.1,-9.0,1.531517946507167,5.551724137931035,5,1018.8474610745228,2,161,6,1,1,7
CNP0238744.2,-8.8,1.724132894112925,5.95,4,494.1676999572451,4,119,6,0,3,0
CNP0238791.1,-9.4,1.5807291081605743,5.413793103448276,3,737.1053866023038,7,157,6,2,3,4
CNP0238823.2,-11.1,1.2710989929217245,4.909090909090909,2,1827.240531912812,5,216,6,9,0,14
CNP0238827.3,-7.4,2.1552718564899527,4.409090909090909,2,521.8253337815045,2,97,11,1,1,2
CNP0238845.0,-7.4,2.01895804998286,4.152173913043479,2,1118.556916058966,5,191,6,3,2,6
CNP0238855.2,-7.6,2.6890609405808754,3.727272727272727,0,503.80028576997125,1,82,14,0,0,2
CNP0238948.16,-10.2,1.6420924570759134,5.606060606060606,4,779.4112162621088,10,185,6,3,5,3
CNP0238978.2,-10.5,0.8579163022862599,5.294117647058823,6,3250.475341093646,6,360,6,9,0,12
CNP0238983.4,-8.5,1.6365369248164268,5.576923076923077,3,713.0899672426166,8,145,6,1,2,6
CNP0238994.0,-10.1,1.6699176195555103,5.242424242424242,3,1385.6578780349605,0,173,6,5,0,9
CNP0239116.1,-11.57,1.0594452756803083,5.511627906976744,5,996.730224831502,18,237,6,7,3,10
CNP0239116.2,-11.92,1.0594452756803083,5.511627906976744,5,996.730224831502,18,237,6,7,3,10
CNP0239241.2,-9.4,1.2724220871005525,5.325581395348837,5,1040.3359019118975,8,229,6,1,6,3
CNP0239273.1,-8.7,1.559088223816586,5.3,3,854.5383493492162,8,159,7,4,0,9
CNP0239328.1,-9.6,1.6020710715494728,5.435897435897436,4,1029.5349025485332,10,212,6,4,5,7
CNP0239397.4,-9.7,1.5178956900550944,5.904761904761905,3,626.1822082677915,3,124,6,0,3,4
CNP0239490.0,-9.6,1.2456493499857084,5.36,4,748.0385029264378,4,134,6,0,0,4
CNP0239503.3,-7.3,2.1762024757854905,4.791666666666667,2,537.7569381887917,5,115,6,3,2,4
CNP0239557.1,-8.629,2.1541132793896254,4.114285714285714,0,814.7553692881488,9,144,18,3,0,7
CNP0239557.5,-8.568,2.1541132793896254,4.114285714285714,0,814.7553692881488,9,144,18,3,0,7
CNP0239557.7,-9.371,2.1541132793896254,4.114285714285714,0,814.7553692881488,9,144,18,3,0,7
CNP0239650.7,-13.0,0.99793059296475,5.617021276595745,4,1248.2489272058997,16,264,6,6,4,13
CNP0239656.1,-9.2,1.8177960927605348,5.090909090909091,2,732.0104289640833,4,112,6,5,0,10
CNP0239706.1,-8.525,1.7929703209153829,5.8,4,918.57738732169,2,145,6,2,1,6
CNP0239716.1,-7.4,1.67106009900289,5.148148148148148,3,932.744870104238,3,139,6,0,0,6
CNP0239804.0,-7.9,1.9717424460522048,5.944444444444445,3,450.6550671030861,4,107,6,2,3,3
CNP0239818.2,-8.1,1.574370979182965,5.24,4,838.5788870425341,3,131,6,3,0,5
CNP0239895.1,-10.9,1.055436311421351,5.606060606060606,5,1862.9693444807776,24,370,6,11,6,19
CNP0240067.1,-10.2,1.367977814377893,4.333333333333333,0,1315.1906086591543,8,195,6,8,0,16
CNP0240070.1,-8.2,1.6861505745299668,4.551724137931035,2,1834.8169454090264,7,264,12,6,3,16
CNP0240147.0,-7.528,1.8533559703807547,5.15,3,702.1117964393959,0,103,6,3,0,3
CNP0240233.7,-10.6,1.2742851813473346,5.0606060606060606,4,851.6203078281112,7,167,6,3,2,7
CNP0240285.1,-11.5,1.1969121932512004,6.485714285714286,5,1029.76424771769,11,227,6,1,6,5
CNP0240310.6,-11.6,1.1624580154737885,6.026315789473684,6,1103.6069307825858,12,229,6,2,4,9
CNP0240312.8,-9.7,1.539454777617382,6.096774193548387,5,781.2811834474365,9,189,6,0,6,1
CNP0240391.2,-10.4,0.9668249492908996,6.79245283018868,13,2087.544605618638,11,360,6,1,5,10
CNP0240401.9,-11.71,1.2946496110951105,6.064516129032258,6,756.3353934245694,12,188,6,1,3,4
CNP0240414.3,-7.6,1.7460462146243168,4.0,2,407.9724117289813,4,80,6,1,0,1
CNP0240519.0,-8.4,1.7104821559377394,4.566666666666666,0,1126.4796383051485,0,137,6,3,0,10
CNP0240588.3,-9.8,1.636765838372367,5.545454545454546,4,713.633170778002,4,122,6,5,0,8
CNP0240629.1,-8.6,1.2058186193936544,4.653846153846154,3,792.0981285921719,3,121,6,1,0,5
CNP0240655.2,-9.3,1.3731339194173735,5.2631578947368425,4,1362.4218125871605,4,200,6,3,1,11
CNP0240655.3,-10.0,1.3731339194173735,5.2631578947368425,4,1362.4218125871605,4,200,6,3,1,11
CNP0240683.5,-8.6,1.887360710200863,4.5,0,502.1161041315076,7,117,6,5,1,7
CNP0240684.1,-6.8,2.588118218402591,4.153846153846154,0,163.06175692902727,5,54,6,5,0,6
CNP0240835.1,-7.311,1.989763628026336,5.227272727272728,3,680.4816653754043,3,115,6,2,1,5
CNP0240892.1,-8.3,2.068223131958208,6.277777777777778,3,415.9617766609256,5,113,6,3,4,3
CNP0240940.1,-7.9,1.6290801657090244,4.619047619047619,2,469.4105664814788,3,97,6,0,0,4
CNP0241130.1,-9.9,1.391404486918295,4.935483870967742,2,1138.1670096371531,5,153,6,4,0,9
CNP0241163.0,-8.872,1.7312390666134745,5.366666666666666,4,1307.4911006522084,0,161,6,2,2,6
CNP0241230.1,-11.2,1.3073534760421457,6.314285714285714,5,943.0313508247629,12,221,6,3,6,5
CNP0241232.11,-9.9,1.4197064598355622,4.568181818181818,0,1301.5247605549514,10,201,6,9,0,15
CNP0241301.1,-7.4,0.9252020149127894,5.108108108108108,5,875.5488595591072,7,189,6,0,4,4
CNP0241316.2,-10.5,1.62102044351175,5.571428571428571,4,932.0805118911125,10,195,6,6,5,7
CNP0241341.1,-7.5,1.8607012575651425,5.043478260869565,3,592.2193651755866,6,116,7,0,1,5
CNP0241355.3,-9.0,1.4643154376031329,4.888888888888889,2,1315.4068856276492,5,176,6,4,0,12
CNP0241356.1,-8.8,1.8317599093661088,5.029411764705882,3,863.5213346995941,7,171,6,2,4,4
CNP0241474.1,-11.7,1.0185943714589638,4.885714285714286,2,2718.7846501832933,15,342,6,13,0,27
CNP0241509.1,-10.2,1.3576835663591165,6.777777777777778,7,1095.601436925845,5,183,6,1,3,7
CNP0241527.0,-6.3,2.0549101980429936,4.583333333333333,2,377.7736683970917,0,55,6,0,0,1
CNP0241545.0,-11.0,1.398848278199416,5.828571428571428,4,916.197870359139,10,204,6,3,5,5
CNP0241678.1,-10.1,1.4065743103598196,5.241379310344827,4,756.4670192260511,7,152,6,2,2,6
CNP0241746.1,-11.1,1.3988808591282096,4.76595744680851,2,1458.88816160459,13,224,6,12,0,25
CNP0241797.3,-10.4,1.3458516995011958,4.888888888888889,2,1021.0250312109836,15,220,6,9,2,13
CNP0241808.1,-6.8,1.894072067605727,4.277777777777778,2,445.8625389569631,1,77,6,1,0,5
CNP0241890.1,-6.7,2.2248691307599406,4.875,2,291.8100768023833,4,78,6,1,1,1
CNP0241933.8,-9.1,1.864755764026644,5.08,2,560.0993035893048,6,127,6,1,3,4
CNP0242033.7,-9.4,1.406960867513396,5.785714285714286,4,796.5732172511703,8,162,6,2,3,4
CNP0242074.1,-8.0,1.445730188596637,5.211538461538462,4,2172.472130951755,4,271,6,12,0,16
CNP0242197.1,-9.4,1.4028986477822447,6.829787234042553,8,1660.4402957783732,15,321,6,3,8,15
CNP0242217.2,-7.0,2.141886500549272,4.777777777777778,2,391.9011410476741,3,86,9,0,1,2
CNP0242297.1,-8.9,2.003510748891126,5.416666666666667,3,606.7601063032595,5,130,6,2,4,4
CNP0242369.1,-9.5,1.420472482407308,4.585365853658536,0,1085.7728125702042,10,188,6,5,0,12
CNP0242381.2,-9.4,1.6185597964990834,5.708333333333333,4,494.2304165790362,10,137,6,3,2,3
CNP0242385.1,-9.5,1.4203032914885,5.666666666666667,5,439.9006574271013,6,136,6,2,2,6
CNP0242402.1,-8.4,1.675861134593546,5.791666666666667,3,690.5018329856663,5,139,6,1,3,4
CNP0242415.2,-10.7,1.4579994947192123,5.068965517241379,2,1119.4854204525775,4,147,6,6,0,9
CNP0242448.1,-8.7,1.4967551049747352,5.0,3,1024.061639049721,2,130,6,2,0,7
CNP0242470.1,-11.4,1.485552107148088,6.088235294117647,4,870.3930794436931,9,207,6,1,7,3
CNP0242549.1,-7.2,2.537996001751031,4.34375,2,784.3365656914068,6,139,10,1,0,9
CNP0242582.0,-10.4,1.263481031237341,4.903225806451613,2,1013.565672840157,5,152,6,6,0,10
CNP0242698.2,-8.2,1.5693365747566173,3.96,0,693.7327427259057,1,99,6,3,0,5
CNP0242732.4,-12.0,1.1789721292498605,5.789473684210527,4,1000.5332177816867,13,220,6,5,4,9
CNP0242759.1,-9.3,1.414069229874488,4.303571428571429,2,1438.4435573263938,10,241,6,7,2,17
CNP0242871.2,-8.9,1.2593859966338037,4.782608695652174,3,812.7706974702985,2,110,6,0,0,3
CNP0242911.0,-10.1,1.2251454710061664,4.666666666666667,2,1118.940250274056,0,140,6,0,0,6
CNP0243067.1,-8.7,1.935831856040087,5.25,3,360.7777503284668,4,105,8,0,3,1
CNP0243192.1,-9.3,1.7120653668539,4.685714285714286,2,900.032914373022,9,164,6,4,1,6
CNP0243271.4,-10.0,1.5887157823789275,5.225806451612903,3,964.2185290973893,6,162,6,5,1,9
CNP0243281.2,-12.5,1.0186334101255388,5.0,3,1751.541669092982,10,255,6,5,1,14
CNP0243285.1,-10.6,1.372719188097539,5.230769230769231,5,1286.384773976953,9,204,6,4,1,16
CNP0243356.1,-11.1,1.3660178707766044,6.371428571428571,5,910.9131578425372,12,223,6,4,7,5
CNP0243479.1,-8.4,1.193192885910049,4.098039215686274,2,1364.6132297475467,2,209,7,3,1,14
CNP0243502.1,-9.5,1.6638743491673025,5.7727272727272725,4,489.0719677925114,8,127,6,2,2,3
CNP0243575.1,-8.4,1.7029354936931131,5.166666666666667,4,733.2077980292927,8,155,11,0,4,6
CNP0243690.6,-10.0,1.5624238337786964,5.4375,4,783.4064376565215,9,174,6,4,4,5
CNP0243693.4,-11.13,0.9106724314891156,5.696969696969697,6,1899.0849910524184,23,376,6,9,6,18
CNP0243746.39,-9.669,1.5166451094686395,6.75,7,723.3453291572417,10,162,6,2,1,4
CNP0243746.58,-9.697,1.5166451094686395,6.75,7,723.3453291572417,10,162,6,2,1,4
CNP0243798.1,-6.1,4.155703159341949,3.1403508771929824,0,1219.455138745988,3,179,0,3,0,11
CNP0243811.3,-11.5,1.1766483156494687,5.17948717948718,4,1549.3107254265713,5,202,6,7,0,9
CNP0243981.2,-7.4,2.3115047111596576,4.769230769230769,2,634.0535055493606,5,124,6,1,2,4
CNP0244005.2,-7.5,2.096090564988696,4.521739130434782,0,513.3968810334229,8,104,6,6,0,9
CNP0244021.1,-8.9,2.3025819999659114,3.857142857142857,0,2369.8522701740944,8,297,6,16,0,27
CNP0244030.1,-8.5,1.338709000369415,4.891891891891892,4,1425.0529882354488,2,181,6,1,0,7
CNP0244068.3,-6.7,2.0241033895302416,3.863636363636364,0,388.5483946406013,2,85,5,2,1,4
CNP0244124.0,-9.3,1.2704082462447353,4.857142857142857,2,837.5266719418488,0,102,6,0,0,1
CNP0244137.2,-7.7,1.2971297289550814,4.923076923076923,3,595.0152383690308,5,128,6,1,1,3
CNP0244157.3,-10.15,1.4809728249807266,5.833333333333333,5,847.7299343242646,2,140,6,2,0,6
CNP0244178.1,-9.2,1.0734759020942877,5.578125,5,1748.716068308869,24,357,6,11,6,18
CNP0244227.3,-7.716,2.186830126650434,4.2,2,642.2997582550646,3,105,10,0,0,6
CNP0244243.1,-11.1,1.090083866483352,5.492307692307692,9,3010.733781295632,5,357,11,14,0,25
CNP0244283.4,-9.1,1.5899750206997207,5.45,4,415.9228064831685,6,109,6,2,0,5
CNP0244333.3,-9.5,1.5747402660570162,4.22,0,1401.3210614232391,5,211,6,6,0,13
CNP0244429.0,-8.4,1.861224071453008,5.095238095238095,3,774.5998426914244,0,107,6,0,0,4
CNP0244450.1,-9.6,1.5924632120741904,5.551724137931035,4,690.7585038017531,9,161,6,2,3,5
CNP0244466.2,-7.6,1.8420248537510595,4.807692307692308,0,869.6696987504502,1,125,6,3,0,8
CNP0244532.2,-10.3,1.4333879947368,5.450980392156863,4,1524.6142331347587,13,278,6,6,6,13
CNP0244571.0,-8.5,1.2381146798696436,4.818181818181818,2,1316.5594413182498,9,212,6,0,0,14
CNP0244607.1,-11.5,1.3874296497797345,6.2727272727272725,6,830.2177861648927,8,207,7,0,6,3
CNP0244612.1,-9.8,1.3044999230463807,5.909090909090909,6,1602.5703390556407,4,195,6,4,0,7
CNP0244680.0,-9.4,1.5077473729171431,4.416666666666667,2,851.9502221203475,0,106,7,1,0,5
CNP0244725.1,-9.2,1.407595505310084,4.558139534883721,3,1539.1938211605022,2,196,7,3,0,10
CNP0244750.1,-11.6,1.2715772781640713,6.064516129032258,6,808.0540745849214,11,188,6,2,3,4
CNP0244769.0,-8.9,1.9877092430494665,4.291666666666667,0,638.6059427277035,3,103,10,2,1,4
CNP0244780.1,-8.5,1.497502917640891,5.170731707317073,4,1253.5230049148115,8,212,7,6,0,13
CNP0244851.5,-11.5,1.4189952314851544,5.0,2,1250.2041776678586,5,165,6,8,0,12
CNP0244865.1,-7.7,1.4552608572875456,4.58,0,1473.3468691278742,9,229,6,5,1,17
CNP0244933.1,-8.6,1.350828865910707,5.2,4,577.8214065132764,8,130,6,2,0,3
CNP0245025.3,-8.6,1.0532477631386232,4.586956521739131,6,1714.1357504511088,2,211,19,1,0,5
CNP0245046.1,-8.1,1.6700083157320167,5.8,5,526.3569145468806,6,116,7,0,2,5
CNP0245096.1,-12.1,1.2035575486565733,5.75,5,1143.4478810439557,14,253,6,5,6,8
CNP0245096.7,-11.4,1.2035575486565733,5.75,5,1143.4478810439557,14,253,6,5,6,8
CNP0245110.2,-9.0,1.5558665471736062,6.0285714285714285,5,941.0313508247629,10,211,6,4,6,5
CNP0245110.3,-10.0,1.5558665471736062,6.0285714285714285,5,941.0313508247629,10,211,6,4,6,5
CNP0245114.1,-9.9,1.6193238432719528,6.48,5,660.4719536426355,8,162,6,4,4,5
CNP0245143.2,-7.4,1.7245348503022666,5.391304347826087,4,800.339086753553,1,124,6,3,0,5
CNP0245167.2,-9.1,1.3653077987389712,5.242424242424242,4,1208.7905466980994,2,173,6,3,0,7
CNP0245263.1,-9.2,1.6839127465463286,4.785714285714286,0,834.016957504501,4,134,6,1,0,6
CNP0245264.3,-11.3,1.2585709960989633,6.033333333333333,6,736.3902102956507,11,181,6,1,3,3
CNP0245269.1,-9.3,1.495353461719838,5.233333333333333,4,678.1265754854405,8,157,6,0,2,2
CNP0245278.2,-8.4,1.6476251752718734,4.846153846153846,4,951.5016509348148,9,189,18,3,0,12
CNP0245307.1,-7.8,1.9406537862842008,5.333333333333333,4,1058.9431320349706,9,192,10,1,4,10
CNP0245348.3,-11.29,1.2249888558800732,5.648648648648648,6,924.6590120150354,13,209,6,0,3,6
CNP0245367.1,-7.2,2.207167113470897,3.25,0,253.4609562080209,1,52,14,0,0,2
CNP0245452.1,-9.449,1.9728092700122584,5.378378378378378,4,1049.1231228089578,10,199,10,2,4,11
CNP0245452.2,-7.8,1.9728092700122584,5.378378378378378,4,1049.1231228089578,10,199,10,2,4,11
CNP0245507.3,-8.5,1.847446040765052,4.465116279069767,3,1301.3423595973054,5,192,6,1,2,12
CNP0245542.4,-8.9,1.3015698511184908,5.226415094339623,4,2034.1500910372297,10,277,6,13,0,17
CNP0245582.3,-8.3,1.6118993886609003,5.0,2,1249.7051931259623,5,170,6,7,0,12
CNP0245615.0,-3.9,2.831819966070785,2.4285714285714284,0,82.18080946738405,0,17,0,0,0,1
CNP0245616.3,-9.1,1.550267729979805,6.619047619047619,6,500.0668826502773,8,139,6,1,4,1
CNP0245641.4,-7.3,2.275085897374584,5.071428571428571,2,316.4943336016327,2,71,6,1,2,3
CNP0245687.3,-6.9,2.0692220182578054,4.473684210526316,0,470.96857978203553,3,85,6,1,1,1
CNP0245695.1,-8.1,2.618871699546884,3.565217391304348,0,1674.6107441772986,8,246,6,8,0,22
CNP0245801.3,-9.0,1.847827120662787,4.290322580645161,0,927.9993598995152,6,133,6,6,0,19
CNP0245869.6,-7.895,2.2358244245885546,4.384615384615385,2,684.4149755942914,5,114,10,2,0,6
CNP0245905.2,-12.4,1.030500999170397,5.782608695652174,5,1328.7031741432197,17,266,6,6,3,12
CNP0246033.1,-8.0,2.229769798481831,3.741935483870968,0,691.9233229364096,3,116,3,1,1,1
CNP0246090.1,-8.9,1.842847855514781,5.388888888888889,3,413.9617766609256,6,97,6,1,1,3
CNP0246172.1,-9.5,1.7730188018613873,6.041666666666667,4,533.7318901772583,8,145,6,4,4,4
CNP0246185.1,-9.5,1.2025492914210838,5.2631578947368425,4,1481.209723718824,19,300,6,7,4,13
CNP0246244.7,-8.4,1.573974334893767,6.551724137931035,6,704.7556788297495,12,190,6,3,3,6
CNP0246289.1,-8.6,1.4426679751877736,5.097560975609756,2,1487.96507325108,9,209,6,10,0,15
CNP0246295.1,-9.3,1.6512450233371336,4.67741935483871,3,1085.1497582123616,1,145,6,3,1,5
CNP0246389.0,-8.7,1.7577243726712692,4.916666666666667,2,971.1261088078834,0,118,6,3,0,7
CNP0246457.1,-9.152,1.4999382146961608,4.517241379310345,3,983.2756428914462,1,131,6,2,0,8
CNP0246484.1,-11.4,1.320951051435435,6.285714285714286,5,1032.3231837883664,12,220,6,4,5,7
CNP0246503.4,-8.2,1.7007024920522988,5.0,2,671.7320313511528,4,100,6,3,0,9
CNP0246615.1,-7.9,1.854085327072992,4.454545454545454,2,511.8002857699712,3,98,6,0,1,2
CNP0246666.1,-8.2,1.7369547461155967,5.538461538461538,4,831.5634054138186,3,144,6,1,1,7
CNP0246683.2,-8.1,2.190963995610688,4.0,0,738.5984831083363,5,124,13,0,0,4
CNP0246762.2,-10.3,1.0550885483272454,5.925925925925926,6,1421.1802629606718,20,320,7,7,7,13
CNP0246859.5,-9.9,1.256652792952088,5.320754716981132,4,2066.885574312646,10,282,6,14,0,17
CNP0246902.4,-10.9,1.420231062414793,6.0,5,835.769657167132,9,192,6,1,5,2
CNP0246909.1,-9.3,1.9744044151741216,4.148148148148148,0,727.8939379373402,1,112,11,1,1,4
CNP0247045.1,-9.3,1.68118660818501,5.730769230769231,5,649.2771025850022,6,149,6,1,4,5
CNP0247053.1,-9.7,1.364931545619347,4.654545454545454,0,1605.6170571523148,15,256,6,12,0,20
CNP0247080.1,-11.1,1.3044876898575444,4.8431372549019605,6,1985.0865765535216,3,247,16,1,1,9
CNP0247087.1,-7.2,3.291260630493184,3.0,0,504.4307957268393,1,78,0,3,0,6
CNP0247252.1,-9.0,1.5710291444465585,5.173913043478261,5,2648.004499943858,13,357,14,1,4,21
CNP0247331.3,-11.4,1.298189085140692,6.212121212121212,6,795.4810840697872,14,205,6,4,4,6
CNP0247374.1,-10.7,1.1051669403282838,5.081081081081081,5,1033.1292135873612,8,188,7,3,2,10
CNP0247374.3,-10.3,1.1051669403282838,5.081081081081081,5,1033.1292135873612,8,188,7,3,2,10
CNP0247385.2,-10.2,1.313731977380583,6.2,7,885.9726382200465,10,217,6,1,7,5
CNP0247387.1,-5.6,3.4779895641334124,3.0,0,192.6612311491573,2,51,0,1,0,3
CNP0247440.0,-6.2,3.257673259986062,2.909090909090909,0,877.0913379562925,0,96,0,1,0,1
CNP0247529.1,-11.0,0.9769684254631408,5.426829268292683,12,3516.9954280832367,10,445,19,10,3,13
CNP0247573.4,-9.645,1.3311702798630414,4.96875,5,1121.9594459548462,5,159,6,0,0,5
CNP0247683.1,-9.1,2.019300345486,6.407407407407407,4,776.2919162062635,8,173,7,4,5,7
CNP0247686.2,-7.7,1.6852209176331057,5.36,4,756.6716140570961,3,134,6,0,0,6
CNP0247786.0,-9.6,1.2007614406362386,4.72,0,677.784688663215,0,118,6,2,1,7
CNP0247812.1,-7.9,1.9362077495475467,5.526315789473684,3,480.5372462613827,6,105,6,1,1,4
CNP0247812.3,-8.5,1.9362077495475467,5.526315789473684,3,480.5372462613827,6,105,6,1,1,4
CNP0247855.0,-7.789,1.5033475805321848,5.166666666666667,4,1743.9008401073588,6,217,6,3,0,11
CNP0247876.1,-11.63,1.1612119347166965,5.808510638297872,5,1403.0448537755065,13,273,6,3,6,8
CNP0247916.1,-10.1,1.38735406480978,5.78125,5,764.531332543377,12,185,6,2,3,4
CNP0247918.1,-10.2,1.4441104382662295,5.225806451612903,4,708.2485919459655,9,162,6,2,2,2
CNP0247961.1,-8.4,1.413802499558138,4.487179487179487,0,1426.5951493027744,1,175,6,4,0,7
CNP0248065.1,-10.2,1.2164350698253978,4.6571428571428575,2,1136.6558626077613,2,163,6,1,0,10
CNP0248133.4,-8.1,2.108566276814188,4.2,2,735.1281680061134,4,126,11,2,3,5
CNP0248166.2,-7.5,1.5535518520552067,6.015625,6,2209.125866413124,16,385,6,1,10,20
CNP0248184.0,-7.4,2.357001637756578,3.761904761904762,0,520.6130455587651,0,79,6,0,0,2
CNP0248199.1,-8.5,1.6168965849752166,5.52,4,745.1854727331738,6,138,7,0,1,5
CNP0248201.0,-11.3,1.1341798765717217,4.935483870967742,4,1324.5667129558335,0,153,6,0,0,6
CNP0248247.2,-7.9,1.7680657363863024,5.967741935483871,5,978.471271735136,6,185,6,1,3,7
CNP0248247.3,-8.5,1.7680657363863024,5.967741935483871,5,978.471271735136,6,185,6,1,3,7
CNP0248264.1,-10.8,0.7973004483443319,5.342105263157895,5,1968.1926050405243,32,406,6,16,3,25
CNP0248330.6,-9.4,1.5365056787926712,6.096774193548387,5,777.2811834474365,9,189,6,1,5,1
CNP0248374.0,-8.0,1.5667491367680233,4.636363636363637,2,830.674258239544,0,102,6,0,0,4
CNP0248416.1,-9.563,1.607615142862033,5.823529411764706,5,910.5724093770544,10,198,6,1,4,6
CNP0248419.0,-8.791,1.5187950862454835,5.16,4,1183.9545102783136,0,129,6,1,0,5
CNP0248459.1,-9.6,1.391311017221993,5.195121951219512,5,1401.5101944554262,5,213,11,5,1,12
CNP0248477.3,-6.0,2.091107210595145,4.636363636363637,2,190.0017545487374,2,51,6,1,1,2
CNP0248486.0,-9.4,1.4603634326315258,4.0,0,1199.4191085997431,0,160,6,0,2,0
CNP0248500.0,-8.5,1.488749415018525,4.652173913043479,0,674.4731577136446,0,107,6,2,2,6
CNP0248603.4,-9.8,1.217894417952575,5.218181818181818,4,2338.257530633781,5,287,6,14,0,18
CNP0248644.0,-10.8,1.38648389340962,4.805555555555555,0,1429.150282912804,0,173,6,10,0,12
CNP0248691.2,-10.5,1.4834980439396035,5.828571428571428,5,944.455000134335,8,204,6,0,6,3
CNP0248755.2,-7.0,3.909580469900653,4.08641975308642,0,2171.130301544739,14,331,36,6,0,24
CNP0248771.1,-8.3,1.6004078140152296,4.942857142857143,2,1027.0298697674896,10,173,6,8,0,13
CNP0249009.3,-8.758,1.8264980852823351,4.566666666666666,0,964.844651133523,2,137,6,2,0,2
CNP0249020.7,-9.9,1.5970771421205447,5.514285714285714,4,882.4070340043252,11,193,6,7,5,8
CNP0249190.0,-9.6,1.882800819825611,5.37037037037037,3,749.4291865672529,6,145,6,3,3,7
CNP0249199.1,-9.6,1.854829089485572,4.393939393939394,2,724.4660860998663,7,145,6,3,1,9
CNP0249238.4,-9.4,1.4916514961369876,6.111111111111111,6,1130.278416607472,10,220,8,2,5,9
CNP0249281.1,-10.9,1.1816179601313423,5.2,6,1477.5281760789949,11,260,19,2,3,8
CNP0249287.3,-10.3,1.5640088448280476,6.125,5,813.6492336530863,11,196,6,2,5,2
CNP0249303.1,-12.4,1.082313731482086,5.884615384615385,6,1403.9453001389306,19,306,6,6,6,12
CNP0249303.2,-10.7,1.082313731482086,5.884615384615385,6,1403.9453001389306,19,306,6,6,6,12
CNP0249357.1,-9.5,1.3360957418681054,5.878787878787879,4,1013.7852667751,6,194,6,2,5,5
CNP0249508.1,-6.3,2.082273071933565,6.833333333333333,4,268.7286999210428,3,82,5,0,2,1
CNP0249514.3,-9.1,1.863662849211169,5.043478260869565,0,690.6824778235617,4,116,6,3,1,5
CNP0249635.0,-11.0,1.0853601055501951,5.47457627118644,5,1630.3049260512237,18,323,6,7,5,14
CNP0249711.2,-7.2,1.9166198757500936,5.35,3,441.516070473011,6,107,6,0,1,3
CNP0249746.1,-8.5,1.836915717581568,5.25,3,594.6953398161625,4,126,6,1,3,3
CNP0249820.5,-9.0,1.85834209837295,4.821428571428571,2,703.781243826887,5,135,6,0,2,5
CNP0249822.0,-7.1,2.3513288791712825,4.857142857142857,2,430.50604516808727,6,102,6,2,1,4
CNP0249844.1,-7.0,4.409329309665913,3.333333333333333,0,354.8253137636007,2,60,0,5,0,9
CNP0249855.1,-9.82,1.4280882505670711,4.444444444444445,2,856.4166471592383,1,120,7,3,0,7
CNP0249881.1,-8.6,0.7394679916103862,5.287234042553192,5,2444.446603280441,41,497,6,20,3,33
CNP0249996.1,-7.5,1.959085870840907,4.153846153846154,0,871.2703211874251,1,108,6,3,0,6
CNP0250246.2,-9.2,1.984777355788194,4.315789473684211,0,1354.982977638865,16,246,16,3,1,16
CNP0250274.1,-9.8,1.4014495932650517,4.942857142857143,2,775.1205411669032,14,173,6,9,0,14
CNP0250330.7,-9.1,1.2334997643557737,5.816666666666666,9,2310.1764691569483,10,349,9,3,5,14
CNP0250346.3,-9.3,1.3562477071116172,4.339285714285714,2,1714.25958604074,5,243,6,2,5,8
CNP0250393.1,-5.5,3.6046535083036,3.071428571428572,0,199.46421232383727,1,43,0,1,0,3
CNP0250394.1,-6.7,2.3217039878002503,3.4918032786885247,0,1043.8713823357034,9,213,6,8,0,11
CNP0250418.4,-9.3,1.589162993590299,5.064516129032258,2,986.645237363887,6,157,6,7,0,10
CNP0250445.1,-9.8,1.5725871831431584,5.5,4,827.769657167132,7,176,6,2,4,2
CNP0250451.1,-9.4,2.5470947862713267,4.694444444444445,2,1023.1841195590824,4,169,6,1,3,5
CNP0250471.0,-4.8,2.6476048489438337,2.4,0,89.29589375350572,0,24,0,1,0,1
CNP0250509.1,-9.7,1.5662816645749142,6.258064516129032,5,796.8559515213419,8,194,6,0,6,0
CNP0250509.2,-9.6,1.5662816645749142,6.258064516129032,5,796.8559515213419,8,194,6,0,6,0
CNP0250655.1,-9.4,1.7916294665401633,4.527777777777778,3,2175.298905932897,10,326,28,2,1,18
CNP0250655.2,-8.1,1.7916294665401633,4.527777777777778,3,2175.298905932897,10,326,28,2,1,18
CNP0250679.1,-10.5,1.4205196407644334,6.146341463414634,7,1656.1143110806215,8,252,6,5,2,11
CNP0250756.19,-8.2,1.69557398855143,5.826086956521739,4,517.0161755466456,7,134,6,2,3,3
CNP0250787.0,-5.1,3.386608814256788,3.076923076923077,0,182.58304809254213,0,40,0,0,0,5
CNP0250788.1,-9.5,1.3424789728099025,5.0,2,1570.8996796613033,10,225,6,10,0,17
CNP0250835.0,-5.7,2.239538805558814,3.6,0,219.05344312420405,0,36,6,0,0,0
CNP0250878.1,-10.2,1.3951724629604538,4.818181818181818,2,1208.3049312352252,5,159,6,4,0,9
CNP0250887.1,-8.3,1.419688663896943,5.111111111111111,4,587.016260573419,7,138,6,0,1,1
CNP0250889.1,-10.2,1.3525639419241389,4.866666666666666,2,911.1930988120022,6,146,6,5,0,9
CNP0250896.1,-8.3,1.7911874715028389,5.086956521739131,3,545.0900403126911,5,117,6,1,1,3
CNP0250916.0,-10.94,1.4521429436220448,5.153846153846154,4,1137.2270654034296,0,134,6,3,1,6
CNP0250948.1,-7.8,1.6489492044333267,5.7368421052631575,4,1166.650112358568,9,218,6,2,5,10
CNP0250948.6,-9.5,1.6489492044333267,5.7368421052631575,4,1166.650112358568,9,218,6,2,5,10
CNP0250948.7,-8.5,1.6489492044333267,5.7368421052631575,4,1166.650112358568,9,218,6,2,5,10
CNP0251012.1,-7.9,1.768508565506675,4.555555555555555,3,638.5830901634455,7,123,10,0,0,6
CNP0251092.2,-10.1,1.1367478823178323,4.648648648648648,3,1167.2038191841918,4,172,6,2,0,7
CNP0251143.2,-7.1,3.440871970281529,3.095238095238096,0,416.4831384650161,1,65,0,3,1,5
CNP0251192.2,-8.4,1.9935463801528497,4.2727272727272725,2,474.0989161523557,4,94,14,1,1,2
CNP0251248.1,-11.2,1.2678686866965352,6.075,6,1209.1031130750107,12,243,7,1,5,9
CNP0251385.1,-7.7,2.195464586925179,4.730769230769231,0,1202.1009318185734,18,246,14,6,3,15
CNP0251473.1,-5.4,2.1517595180239897,3.5,0,205.50391424932707,1,42,6,1,0,1
CNP0251487.2,-8.6,2.039615027827015,4.269230769230769,2,657.2125573843749,3,111,10,1,0,6
CNP0251588.1,-7.7,1.7905702766259002,4.27906976744186,6,1095.3014799099844,6,184,22,5,0,8
CNP0251601.1,-8.1,2.192313123002533,4.230769230769231,2,672.4834585385566,2,110,14,2,0,7
CNP0251641.4,-8.5,1.9601606601974613,4.862068965517241,3,809.4987345016874,6,141,10,1,1,8
CNP0251648.7,-9.2,1.271246421046918,4.931818181818182,3,1394.5700562274276,10,217,6,5,1,14
CNP0251695.1,-8.4,1.9616219571743367,5.115384615384615,2,719.5227219759864,5,133,6,2,1,5
CNP0251712.1,-8.3,2.5668911890458266,4.636363636363637,2,865.8661797824224,5,153,12,1,2,7
CNP0251753.2,-8.3,1.798542527464862,4.928571428571429,2,752.7611174588528,5,138,7,2,2,5
CNP0251815.1,-8.0,1.637205611607376,5.444444444444445,4,389.9548401483762,4,98,6,0,0,3
CNP0251851.1,-7.4,1.9811125593330188,4.870967741935484,2,991.4594717844028,4,151,6,1,1,8
CNP0251903.0,-4.958,2.6909155266923976,2.4545454545454546,0,178.78479556968736,0,27,0,1,0,1
CNP0251923.1,-9.5,1.3121963739414322,5.295454545454546,6,2344.2979822368343,1,233,6,7,0,12
CNP0252106.2,-9.5,1.379941580614623,4.896551724137931,2,645.6564596374066,5,142,6,1,4,5
CNP0252138.1,-11.7,1.3305987003628383,6.305555555555555,7,1592.5200917112302,4,227,6,2,4,9
CNP0252148.1,-11.9,1.2396516178566477,5.909090909090909,6,936.5722312211608,10,195,6,1,3,5
CNP0252230.1,-11.2,1.4954208045755957,4.116279069767442,0,1380.106645737887,3,177,6,3,2,3
CNP0252230.2,-11.0,1.4954208045755957,4.116279069767442,0,1380.106645737887,3,177,6,3,2,3
CNP0252331.2,-6.806,2.186727978908956,3.8,0,364.8850141497671,3,76,5,2,0,5
CNP0252376.2,-7.2,2.19559607950997,4.789473684210527,2,401.91334580072174,2,91,6,0,2,1
CNP0252433.2,-9.6,1.502250098730859,7.392857142857143,9,916.6031873296382,11,207,6,2,5,6
CNP0252480.2,-9.4,2.0611181264230103,5.652173913043479,3,653.7979372041814,3,130,6,2,4,3
CNP0252505.1,-10.0,1.4881929224612478,5.333333333333333,4,842.5599321155169,8,176,6,1,3,4
CNP0252505.4,-9.9,1.4881929224612478,5.333333333333333,4,842.5599321155169,8,176,6,1,3,4
CNP0252515.1,-9.6,2.268191090981193,4.233333333333333,0,806.615376713427,3,127,12,2,0,8
CNP0252524.3,-8.6,1.6042881876301045,5.088235294117647,2,1299.5102325918024,3,173,6,6,1,12
CNP0252559.4,-8.0,1.736430645834142,5.090909090909091,3,952.8887820440686,8,168,10,0,2,10
CNP0252572.3,-11.6,1.0968483201766626,5.15,4,1196.5692079318371,7,206,6,5,3,9
CNP0252610.9,-11.6,1.1895508632115075,4.951219512195122,2,1456.804181029168,9,203,6,9,0,15
CNP0252611.1,-11.3,0.907166894344445,5.270588235294118,4,2226.156464136452,33,448,6,16,5,26
CNP0252619.0,-9.2,1.5552852011849778,4.064516129032258,0,1002.7999432337432,0,126,6,2,1,9
CNP0252620.1,-9.5,1.610946089980842,5.5625,4,829.769657167132,8,178,6,1,4,2
CNP0252631.0,-7.1,4.82532889248106,3.4444444444444446,0,511.9425919779548,3,93,0,6,0,10
CNP0252641.1,-11.3,1.4607360890678882,6.485714285714286,6,977.7936745173956,13,227,6,3,6,5
CNP0252677.0,-8.7,1.4329059628463916,5.212121212121212,3,1207.7756062222447,5,172,6,5,0,9
CNP0252691.0,-8.8,1.1128038582190616,5.796610169491525,10,2303.528929268679,10,342,8,3,4,13
CNP0252697.2,-7.5,1.9521510333097547,4.3,0,331.8817054741494,2,86,6,0,1,3
CNP0252704.3,-10.3,1.3973416897708908,6.111111111111111,6,975.42967692283,3,165,6,2,1,7
CNP0252709.0,-5.4,2.9869366757084213,2.823529411764706,0,245.80401730875843,0,48,0,0,0,4
CNP0252757.1,-8.8,1.5759405160630406,5.538461538461538,4,645.298618047197,8,144,6,1,3,4
CNP0252894.8,-8.2,1.681985353097867,5.222222222222222,2,341.45933689063867,5,94,5,1,2,6
CNP0252966.1,-8.3,1.3281086580411117,4.71875,0,931.829008633169,4,151,6,3,0,9
CNP0252975.1,-7.0,3.1533590401229104,3.806451612903226,0,665.2394663320064,5,118,6,1,0,12
CNP0252975.2,-7.7,3.1533590401229104,3.806451612903226,0,665.2394663320064,5,118,6,1,0,12
CNP0252978.2,-10.6,1.3948161507761692,5.428571428571429,4,1486.3480184840269,7,228,6,1,3,10
CNP0252987.2,-8.9,4.517779808272289,3.62,0,1199.3323344636465,7,181,0,6,0,13
CNP0253003.3,-8.3,1.4849901412473914,6.172413793103448,6,958.5210558859808,6,179,6,2,2,7
CNP0253032.1,-8.9,1.396764319719278,5.269230769230769,0,800.1229180080066,3,137,5,0,3,8
CNP0253162.1,-9.7,1.266294890828232,4.625,0,1082.7146104918063,3,148,6,1,0,7
CNP0253196.0,-8.8,1.6625350180103864,4.653846153846154,2,977.2199750104973,0,121,6,2,0,7
CNP0253197.0,-5.3,3.099155626211266,2.833333333333333,0,223.7786036242859,0,51,0,0,0,3
CNP0253222.1,-8.5,1.477733300664921,5.181818181818182,3,1250.2832984684633,1,171,6,3,1,8
CNP0253243.10,-10.8,1.6450921053869267,5.6571428571428575,4,907.347553626816,10,198,6,7,6,8
CNP0253243.4,-10.4,1.6450921053869267,5.6571428571428575,4,907.347553626816,10,198,6,7,6,8
CNP0253275.1,-10.6,1.509103301447791,4.514285714285714,0,1127.7250941524674,5,158,6,7,0,12
CNP0253355.2,-9.0,2.231976090801874,4.243243243243243,0,996.2594640870344,6,157,9,3,0,11
CNP0253431.1,-8.1,1.5633116907637838,6.035714285714286,5,828.0623223299116,9,169,7,2,3,8
CNP0253431.3,-8.4,1.5633116907637838,6.035714285714286,5,828.0623223299116,9,169,7,2,3,8
CNP0253528.0,-7.3,1.7569793139869565,4.7727272727272725,2,858.2867062907611,0,105,6,0,0,5
CNP0253557.1,-9.5,1.7809331215168334,6.086956521739131,4,509.9709590682024,7,140,6,2,4,2
CNP0253564.3,-9.3,0.8944640569706582,4.838709677419355,4,1648.548037238926,20,300,6,10,0,20
CNP0253610.1,-8.7,1.5674636994829438,6.5,5,517.8366336695183,8,143,6,1,4,2
CNP0253647.7,-6.6,3.2721590975022177,4.379310344827586,0,696.7946628050428,6,127,6,4,1,8
CNP0253650.1,-9.5,1.2745690991773644,3.732142857142857,2,1027.8447107591976,4,209,6,2,2,4
CNP0253686.4,-10.0,1.547485176504897,5.5,4,983.7643769462386,6,187,6,1,4,4
CNP0253686.6,-9.7,1.547485176504897,5.5,4,983.7643769462386,6,187,6,1,4,4
CNP0253761.1,-8.6,1.0551739322419318,5.907692307692308,10,2156.875659673344,19,384,13,7,5,10
CNP0253781.1,-9.7,1.3682554262858984,5.351351351351352,4,1346.5872392335343,4,198,6,3,1,11
CNP0253819.1,-5.7,2.338936599612257,5.636363636363637,2,210.15777938858872,2,62,5,0,2,1
CNP0253888.2,-9.5,1.553564875083845,4.868421052631579,2,1156.2990394248552,7,185,6,8,1,12
CNP0253888.3,-9.7,1.553564875083845,4.868421052631579,2,1156.2990394248552,7,185,6,8,1,12
CNP0253888.6,-9.2,1.553564875083845,4.868421052631579,2,1156.2990394248552,7,185,6,8,1,12
CNP0253916.0,-4.8,2.34622717382778,3.7777777777777777,0,218.15617759993404,0,34,6,0,0,2
CNP0253940.10,-11.0,1.104158957928342,5.359375,4,1628.499046539492,24,343,6,11,5,17
CNP0254016.5,-6.7,2.7602520756252087,4.5,0,103.58797503894242,0,54,6,6,0,6
CNP0254016.6,-6.7,2.7602520756252087,4.5,0,103.58797503894242,0,54,6,6,0,6
CNP0254016.8,-6.9,2.7602520756252087,4.5,0,103.58797503894242,0,54,6,6,0,6
CNP0254030.1,-9.9,1.4693822195858075,6.0,5,619.2635052453469,11,156,6,2,2,4
CNP0254078.1,-8.3,1.207918328570433,4.494505494505495,4,2993.375557304016,11,409,24,11,0,28
CNP0254139.2,-7.2,1.3600647390022715,3.682926829268293,0,694.1507470267387,6,151,5,3,0,6
CNP0254206.1,-11.3,0.9920991501070104,5.5,5,2060.9466217389936,23,385,6,9,6,20
CNP0254210.1,-9.7,1.3957641910236973,4.911764705882353,2,918.6677169280364,9,167,6,7,0,11
CNP0254216.1,-10.1,1.0637329492218108,6.225806451612903,12,2130.9463205174857,17,386,19,6,7,12
CNP0254242.1,-8.2,1.215726905772606,4.72,0,683.0298011610516,1,118,6,1,0,7
CNP0254278.1,-10.0,1.8087503616258471,3.8,2,662.6073044614017,6,114,22,3,0,6
CNP0254282.2,-8.5,1.5865208613781203,5.333333333333333,4,907.5582680380252,2,144,6,2,0,8
CNP0254370.0,-6.8,2.3013505504113816,5.214285714285714,2,329.2134307778105,3,73,6,1,1,2
CNP0254395.9,-7.2,2.239440201892428,4.857142857142857,2,417.5543515715959,4,102,6,1,3,1
CNP0254418.0,-7.8,1.7281689240449902,4.818181818181818,2,878.9680114908509,0,106,6,0,0,4
CNP0254523.7,-11.9,0.8082291184382739,5.409090909090909,7,2843.9184870794734,10,357,6,8,4,20
CNP0254540.1,-8.3,1.5678362849145366,4.928571428571429,2,1068.9000388755203,1,138,6,3,0,7
CNP0254581.1,-9.1,1.62857261881154,6.0,5,852.0755972936224,9,180,6,2,3,8
CNP0254593.1,-11.3,1.4595452480025848,6.424242424242424,6,879.767491538075,11,212,6,1,6,3
CNP0254606.1,-7.0,1.6750773099368828,5.9375,4,333.3441142708954,4,95,5,1,2,1
CNP0254606.2,-6.8,1.6750773099368828,5.9375,4,333.3441142708954,4,95,5,1,2,1
CNP0254676.1,-9.0,1.399334606805133,5.755102040816326,5,1305.734549209023,17,282,6,9,6,12
CNP0254728.1,-6.6,1.956475396067665,5.75,4,177.0496521822662,0,69,6,1,1,1
CNP0254729.2,-7.6,1.6382080250199835,4.157894736842105,2,381.45528430980704,2,79,6,1,0,3
CNP0254761.0,-6.8,1.954905029566303,4.363636363636363,2,588.7304443314289,1,96,6,1,0,4
CNP0254764.2,-12.41,0.9099477058693304,5.349206349206349,4,1665.9467808544205,23,337,6,7,3,19
CNP0254947.11,-9.046,1.3922668781665697,6.041666666666667,6,1525.5944458741096,16,290,6,3,5,13
CNP0254947.3,-9.033,1.3922668781665697,6.041666666666667,6,1525.5944458741096,16,290,6,3,5,13
CNP0254947.4,-9.191,1.3922668781665697,6.041666666666667,6,1525.5944458741096,16,290,6,3,5,13
CNP0254954.2,-8.5,1.8038942192733,4.862068965517241,2,660.1928022981792,9,141,6,6,0,11
CNP0254957.1,-9.1,1.5125913008084138,6.428571428571429,6,834.0623223299117,11,180,8,2,3,8
CNP0254959.3,-9.0,1.780091956664594,5.88,4,588.6355872532764,7,147,6,2,4,5
CNP0254960.0,-7.459,2.182810154173989,4.571428571428571,2,752.6997638486911,0,96,6,0,0,4
CNP0255032.1,-9.3,1.4116826975199055,5.818181818181818,7,879.6326921641261,10,192,6,0,3,8
CNP0255045.3,-8.3,1.0854456039286415,5.265822784810126,4,2179.136545470965,27,416,6,15,5,25
CNP0255067.5,-9.2,0.9992513639177268,5.213333333333333,3,3433.76607935077,10,391,6,11,0,15
CNP0255117.1,-8.5,1.6531772124844315,4.794871794871795,3,1379.5716730443814,3,187,8,2,0,8
CNP0255138.1,-11.1,1.306466355111358,5.75,6,1199.684346045435,8,207,7,1,3,6
CNP0255139.4,-10.8,1.3661831672238378,5.566666666666666,4,690.3505507446399,11,167,6,2,2,3
CNP0255160.1,-7.1,2.19559607950997,4.789473684210527,2,390.49446375117896,3,91,6,0,2,1
CNP0255252.0,-10.7,1.300504016938692,4.894736842105263,2,1569.6238954804717,2,186,6,5,0,8
CNP0255362.1,-6.8,2.345649402235044,3.888888888888889,0,222.61317499160344,5,70,6,4,0,6
CNP0255438.1,-9.2,1.937984282598074,5.121212121212121,3,1066.9308201374229,3,169,6,2,3,7
CNP0255438.3,-9.0,1.937984282598074,5.121212121212121,3,1066.9308201374229,3,169,6,2,3,7
CNP0255456.4,-9.1,1.6555426388347467,5.970588235294118,5,975.4331341121768,12,203,6,3,3,9
CNP0255491.4,-9.3,1.2721586348392055,5.266666666666667,7,1785.9255460728082,2,237,16,2,0,8
CNP0255572.2,-9.6,1.6014846926211097,4.853658536585366,0,1444.820168262503,5,199,6,9,0,14
CNP0255612.2,-6.9,2.357048126688761,3.8461538461538463,0,288.1883450849283,1,50,6,4,0,4
CNP0255680.2,-8.0,1.652711177803499,5.391304347826087,4,599.8910123704023,7,124,10,0,2,6
CNP0255705.1,-10.0,1.1111699792128966,5.721311475409836,7,1843.112645174744,14,349,9,3,8,6
CNP0255775.0,-10.1,1.3854664752323966,6.4,5,916.422932846864,12,224,6,4,7,5
CNP0255787.1,-9.7,1.3369120063039526,4.766666666666667,0,999.0313350890624,1,143,6,1,0,10
CNP0255789.2,-9.6,1.4024642266084817,5.0344827586206895,3,775.5329630558485,7,146,6,1,1,4
CNP0255791.2,-8.1,1.923713017132466,4.627906976744186,3,1166.3598801760395,9,199,6,2,2,9
CNP0255826.2,-11.8,1.182810844546912,5.558139534883721,8,1625.194585962167,6,239,13,3,2,7
CNP0255826.4,-11.6,1.182810844546912,5.558139534883721,8,1625.194585962167,6,239,13,3,2,7
CNP0255869.2,-6.9,2.403064376149782,3.789473684210526,0,280.3070070504928,5,72,6,2,0,6
CNP0255890.0,-9.8,0.7338208626105108,4.978947368421053,0,4655.668871300818,0,473,6,26,0,35
CNP0255901.1,-10.11,1.011040543689151,6.638297872340425,12,1864.8108342552173,8,312,6,0,4,6
CNP0255906.1,-8.1,1.9282456489828907,4.68,0,504.2159023294292,4,117,6,1,3,5
CNP0255927.1,-10.5,1.1614091195331184,4.904761904761905,2,1368.2850509252644,6,206,6,4,0,11
CNP0255929.1,-8.4,1.4954623291040614,7.423076923076923,9,738.8990047421563,12,193,6,2,3,4
CNP0255984.0,-10.3,1.268459215222388,6.175,7,1253.1496893783751,14,247,7,2,3,8
CNP0256004.1,-9.355,1.5689319523168674,4.055555555555555,2,1019.1345323576784,3,146,14,2,1,6
CNP0256004.2,-9.358,1.5689319523168674,4.055555555555555,2,1019.1345323576784,3,146,14,2,1,6
CNP0256004.3,-9.411,1.5689319523168674,4.055555555555555,2,1019.1345323576784,3,146,14,2,1,6
CNP0256004.4,-9.331,1.5689319523168674,4.055555555555555,2,1019.1345323576784,3,146,14,2,1,6
CNP0256007.1,-5.3,1.855139365381645,3.4615384615384617,0,165.4732140416802,2,45,3,1,0,2
CNP0256073.2,-10.0,1.5293933338118295,5.423076923076923,4,615.7001828880155,7,141,6,0,2,2
CNP0256107.3,-10.5,1.4088543269109497,4.911764705882353,2,883.4074980509241,10,167,6,5,1,11
CNP0256107.4,-10.2,1.4088543269109497,4.911764705882353,2,883.4074980509241,10,167,6,5,1,11
CNP0256114.2,-9.02,1.6179150424860955,5.666666666666667,4,458.4827066363416,7,119,6,1,2,2
CNP0256161.1,-12.6,0.8708351632222364,7.434782608695652,15,1629.9102778713102,16,342,6,0,7,4
CNP0256203.1,-8.8,1.6338500538194105,4.534883720930233,2,1029.2040462071643,10,195,6,4,2,12
CNP0256237.2,-8.7,1.2039472577801325,5.018518518518518,2,1799.3113799123637,15,271,6,13,0,21
CNP0256265.1,-10.7,1.2682797780650452,5.451612903225806,5,1313.8172539728218,2,169,6,4,1,6
CNP0256272.1,-8.4,1.9202288516613293,4.6571428571428575,3,820.1234348423993,9,163,9,2,1,7
CNP0256278.1,-9.7,1.635321562637964,4.977272727272728,4,1374.0408885560837,12,219,6,3,3,15
CNP0256283.7,-8.3,1.3939481307665955,6.0,6,1143.0744925227657,11,228,7,3,5,8
CNP0256285.2,-8.991,1.868986907500324,4.423076923076923,2,898.7728673889607,2,115,6,2,0,7
CNP0256299.1,-10.8,1.2385509620650403,5.972222222222222,5,1005.581724950803,12,215,6,2,3,7
CNP0256311.1,-10.7,1.308926197441607,5.67741935483871,5,779.6064524569924,9,176,6,1,3,2
CNP0256366.1,-6.8,2.49522501654394,3.8333333333333335,0,371.0484240781771,2,69,6,0,1,2
CNP0256418.1,-5.8,1.920497792371808,4.538461538461538,2,205.10142660700163,2,59,5,0,0,3
CNP0256611.1,-9.6,0.965940124034772,5.315217391304348,11,3723.003006473707,15,489,18,12,3,22
CNP0256635.3,-6.8,2.166273189165489,6.4,3,339.9474732050232,4,96,5,0,3,0
CNP0256655.1,-12.2,0.6861530699400267,5.324324324324325,5,1949.554353260984,28,394,7,2,3,19
CNP0256678.3,-10.0,0.916296476726504,5.1020408163265305,10,4605.09238863981,10,500,26,10,1,37
CNP0256711.2,-6.6,2.10216801964562,4.6,2,293.1601712439863,3,69,6,0,0,0
CNP0256711.4,-6.6,2.10216801964562,4.6,2,293.1601712439863,3,69,6,0,0,0
CNP0256755.2,-8.8,1.997331540245136,5.148148148148148,3,729.5698105312542,4,139,11,0,2,8
CNP0256802.1,-7.6,1.93176665352052,5.875,4,378.8961901224147,5,94,6,0,1,1
CNP0256823.0,-9.1,2.203209537897973,4.9,2,443.54482686786565,5,98,6,2,1,5
CNP0256916.2,-9.8,1.1318316522532412,5.107142857142857,5,928.8871576142734,4,143,6,1,0,7
CNP0256969.1,-9.874,1.421878739451034,6.451612903225806,6,904.912508660062,10,200,7,1,5,4
CNP0256982.2,-10.8,1.283965180930552,4.666666666666667,5,1416.6443918577306,7,210,19,5,0,13
CNP0257111.0,-11.1,1.3544000684398876,4.878787878787879,5,1342.4416264097888,0,161,16,4,0,5
CNP0257171.4,-8.6,1.3414796579873691,5.136363636363637,3,545.0371822548029,5,113,6,1,0,5
CNP0257215.0,-11.5,1.2573655044268404,5.529411764705882,6,1946.0945060763863,0,188,6,4,0,8
CNP0257218.2,-6.8,3.4746959741172936,3.3703703703703702,0,438.28790379661206,2,91,0,4,1,6
CNP0257287.0,-7.0,1.6824884302593337,4.857142857142857,3,429.1192993640111,0,68,6,0,0,1
CNP0257299.1,-10.1,1.0565440315125632,5.60377358490566,5,1438.588502670407,19,297,6,3,4,13
CNP0257312.1,-8.9,1.3334318891058927,5.627906976744186,6,1355.0010925988825,11,242,7,1,3,9
CNP0257401.4,-8.3,2.5326563797016526,4.551724137931035,2,790.5028067356614,6,132,10,1,1,8
CNP0257404.0,-8.953,2.0009518155707755,5.55,3,498.4923411588532,6,111,6,2,2,5
CNP0257407.1,-9.9,1.1183510488279422,4.964285714285714,2,824.618108865717,4,139,6,2,0,8
CNP0257454.0,-8.4,1.974869908830508,4.434782608695652,0,752.5480881274092,0,102,6,1,0,6
CNP0257470.1,-9.9,1.4022240012599618,5.955555555555556,7,1248.7494683853276,14,268,19,4,6,9
CNP0257481.1,-8.795,1.5799677501249012,4.708333333333333,3,863.6764587498891,2,113,6,1,1,5
CNP0257600.0,-8.1,1.501271793793316,4.688888888888889,0,1782.5027682198754,0,211,5,3,0,10
CNP0257674.2,-7.7,2.338599663841993,4.090909090909091,0,896.1876575041085,6,135,6,0,0,11
CNP0257717.1,-8.038,1.902557796227937,4.380952380952381,2,673.2119675266688,1,92,6,3,0,5
CNP0257736.2,-10.3,1.428937998859822,5.035714285714286,3,1155.1077698386432,1,141,6,1,0,7
CNP0257751.1,-11.8,1.2378312568296983,5.852941176470588,6,819.3385987907168,13,199,6,1,3,5
CNP0257776.2,-10.2,1.5656128058853496,6.107142857142857,5,750.891915932071,7,171,6,1,4,3
CNP0257839.2,-9.0,0.7729306826403357,5.657657657657658,9,4215.807932320734,30,628,6,15,5,34
CNP0257853.3,-8.7,1.7452974528708198,4.916666666666667,3,615.1283883532154,5,118,7,0,0,4
CNP0257937.1,-9.1,1.5588109492081024,5.489795918367347,5,1575.1847560503743,13,269,7,1,4,13
CNP0258008.1,-12.7,1.052420685037848,5.06,2,1713.9733505094682,14,253,6,10,0,18
CNP0258081.3,-9.855,0.9634420460460243,5.873015873015873,6,1717.8678625720988,26,370,6,9,6,16
CNP0258130.0,-9.4,1.5765626073159404,4.923076923076923,3,922.1158888874818,0,128,7,0,0,4
CNP0258149.1,-9.4,1.998501833318413,5.416666666666667,3,909.4912751986104,1,130,6,4,1,8
CNP0258169.1,-7.8,2.3814138896525643,4.958333333333333,2,600.7601063032595,4,119,7,1,2,4
CNP0258273.1,-9.1,1.558561366187717,5.142857142857143,2,802.8910864996125,14,180,6,9,1,14
CNP0258287.0,-9.0,0.8709237988114518,4.295774647887324,4,1494.444743831799,14,305,6,3,2,7
CNP0258291.1,-9.1,1.8777373987036103,4.424242424242424,0,907.598199780322,2,146,6,2,3,5
CNP0258297.1,-9.1,1.2389574414977085,4.621212121212121,4,1984.2816448936628,13,305,6,8,1,14
CNP0258315.10,-12.1,0.8704557024808881,5.433333333333334,4,1565.724956494745,23,326,6,9,3,18
CNP0258423.1,-8.014,0.8287879285328488,5.575342465753424,10,2166.484453957408,23,407,6,0,6,20
CNP0258493.1,-9.3,1.5896413397430489,4.6,0,771.0160312899608,2,115,6,3,0,6
CNP0258718.1,-7.3,1.7719891505069365,4.9523809523809526,3,802.3091251953086,1,104,6,3,0,6
CNP0258718.2,-7.0,1.7719891505069365,4.9523809523809526,3,802.3091251953086,1,104,6,3,0,6
CNP0258780.7,-9.5,1.411694809540405,6.0,6,1215.893364436978,2,180,6,0,1,4
CNP0259022.4,-6.3,2.10216801964562,4.6,2,284.41343573651113,4,69,6,0,0,0
CNP0259215.5,-9.8,1.2616801969080813,5.638888888888889,4,1090.3952774691663,8,203,6,4,4,7
CNP0259220.0,-10.5,1.1968635349706434,4.818181818181818,4,1289.169769160925,0,159,6,2,0,8
CNP0259312.2,-11.18,1.092090105683869,5.188679245283019,5,1654.7564490932689,9,275,7,0,5,8
CNP0259318.3,-8.8,1.4683312252422462,5.305555555555555,4,1480.906855167278,4,191,6,1,1,8
CNP0259418.1,-9.5,1.3420196200070216,6.083333333333333,6,708.1553487349018,6,146,6,1,2,5
CNP0259450.0,-5.3,2.91636218704284,2.6923076923076925,0,202.32435737353333,0,35,0,1,0,3
CNP0259465.1,-8.3,1.7902448023592463,4.363636363636363,0,505.1592000505292,5,96,6,4,0,7
CNP0259469.0,-8.9,1.4326653026096083,5.448275862068965,5,1086.9193414347533,1,158,6,2,1,5
CNP0259481.7,-6.1,2.396254979141823,5.818181818181818,2,185.3117986128446,3,64,5,1,2,1
CNP0259486.1,-11.7,1.2867817767466865,6.057142857142857,5,1043.906012078423,11,212,6,3,4,7
CNP0259588.1,-8.8,1.1501503804528783,5.809523809523809,7,1914.6617701677176,14,366,9,4,9,7
CNP0259652.3,-8.5,1.7767178663276664,6.368421052631579,4,534.2636638905316,5,121,6,1,3,4
CNP0259668.4,-9.2,1.5597160476785452,4.96875,2,1202.3055477499254,5,159,6,7,0,11
CNP0259693.1,-10.3,1.173371269207705,4.921568627450981,4,1257.4599918115746,17,251,12,1,0,11
CNP0259698.1,-5.4,3.990323970399532,3.1052631578947367,0,1118.7265925873016,2,177,0,2,0,10
CNP0259780.1,-7.989,2.2695258823033244,3.695652173913044,0,588.9043912676834,1,85,6,1,0,3
CNP0259826.5,-7.7,2.004985069773877,4.533333333333333,2,801.5852085489739,3,136,6,5,1,14
CNP0259985.2,-8.6,1.747150684157389,6.538461538461538,5,788.757141155536,9,170,6,3,3,7
CNP0260097.1,-9.0,1.634510445119113,4.931034482758621,2,868.4393105927159,3,143,6,1,1,5
CNP0260133.1,-7.9,1.513370091757992,5.67741935483871,6,946.484653467596,6,176,6,1,1,8
CNP0260135.7,-9.3,1.4491237828284698,6.68,7,848.052733715765,6,167,7,0,1,4
CNP0260168.1,-8.8,1.6299697190374929,5.6,4,632.0040482427695,7,140,6,0,2,2
CNP0260194.1,-8.4,2.0579970921821458,5.103448275862069,3,849.2220911665715,6,148,7,1,1,7
CNP0260353.1,-8.5,2.118714273216177,4.526315789473684,2,412.3686368925557,5,86,10,1,0,4
CNP0260373.1,-8.8,1.7484394418099831,4.95,3,634.2509511478224,1,99,7,1,0,5
CNP0260374.2,-6.9,2.1306882080601897,4.681818181818182,2,391.1684827688157,5,103,6,2,2,2
CNP0260391.0,-9.262,1.594084998809569,4.739130434782608,2,925.7969954523184,0,109,6,3,0,7
CNP0260424.1,-9.5,1.3198162103167703,5.526315789473684,6,1667.449442019237,3,210,6,4,1,7
CNP0260437.3,-8.5,1.813373676807907,4.807692307692308,2,705.0899672426166,6,125,10,1,1,6
CNP0260454.2,-5.5,3.685406534013343,3.2,0,104.21143267166842,3,32,0,4,0,5
CNP0260466.2,-8.5,1.557491725544727,6.212121212121212,6,1057.8230013598172,4,205,6,0,3,8
CNP0260481.1,-9.3,1.5111894872211118,4.375,0,931.56370707224,5,140,6,4,0,10
CNP0260487.4,-10.4,1.640725377226406,4.911764705882353,3,1045.829882148287,7,167,11,3,0,8
CNP0260516.1,-5.3,2.225626873385675,3.5454545454545454,0,184.0017545487374,1,39,6,0,0,2
CNP0260585.1,-11.3,1.501021499273517,5.861111111111111,5,941.723610753722,9,211,7,1,6,6
CNP0260597.5,-9.0,0.8521834596427065,5.504761904761905,10,5270.970716604527,14,578,6,25,0,30
CNP0260624.1,-7.4,2.3372284334311373,3.695652173913044,0,368.42344567506046,5,85,5,4,0,5
CNP0260639.1,-12.3,1.0047183429051731,5.56,4,1325.255669974587,17,278,6,6,4,14
CNP0260731.3,-9.9,1.4681017966992822,5.54054054054054,4,1043.6252973839496,10,205,6,3,4,7
CNP0260731.4,-9.7,1.4681017966992822,5.54054054054054,4,1043.6252973839496,10,205,6,3,4,7
CNP0260759.1,-7.3,3.432906866785118,3.019230769230769,0,1128.4280995520703,1,157,0,1,0,5
CNP0260967.6,-11.4,1.3048174948480344,6.066666666666666,6,696.3505507446399,13,182,6,2,2,3
CNP0261021.2,-9.5,1.4382021226360018,5.033333333333333,3,881.1501945793184,6,151,6,2,1,7
CNP0261081.2,-7.735,2.155843900887548,4.1,0,1258.7633777742367,7,205,6,6,0,13
CNP0261081.3,-8.572,2.155843900887548,4.1,0,1258.7633777742367,7,205,6,6,0,13
CNP0261093.6,-7.6,2.295699424039776,5.0,2,318.883509367128,3,85,6,2,2,2
CNP0261187.1,-9.9,0.7425620610420705,5.425287356321839,6,2344.225396757774,36,472,6,17,4,30
CNP0261223.1,-9.0,1.2873042869059586,4.955555555555556,2,1574.8996796613026,10,223,6,10,0,17
CNP0261341.2,-7.6,1.856178300708208,4.517241379310345,0,975.8174200515964,1,131,6,1,0,6
CNP0261368.1,-8.5,1.6298067422876854,5.75,3,677.8207858097023,6,138,6,1,3,4
CNP0261382.1,-9.3,0.9779043771610418,5.125,11,3335.773886271098,12,451,16,8,2,16
CNP0261449.0,-11.5,1.2079825059592892,5.838709677419355,6,794.881721566997,11,181,6,4,2,6
CNP0261462.1,-4.7,3.3200023133282217,2.8461538461538463,0,96.2114326716684,2,37,0,0,0,0
CNP0261511.2,-6.7,1.990726938344693,4.642857142857143,0,291.1348310028533,4,65,5,3,0,7
CNP0261613.3,-8.4,1.5858927828819174,5.578947368421052,4,435.86151141228953,7,106,10,0,2,4
CNP0261622.1,-10.0,1.240198238782514,5.081081081081081,3,923.0334465042116,12,188,7,5,0,11
CNP0261719.1,-8.6,2.0547363653439663,6.166666666666667,3,513.8317556473683,4,111,5,2,3,3
CNP0261763.1,-10.6,1.510722038825323,5.857142857142857,5,705.1062521785618,11,164,6,2,2,5
CNP0261841.1,-8.1,2.127426645491987,4.457142857142857,2,884.4229328468641,5,156,6,4,2,5
CNP0261902.1,-7.7,2.061688087321058,4.942857142857143,3,878.5315742907228,9,173,6,1,2,7
CNP0261922.2,-9.7,1.2435909416172368,4.851063829787234,2,1339.8191882143528,12,228,6,8,0,15
CNP0261924.3,-8.8,1.6078913584115089,5.793103448275862,6,899.1888595148133,7,168,7,2,2,7
CNP0261924.6,-8.7,1.6078913584115089,5.793103448275862,6,899.1888595148133,7,168,7,2,2,7
CNP0261934.1,-7.8,2.0179893943415443,5.714285714285714,2,391.92467740677125,5,120,6,2,3,3
CNP0262013.1,-6.6,2.588640033232483,4.066666666666666,0,274.2605403156928,2,61,6,1,1,2
CNP0262023.1,-7.0,2.1744401844825347,3.7142857142857135,0,503.34168751510094,1,78,6,0,0,4
CNP0262102.14,-9.2,1.4644952130558884,4.942857142857143,2,950.0485758868216,10,173,6,6,2,11
CNP0262117.1,-8.0,3.712414647297592,3.225806451612903,0,658.5252475784348,1,100,0,1,0,1
CNP0262118.1,-4.3,2.2306376583301173,3.5,0,104.95445336320968,1,28,6,0,0,1
CNP0262150.1,-8.386,1.6261389168657432,5.393939393939394,3,818.4395086014711,8,178,6,0,4,4
CNP0262195.17,-6.7,2.178702818631307,4.75,2,287.8100768023834,4,76,6,1,1,1
CNP0262195.22,-6.4,2.178702818631307,4.75,2,287.8100768023834,4,76,6,1,1,1
CNP0262197.1,-6.272,1.5203229507904756,3.761904761904762,0,534.0075161262828,1,79,6,1,0,2
CNP0262233.5,-10.3,1.5269373412453855,6.03125,5,813.6492336530863,10,193,6,1,5,2
CNP0262303.1,-9.729,0.9389519058598192,5.28,4,2261.863600705096,23,396,6,6,6,19
CNP0262326.3,-10.1,1.304333816863083,5.111111111111111,3,1400.799901459369,18,276,6,3,4,11
CNP0262343.1,-8.3,1.9512220500196105,5.315789473684211,3,516.2386158789982,3,101,7,0,1,4
CNP0262367.0,-6.4,2.9829523612031177,2.84,0,402.31585282631215,0,71,0,0,0,2
CNP0262403.2,-8.9,1.8484047897594635,5.342857142857143,4,880.5315742907226,10,187,6,3,3,7
CNP0262467.1,-8.3,1.7184194831960355,6.37037037037037,6,700.8167062986533,9,172,6,2,3,5
CNP0262467.3,-8.4,1.7184194831960355,6.37037037037037,6,700.8167062986533,9,172,6,2,3,5
CNP0262487.1,-8.3,2.02940805831678,5.513513513513513,4,1130.3912291854074,11,204,9,1,3,11
CNP0262492.3,-9.1,1.717728456574848,5.628571428571429,4,970.352610588072,9,197,6,3,4,7
CNP0262536.1,-9.4,1.8921510821053416,5.155555555555556,3,1489.9058757567527,4,232,6,3,5,7
CNP0262633.1,-9.5,1.9140187639873607,5.166666666666667,3,553.8421028428511,5,124,12,1,3,4
CNP0262684.2,-9.7,1.540534098306623,6.0606060606060606,5,871.767491538075,10,200,6,3,6,3
CNP0262724.3,-8.5,1.161446328425987,5.183098591549296,5,2918.054400566155,8,368,6,3,0,16
CNP0262739.1,-9.0,1.6277320050424624,4.826086956521739,2,729.0186859613214,2,111,6,4,1,6
CNP0262834.1,-4.693,3.129601941780824,2.8,0,99.43071362054202,1,28,0,1,0,2
CNP0262864.7,-8.5,1.8163493675946507,5.483870967741935,3,893.4124652066845,8,170,9,1,3,9
CNP0263076.1,-6.9,2.649310877475652,4.1,0,508.5699139554452,1,82,5,0,1,4
CNP0263090.2,-6.7,1.8385615151647048,4.055555555555555,0,449.31144772457833,2,73,6,0,0,3
CNP0263168.0,-9.271,1.570605143860218,4.548387096774194,2,1243.0824080154237,0,141,6,4,0,6
CNP0263301.1,-10.3,1.2934604391025553,4.964285714285714,2,1925.449363326848,14,278,6,11,0,19
CNP0263301.3,-10.5,1.2934604391025553,4.964285714285714,2,1925.449363326848,14,278,6,11,0,19
CNP0263305.1,-8.782,1.6975265887736053,5.153846153846154,4,824.901733920653,3,134,9,0,1,4
CNP0263318.1,-6.6,1.954375694429178,5.615384615384615,4,224.24477801956013,2,73,6,1,2,2
CNP0263362.2,-9.6,1.3713283603318105,4.770833333333333,0,1958.882353189964,3,229,6,8,0,9
CNP0263459.1,-9.3,1.4227797408662173,6.153846153846154,5,1227.2075075334662,12,240,6,2,5,9
CNP0263494.1,-8.8,1.368928777393269,5.176470588235294,3,732.5620864147644,10,176,7,3,1,4
CNP0263501.1,-8.9,1.3423550504036037,4.5875,3,1884.318903325852,28,367,18,8,0,24
CNP0263507.3,-11.0,1.1077450995559457,5.711538461538462,5,1414.400946722332,17,297,6,6,6,11
CNP0263557.0,-10.2,1.2507873579465605,5.0625,3,1339.0487818724948,0,162,6,0,0,7
CNP0263572.2,-8.8,1.5790889717336896,5.56,4,632.0040482427695,7,139,6,0,2,2
CNP0263668.3,-10.5,1.2404130876274106,5.941176470588236,6,987.3989857260945,9,202,6,0,3,3
CNP0263713.14,-9.1,1.33928798727677,5.0227272727272725,2,1553.6070246206618,10,221,6,11,0,17
CNP0263742.3,-10.55,1.373193139975787,5.518518518518518,5,1592.0506867561485,17,298,6,6,4,18
CNP0263743.1,-10.7,1.4867444557303129,5.121212121212121,2,1257.4508502448143,5,169,6,9,0,12
CNP0263800.12,-8.7,1.2626559735335083,5.393939393939394,4,1697.446904763127,26,356,6,12,5,18
CNP0263800.14,-9.9,1.2626559735335083,5.393939393939394,4,1697.446904763127,26,356,6,12,5,18
CNP0263804.1,-8.0,2.049403921619535,4.4,0,689.215708504639,5,110,6,6,0,12
CNP0264043.1,-9.7,1.4677670429552456,5.75,5,808.1388160793206,9,184,6,1,4,6
CNP0264193.1,-9.9,1.4069572846563287,5.2631578947368425,5,1268.4395085624778,9,200,6,3,1,15
CNP0264269.1,-7.7,1.5470801675677956,5.84,5,747.8202668784141,5,146,6,0,1,6
CNP0264293.3,-7.8,1.9928237596830145,5.12,3,590.7034695526879,7,128,7,2,2,4
CNP0264335.2,-8.4,1.6553664235905696,5.433333333333334,3,1279.3260784087415,4,163,6,5,0,11
CNP0264346.1,-8.828,1.5275851250654089,5.852941176470588,5,885.1079636860476,9,199,6,1,5,3
CNP0264357.5,-8.9,1.50735410224041,4.7368421052631575,2,1412.3700792737657,5,180,6,7,0,14
CNP0264444.0,-8.3,1.902688669272772,4.478260869565218,0,1433.5949606293975,2,206,6,2,0,12
CNP0264723.3,-10.7,1.4661954800772183,5.702702702702703,4,982.904543343796,10,211,6,4,6,7
CNP0264725.2,-9.1,1.423611554375726,4.925925925925926,3,1011.3339024777376,2,133,6,0,0,5
CNP0264753.1,-8.7,1.920180714353478,3.892857142857143,2,707.9422844088108,1,109,14,1,0,4
CNP0264758.1,-8.4,2.764906949348738,4.035714285714286,0,554.1903958017655,6,113,6,6,1,13
CNP0264783.0,-4.2,3.4310512772790966,2.888888888888889,0,135.95057052383706,0,26,0,0,0,5
CNP0264821.1,-9.2,1.408384068089772,5.34375,4,1089.094647331617,4,171,6,2,1,7
CNP0264874.1,-5.5,4.006102705167264,3.1052631578947367,0,990.4941820455556,2,177,0,2,0,10
CNP0264925.3,-9.138,0.9101984355856636,5.5049504950495045,6,3041.957431133403,37,556,6,16,7,32
CNP0264942.3,-9.6,1.5182294487189705,6.0606060606060606,5,847.4797756037972,10,200,6,3,6,3
CNP0265047.0,-9.479,1.6966345442346429,5.809523809523809,4,458.4827066363416,7,122,6,1,2,2
CNP0265075.0,-8.165,2.006038513695651,6.09375,4,794.3365656914069,12,195,7,7,5,9
CNP0265174.1,-10.5,1.537566288811122,6.0,5,927.9063606545108,8,198,6,3,4,4
CNP0265183.11,-8.466,1.4625997211018489,5.041666666666667,2,676.2164636883634,3,121,6,1,2,4
CNP0265247.1,-10.2,1.4160090520563384,6.457142857142857,7,1098.6302754033472,10,226,6,0,5,6
CNP0265411.1,-9.1,1.7807199938971612,6.086956521739131,4,610.0080437730995,6,140,6,0,4,3
CNP0265525.1,-8.8,1.3235421477137164,4.675,2,1143.586802822063,9,187,6,5,0,13
CNP0265526.9,-8.9,1.5621482276159344,5.368421052631579,4,386.3418639251469,5,102,6,1,0,4
CNP0265688.4,-8.9,2.0436629023070445,4.4,3,2043.687516188264,12,330,35,1,0,19
CNP0265803.7,-8.2,1.8327787834791376,5.441176470588236,3,985.8862695311236,7,185,6,1,3,10
CNP0265803.9,-7.9,1.8327787834791376,5.441176470588236,3,985.8862695311236,7,185,6,1,3,10
CNP0265948.1,-9.4,1.4584837592811035,5.382352941176471,4,1227.536765758484,4,183,6,3,1,9
CNP0265984.5,-8.7,1.6028526030852324,4.971428571428572,2,1266.462378290265,5,174,6,6,0,12
CNP0266055.1,-7.4,4.002477205026225,3.230769230769231,0,1035.2630713953895,2,168,0,2,0,10
CNP0266070.1,-8.3,1.1189326126335777,3.954545454545455,0,800.7215479310659,8,174,5,3,0,7
CNP0266132.0,-9.2,1.8545897118019987,4.588235294117647,2,1370.5819915748532,0,156,6,3,1,6
CNP0266177.1,-9.1,1.3250701960286473,4.82,2,1787.7209973898985,10,241,6,9,0,19
CNP0266204.1,-8.2,1.6626256244610311,4.714285714285714,2,554.4134650209729,3,99,6,0,1,4
CNP0266218.1,-11.0,1.0696169219153353,5.35,4,1619.189871876064,2,214,6,2,0,8
CNP0266224.3,-11.5,1.3251480559772002,4.882352941176471,2,1454.294812474688,14,249,6,9,0,18
CNP0266237.2,-7.8,1.7509924557355734,5.363636363636363,3,1469.5385985735563,2,236,8,0,2,10
CNP0266301.1,-8.4,1.7194903025247978,5.612903225806452,4,783.6064524569924,8,174,6,1,5,2
CNP0266447.1,-7.6,2.077149488545869,6.0,4,388.3830584236704,5,102,6,1,3,2
CNP0266496.1,-8.3,1.7730094499890832,5.956521739130435,4,606.0080437730995,6,137,8,1,3,3
CNP0266507.0,-8.0,1.5348573535025107,4.461538461538462,2,972.7079033438762,0,116,6,1,0,5
CNP0266557.3,-11.6,1.0065454820594604,5.803571428571429,6,1500.8957577710812,21,325,6,8,6,14
CNP0266581.1,-9.3,1.1389627938228202,4.857142857142857,2,1184.3999182722443,4,170,6,2,0,12
CNP0266589.5,-9.6,1.4194627127484838,4.457142857142857,0,1133.6173287080314,4,156,6,0,0,8
CNP0266654.1,-9.7,1.476188157773218,4.135135135135135,0,876.1285219443487,5,153,6,6,0,9
CNP0266666.1,-8.0,6.324766625214877,3.852941176470588,0,1782.7047799421682,13,262,0,18,0,26
CNP0266711.2,-11.6,1.078375540361636,5.46875,5,1039.611869984334,7,175,6,4,0,10
CNP0266743.3,-10.2,1.545660294658218,6.09375,5,866.0573731014094,8,195,6,1,6,2
CNP0266847.0,-9.9,1.2615904045431594,5.019230769230769,4,2072.93327575239,0,261,6,6,0,10
CNP0266895.1,-8.3,1.408426664393489,4.575,2,1480.948939130503,1,183,6,1,0,7
CNP0266902.1,-9.3,1.38316572506556,6.6,7,1452.2030430134698,9,264,6,5,5,13
CNP0266918.2,-9.9,1.357967744344402,5.9375,5,783.7010978254434,9,190,6,2,5,2
CNP0266981.1,-6.0,3.2862841538075465,3.034482758620689,0,381.019644218178,1,88,0,0,0,4
CNP0266983.2,-6.5,2.014991826829248,4.5,2,190.2776008164882,3,54,6,1,0,2
CNP0267031.2,-8.1,2.1167207740629403,4.131578947368421,0,945.8746574778844,9,157,20,4,0,7
CNP0267074.1,-7.3,1.5500861227379714,4.5,4,1510.6919636975924,8,243,12,6,2,7
CNP0267138.1,-9.3,1.7445331358585132,4.903225806451613,2,836.2233804781058,6,152,6,4,1,8
CNP0267173.1,-7.8,2.4385538524567427,4.636363636363637,2,770.5732683760885,7,153,6,0,2,6
CNP0267216.2,-10.1,1.4144800873641536,5.846153846153846,4,555.6561849034844,8,152,6,1,3,3
CNP0267221.1,-8.0,2.76938359917939,3.8260869565217392,0,475.8036169289951,4,88,14,2,1,5
CNP0267308.1,-7.6,2.0191473119926195,5.181818181818182,3,808.546503867025,1,114,6,1,1,5
CNP0267415.1,-8.7,1.852927008684336,4.685714285714286,2,960.2280703016744,7,164,6,0,2,8
CNP0267463.1,-9.7,1.262000890050403,5.190476190476191,4,1695.2735539151497,3,218,6,5,0,10
CNP0267469.1,-9.4,1.5011385901377046,5.352941176470588,4,886.2362189419487,8,182,6,1,3,4
CNP0267479.1,-6.6,2.0843227910760573,4.5625,2,367.69774275876085,2,73,6,1,0,1
CNP0267499.7,-7.8,1.9500013837492025,4.888888888888889,3,749.4291865672529,5,132,9,0,1,7
CNP0267525.1,-9.314,1.397502635731455,4.428571428571429,2,897.4733160439985,1,124,6,3,1,4
CNP0267570.2,-8.9,0.8276350494044115,5.1020408163265305,13,6006.303633916079,37,750,16,29,0,52
CNP0267574.0,-9.4,1.459741736141946,5.482758620689655,4,1429.3448954695366,0,159,6,3,0,7
CNP0267644.3,-9.0,1.3004137562222884,6.068965517241379,6,715.3263577733084,11,176,6,1,2,2
CNP0267725.1,-9.1,1.5703638548476913,4.5,2,472.1074461591225,5,117,6,3,0,8
CNP0267805.1,-9.5,1.658160673093828,4.8108108108108105,3,1495.6707781622413,1,178,6,1,1,6
CNP0267808.1,-8.6,1.7893691516767534,4.592592592592593,3,657.6142880887371,6,124,8,1,0,5
CNP0267828.1,-9.151,1.4778568267545245,4.74468085106383,0,1214.2275521999527,14,223,6,11,1,19
CNP0267907.0,-6.0,2.973348791045178,2.8260869565217392,0,339.7507323159805,0,65,0,0,0,2
CNP0267908.0,-8.9,1.457428779410712,4.833333333333333,4,1207.1180345361104,1,145,6,5,0,8
CNP0267956.0,-9.5,1.4189134319532417,5.243902439024391,5,1751.959040480053,0,215,6,5,1,11
CNP0268066.0,-5.9,2.5641846288472334,4.0,0,270.661330246469,0,52,6,2,0,4
CNP0268238.1,-9.9,1.242519049330169,5.0344827586206895,3,923.8524595120792,2,146,6,0,1,5
CNP0268242.1,-10.3,1.771628845618828,4.818181818181818,0,623.6487276654133,15,159,6,10,0,15
CNP0268284.1,-9.622,1.6213579079606053,5.405405405405405,4,942.2143757799936,11,200,6,4,4,7
CNP0268379.1,-10.6,1.2240992908166632,6.020833333333333,6,1380.1161197362223,16,289,6,7,6,12
CNP0268544.3,-9.9,1.296804731446277,4.941176470588236,5,662.5938902072782,8,168,16,0,0,4
CNP0268578.4,-8.5,1.4834363058150162,6.16,5,683.5739978069822,8,154,6,0,2,5
CNP0268593.1,-9.6,1.308696849326748,4.5,2,1443.8612782441382,1,162,6,1,0,7
CNP0268598.0,-6.8,2.374384215481112,3.680672268907563,0,2243.1687579727422,18,438,6,3,5,7
CNP0268715.33,-10.0,1.32195550508488,5.023255813953488,2,1539.6350630802622,10,216,6,10,0,16
CNP0268744.2,-7.5,3.478780567262724,3.792452830188679,0,1191.843689408146,8,201,19,7,0,14
CNP0268843.1,-6.9,2.206143528697435,4.888888888888889,2,373.9350036935169,5,88,6,0,1,3
CNP0268843.3,-6.7,2.206143528697435,4.888888888888889,2,373.9350036935169,5,88,6,0,1,3
CNP0268845.1,-12.2,0.7528464668034971,5.298701298701299,4,2161.9961230932176,27,408,6,7,5,20
CNP0269012.1,-9.6,1.2083566620998512,5.019607843137255,2,1716.3641150246133,15,256,6,10,0,18
CNP0269033.6,-9.6,1.5785851630112702,6.09375,5,800.6533058870602,11,195,6,2,5,2
CNP0269047.1,-9.8,1.5545081827183365,5.5,4,760.531332543377,10,176,6,3,3,4
CNP0269050.9,-9.4,1.4255761169768566,5.096774193548387,4,692.8505165879907,8,158,6,0,2,2
CNP0269082.4,-10.8,1.4183124246545995,6.0,6,1163.0900209532465,2,174,6,0,1,3
CNP0269098.6,-8.1,1.881353928677864,4.4,0,444.5378229798334,5,88,6,4,0,7
CNP0269098.7,-8.3,1.881353928677864,4.4,0,444.5378229798334,5,88,6,4,0,7
CNP0269126.1,-10.0,1.3581310621250895,5.27027027027027,4,1315.967235035294,4,195,6,3,1,11
CNP0269177.1,-5.8,2.027147907672437,3.3846153846153846,0,217.8259028288588,1,44,6,1,0,1
CNP0269231.1,-5.6,3.073920349714784,2.823529411764706,0,177.76063316262247,1,48,0,0,0,2
CNP0269243.0,-8.4,1.6584267446706271,4.642857142857143,2,1015.2840392008932,0,130,6,0,1,6
CNP0269306.2,-9.3,1.5111067452690852,5.32258064516129,4,763.1111762342879,8,165,6,1,3,6
CNP0269328.5,-8.2,1.6643101390627864,5.7,5,1620.6864816436616,14,285,6,2,5,15
CNP0269430.0,-9.7,1.9669227717368405,5.380952380952381,3,834.7879788164704,0,113,6,4,0,6
CNP0269439.3,-8.5,1.859321778511468,5.714285714285714,4,815.0233274412075,8,160,6,2,2,8
CNP0269440.2,-7.6,2.077428560799315,4.444444444444445,2,468.13038602975263,2,80,10,0,0,3
CNP0269462.0,-5.8,2.4754324818894493,4.0,0,271.061758020246,0,44,6,0,0,3
CNP0269546.2,-9.1,1.7566369073869703,5.03125,2,677.2282539387857,10,161,6,4,4,6
CNP0269548.1,-9.779,1.2054174375681437,4.45945945945946,2,1094.100965977936,5,165,9,4,1,6
CNP0269562.0,-6.7,2.311193561452181,3.764705882352941,0,347.5657132898219,0,64,6,3,0,3
CNP0269616.7,-10.2,1.1977427120108846,5.066666666666666,4,1539.602365701552,20,304,6,3,4,13
CNP0269636.2,-10.8,0.8707667437475227,6.417910447761194,11,2669.3515041513087,15,430,6,2,11,9
CNP0269682.0,-7.0,1.3174104263231503,3.7083333333333335,0,577.7787156513684,0,89,6,2,0,2
CNP0269702.4,-9.1,1.9447350836004105,5.578947368421052,3,506.27496377854544,4,106,6,1,2,4
CNP0269703.3,-8.6,1.6696498465449656,4.863636363636363,3,624.5752196781822,4,107,6,1,0,5
CNP0269829.3,-9.1,1.833913470305976,4.578947368421052,3,1207.5894795324548,3,174,6,5,0,12
CNP0269852.1,-11.8,0.7302124402155088,5.216216216216216,4,1898.0171095525995,29,386,6,6,2,20
CNP0269934.1,-7.5,1.935739933698688,4.625,0,851.6255797068158,15,185,6,11,0,18
CNP0269936.1,-8.6,1.950489300637472,5.125,3,576.1879230006529,7,123,7,3,2,4
CNP0270009.0,-10.4,1.242629444671769,4.659574468085107,0,2111.1047471662027,0,219,6,2,0,17
CNP0270023.0,-10.88,0.938259049372823,5.5,7,1696.4829517130668,9,264,6,0,4,7
CNP0270058.2,-9.5,1.6292563495556394,4.782608695652174,2,579.6506235243799,6,110,6,5,0,9
CNP0270058.3,-9.1,1.6292563495556394,4.782608695652174,2,579.6506235243799,6,110,6,5,0,9
CNP0270093.0,-8.8,1.6787926421296646,4.84,2,1004.4577061501074,0,121,6,2,0,7
CNP0270111.1,-9.829,1.181351151544471,5.111111111111111,3,1242.9755121176174,16,230,6,7,1,15
CNP0270112.2,-5.9,1.804727960853878,3.2777777777777777,0,213.14250000458424,1,59,6,0,0,2
CNP0270113.1,-10.2,1.461711764231382,4.697674418604652,3,1519.2432224629038,2,202,6,6,2,8
CNP0270127.1,-9.4,1.6461294989415014,5.434782608695652,4,720.0798396820065,5,125,6,1,0,4
CNP0270140.1,-8.4,1.619223725311178,5.583333333333333,3,675.8207858097023,6,134,6,1,2,4
CNP0270166.6,-7.958,1.6552120817304432,6.037037037037037,5,879.5680970288361,5,163,6,1,2,6
CNP0270212.0,-9.1,1.6029142297947674,4.037037037037037,0,908.8830060086508,0,109,6,3,0,6
CNP0270316.0,-10.8,1.1771280906909012,5.033333333333333,4,1337.408949625199,0,151,6,0,0,6
CNP0270436.1,-7.5,2.7412414784124497,4.352941176470588,2,1279.9660310390543,10,222,19,1,0,12
CNP0270441.1,-5.5,2.225626873385675,3.5454545454545454,0,144.498159394541,2,39,6,1,0,2
CNP0270441.3,-5.5,2.225626873385675,3.5454545454545454,0,144.498159394541,2,39,6,1,0,2
CNP0270473.1,-10.5,1.343123981568089,5.651162790697675,6,1563.2604839004655,9,243,6,4,1,11
CNP0270490.3,-9.3,1.044522855198678,5.304347826086956,4,2986.5385774356014,8,366,6,10,0,13
CNP0270599.5,-9.7,1.458041407591678,5.8,7,1513.3830774752669,4,232,6,1,4,7
CNP0270619.1,-8.2,1.384250182195189,4.128205128205129,0,786.7199126639474,7,161,6,5,0,10
CNP0270619.3,-8.5,1.384250182195189,4.128205128205129,0,786.7199126639474,7,161,6,5,0,10
CNP0270683.3,-8.0,1.9940167535755973,4.478260869565218,0,558.4079001466924,5,103,6,4,0,8
CNP0270742.2,-10.6,1.356383495914829,5.870967741935484,6,1174.5547842310602,3,182,7,1,1,7
CNP0270749.1,-9.2,1.6308785283042488,4.8,0,671.0082963034082,12,144,6,7,1,12
CNP0270784.3,-8.4,1.5274210351484565,4.72,3,632.0041222734877,4,118,6,0,1,6
CNP0270790.1,-8.5,1.9223217478090235,5.7368421052631575,3,420.3686368925555,7,109,6,4,2,4
CNP0270878.2,-9.9,1.0228110545864244,5.492537313432836,4,1768.2798379465708,25,368,6,10,6,19
CNP0270914.1,-7.6,2.034050455850831,5.619047619047619,3,497.0185762467688,5,118,6,0,3,4
CNP0271057.2,-10.4,1.6050129931668553,5.709677419354839,5,917.3424699465764,7,177,6,2,3,3
CNP0271084.2,-10.0,0.9578756023165088,5.5256410256410255,5,2146.887119130086,29,431,6,15,6,24
CNP0271115.2,-6.2,3.234967969022644,3.0,0,343.29313819653555,2,78,0,3,0,5
CNP0271127.1,-10.2,1.1259009680113417,5.192982456140351,4,2555.3446768024564,4,296,6,9,0,12
CNP0271190.0,-7.8,1.7280475363112926,4.0,0,837.7529722262618,0,120,6,3,0,6
CNP0271197.5,-11.3,0.8303649803462861,5.356164383561644,5,1899.212831150489,31,391,6,13,3,22
CNP0271208.2,-7.7,2.6713503149763627,4.166666666666667,0,307.5559388015791,5,75,6,4,1,10
CNP0271226.2,-8.7,1.5285347673077645,6.571428571428571,6,1377.939341681275,13,276,6,3,7,12
CNP0271253.4,-8.4,1.993983634424921,4.409090909090909,0,544.2380446826502,6,97,6,5,0,8
CNP0271273.3,-10.3,1.2230349331293713,5.475409836065574,5,1618.1834041217703,21,334,6,8,6,16
CNP0271318.3,-10.3,1.5346890468593606,5.4,4,892.7742852507275,7,189,6,0,4,2
CNP0271383.1,-10.1,1.3563366158128431,5.851063829787234,5,1270.793786010002,17,275,6,9,6,12
CNP0271409.0,-6.9,2.056621882122131,4.5625,2,534.9338991110429,0,73,6,0,0,3
CNP0271435.3,-9.0,1.8719768384003967,4.807692307692308,3,769.1709114632932,4,125,10,0,0,6
CNP0271461.10,-9.7,1.6731842687539449,4.212121212121212,0,865.717296777058,6,139,6,5,0,10
CNP0271464.2,-9.257,0.8553998833316871,5.1891891891891895,4,2016.294641612488,24,384,6,3,4,18
CNP0271503.1,-9.6,1.4384650893588582,6.96,9,665.5266026343022,10,174,6,1,2,4
CNP0271532.1,-12.5,0.7544866146755116,5.883720930232558,18,3741.398946928656,16,506,13,6,6,14
CNP0271656.2,-11.4,1.2096083791004582,5.0,2,1556.8699176627188,10,220,6,9,0,16
CNP0271668.2,-5.7,3.0888820736050726,2.952380952380953,0,231.2582158870079,2,62,0,3,0,3
CNP0271703.0,-9.0,1.6661867513895183,5.135135135135135,0,1567.0613923228725,0,190,6,12,0,13
CNP0271749.2,-10.5,1.94248903133193,4.416666666666667,0,1494.195734804836,7,212,15,4,1,14
CNP0271776.1,-9.3,1.4973649736198744,4.8,2,697.549955182672,3,144,6,0,3,0
CNP0271790.1,-8.2,1.6571181630900125,4.84,3,635.6577729026357,4,121,6,0,1,3
CNP0271839.1,-7.9,1.4673224222957588,4.620253164556962,0,1939.9236497745885,29,365,6,21,0,35
CNP0271840.2,-8.6,1.1593596414306824,5.229508196721311,4,2162.59191876884,11,319,6,5,3,17
CNP0271912.1,-8.5,1.6350672293900366,4.64,2,895.9169246810707,2,116,6,2,0,9
CNP0271986.2,-10.5,1.2170945381356928,4.853658536585366,3,1444.2557688473596,3,199,6,2,1,9
CNP0272002.2,-9.9,1.2838748696384874,5.368421052631579,3,843.8414866687741,17,204,7,7,2,11
CNP0272002.4,-9.7,1.2838748696384874,5.368421052631579,3,843.8414866687741,17,204,7,7,2,11
CNP0272005.1,-9.2,1.4160884064274708,5.5,6,2471.841606732848,2,319,6,2,6,10
CNP0272015.1,-9.2,1.304423144127676,5.933333333333334,7,2149.584617711252,3,267,6,4,3,10
CNP0272160.1,-8.6,1.7305352678012282,5.7,4,773.5006726494508,7,171,6,2,4,5
CNP0272183.1,-10.0,1.6294817959144017,4.757575757575758,2,839.2258026821668,7,157,6,1,2,5
CNP0272210.9,-11.1,0.9868233862058928,5.571428571428571,4,1277.1703315567688,17,273,6,6,4,13
CNP0272259.2,-5.3,3.865558930238736,3.3,0,159.42124551085624,1,33,0,3,1,5
CNP0272281.0,-8.7,1.859586798881622,5.086956521739131,3,971.962782820496,0,117,6,2,0,7
CNP0272407.1,-6.103,2.71565778804672,4.230769230769231,0,251.85009144400763,2,55,6,0,1,1
CNP0272448.2,-10.8,1.470594762109154,5.657894736842105,4,1066.3110225290336,10,215,6,2,5,6
CNP0272455.6,-7.7,1.935832727424315,5.545454545454546,3,470.3277026166539,6,122,6,1,4,2
CNP0272517.5,-8.9,1.7099424590376353,4.123076923076923,2,1619.9529543863414,19,268,36,12,1,18
CNP0272527.0,-8.6,1.409796265237515,5.155555555555556,4,2129.325822023628,0,232,6,3,0,10
CNP0272535.2,-8.5,1.7991685036053828,4.883720930232558,3,1255.3927747301732,10,210,11,1,2,10
CNP0272651.1,-7.3,2.2094944558591227,4.688888888888889,3,1068.3624505309026,11,211,9,2,3,11
CNP0272661.1,-11.3,1.0181776830229772,5.606060606060606,5,1861.6087932044777,24,370,6,10,6,18
CNP0272717.1,-10.8,1.078135482428536,5.413793103448276,9,4220.490297833442,7,471,11,20,0,31
CNP0272912.2,-8.1,1.60461481131107,5.403846153846154,5,1690.7503073896746,13,281,7,0,4,14
CNP0272916.1,-12.2,1.1870402633134371,4.833333333333333,4,1367.1915650709714,18,261,12,2,0,12
CNP0272928.1,-9.4,1.7963513400700346,5.269230769230769,2,672.2791162000655,6,137,6,2,4,6
CNP0272930.17,-9.5,1.4881563849266697,5.882352941176471,5,885.4429368102043,10,200,6,0,5,2
CNP0273004.3,-8.2,1.6659967148389072,5.3478260869565215,4,729.4420868862738,4,123,10,0,1,6
CNP0273004.4,-8.1,1.6659967148389072,5.3478260869565215,4,729.4420868862738,4,123,10,0,1,6
CNP0273004.7,-8.5,1.6659967148389072,5.3478260869565215,4,729.4420868862738,4,123,10,0,1,6
CNP0273031.2,-7.4,2.161171664774159,4.695652173913044,2,419.1098486606559,5,108,6,3,2,3
CNP0273065.1,-7.0,2.202021470834914,5.0,2,325.4276544759515,3,75,6,1,2,2
CNP0273078.0,-6.9,1.9212181957562788,3.3684210526315788,0,428.0298871341111,1,64,7,0,0,3
CNP0273081.2,-9.1,1.913830776660648,6.269230769230769,4,656.6868470400458,10,163,7,6,4,6
CNP0273095.1,-9.4,1.5041288406603472,4.857142857142857,3,1104.6150313044764,4,170,6,3,1,8
CNP0273103.2,-7.8,3.451696942311247,3.020833333333333,0,936.8241571514131,1,145,0,1,0,5
CNP0273134.1,-11.3,1.2679234365570062,5.96969696969697,6,994.2467858587618,10,197,6,1,3,5
CNP0273267.1,-10.0,1.3576835663591167,6.777777777777778,7,1009.0520198483132,7,183,6,3,3,7
CNP0273267.2,-10.2,1.3576835663591167,6.777777777777778,7,1009.0520198483132,7,183,6,3,3,7
CNP0273283.0,-6.1,2.97827297130252,2.833333333333333,0,425.25086878597017,0,68,0,0,0,2
CNP0273368.2,-7.858,1.5595821292337484,4.727272727272728,3,837.1577800302933,1,104,6,1,0,5
CNP0273458.6,-7.3,1.723070972189775,4.941176470588236,3,328.1838993924493,4,84,6,1,0,3
CNP0273469.1,-11.6,0.8767090466966687,5.472972972972973,5,2032.0348063203169,28,405,6,12,5,22
CNP0273508.1,-9.8,1.677450545513243,6.266666666666667,6,794.42112411824,10,188,6,4,4,7
CNP0273519.1,-11.62,1.1186088736153916,5.439024390243903,4,967.2281238395336,16,223,6,6,2,8
CNP0273523.1,-8.6,1.374131222283355,5.72,6,715.6514927925807,2,143,6,0,2,5
CNP0273566.2,-7.5,2.8779902492239144,4.047619047619048,0,401.5942885988107,6,85,12,1,0,4
CNP0273569.1,-9.1,1.453927920512554,5.714285714285714,5,681.0997039449935,3,120,6,1,0,5
CNP0273647.1,-9.1,1.6569289838803432,5.472222222222222,4,894.5437919421862,10,197,6,4,5,7
CNP0273671.2,-10.3,1.348615598423487,5.852941176470588,6,906.7661168473404,8,199,6,2,5,4
CNP0273671.3,-10.6,1.348615598423487,5.852941176470588,6,906.7661168473404,8,199,6,2,5,4
CNP0273678.2,-4.0,2.125016255414672,3.375,0,55.4071655715584,1,27,6,0,0,1
CNP0273840.0,-10.6,1.2903718316083974,4.774193548387097,2,1298.6791161635836,1,148,6,1,0,9
CNP0273870.1,-6.6,2.399190583664419,3.508771929824561,0,897.2712222521898,9,200,6,8,0,11
CNP0274121.1,-8.7,1.4883964579970952,4.875,2,976.7403505089388,4,156,6,1,2,5
CNP0274128.1,-10.35,1.388428929844016,6.0,5,801.2293192750793,8,186,6,0,5,1
CNP0274128.7,-9.588,1.388428929844016,6.0,5,801.2293192750793,8,186,6,0,5,1
CNP0274180.1,-8.963,1.3853652750779488,5.0,3,728.8391440841941,1,110,6,3,0,5
CNP0274209.1,-8.257,1.9750731813205449,6.0,4,762.6754309936716,11,186,7,6,5,8
CNP0274242.1,-9.082,1.3108310149162798,4.758620689655173,3,734.8327411190803,2,138,6,2,1,7
CNP0274246.1,-12.1,1.1591220025764906,6.088888888888889,6,1260.759329852812,15,274,6,5,6,9
CNP0274258.0,-5.4,3.0928772533912605,2.8461538461538463,0,271.3269035625261,0,74,0,0,0,1
CNP0274307.1,-10.7,1.2188196040446548,4.558139534883721,0,1457.0909688128122,5,196,6,6,0,14
CNP0274376.0,-11.2,0.8843658586684501,4.641975308641976,0,2363.337225453728,20,376,6,16,1,30
CNP0274400.0,-8.0,1.427238461775502,5.407407407407407,5,1026.6837811755242,1,146,6,1,0,6
CNP0274438.1,-6.9,2.084437756307424,4.684210526315789,0,559.3136257973811,1,89,6,1,0,5
CNP0274438.2,-7.0,2.084437756307424,4.684210526315789,0,559.3136257973811,1,89,6,1,0,5
CNP0274465.1,-8.7,1.7829210661495354,4.2,0,730.7596763830142,1,105,6,2,0,6
CNP0274531.1,-8.8,1.4646724163065117,4.318181818181818,2,1442.3565373120864,2,190,14,3,0,9
CNP0274550.1,-8.5,1.6650149673678425,5.171428571428572,4,972.5845913994216,8,181,15,2,4,7
CNP0274558.1,-6.3,3.555329418956265,3.057142857142857,0,459.72468160432607,2,107,0,2,0,3
CNP0274564.1,-10.0,1.5999042299332762,4.25,2,1291.19140423677,9,187,16,4,1,10
CNP0274572.1,-8.0,1.9635762285962624,5.434782608695652,3,575.4358604704929,4,125,6,1,4,3
CNP0274612.2,-6.3,2.954817117803749,4.13265306122449,2,2701.77574337224,19,405,37,18,0,33
CNP0274612.4,-6.4,2.954817117803749,4.13265306122449,2,2701.77574337224,19,405,37,18,0,33
CNP0274632.9,-9.8,1.2689707902338168,4.871794871794871,4,1339.2337816344236,4,190,6,4,1,9
CNP0274677.1,-9.8,1.3618420551790813,5.133333333333334,3,1284.0525995579878,2,154,6,0,0,6
CNP0274677.3,-9.6,1.3618420551790813,5.133333333333334,3,1284.0525995579878,2,154,6,0,0,6
CNP0274729.3,-10.6,1.5657560259001104,5.285714285714286,4,823.989633251389,12,185,7,4,2,6
CNP0274750.3,-8.9,1.410961280345637,5.097560975609756,2,1485.9650732510802,9,209,6,10,0,15
CNP0274818.0,-8.5,1.5921571058114428,5.678571428571429,6,906.384532765004,6,159,7,1,1,5
CNP0274842.0,-10.57,1.4507441061184867,5.882352941176471,4,1059.6763457610873,6,200,6,1,5,4
CNP0274962.0,-5.2,2.846262262649495,2.647058823529412,0,198.0838499786226,0,45,0,0,0,0
CNP0274975.7,-9.958,1.1676929573910029,5.358974358974359,4,1118.8339878805434,11,209,6,3,2,3
CNP0275002.1,-11.6,1.141905401625216,5.403846153846154,4,1226.1172754398362,20,281,6,9,4,14
CNP0275090.0,-8.3,2.04152404622912,4.470588235294118,0,533.8489383657761,0,76,6,5,0,5
CNP0275111.2,-9.4,1.6720405212655671,5.852941176470588,5,990.2381017788408,10,199,6,2,3,10
CNP0275151.3,-10.8,1.1920569333369404,5.733333333333333,5,1165.0641655185836,14,258,6,4,6,8
CNP0275151.7,-10.8,1.1920569333369404,5.733333333333333,5,1165.0641655185836,14,258,6,4,6,8
CNP0275319.5,-9.1,1.5258936725448122,4.310344827586207,2,835.0292332287802,3,125,6,3,0,5
CNP0275346.2,-7.6,1.5874493662689242,5.631578947368421,4,472.766032725681,6,107,10,0,2,4
CNP0275417.0,-5.9,2.880310190687724,2.6875,0,185.17436284790148,0,43,0,1,0,2
CNP0275571.1,-7.8,1.721137514196256,5.228571428571429,3,895.2533481161175,10,183,8,5,1,9
CNP0275683.1,-10.2,1.1183314867106953,5.243902439024391,5,2018.108463162008,1,215,6,1,0,10
CNP0275710.0,-9.8,1.445896522453717,5.108108108108108,4,1432.1047034809696,2,189,6,3,0,10
CNP0275959.3,-6.9,4.0053240948578805,3.260869565217391,0,458.36441181937295,1,75,0,0,1,1
CNP0275993.1,-9.5,1.2698241013536824,4.6,0,840.388039377516,3,138,6,0,0,7
CNP0276017.1,-10.3,1.1069869924839912,5.552238805970149,10,2921.1575935020264,8,372,10,6,1,13
CNP0276019.1,-9.2,1.5605487624889576,5.4,4,415.9228064831685,6,108,6,2,0,5
CNP0276029.1,-3.9,2.831819966070785,2.4285714285714284,0,92.74350164730788,1,17,0,1,0,2
CNP0276082.2,-8.2,1.968152108100434,4.409090909090909,0,526.9880446826502,6,97,6,5,0,8
CNP0276298.1,-10.1,1.245460778939398,5.818181818181818,5,1174.3472895767086,13,256,6,2,6,7
CNP0276298.3,-10.3,1.245460778939398,5.818181818181818,5,1174.3472895767086,13,256,6,2,6,7
CNP0276320.0,-8.774,1.8246251086609973,4.766666666666667,3,1252.8859797417783,0,143,6,3,0,6
CNP0276377.3,-8.7,1.774970179501401,5.6571428571428575,4,983.7902294635684,8,198,6,4,5,7
CNP0276387.2,-7.9,1.6625123190994815,5.458333333333333,4,686.1895153285191,3,131,6,1,1,5
CNP0276445.2,-6.4,2.555314042879003,3.75,0,267.6497637789445,2,60,10,1,1,1
CNP0276460.2,-9.1,1.5795187094101135,6.269230769230769,5,691.7888912043923,8,163,6,1,4,6
CNP0276592.12,-11.0,1.3939960567850638,6.40625,6,800.6533058870602,10,205,6,1,6,2
CNP0276592.18,-11.4,1.3939960567850638,6.40625,6,800.6533058870602,10,205,6,1,6,2
CNP0276660.1,-8.5,1.4496990331064143,5.75,4,1078.3400342438351,2,138,6,1,1,5
CNP0276699.3,-7.778,1.942953842522336,5.153846153846154,2,735.9013200938301,4,134,6,1,0,8
CNP0276722.1,-11.18,1.1621427420958343,5.595238095238095,5,1240.584547382439,8,235,6,1,6,3
CNP0276730.1,-8.164,1.9794358995518344,5.478260869565218,3,661.3408992160439,4,126,6,3,2,3
CNP0276876.0,-7.2,2.4680935324659026,5.0,2,739.7383056461233,0,110,6,2,0,6
CNP0277021.1,-9.4,1.630304897698932,6.3,6,978.0950790093948,6,189,7,0,2,7
CNP0277079.1,-8.3,1.0271017720661892,5.712643678160919,10,3013.257159077621,27,497,10,18,7,24
CNP0277102.2,-8.0,1.9124004942490265,5.421052631578948,3,530.2636638905315,4,103,7,1,1,4
CNP0277115.1,-5.179,3.725336359314071,3.1818181818181817,0,158.94566830288574,1,35,0,0,0,2
CNP0277250.1,-9.7,1.4518208953625271,4.423076923076923,0,771.9571455804901,4,115,6,5,0,7
CNP0277250.3,-9.6,1.4518208953625271,4.423076923076923,0,771.9571455804901,4,115,6,5,0,7
CNP0277277.3,-9.7,1.251728324763799,5.642857142857143,4,777.8621880475637,8,158,6,0,3,5
CNP0277334.1,-6.2,3.60551839833618,3.0434782608695654,0,377.2798817875752,1,70,0,4,0,6
CNP0277344.2,-8.0,2.3752130379789715,4.533333333333333,2,670.0486838730158,7,136,13,4,3,8
CNP0277348.8,-8.1,1.9519934984628395,4.487179487179487,2,1076.1510115094725,8,175,16,6,0,14
CNP0277404.1,-8.7,1.8932416565257115,5.318181818181818,3,487.0719677925113,6,117,6,1,3,3
CNP0277465.1,-12.4,1.058014471996567,5.666666666666667,5,1453.3177129590508,18,306,6,8,6,13
CNP0277537.1,-8.4,1.3858386055562986,5.361702127659575,4,1364.0693979341,13,252,6,3,3,11
CNP0277561.10,-9.7,1.3451249521154964,6.171428571428572,6,906.4844036873932,10,216,6,0,6,3
CNP0277561.12,-10.4,1.3451249521154964,6.171428571428572,6,906.4844036873932,10,216,6,0,6,3
CNP0277561.2,-9.9,1.3451249521154964,6.171428571428572,6,906.4844036873932,10,216,6,0,6,3
CNP0277591.1,-9.1,1.3085014438856477,5.285714285714286,5,1881.8504673553728,4,259,11,7,3,14
CNP0277594.12,-8.1,1.4588930893824634,5.136363636363637,5,693.3995911118029,5,113,6,1,0,3
CNP0277594.17,-8.9,1.4588930893824634,5.136363636363637,5,693.3995911118029,5,113,6,1,0,3
CNP0277625.1,-12.1,1.451442507643577,5.942857142857143,4,1016.7759785030346,11,208,6,4,4,7
CNP0277683.1,-9.9,1.2407612993179775,5.285714285714286,5,1595.5191502718003,14,296,6,1,6,12
CNP0277797.1,-9.3,1.668087136048519,5.833333333333333,4,507.7682380768057,7,140,6,2,4,4
CNP0277801.3,-9.8,1.3002795074441036,4.804347826086956,2,1878.1068657486844,5,221,6,7,0,15
CNP0277858.2,-7.0,3.651069355096314,3.1219512195121952,0,529.7100320946632,3,128,0,4,0,5
CNP0277873.11,-9.7,1.6055245566611758,4.59375,0,759.6629378441627,11,147,6,7,0,12
CNP0277873.4,-9.7,1.6055245566611758,4.59375,0,759.6629378441627,11,147,6,7,0,12
CNP0277982.1,-8.3,1.5299619345474489,5.727272727272728,5,799.4046573742623,1,126,6,1,0,4
CNP0278027.1,-9.3,1.5213807039968112,5.0,2,1250.2041776678586,5,165,6,8,0,12
CNP0278124.1,-8.483,1.5864640887585946,5.243902439024391,3,1317.6280872708585,8,215,6,0,3,10
CNP0278146.1,-10.7,1.0568657789344336,5.461538461538462,4,1390.2445016431222,19,284,6,7,3,15
CNP0278146.2,-10.7,1.0568657789344336,5.461538461538462,4,1390.2445016431222,19,284,6,7,3,15
CNP0278148.3,-8.9,1.7731287629588202,5.107142857142857,3,669.5134744430825,6,143,6,2,2,5
CNP0278287.4,-8.5,2.375287150691815,3.7777777777777777,0,830.7117125288972,5,136,6,4,0,9
CNP0278478.1,-9.2,1.7953429541061272,4.954545454545454,2,725.1610445205902,2,109,6,3,0,6
CNP0278651.3,-9.7,1.0247689643775837,5.432098765432099,5,2270.980249718012,30,440,6,14,6,25
CNP0278657.2,-9.5,1.260612588540602,5.392857142857143,4,895.2622145247062,6,151,6,0,1,5
CNP0278729.2,-9.2,2.5744064264540896,3.7,0,1233.9880433149092,9,185,12,4,0,8
CNP0278776.3,-12.5,0.717494560309681,6.5606060606060606,13,2388.6073228026257,20,433,6,5,10,12
CNP0278796.1,-10.1,1.4596320063684836,4.018867924528302,0,1657.703017972277,5,213,6,4,2,7
CNP0278812.3,-9.915,1.1496997107770697,4.823529411764706,2,1430.1299007580408,15,246,6,8,0,18
CNP0278815.1,-8.2,1.8967028722145023,5.588235294117647,3,393.7260003888405,3,95,6,1,2,2
CNP0278840.1,-7.8,4.617216901004038,3.2758620689655173,0,913.5501201952576,6,190,0,1,1,2
CNP0278924.2,-7.6,2.10010625471275,4.764705882352941,2,428.202773745811,2,81,6,0,1,2
CNP0278953.0,-9.5,1.3143608770944977,4.88,3,1100.6978939107078,0,122,6,2,0,5
CNP0278999.1,-10.7,1.4556145809673735,6.083333333333333,5,659.9950082515711,7,146,6,1,3,3
CNP0279042.1,-10.6,1.2248779564949797,4.551724137931035,2,845.8467407512563,2,132,6,2,0,6
CNP0279119.1,-8.4,2.346192332554852,4.54,2,1543.041681789843,9,227,12,0,2,13
CNP0279122.1,-11.0,0.7601298827171973,5.354430379746836,4,2056.184039589416,32,423,6,10,4,24
CNP0279153.2,-8.3,1.505267624645064,5.130434782608695,3,677.9121773943551,4,118,6,0,0,5
CNP0279191.1,-6.8,3.957184584952104,3.17948717948718,0,665.4705076759716,2,124,0,3,0,7
CNP0279196.1,-9.3,1.1792897493238406,4.848484848484849,3,2246.7247926337286,8,320,8,9,3,16
CNP0279214.0,-9.3,1.2410231368849578,5.0588235294117645,2,1394.574054819824,1,172,6,3,0,10
CNP0279234.0,-10.0,1.5042660234848029,5.166666666666667,4,1021.9295236575584,0,124,6,0,0,4
CNP0279259.1,-8.6,1.6451450089772146,5.304347826086956,4,977.1027244878118,1,122,6,1,0,4
CNP0279312.10,-10.58,1.5365056787926712,6.096774193548387,5,848.4729901260331,9,189,6,0,5,1
CNP0279367.1,-10.6,1.319947067840758,5.739130434782608,5,1388.4387303511728,14,264,6,5,5,10
CNP0279367.3,-9.8,1.319947067840758,5.739130434782608,5,1388.4387303511728,14,264,6,5,5,10
CNP0279389.1,-7.1,1.8934966922823808,4.4,2,358.73224270214007,1,66,6,0,0,2
CNP0279403.1,-10.16,1.0331818535248007,5.270588235294118,6,4056.2950494613488,8,448,6,19,0,26
CNP0279403.2,-10.02,1.0331818535248007,5.270588235294118,6,4056.2950494613488,8,448,6,19,0,26
CNP0279413.4,-11.2,1.1907150681315006,5.6923076923076925,4,1029.9031388363685,12,222,6,3,4,9
CNP0279430.3,-10.0,1.8454314803048883,3.939393939393939,0,836.8434206351292,4,130,12,2,0,7
CNP0279430.4,-10.1,1.8454314803048883,3.939393939393939,0,836.8434206351292,4,130,12,2,0,7
CNP0279502.1,-7.5,1.798372356661028,5.833333333333333,4,426.8128976169507,4,105,6,0,1,2
CNP0279703.2,-5.9,4.265210171158244,3.046153846153846,0,1094.464652073584,1,198,0,0,0,6
CNP0279831.2,-9.9,1.6641393180316717,6.44,5,631.576052605839,9,161,6,3,4,5
CNP0279852.3,-11.4,1.2917574473756892,4.631578947368421,0,1092.1362024086825,10,176,6,8,0,12
CNP0279928.2,-6.1,3.8726414637623465,3.083333333333333,0,382.5450956933327,2,74,0,1,0,3
CNP0279941.0,-9.2,1.2719703746779865,5.0,3,1459.623817049732,1,190,6,0,0,9
CNP0280007.1,-9.6,1.4622528930945295,5.833333333333333,7,962.2911397475432,12,210,6,1,3,9
CNP0280010.1,-8.9,1.77186795058054,5.086956521739131,2,545.0900403126911,4,117,6,1,2,3
CNP0280019.0,-8.9,2.006386731100891,5.066666666666666,3,830.3336733869668,8,152,7,3,1,9
CNP0280135.2,-10.3,1.1593399132447373,5.258064516129032,5,741.6389284245452,5,163,6,0,2,6
CNP0280147.0,-6.4,3.120308139781488,2.933333333333333,0,428.57900290083103,0,88,0,0,0,3
CNP0280184.1,-12.1,0.989708053611562,4.611111111111111,5,1633.566936409962,8,249,13,6,1,11
CNP0280184.2,-10.3,0.989708053611562,4.611111111111111,5,1633.566936409962,8,249,13,6,1,11
CNP0280215.1,-7.3,2.231214902691833,4.777777777777778,2,408.7166641630892,3,86,8,0,1,3
CNP0280241.0,-7.871,2.259274674213047,3.75,0,512.1612526836734,0,75,6,2,0,3
CNP0280289.2,-8.8,1.874698681848764,5.821428571428571,4,784.273805742903,8,163,6,2,3,9
CNP0280289.5,-8.2,1.874698681848764,5.821428571428571,4,784.273805742903,8,163,6,2,3,9
CNP0280333.2,-7.2,2.11662787068061,5.95,3,484.6267885344104,6,119,6,1,3,3
CNP0280384.1,-8.6,1.742584721733751,6.0,4,547.9104984355639,6,132,6,1,3,2
CNP0280401.1,-9.8,1.5817948366292045,4.607142857142857,2,909.3168613935107,4,129,6,5,0,13
CNP0280475.1,-13.1,0.8113354821155623,6.141025641025641,12,2754.5497989306964,20,479,6,4,8,13
CNP0280502.1,-9.3,1.261408188291125,5.076923076923077,3,1405.2740744018545,8,198,6,6,0,14
CNP0280509.1,-6.7,3.358916613811168,3.0,0,445.9580278570379,1,102,0,1,0,3
CNP0280636.8,-8.7,1.926096010996758,5.5,3,402.5428946113829,6,99,6,1,1,3
CNP0280669.4,-7.5,1.919911705522753,3.36734693877551,0,760.5020999229905,6,165,3,5,0,6
CNP0280679.2,-10.0,1.4259543507800303,4.486486486486487,0,939.218392815162,9,166,6,7,1,13
CNP0280723.1,-11.1,1.1724336286182402,5.756756756756757,4,955.553307712996,12,213,6,4,4,8
CNP0280728.2,-11.1,0.8471261262148962,5.342465753424658,5,1882.2716361350708,30,390,6,12,3,22
CNP0280733.1,-9.6,1.759251134385343,4.181818181818182,0,711.4783398837262,3,138,6,3,1,9
CNP0280733.2,-9.5,1.759251134385343,4.181818181818182,0,711.4783398837262,3,138,6,3,1,9
CNP0280741.0,-8.2,1.815756253764944,5.15,3,782.7576888064152,0,103,6,1,0,5
CNP0280810.0,-9.4,1.7159089845503228,4.666666666666667,3,529.5182776387419,1,84,10,3,0,3
CNP0280832.2,-8.6,1.5306252140255578,5.884615384615385,6,791.215798232668,7,153,6,1,1,5
CNP0280833.3,-9.54,1.623132939890071,5.761904761904762,4,545.7696078462164,6,121,6,1,2,2
CNP0280833.4,-9.436,1.623132939890071,5.761904761904762,4,545.7696078462164,6,121,6,1,2,2
CNP0280843.6,-7.1,2.336043187453277,5.277777777777778,2,361.5051022779815,4,95,6,0,3,3
CNP0280843.8,-6.9,2.336043187453277,5.277777777777778,2,361.5051022779815,4,95,6,0,3,3
CNP0280874.1,-6.8,2.180173537486832,4.75,2,324.3266529435302,4,76,7,1,1,1
CNP0280888.1,-6.4,1.9476690678539967,3.411764705882353,0,173.7606331626225,3,58,6,2,0,2
CNP0280901.1,-8.3,2.4408716216459663,4.05,0,357.9474732050232,6,81,6,6,0,10
CNP0280905.1,-10.1,1.5097619452714848,4.376811594202898,3,2243.895551375327,9,302,24,13,0,24
CNP0280924.2,-8.6,1.5918964767958326,4.806451612903226,2,1203.4961685266785,1,149,6,1,0,8
CNP0280970.0,-7.3,2.080697887295565,4.5,0,674.3184133939982,0,90,6,2,0,6
CNP0280977.1,-12.6,0.9879045145536574,5.4363636363636365,4,1424.185762887581,22,299,6,9,3,15
CNP0280982.1,-7.6,1.7762823157825292,5.055555555555555,3,434.3779144046446,4,91,10,0,1,2
CNP0280991.1,-10.04,1.415005152882007,5.885714285714286,5,974.4675661135916,7,206,6,1,6,4
CNP0281072.1,-7.8,1.625299364053983,4.75,2,619.1191533454951,1,95,6,2,0,4
CNP0281101.2,-10.4,1.4032737687944614,4.90625,2,1034.786571854634,6,157,6,6,0,11
CNP0281118.1,-7.1,1.984199507079696,5.764705882352941,4,361.9333205532757,5,98,7,2,2,2
CNP0281123.4,-9.5,1.5418856494504052,6.0625,5,854.8929045040401,9,194,6,0,5,2
CNP0281180.3,-11.1,1.398848278199416,5.828571428571428,4,916.197870359139,10,204,6,3,5,5
CNP0281180.6,-11.1,1.398848278199416,5.828571428571428,4,916.197870359139,10,204,6,3,5,5
CNP0281180.8,-11.1,1.398848278199416,5.828571428571428,4,916.197870359139,10,204,6,3,5,5
CNP0281186.1,-11.44,0.972270188757752,5.45,4,1769.6635693316025,22,327,6,9,3,18
CNP0281322.1,-8.5,2.738499016680619,3.59375,0,700.8352684401718,5,115,18,2,0,5
CNP0281368.1,-11.62,0.9788053706402006,4.870967741935484,2,2263.400191933573,15,302,6,10,0,20
CNP0281396.1,-9.1,1.476868044091229,5.387096774193548,4,1172.531174138877,2,167,6,2,1,7
CNP0281406.1,-7.5,1.8057204985762023,5.35,3,502.364506051573,3,107,8,0,3,3
CNP0281505.1,-10.8,1.2797512984873642,4.464285714285714,4,1968.1245739215888,4,250,6,7,0,15
CNP0281536.3,-10.0,1.3352124349689027,5.095238095238095,3,1255.0725527207417,12,214,6,8,0,14
CNP0281825.4,-9.3,1.5233425853369758,5.321428571428571,4,713.3046007537534,8,149,8,2,3,3
CNP0281955.1,-11.12,0.9528001696265774,4.82258064516129,2,2247.994618905322,12,299,6,11,0,20
CNP0281961.1,-10.5,1.0354130415027618,5.047619047619048,2,2083.388536889979,20,318,6,14,0,24
CNP0281982.2,-11.1,1.0113291335978798,5.162162162162162,5,1825.650468166507,1,191,6,1,0,7
CNP0282099.3,-9.5,1.0719261247148446,4.802469135802469,8,2302.3598030295952,24,389,32,7,4,20
CNP0282147.1,-11.6,1.182703345974931,5.378378378378378,0,781.8483972323461,10,199,5,2,6,7
CNP0282170.1,-11.3,1.147466110752362,5.242424242424242,5,1333.6185949096869,2,173,6,0,0,7
CNP0282191.1,-10.3,1.5769244114727743,6.125,5,856.89290450404,9,196,6,0,6,2
CNP0282248.1,-7.9,1.5381599562339447,4.493150684931507,6,2424.7033414318907,12,328,16,12,2,14
CNP0282253.1,-7.8,2.214974482743649,4.739130434782608,2,604.2048498674276,4,109,6,2,2,6
CNP0282267.1,-11.4,0.9448721783024534,5.395348837209302,13,3858.432483136702,10,464,19,10,2,13
CNP0282339.2,-8.0,0.769928227564082,5.352941176470588,5,3612.1843094550914,46,637,6,21,6,42
CNP0282454.1,-9.1,1.4557041702161004,5.931818181818182,4,1309.3966920982864,14,261,6,6,6,13
CNP0282564.2,-12.0,0.8765878124274844,5.842105263157895,7,1607.2778103352543,22,333,6,9,4,16
CNP0282729.3,-9.2,1.3838699872768478,5.038461538461538,2,737.383570066288,4,131,6,2,0,6
CNP0282753.1,-6.3,2.1502140037771884,4.866666666666666,2,295.16017124398627,3,73,6,0,1,0
CNP0282760.4,-10.1,1.528766627782421,5.5,4,833.769657167132,7,176,6,0,4,2
CNP0282764.3,-8.6,1.623132939890071,5.761904761904762,4,584.3737738095996,5,121,6,0,2,2
CNP0282814.1,-8.4,2.060067304382828,4.444444444444445,2,383.1999526462128,4,80,10,0,0,3
CNP0282874.2,-9.5,1.4505656621490013,4.951219512195122,3,1306.2937878721234,4,203,6,0,4,8
CNP0283031.4,-8.7,1.3407291585700456,5.732142857142857,7,1619.3008654066743,19,321,6,5,6,15
CNP0283036.1,-8.718,1.603755199056343,5.555555555555555,4,538.8406835529945,4,100,6,1,0,4
CNP0283053.1,-9.8,1.4353303487116518,5.0,2,1053.7808880876555,7,165,6,8,0,12
CNP0283127.2,-5.3,3.542096832451231,2.923076923076923,0,183.8539921393416,1,38,0,1,0,3
CNP0283201.0,-7.0,2.5865400660096705,3.909090909090909,0,570.449930032655,0,86,6,0,0,4
CNP0283214.0,-8.9,1.501879636057876,5.68,5,1287.870428766724,0,142,6,1,0,3
CNP0283251.1,-7.457,2.023702188153111,3.473684210526316,0,613.0602583292745,7,132,6,6,0,8
CNP0283271.1,-7.7,2.02222715307644,5.333333333333333,3,696.8167062986533,7,144,6,1,3,5
CNP0283287.1,-9.847,1.3790733914979447,6.290322580645161,7,1265.8681573728338,5,195,6,1,2,9
CNP0283311.2,-8.8,1.5173717662184698,5.714285714285714,5,769.1159169668454,1,120,6,2,0,4
CNP0283320.1,-10.9,1.4791469639456047,4.047619047619048,0,1188.5589274770762,2,170,6,2,2,2
CNP0283320.3,-10.9,1.4791469639456047,4.047619047619048,0,1188.5589274770762,2,170,6,2,2,2
CNP0283367.1,-9.0,1.82109681478386,6.166666666666667,4,610.7601063032595,8,148,7,4,3,4
CNP0283374.1,-9.6,1.5527993599492067,4.914285714285715,2,1252.184332888957,5,172,6,4,0,11
CNP0283394.13,-8.9,1.9888625910420343,4.166666666666667,2,621.550106607273,2,100,14,1,0,4
CNP0283447.0,-9.3,1.383695457403419,4.4,2,1212.6014973764356,0,132,6,1,0,8
CNP0283458.2,-10.9,1.424096596956407,5.045454545454546,2,1536.3570246206623,10,222,6,11,0,17
CNP0283477.7,-8.3,1.7794173533440385,4.826086956521739,3,597.6140622914037,3,111,6,0,2,2
CNP0283559.1,-7.846,1.0977915043463304,5.252873563218391,5,2596.3097157033426,26,457,6,11,6,24
CNP0283559.3,-8.104,1.0977915043463304,5.252873563218391,5,2596.3097157033426,26,457,6,11,6,24
CNP0283577.1,-7.4,4.363629373767779,3.5416666666666665,0,492.5965378216052,3,85,0,6,0,10
CNP0283792.1,-9.3,0.9826981154475884,4.620689655172414,0,2172.4477922635097,31,402,6,19,1,31
CNP0283818.2,-9.8,1.121752055551287,5.465116279069767,9,1751.1774106371622,2,235,18,2,0,8
CNP0283940.1,-10.3,1.997732114622804,4.453125,0,1700.5473660352404,16,285,20,7,2,17
CNP0284020.1,-7.5,2.663524868153838,3.882352941176471,0,305.37373436280103,2,66,10,2,2,2
CNP0284042.3,-9.0,1.8048965274517728,4.193548387096774,0,771.691183940509,6,130,6,5,1,9
CNP0284063.1,-9.4,1.4073683814467772,4.444444444444445,0,1335.83961690052,7,200,6,6,0,13
CNP0284076.1,-9.8,1.5320420746599792,4.7,0,725.6957722581037,8,141,6,6,1,11
CNP0284077.2,-7.5,1.8095188235445128,6.8,5,332.9300118776579,6,102,6,0,3,0
CNP0284135.1,-8.2,1.34667210026765,4.175,3,1468.9422020643894,3,167,6,2,1,7
CNP0284164.0,-5.3,2.9606176003906586,2.7857142857142856,0,244.7508721861145,0,78,0,2,0,10
CNP0284236.0,-10.7,1.134720290598819,5.98,5,1328.235143415806,19,299,6,7,6,12
CNP0284368.1,-5.9,4.077124897323101,3.533333333333333,0,247.0520558264276,3,53,0,0,2,5
CNP0284368.2,-5.9,4.077124897323101,3.533333333333333,0,247.0520558264276,3,53,0,0,2,5
CNP0284368.3,-5.9,4.077124897323101,3.533333333333333,0,247.0520558264276,3,53,0,0,2,5
CNP0284440.1,-8.2,1.7298960156259944,5.916666666666667,4,583.6329315178826,7,142,6,1,3,3
CNP0284443.0,-9.4,1.419157418531759,5.379310344827586,5,887.5060702621862,1,156,6,1,1,8
CNP0284464.1,-8.1,1.0353048011216772,4.867647058823529,5,2483.98408918457,6,331,6,7,0,13
CNP0284496.1,-8.4,1.593593085825462,6.6,6,736.4818893476397,13,198,6,4,3,7
CNP0284496.2,-8.5,1.593593085825462,6.6,6,736.4818893476397,13,198,6,4,3,7
CNP0284687.0,-7.7,1.777965184354499,4.32051282051282,4,2214.0644096249653,13,337,28,14,0,30
CNP0284709.3,-9.209,1.3693009135753342,4.290909090909091,4,1803.4385028975328,7,236,30,2,2,12
CNP0284774.1,-7.0,1.858505968653713,3.755102040816327,0,1086.2266491911616,6,184,6,3,0,11
CNP0284832.0,-10.3,1.2343473897344766,5.170731707317073,4,2122.0966431395373,0,212,6,5,0,10
CNP0284944.1,-9.0,1.5623249142455224,5.173913043478261,5,2648.004499943858,13,357,14,1,4,21
CNP0285010.1,-10.0,0.8159749067110524,5.6477272727272725,11,3446.0610571105667,20,497,11,3,5,7
CNP0285033.1,-9.0,1.226038321103674,5.375,5,770.1205598603773,5,129,6,1,0,5
CNP0285037.1,-9.8,1.7651948036971674,5.1875,4,1141.017503725217,4,166,10,8,0,13
CNP0285037.2,-8.3,1.7651948036971674,5.1875,4,1141.017503725217,4,166,10,8,0,13
CNP0285113.1,-10.84,1.2555643793866942,5.275,4,869.8534988308819,16,211,6,6,2,8
CNP0285116.1,-5.4,1.8171959041662304,3.4285714285714284,0,179.16054269564705,2,48,3,1,0,2
CNP0285116.3,-5.3,1.8171959041662304,3.4285714285714284,0,179.16054269564705,2,48,3,1,0,2
CNP0285128.2,-8.7,1.6809006087771197,4.842105263157895,3,551.8672129338036,2,92,6,1,0,5
CNP0285139.0,-5.5,2.169852777750456,3.615384615384616,0,276.7262618127396,0,47,6,0,0,3
CNP0285187.1,-9.537,1.0899525965480517,4.911764705882353,2,2510.3479486024235,15,334,6,14,0,25
CNP0285283.2,-10.13,1.312954953670469,5.565217391304348,5,1517.6566703800954,7,256,6,3,6,7
CNP0285330.2,-10.9,1.2585709960989633,6.033333333333333,6,774.9776835013773,10,181,6,1,3,3
CNP0285431.1,-7.0,2.5504848561798124,4.0625,0,247.5622615053392,3,65,6,2,1,3
CNP0285490.1,-11.9,1.2843529998508594,6.147058823529412,5,983.3807699230824,11,209,6,2,4,6
CNP0285643.1,-10.76,1.326736850761941,5.806451612903226,5,773.2811834474367,9,180,6,1,4,1
CNP0285677.2,-9.0,1.2304211959069529,5.965517241379311,6,654.3388799553192,11,173,6,1,3,3
CNP0285821.3,-10.7,1.16217838771073,5.064516129032258,4,946.5739736257996,6,157,6,4,0,9
CNP0285977.1,-8.4,1.8866605025598115,4.161290322580645,0,791.3308073585893,5,129,6,7,0,11
CNP0286012.0,-10.3,1.206341201317075,5.877551020408164,6,1391.1899234768864,16,288,6,4,5,10
CNP0286039.1,-6.3,3.083453073586876,2.9545454545454546,0,342.5894585574521,1,65,0,1,0,3
CNP0286065.2,-7.8,1.7841458975191242,6.411764705882353,4,409.1448824383833,5,109,6,0,3,2
CNP0286078.0,-9.8,1.9077721462287616,5.238095238095238,3,863.0981907102961,0,110,6,2,0,6
CNP0286153.2,-9.8,1.589042254907895,4.344827586206897,0,1535.9780468973056,14,252,6,7,2,15
CNP0286228.1,-7.5,2.18123146300562,4.727272727272728,2,501.8366336695184,4,104,6,0,2,2
CNP0286243.2,-8.9,1.2140474522699387,5.529411764705882,5,2051.178497834976,9,282,6,11,1,16
CNP0286273.0,-8.0,1.901222974065485,5.352941176470588,3,743.2345312069186,0,91,6,1,0,5
CNP0286287.11,-11.0,1.5012000030551678,5.882352941176471,5,892.2362189419489,10,200,7,3,5,4
CNP0286327.11,-9.6,1.46025795751682,5.25,4,578.8113601402916,8,147,6,0,2,1
CNP0286358.1,-9.1,1.6809051762993277,4.548387096774194,0,1063.243863069352,3,141,6,3,0,13
CNP0286364.1,-7.612,1.8603121189117715,4.235294117647059,0,415.9325683848337,3,72,6,1,0,4
CNP0286381.1,-9.8,1.4809826164865496,5.967741935483871,5,760.373367753738,9,185,6,0,5,1
CNP0286381.2,-10.1,1.4809826164865496,5.967741935483871,5,760.373367753738,9,185,6,0,5,1
CNP0286387.1,-8.6,1.308476188132604,5.616666666666666,8,2352.777596274625,7,337,11,2,4,14
CNP0286408.3,-9.3,1.4274199393854787,4.892857142857143,3,730.6256256707065,5,137,6,1,1,4
CNP0286439.1,-8.5,2.44280741168612,4.086956521739131,0,548.8688201441512,4,94,6,7,0,10
CNP0286455.0,-9.3,1.4916865135653443,4.379310344827586,2,914.4935242717148,3,127,6,3,0,6
CNP0286490.2,-6.0,3.851160744586462,3.25,0,180.24518934974515,2,39,0,3,0,5
CNP0286506.2,-9.536,1.4215508829936094,5.666666666666667,5,1334.6908108103771,17,272,6,7,3,16
CNP0286597.2,-9.0,1.860494729442929,4.352941176470588,0,977.9143768669892,9,148,6,9,0,20
CNP0286653.1,-5.7,3.0994761999824707,2.862068965517241,0,309.435682285073,1,83,0,1,0,1
CNP0286663.1,-8.8,1.525445541300535,3.931034482758621,2,947.1425115313252,1,114,6,2,1,5
CNP0286690.0,-10.1,1.2557042848573885,4.871794871794871,3,1530.878859599811,1,190,6,0,0,8
CNP0286706.1,-9.563,1.2576677857416587,4.645161290322581,2,1109.2217798647937,1,144,6,2,0,8
CNP0286724.1,-9.6,1.7572816866362588,4.368421052631579,0,1154.4922072006807,5,166,9,2,0,11
CNP0286727.2,-7.4,1.837831593650143,5.105263157894737,3,466.7660327256809,5,97,10,1,1,4
CNP0286851.1,-8.4,1.5793168829437343,5.0,4,990.5226634068852,2,160,6,1,0,6
CNP0286851.2,-8.1,1.5793168829437343,5.0,4,990.5226634068852,2,160,6,1,0,6
CNP0286999.0,-5.1,2.3952964790313653,3.888888888888889,0,224.57495208091365,0,35,5,1,0,2
CNP0287001.1,-8.7,1.213612100157046,5.24,6,1942.1076037892228,2,262,6,1,0,10
CNP0287067.1,-6.175,3.166858395716842,2.92,0,232.19280948873617,2,73,0,0,0,0
CNP0287070.1,-8.6,1.4076171923796594,4.315789473684211,0,1117.7213036977955,3,164,6,3,1,8
CNP0287102.1,-7.8,1.4823160112955105,5.4,3,742.686276563587,5,135,6,0,1,6
CNP0287175.1,-12.6,0.9656850307661804,5.567164179104478,5,1833.639152970627,25,373,6,12,6,19
CNP0287175.2,-12.8,0.9656850307661804,5.567164179104478,5,1833.639152970627,25,373,6,12,6,19
CNP0287263.2,-10.3,1.398162657547548,5.666666666666667,4,752.9224313007296,12,187,6,5,4,7
CNP0287267.1,-8.4,1.835459782404392,5.411764705882353,4,1094.8489320438252,5,184,6,3,2,6
CNP0287388.2,-8.5,1.70370852012301,4.862068965517241,3,786.6450678696472,6,141,8,2,1,4
CNP0287427.17,-7.2,2.06724457398129,6.0625,3,313.39664106587225,5,97,6,1,3,1
CNP0287427.5,-8.0,2.06724457398129,6.0625,3,313.39664106587225,5,97,6,1,3,1
CNP0287460.3,-7.4,1.9345034383764808,5.3,3,500.36450605157313,3,106,6,0,2,3
CNP0287515.1,-9.7,1.5588153251247476,4.36,3,2293.141412211517,10,327,27,7,0,18
CNP0287516.1,-8.0,1.3573726481199058,3.6666666666666665,0,749.1705991884301,6,154,5,3,0,6
CNP0287518.2,-8.1,2.045915355209612,4.428571428571429,2,646.9905890707568,4,124,6,0,2,4
CNP0287524.4,-10.2,1.1913601530211568,5.358208955223881,4,1714.0040563910802,26,359,6,13,5,19
CNP0287538.2,-8.6,2.125734111150025,4.714285714285714,0,427.4804889409554,7,99,6,6,1,9
CNP0287552.2,-8.0,1.8322987079691024,4.884615384615385,2,789.2841153749744,3,127,6,2,0,5
CNP0287577.2,-7.3,2.1776364263630508,4.75,2,443.23844043170544,1,76,6,1,0,1
CNP0287582.1,-7.3,2.270500057175275,4.85,2,458.0386807761662,3,97,6,0,2,2
CNP0287611.7,-10.6,1.5077954276822196,6.129032258064516,5,777.2811834474365,9,190,6,1,5,1
CNP0287662.12,-8.3,2.6218116219854872,4.068965517241379,0,537.28940804525,7,118,6,6,2,8
CNP0287672.3,-8.2,1.7128759409927932,5.882352941176471,4,455.5809279766738,4,100,6,1,1,4
CNP0287733.2,-10.4,1.4292335578258664,6.5,6,856.89290450404,9,208,6,1,7,2
CNP0287815.0,-6.2,2.963541719072855,2.8095238095238093,0,327.3551402278868,1,59,0,2,0,3
CNP0287843.1,-12.0,0.7898076995850056,5.136986301369863,4,2941.519467521068,14,375,6,13,0,19
CNP0287882.2,-9.9,1.388017716654369,5.85,3,1530.2372092450223,7,234,6,3,4,6
CNP0287885.2,-7.1,1.0573258914468495,4.98,5,1134.9745743342853,10,249,6,0,5,2
CNP0287981.0,-8.8,1.971377259153024,4.275862068965517,0,843.3916525019852,2,124,7,2,1,10
CNP0288013.1,-12.2,0.97267581640117,5.032258064516129,2,2032.00413079444,20,312,6,13,0,23
CNP0288038.1,-10.04,1.4204955541878508,4.78125,3,1068.809089517571,1,153,6,0,1,5
CNP0288079.4,-10.02,1.220577631531008,5.782608695652174,5,1140.3096622511769,17,266,6,8,6,10
CNP0288138.1,-9.4,1.720857934559851,4.394736842105263,3,1227.6802010673778,1,167,7,3,0,9
CNP0288237.1,-8.9,1.817779960652809,5.208333333333333,3,572.5189892883795,5,125,6,0,3,2
CNP0288240.1,-9.6,1.2250199941134812,5.32,6,701.1817232455726,6,133,6,1,0,5
CNP0288299.3,-11.3,0.7440202220827031,5.425531914893617,5,2635.306000951748,36,510,6,17,6,30
CNP0288333.1,-9.2,1.6228660463451148,6.575757575757576,6,1033.3594629911067,11,217,6,4,5,11
CNP0288351.3,-7.5,2.435854866570512,4.2,2,809.171515348588,6,147,15,5,0,12
CNP0288387.0,-7.5,1.4857557253806493,4.5625,2,563.2135261119948,0,73,6,1,0,2
CNP0288415.2,-9.143,1.259509223163479,6.09375,4,1068.406946228229,6,195,6,2,4,2
CNP0288483.1,-8.4,1.6544968200177823,4.709677419354839,3,1036.7668767315913,1,146,6,2,1,7
CNP0288506.0,-9.049,1.7841336947167763,5.055555555555555,3,832.0093942884614,0,91,6,3,0,5
CNP0288522.2,-8.9,1.5775155957254463,5.164179104477612,5,2459.860686233295,13,346,14,1,4,19
CNP0288547.0,-7.0,2.2742803305716635,3.7142857142857135,0,371.629902150658,0,52,6,2,0,4
CNP0288551.2,-7.0,2.134300026629092,4.722222222222222,2,405.9617766609256,3,85,9,2,1,3
CNP0288551.3,-7.2,2.134300026629092,4.722222222222222,2,405.9617766609256,3,85,9,2,1,3
CNP0288650.1,-10.3,0.9770210892599666,4.942857142857143,2,1132.110137873873,4,173,6,2,0,12
CNP0288671.1,-8.1,1.8580142478559576,4.4125,2,2347.001820977204,14,353,23,5,0,22
CNP0288773.0,-9.3,1.5742728303817712,5.1,4,1170.595614155916,0,153,7,1,1,5
CNP0288817.3,-8.2,1.0272888226098056,4.823529411764706,2,3272.64984983684,15,410,6,14,0,30
CNP0288850.1,-10.1,1.2106728002405458,4.744186046511628,2,1562.9651476752044,5,204,6,8,0,13
CNP0289065.4,-11.0,1.441104724446568,5.575,4,1114.0852509692809,13,223,6,4,4,9
CNP0289067.2,-9.2,1.8199039177171128,6.04,4,706.8750738452063,7,151,6,3,3,5
CNP0289116.2,-9.546,1.3804134152300034,6.0,5,835.3962894133942,9,192,6,1,5,1
CNP0289184.0,-10.4,1.1501462794064783,4.5,2,1730.2645058602031,13,270,6,10,1,13
CNP0289205.0,-6.6,2.9688415875655725,2.8181818181818183,0,387.626674099281,0,62,0,2,0,4
CNP0289260.3,-11.1,1.4277146533199154,5.133333333333334,3,996.9801298874968,6,154,6,5,1,10
CNP0289275.1,-8.0,2.93489329899324,3.9743589743589753,0,798.014973713688,6,155,5,4,0,11
CNP0289302.3,-11.1,1.1912715548019654,5.32,6,1506.424315607349,11,266,19,2,4,8
CNP0289346.1,-7.546,1.9041493420743,4.803921568627451,4,1389.1858391935984,11,245,10,0,3,13
CNP0289346.2,-7.224,1.9041493420743,4.803921568627451,4,1389.1858391935984,11,245,10,0,3,13
CNP0289360.1,-9.3,1.6260197186769334,5.294117647058823,3,865.0399119619902,8,180,6,3,4,7
CNP0289404.2,-8.0,2.310928033171704,4.75,2,611.1283883532153,5,114,6,1,0,4
CNP0289485.0,-10.2,1.1295114876100396,4.978260869565218,3,1990.1583986870176,1,229,6,1,0,9
CNP0289519.0,-9.8,1.2996864300065367,5.627906976744186,6,1314.9682586254407,11,242,6,0,5,9
CNP0289524.1,-6.5,2.134850324868062,4.647058823529412,2,367.1181094709745,4,79,6,1,0,2
CNP0289532.1,-8.9,1.875356008203134,5.580645161290323,4,859.9891235225776,7,173,6,1,4,7
CNP0289636.2,-8.86,1.5650034351283706,5.6,4,503.5476118290307,6,112,6,1,1,2
CNP0289643.1,-8.9,1.5176963802539205,6.0606060606060606,5,847.4797756037972,10,200,6,3,6,3
CNP0289666.1,-6.6,4.395579712335587,3.733333333333333,0,290.18787324732847,2,56,0,3,1,5
CNP0289698.4,-7.7,2.0985846543585045,4.666666666666667,2,417.5543515715959,3,98,6,1,2,1
CNP0289847.2,-9.7,0.8398089026618081,5.294117647058823,6,3253.475341093645,6,360,6,9,0,12
CNP0289877.4,-8.9,1.4722237876230373,5.071428571428571,2,1472.193545199987,10,213,6,8,0,14
CNP0289915.1,-7.0,2.443309490281629,3.7777777777777777,0,288.21818880923297,3,68,6,1,0,3
CNP0289970.3,-8.4,2.1088713490550823,4.1875,0,818.0157830061036,5,134,6,3,0,9
CNP0289971.1,-8.5,1.850303841903017,4.676470588235294,0,1156.0682428211924,1,159,6,2,1,8
CNP0289975.1,-11.3,0.8652455143671665,4.5423728813559325,2,2067.6220591601423,5,268,6,6,1,14
CNP0289993.1,-7.6,1.9099679799952456,5.2727272727272725,3,717.5913705516534,2,116,6,2,1,6
CNP0290001.0,-6.3,3.2966816389418057,3.0,0,218.1578838997696,1,45,0,4,0,6
CNP0290060.1,-9.2,1.3348611607725958,4.173913043478261,2,2164.7205472916203,10,288,6,9,1,29
CNP0290079.1,-10.71,1.649796983332645,5.410256410256411,4,1117.551370358903,9,211,6,3,4,7
CNP0290117.1,-9.6,1.688817363149047,4.068181818181818,0,1342.3933342609016,4,179,16,2,0,10
CNP0290146.2,-9.4,0.8084295651224986,5.434210526315789,6,1994.167593509157,32,413,6,13,3,24
CNP0290339.1,-8.5,1.725507671781786,6.48,5,700.2000821968811,8,162,6,1,3,5
CNP0290431.1,-4.6,3.464226847231096,3.0,0,94.03910001730776,2,24,0,3,0,4
CNP0290433.1,-7.8,2.065331265567757,4.631578947368421,2,499.7095983927004,1,88,6,1,0,5
CNP0290453.2,-8.1,1.6127853172434132,5.428571428571429,4,610.2979382510542,3,114,6,1,0,4
CNP0290463.2,-7.5,1.9682786198029567,4.882352941176471,2,366.4184994962959,3,83,5,2,1,3
CNP0290524.1,-10.6,1.0206303276349256,5.414285714285715,6,2018.7559811632807,26,379,6,7,3,21
CNP0290570.1,-10.47,1.166992545934275,5.829268292682927,6,984.2797535175268,18,239,6,4,3,8
CNP0290577.1,-7.0,3.447504425548302,4.214285714285714,0,664.3578552752969,6,118,6,10,0,22
CNP0290704.1,-6.8,1.9061494387601376,4.823529411764706,3,340.8309825721512,3,82,6,0,1,2
CNP0290714.0,-10.4,1.0046246342028942,6.703125,13,2196.567407114149,20,429,6,4,11,16
CNP0290726.0,-8.7,1.4837252150393156,4.885714285714286,2,1234.9343328889568,5,171,6,4,0,11
CNP0290739.1,-12.3,0.8902438142503599,5.533333333333333,5,2076.0023040246506,28,415,6,13,6,22
CNP0290780.0,-5.727,2.950968175244212,2.789473684210526,0,356.622196773028,1,53,0,1,0,1
CNP0290834.2,-9.6,1.668402311366583,5.857142857142857,4,431.55435157159593,7,123,6,1,3,1
CNP0291047.1,-9.5,1.1978685778860845,4.2,0,858.4771790161549,2,126,6,2,1,5
CNP0291093.9,-9.1,1.4575749918256902,5.275862068965517,4,619.8033612747417,9,153,6,1,2,1
CNP0291100.16,-8.5,1.7196532946993088,5.173913043478261,3,440.1446881258972,8,119,6,4,2,7
CNP0291127.1,-8.4,1.927510196970386,5.78125,4,818.816851504034,10,185,7,4,5,8
CNP0291145.2,-8.2,2.3818154174954222,3.8461538461538463,0,625.5936409901776,5,100,6,4,0,6
CNP0291150.1,-8.8,1.4831429206651103,5.56,5,852.9432516592968,4,139,7,0,0,4
CNP0291157.2,-11.4,0.9380253990559544,5.408163265306122,12,1957.815429736284,4,265,20,1,2,6
CNP0291239.1,-8.9,1.252148946097321,4.903225806451613,3,947.963724338724,1,152,6,1,2,4
CNP0291241.4,-10.6,1.21434236023027,5.018518518518518,2,1799.3113799123637,15,271,6,13,0,21
CNP0291298.1,-10.49,1.2094877741456171,4.511111111111111,2,1340.3380864382516,6,203,5,1,4,5
CNP0291343.5,-8.6,1.564489015965561,5.057142857142857,4,823.989633251389,10,177,6,0,2,6
CNP0291425.1,-5.4,3.0388835535716727,2.875,0,136.69703109119354,2,46,0,2,0,2
CNP0291431.1,-9.7,1.461854594182135,5.0,2,1806.1902210142173,5,230,6,7,0,15
CNP0291475.0,-9.8,1.3784137428820964,6.230769230769231,6,1108.286964885658,12,243,6,4,7,7
CNP0291535.4,-9.5,1.45401683367859,5.033333333333333,3,790.6563223998248,6,151,6,2,1,7
CNP0291559.1,-10.4,1.6723628417355831,7.153846153846154,8,721.0899672426166,11,186,6,4,4,6
CNP0291622.1,-7.1,2.035197566863544,6.105263157894737,3,486.5372462613827,5,116,6,0,3,4
CNP0291659.2,-8.7,1.7485223670157064,6.315789473684211,4,412.9497548430128,7,120,6,2,3,4
CNP0291659.3,-8.6,1.7485223670157064,6.315789473684211,4,412.9497548430128,7,120,6,2,3,4
CNP0291693.0,-11.3,1.2047651905380696,5.195121951219512,4,915.647077259464,14,213,6,3,2,5
CNP0291696.1,-8.2,1.737493522819812,4.913043478260869,2,594.7376701979651,3,113,6,0,2,2
CNP0291732.2,-7.0,1.8405661792969576,4.5,2,297.0544549081521,2,72,6,0,0,3
CNP0291776.10,-11.3,1.5211759522405457,6.085714285714285,4,865.2983946183501,11,213,6,4,7,5
CNP0291801.2,-9.204,1.71094593351952,5.826086956521739,4,647.0669056296894,5,134,6,1,3,3
CNP0291897.3,-8.46,1.5375686067423224,5.285714285714286,2,655.433248389523,4,111,6,0,0,3
CNP0291987.2,-7.947,1.6823883295151645,4.257575757575758,3,1889.13490591905,8,281,27,8,0,21
CNP0292074.2,-9.8,1.2236171957178363,5.027777777777778,3,1275.294303226994,1,181,6,2,0,11
CNP0292189.2,-10.9,0.9022292434497102,5.173913043478261,4,2510.3139020521826,34,476,6,17,5,30
CNP0292271.1,-7.9,1.80158332019923,4.805555555555555,0,856.0350250613491,10,173,6,7,2,12
CNP0292296.1,-8.727,1.157773162272964,5.696428571428571,4,2325.9221731719613,10,319,6,4,4,14
CNP0292323.4,-10.1,1.2625185894783604,4.869565217391305,4,1286.7123632293826,9,224,6,5,3,13
CNP0292355.1,-10.68,1.338623586724766,5.178571428571429,4,956.4766409646752,4,145,6,1,2,4
CNP0292374.0,-7.6,1.7496933216729915,5.809523809523809,4,718.9905600208945,2,122,6,1,1,4
CNP0292394.1,-8.3,1.7850427209716428,4.46,2,1363.947310290191,9,223,6,6,2,14
CNP0292412.1,-8.7,1.6490167999025005,4.851851851851852,3,1121.1351011476168,1,131,6,1,0,7
CNP0292418.1,-8.6,1.842847855514781,5.388888888888889,3,476.1303860297527,5,97,6,0,1,3
CNP0292462.0,-9.677,1.4352321611790575,5.675675675675675,5,1035.7786628111996,10,210,6,1,4,5
CNP0292483.1,-8.3,1.8377129507141887,4.714285714285714,2,867.5859830868789,3,132,6,3,0,6
CNP0292588.2,-5.2,2.259902596224093,3.7,0,167.5670797313873,1,37,6,0,0,1
CNP0292599.5,-8.7,1.1386617009259845,5.12,2,1440.1598949918127,12,256,6,7,1,17
CNP0292607.1,-9.0,2.4183663307529626,3.8684210526315774,0,929.3616935979792,7,147,6,6,0,14
CNP0292607.2,-9.6,2.4183663307529626,3.8684210526315774,0,929.3616935979792,7,147,6,6,0,14
CNP0292635.2,-8.4,1.908964703528798,5.214285714285714,2,722.7056910203738,7,146,6,3,2,7
CNP0292641.2,-10.0,1.4809825394109295,4.978260869565218,2,1109.687022510867,16,229,6,6,3,12
CNP0292671.1,-10.0,1.401232805101992,5.514285714285714,3,961.4586617013885,11,193,6,5,3,10
CNP0292716.1,-10.3,1.3917988334536249,5.386363636363637,4,1154.7782418801366,12,237,6,5,4,8
CNP0292821.1,-7.9,1.847724489627911,4.513888888888889,0,2045.863940184533,13,325,6,10,2,23
CNP0292835.1,-7.2,1.563898170375475,4.348837209302325,0,1307.2581004279314,2,187,6,0,0,9
CNP0292872.2,-8.3,1.649936227562281,5.45,4,472.3424432999643,5,109,6,0,0,4
CNP0293014.3,-10.0,1.4847138290113415,5.2727272727272725,4,774.2829610062078,10,174,6,2,3,2
CNP0293065.0,-5.721,2.9277737834635404,2.7333333333333334,0,214.5758426329091,0,41,0,1,0,2
CNP0293098.1,-11.99,0.8748434885033605,5.433333333333334,4,1611.3401656710475,22,326,6,8,3,18
CNP0293144.3,-8.9,2.639224321811076,4.2898550724637685,0,2009.689587626275,9,296,30,4,1,19
CNP0293205.1,-8.9,1.712648077666746,4.88,3,1027.8782885193975,1,122,6,2,0,6
CNP0293276.1,-11.8,1.2054926235748995,4.418604651162791,2,1328.6178065163049,5,190,6,3,3,4
CNP0293303.5,-7.0,2.543922494157374,3.95,0,282.8376936198397,6,79,6,4,0,6
CNP0293324.1,-10.8,1.5197108111314068,5.966666666666667,4,781.5133084245413,9,179,6,5,4,7
CNP0293349.3,-9.6,1.5787142951644997,4.739130434782608,2,739.5794506009178,5,109,6,4,0,8
CNP0293387.2,-8.8,2.564548756263068,3.7058823529411766,0,1296.5769187641183,8,189,12,3,0,8
CNP0293420.1,-7.812,1.5719126771981602,4.05,0,568.4315987473699,1,81,6,1,0,5
CNP0293482.3,-8.7,1.896140354353375,4.395348837209302,4,1150.842455485304,7,189,14,3,0,10
CNP0293539.1,-8.4,1.6761445987109742,5.344827586206897,3,813.1369375162936,6,155,6,2,2,7
CNP0293631.3,-8.6,1.5097100675432564,4.2727272727272725,0,914.650952743622,5,141,6,6,0,9
CNP0293643.1,-8.8,1.9577117366893213,4.794871794871795,2,967.6357281806488,10,187,6,4,2,8
CNP0293656.1,-10.0,1.4112876878097074,5.2,3,1137.4799816546306,8,182,8,7,1,12
CNP0293672.4,-11.5,0.9127996143543438,5.583333333333333,6,1559.045947057373,25,335,6,8,3,16
CNP0293697.1,-8.538,1.627026139546307,4.666666666666667,3,795.1185756878575,3,126,6,2,1,10
CNP0293705.0,-4.9,4.063709717788591,3.25,0,88.2114326716684,0,39,0,1,1,4
CNP0293736.1,-9.3,1.1915854488791218,5.388888888888889,4,1427.2586020613517,16,291,6,7,4,12
CNP0293791.2,-8.6,1.793480367740521,6.62962962962963,6,732.1834768584046,9,179,6,3,4,6
CNP0294002.1,-9.5,1.7485358164307294,6.041666666666667,4,533.7318901772583,8,145,6,3,4,4
CNP0294031.1,-10.18,1.1162348469648675,4.897435897435898,4,984.27077022878,8,191,6,0,2,3
CNP0294031.4,-10.07,1.1162348469648675,4.897435897435898,4,984.27077022878,8,191,6,0,2,3
CNP0294148.1,-8.6,1.528664576362572,5.739130434782608,5,683.4374527983592,2,132,7,0,1,4
CNP0294152.2,-8.7,1.4307042308794546,4.627450980392157,0,1468.695259350627,10,236,6,9,0,17
CNP0294153.2,-10.3,1.3600233872854837,4.90625,2,990.6719820261496,6,157,6,5,0,10
CNP0294162.0,-7.5,1.946320713376092,4.470588235294118,0,481.959891424024,3,76,6,2,0,7
CNP0294205.1,-7.3,2.040013134254534,3.52,0,461.2093132361741,2,88,6,3,0,4
CNP0294260.1,-7.6,2.7496572675938813,3.947368421052632,0,810.3998204074722,6,150,5,1,0,9
CNP0294270.1,-8.4,2.0141499693417027,5.333333333333333,3,676.7066886840365,3,128,6,2,2,4
CNP0294350.1,-8.5,2.082037799012624,4.565217391304348,0,371.3543568455195,9,105,6,8,0,10
CNP0294442.1,-11.0,0.9060551296101852,5.645161290322581,6,1566.7340325388866,26,350,6,10,4,18
CNP0294463.1,-9.0,1.5376736501413082,5.233333333333333,3,989.0106756854452,1,157,6,1,2,6
CNP0294488.1,-8.9,0.8968618981998903,5.494117647058824,6,2357.21582022975,37,467,6,17,3,29
CNP0294497.2,-10.2,1.5110172607054528,5.9393939393939394,5,873.767491538075,10,196,6,2,5,3
CNP0294608.1,-9.5,1.443376554536694,4.739130434782608,4,754.8272066355074,2,109,14,1,0,5
CNP0294610.1,-8.5,1.880574142120068,5.32,3,567.6196406096565,6,133,6,0,4,3
CNP0294640.3,-5.9,2.297784768192766,3.6666666666666665,0,153.85263754543286,2,44,6,1,0,3
CNP0294645.5,-6.8,1.7947960560661045,3.5,0,434.36481101547326,1,84,5,1,0,3
CNP0294796.1,-8.7,1.5486582732390033,5.956521739130435,5,772.3242325834821,4,137,6,3,0,7
CNP0294809.14,-12.2,0.8834152846847793,5.390625,5,1579.0034904506397,28,345,6,12,3,19
CNP0294937.11,-9.3,1.623132939890071,5.761904761904762,4,470.1868120273064,7,121,6,2,2,2
CNP0295008.5,-8.4,1.9530685723307928,5.476190476190476,3,472.65567897931527,6,115,6,0,1,4
CNP0295182.3,-6.2,2.5513803012128986,4.083333333333333,0,215.8784690943957,2,49,6,1,0,2
CNP0295206.1,-10.5,0.9515914478819107,4.901639344262295,4,2410.044940409889,14,299,6,12,0,41
CNP0295208.1,-9.05,1.6758609470933177,5.277777777777778,4,1015.9832744228022,8,190,6,2,3,5
CNP0295349.1,-7.6,1.647458533569778,5.0285714285714285,4,822.1234348423995,10,176,9,2,2,7
CNP0295352.2,-11.7,0.9541847983967549,5.0,6,1550.1769644233636,8,240,6,0,2,5
CNP0295361.7,-10.0,1.4900257464299052,5.085714285714285,2,882.0482388780898,9,178,6,4,2,9
CNP0295369.3,-11.35,1.1648047230429903,6.0,6,1067.9141654045447,19,258,6,7,4,11
CNP0295498.1,-7.1,2.146892427142198,3.5789473684210527,0,285.11527403653605,2,68,6,2,0,4
CNP0295609.3,-9.6,1.347661880081816,4.9523809523809526,2,1250.8365871517385,11,208,6,9,0,15
CNP0295701.4,-9.0,1.0316192851167187,5.304347826086956,4,3204.5385774356014,8,366,6,10,0,13
CNP0295723.1,-10.0,1.009057041445004,5.5588235294117645,5,1848.32734317186,25,378,6,13,6,20
CNP0295750.3,-8.4,1.7827633809931247,4.529411764705882,3,1051.365273648246,2,154,7,2,0,6
CNP0295755.1,-7.5,2.178033637784297,4.652173913043479,2,773.1181053930634,1,107,6,2,1,6
CNP0295778.1,-10.0,1.539454777617382,6.096774193548387,5,822.2683141637837,9,189,6,0,6,1
CNP0295803.3,-8.7,1.7381025305971718,4.851851851851852,2,614.8353814919832,8,131,6,5,0,10
CNP0295818.1,-10.4,1.3889440041796626,4.36,3,1658.4134000281042,22,327,18,6,0,20
CNP0295854.1,-12.1,0.9133922762257186,6.166666666666667,10,1975.188437038133,16,370,6,3,6,12
CNP0295871.2,-9.3,1.3070956070332622,4.7631578947368425,2,1118.4429609107583,7,181,6,5,0,11
CNP0295877.3,-9.8,1.1481179944330882,5.714285714285714,5,1028.3587518824347,15,240,6,4,4,6
CNP0295921.1,-11.68,0.9582759286432228,5.538461538461538,5,1998.072134406816,20,360,6,10,5,17
CNP0295956.1,-10.0,1.5350413207139992,5.705882352941177,4,1040.8157242181085,8,194,6,3,4,7
CNP0296057.0,-5.1,1.8474671140063967,4.3,0,252.40207950269985,0,43,5,0,0,4
CNP0296097.1,-8.2,1.915734065943533,5.363636363636363,3,545.9104984355639,4,118,6,1,3,2
CNP0296105.1,-9.4,1.4696955714396112,5.190476190476191,5,1553.2948631138386,4,218,6,3,1,13
CNP0296204.2,-10.4,1.5547859269626505,5.379310344827586,4,619.9446122980305,10,156,6,2,2,4
CNP0296204.5,-9.8,1.5547859269626505,5.379310344827586,4,619.9446122980305,10,156,6,2,2,4
CNP0296329.1,-9.377,1.0972468880697372,6.2727272727272725,14,1965.4552138292213,12,345,15,2,3,8
CNP0296333.1,-8.9,2.043765159044016,4.390243902439025,0,990.06588793862,14,180,6,4,0,8
CNP0296338.5,-9.3,1.9067025566821072,4.431034482758621,0,1445.1977271365752,18,257,18,6,1,13
CNP0296343.2,-7.4,1.7054143232697192,4.823529411764706,2,554.7476788575207,1,82,6,0,0,1
CNP0296345.1,-6.758,2.146966886796668,3.625,0,316.3266529435302,1,58,6,0,0,1
CNP0296445.1,-10.31,1.7754649133948537,4.1,0,881.2060181014496,10,164,6,5,0,11
CNP0296570.1,-9.752,0.990325667833799,5.292307692307692,8,2831.5200343235338,6,344,11,6,1,14
CNP0296597.1,-9.7,1.4087311517553684,5.297297297297297,5,1191.808291336884,9,196,6,3,1,15
CNP0296597.4,-9.7,1.4087311517553684,5.297297297297297,5,1191.808291336884,9,196,6,3,1,15
CNP0296607.1,-8.1,1.82499068405666,4.771428571428571,2,773.274372904098,10,167,11,7,2,9
CNP0296654.2,-5.6,2.088778937417598,3.375,0,176.27376486136674,2,54,6,1,0,1
CNP0296690.0,-11.3,1.1934306926498164,5.0,2,1357.8686408418266,0,170,7,2,0,9
CNP0296701.0,-9.5,1.272217751880894,4.934210526315789,0,1758.7578636046433,34,375,6,22,0,35
CNP0296831.3,-6.3,1.1878678804561704,4.2615384615384615,3,3232.706044624696,38,554,40,10,0,34
CNP0296831.4,-6.9,1.1878678804561704,4.2615384615384615,3,3232.706044624696,38,554,40,10,0,34
CNP0296874.1,-8.6,1.699698666688735,5.057142857142857,2,1289.0752001965247,5,177,6,7,0,12
CNP0296879.2,-9.6,1.535440769505457,5.290322580645161,4,833.1956353376042,7,164,6,1,2,3
CNP0296970.0,-7.9,1.4475924505646305,5.152173913043479,4,2041.287105106108,0,237,6,0,0,10
CNP0297015.1,-9.2,1.5964489700356346,4.419354838709677,2,1090.2578164332674,2,137,6,2,0,6
CNP0297066.0,-7.5,2.148996633466137,3.72,0,654.7598170669822,0,93,6,0,0,3
CNP0297118.0,-8.373,1.7209149453799464,4.833333333333333,2,626.4619756806665,0,87,6,1,0,4
CNP0297129.1,-7.4,1.301021621797738,4.645833333333333,4,1062.1197544181637,10,223,6,2,3,4
CNP0297250.3,-9.6,1.2221539898929117,5.509433962264151,5,2103.209886848013,10,292,6,12,1,17
CNP0297272.1,-8.2,1.3358257705640513,4.637931034482759,4,1799.608809530398,9,269,12,7,2,8
CNP0297328.0,-8.4,1.5539019746297698,4.56,3,984.4502789274744,0,114,6,0,0,5
CNP0297443.1,-7.9,1.668448025872554,5.291666666666667,4,799.956349909764,1,127,6,0,0,4
CNP0297608.1,-12.1,0.9754123528682777,5.116279069767442,4,1333.86532987058,9,220,6,0,2,5
CNP0297608.2,-12.2,0.9754123528682777,5.116279069767442,4,1333.86532987058,9,220,6,0,2,5
CNP0297608.3,-11.9,0.9754123528682777,5.116279069767442,4,1333.86532987058,9,220,6,0,2,5
CNP0297669.2,-8.0,2.003835523607871,5.111111111111111,3,776.5791554966847,4,138,9,3,3,8
CNP0297669.4,-8.0,2.003835523607871,5.111111111111111,3,776.5791554966847,4,138,9,3,3,8
CNP0297680.3,-7.4,2.4791657565399867,4.0,0,346.33717744921626,4,72,5,6,0,11
CNP0297686.1,-8.7,1.6148014744166364,4.636363636363637,4,1249.0229943832867,6,204,13,2,0,11
CNP0297741.1,-6.884,2.6048673680797703,4.142857142857143,0,266.06689402563376,4,58,6,2,0,6
CNP0297791.4,-12.9,0.884202356318045,5.666666666666667,6,1307.4923494842112,21,289,6,7,3,12
CNP0297810.0,-9.667,1.216338497730193,5.783333333333333,8,2097.3058670399114,15,347,19,6,6,15
CNP0297865.1,-8.6,0.9534989055159708,5.072727272727272,13,4881.93121846404,18,558,16,21,0,38
CNP0297890.2,-9.8,0.9178455422431616,5.5479452054794525,5,2022.9044650257767,27,405,6,11,6,20
CNP0297925.0,-10.1,1.408840656494787,6.5,7,1140.946634757434,0,156,6,0,0,0
CNP0297935.1,-12.1,0.9905213382637216,5.019607843137255,2,1714.3641150246126,15,256,6,10,0,18
CNP0298129.1,-11.89,1.3312897042371754,6.09375,6,801.8684207224653,13,195,6,3,3,5
CNP0298134.1,-9.5,1.799670864097323,4.964285714285714,3,738.8919159320711,6,139,8,1,2,3
CNP0298223.1,-5.8,3.934891047934157,3.076923076923077,0,936.441094549828,2,160,0,2,0,9
CNP0298337.2,-10.1,1.26619629926483,5.17948717948718,4,1564.1942531912862,4,202,6,7,0,9
CNP0298555.0,-9.0,1.7595168660052438,4.65625,2,1087.3229281180193,5,149,6,3,0,11
CNP0298582.1,-8.9,1.8172976598810675,4.583333333333333,2,1330.0956136234254,8,220,6,5,3,14
CNP0298610.1,-8.0,1.9009320251664537,5.588235294117647,3,350.8309825721512,5,95,6,1,2,2
CNP0298717.2,-10.6,1.1046722469569092,5.475,8,3701.8910506801712,7,438,12,17,2,32
CNP0298721.1,-8.2,1.53337626572049,4.444444444444445,2,636.8370879871884,3,120,6,1,1,8
CNP0298721.2,-7.9,1.53337626572049,4.444444444444445,2,636.8370879871884,3,120,6,1,1,8
CNP0298819.1,-10.1,1.1361369557653287,5.159090909090909,10,1657.3033265342658,3,227,20,2,0,8
CNP0298832.1,-7.2,2.1487217129834,6.294117647058823,3,473.3134918072103,4,107,5,0,2,2
CNP0298922.1,-7.7,1.794989916918163,4.414634146341464,2,943.1443287219512,10,181,6,2,1,15
CNP0298922.2,-8.0,1.794989916918163,4.414634146341464,2,943.1443287219512,10,181,6,2,1,15
CNP0298988.1,-9.6,1.5297173961648498,5.433333333333334,4,698.2217476323756,8,163,6,1,3,3
CNP0299006.6,-10.3,1.5631588177461844,4.633333333333334,0,701.7444434024429,9,139,6,7,0,12
CNP0299016.1,-11.0,1.1612665267163893,5.487804878048781,4,1543.5625401786156,6,225,6,3,2,11
CNP0299030.2,-8.1,2.41634616274803,3.9583333333333335,0,557.0324769607838,5,95,6,4,0,6
CNP0299097.1,-9.5,1.4786237085609866,5.08,3,580.5762940154399,7,127,6,0,0,3
CNP0299102.1,-8.5,1.5531326044107625,5.321428571428571,3,979.807883911182,1,149,6,1,2,5
CNP0299105.3,-11.41,1.1520766236251532,5.037735849056604,2,1866.09149015588,15,267,6,11,0,20
CNP0299201.2,-9.7,1.4211483566115553,5.051282051282051,5,1058.7357476848138,10,197,16,2,2,7
CNP0299421.0,-6.1,2.492325403848543,4.083333333333333,0,199.10339998727648,0,49,6,1,1,4
CNP0299448.1,-9.3,2.140853667084992,4.535714285714286,0,513.8531664786295,10,127,6,7,0,12
CNP0299467.1,-12.8,0.975617639748548,5.3,4,1693.8919274880968,13,265,6,6,1,13
CNP0299526.2,-9.7,1.6461294989415014,5.434782608695652,4,865.9136014787168,2,125,6,2,0,4
CNP0299526.3,-9.8,1.6461294989415014,5.434782608695652,4,865.9136014787168,2,125,6,2,0,4
CNP0299528.2,-6.938,2.122534163257461,4.764705882352941,2,465.7802810208669,1,81,6,1,0,3
CNP0299575.2,-11.6,1.062202644422316,5.879310344827586,6,1562.6776568719845,21,341,6,8,7,15
CNP0299662.2,-9.1,2.17501191713721,4.588235294117647,0,995.5698327761922,4,156,6,2,1,7
CNP0299695.1,-6.9,1.9810734087643684,3.5,0,538.1464098991573,4,91,3,0,0,3
CNP0299849.1,-10.2,1.136419778773465,5.3538461538461535,4,1705.6944852124918,24,348,6,11,5,18
CNP0300011.1,-7.4,3.705965461774217,3.1666666666666665,0,686.9406894182516,4,152,0,5,0,6
CNP0300012.1,-7.7,1.9842954576621257,5.875,3,321.3966410658722,5,94,6,1,3,1
CNP0300018.4,-6.3,3.201189186216701,4.454545454545454,0,530.6542552048148,2,98,6,3,1,6
CNP0300057.2,-9.807,1.5512990458714508,5.171428571428572,4,852.5396752580422,10,181,6,1,2,5
CNP0300089.1,-10.5,1.4274103143476784,6.0,6,1289.959199200397,2,174,6,2,1,7
CNP0300147.1,-9.1,1.3407978260760465,4.9,3,1051.7008016978848,2,147,7,2,0,5
CNP0300254.5,-7.3,1.9562530903814963,5.368421052631579,3,455.0619273347161,7,102,7,2,0,4
CNP0300283.1,-9.4,1.8082638462611829,4.913043478260869,3,593.8910123704023,6,113,10,1,1,6
CNP0300317.1,-8.9,1.57517822110152,5.777777777777778,5,905.9781662783496,3,156,6,0,1,7
CNP0300373.0,-10.3,1.1103864818102946,4.709677419354839,4,1207.2932607228863,0,146,6,0,0,7
CNP0300399.1,-9.4,1.2469411067444351,4.5,4,957.5977157748002,2,144,6,1,0,7
CNP0300503.2,-10.1,1.2114910996722212,5.054054054054054,2,1092.1877427919123,9,187,6,5,0,11
CNP0300544.2,-8.5,1.2789790508960932,4.639175257731959,0,3183.601607858581,24,450,6,13,1,35
CNP0300564.0,-5.9,3.1347936758824115,2.925925925925926,0,658.764811043942,0,158,0,0,0,2
CNP0300621.1,-6.3,2.10216801964562,4.6,2,284.41343573651113,4,69,6,0,0,0
CNP0300622.1,-8.4,1.6252829497359438,3.3035714285714284,0,878.1412950108779,2,185,5,1,1,3
CNP0300653.1,-10.7,1.1804023815581723,5.037735849056604,2,1783.000000036021,15,267,6,12,0,20
CNP0300720.2,-9.574,1.0556401255854069,5.234375,7,1819.335221463753,14,335,13,2,5,11
CNP0300741.7,-7.6,1.7021693660658517,5.470588235294118,2,421.10215040482734,5,93,6,2,2,5
CNP0300759.1,-10.8,1.2771634164206955,5.133333333333334,2,1865.1789880955496,2,231,6,0,0,12
CNP0300762.0,-9.7,1.555733581206801,5.533333333333333,5,1162.1650591938137,1,166,6,1,1,5
CNP0300777.3,-9.1,1.718493789763247,6.56,6,710.8750738452063,8,164,6,2,3,5
CNP0300781.2,-7.5,1.932862531862468,3.5185185185185186,0,638.7601741709025,3,95,5,0,0,4
CNP0301032.0,-9.568,1.5928950982990435,5.454545454545454,4,1102.6657440665947,0,120,6,2,0,6
CNP0301042.0,-10.7,1.4585936632668564,5.925925925925926,5,574.5873848810924,9,160,6,0,3,0
CNP0301082.3,-11.8,1.060380705855017,5.17948717948718,4,1061.297371512897,6,202,6,3,3,8
CNP0301162.3,-8.6,2.2341312903493726,5.233333333333333,3,745.4195647462074,9,157,10,4,3,8
CNP0301261.2,-8.9,1.8604125532807567,5.115384615384615,2,737.2412074226377,3,133,6,1,2,4
CNP0301309.2,-11.4,0.9954610605115674,5.491525423728813,5,1557.1050922990828,21,324,6,9,5,15
CNP0301390.0,-6.9,1.670422273624168,3.238095238095238,0,772.3579438486763,0,136,6,2,0,4
CNP0301394.2,-8.259,1.918044708194239,4.916666666666667,3,649.995008251571,3,118,7,0,1,3
CNP0301406.1,-8.1,1.6445067050780295,4.172413793103448,2,792.0886598882968,2,121,6,0,1,5
CNP0301516.1,-9.5,1.43835905541371,4.918367346938775,5,1334.5420528320883,13,241,16,2,2,10
CNP0301554.1,-7.2,1.7184440259334546,3.35,0,527.910277685229,6,134,6,3,0,5
CNP0301555.1,-9.5,1.3576835663591165,6.777777777777778,7,1009.0520198483134,6,183,6,2,3,7
CNP0301607.1,-9.5,0.9691969660553168,5.5,5,2073.7489638798816,27,418,6,14,6,23
CNP0301676.2,-8.0,1.7798679977343357,6.15,4,593.0712931758563,5,123,7,0,3,5
CNP0301705.1,-9.1,2.6669332063856745,4.375,2,1224.7346638444592,7,210,19,1,0,12
CNP0301780.1,-10.3,0.9935263623385812,5.448717948717949,8,2775.7571285489903,21,425,13,10,4,15
CNP0301788.1,-6.7,3.643166524592055,3.176470588235294,0,273.1352211271444,3,54,0,4,0,6
CNP0301864.0,-7.3,2.334782050697762,5.105263157894737,3,1123.2624311082122,6,194,6,1,4,12
CNP0301945.1,-8.3,1.8464699391406088,5.15,3,662.7064797843226,2,103,6,2,1,5
CNP0302033.0,-5.8,2.93222634513735,2.761904761904762,0,435.6574870143256,0,58,0,0,0,2
CNP0302092.0,-5.7,2.320588019062653,3.727272727272727,0,274.87402422213546,0,41,6,0,0,2
CNP0302186.1,-7.8,2.314782087716653,4.212121212121212,2,825.7550652158623,5,139,15,4,0,7
CNP0302209.1,-8.5,1.7981446124915887,5.375,5,1445.615285063884,14,258,7,1,3,12
CNP0302227.1,-7.3,2.919272553415375,4.470588235294118,0,302.72714075399284,6,76,6,4,1,6
CNP0302229.1,-7.6,2.046671608620757,4.555555555555555,2,619.8678878027572,4,123,6,0,2,4
CNP0302245.0,-10.0,0.9611597123852416,5.557142857142857,5,1934.7573990328565,25,389,6,10,6,19
CNP0302263.9,-11.0,1.236011496907813,4.954545454545454,2,1507.3747168177465,10,218,6,7,0,15
CNP0302407.1,-11.5,1.3420839857779148,4.9393939393939394,2,1282.2106252491417,5,163,6,7,0,12
CNP0302425.1,-10.22,0.6793822209622857,5.168421052631579,4,2947.957666648668,29,491,6,4,5,24
CNP0302477.5,-9.8,1.5699781885855095,5.366666666666666,4,691.0264680842487,10,161,6,2,2,5
CNP0302493.1,-9.1,1.8486767466460583,4.451219512195122,0,2393.073918511032,20,365,6,8,0,27
CNP0302519.5,-9.8,1.434080963040736,6.0344827586206895,6,1175.262353607607,2,175,6,0,1,5
CNP0302530.1,-9.8,2.0324196474409355,4.333333333333333,0,968.9816748060508,5,143,6,6,1,12
CNP0302532.1,-10.0,1.1881013705440449,4.456140350877193,2,1995.0456985501644,7,254,6,9,1,29
CNP0302547.0,-5.0,3.0407564336667656,2.875,0,179.19544121138722,0,46,0,0,0,4
CNP0302556.1,-7.1,2.6322778649387937,3.565217391304348,0,1582.8559244608134,8,246,6,8,0,22
CNP0302559.1,-6.5,2.532863544335996,4.083333333333333,0,261.0121446950061,1,49,6,1,0,2
CNP0302599.1,-9.1,1.1066243487858969,6.0,8,1962.8634388715368,15,378,9,3,9,6
CNP0302610.1,-9.5,1.3541389513884756,5.444444444444445,7,1065.1842939556304,8,196,11,2,3,3
CNP0302627.5,-8.1,1.507598254397004,5.414634146341464,6,1693.691473123983,3,222,6,3,0,9
CNP0302663.3,-9.9,1.537415581654825,5.0588235294117645,3,963.9631910752042,9,172,7,4,0,11
CNP0302706.1,-8.5,1.720373184861962,4.904761904761905,2,705.3524296815096,2,103,6,3,0,5
CNP0302725.1,-8.2,1.959390590223839,5.260869565217392,3,581.632666564821,6,121,7,1,1,6
CNP0302798.4,-8.8,1.98186592852498,4.714285714285714,0,547.5223901184353,10,132,6,7,2,9
CNP0302843.2,-9.4,1.2616801969080813,5.638888888888889,4,1090.3952774691663,8,203,6,3,4,7
CNP0302963.0,-6.946,1.8402463081045644,5.0,3,868.3503516710118,0,115,6,0,0,6
CNP0303024.1,-7.5,2.2061888412873185,4.7368421052631575,2,374.34186392514687,6,90,6,3,1,4
CNP0303038.1,-7.8,1.8598767166382648,5.12,3,554.2897670954746,6,128,7,4,3,5
CNP0303043.1,-8.4,1.155853342467714,4.75,4,1418.9059362475991,6,228,12,4,2,5
CNP0303149.2,-9.6,1.4282089806988278,4.974358974358975,4,1112.0374504727076,6,194,6,2,3,10
CNP0303225.1,-11.4,0.8591561705349998,5.506849315068493,6,1909.3425058308253,31,402,6,12,3,23
CNP0303240.1,-8.3,1.7945341553994054,5.807692307692308,4,797.7093492171526,5,151,8,1,4,7
CNP0303294.1,-10.6,1.618073954990066,4.666666666666667,0,1020.7900728819918,5,154,6,9,0,12
CNP0303376.1,-5.8,2.5826185958596364,4.166666666666667,0,141.36806555425065,4,50,5,3,0,5
CNP0303436.4,-10.8,1.4751502011406208,5.0606060606060606,2,1249.3011501398355,5,167,6,7,0,11
CNP0303439.1,-8.1,1.669181355990435,5.2,4,855.752786433791,2,130,7,2,0,9
CNP0303444.1,-8.7,1.6671188960269967,5.333333333333333,4,906.31647440924,7,176,6,1,3,7
CNP0303448.0,-9.6,1.4108765471299185,5.916666666666667,6,1388.6592859546315,0,142,6,0,0,0
CNP0303460.1,-9.8,1.425600297377432,5.612903225806452,5,1329.9095661549295,3,174,6,2,1,9
CNP0303460.2,-10.5,1.425600297377432,5.612903225806452,5,1329.9095661549295,3,174,6,2,1,9
CNP0303534.0,-7.4,3.132410023849728,2.9655172413793105,0,510.9163961720294,0,86,0,2,0,4
CNP0303607.3,-10.2,1.554932096682215,5.392857142857143,4,644.5164062880178,9,151,6,2,2,4
CNP0303617.1,-8.7,1.7209712121422185,5.481481481481482,4,796.1519399615789,7,148,12,2,2,7
CNP0303640.1,-8.402,1.828889983515693,5.227272727272728,3,653.9604484491088,4,115,6,1,1,5
CNP0303717.2,-8.7,1.5940313679938285,5.107142857142857,2,1102.809396818713,1,143,6,3,0,7
CNP0303796.1,-10.0,1.3528644226909488,5.743589743589744,3,1494.138737735247,6,224,6,2,4,5
CNP0304077.2,-9.1,1.7915465369420758,4.564102564102564,2,1318.0832198021726,2,178,6,5,0,8
CNP0304142.3,-10.46,1.358298551900706,4.771428571428571,6,1053.3628017979356,5,167,17,1,0,6
CNP0304186.3,-8.3,1.9784369539826727,5.173913043478261,3,533.0048756586318,5,119,7,1,2,3
CNP0304215.3,-9.5,1.0345531722893029,5.5064935064935066,5,2176.921875750519,28,424,6,14,6,24
CNP0304241.1,-9.525,1.072786320774319,4.828125,6,2505.09547462829,5,309,16,1,1,9
CNP0304253.1,-9.3,1.5751655021949085,4.942857142857143,2,1346.5616546572974,5,173,6,7,0,12
CNP0304336.0,-6.3,3.3858980638421228,3.0,0,232.3037625237982,2,60,0,3,0,5
CNP0304492.0,-8.0,1.692998326498699,4.2,0,1307.237257935857,0,168,6,2,0,8
CNP0304500.1,-8.1,1.8636236942210864,5.5625,4,962.5138772647224,6,178,8,2,4,9
CNP0304508.1,-8.1,2.427634605905854,4.307692307692308,2,1059.4436516560672,8,168,18,7,0,14
CNP0304558.2,-7.6,1.6070810761813257,4.461538461538462,0,698.3638230404057,1,116,6,1,2,3
CNP0304580.1,-9.4,1.6031994060246089,4.970588235294118,2,1266.9551931259623,5,169,6,7,0,12
CNP0304581.0,-7.4,2.088311076523245,4.444444444444445,2,668.8713184726228,0,80,6,1,0,5
CNP0304587.2,-10.3,1.018857387997944,5.507692307692308,4,1700.9833247380848,25,358,6,11,5,18
CNP0304599.1,-8.8,1.931860251244844,5.173913043478261,3,632.7470504180861,3,119,6,2,1,4
CNP0304631.1,-7.4,1.7937703476035047,4.195652173913044,0,1293.0546612104397,6,193,6,5,0,11
CNP0304725.2,-11.4,0.805505139141896,5.22093023255814,5,2363.195582857584,34,449,6,14,2,27
CNP0304753.1,-8.441,1.6361800836613631,5.434782608695652,4,861.3403573153273,2,125,6,1,0,5
CNP0304771.2,-9.6,1.3583160328909536,5.3,3,718.3275441224729,7,159,6,3,4,5
CNP0304777.0,-7.2,1.7896987610138824,4.869565217391305,3,891.4399399656737,0,112,6,2,0,5
CNP0304913.3,-8.8,1.440072767856167,5.307692307692308,4,585.9364344405767,5,138,6,0,0,4
CNP0304920.2,-10.1,1.2623810588786106,5.233333333333333,5,1471.7250382226457,1,157,6,1,0,6
CNP0304943.1,-9.478,1.304867500659061,5.703703703703703,4,660.5670479505113,7,154,6,0,2,6
CNP0305107.0,-8.9,2.2562822799663937,3.875,0,886.3931602954717,2,124,6,2,0,4
CNP0305154.1,-9.3,1.9214972449649423,4.727272727272728,3,951.4397864921544,5,156,15,2,2,6
CNP0305158.0,-8.793,1.665074180669368,4.727272727272728,2,744.0199555520638,2,104,6,2,0,6
CNP0305161.1,-8.0,1.862953058318645,6.08,4,643.9977708598967,8,152,6,3,3,5
CNP0305168.1,-7.5,2.186106073509474,4.392857142857143,0,761.3147567418223,3,123,6,1,1,4
CNP0305278.0,-8.9,1.6701140508681058,5.476190476190476,4,766.8708044690087,1,115,6,1,0,4
CNP0305281.1,-8.7,1.5411043996727898,6.0,5,872.9219338162858,8,180,6,2,4,6
CNP0305400.1,-8.9,1.8551780110118008,5.074074074074074,2,871.0084666854073,3,137,6,7,0,10
CNP0305403.3,-11.1,0.7770296395478731,5.493827160493828,5,2254.3839834958067,30,445,6,13,6,24
CNP0305438.1,-9.7,1.2136315900449377,4.74,4,1714.7550351638445,6,237,6,0,0,16
CNP0305486.0,-8.3,1.711971554962732,4.130434782608695,0,1494.4229833500906,0,190,6,1,0,9
CNP0305519.2,-8.3,2.2973343435163818,4.918918918918919,3,960.1695760950172,10,182,10,3,2,11
CNP0305520.4,-8.0,2.077352304143331,4.818181818181818,3,908.8526149764176,7,159,10,1,2,11
CNP0305578.2,-7.8,2.077428560799316,4.444444444444445,2,347.6478767946935,5,80,10,1,0,3
CNP0305645.1,-8.272,1.2619295424905783,5.426229508196721,5,1742.4730726059067,17,331,6,8,6,12
CNP0305679.12,-8.8,2.075039896816293,4.652173913043479,0,380.0184383617949,10,107,6,8,0,11
CNP0305751.1,-12.95,1.0701984833032567,5.339622641509434,5,2051.142360130968,7,283,11,9,2,18
CNP0305852.2,-9.6,1.212841632838731,4.87912087912088,7,3460.169794395932,12,444,16,7,0,30
CNP0305868.8,-11.2,1.2585709960989633,6.033333333333333,6,736.3902102956507,11,181,6,1,3,3
CNP0305914.2,-9.6,1.4133433815712717,5.264705882352941,4,1180.5780178255193,4,179,6,3,1,8
CNP0305923.0,-5.8,2.694050799426066,4.454545454545454,0,132.93433232624653,3,49,5,3,1,5
CNP0305995.0,-5.4,2.412465812027044,3.8181818181818175,0,220.3781349760138,0,42,6,0,0,1
CNP0306014.1,-9.0,1.570247806189376,4.592592592592593,0,901.443506947793,1,124,6,3,0,7
CNP0306026.0,-9.9,1.3748528195282166,5.032258064516129,3,1260.633630459124,1,156,7,1,0,5
CNP0306061.1,-8.7,1.7237601368126567,5.171428571428572,4,1356.5053747986312,1,181,6,3,2,7
CNP0306145.2,-8.3,1.6906713644468785,5.27027027027027,4,1095.209110014373,8,195,7,2,3,7
CNP0306215.1,-11.0,1.1654142998120425,6.026315789473684,6,1103.6069307825858,12,229,7,2,4,9
CNP0306617.0,-5.1,2.011567439049135,4.7,2,359.58718865792105,0,47,5,0,0,4
CNP0306674.1,-8.6,1.822541666387416,5.125,3,537.7569381887918,6,123,7,3,3,4
CNP0306707.1,-7.353,2.50848447367445,3.5384615384615383,0,1493.8524146193704,8,230,6,7,0,18
CNP0306799.0,-7.639,1.9478020073615223,5.115384615384615,3,1091.3240030434197,0,133,6,2,1,6
CNP0306807.1,-10.5,1.3398395829716585,5.588235294117647,5,1430.1350146061511,15,285,6,5,6,12
CNP0306820.1,-8.5,1.8878251724304376,5.318181818181818,3,484.0989161523557,6,117,6,1,3,2
CNP0306894.5,-8.7,1.8987429161485083,4.642857142857143,0,894.5987784459847,3,130,6,2,1,5
CNP0306894.6,-8.8,1.8987429161485083,4.642857142857143,0,894.5987784459847,3,130,6,2,1,5
CNP0306898.2,-10.8,1.3319270317521317,5.6875,5,1334.050284350648,16,273,6,5,6,10
CNP0306949.1,-6.7,2.269567209785936,4.65,2,531.7686768314231,1,93,6,0,1,4
CNP0306950.16,-9.5,1.1749324245971016,5.488372093023256,7,1593.8545891373126,5,236,6,0,1,6
CNP0306957.1,-10.73,1.2259119960741185,5.162162162162162,4,1046.2813062885505,8,191,6,0,2,2
CNP0307134.1,-11.15,0.917545625353616,5.742424242424242,6,1796.0677025390596,26,379,6,10,6,18
CNP0307165.1,-10.9,1.3245355068366358,4.923076923076923,3,1601.2424763733077,1,192,6,5,0,8
CNP0307226.2,-10.0,1.4912455857899969,5.0,2,1266.560404691783,4,165,6,7,0,12
CNP0307226.4,-9.9,1.4912455857899969,5.0,2,1266.560404691783,4,165,6,7,0,12
CNP0307228.4,-6.9,2.151856249169758,4.611111111111111,2,336.6304154673283,5,83,10,2,1,3
CNP0307229.1,-8.0,1.5209840878926275,4.55,2,450.0496060326553,3,91,6,2,0,4
CNP0307277.0,-8.3,1.610919767387906,4.172413793103448,0,719.105386602304,2,121,6,2,2,4
CNP0307292.1,-9.4,1.4994337491482488,4.433333333333334,2,1119.73665138355,1,133,6,2,0,7
CNP0307330.1,-8.667,1.3853708898917991,5.454545454545454,4,857.683179452425,9,180,6,0,3,4
CNP0307350.1,-7.6,2.712031347727064,3.625,0,686.8947178928078,3,116,6,1,0,6
CNP0307458.1,-8.6,1.2213148278897568,4.574468085106383,4,1047.7619614934497,11,215,6,6,2,10
CNP0307486.0,-8.6,1.659003639127756,5.033333333333333,3,1119.978996632292,2,151,6,1,0,7
CNP0307528.3,-10.2,1.4235060461784903,5.393939393939394,4,1199.8379606710637,4,178,6,3,1,10
CNP0307575.1,-8.8,2.6411393812434043,3.775862068965517,0,1472.5293855534,8,219,6,10,0,17
CNP0307576.1,-6.6,3.2463552703069576,2.966666666666667,0,392.4948342531295,1,89,0,1,0,4
CNP0307770.0,-10.54,1.074703032545684,4.777777777777778,4,1468.158409735506,0,172,6,0,0,7
CNP0307952.3,-8.6,1.7285068339527674,6.5,5,788.7571411555359,9,169,6,3,3,7
CNP0308024.3,-9.563,1.450168469557656,5.050847457627119,5,1930.241889471583,10,298,18,8,3,22
CNP0308064.1,-7.8,1.9512220500196105,5.315789473684211,3,455.0619273347161,5,101,7,0,1,4
CNP0308182.2,-10.5,1.3273493073109506,5.4,3,795.9832708059139,16,189,6,8,1,14
CNP0308409.1,-7.9,1.484057553942946,4.310344827586207,0,736.4500666655786,3,125,6,1,0,4
CNP0308435.1,-9.6,1.757884523845999,5.72,3,759.0592819017182,4,143,6,1,3,5
CNP0308522.1,-8.239,1.7579066068470757,5.072727272727272,4,1786.5496310491503,11,279,8,1,4,15
CNP0308784.2,-11.9,0.9320799477038736,6.386363636363637,10,1617.4311518950683,11,281,6,4,2,6
CNP0308824.1,-11.4,1.2434603646199132,6.0,5,1064.8324752791127,9,222,6,0,5,3
CNP0308863.2,-9.3,1.6137884366472293,4.914285714285715,2,1346.5616546572974,5,172,6,6,0,12
CNP0308977.1,-11.0,1.0724082781146982,6.304347826086956,8,1277.019834560707,19,290,6,5,6,10
CNP0308978.16,-7.8,1.887129032315136,4.892857142857143,2,962.011130707084,5,137,6,5,0,9
CNP0308978.9,-8.4,1.887129032315136,4.892857142857143,2,962.011130707084,5,137,6,5,0,9
CNP0309011.3,-10.35,1.3900147673225018,6.108108108108108,6,1211.0107831777143,8,226,6,0,6,5
CNP0309030.2,-9.2,1.9320967067822747,5.0285714285714285,3,982.705905462364,7,176,6,3,3,5
CNP0309127.1,-11.9,1.185467859988733,5.177777777777778,5,1923.1742814332,5,233,11,8,0,16
CNP0309134.1,-9.3,1.6070734420090065,6.914285714285715,6,1110.4208671267977,12,242,6,7,7,10
CNP0309146.2,-7.605,1.922357275921516,5.217391304347826,3,720.0389316296886,2,120,6,0,1,6
CNP0309223.1,-9.2,1.6176364077709928,5.384615384615385,4,903.49114119904,2,140,6,4,1,7
CNP0309229.3,-8.594,1.567351691972641,5.11864406779661,4,2063.091266807385,11,302,8,1,4,15
CNP0309297.1,-8.5,1.3338346098096554,4.225,0,1303.6420925248235,2,169,6,3,0,10
CNP0309339.2,-9.6,0.9911103777682984,5.152941176470589,4,2406.496770958808,34,438,6,13,2,28
CNP0309441.0,-8.2,1.7483737392021774,5.0,3,740.8320842811962,0,80,6,1,0,3
CNP0309470.5,-7.4,1.911662894219384,5.625,3,388.2391320875847,4,90,7,0,1,1
CNP0309495.5,-10.4,1.003908024004839,5.642857142857143,9,4107.786320233259,11,474,6,19,1,24
CNP0309527.4,-10.3,1.3811228850565025,4.857142857142857,2,1072.9863207677265,10,170,6,6,0,13
CNP0309545.1,-10.7,1.3733743128189826,4.90625,2,1216.883266665613,5,157,6,6,0,11
CNP0309623.1,-11.4,1.188340628592672,5.076923076923077,3,1230.043670638364,11,198,6,6,1,13
CNP0309648.0,-9.2,1.4212799296550869,5.537037037037037,5,1349.8724487239551,17,299,6,5,5,9
CNP0309667.4,-7.6,1.9686829091842657,5.368421052631579,3,504.2749637785456,6,102,7,2,0,4
CNP0309761.1,-9.7,1.236594721382132,5.758620689655173,6,1034.12181171202,0,167,6,1,2,4
CNP0309886.0,-10.4,1.2665436841383104,5.230769230769231,5,1071.7199825672467,0,136,6,0,0,6
CNP0309904.2,-8.4,1.829913430460643,5.266666666666667,3,1169.3052956784743,1,158,6,2,1,8
CNP0309990.1,-8.8,1.8413920759037103,5.03030303030303,3,822.398346978456,7,166,6,1,3,3
CNP0310051.1,-9.0,1.4645745880193592,4.423076923076923,2,899.7748939669908,1,115,6,2,0,5
CNP0310078.1,-8.8,1.4717709595793913,5.375,4,635.5501066072732,5,129,14,0,3,4
CNP0310249.1,-12.3,1.1304324837910462,6.097560975609756,5,1155.30550230396,13,250,6,2,6,6
CNP0310375.1,-10.86,1.0530810864704094,5.243902439024391,5,1235.22720292779,9,215,6,1,2,5
CNP0310383.2,-11.1,1.3563254085598206,5.387096774193548,5,1257.3524351050346,1,167,6,3,1,6
CNP0310411.1,-10.7,0.7391171612309435,5.354330708661418,5,3761.8210449154353,52,680,6,24,6,45
CNP0310411.2,-10.0,0.7391171612309435,5.354330708661418,5,3761.8210449154353,52,680,6,24,6,45
CNP0310463.0,-10.6,0.8434637888459493,5.555555555555555,6,2212.356455688955,22,400,6,12,2,24
CNP0310573.2,-7.5,1.9675833251549963,5.45,3,429.9510536853171,5,109,6,1,3,3
CNP0310723.4,-11.4,1.0325255124518045,5.53968253968254,4,1724.0978272659625,23,349,6,8,5,17
CNP0310862.1,-9.8,1.294462960662676,4.681818181818182,0,1627.3070704817578,4,206,6,6,0,9
CNP0310936.1,-6.667,1.7972590985195156,4.333333333333333,2,384.4536635897696,1,65,6,0,0,3
CNP0310963.2,-10.1,1.5009466402189136,5.970588235294118,5,904.3531490748376,9,203,6,1,6,3
CNP0311040.2,-9.9,1.6546549291305916,5.392857142857143,4,970.3620413156945,3,151,6,3,1,9
CNP0311045.2,-9.5,1.5298112705618674,5.051282051282051,2,1299.9144533238125,5,197,6,2,0,4
CNP0311114.1,-10.32,1.3653234222732962,5.935483870967742,5,762.3733677537381,10,184,6,1,4,1
CNP0311325.0,-9.6,1.206522928562754,5.0,5,1120.1866707808958,0,145,6,0,0,6
CNP0311387.1,-10.5,1.0443692539708185,5.325,4,1619.189871876064,3,213,6,2,0,8
CNP0311404.1,-4.9,3.575833843244591,3.111111111111111,0,132.52932501298082,1,28,0,3,0,5
CNP0311428.1,-10.4,1.4781625668773957,4.866666666666666,0,912.1197144088386,20,219,6,14,0,21
CNP0311550.1,-8.527,1.3691101145663482,5.527777777777778,4,941.8823210637364,9,199,6,1,5,1
CNP0311601.1,-9.643,1.4207516450369382,6.454545454545454,8,1375.7453363163297,5,213,7,3,3,10
CNP0311660.1,-8.088,2.7222822334499126,3.75,0,405.75424759098905,2,75,12,0,0,0
CNP0311662.1,-8.333,2.27693770223845,4.461538461538462,2,699.0899672426166,5,116,10,2,0,6
CNP0311696.1,-6.8,1.2304936605165055,4.962962962962963,4,576.8729426951379,8,134,6,0,0,2
CNP0311696.2,-8.2,1.2304936605165055,4.962962962962963,4,576.8729426951379,8,134,6,0,0,2
CNP0311708.1,-9.8,1.5789278153103887,6.142857142857143,5,910.422932846864,11,215,6,5,6,5
CNP0311712.0,-8.5,1.446941444440196,4.476190476190476,2,865.038261271016,0,94,6,0,0,4
CNP0311880.1,-10.2,1.5357292568540637,5.861111111111111,5,1200.309798885589,6,211,6,3,5,6
CNP0311920.2,-8.2,1.709905170830619,6.583333333333333,5,699.8707166121399,7,158,6,2,4,5
CNP0311920.3,-8.4,1.709905170830619,6.583333333333333,5,699.8707166121399,7,158,6,2,4,5
CNP0311948.1,-7.9,1.6982316507564386,5.888888888888889,4,678.3560579995735,6,159,6,1,5,4
CNP0311969.3,-10.7,1.3971514585937963,4.844444444444444,0,972.1861102115868,19,218,6,15,0,19
CNP0311987.0,-8.3,1.851684497829217,5.038461538461538,2,1079.9085277103952,0,131,6,3,0,7
CNP0311995.2,-10.4,1.6024519050945325,5.5,4,838.8352359997407,11,187,6,6,4,7
CNP0312077.1,-9.288,1.6553460251859669,5.076923076923077,4,993.0437922037016,11,198,6,1,2,7
CNP0312106.1,-9.8,1.2122986749425564,4.928571428571429,2,1892.006120693865,14,276,6,9,0,18
CNP0312141.1,-9.3,1.4104990122652192,4.607142857142857,4,1667.9219624869793,6,258,10,9,2,17
CNP0312183.2,-7.6,2.1731273360907046,4.891891891891892,3,1026.670212164986,8,181,6,1,2,9
CNP0312194.1,-7.2,1.73447951080122,4.142857142857143,0,331.4837783761905,3,87,5,2,0,5
CNP0312260.1,-7.0,2.777394317051272,4.266666666666667,0,321.4276544759515,1,64,6,1,1,2
CNP0312260.2,-6.9,2.777394317051272,4.266666666666667,0,321.4276544759515,1,64,6,1,1,2
CNP0312287.0,-8.0,1.818440324108696,5.043478260869565,3,971.962782820496,0,116,6,2,0,7
CNP0312298.1,-9.3,1.7280283194300063,5.184210526315789,2,1189.9645243951643,7,197,6,3,3,10
CNP0312298.3,-8.9,1.7280283194300063,5.184210526315789,2,1189.9645243951643,7,197,6,3,3,10
CNP0312383.1,-8.1,2.7350404978518053,3.628571428571429,0,668.1275837174202,3,127,13,5,0,9
CNP0312424.2,-8.9,1.5741401052297674,5.130434782608695,3,415.2329315566205,9,118,6,5,1,7
CNP0312434.1,-9.2,1.6269241210084049,4.066666666666666,0,797.4903229062294,5,122,6,5,0,10
CNP0312457.2,-9.4,1.6172118561579714,4.454545454545454,3,1429.1434536117006,6,196,14,5,0,10
CNP0312498.0,-6.9,2.9672072476619378,2.8076923076923075,0,490.34003261160575,0,73,0,1,0,2
CNP0312502.2,-8.2,1.7065436483089842,5.473684210526316,4,785.3844410065104,1,104,7,1,0,3
CNP0312505.1,-10.2,1.3214147378261738,5.175,4,1286.7314785161225,10,207,6,5,2,10
CNP0312535.1,-8.1,1.0471649281000848,5.301369863013699,7,3047.57544420192,9,387,6,3,0,18
CNP0312577.1,-5.9,2.981381133365294,2.764705882352941,0,311.8296987549629,1,47,0,3,0,3
CNP0312578.1,-9.6,0.840922669766792,5.473118279569892,5,2619.001492001816,37,509,6,17,6,30
CNP0312614.1,-7.5,1.7242861078205152,5.387096774193548,4,869.1535921199472,7,167,6,0,2,7
CNP0312711.1,-7.4,1.6204356773106985,4.590909090909091,0,637.7505237358179,4,101,6,3,0,7
CNP0312769.1,-7.7,2.271920822771872,4.857142857142857,2,436.56128695145424,5,102,6,2,2,4
CNP0312803.0,-10.06,1.3746377971520565,5.357142857142857,4,1256.9184304080372,8,225,7,2,3,7
CNP0312893.6,-9.3,1.5889176612167315,4.971428571428572,2,1266.462378290265,5,174,6,6,0,12
CNP0312913.1,-10.7,1.371085851737262,4.65,0,1156.8351964719122,9,186,6,9,0,14
CNP0312973.1,-7.6,2.076667485498897,4.684210526315789,2,405.4851275254277,2,89,6,0,2,2
CNP0312996.3,-9.5,1.5084270141107907,6.037037037037037,5,763.5708960173292,8,163,6,2,2,7
CNP0313017.1,-7.0,2.5914349370731986,4.071428571428571,0,253.72583425214333,2,57,6,3,0,6
CNP0313179.1,-8.0,2.148016486499269,4.607142857142857,2,644.178396841533,5,129,6,1,3,3
CNP0313180.0,-9.3,1.3862810592347583,5.0,3,1127.8751482043738,0,125,6,1,0,6
CNP0313193.1,-9.6,1.4933280169073422,5.6571428571428575,5,1037.3470760077466,9,198,6,1,3,5
CNP0313210.1,-11.6,1.1660944678836829,5.815789473684211,4,1000.5332177816867,13,221,6,5,4,9
CNP0313250.2,-9.3,1.817463342885816,6.037037037037037,3,754.3895935006262,7,163,6,4,5,7
CNP0313267.1,-8.4,2.939832154751167,4.583333333333333,2,1373.22060312304,10,220,12,4,3,14
CNP0313282.1,-12.7,1.0186334101255388,5.0,3,1705.0220237789251,10,255,6,5,1,14
CNP0313313.0,-5.1,2.239538805558814,3.6,0,162.98904200532664,0,36,6,1,0,3
CNP0313423.1,-8.4,1.6714438610169455,4.418604651162791,3,1393.7346318963334,3,190,7,3,0,11
CNP0313519.1,-9.8,1.2583557196618875,5.1395348837209305,4,1743.8865656768012,3,221,6,3,0,10
CNP0313547.1,-9.5,1.6339212111360149,5.75,4,690.4801677886628,8,161,6,2,4,5
CNP0313557.1,-8.6,2.2466892927568978,4.642857142857143,2,698.380202444665,6,130,6,5,1,11
CNP0313597.0,-8.8,1.328566541611666,5.065217391304348,4,2035.287105106108,0,233,6,0,0,10
CNP0313610.0,-7.1,1.6982010709868356,3.941176470588236,0,497.5630923926226,0,67,6,0,0,1
CNP0313637.2,-8.234,1.5992910445738773,5.529411764705882,4,507.1888282371957,3,94,6,0,0,3
CNP0313680.1,-7.2,1.8429008637257545,3.3191489361702127,0,698.1141397069391,4,156,5,3,0,5
CNP0313730.0,-6.0,2.098655077313045,5.0,2,446.0353882544578,0,65,5,0,0,2
CNP0313749.1,-10.1,1.503085275589194,5.966666666666667,5,993.578362989656,6,179,6,1,4,3
CNP0313791.4,-10.0,0.8562581653268302,4.914285714285715,2,3874.6678124851264,30,516,6,18,0,36
CNP0313791.6,-9.0,0.8562581653268302,4.914285714285715,2,3874.6678124851264,30,516,6,18,0,36
CNP0313945.1,-7.8,2.0337283634908725,5.631578947368421,3,455.0619273347161,5,107,6,1,2,4
CNP0313982.0,-6.8,2.742847955661824,4.25,0,303.19136469282626,0,68,6,2,1,5
CNP0314036.1,-6.228,2.730722396853823,4.285714285714286,0,215.2754526075878,2,60,6,0,1,1
CNP0314056.13,-7.1,2.239440201892428,4.857142857142857,2,429.1193683592897,4,102,6,1,3,1
CNP0314072.1,-4.9,2.3952964790313653,3.888888888888889,0,115.73604288123636,1,35,5,0,0,1
CNP0314303.1,-8.5,1.6209510704080583,4.571428571428571,2,868.1481189662426,2,128,6,2,1,7
CNP0314395.1,-8.8,1.664372919750385,6.545454545454546,5,655.0214718761451,7,144,6,1,3,6
CNP0314401.1,-10.2,1.2047651905380696,5.195121951219512,4,918.3393371884234,14,213,6,4,2,6
CNP0314410.1,-7.5,1.6391327777837326,5.777777777777778,4,400.4142727464183,6,104,9,0,2,1
CNP0314429.1,-12.7,0.8243004179988987,5.589041095890411,6,1959.1962159514003,31,408,6,12,4,22
CNP0314525.1,-6.5,3.069131119246212,2.88,0,493.4017215894292,1,72,0,2,0,3
CNP0314557.1,-8.7,1.6511514947850794,5.64,4,598.0797523188578,7,141,6,1,3,3
CNP0314621.4,-13.3,0.8942073047314134,5.666666666666667,6,1302.5265472805677,21,289,6,6,3,12
CNP0314632.1,-10.6,1.045911776142257,5.344827586206897,8,2322.1356336850986,7,310,6,2,1,15
CNP0314651.1,-10.8,1.204766602224772,5.216216216216216,4,825.9960855751762,12,193,6,3,2,5
CNP0314688.1,-11.0,0.9840758205073084,5.257142857142857,5,2146.793916174968,25,368,6,11,3,26
CNP0314729.1,-11.6,1.0760402234528894,5.113636363636363,4,1573.4681498477642,9,225,6,7,0,16
CNP0314744.0,-5.306,2.9277737834635404,2.7333333333333334,0,152.61494265021685,0,41,0,1,0,2
CNP0314787.2,-9.7,1.6131872758267598,5.533333333333333,4,726.3747104925138,8,166,7,2,3,3
CNP0314859.3,-9.7,1.476143556601902,5.655172413793103,4,1054.9147391471236,3,164,6,3,2,7
CNP0314914.1,-8.3,1.929554327370726,5.333333333333333,5,1576.2294423110616,13,272,7,0,4,13
CNP0315172.1,-9.547,1.4739341890781228,6.576923076923077,7,966.0818758051944,5,171,6,1,3,6
CNP0315175.1,-7.3,1.897440937423516,5.4,3,331.4276544759515,5,81,6,0,0,2
CNP0315195.1,-8.6,2.04808414042424,4.5,0,673.2861236592693,4,108,5,6,0,14
CNP0315220.2,-11.33,1.1766419210518764,5.627906976744186,5,1256.774342635402,10,242,6,2,6,4
CNP0315250.1,-9.8,1.2189599707523195,5.2,4,1393.981639697603,2,182,6,1,0,6
CNP0315262.1,-9.5,1.602366329857427,5.590909090909091,4,616.5783096032475,5,123,6,1,1,1
CNP0315350.1,-7.4,1.0125386877393694,3.75,0,746.0629202159563,5,150,5,0,0,5
CNP0315359.1,-5.8,2.598536019291452,4.266666666666667,0,280.5918191407096,1,64,5,0,1,3
CNP0315362.1,-10.41,1.5836937408606206,6.242424242424242,5,860.6030229407056,9,206,6,2,7,3
CNP0315450.1,-11.4,1.4441988476667644,5.862068965517241,4,755.9223144753213,8,170,6,1,4,4
CNP0315572.1,-8.5,1.8448868478558145,4.296296296296297,2,652.857376926791,4,116,6,0,0,7
CNP0315644.1,-10.8,1.6450921053869267,5.6571428571428575,4,962.7182952973476,9,198,6,7,6,8
CNP0315657.0,-8.7,1.7665304538203304,4.916666666666667,2,971.1261088078834,0,118,6,3,0,7
CNP0315695.1,-7.5,1.941260851419412,5.125,4,931.7515535720894,6,164,6,1,3,9
CNP0315774.2,-10.0,1.5606640303999375,3.962962962962963,0,769.2525581760974,1,107,6,2,0,5
CNP0315782.2,-9.1,1.5728501322612582,5.642857142857143,4,676.7614119129225,9,158,6,0,3,4
CNP0315796.1,-10.9,1.4882684100803802,4.095238095238095,0,1188.5589274770762,2,172,6,2,2,2
CNP0315805.0,-7.2,1.8256041106464984,4.157894736842105,0,468.1014225779016,0,79,6,0,0,6
CNP0315807.1,-7.5,2.20021661770958,4.764705882352941,2,423.1751507822131,3,81,6,2,0,2
CNP0315895.1,-10.15,1.5880260886012805,6.151515151515151,5,900.2177861648926,9,203,6,2,6,3
CNP0315972.3,-7.9,1.5831164198498635,4.3625,2,2736.384879461688,12,349,19,9,0,25
CNP0315999.0,-10.3,1.4720796232480728,4.517241379310345,3,1007.968803155396,0,131,6,2,0,4
CNP0316083.3,-8.7,1.7514036863416729,5.884615384615385,4,894.1527794387243,4,153,6,1,4,5
CNP0316083.4,-9.0,1.7514036863416729,5.884615384615385,4,894.1527794387243,4,153,6,1,4,5
CNP0316120.1,-11.8,1.5160075469774763,5.944444444444445,4,1112.472975457019,9,214,6,2,5,6
CNP0316152.1,-5.3,4.04650037175572,3.571428571428572,0,189.05124471231383,2,50,0,0,2,4
CNP0316172.1,-8.8,2.0823780991890657,3.772727272727273,0,1668.980391292513,8,249,16,11,0,19
CNP0316179.3,-9.2,2.6080577136957293,4.013888888888889,0,2130.8465114216965,11,289,25,11,0,23
CNP0316231.1,-9.1,0.8278978955691805,5.48,6,1983.61850214943,32,411,6,14,3,24
CNP0316255.1,-7.3,2.8695685394339407,3.96,0,528.0511052930487,2,99,5,3,0,10
CNP0316266.1,-9.4,1.427754948072275,6.038461538461538,6,846.9973135338855,0,157,6,0,3,5
CNP0316377.1,-10.8,0.9544720164573044,5.36986301369863,5,2052.5491429530107,24,392,6,10,6,21
CNP0316377.2,-11.7,0.9544720164573044,5.36986301369863,5,2052.5491429530107,24,392,6,10,6,21
CNP0316384.3,-8.1,1.9398975837950565,4.466666666666667,3,1235.430443860334,8,201,13,3,0,11
CNP0316398.1,-8.922,1.541812162984077,5.0,4,856.3215620321861,2,130,6,1,0,4
CNP0316411.8,-7.8,2.978677863407078,3.931034482758621,0,618.2925761597178,6,114,14,3,1,8
CNP0316538.1,-8.6,2.826658562976598,3.744186046511628,0,955.3300796079126,10,161,28,7,0,10
CNP0316581.1,-9.2,2.547645565884887,4.46875,2,891.6752855791751,6,143,10,1,1,8
CNP0316630.0,-9.3,1.5966827772891612,5.037037037037037,3,1111.5903090616769,1,136,6,0,0,6
CNP0316763.1,-8.661,1.3378424577394512,4.9393939393939394,4,714.0851595435958,8,163,6,0,2,3
CNP0316772.8,-8.6,2.1091632341078608,4.230769230769231,2,735.6483383279115,3,110,14,3,0,7
CNP0316829.1,-10.2,1.4139730909736197,4.48936170212766,0,1690.5072876423394,5,211,6,9,0,16
CNP0316856.0,-6.3,1.9373477342915009,5.411764705882353,3,595.3821793709559,0,92,6,1,0,5
CNP0316933.3,-9.1,1.681617301407219,4.827586206896552,2,888.7310159321449,2,140,6,2,1,7
CNP0316948.1,-9.714,1.1483705368247228,5.133333333333334,3,1242.9755121176174,16,231,6,7,1,15
CNP0317051.1,-7.5,1.8100403374489649,4.947368421052632,3,1931.4882383830325,11,282,11,1,3,16
CNP0317064.1,-8.025,1.874256856071952,5.196428571428571,4,1823.4987362786603,12,291,7,2,5,17
CNP0317160.0,-8.1,1.767169566037373,4.095238095238095,0,522.8514625194279,1,86,6,1,0,4
CNP0317197.2,-10.2,1.3937281710946343,3.8780487804878048,0,1207.0953085323094,2,159,6,0,2,1
CNP0317260.1,-12.2,0.9868949154885924,5.619047619047619,5,1695.1567020976918,24,354,6,9,5,16
CNP0317360.2,-8.226,1.5370048048417182,5.08,3,812.3909166694132,3,127,6,1,0,4
CNP0317387.2,-7.7,1.8274722693779208,5.851851851851852,4,661.0885777444078,9,158,6,3,3,5
CNP0317494.0,-8.9,1.499563886256297,4.866666666666666,3,1228.118530650646,1,146,6,1,0,8
CNP0317505.1,-7.5,2.4114896446807377,3.5625,0,249.40331533468296,2,57,12,1,0,4
CNP0317545.0,-10.8,1.1981869492787636,4.475,0,1558.933794932701,0,179,6,5,0,9
CNP0317561.1,-6.6,2.170774207414806,6.4,3,324.930011877658,4,96,5,0,3,0
CNP0317573.1,-9.364,1.5700806892387456,5.157894736842105,4,1069.8207975333603,9,196,6,0,2,6
CNP0317712.1,-9.1,1.953465710187684,4.964285714285714,3,792.5758112401713,5,139,9,1,2,7
CNP0317790.5,-10.6,1.2901179191518324,5.815789473684211,5,1496.326822988269,4,221,6,0,1,8
CNP0317805.2,-8.7,2.0633334526963685,4.085714285714285,0,891.66375946373,7,143,18,2,0,7
CNP0317808.2,-11.02,1.389728632613812,5.310344827586207,4,959.1425115313252,5,154,6,2,3,5
CNP0317857.0,-8.5,2.0595500453410045,4.5,2,838.6750648185407,3,99,6,6,0,11
CNP0318082.2,-10.2,1.1749324591601265,4.538461538461538,2,1667.9295868355855,1,177,6,6,0,12
CNP0318094.1,-7.4,2.120042096291088,5.148936170212766,4,1305.0043498737018,11,242,7,1,4,12
CNP0318108.0,-9.1,1.1605095825135112,4.909090909090909,4,1861.8249290424849,3,216,6,8,0,10
CNP0318200.5,-10.4,1.2038327865702556,5.818181818181818,6,789.736485271665,12,192,6,1,3,4
CNP0318379.1,-7.3,2.0015085605653145,5.947368421052632,3,482.53724626138256,5,113,6,0,3,4
CNP0318440.2,-8.428,1.1767727882483454,5.056603773584905,2,1834.371929882363,15,268,6,12,0,20
CNP0318493.3,-6.4,2.384521007760285,3.733333333333333,0,246.9724764724544,2,56,6,1,0,4
CNP0318493.4,-6.4,2.384521007760285,3.733333333333333,0,246.9724764724544,2,56,6,1,0,4
CNP0318527.1,-8.8,1.9558848507107784,4.333333333333333,0,486.2172105930656,9,117,6,8,0,11
CNP0318598.1,-7.8,1.8200584577716343,5.842105263157895,4,409.5531137771406,6,111,6,1,1,3
CNP0318599.0,-5.7,2.8725743296659885,4.25,0,371.77177667990776,0,68,6,2,0,4
CNP0318630.2,-9.3,1.217751237849506,4.666666666666667,2,934.749624533651,3,154,6,0,0,7
CNP0318639.2,-8.8,1.5378918100581225,4.966666666666667,2,1121.7654729836902,5,149,6,5,0,9
CNP0318647.2,-8.7,1.5808540248856962,5.285714285714286,4,917.7006093112834,3,148,6,4,2,7
CNP0318742.2,-9.8,1.3773947333905632,3.976190476190476,2,1052.938550445272,6,167,12,1,0,11
CNP0318762.2,-9.1,0.894464056970658,4.838709677419355,4,1557.091780130434,22,300,6,10,0,20
CNP0318778.1,-8.8,2.0824915001023405,4.818181818181818,3,858.7017111850528,8,159,11,1,1,7
CNP0318784.1,-9.886,1.2622382758611772,5.1875,3,1407.6373521021665,2,166,6,0,0,8
CNP0318878.3,-9.715,1.3559252177903374,6.62,10,1923.446660270307,10,331,7,5,5,17
CNP0318881.1,-9.997,1.1395229804228646,5.166666666666667,4,2924.8927381137173,5,341,6,16,0,22
CNP0318896.1,-8.732,1.5898118358967932,4.178571428571429,0,547.5223901184352,7,117,6,5,0,9
CNP0318928.0,-9.5,1.5547005849386446,5.25925925925926,4,1130.3511835175864,0,142,6,3,0,9
CNP0319080.1,-8.5,0.9796838889736568,4.228070175438597,4,1105.817484372294,9,241,6,0,2,2
CNP0319089.1,-8.5,1.6838915644143515,5.6923076923076925,4,677.8889217536757,7,148,6,1,2,5
CNP0319108.2,-10.4,1.3831082166884896,5.634146341463414,5,954.947755166322,15,231,6,6,5,6
CNP0319225.4,-9.405,1.4362150619554892,5.324324324324325,4,990.3910718120824,10,197,6,1,3,8
CNP0319238.1,-4.3,2.9548225727898,2.555555555555556,0,48.0,1,23,0,0,0,0
CNP0319274.0,-5.3,3.059778227774302,4.333333333333333,0,162.56842503028858,0,78,6,0,0,6
CNP0319313.0,-5.7,2.952248022810484,2.789473684210526,0,199.43874567421344,0,53,0,1,0,2
CNP0319355.1,-6.8,1.91644965277488,4.625,3,279.8100768023833,1,74,6,0,2,1
CNP0319356.2,-11.0,1.2775092842396754,7.1,9,1346.7131650867286,14,284,8,1,7,11
CNP0319472.1,-9.0,1.453093750824712,4.46875,2,993.9372835870786,1,143,6,2,0,9
CNP0319500.0,-8.9,1.6485937359009868,3.923076923076923,0,743.0476944532179,0,102,6,2,0,2
CNP0319562.1,-8.6,1.0554595378636735,5.172413793103448,4,1891.6461762448,14,300,6,5,1,16
CNP0319650.1,-9.9,1.4111024415691438,5.909090909090909,5,663.6711323432436,5,130,6,2,1,2
CNP0319682.0,-9.1,1.663569211615159,4.107142857142857,2,967.1859004369436,0,115,6,1,0,3
CNP0319766.1,-8.1,1.773237831307597,4.769230769230769,3,558.5046604928848,7,124,14,2,2,6
CNP0319853.1,-9.1,1.4372461590808003,5.129032258064516,4,766.2192603022171,8,159,6,0,2,3
CNP0319911.1,-11.1,1.204232093094982,5.064516129032258,3,1126.4352892645377,2,157,6,1,0,9
CNP0319919.0,-4.4,2.242040082092553,3.625,0,139.43025207134906,0,29,5,0,0,1
CNP0319936.0,-4.8,2.817017140820483,2.583333333333333,0,155.71173956630955,0,31,0,1,0,2
CNP0320052.1,-12.07,1.1997987412495148,5.0,3,1587.6401482565004,10,220,6,7,0,16
CNP0320175.1,-9.6,1.7168509728590358,5.958333333333333,4,523.7682380768056,8,143,6,4,4,4
CNP0320388.1,-9.0,2.0956233318328628,5.129032258064516,3,844.8630512136663,8,159,11,5,3,8
CNP0320406.1,-7.192,2.4871298865194564,4.0,0,424.3831406378016,1,64,6,3,0,5
CNP0320501.0,-8.2,2.94518626880786,3.571428571428572,0,1050.3626977255874,4,175,25,11,0,21
CNP0320560.2,-8.9,1.7944694593545294,5.333333333333333,4,722.2147816566282,8,144,9,0,1,5
CNP0320641.1,-7.6,2.234108560059729,4.941176470588236,2,403.1448824383833,3,84,6,1,1,2
CNP0320707.0,-7.9,1.9393020464886068,5.225806451612903,3,843.9196400343793,7,162,6,3,4,9
CNP0320722.1,-9.9,1.3889020136134846,5.21875,3,676.1313375870873,11,167,6,6,3,11
CNP0320785.1,-10.4,1.4227797408662173,6.153846153846154,5,1222.6781825204855,12,240,6,3,5,9
CNP0320842.1,-8.2,1.6673724069911555,4.92,3,660.9976639869649,5,123,6,0,1,5
CNP0320867.1,-8.439,1.9833439523923315,5.578947368421052,3,355.0498111861476,5,106,6,0,3,0
CNP0320897.1,-9.4,1.5886326431565672,5.03030303030303,2,1232.0511501398355,5,166,6,7,0,11
CNP0320920.1,-10.4,1.2696213292730356,5.73469387755102,4,1251.181304839982,18,281,6,9,6,13
CNP0320971.1,-8.1,3.4345599317929043,4.166666666666667,0,817.209332573892,4,150,6,2,0,10
CNP0321030.1,-7.4,1.884478851526092,6.190476190476191,4,558.8107473277012,5,130,6,1,2,3
CNP0321109.0,-9.572,1.5001879113308818,5.115384615384615,3,1088.069913704822,0,133,6,1,1,5
CNP0321117.1,-8.4,1.4920320539338778,5.037037037037037,4,1003.3196338157024,1,136,6,0,0,6
CNP0321128.2,-5.8,2.4619689397977487,4.0,0,144.68324254705826,3,40,6,2,0,4
CNP0321217.1,-9.7,1.081131856227218,6.173913043478261,10,2349.8932724893184,2,284,6,0,0,8
CNP0321230.1,-10.4,1.2208522268183133,5.714285714285714,6,1105.079459948308,14,240,6,4,5,9
CNP0321305.1,-8.3,2.2882453140662364,4.071428571428571,0,539.1450672724967,5,114,6,5,1,6
CNP0321414.1,-9.4,1.5077356892746068,4.55,5,2139.245234500551,6,273,18,4,0,17
CNP0321636.1,-7.835,3.040113390476019,4.119047619047619,0,873.3576731801297,14,173,6,7,0,10
CNP0321654.5,-8.2,1.702836355283734,4.9523809523809526,3,458.134679365808,5,104,6,1,1,3
CNP0321675.1,-9.0,2.181965055347042,4.607142857142857,2,653.1395387553073,5,129,6,3,2,7
CNP0321810.2,-8.5,1.6053535884955998,5.333333333333333,3,1187.180830113022,5,160,6,4,0,11
CNP0321905.0,-9.6,1.2755483401129746,4.791666666666667,2,863.4355681498203,0,115,6,0,0,5
CNP0321949.1,-12.3,0.9873548939213146,5.530612244897959,4,1294.6759992440675,17,271,6,7,3,14
CNP0321999.2,-9.2,1.2976038819024591,4.617021276595745,2,1399.2814439798224,7,217,6,5,0,14
CNP0321999.3,-9.6,1.2976038819024591,4.617021276595745,2,1399.2814439798224,7,217,6,5,0,14
CNP0322063.1,-7.8,1.191226494731438,4.55,4,799.3159020399539,7,182,6,0,2,2
CNP0322076.1,-11.6,0.9691233293169592,4.970588235294118,4,1193.0905116072167,4,169,6,2,0,10
CNP0322116.0,-9.3,1.4611103088886237,5.0,4,1598.9426521213552,1,175,6,3,0,6
CNP0322183.1,-10.0,1.4334341408531392,4.822222222222222,0,914.1197144088388,20,217,6,14,0,21
CNP0322189.1,-9.8,1.1239563015835694,5.161290322580645,3,1160.0893355791015,3,160,6,0,0,4
CNP0322210.1,-11.0,0.8424083262435859,5.333333333333333,5,1871.5932433537423,32,400,6,13,3,23
CNP0322233.0,-10.3,1.340209396520998,4.838709677419355,4,1364.0939908295911,0,150,6,1,0,5
CNP0322266.1,-7.9,1.7863029050703432,4.363636363636363,3,1410.4862270933431,3,192,7,4,0,11
CNP0322340.1,-6.6,1.930476751753056,4.25,2,347.32738507680887,6,85,6,2,0,2
CNP0322346.1,-11.0,1.2414174180361215,6.6,9,1405.2198239982763,14,297,9,5,7,6
CNP0322361.1,-8.0,1.9450621227530984,6.65,4,476.4299824400824,6,133,6,0,4,0
CNP0322519.2,-7.8,2.2376587124506817,4.36,2,613.5760526058389,4,109,10,1,0,5
CNP0322534.0,-10.2,1.346885945926746,4.818181818181818,2,1337.4955081481985,0,159,6,2,0,9
CNP0322542.1,-8.1,2.599687864627914,4.013888888888889,0,2178.8461978672017,11,289,25,10,0,22
CNP0322617.2,-10.2,1.2084992115551814,4.805555555555555,2,1051.2645508334049,9,173,6,8,0,15
CNP0322622.2,-9.9,1.4531880835793425,6.40625,5,997.9653764624162,9,205,6,1,5,6
CNP0322794.0,-10.4,1.2813379041810944,4.642857142857143,2,1051.705329005245,0,130,6,2,0,6
CNP0322811.1,-8.6,1.5161973706520937,5.488888888888889,5,1468.5812098503673,11,247,7,0,3,10
CNP0322812.0,-8.0,1.819230408686464,4.515151515151516,2,1212.4992530231937,0,149,6,3,0,4
CNP0322834.3,-8.9,1.0103186731110645,5.45,5,2297.281624237779,28,436,6,13,6,25
CNP0322896.2,-10.65,1.521711029847355,6.064516129032258,5,831.3497427891251,7,188,6,0,6,1
CNP0322914.0,-8.8,2.1960003739615366,4.392857142857143,2,880.7505531025388,1,123,6,3,1,7
CNP0322944.1,-9.5,1.554915817452056,5.171428571428572,3,787.1429430346606,10,181,6,3,4,8
CNP0322960.1,-10.5,0.7888460843530125,5.433734939759036,6,2143.7080707124856,36,451,6,15,3,27
CNP0322996.2,-10.0,1.5702478914396845,5.407407407407407,4,669.5466907423531,9,146,6,2,2,2
CNP0323043.0,-7.5,1.79715654852548,4.0,0,600.4009276194482,0,76,6,0,0,3
CNP0323097.1,-13.4,0.6925010821026527,5.47191011235955,5,2509.3112327607896,34,487,6,14,6,27
CNP0323122.0,-11.3,0.913805646557822,4.916666666666667,4,2103.5269406622024,0,236,6,0,0,10
CNP0323143.0,-10.32,1.5365056787926712,6.096774193548387,5,807.2293192750793,10,189,6,1,5,1
CNP0323190.2,-10.15,0.963347521283496,5.867647058823529,7,1984.9768588191364,26,399,6,8,6,19
CNP0323339.1,-5.976,2.584187114392368,4.166666666666667,0,171.84292599913812,3,50,6,0,0,1
CNP0323366.0,-4.8,2.388075523080426,3.875,0,178.11280378010764,0,31,5,0,0,3
CNP0323423.10,-9.0,1.5968374115603163,4.942857142857143,2,1283.7123782902652,5,173,6,6,0,12
CNP0323427.1,-10.8,1.2113157904386689,4.928571428571429,2,1253.9130019178604,11,207,6,7,0,14
CNP0323513.2,-8.5,1.5821108351478874,4.666666666666667,3,1294.068649330919,2,182,14,1,0,9
CNP0323605.1,-5.6,3.2395072229235327,2.952380952380953,0,233.9929134693429,2,62,0,0,0,1
CNP0323700.0,-10.3,1.2927956965060792,4.7407407407407405,2,1152.0068300678172,0,128,6,1,0,5
CNP0323748.1,-6.7,1.8512305889852256,5.529411764705882,3,384.3830584236704,4,94,6,0,2,2
CNP0323769.0,-7.2,1.800529301257347,4.352941176470588,2,549.2923160718381,0,74,6,0,0,2
CNP0323811.2,-10.88,1.1489001191283172,5.723404255319149,4,1471.5642706177714,10,269,6,3,5,6
CNP0323827.1,-9.7,1.374547651938797,4.055555555555555,0,1002.6444217857448,4,146,10,5,0,7
CNP0323883.1,-9.8,1.372167749300436,5.3,4,1120.668320233968,4,159,6,1,0,7
CNP0323942.1,-8.5,1.997710353795408,5.590909090909091,3,553.2904103073495,5,123,6,1,3,4
CNP0323947.1,-8.7,1.6398267243521405,4.722222222222222,2,565.2063266437718,1,85,6,2,0,3
CNP0323959.0,-7.241,1.705181257980512,4.0625,0,439.7824279511766,0,65,6,1,0,6
CNP0323972.1,-7.5,2.069954646208641,4.523809523809524,2,453.7064610905139,4,95,9,2,1,4
CNP0323983.1,-10.5,1.4954208045755957,4.116279069767442,0,1435.5283704712751,3,177,6,3,2,3
CNP0324030.1,-11.1,1.1570795573428905,4.51063829787234,0,1457.8790759946214,10,212,6,10,0,17
CNP0324075.1,-9.0,1.4382250522011726,4.869565217391305,2,1652.1823176848625,9,224,6,9,0,17
CNP0324082.1,-10.9,0.9342499843112472,6.910714285714286,13,1815.776774847202,22,387,6,7,8,13
CNP0324111.1,-11.9,1.168332458741443,6.289473684210527,5,1038.9671709738382,13,239,6,2,6,6
CNP0324210.1,-10.81,1.1943159667307832,5.111111111111111,4,1014.8772886277492,7,184,6,0,2,2
CNP0324311.1,-8.7,1.9608932396389287,5.363636363636363,4,1529.7285588657433,6,236,6,2,4,6
CNP0324346.1,-10.6,1.160967406695694,4.794117647058823,3,1081.964924921199,4,163,6,1,0,8
CNP0324354.1,-11.3,1.3273830045742954,5.393939393939394,5,1378.1331998501864,3,178,6,4,1,8
CNP0324368.1,-9.9,1.4965607645702728,5.62962962962963,4,850.7393947100443,6,152,7,0,0,5
CNP0324451.2,-10.9,1.2062394973565844,5.28125,4,1008.4463220102272,7,169,6,5,0,10
CNP0324579.1,-9.7,1.3727566558457256,6.829787234042553,8,1660.4402957783732,15,321,6,3,8,15
CNP0324587.3,-7.2,2.5691797140229533,3.7777777777777777,0,270.91227922489617,2,68,6,1,1,3
CNP0324606.1,-7.8,2.0349515480957137,5.133333333333334,2,852.1189711373821,6,154,6,1,2,3
CNP0324639.1,-9.97,1.2952596374171694,6.138888888888889,5,929.9266720685775,13,221,6,3,5,5
CNP0324648.1,-11.3,1.380798675992728,5.607843137254902,5,1728.2665893716724,11,286,6,5,6,9
CNP0324653.3,-11.0,0.6356279805320612,5.294117647058823,5,2206.296371060784,34,450,7,5,3,24
CNP0324752.5,-10.17,1.4731199466941227,6.206896551724138,6,844.2090834023426,12,180,7,2,1,5
CNP0324826.2,-10.6,1.3054847877441202,5.838709677419355,6,699.9690309962141,14,181,6,3,1,4
CNP0324896.1,-10.33,0.9836537496039428,5.298507462686567,9,2840.319664965221,6,355,15,4,1,10
CNP0324964.1,-5.4,2.2615994932515173,4.0,0,248.5641941766076,1,48,3,0,1,2
CNP0325071.1,-9.8,2.0348481029435064,3.967741935483871,2,773.5781807010196,1,123,14,1,0,7
CNP0325125.0,-9.444,1.6105295487548752,5.416666666666667,4,832.2857579649844,3,130,6,0,1,4
CNP0325148.3,-11.1,1.2102480085998493,4.6938775510204085,0,1173.3363271348355,16,230,6,10,1,16
CNP0325173.1,-8.525,1.9289983113417395,6.0,4,762.6754309936716,11,186,7,6,5,8
CNP0325200.1,-9.2,1.4860274560490188,5.913043478260869,6,818.401159950569,5,136,6,1,0,3
CNP0325203.2,-7.7,1.921113649493129,5.333333333333333,3,560.2877884707628,2,96,7,0,0,3
CNP0325226.1,-10.8,1.6392855604239305,5.081632653061225,5,1389.1526115456509,11,249,14,2,4,8
CNP0325362.2,-10.5,1.1876098429219124,5.434782608695652,4,1508.032168234534,10,250,6,6,3,15
CNP0325425.1,-9.2,2.0411535563216616,4.253164556962025,2,2335.551697558777,9,336,37,2,0,19
CNP0325431.1,-9.0,1.40525649369883,5.870967741935484,6,1205.159305096714,2,182,6,0,1,5
CNP0325431.3,-9.5,1.40525649369883,5.870967741935484,6,1205.159305096714,2,182,6,0,1,5
CNP0325455.1,-9.31,1.1151086078130337,5.826086956521739,9,3240.9808291567724,8,402,6,12,2,21
CNP0325471.0,-11.4,1.6722870618352357,5.5,4,1440.2832509193945,0,198,6,10,0,14
CNP0325515.1,-9.6,1.6076811182902169,4.371428571428571,2,1081.0576854767571,1,153,6,3,1,10
CNP0325554.1,-8.0,1.925533223739247,4.428571428571429,2,448.9490978806603,3,93,9,1,2,1
CNP0325554.2,-8.0,1.925533223739247,4.428571428571429,2,448.9490978806603,3,93,9,1,2,1
CNP0325626.2,-8.8,1.7769875014636425,6.863636363636363,5,564.8621920320554,7,151,6,1,3,5
CNP0325689.0,-9.65,1.6711138392916371,4.904761904761905,2,896.5664194852909,0,103,6,3,0,6
CNP0325719.1,-9.4,1.3064219517705675,6.0,4,1080.065232619303,12,234,6,2,6,6
CNP0325812.0,-7.6,2.4736412417893003,3.727272727272727,0,550.0438777919768,1,82,6,2,0,3
CNP0325854.4,-8.0,3.129811781189361,4.111111111111111,0,632.5830901634454,4,111,14,2,1,6
CNP0325924.1,-10.4,1.4178059822462308,5.225806451612903,4,1129.5661654452442,5,162,6,5,2,11
CNP0325948.1,-11.5,0.9688978973720686,6.2407407407407405,7,1506.5382402095693,21,337,6,8,8,14
CNP0325979.0,-8.9,1.602800040881902,5.75,5,1151.8894198248547,1,161,6,1,1,6
CNP0326024.3,-7.26,1.850104041760173,5.222222222222222,2,456.8212227289053,2,94,6,0,1,3
CNP0326028.2,-7.3,4.597280696290231,3.5217391304347827,0,451.79355795269737,3,81,0,5,0,9
CNP0326116.0,-7.4,1.958128829192884,4.4375,0,480.7537051739064,0,71,6,0,0,2
CNP0326125.7,-8.0,1.4669580713038042,5.2368421052631575,5,1133.5662066889652,5,199,7,2,2,10
CNP0326162.1,-8.1,1.298387010444419,5.388888888888889,6,2211.176349118726,2,291,6,0,0,8
CNP0326167.2,-9.9,1.858037064019871,5.136363636363637,2,1521.728558865743,3,226,6,3,4,6
CNP0326245.1,-9.7,1.4259421481494805,5.1,2,1419.6536249040423,9,204,6,9,0,14
CNP0326398.1,-9.5,1.6114973500802046,6.16,5,817.9431487822301,5,154,7,0,2,5
CNP0326442.2,-7.557,2.1525543719481286,4.75,2,434.95466351341577,3,95,6,0,2,0
CNP0326488.3,-8.742,1.3933469906692777,4.956521739130435,2,1604.2070097460849,10,228,6,6,0,15
CNP0326530.3,-8.578,2.1873978827502327,4.1891891891891895,2,1045.405076624573,4,155,10,2,0,10
CNP0326579.1,-9.0,1.961490094505232,5.363636363636363,3,649.9983071988396,2,118,6,0,2,4
CNP0326632.2,-7.827,1.8967956528439325,4.617647058823529,2,1229.7870259474057,1,157,6,3,1,5
CNP0326660.1,-10.7,1.2042359537089518,4.654545454545454,0,1605.6170571523148,15,256,6,12,0,20
CNP0326890.1,-9.7,1.578185424938847,4.620689655172414,2,899.5214650003198,1,134,6,1,0,7
CNP0326904.4,-10.3,1.5034326163656575,5.909090909090909,5,869.7674915380749,9,195,6,2,5,3
CNP0326915.1,-9.1,1.6875074762032154,5.807692307692308,4,654.6868470400458,9,151,6,3,3,6
CNP0327018.1,-11.0,1.1426803636324083,4.754385964912281,3,1982.565314251748,7,271,8,7,2,14
CNP0327025.3,-8.0,1.852517300369491,4.458333333333333,0,460.259307023941,4,107,6,0,2,4
CNP0327050.1,-12.2,0.7740821843215538,5.430232558139535,5,2380.697646214042,33,467,6,16,6,27
CNP0327171.1,-8.8,1.613427674267795,5.655172413793103,5,982.6309048569068,4,164,7,1,0,7
CNP0327181.2,-11.5,1.2052322589015476,5.7631578947368425,4,1015.5933849563522,12,219,6,5,4,10
CNP0327181.4,-11.4,1.2052322589015476,5.7631578947368425,4,1015.5933849563522,12,219,6,5,4,10
CNP0327203.1,-7.8,1.6512083569029203,5.047619047619048,3,456.4588728849873,6,106,6,0,1,1
CNP0327226.4,-9.7,1.4211483566115553,5.051282051282051,5,1101.796739889985,9,197,16,1,2,7
CNP0327376.2,-8.4,1.646584679456644,6.09375,6,841.8558463927382,11,195,6,3,4,8
CNP0327431.1,-8.5,1.3219867842606563,4.127659574468085,3,1375.9999922840511,6,194,17,1,0,12
CNP0327445.1,-5.6,2.045533324704611,3.4166666666666665,0,205.50391424932707,1,41,6,1,0,1
CNP0327627.1,-9.5,1.5858277452030645,5.695652173913044,4,652.7527207257382,4,131,6,0,2,2
CNP0327640.3,-8.2,2.681576388958327,4.0,0,650.1219037716069,3,124,6,3,1,9
CNP0327683.2,-9.3,1.4880796241729417,6.365384615384615,7,1778.8816758025343,15,331,6,3,8,17
CNP0327757.0,-5.8,2.973348791045178,2.8260869565217392,0,304.9634303549436,0,65,0,0,0,2
CNP0327768.2,-8.5,1.5172330438912578,4.7073170731707314,4,1435.428720263482,3,193,6,8,0,13
CNP0327792.0,-10.6,1.1963380599899556,4.814814814814815,3,997.9553223255424,1,130,6,3,0,9
CNP0327867.1,-11.2,1.2940843567689562,5.745098039215686,6,1532.6142331347585,15,293,6,6,7,13
CNP0328026.2,-9.2,1.53427660889653,5.52,4,586.4451237471065,8,138,6,1,2,4
CNP0328146.1,-9.3,1.955330081824033,4.5,0,612.525558232903,7,126,6,5,1,9
CNP0328240.1,-9.6,1.62989644133705,4.8,2,883.8721495677498,1,96,6,3,0,11
CNP0328259.1,-6.919,1.839336196158116,4.95,3,556.985511601686,1,99,6,1,0,6
CNP0328267.1,-8.9,2.3819706683340005,4.157894736842105,0,1047.9408978352503,7,158,15,0,0,8
CNP0328270.9,-7.6,1.9611247474299127,5.214285714285714,3,721.0707020808038,8,146,7,3,2,9
CNP0328407.1,-11.8,0.633555135432988,5.181818181818182,5,2383.769822070756,33,456,9,7,2,27
CNP0328447.1,-11.7,1.1404587988450747,5.348837209302325,5,1784.287438502417,2,230,6,0,1,9
CNP0328545.2,-7.3,2.1133156456061606,3.520833333333333,0,736.0279477121434,8,169,5,4,0,8
CNP0328638.3,-11.3,1.2584766774595777,4.717948717948718,0,1179.6155522798713,9,184,6,5,0,13
CNP0328807.2,-8.0,1.382449428008314,4.64,3,1521.8338392820556,11,232,6,0,1,16
CNP0328834.1,-9.2,1.09426794276675,5.086956521739131,6,2195.555554464177,2,234,6,1,1,12
CNP0328965.0,-8.4,1.4185730910269758,4.392857142857143,2,1069.4724414925308,0,123,6,1,0,6
CNP0329091.1,-9.8,1.6589381765066686,4.228571428571429,0,1019.5794741510476,2,148,6,2,0,11
CNP0329131.1,-10.3,2.384539978535284,4.0,0,1390.4538662594184,5,192,17,10,0,19
CNP0329175.0,-8.7,1.6439188429145597,5.25,4,962.5841265496472,0,126,6,2,1,4
CNP0329248.1,-8.7,1.5779278111055997,4.838709677419355,2,1176.7234462887454,1,150,6,5,0,8
CNP0329424.4,-8.9,1.418862213172477,5.392857142857143,3,941.5893891077728,5,151,6,1,1,5
CNP0329435.1,-9.2,1.748952952424964,4.214285714285714,2,666.0926332351033,3,118,6,0,1,4
CNP0329447.1,-10.71,0.9054474953332322,5.75,6,2104.943984259171,30,437,6,13,7,23
CNP0329470.0,-7.4,1.7423882334767926,4.15,0,602.373979259604,0,83,6,2,0,4
CNP0329684.1,-9.3,1.954592036147316,5.416666666666667,3,720.5941880655203,3,130,6,2,2,4
CNP0329810.1,-8.138,1.924693751681393,4.5,0,738.226163790267,2,126,6,1,1,8
CNP0329892.2,-10.7,1.9171451856055368,4.688888888888889,4,1500.4178513063407,9,211,23,6,0,10
CNP0329898.0,-8.4,2.434369850732746,4.086956521739131,0,635.7925221351936,0,94,6,3,1,5
CNP0329957.2,-8.9,1.9900793001458312,4.111111111111111,0,755.6418951719269,1,111,11,1,1,4
CNP0330011.1,-8.6,2.296875542623084,4.484848484848484,0,803.0638237559598,7,148,6,2,1,10
CNP0330067.1,-9.0,1.4424906335580912,4.285714285714286,0,651.8308144773841,2,120,6,1,0,7
CNP0330177.2,-9.9,1.357332721396383,5.977272727272728,5,1468.918357997648,13,263,7,5,5,10
CNP0330251.2,-7.845,1.7308896380400758,4.956521739130435,2,569.4358604704929,3,114,6,0,2,3
CNP0330258.1,-9.0,1.696595491961492,5.909090909090909,4,545.9104984355639,5,130,6,1,3,2
CNP0330318.1,-11.31,1.0527130683816324,5.046153846153846,7,2824.2702080121403,6,328,14,2,1,10
CNP0330404.1,-8.9,1.8767506771369893,6.1,4,414.5261654172963,7,122,6,3,2,4
CNP0330424.2,-7.9,2.8051015128266106,3.9565217391304346,0,499.541334446158,4,91,14,2,2,5
CNP0330649.2,-8.525,2.2487554684935755,5.25,3,1041.3271259779976,5,189,6,1,4,5
CNP0330669.3,-12.3,0.8411405066759289,5.507042253521127,6,1872.016201505139,30,391,6,11,3,21
CNP0330693.6,-9.4,1.2307548141318114,5.225806451612903,4,947.9441965045426,6,162,6,0,2,2
CNP0330701.1,-5.666,3.828377209341555,3.3076923076923075,0,194.266959750865,2,43,0,1,0,2
CNP0330731.1,-7.4,3.534989128585204,3.1153846153846154,0,377.61457698384265,2,81,0,1,0,1
CNP0330861.2,-7.8,2.278737097162455,3.859375,0,1376.019699823362,12,247,6,11,6,13
CNP0330861.3,-8.5,2.278737097162455,3.859375,0,1376.019699823362,12,247,6,11,6,13
CNP0330861.5,-8.6,2.278737097162455,3.859375,0,1376.019699823362,12,247,6,11,6,13
CNP0330863.1,-8.4,1.1985216048788925,5.6571428571428575,6,2094.6926742243463,23,396,8,12,6,17
CNP0330878.0,-10.7,1.367145187259344,5.0,2,790.0800128730867,10,155,7,8,0,13
CNP0330909.1,-7.6,1.9612533092945448,4.236363636363636,0,1201.6002277710863,15,233,6,3,0,17
CNP0330923.0,-6.46,2.482053226704392,4.0,0,283.7138257618324,2,60,6,0,1,1
CNP0331050.1,-10.2,1.498176176236016,4.645161290322581,2,1054.412392107128,2,144,6,4,1,6
CNP0331146.1,-6.7,4.288569068740918,3.1951219512195124,0,895.3593871985349,1,131,0,0,0,6
CNP0331178.1,-9.2,1.3636848086518516,5.407407407407407,4,1341.6111873674138,21,292,6,9,4,13
CNP0331221.1,-10.8,1.1938174634515084,4.943396226415095,4,1334.49578216203,17,262,12,0,0,11
CNP0331284.1,-6.7,2.016535796704612,5.611111111111111,3,375.2932501298082,5,101,6,0,2,2
CNP0331416.1,-9.943,1.329874241701842,5.483870967741935,4,761.5805059224059,11,170,6,3,1,4
CNP0331508.0,-8.454,2.2407629070937483,4.95,0,547.6530084870926,1,99,6,2,2,4
CNP0331517.0,-7.5,2.802457978602987,4.041666666666667,0,567.171823743043,0,97,6,2,1,6
CNP0331580.0,-7.4,1.6108663545249773,4.571428571428571,3,542.081912510774,0,96,6,1,0,4
CNP0331584.1,-9.4,1.3944532926857325,5.558139534883721,5,1787.9205029099712,3,239,6,2,1,12
CNP0331592.1,-11.7,1.459772723759414,5.882352941176471,4,1023.9137242478804,8,200,6,3,4,6
CNP0331628.0,-9.1,1.655626560434165,5.518518518518518,4,679.8658330039004,6,149,6,1,3,4
CNP0331720.0,-8.5,1.5790617932514972,4.086956521739131,0,705.0121104181934,0,94,6,3,0,8
CNP0331919.0,-5.9,2.437159260034696,3.909090909090909,0,239.598391972964,0,43,6,0,0,1
CNP0331929.1,-7.0,1.7018890634285937,6.529411764705882,6,828.9708432317557,13,222,6,2,4,8
CNP0332014.1,-9.3,1.7839542856537762,5.117647058823529,3,1025.173523670864,7,174,6,0,2,9
CNP0332026.1,-7.6,1.994668925148969,5.565217391304348,3,487.278458029483,6,128,6,1,4,3
CNP0332046.1,-8.6,1.503170969331521,4.971428571428572,2,1283.712378290265,5,174,6,6,0,12
CNP0332140.2,-7.5,2.77969287880879,3.9047619047619047,0,453.9007914771518,2,82,10,1,1,4
CNP0332159.1,-8.9,2.097506522374472,4.242424242424242,0,872.0174066576449,5,140,9,4,0,10
CNP0332287.1,-10.0,1.539981217212861,6.03030303030303,5,918.5826551932136,9,199,6,3,5,4
CNP0332305.0,-7.8,1.6350543152625938,4.716981132075472,0,1086.530731617201,21,250,6,12,1,22
CNP0332438.0,-7.975,1.8589573486994124,5.368421052631579,3,837.599034985212,0,102,6,1,0,7
CNP0332439.0,-10.0,1.4021150553433737,4.3125,0,860.7130717426057,5,138,6,4,1,9
CNP0332562.3,-8.0,1.509962274248887,6.608695652173913,6,689.9741761625304,6,152,6,0,2,3
CNP0332570.0,-7.7,1.8006545020265394,4.916666666666667,2,971.1261088078836,0,118,6,3,0,7
CNP0332602.1,-7.6,1.889101225467405,5.55,3,504.3645060515731,6,111,5,0,1,3
CNP0332617.0,-6.8,2.087143911957385,4.642857142857143,2,446.3556829761196,0,65,6,0,0,3
CNP0332653.7,-9.2,1.5092133718279817,5.948717948717949,5,1236.5425486973625,10,232,6,1,5,10
CNP0332653.8,-10.0,1.5092133718279817,5.948717948717949,5,1236.5425486973625,10,232,6,1,5,10
CNP0332695.0,-7.798,3.6277911809494623,3.2,0,1128.3353999144902,0,128,0,0,0,0
CNP0332743.1,-10.2,1.601597574842179,6.590909090909091,6,554.0545526897456,6,145,6,1,5,2
CNP0332796.1,-9.6,1.037367517562186,5.606060606060606,5,1812.919072257211,24,370,6,11,6,18
CNP0332807.2,-9.4,1.5534483014086415,4.4,0,821.3756113643092,5,132,6,5,0,9
CNP0332809.1,-8.606,1.7048848659851854,6.310344827586207,5,760.2597391552656,11,183,7,4,5,7
CNP0332815.1,-8.769,0.976637872039292,5.40625,8,4693.553294813703,11,519,6,23,0,29
CNP0332830.1,-11.4,0.958825596622537,4.423728813559322,2,2031.2076384474967,4,261,6,5,0,9
CNP0332908.8,-8.4,1.575240067050674,5.388888888888889,4,356.402764296857,4,97,6,0,0,3
CNP0333036.0,-9.664,1.2683237298929146,5.212121212121212,5,1240.2359404956528,0,172,6,1,0,11
CNP0333039.1,-8.0,1.7401382814586397,4.2560975609756095,4,2274.89270833886,13,349,28,15,0,30
CNP0333118.2,-10.07,1.6698999491214117,4.142857142857143,3,1641.7131830507103,6,232,30,2,2,12
CNP0333137.0,-6.9,2.515582990508908,4.0,0,349.07065170154243,0,60,6,2,0,5
CNP0333148.1,-9.8,0.9007876013584613,5.493333333333333,5,2056.827603461781,27,412,6,13,6,22
CNP0333282.0,-7.9,1.7696265943286753,4.761904761904762,0,618.9421640291729,0,100,6,0,1,4
CNP0333356.1,-4.658,3.397789053694092,2.9,0,99.43071362054202,1,29,0,1,0,2
CNP0333407.1,-8.7,1.5880806490790105,5.552631578947368,4,1210.509387973925,8,211,6,1,3,9
CNP0333436.2,-6.9,1.8073141570543376,4.2727272727272725,0,1270.0193433521065,5,188,6,6,0,12
CNP0333636.1,-11.49,0.8310538639387752,5.359375,6,1555.175899105889,30,343,6,14,0,28
CNP0333682.2,-10.8,1.619650846300498,4.1395348837209305,0,949.3168031910832,9,178,14,5,0,9
CNP0333791.0,-8.5,2.218498496626408,4.555555555555555,2,659.6142880887371,6,123,6,0,0,5
CNP0333807.1,-11.4,1.2511174470719968,5.516129032258065,4,682.7084740906688,12,171,6,3,2,5
CNP0333807.2,-11.1,1.2511174470719968,5.516129032258065,4,682.7084740906688,12,171,6,3,2,5
CNP0333920.1,-11.45,1.0771651428104705,5.333333333333333,6,1169.834499048573,12,224,6,1,2,7
CNP0334033.0,-9.4,1.06317185923304,5.175,3,1805.954911758092,0,207,6,1,1,7
CNP0334067.1,-7.1,1.7997606024126298,4.352941176470588,0,239.57396145415777,3,74,6,1,0,4
CNP0334112.0,-9.423,1.5876869944014944,4.376811594202898,2,2052.3917627062297,15,302,6,6,2,17
CNP0334139.4,-9.1,1.4134416310558873,5.333333333333333,4,1105.21588653265,4,176,6,2,1,7
CNP0334188.1,-7.8,1.830796108402895,5.083333333333333,3,525.7318901772585,5,122,7,3,2,4
CNP0334376.1,-9.0,1.5750653202774736,4.689655172413793,0,828.147742776764,2,136,6,1,1,4
CNP0334401.4,-10.9,1.0671432618233458,5.138888888888889,4,1088.787897697511,6,185,6,2,3,5
CNP0334500.2,-8.8,2.9850217022779515,4.424242424242424,0,680.8432175513177,11,146,6,6,2,10
CNP0334578.0,-7.6,2.222968355124644,4.538461538461538,2,949.250961833368,4,118,6,8,0,13
CNP0334591.2,-8.5,0.7216781731365821,5.614754098360656,9,4641.007821113817,33,685,6,15,6,37
CNP0334591.3,-9.3,0.7216781731365821,5.614754098360656,9,4641.007821113817,33,685,6,15,6,37
CNP0334591.6,-9.3,0.7216781731365821,5.614754098360656,9,4641.007821113817,33,685,6,15,6,37
CNP0335093.1,-8.8,1.3593070266042235,4.956521739130435,2,570.1343594119454,2,114,6,0,0,5
CNP0335246.0,-8.016,1.7890847229892923,4.612903225806452,2,1168.268574162547,0,143,6,0,0,8
CNP0335283.3,-10.6,0.7744910583102809,5.4375,5,2665.266743155747,40,522,6,18,5,31
CNP0335302.4,-9.5,1.3016988528273168,4.827586206896552,2,990.9137443081792,2,140,6,2,0,15
CNP0335311.3,-8.1,1.702520480292672,3.849462365591398,0,2238.4199973444383,25,358,6,21,0,23
CNP0335327.1,-8.7,0.9565904959080028,5.54054054054054,5,2076.2092810256686,28,410,6,11,6,21
CNP0335337.3,-9.3,1.5482105360491143,4.92,2,708.2495745085205,4,123,6,2,1,8
CNP0335363.1,-10.3,1.2786195275451582,5.023809523809524,2,1471.1171304338654,10,211,6,9,0,15
CNP0335440.0,-8.3,1.8175597599328208,4.90625,0,619.3260790690192,15,157,6,11,0,15
CNP0335519.0,-5.7,2.9681670171711807,2.8181818181818183,0,322.7988416093245,0,62,0,0,0,1
CNP0335575.1,-9.1,2.244080871634318,4.052631578947368,0,1038.3666361742132,5,154,13,6,0,11
CNP0335687.0,-9.9,1.307152965124022,4.75,2,1055.321488118817,0,133,6,1,0,6
CNP0335834.1,-7.5,1.4972786391388369,6.186440677966102,7,1966.073925247433,16,365,6,2,9,16
CNP0335847.6,-8.461,1.5344716457035217,5.676470588235294,4,1023.7658064153962,8,193,6,2,3,7
CNP0335942.2,-9.4,1.9362727645009223,4.3023255813953485,2,1353.4673737153337,5,185,15,7,0,13
CNP0335951.0,-8.6,1.383198993178428,5.242424242424242,4,1603.488424251218,0,173,6,3,0,8
CNP0335990.0,-6.5,1.954882521579845,4.461538461538462,0,406.8680242616029,0,58,6,2,0,3
CNP0336028.1,-6.9,3.5172666819859097,3.05,0,498.4349186814902,2,122,0,3,0,4
CNP0336100.2,-8.9,1.6619133319567116,4.306666666666667,3,2101.974752094663,16,323,21,15,0,25
CNP0336109.0,-6.4,3.5958619447866864,3.196078431372549,0,790.9406830237436,4,163,0,4,0,8
CNP0336247.1,-12.7,1.000571452670774,5.102564102564102,6,1622.2870391259662,2,199,6,1,1,6
CNP0336345.1,-6.2,4.138061354892396,3.159090909090909,0,706.0138461284791,3,139,0,4,0,8
CNP0336370.1,-8.3,1.5185351674629606,6.625,6,763.760673168644,6,159,6,0,2,4
CNP0336416.2,-8.8,1.162029399636339,5.203125,4,1573.7050025363187,25,333,6,10,3,18
CNP0336435.1,-9.0,0.8234806692475606,5.208955223880597,16,6333.140175785269,10,698,26,28,0,52
CNP0336444.1,-9.2,1.7654337596084169,5.04,2,503.3937032373419,10,126,6,6,1,10
CNP0336726.2,-6.8,1.9155576903946367,4.052631578947368,0,493.91719964890143,1,77,6,0,0,3
CNP0336773.1,-9.4,1.4734125232503168,4.375,2,640.4777549045818,1,105,7,3,0,7
CNP0336812.1,-9.8,1.390675856820213,5.09375,3,1000.6910212449468,2,163,6,1,1,9
CNP0336825.0,-6.3,2.7602520756252087,4.5,0,231.8128652468444,0,54,6,2,0,6
CNP0336900.0,-4.7,2.0056320772042016,4.875,3,119.5936280434333,0,39,6,0,0,1
CNP0337006.2,-10.4,1.2319270129570292,4.789473684210527,2,1098.8231300905793,10,182,6,9,0,16
CNP0337071.0,-8.2,1.689812551537362,4.620689655172414,0,959.775006797006,0,134,6,3,0,10
CNP0337104.0,-3.9,2.242040082092553,3.625,0,96.6017921972316,0,29,5,1,0,3
CNP0337153.2,-9.5,1.4917682638022065,5.3,4,732.9211225386149,8,159,6,0,2,2
CNP0337229.1,-10.9,1.5338498530927709,5.09375,3,1093.3600270693655,5,163,6,5,0,9
CNP0337253.1,-10.57,1.164428214284578,4.975,4,1031.8610744455607,9,199,6,0,2,3
CNP0337383.6,-9.8,1.5159182352332814,5.294117647058823,4,981.2850500733538,8,180,6,3,3,8
CNP0337421.1,-8.6,2.8584749585068883,3.727272727272727,0,971.1071009356704,10,164,28,7,0,10
CNP0337508.1,-10.0,1.3439708202382743,5.392857142857143,5,1686.6996552601845,17,302,6,6,4,16
CNP0337510.0,-9.9,1.262043891931424,5.571428571428571,4,1590.9795144489945,7,234,6,3,2,9
CNP0337542.0,-5.1,2.758149818433293,2.5384615384615383,0,451.5629270274093,0,33,0,0,0,0
CNP0337633.7,-10.7,1.4724719408157074,6.424242424242424,5,1074.3984860645703,9,212,6,1,5,7
CNP0337654.2,-8.2,1.692479535943776,5.72,4,684.4063802947443,0,143,6,1,2,5
CNP0337723.0,-6.7,1.9227382629048224,3.5384615384615383,0,501.8686869843141,0,92,6,3,0,4
CNP0337836.2,-10.4,1.2007337476995985,4.675675675675675,0,1096.9251995589375,1,173,6,3,2,5
CNP0337841.1,-8.1,1.576610997712234,4.555555555555555,3,773.4634224014831,2,123,6,1,0,8
CNP0337914.0,-9.8,1.2518134719656406,4.846153846153846,3,1026.4477097337744,0,126,6,0,0,6
CNP0338157.1,-6.9,1.4005905806715586,3.870967741935484,2,617.0462443619776,3,120,7,1,0,8
CNP0338230.1,-10.7,1.4633469150226688,5.90625,5,843.3400386745243,9,189,6,2,5,3
CNP0338332.2,-8.3,1.2930336136891498,4.1063829787234045,3,1094.7115646484212,6,193,10,2,1,9
CNP0338373.2,-5.9,2.1502473391498707,3.8503937007874014,0,2595.465966054945,24,489,5,2,6,7
CNP0338466.1,-6.1,3.50396370724713,3.1,0,259.69271201024765,1,62,0,2,0,4
CNP0338768.1,-10.96,1.3078329840218683,4.827586206896552,4,1120.4569867336934,2,140,7,3,0,8
CNP0338830.1,-10.88,1.285427026477712,6.484848484848484,8,1510.220573841944,4,214,8,2,2,9
CNP0338929.1,-9.4,1.388833093057802,4.472222222222222,2,1158.2557773739484,1,161,6,0,0,6
CNP0338997.2,-9.2,1.3395694618026752,4.925925925925926,3,716.3483500215527,5,133,6,0,1,4
CNP0339014.4,-8.3,1.746594527049076,5.484848484848484,4,1166.8313772844322,4,181,6,5,1,10
CNP0339014.5,-8.3,1.746594527049076,5.484848484848484,4,1166.8313772844322,4,181,6,5,1,10
CNP0339035.1,-9.904,1.2747748308482918,5.027777777777778,4,988.9146928980574,7,181,6,3,3,8
CNP0339045.1,-8.5,2.0777095684652416,4.75,0,368.468823075241,6,95,6,4,1,8
CNP0339050.1,-11.6,0.8820388845139647,5.362745098039215,5,3199.19381571752,32,547,6,15,7,32
CNP0339050.2,-11.5,0.8820388845139647,5.362745098039215,5,3199.19381571752,32,547,6,15,7,32
CNP0339084.1,-8.6,1.5528993137770206,5.533333333333333,3,954.7588681657904,5,166,6,4,3,7
CNP0339123.1,-10.5,1.3347106238400113,5.466666666666667,4,1038.242760306151,2,164,6,2,1,7
CNP0339191.1,-7.727,1.7842926798416223,4.111111111111111,0,534.4447945489236,1,74,6,1,0,3
CNP0339194.1,-9.6,1.4168100803896295,5.294117647058823,4,1180.5780178255193,4,180,6,3,1,8
CNP0339227.0,-6.3,2.307227400371589,3.75,0,498.2195110956782,0,60,6,0,0,3
CNP0339267.0,-7.9,1.6849030629807416,4.136363636363637,2,497.8605651344646,3,91,6,3,0,4
CNP0339280.1,-8.5,1.718988417361751,3.955555555555556,0,829.1833362877677,11,178,6,8,0,15
CNP0339319.2,-7.8,1.977182651077252,4.172413793103448,2,573.7153678425337,8,121,6,3,0,6
CNP0339324.0,-8.8,1.5514710604735698,4.666666666666667,2,1016.5872882038908,0,126,6,0,0,7
CNP0339395.1,-6.7,2.5251413886853378,4.224489795918367,0,1048.5993872923143,9,207,6,4,1,15
CNP0339398.0,-7.3,1.5618585179525306,3.888888888888889,0,701.1864146020073,0,70,6,0,0,1
CNP0339401.0,-8.8,1.4065305710196097,4.8,2,1112.5147647624551,0,144,6,1,0,6
CNP0339539.1,-5.9,2.5068073753764155,4.0,0,170.1247076051515,1,44,5,1,0,4
CNP0339541.1,-9.7,1.464178928912957,5.321428571428571,4,617.7518254928543,9,149,6,1,2,1
CNP0339680.0,-8.0,1.8525748744771808,4.2631578947368425,0,670.5945828576388,0,81,6,2,0,8
CNP0339954.0,-9.6,1.4567157952708387,4.5,2,1098.3191718230396,0,126,6,0,0,7
CNP0340113.0,-9.8,0.7176392963691035,5.14,2,2540.708934720755,46,514,6,29,1,45
CNP0340124.3,-10.14,1.3601463020273643,5.5,5,1721.424345250782,7,253,11,10,2,19
CNP0340224.0,-5.7,1.9746437019429672,4.5,2,321.52041537417426,0,45,6,1,0,4
CNP0340260.1,-10.6,1.0807969443287833,4.947368421052632,3,1298.6504350671937,5,188,6,3,2,15
CNP0340261.1,-8.7,1.4869385502326824,4.073170731707317,0,1173.6986498725605,1,167,6,5,0,8
CNP0340269.0,-6.9,1.8346146258843925,4.375,0,410.77697890859474,0,70,6,0,0,4
CNP0340283.2,-9.1,1.14891803496572,5.032786885245901,3,2281.8398544137603,7,307,6,0,4,9
CNP0340283.4,-9.2,1.14891803496572,5.032786885245901,3,2281.8398544137603,7,307,6,0,4,9
CNP0340286.0,-6.0,2.923517525558115,2.75,0,300.5400831157719,0,55,0,1,0,2
CNP0340488.3,-10.8,1.379534959464954,6.333333333333333,6,876.5223790402384,9,209,6,1,6,3
CNP0340550.0,-7.6,1.8364125538155904,4.037037037037037,0,674.1588403428016,1,109,6,0,0,4
CNP0340925.2,-8.8,1.330577063205752,4.383177570093458,4,4219.383947805365,15,469,31,21,0,40
CNP0341010.1,-8.9,1.9587913402732624,5.25,3,1002.5419555894568,1,147,6,4,1,8
CNP0341123.2,-7.9,2.6312031706533463,3.875,0,2023.1867132862496,9,279,25,15,0,26
CNP0341207.2,-11.8,0.8699014311503513,5.191489361702128,7,1566.620943852152,8,244,6,0,2,5
CNP0341214.0,-5.7,2.0917705580984776,4.9,2,405.7105035985509,0,49,5,1,0,4
CNP0341235.1,-9.8,1.378177407833675,5.315789473684211,5,1499.8601522360389,3,202,6,3,0,12
CNP0341308.1,-5.9,4.154039021007625,3.5384615384615383,0,170.3657023879603,4,46,0,5,0,6
CNP0341313.1,-7.98,1.6558484791707064,3.974683544303797,0,2309.61371919416,17,314,38,11,0,20
CNP0341313.2,-8.711,1.6558484791707064,3.974683544303797,0,2309.61371919416,17,314,38,11,0,20
CNP0341418.0,-10.1,1.5109529116376397,4.289473684210527,2,903.9289132390836,10,163,12,2,1,8
CNP0341611.4,-9.5,1.4000335781377924,4.933333333333334,3,812.8327219906905,6,148,6,2,2,9
CNP0341756.0,-9.5,1.197318393579815,4.833333333333333,7,3383.856769603321,11,435,16,5,0,28
CNP0341775.2,-6.6,2.618454874153931,4.0,0,325.60911457507285,2,60,6,2,0,4
CNP0341789.4,-8.0,1.9664585518500424,5.225,4,1201.5870358837178,10,209,10,1,4,12
CNP0341818.1,-9.2,1.543507999752076,4.545454545454546,0,532.4636071718328,4,100,6,1,1,1
CNP0341843.2,-9.3,1.5494556500715535,4.393939393939394,2,1278.490145800204,1,145,6,1,0,8
CNP0341902.2,-9.2,1.46558801041688,5.548387096774194,4,1097.7369251828338,4,172,6,2,1,7
CNP0341927.1,-9.2,1.6464284766836563,4.785714285714286,0,1101.2579993980858,10,201,6,4,2,8
CNP0341958.0,-10.43,1.0143048608714382,5.536231884057971,5,1986.0321123359104,25,382,6,12,6,21
CNP0341967.0,-9.5,1.4278571517946292,4.71875,4,1349.9560065114106,0,151,6,1,0,7
CNP0341968.2,-9.4,1.4712558224099446,4.56,2,791.3352161915799,1,114,6,1,1,5
CNP0341971.1,-8.6,1.5803505076496438,5.7073170731707314,6,1243.4963374876088,12,234,6,1,2,11
CNP0342040.0,-10.1,1.2350194999562385,4.724137931034483,4,1040.0436878422222,1,137,6,3,0,6
CNP0342088.1,-9.3,1.8931210781921888,4.358490566037736,0,1227.1909695866768,16,231,16,4,1,15
CNP0342118.1,-11.9,1.1990824621095708,5.675675675675675,4,1152.169086638148,8,210,6,2,4,8
CNP0342167.1,-8.3,2.2331743416499164,5.111111111111111,2,561.46522543967,3,92,5,3,0,9
CNP0342321.2,-11.38,1.3094766670856377,6.085714285714285,5,1041.3470760077469,10,213,7,1,5,5
CNP0342425.1,-8.5,1.4446055803918534,5.181818181818182,4,1219.97280712448,2,171,6,2,0,8
CNP0342605.1,-10.1,1.490050209963645,5.2,4,757.4540242180196,13,182,6,4,2,6
CNP0342746.2,-8.4,1.562217715424011,4.878787878787879,3,1352.6454858308173,1,161,6,3,0,9
CNP0342868.1,-11.2,0.8361630061549458,5.472972972972973,5,2108.963401599674,27,405,6,11,5,20
CNP0342939.1,-9.7,1.4132506908197344,5.051282051282051,5,1058.7357476848138,10,197,16,2,2,7
CNP0343027.1,-10.3,1.175200714885122,4.771929824561403,3,1967.160835516706,8,272,8,7,2,14
CNP0343053.1,-10.9,1.4938769526660096,6.083333333333333,5,1016.909302361318,10,219,6,3,6,6
CNP0343122.1,-10.2,0.7515085875356597,5.020618556701031,0,2535.8527288599803,43,487,6,29,0,42
CNP0343124.0,-7.3,1.3083017883533394,4.4625,0,2272.888836327449,20,357,7,7,0,27
CNP0343145.1,-7.8,1.831363623476772,5.235294117647059,3,434.7482762689688,5,89,7,0,0,3
CNP0343277.1,-9.9,1.5483723631014288,5.257142857142857,4,1062.803772156998,7,184,6,2,3,5
CNP0343476.1,-8.5,1.5706009928700624,5.032258064516129,2,1076.0704000329226,4,156,6,7,0,10
CNP0343509.1,-9.8,1.6444223732289789,6.291666666666667,6,551.956834208185,8,151,7,3,4,3
CNP0343515.2,-8.6,1.060912810145738,5.0,5,1083.5908091994029,9,240,6,0,5,2
CNP0343603.2,-9.4,1.3400875885758308,5.425,5,1465.7630277324326,6,217,6,3,0,10
CNP0343604.2,-8.2,1.5601312946865966,5.4,4,848.0751772253556,2,135,6,1,0,5
CNP0343731.2,-10.2,1.2436463424006567,5.289473684210527,6,1096.3012117816836,12,201,16,3,0,8
CNP0343761.0,-10.7,1.3076159281487023,4.666666666666667,2,1914.8825211021533,1,210,6,3,0,10
CNP0343766.6,-8.6,1.8752377567238152,4.327272727272727,0,1274.0672571224363,16,238,16,4,1,15
CNP0343854.1,-6.1,2.0595020921022367,4.625,2,371.9161897923458,3,74,6,0,0,5
CNP0343878.1,-7.7,2.017852907651169,5.423076923076923,3,663.1696736845284,5,141,6,5,3,7
CNP0343910.1,-9.8,1.4917838957225604,3.912280701754386,0,1634.9953402847034,5,223,6,3,2,7
CNP0343940.0,-9.3,1.993544701471386,3.6,0,1061.0721682776782,1,144,6,0,1,0
CNP0344010.1,-9.5,1.1185146867426323,5.638888888888889,6,1784.5449718672369,2,203,6,2,0,7
CNP0344123.1,-9.6,1.4478628699545617,5.142857142857143,3,844.8154098571513,4,144,6,0,1,7
CNP0344179.1,-8.8,3.881081228862932,3.3846153846153846,0,1396.692767571807,2,176,0,2,0,2
CNP0344251.0,-6.6,2.0051035984217305,4.4,2,540.0487959531628,0,66,6,0,0,3
CNP0344512.10,-8.8,1.40411354295243,6.702702702702703,6,1243.661122990292,12,248,6,3,6,10
CNP0344512.11,-8.8,1.40411354295243,6.702702702702703,6,1243.661122990292,12,248,6,3,6,10
CNP0344512.6,-9.1,1.40411354295243,6.702702702702703,6,1243.661122990292,12,248,6,3,6,10
CNP0344517.7,-9.0,1.6689517031549312,4.76,2,799.7822388744023,5,119,6,4,0,9
CNP0344524.2,-5.9,1.8507635300062573,3.45,0,320.196806094328,1,69,5,1,0,3
CNP0344561.5,-8.5,2.3574034998536053,3.625,0,809.8530214207349,5,116,6,3,0,9
CNP0344590.1,-9.6,1.114243839279549,4.962962962962963,3,844.5024116263497,4,134,6,2,0,7
CNP0344605.2,-10.6,1.395749830728225,4.566037735849057,2,1228.5530248614025,16,242,6,11,1,23
CNP0344754.0,-5.4,2.0882300834754326,5.3,2,178.0964047443681,3,53,5,0,0,2
CNP0344789.2,-9.4,1.2160432065168247,4.653846153846154,3,599.2884574759241,4,121,6,1,0,5
CNP0344900.2,-8.5,1.429765820485606,4.637931034482759,0,1656.331993113006,15,269,6,11,0,21
CNP0344948.1,-8.731,0.9607964086514812,4.75,5,1864.0899615574383,8,209,6,2,2,6
CNP0345015.1,-8.2,1.7767898616136426,4.96875,3,791.301635945004,7,159,6,1,2,7
CNP0345052.1,-9.5,1.6142021764294818,4.76595744680851,0,1577.4663040869236,7,224,6,9,0,19
CNP0345093.1,-7.6,1.9965411115288336,4.555555555555555,2,578.6200862004187,2,82,6,2,0,5
CNP0345275.1,-8.5,1.966724828666653,4.454545454545454,0,491.73122311378086,5,98,6,4,0,8
CNP0345317.2,-9.0,1.6956723960903315,4.642857142857143,0,846.029345774007,5,130,6,7,0,8
CNP0345352.1,-6.8,2.35685017878322,3.7777777777777777,0,287.5185788345543,3,68,5,1,0,4
CNP0345403.0,-7.8,1.8879359926376809,4.416666666666667,0,803.7356090471985,0,106,6,1,0,6
CNP0345534.4,-7.337,1.906271338857548,5.0,2,808.1409410447923,3,125,6,1,1,6
CNP0345552.2,-8.3,2.2387639628580542,4.416666666666667,2,598.8784049711419,4,106,10,1,0,5
CNP0345574.0,-7.9,1.838804575113718,4.133333333333334,0,906.8192992439162,0,124,6,0,0,7
CNP0345788.0,-7.366,1.906030818457943,4.2105263157894735,2,652.733428144167,0,80,6,0,0,4
CNP0345814.4,-7.3,2.0066817581707945,5.823529411764706,3,382.3830584236704,5,99,6,1,3,2
CNP0345844.8,-8.1,1.49282929036386,6.294117647058823,7,1050.8113504156588,7,214,6,2,5,5
CNP0345884.3,-8.349,1.677421872568209,6.185185185185185,5,885.1777375032731,5,167,6,0,3,6
CNP0345901.4,-9.6,1.291116602051805,5.46875,4,1218.325148080963,3,175,6,0,1,7
CNP0345904.4,-8.3,1.5960303065145354,6.730769230769231,7,852.6579866387382,6,175,6,2,3,5
CNP0345956.1,-10.6,1.169771779344961,4.419354838709677,0,1007.2112492854528,3,137,6,4,0,8
CNP0345957.1,-9.2,1.4945212587809906,6.071428571428571,5,740.8871802882774,8,170,6,1,4,4
CNP0346061.5,-10.4,1.5701961690205783,5.470588235294118,4,859.5301369576634,10,186,6,6,5,7
CNP0346077.1,-10.4,1.265289199514518,5.857142857142857,5,1116.618479517991,13,246,6,4,6,7
CNP0346133.1,-6.4,1.6526042905828449,4.617647058823529,2,805.727379092229,4,157,6,0,2,4
CNP0346133.2,-8.3,1.6526042905828449,4.617647058823529,2,805.727379092229,4,157,6,0,2,4
CNP0346158.2,-11.7,0.9304138065431736,5.454545454545454,4,1421.0037418555949,21,300,6,6,3,14
CNP0346160.7,-8.4,1.7749059439240926,4.931034482758621,2,611.0746968685667,7,143,6,1,2,3
CNP0346170.3,-12.1,0.9316530448070894,5.08,4,1861.6747635395268,9,254,6,7,1,15
CNP0346171.1,-8.3,1.9688658054028945,4.666666666666667,3,875.1606718782053,7,154,7,0,1,9
CNP0346172.1,-9.5,1.2402467462748632,5.675,6,1765.8427276205691,4,227,6,3,1,10
CNP0346253.1,-10.2,1.2875505857084657,5.243902439024391,4,1955.7976175895576,1,215,6,7,0,11
CNP0346465.1,-9.092,1.4080758986069115,5.9375,5,779.3277300717058,9,190,6,1,5,1
CNP0346535.2,-7.0,3.067121911417655,3.935483870967742,0,715.6962462552702,2,122,6,0,0,7
CNP0346643.2,-6.5,3.495306503681296,3.023809523809524,0,602.9636474406738,1,127,0,1,0,5
CNP0346650.2,-6.9,3.3955897274088924,3.09375,0,516.573369225956,2,99,0,3,0,9
CNP0346740.1,-8.1,1.964437766209124,5.555555555555555,3,368.8054923033028,7,100,6,2,1,4
CNP0346893.1,-10.4,1.1282126860199857,5.125,4,1195.8278945891975,7,205,6,4,3,10
CNP0346907.1,-10.9,1.2955352499644677,6.064516129032258,6,716.0249945366019,13,188,6,2,3,4
CNP0347010.0,-8.5,1.4627094404572545,5.433333333333334,4,1436.0292192064326,0,163,6,3,0,9
CNP0347060.0,-7.0,4.228479859795101,3.4375,0,290.4786852022549,2,55,0,4,0,7
CNP0347082.1,-7.231,2.429744952826239,3.7222222222222223,0,407.7982543141567,2,67,6,4,0,6
CNP0347110.1,-9.2,1.7625223057799688,6.5,6,1034.91732108137,7,208,6,1,5,6
CNP0347110.3,-8.9,1.7625223057799688,6.5,6,1034.91732108137,7,208,6,1,5,6
CNP0347151.1,-10.2,1.5497001090075655,4.891891891891892,3,1237.514093896925,5,181,6,5,0,11
CNP0347219.12,-9.1,1.6573870657294048,5.666666666666667,4,569.4311656142626,8,136,6,1,2,3
CNP0347235.0,-11.1,1.2898329131070538,5.064516129032258,3,1338.3648722267394,0,157,6,0,0,5
CNP0347348.0,-9.2,1.9340015068054148,5.6,3,595.6809400479051,2,112,6,0,2,2
CNP0347459.0,-9.1,1.3983234359887853,4.698630136986301,0,1729.0537263267995,29,343,6,20,0,33
CNP0347591.2,-8.8,1.4534319928858237,5.413793103448276,5,1140.051741899557,1,157,6,0,0,6
CNP0347616.1,-9.2,1.4351871960351894,4.658536585365853,2,1410.9633310228933,5,191,6,4,0,14
CNP0347734.0,-8.4,1.92387723649032,4.03030303030303,2,975.0920378205,3,133,6,7,0,11
CNP0347902.5,-8.1,2.4737800268881003,3.619047619047619,0,328.6290254039171,4,76,10,3,0,5
CNP0347902.9,-7.9,2.4737800268881003,3.619047619047619,0,328.6290254039171,4,76,10,3,0,5
CNP0347921.1,-9.2,1.4143005997968907,5.666666666666667,5,1903.7140267621785,3,238,6,1,1,11
CNP0348001.5,-8.5,2.539106643367349,4.533333333333333,2,818.9941686682812,6,136,10,1,1,8
CNP0348043.3,-8.7,1.6118428970819374,4.965517241379311,4,923.5903277345626,5,144,13,0,1,7
CNP0348043.4,-8.5,1.6118428970819374,4.965517241379311,4,923.5903277345626,5,144,13,0,1,7
CNP0348076.0,-8.1,2.005176075285203,4.444444444444445,2,521.544074935647,0,80,6,4,0,6
CNP0348085.1,-7.9,1.8066441033535945,5.612903225806452,3,950.6282470424164,8,174,7,2,3,9
CNP0348206.4,-7.8,5.78831283005476,3.909090909090909,0,881.8049268152747,12,172,0,6,0,14
CNP0348210.2,-7.6,5.939126567331739,3.893617021276596,0,987.5474443617354,12,183,0,5,0,15
CNP0348210.4,-7.6,5.939126567331739,3.893617021276596,0,987.5474443617354,12,183,0,5,0,15
CNP0348224.3,-8.8,0.968534142636334,5.184615384615385,4,2206.9498954170235,16,337,6,11,2,25
CNP0348267.1,-9.7,1.3667340718122978,4.965517241379311,2,894.9121219141226,6,144,6,2,2,7
CNP0348278.2,-10.9,0.8876664434335563,5.53932584269663,5,2630.438984337711,34,493,6,17,7,30
CNP0348304.0,-9.0,2.0191708967015427,4.28125,0,1119.595728622035,0,137,6,4,0,7
CNP0348317.3,-8.3,2.8334605121507788,3.875,0,476.0305205596428,4,93,14,3,2,4
CNP0348373.1,-8.8,2.018196008968096,5.658536585365853,4,1266.7119666545382,10,232,6,1,5,11
CNP0348373.5,-8.2,2.018196008968096,5.658536585365853,4,1266.7119666545382,10,232,6,1,5,11
CNP0348383.0,-10.4,1.1894635959890136,4.758620689655173,4,1069.8896758403926,0,138,6,3,1,8
CNP0348492.2,-7.5,2.0251975992332123,4.928571428571429,3,887.5713205803888,2,138,8,2,0,6
CNP0348526.1,-10.5,1.0734134550464658,4.482142857142857,5,2162.5228207996206,3,251,19,5,0,9
CNP0348536.4,-10.4,1.5302364366376695,5.116279069767442,5,1520.7826276769654,9,220,13,6,1,9
CNP0348575.3,-11.2,1.1554549907571672,5.0,4,1072.782453234084,8,195,6,0,2,3
CNP0348585.1,-9.0,1.710195874356577,4.578947368421052,2,953.8752448739584,9,174,6,6,1,12
CNP0348653.4,-9.0,0.9618781989082468,5.047619047619048,2,1783.2435265970091,19,318,6,11,0,23
CNP0348657.7,-7.1,3.235964904599536,4.392857142857143,0,681.6931713546637,6,123,6,5,1,8
CNP0348675.4,-9.1,1.47640826826036,5.138888888888889,4,1569.700639079443,5,185,6,6,0,12
CNP0348699.1,-6.5,2.233717927942028,4.523809523809524,2,716.1693833820556,2,95,6,1,0,5
CNP0348717.0,-11.0,1.1121868500620091,4.8,0,1988.743771470212,14,288,6,11,0,19
CNP0348720.3,-10.1,1.3473196043176388,4.82051282051282,2,1273.6540663424028,6,188,6,6,1,12
CNP0348742.3,-6.7,2.3841391420055658,5.117647058823529,2,367.1181094709745,3,87,6,1,2,2
CNP0348808.3,-7.4,1.8272853372512623,5.142857142857143,3,494.6107919074664,3,108,6,1,1,7
CNP0348840.1,-11.7,0.8287282394724121,4.629032258064516,5,1877.231877014192,11,287,7,10,0,12
CNP0348845.0,-7.9,1.7173254547409655,4.605263157894737,2,900.6594630382269,10,175,6,6,1,12
CNP0348879.3,-11.1,1.2397081986441805,5.791666666666667,5,1239.7151138358058,18,278,6,9,6,12
CNP0348903.2,-7.6,1.7688445925313672,4.076923076923077,0,766.991908215115,1,106,6,0,0,5
CNP0348993.1,-8.7,1.7844467027559712,5.068965517241379,3,804.1857003864031,5,147,6,2,3,6
CNP0349023.4,-9.6,1.506355920425028,7.333333333333333,7,1184.787225710623,10,242,7,1,7,8
CNP0349207.1,-10.1,1.009554362141207,5.5606060606060606,5,1799.42825381536,24,367,6,12,6,19
CNP0349240.0,-8.9,1.365663112906061,4.7407407407407405,2,1062.477218478967,1,128,6,0,0,7
CNP0349380.0,-9.9,1.2879582431767576,4.774193548387097,4,1204.2450570048145,0,148,6,0,0,7
CNP0349551.1,-9.0,1.5000692911806903,4.464285714285714,0,644.8190902106289,4,125,6,4,0,9
CNP0349587.0,-5.8,1.9746437019429672,4.5,2,321.52041537417426,0,45,6,0,0,4
CNP0349603.1,-8.1,1.5262413261270509,5.785714285714286,5,1002.87570800189,2,162,6,1,1,7
CNP0349622.1,-10.1,1.2162718309351983,4.580645161290323,3,1312.2150259680047,1,142,6,2,0,7
CNP0349623.1,-10.9,1.1979149386122818,4.472222222222222,2,1447.1367892852245,1,161,6,2,0,8
CNP0349660.1,-9.9,1.4453719501328492,4.333333333333333,0,1011.5992654867896,2,169,6,2,1,10
CNP0349662.0,-4.4,2.9093838449551863,2.6923076923076925,0,86.03910001730776,1,35,0,0,0,0
CNP0349676.2,-7.2,1.889233455833441,6.6,4,502.49234115885326,6,132,6,2,4,5
CNP0349710.0,-7.4,1.9115097019501208,4.846153846153846,3,961.7131392770506,1,126,6,1,0,7
CNP0349755.1,-8.9,1.7286988233023994,5.36,3,1613.2719949183977,7,268,6,2,6,7
CNP0349760.0,-10.5,1.2158178596562417,4.864864864864865,3,1586.4594690370116,1,180,6,2,0,10
CNP0349775.1,-9.9,1.2132098079967382,4.689655172413793,3,1012.7077122897437,2,136,6,1,0,7
CNP0349782.1,-9.5,1.324143325209673,4.884615384615385,3,925.126631040884,2,127,6,1,0,7
CNP0349962.6,-9.7,1.5966937398135082,4.791666666666667,2,783.2313392054064,5,115,6,4,0,8
CNP0350000.0,-8.8,1.3815556264435829,4.384615384615385,3,1023.3839266728678,0,114,6,2,0,7
CNP0350004.2,-9.0,1.725422376974305,4.846153846153846,2,634.0535055493606,4,126,6,0,2,4
CNP0350021.2,-7.1,2.384029255663328,4.48,0,636.5742196438745,4,112,6,1,1,6
CNP0350031.1,-8.7,1.8430839493602669,5.5,4,1108.6565350164983,8,198,7,1,3,7
CNP0350072.0,-8.5,1.524609629668104,4.481481481481482,2,1050.4836698898569,0,121,6,2,0,8
CNP0350097.1,-10.7,1.58288882538475,6.125,5,856.89290450404,9,196,6,0,6,2
CNP0350147.0,-8.1,1.863346441194584,5.176470588235294,3,659.0218277807028,0,88,6,1,0,3
CNP0350190.1,-9.552,1.2393418591656211,5.290322580645161,4,957.7138462533572,5,164,6,0,0,7
CNP0350270.2,-6.8,1.8978404659255272,5.6,3,310.0,5,84,7,0,1,0
CNP0350271.2,-8.6,1.617708331575877,4.730769230769231,3,784.7657196010404,1,123,6,1,0,5
CNP0350301.0,-10.7,1.1595220581414936,5.061538461538461,2,2122.716112130884,20,329,6,14,1,25
CNP0350439.1,-12.1,1.0571530715799935,5.405405405405405,4,1552.2567721716796,1,200,6,2,1,7
CNP0350503.0,-8.3,3.728026003024854,3.4705882352941178,0,620.4460849427232,2,118,0,3,2,3
CNP0350540.1,-8.8,1.5356896231835373,6.0,5,886.9726007761027,9,198,6,1,5,3
CNP0350571.0,-11.5,0.8903254307596883,5.554216867469879,6,2579.246210509694,27,461,6,12,7,23
CNP0350644.2,-9.1,1.5475894641046024,5.225806451612903,3,1034.477786801982,1,162,6,1,2,6
CNP0350737.1,-10.9,1.4019922846966424,5.9,3,990.4360851889036,6,177,6,2,3,9
CNP0350782.1,-10.8,1.5905487923583046,6.057142857142857,5,1041.3470760077469,9,212,6,2,6,5
CNP0350812.5,-8.7,1.453556649505381,5.533333333333333,5,970.4778894043924,4,166,6,0,1,8
CNP0350881.1,-8.3,1.595649333306554,4.40625,3,1673.3405004968452,15,282,29,3,1,13
CNP0350946.0,-9.9,1.1132860968818643,5.0,4,876.9707084227298,2,135,6,0,0,6
CNP0350949.3,-9.6,1.6845018623475232,4.1875,0,1069.4576218427103,13,201,5,4,2,8
CNP0351020.0,-9.2,1.658989294713367,4.538461538461538,3,866.430162267987,0,118,6,5,0,9
CNP0351056.3,-7.6,1.4083224086158528,3.903225806451613,2,619.0462443619776,3,121,7,1,0,8
CNP0351102.2,-10.0,1.644186877088092,4.424242424242424,3,1772.6759709204655,15,292,29,3,1,14
CNP0351204.1,-9.604,1.2763849052757084,5.224489795918367,6,1721.5163477060294,10,256,8,6,1,14
CNP0351263.3,-9.8,1.427019667379719,5.323529411764706,4,1216.5318782563204,4,181,6,3,1,9
CNP0351307.0,-4.5,3.151251388899732,2.6666666666666665,0,116.08455842683315,0,24,0,0,0,2
CNP0351336.3,-8.2,1.5207013415685404,4.428571428571429,2,649.0911510683098,3,124,6,1,1,8
CNP0351469.2,-10.1,0.7941078945740682,5.264705882352941,4,2141.913984047827,20,358,6,6,3,19
CNP0351489.0,-9.6,1.4320302660882658,4.793103448275862,3,1167.2405113892376,0,139,6,2,0,6
CNP0351515.1,-10.0,1.3224595694914996,5.35,5,1455.640197169139,6,214,8,4,0,11
CNP0351602.1,-6.108,1.26418117544915,3.8333333333333335,0,2526.67768787397,14,368,6,10,0,23
CNP0351668.0,-12.6,0.8619763713278705,5.372881355932203,4,1823.7006463142816,18,317,6,6,3,16
CNP0351678.1,-10.3,1.94248903133193,4.416666666666667,0,1539.7727245968083,6,212,15,3,1,14
CNP0351748.2,-13.5,0.9717028520566184,5.666666666666667,7,1877.0694300933967,12,289,6,3,3,14
CNP0351785.1,-10.5,1.359941331491498,6.45945945945946,8,1967.6865968184843,3,239,7,3,2,10
CNP0351795.1,-9.4,1.7028097263286757,5.48,4,959.11717074894,2,137,6,4,0,6
CNP0351837.2,-9.2,0.7213115113018108,5.637096774193548,9,4693.27308957344,35,699,6,17,6,39
CNP0351874.2,-6.4,2.9268253088889216,4.103092783505154,2,2713.7371203345697,17,398,37,16,0,32
CNP0351877.1,-7.7,4.135793995251274,3.3421052631578947,0,770.3010935998299,2,127,0,2,0,10
CNP0351885.2,-9.7,1.1801866950246125,4.632911392405063,4,2749.117633042222,11,366,31,3,0,20
CNP0351911.2,-10.2,1.7493938631688488,4.390243902439025,2,885.3332557445077,11,180,12,2,2,11
CNP0351911.3,-9.2,1.7493938631688488,4.390243902439025,2,885.3332557445077,11,180,12,2,2,11
CNP0351950.1,-10.2,1.3415170998132158,6.428571428571429,6,939.0928216652918,10,225,6,0,7,3
CNP0351951.3,-7.1,1.8123122227956985,4.806451612903226,3,813.6539588859341,5,149,6,0,3,5
CNP0351974.0,-5.5,3.2982330672974904,3.0,0,189.360841123836,2,51,0,0,0,2
CNP0352026.0,-7.4,2.065894138553118,4.0,2,2126.159123692832,9,300,25,12,0,25
CNP0352038.1,-5.2,3.4298640033151786,3.0,0,152.51956340253028,1,33,0,1,0,4
CNP0352313.1,-7.0,3.4541445755059867,3.9432624113475176,0,4201.888553878903,19,556,5,26,0,47
CNP0352324.0,-10.9,1.1984140040184506,5.093023255813954,4,2157.747397482846,0,219,6,3,0,10
CNP0352347.1,-8.3,2.946638724690177,3.739130434782609,0,1719.1087747051247,7,258,9,13,0,25
CNP0352405.1,-10.0,1.8597117363140825,4.159574468085107,0,2450.537698209245,26,391,6,17,0,23
CNP0352497.2,-9.4,1.817261681991168,5.555555555555555,5,799.879879103898,7,150,11,2,1,8
CNP0352538.2,-9.909,1.428151800908827,4.421052631578948,0,1574.1022878542872,15,252,6,11,0,20
CNP0352571.1,-9.9,1.0111366707857417,4.567567567567568,0,1820.393549990628,26,338,6,14,1,24
CNP0352571.2,-10.2,1.0111366707857417,4.567567567567568,0,1820.393549990628,26,338,6,14,1,24
CNP0352681.1,-10.7,1.1497387292001822,5.0,4,1330.658940775747,3,180,6,1,1,6
CNP0352713.1,-7.8,1.68974886675295,3.9565217391304346,0,804.7808810698166,12,182,6,7,0,14
CNP0352789.1,-10.6,1.314380849214914,4.430769230769231,4,2275.122907619789,9,288,23,12,1,22
CNP0352799.0,-6.5,1.7227827878436472,4.3125,0,493.5105968431144,0,69,5,0,0,3
CNP0352806.0,-11.6,1.1332418126075563,5.194444444444445,6,2011.6437697984748,0,187,6,2,0,9
CNP0352855.0,-5.9,2.9546923907218963,2.7916666666666665,0,317.9316044072872,0,67,0,1,0,2
CNP0352981.2,-10.2,1.3585131186362478,5.305555555555555,4,909.1151927758234,12,191,8,3,1,6
CNP0353127.0,-8.2,0.9387493506811851,4.916666666666667,13,5654.033765714622,23,649,16,24,0,44
CNP0353204.0,-4.2,2.327882879407043,3.625,0,72.10749561002055,0,29,6,0,1,4
CNP0353220.1,-10.3,1.8106528923706748,5.269230769230769,2,553.7107260017616,11,137,6,8,1,11
CNP0353301.1,-9.3,2.253757644210567,3.840909090909091,0,1082.905037297999,10,169,6,7,0,12
CNP0353345.2,-8.389,1.577904503325268,5.764705882352941,4,560.8909936431276,4,98,6,2,0,4
CNP0353580.1,-10.2,1.3604691239336673,5.615384615384615,6,1494.699745430038,8,219,10,4,1,7
CNP0353597.0,-7.2,2.2026819653336744,4.875,2,326.3266529435301,3,78,7,1,1,1
CNP0353670.1,-9.2,1.2497066030901869,4.780487804878049,3,1688.4078611128905,2,196,6,2,0,11
CNP0353715.12,-10.3,1.2762584981057032,5.216216216216216,3,1029.8956848056137,11,193,6,5,1,13
CNP0353715.13,-10.3,1.2762584981057032,5.216216216216216,3,1029.8956848056137,11,193,6,5,1,13
CNP0353715.19,-10.3,1.2762584981057032,5.216216216216216,3,1029.8956848056137,11,193,6,5,1,13
CNP0353715.9,-10.3,1.2762584981057032,5.216216216216216,3,1029.8956848056137,11,193,6,5,1,13
CNP0353780.0,-6.5,3.246945744281581,2.952380952380953,0,503.2124863150828,0,124,0,2,0,4
CNP0353796.2,-7.8,1.9595925640478349,4.15,2,387.9381109542897,5,83,13,2,0,4
CNP0353827.1,-10.1,1.5018518768055686,7.96969696969697,9,1220.652140060555,10,263,6,1,9,8
CNP0353851.1,-7.9,1.925484531498947,5.478260869565218,4,657.9327365781305,4,126,6,2,2,5
CNP0353881.0,-10.0,1.7340434530511362,4.909090909090909,2,954.9877511676711,0,108,6,4,0,6
CNP0353984.3,-8.311,1.843253678382728,4.1923076923076925,2,856.7184348867786,2,109,6,2,0,7
CNP0353999.0,-9.0,1.4747610031270757,4.384615384615385,0,885.144138958394,0,114,6,3,0,4
CNP0354001.1,-7.1,5.303173131158094,3.7,0,604.4351779405819,5,111,0,2,0,8
CNP0354128.1,-8.0,1.7465990413394847,4.857142857142857,3,667.6652490996366,6,136,6,3,2,7
CNP0354167.2,-11.1,0.9154762185402836,5.103092783505154,10,4568.046868574359,10,495,26,11,1,37
CNP0354183.1,-6.4,2.947732063068781,3.95,0,433.7578262764302,3,79,9,2,0,4
CNP0354355.1,-9.747,1.992070210464503,3.86,2,1425.2351275285932,10,193,31,4,0,9
CNP0354474.1,-7.2,2.822438949772946,4.533333333333333,0,291.24235715982155,3,68,6,1,1,3
CNP0354496.1,-8.6,1.8518412598487195,4.705882352941177,0,1143.5607060977277,1,160,6,4,2,9
CNP0354601.1,-11.83,0.8979751322980614,5.803030303030303,6,1804.06770253906,26,383,6,11,7,18
CNP0354813.1,-6.3,3.20790704511974,4.25,0,485.330729701731,4,102,6,3,1,7
CNP0354851.1,-9.7,1.6950489789101992,4.972972972972973,3,1174.9569358684273,7,184,12,3,1,7
CNP0354971.1,-10.0,1.4872171518897672,5.064516129032258,3,1184.4410152050514,5,157,6,5,0,10
CNP0354972.0,-7.5,1.8437547060189392,5.0,3,629.7495253947341,2,95,6,1,0,2
CNP0355092.1,-9.3,1.0423914618938876,5.575757575757576,5,1833.153713093381,25,368,6,11,5,19
CNP0355117.1,-8.9,1.3312002836859218,5.4,5,1451.314928159583,6,216,6,3,0,10
CNP0355148.0,-6.3,2.0621918561079946,4.315789473684211,2,455.2019522406533,0,82,7,1,0,8
CNP0355170.0,-9.0,2.001773811381633,4.423076923076923,0,626.3126948065901,4,115,6,4,1,5
CNP0355213.0,-8.9,1.8261747829594783,5.083333333333333,3,1052.135120517528,0,122,6,3,0,8
CNP0355223.4,-10.9,1.2111461222708195,5.25,3,874.9023591864842,6,168,6,2,2,5
CNP0355265.6,-9.1,1.5956613036536105,5.0,2,1249.7051931259623,5,170,6,7,0,12
CNP0355265.8,-8.3,1.5956613036536105,5.0,2,1249.7051931259623,5,170,6,7,0,12
CNP0355269.2,-12.91,0.7660998597646443,5.6875,11,1939.244432806184,23,364,8,1,5,14
CNP0355274.0,-8.1,1.7980279699423232,4.129032258064516,2,1032.5368247966442,0,128,6,4,0,8
CNP0355304.2,-9.1,1.9593271228820164,5.166666666666667,3,644.0242893900122,4,124,11,1,2,4
CNP0355329.1,-11.0,1.2050770480984174,5.225,4,957.4275597714084,13,209,6,3,2,5
CNP0355352.1,-10.1,1.226204930530174,5.567567567567568,4,1102.075394205912,8,206,6,3,4,6
CNP0355424.1,-5.0,3.205455337414515,2.8,0,83.74860596185445,1,28,0,2,1,2
CNP0355472.1,-9.3,2.060660357591858,4.875,3,845.2857905636766,7,156,12,4,1,8
CNP0355505.1,-8.437,1.4785574745244443,6.2,6,978.2280703016744,12,217,7,4,4,8
CNP0355540.0,-8.6,1.6102682481607984,5.380952380952381,4,728.4571826537831,2,113,6,2,0,5
CNP0355642.1,-8.315,1.9564369759656248,5.085714285714285,3,933.4564853044288,7,178,6,1,3,6
CNP0355830.1,-11.5,0.9839685572143472,5.619047619047619,5,1722.6028695169914,22,354,6,9,6,16
CNP0355843.1,-7.3,2.8115319343330114,4.262626262626263,0,2985.235942329205,15,422,42,12,0,32
CNP0355852.2,-11.2,1.2188948110630082,5.871794871794871,7,1258.342756866517,9,229,16,1,4,10
CNP0355855.0,-6.4,3.5473859276235262,3.1538461538461537,0,340.16323029948427,4,82,0,5,0,6
CNP0355934.1,-8.729,2.205611258089524,4.458333333333333,2,2098.649411237667,9,321,27,1,0,19
CNP0355956.1,-5.7,1.7401880983489395,3.25,0,220.77523112580903,1,52,5,1,0,2
CNP0355981.1,-10.4,1.3625207628278158,4.90625,2,1153.8255447974616,5,157,6,5,0,10
CNP0355987.0,-11.5,3.0096085359959788,4.164383561643835,0,4779.741893047239,10,608,5,24,12,48
CNP0356042.2,-6.8,1.8387540492317929,5.647058823529412,2,493.9403414153702,3,96,6,1,2,2
CNP0356074.1,-9.8,1.090283607999926,5.510204081632653,7,2438.208806725324,2,270,6,4,0,11
CNP0356128.4,-9.1,1.7180822207182478,5.9523809523809526,4,482.23008642068913,6,125,6,1,4,1
CNP0356266.1,-9.9,1.8378891957107373,4.2926829268292686,2,1302.1864176869808,3,176,14,4,0,10
CNP0356271.0,-8.5,1.5626268061780906,4.739130434782608,3,816.2522439046239,0,109,6,0,0,5
CNP0356312.5,-10.2,1.3082989018468951,4.870967741935484,2,959.1313670319072,3,151,6,1,2,8
CNP0356463.1,-8.3,1.7069712226489673,4.733333333333333,3,862.7773993942061,4,142,6,0,1,7
CNP0356479.0,-8.6,1.7589182359921565,4.724137931034483,2,641.1822768546677,8,137,6,1,1,5
CNP0356522.1,-9.5,1.4761834403908078,5.735294117647059,5,1073.1449111252714,8,195,6,1,4,6
CNP0356543.0,-9.9,1.31372158619996,5.580645161290323,6,1500.0764029672323,0,173,6,2,0,9
CNP0356602.2,-7.9,2.3947057908113445,5.2631578947368425,2,369.157075007448,6,100,6,4,2,4
CNP0356650.1,-5.6,3.0869603747514005,2.942857142857143,0,412.7873109927932,1,103,0,2,0,4
CNP0356697.1,-7.9,1.7092684646529963,5.608695652173913,4,692.2228220956622,3,129,6,0,2,4
CNP0356706.5,-8.955,1.8999942869871576,5.277777777777778,3,623.6259267782002,2,95,6,2,1,3
CNP0356874.1,-8.5,1.5734829300275113,3.8333333333333335,0,566.3796962403657,4,92,6,3,0,5
CNP0356916.0,-9.2,1.2974040347696405,4.892857142857143,3,1231.369527799245,0,137,6,1,0,6
CNP0356933.1,-8.4,2.082711366149175,4.783783783783784,3,989.0150983987656,8,177,11,3,1,9
CNP0356942.0,-12.6,1.3185149276976529,5.2727272727272725,4,1518.0921489189416,0,174,6,5,0,9
CNP0357073.1,-8.2,2.035593099091435,6.117647058823529,3,438.7482762689688,5,104,6,2,2,3
CNP0357126.1,-11.3,1.182966431179186,4.536585365853658,3,1206.384250962391,3,186,11,3,1,6
CNP0357127.1,-8.7,1.6386104477458787,4.27027027027027,3,2065.359361463476,15,316,21,14,0,24
CNP0357158.1,-12.0,1.0731817257287846,6.219512195121951,10,2046.475629777544,5,255,6,3,2,9
CNP0357215.0,-5.5,3.2183194297394184,2.8666666666666667,0,233.9672469995536,0,43,0,0,0,5
CNP0357384.2,-10.3,1.3347804452677428,6.17948717948718,7,1751.7275856933577,5,241,6,6,2,9
CNP0357392.2,-11.2,1.2155097193983448,5.666666666666667,4,1037.775613131256,12,221,6,5,4,10
CNP0357411.1,-7.5,1.717297943133021,5.25,3,500.3415993485019,6,105,6,2,2,4
CNP0357415.1,-8.9,1.680748377487057,5.2,3,494.831824344175,6,104,6,2,2,4
CNP0357458.1,-8.7,1.802589020510259,5.368421052631579,3,490.0647920418555,3,102,6,1,2,5
CNP0357472.0,-7.9,1.3609383374204498,4.132075471698113,3,1431.4176037356135,1,219,6,3,1,7
CNP0357477.1,-10.0,1.5143330910728157,4.394736842105263,2,2597.292475258046,10,334,19,11,0,23
CNP0357564.1,-11.5,1.082589634133572,6.2631578947368425,7,1176.544028978518,11,238,6,2,4,9
CNP0357617.2,-8.518,1.9471737017812327,5.409090909090909,3,644.8157605008731,2,119,6,3,2,3
CNP0357681.1,-10.2,1.2207863874592044,5.318181818181818,4,1587.846063739844,10,234,6,9,1,16
CNP0357816.0,-8.7,1.857286117235836,4.333333333333333,0,595.0913432024137,1,91,6,2,1,6
CNP0357855.0,-8.9,1.6385014565441858,5.05,2,761.619718008421,0,101,6,2,0,6
CNP0357972.1,-9.765,1.368218492205903,4.269230769230769,2,807.4413489809909,1,111,7,3,0,7
CNP0358178.2,-7.5,2.3147820877166527,4.212121212121212,2,869.9629269025882,5,139,15,4,0,8
CNP0358199.0,-6.61,1.8893745789791807,3.76056338028169,0,1467.4696664829328,13,267,6,9,0,19
CNP0358249.1,-9.1,1.2149471422425526,4.548387096774194,0,991.8212700127128,1,141,6,1,0,9
CNP0358278.1,-8.7,1.40228061126466,4.84375,4,2574.581799370604,10,310,6,0,0,23
CNP0358297.0,-4.3,2.436078332988114,4.0,0,159.81160503641942,0,32,5,1,0,3
CNP0358304.2,-10.6,1.3409961327161313,4.666666666666667,2,1544.5077620266206,6,196,6,8,1,15
CNP0358375.1,-9.3,1.2413907817408378,5.375,6,1262.3406142111205,11,215,7,1,1,10
CNP0358480.0,-9.9,1.2174728547634308,5.60377358490566,8,2967.3315273119338,0,297,6,3,0,11
CNP0358515.1,-10.7,1.3496163191185624,5.485714285714286,5,1636.6180063237316,1,192,6,5,1,10
CNP0358536.1,-10.5,1.4590534004459497,5.392857142857143,4,954.6258055286298,1,151,6,2,1,7
CNP0358569.1,-7.3,1.4237398971033812,3.903225806451613,2,619.0462443619776,3,121,7,1,0,8
CNP0358594.0,-11.4,0.7803070159030903,5.3604651162790695,5,2225.5523944986226,37,461,6,19,4,30
CNP0358726.1,-7.9,1.6716428310187463,5.075,3,989.2904593030312,12,203,8,6,2,9
CNP0358807.0,-7.4,1.6302919117716574,4.0,0,486.09008626060125,0,68,6,1,0,2
CNP0358842.1,-12.6,1.0538253571897178,5.5588235294117645,7,1377.2387737532165,4,189,6,2,0,4
CNP0358844.1,-12.1,1.0349270908202015,5.545454545454546,7,1432.635312707117,2,183,6,2,0,4
CNP0358953.1,-9.1,1.9123385455684296,4.242424242424242,0,941.3827744272058,2,140,6,3,0,11
CNP0358979.1,-10.4,1.2319270129570292,4.789473684210527,2,1042.282371414478,11,182,6,9,0,16
CNP0359035.1,-8.7,1.6927025213022666,5.09375,3,1374.724450525232,1,163,6,1,1,6
CNP0359042.0,-5.1,4.034118241181464,3.5,0,158.23415450316315,0,35,0,1,1,3
CNP0359057.3,-9.5,1.356894098537207,5.243243243243243,4,1308.9001081963088,4,194,6,3,1,10
CNP0359071.1,-7.0,1.6413609924086074,3.941176470588236,0,317.45116411809533,0,67,6,0,0,4
CNP0359076.1,-10.1,1.2474929361437357,4.857142857142857,2,978.9188588648116,10,170,6,8,0,15
CNP0359137.0,-7.7,2.479515991192113,4.052631578947368,0,337.0372756989583,4,77,6,3,1,4
CNP0359175.2,-8.3,1.751827115407898,5.590909090909091,4,517.216545541304,6,123,7,2,1,4
CNP0359229.1,-7.4,1.9988406902751723,4.647058823529412,2,395.1448824383834,3,79,6,1,1,2
CNP0359299.1,-10.0,1.4337507473921738,4.547619047619048,3,1588.477576254207,1,191,7,4,0,11
CNP0359317.1,-10.16,1.270897075465832,4.583333333333333,0,1279.1636197577825,12,220,6,8,0,16
CNP0359323.4,-8.1,1.5604595019081262,5.565217391304348,4,675.9546261538767,5,128,6,2,2,3
CNP0359354.9,-8.2,1.79606738372672,5.3,4,355.3701930927873,3,106,6,4,2,6
CNP0359445.0,-9.2,1.4473671530051944,5.466666666666667,5,1730.670449099885,0,164,6,4,0,12
CNP0359497.1,-7.4,1.687468482496461,4.776119402985074,0,1481.0497264541532,29,320,6,20,0,31
CNP0359699.2,-8.564,1.267738624200227,5.423728813559322,5,1691.5005216951174,16,320,6,8,6,12
CNP0359750.1,-10.3,1.2306081767987258,5.769230769230769,7,1656.4988773230816,3,225,8,2,2,7
CNP0360073.1,-11.7,0.8065776269686488,5.465116279069767,5,2399.05089086016,33,470,6,15,6,26
CNP0360108.1,-6.5,1.2458557197343787,4.011363636363637,0,2021.1834612495632,18,353,6,7,0,26
CNP0360113.1,-8.5,3.778473119924697,3.351851851851852,0,1474.3393736573123,1,181,0,3,0,9
CNP0360164.5,-9.2,1.3604962929314168,5.0,5,1059.5813624773302,5,150,6,0,0,4
CNP0360164.6,-9.556,1.3604962929314168,5.0,5,1059.5813624773302,5,150,6,0,0,4
CNP0360229.1,-9.641,1.6361086084007206,5.863636363636363,4,584.514664398947,6,129,6,1,3,2
CNP0360234.1,-7.9,2.6711275305681386,3.772727272727273,0,424.98819809095625,3,83,14,2,2,2
CNP0360589.2,-8.7,1.929645070707677,3.9642857142857135,0,860.1244973570896,1,111,6,3,0,7
CNP0360770.1,-7.5,1.839561362411802,4.3,2,686.2136182399029,1,86,6,0,0,5
CNP0360815.5,-6.426,2.50518379185872,3.7,0,364.8850141497671,2,74,5,0,0,5
CNP0360836.2,-8.6,1.5543914304112425,4.523809523809524,2,1549.4500918411811,5,190,6,0,0,13
CNP0360855.1,-8.3,1.5612306199805268,4.448275862068965,2,1103.480740634623,1,129,6,2,0,7
CNP0361023.2,-9.4,1.2043997346436517,5.373134328358209,4,1712.00405639108,26,360,6,13,5,19
CNP0361097.2,-9.3,1.341151937705714,4.6415094339622645,0,1555.7723000437786,14,246,6,11,0,19
CNP0361113.1,-11.5,1.0808492150736912,5.7631578947368425,6,1191.003275343593,9,219,6,0,3,2
CNP0361393.1,-7.4,1.7412554807002627,4.130434782608695,0,518.9882038080959,1,95,6,1,0,5
CNP0361440.1,-7.5,1.884852280014358,3.739130434782609,0,1110.505648541927,2,172,6,1,0,9
CNP0361444.3,-9.9,1.2917335580584717,5.448275862068965,4,760.4767612920192,8,158,6,1,2,3
CNP0361444.6,-9.7,1.2917335580584717,5.448275862068965,4,760.4767612920192,8,158,6,1,2,3
CNP0361459.3,-9.6,1.623132939890071,5.761904761904762,4,587.2708590369026,5,121,6,1,2,3
CNP0361459.4,-8.9,1.623132939890071,5.761904761904762,4,587.2708590369026,5,121,6,1,2,3
CNP0361502.0,-8.8,1.5725934715537209,4.931034482758621,4,1147.3616401163442,1,143,6,1,0,8
CNP0361506.2,-7.63,1.6975162021592878,4.739130434782608,2,714.4080403127446,1,109,6,2,0,5
CNP0361536.5,-9.7,1.4562590691964417,6.0,4,734.5386223859373,8,168,6,4,4,6
CNP0361543.2,-10.0,1.1865074949693226,6.931818181818182,11,1439.2292941205455,13,305,7,1,7,3
CNP0361552.1,-9.4,1.4508608030963637,6.314285714285714,6,1146.367020303938,7,221,6,2,5,9
CNP0361552.3,-9.7,1.4508608030963637,6.314285714285714,6,1146.367020303938,7,221,6,2,5,9
CNP0361562.1,-7.4,1.8755591977374588,5.25,3,535.7569381887918,6,126,6,2,4,4
CNP0361624.2,-8.5,3.009681081556943,4.296296296296297,0,499.4032597538553,11,116,6,9,0,13
CNP0361628.0,-7.9,1.866438511021108,4.217391304347826,2,831.927904509332,0,97,6,0,0,7
CNP0361640.2,-8.1,1.7824963929579134,4.12,0,754.5194513873412,1,103,6,2,0,6
CNP0361683.1,-7.3,1.8296324556250367,4.84,2,669.6068475719193,5,121,6,4,0,8
CNP0361766.0,-9.2,1.3128797831121175,5.132352941176471,4,2657.993486823371,0,349,6,8,4,10
CNP0361827.1,-9.9,1.3098532388177468,4.833333333333333,3,799.7592413223032,2,116,6,0,0,5
CNP0361834.0,-9.9,1.239404946094706,5.816326530612245,5,1272.1142484032744,17,285,6,9,7,12
CNP0361846.1,-7.6,2.015684409626219,4.5625,2,514.3431334068787,1,73,6,3,0,8
CNP0361896.1,-10.4,1.2411277150737283,5.172413793103448,4,1257.035030381583,1,150,6,0,0,4
CNP0361897.1,-8.4,2.228340196298646,4.833333333333333,2,516.0733999486278,2,87,6,2,1,2
CNP0361898.4,-6.3,2.511658620109364,3.85,0,348.89916680151464,3,77,6,0,0,3
CNP0361899.3,-9.9,1.0226186269399895,4.65625,3,1023.08112403256,4,149,6,1,0,7
CNP0362155.4,-9.4,1.124723710737639,4.827586206896552,2,1030.450829544836,2,140,6,0,0,5
CNP0362158.2,-6.8,2.13469721720944,3.588235294117647,0,210.00308686458152,3,61,6,1,1,3
CNP0362226.2,-9.7,1.0366108357665698,5.5064935064935066,5,2176.921875750519,28,424,6,14,6,24
CNP0362302.0,-8.0,1.9163320504006385,5.333333333333333,3,549.401892439548,2,112,6,0,2,0
CNP0362377.2,-8.8,1.489089202560372,4.129032258064516,2,878.4757438382657,2,128,14,3,0,5
CNP0362420.1,-10.7,1.3274279230175856,5.571428571428571,5,711.3364045462671,7,156,6,0,3,3
CNP0362429.0,-9.2,1.3483101179265995,4.954545454545454,3,925.9651755057962,0,109,6,1,0,4
CNP0362628.2,-8.2,1.8111523035929804,6.173913043478261,4,517.771063048809,8,142,6,2,4,3
CNP0362705.2,-7.6,2.0427669350432405,4.529411764705882,2,613.8260638427639,1,77,6,1,0,4
CNP0362762.5,-10.1,1.4739711407914464,5.111111111111111,3,623.8707127747608,6,138,7,0,2,3
CNP0362781.2,-9.0,0.98632456984562,4.709677419354839,6,2270.107639987192,2,292,7,4,0,14
CNP0362813.4,-7.7,3.7862359002783967,3.3181818181818183,0,418.803093175048,3,73,0,2,0,4
CNP0362846.16,-9.2,1.2785842755426886,5.833333333333333,6,665.2485065802933,13,175,6,2,1,3
CNP0362870.1,-9.8,1.1306700525950526,4.892857142857143,2,1096.5361362355516,2,137,6,0,0,4
CNP0362913.3,-12.0,1.239858248396137,5.379310344827586,4,846.8842573246219,6,156,6,1,2,4
CNP0362934.1,-8.2,1.5105184305703592,4.642857142857143,4,1690.2188833076602,9,260,6,9,2,11
CNP0363008.0,-9.362,1.3625179715165086,5.5,5,1236.7366208437088,0,143,6,1,0,6
CNP0363149.5,-10.8,1.3261732069887386,5.655172413793103,4,808.5562502590665,7,164,6,1,3,5
CNP0363302.4,-7.8,1.7272227064304213,5.0,2,488.4884583032456,5,95,6,1,0,2
CNP0363331.0,-8.5,1.626216503090625,4.636363636363637,2,847.6784490463468,0,102,6,1,0,3
CNP0363416.0,-7.8,1.8348382367012623,5.157894736842105,3,515.1220137439665,0,98,6,0,1,4
CNP0363530.0,-5.8,1.9849609853322128,3.333333333333333,0,178.4609327209684,0,50,6,1,0,3
CNP0363534.3,-8.6,1.5300939824710107,4.863636363636363,3,530.5230671777313,2,107,6,1,2,4
CNP0363564.5,-9.3,1.2822625679811968,5.470588235294118,5,906.7265168285752,9,186,6,2,3,4
CNP0363612.0,-4.7,2.9093838449551863,2.6923076923076925,0,141.0257051333355,0,35,0,0,0,2
CNP0363732.3,-6.8,2.2100540335954384,4.928571428571429,2,221.2754526075878,3,69,6,0,2,1
CNP0363732.4,-6.9,2.2100540335954384,4.928571428571429,2,221.2754526075878,3,69,6,0,2,1
CNP0363869.0,-7.8,1.8813742826122188,4.3,0,634.0440179645389,0,86,6,2,0,5
CNP0363936.1,-9.1,1.4127576781236626,5.923076923076923,5,706.241491653216,6,154,6,0,3,3
CNP0363971.1,-9.5,1.3785342719941291,4.962962962962963,3,1050.7386025230412,2,134,6,1,0,10
CNP0364005.1,-7.4,1.830115144193831,4.074074074074074,0,707.4082489861624,1,110,6,0,0,4
CNP0364083.1,-9.2,1.1771417656970553,6.0,8,1814.7151228413995,16,348,9,3,8,6
CNP0364125.0,-7.7,1.6858988737611518,4.642857142857143,0,986.8450640710786,0,130,6,2,0,7
CNP0364153.2,-9.6,1.5033656180520736,5.258064516129032,4,822.8871621217002,7,163,6,2,3,7
CNP0364180.1,-9.7,1.5436869618683096,6.1,5,790.1852927648717,8,183,6,0,5,1
CNP0364226.2,-6.9,1.80246826959532,4.157894736842105,2,321.8129375884445,3,79,6,0,0,5
CNP0364325.5,-11.2,1.239609817782652,5.448275862068965,4,862.0792599418717,6,158,6,0,2,4
CNP0364329.2,-10.3,1.262855606532458,5.407407407407407,4,748.5757774336655,8,146,6,1,1,1
CNP0364405.1,-6.5,2.537775604023389,3.8,0,479.684114692494,2,76,6,5,0,7
CNP0364543.1,-10.37,1.1764124386193069,5.0,0,1505.2175653007332,24,290,6,12,0,23
CNP0364546.8,-9.7,1.377679523352351,5.787878787878788,5,929.742896375918,8,191,6,1,4,7
CNP0364636.1,-10.8,1.3299715818569946,5.538461538461538,4,558.5006469047726,6,144,6,0,2,1
CNP0364636.2,-10.9,1.3299715818569946,5.538461538461538,4,558.5006469047726,6,144,6,0,2,1
CNP0364651.2,-8.2,1.6534334404474735,4.875,3,620.995115124503,4,117,6,1,1,3
CNP0364749.1,-7.4,1.921357304758084,4.705882352941177,0,376.15794559576506,4,80,5,2,1,6
CNP0364880.3,-8.8,1.8749666763661068,3.90625,2,884.2034735944658,3,125,12,3,0,6
CNP0364880.4,-8.3,1.8749666763661068,3.90625,2,884.2034735944658,3,125,12,3,0,6
CNP0364986.3,-7.8,1.859436852726053,5.238095238095238,2,565.3367957941035,5,110,6,2,1,3
CNP0365030.3,-11.1,1.2848319478625652,5.392857142857143,5,914.1802724403378,4,151,6,0,1,4
CNP0365054.1,-8.4,1.6054905666574697,4.85,3,741.9606623142275,1,97,6,0,0,4
CNP0365067.1,-7.1,1.8718869697350984,4.25,2,327.7107309287843,2,68,6,1,0,6
CNP0365159.4,-10.0,1.4997904004140752,5.178571428571429,3,748.9492206591315,5,145,7,0,2,4
CNP0365191.1,-9.0,1.080736241647988,5.129411764705883,9,3454.3452315514287,12,436,18,11,2,21
CNP0365242.1,-7.3,1.6662618783373846,4.039370078740157,2,4566.9626844606655,15,513,6,29,0,48
CNP0365299.7,-8.8,1.395539856755347,4.660377358490566,0,1555.7723000437786,14,247,6,11,0,19
CNP0365367.9,-10.19,1.2236210957427731,5.595238095238095,5,1231.2766285092885,10,235,6,1,5,3
CNP0365374.1,-7.4,1.7082959512524492,4.482758620689655,0,973.8908628468968,2,130,6,2,0,8
CNP0365399.1,-8.7,1.4274166579460668,5.321428571428571,3,1048.315579683813,1,149,6,0,0,8
CNP0365444.3,-9.2,1.60316424016591,5.0606060606060606,2,1259.4508502448143,5,167,6,8,0,12
CNP0365444.7,-9.4,1.60316424016591,5.0606060606060606,2,1259.4508502448143,5,167,6,8,0,12
CNP0365452.0,-8.5,1.6615577063422935,4.681818181818182,2,853.3304217758133,0,103,6,0,0,4
CNP0365539.3,-8.8,1.7319300435356293,4.62962962962963,2,707.9182514242433,5,125,10,2,1,5
CNP0365568.1,-10.1,1.524454808603329,5.888888888888889,5,1055.1841195590823,8,212,6,2,6,5
CNP0365568.4,-9.1,1.524454808603329,5.888888888888889,5,1055.1841195590823,8,212,6,2,6,5
CNP0365575.1,-10.12,1.062643568479697,5.121212121212121,4,925.9763197096108,6,169,6,3,2,7
CNP0365630.0,-9.1,1.4273311910712374,5.111111111111111,3,1249.1890800793376,0,138,6,1,0,7
CNP0365631.1,-10.6,1.079398664024052,5.0,4,1100.7468651884974,7,190,6,2,2,7
CNP0365650.1,-7.4,2.037407705627351,5.0,2,1040.1721026751657,4,155,6,1,1,9
CNP0365691.3,-5.5,3.878380411481848,3.2857142857142856,0,224.16188799454832,2,46,0,0,0,4
CNP0365695.0,-5.1,2.9779031597789904,2.806451612903226,0,282.85067363663484,0,87,0,2,0,11
CNP0365727.1,-9.1,1.3488752435019515,4.526315789473684,2,1294.158524370715,2,172,6,5,0,9
CNP0365736.0,-9.2,1.3376102997198949,5.375,4,1260.5042095711135,0,129,6,0,0,3
CNP0365773.1,-10.7,1.491764680126647,4.45945945945946,0,1236.2283966628206,2,165,6,7,1,12
CNP0365781.1,-7.0,3.429899415754431,3.019230769230769,0,873.0116398097161,1,157,0,1,0,5
CNP0365841.1,-11.18,1.1544400229827012,5.391304347826087,5,1987.088595121961,21,372,6,7,6,18
CNP0365960.2,-8.9,1.5171913662459875,5.25925925925926,4,782.8281815062927,5,142,6,0,1,4
CNP0365982.2,-7.8,1.6206893298444691,4.625,3,583.2015185875497,2,111,6,0,0,3
CNP0365983.2,-8.165,1.8930691927808945,5.318181818181818,2,666.6228259397351,2,117,6,1,2,5
CNP0365989.1,-8.0,1.0740804106383683,4.694444444444445,5,643.3503756670534,5,169,6,0,2,6
CNP0366009.0,-5.5,2.930960289426317,2.75,0,174.21499122004107,0,66,0,0,0,0
CNP0366108.1,-9.7,1.4591286411314854,5.4375,4,1023.4768557796992,6,174,6,2,2,3
CNP0366108.5,-9.9,1.4591286411314854,5.4375,4,1023.4768557796992,6,174,6,2,2,3
CNP0366116.0,-10.9,1.223116818639073,5.0344827586206895,5,1434.9938621771153,0,146,6,0,0,3
CNP0366152.0,-9.8,1.2705938777722163,4.961538461538462,3,1056.0840343349378,0,129,6,0,0,6
CNP0366384.0,-9.9,1.2849025877957485,5.631578947368421,7,1788.4739178986129,1,214,7,1,0,7
CNP0366670.3,-8.2,1.7211773189208908,4.909090909090909,2,448.12379107989705,5,108,5,1,2,8
CNP0366739.1,-9.9,1.1383539564607823,5.527777777777778,6,1576.5716846513717,1,199,6,1,0,7
CNP0366808.3,-5.132,2.9627158103304736,2.8095238095238093,0,261.50220461150565,1,59,0,1,0,1
CNP0366843.0,-9.0,1.579642093302816,5.083333333333333,3,1079.5871431904686,0,122,6,1,0,4
CNP0367000.1,-7.9,1.8344667550493767,4.285714285714286,2,714.1693833820556,1,90,6,0,0,5
CNP0367121.3,-8.0,1.5779206083466364,6.72,7,687.5147045691456,8,168,6,1,3,3
CNP0367156.1,-7.4,5.591371110793996,3.581395348837209,0,939.9822950507078,5,154,0,10,0,20
CNP0367306.2,-7.3,1.632005614205444,4.7631578947368425,2,1092.7704689515235,3,181,6,1,1,8
CNP0367377.1,-8.6,1.0419881524119847,5.152173913043479,8,1092.1823722771137,8,237,6,5,2,12
CNP0367377.2,-8.5,1.0419881524119847,5.152173913043479,8,1092.1823722771137,8,237,6,5,2,12
CNP0367610.0,-7.079,1.982425331964121,4.4375,2,560.4375826708425,0,71,6,1,0,4
CNP0367627.1,-7.237,1.791674660206774,4.75,2,573.2344492126389,3,114,6,1,1,5
CNP0367687.0,-9.2,1.429722953497155,4.608695652173913,2,891.6269427515485,0,106,6,0,0,4
CNP0367773.1,-7.911,2.498479247878944,3.95,0,420.4548573676237,1,79,6,2,1,6
CNP0367777.4,-8.4,1.872674503365196,5.470588235294118,3,460.0399208698021,2,93,6,0,2,4
CNP0367785.4,-8.3,1.6731502815329926,4.909090909090909,3,458.3515363680081,5,108,6,1,1,3
CNP0367800.0,-13.2,0.8154419573514553,5.611111111111111,6,1938.414144827629,31,404,6,11,4,21
CNP0367810.1,-10.4,1.4024642266084817,5.0344827586206895,3,762.5917892193195,7,146,6,1,1,4
CNP0367851.2,-9.9,1.4533538446083003,5.612903225806452,4,1176.2809479545324,2,174,7,0,1,5
CNP0367864.2,-8.8,1.3181421906116346,5.641025641025641,6,1535.1515840222942,4,220,6,3,3,7
CNP0367932.1,-9.5,1.1277158031806114,5.206896551724138,4,758.6490939463799,6,151,6,1,2,5
CNP0367999.2,-7.1,1.600130962362366,5.416666666666667,3,728.1421526344445,5,130,6,1,1,5
CNP0368146.1,-9.2,1.3084388121209394,4.828571428571428,3,977.7118153083616,6,169,6,2,2,11
CNP0368146.2,-10.0,1.3084388121209394,4.828571428571428,3,977.7118153083616,6,169,6,2,2,11
CNP0368234.2,-7.9,4.273627733241769,3.044776119402985,0,1213.426762031102,1,204,0,0,0,6
CNP0368274.5,-7.7,1.411171595744488,4.896551724137931,2,1042.1874850715476,4,142,6,5,0,12
CNP0368302.0,-8.7,1.6012639371913622,5.16,3,1094.1195177347283,0,129,6,2,0,5
CNP0368321.1,-9.8,1.3489074463460764,4.9,3,840.3987130417307,5,147,6,2,2,9
CNP0368488.1,-10.08,1.5443264275638178,5.3478260869565215,3,701.6116755440144,2,123,6,0,1,3
CNP0368539.4,-10.65,1.0933301855596924,5.1875,4,910.1827710353712,6,166,6,2,2,6
CNP0368604.1,-10.98,1.0763282785410813,5.121212121212121,4,945.189786492154,6,169,6,2,2,6
CNP0368635.1,-9.6,1.4586252770335442,5.269230769230769,4,1161.393356268269,1,137,6,2,1,7
CNP0368637.1,-10.92,0.7555127543391358,5.15,4,2166.9004461828995,28,412,6,3,3,20
CNP0368662.4,-8.5,1.435992583553117,4.931034482758621,2,1059.4374850715476,4,143,6,5,0,12
CNP0368691.1,-9.8,1.3386942976922234,4.885714285714286,2,1086.7466700225,4,171,6,0,2,6
CNP0368691.2,-9.2,1.3386942976922234,4.885714285714286,2,1086.7466700225,4,171,6,0,2,6
CNP0368707.2,-8.9,1.160431365118641,4.2105263157894735,2,1813.1049506448587,5,240,6,3,1,18
CNP0368753.2,-6.5,2.161958054049175,4.625,2,322.3266529435302,2,74,7,1,1,1
CNP0368768.1,-11.0,1.1939018455350434,5.7631578947368425,7,1180.429096155338,11,219,18,0,3,9
CNP0368793.1,-7.0,1.947234110740257,4.9375,2,302.55681230985857,4,79,5,0,2,1
CNP0368875.2,-9.4,1.4174351880961265,4.857142857142857,2,1042.1370587395256,1,136,6,1,0,5
CNP0369138.2,-6.916,2.393271353212543,3.875,0,374.63771341344153,1,62,6,2,0,5
CNP0369151.0,-8.9,4.042852753405152,3.45945945945946,0,900.890670318697,5,128,0,6,1,7
CNP0369236.0,-8.6,1.6681912755383352,4.666666666666667,2,967.4539733380044,0,112,6,0,0,5
CNP0369260.5,-10.18,1.1577393009813162,5.258064516129032,4,756.5059233113144,6,163,6,0,2,5
CNP0369291.1,-8.6,1.7160847733811448,4.947368421052632,3,602.4082919974195,2,94,6,0,0,4
CNP0369378.3,-10.5,1.2802233886926018,5.96969696969697,6,984.7140222483836,10,197,6,3,3,10
CNP0369388.1,-8.497,1.9247731247620363,5.130434782608695,3,781.2365022669889,1,118,6,1,1,6
CNP0369478.0,-8.7,1.5252063398296647,5.0,3,1100.9831628519448,0,125,6,0,0,3
CNP0369536.4,-9.4,1.3415982882051445,4.62962962962963,0,1572.956432937356,14,250,6,10,0,19
CNP0369629.3,-9.6,0.9530893308608026,5.25,4,1346.0243170031863,7,231,6,2,5,6
CNP0369634.2,-11.7,0.9525848561189264,5.2,4,1348.2332740932095,8,234,6,2,4,6
CNP0369680.1,-9.1,2.3369892214903194,3.866666666666666,0,622.3798592432694,3,116,6,5,1,10
CNP0369729.6,-9.5,1.3996504105184489,4.638888888888889,2,919.249752011634,6,167,6,1,2,10
CNP0369852.2,-10.9,1.108216930416481,4.976190476190476,4,1288.5928580388825,7,209,6,3,2,9
CNP0369875.1,-7.59,1.5010500316793536,4.25,0,614.2456265051376,1,102,6,0,0,3
CNP0369951.4,-9.2,0.9601663886517976,5.288888888888889,4,1366.988873835911,9,238,6,2,4,6
CNP0370048.2,-10.3,1.654294000742215,4.642857142857143,2,1113.0425334916251,1,130,6,2,0,7
CNP0370175.2,-9.6,1.4314983275596174,5.326530612244898,4,1361.310783803636,12,261,6,5,6,11
CNP0370183.3,-8.2,1.4879129717039836,4.233333333333333,0,901.1029204035344,2,127,6,1,0,3
CNP0370189.0,-9.6,1.4204033039362336,5.12,3,1051.6925342567022,0,128,6,2,0,6
CNP0370360.7,-8.6,1.8339603658619832,4.25925925925926,0,424.5183043299968,9,115,6,6,0,10
CNP0370511.2,-10.4,1.0976283098709645,4.9,3,998.0421685948054,4,147,6,2,0,7
CNP0370542.11,-8.8,1.9119759796066704,4.421052631578948,0,405.04385508705656,5,84,6,5,0,7
CNP0370584.3,-9.8,1.4661840689287056,5.3125,3,1254.1969215237489,2,170,6,1,1,7
CNP0370592.1,-10.3,0.9873669538819002,5.506666666666667,7,2504.3149396032604,18,413,10,6,6,9
CNP0370611.3,-9.6,1.3043705539404584,5.296296296296297,5,566.6775351837356,5,143,6,0,2,7
CNP0370611.6,-8.8,1.3043705539404584,5.296296296296297,5,566.6775351837356,5,143,6,0,2,7
CNP0370662.1,-7.8,1.9260328912978448,4.4375,2,346.44645225201987,2,71,11,0,1,1
CNP0370664.1,-8.8,1.3003580374323898,4.791666666666667,3,755.7342075179617,3,115,6,1,0,4
CNP0370679.0,-9.3,1.396342057506199,4.785714285714286,2,1163.094384227193,0,134,6,0,0,6
CNP0370690.1,-8.5,1.5839414921017596,4.954545454545454,3,498.3268586651914,5,109,7,1,3,2
CNP0370698.0,-6.6,2.4432956880152488,3.8461538461538463,0,323.3907822709722,0,50,6,3,0,4
CNP0370705.6,-10.6,1.3336239598091335,5.838709677419355,6,1187.9093050967138,2,181,6,0,1,5
CNP0370764.2,-7.3,1.3964310661206565,4.107142857142857,0,813.4313972454939,1,115,6,1,0,3
CNP0370878.0,-10.3,1.2224957816401565,4.853658536585366,4,1875.8893474217407,0,199,6,0,0,10
CNP0371084.0,-6.0,2.1580993551773875,3.7857142857142856,0,718.4725421448986,0,106,6,0,0,6
CNP0371119.3,-10.7,1.2655263594027804,5.411764705882353,4,1276.3234288378476,4,184,6,2,1,6
CNP0371190.1,-9.0,1.9129462428475104,6.454545454545454,4,544.0090522907208,9,142,6,5,3,7
CNP0371243.2,-6.648,1.9908843752383187,4.35,0,435.5630429709785,1,87,6,0,1,3
CNP0371260.1,-5.6,4.027026214516297,3.109090909090909,0,959.1641984834024,2,171,0,2,0,10
CNP0371263.1,-8.062,0.8797826940509121,5.129032258064516,12,3758.473121067785,11,477,11,11,3,16
CNP0371410.0,-10.0,1.3020660515513605,5.1,3,1272.5050504611888,11,204,6,7,1,14
CNP0371423.0,-8.9,1.4609123400936226,5.16,3,1058.6990528958372,0,129,6,0,0,6
CNP0371486.3,-7.8,2.340843463904891,4.615384615384615,0,688.7578868072757,4,120,6,1,1,6
CNP0371535.1,-11.5,1.2868457612870583,5.392857142857143,4,974.5424066466932,4,151,6,1,1,3
CNP0371535.5,-10.9,1.2868457612870583,5.392857142857143,4,974.5424066466932,4,151,6,1,1,3
CNP0371590.2,-9.6,1.2859001648369508,5.515151515151516,5,914.3583183892064,8,182,6,1,3,7
CNP0371629.0,-5.1,2.48726564121395,4.0,0,238.91988337222992,0,40,6,1,0,4
CNP0371670.5,-10.1,1.3237881717891835,4.468085106382978,0,1751.722195429025,4,210,6,1,0,14
CNP0371748.2,-8.7,2.0366408753741623,4.28,2,809.3020021712416,1,107,6,3,0,6
CNP0371855.3,-11.3,1.5035705364086058,6.1,5,741.1372703609898,8,183,6,0,5,0
CNP0371909.2,-8.1,1.4337423347328446,5.114285714285714,3,1324.1624641959136,2,179,6,1,0,9
CNP0371983.1,-4.5,2.4360783329881146,4.0,0,111.09616281328596,2,32,5,0,0,2
CNP0372009.2,-8.5,1.571755439137458,5.037037037037037,3,895.4407201964133,3,136,6,1,1,5
CNP0372246.2,-7.714,1.7168672789259014,4.72,3,701.1138668334103,3,118,6,1,1,8
CNP0372302.1,-10.1,1.4021980131696177,5.166666666666667,4,721.6198229903504,7,155,6,0,2,3
CNP0372302.3,-10.0,1.4021980131696177,5.166666666666667,4,721.6198229903504,7,155,6,0,2,3
CNP0372319.1,-8.5,1.414252805131558,5.9523809523809526,6,1227.6623074289805,13,250,6,1,3,9
CNP0372327.1,-8.1,2.325517000690184,5.588235294117647,2,385.6834484489917,2,95,5,1,3,3
CNP0372352.1,-5.4,2.1013906580590818,5.333333333333333,3,154.93102051518318,0,48,5,2,1,3
CNP0372358.1,-10.2,1.1477522419769577,5.0,2,2665.7085706348967,15,345,6,14,1,26
CNP0372373.2,-6.5,3.405674246650986,3.0,0,283.2969451036391,1,51,0,0,0,2
CNP0372419.0,-10.2,1.3379321098164398,4.866666666666666,3,1151.115667721458,0,146,6,0,0,7
CNP0372445.0,-9.1,1.2166263749347612,4.652173913043479,2,881.3881199901067,0,107,6,1,0,7
CNP0372447.0,-10.7,1.235844948393818,5.611111111111111,8,3022.453739550513,0,303,6,4,0,12
CNP0372492.5,-9.1,1.7969540749893027,4.285714285714286,0,577.5266163884953,3,90,6,6,0,6
CNP0372549.2,-8.2,1.824358328262952,5.476190476190476,4,416.6453208737937,3,115,6,4,2,7
CNP0372575.1,-9.3,1.4184461586719963,4.543478260869565,0,1335.0121640442976,10,209,6,7,0,15
CNP0372662.2,-10.22,1.2527780436817029,4.906976744186046,4,1253.3372875285806,8,211,6,5,3,11
CNP0372704.2,-10.26,1.2629504709526505,4.714285714285714,2,1005.3686639642448,1,132,6,1,0,4
CNP0372714.1,-9.6,1.292766251407057,4.753623188405797,2,2376.571142947353,15,328,6,8,0,23
CNP0372820.0,-11.2,1.1584783303539303,4.771428571428571,4,1387.2041973011508,0,167,7,0,0,6
CNP0372905.1,-9.9,1.336617606874044,5.0,4,849.3701952866925,6,160,6,2,2,7
CNP0372921.1,-9.4,1.7089278617446182,4.875,2,828.1823719395092,4,117,6,4,1,8
CNP0372923.1,-7.8,1.3042026408531784,4.6,0,701.1345541333247,1,115,6,0,0,7
CNP0373036.3,-9.4,1.474833066014971,5.285714285714286,4,749.7041081612948,6,148,6,0,2,4
CNP0373176.0,-5.5,2.3448844225189296,3.8181818181818175,0,245.092528422724,0,42,6,1,0,3
CNP0373184.1,-11.3,1.1702085779759124,5.545454545454546,6,1417.7070048838686,1,183,6,2,1,7
CNP0373251.1,-9.196,1.301990484704635,4.243243243243243,0,1307.9084123774555,1,157,6,3,0,8
CNP0373324.3,-9.853,1.2243798272614228,5.5,4,1169.6481074643998,12,231,6,3,4,10
CNP0373324.4,-9.934,1.2243798272614228,5.5,4,1169.6481074643998,12,231,6,3,4,10
CNP0373719.1,-5.8,3.432906866785118,3.019230769230769,0,1128.4280995520703,1,157,0,1,0,5
CNP0373848.2,-9.5,1.225860772773644,5.0588235294117645,3,1052.2891712804503,1,172,6,2,0,10
CNP0373921.8,-10.3,1.269101856854526,5.622222222222222,5,1445.8110641073615,10,253,6,0,5,6
CNP0373934.2,-10.69,1.241255656730985,5.454545454545454,4,933.9627277569224,7,180,6,2,3,5
CNP0374080.2,-8.2,1.4576707319359674,5.208333333333333,3,685.8670201673218,4,125,6,0,1,5
CNP0374099.0,-8.9,1.4581139780351544,5.041666666666667,3,1101.7265931605964,0,121,6,0,0,4
CNP0374242.0,-8.3,2.069020912484333,4.55,2,727.1017845284264,0,91,6,1,0,5
CNP0374344.2,-9.5,1.3036323800110905,4.666666666666667,0,1158.173711336977,15,224,6,11,0,19
CNP0374446.3,-8.013,2.011796338693057,5.020833333333333,3,1388.240257185796,10,241,6,1,4,12
CNP0374486.1,-5.3,2.369450778114319,5.7,2,188.21499122004104,2,57,5,0,2,0
CNP0374486.2,-5.3,2.369450778114319,5.7,2,188.21499122004104,2,57,5,0,2,0
CNP0374611.0,-8.9,1.6628495094236,4.789473684210527,2,818.337035760738,0,91,6,1,0,3
CNP0374696.0,-9.0,1.347733132516649,4.891891891891892,2,1322.4470112626047,0,181,6,2,0,8
CNP0374738.1,-9.6,1.2363456071049517,5.323529411764706,7,2104.607472634661,18,362,13,8,5,13
CNP0374861.1,-9.6,1.5236007266340388,6.333333333333333,5,637.8707127747609,11,171,6,3,4,3
CNP0374941.1,-8.4,1.5711361878687768,4.535714285714286,3,773.1593545377567,3,127,6,2,0,7
CNP0375067.0,-9.2,1.457717061599748,4.742857142857143,2,1435.6284370992755,1,166,6,3,0,8
CNP0375103.2,-9.4,1.3780692449568874,5.5,5,880.9906420421544,2,143,6,1,0,6
CNP0375212.1,-9.6,1.2405978975106038,4.75,4,1761.8991467483652,1,190,6,2,1,8
CNP0375290.2,-9.8,1.3820282629727396,4.852941176470588,2,1144.4071108420958,2,165,6,1,0,10
CNP0375295.2,-8.3,1.9498912891806188,5.578947368421052,3,433.8615114122894,5,106,7,0,3,4
CNP0375424.3,-10.0,1.4390885916988392,5.0,2,958.747939675168,2,135,6,1,0,7
CNP0375503.1,-7.3,3.455529408800485,3.020833333333333,0,979.1365333199708,1,145,0,1,0,5
