OriginalIndex,Feature,FeatureValue,SHAPValue
15,BalabanIndex_div_PathComplexityIndex,-0.1268741245319746,0.0
15,RingCount_div_PMI_Ratio1,-0.2933953446150634,0.0
15,Max_EState_div_BalabanIndex,-1.4319415197367156,0.2568961469417308
15,BalabanIndex_div_ZagrebIndex,2.1860176435667342,0.3273075078909368
15,Largest_ring_size_div_BalabanIndex,-0.49378626715069057,0.0
15,TotalPathCount_div_Largest_ring_size,-0.8286817843888442,0.0
15,SSSR_count_div_AtomInformationContent,-0.752912962872942,0.0
15,Fused_ring_count_div_PMI_Ratio1,-0.03766801898935725,0.0
15,PMI2_div_Largest_ring_size,-0.4333773792055012,0.0
15,SSSR_count_div_SpherocityIndex,0.2197300080174836,0.0
15,SSSR_count_div_partial_charge_max,-0.47168303116943305,0.0
15,BalabanIndex_div_partial_charge_max,0.280583581070875,0.0
15,RingCount_div_FractionCSP3,-0.7884662279645507,0.0
15,ZagrebIndex_div_Chi0,0.2770091949151183,0.0
15,TPSA_div_BalabanIndex,-0.5253495836046483,0.0
15,MolarRefractivity_div_TotalPathCount,-0.3692558709958806,0.0
15,GraphDistanceDistributionEntropy_div_TotalPathCount,1.7675320353824837,0.29174605996963515
15,PMI2_div_Fused_ring_count,-0.44057641017378246,0.0
15,SSSR_count_div_BondInformationContent,-0.4389713603949801,0.2904066872012887
15,Fused_ring_count_div_FragmentComplexityScore,-0.29893477271205665,0.0
15,AtomInformationContent_div_BalabanIndex,0.4607563154246259,0.0
15,TotalPathCount_div_RadiusOfGyration,-0.8041437788964856,0.0
15,GraphDistanceDistributionEntropy_div_BertzCTIndex,0.5837672272835372,0.0
15,Fused_ring_count_div_InertialShapeFactor,-0.25130998784741676,0.0
15,StereocenterCount_div_BalabanIndex,-0.6376549350429598,0.0
15,BalabanIndex_div_Asphericity,-0.25241212593121665,0.0
15,RadiusOfGyration_div_Largest_ring_size,-0.5382146329294756,0.0
15,ZagrebIndex_div_CovalentRadiusSum,1.2844595395002218,0.0
15,MolarRefractivity_div_BertzCTIndex,-0.71992109550406,0.0
15,PMI1_div_Largest_ring_size,-0.4699871896882857,0.0
15,BalabanIndex_div_HBA,0.5205587403030486,0.0
15,RingCount_div_Fused_ring_count,0.10651935631298814,0.0
15,Fused_ring_count_div_FractionCSP3,-0.7069975257501818,0.0
15,Largest_ring_size_div_PMI_Ratio1,0.034271025528231525,0.0
15,Chi4_div_FractionCSP3,-1.2645230303893642,0.2532064264206112
15,PMI1_div_WienerIndex,-0.1036161219663623,0.0
15,SSSR_count_div_DoubleBondCount,-0.3421644262175474,0.0
15,RingCount_div_SSSR_count,0.4191681070021959,0.0
15,Chi4_div_RadiusOfGyration,-1.2388530117684038,0.0
15,Fused_ring_count_div_Bridged_ring_count,0.6317929850256704,0.0
15,HBD_div_BalabanIndex,-0.46867475012916837,0.0
15,BalabanIndex_div_TopologicalRadius,2.5529937242892013,0.35393364947522565
15,TopologicalDiameter_div_BertzCTIndex,-0.19317463651589534,0.0
15,HeteroatomCount_div_Largest_ring_size,-0.2983349249168542,0.0
15,WienerIndex_div_RingCount,-0.2648490200851991,0.0
15,Chi2_div_Chi4,1.0037785509144912,0.0
15,Chi4_div_Bridged_ring_count,-0.8000511339535064,0.0
15,Fused_ring_count_div_BondInformationContent,-0.4008471425628795,0.0
15,TotalPathCount_div_FractionCSP3,-0.9768414096396241,0.0
15,StereocenterCount_div_PMI_Ratio1,-0.5007552387378665,0.0
15,partial_charge_max_div_BertzCTIndex,0.8294765099227289,0.0
15,PMI1_div_Bridged_ring_count,-0.46241754324442347,0.0
15,Fused_ring_count_div_DoubleBondCount,-0.10522224493608466,0.0
15,SSSR_count_div_Min_EState,0.013229429434836064,0.0
15,Asphericity_div_Largest_ring_size,1.4979249698721533,0.0
15,PathComplexityIndex_div_Largest_ring_size,0.8499024018914387,0.0
15,WienerIndex_div_RotatableBonds,-0.622332459316436,0.0
15,RingCount_div_RotatableBonds,-0.7372214203433113,0.0
15,Bridged_ring_count_div_Fused_ring_count,0.7211421597349512,0.0
15,RotatableBonds_div_WienerIndex,-0.6988370644493473,0.0
15,StereocenterCount_div_Fused_ring_count,-0.7677027582855365,0.0
15,BondInformationContent_div_BalabanIndex,0.10945516305968225,0.0
15,Avg_EState_div_PathComplexityIndex,0.08173096313225704,0.0
15,RingCount_div_Asphericity,-0.4622801945714189,0.0
15,PMI_Ratio1_div_BertzCTIndex,0.19853219737112493,0.2825075097311139
15,Max_EState_div_Largest_ring_size,-0.7126049527324497,0.0
15,BalabanIndex_div_BondInformationContent,-0.48588156694347445,0.0
15,WienerIndex_div_PMI3,-1.001110785198412,0.0
15,SSSR_count_div_ZagrebIndex,1.6331463043034007,0.2684495574875668
15,TPSA_div_Fused_ring_count,0.03859756914229316,0.0
15,RotatableBonds_div_BertzCTIndex,-0.7370109535870517,0.0
15,Asphericity_div_Bridged_ring_count,2.263351125873754,0.0
15,RotatableBonds_div_Chi4,-0.9305575458503464,0.0
15,HBD_div_Fused_ring_count,-0.16310884399935974,0.0
15,Min_EState_div_BalabanIndex,1.210611953078779,0.28790014683170834
15,Fused_ring_count_div_Min_EState,0.01185570760343709,0.0
15,BertzCTIndex_div_Max_EState,-0.42210584760522224,0.0
15,LogP_div_Chi4,-1.8304448072385247,0.0
15,FragmentComplexityScore_div_TotalPathCount,2.9494472737295765,0.3730692199143306
15,FractionCSP3_div_Chi3,-1.1308579816782642,0.0
26,BalabanIndex_div_PathComplexityIndex,-0.11788042007747468,0.0
26,RingCount_div_PMI_Ratio1,-0.49560672239087333,0.0
26,Max_EState_div_BalabanIndex,-1.1806242724653404,0.0
26,BalabanIndex_div_ZagrebIndex,2.3408521625212177,0.5034542911732761
26,Largest_ring_size_div_BalabanIndex,-0.49889960956772517,0.0
26,TotalPathCount_div_Largest_ring_size,-0.8286817843888442,0.0
26,SSSR_count_div_AtomInformationContent,-0.752912962872942,0.0
26,Fused_ring_count_div_PMI_Ratio1,-0.3164194193714588,0.0
26,PMI2_div_Largest_ring_size,-0.4363819429921322,0.0
26,SSSR_count_div_SpherocityIndex,-0.04345740126911073,0.0
26,SSSR_count_div_partial_charge_max,-0.16287058853264347,0.0
26,BalabanIndex_div_partial_charge_max,0.9857262296747884,0.0
26,RingCount_div_FractionCSP3,-0.7884662279645507,0.0
26,ZagrebIndex_div_Chi0,0.1705585594052081,0.0
26,TPSA_div_BalabanIndex,-0.5289826624085964,0.0
26,MolarRefractivity_div_TotalPathCount,-0.3873292961351751,0.0
26,GraphDistanceDistributionEntropy_div_TotalPathCount,1.6386799975316204,0.0
26,PMI2_div_Fused_ring_count,-0.4463664754674746,0.2525913570161713
26,SSSR_count_div_BondInformationContent,-0.39722741143367757,0.0
26,Fused_ring_count_div_FragmentComplexityScore,-0.29893477271205665,0.0
26,AtomInformationContent_div_BalabanIndex,0.4425119582943957,0.0
26,TotalPathCount_div_RadiusOfGyration,-0.7868036655793059,0.27902988382977867
26,GraphDistanceDistributionEntropy_div_BertzCTIndex,0.41934271574811577,0.0
26,Fused_ring_count_div_InertialShapeFactor,-0.2491108066762599,0.0
26,StereocenterCount_div_BalabanIndex,-0.6376549350429598,0.0
26,BalabanIndex_div_Asphericity,-0.12981367895234142,0.0
26,RadiusOfGyration_div_Largest_ring_size,-0.5494246908530822,0.0
26,ZagrebIndex_div_CovalentRadiusSum,1.0276646132934246,0.0
26,MolarRefractivity_div_BertzCTIndex,-0.8040491599700985,0.0
26,PMI1_div_Largest_ring_size,-0.45911555857810854,0.0
26,BalabanIndex_div_HBA,0.1597366139583096,0.0
26,RingCount_div_Fused_ring_count,0.10651935631298814,0.0
26,Fused_ring_count_div_FractionCSP3,-0.7069975257501818,0.0
26,Largest_ring_size_div_PMI_Ratio1,-0.2297821842776431,0.0
26,Chi4_div_FractionCSP3,-1.2645230303893642,0.0
26,PMI1_div_WienerIndex,0.8542058530942781,0.0
26,SSSR_count_div_DoubleBondCount,0.20506406921312895,0.0
26,RingCount_div_SSSR_count,0.4191681070021959,0.0
26,Chi4_div_RadiusOfGyration,-1.1940571683105392,0.0
26,Fused_ring_count_div_Bridged_ring_count,0.6317929850256704,0.25194862595811274
26,HBD_div_BalabanIndex,-0.4696267999210402,0.0
26,BalabanIndex_div_TopologicalRadius,2.585057418428565,0.2413368359256027
26,TopologicalDiameter_div_BertzCTIndex,-0.4629510015016296,0.0
26,HeteroatomCount_div_Largest_ring_size,-0.2983349249168542,0.0
26,WienerIndex_div_RingCount,-0.26493579962130454,0.0
26,Chi2_div_Chi4,0.5683319500248301,0.0
26,Chi4_div_Bridged_ring_count,-0.776326260495719,0.0
26,Fused_ring_count_div_BondInformationContent,-0.3389779202574331,0.0
26,TotalPathCount_div_FractionCSP3,-0.9768414096396241,0.0
26,StereocenterCount_div_PMI_Ratio1,-0.5007552387378665,0.0
26,partial_charge_max_div_BertzCTIndex,0.17023293263039785,0.0
26,PMI1_div_Bridged_ring_count,-0.4440486982698817,0.0
26,Fused_ring_count_div_DoubleBondCount,0.5555402335963523,0.0
26,SSSR_count_div_Min_EState,0.012149211017184976,0.0
26,Asphericity_div_Largest_ring_size,0.6612146821508197,0.0
26,PathComplexityIndex_div_Largest_ring_size,0.8499024018914387,0.0
26,WienerIndex_div_RotatableBonds,-0.5506786464557045,0.0
26,RingCount_div_RotatableBonds,0.798861400967298,0.0
26,Bridged_ring_count_div_Fused_ring_count,0.7211421597349512,0.0
26,RotatableBonds_div_WienerIndex,2.1556139229167868,0.2671249290046345
26,StereocenterCount_div_Fused_ring_count,-0.7677027582855365,0.0
26,BondInformationContent_div_BalabanIndex,-0.23006591429548495,0.0
26,Avg_EState_div_PathComplexityIndex,0.11005023591544363,0.0
26,RingCount_div_Asphericity,-0.39804380035582704,0.0
26,PMI_Ratio1_div_BertzCTIndex,0.7355916839732758,0.0
26,Max_EState_div_Largest_ring_size,-0.24546397465823042,0.22945941677142737
26,BalabanIndex_div_BondInformationContent,-0.3558418069016831,0.0
26,WienerIndex_div_PMI3,-0.9843575814149822,0.0
26,SSSR_count_div_ZagrebIndex,1.765894954976232,0.348131893698694
26,TPSA_div_Fused_ring_count,0.032571865071574745,0.0
26,RotatableBonds_div_BertzCTIndex,-0.5672947927776338,0.0
26,Asphericity_div_Bridged_ring_count,1.3286322150334542,0.0
26,RotatableBonds_div_Chi4,-0.357477212855955,0.0
26,HBD_div_Fused_ring_count,-0.16310884399935974,0.0
26,Min_EState_div_BalabanIndex,1.2400911427494423,0.0
26,Fused_ring_count_div_Min_EState,0.010770760740751742,0.2849335348168329
26,BertzCTIndex_div_Max_EState,-0.7300832871685247,0.0
26,LogP_div_Chi4,0.3223206569145102,0.38043907745153077
26,FragmentComplexityScore_div_TotalPathCount,2.9494472737295765,0.0
26,FractionCSP3_div_Chi3,-1.1308579816782642,0.0
27,BalabanIndex_div_PathComplexityIndex,-0.11788042007747468,0.30883848367645306
27,RingCount_div_PMI_Ratio1,-0.5823062549557196,0.0
27,Max_EState_div_BalabanIndex,-1.2058940222971224,0.0
27,BalabanIndex_div_ZagrebIndex,2.3408521625212177,0.0
27,Largest_ring_size_div_BalabanIndex,-0.49889960956772517,0.0
27,TotalPathCount_div_Largest_ring_size,-0.8286817843888442,0.0
27,SSSR_count_div_AtomInformationContent,-0.752912962872942,0.0
27,Fused_ring_count_div_PMI_Ratio1,-0.435936018193702,0.0
27,PMI2_div_Largest_ring_size,-0.4398916783492301,0.0
27,SSSR_count_div_SpherocityIndex,-0.04484638306659674,0.0
27,SSSR_count_div_partial_charge_max,-0.1450417533209561,0.0
27,BalabanIndex_div_partial_charge_max,1.0257301253562556,0.0
27,RingCount_div_FractionCSP3,-0.7884662279645507,0.0
27,ZagrebIndex_div_Chi0,0.1705585594052081,0.31547797620027085
27,TPSA_div_BalabanIndex,-0.5312386733177586,0.0
27,MolarRefractivity_div_TotalPathCount,-0.4587234144456032,0.0
27,GraphDistanceDistributionEntropy_div_TotalPathCount,1.6386799975316204,0.0
27,PMI2_div_Fused_ring_count,-0.4531300519212677,0.0
27,SSSR_count_div_BondInformationContent,-0.39722741143367757,0.0
27,Fused_ring_count_div_FragmentComplexityScore,-0.29893477271205665,0.0
27,AtomInformationContent_div_BalabanIndex,0.4425119582943957,0.29113245225109574
27,TotalPathCount_div_RadiusOfGyration,-0.7318267311208871,0.0
27,GraphDistanceDistributionEntropy_div_BertzCTIndex,0.41934271574811577,0.0
27,Fused_ring_count_div_InertialShapeFactor,-0.24678831514889088,0.0
27,StereocenterCount_div_BalabanIndex,-0.6376549350429598,0.0
27,BalabanIndex_div_Asphericity,0.017425351364167497,0.0
27,RadiusOfGyration_div_Largest_ring_size,-0.5834069468883339,0.0
27,ZagrebIndex_div_CovalentRadiusSum,1.0276646132934255,0.0
27,MolarRefractivity_div_BertzCTIndex,-0.8397458243158171,0.0
27,PMI1_div_Largest_ring_size,-0.45089754508376934,0.0
27,BalabanIndex_div_HBA,0.1597366139583096,0.0
27,RingCount_div_Fused_ring_count,0.10651935631298814,0.0
27,Fused_ring_count_div_FractionCSP3,-0.7069975257501818,0.0
27,Largest_ring_size_div_PMI_Ratio1,-0.3429968318124531,0.0
27,Chi4_div_FractionCSP3,-1.2645230303893642,0.0
27,PMI1_div_WienerIndex,1.567301490147242,0.0
27,SSSR_count_div_DoubleBondCount,0.20506406921312895,0.0
27,RingCount_div_SSSR_count,0.4191681070021959,0.0
27,Chi4_div_RadiusOfGyration,-1.1361453291561248,0.0
27,Fused_ring_count_div_Bridged_ring_count,0.6317929850256704,0.0
27,HBD_div_BalabanIndex,-0.4696267999210402,0.0
27,BalabanIndex_div_TopologicalRadius,2.585057418428565,0.26432711387736263
27,TopologicalDiameter_div_BertzCTIndex,-0.4629510015016296,0.0
27,HeteroatomCount_div_Largest_ring_size,-0.2983349249168542,0.0
27,WienerIndex_div_RingCount,-0.26493579962130454,0.0
27,Chi2_div_Chi4,0.4034439837197741,0.0
27,Chi4_div_Bridged_ring_count,-0.7545324324288523,0.0
27,Fused_ring_count_div_BondInformationContent,-0.3389779202574331,0.0
27,TotalPathCount_div_FractionCSP3,-0.9768414096396241,0.0
27,StereocenterCount_div_PMI_Ratio1,-0.5007552387378665,0.0
27,partial_charge_max_div_BertzCTIndex,0.1480714543083292,0.0
27,PMI1_div_Bridged_ring_count,-0.4301634390712966,0.0
27,Fused_ring_count_div_DoubleBondCount,0.5555402335963523,0.0
27,SSSR_count_div_Min_EState,0.012149211017184972,0.0
27,Asphericity_div_Largest_ring_size,0.12626233756840125,0.283017701436691
27,PathComplexityIndex_div_Largest_ring_size,0.8499024018914387,0.0
27,WienerIndex_div_RotatableBonds,-0.5506786464557045,0.0
27,RingCount_div_RotatableBonds,0.798861400967298,0.0
27,Bridged_ring_count_div_Fused_ring_count,0.7211421597349512,0.2743114041799499
27,RotatableBonds_div_WienerIndex,2.1556139229167868,0.38305270101955924
27,StereocenterCount_div_Fused_ring_count,-0.7677027582855365,0.0
27,BondInformationContent_div_BalabanIndex,-0.23006591429548495,0.0
27,Avg_EState_div_PathComplexityIndex,0.11005023591544363,0.0
27,RingCount_div_Asphericity,-0.31942164473549894,0.0
27,PMI_Ratio1_div_BertzCTIndex,1.2979123557598584,0.0
27,Max_EState_div_Largest_ring_size,-0.2914558299966345,0.0
27,BalabanIndex_div_BondInformationContent,-0.3558418069016831,0.0
27,WienerIndex_div_PMI3,-0.8909355891556215,0.3040816086785944
27,SSSR_count_div_ZagrebIndex,1.765894954976232,0.3737284788208923
27,TPSA_div_Fused_ring_count,0.024968000410906153,0.0
27,RotatableBonds_div_BertzCTIndex,-0.5672947927776338,0.0
27,Asphericity_div_Bridged_ring_count,0.7310178672508943,0.0
27,RotatableBonds_div_Chi4,-0.388461174451474,0.0
27,HBD_div_Fused_ring_count,-0.16310884399935974,0.0
27,Min_EState_div_BalabanIndex,1.2400911427494428,0.0
27,Fused_ring_count_div_Min_EState,0.010770760740751737,0.0
27,BertzCTIndex_div_Max_EState,-0.7026051700558918,0.0
27,LogP_div_Chi4,1.827153768029052,0.0
27,FragmentComplexityScore_div_TotalPathCount,2.9494472737295765,0.3208707595767334
27,FractionCSP3_div_Chi3,-1.1308579816782642,0.0
28,BalabanIndex_div_PathComplexityIndex,-0.6477219093948406,0.0
28,RingCount_div_PMI_Ratio1,0.9250908586620665,-0.162572569892895
28,Max_EState_div_BalabanIndex,0.4195694750684556,0.0
28,BalabanIndex_div_ZagrebIndex,-0.48429083965338876,0.0
28,Largest_ring_size_div_BalabanIndex,0.17526386836502203,-0.14355612844698173
28,TotalPathCount_div_Largest_ring_size,0.06665311117976586,0.0
28,SSSR_count_div_AtomInformationContent,1.5467745933662596,0.0
28,Fused_ring_count_div_PMI_Ratio1,0.8425758953269311,-0.1823544778666083
28,PMI2_div_Largest_ring_size,-0.14817066433006343,0.0
28,SSSR_count_div_SpherocityIndex,-0.05111044891611008,0.0
28,SSSR_count_div_partial_charge_max,0.38336383209718056,0.0
28,BalabanIndex_div_partial_charge_max,-0.5839242722853424,0.0
28,RingCount_div_FractionCSP3,0.4662961090540143,0.0
28,ZagrebIndex_div_Chi0,0.8446782475090738,0.0
28,TPSA_div_BalabanIndex,-0.3428121362807614,0.0
28,MolarRefractivity_div_TotalPathCount,-0.3210698220447536,0.0
28,GraphDistanceDistributionEntropy_div_TotalPathCount,-0.01256755412773574,0.0
28,PMI2_div_Fused_ring_count,-0.12762510690965978,0.0
28,SSSR_count_div_BondInformationContent,-0.17753629059216058,0.0
28,Fused_ring_count_div_FragmentComplexityScore,0.43030557081397247,0.0
28,AtomInformationContent_div_BalabanIndex,-0.4068157400373739,0.0
28,TotalPathCount_div_RadiusOfGyration,-0.257201494938205,0.0
28,GraphDistanceDistributionEntropy_div_BertzCTIndex,-0.20259507147533387,0.0
28,Fused_ring_count_div_InertialShapeFactor,-0.18538746170668446,0.0
28,StereocenterCount_div_BalabanIndex,-0.6376549350429598,0.0
28,BalabanIndex_div_Asphericity,-0.37993252152592993,0.0
28,RadiusOfGyration_div_Largest_ring_size,0.4519223303316944,-0.1398272623058117
28,ZagrebIndex_div_CovalentRadiusSum,0.5117110994946308,0.0
28,MolarRefractivity_div_BertzCTIndex,-0.4601415461516792,0.0
28,PMI1_div_Largest_ring_size,-0.2779904547298339,0.0
28,BalabanIndex_div_HBA,0.35393528919449885,0.0
28,RingCount_div_Fused_ring_count,0.7818382836438047,0.0
28,Fused_ring_count_div_FractionCSP3,0.3893626846461942,0.0
28,Largest_ring_size_div_PMI_Ratio1,0.26225832003474503,0.0
28,Chi4_div_FractionCSP3,0.3410565308096455,0.0
28,PMI1_div_WienerIndex,-0.6720397930160178,0.0
28,SSSR_count_div_DoubleBondCount,0.7522925646438053,0.0
28,RingCount_div_SSSR_count,0.4191681070021959,0.0
28,Chi4_div_RadiusOfGyration,0.17620928470264252,0.0
28,Fused_ring_count_div_Bridged_ring_count,0.6317929850256704,0.0
28,HBD_div_BalabanIndex,-0.18032306776305237,0.0
28,BalabanIndex_div_TopologicalRadius,-0.5958932990755078,-0.1408246157386642
28,TopologicalDiameter_div_BertzCTIndex,-0.3133740876944462,0.0
28,HeteroatomCount_div_Largest_ring_size,-0.576083870922728,0.0
28,WienerIndex_div_RingCount,-0.20552074390112668,0.0
28,Chi2_div_Chi4,-0.9606901713815247,0.0
28,Chi4_div_Bridged_ring_count,0.3009940026431333,0.0
28,Fused_ring_count_div_BondInformationContent,-0.22018793154930413,0.0
28,TotalPathCount_div_FractionCSP3,-0.0718708158270401,0.0
28,StereocenterCount_div_PMI_Ratio1,-0.5007552387378665,0.0
28,partial_charge_max_div_BertzCTIndex,-0.15784541173630107,0.0
28,PMI1_div_Bridged_ring_count,-0.28005863127305214,0.0
28,Fused_ring_count_div_DoubleBondCount,0.5555402335963523,0.0
28,SSSR_count_div_Min_EState,-0.014578121469000258,0.0
28,Asphericity_div_Largest_ring_size,1.1507933281451033,-0.18440531000916632
28,PathComplexityIndex_div_Largest_ring_size,0.6011598795161346,-0.1660658553879507
28,WienerIndex_div_RotatableBonds,-0.22790475796731696,0.0
28,RingCount_div_RotatableBonds,0.41484069563964565,0.0
28,Bridged_ring_count_div_Fused_ring_count,0.7211421597349512,0.0
28,RotatableBonds_div_WienerIndex,-0.180282469604026,0.0
28,StereocenterCount_div_Fused_ring_count,-0.7677027582855365,0.0
28,BondInformationContent_div_BalabanIndex,1.5306265787057407,-0.1632271218145937
28,Avg_EState_div_PathComplexityIndex,-0.7418086943814705,0.0
28,RingCount_div_Asphericity,-0.17421658316096664,0.0
28,PMI_Ratio1_div_BertzCTIndex,-0.4552209306058036,0.0
28,Max_EState_div_Largest_ring_size,0.3125354963205322,0.0
28,BalabanIndex_div_BondInformationContent,-0.709959988304182,0.0
28,WienerIndex_div_PMI3,-0.45830254752293886,0.0
28,SSSR_count_div_ZagrebIndex,1.5910552687242094,0.0
28,TPSA_div_Fused_ring_count,-0.33363312636911474,0.0
28,RotatableBonds_div_BertzCTIndex,-0.4778554291251414,0.0
28,Asphericity_div_Bridged_ring_count,0.7474012315066733,-0.14477858501383997
28,RotatableBonds_div_Chi4,-0.6309348593103358,0.0
28,HBD_div_Fused_ring_count,-0.16310884399935974,0.0
28,Min_EState_div_BalabanIndex,-0.03224508447660964,0.0
28,Fused_ring_count_div_Min_EState,-0.010413174465806939,0.0
28,BertzCTIndex_div_Max_EState,-0.0968842131507035,-0.1392616824123451
28,LogP_div_Chi4,0.15318520516983083,0.0
28,FragmentComplexityScore_div_TotalPathCount,-0.08372237235707775,0.0
28,FractionCSP3_div_Chi3,-0.40997945419591697,0.0
34,BalabanIndex_div_PathComplexityIndex,0.09215961777813111,0.0
34,RingCount_div_PMI_Ratio1,-0.593956880233277,0.0
34,Max_EState_div_BalabanIndex,-0.220970028487654,0.0
34,BalabanIndex_div_ZagrebIndex,-0.5774508086555417,0.0
34,Largest_ring_size_div_BalabanIndex,-0.3337476087242837,0.08580309878025928
34,TotalPathCount_div_Largest_ring_size,1.120557037928994,0.0
34,SSSR_count_div_AtomInformationContent,-0.6293570810193354,0.0
34,Fused_ring_count_div_PMI_Ratio1,-0.7563390875513493,0.0
34,PMI2_div_Largest_ring_size,2.9073596873609637,0.0
34,SSSR_count_div_SpherocityIndex,-0.05110994443480018,0.0
34,SSSR_count_div_partial_charge_max,-0.9681618433021268,0.07955400170961799
34,BalabanIndex_div_partial_charge_max,-0.8408739776850267,0.08709168840951657
34,RingCount_div_FractionCSP3,-0.6039826219490007,0.0
34,ZagrebIndex_div_Chi0,-1.0272005288409454,0.0
34,TPSA_div_BalabanIndex,0.5259059616622072,0.0
34,MolarRefractivity_div_TotalPathCount,0.5065525217055206,0.0
34,GraphDistanceDistributionEntropy_div_TotalPathCount,-0.4785933616471917,0.0
34,PMI2_div_Fused_ring_count,-0.4826267306358038,0.0
34,SSSR_count_div_BondInformationContent,0.07142156541426828,0.0
34,Fused_ring_count_div_FragmentComplexityScore,-1.0281751162380857,0.0
34,AtomInformationContent_div_BalabanIndex,-0.11555871729792819,0.0
34,TotalPathCount_div_RadiusOfGyration,-0.8810354836781885,0.0
34,GraphDistanceDistributionEntropy_div_BertzCTIndex,-0.2720615584182457,0.0
34,Fused_ring_count_div_InertialShapeFactor,-0.25401378127090635,0.0
34,StereocenterCount_div_BalabanIndex,0.25645598211333065,0.0
34,BalabanIndex_div_Asphericity,0.02540241830618333,0.0
34,RadiusOfGyration_div_Largest_ring_size,3.385461079609086,0.0
34,ZagrebIndex_div_CovalentRadiusSum,-1.1013749534721273,0.0
34,MolarRefractivity_div_BertzCTIndex,0.5628476357171952,0.0
34,PMI1_div_Largest_ring_size,8.287141143672905,0.08354844000462405
34,BalabanIndex_div_HBA,-0.7066166754528047,0.0
34,RingCount_div_Fused_ring_count,-1.244118498348645,0.0
34,Fused_ring_count_div_FractionCSP3,-0.7069975257501818,0.0
34,Largest_ring_size_div_PMI_Ratio1,-0.300551553937685,0.0
34,Chi4_div_FractionCSP3,-0.3186893124262415,0.0
34,PMI1_div_WienerIndex,1.5686585927705847,0.0
34,SSSR_count_div_DoubleBondCount,-0.5245739246944395,0.08714489305196704
34,RingCount_div_SSSR_count,0.4191681070021959,0.0
34,Chi4_div_RadiusOfGyration,-0.7293505801830785,0.0
34,Fused_ring_count_div_Bridged_ring_count,-1.4270536095030357,0.0
34,HBD_div_BalabanIndex,0.5419729026260373,0.0
34,BalabanIndex_div_TopologicalRadius,-0.878197585326422,0.0
34,TopologicalDiameter_div_BertzCTIndex,0.570471455982534,0.0
34,HeteroatomCount_div_Largest_ring_size,1.8927956491294828,0.0
34,WienerIndex_div_RingCount,2.3732488775195826,0.0
34,Chi2_div_Chi4,0.5196300972174361,0.0
34,Chi4_div_Bridged_ring_count,-1.1576317652007062,0.0
34,Fused_ring_count_div_BondInformationContent,-0.6338218010298348,0.07663689619132144
34,TotalPathCount_div_FractionCSP3,-0.2856704789573583,0.0
34,StereocenterCount_div_PMI_Ratio1,0.0008479864501545406,0.0
34,partial_charge_max_div_BertzCTIndex,0.6472287570729608,0.07866088791391379
34,PMI1_div_Bridged_ring_count,-0.49312041894055575,0.0
34,Fused_ring_count_div_DoubleBondCount,-0.7659847234685216,0.0
34,SSSR_count_div_Min_EState,0.0013888733665138814,0.0
34,Asphericity_div_Largest_ring_size,-0.19619779935131684,0.0
34,PathComplexityIndex_div_Largest_ring_size,-0.06461226444653143,0.0
34,WienerIndex_div_RotatableBonds,-0.12863639414749828,0.0
34,RingCount_div_RotatableBonds,-0.6997559856771989,0.0
34,Bridged_ring_count_div_Fused_ring_count,-1.439196676874029,0.07644815572551267
34,RotatableBonds_div_WienerIndex,-0.2845491831010113,0.0
34,StereocenterCount_div_Fused_ring_count,-0.7677027582855365,0.0
34,BondInformationContent_div_BalabanIndex,-1.0778148119071218,0.0
34,Avg_EState_div_PathComplexityIndex,1.1414169295185976,0.0
34,RingCount_div_Asphericity,-0.3010243309076132,0.0
34,PMI_Ratio1_div_BertzCTIndex,-0.1819350831309914,0.0
34,Max_EState_div_Largest_ring_size,0.7996968447839892,0.0
34,BalabanIndex_div_BondInformationContent,0.972164401940609,0.0
34,WienerIndex_div_PMI3,-0.8164046538927583,0.0
34,SSSR_count_div_ZagrebIndex,-1.2209496851625181,0.0
34,TPSA_div_Fused_ring_count,-0.7463221206410611,0.0
34,RotatableBonds_div_BertzCTIndex,1.1469147397174606,0.0
34,Asphericity_div_Bridged_ring_count,-0.9448338994567288,0.0
34,RotatableBonds_div_Chi4,1.3689410957153005,0.0
34,HBD_div_Fused_ring_count,-0.5907056875796379,0.0
34,Min_EState_div_BalabanIndex,-2.584834792197244,0.10408431880129908
34,Fused_ring_count_div_Min_EState,0.000907607443612213,0.08202976707517028
34,BertzCTIndex_div_Max_EState,0.1611304420837114,0.0
34,LogP_div_Chi4,-0.07718041070949523,0.0
34,FragmentComplexityScore_div_TotalPathCount,-0.6741969162430015,0.0
34,FractionCSP3_div_Chi3,-0.1827046817211228,0.0
44,BalabanIndex_div_PathComplexityIndex,-0.5132765076818943,0.0
44,RingCount_div_PMI_Ratio1,0.15532907892759032,0.0
44,Max_EState_div_BalabanIndex,-0.08521666300443521,0.0
44,BalabanIndex_div_ZagrebIndex,-0.11219339210898145,0.0
44,Largest_ring_size_div_BalabanIndex,-0.1907503450212128,0.0
44,TotalPathCount_div_Largest_ring_size,-0.020366479102280486,0.0
44,SSSR_count_div_AtomInformationContent,0.46716016866282517,0.0
44,Fused_ring_count_div_PMI_Ratio1,0.5809052918895388,0.0
44,PMI2_div_Largest_ring_size,-0.302553929667257,0.0
44,SSSR_count_div_SpherocityIndex,-0.05111061853998602,0.0
44,SSSR_count_div_partial_charge_max,0.08687251160282208,0.0
44,BalabanIndex_div_partial_charge_max,-0.12271013262217571,0.0
44,RingCount_div_FractionCSP3,-0.3512865901798018,0.0
44,ZagrebIndex_div_Chi0,0.9991830481026521,-0.08218369204274668
44,TPSA_div_BalabanIndex,-0.47511971967243055,0.0
44,MolarRefractivity_div_TotalPathCount,-0.7425476883968214,-0.06267916160175874
44,GraphDistanceDistributionEntropy_div_TotalPathCount,-0.21181302426030518,0.0
44,PMI2_div_Fused_ring_count,-0.3061313893590111,0.0
44,SSSR_count_div_BondInformationContent,0.08837320943424914,0.0
44,Fused_ring_count_div_FragmentComplexityScore,0.43030557081397247,0.0
44,AtomInformationContent_div_BalabanIndex,-0.6704381280913738,0.0
44,TotalPathCount_div_RadiusOfGyration,0.26078508007612605,0.0
44,GraphDistanceDistributionEntropy_div_BertzCTIndex,0.11292342705637143,0.0
44,Fused_ring_count_div_InertialShapeFactor,-0.2184219388809384,0.0
44,StereocenterCount_div_BalabanIndex,-0.15217811207694165,0.0
44,BalabanIndex_div_Asphericity,-0.2979409334985119,-0.07053900914705853
44,RadiusOfGyration_div_Largest_ring_size,-0.04240815534901805,0.0
44,ZagrebIndex_div_CovalentRadiusSum,0.3918992012748411,0.0
44,MolarRefractivity_div_BertzCTIndex,-0.11107747840715357,0.0
44,PMI1_div_Largest_ring_size,-0.3714627815858483,0.0
44,BalabanIndex_div_HBA,0.2523827619204177,0.0
44,RingCount_div_Fused_ring_count,0.10651935631298814,0.0
44,Fused_ring_count_div_FractionCSP3,-0.13401289090501708,0.0
44,Largest_ring_size_div_PMI_Ratio1,0.11353448369576154,0.0
44,Chi4_div_FractionCSP3,-0.35414529764458175,0.0
44,PMI1_div_WienerIndex,-0.5375392546418706,0.0
44,SSSR_count_div_DoubleBondCount,-0.1597549277406553,-0.06510710289524661
44,RingCount_div_SSSR_count,0.4191681070021959,-0.0636900021156448
44,Chi4_div_RadiusOfGyration,1.0441131872140168,-0.0629257034110175
44,Fused_ring_count_div_Bridged_ring_count,0.6317929850256704,0.0
44,HBD_div_BalabanIndex,-0.44184012681123574,0.0
44,BalabanIndex_div_TopologicalRadius,0.16274294759987787,0.0
44,TopologicalDiameter_div_BertzCTIndex,-0.20979648536141285,0.0
44,HeteroatomCount_div_Largest_ring_size,-0.576083870922728,0.0
44,WienerIndex_div_RingCount,-0.22384568927538795,0.0
44,Chi2_div_Chi4,-1.2175030346981053,0.0
44,Chi4_div_Bridged_ring_count,0.42486913791380215,0.0
44,Fused_ring_count_div_BondInformationContent,0.38073675723969835,0.0
44,TotalPathCount_div_FractionCSP3,-0.5324497031818063,0.0
44,StereocenterCount_div_PMI_Ratio1,0.00785650971046437,0.0
44,partial_charge_max_div_BertzCTIndex,0.051895966091869326,0.0
44,PMI1_div_Bridged_ring_count,-0.37481784434939763,0.0
44,Fused_ring_count_div_DoubleBondCount,0.1150319145747276,-0.059879891538602986
44,SSSR_count_div_Min_EState,-0.0066114329473713,0.0
44,Asphericity_div_Largest_ring_size,0.9495962959477322,-0.08731657050363904
44,PathComplexityIndex_div_Largest_ring_size,0.9456864959013432,-0.09121021164452184
44,WienerIndex_div_RotatableBonds,0.14927295139681118,0.0
44,RingCount_div_RotatableBonds,2.334944222277907,0.0
44,Bridged_ring_count_div_Fused_ring_count,0.7211421597349512,0.0
44,RotatableBonds_div_WienerIndex,-0.43376337000780496,-0.07822911139654898
44,StereocenterCount_div_Fused_ring_count,0.09725977695953374,0.0
44,BondInformationContent_div_BalabanIndex,-0.5803869900982502,0.0
44,Avg_EState_div_PathComplexityIndex,-1.1004975353058228,0.0
44,RingCount_div_Asphericity,-0.2966682349792382,0.0
44,PMI_Ratio1_div_BertzCTIndex,-0.21022454901617746,0.0
44,Max_EState_div_Largest_ring_size,0.5558614169120659,0.0
44,BalabanIndex_div_BondInformationContent,-0.11668095815832764,0.0
44,WienerIndex_div_PMI3,-0.35959257386317456,0.0
44,SSSR_count_div_ZagrebIndex,0.7702800749299787,0.0
44,TPSA_div_Fused_ring_count,-0.3563012512065796,0.0
44,RotatableBonds_div_BertzCTIndex,-0.6409035101096198,0.0
44,Asphericity_div_Bridged_ring_count,0.6125426022585566,0.0
44,RotatableBonds_div_Chi4,-0.8615153465129357,0.0
44,HBD_div_Fused_ring_count,-0.37690726578949885,0.0
44,Min_EState_div_BalabanIndex,0.052457881812764444,0.0
44,Fused_ring_count_div_Min_EState,-0.008072004276680722,0.0
44,BertzCTIndex_div_Max_EState,-0.7307469282658772,0.0
44,LogP_div_Chi4,-0.2823331310119233,0.0
44,FragmentComplexityScore_div_TotalPathCount,0.006125720100533637,0.0
44,FractionCSP3_div_Chi3,0.07470768966375277,0.0
51,BalabanIndex_div_PathComplexityIndex,2.298852176573666,0.0
51,RingCount_div_PMI_Ratio1,-0.8147325172439013,0.0
51,Max_EState_div_BalabanIndex,-1.3074335402984003,0.2328683720409525
51,BalabanIndex_div_ZagrebIndex,0.49344868426533023,0.0
51,Largest_ring_size_div_BalabanIndex,-1.144213095990653,0.0
51,TotalPathCount_div_Largest_ring_size,-1.3740045501563347,0.0
51,SSSR_count_div_AtomInformationContent,-1.0768367558935874,0.0
51,Fused_ring_count_div_PMI_Ratio1,-0.7563390875513493,0.0
51,PMI2_div_Largest_ring_size,-0.4551980087956476,0.0
51,SSSR_count_div_SpherocityIndex,-0.05111066915440397,0.0
51,SSSR_count_div_partial_charge_max,-1.165410654555062,0.0
51,BalabanIndex_div_partial_charge_max,-0.31775607811561335,0.0
51,RingCount_div_FractionCSP3,-0.7884662279645507,0.0
51,ZagrebIndex_div_Chi0,-1.5748962790535597,0.0
51,TPSA_div_BalabanIndex,-0.4129051447402942,0.0
51,MolarRefractivity_div_TotalPathCount,1.5991274400962123,0.0
51,GraphDistanceDistributionEntropy_div_TotalPathCount,0.2767195492039039,0.0
51,PMI2_div_Fused_ring_count,-0.4826267306358038,0.0
51,SSSR_count_div_BondInformationContent,-0.5961623172217534,0.0
51,Fused_ring_count_div_FragmentComplexityScore,-1.0281751162380857,0.0
51,AtomInformationContent_div_BalabanIndex,-1.0792671330793147,0.0
51,TotalPathCount_div_RadiusOfGyration,-1.2894102743156517,0.0
51,GraphDistanceDistributionEntropy_div_BertzCTIndex,-0.1861469606302952,0.0
51,Fused_ring_count_div_InertialShapeFactor,-0.25401378127090635,0.0
51,StereocenterCount_div_BalabanIndex,-0.5439972350778914,0.0
51,BalabanIndex_div_Asphericity,0.6570678543578873,0.0
51,RadiusOfGyration_div_Largest_ring_size,-1.5682951534675906,0.0
51,ZagrebIndex_div_CovalentRadiusSum,-1.312309393170279,0.2154487058869291
51,MolarRefractivity_div_BertzCTIndex,0.3653171691557377,0.0
51,PMI1_div_Largest_ring_size,-0.48815873716732344,0.0
51,BalabanIndex_div_HBA,0.08769155376820963,0.0
51,RingCount_div_Fused_ring_count,-1.244118498348645,0.0
51,Fused_ring_count_div_FractionCSP3,-0.7069975257501818,0.0
51,Largest_ring_size_div_PMI_Ratio1,-0.6465054734894813,0.0
51,Chi4_div_FractionCSP3,-0.43114394469967016,0.0
51,PMI1_div_WienerIndex,1.4886643743475692,0.2810570098146011
51,SSSR_count_div_DoubleBondCount,-0.8893929216482237,0.2340447488471334
51,RingCount_div_SSSR_count,-2.385677687054472,0.2661002791614478
51,Chi4_div_RadiusOfGyration,-1.168633530758504,0.24362897409285159
51,Fused_ring_count_div_Bridged_ring_count,-1.4270536095030357,0.0
51,HBD_div_BalabanIndex,-0.41853795925006343,0.0
51,BalabanIndex_div_TopologicalRadius,-0.26704803544508954,0.0
51,TopologicalDiameter_div_BertzCTIndex,0.8980404687173936,0.0
51,HeteroatomCount_div_Largest_ring_size,-1.0389987809325176,0.0
51,WienerIndex_div_RingCount,-0.27430798952068997,0.0
51,Chi2_div_Chi4,1.5941024588734318,0.0
51,Chi4_div_Bridged_ring_count,-1.1576317652007062,0.0
51,Fused_ring_count_div_BondInformationContent,-0.6338218010298348,0.0
51,TotalPathCount_div_FractionCSP3,-0.23146361467087004,0.0
51,StereocenterCount_div_PMI_Ratio1,-0.380293085544544,0.0
51,partial_charge_max_div_BertzCTIndex,0.6992786650141722,0.0
51,PMI1_div_Bridged_ring_count,-0.49312041894055575,0.0
51,Fused_ring_count_div_DoubleBondCount,-0.7659847234685216,0.0
51,SSSR_count_div_Min_EState,0.0023290435839932806,0.0
51,Asphericity_div_Largest_ring_size,-1.3738703736010778,0.0
51,PathComplexityIndex_div_Largest_ring_size,-1.9443508233630105,0.0
51,WienerIndex_div_RotatableBonds,-0.23488903226893226,0.0
51,RingCount_div_RotatableBonds,-0.7372214203433113,0.0
51,Bridged_ring_count_div_Fused_ring_count,-1.439196676874029,0.0
51,RotatableBonds_div_WienerIndex,-0.17093471125294327,0.0
51,StereocenterCount_div_Fused_ring_count,-0.7677027582855365,0.0
51,BondInformationContent_div_BalabanIndex,-0.9740578988401529,0.16846984845893928
51,Avg_EState_div_PathComplexityIndex,1.8563258423595346,0.0
51,RingCount_div_Asphericity,-0.618518892507779,0.0
51,PMI_Ratio1_div_BertzCTIndex,-0.1790748503456343,0.0
51,Max_EState_div_Largest_ring_size,-1.9411212229100354,0.0
51,BalabanIndex_div_BondInformationContent,0.561823106643765,0.0
51,WienerIndex_div_PMI3,-0.8384551467480539,0.0
51,SSSR_count_div_ZagrebIndex,-1.8183186131902682,0.17845616304176426
51,TPSA_div_Fused_ring_count,-0.7463221206410611,0.16331206838750933
51,RotatableBonds_div_BertzCTIndex,1.040836518999514,0.0
51,Asphericity_div_Bridged_ring_count,-0.9448338994567288,0.0
51,RotatableBonds_div_Chi4,2.7508500980406088,0.0
51,HBD_div_Fused_ring_count,-0.5907056875796379,0.0
51,Min_EState_div_BalabanIndex,-0.4852419542232246,0.0
51,Fused_ring_count_div_Min_EState,0.000907607443612213,0.0
51,BertzCTIndex_div_Max_EState,0.19870680825468537,0.0
51,LogP_div_Chi4,1.5466812358492945,0.2873819779904604
51,FragmentComplexityScore_div_TotalPathCount,-0.31142727583891483,0.0
51,FractionCSP3_div_Chi3,-0.1575687751427338,0.0
52,BalabanIndex_div_PathComplexityIndex,1.6277598208538435,0.0
52,RingCount_div_PMI_Ratio1,-0.8147325172439013,0.0
52,Max_EState_div_BalabanIndex,-1.1587930437086884,0.1987356671177685
52,BalabanIndex_div_ZagrebIndex,0.8906753411172219,0.0
52,Largest_ring_size_div_BalabanIndex,-1.144213095990653,0.1718007059192433
52,TotalPathCount_div_Largest_ring_size,-1.3740045501563347,0.0
52,SSSR_count_div_AtomInformationContent,-1.0768367558935874,0.0
52,Fused_ring_count_div_PMI_Ratio1,-0.7563390875513493,0.0
52,PMI2_div_Largest_ring_size,-0.4551980087956476,0.0
52,SSSR_count_div_SpherocityIndex,-0.05111066915440397,0.0
52,SSSR_count_div_partial_charge_max,-1.165410654555062,0.0
52,BalabanIndex_div_partial_charge_max,-0.517982959534341,0.0
52,RingCount_div_FractionCSP3,-0.7884662279645507,0.0
52,ZagrebIndex_div_Chi0,-1.6929275272150754,0.1441369206287202
52,TPSA_div_BalabanIndex,-0.4304732995121029,0.0
52,MolarRefractivity_div_TotalPathCount,1.7534287528948977,0.0
52,GraphDistanceDistributionEntropy_div_TotalPathCount,1.4347894470626108,0.0
52,PMI2_div_Fused_ring_count,-0.4826267306358038,0.0
52,SSSR_count_div_BondInformationContent,-0.5961623172217534,0.0
52,Fused_ring_count_div_FragmentComplexityScore,-1.0281751162380857,0.0
52,AtomInformationContent_div_BalabanIndex,-0.7252853079433209,0.0
52,TotalPathCount_div_RadiusOfGyration,-1.2910119578910557,0.0
52,GraphDistanceDistributionEntropy_div_BertzCTIndex,0.5977296140624795,0.0
52,Fused_ring_count_div_InertialShapeFactor,-0.25401378127090635,0.0
52,StereocenterCount_div_BalabanIndex,-0.558339291800295,0.0
52,BalabanIndex_div_Asphericity,-0.07788935163473854,0.0
52,RadiusOfGyration_div_Largest_ring_size,-1.5682951534675906,0.0
52,ZagrebIndex_div_CovalentRadiusSum,-1.5420307046108357,0.1833063687542985
52,MolarRefractivity_div_BertzCTIndex,0.6706730650594921,0.18090769523549102
52,PMI1_div_Largest_ring_size,-0.48815873716732344,0.0
52,BalabanIndex_div_HBA,0.10037804416964685,0.0
52,RingCount_div_Fused_ring_count,-1.244118498348645,0.0
52,Fused_ring_count_div_FractionCSP3,-0.7069975257501818,0.0
52,Largest_ring_size_div_PMI_Ratio1,-0.6465054734894813,0.0
52,Chi4_div_FractionCSP3,-0.7770174442805219,0.0
52,PMI1_div_WienerIndex,-0.6736695926777937,0.0
52,SSSR_count_div_DoubleBondCount,-0.8893929216482237,0.0
52,RingCount_div_SSSR_count,-2.385677687054472,0.0
52,Chi4_div_RadiusOfGyration,-1.2300855242154942,0.0
52,Fused_ring_count_div_Bridged_ring_count,-1.4270536095030357,0.0
52,HBD_div_BalabanIndex,-0.3722518075816284,0.0
52,BalabanIndex_div_TopologicalRadius,-0.2263054621840675,0.0
52,TopologicalDiameter_div_BertzCTIndex,1.6453099413684076,0.18434231612679866
52,HeteroatomCount_div_Largest_ring_size,-1.0389987809325176,0.0
52,WienerIndex_div_RingCount,-0.27430798952068997,0.0
52,Chi2_div_Chi4,1.9358080877320192,0.0
52,Chi4_div_Bridged_ring_count,-1.1576317652007062,0.0
52,Fused_ring_count_div_BondInformationContent,-0.6338218010298348,0.0
52,TotalPathCount_div_FractionCSP3,-0.4955209791056241,0.0
52,StereocenterCount_div_PMI_Ratio1,-0.3023751735013326,0.0
52,partial_charge_max_div_BertzCTIndex,2.017625061972342,0.2462825056476726
52,PMI1_div_Bridged_ring_count,-0.49312041894055575,0.0
52,Fused_ring_count_div_DoubleBondCount,-0.7659847234685216,0.0
52,SSSR_count_div_Min_EState,0.0023290435839932806,0.0
52,Asphericity_div_Largest_ring_size,-1.3738703736010778,0.0
52,PathComplexityIndex_div_Largest_ring_size,-1.9443508233630105,0.0
52,WienerIndex_div_RotatableBonds,-0.42020755323143383,0.0
52,RingCount_div_RotatableBonds,-0.7372214203433113,0.192902790854229
52,Bridged_ring_count_div_Fused_ring_count,-1.439196676874029,0.0
52,RotatableBonds_div_WienerIndex,0.3130733469417571,0.0
52,StereocenterCount_div_Fused_ring_count,-0.7677027582855365,0.0
52,BondInformationContent_div_BalabanIndex,-0.8421546838245582,0.0
52,Avg_EState_div_PathComplexityIndex,2.1717868416787254,0.0
52,RingCount_div_Asphericity,-0.618518892507779,0.0
52,PMI_Ratio1_div_BertzCTIndex,-0.3552883214236276,0.0
52,Max_EState_div_Largest_ring_size,-1.9411212229100354,0.0
52,BalabanIndex_div_BondInformationContent,0.23848272920952335,0.0
52,WienerIndex_div_PMI3,-0.4146367446805114,0.0
52,SSSR_count_div_ZagrebIndex,-1.8183186131902682,0.0
52,TPSA_div_Fused_ring_count,-0.7463221206410611,0.0
52,RotatableBonds_div_BertzCTIndex,1.1814876154209266,0.0
52,Asphericity_div_Bridged_ring_count,-0.9448338994567288,0.0
52,RotatableBonds_div_Chi4,3.1204018646914387,0.16574988905989807
52,HBD_div_Fused_ring_count,-0.5907056875796379,0.0
52,Min_EState_div_BalabanIndex,-0.6827279676840273,0.20120796760858162
52,Fused_ring_count_div_Min_EState,0.000907607443612213,0.0
52,BertzCTIndex_div_Max_EState,-0.5332012251630294,0.0
52,LogP_div_Chi4,1.3970782894230236,0.0
52,FragmentComplexityScore_div_TotalPathCount,0.3947479498396077,0.0
52,FractionCSP3_div_Chi3,0.5151832445684751,0.0
66,BalabanIndex_div_PathComplexityIndex,1.7555315258731299,0.0
66,RingCount_div_PMI_Ratio1,-0.8147325172439013,0.0
66,Max_EState_div_BalabanIndex,-1.4592061640063567,0.0
66,BalabanIndex_div_ZagrebIndex,7.873453483291506,0.21399889610823797
66,Largest_ring_size_div_BalabanIndex,-1.144213095990653,0.0
66,TotalPathCount_div_Largest_ring_size,-1.3740045501563347,0.0
66,SSSR_count_div_AtomInformationContent,-1.0768367558935874,0.0
66,Fused_ring_count_div_PMI_Ratio1,-0.7563390875513493,0.0
66,PMI2_div_Largest_ring_size,-0.4551980087956476,0.0
66,SSSR_count_div_SpherocityIndex,-0.05111066915440397,0.0
66,SSSR_count_div_partial_charge_max,-1.165410654555062,0.0
66,BalabanIndex_div_partial_charge_max,1.90051791378442,0.0
66,RingCount_div_FractionCSP3,-0.7884662279645507,0.0
66,ZagrebIndex_div_Chi0,-1.9914072315681617,0.0
66,TPSA_div_BalabanIndex,-0.7169182367565395,0.0
66,MolarRefractivity_div_TotalPathCount,1.5628530781691166,0.0
66,GraphDistanceDistributionEntropy_div_TotalPathCount,2.7996190284880003,0.0
66,PMI2_div_Fused_ring_count,-0.4826267306358038,0.0
66,SSSR_count_div_BondInformationContent,-0.5961623172217534,0.0
66,Fused_ring_count_div_FragmentComplexityScore,-1.0281751162380857,0.0
66,AtomInformationContent_div_BalabanIndex,-1.4116834728911112,0.0
66,TotalPathCount_div_RadiusOfGyration,-1.3001291080886153,0.0
66,GraphDistanceDistributionEntropy_div_BertzCTIndex,6.8068474561392005,0.0
66,Fused_ring_count_div_InertialShapeFactor,-0.25401378127090635,0.0
66,StereocenterCount_div_BalabanIndex,-0.6376549350429598,0.0
66,BalabanIndex_div_Asphericity,1.834063945468619,0.0
66,RadiusOfGyration_div_Largest_ring_size,-1.5682951534675906,0.0
66,ZagrebIndex_div_CovalentRadiusSum,-1.9388170342513373,0.0
66,MolarRefractivity_div_BertzCTIndex,5.916071537950591,0.3608943191346404
66,PMI1_div_Largest_ring_size,-0.48815873716732344,0.0
66,BalabanIndex_div_HBA,7.962128137179924,0.0
66,RingCount_div_Fused_ring_count,-1.244118498348645,0.0
66,Fused_ring_count_div_FractionCSP3,-0.7069975257501818,0.0
66,Largest_ring_size_div_PMI_Ratio1,-0.6465054734894813,0.0
66,Chi4_div_FractionCSP3,-1.195041227117152,0.3243691955443197
66,PMI1_div_WienerIndex,3.4198954782481956,0.318879092407987
66,SSSR_count_div_DoubleBondCount,-0.8893929216482237,0.0
66,RingCount_div_SSSR_count,-2.385677687054472,0.0
66,Chi4_div_RadiusOfGyration,-1.3306857554166485,0.0
66,Fused_ring_count_div_Bridged_ring_count,-1.4270536095030357,0.0
66,HBD_div_BalabanIndex,-0.5295613879153296,0.0
66,BalabanIndex_div_TopologicalRadius,10.713601972845868,0.4817495818725442
66,TopologicalDiameter_div_BertzCTIndex,2.5895634727097283,0.0
66,HeteroatomCount_div_Largest_ring_size,-1.0389987809325176,0.0
66,WienerIndex_div_RingCount,-0.27430798952068997,0.0
66,Chi2_div_Chi4,6.768408426431028,0.0
66,Chi4_div_Bridged_ring_count,-1.1576317652007062,0.0
66,Fused_ring_count_div_BondInformationContent,-0.6338218010298348,0.0
66,TotalPathCount_div_FractionCSP3,-0.8946138285807625,0.0
66,StereocenterCount_div_PMI_Ratio1,-0.5007552387378665,0.0
66,partial_charge_max_div_BertzCTIndex,7.81670714385628,0.38192531852409534
66,PMI1_div_Bridged_ring_count,-0.49312041894055575,0.0
66,Fused_ring_count_div_DoubleBondCount,-0.7659847234685216,0.0
66,SSSR_count_div_Min_EState,0.0023290435839932806,0.0
66,Asphericity_div_Largest_ring_size,-1.3738703736010778,0.0
66,PathComplexityIndex_div_Largest_ring_size,-1.9443508233630105,0.0
66,WienerIndex_div_RotatableBonds,-0.5944670876483737,0.0
66,RingCount_div_RotatableBonds,-0.7372214203433113,0.0
66,Bridged_ring_count_div_Fused_ring_count,-1.439196676874029,0.0
66,RotatableBonds_div_WienerIndex,6.64117976020647,0.3824438528821337
66,StereocenterCount_div_Fused_ring_count,-0.7677027582855365,0.0
66,BondInformationContent_div_BalabanIndex,-1.462044407866439,0.0
66,Avg_EState_div_PathComplexityIndex,0.8609534533071127,0.0
66,RingCount_div_Asphericity,-0.618518892507779,0.0
66,PMI_Ratio1_div_BertzCTIndex,13.626522464319809,0.45975166125978595
66,Max_EState_div_Largest_ring_size,-1.9411212229100354,0.0
66,BalabanIndex_div_BondInformationContent,-0.9577408957621846,0.0
66,WienerIndex_div_PMI3,-1.0440539783727232,0.0
66,SSSR_count_div_ZagrebIndex,-1.8183186131902682,0.0
66,TPSA_div_Fused_ring_count,-0.7463221206410611,0.0
66,RotatableBonds_div_BertzCTIndex,0.9449259799981512,0.0
66,Asphericity_div_Bridged_ring_count,-0.9448338994567288,0.0
66,RotatableBonds_div_Chi4,0.5340618631087631,0.0
66,HBD_div_Fused_ring_count,-0.5907056875796379,0.0
66,Min_EState_div_BalabanIndex,0.7632127019434848,0.0
66,Fused_ring_count_div_Min_EState,0.000907607443612213,0.0
66,BertzCTIndex_div_Max_EState,-1.5734783438842528,0.0
66,LogP_div_Chi4,2.536620047069292,0.0
66,FragmentComplexityScore_div_TotalPathCount,5.026387886169438,0.45249380568624653
66,FractionCSP3_div_Chi3,4.3923506256438705,0.5055809953520325
67,BalabanIndex_div_PathComplexityIndex,1.9080562774579037,0.0
67,RingCount_div_PMI_Ratio1,-0.8147325172439013,0.0
67,Max_EState_div_BalabanIndex,-1.9243792195670042,0.0
67,BalabanIndex_div_ZagrebIndex,5.520497635617506,0.3905359511398074
67,Largest_ring_size_div_BalabanIndex,-1.144213095990653,0.0
67,TotalPathCount_div_Largest_ring_size,-1.3740045501563347,0.0
67,SSSR_count_div_AtomInformationContent,-1.0768367558935874,0.0
67,Fused_ring_count_div_PMI_Ratio1,-0.7563390875513493,0.0
67,PMI2_div_Largest_ring_size,-0.4551980087956476,0.0
67,SSSR_count_div_SpherocityIndex,-0.05111066915440397,0.0
67,SSSR_count_div_partial_charge_max,-1.165410654555062,0.0
67,BalabanIndex_div_partial_charge_max,9.276393465914285,0.3783076257570997
67,RingCount_div_FractionCSP3,-0.7884662279645507,0.0
67,ZagrebIndex_div_Chi0,-2.438011365292837,0.0
67,TPSA_div_BalabanIndex,-0.760074798745235,0.0
67,MolarRefractivity_div_TotalPathCount,4.505570163583692,0.0
67,GraphDistanceDistributionEntropy_div_TotalPathCount,5.2233650484348475,0.3571772055552283
67,PMI2_div_Fused_ring_count,-0.4826267306358038,0.0
67,SSSR_count_div_BondInformationContent,-0.5961623172217534,0.0
67,Fused_ring_count_div_FragmentComplexityScore,-1.0281751162380857,0.0
67,AtomInformationContent_div_BalabanIndex,-0.9705870916120981,0.0
67,TotalPathCount_div_RadiusOfGyration,-1.6093341926646123,0.0
67,GraphDistanceDistributionEntropy_div_BertzCTIndex,6.813397679147719,0.4631111950434405
67,Fused_ring_count_div_InertialShapeFactor,-0.25401378127090635,0.0
67,StereocenterCount_div_BalabanIndex,-0.5971218143581003,0.0
67,BalabanIndex_div_Asphericity,0.6194426701299878,0.0
67,RadiusOfGyration_div_Largest_ring_size,-1.5682951534675906,0.0
67,ZagrebIndex_div_CovalentRadiusSum,-2.419687697287493,0.0
67,MolarRefractivity_div_BertzCTIndex,6.496784452177693,0.5133510167849569
67,PMI1_div_Largest_ring_size,-0.48815873716732344,0.0
67,BalabanIndex_div_HBA,1.4580583511969576,0.0
67,RingCount_div_Fused_ring_count,-1.244118498348645,0.0
67,Fused_ring_count_div_FractionCSP3,-0.7069975257501818,0.0
67,Largest_ring_size_div_PMI_Ratio1,-0.6465054734894813,0.0
67,Chi4_div_FractionCSP3,-1.1824393399789017,0.0
67,PMI1_div_WienerIndex,3.793813714887626,0.0
67,SSSR_count_div_DoubleBondCount,-0.8893929216482237,0.0
67,RingCount_div_SSSR_count,-2.385677687054472,0.0
67,Chi4_div_RadiusOfGyration,-1.5061308575916683,0.0
67,Fused_ring_count_div_Bridged_ring_count,-1.4270536095030357,0.0
67,HBD_div_BalabanIndex,-0.5897772847378491,0.0
67,BalabanIndex_div_TopologicalRadius,2.473966618079914,0.0
67,TopologicalDiameter_div_BertzCTIndex,4.440573031363947,0.2985985691530653
67,HeteroatomCount_div_Largest_ring_size,-1.0389987809325176,0.3468112731548243
67,WienerIndex_div_RingCount,-0.27430798952068997,0.0
67,Chi2_div_Chi4,3.8896238023631504,0.0
67,Chi4_div_Bridged_ring_count,-1.1576317652007062,0.0
67,Fused_ring_count_div_BondInformationContent,-0.6338218010298348,0.0
67,TotalPathCount_div_FractionCSP3,-0.8678164472535442,0.0
67,StereocenterCount_div_PMI_Ratio1,-0.4640591030599032,0.0
67,partial_charge_max_div_BertzCTIndex,0.3066148480160247,0.0
67,PMI1_div_Bridged_ring_count,-0.49312041894055575,0.0
67,Fused_ring_count_div_DoubleBondCount,-0.7659847234685216,0.0
67,SSSR_count_div_Min_EState,0.0023290435839932806,0.0
67,Asphericity_div_Largest_ring_size,-1.3738703736010778,0.0
67,PathComplexityIndex_div_Largest_ring_size,-1.9443508233630105,0.0
67,WienerIndex_div_RotatableBonds,-0.5990165360839758,0.0
67,RingCount_div_RotatableBonds,-0.7372214203433113,0.0
67,Bridged_ring_count_div_Fused_ring_count,-1.439196676874029,0.0
67,RotatableBonds_div_WienerIndex,8.073378165017358,0.5323373366631599
67,StereocenterCount_div_Fused_ring_count,-0.7677027582855365,0.0
67,BondInformationContent_div_BalabanIndex,-1.0763373529849831,0.0
67,Avg_EState_div_PathComplexityIndex,1.053167835573671,0.0
67,RingCount_div_Asphericity,-0.618518892507779,0.0
67,PMI_Ratio1_div_BertzCTIndex,6.561835631043894,0.0
67,Max_EState_div_Largest_ring_size,-1.9411212229100354,0.0
67,BalabanIndex_div_BondInformationContent,0.9647718594270942,0.0
67,WienerIndex_div_PMI3,-1.3815434723381783,0.0
67,SSSR_count_div_ZagrebIndex,-1.8183186131902682,0.0
67,TPSA_div_Fused_ring_count,-0.7463221206410611,0.0
67,RotatableBonds_div_BertzCTIndex,3.065636815577397,0.0
67,Asphericity_div_Bridged_ring_count,-0.9448338994567288,0.0
67,RotatableBonds_div_Chi4,4.648380085960295,0.0
67,HBD_div_Fused_ring_count,-0.5907056875796379,0.0
67,Min_EState_div_BalabanIndex,1.2156321590528287,0.0
67,Fused_ring_count_div_Min_EState,0.000907607443612213,0.0
67,BertzCTIndex_div_Max_EState,-0.7740174925416433,0.0
67,LogP_div_Chi4,7.804558363328561,0.0
67,FragmentComplexityScore_div_TotalPathCount,4.829183423978179,0.43054727010140104
67,FractionCSP3_div_Chi3,7.267962552922016,0.30106307193138565
69,BalabanIndex_div_PathComplexityIndex,-0.9123764144825273,-0.0423033443556281
69,RingCount_div_PMI_Ratio1,3.4248736953286465,-0.0418932005380049
69,Max_EState_div_BalabanIndex,4.293422211909756,-0.031349618598269756
69,BalabanIndex_div_ZagrebIndex,-1.0650011450328694,0.0
69,Largest_ring_size_div_BalabanIndex,9.785845074271512,-0.04103698845763364
69,TotalPathCount_div_Largest_ring_size,0.3963940107542634,0.0
69,SSSR_count_div_AtomInformationContent,3.2643884198823954,0.0
69,Fused_ring_count_div_PMI_Ratio1,3.9191492329268502,0.0
69,PMI2_div_Largest_ring_size,1.259499807698443,0.0
69,SSSR_count_div_SpherocityIndex,-0.05111023586046856,0.0
69,SSSR_count_div_partial_charge_max,3.814396106244169,0.0
69,BalabanIndex_div_partial_charge_max,-0.8811278081284789,-0.02445160344857472
69,RingCount_div_FractionCSP3,9.238908003765008,0.0
69,ZagrebIndex_div_Chi0,0.4788040101229098,0.0
69,TPSA_div_BalabanIndex,12.904291295823652,0.0
69,MolarRefractivity_div_TotalPathCount,-1.037710987662505,0.0
69,GraphDistanceDistributionEntropy_div_TotalPathCount,-1.5601632213810939,0.0
69,PMI2_div_Fused_ring_count,1.9130467982323465,-0.03313762299102092
69,SSSR_count_div_BondInformationContent,0.7704158953033796,0.0
69,Fused_ring_count_div_FragmentComplexityScore,4.805747631970147,0.0
69,AtomInformationContent_div_BalabanIndex,3.157092753846903,-0.043782814273519745
69,TotalPathCount_div_RadiusOfGyration,3.5736477021163546,0.0
69,GraphDistanceDistributionEntropy_div_BertzCTIndex,-1.2531274955969474,0.0
69,Fused_ring_count_div_InertialShapeFactor,9.24099892802524,0.0
69,StereocenterCount_div_BalabanIndex,2.2409396529853662,0.0
69,BalabanIndex_div_Asphericity,-0.42958663159576504,0.0
69,RadiusOfGyration_div_Largest_ring_size,-0.6830649748694712,0.0
69,ZagrebIndex_div_CovalentRadiusSum,1.905494967732551,-0.038887412920729135
69,MolarRefractivity_div_BertzCTIndex,-1.3793199780967602,0.0
69,PMI1_div_Largest_ring_size,1.06584009987868,0.0
69,BalabanIndex_div_HBA,-0.9346798492015339,0.0
69,RingCount_div_Fused_ring_count,0.4441788199783964,0.0
69,Fused_ring_count_div_FractionCSP3,9.806815773948397,0.0
69,Largest_ring_size_div_PMI_Ratio1,2.5644876556441516,0.0
69,Chi4_div_FractionCSP3,9.55722067317686,0.0
69,PMI1_div_WienerIndex,-1.284796784539097,0.0
69,SSSR_count_div_DoubleBondCount,0.02265457073623688,0.0
69,RingCount_div_SSSR_count,0.4191681070021959,0.0
69,Chi4_div_RadiusOfGyration,0.8274054122791717,0.0
69,Fused_ring_count_div_Bridged_ring_count,0.6317929850256704,0.0
69,HBD_div_BalabanIndex,12.041630809817777,0.0
69,BalabanIndex_div_TopologicalRadius,-1.284009658331596,0.0
69,TopologicalDiameter_div_BertzCTIndex,-1.1699310639731446,0.0
69,HeteroatomCount_div_Largest_ring_size,1.0680621887672146,0.0
69,WienerIndex_div_RingCount,1.6488566998795855,0.0
69,Chi2_div_Chi4,0.13469456146001327,0.0
69,Chi4_div_Bridged_ring_count,-0.1324466324643274,0.0
69,Fused_ring_count_div_BondInformationContent,0.9865161561073934,0.0
69,TotalPathCount_div_FractionCSP3,11.909762309428833,0.0
69,StereocenterCount_div_PMI_Ratio1,0.6106760028550269,0.0
69,partial_charge_max_div_BertzCTIndex,-0.9927728357516185,0.0
69,PMI1_div_Bridged_ring_count,1.4104801993379843,0.0
69,Fused_ring_count_div_DoubleBondCount,0.1150319145747276,0.0
69,SSSR_count_div_Min_EState,-0.013410352476151933,0.0
69,Asphericity_div_Largest_ring_size,-0.9353106575081856,0.0
69,PathComplexityIndex_div_Largest_ring_size,-1.4043755184617537,0.0
69,WienerIndex_div_RotatableBonds,14.080963593582641,0.0
69,RingCount_div_RotatableBonds,0.798861400967298,0.0
69,Bridged_ring_count_div_Fused_ring_count,0.7211421597349512,0.0
69,RotatableBonds_div_WienerIndex,-0.6849264218197626,0.0
69,StereocenterCount_div_Fused_ring_count,-0.2271011737573676,0.0
69,BondInformationContent_div_BalabanIndex,3.775206308324705,-0.049278117496771634
69,Avg_EState_div_PathComplexityIndex,0.6956351985508158,0.0
69,RingCount_div_Asphericity,1.1454274383766934,0.0
69,PMI_Ratio1_div_BertzCTIndex,-0.7250853447941631,0.0
69,Max_EState_div_Largest_ring_size,-1.252793308041012,0.0
69,BalabanIndex_div_BondInformationContent,-0.816153873685194,-0.034283477652096474
69,WienerIndex_div_PMI3,4.308526189345844,0.0
69,SSSR_count_div_ZagrebIndex,0.14770570690106308,0.0
69,TPSA_div_Fused_ring_count,1.225051527209539,0.0
69,RotatableBonds_div_BertzCTIndex,-0.6670045490439122,0.0
69,Asphericity_div_Bridged_ring_count,-0.58963413918027,0.0
69,RotatableBonds_div_Chi4,-0.6641194672156268,0.0
69,HBD_div_Fused_ring_count,1.3334801085316141,0.0
69,Min_EState_div_BalabanIndex,-4.921222683320522,0.0
69,Fused_ring_count_div_Min_EState,-0.01173902630895719,0.0
69,BertzCTIndex_div_Max_EState,8.432817903577808,0.0
69,LogP_div_Chi4,-0.6890039855847099,0.0
69,FragmentComplexityScore_div_TotalPathCount,-1.2460509909172817,0.0
69,FractionCSP3_div_Chi3,-1.0449937873392297,0.0
71,BalabanIndex_div_PathComplexityIndex,-0.6075037938827373,0.0
71,RingCount_div_PMI_Ratio1,1.0925375874644243,-0.23304675766404143
71,Max_EState_div_BalabanIndex,0.7602800251442671,0.0
71,BalabanIndex_div_ZagrebIndex,-0.6626293851702706,0.0
71,Largest_ring_size_div_BalabanIndex,0.12244145745707545,0.0
71,TotalPathCount_div_Largest_ring_size,0.7144656166127776,0.0
71,SSSR_count_div_AtomInformationContent,0.0248277983288096,0.0
71,Fused_ring_count_div_PMI_Ratio1,0.29534102746928764,0.0
71,PMI2_div_Largest_ring_size,0.40337627278747556,-0.23807560147021523
71,SSSR_count_div_SpherocityIndex,-0.05111044833138338,0.0
71,SSSR_count_div_partial_charge_max,0.08639404380837179,0.0
71,BalabanIndex_div_partial_charge_max,-0.5768858560956687,0.0
71,RingCount_div_FractionCSP3,0.29738579445536123,0.0
71,ZagrebIndex_div_Chi0,0.24651737213179303,0.0
71,TPSA_div_BalabanIndex,1.1704456639297167,0.0
71,MolarRefractivity_div_TotalPathCount,-0.8026168212812566,0.0
71,GraphDistanceDistributionEntropy_div_TotalPathCount,-0.48464208272238957,0.0
71,PMI2_div_Fused_ring_count,1.5028333239534508,0.0
71,SSSR_count_div_BondInformationContent,-0.2279939857161762,0.0
71,Fused_ring_count_div_FragmentComplexityScore,-0.29893477271205665,0.0
71,AtomInformationContent_div_BalabanIndex,0.9084731809671331,-0.29164495000526497
71,TotalPathCount_div_RadiusOfGyration,-0.030864928596270196,0.0
71,GraphDistanceDistributionEntropy_div_BertzCTIndex,-0.6228701048575295,0.0
71,Fused_ring_count_div_InertialShapeFactor,-0.18701407778848667,0.0
71,StereocenterCount_div_BalabanIndex,0.3297631855569394,0.0
71,BalabanIndex_div_Asphericity,-0.39178444187175815,0.0
71,RadiusOfGyration_div_Largest_ring_size,1.0781915428492725,0.0
71,ZagrebIndex_div_CovalentRadiusSum,1.133844406724993,-0.2138712853290726
71,MolarRefractivity_div_BertzCTIndex,-0.9592816117612649,0.0
71,PMI1_div_Largest_ring_size,-0.059975633781599126,0.0
71,BalabanIndex_div_HBA,-0.7756722371659056,0.0
71,RingCount_div_Fused_ring_count,2.132476138305438,0.0
71,Fused_ring_count_div_FractionCSP3,-0.1377335703520636,0.0
71,Largest_ring_size_div_PMI_Ratio1,0.548966232178943,0.0
71,Chi4_div_FractionCSP3,0.03912869741084379,0.0
71,PMI1_div_WienerIndex,-0.9690895502018106,-0.24292585147913393
71,SSSR_count_div_DoubleBondCount,0.47867831692846713,0.0
71,RingCount_div_SSSR_count,0.4191681070021959,0.0
71,Chi4_div_RadiusOfGyration,-0.625558008535482,0.0
71,Fused_ring_count_div_Bridged_ring_count,0.6317929850256704,0.0
71,HBD_div_BalabanIndex,1.375535723256802,0.0
71,BalabanIndex_div_TopologicalRadius,-0.7454696821006473,0.0
71,TopologicalDiameter_div_BertzCTIndex,-0.5584879463994856,0.0
71,HeteroatomCount_div_Largest_ring_size,1.4298807391196935,0.0
71,WienerIndex_div_RingCount,-0.0344493517253078,0.0
71,Chi2_div_Chi4,0.1566313769936049,0.0
71,Chi4_div_Bridged_ring_count,1.1233048376512198,0.0
71,Fused_ring_count_div_BondInformationContent,-0.41555506858571667,0.0
71,TotalPathCount_div_FractionCSP3,0.3855201038128773,0.0
71,StereocenterCount_div_PMI_Ratio1,0.699242765365091,0.0
71,partial_charge_max_div_BertzCTIndex,-0.5221350424462043,0.0
71,PMI1_div_Bridged_ring_count,0.37503586418952506,0.0
71,Fused_ring_count_div_DoubleBondCount,-0.10522224493608466,0.0
71,SSSR_count_div_Min_EState,-0.004160653043405492,0.0
71,Asphericity_div_Largest_ring_size,1.4626073625011409,-0.28613031952709655
71,PathComplexityIndex_div_Largest_ring_size,0.5443457651862271,0.0
71,WienerIndex_div_RotatableBonds,0.14175372412130235,0.0
71,RingCount_div_RotatableBonds,-0.0971869114638907,0.0
71,Bridged_ring_count_div_Fused_ring_count,0.7211421597349512,0.0
71,RotatableBonds_div_WienerIndex,-0.4311548300335387,-0.2034194230726229
71,StereocenterCount_div_Fused_ring_count,1.8271848474496741,-0.1863636506739927
71,BondInformationContent_div_BalabanIndex,1.2601171680671894,0.0
71,Avg_EState_div_PathComplexityIndex,0.7461850115821973,0.0
71,RingCount_div_Asphericity,-0.28896876691453854,0.0
71,PMI_Ratio1_div_BertzCTIndex,-0.6288706641254562,0.0
71,Max_EState_div_Largest_ring_size,0.7224388978878225,0.0
71,BalabanIndex_div_BondInformationContent,-0.6853372517860673,0.0
71,WienerIndex_div_PMI3,-0.3019237249474493,0.0
71,SSSR_count_div_ZagrebIndex,0.15603631842687476,0.0
71,TPSA_div_Fused_ring_count,3.231646850044931,-0.266443432978506
71,RotatableBonds_div_BertzCTIndex,-0.5060536436081777,0.0
71,Asphericity_div_Bridged_ring_count,2.857642660021516,-0.22092562377920338
71,RotatableBonds_div_Chi4,-0.35574450106240824,0.0
71,HBD_div_Fused_ring_count,3.6852627482231446,0.0
71,Min_EState_div_BalabanIndex,-1.0640754758658335,0.0
71,Fused_ring_count_div_Min_EState,-0.0016996341588727533,0.0
71,BertzCTIndex_div_Max_EState,0.5896750732777392,0.0
71,LogP_div_Chi4,-1.1615507191758903,0.0
71,FragmentComplexityScore_div_TotalPathCount,-0.5172486620959466,0.0
71,FractionCSP3_div_Chi3,-0.4163453149212577,0.0
75,BalabanIndex_div_PathComplexityIndex,-0.71037672912876,0.0
75,RingCount_div_PMI_Ratio1,1.6343161561005346,-0.09046929660667051
75,Max_EState_div_BalabanIndex,-0.5320515898347971,0.0
75,BalabanIndex_div_ZagrebIndex,-0.6353629365834836,0.0
75,Largest_ring_size_div_BalabanIndex,0.44263413617908864,0.0
75,TotalPathCount_div_Largest_ring_size,0.14400385809714053,0.0
75,SSSR_count_div_AtomInformationContent,0.2308738755139705,0.0
75,Fused_ring_count_div_PMI_Ratio1,-0.7563390875513493,0.0
75,PMI2_div_Largest_ring_size,0.12427876881216544,0.0
75,SSSR_count_div_SpherocityIndex,-0.05111049868258271,0.0
75,SSSR_count_div_partial_charge_max,1.8334808253273,0.0
75,BalabanIndex_div_partial_charge_max,0.04971206440784602,0.0
75,RingCount_div_FractionCSP3,0.1303316371599906,0.0
75,ZagrebIndex_div_Chi0,0.5530029961580771,0.0
75,TPSA_div_BalabanIndex,-0.25913299735451256,0.0
75,MolarRefractivity_div_TotalPathCount,-0.0732573701959652,0.0
75,GraphDistanceDistributionEntropy_div_TotalPathCount,0.12246318498537978,0.0
75,PMI2_div_Fused_ring_count,-0.4826267306358038,0.0
75,SSSR_count_div_BondInformationContent,-0.16348544360608197,0.0
75,Fused_ring_count_div_FragmentComplexityScore,-1.0281751162380857,0.0
75,AtomInformationContent_div_BalabanIndex,1.0618280008072545,0.0
75,TotalPathCount_div_RadiusOfGyration,-0.5822493421780723,0.0
75,GraphDistanceDistributionEntropy_div_BertzCTIndex,-0.14422867037225415,0.0
75,Fused_ring_count_div_InertialShapeFactor,-0.25401378127090635,0.0
75,StereocenterCount_div_BalabanIndex,-0.3683287161204416,0.0
75,BalabanIndex_div_Asphericity,-0.4313265207119604,0.0
75,RadiusOfGyration_div_Largest_ring_size,0.9452378433043964,-0.08815944747754105
75,ZagrebIndex_div_CovalentRadiusSum,0.06789538094435117,0.0
75,MolarRefractivity_div_BertzCTIndex,-0.34611865275104603,0.0
75,PMI1_div_Largest_ring_size,-0.2672840567723587,0.0
75,BalabanIndex_div_HBA,-0.5942806463335729,0.0
75,RingCount_div_Fused_ring_count,-1.244118498348645,0.0
75,Fused_ring_count_div_FractionCSP3,-0.7069975257501818,0.0
75,Largest_ring_size_div_PMI_Ratio1,0.88855156303645,-0.08691470425132157
75,Chi4_div_FractionCSP3,-0.1274847010909787,0.0
75,PMI1_div_WienerIndex,-1.0542922897662876,-0.08493094185567215
75,SSSR_count_div_DoubleBondCount,-0.8893929216482237,0.0
75,RingCount_div_SSSR_count,0.4191681070021959,0.0
75,Chi4_div_RadiusOfGyration,-0.5243077887370393,0.0
75,Fused_ring_count_div_Bridged_ring_count,-1.4270536095030357,0.0
75,HBD_div_BalabanIndex,-0.3435656006922827,0.0
75,BalabanIndex_div_TopologicalRadius,-0.9506892271611651,-0.08230167068535997
75,TopologicalDiameter_div_BertzCTIndex,0.0452139453675925,0.0
75,HeteroatomCount_div_Largest_ring_size,-0.11316896091293838,0.0
75,WienerIndex_div_RingCount,-0.13334331107104494,0.0
75,Chi2_div_Chi4,-0.009856480593314976,0.0
75,Chi4_div_Bridged_ring_count,-1.1576317652007062,0.0
75,Fused_ring_count_div_BondInformationContent,-0.6338218010298348,0.0
75,TotalPathCount_div_FractionCSP3,-0.13895026514800365,0.0
75,StereocenterCount_div_PMI_Ratio1,-0.15833988897703932,0.0
75,partial_charge_max_div_BertzCTIndex,-0.7211739894822096,-0.08103738693089531
75,PMI1_div_Bridged_ring_count,-0.49312041894055575,0.0
75,Fused_ring_count_div_DoubleBondCount,-0.7659847234685216,0.0
75,SSSR_count_div_Min_EState,0.052811726409028675,0.0
75,Asphericity_div_Largest_ring_size,1.6940765261474455,-0.12347206014379246
75,PathComplexityIndex_div_Largest_ring_size,0.41271857468635853,0.0
75,WienerIndex_div_RotatableBonds,-0.2855429523402433,0.0
75,RingCount_div_RotatableBonds,-0.25719553868374584,0.0
75,Bridged_ring_count_div_Fused_ring_count,-1.439196676874029,0.0
75,RotatableBonds_div_WienerIndex,-0.0915369775041906,0.0
75,StereocenterCount_div_Fused_ring_count,-0.7677027582855365,0.0
75,BondInformationContent_div_BalabanIndex,1.4397963470955533,-0.11627609254190331
75,Avg_EState_div_PathComplexityIndex,-0.9261285061419624,0.0
75,RingCount_div_Asphericity,-0.31383252578756693,0.0
75,PMI_Ratio1_div_BertzCTIndex,-0.5972698860588138,0.0
75,Max_EState_div_Largest_ring_size,-0.771522128623866,0.0
75,BalabanIndex_div_BondInformationContent,-0.7022042225287828,0.0
75,WienerIndex_div_PMI3,-0.5288899023509165,0.0
75,SSSR_count_div_ZagrebIndex,0.7993654534481874,0.0
75,TPSA_div_Fused_ring_count,-0.7463221206410611,0.0
75,RotatableBonds_div_BertzCTIndex,-0.2542253387571684,0.0
75,Asphericity_div_Bridged_ring_count,-0.9448338994567288,0.0
75,RotatableBonds_div_Chi4,-0.18702297739940044,-0.06477782101706588
75,HBD_div_Fused_ring_count,-0.5907056875796379,0.0
75,Min_EState_div_BalabanIndex,1.2389855753265826,0.0
75,Fused_ring_count_div_Min_EState,0.000907607443612213,0.0
75,BertzCTIndex_div_Max_EState,1.6330473406604082,0.0
75,LogP_div_Chi4,-0.009385133627599906,0.0
75,FragmentComplexityScore_div_TotalPathCount,-0.15493954401491394,0.0
75,FractionCSP3_div_Chi3,-0.32439731646882275,-0.05957977557917893
90,BalabanIndex_div_PathComplexityIndex,-0.3852980427616409,0.0
90,RingCount_div_PMI_Ratio1,0.4753880090384198,0.0
90,Max_EState_div_BalabanIndex,0.13141731279346103,0.0
90,BalabanIndex_div_ZagrebIndex,0.10238260203008206,0.0
90,Largest_ring_size_div_BalabanIndex,-0.0942429630694841,0.0
90,TotalPathCount_div_Largest_ring_size,-0.4554644305125121,0.0
90,SSSR_count_div_AtomInformationContent,-0.5175728617704006,0.0
90,Fused_ring_count_div_PMI_Ratio1,0.4292945047766477,0.0
90,PMI2_div_Largest_ring_size,-0.28794441576412305,0.0
90,SSSR_count_div_SpherocityIndex,-0.05111057083964656,0.0
90,SSSR_count_div_partial_charge_max,-0.27439746025186057,0.0
90,BalabanIndex_div_partial_charge_max,-0.2807623848250971,0.0
90,RingCount_div_FractionCSP3,-0.34608207068236435,0.0
90,ZagrebIndex_div_Chi0,0.08642774399836906,0.0
90,TPSA_div_BalabanIndex,-0.47778970438341073,0.0
90,MolarRefractivity_div_TotalPathCount,-0.0873771542526589,0.0
90,GraphDistanceDistributionEntropy_div_TotalPathCount,0.883568856997556,0.0183464699089359
90,PMI2_div_Fused_ring_count,-0.09585142758537142,0.0
90,SSSR_count_div_BondInformationContent,-0.3539253297167185,0.0
90,Fused_ring_count_div_FragmentComplexityScore,-0.29893477271205665,0.0
90,AtomInformationContent_div_BalabanIndex,0.8523332652834463,0.0
90,TotalPathCount_div_RadiusOfGyration,-0.7595556314061921,0.0
90,GraphDistanceDistributionEntropy_div_BertzCTIndex,0.7859517321453154,0.01455682997322622
90,Fused_ring_count_div_InertialShapeFactor,-0.2423655577860007,0.0
90,StereocenterCount_div_BalabanIndex,-0.5485523169243356,0.0
90,BalabanIndex_div_Asphericity,-0.36764313994261316,0.0
90,RadiusOfGyration_div_Largest_ring_size,0.119032478540736,0.007709507960433515
90,ZagrebIndex_div_CovalentRadiusSum,-0.1344529079855881,0.0
90,MolarRefractivity_div_BertzCTIndex,0.15705724856036266,0.0
90,PMI1_div_Largest_ring_size,-0.4139443156756157,0.0
90,BalabanIndex_div_HBA,-0.13361152866145581,0.0
90,RingCount_div_Fused_ring_count,0.7818382836438047,0.0
90,Fused_ring_count_div_FractionCSP3,-0.3204602720847929,0.0
90,Largest_ring_size_div_PMI_Ratio1,0.7012345785227397,0.0
90,Chi4_div_FractionCSP3,-0.7219127093808221,0.0
90,PMI1_div_WienerIndex,-0.8404250964168363,0.0
90,SSSR_count_div_DoubleBondCount,0.7522925646438053,0.00814129582864501
90,RingCount_div_SSSR_count,0.4191681070021959,0.0
90,Chi4_div_RadiusOfGyration,-0.6713371226522499,0.0
90,Fused_ring_count_div_Bridged_ring_count,0.6317929850256704,0.0
90,HBD_div_BalabanIndex,-0.5897772847378491,0.0172099515824151
90,BalabanIndex_div_TopologicalRadius,-0.20434940118363057,0.0
90,TopologicalDiameter_div_BertzCTIndex,0.505493385345151,0.0
90,HeteroatomCount_div_Largest_ring_size,-0.11316896091293838,0.0
90,WienerIndex_div_RingCount,-0.21581858218563654,0.0
90,Chi2_div_Chi4,-0.24094654527953913,0.0
90,Chi4_div_Bridged_ring_count,0.24054477070483127,0.0
90,Fused_ring_count_div_BondInformationContent,-0.3944735137775688,0.0
90,TotalPathCount_div_FractionCSP3,-0.5699861908587988,0.0
90,StereocenterCount_div_PMI_Ratio1,-0.35043936437112133,0.0
90,partial_charge_max_div_BertzCTIndex,0.499469841823572,0.0
90,PMI1_div_Bridged_ring_count,-0.34264807239667694,0.0
90,Fused_ring_count_div_DoubleBondCount,0.5555402335963523,0.0
90,SSSR_count_div_Min_EState,0.04823757574421581,0.0
90,Asphericity_div_Largest_ring_size,1.5761034208604308,0.0
90,PathComplexityIndex_div_Largest_ring_size,0.296902607903223,0.0
90,WienerIndex_div_RotatableBonds,-0.48818059857162205,0.0
90,RingCount_div_RotatableBonds,-0.2763965739501285,0.0
90,Bridged_ring_count_div_Fused_ring_count,0.7211421597349512,0.0
90,RotatableBonds_div_WienerIndex,0.8257955104049756,0.03493631699380183
90,StereocenterCount_div_Fused_ring_count,-0.47938191320384643,0.0
90,BondInformationContent_div_BalabanIndex,0.5956926510918095,0.0
90,Avg_EState_div_PathComplexityIndex,-0.3546839353370523,0.0
90,RingCount_div_Asphericity,-0.42839620139847395,0.0
90,PMI_Ratio1_div_BertzCTIndex,-0.3544524202155794,0.0
90,Max_EState_div_Largest_ring_size,0.5686789283477948,0.0
90,BalabanIndex_div_BondInformationContent,-0.5973806011619132,0.0
90,WienerIndex_div_PMI3,-0.8077209349589419,0.0
90,SSSR_count_div_ZagrebIndex,0.7702800749299787,0.0
90,TPSA_div_Fused_ring_count,-0.04461453469143847,0.0
90,RotatableBonds_div_BertzCTIndex,-0.10370876721788878,0.0
90,Asphericity_div_Bridged_ring_count,3.009791254742168,0.0
90,RotatableBonds_div_Chi4,-0.1491158609224712,0.0
90,HBD_div_Fused_ring_count,-0.5907056875796379,0.01808197346584144
90,Min_EState_div_BalabanIndex,1.0589896040825633,0.0
90,Fused_ring_count_div_Min_EState,0.03164726596935743,0.0
90,BertzCTIndex_div_Max_EState,-0.9721503693768792,0.008750712903659417
90,LogP_div_Chi4,-0.6551921354482954,0.0
90,FragmentComplexityScore_div_TotalPathCount,0.7107239188470368,0.022184158281888782
90,FractionCSP3_div_Chi3,0.709978468703585,0.010966774243799972
109,BalabanIndex_div_PathComplexityIndex,-0.5944383272593403,0.0
109,RingCount_div_PMI_Ratio1,-0.31227065151684624,0.0
109,Max_EState_div_BalabanIndex,0.6843498238389621,-0.07739557885122182
109,BalabanIndex_div_ZagrebIndex,-0.5183882871866483,0.0
109,Largest_ring_size_div_BalabanIndex,0.11103037978181572,0.0
109,TotalPathCount_div_Largest_ring_size,0.2116857616498431,0.0
109,SSSR_count_div_AtomInformationContent,0.02224244658395791,0.0
109,Fused_ring_count_div_PMI_Ratio1,-0.34074838167532606,0.0
109,PMI2_div_Largest_ring_size,-0.2071600236583522,0.0
109,SSSR_count_div_SpherocityIndex,-0.051110564689313326,0.0
109,SSSR_count_div_partial_charge_max,0.29936652811624165,0.0
109,BalabanIndex_div_partial_charge_max,-0.45272195444828983,0.0
109,RingCount_div_FractionCSP3,0.09630208659982206,0.0
109,ZagrebIndex_div_Chi0,0.5768929452608468,0.0
109,TPSA_div_BalabanIndex,-0.24499902566455864,0.0
109,MolarRefractivity_div_TotalPathCount,-0.2745563392472933,0.0
109,GraphDistanceDistributionEntropy_div_TotalPathCount,-0.1465266145039537,0.0
109,PMI2_div_Fused_ring_count,-0.10023348322969716,0.0
109,SSSR_count_div_BondInformationContent,-0.25620550037531487,0.0
109,Fused_ring_count_div_FragmentComplexityScore,0.06568539905095791,0.0
109,AtomInformationContent_div_BalabanIndex,0.8899863171414377,-0.07799504965845779
109,TotalPathCount_div_RadiusOfGyration,0.025876390359286374,0.0
109,GraphDistanceDistributionEntropy_div_BertzCTIndex,-0.36579949621878466,0.0
109,Fused_ring_count_div_InertialShapeFactor,-0.04502462805521168,0.0
109,StereocenterCount_div_BalabanIndex,-0.42460986535801865,0.0
109,BalabanIndex_div_Asphericity,-0.08273957317594717,0.0
109,RadiusOfGyration_div_Largest_ring_size,0.39368778067445714,-0.060068527381100294
109,ZagrebIndex_div_CovalentRadiusSum,0.37935046626119057,0.0
109,MolarRefractivity_div_BertzCTIndex,-0.5600143646267234,0.0
109,PMI1_div_Largest_ring_size,0.158438785135919,0.0
109,BalabanIndex_div_HBA,-0.4062991892802815,0.0
109,RingCount_div_Fused_ring_count,1.006944592754077,-0.0658260951008548
109,Fused_ring_count_div_FractionCSP3,-0.011230469152481808,0.0
109,Largest_ring_size_div_PMI_Ratio1,-0.3315637449051485,0.0
109,Chi4_div_FractionCSP3,0.0020975732328357972,0.0
109,PMI1_div_WienerIndex,0.5375278339767473,0.0
109,SSSR_count_div_DoubleBondCount,0.02265457073623688,0.0
109,RingCount_div_SSSR_count,0.4191681070021959,0.0
109,Chi4_div_RadiusOfGyration,0.0966453593312803,0.0
109,Fused_ring_count_div_Bridged_ring_count,0.6317929850256704,0.0
109,HBD_div_BalabanIndex,-0.39501650134815314,0.0
109,BalabanIndex_div_TopologicalRadius,-0.6547988683063619,-0.07315672237063978
109,TopologicalDiameter_div_BertzCTIndex,-0.36392561880603896,0.0
109,HeteroatomCount_div_Largest_ring_size,0.04113600909032489,0.0
109,WienerIndex_div_RingCount,-0.15975900186153494,0.0
109,Chi2_div_Chi4,-0.6344940381338123,0.0
109,Chi4_div_Bridged_ring_count,0.6555778043680852,0.0
109,Fused_ring_count_div_BondInformationContent,-0.3315092829416857,0.0
109,TotalPathCount_div_FractionCSP3,-0.13400870378629343,0.0
109,StereocenterCount_div_PMI_Ratio1,-0.43050320276691384,0.0
109,partial_charge_max_div_BertzCTIndex,-0.3984226340093923,0.0
109,PMI1_div_Bridged_ring_count,0.3808790409559552,0.0
109,Fused_ring_count_div_DoubleBondCount,-0.10522224493608466,0.0
109,SSSR_count_div_Min_EState,-0.13940772016058442,0.0
109,Asphericity_div_Largest_ring_size,-0.43471795569996946,0.0
109,PathComplexityIndex_div_Largest_ring_size,0.5178108408414259,0.0
109,WienerIndex_div_RotatableBonds,0.10747489389471782,0.0
109,RingCount_div_RotatableBonds,0.5428475974155298,-0.08325284467576802
109,Bridged_ring_count_div_Fused_ring_count,0.7211421597349512,0.0
109,RotatableBonds_div_WienerIndex,-0.4185818765988552,0.0
109,StereocenterCount_div_Fused_ring_count,-0.3832749648432831,0.0
109,BondInformationContent_div_BalabanIndex,1.4594587415864122,-0.11140750697985544
109,Avg_EState_div_PathComplexityIndex,-0.5466460713678307,0.0
109,RingCount_div_Asphericity,0.3768058027786302,0.0
109,PMI_Ratio1_div_BertzCTIndex,-0.00019699840337262443,0.0
109,Max_EState_div_Largest_ring_size,0.6756069800958794,-0.0740055523621467
109,BalabanIndex_div_BondInformationContent,-0.7039240436684376,0.0
109,WienerIndex_div_PMI3,0.10161631297200781,0.0
109,SSSR_count_div_ZagrebIndex,0.7418339355000863,-0.06797230589145796
109,TPSA_div_Fused_ring_count,-0.03232401130909982,0.0
109,RotatableBonds_div_BertzCTIndex,-0.5728618232815037,0.0
109,Asphericity_div_Bridged_ring_count,-0.10550536430581461,0.0
109,RotatableBonds_div_Chi4,-0.6895278388861418,-0.07586268738486439
109,HBD_div_Fused_ring_count,-0.30564112519278586,0.0
109,Min_EState_div_BalabanIndex,0.8295226788391984,0.0
109,Fused_ring_count_div_Min_EState,-0.08450670579476344,0.0
109,BertzCTIndex_div_Max_EState,-0.06484223877272215,0.0
109,LogP_div_Chi4,-0.3546873355047494,0.0
109,FragmentComplexityScore_div_TotalPathCount,-0.21155502422765976,0.0
109,FractionCSP3_div_Chi3,-0.27697797681057323,0.0
110,BalabanIndex_div_PathComplexityIndex,-0.717942286711024,-0.24814360059393575
110,RingCount_div_PMI_Ratio1,0.6912201542077794,0.0
110,Max_EState_div_BalabanIndex,1.3694676460099595,-0.17707612072944912
110,BalabanIndex_div_ZagrebIndex,-0.6798120354076418,0.0
110,Largest_ring_size_div_BalabanIndex,0.36226716325666003,0.0
110,TotalPathCount_div_Largest_ring_size,0.4437380024019667,0.0
110,SSSR_count_div_AtomInformationContent,-0.09247589594248222,0.0
110,Fused_ring_count_div_PMI_Ratio1,0.6276463923746335,0.0
110,PMI2_div_Largest_ring_size,0.06321618494645277,0.0
110,SSSR_count_div_SpherocityIndex,-0.05111055584319748,0.0
110,SSSR_count_div_partial_charge_max,-0.5491529581397774,0.0
110,BalabanIndex_div_partial_charge_max,-1.0268242135954102,-0.17285512375396017
110,RingCount_div_FractionCSP3,1.183303158778909,0.0
110,ZagrebIndex_div_Chi0,0.8030705535108441,0.0
110,TPSA_div_BalabanIndex,0.2713923077415037,0.0
110,MolarRefractivity_div_TotalPathCount,-0.481613693615238,0.0
110,GraphDistanceDistributionEntropy_div_TotalPathCount,-0.30077898792115665,0.0
110,PMI2_div_Fused_ring_count,0.11679180278982376,0.0
110,SSSR_count_div_BondInformationContent,-0.17017586431255544,0.0
110,Fused_ring_count_div_FragmentComplexityScore,0.43030557081397247,0.0
110,AtomInformationContent_div_BalabanIndex,2.562008174861437,-0.3562914813198636
110,TotalPathCount_div_RadiusOfGyration,0.03665211504977777,0.0
110,GraphDistanceDistributionEntropy_div_BertzCTIndex,-0.6226482813950107,-0.15806191343270762
110,Fused_ring_count_div_InertialShapeFactor,-0.13744094808551124,0.0
110,StereocenterCount_div_BalabanIndex,-0.1262829215571738,0.0
110,BalabanIndex_div_Asphericity,-0.39076859092511007,0.0
110,RadiusOfGyration_div_Largest_ring_size,0.6707793046958004,0.0
110,ZagrebIndex_div_CovalentRadiusSum,0.9989465136667921,0.0
110,MolarRefractivity_div_BertzCTIndex,-0.9470117460153479,0.0
110,PMI1_div_Largest_ring_size,-0.10558308291014083,0.0
110,BalabanIndex_div_HBA,-0.7025473012696732,-0.17110964001535434
110,RingCount_div_Fused_ring_count,0.7818382836438047,0.0
110,Fused_ring_count_div_FractionCSP3,1.015854233444123,0.0
110,Largest_ring_size_div_PMI_Ratio1,0.14010038635174116,0.0
110,Chi4_div_FractionCSP3,0.6246591583475951,0.0
110,PMI1_div_WienerIndex,-0.7641705355949201,0.0
110,SSSR_count_div_DoubleBondCount,0.7522925646438053,0.0
110,RingCount_div_SSSR_count,0.4191681070021959,0.0
110,Chi4_div_RadiusOfGyration,-0.46898826403434923,0.0
110,Fused_ring_count_div_Bridged_ring_count,0.6317929850256704,0.0
110,HBD_div_BalabanIndex,-0.12229303787241863,0.0
110,BalabanIndex_div_TopologicalRadius,-0.794670508299305,0.0
110,TopologicalDiameter_div_BertzCTIndex,-0.629457922841689,0.0
110,HeteroatomCount_div_Largest_ring_size,0.6583558891033776,-0.16855756335701683
110,WienerIndex_div_RingCount,-0.13629960060103627,0.0
110,Chi2_div_Chi4,-0.23220591349476802,0.0
110,Chi4_div_Bridged_ring_count,-0.06545923869294054,0.0
110,Fused_ring_count_div_BondInformationContent,-0.21291527908769997,0.0
110,TotalPathCount_div_FractionCSP3,0.8174818770376758,0.0
110,StereocenterCount_div_PMI_Ratio1,-0.14982896797073023,0.0
110,partial_charge_max_div_BertzCTIndex,0.34334661991211163,0.0
110,PMI1_div_Bridged_ring_count,-0.10527762996813135,0.0
110,Fused_ring_count_div_DoubleBondCount,0.5555402335963523,0.0
110,SSSR_count_div_Min_EState,-0.001595448018380835,0.0
110,Asphericity_div_Largest_ring_size,0.9951058392941947,0.0
110,PathComplexityIndex_div_Largest_ring_size,0.5729944246139707,0.0
110,WienerIndex_div_RotatableBonds,-0.17013624085274578,0.0
110,RingCount_div_RotatableBonds,-0.07890021121019304,0.0
110,Bridged_ring_count_div_Fused_ring_count,0.7211421597349512,0.0
110,RotatableBonds_div_WienerIndex,-0.24652833536766028,0.0
110,StereocenterCount_div_Fused_ring_count,-0.19106106812215634,0.0
110,BondInformationContent_div_BalabanIndex,1.8957263552770747,-0.22948715440453946
110,Avg_EState_div_PathComplexityIndex,-0.4811145834335681,0.0
110,RingCount_div_Asphericity,-0.14501734069650787,0.0
110,PMI_Ratio1_div_BertzCTIndex,-0.5487250399449444,0.0
110,Max_EState_div_Largest_ring_size,0.773350217578865,0.0
110,BalabanIndex_div_BondInformationContent,-0.7369018971874636,0.0
110,WienerIndex_div_PMI3,0.049243165966438227,0.0
110,SSSR_count_div_ZagrebIndex,0.8959402054212596,-0.15574855334476098
110,TPSA_div_Fused_ring_count,0.14720371155976697,0.0
110,RotatableBonds_div_BertzCTIndex,-0.46036397383752414,0.0
110,Asphericity_div_Bridged_ring_count,0.6430468028741559,0.0
110,RotatableBonds_div_Chi4,-0.2302877797935528,0.0
110,HBD_div_Fused_ring_count,-0.16310884399935974,0.0
110,Min_EState_div_BalabanIndex,-3.761942692935774,-0.22505704519551964
110,Fused_ring_count_div_Min_EState,-0.0017201727546983195,0.0
110,BertzCTIndex_div_Max_EState,0.4875892280564549,0.0
110,LogP_div_Chi4,-0.28769462371677723,0.0
110,FragmentComplexityScore_div_TotalPathCount,-0.3736577061741757,0.0
110,FractionCSP3_div_Chi3,-0.6039989951232811,0.0
121,BalabanIndex_div_PathComplexityIndex,-0.5064159094062551,0.0
121,RingCount_div_PMI_Ratio1,-0.2351068932342475,0.0
121,Max_EState_div_BalabanIndex,0.27478765942134914,0.0
121,BalabanIndex_div_ZagrebIndex,-0.40964800117095723,0.0
121,Largest_ring_size_div_BalabanIndex,-0.045634164415833255,0.0
121,TotalPathCount_div_Largest_ring_size,0.275223875189115,0.0
121,SSSR_count_div_AtomInformationContent,0.48360556658525167,-0.07323061518789346
121,Fused_ring_count_div_PMI_Ratio1,0.04268348065039339,0.0
121,PMI2_div_Largest_ring_size,-0.28882765565097623,0.0
121,SSSR_count_div_SpherocityIndex,-0.05111058970708844,0.0
121,SSSR_count_div_partial_charge_max,0.11084209842347341,-0.057680290129121695
121,BalabanIndex_div_partial_charge_max,-0.3217641963249432,0.0
121,RingCount_div_FractionCSP3,-0.16912840776948979,0.0
121,ZagrebIndex_div_Chi0,0.9286433935807952,-0.07282874648741863
121,TPSA_div_BalabanIndex,-0.33532876990982396,0.0
121,MolarRefractivity_div_TotalPathCount,-0.8348546968977643,0.0
121,GraphDistanceDistributionEntropy_div_TotalPathCount,-0.7018617159020014,0.0
121,PMI2_div_Fused_ring_count,-0.3030847556309921,0.0
121,SSSR_count_div_BondInformationContent,0.17040779842403933,0.0
121,Fused_ring_count_div_FragmentComplexityScore,0.794925742576987,-0.061222330970081215
121,AtomInformationContent_div_BalabanIndex,-0.4069723314949045,0.0
121,TotalPathCount_div_RadiusOfGyration,1.2481964039819884,0.0
121,GraphDistanceDistributionEntropy_div_BertzCTIndex,-0.4616750462595008,0.0
121,Fused_ring_count_div_InertialShapeFactor,-0.08930890190841334,0.0
121,StereocenterCount_div_BalabanIndex,0.0016204507605375065,0.0
121,BalabanIndex_div_Asphericity,-0.028426664236586307,0.0
121,RadiusOfGyration_div_Largest_ring_size,-0.21513114704592443,0.0
121,ZagrebIndex_div_CovalentRadiusSum,0.7098271330450296,0.0
121,MolarRefractivity_div_BertzCTIndex,-0.4732762255519907,0.0
121,PMI1_div_Largest_ring_size,-0.17426383477481294,0.0
121,BalabanIndex_div_HBA,-0.34514745757207344,0.0
121,RingCount_div_Fused_ring_count,0.10651935631298814,0.0
121,Fused_ring_count_div_FractionCSP3,0.10473070694713485,0.0
121,Largest_ring_size_div_PMI_Ratio1,-0.22264641775377986,0.0
121,Chi4_div_FractionCSP3,-0.1530221626140652,0.0
121,PMI1_div_WienerIndex,-0.15574562154692942,0.0
121,SSSR_count_div_DoubleBondCount,-0.3421644262175474,0.0
121,RingCount_div_SSSR_count,0.4191681070021959,0.0
121,Chi4_div_RadiusOfGyration,1.1619555937313566,-0.06619397464902227
121,Fused_ring_count_div_Bridged_ring_count,0.6317929850256704,0.0
121,HBD_div_BalabanIndex,-0.4436746606253046,0.0
121,BalabanIndex_div_TopologicalRadius,0.18353958372241783,0.0
121,TopologicalDiameter_div_BertzCTIndex,-0.6440159852676932,0.0
121,HeteroatomCount_div_Largest_ring_size,-0.2454303637728783,0.0
121,WienerIndex_div_RingCount,-0.17964887153689732,0.0
121,Chi2_div_Chi4,-0.6540568387162232,0.0
121,Chi4_div_Bridged_ring_count,0.20621152272672807,0.0
121,Fused_ring_count_div_BondInformationContent,0.5023212347324787,0.0
121,TotalPathCount_div_FractionCSP3,-0.260947532045911,0.0
121,StereocenterCount_div_PMI_Ratio1,-0.17659228855106152,0.0
121,partial_charge_max_div_BertzCTIndex,-0.2427409075812126,0.0
121,PMI1_div_Bridged_ring_count,-0.1961183798287172,0.0
121,Fused_ring_count_div_DoubleBondCount,-0.10522224493608466,0.0
121,SSSR_count_div_Min_EState,-0.0048227203753286214,0.0
121,Asphericity_div_Largest_ring_size,-0.4141164062327122,0.0
121,PathComplexityIndex_div_Largest_ring_size,0.5411506598554563,0.0
121,WienerIndex_div_RotatableBonds,0.28229692805029877,-0.05958856629336204
121,RingCount_div_RotatableBonds,1.1828821062949504,-0.07740191778027858
121,Bridged_ring_count_div_Fused_ring_count,0.7211421597349512,0.0
121,RotatableBonds_div_WienerIndex,-0.4727419367371871,-0.045123085999014934
121,StereocenterCount_div_Fused_ring_count,0.1549239459758718,0.0
121,BondInformationContent_div_BalabanIndex,-0.4901149796480255,0.0
121,Avg_EState_div_PathComplexityIndex,-1.0261360650943945,-0.07969560015904385
121,RingCount_div_Asphericity,0.21630362536672068,0.0
121,PMI_Ratio1_div_BertzCTIndex,-0.059339096832459706,0.0
121,Max_EState_div_Largest_ring_size,0.61090549189386,0.0
121,BalabanIndex_div_BondInformationContent,-0.19479791734518223,0.0
121,WienerIndex_div_PMI3,0.7416430242080763,0.0
121,SSSR_count_div_ZagrebIndex,0.44356373565266555,-0.04941704177951715
121,TPSA_div_Fused_ring_count,-0.27539900059995664,0.0
121,RotatableBonds_div_BertzCTIndex,-0.6204472863062744,0.0
121,Asphericity_div_Bridged_ring_count,-0.3444156783805269,0.0
121,RotatableBonds_div_Chi4,-0.8023793672908431,0.0
121,HBD_div_Fused_ring_count,-0.4196669501475267,0.0
121,Min_EState_div_BalabanIndex,-0.41858382713571546,0.0
121,Fused_ring_count_div_Min_EState,-0.006275461964892088,0.0
121,BertzCTIndex_div_Max_EState,-0.3535618126891437,0.0
121,LogP_div_Chi4,-0.28298366973348327,0.0
121,FragmentComplexityScore_div_TotalPathCount,-0.4348874461724004,0.0
121,FractionCSP3_div_Chi3,-0.17519588080806853,0.0
124,BalabanIndex_div_PathComplexityIndex,-0.6732613155203838,0.0
124,RingCount_div_PMI_Ratio1,-0.17361457514000705,0.0
124,Max_EState_div_BalabanIndex,1.666729150685933,-0.07130203068608752
124,BalabanIndex_div_ZagrebIndex,-0.8315530856182062,0.0
124,Largest_ring_size_div_BalabanIndex,0.30925032070478303,0.0
124,TotalPathCount_div_Largest_ring_size,1.4492977123278354,0.0
124,SSSR_count_div_AtomInformationContent,0.5232343258885364,0.0
124,Fused_ring_count_div_PMI_Ratio1,-0.12506005477008705,0.0
124,PMI2_div_Largest_ring_size,0.31098965190546063,0.0
124,SSSR_count_div_SpherocityIndex,-0.051110472387930456,0.0
124,SSSR_count_div_partial_charge_max,0.5906529503043626,0.0
124,BalabanIndex_div_partial_charge_max,-0.6639579194794599,0.0
124,RingCount_div_FractionCSP3,0.31257878571555764,0.0
124,ZagrebIndex_div_Chi0,0.2977871073476471,0.0
124,TPSA_div_BalabanIndex,0.5970149287749681,0.0
124,MolarRefractivity_div_TotalPathCount,-0.18423263998688594,0.0
124,GraphDistanceDistributionEntropy_div_TotalPathCount,-0.8306449517566373,0.0
124,PMI2_div_Fused_ring_count,0.2260993643672909,0.0
124,SSSR_count_div_BondInformationContent,-0.06699891524454729,0.0
124,Fused_ring_count_div_FragmentComplexityScore,0.794925742576987,0.0
124,AtomInformationContent_div_BalabanIndex,1.202131080763218,0.0
124,TotalPathCount_div_RadiusOfGyration,0.8150924146437306,0.0
124,GraphDistanceDistributionEntropy_div_BertzCTIndex,-0.7670976434772037,0.0
124,Fused_ring_count_div_InertialShapeFactor,1.086124368698744,0.029292507042997223
124,StereocenterCount_div_BalabanIndex,0.102408377464201,0.0
124,BalabanIndex_div_Asphericity,-0.09676015093778108,0.0
124,RadiusOfGyration_div_Largest_ring_size,1.0621644166217514,0.0
124,ZagrebIndex_div_CovalentRadiusSum,0.020664478938557784,0.0
124,MolarRefractivity_div_BertzCTIndex,-0.538787257180136,0.0
124,PMI1_div_Largest_ring_size,1.8467916564505273,0.03323481212969304
124,BalabanIndex_div_HBA,-0.7196979709504385,0.0
124,RingCount_div_Fused_ring_count,0.6467744981776413,0.0
124,Fused_ring_count_div_FractionCSP3,0.3237684840241886,0.0
124,Largest_ring_size_div_PMI_Ratio1,-0.35946905954837716,0.0
124,Chi4_div_FractionCSP3,0.5823124369731209,0.0
124,PMI1_div_WienerIndex,-0.06531976970284196,0.0
124,SSSR_count_div_DoubleBondCount,-0.3421644262175474,0.0
124,RingCount_div_SSSR_count,0.4191681070021959,0.0
124,Chi4_div_RadiusOfGyration,0.5233204826201646,0.0
124,Fused_ring_count_div_Bridged_ring_count,0.6317929850256704,0.0
124,HBD_div_BalabanIndex,0.7633196042445678,0.0
124,BalabanIndex_div_TopologicalRadius,-0.9502610337381734,0.0
124,TopologicalDiameter_div_BertzCTIndex,-0.6129148281391675,0.0
124,HeteroatomCount_div_Largest_ring_size,0.8126608591066409,0.0
124,WienerIndex_div_RingCount,0.1324400932820022,0.0
124,Chi2_div_Chi4,-0.24747436456654007,0.021310734448610393
124,Chi4_div_Bridged_ring_count,0.6269375998904756,0.0
124,Fused_ring_count_div_BondInformationContent,-0.07362207717826345,0.0
124,TotalPathCount_div_FractionCSP3,0.35707268309301843,0.0
124,StereocenterCount_div_PMI_Ratio1,-0.3086731107092451,0.0
124,partial_charge_max_div_BertzCTIndex,-0.6470001828074823,0.0
124,PMI1_div_Bridged_ring_count,1.4005571587010808,0.0
124,Fused_ring_count_div_DoubleBondCount,-0.2940115245167809,0.0
124,SSSR_count_div_Min_EState,-0.006206355080117369,0.0
124,Asphericity_div_Largest_ring_size,-0.5372971966500114,0.01603362106113065
124,PathComplexityIndex_div_Largest_ring_size,0.4667660258518215,0.0
124,WienerIndex_div_RotatableBonds,0.017907627818803482,0.0
124,RingCount_div_RotatableBonds,-0.4209690747793623,0.0
124,Bridged_ring_count_div_Fused_ring_count,0.7211421597349512,0.0
124,RotatableBonds_div_WienerIndex,-0.3793751922881655,0.0
124,StereocenterCount_div_Fused_ring_count,-0.07573273008948034,0.0
124,BondInformationContent_div_BalabanIndex,1.5805529314233344,0.0
124,Avg_EState_div_PathComplexityIndex,-0.5996772922604321,0.0
124,RingCount_div_Asphericity,0.9457988120287003,0.025919570937211943
124,PMI_Ratio1_div_BertzCTIndex,-0.3044214780778399,0.0
124,Max_EState_div_Largest_ring_size,1.1125706572904621,0.0
124,BalabanIndex_div_BondInformationContent,-0.7140258555889148,0.0
124,WienerIndex_div_PMI3,1.3353237250796384,0.030346310636038633
124,SSSR_count_div_ZagrebIndex,0.2075412296864518,0.0
124,TPSA_div_Fused_ring_count,0.22846463502774209,0.012622256502513283
124,RotatableBonds_div_BertzCTIndex,-0.2234625063919342,0.0
124,Asphericity_div_Bridged_ring_count,-0.4962423444930779,0.026972281682214824
124,RotatableBonds_div_Chi4,-0.09790453095070319,0.0
124,HBD_div_Fused_ring_count,0.4355267370130298,0.0
124,Min_EState_div_BalabanIndex,-1.503337931784913,-0.05787225487702001
124,Fused_ring_count_div_Min_EState,-0.0052157930591254205,0.0
124,BertzCTIndex_div_Max_EState,0.8465799726555217,0.0
124,LogP_div_Chi4,-0.10906411409792227,0.0
124,FragmentComplexityScore_div_TotalPathCount,-0.7681815850668725,0.0
124,FractionCSP3_div_Chi3,-0.5835505278551688,0.0
128,BalabanIndex_div_PathComplexityIndex,-0.43354792204962783,0.0
128,RingCount_div_PMI_Ratio1,-0.2812318822000229,0.0
128,Max_EState_div_BalabanIndex,0.611343765746917,-0.036683884730008214
128,BalabanIndex_div_ZagrebIndex,-0.6971211398781665,0.0
128,Largest_ring_size_div_BalabanIndex,0.6853690808273315,-0.038999377437095334
128,TotalPathCount_div_Largest_ring_size,0.14013632075127183,0.0
128,SSSR_count_div_AtomInformationContent,-0.22178458870764933,0.0
128,Fused_ring_count_div_PMI_Ratio1,-0.16798822120949747,0.0
128,PMI2_div_Largest_ring_size,-0.03567673775420351,0.0
128,SSSR_count_div_SpherocityIndex,-0.05111059813683619,0.0
128,SSSR_count_div_partial_charge_max,0.06769696061588831,0.0
128,BalabanIndex_div_partial_charge_max,-0.4830393103645054,0.0
128,RingCount_div_FractionCSP3,-0.10787521676118711,0.0
128,ZagrebIndex_div_Chi0,-0.13364316097428977,0.0
128,TPSA_div_BalabanIndex,0.789134326132268,-0.03692583717997118
128,MolarRefractivity_div_TotalPathCount,-0.2023403121158211,0.0
128,GraphDistanceDistributionEntropy_div_TotalPathCount,-0.7351054097505706,0.0
128,PMI2_div_Fused_ring_count,0.32582858065793563,0.0
128,SSSR_count_div_BondInformationContent,-0.14740933257145422,0.0
128,Fused_ring_count_div_FragmentComplexityScore,0.43030557081397247,0.0
128,AtomInformationContent_div_BalabanIndex,1.2313018887364486,-0.06951213459230349
128,TotalPathCount_div_RadiusOfGyration,0.8848244841412753,0.0
128,GraphDistanceDistributionEntropy_div_BertzCTIndex,-0.6614820534970745,0.0
128,Fused_ring_count_div_InertialShapeFactor,0.27570122479107056,0.0
128,StereocenterCount_div_BalabanIndex,-0.07871139478169023,0.0
128,BalabanIndex_div_Asphericity,-0.03894943399488822,0.0
128,RadiusOfGyration_div_Largest_ring_size,-0.187705506655403,0.0
128,ZagrebIndex_div_CovalentRadiusSum,-0.0430498228913796,0.0
128,MolarRefractivity_div_BertzCTIndex,-0.426134206525937,0.0
128,PMI1_div_Largest_ring_size,0.38340978413211363,0.0
128,BalabanIndex_div_HBA,-0.7152936380302201,0.0
128,RingCount_div_Fused_ring_count,0.4441788199783964,0.0
128,Fused_ring_count_div_FractionCSP3,0.006609711785920692,0.0
128,Largest_ring_size_div_PMI_Ratio1,-0.08917756576712621,0.0
128,Chi4_div_FractionCSP3,0.18291770167637883,0.0
128,PMI1_div_WienerIndex,-0.45346398164621543,0.0
128,SSSR_count_div_DoubleBondCount,-0.49851542491202633,0.0
128,RingCount_div_SSSR_count,0.4191681070021959,0.0
128,Chi4_div_RadiusOfGyration,0.6058633697006124,0.0
128,Fused_ring_count_div_Bridged_ring_count,1.3180751832019055,0.0
128,HBD_div_BalabanIndex,0.9431417628544961,-0.03312522571859559
128,BalabanIndex_div_TopologicalRadius,-0.708839714878241,0.0
128,TopologicalDiameter_div_BertzCTIndex,-0.5253490409570539,0.0
128,HeteroatomCount_div_Largest_ring_size,0.534911913100767,0.0
128,WienerIndex_div_RingCount,0.19336428645864195,0.0
128,Chi2_div_Chi4,-0.3931219707138562,0.0
128,Chi4_div_Bridged_ring_count,1.5360457204155886,0.0
128,Fused_ring_count_div_BondInformationContent,-0.10173992840585798,0.0
128,TotalPathCount_div_FractionCSP3,0.05495660268551338,0.0
128,StereocenterCount_div_PMI_Ratio1,-0.2769800130335455,0.0
128,partial_charge_max_div_BertzCTIndex,-0.5477025222678114,0.0
128,PMI1_div_Bridged_ring_count,1.4703637954877145,0.0
128,Fused_ring_count_div_DoubleBondCount,-0.3884061643071291,0.0
128,SSSR_count_div_Min_EState,-0.0028179768895561868,0.0
128,Asphericity_div_Largest_ring_size,-0.7855449673547515,0.0
128,PathComplexityIndex_div_Largest_ring_size,-0.5832084348012129,0.0
128,WienerIndex_div_RotatableBonds,-0.15186860908610708,0.0
128,RingCount_div_RotatableBonds,-0.5351052596445469,0.0
128,Bridged_ring_count_div_Fused_ring_count,0.1810574505827062,-0.035299953350063806
128,RotatableBonds_div_WienerIndex,-0.2640910222853873,0.0
128,StereocenterCount_div_Fused_ring_count,0.09725977695953374,0.0
128,BondInformationContent_div_BalabanIndex,0.47347692036220745,-0.032072016148925506
128,Avg_EState_div_PathComplexityIndex,0.3628621347078712,0.0
128,RingCount_div_Asphericity,0.33479189528118847,0.0
128,PMI_Ratio1_div_BertzCTIndex,-0.2905853283498022,0.0
128,Max_EState_div_Largest_ring_size,-0.19269697468380592,0.0
128,BalabanIndex_div_BondInformationContent,-0.5746261648825604,-0.0365147566478699
128,WienerIndex_div_PMI3,1.8214187522427026,0.0
128,SSSR_count_div_ZagrebIndex,-0.23346227352480983,0.0
128,TPSA_div_Fused_ring_count,1.095391287830684,0.0
128,RotatableBonds_div_BertzCTIndex,-0.04855080076667991,0.0
128,Asphericity_div_Bridged_ring_count,-0.06851483415815829,0.0
128,RotatableBonds_div_Chi4,0.09699804156740705,0.0
128,HBD_div_Fused_ring_count,1.3334801085316141,-0.043323434886121635
128,Min_EState_div_BalabanIndex,-1.2480180659844409,-0.035259892089220014
128,Fused_ring_count_div_Min_EState,-0.003228032996288879,0.0
128,BertzCTIndex_div_Max_EState,0.5228348463529292,0.0
128,LogP_div_Chi4,-0.6289672130964251,0.0
128,FragmentComplexityScore_div_TotalPathCount,-0.6834746455521887,0.0
128,FractionCSP3_div_Chi3,-0.4248960146324189,0.0
129,BalabanIndex_div_PathComplexityIndex,-0.4493195764182054,0.0
129,RingCount_div_PMI_Ratio1,-0.17579465106363362,0.0
129,Max_EState_div_BalabanIndex,0.43709495857986147,-0.047593423749709096
129,BalabanIndex_div_ZagrebIndex,-0.4961507390126917,-0.05135777600432936
129,Largest_ring_size_div_BalabanIndex,0.7443077356948241,-0.05928604926250201
129,TotalPathCount_div_Largest_ring_size,-0.3508651250219716,0.0
129,SSSR_count_div_AtomInformationContent,-0.279950510251428,0.0
129,Fused_ring_count_div_PMI_Ratio1,-0.05171078457874497,0.0
129,PMI2_div_Largest_ring_size,-0.26910745083471227,0.0
129,SSSR_count_div_SpherocityIndex,-0.05111040910495266,0.0
129,SSSR_count_div_partial_charge_max,0.5778059001510633,0.0
129,BalabanIndex_div_partial_charge_max,-0.08759930401416388,0.0
129,RingCount_div_FractionCSP3,-0.08585609581049004,0.0
129,ZagrebIndex_div_Chi0,0.37963659738622557,0.0
129,TPSA_div_BalabanIndex,0.22380827921344246,0.0
129,MolarRefractivity_div_TotalPathCount,-0.23642686137241256,-0.04534889261792221
129,GraphDistanceDistributionEntropy_div_TotalPathCount,-0.5454634636512962,0.0
129,PMI2_div_Fused_ring_count,-0.08815212020467174,0.0
129,SSSR_count_div_BondInformationContent,-0.19422584383737493,0.0
129,Fused_ring_count_div_FragmentComplexityScore,0.43030557081397247,0.0
129,AtomInformationContent_div_BalabanIndex,1.2525392462759546,-0.062269406895709506
129,TotalPathCount_div_RadiusOfGyration,0.4886001593471005,0.0
129,GraphDistanceDistributionEntropy_div_BertzCTIndex,-0.5894024507387515,0.0
129,Fused_ring_count_div_InertialShapeFactor,0.01592863094389445,0.0
129,StereocenterCount_div_BalabanIndex,-0.3754051629627821,0.0
129,BalabanIndex_div_Asphericity,-0.14311409159598307,0.0
129,RadiusOfGyration_div_Largest_ring_size,-0.5065510127861867,0.0
129,ZagrebIndex_div_CovalentRadiusSum,0.3388958518660716,0.0
129,MolarRefractivity_div_BertzCTIndex,-0.5311301698134527,0.0
129,PMI1_div_Largest_ring_size,-0.12712902020383718,0.0
129,BalabanIndex_div_HBA,-0.621810042986128,0.0
129,RingCount_div_Fused_ring_count,0.4441788199783964,0.0
129,Fused_ring_count_div_FractionCSP3,0.029697004765029913,0.0
129,Largest_ring_size_div_PMI_Ratio1,0.08771613526811971,0.0
129,Chi4_div_FractionCSP3,-0.32928927731155183,0.0
129,PMI1_div_WienerIndex,0.05666986621374244,0.0
129,SSSR_count_div_DoubleBondCount,0.47867831692846713,0.0
129,RingCount_div_SSSR_count,0.4191681070021959,-0.04088355054062456
129,Chi4_div_RadiusOfGyration,-0.023292528106384342,0.0
129,Fused_ring_count_div_Bridged_ring_count,0.6317929850256704,0.0
129,HBD_div_BalabanIndex,0.20936459213727468,-0.04686259791421763
129,BalabanIndex_div_TopologicalRadius,-0.17948510593126898,0.0
129,TopologicalDiameter_div_BertzCTIndex,-0.7034760749375985,0.0
129,HeteroatomCount_div_Largest_ring_size,-0.029002613638431256,-0.05519230054894041
129,WienerIndex_div_RingCount,-0.12431823931608121,0.0
129,Chi2_div_Chi4,0.04896617290701061,0.0
129,Chi4_div_Bridged_ring_count,0.10680770126683266,0.0
129,Fused_ring_count_div_BondInformationContent,-0.1572497920416496,0.0
129,TotalPathCount_div_FractionCSP3,-0.18509863466477722,0.0
129,StereocenterCount_div_PMI_Ratio1,-0.36675496223981957,0.0
129,partial_charge_max_div_BertzCTIndex,-0.5989346811294346,0.0
129,PMI1_div_Bridged_ring_count,0.1778799781835387,0.0
129,Fused_ring_count_div_DoubleBondCount,0.5555402335963523,0.0
129,SSSR_count_div_Min_EState,-0.008406419985790088,0.0
129,Asphericity_div_Largest_ring_size,-0.6553292590287974,0.0
129,PathComplexityIndex_div_Largest_ring_size,-0.600093704632258,0.0
129,WienerIndex_div_RotatableBonds,-0.1445297967065276,0.0
129,RingCount_div_RotatableBonds,-0.0971869114638907,0.0
129,Bridged_ring_count_div_Fused_ring_count,0.7211421597349512,0.0
129,RotatableBonds_div_WienerIndex,-0.2707685062884509,0.0
129,StereocenterCount_div_Fused_ring_count,-0.3352214906630014,0.0
129,BondInformationContent_div_BalabanIndex,0.565755352910602,0.0
129,Avg_EState_div_PathComplexityIndex,-0.3051774518772011,0.0
129,RingCount_div_Asphericity,0.0910716237740219,0.0
129,PMI_Ratio1_div_BertzCTIndex,-0.25664386487127766,0.0
129,Max_EState_div_Largest_ring_size,-0.35563079670634623,-0.04148615203330157
129,BalabanIndex_div_BondInformationContent,-0.5920604439152322,0.0
129,WienerIndex_div_PMI3,0.11592950442240309,0.0
129,SSSR_count_div_ZagrebIndex,0.3590073861632156,0.0
129,TPSA_div_Fused_ring_count,0.5001378071304217,0.0
129,RotatableBonds_div_BertzCTIndex,-0.4582738915527059,0.0
129,Asphericity_div_Bridged_ring_count,-0.06185519625506399,0.0
129,RotatableBonds_div_Chi4,-0.41210168124639585,0.0
129,HBD_div_Fused_ring_count,0.47828642137105765,0.0
129,Min_EState_div_BalabanIndex,-0.055642806254732016,0.0
129,Fused_ring_count_div_Min_EState,-0.007718357327354289,0.0
129,BertzCTIndex_div_Max_EState,0.034698236106412164,-0.041705502438780025
129,LogP_div_Chi4,-0.35779288311528756,0.0
129,FragmentComplexityScore_div_TotalPathCount,-0.4079165203999916,0.0
129,FractionCSP3_div_Chi3,-0.06449619630805684,0.0
142,BalabanIndex_div_PathComplexityIndex,-0.5882383580524817,0.0
142,RingCount_div_PMI_Ratio1,-0.044471867631418645,0.0
142,Max_EState_div_BalabanIndex,0.7881511661628289,-0.13885907708856335
142,BalabanIndex_div_ZagrebIndex,-0.5699465177441244,0.0
142,Largest_ring_size_div_BalabanIndex,0.07871941713181807,0.0
142,TotalPathCount_div_Largest_ring_size,0.43406915903729504,0.0
142,SSSR_count_div_AtomInformationContent,0.23365918520565876,0.0
142,Fused_ring_count_div_PMI_Ratio1,-0.402400489403235,0.0
142,PMI2_div_Largest_ring_size,-0.10499218119734939,0.0
142,SSSR_count_div_SpherocityIndex,-0.051110597372414,0.0
142,SSSR_count_div_partial_charge_max,0.7921997653315495,-0.1286988512941672
142,BalabanIndex_div_partial_charge_max,-0.3366326974318322,0.0
142,RingCount_div_FractionCSP3,7.174448603114813,-0.1656203075774043
142,ZagrebIndex_div_Chi0,0.7428431488174695,0.0
142,TPSA_div_BalabanIndex,-0.23291453382905444,0.0
142,MolarRefractivity_div_TotalPathCount,-0.22648315949401834,0.0
142,GraphDistanceDistributionEntropy_div_TotalPathCount,-0.4925933536300795,0.0
142,PMI2_div_Fused_ring_count,0.32722711252694964,0.0
142,SSSR_count_div_BondInformationContent,-0.1404167096950274,0.0
142,Fused_ring_count_div_FragmentComplexityScore,-0.29893477271205665,0.0
142,AtomInformationContent_div_BalabanIndex,0.8363715219925029,-0.10280481791131472
142,TotalPathCount_div_RadiusOfGyration,0.4332124020270648,0.0
142,GraphDistanceDistributionEntropy_div_BertzCTIndex,-0.7831407022713113,0.0
142,Fused_ring_count_div_InertialShapeFactor,-0.15841976733971608,0.0
142,StereocenterCount_div_BalabanIndex,-0.5338743747346011,0.0
142,BalabanIndex_div_Asphericity,-0.20167330798225952,0.0
142,RadiusOfGyration_div_Largest_ring_size,0.3449392284015738,0.0
142,ZagrebIndex_div_CovalentRadiusSum,1.0749202126357726,0.0
142,MolarRefractivity_div_BertzCTIndex,-0.9658257999510248,0.0
142,PMI1_div_Largest_ring_size,0.07490693221646194,0.0
142,BalabanIndex_div_HBA,-0.25018904912192674,0.0
142,RingCount_div_Fused_ring_count,2.8077950656362543,0.0
142,Fused_ring_count_div_FractionCSP3,2.771837757238322,0.0
142,Largest_ring_size_div_PMI_Ratio1,-0.2441744095216945,0.0
142,Chi4_div_FractionCSP3,6.318137487318472,-0.15776640263053215
142,PMI1_div_WienerIndex,-0.05102720240589396,-0.11111062354930468
142,SSSR_count_div_DoubleBondCount,0.20506406921312895,-0.1173035309453887
142,RingCount_div_SSSR_count,0.4191681070021959,0.0
142,Chi4_div_RadiusOfGyration,-0.24979651944187506,0.0
142,Fused_ring_count_div_Bridged_ring_count,0.6317929850256704,0.0
142,HBD_div_BalabanIndex,-0.4000297983851412,0.0
142,BalabanIndex_div_TopologicalRadius,-0.38667789569073546,0.0
142,TopologicalDiameter_div_BertzCTIndex,-0.9266456853719561,0.0
142,HeteroatomCount_div_Largest_ring_size,0.04113600909032489,0.0
142,WienerIndex_div_RingCount,-0.16088713583090541,0.0
142,Chi2_div_Chi4,-0.22741687165347746,0.0
142,Chi4_div_Bridged_ring_count,1.0133344379671427,0.0
142,Fused_ring_count_div_BondInformationContent,-0.40866640319448555,0.0
142,TotalPathCount_div_FractionCSP3,6.2309199925512155,-0.15617202370049954
142,StereocenterCount_div_PMI_Ratio1,-0.45588253084814634,0.0
142,partial_charge_max_div_BertzCTIndex,-0.6860884820861356,0.0
142,PMI1_div_Bridged_ring_count,0.6485150048422027,0.0
142,Fused_ring_count_div_DoubleBondCount,-0.325476404446897,0.0
142,SSSR_count_div_Min_EState,-0.04015498678295447,0.0
142,Asphericity_div_Largest_ring_size,-0.07372637846272649,0.0
142,PathComplexityIndex_div_Largest_ring_size,0.5596042903162213,0.0
142,WienerIndex_div_RotatableBonds,0.02802541157923084,0.0
142,RingCount_div_RotatableBonds,0.41484069563964565,0.0
142,Bridged_ring_count_div_Fused_ring_count,0.7211421597349512,0.0
142,RotatableBonds_div_WienerIndex,-0.38434514235239103,0.0
142,StereocenterCount_div_Fused_ring_count,-0.47938191320384643,0.0
142,BondInformationContent_div_BalabanIndex,1.0857441683084477,0.0
142,Avg_EState_div_PathComplexityIndex,-0.5898295457289123,0.0
142,RingCount_div_Asphericity,0.24424239947552598,0.0
142,PMI_Ratio1_div_BertzCTIndex,-0.3757260219143632,0.0
142,Max_EState_div_Largest_ring_size,0.8444331729162631,0.0
142,BalabanIndex_div_BondInformationContent,-0.6666936951779905,0.0
142,WienerIndex_div_PMI3,0.2661572180698025,0.0
142,SSSR_count_div_ZagrebIndex,0.9225505859958785,0.0
142,TPSA_div_Fused_ring_count,0.3787629108488062,0.0
142,RotatableBonds_div_BertzCTIndex,-0.5934745924177991,0.0
142,Asphericity_div_Bridged_ring_count,0.7980907858092723,0.0
142,RotatableBonds_div_Chi4,-0.5279373939749856,0.0
142,HBD_div_Fused_ring_count,-0.16310884399935974,0.0
142,Min_EState_div_BalabanIndex,0.5684695259920446,0.0
142,Fused_ring_count_div_Min_EState,-0.013315724525699806,0.0
142,BertzCTIndex_div_Max_EState,0.6489719988138712,0.0
142,LogP_div_Chi4,0.5697829599279941,0.0
142,FragmentComplexityScore_div_TotalPathCount,-0.3677341678855745,-0.13310678740906212
142,FractionCSP3_div_Chi3,-0.9992081133405905,-0.093687840407337
143,BalabanIndex_div_PathComplexityIndex,-0.4368499823129299,0.0
143,RingCount_div_PMI_Ratio1,-0.4377181846239439,0.0
143,Max_EState_div_BalabanIndex,0.23702936547688724,-0.02476173291790126
143,BalabanIndex_div_ZagrebIndex,-0.3710887909157266,0.0
143,Largest_ring_size_div_BalabanIndex,-0.10980578380067132,0.0
143,TotalPathCount_div_Largest_ring_size,0.18267923155582766,-0.02846200779225996
143,SSSR_count_div_AtomInformationContent,0.08396467201798459,0.0
143,Fused_ring_count_div_PMI_Ratio1,-0.3665491768479099,0.02234223978621559
143,PMI2_div_Largest_ring_size,-0.22978213586992025,0.0
143,SSSR_count_div_SpherocityIndex,-0.05111056264197237,0.0
143,SSSR_count_div_partial_charge_max,-0.1113681355187454,0.0
143,BalabanIndex_div_partial_charge_max,-0.37849424691430616,0.0
143,RingCount_div_FractionCSP3,0.3125787857155578,0.0
143,ZagrebIndex_div_Chi0,0.20846618170680548,0.0
143,TPSA_div_BalabanIndex,-0.4149929964601458,0.0
143,MolarRefractivity_div_TotalPathCount,-0.12048485805034188,0.0
143,GraphDistanceDistributionEntropy_div_TotalPathCount,-0.19087808632875577,0.0
143,PMI2_div_Fused_ring_count,-0.13510936301471693,0.0
143,SSSR_count_div_BondInformationContent,-0.29051272523839455,0.0
143,Fused_ring_count_div_FragmentComplexityScore,0.06568539905095791,0.0
143,AtomInformationContent_div_BalabanIndex,-0.143440158991193,0.0
143,TotalPathCount_div_RadiusOfGyration,0.020006895614031232,0.0
143,GraphDistanceDistributionEntropy_div_BertzCTIndex,-0.5627607262921905,0.0
143,Fused_ring_count_div_InertialShapeFactor,-0.02346934494733262,0.0
143,StereocenterCount_div_BalabanIndex,-0.6376549350429598,0.0
143,BalabanIndex_div_Asphericity,0.050571155530620235,0.0
143,RadiusOfGyration_div_Largest_ring_size,0.36250800155783097,-0.023608892046330408
143,ZagrebIndex_div_CovalentRadiusSum,0.29162915599391726,0.0
143,MolarRefractivity_div_BertzCTIndex,-0.7651469882559724,0.0
143,PMI1_div_Largest_ring_size,0.1803394779628749,0.0
143,BalabanIndex_div_HBA,-0.28854314077764515,0.0
143,RingCount_div_Fused_ring_count,0.5567319745335324,0.0
143,Fused_ring_count_div_FractionCSP3,0.37530678451290717,0.0
143,Largest_ring_size_div_PMI_Ratio1,-0.35111602775366796,0.0
143,Chi4_div_FractionCSP3,0.14845748175576703,0.0
143,PMI1_div_WienerIndex,0.7451348937841964,0.022867891956988292
143,SSSR_count_div_DoubleBondCount,1.2995210600744818,0.0
143,RingCount_div_SSSR_count,0.4191681070021959,0.0
143,Chi4_div_RadiusOfGyration,-0.4212831335518431,0.0
143,Fused_ring_count_div_Bridged_ring_count,0.6317929850256704,0.0
143,HBD_div_BalabanIndex,-0.42928094888382506,0.0
143,BalabanIndex_div_TopologicalRadius,-0.3485227608438139,0.0
143,TopologicalDiameter_div_BertzCTIndex,-0.6448796871568799,0.0
143,HeteroatomCount_div_Largest_ring_size,-0.26747393091620153,0.0
143,WienerIndex_div_RingCount,-0.13901869273233944,0.0
143,Chi2_div_Chi4,0.47672241599871773,0.0
143,Chi4_div_Bridged_ring_count,0.14269379683766606,0.0
143,Fused_ring_count_div_BondInformationContent,-0.29406652467497346,0.0
143,TotalPathCount_div_FractionCSP3,0.31024864387894463,0.0
143,StereocenterCount_div_PMI_Ratio1,-0.5007552387378665,0.0
143,partial_charge_max_div_BertzCTIndex,-0.43593690072997165,0.0
143,PMI1_div_Bridged_ring_count,0.4104819903052445,-0.027652662826148644
143,Fused_ring_count_div_DoubleBondCount,1.2163027121287893,0.01863224012208003
143,SSSR_count_div_Min_EState,-0.022224782951943852,0.0
143,Asphericity_div_Largest_ring_size,-0.490300038776191,0.04137643517641349
143,PathComplexityIndex_div_Largest_ring_size,0.47277129820353997,0.0
143,WienerIndex_div_RotatableBonds,-0.2775537733600152,0.0
143,RingCount_div_RotatableBonds,-0.22519381323977486,0.0
143,Bridged_ring_count_div_Fused_ring_count,0.7211421597349512,0.0
143,RotatableBonds_div_WienerIndex,-0.10560927746627255,0.0
143,StereocenterCount_div_Fused_ring_count,-0.7677027582855365,0.0
143,BondInformationContent_div_BalabanIndex,0.6801549691476868,0.0
143,Avg_EState_div_PathComplexityIndex,-0.5174591159728574,0.0
143,RingCount_div_Asphericity,0.2278305670269167,0.0
143,PMI_Ratio1_div_BertzCTIndex,-0.07149441165341004,0.0
143,Max_EState_div_Largest_ring_size,0.7263540230894286,0.0
143,BalabanIndex_div_BondInformationContent,-0.611588833198495,0.0
143,WienerIndex_div_PMI3,0.03971295572534687,0.0
143,SSSR_count_div_ZagrebIndex,0.2758286401204947,0.0
143,TPSA_div_Fused_ring_count,-0.16584596182851286,0.0
143,RotatableBonds_div_BertzCTIndex,-0.4575428306480584,0.0
143,Asphericity_div_Bridged_ring_count,-0.15517954655757646,0.029189352256185255
143,RotatableBonds_div_Chi4,-0.2583606991887095,0.0
143,HBD_div_Fused_ring_count,-0.30564112519278586,0.0
143,Min_EState_div_BalabanIndex,0.577009660081792,0.025199008850370012
143,Fused_ring_count_div_Min_EState,-0.017588372141478917,0.0
143,BertzCTIndex_div_Max_EState,0.1867081204943463,0.0
143,LogP_div_Chi4,0.6356431818664223,0.0
143,FragmentComplexityScore_div_TotalPathCount,-0.187894073757193,0.0
143,FractionCSP3_div_Chi3,-0.45990459479827533,0.0
151,BalabanIndex_div_PathComplexityIndex,-0.5605721456740846,0.0
151,RingCount_div_PMI_Ratio1,1.369794128595936,-0.04655444043895975
151,Max_EState_div_BalabanIndex,-0.7989799983209752,0.10604767290454377
151,BalabanIndex_div_ZagrebIndex,-0.3297000104416405,0.0
151,Largest_ring_size_div_BalabanIndex,0.1210374613604981,0.0
151,TotalPathCount_div_Largest_ring_size,-0.1944056596663732,0.0
151,SSSR_count_div_AtomInformationContent,-0.32486142600235335,0.0
151,Fused_ring_count_div_PMI_Ratio1,-0.7563390875513493,0.0
151,PMI2_div_Largest_ring_size,-0.10320621162346941,0.0
151,SSSR_count_div_SpherocityIndex,-0.05111050641474572,0.0
151,SSSR_count_div_partial_charge_max,0.4750653295859492,0.0
151,BalabanIndex_div_partial_charge_max,-0.13734296063037452,0.0
151,RingCount_div_FractionCSP3,0.3912248581212797,0.0
151,ZagrebIndex_div_Chi0,0.40323224767121474,0.0
151,TPSA_div_BalabanIndex,-0.4026633225964597,0.0
151,MolarRefractivity_div_TotalPathCount,-0.11544390161221581,0.0
151,GraphDistanceDistributionEntropy_div_TotalPathCount,0.4354909194643296,0.0
151,PMI2_div_Fused_ring_count,-0.4826267306358038,0.0
151,SSSR_count_div_BondInformationContent,-0.2440764207582354,0.0
151,Fused_ring_count_div_FragmentComplexityScore,-1.0281751162380857,0.0
151,AtomInformationContent_div_BalabanIndex,1.381108236299062,0.0
151,TotalPathCount_div_RadiusOfGyration,-0.7496582889889186,0.0
151,GraphDistanceDistributionEntropy_div_BertzCTIndex,-0.11249732624562828,0.0
151,Fused_ring_count_div_InertialShapeFactor,-0.25401378127090635,0.0
151,StereocenterCount_div_BalabanIndex,-0.5302831787412973,0.0
151,BalabanIndex_div_Asphericity,-0.4066624639680156,0.0
151,RadiusOfGyration_div_Largest_ring_size,0.5854355749322581,-0.039905099276725274
151,ZagrebIndex_div_CovalentRadiusSum,0.4467740419126104,0.0
151,MolarRefractivity_div_BertzCTIndex,-0.5698258330147887,0.0
151,PMI1_div_Largest_ring_size,-0.36612092412127933,0.0
151,BalabanIndex_div_HBA,-0.4106616900311834,0.0
151,RingCount_div_Fused_ring_count,-1.244118498348645,0.0
151,Fused_ring_count_div_FractionCSP3,-0.7069975257501818,0.0
151,Largest_ring_size_div_PMI_Ratio1,1.0650637144124917,-0.04207762624641059
151,Chi4_div_FractionCSP3,-0.09876872003765129,0.0
151,PMI1_div_WienerIndex,-0.940950320119713,-0.022447129944445945
151,SSSR_count_div_DoubleBondCount,-0.8893929216482237,0.06506200257235252
151,RingCount_div_SSSR_count,0.4191681070021959,0.0
151,Chi4_div_RadiusOfGyration,-0.852126885592673,0.0
151,Fused_ring_count_div_Bridged_ring_count,-1.4270536095030357,0.0
151,HBD_div_BalabanIndex,-0.5897772847378491,0.0
151,BalabanIndex_div_TopologicalRadius,-0.5574232392040144,-0.025570435732155228
151,TopologicalDiameter_div_BertzCTIndex,-0.22858651369984048,0.0
151,HeteroatomCount_div_Largest_ring_size,-0.11316896091293838,0.0
151,WienerIndex_div_RingCount,-0.19217115859690947,0.0
151,Chi2_div_Chi4,0.0030170228400457546,0.0
151,Chi4_div_Bridged_ring_count,-1.1576317652007062,0.0
151,Fused_ring_count_div_BondInformationContent,-0.6338218010298348,0.0
151,TotalPathCount_div_FractionCSP3,0.06813409965007455,0.0
151,StereocenterCount_div_PMI_Ratio1,-0.3098608458358055,0.0
151,partial_charge_max_div_BertzCTIndex,-0.4637585129780208,0.0
151,PMI1_div_Bridged_ring_count,-0.49312041894055575,0.0
151,Fused_ring_count_div_DoubleBondCount,-0.7659847234685216,0.0
151,SSSR_count_div_Min_EState,0.04081131358761371,0.0
151,Asphericity_div_Largest_ring_size,1.7763010040209875,-0.07526372546484833
151,PathComplexityIndex_div_Largest_ring_size,0.38038249279249164,0.0
151,WienerIndex_div_RotatableBonds,-0.3711460375657607,0.0
151,RingCount_div_RotatableBonds,-0.12278829181906752,0.0
151,Bridged_ring_count_div_Fused_ring_count,-1.439196676874029,0.0
151,RotatableBonds_div_WienerIndex,0.1154278764791773,0.0
151,StereocenterCount_div_Fused_ring_count,-0.7677027582855365,0.0
151,BondInformationContent_div_BalabanIndex,0.8126341595452329,0.0
151,Avg_EState_div_PathComplexityIndex,-0.5456260415837895,0.0
151,RingCount_div_Asphericity,-0.38113203773150844,0.0
151,PMI_Ratio1_div_BertzCTIndex,-0.5916666740008107,-0.022262194570174546
151,Max_EState_div_Largest_ring_size,-0.7220193496624076,0.0
151,BalabanIndex_div_BondInformationContent,-0.6317490200749465,0.0
151,WienerIndex_div_PMI3,-0.9635740973775435,0.0
151,SSSR_count_div_ZagrebIndex,0.8828278439786917,0.0
151,TPSA_div_Fused_ring_count,-0.7463221206410611,0.0
151,RotatableBonds_div_BertzCTIndex,-0.3897780319890322,-0.029977810261528234
151,Asphericity_div_Bridged_ring_count,-0.9448338994567288,0.0
151,RotatableBonds_div_Chi4,-0.2031001052164922,0.0
151,HBD_div_Fused_ring_count,-0.5907056875796379,0.0
151,Min_EState_div_BalabanIndex,1.1868447950350387,0.0
151,Fused_ring_count_div_Min_EState,0.000907607443612213,0.0
151,BertzCTIndex_div_Max_EState,1.0761572710107168,0.0
151,LogP_div_Chi4,0.5694763170456284,0.0
151,FragmentComplexityScore_div_TotalPathCount,0.22559073282486375,0.0
151,FractionCSP3_div_Chi3,-0.310019609537736,0.0
156,BalabanIndex_div_PathComplexityIndex,-0.38455819400191427,0.0
156,RingCount_div_PMI_Ratio1,0.0008638305421263605,0.0
156,Max_EState_div_BalabanIndex,-0.04624241456373428,0.0
156,BalabanIndex_div_ZagrebIndex,-0.03864004873908734,0.0
156,Largest_ring_size_div_BalabanIndex,-0.09464803987415316,0.0
156,TotalPathCount_div_Largest_ring_size,-0.36844484023046586,0.0
156,SSSR_count_div_AtomInformationContent,-0.38248767014921214,0.0
156,Fused_ring_count_div_PMI_Ratio1,0.0868947103903109,0.0
156,PMI2_div_Largest_ring_size,-0.2718610230764441,0.0
156,SSSR_count_div_SpherocityIndex,-0.05111060417740009,0.0
156,SSSR_count_div_partial_charge_max,-0.7663680253007215,0.0
156,BalabanIndex_div_partial_charge_max,-0.9334461347322597,0.0
156,RingCount_div_FractionCSP3,-0.24151854259748393,0.0
156,ZagrebIndex_div_Chi0,0.1329076955895825,0.0
156,TPSA_div_BalabanIndex,-0.4563214484581019,0.023546139715560556
156,MolarRefractivity_div_TotalPathCount,0.2012756245700557,0.0
156,GraphDistanceDistributionEntropy_div_TotalPathCount,0.7063502356072123,0.019951982106567213
156,PMI2_div_Fused_ring_count,-0.1999812104345036,0.0
156,SSSR_count_div_BondInformationContent,-0.3001992300634962,0.0
156,Fused_ring_count_div_FragmentComplexityScore,0.06568539905095791,0.0
156,AtomInformationContent_div_BalabanIndex,1.05174061886974,-0.03433104680137785
156,TotalPathCount_div_RadiusOfGyration,-0.6264491035993116,0.0
156,GraphDistanceDistributionEntropy_div_BertzCTIndex,0.33920237291099914,0.0
156,Fused_ring_count_div_InertialShapeFactor,-0.20885362570179217,0.0
156,StereocenterCount_div_BalabanIndex,-0.281381965160979,0.0
156,BalabanIndex_div_Asphericity,-0.29027540461868345,0.0
156,RadiusOfGyration_div_Largest_ring_size,0.1386844507983809,0.0
156,ZagrebIndex_div_CovalentRadiusSum,-0.24326614983319372,0.0
156,MolarRefractivity_div_BertzCTIndex,-0.0167980889770788,0.0
156,PMI1_div_Largest_ring_size,-0.306743093420747,0.0
156,BalabanIndex_div_HBA,-0.13329340669040854,0.0
156,RingCount_div_Fused_ring_count,0.5567319745335324,0.0
156,Fused_ring_count_div_FractionCSP3,-0.16935934565195915,0.0
156,Largest_ring_size_div_PMI_Ratio1,-0.0074885124034898744,0.0
156,Chi4_div_FractionCSP3,-0.6112391425934005,0.0
156,PMI1_div_WienerIndex,-0.1085752413346922,0.0
156,SSSR_count_div_DoubleBondCount,0.20506406921312895,0.0
156,RingCount_div_SSSR_count,0.4191681070021959,0.0
156,Chi4_div_RadiusOfGyration,-0.347861060424263,0.0
156,Fused_ring_count_div_Bridged_ring_count,0.6317929850256704,0.0
156,HBD_div_BalabanIndex,-0.4269291070790052,0.024060457764088307
156,BalabanIndex_div_TopologicalRadius,-0.20385185500301567,-0.01889371595001546
156,TopologicalDiameter_div_BertzCTIndex,0.06017986096239289,0.0
156,HeteroatomCount_div_Largest_ring_size,-0.11316896091293838,0.0
156,WienerIndex_div_RingCount,-0.21746739337163953,0.0
156,Chi2_div_Chi4,-0.40211178698462685,0.0
156,Chi4_div_Bridged_ring_count,0.05262400187531853,0.0
156,Fused_ring_count_div_BondInformationContent,-0.3048338909992978,0.0
156,TotalPathCount_div_FractionCSP3,-0.5638346956848878,0.0
156,StereocenterCount_div_PMI_Ratio1,-0.21567239031347263,0.0
156,partial_charge_max_div_BertzCTIndex,2.598208524353944,0.0
156,PMI1_div_Bridged_ring_count,-0.24790269202058582,0.0
156,Fused_ring_count_div_DoubleBondCount,0.22515899433013378,0.0
156,SSSR_count_div_Min_EState,-0.0009333084936395899,0.0
156,Asphericity_div_Largest_ring_size,0.6727547209480416,-0.04295082732038497
156,PathComplexityIndex_div_Largest_ring_size,0.29587686262575535,0.0
156,WienerIndex_div_RotatableBonds,-0.47747675739119183,0.0
156,RingCount_div_RotatableBonds,-0.22519381323977486,0.0
156,Bridged_ring_count_div_Fused_ring_count,0.7211421597349512,0.0
156,RotatableBonds_div_WienerIndex,0.7131356376981769,0.033513393570356854
156,StereocenterCount_div_Fused_ring_count,0.0011528285989703302,0.01729131830753586
156,BondInformationContent_div_BalabanIndex,0.7826847166995184,0.0
156,Avg_EState_div_PathComplexityIndex,-0.26368247461266214,0.0
156,RingCount_div_Asphericity,-0.2531323459772924,0.0
156,PMI_Ratio1_div_BertzCTIndex,-0.08767775937800346,0.0
156,Max_EState_div_Largest_ring_size,0.37084118086480744,0.0
156,BalabanIndex_div_BondInformationContent,-0.6273995977138187,0.0
156,WienerIndex_div_PMI3,-0.6298947450891184,0.0
156,SSSR_count_div_ZagrebIndex,1.237076559672979,0.0
156,TPSA_div_Fused_ring_count,-0.24274542330244409,0.0
156,RotatableBonds_div_BertzCTIndex,-0.14640591189183777,0.0
156,Asphericity_div_Bridged_ring_count,0.8842524233470449,0.0
156,RotatableBonds_div_Chi4,-0.20833438756085773,0.0
156,HBD_div_Fused_ring_count,-0.30564112519278586,0.0
156,Min_EState_div_BalabanIndex,-1.6961818594905478,-0.05724628096592886
156,Fused_ring_count_div_Min_EState,-0.0015498668461471695,0.0
156,BertzCTIndex_div_Max_EState,-0.6770694291566837,0.0
156,LogP_div_Chi4,-0.507276024517314,0.0
156,FragmentComplexityScore_div_TotalPathCount,0.5210244037999133,0.015769678372053463
156,FractionCSP3_div_Chi3,0.4453724277036102,0.0
170,BalabanIndex_div_PathComplexityIndex,-0.8082945946526444,0.0
170,RingCount_div_PMI_Ratio1,0.9700083751763872,-0.1821026723509308
170,Max_EState_div_BalabanIndex,2.0478816346134465,-0.20600409882008597
170,BalabanIndex_div_ZagrebIndex,-0.8054860512723307,0.0
170,Largest_ring_size_div_BalabanIndex,0.7272837208773412,0.0
170,TotalPathCount_div_Largest_ring_size,0.6177771829660597,0.0
170,SSSR_count_div_AtomInformationContent,0.15721768411155948,0.0
170,Fused_ring_count_div_PMI_Ratio1,-0.05339853303498987,0.0
170,PMI2_div_Largest_ring_size,0.384741941788249,0.0
170,SSSR_count_div_SpherocityIndex,-0.051110193635729946,0.0
170,SSSR_count_div_partial_charge_max,0.6960870337080742,0.0
170,BalabanIndex_div_partial_charge_max,-0.7699645547004067,0.0
170,RingCount_div_FractionCSP3,2.204999902978244,-0.15246872819495558
170,ZagrebIndex_div_Chi0,0.820489273846161,-0.15205722160758572
170,TPSA_div_BalabanIndex,0.6746983218375738,0.0
170,MolarRefractivity_div_TotalPathCount,-0.4999951839899637,0.0
170,GraphDistanceDistributionEntropy_div_TotalPathCount,-0.2925979969425031,0.0
170,PMI2_div_Fused_ring_count,1.4597412809740844,0.0
170,SSSR_count_div_BondInformationContent,-0.04769851148259968,0.0
170,Fused_ring_count_div_FragmentComplexityScore,-0.29893477271205665,0.0
170,AtomInformationContent_div_BalabanIndex,3.2522427977265855,-0.21563273697480861
170,TotalPathCount_div_RadiusOfGyration,-0.27636543248574225,0.0
170,GraphDistanceDistributionEntropy_div_BertzCTIndex,-0.5861741435576234,0.0
170,Fused_ring_count_div_InertialShapeFactor,-0.13630440221299997,0.0
170,StereocenterCount_div_BalabanIndex,-0.0023787078242971833,0.0
170,BalabanIndex_div_Asphericity,-0.4198237416212456,0.0
170,RadiusOfGyration_div_Largest_ring_size,1.2501996446488308,-0.16159392330449543
170,ZagrebIndex_div_CovalentRadiusSum,1.076421480039944,0.0
170,MolarRefractivity_div_BertzCTIndex,-0.903942699164655,0.0
170,PMI1_div_Largest_ring_size,0.198461077958616,0.0
170,BalabanIndex_div_HBA,-0.7897149686486086,0.0
170,RingCount_div_Fused_ring_count,3.4831139929670707,0.0
170,Fused_ring_count_div_FractionCSP3,0.4139605098794461,0.0
170,Largest_ring_size_div_PMI_Ratio1,0.15254504737606742,0.0
170,Chi4_div_FractionCSP3,1.2760553845781286,0.0
170,PMI1_div_WienerIndex,-0.6659999061136438,0.0
170,SSSR_count_div_DoubleBondCount,2.941206546366511,0.0
170,RingCount_div_SSSR_count,0.4191681070021959,0.0
170,Chi4_div_RadiusOfGyration,-0.709499982288197,0.0
170,Fused_ring_count_div_Bridged_ring_count,0.6317929850256704,-0.1818565728615135
170,HBD_div_BalabanIndex,-0.009022724846230344,0.0
170,BalabanIndex_div_TopologicalRadius,-1.104058526867059,0.0
170,TopologicalDiameter_div_BertzCTIndex,-0.35482322541985273,0.0
170,HeteroatomCount_div_Largest_ring_size,0.9669658291099039,0.0
170,WienerIndex_div_RingCount,-0.08284753871895945,0.0
170,Chi2_div_Chi4,0.01130871853111442,0.0
170,Chi4_div_Bridged_ring_count,1.099768466988561,0.0
170,Fused_ring_count_div_BondInformationContent,-0.4015689495517269,0.0
170,TotalPathCount_div_FractionCSP3,1.581635513514745,0.0
170,StereocenterCount_div_PMI_Ratio1,-0.14427706617697864,0.0
170,partial_charge_max_div_BertzCTIndex,-0.5697376329476325,0.0
170,PMI1_div_Bridged_ring_count,0.8990253754865875,0.0
170,Fused_ring_count_div_DoubleBondCount,0.5555402335963523,0.0
170,SSSR_count_div_Min_EState,-0.045831156327207065,0.0
170,Asphericity_div_Largest_ring_size,0.9839467424360488,-0.24512633281674226
170,PathComplexityIndex_div_Largest_ring_size,0.4856397389572219,0.0
170,WienerIndex_div_RotatableBonds,0.01807349312635147,0.0
170,RingCount_div_RotatableBonds,-0.06518518601991971,0.0
170,Bridged_ring_count_div_Fused_ring_count,0.7211421597349512,0.0
170,RotatableBonds_div_WienerIndex,-0.3794579329958029,-0.18625501790423987
170,StereocenterCount_div_Fused_ring_count,0.38558062204122384,0.0
170,BondInformationContent_div_BalabanIndex,2.3177771335511452,-0.19403435430054236
170,Avg_EState_div_PathComplexityIndex,-0.46540838481473723,0.0
170,RingCount_div_Asphericity,-0.06348592453763893,0.0
170,PMI_Ratio1_div_BertzCTIndex,-0.5633953356919282,0.0
170,Max_EState_div_Largest_ring_size,0.6696717098261578,0.0
170,BalabanIndex_div_BondInformationContent,-0.7615605405123999,0.0
170,WienerIndex_div_PMI3,-0.2160990255069137,0.0
170,SSSR_count_div_ZagrebIndex,1.017885166837136,0.0
170,TPSA_div_Fused_ring_count,1.2546420382711019,0.0
170,RotatableBonds_div_BertzCTIndex,-0.4369537247095365,0.0
170,Asphericity_div_Bridged_ring_count,2.2159680349832325,0.0
170,RotatableBonds_div_Chi4,-0.15614924202198982,0.0
170,HBD_div_Fused_ring_count,0.2644879995809185,0.0
170,Min_EState_div_BalabanIndex,0.36662350746145195,0.0
170,Fused_ring_count_div_Min_EState,-0.012912681635007731,0.0
170,BertzCTIndex_div_Max_EState,0.698081228178172,0.0
170,LogP_div_Chi4,-0.009693460862301441,0.0
170,FragmentComplexityScore_div_TotalPathCount,-0.4704471716082704,0.0
170,FractionCSP3_div_Chi3,-0.7524678743145584,0.0
171,BalabanIndex_div_PathComplexityIndex,-0.7291928442450738,-0.15097159194014032
171,RingCount_div_PMI_Ratio1,0.4609272573542295,-0.13854948529713623
171,Max_EState_div_BalabanIndex,-0.4547556846631586,0.0
171,BalabanIndex_div_ZagrebIndex,-0.6919104923252717,0.0
171,Largest_ring_size_div_BalabanIndex,0.41902896361693764,0.0
171,TotalPathCount_div_Largest_ring_size,0.41473147230795127,0.0
171,SSSR_count_div_AtomInformationContent,-0.20695818066739863,0.0
171,Fused_ring_count_div_PMI_Ratio1,0.416004930184345,0.0
171,PMI2_div_Largest_ring_size,0.02275596203007729,0.0
171,SSSR_count_div_SpherocityIndex,-0.051110536924265704,0.0
171,SSSR_count_div_partial_charge_max,0.7885988596309644,0.0
171,BalabanIndex_div_partial_charge_max,-0.5397949630473483,0.0
171,RingCount_div_FractionCSP3,0.5681785210341541,0.0
171,ZagrebIndex_div_Chi0,0.7428431488174695,0.0
171,TPSA_div_BalabanIndex,0.37650759193208105,0.0
171,MolarRefractivity_div_TotalPathCount,-0.5422275011958873,0.0
171,GraphDistanceDistributionEntropy_div_TotalPathCount,-0.23647327723931671,-0.1437364324303757
171,PMI2_div_Fused_ring_count,0.07000950443579204,0.0
171,SSSR_count_div_BondInformationContent,-0.13390977346565822,0.0
171,Fused_ring_count_div_FragmentComplexityScore,0.43030557081397247,0.0
171,AtomInformationContent_div_BalabanIndex,3.3325113344135966,-0.19474307187313386
171,TotalPathCount_div_RadiusOfGyration,0.09704727696585293,0.0
171,GraphDistanceDistributionEntropy_div_BertzCTIndex,-0.4376118084410663,0.0
171,Fused_ring_count_div_InertialShapeFactor,-0.12565679034770832,0.0
171,StereocenterCount_div_BalabanIndex,-0.107015230552835,0.0
171,BalabanIndex_div_Asphericity,-0.3806385912616987,0.0
171,RadiusOfGyration_div_Largest_ring_size,0.5813312843789759,0.0
171,ZagrebIndex_div_CovalentRadiusSum,1.0401911950596054,0.0
171,MolarRefractivity_div_BertzCTIndex,-0.7416361781277669,0.0
171,PMI1_div_Largest_ring_size,-0.06934468605900361,0.0
171,BalabanIndex_div_HBA,-0.7733322851231833,-0.14120061728149125
171,RingCount_div_Fused_ring_count,0.7818382836438047,0.0
171,Fused_ring_count_div_FractionCSP3,0.4783833854903438,0.0
171,Largest_ring_size_div_PMI_Ratio1,0.019811252716358647,0.0
171,Chi4_div_FractionCSP3,-0.05683440528503402,0.0
171,PMI1_div_WienerIndex,-0.7196132077381387,-0.13735518395997823
171,SSSR_count_div_DoubleBondCount,2.3939780509358344,0.0
171,RingCount_div_SSSR_count,0.4191681070021959,0.0
171,Chi4_div_RadiusOfGyration,-0.5122782599295932,0.0
171,Fused_ring_count_div_Bridged_ring_count,0.6317929850256704,0.0
171,HBD_div_BalabanIndex,-0.10467896870074012,0.0
171,BalabanIndex_div_TopologicalRadius,-0.8873913812004067,-0.13987345482847224
171,TopologicalDiameter_div_BertzCTIndex,-0.39691384673811303,0.0
171,HeteroatomCount_div_Largest_ring_size,1.1212707991131674,0.0
171,WienerIndex_div_RingCount,-0.13034073912179742,0.0
171,Chi2_div_Chi4,-0.12145909693989172,0.0
171,Chi4_div_Bridged_ring_count,-0.14287404866467895,0.0
171,Fused_ring_count_div_BondInformationContent,-0.17708166499373545,0.0
171,TotalPathCount_div_FractionCSP3,0.23801399801820855,0.0
171,StereocenterCount_div_PMI_Ratio1,-0.2034932225047546,0.0
171,partial_charge_max_div_BertzCTIndex,-0.5514127441623762,0.0
171,PMI1_div_Bridged_ring_count,-0.06854031867757447,0.0
171,Fused_ring_count_div_DoubleBondCount,1.8770651906612261,0.0
171,SSSR_count_div_Min_EState,-0.04954746032667052,0.0
171,Asphericity_div_Largest_ring_size,0.7663922406733207,0.0
171,PathComplexityIndex_div_Largest_ring_size,0.5328240217207214,0.0
171,WienerIndex_div_RotatableBonds,-0.15061152464995387,0.0
171,RingCount_div_RotatableBonds,-0.07890021121019304,0.0
171,Bridged_ring_count_div_Fused_ring_count,0.7211421597349512,0.0
171,RotatableBonds_div_WienerIndex,-0.2652495726975393,0.0
171,StereocenterCount_div_Fused_ring_count,-0.19106106812215634,0.0
171,BondInformationContent_div_BalabanIndex,1.7488816739199895,-0.23015500917883794
171,Avg_EState_div_PathComplexityIndex,-0.5122083795637545,0.0
171,RingCount_div_Asphericity,-0.09441782868099799,0.0
171,PMI_Ratio1_div_BertzCTIndex,-0.4550736153204648,-0.13507923185228266
171,Max_EState_div_Largest_ring_size,-0.6957871206363695,0.0
171,BalabanIndex_div_BondInformationContent,-0.7268023086105504,0.0
171,WienerIndex_div_PMI3,0.34466462284988547,0.0
171,SSSR_count_div_ZagrebIndex,0.9225505859958785,-0.14319537294871418
171,TPSA_div_Fused_ring_count,0.20251106678029032,0.0
171,RotatableBonds_div_BertzCTIndex,-0.40432826212336426,0.0
171,Asphericity_div_Bridged_ring_count,0.48974433084684726,0.0
171,RotatableBonds_div_Chi4,-0.17686492822530317,0.0
171,HBD_div_Fused_ring_count,-0.16310884399935974,0.0
171,Min_EState_div_BalabanIndex,0.5520272826325591,0.0
171,Fused_ring_count_div_Min_EState,-0.03382811466917167,0.0
171,BertzCTIndex_div_Max_EState,2.277907686050342,0.0
171,LogP_div_Chi4,-0.41892110733529625,0.0
171,FragmentComplexityScore_div_TotalPathCount,-0.35569497655307275,0.0
171,FractionCSP3_div_Chi3,-0.3267034710550234,0.0
178,BalabanIndex_div_PathComplexityIndex,-0.6607298069372831,0.0
178,RingCount_div_PMI_Ratio1,0.5393192102598151,-0.1136217821767877
178,Max_EState_div_BalabanIndex,1.3029648666630658,-0.11873691223796058
178,BalabanIndex_div_ZagrebIndex,-0.6536488140514348,0.0
178,Largest_ring_size_div_BalabanIndex,0.33708558439171643,0.0
178,TotalPathCount_div_Largest_ring_size,0.29870535193188946,0.0
178,SSSR_count_div_AtomInformationContent,0.2538548293814858,0.0
178,Fused_ring_count_div_PMI_Ratio1,-0.7563390875513493,0.0
178,PMI2_div_Largest_ring_size,0.21780415574273546,0.0
178,SSSR_count_div_SpherocityIndex,-0.05111042946226727,0.0
178,SSSR_count_div_partial_charge_max,0.40196241821423234,0.0
178,BalabanIndex_div_partial_charge_max,-0.5283525395335662,0.0
178,RingCount_div_FractionCSP3,0.1257943637519677,0.0
178,ZagrebIndex_div_Chi0,0.37417522983879803,-0.1041896721448721
178,TPSA_div_BalabanIndex,-0.2584174449570408,0.0
178,MolarRefractivity_div_TotalPathCount,0.02518319566168046,0.0
178,GraphDistanceDistributionEntropy_div_TotalPathCount,-0.0676308176798641,0.0
178,PMI2_div_Fused_ring_count,-0.4826267306358038,0.0
178,SSSR_count_div_BondInformationContent,-0.213434978092394,0.0
178,Fused_ring_count_div_FragmentComplexityScore,-1.0281751162380857,0.0
178,AtomInformationContent_div_BalabanIndex,0.8203835118986946,0.0
178,TotalPathCount_div_RadiusOfGyration,-0.5058529945423276,0.0
178,GraphDistanceDistributionEntropy_div_BertzCTIndex,-0.30291024802598415,0.0
178,Fused_ring_count_div_InertialShapeFactor,-0.25401378127090635,0.0
178,StereocenterCount_div_BalabanIndex,-0.3862428491190993,0.0
178,BalabanIndex_div_Asphericity,-0.3925008285180681,0.0
178,RadiusOfGyration_div_Largest_ring_size,1.0885026558568491,-0.09854201779964462
178,ZagrebIndex_div_CovalentRadiusSum,-0.009372125092061897,0.0
178,MolarRefractivity_div_BertzCTIndex,-0.36152411180764693,0.0
178,PMI1_div_Largest_ring_size,0.015698635467485386,0.0
178,BalabanIndex_div_HBA,-0.49047290257965165,0.0
178,RingCount_div_Fused_ring_count,-1.244118498348645,0.0
178,Fused_ring_count_div_FractionCSP3,-0.7069975257501818,0.0
178,Largest_ring_size_div_PMI_Ratio1,0.20221046047609267,0.0
178,Chi4_div_FractionCSP3,-0.05007206504286216,-0.10322584601273398
178,PMI1_div_WienerIndex,-0.5835637274028116,0.0
178,SSSR_count_div_DoubleBondCount,1.846749555505158,0.0
178,RingCount_div_SSSR_count,0.4191681070021959,0.0
178,Chi4_div_RadiusOfGyration,-0.504336747296913,0.0
178,Fused_ring_count_div_Bridged_ring_count,-1.4270536095030357,0.0
178,HBD_div_BalabanIndex,-0.3599422790248317,0.0
178,BalabanIndex_div_TopologicalRadius,-0.9120113874960171,-0.09464623505589209
178,TopologicalDiameter_div_BertzCTIndex,-0.14958811179765027,0.0
178,HeteroatomCount_div_Largest_ring_size,-0.11316896091293838,0.0
178,WienerIndex_div_RingCount,-0.09259164091593951,0.0
178,Chi2_div_Chi4,0.261153709025932,0.0
178,Chi4_div_Bridged_ring_count,-1.1576317652007062,0.0
178,Fused_ring_count_div_BondInformationContent,-0.6338218010298348,0.0
178,TotalPathCount_div_FractionCSP3,-0.05811949876738588,0.0
178,StereocenterCount_div_PMI_Ratio1,-0.31143760658387726,0.0
178,partial_charge_max_div_BertzCTIndex,-0.4682643513823503,0.0
178,PMI1_div_Bridged_ring_count,-0.49312041894055575,0.0
178,Fused_ring_count_div_DoubleBondCount,-0.7659847234685216,0.0
178,SSSR_count_div_Min_EState,0.10245786163437816,0.0
178,Asphericity_div_Largest_ring_size,1.0631621050289042,-0.10502286125873783
178,PathComplexityIndex_div_Largest_ring_size,0.37214241014772226,0.0
178,WienerIndex_div_RotatableBonds,-0.04346253597395264,0.0
178,RingCount_div_RotatableBonds,-0.0971869114638907,0.0
178,Bridged_ring_count_div_Fused_ring_count,-1.439196676874029,0.0
178,RotatableBonds_div_WienerIndex,-0.34550674165792106,0.0
178,StereocenterCount_div_Fused_ring_count,-0.7677027582855365,0.0
178,BondInformationContent_div_BalabanIndex,1.600308869582727,-0.17572366691378813
178,Avg_EState_div_PathComplexityIndex,-0.7204574546365485,0.0
178,RingCount_div_Asphericity,-0.23495338717630787,0.0
178,PMI_Ratio1_div_BertzCTIndex,-0.49606031077811474,0.0
178,Max_EState_div_Largest_ring_size,0.7667665180676254,0.0
178,BalabanIndex_div_BondInformationContent,-0.7155981167965401,0.0
178,WienerIndex_div_PMI3,-0.4894513145359839,0.0
178,SSSR_count_div_ZagrebIndex,0.5349529214645035,-0.10563732888947298
178,TPSA_div_Fused_ring_count,-0.7463221206410611,0.0
178,RotatableBonds_div_BertzCTIndex,-0.4207840978824406,0.0
178,Asphericity_div_Bridged_ring_count,-0.9448338994567288,0.0
178,RotatableBonds_div_Chi4,-0.4110312056492494,0.0
178,HBD_div_Fused_ring_count,-0.5907056875796379,0.0
178,Min_EState_div_BalabanIndex,1.0698780216578487,0.0
178,Fused_ring_count_div_Min_EState,0.000907607443612213,0.0
178,BertzCTIndex_div_Max_EState,-0.05952038415227909,-0.11763495381788346
178,LogP_div_Chi4,0.1296029109969123,0.0
178,FragmentComplexityScore_div_TotalPathCount,-0.2776142096451727,0.0
178,FractionCSP3_div_Chi3,-0.35197079805934683,0.0
183,BalabanIndex_div_PathComplexityIndex,-0.43447029804309034,0.0
183,RingCount_div_PMI_Ratio1,0.14757676420959662,0.0
183,Max_EState_div_BalabanIndex,0.24579837183146355,0.0
183,BalabanIndex_div_ZagrebIndex,-0.07607648790175724,0.0
183,Largest_ring_size_div_BalabanIndex,-0.020531428203555947,0.0
183,TotalPathCount_div_Largest_ring_size,-0.3781136835951376,0.0
183,SSSR_count_div_AtomInformationContent,-0.15691257382579185,0.0
183,Fused_ring_count_div_PMI_Ratio1,0.2385791859270259,0.0
183,PMI2_div_Largest_ring_size,-0.27517995481564644,0.0
183,SSSR_count_div_SpherocityIndex,-0.05111060505037715,0.0
183,SSSR_count_div_partial_charge_max,-0.11257646514514821,0.0
183,BalabanIndex_div_partial_charge_max,-0.4497601819485428,0.0
183,RingCount_div_FractionCSP3,-0.15143304147820238,0.0
183,ZagrebIndex_div_Chi0,-0.010505252409485046,0.0
183,TPSA_div_BalabanIndex,-0.3390708050490032,0.0
183,MolarRefractivity_div_TotalPathCount,0.08245883394176624,0.0
183,GraphDistanceDistributionEntropy_div_TotalPathCount,0.7880551862389907,0.0
183,PMI2_div_Fused_ring_count,-0.20509791497864943,0.0
183,SSSR_count_div_BondInformationContent,-0.3192323720212447,0.0
183,Fused_ring_count_div_FragmentComplexityScore,0.06568539905095791,0.0
183,AtomInformationContent_div_BalabanIndex,0.4929562493867113,0.0
183,TotalPathCount_div_RadiusOfGyration,-0.6493037355386313,0.0
183,GraphDistanceDistributionEntropy_div_BertzCTIndex,0.40652597701368626,0.004467785490785306
183,Fused_ring_count_div_InertialShapeFactor,-0.22115825663118152,0.0
183,StereocenterCount_div_BalabanIndex,-0.2562232146827788,0.0
183,BalabanIndex_div_Asphericity,-0.33320970694797325,0.0
183,RadiusOfGyration_div_Largest_ring_size,0.14459370906999028,0.0
183,ZagrebIndex_div_CovalentRadiusSum,-0.17203288517553147,0.0
183,MolarRefractivity_div_BertzCTIndex,-0.07626772313449724,0.0
183,PMI1_div_Largest_ring_size,-0.3469978076042926,0.0
183,BalabanIndex_div_HBA,0.06904913509722357,0.0
183,RingCount_div_Fused_ring_count,0.5567319745335324,0.0041672666399070815
183,Fused_ring_count_div_FractionCSP3,-0.08080717481225187,0.0
183,Largest_ring_size_div_PMI_Ratio1,0.10746057151368506,0.0
183,Chi4_div_FractionCSP3,-0.5185147187073135,0.0030293291788256117
183,PMI1_div_WienerIndex,-0.5089019549647357,0.0
183,SSSR_count_div_DoubleBondCount,1.2995210600744818,0.0
183,RingCount_div_SSSR_count,0.4191681070021959,0.0
183,Chi4_div_RadiusOfGyration,-0.38145028277023896,0.007293140768839502
183,Fused_ring_count_div_Bridged_ring_count,0.6317929850256704,0.0
183,HBD_div_BalabanIndex,-0.24108139247013305,0.0
183,BalabanIndex_div_TopologicalRadius,-0.28891574276653126,0.0
183,TopologicalDiameter_div_BertzCTIndex,0.2090111985678148,0.0
183,HeteroatomCount_div_Largest_ring_size,-0.26747393091620153,0.0
183,WienerIndex_div_RingCount,-0.2147772277523715,0.0
183,Chi2_div_Chi4,-0.535161559126049,0.0
183,Chi4_div_Bridged_ring_count,0.028963499791541197,0.0049692588367989945
183,Fused_ring_count_div_BondInformationContent,-0.32599083206960755,0.0
183,TotalPathCount_div_FractionCSP3,-0.500435361879845,0.0
183,StereocenterCount_div_PMI_Ratio1,-0.16439047721496708,0.0
183,partial_charge_max_div_BertzCTIndex,0.32747217803704054,0.0
183,PMI1_div_Bridged_ring_count,-0.3023145900578433,0.0
183,Fused_ring_count_div_DoubleBondCount,1.2163027121287893,0.0
183,SSSR_count_div_Min_EState,-0.04831819043831036,0.0
183,Asphericity_div_Largest_ring_size,0.9295317713964117,0.0
183,PathComplexityIndex_div_Largest_ring_size,0.27433621179894085,0.0
183,WienerIndex_div_RotatableBonds,-0.3947652573605944,0.0046823528591707795
183,RingCount_div_RotatableBonds,0.03081999031199337,0.0
183,Bridged_ring_count_div_Fused_ring_count,0.7211421597349512,0.0
183,RotatableBonds_div_WienerIndex,0.19994050591666176,0.006755194364100097
183,StereocenterCount_div_Fused_ring_count,0.0011528285989703302,0.002465937339628535
183,BondInformationContent_div_BalabanIndex,1.1063723986318381,0.0
183,Avg_EState_div_PathComplexityIndex,-0.19403826600886617,0.0
183,RingCount_div_Asphericity,-0.2938646514044531,0.0
183,PMI_Ratio1_div_BertzCTIndex,-0.1818074115939371,0.0
183,Max_EState_div_Largest_ring_size,0.5235937604722662,0.0
183,BalabanIndex_div_BondInformationContent,-0.6690312397203868,0.0
183,WienerIndex_div_PMI3,-0.39263058706243664,0.0
183,SSSR_count_div_ZagrebIndex,1.3406492773971548,0.0
183,TPSA_div_Fused_ring_count,-0.09439832784713649,0.0
183,RotatableBonds_div_BertzCTIndex,-0.3363588650903229,0.0
183,Asphericity_div_Bridged_ring_count,1.1137362659110295,0.0
183,RotatableBonds_div_Chi4,-0.43947477133670454,0.0
183,HBD_div_Fused_ring_count,-0.02057656280593368,0.0
183,Min_EState_div_BalabanIndex,0.7391434216952583,0.0
183,Fused_ring_count_div_Min_EState,-0.03724409185045903,0.0
183,BertzCTIndex_div_Max_EState,-0.7582543312054663,0.00249432676081463
183,LogP_div_Chi4,-0.1026539787811421,0.0
183,FragmentComplexityScore_div_TotalPathCount,0.5404650229255524,0.010553016636470555
183,FractionCSP3_div_Chi3,0.22613802278216188,0.0
184,BalabanIndex_div_PathComplexityIndex,-0.4217427011605758,0.0
184,RingCount_div_PMI_Ratio1,0.30498707640206113,0.0
184,Max_EState_div_BalabanIndex,0.15806527677852705,0.0
184,BalabanIndex_div_ZagrebIndex,0.11723539394501008,0.0
184,Largest_ring_size_div_BalabanIndex,-0.06684198050063346,0.0
184,TotalPathCount_div_Largest_ring_size,-0.48447096060652756,0.0
184,SSSR_count_div_AtomInformationContent,-0.2805850772762232,0.0
184,Fused_ring_count_div_PMI_Ratio1,0.40132353335519394,0.0
184,PMI2_div_Largest_ring_size,-0.31151517119798083,0.0
184,SSSR_count_div_SpherocityIndex,-0.05111058465877878,0.0
184,SSSR_count_div_partial_charge_max,-0.04232533808369247,0.0
184,BalabanIndex_div_partial_charge_max,-0.3581224815889851,0.0
184,RingCount_div_FractionCSP3,-0.4092798074369623,0.0
184,ZagrebIndex_div_Chi0,0.1705585594052081,0.0
184,TPSA_div_BalabanIndex,-0.4947037077151692,0.03743862506937512
184,MolarRefractivity_div_TotalPathCount,-0.03332368144473557,0.0
184,GraphDistanceDistributionEntropy_div_TotalPathCount,0.9121641938205146,0.0423787481801988
184,PMI2_div_Fused_ring_count,-0.2611149051987302,0.0
184,SSSR_count_div_BondInformationContent,0.6952298256408631,0.0
184,Fused_ring_count_div_FragmentComplexityScore,0.06568539905095791,0.0
184,AtomInformationContent_div_BalabanIndex,0.7463746827353568,0.0
184,TotalPathCount_div_RadiusOfGyration,-0.7312203329877132,0.0
184,GraphDistanceDistributionEntropy_div_BertzCTIndex,1.6074303239100072,0.07972165432869464
184,Fused_ring_count_div_InertialShapeFactor,-0.23120409063351982,0.0
184,StereocenterCount_div_BalabanIndex,-0.2719432483363413,0.0
184,BalabanIndex_div_Asphericity,-0.3409362287104729,0.0
184,RadiusOfGyration_div_Largest_ring_size,0.037669268953824435,0.0
184,ZagrebIndex_div_CovalentRadiusSum,-0.5307996847712523,0.0
184,MolarRefractivity_div_BertzCTIndex,1.069895362479075,0.03205679426551031
184,PMI1_div_Largest_ring_size,-0.3907456921461278,0.0
184,BalabanIndex_div_HBA,0.11319120265247984,0.0
184,RingCount_div_Fused_ring_count,0.5567319745335324,0.0
184,Fused_ring_count_div_FractionCSP3,-0.3342651740014139,0.0
184,Largest_ring_size_div_PMI_Ratio1,0.23079101507670008,0.0
184,Chi4_div_FractionCSP3,-0.8170007811300294,0.0
184,PMI1_div_WienerIndex,-0.4322918461957058,0.0
184,SSSR_count_div_DoubleBondCount,1.2995210600744818,0.0
184,RingCount_div_SSSR_count,0.4191681070021959,0.0
184,Chi4_div_RadiusOfGyration,-0.27424050299040115,0.0
184,Fused_ring_count_div_Bridged_ring_count,0.6317929850256704,0.0
184,HBD_div_BalabanIndex,-0.4226147808059812,0.0
184,BalabanIndex_div_TopologicalRadius,-0.02774200979610557,0.0
184,TopologicalDiameter_div_BertzCTIndex,1.0907137765773005,0.04531315912865699
184,HeteroatomCount_div_Largest_ring_size,-0.26747393091620153,0.0
184,WienerIndex_div_RingCount,-0.23577787548988324,0.0
184,Chi2_div_Chi4,-0.6825057492075305,0.0
184,Chi4_div_Bridged_ring_count,0.03823517046944307,0.0
184,Fused_ring_count_div_BondInformationContent,0.8016693819738484,0.0
184,TotalPathCount_div_FractionCSP3,-0.7235510929850953,0.04324950744934934
184,StereocenterCount_div_PMI_Ratio1,-0.10936941159468075,0.0
184,partial_charge_max_div_BertzCTIndex,1.2688268964576934,0.059549793694843665
184,PMI1_div_Bridged_ring_count,-0.36144817183369027,0.0
184,Fused_ring_count_div_DoubleBondCount,1.2163027121287893,0.0
184,SSSR_count_div_Min_EState,0.11955203464021025,0.0
184,Asphericity_div_Largest_ring_size,1.1205400963921264,0.0
184,PathComplexityIndex_div_Largest_ring_size,0.33465003411402255,0.0
184,WienerIndex_div_RotatableBonds,-0.42594793517961643,0.0
184,RingCount_div_RotatableBonds,0.2868337938637615,0.0
184,Bridged_ring_count_div_Fused_ring_count,0.7211421597349512,0.0
184,RotatableBonds_div_WienerIndex,0.34265180931935985,0.03582342954790193
184,StereocenterCount_div_Fused_ring_count,0.0011528285989703302,0.0
184,BondInformationContent_div_BalabanIndex,-0.9339648996664615,0.0
184,Avg_EState_div_PathComplexityIndex,-0.666267220162767,0.0
184,RingCount_div_Asphericity,-0.31872489936359116,0.0
184,PMI_Ratio1_div_BertzCTIndex,0.1262976885502173,0.0
184,Max_EState_div_Largest_ring_size,0.5338969287536168,0.0
184,BalabanIndex_div_BondInformationContent,0.44645434616961027,0.0
184,WienerIndex_div_PMI3,-0.7655130156925748,0.0
184,SSSR_count_div_ZagrebIndex,1.765894954976232,0.0
184,TPSA_div_Fused_ring_count,-0.3177319628491631,0.0
184,RotatableBonds_div_BertzCTIndex,-0.20480811880021138,0.0
184,Asphericity_div_Bridged_ring_count,1.2844420369493192,0.0
184,RotatableBonds_div_Chi4,-0.5651010237390909,0.0
184,HBD_div_Fused_ring_count,-0.30564112519278586,0.0
184,Min_EState_div_BalabanIndex,0.9942522238148658,0.0
184,Fused_ring_count_div_Min_EState,0.08920969128809098,0.0
184,BertzCTIndex_div_Max_EState,-1.1773572370168754,0.0
184,LogP_div_Chi4,-0.5676776269617387,0.0
184,FragmentComplexityScore_div_TotalPathCount,0.7822048955314821,0.05588357562224671
184,FractionCSP3_div_Chi3,1.132017745793672,0.0734471936711139
186,BalabanIndex_div_PathComplexityIndex,-0.7573316310255017,0.0
186,RingCount_div_PMI_Ratio1,2.7867201242375836,-0.388309287144122
186,Max_EState_div_BalabanIndex,1.6017005589358215,-0.2990792849269799
186,BalabanIndex_div_ZagrebIndex,-0.6818510655503758,0.0
186,Largest_ring_size_div_BalabanIndex,0.49655689470144315,0.0
186,TotalPathCount_div_Largest_ring_size,0.2793676652025459,0.0
186,SSSR_count_div_AtomInformationContent,0.2630927365846222,0.0
186,Fused_ring_count_div_PMI_Ratio1,2.789843901277757,-0.34893859408993777
186,PMI2_div_Largest_ring_size,0.13843565173716144,-0.1671931081231862
186,SSSR_count_div_SpherocityIndex,-0.0511104639629988,0.0
186,SSSR_count_div_partial_charge_max,0.9668333037282635,0.0
186,BalabanIndex_div_partial_charge_max,-0.6186104233669352,0.0
186,RingCount_div_FractionCSP3,0.7598783225231016,0.0
186,ZagrebIndex_div_Chi0,0.9269202250132783,0.0
186,TPSA_div_BalabanIndex,0.15752387205314106,0.0
186,MolarRefractivity_div_TotalPathCount,-0.5105382040661917,0.0
186,GraphDistanceDistributionEntropy_div_TotalPathCount,-0.09494176546845884,0.0
186,PMI2_div_Fused_ring_count,0.06648634918960443,0.0
186,SSSR_count_div_BondInformationContent,-0.06667414899973828,0.0
186,Fused_ring_count_div_FragmentComplexityScore,0.794925742576987,0.0
186,AtomInformationContent_div_BalabanIndex,2.267843825537437,-0.2574778539344344
186,TotalPathCount_div_RadiusOfGyration,-0.40386590157011015,0.0
186,GraphDistanceDistributionEntropy_div_BertzCTIndex,-0.38049402061935295,0.0
186,Fused_ring_count_div_InertialShapeFactor,-0.1730228733670343,0.0
186,StereocenterCount_div_BalabanIndex,-0.08069851383735728,0.0
186,BalabanIndex_div_Asphericity,-0.43646230153921395,0.0
186,RadiusOfGyration_div_Largest_ring_size,0.9222692060656057,0.0
186,ZagrebIndex_div_CovalentRadiusSum,0.8206064874544519,0.0
186,MolarRefractivity_div_BertzCTIndex,-0.7551463981615713,0.0
186,PMI1_div_Largest_ring_size,-0.2749805323131124,0.0
186,BalabanIndex_div_HBA,-0.6941409810487457,-0.22174246447144144
186,RingCount_div_Fused_ring_count,0.6467744981776413,0.0
186,Fused_ring_count_div_FractionCSP3,0.7425171754950265,0.0
186,Largest_ring_size_div_PMI_Ratio1,0.9659093152734287,0.0
186,Chi4_div_FractionCSP3,0.14180293889905557,0.0
186,PMI1_div_WienerIndex,-1.0836350682623856,0.0
186,SSSR_count_div_DoubleBondCount,2.941206546366511,0.0
186,RingCount_div_SSSR_count,0.4191681070021959,0.0
186,Chi4_div_RadiusOfGyration,-0.4766442480155566,0.0
186,Fused_ring_count_div_Bridged_ring_count,0.6317929850256704,0.0
186,HBD_div_BalabanIndex,-0.0806208462981383,0.0
186,BalabanIndex_div_TopologicalRadius,-0.916030828243251,0.0
186,TopologicalDiameter_div_BertzCTIndex,-0.33127403993956045,0.0
186,HeteroatomCount_div_Largest_ring_size,0.34974594909685125,0.0
186,WienerIndex_div_RingCount,-0.17223046090754252,0.0
186,Chi2_div_Chi4,-0.4147547654602359,0.0
186,Chi4_div_Bridged_ring_count,-0.19129458805845004,0.0
186,Fused_ring_count_div_BondInformationContent,-0.07327826284798553,0.0
186,TotalPathCount_div_FractionCSP3,0.12166768106860415,0.0
186,StereocenterCount_div_PMI_Ratio1,0.2185868582871459,0.0
186,partial_charge_max_div_BertzCTIndex,-0.4786025601793899,0.0
186,PMI1_div_Bridged_ring_count,-0.3202298994341337,0.0
186,Fused_ring_count_div_DoubleBondCount,2.537827669193663,0.0
186,SSSR_count_div_Min_EState,1.5148386175571857,0.0
186,Asphericity_div_Largest_ring_size,1.7366791842931346,-0.21710863377520984
186,PathComplexityIndex_div_Largest_ring_size,0.547395638456508,0.0
186,WienerIndex_div_RotatableBonds,-0.16708747853305417,0.0
186,RingCount_div_RotatableBonds,0.15882689208787754,0.0
186,Bridged_ring_count_div_Fused_ring_count,0.7211421597349512,0.0
186,RotatableBonds_div_WienerIndex,-0.24955743369559583,0.0
186,StereocenterCount_div_Fused_ring_count,-0.30638940615483234,-0.18836322732142463
186,BondInformationContent_div_BalabanIndex,1.970543120182723,-0.2087912156031027
186,Avg_EState_div_PathComplexityIndex,-0.6224418314531646,0.0
186,RingCount_div_Asphericity,-0.1978002357277766,0.0
186,PMI_Ratio1_div_BertzCTIndex,-0.633127242386193,0.0
186,Max_EState_div_Largest_ring_size,0.717419450442412,0.0
186,BalabanIndex_div_BondInformationContent,-0.7417153096069143,0.0
186,WienerIndex_div_PMI3,-0.528895023889794,0.0
186,SSSR_count_div_ZagrebIndex,1.6149806994744813,0.0
186,TPSA_div_Fused_ring_count,-0.16246009001734726,0.0
186,RotatableBonds_div_BertzCTIndex,-0.4347740487012296,0.0
186,Asphericity_div_Bridged_ring_count,0.7231209207692135,-0.18021119604585245
186,RotatableBonds_div_Chi4,-0.3878434105912988,0.0
186,HBD_div_Fused_ring_count,-0.24862821271541535,0.0
186,Min_EState_div_BalabanIndex,0.9349623543626264,0.0
186,Fused_ring_count_div_Min_EState,1.086000671064204,0.0
186,BertzCTIndex_div_Max_EState,0.04930448392403043,0.0
186,LogP_div_Chi4,-0.3903779518637557,0.0
186,FragmentComplexityScore_div_TotalPathCount,-0.26353531892591453,0.0
186,FractionCSP3_div_Chi3,-0.41327135460548164,0.0
191,BalabanIndex_div_PathComplexityIndex,-0.7312160057054631,0.0
191,RingCount_div_PMI_Ratio1,0.3269237642405533,0.0
191,Max_EState_div_BalabanIndex,1.5158133827663243,-0.18444902392274085
191,BalabanIndex_div_ZagrebIndex,-0.8800726629517526,0.0
191,Largest_ring_size_div_BalabanIndex,1.195824598019975,-0.14499231092402623
191,TotalPathCount_div_Largest_ring_size,0.8304917369888394,0.0
191,SSSR_count_div_AtomInformationContent,1.455944945454181,-0.14639449082126932
191,Fused_ring_count_div_PMI_Ratio1,0.6743792875345406,0.0
191,PMI2_div_Largest_ring_size,0.008466505765435664,0.0
191,SSSR_count_div_SpherocityIndex,-0.05111045904700191,0.0
191,SSSR_count_div_partial_charge_max,1.651469678973364,-0.11611300465372797
191,BalabanIndex_div_partial_charge_max,-0.6299325851516817,0.0
191,RingCount_div_FractionCSP3,1.2328890753094397,0.0
191,ZagrebIndex_div_Chi0,1.0851093351351837,-0.10452437006906791
191,TPSA_div_BalabanIndex,1.0205510961154192,0.0
191,MolarRefractivity_div_TotalPathCount,-0.7085637246818133,0.0
191,GraphDistanceDistributionEntropy_div_TotalPathCount,-1.2132429275958958,0.0
191,PMI2_div_Fused_ring_count,-0.12521740211733648,0.0
191,SSSR_count_div_BondInformationContent,0.21998410794963613,0.0
191,Fused_ring_count_div_FragmentComplexityScore,2.6180266013920597,0.0
191,AtomInformationContent_div_BalabanIndex,1.0765011664565105,0.0
191,TotalPathCount_div_RadiusOfGyration,2.3071723818949708,0.0
191,GraphDistanceDistributionEntropy_div_BertzCTIndex,-1.0344142662890394,0.0
191,Fused_ring_count_div_InertialShapeFactor,1.4988594609109767,0.0
191,StereocenterCount_div_BalabanIndex,0.31553096689515886,0.0
191,BalabanIndex_div_Asphericity,-0.13527067497268108,0.0
191,RadiusOfGyration_div_Largest_ring_size,-0.16818108725391837,0.0
191,ZagrebIndex_div_CovalentRadiusSum,0.9348050699140592,0.0
191,MolarRefractivity_div_BertzCTIndex,-0.9944836061117752,0.0
191,PMI1_div_Largest_ring_size,0.5807034466342137,0.0
191,BalabanIndex_div_HBA,-0.7817575740564349,0.0
191,RingCount_div_Fused_ring_count,0.24158314177915158,0.0
191,Fused_ring_count_div_FractionCSP3,1.7014269009341652,0.0
191,Largest_ring_size_div_PMI_Ratio1,-0.10439407422573503,0.0
191,Chi4_div_FractionCSP3,1.6922301923147678,0.0
191,PMI1_div_WienerIndex,-0.4661832569710273,0.0
191,SSSR_count_div_DoubleBondCount,1.1171115615975893,-0.1388906388548145
191,RingCount_div_SSSR_count,0.4191681070021959,0.0
191,Chi4_div_RadiusOfGyration,1.795837119691263,0.0
191,Fused_ring_count_div_Bridged_ring_count,0.6317929850256704,0.0
191,HBD_div_BalabanIndex,0.9351378808232756,-0.16518537633618655
191,BalabanIndex_div_TopologicalRadius,-0.7436735032295703,0.0
191,TopologicalDiameter_div_BertzCTIndex,-1.0697588354113603,0.0
191,HeteroatomCount_div_Largest_ring_size,0.2571629670948932,0.0
191,WienerIndex_div_RingCount,-0.01084531790463344,0.0
191,Chi2_div_Chi4,-0.8669957910670023,0.0
191,Chi4_div_Bridged_ring_count,0.06514554559649086,0.0
191,Fused_ring_count_div_BondInformationContent,0.4658333775083738,0.0
191,TotalPathCount_div_FractionCSP3,1.0511753732063362,0.0
191,StereocenterCount_div_PMI_Ratio1,-0.21053446913050922,0.0
191,partial_charge_max_div_BertzCTIndex,-0.7981531215585429,0.0
191,PMI1_div_Bridged_ring_count,0.22926478910872056,0.0
191,Fused_ring_count_div_DoubleBondCount,1.4365568716396016,0.0
191,SSSR_count_div_Min_EState,-0.017910293315712124,0.0
191,Asphericity_div_Largest_ring_size,-0.8051371885965996,0.0
191,PathComplexityIndex_div_Largest_ring_size,-0.2831865154833315,0.0
191,WienerIndex_div_RotatableBonds,1.5933626650326267,0.0
191,RingCount_div_RotatableBonds,0.952469683098359,-0.10780921593802262
191,Bridged_ring_count_div_Fused_ring_count,0.7211421597349512,0.0
191,RotatableBonds_div_WienerIndex,-0.6065263965144138,0.0
191,StereocenterCount_div_Fused_ring_count,-0.30638940615483234,0.0
191,BondInformationContent_div_BalabanIndex,1.5325005792302298,-0.14329466293083568
191,Avg_EState_div_PathComplexityIndex,-0.8485571477954051,0.0
191,RingCount_div_Asphericity,1.551013916275258,0.0
191,PMI_Ratio1_div_BertzCTIndex,-0.4918929895232176,0.0
191,Max_EState_div_Largest_ring_size,-0.12013354786901388,0.0
191,BalabanIndex_div_BondInformationContent,-0.7101150507769569,0.0
191,WienerIndex_div_PMI3,1.9826147866787964,0.0
191,SSSR_count_div_ZagrebIndex,0.7572720413213352,-0.1524212040489029
191,TPSA_div_Fused_ring_count,-0.08429810007145595,0.0
191,RotatableBonds_div_BertzCTIndex,-0.6344912632292912,0.0
191,Asphericity_div_Bridged_ring_count,-0.6906930475765035,0.0
191,RotatableBonds_div_Chi4,-0.7518506924606118,0.0
191,HBD_div_Fused_ring_count,0.00792989343275153,0.0
191,Min_EState_div_BalabanIndex,-0.6315069859602628,0.0
191,Fused_ring_count_div_Min_EState,-0.017572329503614148,0.0
191,BertzCTIndex_div_Max_EState,2.0826107047010827,0.0
191,LogP_div_Chi4,-0.3124910980187685,0.0
191,FragmentComplexityScore_div_TotalPathCount,-0.9333385448948107,0.0
191,FractionCSP3_div_Chi3,-0.7638767895839895,0.0
198,BalabanIndex_div_PathComplexityIndex,-0.2566615867887062,0.0
198,RingCount_div_PMI_Ratio1,-0.4189487916405165,0.03303676097661872
198,Max_EState_div_BalabanIndex,-0.07975199516340567,0.0
198,BalabanIndex_div_ZagrebIndex,-0.09242412758120352,0.0
198,Largest_ring_size_div_BalabanIndex,-0.20891349455266336,0.0
198,TotalPathCount_div_Largest_ring_size,-0.17506797293702941,0.0
198,SSSR_count_div_AtomInformationContent,-0.42380345610789527,0.0
198,Fused_ring_count_div_PMI_Ratio1,-0.39260990813558755,0.03099749764275767
198,PMI2_div_Largest_ring_size,-0.2627239917259919,0.0
198,SSSR_count_div_SpherocityIndex,-0.051110588382180334,0.0
198,SSSR_count_div_partial_charge_max,-0.4422911863518005,0.02969974362008666
198,BalabanIndex_div_partial_charge_max,-0.36817854959583246,0.0
198,RingCount_div_FractionCSP3,-0.3392761605703307,0.036872831202678785
198,ZagrebIndex_div_Chi0,-0.16634192129845407,0.0
198,TPSA_div_BalabanIndex,-0.33849679808269173,0.03100451281316411
198,MolarRefractivity_div_TotalPathCount,0.13179211657427703,0.0
198,GraphDistanceDistributionEntropy_div_TotalPathCount,0.22706567534490604,0.0
198,PMI2_div_Fused_ring_count,-0.037528990538712614,0.0
198,SSSR_count_div_BondInformationContent,-0.3728063331730547,0.0
198,Fused_ring_count_div_FragmentComplexityScore,-0.29893477271205665,0.0
198,AtomInformationContent_div_BalabanIndex,0.20918955979251663,0.03415680616101237
198,TotalPathCount_div_RadiusOfGyration,-0.346517219392686,0.0
198,GraphDistanceDistributionEntropy_div_BertzCTIndex,-0.034979606614707864,0.0
198,Fused_ring_count_div_InertialShapeFactor,-0.18854832945573438,0.0
198,StereocenterCount_div_BalabanIndex,-0.47891205160193634,0.029152207178516076
198,BalabanIndex_div_Asphericity,-0.11267866214905416,0.0
198,RadiusOfGyration_div_Largest_ring_size,0.18679852242976094,0.0
198,ZagrebIndex_div_CovalentRadiusSum,-0.243149699577528,0.0
198,MolarRefractivity_div_BertzCTIndex,-0.15509029538260843,0.0
198,PMI1_div_Largest_ring_size,-0.14739839362152596,0.0
198,BalabanIndex_div_HBA,0.2758854757269838,0.0
198,RingCount_div_Fused_ring_count,0.7818382836438047,0.0
198,Fused_ring_count_div_FractionCSP3,-0.3145135451053254,0.0
198,Largest_ring_size_div_PMI_Ratio1,-0.2330452051939222,0.0
198,Chi4_div_FractionCSP3,-0.5018678767694837,0.0
198,PMI1_div_WienerIndex,0.20702714132714561,0.0
198,SSSR_count_div_DoubleBondCount,-0.3421644262175474,0.0
198,RingCount_div_SSSR_count,0.4191681070021959,0.0
198,Chi4_div_RadiusOfGyration,-0.2938333352839531,0.0
198,Fused_ring_count_div_Bridged_ring_count,0.6317929850256704,0.0
198,HBD_div_BalabanIndex,-0.29953927658085255,0.0
198,BalabanIndex_div_TopologicalRadius,0.19490663239283182,0.0
198,TopologicalDiameter_div_BertzCTIndex,-0.3419807488652914,0.0
198,HeteroatomCount_div_Largest_ring_size,-0.11316896091293838,0.0
198,WienerIndex_div_RingCount,-0.15594070227289644,0.0
198,Chi2_div_Chi4,0.018452173232394332,0.0
198,Chi4_div_Bridged_ring_count,0.7777720363483352,0.0
198,Fused_ring_count_div_BondInformationContent,-0.41312935938324563,0.0
198,TotalPathCount_div_FractionCSP3,-0.43761823384978216,0.0
198,StereocenterCount_div_PMI_Ratio1,-0.4085273025687744,0.0
198,partial_charge_max_div_BertzCTIndex,0.1300169512919962,0.0
198,PMI1_div_Bridged_ring_count,0.19778314766830843,0.0
198,Fused_ring_count_div_DoubleBondCount,-0.325476404446897,0.0
198,SSSR_count_div_Min_EState,-0.007543414877403688,0.0
198,Asphericity_div_Largest_ring_size,-0.025704508526195952,0.02796547332936905
198,PathComplexityIndex_div_Largest_ring_size,0.2497183251397235,0.0
198,WienerIndex_div_RotatableBonds,-0.35084412392188674,0.024435899807096147
198,RingCount_div_RotatableBonds,-0.2763965739501285,0.0
198,Bridged_ring_count_div_Fused_ring_count,0.7211421597349512,0.0
198,RotatableBonds_div_WienerIndex,0.054537096439076414,0.0
198,StereocenterCount_div_Fused_ring_count,-0.19106106812215634,0.0
198,BondInformationContent_div_BalabanIndex,0.5259105834820155,0.0
198,Avg_EState_div_PathComplexityIndex,0.012303068567026636,0.0
198,RingCount_div_Asphericity,-0.20250408970471492,0.0
198,PMI_Ratio1_div_BertzCTIndex,0.07703717741916642,0.0
198,Max_EState_div_Largest_ring_size,0.6112140413390934,0.0
198,BalabanIndex_div_BondInformationContent,-0.5847310761217994,0.0
198,WienerIndex_div_PMI3,-0.1494073907688302,0.0
198,SSSR_count_div_ZagrebIndex,0.12313040289991946,0.0
198,TPSA_div_Fused_ring_count,0.4301248645944543,0.0
198,RotatableBonds_div_BertzCTIndex,-0.34190214948384007,0.0
198,Asphericity_div_Bridged_ring_count,0.8624671186293213,0.0
198,RotatableBonds_div_Chi4,-0.3660275872080399,0.0
198,HBD_div_Fused_ring_count,0.2644879995809185,0.0
198,Min_EState_div_BalabanIndex,0.3418338845809453,0.026607832247883975
198,Fused_ring_count_div_Min_EState,-0.0057028413691227265,0.0
198,BertzCTIndex_div_Max_EState,-0.5437672781639343,0.0
198,LogP_div_Chi4,-0.04694951045299344,0.0
198,FragmentComplexityScore_div_TotalPathCount,0.19805927961570935,0.0
198,FractionCSP3_div_Chi3,0.19764416481798555,0.0
220,BalabanIndex_div_PathComplexityIndex,-0.6886209726235759,-0.13013976608114186
220,RingCount_div_PMI_Ratio1,0.9810629033756214,0.0
220,Max_EState_div_BalabanIndex,0.6606828307773374,0.0
220,BalabanIndex_div_ZagrebIndex,-0.8542976389296639,0.0
220,Largest_ring_size_div_BalabanIndex,0.21760716288895937,0.0
220,TotalPathCount_div_Largest_ring_size,2.0294283142081446,0.0
220,SSSR_count_div_AtomInformationContent,0.6605579004787748,0.0
220,Fused_ring_count_div_PMI_Ratio1,0.6582499254861336,0.0
220,PMI2_div_Largest_ring_size,1.0374495045327083,0.0
220,SSSR_count_div_SpherocityIndex,-0.05111045817691804,0.0
220,SSSR_count_div_partial_charge_max,1.1754973917421636,0.0
220,BalabanIndex_div_partial_charge_max,-0.4103969238708589,0.0
220,RingCount_div_FractionCSP3,-0.14220067645666107,0.0
220,ZagrebIndex_div_Chi0,0.3656831824047868,0.0
220,TPSA_div_BalabanIndex,1.4717154511589583,-0.15580732495413285
220,MolarRefractivity_div_TotalPathCount,-0.727888831063515,0.0
220,GraphDistanceDistributionEntropy_div_TotalPathCount,-1.017655412328126,0.0
220,PMI2_div_Fused_ring_count,1.2432530661773922,0.0
220,SSSR_count_div_BondInformationContent,5.113336205240373,0.0
220,Fused_ring_count_div_FragmentComplexityScore,0.43030557081397247,0.0
220,AtomInformationContent_div_BalabanIndex,0.7822940674348421,0.0
220,TotalPathCount_div_RadiusOfGyration,1.155320421915389,0.0
220,GraphDistanceDistributionEntropy_div_BertzCTIndex,-0.6093576762828157,0.0
220,Fused_ring_count_div_InertialShapeFactor,0.12333234480618144,0.0
220,StereocenterCount_div_BalabanIndex,2.3670834031083405,-0.10726379698458592
220,BalabanIndex_div_Asphericity,-0.3747110582704004,0.0
220,RadiusOfGyration_div_Largest_ring_size,1.2975207632419652,-0.11765830114029464
220,ZagrebIndex_div_CovalentRadiusSum,0.11269781739692374,0.0
220,MolarRefractivity_div_BertzCTIndex,-0.18351125064361531,0.0
220,PMI1_div_Largest_ring_size,0.6671004137666583,0.0
220,BalabanIndex_div_HBA,-0.8166496572711986,0.0
220,RingCount_div_Fused_ring_count,1.1194977473092131,0.0
220,Fused_ring_count_div_FractionCSP3,-0.22298566029091224,0.0
220,Largest_ring_size_div_PMI_Ratio1,0.15749429606142837,0.0
220,Chi4_div_FractionCSP3,0.3542644846696488,0.0
220,PMI1_div_WienerIndex,-1.021507888124783,-0.13606279438965838
220,SSSR_count_div_DoubleBondCount,2.941206546366511,0.0
220,RingCount_div_SSSR_count,0.4191681070021959,-0.12315131957399206
220,Chi4_div_RadiusOfGyration,1.3892083411726646,0.0
220,Fused_ring_count_div_Bridged_ring_count,0.6317929850256704,0.0
220,HBD_div_BalabanIndex,1.9457867129205164,0.0
220,BalabanIndex_div_TopologicalRadius,-0.9137036360273065,0.0
220,TopologicalDiameter_div_BertzCTIndex,-0.42334568155389474,-0.1505810287012896
220,HeteroatomCount_div_Largest_ring_size,1.73849067912622,0.0
220,WienerIndex_div_RingCount,0.22554213844653187,0.0
220,Chi2_div_Chi4,-0.8138803817880615,0.0
220,Chi4_div_Bridged_ring_count,2.1735563148773243,0.0
220,Fused_ring_count_div_BondInformationContent,4.201674355602726,0.0
220,TotalPathCount_div_FractionCSP3,-0.03301178357269181,0.0
220,StereocenterCount_div_PMI_Ratio1,1.8307048469269913,-0.15690966076881166
220,partial_charge_max_div_BertzCTIndex,-0.6867919729967867,0.0
220,PMI1_div_Bridged_ring_count,0.6780438360199738,0.0
220,Fused_ring_count_div_DoubleBondCount,1.8770651906612261,0.0
220,SSSR_count_div_Min_EState,-0.006990966912290004,0.0
220,Asphericity_div_Largest_ring_size,0.9962644677205891,0.0
220,PathComplexityIndex_div_Largest_ring_size,0.69796901139297,0.0
220,WienerIndex_div_RotatableBonds,0.4065428022735542,0.0
220,RingCount_div_RotatableBonds,-0.3236606607596857,0.0
220,Bridged_ring_count_div_Fused_ring_count,0.7211421597349512,0.0
220,RotatableBonds_div_WienerIndex,-0.5000449421149404,0.0
220,StereocenterCount_div_Fused_ring_count,2.9804682277764347,-0.15153676194871699
220,BondInformationContent_div_BalabanIndex,-1.197832734565539,0.0
220,Avg_EState_div_PathComplexityIndex,-0.369848804288265,0.0
220,RingCount_div_Asphericity,-0.06637046237241744,0.0
220,PMI_Ratio1_div_BertzCTIndex,-0.5690422817387348,0.0
220,Max_EState_div_Largest_ring_size,0.45040897120462037,0.0
220,BalabanIndex_div_BondInformationContent,1.8488222038613344,0.0
220,WienerIndex_div_PMI3,0.9218459841260528,0.0
220,SSSR_count_div_ZagrebIndex,-0.06475175994752173,0.0
220,TPSA_div_Fused_ring_count,1.3923724170303813,0.0
220,RotatableBonds_div_BertzCTIndex,-0.2596856950464194,0.0
220,Asphericity_div_Bridged_ring_count,0.6438234099626647,0.0
220,RotatableBonds_div_Chi4,-0.5041716972240013,0.0
220,HBD_div_Fused_ring_count,1.9748753739020315,0.0
220,Min_EState_div_BalabanIndex,-1.159462422060517,-0.15531892180712778
220,Fused_ring_count_div_Min_EState,-0.004441425139803273,0.0
220,BertzCTIndex_div_Max_EState,0.9760656635538253,0.0
220,LogP_div_Chi4,-0.8996387821568832,0.0
220,FragmentComplexityScore_div_TotalPathCount,-0.8897459795683366,0.0
220,FractionCSP3_div_Chi3,-0.4748564812087384,0.0
223,BalabanIndex_div_PathComplexityIndex,-0.621855070762732,0.0
223,RingCount_div_PMI_Ratio1,0.21613495575692454,-0.13197206789419874
223,Max_EState_div_BalabanIndex,0.9795846933929504,-0.15718437886789266
223,BalabanIndex_div_ZagrebIndex,-0.5449662282919177,-0.14551031957405627
223,Largest_ring_size_div_BalabanIndex,0.42114820413616866,0.0
223,TotalPathCount_div_Largest_ring_size,-0.04799174585848558,0.0
223,SSSR_count_div_AtomInformationContent,0.30219851138016884,0.0
223,Fused_ring_count_div_PMI_Ratio1,0.09630062501495545,0.0
223,PMI2_div_Largest_ring_size,-0.10843546433296745,0.0
223,SSSR_count_div_SpherocityIndex,-0.05111053503014658,0.0
223,SSSR_count_div_partial_charge_max,0.5916366622143671,0.0
223,BalabanIndex_div_partial_charge_max,-0.3536107878018549,0.0
223,RingCount_div_FractionCSP3,0.5878400391355847,0.0
223,ZagrebIndex_div_Chi0,0.5160185581633534,-0.1292847410356023
223,TPSA_div_BalabanIndex,-0.4502374107225801,0.0
223,MolarRefractivity_div_TotalPathCount,-0.1564323452708413,0.0
223,GraphDistanceDistributionEntropy_div_TotalPathCount,-0.05033056443732105,-0.11808353933525331
223,PMI2_div_Fused_ring_count,0.14106644259425596,0.0
223,SSSR_count_div_BondInformationContent,-0.22243214150384566,0.0
223,Fused_ring_count_div_FragmentComplexityScore,0.06568539905095791,0.0
223,AtomInformationContent_div_BalabanIndex,0.4827452537286996,0.0
223,TotalPathCount_div_RadiusOfGyration,-0.3060450419200009,0.0
223,GraphDistanceDistributionEntropy_div_BertzCTIndex,-0.35362435788599145,0.0
223,Fused_ring_count_div_InertialShapeFactor,-0.15315752040997532,0.0
223,StereocenterCount_div_BalabanIndex,-0.4099296163838051,0.0
223,BalabanIndex_div_Asphericity,-0.3465995011897866,0.0
223,RadiusOfGyration_div_Largest_ring_size,0.3349454342539976,0.0
223,ZagrebIndex_div_CovalentRadiusSum,0.3370842614165213,0.0
223,MolarRefractivity_div_BertzCTIndex,-0.5600932543754403,0.0
223,PMI1_div_Largest_ring_size,-0.14487176048963454,0.0
223,BalabanIndex_div_HBA,-0.3128518412025587,0.0
223,RingCount_div_Fused_ring_count,1.006944592754077,-0.12555433752330777
223,Fused_ring_count_div_FractionCSP3,0.37530678451290717,0.0
223,Largest_ring_size_div_PMI_Ratio1,0.10733027081760839,0.0
223,Chi4_div_FractionCSP3,0.3362695441652906,0.0
223,PMI1_div_WienerIndex,-0.3743065763625266,0.0
223,SSSR_count_div_DoubleBondCount,1.846749555505158,0.0
223,RingCount_div_SSSR_count,0.4191681070021959,0.0
223,Chi4_div_RadiusOfGyration,-0.4419624538753347,0.0
223,Fused_ring_count_div_Bridged_ring_count,0.6317929850256704,0.0
223,HBD_div_BalabanIndex,-0.5897772847378491,0.0
223,BalabanIndex_div_TopologicalRadius,-0.7088658331453805,-0.185053480472537
223,TopologicalDiameter_div_BertzCTIndex,-0.3140609006319639,0.0
223,HeteroatomCount_div_Largest_ring_size,-0.37769176663281817,0.0
223,WienerIndex_div_RingCount,-0.1532678925608495,0.0
223,Chi2_div_Chi4,-0.2498581058070655,0.0
223,Chi4_div_Bridged_ring_count,0.3155318675053851,0.0
223,Fused_ring_count_div_BondInformationContent,-0.3014757355651652,0.0
223,TotalPathCount_div_FractionCSP3,0.30225429572044427,0.0
223,StereocenterCount_div_PMI_Ratio1,-0.3566238255215667,0.0
223,partial_charge_max_div_BertzCTIndex,-0.5228786823507884,0.0
223,PMI1_div_Bridged_ring_count,0.04823345086690152,0.0
223,Fused_ring_count_div_DoubleBondCount,1.2163027121287893,0.0
223,SSSR_count_div_Min_EState,-0.416719942695043,0.0
223,Asphericity_div_Largest_ring_size,0.392503890561621,0.0
223,PathComplexityIndex_div_Largest_ring_size,0.11459969722606518,0.0
223,WienerIndex_div_RotatableBonds,-0.23675090770320975,0.0
223,RingCount_div_RotatableBonds,-0.0971869114638907,0.0
223,Bridged_ring_count_div_Fused_ring_count,0.7211421597349512,0.0
223,RotatableBonds_div_WienerIndex,-0.16838560479542994,0.0
223,StereocenterCount_div_Fused_ring_count,-0.3832749648432831,0.0
223,BondInformationContent_div_BalabanIndex,1.3785666817296411,-0.17728762614069812
223,Avg_EState_div_PathComplexityIndex,-0.7237753520944922,0.0
223,RingCount_div_Asphericity,-0.1649206716583044,0.0
223,PMI_Ratio1_div_BertzCTIndex,-0.4009592744791987,0.0
223,Max_EState_div_Largest_ring_size,0.37871543611334035,0.0
223,BalabanIndex_div_BondInformationContent,-0.6966961031497853,-0.15945755556138053
223,WienerIndex_div_PMI3,-0.3055887603467243,0.0
223,SSSR_count_div_ZagrebIndex,0.7993654534481874,-0.11941209681631682
223,TPSA_div_Fused_ring_count,-0.3445128698301342,0.0
223,RotatableBonds_div_BertzCTIndex,-0.4132551942150614,0.0
223,Asphericity_div_Bridged_ring_count,0.896893823658612,0.0
223,RotatableBonds_div_Chi4,-0.33722580521396867,0.0
223,HBD_div_Fused_ring_count,-0.5907056875796379,0.0
223,Min_EState_div_BalabanIndex,0.886987156849788,0.0
223,Fused_ring_count_div_Min_EState,-0.2516223673536335,0.0
223,BertzCTIndex_div_Max_EState,-0.09719059771926317,0.0
223,LogP_div_Chi4,0.13098869312451814,0.0
223,FragmentComplexityScore_div_TotalPathCount,-0.17980991567978685,0.0
223,FractionCSP3_div_Chi3,-0.5210998199765098,0.0
228,BalabanIndex_div_PathComplexityIndex,-0.7636822557983506,-0.20526334795106796
228,RingCount_div_PMI_Ratio1,1.7239254485257787,-0.1885565934980612
228,Max_EState_div_BalabanIndex,1.517573145921006,-0.20706186829497217
228,BalabanIndex_div_ZagrebIndex,-0.8837339922415482,0.0
228,Largest_ring_size_div_BalabanIndex,0.34816112285952033,0.0
228,TotalPathCount_div_Largest_ring_size,2.1454544345842064,0.0
228,SSSR_count_div_AtomInformationContent,0.8950566541789565,-0.19883287987608006
228,Fused_ring_count_div_PMI_Ratio1,1.4308970821971143,-0.22986731681026382
228,PMI2_div_Largest_ring_size,1.080211049875181,0.0
228,SSSR_count_div_SpherocityIndex,-0.051110355961630216,0.0
228,SSSR_count_div_partial_charge_max,0.8492225959720361,0.0
228,BalabanIndex_div_partial_charge_max,-0.6773540889217763,0.0
228,RingCount_div_FractionCSP3,-0.014808352903610843,0.0
228,ZagrebIndex_div_Chi0,0.6887409413450135,0.0
228,TPSA_div_BalabanIndex,1.6338258874065668,0.0
228,MolarRefractivity_div_TotalPathCount,-0.9024515242284984,0.0
228,GraphDistanceDistributionEntropy_div_TotalPathCount,-1.0559261470457224,0.0
228,PMI2_div_Fused_ring_count,0.9376316762777178,0.0
228,SSSR_count_div_BondInformationContent,2.1611215649911175,-0.19771722754965904
228,Fused_ring_count_div_FragmentComplexityScore,0.794925742576987,0.0
228,AtomInformationContent_div_BalabanIndex,1.055717743837382,0.0
228,TotalPathCount_div_RadiusOfGyration,1.225888148595316,0.0
228,GraphDistanceDistributionEntropy_div_BertzCTIndex,-0.6827020471377326,0.0
228,Fused_ring_count_div_InertialShapeFactor,0.12795690074860414,0.0
228,StereocenterCount_div_BalabanIndex,2.4018475256756,0.0
228,BalabanIndex_div_Asphericity,-0.40472051102400036,0.0
228,RadiusOfGyration_div_Largest_ring_size,1.3372253644113108,0.0
228,ZagrebIndex_div_CovalentRadiusSum,0.5069395460319956,0.0
228,MolarRefractivity_div_BertzCTIndex,-0.4264207603115211,0.0
228,PMI1_div_Largest_ring_size,0.45987808012585507,0.0
228,BalabanIndex_div_HBA,-0.8214234869239457,0.0
228,RingCount_div_Fused_ring_count,0.9169020691099682,0.0
228,Fused_ring_count_div_FractionCSP3,-0.07325621450809072,0.0
228,Largest_ring_size_div_PMI_Ratio1,0.34800946207058026,0.0
228,Chi4_div_FractionCSP3,0.4075797378987872,0.0
228,PMI1_div_WienerIndex,-1.1094418947458615,0.0
228,SSSR_count_div_DoubleBondCount,0.5698830661669131,0.0
228,RingCount_div_SSSR_count,0.4191681070021959,0.0
228,Chi4_div_RadiusOfGyration,1.3016031014162626,0.0
228,Fused_ring_count_div_Bridged_ring_count,0.6317929850256704,0.0
228,HBD_div_BalabanIndex,1.7257573313252021,0.0
228,BalabanIndex_div_TopologicalRadius,-0.9644250841759071,-0.23622188228851357
228,TopologicalDiameter_div_BertzCTIndex,-0.513144787979383,0.0
228,HeteroatomCount_div_Largest_ring_size,1.73849067912622,0.0
228,WienerIndex_div_RingCount,0.14132259865622132,-0.22940124728736336
228,Chi2_div_Chi4,-0.7691160719672617,0.0
228,Chi4_div_Bridged_ring_count,1.4703131871034043,0.0
228,Fused_ring_count_div_BondInformationContent,1.9203060083982124,0.0
228,TotalPathCount_div_FractionCSP3,0.045505579281163076,0.0
228,StereocenterCount_div_PMI_Ratio1,2.1613257503009726,-0.1978640120317534
228,partial_charge_max_div_BertzCTIndex,-0.5977690709575237,0.0
228,PMI1_div_Bridged_ring_count,0.27575076076154165,0.0
228,Fused_ring_count_div_DoubleBondCount,0.33528607408554,0.0
228,SSSR_count_div_Min_EState,-0.007667072798690436,0.0
228,Asphericity_div_Largest_ring_size,1.2592911858243017,0.0
228,PathComplexityIndex_div_Largest_ring_size,0.8300850031307688,0.0
228,WienerIndex_div_RotatableBonds,0.7899553460188452,0.0
228,RingCount_div_RotatableBonds,-0.054517944205262736,0.0
228,Bridged_ring_count_div_Fused_ring_count,0.7211421597349512,0.0
228,RotatableBonds_div_WienerIndex,-0.5540136820649711,-0.18559764093818287
228,StereocenterCount_div_Fused_ring_count,2.000177354498688,0.0
228,BondInformationContent_div_BalabanIndex,-0.7768427918513775,0.0
228,Avg_EState_div_PathComplexityIndex,-0.47485166733728607,0.0
228,RingCount_div_Asphericity,-0.05052543030402122,0.0
228,PMI_Ratio1_div_BertzCTIndex,-0.6216714372631169,0.0
228,Max_EState_div_Largest_ring_size,0.9155661796134654,0.0
228,BalabanIndex_div_BondInformationContent,0.12446135747913138,0.0
228,WienerIndex_div_PMI3,0.715251872731293,0.0
228,SSSR_count_div_ZagrebIndex,0.14356670833244428,0.0
228,TPSA_div_Fused_ring_count,0.9283645097561489,0.0
228,RotatableBonds_div_BertzCTIndex,-0.4343031624238876,0.0
228,Asphericity_div_Bridged_ring_count,0.46713348242627245,0.0
228,RotatableBonds_div_Chi4,-0.6312106103285751,0.0
228,HBD_div_Fused_ring_count,1.119681686741475,0.0
228,Min_EState_div_BalabanIndex,-1.508129803009097,0.0
228,Fused_ring_count_div_Min_EState,-0.005367312824372283,0.0
228,BertzCTIndex_div_Max_EState,0.7443310261531055,0.0
228,LogP_div_Chi4,-0.8471944878847092,0.0
228,FragmentComplexityScore_div_TotalPathCount,-0.909249717587243,0.0
228,FractionCSP3_div_Chi3,-0.508829888903413,0.0
237,BalabanIndex_div_PathComplexityIndex,-0.5311243548124416,0.0
237,RingCount_div_PMI_Ratio1,0.003897476352894793,0.0
237,Max_EState_div_BalabanIndex,0.03307409861232682,0.0
237,BalabanIndex_div_ZagrebIndex,-0.40572376865901255,0.0
237,Largest_ring_size_div_BalabanIndex,-0.08417495824283566,0.0
237,TotalPathCount_div_Largest_ring_size,0.2890365085672178,0.0
237,SSSR_count_div_AtomInformationContent,0.7929075649057795,0.0
237,Fused_ring_count_div_PMI_Ratio1,0.3721545690365346,0.0
237,PMI2_div_Largest_ring_size,-0.14260726469687962,0.0
237,SSSR_count_div_SpherocityIndex,-0.051110579048757585,0.0
237,SSSR_count_div_partial_charge_max,0.26779974956637115,0.0
237,BalabanIndex_div_partial_charge_max,-0.08914877642028006,0.0
237,RingCount_div_FractionCSP3,-0.40834354467022765,0.0
237,ZagrebIndex_div_Chi0,0.4591051323014951,0.0
237,TPSA_div_BalabanIndex,-0.4064424657617237,0.0
237,MolarRefractivity_div_TotalPathCount,-0.3488144334772368,0.0
237,GraphDistanceDistributionEntropy_div_TotalPathCount,-0.27300739664523,0.0
237,PMI2_div_Fused_ring_count,-0.12119240331234524,0.0
237,SSSR_count_div_BondInformationContent,1.2443393307678745,-0.10038904707462623
237,Fused_ring_count_div_FragmentComplexityScore,0.43030557081397247,0.0
237,AtomInformationContent_div_BalabanIndex,-0.7678801712098446,0.0
237,TotalPathCount_div_RadiusOfGyration,0.1713050745371305,-0.10431840985501858
237,GraphDistanceDistributionEntropy_div_BertzCTIndex,0.22601916061626326,0.0
237,Fused_ring_count_div_InertialShapeFactor,-0.1504606234580057,0.0
237,StereocenterCount_div_BalabanIndex,0.26191516145246707,0.0
237,BalabanIndex_div_Asphericity,-0.29328193459755186,0.0
237,RadiusOfGyration_div_Largest_ring_size,0.3721102539592395,0.0
237,ZagrebIndex_div_CovalentRadiusSum,-0.38639692114795987,0.0
237,MolarRefractivity_div_BertzCTIndex,0.49393129759968046,0.0
237,PMI1_div_Largest_ring_size,-0.17808416837352498,0.0
237,BalabanIndex_div_HBA,0.130704490879919,0.0
237,RingCount_div_Fused_ring_count,0.10651935631298814,0.0
237,Fused_ring_count_div_FractionCSP3,-0.20879395435923617,0.0
237,Largest_ring_size_div_PMI_Ratio1,-0.005111661241428144,0.0
237,Chi4_div_FractionCSP3,-0.2093928873717296,0.0
237,PMI1_div_WienerIndex,-0.47502084681804074,0.0
237,SSSR_count_div_DoubleBondCount,1.2995210600744818,-0.10612271475733095
237,RingCount_div_SSSR_count,0.4191681070021959,0.0
237,Chi4_div_RadiusOfGyration,1.1818483923287033,0.0
237,Fused_ring_count_div_Bridged_ring_count,0.6317929850256704,0.0
237,HBD_div_BalabanIndex,-0.0963578116662947,0.0
237,BalabanIndex_div_TopologicalRadius,-0.3762074661658405,0.0
237,TopologicalDiameter_div_BertzCTIndex,0.19401493049931903,0.0
237,HeteroatomCount_div_Largest_ring_size,-0.576083870922728,0.0
237,WienerIndex_div_RingCount,-0.1472627486623544,0.0
237,Chi2_div_Chi4,-1.0600821941748082,0.0
237,Chi4_div_Bridged_ring_count,0.9517952792717057,0.0
237,Fused_ring_count_div_BondInformationContent,2.094008422185773,0.0
237,TotalPathCount_div_FractionCSP3,-0.5021294023229559,0.0
237,StereocenterCount_div_PMI_Ratio1,0.21460282721513582,0.0
237,partial_charge_max_div_BertzCTIndex,-0.18985410874599468,0.0
237,PMI1_div_Bridged_ring_count,-0.1787768787487249,-0.09728624528855621
237,Fused_ring_count_div_DoubleBondCount,1.8770651906612261,-0.11093499816996832
237,SSSR_count_div_Min_EState,-0.008718497482905499,0.0
237,Asphericity_div_Largest_ring_size,0.6769602371571783,0.0
237,PathComplexityIndex_div_Largest_ring_size,0.7186121351020013,-0.10369998629638864
237,WienerIndex_div_RotatableBonds,-0.2985633789827605,0.0
237,RingCount_div_RotatableBonds,-0.22519381323977486,0.0
237,Bridged_ring_count_div_Fused_ring_count,0.7211421597349512,0.0
237,RotatableBonds_div_WienerIndex,-0.06711430495029694,0.0
237,StereocenterCount_div_Fused_ring_count,0.6739014671229139,0.0
237,BondInformationContent_div_BalabanIndex,-1.097477363801396,0.0
237,Avg_EState_div_PathComplexityIndex,-1.1573195445995288,0.0
237,RingCount_div_Asphericity,-0.25388162240996004,0.0
237,PMI_Ratio1_div_BertzCTIndex,-0.1702954462833637,0.0
237,Max_EState_div_Largest_ring_size,0.4358797672680131,0.0
237,BalabanIndex_div_BondInformationContent,1.0762518768917082,0.0
237,WienerIndex_div_PMI3,-0.11949389295997534,0.0
237,SSSR_count_div_ZagrebIndex,0.2298034257620136,0.0
237,TPSA_div_Fused_ring_count,-0.3109650015316499,-0.09180006621085164
237,RotatableBonds_div_BertzCTIndex,-0.21578897320747548,0.0
237,Asphericity_div_Bridged_ring_count,0.4297997219558549,0.0
237,RotatableBonds_div_Chi4,-0.6197830829246819,-0.08811190047250805
237,HBD_div_Fused_ring_count,0.05068957779077939,-0.0991213828930324
237,Min_EState_div_BalabanIndex,0.13939788741954923,0.0
237,Fused_ring_count_div_Min_EState,-0.010188292075470867,0.0
237,BertzCTIndex_div_Max_EState,-0.5710139424434137,-0.0992285160206151
237,LogP_div_Chi4,-0.16488742968419076,0.0
237,FragmentComplexityScore_div_TotalPathCount,-0.27061569129345553,0.0
237,FractionCSP3_div_Chi3,-0.09419098598597123,0.0
240,BalabanIndex_div_PathComplexityIndex,-0.7594743669488583,0.0
240,RingCount_div_PMI_Ratio1,0.960287932638013,-0.019133067763026146
240,Max_EState_div_BalabanIndex,1.453952391204732,-0.06815741549232665
240,BalabanIndex_div_ZagrebIndex,-0.9319587884953847,0.0
240,Largest_ring_size_div_BalabanIndex,0.42957734695061706,0.0
240,TotalPathCount_div_Largest_ring_size,2.6482342895471405,0.0
240,SSSR_count_div_AtomInformationContent,0.7803989706221707,0.0
240,Fused_ring_count_div_PMI_Ratio1,0.33116854168473847,0.0
240,PMI2_div_Largest_ring_size,1.5758649939364742,0.0
240,SSSR_count_div_SpherocityIndex,-0.051110497307392866,0.0
240,SSSR_count_div_partial_charge_max,-0.36775400179751694,0.0
240,BalabanIndex_div_partial_charge_max,-1.0680494893130754,0.0
240,RingCount_div_FractionCSP3,0.05759347283763091,0.0
240,ZagrebIndex_div_Chi0,0.4706045376266951,0.0
240,TPSA_div_BalabanIndex,2.8363551635508544,0.0
240,MolarRefractivity_div_TotalPathCount,-0.8643152469125309,0.0
240,GraphDistanceDistributionEntropy_div_TotalPathCount,-1.1557924424150483,0.0
240,PMI2_div_Fused_ring_count,1.8657981795787453,0.0
240,SSSR_count_div_BondInformationContent,2.2847360071740663,0.0
240,Fused_ring_count_div_FragmentComplexityScore,0.43030557081397247,0.0
240,AtomInformationContent_div_BalabanIndex,1.8126738217241145,-0.09873151749725378
240,TotalPathCount_div_RadiusOfGyration,1.5740654952009603,0.0
240,GraphDistanceDistributionEntropy_div_BertzCTIndex,-0.8174244999164205,0.0
240,Fused_ring_count_div_InertialShapeFactor,0.3712030236486368,0.0
240,StereocenterCount_div_BalabanIndex,3.7696628223850315,-0.05141925250012126
240,BalabanIndex_div_Asphericity,-0.3716913282140393,0.0
240,RadiusOfGyration_div_Largest_ring_size,1.459915436158322,-0.030684423036015315
240,ZagrebIndex_div_CovalentRadiusSum,0.5153115817164579,0.0
240,MolarRefractivity_div_BertzCTIndex,-0.5536728599625973,0.0
240,PMI1_div_Largest_ring_size,1.4902081828228981,0.0
240,BalabanIndex_div_HBA,-0.8732719051253013,0.0
240,RingCount_div_Fused_ring_count,1.7948166746400296,0.0
240,Fused_ring_count_div_FractionCSP3,-0.21416252732681088,0.0
240,Largest_ring_size_div_PMI_Ratio1,-0.028406594428342594,0.0
240,Chi4_div_FractionCSP3,0.3572980088925934,0.0
240,PMI1_div_WienerIndex,-0.9733673383194716,0.0
240,SSSR_count_div_DoubleBondCount,0.34187119307079805,0.0
240,RingCount_div_SSSR_count,0.4191681070021959,-0.03035796356500157
240,Chi4_div_RadiusOfGyration,1.1688357330203971,0.0
240,Fused_ring_count_div_Bridged_ring_count,0.6317929850256704,0.0
240,HBD_div_BalabanIndex,2.5846383972937366,0.0
240,BalabanIndex_div_TopologicalRadius,-1.0303887840030255,-0.03481480543499118
240,TopologicalDiameter_div_BertzCTIndex,-0.6753401666863363,0.0
240,HeteroatomCount_div_Largest_ring_size,3.2815403791588524,0.0
240,WienerIndex_div_RingCount,0.3451821922238716,0.0
240,Chi2_div_Chi4,-0.5865452432053588,0.0
240,Chi4_div_Bridged_ring_count,2.1200493932282702,0.0
240,Fused_ring_count_div_BondInformationContent,1.2638737485339449,0.0
240,TotalPathCount_div_FractionCSP3,0.15892705373590094,0.0
240,StereocenterCount_div_PMI_Ratio1,1.77418822629551,0.0
240,partial_charge_max_div_BertzCTIndex,0.04071064483458147,-0.0332083367013387
240,PMI1_div_Bridged_ring_count,1.5124837937728497,0.0
240,Fused_ring_count_div_DoubleBondCount,-0.10522224493608466,0.0
240,SSSR_count_div_Min_EState,-0.002352350223181362,0.0
240,Asphericity_div_Largest_ring_size,0.6408223008095264,0.0
240,PathComplexityIndex_div_Largest_ring_size,0.6645219248770714,-0.027991869838331348
240,WienerIndex_div_RotatableBonds,0.9000267234468824,0.0
240,RingCount_div_RotatableBonds,-0.24348051349347252,0.0
240,Bridged_ring_count_div_Fused_ring_count,0.7211421597349512,0.0
240,RotatableBonds_div_WienerIndex,-0.5644848700496027,0.0
240,StereocenterCount_div_Fused_ring_count,3.9895911855623503,0.0
240,BondInformationContent_div_BalabanIndex,-0.6840192901522333,0.0
240,Avg_EState_div_PathComplexityIndex,-0.009319583376182088,0.0
240,RingCount_div_Asphericity,0.21663124770260503,0.0
240,PMI_Ratio1_div_BertzCTIndex,-0.5782745427341419,0.0
240,Max_EState_div_Largest_ring_size,0.7203032809903318,0.0
240,BalabanIndex_div_BondInformationContent,-0.004652472402982027,0.0
240,WienerIndex_div_PMI3,1.602745288206998,0.0
240,SSSR_count_div_ZagrebIndex,0.053792938039557044,0.0
240,TPSA_div_Fused_ring_count,2.2358992523587005,0.0
240,RotatableBonds_div_BertzCTIndex,-0.3598113832594725,0.0
240,Asphericity_div_Bridged_ring_count,0.4055771352383767,0.0
240,RotatableBonds_div_Chi4,-0.4638767659554323,0.0
240,HBD_div_Fused_ring_count,2.1886737956921705,0.0
240,Min_EState_div_BalabanIndex,-5.2303322427695935,-0.16106504385585024
240,Fused_ring_count_div_Min_EState,-0.0011821195313918356,0.0
240,BertzCTIndex_div_Max_EState,1.5805979726573998,0.0
240,LogP_div_Chi4,-1.1495980710303908,0.0
240,FragmentComplexityScore_div_TotalPathCount,-0.980763423656602,0.0
240,FractionCSP3_div_Chi3,-0.4969311843034891,0.0
242,BalabanIndex_div_PathComplexityIndex,-0.48072742792880385,0.0
242,RingCount_div_PMI_Ratio1,0.2146615343730292,-0.10567771421279996
242,Max_EState_div_BalabanIndex,-0.08044658260815694,0.0
242,BalabanIndex_div_ZagrebIndex,-0.33291617439011945,0.0
242,Largest_ring_size_div_BalabanIndex,-0.13669059312988047,0.0
242,TotalPathCount_div_Largest_ring_size,0.2116857616498431,0.0
242,SSSR_count_div_AtomInformationContent,0.43595138908990755,0.0
242,Fused_ring_count_div_PMI_Ratio1,0.6626959667043921,-0.084129363693302
242,PMI2_div_Largest_ring_size,-0.12220289044272609,0.0
242,SSSR_count_div_SpherocityIndex,-0.05111059065596964,0.0
242,SSSR_count_div_partial_charge_max,0.15620669925980527,0.0
242,BalabanIndex_div_partial_charge_max,-0.12414856908196459,0.0
242,RingCount_div_FractionCSP3,-0.4345589021388016,0.0
242,ZagrebIndex_div_Chi0,0.42271149223540366,-0.09634834773310211
242,TPSA_div_BalabanIndex,-0.3119242143055354,0.0
242,MolarRefractivity_div_TotalPathCount,-0.38870629525722594,0.0
242,GraphDistanceDistributionEntropy_div_TotalPathCount,-0.25135857052781435,-0.07675220340688907
242,PMI2_div_Fused_ring_count,-0.09759976206422218,0.0
242,SSSR_count_div_BondInformationContent,-0.5961623172217534,0.0
242,Fused_ring_count_div_FragmentComplexityScore,0.43030557081397247,0.0
242,AtomInformationContent_div_BalabanIndex,-0.5770630122876808,0.0
242,TotalPathCount_div_RadiusOfGyration,0.02322892632710259,0.0
242,GraphDistanceDistributionEntropy_div_BertzCTIndex,0.3749263684276212,0.0
242,Fused_ring_count_div_InertialShapeFactor,-0.17860720139346334,0.0
242,StereocenterCount_div_BalabanIndex,0.3028497422226575,0.0
242,BalabanIndex_div_Asphericity,-0.31777766180250866,0.0
242,RadiusOfGyration_div_Largest_ring_size,0.3958490042100657,0.0
242,ZagrebIndex_div_CovalentRadiusSum,-0.42197109789605663,0.0
242,MolarRefractivity_div_BertzCTIndex,0.6630089298579515,0.0
242,PMI1_div_Largest_ring_size,-0.24461723970371874,0.0
242,BalabanIndex_div_HBA,-0.0988847623138628,0.0
242,RingCount_div_Fused_ring_count,0.10651935631298814,0.0
242,Fused_ring_count_div_FractionCSP3,-0.24315282135171515,0.0
242,Largest_ring_size_div_PMI_Ratio1,0.16002126048851525,0.0
242,Chi4_div_FractionCSP3,-0.2781858773043958,0.0
242,PMI1_div_WienerIndex,-0.5923218212756677,-0.09625646200813634
242,SSSR_count_div_DoubleBondCount,-0.8893929216482237,0.0
242,RingCount_div_SSSR_count,0.4191681070021959,0.0
242,Chi4_div_RadiusOfGyration,1.157626626125669,0.0
242,Fused_ring_count_div_Bridged_ring_count,0.6317929850256704,0.0
242,HBD_div_BalabanIndex,0.035522510010432946,0.0
242,BalabanIndex_div_TopologicalRadius,-0.31796996157558605,0.0
242,TopologicalDiameter_div_BertzCTIndex,0.2922657314896745,-0.0766891499290534
242,HeteroatomCount_div_Largest_ring_size,-0.4217789009194648,0.0
242,WienerIndex_div_RingCount,-0.16362069121822614,0.0
242,Chi2_div_Chi4,-1.1646645985862605,0.0
242,Chi4_div_Bridged_ring_count,0.9603299508180237,0.0
242,Fused_ring_count_div_BondInformationContent,-0.6338218010298348,0.0
242,TotalPathCount_div_FractionCSP3,-0.5554250567129587,0.0
242,StereocenterCount_div_PMI_Ratio1,0.4887319263928051,0.0
242,partial_charge_max_div_BertzCTIndex,0.013691787271271415,-0.08298755518890877
242,PMI1_div_Bridged_ring_count,-0.24622594838099393,0.0
242,Fused_ring_count_div_DoubleBondCount,-0.7659847234685216,0.0
242,SSSR_count_div_Min_EState,-0.013383526231953964,0.0
242,Asphericity_div_Largest_ring_size,1.0188424345189175,-0.07521775769616307
242,PathComplexityIndex_div_Largest_ring_size,0.6766599804675186,0.0
242,WienerIndex_div_RotatableBonds,-0.34025085961315515,0.0
242,RingCount_div_RotatableBonds,-0.22519381323977486,0.0
242,Bridged_ring_count_div_Fused_ring_count,0.7211421597349512,-0.09554836368595346
242,RotatableBonds_div_WienerIndex,0.02624495821362558,0.0
242,StereocenterCount_div_Fused_ring_count,0.8180618896637589,0.0
242,BondInformationContent_div_BalabanIndex,-1.462044407866439,0.0
242,Avg_EState_div_PathComplexityIndex,-0.9767881963856142,0.0
242,RingCount_div_Asphericity,-0.30598273154347877,0.0
242,PMI_Ratio1_div_BertzCTIndex,-0.2318503550860236,0.0
242,Max_EState_div_Largest_ring_size,0.4274436081132957,0.0
242,BalabanIndex_div_BondInformationContent,-0.9577408957621846,-0.0854930247613826
242,WienerIndex_div_PMI3,-0.3782744680428047,0.0
242,SSSR_count_div_ZagrebIndex,0.3239699562885593,0.0
242,TPSA_div_Fused_ring_count,-0.16584596182851286,0.0
242,RotatableBonds_div_BertzCTIndex,-0.14865710505051122,0.0
242,Asphericity_div_Bridged_ring_count,0.6589570012506564,0.0
242,RotatableBonds_div_Chi4,-0.6210353992182169,0.0
242,HBD_div_Fused_ring_count,0.2644879995809185,0.0
242,Min_EState_div_BalabanIndex,0.398190686315029,0.0
242,Fused_ring_count_div_Min_EState,-0.014873741076259802,0.0
242,BertzCTIndex_div_Max_EState,-0.6980105697434789,0.0
242,LogP_div_Chi4,-0.37112808219393606,0.0
242,FragmentComplexityScore_div_TotalPathCount,-0.21155502422765976,0.0
242,FractionCSP3_div_Chi3,0.05490961913652338,0.0
243,BalabanIndex_div_PathComplexityIndex,-0.284279538946585,0.0
243,RingCount_div_PMI_Ratio1,-0.42284789231515824,0.0
243,Max_EState_div_BalabanIndex,0.11833635989174042,0.0
243,BalabanIndex_div_ZagrebIndex,-0.5728019436429281,0.0
243,Largest_ring_size_div_BalabanIndex,1.4487652271538733,-0.09240563010535846
243,TotalPathCount_div_Largest_ring_size,-0.5481715757149538,0.0
243,SSSR_count_div_AtomInformationContent,-0.5021463886493722,0.0
243,Fused_ring_count_div_PMI_Ratio1,-0.2161202868653986,0.0
243,PMI2_div_Largest_ring_size,-0.2602150359791663,0.0
243,SSSR_count_div_SpherocityIndex,-0.05111062507406202,0.0
243,SSSR_count_div_partial_charge_max,0.0953349161164098,0.0
243,BalabanIndex_div_partial_charge_max,-0.06693172953597784,0.0
243,RingCount_div_FractionCSP3,-0.28709751637807285,0.0
243,ZagrebIndex_div_Chi0,-0.1549871060074419,0.0
243,TPSA_div_BalabanIndex,0.3217930010224421,0.0
243,MolarRefractivity_div_TotalPathCount,0.009606537777630061,0.0
243,GraphDistanceDistributionEntropy_div_TotalPathCount,-0.7255000179620076,0.0
243,PMI2_div_Fused_ring_count,0.15614787383135026,0.0
243,SSSR_count_div_BondInformationContent,-0.020412850405713515,0.0
243,Fused_ring_count_div_FragmentComplexityScore,0.43030557081397247,0.0
243,AtomInformationContent_div_BalabanIndex,1.2075255420021485,0.0
243,TotalPathCount_div_RadiusOfGyration,1.1307875317424367,0.0
243,GraphDistanceDistributionEntropy_div_BertzCTIndex,-0.5375599449381422,-0.022653465536842166
243,Fused_ring_count_div_InertialShapeFactor,0.08089594814066259,0.0
243,StereocenterCount_div_BalabanIndex,-0.016350116402245235,0.0
243,BalabanIndex_div_Asphericity,0.12471356691631115,0.0
243,RadiusOfGyration_div_Largest_ring_size,-0.8680543530888475,-0.014035573298415815
243,ZagrebIndex_div_CovalentRadiusSum,-0.02763805472698368,0.0
243,MolarRefractivity_div_BertzCTIndex,-0.005407808726080941,0.0
243,PMI1_div_Largest_ring_size,-0.10999966642443128,0.0
243,BalabanIndex_div_HBA,-0.6426496192896552,0.0
243,RingCount_div_Fused_ring_count,0.10651935631298814,0.0
243,Fused_ring_count_div_FractionCSP3,-0.049884194519020764,0.0
243,Largest_ring_size_div_PMI_Ratio1,0.2234419556865543,0.0
243,Chi4_div_FractionCSP3,-0.1578860304874265,0.0
243,PMI1_div_WienerIndex,-0.41847843619918745,0.0
243,SSSR_count_div_DoubleBondCount,-0.6157786739328855,0.0
243,RingCount_div_SSSR_count,0.4191681070021959,0.0
243,Chi4_div_RadiusOfGyration,0.5161957574320776,0.0
243,Fused_ring_count_div_Bridged_ring_count,0.6317929850256704,0.0
243,HBD_div_BalabanIndex,0.5461871699308873,-0.041358745773048246
243,BalabanIndex_div_TopologicalRadius,-0.4581742850267814,-0.023532039331422783
243,TopologicalDiameter_div_BertzCTIndex,-0.5098343832912314,0.0
243,HeteroatomCount_div_Largest_ring_size,-0.058708383264727826,0.0
243,WienerIndex_div_RingCount,0.14479378010043814,0.0
243,Chi2_div_Chi4,0.19270472849641862,0.0
243,Chi4_div_Bridged_ring_count,0.5197434611397037,0.0
243,Fused_ring_count_div_BondInformationContent,0.2195035944114388,0.0
243,TotalPathCount_div_FractionCSP3,-0.09589279381630036,0.0
243,StereocenterCount_div_PMI_Ratio1,-0.22679720684701987,0.0
243,partial_charge_max_div_BertzCTIndex,-0.563289774576752,-0.020642856106044584
243,PMI1_div_Bridged_ring_count,0.5930815473378703,0.0
243,Fused_ring_count_div_DoubleBondCount,-0.4356034842023031,0.0
243,SSSR_count_div_Min_EState,-0.0036794303469230177,0.0
243,Asphericity_div_Largest_ring_size,-1.0605471619813895,0.0
243,PathComplexityIndex_div_Largest_ring_size,-1.1305820733490786,0.0
243,WienerIndex_div_RotatableBonds,0.44572954442091767,0.0
243,RingCount_div_RotatableBonds,-0.22519381323977486,0.0
243,Bridged_ring_count_div_Fused_ring_count,0.7211421597349512,0.0
243,RotatableBonds_div_WienerIndex,-0.5073385408119998,0.0
243,StereocenterCount_div_Fused_ring_count,0.38558062204122384,0.0
243,BondInformationContent_div_BalabanIndex,-0.45590120438921683,0.0
243,Avg_EState_div_PathComplexityIndex,0.2244975449317917,0.0
243,RingCount_div_Asphericity,0.22384667641934608,0.0
243,PMI_Ratio1_div_BertzCTIndex,-0.1209411315168954,0.0
243,Max_EState_div_Largest_ring_size,-0.9307573193822818,-0.02543757160447207
243,BalabanIndex_div_BondInformationContent,-0.22074169901426585,0.0
243,WienerIndex_div_PMI3,2.0636303009412686,0.0
243,SSSR_count_div_ZagrebIndex,-0.4578871858569961,0.0
243,TPSA_div_Fused_ring_count,0.7964015906074141,0.0
243,RotatableBonds_div_BertzCTIndex,-0.4670280959803128,-0.019295562084792613
243,Asphericity_div_Bridged_ring_count,-0.3497921864686628,0.0
243,RotatableBonds_div_Chi4,-0.5397349996887246,-0.03422187382235537
243,HBD_div_Fused_ring_count,1.119681686741475,-0.04982146906722824
243,Min_EState_div_BalabanIndex,-0.3188354792583432,0.0
243,Fused_ring_count_div_Min_EState,-0.005127167407801174,0.0
243,BertzCTIndex_div_Max_EState,0.11925239345305996,0.0
243,LogP_div_Chi4,-0.7472423743650781,0.0
243,FragmentComplexityScore_div_TotalPathCount,-0.6208308038529813,0.0
243,FractionCSP3_div_Chi3,-0.1901029721503645,0.0
256,BalabanIndex_div_PathComplexityIndex,-0.8441282629455787,0.0
256,RingCount_div_PMI_Ratio1,0.6732979650263942,0.0
256,Max_EState_div_BalabanIndex,2.6103434102567933,0.0
256,BalabanIndex_div_ZagrebIndex,-0.9465393813658559,0.0
256,Largest_ring_size_div_BalabanIndex,4.1407325737621585,-0.16723910313356521
256,TotalPathCount_div_Largest_ring_size,-0.04292711361984808,0.0
256,SSSR_count_div_AtomInformationContent,2.2549770855557933,-0.15513541639917736
256,Fused_ring_count_div_PMI_Ratio1,1.1371429568618612,0.0
256,PMI2_div_Largest_ring_size,-0.05532551733492888,0.0
256,SSSR_count_div_SpherocityIndex,-0.0511104965422908,0.0
256,SSSR_count_div_partial_charge_max,3.0411258370721965,-0.18533583466314005
256,BalabanIndex_div_partial_charge_max,-0.6254503797156392,0.0
256,RingCount_div_FractionCSP3,1.7249311693349823,-0.1529319440533108
256,ZagrebIndex_div_Chi0,1.3332463385643558,0.0
256,TPSA_div_BalabanIndex,1.1479631555777339,0.0
256,MolarRefractivity_div_TotalPathCount,-0.7670835159658876,0.0
256,GraphDistanceDistributionEntropy_div_TotalPathCount,-1.205151168126415,0.0
256,PMI2_div_Fused_ring_count,-0.02027252567382161,0.0
256,SSSR_count_div_BondInformationContent,0.31684430818930326,0.0
256,Fused_ring_count_div_FragmentComplexityScore,3.347266944918089,-0.18600813481310102
256,AtomInformationContent_div_BalabanIndex,1.450109683582531,0.0
256,TotalPathCount_div_RadiusOfGyration,2.1257375117236506,0.0
256,GraphDistanceDistributionEntropy_div_BertzCTIndex,-1.0187962034547942,0.0
256,Fused_ring_count_div_InertialShapeFactor,1.8138070262882708,0.0
256,StereocenterCount_div_BalabanIndex,0.5583219307739549,0.0
256,BalabanIndex_div_Asphericity,-0.2674823008478897,0.0
256,RadiusOfGyration_div_Largest_ring_size,-0.6888641379909022,0.0
256,ZagrebIndex_div_CovalentRadiusSum,1.1629541162957013,-0.15388590405897973
256,MolarRefractivity_div_BertzCTIndex,-0.9879493701040197,0.0
256,PMI1_div_Largest_ring_size,0.21035020588147219,0.0
256,BalabanIndex_div_HBA,-0.8067131653347983,0.0
256,RingCount_div_Fused_ring_count,0.21907251086812415,0.0
256,Fused_ring_count_div_FractionCSP3,2.3337622030842105,-0.18359056484406897
256,Largest_ring_size_div_PMI_Ratio1,0.42967927934421574,0.0
256,Chi4_div_FractionCSP3,1.8775626355844985,0.0
256,PMI1_div_WienerIndex,-0.6233937944310706,0.0
256,SSSR_count_div_DoubleBondCount,-0.00014661657337467523,0.0
256,RingCount_div_SSSR_count,0.4191681070021959,0.0
256,Chi4_div_RadiusOfGyration,1.411020362671047,0.0
256,Fused_ring_count_div_Bridged_ring_count,0.6317929850256704,0.0
256,HBD_div_BalabanIndex,0.7768900573351226,0.0
256,BalabanIndex_div_TopologicalRadius,-1.0452968786648926,-0.20278790856964318
256,TopologicalDiameter_div_BertzCTIndex,-0.9511092081731546,0.0
256,HeteroatomCount_div_Largest_ring_size,-0.3189089209172893,0.0
256,WienerIndex_div_RingCount,0.027471184960375275,0.0
256,Chi2_div_Chi4,-0.7303284529460253,0.0
256,Chi4_div_Bridged_ring_count,-0.12842831704661678,0.0
256,Fused_ring_count_div_BondInformationContent,0.6152659485875741,0.0
256,TotalPathCount_div_FractionCSP3,1.342185752005375,0.0
256,StereocenterCount_div_PMI_Ratio1,-0.18067837750470866,0.0
256,partial_charge_max_div_BertzCTIndex,-0.873435185889845,0.0
256,PMI1_div_Bridged_ring_count,0.2150052905226701,0.0
256,Fused_ring_count_div_DoubleBondCount,0.22515899433013378,0.0
256,SSSR_count_div_Min_EState,-0.010930010713084531,0.0
256,Asphericity_div_Largest_ring_size,-1.0010811122551873,0.0
256,PathComplexityIndex_div_Largest_ring_size,-1.0100373886419316,0.0
256,WienerIndex_div_RotatableBonds,1.877147148560067,-0.17882813066665587
256,RingCount_div_RotatableBonds,0.926868302743182,-0.19814264071749305
256,Bridged_ring_count_div_Fused_ring_count,0.7211421597349512,0.0
256,RotatableBonds_div_WienerIndex,-0.6170071122367764,0.0
256,StereocenterCount_div_Fused_ring_count,-0.3832749648432831,0.0
256,BondInformationContent_div_BalabanIndex,2.5073187220994564,0.0
256,Avg_EState_div_PathComplexityIndex,-0.9350886400199623,0.0
256,RingCount_div_Asphericity,1.554630387669367,0.0
256,PMI_Ratio1_div_BertzCTIndex,-0.5316069739106354,0.0
256,Max_EState_div_Largest_ring_size,-0.891593209154579,0.0
256,BalabanIndex_div_BondInformationContent,-0.7709283748370805,0.0
256,WienerIndex_div_PMI3,2.1693612428866498,0.0
256,SSSR_count_div_ZagrebIndex,0.985996632273332,0.0
256,TPSA_div_Fused_ring_count,-0.2751694499686913,0.0
256,RotatableBonds_div_BertzCTIndex,-0.6205757201208795,0.0
256,Asphericity_div_Bridged_ring_count,-0.6949601899170829,0.0
256,RotatableBonds_div_Chi4,-0.7182392855483146,0.0
256,HBD_div_Fused_ring_count,-0.23437498459607276,0.0
256,Min_EState_div_BalabanIndex,-2.591231698405972,0.0
256,Fused_ring_count_div_Min_EState,-0.011385093986789205,0.0
256,BertzCTIndex_div_Max_EState,2.152732632529615,0.0
256,LogP_div_Chi4,-0.32129628322037945,0.0
256,FragmentComplexityScore_div_TotalPathCount,-0.9771271335174851,0.0
256,FractionCSP3_div_Chi3,-0.7941725327442857,0.0
268,BalabanIndex_div_PathComplexityIndex,-0.6065812747506814,0.0
268,RingCount_div_PMI_Ratio1,0.15053216901864708,0.0
268,Max_EState_div_BalabanIndex,0.9194836202612173,-0.22058177478384597
268,BalabanIndex_div_ZagrebIndex,-0.5891582602038578,-0.14590098821102676
268,Largest_ring_size_div_BalabanIndex,0.20129171686318584,-0.17906126111939635
268,TotalPathCount_div_Largest_ring_size,0.269698821837874,0.0
268,SSSR_count_div_AtomInformationContent,-0.0022938252271354344,0.0
268,Fused_ring_count_div_PMI_Ratio1,0.04203997299802205,0.0
268,PMI2_div_Largest_ring_size,-0.03327573713461197,0.0
268,SSSR_count_div_SpherocityIndex,-0.05111056775020979,0.0
268,SSSR_count_div_partial_charge_max,0.36202824555748037,0.0
268,BalabanIndex_div_partial_charge_max,-0.4747610918168868,0.0
268,RingCount_div_FractionCSP3,0.5878400391355847,0.0
268,ZagrebIndex_div_Chi0,0.36729502038087064,-0.177555257913103
268,TPSA_div_BalabanIndex,-0.09539369025732394,0.0
268,MolarRefractivity_div_TotalPathCount,-0.21649434604270462,0.0
268,GraphDistanceDistributionEntropy_div_TotalPathCount,-0.11594597423186155,0.0
268,PMI2_div_Fused_ring_count,0.16783907412437832,0.0
268,SSSR_count_div_BondInformationContent,-0.26714731393441105,0.0
268,Fused_ring_count_div_FragmentComplexityScore,0.06568539905095791,0.0
268,AtomInformationContent_div_BalabanIndex,1.1550358812328574,-0.23327166219964163
268,TotalPathCount_div_RadiusOfGyration,-0.09979221806112033,0.0
268,GraphDistanceDistributionEntropy_div_BertzCTIndex,-0.4709623363670468,0.0
268,Fused_ring_count_div_InertialShapeFactor,-0.1492804584067742,0.0
268,StereocenterCount_div_BalabanIndex,-0.4092903411226725,0.0
268,BalabanIndex_div_Asphericity,-0.3383510506268441,0.0
268,RadiusOfGyration_div_Largest_ring_size,0.5775456963284323,-0.14137864214165352
268,ZagrebIndex_div_CovalentRadiusSum,0.49681123642894726,0.0
268,MolarRefractivity_div_BertzCTIndex,-0.7214236185292158,0.0
268,PMI1_div_Largest_ring_size,-0.05743374032262756,0.0
268,BalabanIndex_div_HBA,-0.5290630743448449,0.0
268,RingCount_div_Fused_ring_count,1.006944592754077,0.0
268,Fused_ring_count_div_FractionCSP3,0.37530678451290717,0.0
268,Largest_ring_size_div_PMI_Ratio1,-0.041480197804024156,0.0
268,Chi4_div_FractionCSP3,0.42174800834498494,0.0
268,PMI1_div_WienerIndex,-0.5820703601635475,0.0
268,SSSR_count_div_DoubleBondCount,0.02265457073623688,0.0
268,RingCount_div_SSSR_count,0.4191681070021959,0.0
268,Chi4_div_RadiusOfGyration,-0.31857799425700867,0.0
268,Fused_ring_count_div_Bridged_ring_count,0.6317929850256704,0.0
268,HBD_div_BalabanIndex,-0.3810117532183524,0.0
268,BalabanIndex_div_TopologicalRadius,-0.7893066040241362,-0.2390009968151731
268,TopologicalDiameter_div_BertzCTIndex,-0.3559876405981079,0.0
268,HeteroatomCount_div_Largest_ring_size,0.19544097909358796,0.0
268,WienerIndex_div_RingCount,-0.11918089077864034,0.0
268,Chi2_div_Chi4,-0.27111124664185676,0.0
268,Chi4_div_Bridged_ring_count,0.3941952538870515,0.0
268,Fused_ring_count_div_BondInformationContent,-0.3412394811479937,0.0
268,TotalPathCount_div_FractionCSP3,0.38219777730544846,0.0
268,StereocenterCount_div_PMI_Ratio1,-0.36579612226305863,0.0
268,partial_charge_max_div_BertzCTIndex,-0.5237616328186142,0.0
268,PMI1_div_Bridged_ring_count,0.08908628866517006,0.0
268,Fused_ring_count_div_DoubleBondCount,-0.10522224493608466,0.0
268,SSSR_count_div_Min_EState,-0.07497529675985073,0.0
268,Asphericity_div_Largest_ring_size,0.5981843082247891,0.0
268,PathComplexityIndex_div_Largest_ring_size,0.3952031969938474,0.0
268,WienerIndex_div_RotatableBonds,-0.19875985392674164,0.0
268,RingCount_div_RotatableBonds,-0.18862041273237937,0.0
268,Bridged_ring_count_div_Fused_ring_count,0.7211421597349512,0.0
268,RotatableBonds_div_WienerIndex,-0.21596283163467972,-0.19513773879346297
268,StereocenterCount_div_Fused_ring_count,-0.3832749648432831,0.0
268,BondInformationContent_div_BalabanIndex,1.7736812540626539,-0.23715340862573073
268,Avg_EState_div_PathComplexityIndex,-0.1869689603929138,0.0
268,RingCount_div_Asphericity,-0.14451500063321499,0.0
268,PMI_Ratio1_div_BertzCTIndex,-0.4280453039053264,0.0
268,Max_EState_div_Largest_ring_size,0.7053161267317205,0.0
268,BalabanIndex_div_BondInformationContent,-0.7285722917915985,0.0
268,WienerIndex_div_PMI3,0.24238837515781994,0.0
268,SSSR_count_div_ZagrebIndex,0.6084926569224638,0.0
268,TPSA_div_Fused_ring_count,0.11324934735175005,0.0
268,RotatableBonds_div_BertzCTIndex,-0.40915917966162735,0.0
268,Asphericity_div_Bridged_ring_count,0.8176082087514157,0.0
268,RotatableBonds_div_Chi4,-0.27342640066996216,0.0
268,HBD_div_Fused_ring_count,-0.30564112519278586,0.0
268,Min_EState_div_BalabanIndex,0.742638013285466,0.0
268,Fused_ring_count_div_Min_EState,-0.045678027548831275,0.0
268,BertzCTIndex_div_Max_EState,0.19127058402764247,0.0
268,LogP_div_Chi4,-0.23098212010740804,0.0
268,FragmentComplexityScore_div_TotalPathCount,-0.25637164805993723,-0.18250047035697547
268,FractionCSP3_div_Chi3,-0.5246318885622336,0.0
272,BalabanIndex_div_PathComplexityIndex,-0.41314491065293235,0.0
272,RingCount_div_PMI_Ratio1,1.0753572634425017,0.0
272,Max_EState_div_BalabanIndex,-1.427793244935211,0.11237218843379974
272,BalabanIndex_div_ZagrebIndex,0.0664432124301954,0.0
272,Largest_ring_size_div_BalabanIndex,0.023811706092836036,0.0
272,TotalPathCount_div_Largest_ring_size,-0.5618217075239021,0.0
272,SSSR_count_div_AtomInformationContent,0.2652789911469465,0.0
272,Fused_ring_count_div_PMI_Ratio1,-0.7563390875513493,0.0
272,PMI2_div_Largest_ring_size,-0.2896338766834828,0.0
272,SSSR_count_div_SpherocityIndex,-0.051110247400747294,0.0
272,SSSR_count_div_partial_charge_max,0.1749774498816633,0.0
272,BalabanIndex_div_partial_charge_max,0.06553818549793988,0.0
272,RingCount_div_FractionCSP3,-0.7884662279645507,0.0
272,ZagrebIndex_div_Chi0,0.05900893940308356,0.0
272,TPSA_div_BalabanIndex,-0.6055987949441336,0.0
272,MolarRefractivity_div_TotalPathCount,0.6524719258210624,0.0
272,GraphDistanceDistributionEntropy_div_TotalPathCount,1.3304314675162119,0.0686508579449592
272,PMI2_div_Fused_ring_count,-0.4826267306358038,0.0
272,SSSR_count_div_BondInformationContent,-0.2184442776084171,0.0
272,Fused_ring_count_div_FragmentComplexityScore,-1.0281751162380857,0.0
272,AtomInformationContent_div_BalabanIndex,-0.6026612136889925,0.07743250773996768
272,TotalPathCount_div_RadiusOfGyration,-1.0100926847921914,0.0650289207767088
272,GraphDistanceDistributionEntropy_div_BertzCTIndex,0.42909919282704195,0.0
272,Fused_ring_count_div_InertialShapeFactor,-0.25401378127090635,0.0
272,StereocenterCount_div_BalabanIndex,-0.6376549350429598,0.0
272,BalabanIndex_div_Asphericity,-0.3998818209043715,0.0
272,RadiusOfGyration_div_Largest_ring_size,0.19648161723459026,0.0
272,ZagrebIndex_div_CovalentRadiusSum,0.04759384806947995,0.0
272,MolarRefractivity_div_BertzCTIndex,-0.09235564882558764,0.0
272,PMI1_div_Largest_ring_size,-0.43747564498785335,0.0
272,BalabanIndex_div_HBA,0.5240313256711094,0.0
272,RingCount_div_Fused_ring_count,-1.244118498348645,0.0
272,Fused_ring_count_div_FractionCSP3,-0.7069975257501818,0.0
272,Largest_ring_size_div_PMI_Ratio1,1.3279997354700546,0.0
272,Chi4_div_FractionCSP3,-1.2645230303893642,0.0
272,PMI1_div_WienerIndex,-1.0697376480428584,0.0
272,SSSR_count_div_DoubleBondCount,-0.8893929216482237,0.0
272,RingCount_div_SSSR_count,0.4191681070021959,0.0
272,Chi4_div_RadiusOfGyration,-1.1093435993290042,0.04654248273702666
272,Fused_ring_count_div_Bridged_ring_count,-1.4270536095030357,0.0
272,HBD_div_BalabanIndex,-0.22732102846074428,0.0
272,BalabanIndex_div_TopologicalRadius,-0.3346470226614871,0.0
272,TopologicalDiameter_div_BertzCTIndex,0.15159683606941537,0.0
272,HeteroatomCount_div_Largest_ring_size,-0.7303888409259912,0.0
272,WienerIndex_div_RingCount,-0.21900049850950196,0.0
272,Chi2_div_Chi4,0.6654904384214104,0.0
272,Chi4_div_Bridged_ring_count,-1.1576317652007062,0.0
272,Fused_ring_count_div_BondInformationContent,-0.6338218010298348,0.0
272,TotalPathCount_div_FractionCSP3,-0.9768414096396241,0.0
272,StereocenterCount_div_PMI_Ratio1,-0.5007552387378665,0.0
272,partial_charge_max_div_BertzCTIndex,-0.22420398530695673,0.0
272,PMI1_div_Bridged_ring_count,-0.49312041894055575,0.0
272,Fused_ring_count_div_DoubleBondCount,-0.7659847234685216,0.0
272,SSSR_count_div_Min_EState,0.009347593914925194,0.0
272,Asphericity_div_Largest_ring_size,1.8765155885160896,0.0
272,PathComplexityIndex_div_Largest_ring_size,0.1364760465073244,0.0
272,WienerIndex_div_RotatableBonds,-0.463765225300558,0.0
272,RingCount_div_RotatableBonds,-0.1611903623518328,0.0
272,Bridged_ring_count_div_Fused_ring_count,-1.439196676874029,0.0
272,RotatableBonds_div_WienerIndex,0.5910403691721647,0.08156236418199703
272,StereocenterCount_div_Fused_ring_count,-0.7677027582855365,0.0
272,BondInformationContent_div_BalabanIndex,0.005995048824287224,0.0
272,Avg_EState_div_PathComplexityIndex,-0.3383382498183386,0.0
272,RingCount_div_Asphericity,-0.44596801299941724,0.0
272,PMI_Ratio1_div_BertzCTIndex,-0.5374216253031523,0.0
272,Max_EState_div_Largest_ring_size,-1.2528378376662783,0.05229383310041029
272,BalabanIndex_div_BondInformationContent,-0.45262726996928543,0.0
272,WienerIndex_div_PMI3,-0.890474565355542,0.0
272,SSSR_count_div_ZagrebIndex,0.9773679699796063,0.0
272,TPSA_div_Fused_ring_count,-0.7463221206410611,0.0
272,RotatableBonds_div_BertzCTIndex,-0.32009634512906526,0.0
272,Asphericity_div_Bridged_ring_count,-0.9448338994567288,0.0
272,RotatableBonds_div_Chi4,0.03945320643869395,0.0
272,HBD_div_Fused_ring_count,-0.5907056875796379,0.0
272,Min_EState_div_BalabanIndex,1.9343192899692436,0.05848065636694462
272,Fused_ring_count_div_Min_EState,0.000907607443612213,0.0
272,BertzCTIndex_div_Max_EState,1.5791023072154708,0.0
272,LogP_div_Chi4,1.9751599830645432,0.09363621415117124
272,FragmentComplexityScore_div_TotalPathCount,0.9977824442622988,0.07896603986280218
272,FractionCSP3_div_Chi3,-1.1308579816782642,0.0
273,BalabanIndex_div_PathComplexityIndex,-0.6515092131052541,0.0
273,RingCount_div_PMI_Ratio1,2.5560328360231512,-0.43799498257123143
273,Max_EState_div_BalabanIndex,0.9355641175075778,-0.23200335942385292
273,BalabanIndex_div_ZagrebIndex,-0.5604663067400595,0.0
273,Largest_ring_size_div_BalabanIndex,0.20373731879239082,0.0
273,TotalPathCount_div_Largest_ring_size,0.24069229174385856,0.0
273,SSSR_count_div_AtomInformationContent,0.2308738755139705,0.0
273,Fused_ring_count_div_PMI_Ratio1,2.9609811658100336,-0.30454452894263
273,PMI2_div_Largest_ring_size,0.04972500748066566,0.0
273,SSSR_count_div_SpherocityIndex,-0.05111036022134548,0.0
273,SSSR_count_div_partial_charge_max,0.0954127822438206,0.0
273,BalabanIndex_div_partial_charge_max,-0.613660907498152,0.0
273,RingCount_div_FractionCSP3,3.192991187575127,0.0
273,ZagrebIndex_div_Chi0,0.5768929452608468,-0.22247884527953796
273,TPSA_div_BalabanIndex,-0.2654184551958938,0.0
273,MolarRefractivity_div_TotalPathCount,-0.4010683214790266,0.0
273,GraphDistanceDistributionEntropy_div_TotalPathCount,-0.1326323127577191,-0.23051223551132888
273,PMI2_div_Fused_ring_count,0.10119257362452433,0.0
273,SSSR_count_div_BondInformationContent,-0.25620550037531487,0.0
273,Fused_ring_count_div_FragmentComplexityScore,0.43030557081397247,0.0
273,AtomInformationContent_div_BalabanIndex,0.6219583384234807,0.0
273,TotalPathCount_div_RadiusOfGyration,-0.33595502366165564,0.0
273,GraphDistanceDistributionEntropy_div_BertzCTIndex,-0.5878276576970534,0.0
273,Fused_ring_count_div_InertialShapeFactor,-0.21077836055748975,0.0
273,StereocenterCount_div_BalabanIndex,-0.6376549350429598,0.0
273,BalabanIndex_div_Asphericity,-0.4207189854280965,0.0
273,RadiusOfGyration_div_Largest_ring_size,0.7832066974223287,-0.197265781157718
273,ZagrebIndex_div_CovalentRadiusSum,1.0513254860044925,0.0
273,MolarRefractivity_div_BertzCTIndex,-0.9762746080647013,0.0
273,PMI1_div_Largest_ring_size,-0.3478568804149101,0.0
273,BalabanIndex_div_HBA,-0.5298410713667819,0.0
273,RingCount_div_Fused_ring_count,0.4441788199783964,0.0
273,Fused_ring_count_div_FractionCSP3,3.4676048138360183,0.0
273,Largest_ring_size_div_PMI_Ratio1,1.4662810669855704,-0.17797233638678323
273,Chi4_div_FractionCSP3,2.4816034095191783,0.0
273,PMI1_div_WienerIndex,-1.2129389362558836,0.0
273,SSSR_count_div_DoubleBondCount,0.02265457073623688,0.0
273,RingCount_div_SSSR_count,0.4191681070021959,0.0
273,Chi4_div_RadiusOfGyration,-0.765612218621424,0.0
273,Fused_ring_count_div_Bridged_ring_count,0.6317929850256704,0.0
273,HBD_div_BalabanIndex,-0.5897772847378491,0.0
273,BalabanIndex_div_TopologicalRadius,-0.7124819178981755,0.0
273,TopologicalDiameter_div_BertzCTIndex,-0.569337190155151,0.0
273,HeteroatomCount_div_Largest_ring_size,-0.11316896091293838,0.0
273,WienerIndex_div_RingCount,-0.15340673981861816,0.0
273,Chi2_div_Chi4,0.0573168512328915,0.0
273,Chi4_div_Bridged_ring_count,-0.26384764254760745,0.0
273,Fused_ring_count_div_BondInformationContent,-0.2307384435789693,0.0
273,TotalPathCount_div_FractionCSP3,2.8852852882187787,0.0
273,StereocenterCount_div_PMI_Ratio1,-0.5007552387378665,0.0
273,partial_charge_max_div_BertzCTIndex,-0.47009498121816534,0.0
273,PMI1_div_Bridged_ring_count,-0.35088694742883847,0.0
273,Fused_ring_count_div_DoubleBondCount,0.1150319145747276,0.0
273,SSSR_count_div_Min_EState,-0.02274303092774456,0.0
273,Asphericity_div_Largest_ring_size,1.9237515043081013,-0.21008088101581607
273,PathComplexityIndex_div_Largest_ring_size,0.5628503834793119,0.0
273,WienerIndex_div_RotatableBonds,-0.04462359312678856,0.0
273,RingCount_div_RotatableBonds,0.22283034297581952,0.0
273,Bridged_ring_count_div_Fused_ring_count,0.7211421597349512,0.0
273,RotatableBonds_div_WienerIndex,-0.34479663190783644,0.0
273,StereocenterCount_div_Fused_ring_count,-0.7677027582855365,0.0
273,BondInformationContent_div_BalabanIndex,1.6752285261127593,-0.2341662134093266
273,Avg_EState_div_PathComplexityIndex,-0.45124792523632873,0.0
273,RingCount_div_Asphericity,-0.3350535260153685,0.0
273,PMI_Ratio1_div_BertzCTIndex,-0.6830189382930107,0.0
273,Max_EState_div_Largest_ring_size,0.7145258958000043,0.0
273,BalabanIndex_div_BondInformationContent,-0.7213806082192178,0.0
273,WienerIndex_div_PMI3,-0.5628180294504748,0.0
273,SSSR_count_div_ZagrebIndex,0.7418339355000863,-0.23404546238282498
273,TPSA_div_Fused_ring_count,-0.2674221161634817,0.0
273,RotatableBonds_div_BertzCTIndex,-0.5679180984866009,0.0
273,Asphericity_div_Bridged_ring_count,1.2655007231592568,0.0
273,RotatableBonds_div_Chi4,-0.4415833515890293,0.0
273,HBD_div_Fused_ring_count,-0.5907056875796379,0.0
273,Min_EState_div_BalabanIndex,0.37313525829337946,0.0
273,Fused_ring_count_div_Min_EState,-0.01923785065118545,0.0
273,BertzCTIndex_div_Max_EState,0.38977058082593824,0.0
273,LogP_div_Chi4,0.599620963251955,0.0
273,FragmentComplexityScore_div_TotalPathCount,-0.23436588066922664,0.0
273,FractionCSP3_div_Chi3,-0.8826197219038723,0.0
275,BalabanIndex_div_PathComplexityIndex,-0.4856689566055322,0.0
275,RingCount_div_PMI_Ratio1,0.31549855142899913,0.0
275,Max_EState_div_BalabanIndex,0.2751491770115882,0.0
275,BalabanIndex_div_ZagrebIndex,-0.3489850574604661,0.0
275,Largest_ring_size_div_BalabanIndex,-0.09177270609141928,0.0
275,TotalPathCount_div_Largest_ring_size,0.15367270146181222,0.0
275,SSSR_count_div_AtomInformationContent,-0.12621939325712744,0.0
275,Fused_ring_count_div_PMI_Ratio1,0.41219120218793787,-0.11614244775448967
275,PMI2_div_Largest_ring_size,-0.12571082717144771,0.0
275,SSSR_count_div_SpherocityIndex,-0.051110580242871226,0.0
275,SSSR_count_div_partial_charge_max,0.08360507113305425,0.0
275,BalabanIndex_div_partial_charge_max,-0.23271720036390545,0.0
275,RingCount_div_FractionCSP3,-0.2133668234977084,0.0
275,ZagrebIndex_div_Chi0,0.32127595919771856,0.0
275,TPSA_div_BalabanIndex,-0.4509769238588313,0.0
275,MolarRefractivity_div_TotalPathCount,-0.18605216799231086,0.0
275,GraphDistanceDistributionEntropy_div_TotalPathCount,-0.16228831059582957,0.0
275,PMI2_div_Fused_ring_count,0.025334472525166594,0.0
275,SSSR_count_div_BondInformationContent,-0.2779839462405637,0.0
275,Fused_ring_count_div_FragmentComplexityScore,0.06568539905095791,0.0
275,AtomInformationContent_div_BalabanIndex,0.27262801960257527,0.0
275,TotalPathCount_div_RadiusOfGyration,-0.04803854045781066,0.0
275,GraphDistanceDistributionEntropy_div_BertzCTIndex,-0.20019635533015112,0.0
275,Fused_ring_count_div_InertialShapeFactor,-0.20074317332040734,0.0
275,StereocenterCount_div_BalabanIndex,-0.10178143990127746,0.0
275,BalabanIndex_div_Asphericity,-0.33667826825679087,-0.10839054197978057
275,RadiusOfGyration_div_Largest_ring_size,0.381816338717798,0.0
275,ZagrebIndex_div_CovalentRadiusSum,-0.05219097383259614,0.0
275,MolarRefractivity_div_BertzCTIndex,-0.22415189015600337,0.0
275,PMI1_div_Largest_ring_size,-0.26377618678500986,0.0
275,BalabanIndex_div_HBA,-0.13554621373089776,0.0
275,RingCount_div_Fused_ring_count,0.5567319745335324,0.0
275,Fused_ring_count_div_FractionCSP3,-0.14168679226455055,0.0
275,Largest_ring_size_div_PMI_Ratio1,0.2390267199648827,0.0
275,Chi4_div_FractionCSP3,-0.2048025614045628,0.0
275,PMI1_div_WienerIndex,-0.7079503372161581,-0.13085205691949234
275,SSSR_count_div_DoubleBondCount,1.2995210600744818,-0.15849019770653433
275,RingCount_div_SSSR_count,0.4191681070021959,0.0
275,Chi4_div_RadiusOfGyration,0.16536523532240321,0.0
275,Fused_ring_count_div_Bridged_ring_count,0.6317929850256704,0.0
275,HBD_div_BalabanIndex,-0.4264829766900881,0.0
275,BalabanIndex_div_TopologicalRadius,-0.36814150249356625,0.0
275,TopologicalDiameter_div_BertzCTIndex,-0.28882745662678766,-0.09634989317927384
275,HeteroatomCount_div_Largest_ring_size,-0.26747393091620153,0.0
275,WienerIndex_div_RingCount,-0.1600193404698512,0.0
275,Chi2_div_Chi4,-0.7277745844429009,0.0
275,Chi4_div_Bridged_ring_count,0.7094760963969017,0.0
275,Fused_ring_count_div_BondInformationContent,-0.2801397311099136,0.0
275,TotalPathCount_div_FractionCSP3,-0.3170935522376648,0.0
275,StereocenterCount_div_PMI_Ratio1,0.09183475993550143,-0.12215407338571088
275,partial_charge_max_div_BertzCTIndex,-0.3046479734696618,0.0
275,PMI1_div_Bridged_ring_count,-0.1898247503370321,0.0
275,Fused_ring_count_div_DoubleBondCount,1.2163027121287893,0.0
275,SSSR_count_div_Min_EState,-0.0189727351582393,0.0
275,Asphericity_div_Largest_ring_size,1.1268561079328867,-0.1834893155928437
275,PathComplexityIndex_div_Largest_ring_size,0.5807693413029871,0.0
275,WienerIndex_div_RotatableBonds,-0.27282108325131255,0.0
275,RingCount_div_RotatableBonds,-0.12278829181906752,0.0
275,Bridged_ring_count_div_Fused_ring_count,0.7211421597349512,0.0
275,RotatableBonds_div_WienerIndex,-0.11364210120801113,0.0
275,StereocenterCount_div_Fused_ring_count,0.38558062204122384,-0.10808461638425265
275,BondInformationContent_div_BalabanIndex,0.6316774162434994,0.0
275,Avg_EState_div_PathComplexityIndex,-0.8957320376468907,-0.10370316685148047
275,RingCount_div_Asphericity,-0.31948208026063507,0.0
275,PMI_Ratio1_div_BertzCTIndex,-0.4401494799633214,-0.1074124442009796
275,Max_EState_div_Largest_ring_size,0.7231887074002322,0.0
275,BalabanIndex_div_BondInformationContent,-0.6035741080651987,0.0
275,WienerIndex_div_PMI3,-0.3381551816834071,0.0
275,SSSR_count_div_ZagrebIndex,0.37437674615864525,0.0
275,TPSA_div_Fused_ring_count,-0.23528502778631638,0.0
275,RotatableBonds_div_BertzCTIndex,-0.4063243500207466,0.0
275,Asphericity_div_Bridged_ring_count,1.2900867103947118,0.0
275,RotatableBonds_div_Chi4,-0.5404378137888197,0.0
275,HBD_div_Fused_ring_count,-0.30564112519278586,0.0
275,Min_EState_div_BalabanIndex,0.5178361668780066,0.0
275,Fused_ring_count_div_Min_EState,-0.015138659893407744,0.0
275,BertzCTIndex_div_Max_EState,-0.3743098606384515,0.0
275,LogP_div_Chi4,0.0684774865142994,0.0
275,FragmentComplexityScore_div_TotalPathCount,-0.16333460618027096,0.0
275,FractionCSP3_div_Chi3,-0.1437595647428754,0.0
279,BalabanIndex_div_PathComplexityIndex,-0.6590454447627526,0.0
279,RingCount_div_PMI_Ratio1,2.0970790012693743,-0.21325690410364978
279,Max_EState_div_BalabanIndex,0.9677609394167163,-0.1518020433429289
279,BalabanIndex_div_ZagrebIndex,-0.530586383611745,0.0
279,Largest_ring_size_div_BalabanIndex,0.29468707260435806,0.0
279,TotalPathCount_div_Largest_ring_size,0.018308894356406848,0.0
279,SSSR_count_div_AtomInformationContent,-0.26919262267913363,0.0
279,Fused_ring_count_div_PMI_Ratio1,0.8492511564045622,0.0
279,PMI2_div_Largest_ring_size,0.029011612395449558,0.0
279,SSSR_count_div_SpherocityIndex,-0.051110456214080315,0.0
279,SSSR_count_div_partial_charge_max,0.007841146274179579,0.0
279,BalabanIndex_div_partial_charge_max,-0.6970499255113992,0.0
279,RingCount_div_FractionCSP3,-0.01429395272072454,0.0
279,ZagrebIndex_div_Chi0,0.6647567577202699,-0.14826028852079398
279,TPSA_div_BalabanIndex,-0.01184476256266764,0.0
279,MolarRefractivity_div_TotalPathCount,-0.2745197514709543,0.0
279,GraphDistanceDistributionEntropy_div_TotalPathCount,0.1599505439010069,0.0
279,PMI2_div_Fused_ring_count,0.6371119821870795,0.0
279,SSSR_count_div_BondInformationContent,-0.19843935349526629,0.0
279,Fused_ring_count_div_FragmentComplexityScore,-0.29893477271205665,0.0
279,AtomInformationContent_div_BalabanIndex,2.4298284738158795,-0.18244501699185822
279,TotalPathCount_div_RadiusOfGyration,-0.598204123536818,0.0
279,GraphDistanceDistributionEntropy_div_BertzCTIndex,-0.015922936406357346,0.0
279,Fused_ring_count_div_InertialShapeFactor,-0.23048267258591013,0.0
279,StereocenterCount_div_BalabanIndex,-0.14922286173646696,0.0
279,BalabanIndex_div_Asphericity,-0.42500948129133076,0.0
279,RadiusOfGyration_div_Largest_ring_size,0.7577523120750747,0.0
279,ZagrebIndex_div_CovalentRadiusSum,0.410684332325215,0.0
279,MolarRefractivity_div_BertzCTIndex,-0.3221315755440758,0.0
279,PMI1_div_Largest_ring_size,-0.3339295674110513,0.0
279,BalabanIndex_div_HBA,-0.6571406479000405,0.0
279,RingCount_div_Fused_ring_count,2.132476138305438,-0.13033265759765655
279,Fused_ring_count_div_FractionCSP3,-0.30113340940152344,0.0
279,Largest_ring_size_div_PMI_Ratio1,1.1786100536866604,-0.163000988155515
279,Chi4_div_FractionCSP3,-0.45659721749134424,0.0
279,PMI1_div_WienerIndex,-1.0545820054381427,0.0
279,SSSR_count_div_DoubleBondCount,1.846749555505158,-0.15073048218100166
279,RingCount_div_SSSR_count,0.4191681070021959,0.0
279,Chi4_div_RadiusOfGyration,-0.6386210826069484,0.0
279,Fused_ring_count_div_Bridged_ring_count,0.6317929850256704,0.0
279,HBD_div_BalabanIndex,-0.14326419072209046,0.0
279,BalabanIndex_div_TopologicalRadius,-0.7618486987061913,0.0
279,TopologicalDiameter_div_BertzCTIndex,-0.026111820699849318,0.0
279,HeteroatomCount_div_Largest_ring_size,0.34974594909685125,0.0
279,WienerIndex_div_RingCount,-0.17583057194825882,0.0
279,Chi2_div_Chi4,-0.25035434923940275,0.0
279,Chi4_div_Bridged_ring_count,0.8250642974118828,0.0
279,Fused_ring_count_div_BondInformationContent,-0.398033754416554,0.0
279,TotalPathCount_div_FractionCSP3,-0.32929920880108954,0.0
279,StereocenterCount_div_PMI_Ratio1,0.313478443427178,0.0
279,partial_charge_max_div_BertzCTIndex,0.0368389054529662,0.0
279,PMI1_div_Bridged_ring_count,-0.18041535956966892,0.0
279,Fused_ring_count_div_DoubleBondCount,0.5555402335963523,0.0
279,SSSR_count_div_Min_EState,-0.029267157924450574,0.0
279,Asphericity_div_Largest_ring_size,1.8279281840550103,-0.14572630941617368
279,PathComplexityIndex_div_Largest_ring_size,0.4337370279173718,0.0
279,WienerIndex_div_RotatableBonds,-0.24588455730551903,0.0
279,RingCount_div_RotatableBonds,0.03081999031199337,0.0
279,Bridged_ring_count_div_Fused_ring_count,0.7211421597349512,0.0
279,RotatableBonds_div_WienerIndex,-0.1555154101745317,0.0
279,StereocenterCount_div_Fused_ring_count,0.38558062204122384,0.0
279,BondInformationContent_div_BalabanIndex,1.4004993662197043,-0.162159826726496
279,Avg_EState_div_PathComplexityIndex,-0.5509294573087836,0.0
279,RingCount_div_Asphericity,-0.3265699839983008,0.0
279,PMI_Ratio1_div_BertzCTIndex,-0.5988781240608806,0.0
279,Max_EState_div_Largest_ring_size,0.5729486770471,0.0
279,BalabanIndex_div_BondInformationContent,-0.6986962168689089,0.0
279,WienerIndex_div_PMI3,-0.8120682946695942,0.0
279,SSSR_count_div_ZagrebIndex,1.0579021513877829,0.0
279,TPSA_div_Fused_ring_count,0.610895986716009,0.0
279,RotatableBonds_div_BertzCTIndex,-0.38155821423074726,0.0
279,Asphericity_div_Bridged_ring_count,3.34737816647989,-0.17444342424771314
279,RotatableBonds_div_Chi4,-0.3794930389662515,0.0
279,HBD_div_Fused_ring_count,0.2644879995809185,0.0
279,Min_EState_div_BalabanIndex,0.4567026749051064,0.0
279,Fused_ring_count_div_Min_EState,-0.011786195638879877,0.0
279,BertzCTIndex_div_Max_EState,-0.3931950532775721,0.0
279,LogP_div_Chi4,-0.07965924838691119,0.0
279,FragmentComplexityScore_div_TotalPathCount,-0.0351933100728733,0.0
279,FractionCSP3_div_Chi3,0.11185118521143989,0.0
284,BalabanIndex_div_PathComplexityIndex,-0.5050883020427469,0.0
284,RingCount_div_PMI_Ratio1,0.48691618174971363,-0.10285625723930657
284,Max_EState_div_BalabanIndex,0.4188368530451353,0.0
284,BalabanIndex_div_ZagrebIndex,-0.2577723671195599,0.0
284,Largest_ring_size_div_BalabanIndex,0.00013843266168299645,0.0
284,TotalPathCount_div_Largest_ring_size,-0.16539912957235772,0.0
284,SSSR_count_div_AtomInformationContent,-0.29448133730532533,0.0
284,Fused_ring_count_div_PMI_Ratio1,0.14083198571111666,0.0
284,PMI2_div_Largest_ring_size,-0.22741398265764687,0.0
284,SSSR_count_div_SpherocityIndex,-0.05111057170505063,0.0
284,SSSR_count_div_partial_charge_max,-0.12948506653150468,0.0
284,BalabanIndex_div_partial_charge_max,-0.4772994340315654,0.0
284,RingCount_div_FractionCSP3,2.5736533673800674,0.0
284,ZagrebIndex_div_Chi0,0.4431240909753141,0.0
284,TPSA_div_BalabanIndex,-0.22577495280908463,0.0
284,MolarRefractivity_div_TotalPathCount,-0.47731735422890936,0.0
284,GraphDistanceDistributionEntropy_div_TotalPathCount,0.23620073788087795,0.0
284,PMI2_div_Fused_ring_count,0.04412569448529481,0.0
284,SSSR_count_div_BondInformationContent,-0.3569055780658161,0.0
284,Fused_ring_count_div_FragmentComplexityScore,-0.29893477271205665,0.0
284,AtomInformationContent_div_BalabanIndex,0.9575831824924862,-0.12397609350182678
284,TotalPathCount_div_RadiusOfGyration,-0.3784217145542824,-0.1255658383953645
284,GraphDistanceDistributionEntropy_div_BertzCTIndex,-0.2662273187522487,0.0
284,Fused_ring_count_div_InertialShapeFactor,-0.23378168399260088,0.0
284,StereocenterCount_div_BalabanIndex,-0.6376549350429598,0.0
284,BalabanIndex_div_Asphericity,-0.36555423510088636,0.0
284,RadiusOfGyration_div_Largest_ring_size,0.22915135059047667,0.0
284,ZagrebIndex_div_CovalentRadiusSum,1.1587939373139218,0.0
284,MolarRefractivity_div_BertzCTIndex,-0.8189085264487078,0.0
284,PMI1_div_Largest_ring_size,-0.35694163807530704,0.0
284,BalabanIndex_div_HBA,-0.3528495022102326,0.0
284,RingCount_div_Fused_ring_count,1.4571572109746214,0.0
284,Fused_ring_count_div_FractionCSP3,1.4962648201425357,0.0
284,Largest_ring_size_div_PMI_Ratio1,0.3733318495813317,-0.0862260732949546
284,Chi4_div_FractionCSP3,1.4812105263523936,0.0
284,PMI1_div_WienerIndex,-0.8004665859465584,-0.10147360100587417
284,SSSR_count_div_DoubleBondCount,-0.3421644262175474,0.0
284,RingCount_div_SSSR_count,0.4191681070021959,0.0
284,Chi4_div_RadiusOfGyration,-0.8614975470575161,0.0
284,Fused_ring_count_div_Bridged_ring_count,0.6317929850256704,0.0
284,HBD_div_BalabanIndex,-0.41222224900554283,0.0
284,BalabanIndex_div_TopologicalRadius,-0.3106736506239709,0.0
284,TopologicalDiameter_div_BertzCTIndex,-0.4643522998939175,-0.10809311519767383
284,HeteroatomCount_div_Largest_ring_size,0.04113600909032489,0.0
284,WienerIndex_div_RingCount,-0.200328434990819,0.0
284,Chi2_div_Chi4,0.3224233899384476,0.0
284,Chi4_div_Bridged_ring_count,0.08361318625337862,0.0
284,Fused_ring_count_div_BondInformationContent,-0.4565191170332006,0.0
284,TotalPathCount_div_FractionCSP3,2.0745727312165667,0.0
284,StereocenterCount_div_PMI_Ratio1,-0.5007552387378665,0.0
284,partial_charge_max_div_BertzCTIndex,-0.15518652426927732,0.0
284,PMI1_div_Bridged_ring_count,-0.22707314119868854,0.0
284,Fused_ring_count_div_DoubleBondCount,-0.4356034842023031,0.0
284,SSSR_count_div_Min_EState,-0.011498489042795188,0.0
284,Asphericity_div_Largest_ring_size,1.3008858434114106,-0.19535184333715033
284,PathComplexityIndex_div_Largest_ring_size,0.4375480661405782,0.0
284,WienerIndex_div_RotatableBonds,-0.2452653268240065,0.0
284,RingCount_div_RotatableBonds,0.2868337938637615,0.0
284,Bridged_ring_count_div_Fused_ring_count,0.7211421597349512,0.0
284,RotatableBonds_div_WienerIndex,-0.15640766860969704,0.0
284,StereocenterCount_div_Fused_ring_count,-0.7677027582855365,0.0
284,BondInformationContent_div_BalabanIndex,1.5654782483636362,-0.1350025346260522
284,Avg_EState_div_PathComplexityIndex,0.16034526437838148,0.0
284,RingCount_div_Asphericity,-0.33893854399467876,0.0
284,PMI_Ratio1_div_BertzCTIndex,-0.48797814307321097,-0.09285225628091125
284,Max_EState_div_Largest_ring_size,0.656671144324037,0.0
284,BalabanIndex_div_BondInformationContent,-0.7128123462597831,0.0
284,WienerIndex_div_PMI3,-0.41500890158910414,0.0
284,SSSR_count_div_ZagrebIndex,0.844240037447701,0.0
284,TPSA_div_Fused_ring_count,0.4723047930894839,0.0
284,RotatableBonds_div_BertzCTIndex,-0.5414510787096082,0.0
284,Asphericity_div_Bridged_ring_count,2.6408448062343957,-0.10237816970968394
284,RotatableBonds_div_Chi4,-0.4024135593964079,0.0
284,HBD_div_Fused_ring_count,-0.16310884399935974,0.0
284,Min_EState_div_BalabanIndex,0.24666604968314765,0.0
284,Fused_ring_count_div_Min_EState,-0.006036422530777268,0.0
284,BertzCTIndex_div_Max_EState,-0.3198995259728676,0.0
284,LogP_div_Chi4,-0.05264197825570353,0.0
284,FragmentComplexityScore_div_TotalPathCount,0.18462393044965886,0.0
284,FractionCSP3_div_Chi3,-0.7974822470311135,0.0
287,BalabanIndex_div_PathComplexityIndex,0.025129561537913122,0.0
287,RingCount_div_PMI_Ratio1,-0.6389751416941227,0.0
287,Max_EState_div_BalabanIndex,-0.558384811909378,0.1475817752940441
287,BalabanIndex_div_ZagrebIndex,0.6015226847874903,0.0
287,Largest_ring_size_div_BalabanIndex,-0.41046736817337076,0.0
287,TotalPathCount_div_Largest_ring_size,-0.43612674378316846,0.0
287,SSSR_count_div_AtomInformationContent,-0.7203177472687632,0.0
287,Fused_ring_count_div_PMI_Ratio1,-0.7563390875513493,0.0
287,PMI2_div_Largest_ring_size,-0.37023396142525367,0.0
287,SSSR_count_div_SpherocityIndex,-0.051110644858710245,0.0
287,SSSR_count_div_partial_charge_max,-0.6271640911672342,0.0
287,BalabanIndex_div_partial_charge_max,0.010831496809356161,0.0
287,RingCount_div_FractionCSP3,-0.25760523922592704,0.0
287,ZagrebIndex_div_Chi0,-0.5051510532471013,0.0
287,TPSA_div_BalabanIndex,-0.3692898037467362,0.0
287,MolarRefractivity_div_TotalPathCount,-0.1711003283604131,0.0
287,GraphDistanceDistributionEntropy_div_TotalPathCount,0.5614289449247956,0.0
287,PMI2_div_Fused_ring_count,-0.4826267306358038,0.0
287,SSSR_count_div_BondInformationContent,-0.46615997946011994,0.0
287,Fused_ring_count_div_FragmentComplexityScore,-1.0281751162380857,0.0
287,AtomInformationContent_div_BalabanIndex,0.12224283844270667,0.0
287,TotalPathCount_div_RadiusOfGyration,-0.36387799587060066,0.0
287,GraphDistanceDistributionEntropy_div_BertzCTIndex,0.08564381298867485,0.0
287,Fused_ring_count_div_InertialShapeFactor,-0.25401378127090635,0.0
287,StereocenterCount_div_BalabanIndex,-0.5753877682617654,0.0
287,BalabanIndex_div_Asphericity,0.5173058752234606,0.0
287,RadiusOfGyration_div_Largest_ring_size,-0.1835376406048862,0.0
287,ZagrebIndex_div_CovalentRadiusSum,0.14367470602855723,0.0
287,MolarRefractivity_div_BertzCTIndex,-0.4447433011690044,0.0
287,PMI1_div_Largest_ring_size,-0.2475250905124617,0.0
287,BalabanIndex_div_HBA,-0.014276265417570775,0.0
287,RingCount_div_Fused_ring_count,-1.244118498348645,0.0
287,Fused_ring_count_div_FractionCSP3,-0.7069975257501818,0.0
287,Largest_ring_size_div_PMI_Ratio1,-0.37109486303948475,0.0
287,Chi4_div_FractionCSP3,-0.5463090462126409,0.0
287,PMI1_div_WienerIndex,1.0320597947890664,0.15288725888190413
287,SSSR_count_div_DoubleBondCount,-0.5245739246944395,0.0
287,RingCount_div_SSSR_count,0.4191681070021959,0.0
287,Chi4_div_RadiusOfGyration,-0.7899989443766958,0.0
287,Fused_ring_count_div_Bridged_ring_count,-1.4270536095030357,0.0
287,HBD_div_BalabanIndex,-0.24823822355150735,0.14599269330610976
287,BalabanIndex_div_TopologicalRadius,1.0891402576797546,0.1596600142028553
287,TopologicalDiameter_div_BertzCTIndex,-0.33341417305402477,0.0
287,HeteroatomCount_div_Largest_ring_size,0.04113600909032489,0.0
287,WienerIndex_div_RingCount,-0.1872681148069532,0.0
287,Chi2_div_Chi4,0.24542334865150386,0.0
287,Chi4_div_Bridged_ring_count,-1.1576317652007062,0.0
287,Fused_ring_count_div_BondInformationContent,-0.6338218010298348,0.0
287,TotalPathCount_div_FractionCSP3,-0.22908434438560207,0.0
287,StereocenterCount_div_PMI_Ratio1,-0.4700381975266473,0.0
287,partial_charge_max_div_BertzCTIndex,0.2316788475566823,0.0
287,PMI1_div_Bridged_ring_count,-0.49312041894055575,0.0
287,Fused_ring_count_div_DoubleBondCount,-0.7659847234685216,0.0
287,SSSR_count_div_Min_EState,-0.005109461841721731,0.0
287,Asphericity_div_Largest_ring_size,-0.6767075163632975,0.15877560481305417
287,PathComplexityIndex_div_Largest_ring_size,0.24006699457446212,0.0
287,WienerIndex_div_RotatableBonds,-0.4559695558458025,0.0
287,RingCount_div_RotatableBonds,-0.3532007150156589,0.0
287,Bridged_ring_count_div_Fused_ring_count,-1.439196676874029,0.0
287,RotatableBonds_div_WienerIndex,0.5305974585239014,0.15518904448516163
287,StereocenterCount_div_Fused_ring_count,-0.7677027582855365,0.0
287,BondInformationContent_div_BalabanIndex,0.3242644633941915,0.0
287,Avg_EState_div_PathComplexityIndex,0.7067986232229936,0.0
287,RingCount_div_Asphericity,-0.08219565929451146,0.0
287,PMI_Ratio1_div_BertzCTIndex,0.7688384322903069,0.0
287,Max_EState_div_Largest_ring_size,0.5461803180117171,0.0
287,BalabanIndex_div_BondInformationContent,-0.5426241459624807,0.16911119297600216
287,WienerIndex_div_PMI3,-0.05806293206286835,0.0
287,SSSR_count_div_ZagrebIndex,-0.12396310823883658,0.0
287,TPSA_div_Fused_ring_count,-0.7463221206410611,0.0
287,RotatableBonds_div_BertzCTIndex,-0.3548829345337302,0.0
287,Asphericity_div_Bridged_ring_count,-0.9448338994567288,0.0
287,RotatableBonds_div_Chi4,-0.08041204701037274,0.0
287,HBD_div_Fused_ring_count,-0.5907056875796379,0.15845380349651494
287,Min_EState_div_BalabanIndex,0.5185308636362778,0.13622781511865978
287,Fused_ring_count_div_Min_EState,0.000907607443612213,0.13151543674244268
287,BertzCTIndex_div_Max_EState,-0.7209574491037035,0.0
287,LogP_div_Chi4,-0.11511939676202153,0.0
287,FragmentComplexityScore_div_TotalPathCount,0.6655263253421099,0.0
287,FractionCSP3_div_Chi3,0.17274807849835155,0.0
296,BalabanIndex_div_PathComplexityIndex,-0.4791613190503287,0.0
296,RingCount_div_PMI_Ratio1,0.17203246908214367,0.0
296,Max_EState_div_BalabanIndex,0.8035613439196558,-0.08349059846291189
296,BalabanIndex_div_ZagrebIndex,-0.4442252482949157,0.0
296,Largest_ring_size_div_BalabanIndex,0.0004796365904109691,0.0
296,TotalPathCount_div_Largest_ring_size,0.15367270146181222,0.0
296,SSSR_count_div_AtomInformationContent,-0.21167434570331548,0.0
296,Fused_ring_count_div_PMI_Ratio1,-0.7563390875513493,0.0
296,PMI2_div_Largest_ring_size,-0.05210673469868313,0.0
296,SSSR_count_div_SpherocityIndex,-0.051110529570563674,0.0
296,SSSR_count_div_partial_charge_max,-0.7808082295797576,0.0
296,BalabanIndex_div_partial_charge_max,-0.9718546769786374,-0.09836453526417256
296,RingCount_div_FractionCSP3,2.3966997044671916,-0.07916068766281545
296,ZagrebIndex_div_Chi0,0.12676166566219155,0.0
296,TPSA_div_BalabanIndex,-0.3216974817370248,0.0
296,MolarRefractivity_div_TotalPathCount,0.0221263294756766,0.0
296,GraphDistanceDistributionEntropy_div_TotalPathCount,-0.07229586166100639,-0.08530111493697079
296,PMI2_div_Fused_ring_count,-0.4826267306358038,0.0
296,SSSR_count_div_BondInformationContent,-0.3112398933562547,0.0
296,Fused_ring_count_div_FragmentComplexityScore,-1.0281751162380857,0.0
296,AtomInformationContent_div_BalabanIndex,0.6886682838102677,-0.08566973908620744
296,TotalPathCount_div_RadiusOfGyration,-0.19047046507426876,0.0
296,GraphDistanceDistributionEntropy_div_BertzCTIndex,-0.5456706362348229,0.0
296,Fused_ring_count_div_InertialShapeFactor,-0.25401378127090635,0.0
296,StereocenterCount_div_BalabanIndex,-0.6376549350429598,0.0
296,BalabanIndex_div_Asphericity,-0.33814053895186386,0.0
296,RadiusOfGyration_div_Largest_ring_size,0.508664022203989,0.0
296,ZagrebIndex_div_CovalentRadiusSum,0.38861187915338385,0.0
296,MolarRefractivity_div_BertzCTIndex,-0.7637871408146878,-0.07303281754970699
296,PMI1_div_Largest_ring_size,-0.15890359299815723,0.0
296,BalabanIndex_div_HBA,-0.35302984476929516,0.0
296,RingCount_div_Fused_ring_count,-1.244118498348645,0.0
296,Fused_ring_count_div_FractionCSP3,-0.7069975257501818,0.0
296,Largest_ring_size_div_PMI_Ratio1,0.12662153300069112,0.0
296,Chi4_div_FractionCSP3,2.122406724057553,0.0
296,PMI1_div_WienerIndex,-0.6487112958447565,-0.07290791325140233
296,SSSR_count_div_DoubleBondCount,-0.1597549277406553,0.0
296,RingCount_div_SSSR_count,0.4191681070021959,0.0
296,Chi4_div_RadiusOfGyration,-0.7408773764690728,0.0
296,Fused_ring_count_div_Bridged_ring_count,-1.4270536095030357,0.0
296,HBD_div_BalabanIndex,-0.5897772847378491,0.0
296,BalabanIndex_div_TopologicalRadius,-0.45883608665773007,0.0
296,TopologicalDiameter_div_BertzCTIndex,-0.6102016162800247,0.0
296,HeteroatomCount_div_Largest_ring_size,0.04113600909032489,0.0
296,WienerIndex_div_RingCount,-0.11636923380882472,0.0
296,Chi2_div_Chi4,0.3918724011509094,0.0
296,Chi4_div_Bridged_ring_count,-1.1576317652007062,0.0
296,Fused_ring_count_div_BondInformationContent,-0.6338218010298348,0.0
296,TotalPathCount_div_FractionCSP3,2.6771467236635353,-0.08379536977868261
296,StereocenterCount_div_PMI_Ratio1,-0.5007552387378665,0.0
296,partial_charge_max_div_BertzCTIndex,0.6727860964003863,0.0
296,PMI1_div_Bridged_ring_count,-0.49312041894055575,0.0
296,Fused_ring_count_div_DoubleBondCount,-0.7659847234685216,0.0
296,SSSR_count_div_Min_EState,-0.00026504868671252694,0.0
296,Asphericity_div_Largest_ring_size,0.9417541274358048,-0.11538255578228176
296,PathComplexityIndex_div_Largest_ring_size,0.35796462089128145,0.0
296,WienerIndex_div_RotatableBonds,-0.3539992506610219,0.0
296,RingCount_div_RotatableBonds,-0.395869682274287,0.0
296,Bridged_ring_count_div_Fused_ring_count,-1.439196676874029,0.0
296,RotatableBonds_div_WienerIndex,0.06339545195719631,0.0
296,StereocenterCount_div_Fused_ring_count,-0.7677027582855365,0.0
296,BondInformationContent_div_BalabanIndex,1.0810028010783372,-0.07788284644873583
296,Avg_EState_div_PathComplexityIndex,-0.0294550424574241,0.0
296,RingCount_div_Asphericity,-0.29557824517696957,0.0
296,PMI_Ratio1_div_BertzCTIndex,-0.5107545623829348,0.0
296,Max_EState_div_Largest_ring_size,1.0506372625692775,0.0
296,BalabanIndex_div_BondInformationContent,-0.6661510541863442,0.0
296,WienerIndex_div_PMI3,-0.18258698064630755,0.0
296,SSSR_count_div_ZagrebIndex,0.2758286401204947,0.0
296,TPSA_div_Fused_ring_count,-0.7463221206410611,0.0
296,RotatableBonds_div_BertzCTIndex,-0.32793548478537304,0.0
296,Asphericity_div_Bridged_ring_count,-0.9448338994567288,0.0
296,RotatableBonds_div_Chi4,0.28631389917684685,0.0
296,HBD_div_Fused_ring_count,-0.5907056875796379,0.0
296,Min_EState_div_BalabanIndex,-2.668158818653628,0.0
296,Fused_ring_count_div_Min_EState,0.000907607443612213,0.0
296,BertzCTIndex_div_Max_EState,0.022492849498220373,0.0
296,LogP_div_Chi4,0.47598481398737624,0.0
296,FragmentComplexityScore_div_TotalPathCount,-0.16333460618027096,0.0
296,FractionCSP3_div_Chi3,-0.8618495449555943,0.0
297,BalabanIndex_div_PathComplexityIndex,-0.38628268311094555,0.0
297,RingCount_div_PMI_Ratio1,0.4717562968294958,-0.1199175733246293
297,Max_EState_div_BalabanIndex,-0.32020574151365444,0.0
297,BalabanIndex_div_ZagrebIndex,-0.2936734177284397,0.0
297,Largest_ring_size_div_BalabanIndex,-0.14966016994694756,0.0
297,TotalPathCount_div_Largest_ring_size,0.1053284846384532,0.0
297,SSSR_count_div_AtomInformationContent,-0.4456105784168077,0.0
297,Fused_ring_count_div_PMI_Ratio1,-0.7563390875513493,0.0
297,PMI2_div_Largest_ring_size,0.005638854981444303,0.0
297,SSSR_count_div_SpherocityIndex,-0.051110561683429534,0.0
297,SSSR_count_div_partial_charge_max,-0.19630423582896894,0.0
297,BalabanIndex_div_partial_charge_max,-0.13503493387823853,0.0
297,RingCount_div_FractionCSP3,-0.5230357335952389,0.0
297,ZagrebIndex_div_Chi0,-0.19667932197686033,0.0
297,TPSA_div_BalabanIndex,0.598176843303419,0.0
297,MolarRefractivity_div_TotalPathCount,-0.8849720481604189,0.0
297,GraphDistanceDistributionEntropy_div_TotalPathCount,-0.00692414322067397,-0.1317214663927273
297,PMI2_div_Fused_ring_count,-0.4826267306358038,0.0
297,SSSR_count_div_BondInformationContent,-0.5961623172217534,0.0
297,Fused_ring_count_div_FragmentComplexityScore,-1.0281751162380857,0.0
297,AtomInformationContent_div_BalabanIndex,0.4162869020265431,0.0
297,TotalPathCount_div_RadiusOfGyration,-0.3607047958772044,0.0
297,GraphDistanceDistributionEntropy_div_BertzCTIndex,0.5770467026251226,0.0
297,Fused_ring_count_div_InertialShapeFactor,-0.25401378127090635,0.0
297,StereocenterCount_div_BalabanIndex,0.5439422695373358,0.0
297,BalabanIndex_div_Asphericity,-0.358029864556015,0.0
297,RadiusOfGyration_div_Largest_ring_size,0.6124779362317927,0.0
297,ZagrebIndex_div_CovalentRadiusSum,0.3279544034049202,0.0
297,MolarRefractivity_div_BertzCTIndex,0.10722970275873597,0.0
297,PMI1_div_Largest_ring_size,-0.28679491355386616,0.0
297,BalabanIndex_div_HBA,-0.7258232451521391,-0.0942063448700865
297,RingCount_div_Fused_ring_count,-1.244118498348645,0.0
297,Fused_ring_count_div_FractionCSP3,-0.7069975257501818,0.0
297,Largest_ring_size_div_PMI_Ratio1,0.697440666324898,-0.11754657358668347
297,Chi4_div_FractionCSP3,-0.8754604065873229,0.0
297,PMI1_div_WienerIndex,-0.9513659137111755,-0.12964105284872748
297,SSSR_count_div_DoubleBondCount,-0.8893929216482237,0.0
297,RingCount_div_SSSR_count,0.4191681070021959,0.0
297,Chi4_div_RadiusOfGyration,-0.757348608457845,0.0
297,Fused_ring_count_div_Bridged_ring_count,-1.4270536095030357,0.0
297,HBD_div_BalabanIndex,0.9533488954606556,-0.14889811899729635
297,BalabanIndex_div_TopologicalRadius,-0.3026402658691724,0.0
297,TopologicalDiameter_div_BertzCTIndex,0.5011761399079595,0.0
297,HeteroatomCount_div_Largest_ring_size,1.2755757691164304,0.0
297,WienerIndex_div_RingCount,-0.09097175624197167,0.0
297,Chi2_div_Chi4,0.3587439732336656,0.0
297,Chi4_div_Bridged_ring_count,-1.1576317652007062,0.0
297,Fused_ring_count_div_BondInformationContent,-0.6338218010298348,0.0
297,TotalPathCount_div_FractionCSP3,-0.5836907877019424,0.0
297,StereocenterCount_div_PMI_Ratio1,1.5977430163889315,-0.12348664596831738
297,partial_charge_max_div_BertzCTIndex,0.09274890942172273,0.0
297,PMI1_div_Bridged_ring_count,-0.49312041894055575,0.0
297,Fused_ring_count_div_DoubleBondCount,-0.7659847234685216,0.0
297,SSSR_count_div_Min_EState,-0.0017645774719238405,0.0
297,Asphericity_div_Largest_ring_size,1.5783619774434434,-0.15632882226499917
297,PathComplexityIndex_div_Largest_ring_size,0.424447622248308,0.0
297,WienerIndex_div_RotatableBonds,-0.3219740823909624,0.0
297,RingCount_div_RotatableBonds,-0.4080608157767522,0.0
297,Bridged_ring_count_div_Fused_ring_count,-1.439196676874029,0.0
297,RotatableBonds_div_WienerIndex,-0.0178762104106156,0.0
297,StereocenterCount_div_Fused_ring_count,-0.7677027582855365,0.0
297,BondInformationContent_div_BalabanIndex,-1.462044407866439,0.0
297,Avg_EState_div_PathComplexityIndex,1.1449067988618058,0.0
297,RingCount_div_Asphericity,-0.4285416516220761,0.0
297,PMI_Ratio1_div_BertzCTIndex,-0.4324996368080875,0.0
297,Max_EState_div_Largest_ring_size,0.17519321938515567,0.0
297,BalabanIndex_div_BondInformationContent,-0.9577408957621846,-0.0990383748255006
297,WienerIndex_div_PMI3,-0.5687615977208961,0.0
297,SSSR_count_div_ZagrebIndex,-0.1542194565415386,0.0
297,TPSA_div_Fused_ring_count,-0.7463221206410611,0.0
297,RotatableBonds_div_BertzCTIndex,-0.018186096650717996,0.0
297,Asphericity_div_Bridged_ring_count,-0.9448338994567288,0.0
297,RotatableBonds_div_Chi4,-0.015086950740988293,0.0
297,HBD_div_Fused_ring_count,-0.5907056875796379,0.0
297,Min_EState_div_BalabanIndex,-0.5619411291568848,0.0
297,Fused_ring_count_div_Min_EState,0.000907607443612213,0.0
297,BertzCTIndex_div_Max_EState,-0.6280672830568846,0.0
297,LogP_div_Chi4,-2.9554178068789927,-0.14645112073209146
297,FragmentComplexityScore_div_TotalPathCount,-0.12026190160634821,0.0
297,FractionCSP3_div_Chi3,1.1242309688534857,0.0
300,BalabanIndex_div_PathComplexityIndex,-0.12099192326433028,0.0
300,RingCount_div_PMI_Ratio1,-0.43484348025104513,0.015271203576847248
300,Max_EState_div_BalabanIndex,-0.21546558504401533,0.0
300,BalabanIndex_div_ZagrebIndex,0.04651969883702234,0.0
300,Largest_ring_size_div_BalabanIndex,-0.270829920748428,0.0
300,TotalPathCount_div_Largest_ring_size,-0.2427498764897322,0.0
300,SSSR_count_div_AtomInformationContent,-0.6682611882307791,0.016123982658717832
300,Fused_ring_count_div_PMI_Ratio1,-0.7563390875513493,0.0
300,PMI2_div_Largest_ring_size,-0.19582061218596067,0.0
300,SSSR_count_div_SpherocityIndex,-0.05111063495894476,0.0
300,SSSR_count_div_partial_charge_max,-0.5559340631870978,0.020954644522059796
300,BalabanIndex_div_partial_charge_max,-0.05124323565301537,0.0
300,RingCount_div_FractionCSP3,-0.502618003259138,0.0
300,ZagrebIndex_div_Chi0,-0.6821949740819334,0.018387179888769922
300,TPSA_div_BalabanIndex,-0.28431053877762097,0.0
300,MolarRefractivity_div_TotalPathCount,0.1812068236074647,0.0
300,GraphDistanceDistributionEntropy_div_TotalPathCount,0.6091206201924182,0.01898631511162946
300,PMI2_div_Fused_ring_count,-0.4826267306358038,0.0
300,SSSR_count_div_BondInformationContent,-0.4357144723548855,0.0
300,Fused_ring_count_div_FragmentComplexityScore,-1.0281751162380857,0.0
300,AtomInformationContent_div_BalabanIndex,0.19885645396095616,0.0
300,TotalPathCount_div_RadiusOfGyration,-0.5622743600244432,0.0
300,GraphDistanceDistributionEntropy_div_BertzCTIndex,0.44464387435167685,0.0
300,Fused_ring_count_div_InertialShapeFactor,-0.25401378127090635,0.0
300,StereocenterCount_div_BalabanIndex,-0.3411865876307118,0.0
300,BalabanIndex_div_Asphericity,-0.22752438719918933,0.0
300,RadiusOfGyration_div_Largest_ring_size,0.28426522262422715,0.0
300,ZagrebIndex_div_CovalentRadiusSum,-0.5701704831044208,0.0
300,MolarRefractivity_div_BertzCTIndex,0.18894709472822874,0.0
300,PMI1_div_Largest_ring_size,-0.23116269965078423,0.0
300,BalabanIndex_div_HBA,-0.16513973059872614,0.0
300,RingCount_div_Fused_ring_count,-1.244118498348645,0.0
300,Fused_ring_count_div_FractionCSP3,-0.7069975257501818,0.0
300,Largest_ring_size_div_PMI_Ratio1,-0.05122193984436538,0.0
300,Chi4_div_FractionCSP3,-0.6851198563843667,0.0
300,PMI1_div_WienerIndex,-0.4480281258103028,0.0
300,SSSR_count_div_DoubleBondCount,-0.3421644262175474,0.0
300,RingCount_div_SSSR_count,0.4191681070021959,0.0
300,Chi4_div_RadiusOfGyration,-0.6674079626077855,0.0
300,Fused_ring_count_div_Bridged_ring_count,-1.4270536095030357,0.0
300,HBD_div_BalabanIndex,-0.18324071706946848,0.0
300,BalabanIndex_div_TopologicalRadius,-0.13742435216443616,0.0
300,TopologicalDiameter_div_BertzCTIndex,0.3735282260956847,0.0
300,HeteroatomCount_div_Largest_ring_size,0.04113600909032489,0.0
300,WienerIndex_div_RingCount,-0.0683801503425272,0.0
300,Chi2_div_Chi4,0.43096389425700715,0.0
300,Chi4_div_Bridged_ring_count,-1.1576317652007062,0.0
300,Fused_ring_count_div_BondInformationContent,-0.6338218010298348,0.0
300,TotalPathCount_div_FractionCSP3,-0.49118475901072317,0.0
300,StereocenterCount_div_PMI_Ratio1,-0.23518306190037064,0.0
300,partial_charge_max_div_BertzCTIndex,0.08343752177879955,0.0
300,PMI1_div_Bridged_ring_count,-0.49312041894055575,0.0
300,Fused_ring_count_div_DoubleBondCount,-0.7659847234685216,0.0
300,SSSR_count_div_Min_EState,-0.0020107123290379683,0.0
300,Asphericity_div_Largest_ring_size,0.5959389639282998,0.0
300,PathComplexityIndex_div_Largest_ring_size,0.125859582885537,0.0
300,WienerIndex_div_RotatableBonds,-0.44739984828915635,0.011989571983643631
300,RingCount_div_RotatableBonds,-0.5665455513087991,0.0
300,Bridged_ring_count_div_Fused_ring_count,-1.439196676874029,0.0
300,RotatableBonds_div_WienerIndex,0.47036915540731095,0.031999498646629244
300,StereocenterCount_div_Fused_ring_count,-0.7677027582855365,0.0
300,BondInformationContent_div_BalabanIndex,0.260748459018086,0.027437348502103644
300,Avg_EState_div_PathComplexityIndex,0.611567613751013,0.0
300,RingCount_div_Asphericity,-0.42870121292517827,0.0
300,PMI_Ratio1_div_BertzCTIndex,-0.054713221747018564,0.0
300,Max_EState_div_Largest_ring_size,0.6096531091276027,0.0
300,BalabanIndex_div_BondInformationContent,-0.5273196030869617,0.017652511633189726
300,WienerIndex_div_PMI3,-0.001849519927627167,0.0
300,SSSR_count_div_ZagrebIndex,-0.44788401359719954,0.01482677454994927
300,TPSA_div_Fused_ring_count,-0.7463221206410611,0.0
300,RotatableBonds_div_BertzCTIndex,0.1280271286758686,0.0
300,Asphericity_div_Bridged_ring_count,-0.9448338994567288,0.0
300,RotatableBonds_div_Chi4,0.3461853574337778,0.0
300,HBD_div_Fused_ring_count,-0.5907056875796379,0.0
300,Min_EState_div_BalabanIndex,0.10140106920388622,0.0
300,Fused_ring_count_div_Min_EState,0.000907607443612213,0.0
300,BertzCTIndex_div_Max_EState,-0.7515969337069379,0.0
300,LogP_div_Chi4,-0.53843411144111,0.0
300,FragmentComplexityScore_div_TotalPathCount,0.2985373182507943,0.0
300,FractionCSP3_div_Chi3,0.360583439230338,0.0
307,BalabanIndex_div_PathComplexityIndex,-0.6844443964372007,0.0
307,RingCount_div_PMI_Ratio1,0.2798720439788796,0.0
307,Max_EState_div_BalabanIndex,0.9054456334746226,-0.10122162738377526
307,BalabanIndex_div_ZagrebIndex,-0.8054176156607245,0.0
307,Largest_ring_size_div_BalabanIndex,0.31957454923647066,0.0
307,TotalPathCount_div_Largest_ring_size,1.1979077848463686,0.0
307,SSSR_count_div_AtomInformationContent,0.42697940616954905,0.0
307,Fused_ring_count_div_PMI_Ratio1,0.3214671370242484,0.0
307,PMI2_div_Largest_ring_size,0.44415041586215415,0.0
307,SSSR_count_div_SpherocityIndex,-0.051110532769556016,0.0
307,SSSR_count_div_partial_charge_max,0.4967845119861429,0.0
307,BalabanIndex_div_partial_charge_max,-0.7000232891707612,-0.08901459850738334
307,RingCount_div_FractionCSP3,0.5190247257805781,0.0
307,ZagrebIndex_div_Chi0,0.424604349844762,0.0
307,TPSA_div_BalabanIndex,1.0434833901117888,0.0
307,MolarRefractivity_div_TotalPathCount,-0.6123097124712609,0.0
307,GraphDistanceDistributionEntropy_div_TotalPathCount,-0.746159486775435,0.0
307,PMI2_div_Fused_ring_count,0.3492735070574743,0.0
307,SSSR_count_div_BondInformationContent,-0.03515698768886968,0.0
307,Fused_ring_count_div_FragmentComplexityScore,0.794925742576987,0.0
307,AtomInformationContent_div_BalabanIndex,1.4212695105796371,-0.13530273104580018
307,TotalPathCount_div_RadiusOfGyration,0.568107294962904,0.0
307,GraphDistanceDistributionEntropy_div_BertzCTIndex,-0.7298539471422184,0.0
307,Fused_ring_count_div_InertialShapeFactor,0.26805168667955726,0.0
307,StereocenterCount_div_BalabanIndex,0.2318852092809108,0.0
307,BalabanIndex_div_Asphericity,-0.31472030217166247,-0.09145431006697773
307,RadiusOfGyration_div_Largest_ring_size,1.0286850287424385,-0.06730292453001696
307,ZagrebIndex_div_CovalentRadiusSum,0.7115569627450228,0.0
307,MolarRefractivity_div_BertzCTIndex,-0.7961949256576042,0.0
307,PMI1_div_Largest_ring_size,0.7202173104626087,0.0
307,BalabanIndex_div_HBA,-0.800209979245611,0.0
307,RingCount_div_Fused_ring_count,0.6467744981776413,0.0
307,Fused_ring_count_div_FractionCSP3,0.517037110856883,0.0
307,Largest_ring_size_div_PMI_Ratio1,-0.156437504238907,0.0
307,Chi4_div_FractionCSP3,0.30232245287613047,0.0
307,PMI1_div_WienerIndex,-0.5597894266577491,0.0
307,SSSR_count_div_DoubleBondCount,1.0259068123591435,-0.08736068630860032
307,RingCount_div_SSSR_count,0.4191681070021959,0.0
307,Chi4_div_RadiusOfGyration,-0.122206177254028,0.0
307,Fused_ring_count_div_Bridged_ring_count,0.6317929850256704,0.0
307,HBD_div_BalabanIndex,0.5458128776613276,0.0
307,BalabanIndex_div_TopologicalRadius,-0.9050550796796982,0.0
307,TopologicalDiameter_div_BertzCTIndex,-0.6595261244929591,0.0
307,HeteroatomCount_div_Largest_ring_size,1.4298807391196935,0.0
307,WienerIndex_div_RingCount,0.030288182209335855,0.0
307,Chi2_div_Chi4,0.061581292021758716,0.0
307,Chi4_div_Bridged_ring_count,0.1173318137911378,0.0
307,Fused_ring_count_div_BondInformationContent,-0.03991256711588622,0.0
307,TotalPathCount_div_FractionCSP3,0.46613843296970314,0.0
307,StereocenterCount_div_PMI_Ratio1,-0.11814809850384528,0.0
307,partial_charge_max_div_BertzCTIndex,-0.5822971314557189,0.0
307,PMI1_div_Bridged_ring_count,0.4868895345944722,0.0
307,Fused_ring_count_div_DoubleBondCount,0.8859214728625707,-0.07178297652665389
307,SSSR_count_div_Min_EState,-0.008198335583131973,0.0
307,Asphericity_div_Largest_ring_size,0.2509443322288177,0.0
307,PathComplexityIndex_div_Largest_ring_size,0.49612513512688816,0.0
307,WienerIndex_div_RotatableBonds,-0.040145229822992845,0.0
307,RingCount_div_RotatableBonds,-0.3532007150156589,0.0
307,Bridged_ring_count_div_Fused_ring_count,0.7211421597349512,0.0
307,RotatableBonds_div_WienerIndex,-0.34752001985044845,0.0
307,StereocenterCount_div_Fused_ring_count,0.039595607943195665,0.0
307,BondInformationContent_div_BalabanIndex,1.42824456566925,-0.09505852078584619
307,Avg_EState_div_PathComplexityIndex,-0.0314396645689716,0.0
307,RingCount_div_Asphericity,0.18690601357495135,0.0
307,PMI_Ratio1_div_BertzCTIndex,-0.47555346598267223,-0.09116087455670237
307,Max_EState_div_Largest_ring_size,0.4802044891662046,0.0
307,BalabanIndex_div_BondInformationContent,-0.7011829046527416,0.0
307,WienerIndex_div_PMI3,0.7787297842105465,0.0
307,SSSR_count_div_ZagrebIndex,0.4004802623413775,0.0
307,TPSA_div_Fused_ring_count,0.5400222293127959,0.0
307,RotatableBonds_div_BertzCTIndex,-0.2792765925424028,0.0
307,Asphericity_div_Bridged_ring_count,-0.07356743347646276,0.0
307,RotatableBonds_div_Chi4,0.029238215827508015,0.0
307,HBD_div_Fused_ring_count,0.2644879995809185,0.0
307,Min_EState_div_BalabanIndex,-1.0588392550741859,-0.08797605920814566
307,Fused_ring_count_div_Min_EState,-0.00664486449370195,0.0
307,BertzCTIndex_div_Max_EState,1.2699938004081792,0.0
307,LogP_div_Chi4,-0.47418272160663155,0.0
307,FragmentComplexityScore_div_TotalPathCount,-0.6984724786459694,0.0
307,FractionCSP3_div_Chi3,-0.49250839974996,0.0
310,BalabanIndex_div_PathComplexityIndex,-0.15995189909079957,0.0
310,RingCount_div_PMI_Ratio1,-0.6179505566367733,0.0
310,Max_EState_div_BalabanIndex,-0.6958723339196256,0.1305401216870165
310,BalabanIndex_div_ZagrebIndex,0.7570885741491805,0.0
310,Largest_ring_size_div_BalabanIndex,-0.5144590585202236,0.0
310,TotalPathCount_div_Largest_ring_size,-0.32976946677177854,0.0
310,SSSR_count_div_AtomInformationContent,-0.6325424112622381,0.0
310,Fused_ring_count_div_PMI_Ratio1,-0.4850722197196698,0.0
310,PMI2_div_Largest_ring_size,-0.38489028355831756,0.0
310,SSSR_count_div_SpherocityIndex,-0.051110644270168655,0.0
310,SSSR_count_div_partial_charge_max,-0.591681337973842,0.0
310,BalabanIndex_div_partial_charge_max,0.055377407990340556,0.0
310,RingCount_div_FractionCSP3,-0.5407310998865263,0.0
310,ZagrebIndex_div_Chi0,-0.046749321685146304,0.0
310,TPSA_div_BalabanIndex,-0.4797634902501502,0.0
310,MolarRefractivity_div_TotalPathCount,-0.1541178689444853,0.0
310,GraphDistanceDistributionEntropy_div_TotalPathCount,0.5950656918481468,0.0
310,PMI2_div_Fused_ring_count,-0.34713740550100003,0.0
310,SSSR_count_div_BondInformationContent,-0.32242482484267104,0.0
310,Fused_ring_count_div_FragmentComplexityScore,-0.29893477271205665,0.0
310,AtomInformationContent_div_BalabanIndex,-0.22176121287018707,0.13668078907782247
310,TotalPathCount_div_RadiusOfGyration,-0.28067504392368675,0.0
310,GraphDistanceDistributionEntropy_div_BertzCTIndex,0.657966749630106,0.0
310,Fused_ring_count_div_InertialShapeFactor,-0.22732662245776947,0.0
310,StereocenterCount_div_BalabanIndex,-0.5093936100775901,0.0
310,BalabanIndex_div_Asphericity,0.29808004848300207,0.0
310,RadiusOfGyration_div_Largest_ring_size,-0.0876045123401162,0.0
310,ZagrebIndex_div_CovalentRadiusSum,-0.20210330666383344,0.0
310,MolarRefractivity_div_BertzCTIndex,0.21548150374219374,0.0
310,PMI1_div_Largest_ring_size,-0.32136070644662684,0.0
310,BalabanIndex_div_HBA,1.3325734998070515,0.14160951091215937
310,RingCount_div_Fused_ring_count,0.10651935631298814,0.0
310,Fused_ring_count_div_FractionCSP3,-0.38230623267125513,0.0
310,Largest_ring_size_div_PMI_Ratio1,-0.38954214678778626,0.0
310,Chi4_div_FractionCSP3,-0.7500123622070383,0.12489181905538693
310,PMI1_div_WienerIndex,1.0152501445467177,0.11911936164202698
310,SSSR_count_div_DoubleBondCount,-0.5245739246944395,0.0
310,RingCount_div_SSSR_count,0.4191681070021959,0.0
310,Chi4_div_RadiusOfGyration,-0.05093084271587674,0.0
310,Fused_ring_count_div_Bridged_ring_count,0.6317929850256704,0.0
310,HBD_div_BalabanIndex,-0.35527032181401785,0.0
310,BalabanIndex_div_TopologicalRadius,1.6409941272550428,0.15823354404797613
310,TopologicalDiameter_div_BertzCTIndex,-0.13483099567717247,0.0
310,HeteroatomCount_div_Largest_ring_size,-0.2983349249168542,0.0
310,WienerIndex_div_RingCount,-0.22371551997122982,0.0
310,Chi2_div_Chi4,-0.3415498475332569,0.0
310,Chi4_div_Bridged_ring_count,0.42066642086373945,0.0
310,Fused_ring_count_div_BondInformationContent,-0.2281120828372212,0.0
310,TotalPathCount_div_FractionCSP3,-0.6530703092203568,0.0
310,StereocenterCount_div_PMI_Ratio1,-0.43197224087292935,0.0
310,partial_charge_max_div_BertzCTIndex,0.7284304036592815,0.0
310,PMI1_div_Bridged_ring_count,-0.2112963635327899,0.0
310,Fused_ring_count_div_DoubleBondCount,-0.325476404446897,0.0
310,SSSR_count_div_Min_EState,-0.006058169496695588,0.0
310,Asphericity_div_Largest_ring_size,-0.3497900395331148,0.1324641625665364
310,PathComplexityIndex_div_Largest_ring_size,1.0282589907374675,0.0
310,WienerIndex_div_RotatableBonds,-0.4933998269157988,0.0
310,RingCount_div_RotatableBonds,-0.22519381323977486,0.0
310,Bridged_ring_count_div_Fused_ring_count,0.7211421597349512,0.0
310,RotatableBonds_div_WienerIndex,0.887513055459088,0.15263781009070904
310,StereocenterCount_div_Fused_ring_count,-0.19106106812215634,0.0
310,BondInformationContent_div_BalabanIndex,-0.5883087629338175,0.0
310,Avg_EState_div_PathComplexityIndex,-0.5749615068511806,0.0
310,RingCount_div_Asphericity,-0.18038376748136428,0.0
310,PMI_Ratio1_div_BertzCTIndex,1.2428908530046723,0.12415662109174953
310,Max_EState_div_Largest_ring_size,0.700495246737827,0.0
310,BalabanIndex_div_BondInformationContent,-0.10905544144118846,0.0
310,WienerIndex_div_PMI3,-0.2865803126743504,0.0
310,SSSR_count_div_ZagrebIndex,0.08350899440828384,0.11062110206590835
310,TPSA_div_Fused_ring_count,0.22180766672104338,0.0
310,RotatableBonds_div_BertzCTIndex,-0.31740321827527956,0.0
310,Asphericity_div_Bridged_ring_count,0.1992027743122226,0.0
310,RotatableBonds_div_Chi4,-0.5152012699482351,0.0
310,HBD_div_Fused_ring_count,0.2644879995809185,0.0
310,Min_EState_div_BalabanIndex,0.5532456965800404,0.0
310,Fused_ring_count_div_Min_EState,-0.0075163190233646935,0.0
310,BertzCTIndex_div_Max_EState,-0.9480220236745955,0.0
310,LogP_div_Chi4,-0.0015351771394530955,0.0
310,FragmentComplexityScore_div_TotalPathCount,0.832506323568671,0.0
310,FractionCSP3_div_Chi3,0.6725474463788315,0.0
312,BalabanIndex_div_PathComplexityIndex,-0.382601136918354,0.0
312,RingCount_div_PMI_Ratio1,-0.16244074072965262,0.0
312,Max_EState_div_BalabanIndex,0.15426612973401788,0.0
312,BalabanIndex_div_ZagrebIndex,-0.1697318096390544,0.0
312,Largest_ring_size_div_BalabanIndex,-0.1047577720042181,0.0
312,TotalPathCount_div_Largest_ring_size,-0.1847368163017013,0.0
312,SSSR_count_div_AtomInformationContent,-0.4770204266307588,0.0
312,Fused_ring_count_div_PMI_Ratio1,-0.15687645868890573,0.0
312,PMI2_div_Largest_ring_size,-0.13132620294844385,0.0
312,SSSR_count_div_SpherocityIndex,-0.051110613659706046,0.0
312,SSSR_count_div_partial_charge_max,-0.4048877000101469,0.0
312,BalabanIndex_div_partial_charge_max,-0.41623482133626966,-0.04160121750718905
312,RingCount_div_FractionCSP3,0.5386862438820085,0.0
312,ZagrebIndex_div_Chi0,-0.11545944168251321,0.0
312,TPSA_div_BalabanIndex,-0.4067953185503093,0.0
312,MolarRefractivity_div_TotalPathCount,-0.07273321714723432,0.0
312,GraphDistanceDistributionEntropy_div_TotalPathCount,0.4208719259315213,0.0
312,PMI2_div_Fused_ring_count,0.2663294716529717,0.0
312,SSSR_count_div_BondInformationContent,-0.40791922451499196,0.0
312,Fused_ring_count_div_FragmentComplexityScore,-0.29893477271205665,0.0
312,AtomInformationContent_div_BalabanIndex,0.643634680211839,0.0
312,TotalPathCount_div_RadiusOfGyration,-0.6556198493596527,0.0
312,GraphDistanceDistributionEntropy_div_BertzCTIndex,-0.19062826753609652,-0.03328592953551154
312,Fused_ring_count_div_InertialShapeFactor,-0.2051894619521474,0.0
312,StereocenterCount_div_BalabanIndex,-0.5494446251678999,0.0
312,BalabanIndex_div_Asphericity,-0.2992265985745815,0.0
312,RadiusOfGyration_div_Largest_ring_size,0.484685035918182,-0.04201076381635213
312,ZagrebIndex_div_CovalentRadiusSum,0.6248490427729615,-0.03190467243467604
312,MolarRefractivity_div_BertzCTIndex,-0.638050379485505,0.0
312,PMI1_div_Largest_ring_size,-0.19080760805491906,0.0
312,BalabanIndex_div_HBA,-0.2917936809356875,0.0
312,RingCount_div_Fused_ring_count,0.7818382836438047,0.0
312,Fused_ring_count_div_FractionCSP3,0.4526142352459848,0.0
312,Largest_ring_size_div_PMI_Ratio1,0.034919040652445485,0.0
312,Chi4_div_FractionCSP3,0.044615167620857266,0.0
312,PMI1_div_WienerIndex,-0.03793394883520581,0.0
312,SSSR_count_div_DoubleBondCount,-0.3421644262175474,0.0
312,RingCount_div_SSSR_count,0.4191681070021959,0.0
312,Chi4_div_RadiusOfGyration,-1.058231723888318,0.0
312,Fused_ring_count_div_Bridged_ring_count,0.6317929850256704,0.0
312,HBD_div_BalabanIndex,-0.5897772847378491,0.0
312,BalabanIndex_div_TopologicalRadius,-0.35408325429951604,0.0
312,TopologicalDiameter_div_BertzCTIndex,-0.22670502305230283,-0.04201853438475271
312,HeteroatomCount_div_Largest_ring_size,0.04113600909032489,0.0
312,WienerIndex_div_RingCount,-0.1554778780803342,0.0
312,Chi2_div_Chi4,0.7344217008307745,0.0
312,Chi4_div_Bridged_ring_count,-0.03318681219809289,0.0
312,Fused_ring_count_div_BondInformationContent,-0.4478235259914433,0.0
312,TotalPathCount_div_FractionCSP3,0.603469913835371,0.0
312,StereocenterCount_div_PMI_Ratio1,-0.42475473589219653,0.0
312,partial_charge_max_div_BertzCTIndex,-0.13458410820631658,0.0
312,PMI1_div_Bridged_ring_count,0.10976944054604906,0.0
312,Fused_ring_count_div_DoubleBondCount,-0.325476404446897,0.0
312,SSSR_count_div_Min_EState,-0.007438222037139848,0.0
312,Asphericity_div_Largest_ring_size,0.768633186834585,-0.05309591510903316
312,PathComplexityIndex_div_Largest_ring_size,0.3126307021577227,0.0
312,WienerIndex_div_RotatableBonds,-0.3497825859535797,0.0
312,RingCount_div_RotatableBonds,-0.2763965739501285,0.0
312,Bridged_ring_count_div_Fused_ring_count,0.7211421597349512,0.0
312,RotatableBonds_div_WienerIndex,0.05160282512110524,0.0
312,StereocenterCount_div_Fused_ring_count,-0.47938191320384643,0.0
312,BondInformationContent_div_BalabanIndex,1.1593970842864478,-0.05157760727601266
312,Avg_EState_div_PathComplexityIndex,0.34159290796658826,-0.03271605932703902
312,RingCount_div_Asphericity,-0.3567424516831468,0.0
312,PMI_Ratio1_div_BertzCTIndex,-0.3468722985633232,0.0
312,Max_EState_div_Largest_ring_size,0.6198844603895501,0.0
312,BalabanIndex_div_BondInformationContent,-0.6748710567839727,0.0
312,WienerIndex_div_PMI3,-0.8033536190490098,0.0
312,SSSR_count_div_ZagrebIndex,0.17860037478821106,0.0
312,TPSA_div_Fused_ring_count,0.14074760005542578,0.0
312,RotatableBonds_div_BertzCTIndex,-0.4109956016759463,0.0
312,Asphericity_div_Bridged_ring_count,1.9273266902295272,-0.0325403150586598
312,RotatableBonds_div_Chi4,0.04111601195884921,0.0
312,HBD_div_Fused_ring_count,-0.5907056875796379,0.0
312,Min_EState_div_BalabanIndex,0.27058685716095987,0.0
312,Fused_ring_count_div_Min_EState,-0.005632405834878715,0.0
312,BertzCTIndex_div_Max_EState,-0.3002073315559384,0.0
312,LogP_div_Chi4,1.303039326576896,0.0
312,FragmentComplexityScore_div_TotalPathCount,0.21171308974383202,0.0
312,FractionCSP3_div_Chi3,-0.4551725799742782,-0.04042861316014007
314,BalabanIndex_div_PathComplexityIndex,-0.5949519857190078,0.0
314,RingCount_div_PMI_Ratio1,-0.059999540817663115,0.0
314,Max_EState_div_BalabanIndex,0.6587969307829201,-0.0867857559894572
314,BalabanIndex_div_ZagrebIndex,-0.5981405361427374,0.0
314,Largest_ring_size_div_BalabanIndex,-0.021571212052165712,0.0
314,TotalPathCount_div_Largest_ring_size,0.8304917369888394,0.0
314,SSSR_count_div_AtomInformationContent,0.21946589986037504,0.0
314,Fused_ring_count_div_PMI_Ratio1,-0.013188612300307696,0.0
314,PMI2_div_Largest_ring_size,-0.09070130486904182,0.0
314,SSSR_count_div_SpherocityIndex,-0.051110590624437485,0.0
314,SSSR_count_div_partial_charge_max,0.6392130317223929,0.0
314,BalabanIndex_div_partial_charge_max,-0.46573754113803567,0.0
314,RingCount_div_FractionCSP3,0.9006369180219793,0.0
314,ZagrebIndex_div_Chi0,0.7078635130903438,0.0
314,TPSA_div_BalabanIndex,-0.02251852133134344,0.0
314,MolarRefractivity_div_TotalPathCount,-0.7588763482506635,0.0
314,GraphDistanceDistributionEntropy_div_TotalPathCount,-0.7257851863079429,0.0
314,PMI2_div_Fused_ring_count,-0.1454660859720456,-0.05903854192645745
314,SSSR_count_div_BondInformationContent,-0.14115413505603638,0.0
314,Fused_ring_count_div_FragmentComplexityScore,0.794925742576987,0.0
314,AtomInformationContent_div_BalabanIndex,1.0594030226036268,-0.05216282098303585
314,TotalPathCount_div_RadiusOfGyration,1.2392964822275985,0.0
314,GraphDistanceDistributionEntropy_div_BertzCTIndex,-0.6402307372464703,0.0
314,Fused_ring_count_div_InertialShapeFactor,-0.0019158365695079468,0.0
314,StereocenterCount_div_BalabanIndex,-0.2565761674393714,0.0
314,BalabanIndex_div_Asphericity,-0.08029831195655969,0.0
314,RadiusOfGyration_div_Largest_ring_size,0.24490428408526982,0.0
314,ZagrebIndex_div_CovalentRadiusSum,1.1951367074769093,0.0
314,MolarRefractivity_div_BertzCTIndex,-0.7260850325185593,0.0
314,PMI1_div_Largest_ring_size,0.15562359542736215,0.0
314,BalabanIndex_div_HBA,-0.5724212991776582,0.0
314,RingCount_div_Fused_ring_count,0.6467744981776413,0.0
314,Fused_ring_count_div_FractionCSP3,0.8742912392445913,0.0
314,Largest_ring_size_div_PMI_Ratio1,-0.30860220669652505,0.0
314,Chi4_div_FractionCSP3,0.7198202479235322,0.0
314,PMI1_div_WienerIndex,-0.19682660758015452,0.0
314,SSSR_count_div_DoubleBondCount,-0.25095967697910126,0.0
314,RingCount_div_SSSR_count,0.4191681070021959,0.0
314,Chi4_div_RadiusOfGyration,0.5608577673841196,0.0
314,Fused_ring_count_div_Bridged_ring_count,0.6317929850256704,-0.053120615390516664
314,HBD_div_BalabanIndex,-0.5897772847378491,0.0
314,BalabanIndex_div_TopologicalRadius,-0.4385131939481802,0.0
314,TopologicalDiameter_div_BertzCTIndex,-0.6711950182114114,-0.05069742657180078
314,HeteroatomCount_div_Largest_ring_size,0.6583558891033776,0.0
314,WienerIndex_div_RingCount,-0.15212240268425795,0.0
314,Chi2_div_Chi4,-0.9269103034466761,0.0
314,Chi4_div_Bridged_ring_count,0.0922557646192696,0.0
314,Fused_ring_count_div_BondInformationContent,-0.1521266251219214,0.0
314,TotalPathCount_div_FractionCSP3,0.6209899950268901,0.0
314,StereocenterCount_div_PMI_Ratio1,-0.350007400017697,0.0
314,partial_charge_max_div_BertzCTIndex,-0.4832723228600981,0.0
314,PMI1_div_Bridged_ring_count,0.028996098587444973,0.0
314,Fused_ring_count_div_DoubleBondCount,-0.2153493246914908,0.0
314,SSSR_count_div_Min_EState,-0.009374139695759074,0.0
314,Asphericity_div_Largest_ring_size,-0.3293331927176819,0.0
314,PathComplexityIndex_div_Largest_ring_size,0.8107509555593834,0.0
314,WienerIndex_div_RotatableBonds,-0.15525575326129756,0.0
314,RingCount_div_RotatableBonds,0.03081999031199337,-0.04987099125838337
314,Bridged_ring_count_div_Fused_ring_count,0.7211421597349512,0.0
314,RotatableBonds_div_WienerIndex,-0.26093833343296297,-0.05357359893349684
314,StereocenterCount_div_Fused_ring_count,-0.30638940615483234,0.0
314,BondInformationContent_div_BalabanIndex,1.271034750895558,-0.05175956519236314
314,Avg_EState_div_PathComplexityIndex,-0.4726063808649339,0.0
314,RingCount_div_Asphericity,0.6343481722510896,0.0
314,PMI_Ratio1_div_BertzCTIndex,-0.21569817577975153,0.0
314,Max_EState_div_Largest_ring_size,0.9579504550484124,0.0
314,BalabanIndex_div_BondInformationContent,-0.68642539785616,0.0
314,WienerIndex_div_PMI3,1.0633698692231681,0.0
314,SSSR_count_div_ZagrebIndex,0.9694030509392348,-0.05829637014653879
314,TPSA_div_Fused_ring_count,-0.06042483441984753,0.0
314,RotatableBonds_div_BertzCTIndex,-0.4408294506862772,0.0
314,Asphericity_div_Bridged_ring_count,-0.3847268208416107,0.0
314,RotatableBonds_div_Chi4,-0.4410316444333393,-0.037473117743380135
314,HBD_div_Fused_ring_count,-0.5907056875796379,0.0
314,Min_EState_div_BalabanIndex,-0.44532655449567626,0.0
314,Fused_ring_count_div_Min_EState,-0.007488400897532241,0.0
314,BertzCTIndex_div_Max_EState,0.2112312958876587,0.0
314,LogP_div_Chi4,-0.36490954700144396,0.0
314,FragmentComplexityScore_div_TotalPathCount,-0.5679913307299488,0.0
314,FractionCSP3_div_Chi3,-0.5671229788726821,0.0
320,BalabanIndex_div_PathComplexityIndex,2.1687208055615463,0.0
320,RingCount_div_PMI_Ratio1,-0.8147325172439013,0.0
320,Max_EState_div_BalabanIndex,-1.2547092089617766,0.0
320,BalabanIndex_div_ZagrebIndex,0.34581456577813374,0.0
320,Largest_ring_size_div_BalabanIndex,-1.144213095990653,0.22553142791183234
320,TotalPathCount_div_Largest_ring_size,-1.3740045501563347,0.0
320,SSSR_count_div_AtomInformationContent,-1.0768367558935874,0.0
320,Fused_ring_count_div_PMI_Ratio1,-0.7563390875513493,0.0
320,PMI2_div_Largest_ring_size,-0.4551980087956476,0.0
320,SSSR_count_div_SpherocityIndex,-0.05111066915440397,0.0
320,SSSR_count_div_partial_charge_max,-1.165410654555062,0.0
320,BalabanIndex_div_partial_charge_max,-0.37169614819207925,0.0
320,RingCount_div_FractionCSP3,-0.7884662279645507,0.0
320,ZagrebIndex_div_Chi0,-1.6232055959036236,0.0
320,TPSA_div_BalabanIndex,-0.471034343360274,0.0
320,MolarRefractivity_div_TotalPathCount,1.90408311707849,0.0
320,GraphDistanceDistributionEntropy_div_TotalPathCount,0.29789981636551227,0.0
320,PMI2_div_Fused_ring_count,-0.4826267306358038,0.0
320,SSSR_count_div_BondInformationContent,-0.5961623172217534,0.0
320,Fused_ring_count_div_FragmentComplexityScore,-1.0281751162380857,0.0
320,AtomInformationContent_div_BalabanIndex,-1.1299790423729579,0.0
320,TotalPathCount_div_RadiusOfGyration,-1.471194715076722,0.0
320,GraphDistanceDistributionEntropy_div_BertzCTIndex,-0.23499101344891968,0.0
320,Fused_ring_count_div_InertialShapeFactor,-0.25401378127090635,0.0
320,StereocenterCount_div_BalabanIndex,-0.5712417707075782,0.0
320,BalabanIndex_div_Asphericity,0.35256376202075607,0.0
320,RadiusOfGyration_div_Largest_ring_size,-1.5682951534675906,0.1800310592390433
320,ZagrebIndex_div_CovalentRadiusSum,-1.4979608978026222,0.0
320,MolarRefractivity_div_BertzCTIndex,0.3959049803816308,0.0
320,PMI1_div_Largest_ring_size,-0.48815873716732344,0.0
320,BalabanIndex_div_HBA,0.14799033189797506,0.0
320,RingCount_div_Fused_ring_count,-1.244118498348645,0.0
320,Fused_ring_count_div_FractionCSP3,-0.7069975257501818,0.0
320,Largest_ring_size_div_PMI_Ratio1,-0.6465054734894813,0.17688430529574972
320,Chi4_div_FractionCSP3,-0.2893916012067043,0.0
320,PMI1_div_WienerIndex,1.547177100881526,0.20048225506437775
320,SSSR_count_div_DoubleBondCount,-0.8893929216482237,0.0
320,RingCount_div_SSSR_count,-2.385677687054472,0.24090084030590742
320,Chi4_div_RadiusOfGyration,-1.2641509025993447,0.0
320,Fused_ring_count_div_Bridged_ring_count,-1.4270536095030357,0.0
320,HBD_div_BalabanIndex,-0.4683505844394022,0.0
320,BalabanIndex_div_TopologicalRadius,-0.48458109419145917,0.0
320,TopologicalDiameter_div_BertzCTIndex,1.0455000483806427,0.0
320,HeteroatomCount_div_Largest_ring_size,-1.0389987809325176,0.0
320,WienerIndex_div_RingCount,-0.27430798952068997,0.0
320,Chi2_div_Chi4,1.4915618476630388,0.0
320,Chi4_div_Bridged_ring_count,-1.1576317652007062,0.0
320,Fused_ring_count_div_BondInformationContent,-0.6338218010298348,0.0
320,TotalPathCount_div_FractionCSP3,-0.12344474371970349,0.0
320,StereocenterCount_div_PMI_Ratio1,-0.399648953302558,0.0
320,partial_charge_max_div_BertzCTIndex,0.5615389510948245,0.0
320,PMI1_div_Bridged_ring_count,-0.49312041894055575,0.0
320,Fused_ring_count_div_DoubleBondCount,-0.7659847234685216,0.0
320,SSSR_count_div_Min_EState,0.0023290435839932806,0.0
320,Asphericity_div_Largest_ring_size,-1.3738703736010778,0.0
320,PathComplexityIndex_div_Largest_ring_size,-1.9443508233630105,0.21395196080492113
320,WienerIndex_div_RotatableBonds,-0.1658030856387082,0.0
320,RingCount_div_RotatableBonds,-0.7372214203433113,0.0
320,Bridged_ring_count_div_Fused_ring_count,-1.439196676874029,0.0
320,RotatableBonds_div_WienerIndex,-0.2508214302718944,0.0
320,StereocenterCount_div_Fused_ring_count,-0.7677027582855365,0.0
320,BondInformationContent_div_BalabanIndex,-0.9101195323335649,0.17184513394914605
320,Avg_EState_div_PathComplexityIndex,1.5842257135735196,0.0
320,RingCount_div_Asphericity,-0.618518892507779,0.0
320,PMI_Ratio1_div_BertzCTIndex,-0.33579738567281703,0.0
320,Max_EState_div_Largest_ring_size,-1.9411212229100354,0.0
320,BalabanIndex_div_BondInformationContent,0.3857874821899032,0.21763089192531204
320,WienerIndex_div_PMI3,-1.1635898236014177,0.0
320,SSSR_count_div_ZagrebIndex,-1.8183186131902682,0.0
320,TPSA_div_Fused_ring_count,-0.7463221206410611,0.0
320,RotatableBonds_div_BertzCTIndex,0.9985346133841181,0.0
320,Asphericity_div_Bridged_ring_count,-0.9448338994567288,0.0
320,RotatableBonds_div_Chi4,2.7626153467664363,0.19926627265179903
320,HBD_div_Fused_ring_count,-0.5907056875796379,0.0
320,Min_EState_div_BalabanIndex,-0.4692946467516774,0.0
320,Fused_ring_count_div_Min_EState,0.000907607443612213,0.0
320,BertzCTIndex_div_Max_EState,0.3477813624869803,0.0
320,LogP_div_Chi4,1.9078187390315111,0.3135758847249547
320,FragmentComplexityScore_div_TotalPathCount,-0.34339263349746213,0.0
320,FractionCSP3_div_Chi3,-0.2780724199355111,0.0
322,BalabanIndex_div_PathComplexityIndex,-0.6891477731444461,0.0
322,RingCount_div_PMI_Ratio1,1.1196723422552688,-0.2410025054167711
322,Max_EState_div_BalabanIndex,0.8965180427915541,0.0
322,BalabanIndex_div_ZagrebIndex,-0.7523577953751064,0.0
322,Largest_ring_size_div_BalabanIndex,0.33546478233662996,-0.1850609410566905
322,TotalPathCount_div_Largest_ring_size,0.8111540502594956,0.0
322,SSSR_count_div_AtomInformationContent,-0.04495131207522341,0.0
322,Fused_ring_count_div_PMI_Ratio1,1.4658325389184965,-0.2007320142923188
322,PMI2_div_Largest_ring_size,0.47514222928809946,0.0
322,SSSR_count_div_SpherocityIndex,-0.051110365757463305,0.0
322,SSSR_count_div_partial_charge_max,0.26164625783317697,0.0
322,BalabanIndex_div_partial_charge_max,-0.7051697311976954,0.0
322,RingCount_div_FractionCSP3,0.3549266708571003,0.0
322,ZagrebIndex_div_Chi0,0.39222300736366345,0.0
322,TPSA_div_BalabanIndex,1.2411055870261642,-0.18346133016815
322,MolarRefractivity_div_TotalPathCount,-0.7774321242332176,0.0
322,GraphDistanceDistributionEntropy_div_TotalPathCount,-0.5022735559220803,0.0
322,PMI2_div_Fused_ring_count,0.3779410359580777,0.0
322,SSSR_count_div_BondInformationContent,-0.12047309172490527,0.0
322,Fused_ring_count_div_FragmentComplexityScore,0.794925742576987,0.0
322,AtomInformationContent_div_BalabanIndex,2.2833000889001807,-0.2352469910993028
322,TotalPathCount_div_RadiusOfGyration,0.020684187078149462,0.0
322,GraphDistanceDistributionEntropy_div_BertzCTIndex,-0.541271417688185,0.0
322,Fused_ring_count_div_InertialShapeFactor,-0.02067696655419899,0.0
322,StereocenterCount_div_BalabanIndex,0.36689305196969957,0.0
322,BalabanIndex_div_Asphericity,-0.4043866706357139,0.0
322,RadiusOfGyration_div_Largest_ring_size,1.1412602097121258,-0.17703939447429035
322,ZagrebIndex_div_CovalentRadiusSum,1.0072023894437534,0.0
322,MolarRefractivity_div_BertzCTIndex,-0.798791830319104,0.0
322,PMI1_div_Largest_ring_size,0.08407006673890074,0.0
322,BalabanIndex_div_HBA,-0.8019031327727746,0.0
322,RingCount_div_Fused_ring_count,0.37664692724531473,0.0
322,Fused_ring_count_div_FractionCSP3,0.5418151399379976,0.0
322,Largest_ring_size_div_PMI_Ratio1,0.36389427321743617,0.0
322,Chi4_div_FractionCSP3,-0.05529488454088226,0.0
322,PMI1_div_WienerIndex,-0.9258439132323596,0.0
322,SSSR_count_div_DoubleBondCount,0.20506406921312895,0.0
322,RingCount_div_SSSR_count,0.4191681070021959,0.0
322,Chi4_div_RadiusOfGyration,-0.5870234979029713,0.0
322,Fused_ring_count_div_Bridged_ring_count,0.6317929850256704,0.0
322,HBD_div_BalabanIndex,1.017307394981798,-0.21851118232615171
322,BalabanIndex_div_TopologicalRadius,-0.9598853255060851,-0.19295934990768002
322,TopologicalDiameter_div_BertzCTIndex,-0.3497567273984741,0.0
322,HeteroatomCount_div_Largest_ring_size,1.73849067912622,0.0
322,WienerIndex_div_RingCount,-0.02279196737514631,0.0
322,Chi2_div_Chi4,0.07007063388961282,0.0
322,Chi4_div_Bridged_ring_count,-0.1931894244285854,0.0
322,Fused_ring_count_div_BondInformationContent,-0.046301071022299044,0.0
322,TotalPathCount_div_FractionCSP3,0.2739666022365196,0.0
322,StereocenterCount_div_PMI_Ratio1,0.4007783836215941,0.0
322,partial_charge_max_div_BertzCTIndex,-0.4531179080183404,0.0
322,PMI1_div_Bridged_ring_count,-0.029034818578435283,0.0
322,Fused_ring_count_div_DoubleBondCount,0.33528607408554,0.0
322,SSSR_count_div_Min_EState,-0.006107661120174836,0.0
322,Asphericity_div_Largest_ring_size,1.2754752035873023,-0.20342821291331403
322,PathComplexityIndex_div_Largest_ring_size,0.4897427200670911,0.0
322,WienerIndex_div_RotatableBonds,-0.04545291966452851,0.0
322,RingCount_div_RotatableBonds,-0.2763965739501285,0.0
322,Bridged_ring_count_div_Fused_ring_count,0.7211421597349512,0.0
322,RotatableBonds_div_WienerIndex,-0.3442876606131943,0.0
322,StereocenterCount_div_Fused_ring_count,0.1549239459758718,0.0
322,BondInformationContent_div_BalabanIndex,1.491389472516299,0.0
322,Avg_EState_div_PathComplexityIndex,0.3016439000105395,0.0
322,RingCount_div_Asphericity,-0.19512606574022712,0.0
322,PMI_Ratio1_div_BertzCTIndex,-0.5918715843944864,0.0
322,Max_EState_div_Largest_ring_size,0.4471156455717038,0.0
322,BalabanIndex_div_BondInformationContent,-0.706668157109916,0.0
322,WienerIndex_div_PMI3,-0.07234772197485974,0.0
322,SSSR_count_div_ZagrebIndex,0.4182306533456315,0.0
322,TPSA_div_Fused_ring_count,0.6656438122728223,0.0
322,RotatableBonds_div_BertzCTIndex,-0.32750935806811815,0.0
322,Asphericity_div_Bridged_ring_count,0.4758117593467968,0.0
322,RotatableBonds_div_Chi4,-0.02425687292889337,0.0
322,HBD_div_Fused_ring_count,0.6065654744451411,0.0
322,Min_EState_div_BalabanIndex,-1.2194023367570308,-0.21050371186931463
322,Fused_ring_count_div_Min_EState,-0.006153754831693299,0.0
322,BertzCTIndex_div_Max_EState,0.7011597055192239,0.0
322,LogP_div_Chi4,-1.0512349936325,0.0
322,FragmentComplexityScore_div_TotalPathCount,-0.5599084277617091,0.0
322,FractionCSP3_div_Chi3,-0.34313457874215686,0.0
324,BalabanIndex_div_PathComplexityIndex,-0.30498802202378056,0.0
324,RingCount_div_PMI_Ratio1,-0.21051564020769364,0.0
324,Max_EState_div_BalabanIndex,-0.014876519991354305,0.0
324,BalabanIndex_div_ZagrebIndex,-0.12840104091095408,0.0
324,Largest_ring_size_div_BalabanIndex,-0.16167837228370763,0.0
324,TotalPathCount_div_Largest_ring_size,-0.17506797293702941,0.0
324,SSSR_count_div_AtomInformationContent,-0.5627882906822759,0.0
324,Fused_ring_count_div_PMI_Ratio1,-0.7563390875513493,0.0
324,PMI2_div_Largest_ring_size,-0.20899340587342966,0.0
324,SSSR_count_div_SpherocityIndex,-0.05111051979149268,0.0
324,SSSR_count_div_partial_charge_max,-0.40842193835028634,0.0
324,BalabanIndex_div_partial_charge_max,-0.3713029937866992,0.0
324,RingCount_div_FractionCSP3,0.8925935697077582,-0.045125647860604204
324,ZagrebIndex_div_Chi0,-0.20688737716702577,0.0
324,TPSA_div_BalabanIndex,-0.0764365747827299,0.0
324,MolarRefractivity_div_TotalPathCount,-0.17005373688168357,-0.04000630577297005
324,GraphDistanceDistributionEntropy_div_TotalPathCount,0.3339309380091871,0.0
324,PMI2_div_Fused_ring_count,-0.4826267306358038,0.0
324,SSSR_count_div_BondInformationContent,-0.39037490240319517,0.0
324,Fused_ring_count_div_FragmentComplexityScore,-1.0281751162380857,0.0
324,AtomInformationContent_div_BalabanIndex,0.9013828011134474,-0.044483773079243734
324,TotalPathCount_div_RadiusOfGyration,-0.5053910699197156,0.0
324,GraphDistanceDistributionEntropy_div_BertzCTIndex,-0.26731432642590747,0.0
324,Fused_ring_count_div_InertialShapeFactor,-0.25401378127090635,0.0
324,StereocenterCount_div_BalabanIndex,-0.5542750240056991,0.0
324,BalabanIndex_div_Asphericity,-0.27031333705281224,0.0
324,RadiusOfGyration_div_Largest_ring_size,0.3355300328371154,0.0
324,ZagrebIndex_div_CovalentRadiusSum,0.5539290193048946,-0.039185298770586345
324,MolarRefractivity_div_BertzCTIndex,-0.7291422154583559,0.0
324,PMI1_div_Largest_ring_size,-0.22065704318429552,0.0
324,BalabanIndex_div_HBA,-0.3706507328338853,0.0
324,RingCount_div_Fused_ring_count,-1.244118498348645,0.0
324,Fused_ring_count_div_FractionCSP3,-0.7069975257501818,0.0
324,Largest_ring_size_div_PMI_Ratio1,-0.01530298605208783,0.0
324,Chi4_div_FractionCSP3,0.5064156068928661,-0.035588483348135656
324,PMI1_div_WienerIndex,-0.26480008558912194,0.0
324,SSSR_count_div_DoubleBondCount,-0.06855017850220922,0.0
324,RingCount_div_SSSR_count,0.4191681070021959,0.0
324,Chi4_div_RadiusOfGyration,-0.9438514089442329,0.0
324,Fused_ring_count_div_Bridged_ring_count,-1.4270536095030357,0.0
324,HBD_div_BalabanIndex,-0.13243358324045976,0.0
324,BalabanIndex_div_TopologicalRadius,-0.28807380364057034,0.0
324,TopologicalDiameter_div_BertzCTIndex,-0.3471852529107335,0.0
324,HeteroatomCount_div_Largest_ring_size,0.34974594909685125,0.0
324,WienerIndex_div_RingCount,-0.15009754684179813,0.0
324,Chi2_div_Chi4,0.5107400605787887,0.0
324,Chi4_div_Bridged_ring_count,-1.1576317652007062,0.0
324,Fused_ring_count_div_BondInformationContent,-0.6338218010298348,0.0
324,TotalPathCount_div_FractionCSP3,1.04116047551327,-0.045040596402132684
324,StereocenterCount_div_PMI_Ratio1,-0.4303560889463636,0.0
324,partial_charge_max_div_BertzCTIndex,-0.16380959288973074,-0.02867081628371082
324,PMI1_div_Bridged_ring_count,-0.49312041894055575,0.0
324,Fused_ring_count_div_DoubleBondCount,-0.7659847234685216,0.0
324,SSSR_count_div_Min_EState,-0.0036104841230555616,0.0
324,Asphericity_div_Largest_ring_size,0.652162201244429,-0.06693146432129907
324,PathComplexityIndex_div_Largest_ring_size,0.2497183251397235,0.0
324,WienerIndex_div_RotatableBonds,-0.38492391577941376,0.0
324,RingCount_div_RotatableBonds,-0.3532007150156589,0.0
324,Bridged_ring_count_div_Fused_ring_count,-1.439196676874029,0.0
324,RotatableBonds_div_WienerIndex,0.16268330807661138,0.0
324,StereocenterCount_div_Fused_ring_count,-0.7677027582855365,0.0
324,BondInformationContent_div_BalabanIndex,0.8045952696403166,0.0
324,Avg_EState_div_PathComplexityIndex,0.5704667998743411,0.0
324,RingCount_div_Asphericity,-0.3416936511625268,0.0
324,PMI_Ratio1_div_BertzCTIndex,-0.329040449593593,0.0
324,Max_EState_div_Largest_ring_size,0.5660614133259085,0.0
324,BalabanIndex_div_BondInformationContent,-0.6305928536032516,0.0
324,WienerIndex_div_PMI3,-0.4187952305903782,0.0
324,SSSR_count_div_ZagrebIndex,0.15047475523921347,0.0
324,TPSA_div_Fused_ring_count,-0.7463221206410611,0.0
324,RotatableBonds_div_BertzCTIndex,-0.35942192059626343,-0.03146896135120455
324,Asphericity_div_Bridged_ring_count,-0.9448338994567288,0.0
324,RotatableBonds_div_Chi4,0.16124965429326685,0.0
324,HBD_div_Fused_ring_count,-0.5907056875796379,0.0
324,Min_EState_div_BalabanIndex,-0.08918679092444438,0.0
324,Fused_ring_count_div_Min_EState,0.000907607443612213,0.0
324,BertzCTIndex_div_Max_EState,-0.2176307678399147,0.0
324,LogP_div_Chi4,0.4937712760020267,0.0
324,FragmentComplexityScore_div_TotalPathCount,0.19805927961570935,0.0
324,FractionCSP3_div_Chi3,-0.6193440824634687,-0.03232461164827582
325,BalabanIndex_div_PathComplexityIndex,-0.8215497257188494,0.0
325,RingCount_div_PMI_Ratio1,1.0735069476499564,0.0
325,Max_EState_div_BalabanIndex,3.202868148259565,-0.1034571804305394
325,BalabanIndex_div_ZagrebIndex,-1.025801991443628,0.0
325,Largest_ring_size_div_BalabanIndex,0.6699342696736932,-0.06461447731074846
325,TotalPathCount_div_Largest_ring_size,5.278159684737876,0.0
325,SSSR_count_div_AtomInformationContent,1.8697358197993417,0.0
325,Fused_ring_count_div_PMI_Ratio1,0.24480178426119237,0.0
325,PMI2_div_Largest_ring_size,3.9582249359735977,0.0
325,SSSR_count_div_SpherocityIndex,-0.05110910236676111,0.0
325,SSSR_count_div_partial_charge_max,1.8513190973532625,-0.09589060471257749
325,BalabanIndex_div_partial_charge_max,-0.819237900145378,0.0
325,RingCount_div_FractionCSP3,0.6013573328303182,0.0
325,ZagrebIndex_div_Chi0,0.3430931938716863,0.0
325,TPSA_div_BalabanIndex,6.076286955591052,0.0
325,MolarRefractivity_div_TotalPathCount,-0.8474121253897646,0.0
325,GraphDistanceDistributionEntropy_div_TotalPathCount,-1.4506007084010077,0.0
325,PMI2_div_Fused_ring_count,3.599803944874083,0.0
325,SSSR_count_div_BondInformationContent,1.5271903116114152,0.0
325,Fused_ring_count_div_FragmentComplexityScore,0.794925742576987,0.0
325,AtomInformationContent_div_BalabanIndex,1.9944154839142632,0.0
325,TotalPathCount_div_RadiusOfGyration,2.787806474341537,0.0
325,GraphDistanceDistributionEntropy_div_BertzCTIndex,-1.0732051854817275,0.0
325,Fused_ring_count_div_InertialShapeFactor,3.56794465341983,0.0
325,StereocenterCount_div_BalabanIndex,5.828340186482123,-0.08151209552033675
325,BalabanIndex_div_Asphericity,-0.3483199712740623,0.0
325,RadiusOfGyration_div_Largest_ring_size,2.2636840811801764,-0.10232616444499341
325,ZagrebIndex_div_CovalentRadiusSum,0.5465608660023614,0.0
325,MolarRefractivity_div_BertzCTIndex,-0.7339512912355143,0.0
325,PMI1_div_Largest_ring_size,7.026843893469629,0.0
325,BalabanIndex_div_HBA,-0.9134968666592908,0.0
325,RingCount_div_Fused_ring_count,2.267539923771601,-0.08585712469196238
325,Fused_ring_count_div_FractionCSP3,-0.006398753481664412,0.0
325,Largest_ring_size_div_PMI_Ratio1,-0.19129649176726732,0.0
325,Chi4_div_FractionCSP3,1.625941955999568,0.0
325,PMI1_div_WienerIndex,-0.9753432051555865,0.0
325,SSSR_count_div_DoubleBondCount,0.1268885698658895,0.0
325,RingCount_div_SSSR_count,0.4191681070021959,0.0
325,Chi4_div_RadiusOfGyration,1.8796776937241628,0.0
325,Fused_ring_count_div_Bridged_ring_count,0.6317929850256704,0.0
325,HBD_div_BalabanIndex,5.321283117291214,0.0
325,BalabanIndex_div_TopologicalRadius,-1.2033466308978797,-0.09993146471525426
325,TopologicalDiameter_div_BertzCTIndex,-0.878679856689968,0.0
325,HeteroatomCount_div_Largest_ring_size,5.904724869214327,0.0
325,WienerIndex_div_RingCount,1.3594836613871302,0.0
325,Chi2_div_Chi4,-0.4529659275042151,0.0
325,Chi4_div_Bridged_ring_count,2.9516285783295673,0.0
325,Fused_ring_count_div_BondInformationContent,0.576580950976175,0.0
325,TotalPathCount_div_FractionCSP3,1.1593626232853829,0.0
325,StereocenterCount_div_PMI_Ratio1,1.6315964059360388,0.0
325,partial_charge_max_div_BertzCTIndex,-0.8647072041905233,0.0
325,PMI1_div_Bridged_ring_count,5.601652307903177,0.0
325,Fused_ring_count_div_DoubleBondCount,-0.2940115245167809,0.0
325,SSSR_count_div_Min_EState,-0.010164469769103493,-0.08737517999413114
325,Asphericity_div_Largest_ring_size,0.1637590605385646,0.0
325,PathComplexityIndex_div_Largest_ring_size,0.6379162878757885,0.0
325,WienerIndex_div_RotatableBonds,1.9967342518042368,0.0
325,RingCount_div_RotatableBonds,-0.41513953845560286,0.0
325,Bridged_ring_count_div_Fused_ring_count,0.7211421597349512,0.0
325,RotatableBonds_div_WienerIndex,-0.6207434840146246,-0.08288787262782715
325,StereocenterCount_div_Fused_ring_count,4.076087439086857,0.0
325,BondInformationContent_div_BalabanIndex,0.29557939901379887,0.0
325,Avg_EState_div_PathComplexityIndex,0.06728319460478949,0.0
325,RingCount_div_Asphericity,0.9620830983839127,0.0
325,PMI_Ratio1_div_BertzCTIndex,-0.6308182442723417,0.0
325,Max_EState_div_Largest_ring_size,1.4999526838242763,0.0
325,BalabanIndex_div_BondInformationContent,-0.5358492885403343,0.0
325,WienerIndex_div_PMI3,3.019943706384869,0.0
325,SSSR_count_div_ZagrebIndex,-0.17676822560181601,0.0
325,TPSA_div_Fused_ring_count,3.1878887609599533,0.0
325,RotatableBonds_div_BertzCTIndex,-0.2888241589697935,0.0
325,Asphericity_div_Bridged_ring_count,-0.1203183665388875,0.0
325,RotatableBonds_div_Chi4,-0.2711610912507177,0.0
325,HBD_div_Fused_ring_count,3.0011077984946994,0.0
325,Min_EState_div_BalabanIndex,-2.917388556057565,0.0
325,Fused_ring_count_div_Min_EState,-0.0039186238126961495,0.0
325,BertzCTIndex_div_Max_EState,3.0353745137207957,0.0
325,LogP_div_Chi4,-1.135469457894793,0.0
325,FragmentComplexityScore_div_TotalPathCount,-1.1786734474299339,0.0
325,FractionCSP3_div_Chi3,-0.7780214348925896,-0.0861246615775251
326,BalabanIndex_div_PathComplexityIndex,-0.22190625792450971,0.0
326,RingCount_div_PMI_Ratio1,-0.05211040837732346,0.0
326,Max_EState_div_BalabanIndex,-0.23308460034823922,0.01371202584691372
326,BalabanIndex_div_ZagrebIndex,-0.09592126325069904,0.0
326,Largest_ring_size_div_BalabanIndex,-0.351146558561719,0.0
326,TotalPathCount_div_Largest_ring_size,0.041514118431619125,0.0
326,SSSR_count_div_AtomInformationContent,-0.3518284430297386,0.009110986741414476
326,Fused_ring_count_div_PMI_Ratio1,-0.7563390875513493,0.0
326,PMI2_div_Largest_ring_size,0.04317994954933131,0.0
326,SSSR_count_div_SpherocityIndex,-0.05111061375715217,0.0
326,SSSR_count_div_partial_charge_max,-0.6254712936114374,0.0
326,BalabanIndex_div_partial_charge_max,-0.2779558659571744,0.0
326,RingCount_div_FractionCSP3,-0.49354345644309305,0.018308153969356766
326,ZagrebIndex_div_Chi0,-0.6367298125536373,0.008664966998091852
326,TPSA_div_BalabanIndex,-0.4273682681474322,0.013455140416185505
326,MolarRefractivity_div_TotalPathCount,0.38633771298984115,0.0
326,GraphDistanceDistributionEntropy_div_TotalPathCount,0.5746415714577842,0.0
326,PMI2_div_Fused_ring_count,-0.4826267306358038,0.0
326,SSSR_count_div_BondInformationContent,-0.35756638801538326,0.0
326,Fused_ring_count_div_FragmentComplexityScore,-1.0281751162380857,0.0
326,AtomInformationContent_div_BalabanIndex,-0.5957098005126233,0.012528165835330729
326,TotalPathCount_div_RadiusOfGyration,-0.8315523307977994,0.0
326,GraphDistanceDistributionEntropy_div_BertzCTIndex,0.2890779097889815,0.0
326,Fused_ring_count_div_InertialShapeFactor,-0.25401378127090635,0.0
326,StereocenterCount_div_BalabanIndex,-0.3953704267492531,0.0
326,BalabanIndex_div_Asphericity,-0.34184211887351895,0.0
326,RadiusOfGyration_div_Largest_ring_size,1.1528542227127077,0.0
326,ZagrebIndex_div_CovalentRadiusSum,-0.7017865818005224,0.0
326,MolarRefractivity_div_BertzCTIndex,0.15131778321131856,0.0
326,PMI1_div_Largest_ring_size,-0.2399481412784578,0.0
326,BalabanIndex_div_HBA,-0.04848098870154935,0.0
326,RingCount_div_Fused_ring_count,-1.244118498348645,0.0
326,Fused_ring_count_div_FractionCSP3,-0.7069975257501818,0.0
326,Largest_ring_size_div_PMI_Ratio1,0.34934756865934097,0.0
326,Chi4_div_FractionCSP3,-0.45197528516997015,0.0
326,PMI1_div_WienerIndex,-0.8337068487120483,0.0
326,SSSR_count_div_DoubleBondCount,-0.7069834231713317,0.0
326,RingCount_div_SSSR_count,0.4191681070021959,0.0
326,Chi4_div_RadiusOfGyration,-0.540932894806042,0.0
326,Fused_ring_count_div_Bridged_ring_count,-1.4270536095030357,0.0
326,HBD_div_BalabanIndex,-0.4421167585457395,0.0
326,BalabanIndex_div_TopologicalRadius,-0.24899192354199726,0.0
326,TopologicalDiameter_div_BertzCTIndex,0.17076274756654633,0.0
326,HeteroatomCount_div_Largest_ring_size,-0.2983349249168542,0.0
326,WienerIndex_div_RingCount,-0.03175918610603977,0.0
326,Chi2_div_Chi4,-0.10737555333344653,0.0
326,Chi4_div_Bridged_ring_count,-1.1576317652007062,0.0
326,Fused_ring_count_div_BondInformationContent,-0.6338218010298348,0.0
326,TotalPathCount_div_FractionCSP3,-0.4543536549947747,0.0
326,StereocenterCount_div_PMI_Ratio1,-0.10090582120931958,0.0
326,partial_charge_max_div_BertzCTIndex,0.09070320202875548,0.0
326,PMI1_div_Bridged_ring_count,-0.49312041894055575,0.0
326,Fused_ring_count_div_DoubleBondCount,-0.7659847234685216,0.0
326,SSSR_count_div_Min_EState,-0.004162465550342229,0.0
326,Asphericity_div_Largest_ring_size,2.0300380527151956,0.0
326,PathComplexityIndex_div_Largest_ring_size,0.556741571949116,0.0
326,WienerIndex_div_RotatableBonds,-0.45375299219038845,0.0
326,RingCount_div_RotatableBonds,-0.5975775274968923,0.0
326,Bridged_ring_count_div_Fused_ring_count,-1.439196676874029,0.0
326,RotatableBonds_div_WienerIndex,0.5144322639910494,0.03094295735765248
326,StereocenterCount_div_Fused_ring_count,-0.7677027582855365,0.0
326,BondInformationContent_div_BalabanIndex,-0.19966479105443904,0.024863104533460918
326,Avg_EState_div_PathComplexityIndex,0.22715739262951956,0.0
326,RingCount_div_Asphericity,-0.4867040758296672,0.0
326,PMI_Ratio1_div_BertzCTIndex,-0.45345351662098043,0.0
326,Max_EState_div_Largest_ring_size,0.841886074753101,0.0
326,BalabanIndex_div_BondInformationContent,-0.3703369778751594,0.0
326,WienerIndex_div_PMI3,-0.6287998245368005,0.0
326,SSSR_count_div_ZagrebIndex,-0.505789700903944,0.0
326,TPSA_div_Fused_ring_count,-0.7463221206410611,0.0
326,RotatableBonds_div_BertzCTIndex,0.2053902047872199,0.008703947557706216
326,Asphericity_div_Bridged_ring_count,-0.9448338994567288,0.0
326,RotatableBonds_div_Chi4,0.21748614414365047,0.0
326,HBD_div_Fused_ring_count,-0.5907056875796379,0.0
326,Min_EState_div_BalabanIndex,0.3235551969357967,0.0
326,Fused_ring_count_div_Min_EState,0.000907607443612213,0.0
326,BertzCTIndex_div_Max_EState,-0.526073028851932,0.0
326,LogP_div_Chi4,0.35948613398940427,0.008607757543991318
326,FragmentComplexityScore_div_TotalPathCount,0.22559073282486375,0.0
326,FractionCSP3_div_Chi3,0.006493594188536292,0.0
327,BalabanIndex_div_PathComplexityIndex,-0.6954923075503981,0.0
327,RingCount_div_PMI_Ratio1,1.8212748287253873,-0.1824080692218168
327,Max_EState_div_BalabanIndex,-0.8919586333141903,0.0
327,BalabanIndex_div_ZagrebIndex,-0.3759553556894024,0.0
327,Largest_ring_size_div_BalabanIndex,0.12505072735911518,0.0
327,TotalPathCount_div_Largest_ring_size,-0.030035322466952164,0.0
327,SSSR_count_div_AtomInformationContent,0.3397400329024269,0.0
327,Fused_ring_count_div_PMI_Ratio1,2.877436356682567,-0.25714040587199677
327,PMI2_div_Largest_ring_size,-0.2786088738377566,0.0
327,SSSR_count_div_SpherocityIndex,-0.05110869542980338,0.0
327,SSSR_count_div_partial_charge_max,1.29076216613482,0.0
327,BalabanIndex_div_partial_charge_max,-0.14297669001374314,0.0
327,RingCount_div_FractionCSP3,4.254713165052377,-0.20538172083018427
327,ZagrebIndex_div_Chi0,1.9736910710779028,-0.11782779291968373
327,TPSA_div_BalabanIndex,-0.41255321571537634,0.0
327,MolarRefractivity_div_TotalPathCount,-0.8166620129765392,0.0
327,GraphDistanceDistributionEntropy_div_TotalPathCount,-0.12964547472477572,0.0
327,PMI2_div_Fused_ring_count,-0.34650545724333226,0.0
327,SSSR_count_div_BondInformationContent,0.01195374312247655,0.0
327,Fused_ring_count_div_FragmentComplexityScore,1.1595459143400015,-0.09200374238185449
327,AtomInformationContent_div_BalabanIndex,0.7289577636722686,0.0
327,TotalPathCount_div_RadiusOfGyration,-0.0016752764063495194,0.0
327,GraphDistanceDistributionEntropy_div_BertzCTIndex,-0.487107052515404,0.0
327,Fused_ring_count_div_InertialShapeFactor,-0.21376596393482242,0.0
327,StereocenterCount_div_BalabanIndex,-0.6376549350429598,0.0
327,BalabanIndex_div_Asphericity,-0.3986756579941598,0.0
327,RadiusOfGyration_div_Largest_ring_size,0.11386749283697431,0.0
327,ZagrebIndex_div_CovalentRadiusSum,2.2207919826976554,0.0
327,MolarRefractivity_div_BertzCTIndex,-1.0327765413009937,0.0
327,PMI1_div_Largest_ring_size,-0.407189491711691,0.0
327,BalabanIndex_div_HBA,-0.41239191307170836,0.0
327,RingCount_div_Fused_ring_count,0.10651935631298814,0.0
327,Fused_ring_count_div_FractionCSP3,5.902789511927971,-0.2120274460365882
327,Largest_ring_size_div_PMI_Ratio1,0.7303630458413273,0.0
327,Chi4_div_FractionCSP3,2.18709039480259,-0.12982928527657353
327,PMI1_div_WienerIndex,-0.9280478027251279,-0.13774744757922316
327,SSSR_count_div_DoubleBondCount,-0.8893929216482237,0.0
327,RingCount_div_SSSR_count,0.4191681070021959,0.0
327,Chi4_div_RadiusOfGyration,-0.5350587310341747,0.0
327,Fused_ring_count_div_Bridged_ring_count,0.6317929850256704,0.0
327,HBD_div_BalabanIndex,-0.5897772847378491,0.0
327,BalabanIndex_div_TopologicalRadius,-0.24934231842685392,0.0
327,TopologicalDiameter_div_BertzCTIndex,-0.7354592999112576,0.0
327,HeteroatomCount_div_Largest_ring_size,-0.26747393091620153,0.0
327,WienerIndex_div_RingCount,-0.23861267366932698,0.0
327,Chi2_div_Chi4,-0.4615356555126442,0.0
327,Chi4_div_Bridged_ring_count,-0.6375160232257705,0.0
327,Fused_ring_count_div_BondInformationContent,0.26747452241640474,0.0
327,TotalPathCount_div_FractionCSP3,2.416331114992461,-0.12074561430252304
327,StereocenterCount_div_PMI_Ratio1,-0.5007552387378665,0.0
327,partial_charge_max_div_BertzCTIndex,-0.5789548468613379,0.0
327,PMI1_div_Bridged_ring_count,-0.4383977558035462,0.0
327,Fused_ring_count_div_DoubleBondCount,-0.7659847234685216,0.0
327,SSSR_count_div_Min_EState,0.05897067344943574,0.0
327,Asphericity_div_Largest_ring_size,1.592209614785364,-0.1829327766935598
327,PathComplexityIndex_div_Largest_ring_size,0.9250433721923121,0.0
327,WienerIndex_div_RotatableBonds,-0.622332459316436,0.0
327,RingCount_div_RotatableBonds,-0.7372214203433113,0.0
327,Bridged_ring_count_div_Fused_ring_count,0.7211421597349512,0.0
327,RotatableBonds_div_WienerIndex,-0.6988370644493473,0.0
327,StereocenterCount_div_Fused_ring_count,-0.7677027582855365,0.0
327,BondInformationContent_div_BalabanIndex,0.5197053548589922,0.0
327,Avg_EState_div_PathComplexityIndex,-1.198544649598257,0.0
327,RingCount_div_Asphericity,-0.2403382913770198,0.0
327,PMI_Ratio1_div_BertzCTIndex,-0.5888793401083824,0.0
327,Max_EState_div_Largest_ring_size,-0.8119103623647849,0.0
327,BalabanIndex_div_BondInformationContent,-0.5835631127123737,0.0
327,WienerIndex_div_PMI3,-0.6643902414534366,0.0
327,SSSR_count_div_ZagrebIndex,2.011389034987642,0.0
327,TPSA_div_Fused_ring_count,-0.5081155176549593,0.0
327,RotatableBonds_div_BertzCTIndex,-0.7370109535870517,0.0
327,Asphericity_div_Bridged_ring_count,0.38057160679570384,0.0
327,RotatableBonds_div_Chi4,-0.9305575458503464,0.0
327,HBD_div_Fused_ring_count,-0.5907056875796379,0.0
327,Min_EState_div_BalabanIndex,1.1928142760474416,0.0
327,Fused_ring_count_div_Min_EState,0.05779717497526492,0.0
327,BertzCTIndex_div_Max_EState,1.9740275150354278,0.0
327,LogP_div_Chi4,0.3905290298524921,0.0
327,FragmentComplexityScore_div_TotalPathCount,0.016827051656235274,0.0
327,FractionCSP3_div_Chi3,-0.8387039009772027,0.0
336,BalabanIndex_div_PathComplexityIndex,-0.5494231142351622,0.0
336,RingCount_div_PMI_Ratio1,0.4228480071434281,-0.14703296360522555
336,Max_EState_div_BalabanIndex,0.6290127459426762,0.0
336,BalabanIndex_div_ZagrebIndex,-0.47734950729540665,0.0
336,Largest_ring_size_div_BalabanIndex,0.14550642102409397,0.0
336,TotalPathCount_div_Largest_ring_size,0.027977737721078734,0.0
336,SSSR_count_div_AtomInformationContent,-0.4316825201703858,0.0
336,Fused_ring_count_div_PMI_Ratio1,0.09667251855386472,0.0
336,PMI2_div_Largest_ring_size,0.025019827158217572,0.0
336,SSSR_count_div_SpherocityIndex,-0.051110425026674296,0.0
336,SSSR_count_div_partial_charge_max,-0.2624181539846818,0.0
336,BalabanIndex_div_partial_charge_max,-0.6554868706820213,0.0
336,RingCount_div_FractionCSP3,0.18477891805625948,0.0
336,ZagrebIndex_div_Chi0,0.09472787129105653,0.0
336,TPSA_div_BalabanIndex,-0.05602789634859413,0.0
336,MolarRefractivity_div_TotalPathCount,-0.030397507879949614,0.0
336,GraphDistanceDistributionEntropy_div_TotalPathCount,0.2015839058598594,0.0
336,PMI2_div_Fused_ring_count,0.6278809461485794,0.0
336,SSSR_count_div_BondInformationContent,-0.310891873587792,0.0
336,Fused_ring_count_div_FragmentComplexityScore,-0.29893477271205665,-0.08745704597763189
336,AtomInformationContent_div_BalabanIndex,1.9908044896935277,-0.13307488057188077
336,TotalPathCount_div_RadiusOfGyration,-0.5870398340880568,0.0
336,GraphDistanceDistributionEntropy_div_BertzCTIndex,-0.101951782515794,0.0
336,Fused_ring_count_div_InertialShapeFactor,-0.20220504493367766,0.0
336,StereocenterCount_div_BalabanIndex,-0.19986196550397112,0.0
336,BalabanIndex_div_Asphericity,-0.3810322895499037,0.0
336,RadiusOfGyration_div_Largest_ring_size,0.7593225261688742,0.0
336,ZagrebIndex_div_CovalentRadiusSum,0.35208517440202336,0.0
336,MolarRefractivity_div_BertzCTIndex,-0.3283165711073596,0.0
336,PMI1_div_Largest_ring_size,-0.1754866219312927,0.0
336,BalabanIndex_div_HBA,-0.574423765506234,0.0
336,RingCount_div_Fused_ring_count,1.4571572109746214,-0.11949303911959636
336,Fused_ring_count_div_FractionCSP3,-0.06921105720229004,0.0
336,Largest_ring_size_div_PMI_Ratio1,0.3231346529529132,0.0
336,Chi4_div_FractionCSP3,-0.20106904562077355,0.0
336,PMI1_div_WienerIndex,-0.6523267514008549,0.0
336,SSSR_count_div_DoubleBondCount,0.20506406921312895,0.0
336,RingCount_div_SSSR_count,0.4191681070021959,0.0
336,Chi4_div_RadiusOfGyration,-0.8298968824795199,0.0
336,Fused_ring_count_div_Bridged_ring_count,0.6317929850256704,0.0
336,HBD_div_BalabanIndex,0.010552742866222771,0.0
336,BalabanIndex_div_TopologicalRadius,-0.6772186824019144,-0.10482764421520395
336,TopologicalDiameter_div_BertzCTIndex,-0.0710633691668613,0.0
336,HeteroatomCount_div_Largest_ring_size,0.5040509191001145,0.0
336,WienerIndex_div_RingCount,-0.12378888414583816,0.0
336,Chi2_div_Chi4,0.08824585700256764,0.0
336,Chi4_div_Bridged_ring_count,0.5031352781191131,0.0
336,Fused_ring_count_div_BondInformationContent,-0.4224203771884502,0.0
336,TotalPathCount_div_FractionCSP3,0.04779133871103339,0.0
336,StereocenterCount_div_PMI_Ratio1,-0.06817240287228007,0.0
336,partial_charge_max_div_BertzCTIndex,-0.018091676686693314,0.0
336,PMI1_div_Bridged_ring_count,0.1408332781001268,0.0
336,Fused_ring_count_div_DoubleBondCount,-0.10522224493608466,0.0
336,SSSR_count_div_Min_EState,-0.016134259455987635,0.0
336,Asphericity_div_Largest_ring_size,1.2266143268913925,-0.1224405898575114
336,PathComplexityIndex_div_Largest_ring_size,0.30058887999412154,0.0
336,WienerIndex_div_RotatableBonds,-0.23874129139378564,0.0
336,RingCount_div_RotatableBonds,-0.22519381323977486,0.0
336,Bridged_ring_count_div_Fused_ring_count,0.7211421597349512,0.0
336,RotatableBonds_div_WienerIndex,-0.16563319018781664,0.0
336,StereocenterCount_div_Fused_ring_count,0.38558062204122384,0.0
336,BondInformationContent_div_BalabanIndex,1.3996985422649721,-0.08705978640150858
336,Avg_EState_div_PathComplexityIndex,-0.03388979195495763,0.0
336,RingCount_div_Asphericity,-0.3309535493245195,0.0
336,PMI_Ratio1_div_BertzCTIndex,-0.4737536983831076,0.0
336,Max_EState_div_Largest_ring_size,0.555264934929171,0.0
336,BalabanIndex_div_BondInformationContent,-0.6986237263665059,0.0
336,WienerIndex_div_PMI3,-0.6087288547636455,0.0
336,SSSR_count_div_ZagrebIndex,0.42721277891404175,0.0
336,TPSA_div_Fused_ring_count,0.6784699537947808,0.0
336,RotatableBonds_div_BertzCTIndex,-0.34651131138076224,0.0
336,Asphericity_div_Bridged_ring_count,2.5412791734745364,-0.10033650579273613
336,RotatableBonds_div_Chi4,-0.14109576135304494,0.0
336,HBD_div_Fused_ring_count,0.6920848431611968,0.0
336,Min_EState_div_BalabanIndex,0.35159497307323107,0.0
336,Fused_ring_count_div_Min_EState,-0.008364453826919856,0.0
336,BertzCTIndex_div_Max_EState,-0.26089447432972845,0.0
336,LogP_div_Chi4,-0.054351611288787766,0.0
336,FragmentComplexityScore_div_TotalPathCount,-0.04516686908024453,-0.08937071562823971
336,FractionCSP3_div_Chi3,-0.23006903666229622,-0.10760029332822593
339,BalabanIndex_div_PathComplexityIndex,-0.4009148052530807,0.0
339,RingCount_div_PMI_Ratio1,-0.3712455842031548,0.0
339,Max_EState_div_BalabanIndex,0.28067924931579646,-0.01988166294412998
339,BalabanIndex_div_ZagrebIndex,-0.3358514044307017,0.0
339,Largest_ring_size_div_BalabanIndex,-0.12120898205299444,0.0
339,TotalPathCount_div_Largest_ring_size,0.13433501473246864,0.0
339,SSSR_count_div_AtomInformationContent,-0.030668250767541094,0.0
339,Fused_ring_count_div_PMI_Ratio1,-0.4506624115006803,0.0
339,PMI2_div_Largest_ring_size,-0.1951180037765677,0.0
339,SSSR_count_div_SpherocityIndex,-0.051110628032517334,0.0
339,SSSR_count_div_partial_charge_max,0.09924878688048862,0.0
339,BalabanIndex_div_partial_charge_max,-0.18976488726219604,0.0
339,RingCount_div_FractionCSP3,1.6004082213592565,-0.03656925870471617
339,ZagrebIndex_div_Chi0,0.07730314488886969,0.0
339,TPSA_div_BalabanIndex,-0.32696876637542066,0.0
339,MolarRefractivity_div_TotalPathCount,-0.13721984901262002,0.0
339,GraphDistanceDistributionEntropy_div_TotalPathCount,-0.20439725195072256,0.0
339,PMI2_div_Fused_ring_count,0.11881041002791005,0.0
339,SSSR_count_div_BondInformationContent,-0.27861850613866784,0.0
339,Fused_ring_count_div_FragmentComplexityScore,-0.29893477271205665,0.0
339,AtomInformationContent_div_BalabanIndex,0.02364974139285901,0.0
339,TotalPathCount_div_RadiusOfGyration,0.06275550224218648,0.0
339,GraphDistanceDistributionEntropy_div_BertzCTIndex,-0.5636316805816817,0.0
339,Fused_ring_count_div_InertialShapeFactor,-0.17693749522232133,0.0
339,StereocenterCount_div_BalabanIndex,-0.550840708580756,0.0
339,BalabanIndex_div_Asphericity,-0.04509654419112402,0.0
339,RadiusOfGyration_div_Largest_ring_size,0.26980742912965666,0.0
339,ZagrebIndex_div_CovalentRadiusSum,0.43993198788580046,-0.0240051081325045
339,MolarRefractivity_div_BertzCTIndex,-0.7635355853746703,-0.017566517257083997
339,PMI1_div_Largest_ring_size,-0.019314372726948116,0.0
339,BalabanIndex_div_HBA,-0.28108225661216063,-0.02023184097249525
339,RingCount_div_Fused_ring_count,1.4571572109746214,-0.04289529179488949
339,Fused_ring_count_div_FractionCSP3,0.8584783515946436,0.0
339,Largest_ring_size_div_PMI_Ratio1,-0.2990349716875366,0.0
339,Chi4_div_FractionCSP3,1.536648093513271,-0.033325136242314146
339,PMI1_div_WienerIndex,0.08804760126249969,0.0
339,SSSR_count_div_DoubleBondCount,1.2995210600744818,0.0
339,RingCount_div_SSSR_count,0.4191681070021959,0.0
339,Chi4_div_RadiusOfGyration,-0.4772042715192204,0.0
339,Fused_ring_count_div_Bridged_ring_count,0.6317929850256704,0.0
339,HBD_div_BalabanIndex,-0.27232320274189453,0.0
339,BalabanIndex_div_TopologicalRadius,-0.17036772164713362,0.0
339,TopologicalDiameter_div_BertzCTIndex,-0.7295104704118123,0.0
339,HeteroatomCount_div_Largest_ring_size,-0.11316896091293838,0.0
339,WienerIndex_div_RingCount,-0.143878346754243,0.0
339,Chi2_div_Chi4,-0.12506590800967612,0.0
339,Chi4_div_Bridged_ring_count,0.624577006474485,0.0
339,Fused_ring_count_div_BondInformationContent,-0.3985039989475436,0.0
339,TotalPathCount_div_FractionCSP3,1.7289599295785387,-0.0333845735761578
339,StereocenterCount_div_PMI_Ratio1,-0.4620012281131698,0.0
339,partial_charge_max_div_BertzCTIndex,-0.524868211380663,0.0
339,PMI1_div_Bridged_ring_count,0.4574779993075652,0.0
339,Fused_ring_count_div_DoubleBondCount,0.5555402335963523,0.0
339,SSSR_count_div_Min_EState,-0.014673359770640044,0.0
339,Asphericity_div_Largest_ring_size,-0.30868736027954036,0.0
339,PathComplexityIndex_div_Largest_ring_size,0.39770539380706377,0.0
339,WienerIndex_div_RotatableBonds,-0.3374232510368609,0.0
339,RingCount_div_RotatableBonds,-0.29834061425456576,0.0
339,Bridged_ring_count_div_Fused_ring_count,0.7211421597349512,0.0
339,RotatableBonds_div_WienerIndex,0.01904881261277045,0.0
339,StereocenterCount_div_Fused_ring_count,-0.47938191320384643,0.0
339,BondInformationContent_div_BalabanIndex,0.5771839157472977,0.0
339,Avg_EState_div_PathComplexityIndex,-0.21888900948925738,0.0
339,RingCount_div_Asphericity,0.08352879881622677,0.0
339,PMI_Ratio1_div_BertzCTIndex,-0.15344516094992208,0.0
339,Max_EState_div_Largest_ring_size,0.8062014703362925,0.0
339,BalabanIndex_div_BondInformationContent,-0.5941098475909706,0.0
339,WienerIndex_div_PMI3,0.43672221754948554,0.0
339,SSSR_count_div_ZagrebIndex,0.3488802884917983,0.0
339,TPSA_div_Fused_ring_count,0.358677230613078,0.0
339,RotatableBonds_div_BertzCTIndex,-0.39835420808050226,0.0
339,Asphericity_div_Bridged_ring_count,0.4831108321932247,0.0
339,RotatableBonds_div_Chi4,-0.07227942289805023,0.0
339,HBD_div_Fused_ring_count,0.2644879995809185,0.0
339,Min_EState_div_BalabanIndex,0.4303371104019883,0.0
339,Fused_ring_count_div_Min_EState,-0.007630806582799342,0.0
339,BertzCTIndex_div_Max_EState,0.06263663382239283,0.0
339,LogP_div_Chi4,0.5369321861849706,-0.019949374797348984
339,FragmentComplexityScore_div_TotalPathCount,-0.1464368528474223,0.0
339,FractionCSP3_div_Chi3,-0.7875307708852864,-0.016776086308748172
343,BalabanIndex_div_PathComplexityIndex,-0.11788042007747468,0.0
343,RingCount_div_PMI_Ratio1,-0.4918336301237824,0.0
343,Max_EState_div_BalabanIndex,-1.1773048880429926,0.2552297089579181
343,BalabanIndex_div_ZagrebIndex,2.3408521625212177,0.2750857437114508
343,Largest_ring_size_div_BalabanIndex,-0.49889960956772517,0.0
343,TotalPathCount_div_Largest_ring_size,-0.8286817843888442,0.0
343,SSSR_count_div_AtomInformationContent,-0.752912962872942,0.0
343,Fused_ring_count_div_PMI_Ratio1,-0.3112181554030754,0.0
343,PMI2_div_Largest_ring_size,-0.4360669281569972,0.0
343,SSSR_count_div_SpherocityIndex,-0.049977018495093825,0.0
343,SSSR_count_div_partial_charge_max,-0.10476901871877442,0.0
343,BalabanIndex_div_partial_charge_max,1.1160930825940336,0.0
343,RingCount_div_FractionCSP3,-0.7884662279645507,0.0
343,ZagrebIndex_div_Chi0,0.1705585594052081,0.0
343,TPSA_div_BalabanIndex,-0.5267692177430032,0.0
343,MolarRefractivity_div_TotalPathCount,-0.3188792651777544,0.0
343,GraphDistanceDistributionEntropy_div_TotalPathCount,1.6386799975316204,0.0
343,PMI2_div_Fused_ring_count,-0.44575941347996456,0.0
343,SSSR_count_div_BondInformationContent,-0.39722741143367757,0.0
343,Fused_ring_count_div_FragmentComplexityScore,-0.29893477271205665,0.0
343,AtomInformationContent_div_BalabanIndex,0.4425119582943957,0.0
343,TotalPathCount_div_RadiusOfGyration,-0.7967740308115745,0.0
343,GraphDistanceDistributionEntropy_div_BertzCTIndex,0.41934271574811577,0.36754728529498804
343,Fused_ring_count_div_InertialShapeFactor,-0.24912672613075046,0.0
343,StereocenterCount_div_BalabanIndex,-0.6376549350429598,0.0
343,BalabanIndex_div_Asphericity,-0.13403603773374675,0.3063186549671233
343,RadiusOfGyration_div_Largest_ring_size,-0.5430090374328767,0.0
343,ZagrebIndex_div_CovalentRadiusSum,1.0276646132934255,0.0
343,MolarRefractivity_div_BertzCTIndex,-0.7698245230200802,0.0
343,PMI1_div_Largest_ring_size,-0.45909235605128945,0.0
343,BalabanIndex_div_HBA,0.1597366139583096,0.0
343,RingCount_div_Fused_ring_count,0.10651935631298814,0.0
343,Fused_ring_count_div_FractionCSP3,-0.7069975257501818,0.0
343,Largest_ring_size_div_PMI_Ratio1,-0.22485517604013594,0.0
343,Chi4_div_FractionCSP3,-1.2645230303893642,0.0
343,PMI1_div_WienerIndex,0.8562191888784908,0.0
343,SSSR_count_div_DoubleBondCount,0.20506406921312895,0.0
343,RingCount_div_SSSR_count,0.4191681070021959,0.0
343,Chi4_div_RadiusOfGyration,-1.1748569466390837,0.0
343,Fused_ring_count_div_Bridged_ring_count,0.6317929850256704,0.0
343,HBD_div_BalabanIndex,-0.4696267999210402,0.0
343,BalabanIndex_div_TopologicalRadius,2.585057418428565,0.3940407429621612
343,TopologicalDiameter_div_BertzCTIndex,-0.4629510015016296,0.0
343,HeteroatomCount_div_Largest_ring_size,-0.2983349249168542,0.0
343,WienerIndex_div_RingCount,-0.26493579962130454,0.0
343,Chi2_div_Chi4,0.537865694655459,0.0
343,Chi4_div_Bridged_ring_count,-0.7620139114611878,0.0
343,Fused_ring_count_div_BondInformationContent,-0.3389779202574331,0.0
343,TotalPathCount_div_FractionCSP3,-0.9768414096396241,0.0
343,StereocenterCount_div_PMI_Ratio1,-0.5007552387378665,0.0
343,partial_charge_max_div_BertzCTIndex,0.10075415561349456,0.0
343,PMI1_div_Bridged_ring_count,-0.4440094949880707,0.0
343,Fused_ring_count_div_DoubleBondCount,0.5555402335963523,0.0
343,SSSR_count_div_Min_EState,0.00964473878590119,0.0
343,Asphericity_div_Largest_ring_size,0.6822410493555923,0.0
343,PathComplexityIndex_div_Largest_ring_size,0.8499024018914387,0.0
343,WienerIndex_div_RotatableBonds,-0.5506786464557045,0.0
343,RingCount_div_RotatableBonds,0.798861400967298,0.22434493869489364
343,Bridged_ring_count_div_Fused_ring_count,0.7211421597349512,0.0
343,RotatableBonds_div_WienerIndex,2.1556139229167868,0.36212230261932926
343,StereocenterCount_div_Fused_ring_count,-0.7677027582855365,0.0
343,BondInformationContent_div_BalabanIndex,-0.23006591429548495,0.0
343,Avg_EState_div_PathComplexityIndex,0.11005023591544363,0.28261340556290004
343,RingCount_div_Asphericity,-0.40029843996111986,0.0
343,PMI_Ratio1_div_BertzCTIndex,0.7179766547206888,0.0
343,Max_EState_div_Largest_ring_size,-0.23942257538908715,0.0
343,BalabanIndex_div_BondInformationContent,-0.3558418069016831,0.0
343,WienerIndex_div_PMI3,-1.0009584245338574,0.2688816368609899
343,SSSR_count_div_ZagrebIndex,1.765894954976232,0.0
343,TPSA_div_Fused_ring_count,0.040032260587702345,0.0
343,RotatableBonds_div_BertzCTIndex,-0.5672947927776338,0.0
343,Asphericity_div_Bridged_ring_count,1.3521215199230812,0.0
343,RotatableBonds_div_Chi4,-0.3782096587582613,0.0
343,HBD_div_Fused_ring_count,-0.16310884399935974,0.0
343,Min_EState_div_BalabanIndex,1.3498336031424216,0.0
343,Fused_ring_count_div_Min_EState,0.008255325671682601,0.0
343,BertzCTIndex_div_Max_EState,-0.7335823906738307,0.0
343,LogP_div_Chi4,0.4795403540597282,0.0
343,FragmentComplexityScore_div_TotalPathCount,2.9494472737295765,0.3018050905490829
343,FractionCSP3_div_Chi3,-1.1308579816782642,0.0
344,BalabanIndex_div_PathComplexityIndex,-0.5932010852473387,0.0
344,RingCount_div_PMI_Ratio1,-0.08338461600393765,0.0
344,Max_EState_div_BalabanIndex,0.6030469573175112,-0.11009050112411661
344,BalabanIndex_div_ZagrebIndex,-0.49571782906269324,0.0
344,Largest_ring_size_div_BalabanIndex,0.09337947388331597,0.0
344,TotalPathCount_div_Largest_ring_size,0.18267923155582766,0.0
344,SSSR_count_div_AtomInformationContent,0.030755474402081918,-0.09744254056005683
344,Fused_ring_count_div_PMI_Ratio1,0.05020010477114532,0.0
344,PMI2_div_Largest_ring_size,-0.19788896324185698,0.0
344,SSSR_count_div_SpherocityIndex,-0.051110109993430804,0.0
344,SSSR_count_div_partial_charge_max,-0.6881886595944743,0.0
344,BalabanIndex_div_partial_charge_max,-0.9957486181093145,0.0
344,RingCount_div_FractionCSP3,9.828753546807938,-0.10828043574039153
344,ZagrebIndex_div_Chi0,0.6830075443215577,0.0
344,TPSA_div_BalabanIndex,-0.10734113611586658,0.0
344,MolarRefractivity_div_TotalPathCount,-0.44871275551801026,0.0
344,GraphDistanceDistributionEntropy_div_TotalPathCount,-0.17897455717983962,0.0
344,PMI2_div_Fused_ring_count,-0.18511209352744923,0.0
344,SSSR_count_div_BondInformationContent,-0.18244093587072177,0.0
344,Fused_ring_count_div_FragmentComplexityScore,0.43030557081397247,0.0
344,AtomInformationContent_div_BalabanIndex,0.8304782228275073,0.0
344,TotalPathCount_div_RadiusOfGyration,0.06396962019972265,0.0
344,GraphDistanceDistributionEntropy_div_BertzCTIndex,-0.7222451632513733,-0.06771251933330036
344,Fused_ring_count_div_InertialShapeFactor,-0.0801903741998365,0.0
344,StereocenterCount_div_BalabanIndex,-0.6376549350429598,0.0
344,BalabanIndex_div_Asphericity,-0.25906802484077635,0.0
344,RadiusOfGyration_div_Largest_ring_size,0.32777863665275914,0.0
344,ZagrebIndex_div_CovalentRadiusSum,1.396623863001012,0.0
344,MolarRefractivity_div_BertzCTIndex,-1.169306468145839,0.0
344,PMI1_div_Largest_ring_size,-0.05702213284546329,0.0
344,BalabanIndex_div_HBA,-0.5582729716320105,-0.09756307575216162
344,RingCount_div_Fused_ring_count,0.4441788199783964,0.0
344,Fused_ring_count_div_FractionCSP3,10.425275379813035,0.0
344,Largest_ring_size_div_PMI_Ratio1,-0.18809860139830092,0.0
344,Chi4_div_FractionCSP3,7.46386870610767,-0.08363961148138907
344,PMI1_div_WienerIndex,-0.014002394135585789,0.0
344,SSSR_count_div_DoubleBondCount,0.02265457073623688,0.0
344,RingCount_div_SSSR_count,0.4191681070021959,0.0
344,Chi4_div_RadiusOfGyration,-0.6780761203573966,0.0
344,Fused_ring_count_div_Bridged_ring_count,0.6317929850256704,0.0
344,HBD_div_BalabanIndex,-0.5897772847378491,0.0
344,BalabanIndex_div_TopologicalRadius,-0.5365034777618017,-0.08806475797000035
344,TopologicalDiameter_div_BertzCTIndex,-0.804200583471518,0.0
344,HeteroatomCount_div_Largest_ring_size,0.19544097909358796,0.0
344,WienerIndex_div_RingCount,-0.17242881413292632,0.0
344,Chi2_div_Chi4,0.1324454426266962,0.0
344,Chi4_div_Bridged_ring_count,-0.3766953023452234,0.0
344,Fused_ring_count_div_BondInformationContent,-0.14327654592611797,0.0
344,TotalPathCount_div_FractionCSP3,8.95213900321792,-0.09643935007025745
344,StereocenterCount_div_PMI_Ratio1,-0.5007552387378665,0.0
344,partial_charge_max_div_BertzCTIndex,0.3865388130529134,0.0
344,PMI1_div_Bridged_ring_count,-0.05604811392690882,0.0
344,Fused_ring_count_div_DoubleBondCount,0.1150319145747276,0.0
344,SSSR_count_div_Min_EState,-0.0008019477049256654,0.0
344,Asphericity_div_Largest_ring_size,0.17084230431602973,0.0
344,PathComplexityIndex_div_Largest_ring_size,0.5483063645024945,0.0
344,WienerIndex_div_RotatableBonds,-0.23288071719375664,0.0
344,RingCount_div_RotatableBonds,0.03081999031199337,0.0
344,Bridged_ring_count_div_Fused_ring_count,0.7211421597349512,0.0
344,RotatableBonds_div_WienerIndex,-0.17365698500209217,0.0
344,StereocenterCount_div_Fused_ring_count,-0.7677027582855365,0.0
344,BondInformationContent_div_BalabanIndex,0.9048117625540955,-0.07744121277926867
344,Avg_EState_div_PathComplexityIndex,-0.1123703879003253,0.0
344,RingCount_div_Asphericity,-0.013382670388238498,0.0
344,PMI_Ratio1_div_BertzCTIndex,-0.4053723947189386,-0.0920369835636015
344,Max_EState_div_Largest_ring_size,0.6357698878149489,0.0
344,BalabanIndex_div_BondInformationContent,-0.644444827313573,0.0
344,WienerIndex_div_PMI3,-0.10039175858269682,0.0
344,SSSR_count_div_ZagrebIndex,0.7993654534481874,0.0
344,TPSA_div_Fused_ring_count,-0.058028899706014096,0.0
344,RotatableBonds_div_BertzCTIndex,-0.5478813583848766,0.0
344,Asphericity_div_Bridged_ring_count,0.09055828327553053,0.0
344,RotatableBonds_div_Chi4,-0.23101700701470868,0.0
344,HBD_div_Fused_ring_count,-0.5907056875796379,0.0
344,Min_EState_div_BalabanIndex,-3.0976110195478683,0.0
344,Fused_ring_count_div_Min_EState,-0.0016081498295469584,0.0
344,BertzCTIndex_div_Max_EState,0.7092281405727558,0.0
344,LogP_div_Chi4,0.7032881116827727,0.0
344,FragmentComplexityScore_div_TotalPathCount,-0.187894073757193,0.0
344,FractionCSP3_div_Chi3,-1.0220637778383286,0.0
348,BalabanIndex_div_PathComplexityIndex,-0.23943910053227063,0.0
348,RingCount_div_PMI_Ratio1,-0.5103802427353157,0.0
348,Max_EState_div_BalabanIndex,0.0017057674896498668,0.0
348,BalabanIndex_div_ZagrebIndex,-0.0925779763667675,0.0
348,Largest_ring_size_div_BalabanIndex,-0.22158904001375285,0.0
348,TotalPathCount_div_Largest_ring_size,-0.13639259947834229,0.0
348,SSSR_count_div_AtomInformationContent,-0.5527987573371944,0.0
348,Fused_ring_count_div_PMI_Ratio1,-0.7563390875513493,0.0
348,PMI2_div_Largest_ring_size,-0.26371741061912396,0.0
348,SSSR_count_div_SpherocityIndex,-0.05111059804503529,0.0
348,SSSR_count_div_partial_charge_max,-0.2542677309371041,0.0
348,BalabanIndex_div_partial_charge_max,-0.11981203223622268,0.0
348,RingCount_div_FractionCSP3,-0.4566781100029109,0.0
348,ZagrebIndex_div_Chi0,-0.2533316050607109,0.0
348,TPSA_div_BalabanIndex,-0.21209710101235987,0.0
348,MolarRefractivity_div_TotalPathCount,-0.13355049968477126,0.0
348,GraphDistanceDistributionEntropy_div_TotalPathCount,0.16162490621671458,0.0
348,PMI2_div_Fused_ring_count,-0.4826267306358038,0.0
348,SSSR_count_div_BondInformationContent,-0.13043804398497003,0.0
348,Fused_ring_count_div_FragmentComplexityScore,-1.0281751162380857,0.0
348,AtomInformationContent_div_BalabanIndex,0.6835794192901237,-0.018241070201387106
348,TotalPathCount_div_RadiusOfGyration,-0.3252166031882584,0.0
348,GraphDistanceDistributionEntropy_div_BertzCTIndex,0.2735111908781698,0.0
348,Fused_ring_count_div_InertialShapeFactor,-0.25401378127090635,0.0
348,StereocenterCount_div_BalabanIndex,-0.4810633971521616,0.0
348,BalabanIndex_div_Asphericity,0.08078724715322297,0.0
348,RadiusOfGyration_div_Largest_ring_size,0.22463516143522833,0.0
348,ZagrebIndex_div_CovalentRadiusSum,-0.3118421259030017,0.0
348,MolarRefractivity_div_BertzCTIndex,0.17767277385867888,0.0
348,PMI1_div_Largest_ring_size,-0.0033785696482594436,0.0
348,BalabanIndex_div_HBA,-0.20744834488929367,0.0
348,RingCount_div_Fused_ring_count,-1.244118498348645,0.0
348,Fused_ring_count_div_FractionCSP3,-0.7069975257501818,0.0
348,Largest_ring_size_div_PMI_Ratio1,-0.32856017929417264,0.0
348,Chi4_div_FractionCSP3,-0.6816385101812212,0.0
348,PMI1_div_WienerIndex,0.77438813904159,0.06682423869638113
348,SSSR_count_div_DoubleBondCount,-0.47897155007521647,0.0
348,RingCount_div_SSSR_count,0.4191681070021959,-0.015262312204269143
348,Chi4_div_RadiusOfGyration,-0.2742631370398776,0.0
348,Fused_ring_count_div_Bridged_ring_count,-1.4270536095030357,-0.01958647646144771
348,HBD_div_BalabanIndex,-0.30347269541399846,0.0
348,BalabanIndex_div_TopologicalRadius,0.21810301445500827,0.0
348,TopologicalDiameter_div_BertzCTIndex,-0.0917633634168737,0.0
348,HeteroatomCount_div_Largest_ring_size,0.34974594909685125,-0.02572640040867128
348,WienerIndex_div_RingCount,-0.14506433374768374,0.0
348,Chi2_div_Chi4,-0.22496194012176648,0.0
348,Chi4_div_Bridged_ring_count,-1.1576317652007062,0.0
348,Fused_ring_count_div_BondInformationContent,-0.6338218010298348,0.0
348,TotalPathCount_div_FractionCSP3,-0.5657035043453165,0.0
348,StereocenterCount_div_PMI_Ratio1,-0.42983321660696017,0.0
348,partial_charge_max_div_BertzCTIndex,0.08850848449292789,0.0
348,PMI1_div_Bridged_ring_count,-0.49312041894055575,0.0
348,Fused_ring_count_div_DoubleBondCount,-0.7659847234685216,0.0
348,SSSR_count_div_Min_EState,-0.0073310983322552314,0.0
348,Asphericity_div_Largest_ring_size,-0.4312564932667702,0.031310497636997385
348,PathComplexityIndex_div_Largest_ring_size,0.24239662609021476,0.0
348,WienerIndex_div_RotatableBonds,-0.32589798166666917,0.0
348,RingCount_div_RotatableBonds,-0.2763965739501285,0.0
348,Bridged_ring_count_div_Fused_ring_count,-1.439196676874029,0.0
348,RotatableBonds_div_WienerIndex,-0.008862340556021852,0.0
348,StereocenterCount_div_Fused_ring_count,-0.7677027582855365,0.0
348,BondInformationContent_div_BalabanIndex,-0.5215650002143053,0.0
348,Avg_EState_div_PathComplexityIndex,0.33063082157822826,0.0
348,RingCount_div_Asphericity,-0.023517091445783747,0.0
348,PMI_Ratio1_div_BertzCTIndex,0.5721007374628353,0.05434277258017845
348,Max_EState_div_Largest_ring_size,0.7499746536126647,0.0
348,BalabanIndex_div_BondInformationContent,-0.16928478843785744,0.0
348,WienerIndex_div_PMI3,-0.1535768012788797,0.0
348,SSSR_count_div_ZagrebIndex,0.09653521089868203,0.0
348,TPSA_div_Fused_ring_count,-0.7463221206410611,0.0
348,RotatableBonds_div_BertzCTIndex,-0.2559934585766646,-0.022169478355135355
348,Asphericity_div_Bridged_ring_count,-0.9448338994567288,0.0
348,RotatableBonds_div_Chi4,-0.3849713592115799,-0.02239574745111161
348,HBD_div_Fused_ring_count,-0.5907056875796379,0.0
348,Min_EState_div_BalabanIndex,0.33713818048459576,0.0
348,Fused_ring_count_div_Min_EState,0.000907607443612213,0.0
348,BertzCTIndex_div_Max_EState,-0.8027047176767803,0.0
348,LogP_div_Chi4,-0.9746422418980365,-0.049583919467572235
348,FragmentComplexityScore_div_TotalPathCount,0.14557744693578964,0.0
348,FractionCSP3_div_Chi3,0.5507125542639117,0.0
351,BalabanIndex_div_PathComplexityIndex,-0.6158298184830739,0.0
351,RingCount_div_PMI_Ratio1,0.045259182608084376,0.0
351,Max_EState_div_BalabanIndex,0.4784447717320825,0.0
351,BalabanIndex_div_ZagrebIndex,-0.4112946624309071,0.0
351,Largest_ring_size_div_BalabanIndex,-0.06409109494524094,0.0
351,TotalPathCount_div_Largest_ring_size,0.35671841211992034,-0.11492246175485406
351,SSSR_count_div_AtomInformationContent,1.100059502106068,0.0
351,Fused_ring_count_div_PMI_Ratio1,0.25981352867569385,-0.11153989133639179
351,PMI2_div_Largest_ring_size,-0.29696528200472305,0.0
351,SSSR_count_div_SpherocityIndex,-0.05111057702152139,0.0
351,SSSR_count_div_partial_charge_max,0.8596570249509934,0.0
351,BalabanIndex_div_partial_charge_max,-0.33300471110157603,0.0
351,RingCount_div_FractionCSP3,2.4320904370497667,-0.1142076361999635
351,ZagrebIndex_div_Chi0,1.405325449186419,0.0
351,TPSA_div_BalabanIndex,-0.4367909300367431,0.0
351,MolarRefractivity_div_TotalPathCount,-0.8679781921890852,0.0
351,GraphDistanceDistributionEntropy_div_TotalPathCount,-0.596462764470313,0.0
351,PMI2_div_Fused_ring_count,-0.3606552386282134,0.0
351,SSSR_count_div_BondInformationContent,-0.1414921346770696,0.0
351,Fused_ring_count_div_FragmentComplexityScore,1.1595459143400015,-0.1097143088088639
351,AtomInformationContent_div_BalabanIndex,-0.18737458711177868,0.0
351,TotalPathCount_div_RadiusOfGyration,1.0774368361292375,0.0
351,GraphDistanceDistributionEntropy_div_BertzCTIndex,-0.6191229450128475,0.0
351,Fused_ring_count_div_InertialShapeFactor,-0.13803948497188295,0.0
351,StereocenterCount_div_BalabanIndex,-0.45433220011350967,0.0
351,BalabanIndex_div_Asphericity,-0.14457420751238628,0.0
351,RadiusOfGyration_div_Largest_ring_size,-0.07813578095706653,0.0
351,ZagrebIndex_div_CovalentRadiusSum,1.6090323784814362,0.0
351,MolarRefractivity_div_BertzCTIndex,-0.8888086233177854,0.0
351,PMI1_div_Largest_ring_size,-0.24212450447218178,0.0
351,BalabanIndex_div_HBA,0.1104633826044158,0.0
351,RingCount_div_Fused_ring_count,0.33162566542326044,0.0
351,Fused_ring_count_div_FractionCSP3,2.9109911685578584,0.0
351,Largest_ring_size_div_PMI_Ratio1,-0.26147657734820623,0.0
351,Chi4_div_FractionCSP3,2.015520176484887,-0.10966401631721251
351,PMI1_div_WienerIndex,-0.268550860233833,0.0
351,SSSR_count_div_DoubleBondCount,0.38747356769002117,0.0
351,RingCount_div_SSSR_count,0.4191681070021959,0.0
351,Chi4_div_RadiusOfGyration,0.6910984252098273,0.0
351,Fused_ring_count_div_Bridged_ring_count,0.6317929850256704,0.0
351,HBD_div_BalabanIndex,-0.5897772847378491,0.0
351,BalabanIndex_div_TopologicalRadius,-0.03147505717607719,0.0
351,TopologicalDiameter_div_BertzCTIndex,-0.8821493387645924,0.0
351,HeteroatomCount_div_Largest_ring_size,-0.4217789009194648,0.0
351,WienerIndex_div_RingCount,-0.22521556623819494,0.0
351,Chi2_div_Chi4,-1.064895233459855,0.0
351,Chi4_div_Bridged_ring_count,-0.25465271359381736,0.0
351,Fused_ring_count_div_BondInformationContent,-0.0562169785798189,0.0
351,TotalPathCount_div_FractionCSP3,1.4149533544100106,0.0
351,StereocenterCount_div_PMI_Ratio1,-0.41486930681274825,0.0
351,partial_charge_max_div_BertzCTIndex,-0.44655355058645607,0.0
351,PMI1_div_Bridged_ring_count,-0.3268394024856556,0.0
351,Fused_ring_count_div_DoubleBondCount,0.5555402335963523,0.0
351,SSSR_count_div_Min_EState,-0.013151609377074484,-0.08822593473163758
351,Asphericity_div_Largest_ring_size,-0.11294200956202903,0.0
351,PathComplexityIndex_div_Largest_ring_size,1.0117444917702425,-0.12978558776052979
351,WienerIndex_div_RotatableBonds,0.03449415857360243,0.0
351,RingCount_div_RotatableBonds,1.9509235169502548,-0.13414611542960475
351,Bridged_ring_count_div_Fused_ring_count,0.7211421597349512,-0.09599402416874232
351,RotatableBonds_div_WienerIndex,-0.38744241128213386,0.0
351,StereocenterCount_div_Fused_ring_count,-0.5754888615644098,0.0
351,BondInformationContent_div_BalabanIndex,1.1694746175821786,0.0
351,Avg_EState_div_PathComplexityIndex,-1.0050804580079502,0.0
351,RingCount_div_Asphericity,0.4193404095487772,0.0
351,PMI_Ratio1_div_BertzCTIndex,-0.19143492288922623,0.0
351,Max_EState_div_Largest_ring_size,0.8759649901049468,0.0
351,BalabanIndex_div_BondInformationContent,-0.6759543209341056,0.0
351,WienerIndex_div_PMI3,0.8020385647164167,0.0
351,SSSR_count_div_ZagrebIndex,1.8057195501780794,0.0
351,TPSA_div_Fused_ring_count,-0.4859256232992976,0.0
351,RotatableBonds_div_BertzCTIndex,-0.636379259285383,0.0
351,Asphericity_div_Bridged_ring_count,-0.3813826765527948,0.0
351,RotatableBonds_div_Chi4,-0.7692258699049923,-0.10701147502587999
351,HBD_div_Fused_ring_count,-0.5907056875796379,0.0
351,Min_EState_div_BalabanIndex,-0.07320559511887197,0.0
351,Fused_ring_count_div_Min_EState,-0.012419606694342012,0.0
351,BertzCTIndex_div_Max_EState,-0.04814318990568899,0.0
351,LogP_div_Chi4,-0.1977967427683701,0.0
351,FragmentComplexityScore_div_TotalPathCount,-0.31796320930428795,0.0
351,FractionCSP3_div_Chi3,-0.7825803836432667,0.0
363,BalabanIndex_div_PathComplexityIndex,-0.48932378796280246,-0.06503010351468771
363,RingCount_div_PMI_Ratio1,0.003231410665097953,0.0
363,Max_EState_div_BalabanIndex,0.2702354427557448,0.0
363,BalabanIndex_div_ZagrebIndex,-0.2795378968445869,0.0
363,Largest_ring_size_div_BalabanIndex,-0.14233245782188172,0.0
363,TotalPathCount_div_Largest_ring_size,0.13433501473246864,0.0
363,SSSR_count_div_AtomInformationContent,0.13826073438605235,0.0
363,Fused_ring_count_div_PMI_Ratio1,0.3712363875510908,0.0
363,PMI2_div_Largest_ring_size,-0.15975111329618577,0.0
363,SSSR_count_div_SpherocityIndex,-0.05111059297048473,0.0
363,SSSR_count_div_partial_charge_max,-0.18653429560458087,0.0
363,BalabanIndex_div_partial_charge_max,-0.414932930803098,0.0
363,RingCount_div_FractionCSP3,-0.40378435206699737,0.0
363,ZagrebIndex_div_Chi0,0.5230261301012081,0.0
363,TPSA_div_BalabanIndex,-0.5212283743797804,0.0
363,MolarRefractivity_div_TotalPathCount,-0.35221895752224747,0.0
363,GraphDistanceDistributionEntropy_div_TotalPathCount,-0.21566110939107935,0.0
363,PMI2_div_Fused_ring_count,-0.14101504842645518,0.0
363,SSSR_count_div_BondInformationContent,0.4252084355399645,-0.07764089175369226
363,Fused_ring_count_div_FragmentComplexityScore,0.43030557081397247,-0.06820631279761208
363,AtomInformationContent_div_BalabanIndex,-0.27170573339174997,0.0
363,TotalPathCount_div_RadiusOfGyration,0.039120054685378276,0.0
363,GraphDistanceDistributionEntropy_div_BertzCTIndex,0.21489301180272552,0.0
363,Fused_ring_count_div_InertialShapeFactor,-0.15155972587922856,0.0
363,StereocenterCount_div_BalabanIndex,0.12753986996877478,0.0
363,BalabanIndex_div_Asphericity,-0.2782545793401878,0.0
363,RadiusOfGyration_div_Largest_ring_size,0.2877649297865217,0.0
363,ZagrebIndex_div_CovalentRadiusSum,-0.1804030261305581,0.0
363,MolarRefractivity_div_BertzCTIndex,0.3861460230062767,0.0
363,PMI1_div_Largest_ring_size,-0.18818898770887155,0.0
363,BalabanIndex_div_HBA,0.1938946699676681,0.0
363,RingCount_div_Fused_ring_count,0.10651935631298814,0.0
363,Fused_ring_count_div_FractionCSP3,-0.20281849923010936,0.0
363,Largest_ring_size_div_PMI_Ratio1,-0.005633521439619285,0.0
363,Chi4_div_FractionCSP3,-0.2892785153014911,0.0
363,PMI1_div_WienerIndex,-0.05650643302692911,0.0
363,SSSR_count_div_DoubleBondCount,0.20506406921312895,0.0
363,RingCount_div_SSSR_count,0.4191681070021959,-0.06370572536980057
363,Chi4_div_RadiusOfGyration,1.0466166691067287,0.0
363,Fused_ring_count_div_Bridged_ring_count,0.6317929850256704,0.0
363,HBD_div_BalabanIndex,-0.5897772847378491,0.0
363,BalabanIndex_div_TopologicalRadius,-0.1424709243597473,0.0
363,TopologicalDiameter_div_BertzCTIndex,0.07242325715782773,0.0
363,HeteroatomCount_div_Largest_ring_size,-0.4217789009194648,0.0
363,WienerIndex_div_RingCount,-0.1833630356822093,0.0
363,Chi2_div_Chi4,-1.2654922600160279,0.0
363,Chi4_div_Bridged_ring_count,0.7689793302373624,0.0
363,Fused_ring_count_div_BondInformationContent,0.8799644058639017,0.0
363,TotalPathCount_div_FractionCSP3,-0.5411246078331567,0.0
363,StereocenterCount_div_PMI_Ratio1,0.14254318455305054,0.0
363,partial_charge_max_div_BertzCTIndex,0.3121161267866811,0.0
363,PMI1_div_Bridged_ring_count,-0.1890208168286131,0.0
363,Fused_ring_count_div_DoubleBondCount,0.5555402335963523,0.0
363,SSSR_count_div_Min_EState,-0.10259550966345,0.0
363,Asphericity_div_Largest_ring_size,0.6727053372012367,-0.09438321602895607
363,PathComplexityIndex_div_Largest_ring_size,0.7207476306581079,0.0
363,WienerIndex_div_RotatableBonds,-0.27467877469585,0.0
363,RingCount_div_RotatableBonds,0.03081999031199337,0.0
363,Bridged_ring_count_div_Fused_ring_count,0.7211421597349512,0.0
363,RotatableBonds_div_WienerIndex,-0.1105151052212354,-0.05761205584381379
363,StereocenterCount_div_Fused_ring_count,0.5297410445820688,0.0
363,BondInformationContent_div_BalabanIndex,-0.8411400709413479,0.0
363,Avg_EState_div_PathComplexityIndex,-1.1190243562548225,0.0
363,RingCount_div_Asphericity,-0.2531235292222589,0.0
363,PMI_Ratio1_div_BertzCTIndex,-0.13339465879468526,0.0
363,Max_EState_div_Largest_ring_size,0.8518823793577831,0.0
363,BalabanIndex_div_BondInformationContent,0.236527993465355,0.0
363,WienerIndex_div_PMI3,-0.6891383529660043,0.0
363,SSSR_count_div_ZagrebIndex,0.4545973080860504,-0.05849415872334523
363,TPSA_div_Fused_ring_count,-0.4352092807040836,0.0
363,RotatableBonds_div_BertzCTIndex,-0.3685158392305733,0.0
363,Asphericity_div_Bridged_ring_count,0.4269477416389519,-0.0703285820895852
363,RotatableBonds_div_Chi4,-0.7037149971633294,-0.0718162039831098
363,HBD_div_Fused_ring_count,-0.5907056875796379,0.0
363,Min_EState_div_BalabanIndex,0.8418940212657401,0.0
363,Fused_ring_count_div_Min_EState,-0.10447623253202241,0.0
363,BertzCTIndex_div_Max_EState,-0.7970601251104319,0.0
363,LogP_div_Chi4,-0.08776466667489968,0.0
363,FragmentComplexityScore_div_TotalPathCount,-0.1464368528474223,-0.060382717299370024
363,FractionCSP3_div_Chi3,0.03484269802595853,0.0
366,BalabanIndex_div_PathComplexityIndex,0.4261005642398309,0.0
366,RingCount_div_PMI_Ratio1,-0.7405879386196854,0.20114984917338186
366,Max_EState_div_BalabanIndex,-1.0144413879376495,0.0
366,BalabanIndex_div_ZagrebIndex,3.2579101767818845,0.3608478192417915
366,Largest_ring_size_div_BalabanIndex,-0.5543582414026649,0.0
366,TotalPathCount_div_Largest_ring_size,-0.929237755381431,0.0
366,SSSR_count_div_AtomInformationContent,-0.5994376760517309,0.0
366,Fused_ring_count_div_PMI_Ratio1,-0.7563390875513493,0.0
366,PMI2_div_Largest_ring_size,-0.4395813535649245,0.0
366,SSSR_count_div_SpherocityIndex,-0.051110657969334373,0.0
366,SSSR_count_div_partial_charge_max,-0.739499633335467,0.0
366,BalabanIndex_div_partial_charge_max,1.2454503364652643,0.0
366,RingCount_div_FractionCSP3,-0.6115125650516762,0.0
366,ZagrebIndex_div_Chi0,-0.8861484266895181,0.0
366,TPSA_div_BalabanIndex,-0.7047280623166298,0.0
366,MolarRefractivity_div_TotalPathCount,0.5911598251692463,0.0
366,GraphDistanceDistributionEntropy_div_TotalPathCount,1.6493609071172377,0.0
366,PMI2_div_Fused_ring_count,-0.4826267306358038,0.0
366,SSSR_count_div_BondInformationContent,-0.4942820819504418,0.0
366,Fused_ring_count_div_FragmentComplexityScore,-1.0281751162380857,0.0
366,AtomInformationContent_div_BalabanIndex,-1.264957808331973,0.0
366,TotalPathCount_div_RadiusOfGyration,-0.9160374243116758,0.0
366,GraphDistanceDistributionEntropy_div_BertzCTIndex,1.3957730072959962,0.0
366,Fused_ring_count_div_InertialShapeFactor,-0.25401378127090635,0.0
366,StereocenterCount_div_BalabanIndex,-0.6376549350429598,0.0
366,BalabanIndex_div_Asphericity,1.1346128986579165,0.0
366,RadiusOfGyration_div_Largest_ring_size,-0.6639525987009419,0.22138509116950233
366,ZagrebIndex_div_CovalentRadiusSum,-0.7515573754251058,0.0
366,MolarRefractivity_div_BertzCTIndex,0.6946511060443529,0.0
366,PMI1_div_Largest_ring_size,-0.4284120015843629,0.0
366,BalabanIndex_div_HBA,4.911035508211389,0.31433965394958596
366,RingCount_div_Fused_ring_count,-1.244118498348645,0.0
366,Fused_ring_count_div_FractionCSP3,-0.7069975257501818,0.0
366,Largest_ring_size_div_PMI_Ratio1,-0.4141373740390025,0.0
366,Chi4_div_FractionCSP3,-0.9450790965221503,0.0
366,PMI1_div_WienerIndex,3.1332991585577457,0.27049443720927596
366,SSSR_count_div_DoubleBondCount,-0.7069834231713317,0.0
366,RingCount_div_SSSR_count,0.4191681070021959,0.0
366,Chi4_div_RadiusOfGyration,-0.7679309438401557,0.0
366,Fused_ring_count_div_Bridged_ring_count,-1.4270536095030357,0.0
366,HBD_div_BalabanIndex,-0.5897772847378491,0.0
366,BalabanIndex_div_TopologicalRadius,3.8609336398771084,0.42740962045463143
366,TopologicalDiameter_div_BertzCTIndex,0.1085204496206637,0.0
366,HeteroatomCount_div_Largest_ring_size,-0.8846938109292545,0.0
366,WienerIndex_div_RingCount,-0.2500097194111722,0.0
366,Chi2_div_Chi4,0.8873938546945872,0.1887015277575729
366,Chi4_div_Bridged_ring_count,-1.1576317652007062,0.0
366,Fused_ring_count_div_BondInformationContent,-0.6338218010298348,0.0
366,TotalPathCount_div_FractionCSP3,-0.7404371140953973,0.0
366,StereocenterCount_div_PMI_Ratio1,-0.5007552387378665,0.0
366,partial_charge_max_div_BertzCTIndex,1.2230045163173233,0.0
366,PMI1_div_Bridged_ring_count,-0.49312041894055575,0.0
366,Fused_ring_count_div_DoubleBondCount,-0.7659847234685216,0.0
366,SSSR_count_div_Min_EState,-0.04666145462204183,0.0
366,Asphericity_div_Largest_ring_size,-0.8258081561861903,0.0
366,PathComplexityIndex_div_Largest_ring_size,0.1274681379797468,0.0
366,WienerIndex_div_RotatableBonds,-0.5294478870895619,0.0
366,RingCount_div_RotatableBonds,0.03081999031199337,0.0
366,Bridged_ring_count_div_Fused_ring_count,-1.439196676874029,0.0
366,RotatableBonds_div_WienerIndex,1.5031679829473859,0.0
366,StereocenterCount_div_Fused_ring_count,-0.7677027582855365,0.0
366,BondInformationContent_div_BalabanIndex,-0.5458505948456199,0.0
366,Avg_EState_div_PathComplexityIndex,0.24518241800042992,0.0
366,RingCount_div_Asphericity,-0.2774037546739692,0.0
366,PMI_Ratio1_div_BertzCTIndex,4.272557067844007,0.23349005793713012
366,Max_EState_div_Largest_ring_size,0.2448593589761717,0.0
366,BalabanIndex_div_BondInformationContent,-0.14838514347744353,0.0
366,WienerIndex_div_PMI3,-0.8112550920423746,0.0
366,SSSR_count_div_ZagrebIndex,-0.09258615444343375,0.0
366,TPSA_div_Fused_ring_count,-0.7463221206410611,0.0
366,RotatableBonds_div_BertzCTIndex,-0.4731155062304462,0.0
366,Asphericity_div_Bridged_ring_count,-0.9448338994567288,0.0
366,RotatableBonds_div_Chi4,-0.6119902266654338,0.0
366,HBD_div_Fused_ring_count,-0.5907056875796379,0.0
366,Min_EState_div_BalabanIndex,0.8950548047902,0.0
366,Fused_ring_count_div_Min_EState,0.000907607443612213,0.0
366,BertzCTIndex_div_Max_EState,-1.3059504030719118,0.0
366,LogP_div_Chi4,0.9210686180641027,0.0
366,FragmentComplexityScore_div_TotalPathCount,3.0457691572050574,0.21346820161656463
366,FractionCSP3_div_Chi3,1.7637189087712613,0.22238029603419907
371,BalabanIndex_div_PathComplexityIndex,-0.47817559168779583,-0.15032724964828045
371,RingCount_div_PMI_Ratio1,0.31938487673668337,0.0
371,Max_EState_div_BalabanIndex,0.2845814833666118,0.0
371,BalabanIndex_div_ZagrebIndex,-0.2109696083431898,0.0
371,Largest_ring_size_div_BalabanIndex,0.10504146548562529,0.0
371,TotalPathCount_div_Largest_ring_size,-0.30490672669119395,0.0
371,SSSR_count_div_AtomInformationContent,-0.3947454261306885,0.0
371,Fused_ring_count_div_PMI_Ratio1,0.4162092202407787,0.0
371,PMI2_div_Largest_ring_size,-0.25882961616552974,0.0
371,SSSR_count_div_SpherocityIndex,-0.051110521695009896,0.0
371,SSSR_count_div_partial_charge_max,0.045044292628513276,0.0
371,BalabanIndex_div_partial_charge_max,-0.2816706122237477,0.0
371,RingCount_div_FractionCSP3,0.8925935697077582,0.0
371,ZagrebIndex_div_Chi0,0.48230309119830794,-0.16191292954170866
371,TPSA_div_BalabanIndex,-0.3497054917172899,0.0
371,MolarRefractivity_div_TotalPathCount,-0.38004350407807597,0.0
371,GraphDistanceDistributionEntropy_div_TotalPathCount,0.1167885760468112,0.0
371,PMI2_div_Fused_ring_count,-0.129435107499743,0.0
371,SSSR_count_div_BondInformationContent,-0.3451715269460714,0.0
371,Fused_ring_count_div_FragmentComplexityScore,0.06568539905095791,0.0
371,AtomInformationContent_div_BalabanIndex,1.1640056335262734,-0.13735204575589594
371,TotalPathCount_div_RadiusOfGyration,-0.3132313577973676,0.0
371,GraphDistanceDistributionEntropy_div_BertzCTIndex,-0.24675640785840772,0.0
371,Fused_ring_count_div_InertialShapeFactor,-0.2137145472547599,0.0
371,StereocenterCount_div_BalabanIndex,-0.5467855322170627,0.0
371,BalabanIndex_div_Asphericity,-0.33978074783463297,0.0
371,RadiusOfGyration_div_Largest_ring_size,-0.028472331196857742,0.0
371,ZagrebIndex_div_CovalentRadiusSum,0.9661092049731682,0.0
371,MolarRefractivity_div_BertzCTIndex,-0.660707091070178,0.0
371,PMI1_div_Largest_ring_size,-0.34890995673866054,0.0
371,BalabanIndex_div_HBA,0.11977438929441685,0.0
371,RingCount_div_Fused_ring_count,0.5567319745335324,0.0
371,Fused_ring_count_div_FractionCSP3,0.9454492336693567,-0.1374093713105976
371,Largest_ring_size_div_PMI_Ratio1,0.3901678286255206,-0.1597075828803754
371,Chi4_div_FractionCSP3,0.4064514337420221,0.0
371,PMI1_div_WienerIndex,-0.5297802213312583,-0.133366137397676
371,SSSR_count_div_DoubleBondCount,-0.1597549277406553,0.0
371,RingCount_div_SSSR_count,0.4191681070021959,0.0
371,Chi4_div_RadiusOfGyration,-0.6543447593681453,0.0
371,Fused_ring_count_div_Bridged_ring_count,0.6317929850256704,0.0
371,HBD_div_BalabanIndex,-0.4236359503554322,0.0
371,BalabanIndex_div_TopologicalRadius,-0.22941461084976214,0.0
371,TopologicalDiameter_div_BertzCTIndex,-0.423173164329458,0.0
371,HeteroatomCount_div_Largest_ring_size,-0.11316896091293838,0.0
371,WienerIndex_div_RingCount,-0.2045372424919319,0.0
371,Chi2_div_Chi4,-0.1281686821782339,0.0
371,Chi4_div_Bridged_ring_count,-0.1504504662873922,0.0
371,Fused_ring_count_div_BondInformationContent,-0.35482438847224756,0.0
371,TotalPathCount_div_FractionCSP3,0.5976882870421704,0.0
371,StereocenterCount_div_PMI_Ratio1,-0.4016506332546226,0.0
371,partial_charge_max_div_BertzCTIndex,-0.25882877336302507,0.0
371,PMI1_div_Bridged_ring_count,-0.27352902377439914,0.0
371,Fused_ring_count_div_DoubleBondCount,-0.10522224493608466,0.0
371,SSSR_count_div_Min_EState,-0.011558350735176574,0.0
371,Asphericity_div_Largest_ring_size,0.7650879398431395,-0.14626741368451668
371,PathComplexityIndex_div_Largest_ring_size,0.16260888003787796,0.0
371,WienerIndex_div_RotatableBonds,0.4445131988322325,0.0
371,RingCount_div_RotatableBonds,2.334944222277907,0.0
371,Bridged_ring_count_div_Fused_ring_count,0.7211421597349512,0.0
371,RotatableBonds_div_WienerIndex,-0.5071202070889593,0.0
371,StereocenterCount_div_Fused_ring_count,-0.5754888615644098,0.0
371,BondInformationContent_div_BalabanIndex,1.2384202347854,-0.18944885415025334
371,Avg_EState_div_PathComplexityIndex,-0.07867173955700485,0.0
371,RingCount_div_Asphericity,-0.31884994859522797,0.0
371,PMI_Ratio1_div_BertzCTIndex,-0.43299106502911117,-0.0954454430481744
371,Max_EState_div_Largest_ring_size,0.312307064659351,0.0
371,BalabanIndex_div_BondInformationContent,-0.6831486196537606,0.0
371,WienerIndex_div_PMI3,-0.6539034975384604,0.0
371,SSSR_count_div_ZagrebIndex,0.8067392113823801,0.0
371,TPSA_div_Fused_ring_count,-0.07947753681488118,0.0
371,RotatableBonds_div_BertzCTIndex,-0.669214183024852,0.0
371,Asphericity_div_Bridged_ring_count,1.2853722943170478,-0.21146923964134406
371,RotatableBonds_div_Chi4,-0.7859171281852603,0.0
371,HBD_div_Fused_ring_count,-0.30564112519278586,0.0
371,Min_EState_div_BalabanIndex,0.29263327989148546,0.0
371,Fused_ring_count_div_Min_EState,-0.009553530311903521,0.0
371,BertzCTIndex_div_Max_EState,-0.3895673622671115,0.0
371,LogP_div_Chi4,-0.141550932062063,0.0
371,FragmentComplexityScore_div_TotalPathCount,0.13296553365611105,0.0
371,FractionCSP3_div_Chi3,-0.5551553382289341,0.0
375,BalabanIndex_div_PathComplexityIndex,-0.4395799646844203,0.0
375,RingCount_div_PMI_Ratio1,-0.3200338572498874,0.0
375,Max_EState_div_BalabanIndex,0.09892736006758511,0.0
375,BalabanIndex_div_ZagrebIndex,-0.33541823188799447,-0.028703535599546484
375,Largest_ring_size_div_BalabanIndex,-0.1562310319245792,0.0
375,TotalPathCount_div_Largest_ring_size,0.2116857616498431,0.0
375,SSSR_count_div_AtomInformationContent,-0.3550077630875577,0.0
375,Fused_ring_count_div_PMI_Ratio1,-0.24487697637862843,0.0
375,PMI2_div_Largest_ring_size,-0.21025554075279002,0.0
375,SSSR_count_div_SpherocityIndex,-0.05111057681600882,0.0
375,SSSR_count_div_partial_charge_max,-0.06252293230295403,0.0
375,BalabanIndex_div_partial_charge_max,-0.29394510375267013,0.0
375,RingCount_div_FractionCSP3,-0.3414253953425518,0.0
375,ZagrebIndex_div_Chi0,0.3620306982572393,0.0
375,TPSA_div_BalabanIndex,-0.15427102654328742,0.0
375,MolarRefractivity_div_TotalPathCount,-0.3608678150706745,-0.024106744756134446
375,GraphDistanceDistributionEntropy_div_TotalPathCount,-0.29900041560997986,-0.023017026397761806
375,PMI2_div_Fused_ring_count,-0.105005755643892,0.0
375,SSSR_count_div_BondInformationContent,-0.2110554381290797,0.0
375,Fused_ring_count_div_FragmentComplexityScore,0.06568539905095791,0.0
375,AtomInformationContent_div_BalabanIndex,0.7765532345765198,0.0
375,TotalPathCount_div_RadiusOfGyration,0.23152879143627839,0.0
375,GraphDistanceDistributionEntropy_div_BertzCTIndex,-0.19333765242610854,0.0
375,Fused_ring_count_div_InertialShapeFactor,-0.12387199366231012,0.0
375,StereocenterCount_div_BalabanIndex,-0.21844401750184747,0.0
375,BalabanIndex_div_Asphericity,-0.09818698854862237,0.0
375,RadiusOfGyration_div_Largest_ring_size,0.23919572269932163,0.0
375,ZagrebIndex_div_CovalentRadiusSum,0.07594055241779418,0.0
375,MolarRefractivity_div_BertzCTIndex,-0.17589470588133505,0.0
375,PMI1_div_Largest_ring_size,-0.031091939823119745,0.0
375,BalabanIndex_div_HBA,-0.3738884498070475,0.0
375,RingCount_div_Fused_ring_count,0.5567319745335324,-0.02118725758875488
375,Fused_ring_count_div_FractionCSP3,-0.26756570053058176,0.0
375,Largest_ring_size_div_PMI_Ratio1,-0.2589107580143436,0.0
375,Chi4_div_FractionCSP3,-0.4557478907788852,0.0
375,PMI1_div_WienerIndex,0.21823849862161954,0.0
375,SSSR_count_div_DoubleBondCount,0.20506406921312895,0.0
375,RingCount_div_SSSR_count,0.4191681070021959,0.0
375,Chi4_div_RadiusOfGyration,0.2826398428357781,0.0
375,Fused_ring_count_div_Bridged_ring_count,0.6317929850256704,0.0
375,HBD_div_BalabanIndex,0.023395106073624976,0.0
375,BalabanIndex_div_TopologicalRadius,-0.12346506407018572,0.0
375,TopologicalDiameter_div_BertzCTIndex,-0.40189026219069496,0.0
375,HeteroatomCount_div_Largest_ring_size,0.19544097909358796,0.0
375,WienerIndex_div_RingCount,-0.15594070227289644,0.0
375,Chi2_div_Chi4,-0.3183735481305238,0.0
375,Chi4_div_Bridged_ring_count,0.6755334273445179,0.0
375,Fused_ring_count_div_BondInformationContent,-0.20574305476599797,0.0
375,TotalPathCount_div_FractionCSP3,-0.44452601646909945,0.0
375,StereocenterCount_div_PMI_Ratio1,-0.2846095566770397,0.0
375,partial_charge_max_div_BertzCTIndex,-0.15864419931261828,0.0
375,PMI1_div_Bridged_ring_count,0.1246922392219589,0.0
375,Fused_ring_count_div_DoubleBondCount,0.22515899433013378,0.0
375,SSSR_count_div_Min_EState,-0.013390397644029035,0.0
375,Asphericity_div_Largest_ring_size,-0.13920074776530436,0.0
375,PathComplexityIndex_div_Largest_ring_size,0.5947533928478145,0.0
375,WienerIndex_div_RotatableBonds,-0.3206787533224924,0.0
375,RingCount_div_RotatableBonds,-0.22519381323977486,0.0
375,Bridged_ring_count_div_Fused_ring_count,0.7211421597349512,0.0
375,RotatableBonds_div_WienerIndex,-0.020800319649784443,0.0
375,StereocenterCount_div_Fused_ring_count,0.19336672532009713,0.0
375,BondInformationContent_div_BalabanIndex,0.1618579454316638,0.0
375,Avg_EState_div_PathComplexityIndex,-0.5385301822165504,0.0
375,RingCount_div_Asphericity,-0.012843285291212347,0.0
375,PMI_Ratio1_div_BertzCTIndex,0.02051162698362066,0.0
375,Max_EState_div_Largest_ring_size,0.687525637014871,0.0
375,BalabanIndex_div_BondInformationContent,-0.5011083086672344,0.0
375,WienerIndex_div_PMI3,-0.018623872738410478,-0.03671060591579984
375,SSSR_count_div_ZagrebIndex,0.2758286401204947,-0.028924493047486118
375,TPSA_div_Fused_ring_count,0.3206100842615546,0.0
375,RotatableBonds_div_BertzCTIndex,-0.3221362107997578,0.0
375,Asphericity_div_Bridged_ring_count,0.15860088779969508,-0.021586579356686366
375,RotatableBonds_div_Chi4,-0.4537457746088679,-0.03221045834072935
375,HBD_div_Fused_ring_count,0.5495525619677706,0.0
375,Min_EState_div_BalabanIndex,0.4085252497050386,0.0
375,Fused_ring_count_div_Min_EState,-0.010933580064045796,0.0
375,BertzCTIndex_div_Max_EState,-0.41526514493390343,0.0
375,LogP_div_Chi4,-0.30461106597584864,-0.027308171738709024
375,FragmentComplexityScore_div_TotalPathCount,-0.21155502422765976,-0.02127221863371484
375,FractionCSP3_div_Chi3,0.08042903708605872,0.0
377,BalabanIndex_div_PathComplexityIndex,-0.08604942317408841,0.0
377,RingCount_div_PMI_Ratio1,-0.6251011171847886,0.0
377,Max_EState_div_BalabanIndex,-1.408190644609992,0.23744727116885936
377,BalabanIndex_div_ZagrebIndex,1.8407849741431563,0.2716200903510407
377,Largest_ring_size_div_BalabanIndex,-0.38541828734162137,0.0
377,TotalPathCount_div_Largest_ring_size,-0.832549321734713,0.0
377,SSSR_count_div_AtomInformationContent,-0.06278690753362301,0.0
377,Fused_ring_count_div_PMI_Ratio1,-0.494929374090509,0.0
377,PMI2_div_Largest_ring_size,-0.43530680796929744,0.0
377,SSSR_count_div_SpherocityIndex,-0.051110559914539395,0.0
377,SSSR_count_div_partial_charge_max,0.7785464021904027,0.0
377,BalabanIndex_div_partial_charge_max,3.1876210615229894,0.19114665903082917
377,RingCount_div_FractionCSP3,-0.13963613061734395,0.0
377,ZagrebIndex_div_Chi0,-0.028960873462299246,0.0
377,TPSA_div_BalabanIndex,-0.7215766904180803,0.0
377,MolarRefractivity_div_TotalPathCount,0.14332755356433902,0.0
377,GraphDistanceDistributionEntropy_div_TotalPathCount,1.3247389338413478,0.0
377,PMI2_div_Fused_ring_count,-0.4366281658922739,0.0
377,SSSR_count_div_BondInformationContent,-0.46510668325571164,0.0
377,Fused_ring_count_div_FragmentComplexityScore,-0.29893477271205665,0.0
377,AtomInformationContent_div_BalabanIndex,-1.1392673691217445,0.0
377,TotalPathCount_div_RadiusOfGyration,-0.7389699247134647,0.0
377,GraphDistanceDistributionEntropy_div_BertzCTIndex,0.7966569045941777,0.0
377,Fused_ring_count_div_InertialShapeFactor,-0.23825475369093532,0.0
377,StereocenterCount_div_BalabanIndex,-0.5732620519069923,0.0
377,BalabanIndex_div_Asphericity,0.19439563837119558,0.0
377,RadiusOfGyration_div_Largest_ring_size,-0.5861357196345445,0.0
377,ZagrebIndex_div_CovalentRadiusSum,-0.08780094528461378,0.0
377,MolarRefractivity_div_BertzCTIndex,0.0020393657295158826,0.0
377,PMI1_div_Largest_ring_size,-0.424760040892958,0.0
377,BalabanIndex_div_HBA,3.6043669180141396,0.0
377,RingCount_div_Fused_ring_count,0.10651935631298814,0.0
377,Fused_ring_count_div_FractionCSP3,0.14338443231367382,0.0
377,Largest_ring_size_div_PMI_Ratio1,-0.34935436112563056,0.0
377,Chi4_div_FractionCSP3,-0.6126303259111026,0.0
377,PMI1_div_WienerIndex,2.317090276351038,0.21151590087869598
377,SSSR_count_div_DoubleBondCount,0.20506406921312895,0.0
377,RingCount_div_SSSR_count,0.4191681070021959,0.0
377,Chi4_div_RadiusOfGyration,-0.7418960861070188,0.0
377,Fused_ring_count_div_Bridged_ring_count,0.6317929850256704,0.0
377,HBD_div_BalabanIndex,-0.5897772847378491,0.0
377,BalabanIndex_div_TopologicalRadius,2.668808140105632,0.31333636616327387
377,TopologicalDiameter_div_BertzCTIndex,-0.12770146725281104,0.0
377,HeteroatomCount_div_Largest_ring_size,-0.8846938109292545,0.0
377,WienerIndex_div_RingCount,-0.25877445255781967,0.0
377,Chi2_div_Chi4,-0.24138595190122963,0.0
377,Chi4_div_Bridged_ring_count,-0.3940994909666865,0.0
377,Fused_ring_count_div_BondInformationContent,-0.4395826273536017,0.0
377,TotalPathCount_div_FractionCSP3,-0.4492144311785959,0.0
377,StereocenterCount_div_PMI_Ratio1,-0.46761344020829515,0.0
377,partial_charge_max_div_BertzCTIndex,-0.37556228429656885,0.0
377,PMI1_div_Bridged_ring_count,-0.3645773352045686,0.0
377,Fused_ring_count_div_DoubleBondCount,0.5555402335963523,0.0
377,SSSR_count_div_Min_EState,0.03240737098698115,0.0
377,Asphericity_div_Largest_ring_size,-0.40439070527005005,0.19135732041814707
377,PathComplexityIndex_div_Largest_ring_size,0.3676790320484725,0.0
377,WienerIndex_div_RotatableBonds,-0.5035728991120755,0.0
377,RingCount_div_RotatableBonds,0.798861400967298,0.2513873763307477
377,Bridged_ring_count_div_Fused_ring_count,0.7211421597349512,0.0
377,RotatableBonds_div_WienerIndex,1.0234015201067517,0.26263335898728674
377,StereocenterCount_div_Fused_ring_count,-0.47938191320384643,0.0
377,BondInformationContent_div_BalabanIndex,0.37039991064137295,0.0
377,Avg_EState_div_PathComplexityIndex,-0.7107029734972545,0.0
377,RingCount_div_Asphericity,-0.23284330808459178,0.0
377,PMI_Ratio1_div_BertzCTIndex,2.030417985872796,0.22688407244125794
377,Max_EState_div_Largest_ring_size,-0.8512940549395372,0.0
377,BalabanIndex_div_BondInformationContent,-0.553075539611048,0.0
377,WienerIndex_div_PMI3,-0.898134171671451,0.0
377,SSSR_count_div_ZagrebIndex,1.1877959923687333,0.0
377,TPSA_div_Fused_ring_count,-0.6139001002297951,0.0
377,RotatableBonds_div_BertzCTIndex,-0.5495394966504402,0.0
377,Asphericity_div_Bridged_ring_count,0.35481448727279996,0.0
377,RotatableBonds_div_Chi4,-0.6443631137575474,0.0
377,HBD_div_Fused_ring_count,-0.5907056875796379,0.0
377,Min_EState_div_BalabanIndex,1.0220814143465622,0.0
377,Fused_ring_count_div_Min_EState,0.031117596847102552,0.0
377,BertzCTIndex_div_Max_EState,-0.5588038207472767,0.0
377,LogP_div_Chi4,0.9352229365832003,0.0
377,FragmentComplexityScore_div_TotalPathCount,2.237353349464484,0.25347893891929685
377,FractionCSP3_div_Chi3,0.3692478749350777,0.0
378,BalabanIndex_div_PathComplexityIndex,-0.6321807399868986,0.0
378,RingCount_div_PMI_Ratio1,0.6732147480990183,0.0
378,Max_EState_div_BalabanIndex,0.8149435958146488,-0.13317965919823285
378,BalabanIndex_div_ZagrebIndex,-0.555776743714989,0.0
378,Largest_ring_size_div_BalabanIndex,0.17820067670194467,0.0
378,TotalPathCount_div_Largest_ring_size,0.22135460501451498,-0.12073390625954228
378,SSSR_count_div_AtomInformationContent,-0.06615240598157018,0.0
378,Fused_ring_count_div_PMI_Ratio1,0.47435541185186353,0.0
378,PMI2_div_Largest_ring_size,-0.021581258890731186,0.0
378,SSSR_count_div_SpherocityIndex,-0.05111049863619133,0.0
378,SSSR_count_div_partial_charge_max,0.4043608690518447,0.0
378,BalabanIndex_div_partial_charge_max,-0.4387359489768729,0.0
378,RingCount_div_FractionCSP3,-0.11187869329767747,0.0
378,ZagrebIndex_div_Chi0,0.643326608387139,0.0
378,TPSA_div_BalabanIndex,-0.12664533947412612,0.0
378,MolarRefractivity_div_TotalPathCount,-0.21864454003644984,0.0
378,GraphDistanceDistributionEntropy_div_TotalPathCount,-0.11126193138286433,0.0
378,PMI2_div_Fused_ring_count,0.1858681252389578,0.0
378,SSSR_count_div_BondInformationContent,-0.18338516137169594,0.0
378,Fused_ring_count_div_FragmentComplexityScore,0.06568539905095791,0.0
378,AtomInformationContent_div_BalabanIndex,1.2905224479624746,0.0
378,TotalPathCount_div_RadiusOfGyration,-0.20281021331868448,0.0
378,GraphDistanceDistributionEntropy_div_BertzCTIndex,-0.2019586753964688,-0.16054444225907888
378,Fused_ring_count_div_InertialShapeFactor,-0.18381706142771978,0.0
378,StereocenterCount_div_BalabanIndex,0.0356815286631986,0.0
378,BalabanIndex_div_Asphericity,-0.3823251305776172,0.0
378,RadiusOfGyration_div_Largest_ring_size,0.6129734457351367,0.0
378,ZagrebIndex_div_CovalentRadiusSum,0.17063908874275244,0.0
378,MolarRefractivity_div_BertzCTIndex,-0.3017035138915311,0.0
378,PMI1_div_Largest_ring_size,-0.20023180926018316,0.0
378,BalabanIndex_div_HBA,-0.5215754815810668,0.0
378,RingCount_div_Fused_ring_count,1.006944592754077,0.0
378,Fused_ring_count_div_FractionCSP3,-0.1749403648225289,0.0
378,Largest_ring_size_div_PMI_Ratio1,0.2861358188230176,0.0
378,Chi4_div_FractionCSP3,-0.27299599472036007,0.0
378,PMI1_div_WienerIndex,-0.7279481959447601,0.0
378,SSSR_count_div_DoubleBondCount,1.846749555505158,0.0
378,RingCount_div_SSSR_count,0.4191681070021959,0.0
378,Chi4_div_RadiusOfGyration,-0.054627437663299035,0.0
378,Fused_ring_count_div_Bridged_ring_count,0.6317929850256704,0.0
378,HBD_div_BalabanIndex,0.025771046656033737,0.0
378,BalabanIndex_div_TopologicalRadius,-0.6973998681295893,-0.15667844224936275
378,TopologicalDiameter_div_BertzCTIndex,-0.14813452558126047,0.0
378,HeteroatomCount_div_Largest_ring_size,0.04113600909032489,0.0
378,WienerIndex_div_RingCount,-0.1544828060663254,0.0
378,Chi2_div_Chi4,-0.41714258954331945,0.0
378,Chi4_div_Bridged_ring_count,0.6985118840521802,0.0
378,Fused_ring_count_div_BondInformationContent,-0.26675252866791904,0.0
378,TotalPathCount_div_FractionCSP3,-0.3283922869511757,0.0
378,StereocenterCount_div_PMI_Ratio1,0.12335973557861947,0.0
378,partial_charge_max_div_BertzCTIndex,-0.3636206107947147,-0.14290695229558767
378,PMI1_div_Bridged_ring_count,-0.10393244527788535,0.0
378,Fused_ring_count_div_DoubleBondCount,1.2163027121287893,-0.15590687842598508
378,SSSR_count_div_Min_EState,-0.02408293155140449,0.0
378,Asphericity_div_Largest_ring_size,1.1827664417984924,-0.11473288443728719
378,PathComplexityIndex_div_Largest_ring_size,0.5328240217207214,0.0
378,WienerIndex_div_RotatableBonds,-0.29515129265605894,0.0
378,RingCount_div_RotatableBonds,-0.18862041273237937,0.0
378,Bridged_ring_count_div_Fused_ring_count,0.7211421597349512,0.0
378,RotatableBonds_div_WienerIndex,-0.07370237544333198,0.0
378,StereocenterCount_div_Fused_ring_count,0.38558062204122384,0.0
378,BondInformationContent_div_BalabanIndex,1.0728148405796438,0.0
378,Avg_EState_div_PathComplexityIndex,-0.8223403664764266,0.0
378,RingCount_div_Asphericity,-0.2528973116307059,0.0
378,PMI_Ratio1_div_BertzCTIndex,-0.4787295384674679,0.0
378,Max_EState_div_Largest_ring_size,0.6586797253598244,0.0
378,BalabanIndex_div_BondInformationContent,-0.6652091769968683,0.0
378,WienerIndex_div_PMI3,-0.3979970785328435,0.0
378,SSSR_count_div_ZagrebIndex,0.7140061904056271,-0.13968954628179137
378,TPSA_div_Fused_ring_count,0.08713796304530323,0.0
378,RotatableBonds_div_BertzCTIndex,-0.30612526911404253,0.0
378,Asphericity_div_Bridged_ring_count,1.3400542531798263,-0.11679242851136418
378,RotatableBonds_div_Chi4,-0.38116371709929053,-0.1515082275022352
378,HBD_div_Fused_ring_count,0.2644879995809185,0.0
378,Min_EState_div_BalabanIndex,0.4106803423528623,0.0
378,Fused_ring_count_div_Min_EState,-0.01500894559356942,0.0
378,BertzCTIndex_div_Max_EState,-0.23869518326728323,0.0
378,LogP_div_Chi4,-0.14200701986068995,0.0
378,FragmentComplexityScore_div_TotalPathCount,-0.21925080811805128,0.0
378,FractionCSP3_div_Chi3,-0.11186827818904455,0.0
380,BalabanIndex_div_PathComplexityIndex,-0.35813589974815746,0.0
380,RingCount_div_PMI_Ratio1,-0.5291469824254652,0.0
380,Max_EState_div_BalabanIndex,-1.470790813268762,0.06615910339495036
380,BalabanIndex_div_ZagrebIndex,-0.11893025831071277,0.0
380,Largest_ring_size_div_BalabanIndex,-0.15697529737740074,0.0
380,TotalPathCount_div_Largest_ring_size,-0.15573028620768584,0.0
380,SSSR_count_div_AtomInformationContent,-1.0768367558935874,0.039954188150816417
380,Fused_ring_count_div_PMI_Ratio1,-0.7563390875513493,0.0
380,PMI2_div_Largest_ring_size,-0.313643387606339,0.0
380,SSSR_count_div_SpherocityIndex,-0.051110638544540156,0.0
380,SSSR_count_div_partial_charge_max,4.377599660770477,0.0
380,BalabanIndex_div_partial_charge_max,3.6140656497110317,0.09572691624694711
380,RingCount_div_FractionCSP3,1.1226333314944956,0.0
380,ZagrebIndex_div_Chi0,0.3328121755062929,0.0
380,TPSA_div_BalabanIndex,-0.760074798745235,0.0
380,MolarRefractivity_div_TotalPathCount,0.18567655611883313,0.0
380,GraphDistanceDistributionEntropy_div_TotalPathCount,-0.0007052273846768452,0.0
380,PMI2_div_Fused_ring_count,-0.4826267306358038,0.0
380,SSSR_count_div_BondInformationContent,-0.33067892814299216,0.0
380,Fused_ring_count_div_FragmentComplexityScore,-1.0281751162380857,0.0
380,AtomInformationContent_div_BalabanIndex,-1.8599604261154903,0.051613698316159806
380,TotalPathCount_div_RadiusOfGyration,-0.06275453562789479,0.0
380,GraphDistanceDistributionEntropy_div_BertzCTIndex,-0.28337273605110147,0.0
380,Fused_ring_count_div_InertialShapeFactor,-0.25401378127090635,0.0
380,StereocenterCount_div_BalabanIndex,-0.6376549350429598,0.0
380,BalabanIndex_div_Asphericity,0.7762215110717671,0.034914093619734694
380,RadiusOfGyration_div_Largest_ring_size,-0.0032674551816134862,0.0
380,ZagrebIndex_div_CovalentRadiusSum,0.07285772744011461,0.0
380,MolarRefractivity_div_BertzCTIndex,-0.3022335778653027,0.0
380,PMI1_div_Largest_ring_size,-0.11664752776122261,0.0
380,BalabanIndex_div_HBA,-0.9578742377221428,0.0
380,RingCount_div_Fused_ring_count,-1.244118498348645,0.0
380,Fused_ring_count_div_FractionCSP3,-0.7069975257501818,0.0
380,Largest_ring_size_div_PMI_Ratio1,-0.42275017948260807,0.0
380,Chi4_div_FractionCSP3,0.9341596211442247,0.0
380,PMI1_div_WienerIndex,0.8508696310432768,0.04406493095585996
380,SSSR_count_div_DoubleBondCount,1.2995210600744818,0.0
380,RingCount_div_SSSR_count,0.4191681070021959,0.0
380,Chi4_div_RadiusOfGyration,-0.27377544711187873,0.0
380,Fused_ring_count_div_Bridged_ring_count,-1.4270536095030357,0.0
380,HBD_div_BalabanIndex,-0.5897772847378491,0.0
380,BalabanIndex_div_TopologicalRadius,0.42599696090457684,0.040502809806731446
380,TopologicalDiameter_div_BertzCTIndex,-0.6289664248587444,0.0
380,HeteroatomCount_div_Largest_ring_size,-1.0389987809325176,0.0
380,WienerIndex_div_RingCount,-0.20228097455319097,0.0
380,Chi2_div_Chi4,-0.24691299460476895,0.0
380,Chi4_div_Bridged_ring_count,-1.1576317652007062,0.0
380,Fused_ring_count_div_BondInformationContent,-0.6338218010298348,0.0
380,TotalPathCount_div_FractionCSP3,0.7715225326244199,0.0
380,StereocenterCount_div_PMI_Ratio1,-0.5007552387378665,0.0
380,partial_charge_max_div_BertzCTIndex,-0.905682146041321,0.0
380,PMI1_div_Bridged_ring_count,-0.49312041894055575,0.0
380,Fused_ring_count_div_DoubleBondCount,-0.7659847234685216,0.0
380,SSSR_count_div_Min_EState,-0.01913748549803648,0.0
380,Asphericity_div_Largest_ring_size,-0.9574347142665683,0.038287478353966654
380,PathComplexityIndex_div_Largest_ring_size,0.3676790320484725,0.0
380,WienerIndex_div_RotatableBonds,-0.2552172452768859,0.0
380,RingCount_div_RotatableBonds,0.2868337938637615,0.0
380,Bridged_ring_count_div_Fused_ring_count,-1.439196676874029,0.0
380,RotatableBonds_div_WienerIndex,-0.14170325727669222,0.0
380,StereocenterCount_div_Fused_ring_count,-0.7677027582855365,0.0
380,BondInformationContent_div_BalabanIndex,0.8917934798128603,0.0
380,Avg_EState_div_PathComplexityIndex,-0.8823604702286691,0.0
380,RingCount_div_Asphericity,1.1772189569717209,0.0
380,PMI_Ratio1_div_BertzCTIndex,0.6410772386787745,0.046353958853195515
380,Max_EState_div_Largest_ring_size,-1.1779497879788436,0.0
380,BalabanIndex_div_BondInformationContent,-0.6427120925223921,0.0
380,WienerIndex_div_PMI3,0.6630187730009299,0.0
380,SSSR_count_div_ZagrebIndex,0.844240037447701,0.0
380,TPSA_div_Fused_ring_count,-0.7463221206410611,0.0
380,RotatableBonds_div_BertzCTIndex,-0.5234760698864863,0.0
380,Asphericity_div_Bridged_ring_count,-0.9448338994567288,0.0
380,RotatableBonds_div_Chi4,-0.5556550466993492,0.0
380,HBD_div_Fused_ring_count,-0.5907056875796379,0.0
380,Min_EState_div_BalabanIndex,0.5456143330076376,0.0
380,Fused_ring_count_div_Min_EState,0.000907607443612213,0.0
380,BertzCTIndex_div_Max_EState,2.6355460023453587,0.0
380,LogP_div_Chi4,0.9731332679707031,0.04371571783977353
380,FragmentComplexityScore_div_TotalPathCount,0.17140184079416104,0.0
380,FractionCSP3_div_Chi3,-0.6815659455092576,0.0
387,BalabanIndex_div_PathComplexityIndex,-0.49693681564615244,-0.024357479783075245
387,RingCount_div_PMI_Ratio1,-0.400431233231639,0.0
387,Max_EState_div_BalabanIndex,0.4103620683378456,-0.02472009718723671
387,BalabanIndex_div_ZagrebIndex,-0.45039326723565887,-0.02332271628120696
387,Largest_ring_size_div_BalabanIndex,-0.01452067214463325,0.0
387,TotalPathCount_div_Largest_ring_size,0.1633415448264841,0.0
387,SSSR_count_div_AtomInformationContent,-0.09063166520667204,0.0
387,Fused_ring_count_div_PMI_Ratio1,-0.4707788377553155,0.0
387,PMI2_div_Largest_ring_size,-0.22740397893794262,0.0
387,SSSR_count_div_SpherocityIndex,-0.05111063105188367,0.0
387,SSSR_count_div_partial_charge_max,0.07901630541573923,0.0
387,BalabanIndex_div_partial_charge_max,-0.3067513239565994,0.0
387,RingCount_div_FractionCSP3,-0.285545291264802,0.0
387,ZagrebIndex_div_Chi0,0.3391058009670683,0.0
387,TPSA_div_BalabanIndex,-0.21572881781096037,0.0
387,MolarRefractivity_div_TotalPathCount,-0.19494722912291174,0.0
387,GraphDistanceDistributionEntropy_div_TotalPathCount,-0.09210564565369952,0.0
387,PMI2_div_Fused_ring_count,0.044148828169002945,0.0
387,SSSR_count_div_BondInformationContent,-0.23141653495157194,0.0
387,Fused_ring_count_div_FragmentComplexityScore,-0.29893477271205665,0.0
387,AtomInformationContent_div_BalabanIndex,0.34656158219452765,0.0
387,TotalPathCount_div_RadiusOfGyration,0.29469478674883337,0.0
387,GraphDistanceDistributionEntropy_div_BertzCTIndex,-0.07450371036115057,-0.013971621031370883
387,Fused_ring_count_div_InertialShapeFactor,-0.18004821912543947,0.0
387,StereocenterCount_div_BalabanIndex,-0.25418287435335496,0.0
387,BalabanIndex_div_Asphericity,-0.036055669314262954,0.0
387,RadiusOfGyration_div_Largest_ring_size,0.1427073264311228,0.0
387,ZagrebIndex_div_CovalentRadiusSum,-0.02493070618809244,0.0
387,MolarRefractivity_div_BertzCTIndex,-0.1053731487283398,0.0
387,PMI1_div_Largest_ring_size,-0.043442432593211906,0.0
387,BalabanIndex_div_HBA,-0.19177967257670486,-0.033931652689622435
387,RingCount_div_Fused_ring_count,1.4571572109746214,0.0
387,Fused_ring_count_div_FractionCSP3,-0.3774236568354818,0.0
387,Largest_ring_size_div_PMI_Ratio1,-0.3219018283135267,0.0
387,Chi4_div_FractionCSP3,-0.3097593648107222,0.0
387,PMI1_div_WienerIndex,-0.1739497356201224,0.0
387,SSSR_count_div_DoubleBondCount,0.20506406921312895,-0.020868351809650017
387,RingCount_div_SSSR_count,0.4191681070021959,0.0
387,Chi4_div_RadiusOfGyration,0.5099981263671829,0.0
387,Fused_ring_count_div_Bridged_ring_count,0.6317929850256704,0.0
387,HBD_div_BalabanIndex,-0.0639355997477961,0.0
387,BalabanIndex_div_TopologicalRadius,-0.44509751957397625,-0.018814636617776093
387,TopologicalDiameter_div_BertzCTIndex,-0.13789332740805177,-0.026165584901788736
387,HeteroatomCount_div_Largest_ring_size,-0.11316896091293838,0.0
387,WienerIndex_div_RingCount,-0.12886548700800526,0.0
387,Chi2_div_Chi4,-0.2568622574679614,0.0
387,Chi4_div_Bridged_ring_count,1.7277841897433803,-0.020742524200429435
387,Fused_ring_count_div_BondInformationContent,-0.36352468672031596,0.0
387,TotalPathCount_div_FractionCSP3,-0.39624436114341927,0.0
387,StereocenterCount_div_PMI_Ratio1,-0.3559407229878698,0.0
387,partial_charge_max_div_BertzCTIndex,-0.25789688899862123,-0.01262068261947924
387,PMI1_div_Bridged_ring_count,0.4085575103695284,0.0
387,Fused_ring_count_div_DoubleBondCount,-0.10522224493608466,0.0
387,SSSR_count_div_Min_EState,-0.012446553518527708,0.0
387,Asphericity_div_Largest_ring_size,-0.4264958519392151,0.0
387,PathComplexityIndex_div_Largest_ring_size,0.4427449364449494,0.0
387,WienerIndex_div_RotatableBonds,-0.3443422038660056,0.0
387,RingCount_div_RotatableBonds,-0.3532007150156589,0.0
387,Bridged_ring_count_div_Fused_ring_count,0.7211421597349512,0.0
387,RotatableBonds_div_WienerIndex,0.036916412007788585,0.0
387,StereocenterCount_div_Fused_ring_count,0.38558062204122384,0.0
387,BondInformationContent_div_BalabanIndex,0.49843400571636926,0.0
387,Avg_EState_div_PathComplexityIndex,-0.4722759424784381,0.0
387,RingCount_div_Asphericity,0.1708302595341647,0.0
387,PMI_Ratio1_div_BertzCTIndex,0.18291778768994366,0.0
387,Max_EState_div_Largest_ring_size,0.6815697166115297,0.0
387,BalabanIndex_div_BondInformationContent,-0.57950325354253,0.0
387,WienerIndex_div_PMI3,1.1478694176218907,0.0
387,SSSR_count_div_ZagrebIndex,0.2298034257620136,0.0
387,TPSA_div_Fused_ring_count,0.511328400404613,0.0
387,RotatableBonds_div_BertzCTIndex,-0.17879566444665793,0.0
387,Asphericity_div_Bridged_ring_count,0.3251811497769687,0.0
387,RotatableBonds_div_Chi4,-0.32470053522558034,0.0
387,HBD_div_Fused_ring_count,0.6920848431611968,0.0
387,Min_EState_div_BalabanIndex,0.29790596196499936,0.0
387,Fused_ring_count_div_Min_EState,-0.0065125297521326005,0.0
387,BertzCTIndex_div_Max_EState,-0.4241007972614469,0.0
387,LogP_div_Chi4,-0.20382181617809533,0.0
387,FragmentComplexityScore_div_TotalPathCount,-0.17162407007940114,0.0
387,FractionCSP3_div_Chi3,-0.07004311450765388,0.0
397,BalabanIndex_div_PathComplexityIndex,-0.5808755024371455,-0.028812228261230064
397,RingCount_div_PMI_Ratio1,2.5569267179195823,-0.08197238761671916
397,Max_EState_div_BalabanIndex,1.0379845930735792,-0.021604383461243337
397,BalabanIndex_div_ZagrebIndex,-0.8374265204542964,0.0
397,Largest_ring_size_div_BalabanIndex,0.2766329758863445,0.0
397,TotalPathCount_div_Largest_ring_size,1.3719469654104612,0.0
397,SSSR_count_div_AtomInformationContent,-0.5577797451657951,0.0
397,Fused_ring_count_div_PMI_Ratio1,1.5676021855630535,-0.04932628650170644
397,PMI2_div_Largest_ring_size,3.5421060076156774,0.0
397,SSSR_count_div_SpherocityIndex,-0.051110418016419926,0.0
397,SSSR_count_div_partial_charge_max,-0.7822768921484532,0.0
397,BalabanIndex_div_partial_charge_max,-1.029484621222257,0.0
397,RingCount_div_FractionCSP3,-0.2848288796740617,0.0
397,ZagrebIndex_div_Chi0,-0.39236200520613945,0.0
397,TPSA_div_BalabanIndex,2.213256113142244,0.0
397,MolarRefractivity_div_TotalPathCount,-0.0911243047214478,0.0
397,GraphDistanceDistributionEntropy_div_TotalPathCount,-0.579573971689653,0.0
397,PMI2_div_Fused_ring_count,8.761171529894206,0.0
397,SSSR_count_div_BondInformationContent,-0.2791191888504375,0.0
397,Fused_ring_count_div_FragmentComplexityScore,-0.29893477271205665,0.0
397,AtomInformationContent_div_BalabanIndex,3.4129119150500715,0.0
397,TotalPathCount_div_RadiusOfGyration,-0.4897567235080064,0.0
397,GraphDistanceDistributionEntropy_div_BertzCTIndex,-0.6997328673107157,0.0
397,Fused_ring_count_div_InertialShapeFactor,-0.12058607194265565,0.0
397,StereocenterCount_div_BalabanIndex,0.44752826094017323,-0.018286714411661
397,BalabanIndex_div_Asphericity,-0.43137619670981703,0.0
397,RadiusOfGyration_div_Largest_ring_size,2.7560168917983043,0.0
397,ZagrebIndex_div_CovalentRadiusSum,0.011615338704289324,0.0
397,MolarRefractivity_div_BertzCTIndex,-0.6467032878582158,0.0
397,PMI1_div_Largest_ring_size,0.38892288135326464,0.0
397,BalabanIndex_div_HBA,-0.8360522834197862,0.0
397,RingCount_div_Fused_ring_count,1.4571572109746214,0.0
397,Fused_ring_count_div_FractionCSP3,-0.3769541783897344,0.0
397,Largest_ring_size_div_PMI_Ratio1,1.9951780555261915,-0.02020488903700576
397,Chi4_div_FractionCSP3,-0.18538333830989362,0.0
397,PMI1_div_WienerIndex,-1.339323575559052,-0.029008251944985502
397,SSSR_count_div_DoubleBondCount,-0.6157786739328855,0.0
397,RingCount_div_SSSR_count,0.4191681070021959,0.0
397,Chi4_div_RadiusOfGyration,-0.7753596128107072,0.0
397,Fused_ring_count_div_Bridged_ring_count,0.6317929850256704,0.0
397,HBD_div_BalabanIndex,1.3943205372259524,0.0
397,BalabanIndex_div_TopologicalRadius,-1.1425272609473303,0.0
397,TopologicalDiameter_div_BertzCTIndex,-0.1900022314742974,0.0
397,HeteroatomCount_div_Largest_ring_size,3.4358453491621153,0.0
397,WienerIndex_div_RingCount,1.036019615903106,0.0
397,Chi2_div_Chi4,0.6373054828499107,0.0
397,Chi4_div_Bridged_ring_count,2.0990250823061394,0.0
397,Fused_ring_count_div_BondInformationContent,-0.39887503296288906,0.0
397,TotalPathCount_div_FractionCSP3,0.06167712613743949,0.0
397,StereocenterCount_div_PMI_Ratio1,2.150930240106665,-0.04556697817810818
397,partial_charge_max_div_BertzCTIndex,0.006758939070609787,0.0
397,PMI1_div_Bridged_ring_count,1.2851933723222684,0.0
397,Fused_ring_count_div_DoubleBondCount,-0.6007941038354123,0.0
397,SSSR_count_div_Min_EState,0.0005215591743307932,0.0
397,Asphericity_div_Largest_ring_size,2.0540416435832847,-0.050603941720652544
397,PathComplexityIndex_div_Largest_ring_size,0.18752086149692823,0.0
397,WienerIndex_div_RotatableBonds,0.0932341724895261,0.0
397,RingCount_div_RotatableBonds,-0.627501218821125,0.0
397,Bridged_ring_count_div_Fused_ring_count,0.7211421597349512,0.0
397,RotatableBonds_div_WienerIndex,-0.4130044280774626,0.0
397,StereocenterCount_div_Fused_ring_count,1.8271848474496741,0.0
397,BondInformationContent_div_BalabanIndex,1.3747039584894323,-0.01880646607416131
397,Avg_EState_div_PathComplexityIndex,1.1067091495349708,0.0
397,RingCount_div_Asphericity,-0.40036589686754287,0.0
397,PMI_Ratio1_div_BertzCTIndex,-0.724391626542486,0.0
397,Max_EState_div_Largest_ring_size,0.6629418927254753,0.0
397,BalabanIndex_div_BondInformationContent,-0.6963406455423645,0.0
397,WienerIndex_div_PMI3,-0.3713356066560921,0.0
397,SSSR_count_div_ZagrebIndex,-0.7089191754244453,0.0
397,TPSA_div_Fused_ring_count,4.71554821203163,0.0
397,RotatableBonds_div_BertzCTIndex,0.05398350573988485,0.0
397,Asphericity_div_Bridged_ring_count,3.6504974607706644,0.0
397,RotatableBonds_div_Chi4,0.9482167566169447,0.0
397,HBD_div_Fused_ring_count,3.257665904642866,0.0
397,Min_EState_div_BalabanIndex,-5.4716876400625996,0.0
397,Fused_ring_count_div_Min_EState,-9.071611746617875e-08,0.0
397,BertzCTIndex_div_Max_EState,1.497345677238715,0.0
397,LogP_div_Chi4,-0.493977845780499,0.0
397,FragmentComplexityScore_div_TotalPathCount,-0.7480920701070077,0.0
397,FractionCSP3_div_Chi3,-0.28739447031333376,0.0
421,BalabanIndex_div_PathComplexityIndex,2.2739937836818935,0.2758108171235306
421,RingCount_div_PMI_Ratio1,-0.8147325172439013,0.0
421,Max_EState_div_BalabanIndex,-1.3056248342504146,0.0
421,BalabanIndex_div_ZagrebIndex,0.542660186155401,0.21405977203802076
421,Largest_ring_size_div_BalabanIndex,-1.144213095990653,0.0
421,TotalPathCount_div_Largest_ring_size,-1.3740045501563347,0.3203580318699697
421,SSSR_count_div_AtomInformationContent,-1.0768367558935874,0.0
421,Fused_ring_count_div_PMI_Ratio1,-0.7563390875513493,0.17012471956737507
421,PMI2_div_Largest_ring_size,-0.4551980087956476,0.0
421,SSSR_count_div_SpherocityIndex,-0.05111066915440397,0.0
421,SSSR_count_div_partial_charge_max,-1.165410654555062,0.19494120853528113
421,BalabanIndex_div_partial_charge_max,-0.32222047403627757,0.0
421,RingCount_div_FractionCSP3,-0.7884662279645507,0.0
421,ZagrebIndex_div_Chi0,-1.5749543573027043,0.0
421,TPSA_div_BalabanIndex,-0.41119037085769555,0.0
421,MolarRefractivity_div_TotalPathCount,1.562899448020375,0.0
421,GraphDistanceDistributionEntropy_div_TotalPathCount,0.3340798518247484,0.0
421,PMI2_div_Fused_ring_count,-0.4826267306358038,0.0
421,SSSR_count_div_BondInformationContent,-0.5961623172217534,0.0
421,Fused_ring_count_div_FragmentComplexityScore,-1.0281751162380857,0.0
421,AtomInformationContent_div_BalabanIndex,-1.0575148233423741,0.0
421,TotalPathCount_div_RadiusOfGyration,-1.3951627885607627,0.0
421,GraphDistanceDistributionEntropy_div_BertzCTIndex,-0.16540790514347511,0.0
421,Fused_ring_count_div_InertialShapeFactor,-0.25401378127090635,0.0
421,StereocenterCount_div_BalabanIndex,-0.5435346319213319,0.0
421,BalabanIndex_div_Asphericity,0.1640419915121685,0.0
421,RadiusOfGyration_div_Largest_ring_size,-1.5682951534675906,0.0
421,ZagrebIndex_div_CovalentRadiusSum,-1.2176606869203808,0.0
421,MolarRefractivity_div_BertzCTIndex,0.32481284559609824,0.0
421,PMI1_div_Largest_ring_size,-0.48815873716732344,0.0
421,BalabanIndex_div_HBA,0.08255257716600843,0.0
421,RingCount_div_Fused_ring_count,-1.244118498348645,0.0
421,Fused_ring_count_div_FractionCSP3,-0.7069975257501818,0.0
421,Largest_ring_size_div_PMI_Ratio1,-0.6465054734894813,0.0
421,Chi4_div_FractionCSP3,-0.4696427753246011,0.0
421,PMI1_div_WienerIndex,0.4817111263452967,0.0
421,SSSR_count_div_DoubleBondCount,-0.8893929216482237,0.0
421,RingCount_div_SSSR_count,-2.385677687054472,0.0
421,Chi4_div_RadiusOfGyration,-1.2557893585519133,0.0
421,Fused_ring_count_div_Bridged_ring_count,-1.4270536095030357,0.0
421,HBD_div_BalabanIndex,-0.4176921574363597,0.0
421,BalabanIndex_div_TopologicalRadius,-0.21205464452877965,0.0
421,TopologicalDiameter_div_BertzCTIndex,0.8416283636063987,0.0
421,HeteroatomCount_div_Largest_ring_size,-1.0389987809325176,0.0
421,WienerIndex_div_RingCount,-0.27430798952068997,0.0
421,Chi2_div_Chi4,1.7240559750951097,0.0
421,Chi4_div_Bridged_ring_count,-1.1576317652007062,0.0
421,Fused_ring_count_div_BondInformationContent,-0.6338218010298348,0.0
421,TotalPathCount_div_FractionCSP3,-0.23432635267810453,0.0
421,StereocenterCount_div_PMI_Ratio1,-0.2838598361790982,0.0
421,partial_charge_max_div_BertzCTIndex,0.7465043993547604,0.2109737572585203
421,PMI1_div_Bridged_ring_count,-0.49312041894055575,0.0
421,Fused_ring_count_div_DoubleBondCount,-0.7659847234685216,0.0
421,SSSR_count_div_Min_EState,0.0023290435839932806,0.0
421,Asphericity_div_Largest_ring_size,-1.3738703736010778,0.0
421,PathComplexityIndex_div_Largest_ring_size,-1.9443508233630105,0.22685199106879614
421,WienerIndex_div_RotatableBonds,-0.25435790501682776,0.0
421,RingCount_div_RotatableBonds,-0.7372214203433113,0.0
421,Bridged_ring_count_div_Fused_ring_count,-1.439196676874029,0.0
421,RotatableBonds_div_WienerIndex,-0.14300434591216443,0.0
421,StereocenterCount_div_Fused_ring_count,-0.7677027582855365,0.0
421,BondInformationContent_div_BalabanIndex,-0.9615670180928585,0.0
421,Avg_EState_div_PathComplexityIndex,1.9251454861517276,0.0
421,RingCount_div_Asphericity,-0.618518892507779,0.0
421,PMI_Ratio1_div_BertzCTIndex,-0.433928057870938,0.0
421,Max_EState_div_Largest_ring_size,-1.9411212229100354,0.23545602957825199
421,BalabanIndex_div_BondInformationContent,0.5238979313415981,0.0
421,WienerIndex_div_PMI3,-1.1104761210809322,0.0
421,SSSR_count_div_ZagrebIndex,-1.8183186131902682,0.0
421,TPSA_div_Fused_ring_count,-0.7463221206410611,0.0
421,RotatableBonds_div_BertzCTIndex,0.9892637437088333,0.0
421,Asphericity_div_Bridged_ring_count,-0.9448338994567288,0.0
421,RotatableBonds_div_Chi4,2.8333720166343666,0.21310276913563575
421,HBD_div_Fused_ring_count,-0.5907056875796379,0.0
421,Min_EState_div_BalabanIndex,-0.4900892244654937,0.0
421,Fused_ring_count_div_Min_EState,0.000907607443612213,0.0
421,BertzCTIndex_div_Max_EState,0.1543368894969745,0.0
421,LogP_div_Chi4,1.5520147721502133,0.19126971701576465
421,FragmentComplexityScore_div_TotalPathCount,-0.27061569129345553,0.0
421,FractionCSP3_div_Chi3,-0.12496875193094463,0.0
422,BalabanIndex_div_PathComplexityIndex,0.323266241633524,0.0
422,RingCount_div_PMI_Ratio1,-0.6297859810608551,0.0
422,Max_EState_div_BalabanIndex,-1.7989495007366756,0.2665744536554774
422,BalabanIndex_div_ZagrebIndex,2.2808158886488323,0.31548946118545657
422,Largest_ring_size_div_BalabanIndex,-0.3562073432841937,0.0
422,TotalPathCount_div_Largest_ring_size,-0.987250815569462,0.0
422,SSSR_count_div_AtomInformationContent,-1.0768367558935874,0.0
422,Fused_ring_count_div_PMI_Ratio1,-0.7563390875513493,0.0
422,PMI2_div_Largest_ring_size,-0.4149429933098061,0.0
422,SSSR_count_div_SpherocityIndex,-0.051110652271615105,0.0
422,SSSR_count_div_partial_charge_max,0.2524617636500028,0.0
422,BalabanIndex_div_partial_charge_max,4.98897304213428,0.2839816371348917
422,RingCount_div_FractionCSP3,-0.5230357335952389,0.0
422,ZagrebIndex_div_Chi0,-1.3362239378955614,0.0
422,TPSA_div_BalabanIndex,-0.760074798745235,0.0
422,MolarRefractivity_div_TotalPathCount,1.929851456141165,0.0
422,GraphDistanceDistributionEntropy_div_TotalPathCount,3.7777487451071,0.38837838204245306
422,PMI2_div_Fused_ring_count,-0.4826267306358038,0.0
422,SSSR_count_div_BondInformationContent,-0.5311632050585087,0.0
422,Fused_ring_count_div_FragmentComplexityScore,-1.0281751162380857,0.0
422,AtomInformationContent_div_BalabanIndex,-1.8599604261154903,0.0
422,TotalPathCount_div_RadiusOfGyration,-1.390017675593261,0.0
422,GraphDistanceDistributionEntropy_div_BertzCTIndex,2.3110546572911472,0.34361384682065704
422,Fused_ring_count_div_InertialShapeFactor,-0.25401378127090635,0.0
422,StereocenterCount_div_BalabanIndex,-0.6376549350429598,0.0
422,BalabanIndex_div_Asphericity,-0.18103871311488398,0.0
422,RadiusOfGyration_div_Largest_ring_size,-0.4054718643523297,0.0
422,ZagrebIndex_div_CovalentRadiusSum,-1.4286663995994413,0.0
422,MolarRefractivity_div_BertzCTIndex,1.070899454429981,0.0
422,PMI1_div_Largest_ring_size,-0.4447122140087754,0.0
422,BalabanIndex_div_HBA,-0.9578742377221428,0.0
422,RingCount_div_Fused_ring_count,-1.244118498348645,0.0
422,Fused_ring_count_div_FractionCSP3,-0.7069975257501818,0.0
422,Largest_ring_size_div_PMI_Ratio1,-0.06688554833466118,0.0
422,Chi4_div_FractionCSP3,-0.8980172737457768,0.26817680818276823
422,PMI1_div_WienerIndex,0.4309988223883684,0.0
422,SSSR_count_div_DoubleBondCount,-0.3421644262175474,0.0
422,RingCount_div_SSSR_count,0.4191681070021959,0.0
422,Chi4_div_RadiusOfGyration,-1.1911547868458299,0.0
422,Fused_ring_count_div_Bridged_ring_count,-1.4270536095030357,0.0
422,HBD_div_BalabanIndex,-0.5897772847378491,0.0
422,BalabanIndex_div_TopologicalRadius,1.512508807055446,0.0
422,TopologicalDiameter_div_BertzCTIndex,0.9759596806858065,0.0
422,HeteroatomCount_div_Largest_ring_size,-1.0389987809325176,0.0
422,WienerIndex_div_RingCount,-0.233868725695564,0.0
422,Chi2_div_Chi4,1.781179836465394,0.0
422,Chi4_div_Bridged_ring_count,-1.1576317652007062,0.0
422,Fused_ring_count_div_BondInformationContent,-0.6338218010298348,0.0
422,TotalPathCount_div_FractionCSP3,-0.6684879806688934,0.0
422,StereocenterCount_div_PMI_Ratio1,-0.5007552387378665,0.0
422,partial_charge_max_div_BertzCTIndex,-0.4262691568093034,0.0
422,PMI1_div_Bridged_ring_count,-0.49312041894055575,0.0
422,Fused_ring_count_div_DoubleBondCount,-0.7659847234685216,0.0
422,SSSR_count_div_Min_EState,0.004506594794757352,0.0
422,Asphericity_div_Largest_ring_size,0.5287467155334008,0.0
422,PathComplexityIndex_div_Largest_ring_size,-0.2929009266405229,0.0
422,WienerIndex_div_RotatableBonds,-0.5708036371048606,0.0
422,RingCount_div_RotatableBonds,-0.4812076167915431,0.0
422,Bridged_ring_count_div_Fused_ring_count,-1.439196676874029,0.0
422,RotatableBonds_div_WienerIndex,3.2704424201284494,0.4522387026003178
422,StereocenterCount_div_Fused_ring_count,-0.7677027582855365,0.0
422,BondInformationContent_div_BalabanIndex,0.4564215587504232,0.0
422,Avg_EState_div_PathComplexityIndex,0.34934809093336605,0.0
422,RingCount_div_Asphericity,-0.5202582808993602,0.0
422,PMI_Ratio1_div_BertzCTIndex,1.1767412936150405,0.27099445849204873
422,Max_EState_div_Largest_ring_size,-1.4741051609861182,0.0
422,BalabanIndex_div_BondInformationContent,-0.5712202351513825,0.0
422,WienerIndex_div_PMI3,-0.935285059123117,0.0
422,SSSR_count_div_ZagrebIndex,-0.026211829107018074,0.0
422,TPSA_div_Fused_ring_count,-0.7463221206410611,0.0
422,RotatableBonds_div_BertzCTIndex,0.025833984992976445,0.0
422,Asphericity_div_Bridged_ring_count,-0.9448338994567288,0.0
422,RotatableBonds_div_Chi4,0.3189174789966782,0.0
422,HBD_div_Fused_ring_count,-0.5907056875796379,0.0
422,Min_EState_div_BalabanIndex,1.6550772928296194,0.0
422,Fused_ring_count_div_Min_EState,0.000907607443612213,0.0
422,BertzCTIndex_div_Max_EState,0.2746898297058229,0.0
422,LogP_div_Chi4,2.5194974850261156,0.309862474692378
422,FragmentComplexityScore_div_TotalPathCount,3.724838435707132,0.41879005338926417
422,FractionCSP3_div_Chi3,1.2230761861243686,0.0
425,BalabanIndex_div_PathComplexityIndex,-0.6059869429090627,-0.019913895399372827
425,RingCount_div_PMI_Ratio1,-0.28781776901101647,0.0
425,Max_EState_div_BalabanIndex,0.7177250738131926,-0.057233150389154504
425,BalabanIndex_div_ZagrebIndex,-0.47362234295609534,0.0
425,Largest_ring_size_div_BalabanIndex,0.0934502950028577,-0.025065269724725947
425,TotalPathCount_div_Largest_ring_size,0.1633415448264841,0.0
425,SSSR_count_div_AtomInformationContent,0.24443186213565016,0.0
425,Fused_ring_count_div_PMI_Ratio1,-0.17525121577099184,0.0
425,PMI2_div_Largest_ring_size,-0.2785071819439774,0.0
425,SSSR_count_div_SpherocityIndex,-0.05111060348006359,0.0
425,SSSR_count_div_partial_charge_max,0.8735383543462506,0.0
425,BalabanIndex_div_partial_charge_max,-0.11877550778038404,0.0
425,RingCount_div_FractionCSP3,0.48953244862843237,0.0
425,ZagrebIndex_div_Chi0,0.6858899935813811,-0.05236910462403102
425,TPSA_div_BalabanIndex,-0.38793749249919846,0.0
425,MolarRefractivity_div_TotalPathCount,-0.3193926802713555,0.0
425,GraphDistanceDistributionEntropy_div_TotalPathCount,-0.17799184445684127,-0.03209189329137543
425,PMI2_div_Fused_ring_count,-0.27832723887868116,0.0
425,SSSR_count_div_BondInformationContent,-0.25391734943714755,0.0
425,Fused_ring_count_div_FragmentComplexityScore,0.43030557081397247,0.0
425,AtomInformationContent_div_BalabanIndex,0.3955078624700556,0.0
425,TotalPathCount_div_RadiusOfGyration,0.45964082826016567,0.0
425,GraphDistanceDistributionEntropy_div_BertzCTIndex,-0.4804709050645151,0.0
425,Fused_ring_count_div_InertialShapeFactor,-0.1232855764933686,-0.02034604225935159
425,StereocenterCount_div_BalabanIndex,-0.5326242822373567,0.0
425,BalabanIndex_div_Asphericity,-0.08643573154840191,0.0
425,RadiusOfGyration_div_Largest_ring_size,0.04332633081237986,0.0
425,ZagrebIndex_div_CovalentRadiusSum,0.5240755683074857,0.0
425,MolarRefractivity_div_BertzCTIndex,-0.7382200889693106,0.0
425,PMI1_div_Largest_ring_size,-0.12313868446964145,0.0
425,BalabanIndex_div_HBA,-0.3984644773673905,0.0
425,RingCount_div_Fused_ring_count,0.4441788199783964,0.0
425,Fused_ring_count_div_FractionCSP3,0.6329982869564996,0.0
425,Largest_ring_size_div_PMI_Ratio1,-0.31623674476731317,0.0
425,Chi4_div_FractionCSP3,0.19223132949802088,0.0
425,PMI1_div_WienerIndex,-0.13767862134227807,0.0
425,SSSR_count_div_DoubleBondCount,0.47867831692846713,0.0
425,RingCount_div_SSSR_count,0.4191681070021959,0.0
425,Chi4_div_RadiusOfGyration,0.03808757754645468,0.0
425,Fused_ring_count_div_Bridged_ring_count,0.6317929850256704,0.0
425,HBD_div_BalabanIndex,-0.3977441881672382,0.0
425,BalabanIndex_div_TopologicalRadius,-0.39985153966437725,0.0
425,TopologicalDiameter_div_BertzCTIndex,-0.6220574775744142,0.0
425,HeteroatomCount_div_Largest_ring_size,-0.26747393091620153,0.0
425,WienerIndex_div_RingCount,-0.1810720559290262,0.0
425,Chi2_div_Chi4,-0.3205716153768221,0.0
425,Chi4_div_Bridged_ring_count,-0.07483187939191477,0.0
425,Fused_ring_count_div_BondInformationContent,-0.22802540616713987,0.0
425,TotalPathCount_div_FractionCSP3,0.20346699347611769,0.0
425,StereocenterCount_div_PMI_Ratio1,-0.4639197728334846,0.0
425,partial_charge_max_div_BertzCTIndex,-0.627312112748371,0.0
425,PMI1_div_Bridged_ring_count,-0.12307492939155,0.0
425,Fused_ring_count_div_DoubleBondCount,0.5555402335963523,0.0
425,SSSR_count_div_Min_EState,-0.09588836126321476,0.0
425,Asphericity_div_Largest_ring_size,-0.41366204924501987,0.0
425,PathComplexityIndex_div_Largest_ring_size,0.5967511144970757,0.0
425,WienerIndex_div_RotatableBonds,-0.1768182432425362,0.0
425,RingCount_div_RotatableBonds,0.22283034297581952,-0.03499923197168215
425,Bridged_ring_count_div_Fused_ring_count,0.7211421597349512,0.0
425,RotatableBonds_div_WienerIndex,-0.2397444261238926,0.0
425,StereocenterCount_div_Fused_ring_count,-0.6235423357446914,0.0
425,BondInformationContent_div_BalabanIndex,1.399283389999753,-0.04321214036714
425,Avg_EState_div_PathComplexityIndex,-0.8029346212330597,0.0
425,RingCount_div_Asphericity,0.3549798477804727,0.0
425,PMI_Ratio1_div_BertzCTIndex,-0.0826520216687871,0.0
425,Max_EState_div_Largest_ring_size,0.7444474487195809,0.0
425,BalabanIndex_div_BondInformationContent,-0.6985861308558089,0.0
425,WienerIndex_div_PMI3,1.0076863879284237,0.0
425,SSSR_count_div_ZagrebIndex,0.8906800139123172,-0.03615833730312292
425,TPSA_div_Fused_ring_count,-0.3539340103216544,0.0
425,RotatableBonds_div_BertzCTIndex,-0.53201782042416,0.0
425,Asphericity_div_Bridged_ring_count,-0.30122411554968165,0.0
425,RotatableBonds_div_Chi4,-0.5269396872361348,-0.023381554834610904
425,HBD_div_Fused_ring_count,-0.37690726578949885,0.0
425,Min_EState_div_BalabanIndex,0.7914612761989086,0.0
425,Fused_ring_count_div_Min_EState,-0.07801025843154227,0.0
425,BertzCTIndex_div_Max_EState,0.0016937419616708073,0.0
425,LogP_div_Chi4,0.3462801619641209,0.0
425,FragmentComplexityScore_div_TotalPathCount,-0.17162407007940114,0.0
425,FractionCSP3_div_Chi3,-0.46022887493557046,0.0
430,BalabanIndex_div_PathComplexityIndex,-0.5768842180906706,-0.031577243430196654
430,RingCount_div_PMI_Ratio1,0.4218691866418865,-0.03638798741883914
430,Max_EState_div_BalabanIndex,0.6736278017465593,0.0
430,BalabanIndex_div_ZagrebIndex,-0.4630609796453689,0.0
430,Largest_ring_size_div_BalabanIndex,0.1490465379455326,0.0
430,TotalPathCount_div_Largest_ring_size,-0.010697635737608601,0.0
430,SSSR_count_div_AtomInformationContent,-0.4950505189823904,0.0
430,Fused_ring_count_div_PMI_Ratio1,-0.7563390875513493,0.0
430,PMI2_div_Largest_ring_size,-0.03226793352320499,0.0
430,SSSR_count_div_SpherocityIndex,-0.05111051193954835,0.0
430,SSSR_count_div_partial_charge_max,-0.7425666432517285,0.0
430,BalabanIndex_div_partial_charge_max,-0.9796975227375784,0.0
430,RingCount_div_FractionCSP3,-0.36820127854647366,0.0
430,ZagrebIndex_div_Chi0,0.3151339418698766,0.0
430,TPSA_div_BalabanIndex,0.21845775033656814,0.0
430,MolarRefractivity_div_TotalPathCount,-0.33469010466612675,0.0
430,GraphDistanceDistributionEntropy_div_TotalPathCount,0.2222501948000441,0.0
430,PMI2_div_Fused_ring_count,-0.4826267306358038,0.0
430,SSSR_count_div_BondInformationContent,-0.2618364606670791,0.0
430,Fused_ring_count_div_FragmentComplexityScore,-1.0281751162380857,0.0
430,AtomInformationContent_div_BalabanIndex,2.4219498869191254,0.0
430,TotalPathCount_div_RadiusOfGyration,-0.54924432706456,0.0
430,GraphDistanceDistributionEntropy_div_BertzCTIndex,0.02685445117061363,0.0
430,Fused_ring_count_div_InertialShapeFactor,-0.25401378127090635,0.0
430,StereocenterCount_div_BalabanIndex,-0.19866027918449974,0.0
430,BalabanIndex_div_Asphericity,-0.38154120713898904,-0.02657392495307181
430,RadiusOfGyration_div_Largest_ring_size,0.6483891857229175,0.0
430,ZagrebIndex_div_CovalentRadiusSum,0.14515810632922366,0.0
430,MolarRefractivity_div_BertzCTIndex,-0.35778229216836444,0.0
430,PMI1_div_Largest_ring_size,-0.21779049900009986,0.0
430,BalabanIndex_div_HBA,-0.6604513697021868,-0.025364882381658904
430,RingCount_div_Fused_ring_count,-1.244118498348645,0.0
430,Fused_ring_count_div_FractionCSP3,-0.7069975257501818,0.0
430,Largest_ring_size_div_PMI_Ratio1,0.32236775042319776,0.0
430,Chi4_div_FractionCSP3,-0.6685687451264732,-0.023353925148274987
430,PMI1_div_WienerIndex,-0.613504471851664,0.0
430,SSSR_count_div_DoubleBondCount,-0.1597549277406553,0.0
430,RingCount_div_SSSR_count,0.4191681070021959,0.0
430,Chi4_div_RadiusOfGyration,-0.47348059356168853,0.0
430,Fused_ring_count_div_Bridged_ring_count,-1.4270536095030357,0.0
430,HBD_div_BalabanIndex,0.012200572848735613,0.0
430,BalabanIndex_div_TopologicalRadius,-0.6794531521126225,0.0
430,TopologicalDiameter_div_BertzCTIndex,0.007440996038565932,0.0
430,HeteroatomCount_div_Largest_ring_size,0.6583558891033776,-0.023797273344616177
430,WienerIndex_div_RingCount,-0.1489549496164101,0.0
430,Chi2_div_Chi4,-0.15717978543046585,0.0
430,Chi4_div_Bridged_ring_count,-1.1576317652007062,0.0
430,Fused_ring_count_div_BondInformationContent,-0.6338218010298348,0.0
430,TotalPathCount_div_FractionCSP3,-0.5465920157789014,0.0
430,StereocenterCount_div_PMI_Ratio1,-0.06851453895152217,0.0
430,partial_charge_max_div_BertzCTIndex,1.478795115979614,0.0
430,PMI1_div_Bridged_ring_count,-0.49312041894055575,0.0
430,Fused_ring_count_div_DoubleBondCount,-0.7659847234685216,0.0
430,SSSR_count_div_Min_EState,-0.0011348550374180387,0.0
430,Asphericity_div_Largest_ring_size,1.2276850230603895,-0.06126350567091415
430,PathComplexityIndex_div_Largest_ring_size,0.38419353101569736,0.0
430,WienerIndex_div_RotatableBonds,-0.3028758769790082,0.0
430,RingCount_div_RotatableBonds,-0.22519381323977486,0.0
430,Bridged_ring_count_div_Fused_ring_count,-1.439196676874029,0.0
430,RotatableBonds_div_WienerIndex,-0.05858637569433038,0.0
430,StereocenterCount_div_Fused_ring_count,-0.7677027582855365,0.0
430,BondInformationContent_div_BalabanIndex,0.9864994278770535,0.0
430,Avg_EState_div_PathComplexityIndex,0.13364962990143142,0.0
430,RingCount_div_Asphericity,-0.33107189972047013,0.0
430,PMI_Ratio1_div_BertzCTIndex,-0.43852146314659085,0.0
430,Max_EState_div_Largest_ring_size,0.5889492829316385,-0.022220609462900325
430,BalabanIndex_div_BondInformationContent,-0.654896927052542,0.0
430,WienerIndex_div_PMI3,-0.6703763080393181,0.0
430,SSSR_count_div_ZagrebIndex,0.4826579984721747,0.0
430,TPSA_div_Fused_ring_count,-0.7463221206410611,-0.023247946685297022
430,RotatableBonds_div_BertzCTIndex,-0.3007096357757612,-0.042877926287379735
430,Asphericity_div_Bridged_ring_count,-0.9448338994567288,0.0
430,RotatableBonds_div_Chi4,-0.32222956572757283,0.0
430,HBD_div_Fused_ring_count,-0.5907056875796379,0.0
430,Min_EState_div_BalabanIndex,-2.115981360071016,0.0
430,Fused_ring_count_div_Min_EState,0.000907607443612213,0.0
430,BertzCTIndex_div_Max_EState,-0.43094963028808636,0.0
430,LogP_div_Chi4,-1.1354286106804388,0.0
430,FragmentComplexityScore_div_TotalPathCount,-0.004423819518216938,0.0
430,FractionCSP3_div_Chi3,0.49547050738018095,0.0
437,BalabanIndex_div_PathComplexityIndex,0.26888865323667155,0.0
437,RingCount_div_PMI_Ratio1,-0.49361756771730214,0.0
437,Max_EState_div_BalabanIndex,-0.473390669643157,0.0
437,BalabanIndex_div_ZagrebIndex,1.065803114312236,0.20673368129091396
437,Largest_ring_size_div_BalabanIndex,-0.3282152710855045,0.0
437,TotalPathCount_div_Largest_ring_size,-0.7938739482760258,0.0
437,SSSR_count_div_AtomInformationContent,-0.9054741219508727,0.0
437,Fused_ring_count_div_PMI_Ratio1,-0.7563390875513493,0.0
437,PMI2_div_Largest_ring_size,-0.3079536107542239,0.0
437,SSSR_count_div_SpherocityIndex,-0.05111064229440933,0.0
437,SSSR_count_div_partial_charge_max,-0.8887236289785241,0.0
437,BalabanIndex_div_partial_charge_max,-0.08543401344638332,0.0
437,RingCount_div_FractionCSP3,-0.682294030216826,0.0
437,ZagrebIndex_div_Chi0,-1.3362239378955614,0.0
437,TPSA_div_BalabanIndex,-0.3283538950178931,0.0
437,MolarRefractivity_div_TotalPathCount,1.221110812525494,0.0
437,GraphDistanceDistributionEntropy_div_TotalPathCount,2.7766043643879237,0.18317085249693613
437,PMI2_div_Fused_ring_count,-0.4826267306358038,0.0
437,SSSR_count_div_BondInformationContent,-0.4250284355577527,0.0
437,Fused_ring_count_div_FragmentComplexityScore,-1.0281751162380857,0.0
437,AtomInformationContent_div_BalabanIndex,0.4331668924071643,0.0
437,TotalPathCount_div_RadiusOfGyration,-1.3660242848162703,0.0
437,GraphDistanceDistributionEntropy_div_BertzCTIndex,2.7792742102026082,0.1921186675132853
437,Fused_ring_count_div_InertialShapeFactor,-0.25401378127090635,0.0
437,StereocenterCount_div_BalabanIndex,-0.6376549350429598,0.0
437,BalabanIndex_div_Asphericity,-0.291976380075743,0.0
437,RadiusOfGyration_div_Largest_ring_size,0.1346733542266845,0.0
437,ZagrebIndex_div_CovalentRadiusSum,-1.3471927110186654,0.0
437,MolarRefractivity_div_BertzCTIndex,1.6501959645782194,0.1730383451643807
437,PMI1_div_Largest_ring_size,-0.39975041924682264,0.0
437,BalabanIndex_div_HBA,1.1633354022545626,0.0
437,RingCount_div_Fused_ring_count,-1.244118498348645,0.0
437,Fused_ring_count_div_FractionCSP3,-0.7069975257501818,0.0
437,Largest_ring_size_div_PMI_Ratio1,0.35986440427070066,0.0
437,Chi4_div_FractionCSP3,-0.9960211330955342,0.0
437,PMI1_div_WienerIndex,-0.44002759129184393,0.0
437,SSSR_count_div_DoubleBondCount,-0.6157786739328855,0.0
437,RingCount_div_SSSR_count,0.4191681070021959,0.0
437,Chi4_div_RadiusOfGyration,-1.035437949127194,0.0
437,Fused_ring_count_div_Bridged_ring_count,-1.4270536095030357,0.0
437,HBD_div_BalabanIndex,-0.08334366069526682,0.0
437,BalabanIndex_div_TopologicalRadius,0.1652921995629225,0.0
437,TopologicalDiameter_div_BertzCTIndex,2.143168674785191,0.23176326759311583
437,HeteroatomCount_div_Largest_ring_size,-0.11316896091293838,0.0
437,WienerIndex_div_RingCount,-0.13355158195769795,0.0
437,Chi2_div_Chi4,0.5449716247215027,0.19404531381578494
437,Chi4_div_Bridged_ring_count,-1.1576317652007062,0.0
437,Fused_ring_count_div_BondInformationContent,-0.6338218010298348,0.0
437,TotalPathCount_div_FractionCSP3,-0.7918293522571856,0.0
437,StereocenterCount_div_PMI_Ratio1,-0.5007552387378665,0.0
437,partial_charge_max_div_BertzCTIndex,2.022206871992159,0.18381732246685312
437,PMI1_div_Bridged_ring_count,-0.49312041894055575,0.0
437,Fused_ring_count_div_DoubleBondCount,-0.7659847234685216,0.0
437,SSSR_count_div_Min_EState,-0.002698816404904667,0.0
437,Asphericity_div_Largest_ring_size,1.2764293909788986,0.0
437,PathComplexityIndex_div_Largest_ring_size,-0.2929009266405229,0.0
437,WienerIndex_div_RotatableBonds,-0.532654616368823,0.0
437,RingCount_div_RotatableBonds,-0.6092145185674271,0.0
437,Bridged_ring_count_div_Fused_ring_count,-1.439196676874029,0.0
437,RotatableBonds_div_WienerIndex,1.581907990807444,0.19148789364287963
437,StereocenterCount_div_Fused_ring_count,-0.7677027582855365,0.0
437,BondInformationContent_div_BalabanIndex,-0.7074994248780154,0.0
437,Avg_EState_div_PathComplexityIndex,1.7025373420899417,0.0
437,RingCount_div_Asphericity,-0.5479788270655547,0.0
437,PMI_Ratio1_div_BertzCTIndex,0.2453056303581395,0.0
437,Max_EState_div_Largest_ring_size,0.4177967960586477,0.0
437,BalabanIndex_div_BondInformationContent,0.025005990764350304,0.0
437,WienerIndex_div_PMI3,-0.955744942690901,0.0
437,SSSR_count_div_ZagrebIndex,-0.6235807571347682,0.0
437,TPSA_div_Fused_ring_count,-0.7463221206410611,0.17461763023167623
437,RotatableBonds_div_BertzCTIndex,0.6457774138274529,0.0
437,Asphericity_div_Bridged_ring_count,-0.9448338994567288,0.0
437,RotatableBonds_div_Chi4,0.4338716637881566,0.0
437,HBD_div_Fused_ring_count,-0.5907056875796379,0.0
437,Min_EState_div_BalabanIndex,0.5896470140907721,0.0
437,Fused_ring_count_div_Min_EState,0.000907607443612213,0.0
437,BertzCTIndex_div_Max_EState,-1.280910982756516,0.0
437,LogP_div_Chi4,-0.33346653273560434,0.0
437,FragmentComplexityScore_div_TotalPathCount,1.989439168424043,0.0
437,FractionCSP3_div_Chi3,2.308225696684989,0.17296781759754207
443,BalabanIndex_div_PathComplexityIndex,-0.522762011526589,0.0
443,RingCount_div_PMI_Ratio1,0.24371978091353186,-0.04932663535938778
443,Max_EState_div_BalabanIndex,0.1630298504889806,-0.027658594267253818
443,BalabanIndex_div_ZagrebIndex,-0.3533134940778701,0.0
443,Largest_ring_size_div_BalabanIndex,0.08805878785848661,0.0
443,TotalPathCount_div_Largest_ring_size,-0.13639259947834229,0.0
443,SSSR_count_div_AtomInformationContent,0.0657468259347479,0.0
443,Fused_ring_count_div_PMI_Ratio1,-0.7563390875513493,0.0
443,PMI2_div_Largest_ring_size,-0.1943730805647041,0.0
443,SSSR_count_div_SpherocityIndex,-0.051110431274209236,0.0
443,SSSR_count_div_partial_charge_max,0.8430776177132949,0.0
443,BalabanIndex_div_partial_charge_max,0.15225449482597597,0.0
443,RingCount_div_FractionCSP3,3.4584216819444404,0.0
443,ZagrebIndex_div_Chi0,0.2587542923694617,0.0
443,TPSA_div_BalabanIndex,-0.3859008496080235,0.0
443,MolarRefractivity_div_TotalPathCount,0.02780554896638433,0.0
443,GraphDistanceDistributionEntropy_div_TotalPathCount,0.3459704474251226,0.0
443,PMI2_div_Fused_ring_count,-0.4826267306358038,0.0
443,SSSR_count_div_BondInformationContent,-0.14912726114216582,0.0
443,Fused_ring_count_div_FragmentComplexityScore,-1.0281751162380857,0.0
443,AtomInformationContent_div_BalabanIndex,0.2175052044283904,0.0
443,TotalPathCount_div_RadiusOfGyration,-0.48195481009135066,0.0
443,GraphDistanceDistributionEntropy_div_BertzCTIndex,-0.34447926704593745,0.0
443,Fused_ring_count_div_InertialShapeFactor,-0.25401378127090635,0.0
443,StereocenterCount_div_BalabanIndex,-0.6376549350429598,0.0
443,BalabanIndex_div_Asphericity,-0.3598607252496909,-0.0244647538518779
443,RadiusOfGyration_div_Largest_ring_size,0.37267996415423343,-0.030487434594792973
443,ZagrebIndex_div_CovalentRadiusSum,0.48932116607991316,0.0
443,MolarRefractivity_div_BertzCTIndex,-0.7467852218505374,0.0
443,PMI1_div_Largest_ring_size,-0.28416383201164874,0.0
443,BalabanIndex_div_HBA,-0.2555525848973796,0.0
443,RingCount_div_Fused_ring_count,-1.244118498348645,0.0
443,Fused_ring_count_div_FractionCSP3,-0.7069975257501818,0.0
443,Largest_ring_size_div_PMI_Ratio1,0.18278829769902413,0.0
443,Chi4_div_FractionCSP3,2.5195994276092053,0.0
443,PMI1_div_WienerIndex,-0.6548908802283939,-0.024232947861246634
443,SSSR_count_div_DoubleBondCount,-0.8893929216482237,0.0
443,RingCount_div_SSSR_count,0.4191681070021959,0.0
443,Chi4_div_RadiusOfGyration,-0.851624551663919,0.0
443,Fused_ring_count_div_Bridged_ring_count,-1.4270536095030357,0.0
443,HBD_div_BalabanIndex,-0.3985807224136661,0.0
443,BalabanIndex_div_TopologicalRadius,-0.5323713496130342,-0.027907240599067157
443,TopologicalDiameter_div_BertzCTIndex,-0.39277287134331834,0.0
443,HeteroatomCount_div_Largest_ring_size,-0.4217789009194648,0.0
443,WienerIndex_div_RingCount,-0.17585660580909043,0.0
443,Chi2_div_Chi4,0.5007590874366218,0.0
443,Chi4_div_Bridged_ring_count,-1.1576317652007062,0.0
443,Fused_ring_count_div_BondInformationContent,-0.6338218010298348,0.0
443,TotalPathCount_div_FractionCSP3,2.970082481185732,0.0
443,StereocenterCount_div_PMI_Ratio1,-0.5007552387378665,0.0
443,partial_charge_max_div_BertzCTIndex,-0.6754538839465103,0.0
443,PMI1_div_Bridged_ring_count,-0.49312041894055575,0.0
443,Fused_ring_count_div_DoubleBondCount,-0.7659847234685216,0.0
443,SSSR_count_div_Min_EState,0.08472841518819332,0.0
443,Asphericity_div_Largest_ring_size,1.032701934756334,-0.06476473468313035
443,PathComplexityIndex_div_Largest_ring_size,0.32049474928497274,0.0
443,WienerIndex_div_RotatableBonds,-0.32125375305532544,0.0
443,RingCount_div_RotatableBonds,-0.12278829181906752,0.0
443,Bridged_ring_count_div_Fused_ring_count,-1.439196676874029,0.0
443,RotatableBonds_div_WienerIndex,-0.01950540593118519,0.0
443,StereocenterCount_div_Fused_ring_count,-0.7677027582855365,0.0
443,BondInformationContent_div_BalabanIndex,0.2828015239945478,0.0
443,Avg_EState_div_PathComplexityIndex,-0.34527057180172066,0.0
443,RingCount_div_Asphericity,-0.30778263382858506,0.0
443,PMI_Ratio1_div_BertzCTIndex,-0.46846492647907345,-0.04759400806209979
443,Max_EState_div_Largest_ring_size,0.2275105238544716,0.0
443,BalabanIndex_div_BondInformationContent,-0.5327596872578864,0.0
443,WienerIndex_div_PMI3,-0.3148732843734903,0.0
443,SSSR_count_div_ZagrebIndex,0.7348198189283386,0.0
443,TPSA_div_Fused_ring_count,-0.7463221206410611,0.0
443,RotatableBonds_div_BertzCTIndex,-0.45375843195315696,-0.02731206714504778
443,Asphericity_div_Bridged_ring_count,-0.9448338994567288,0.0
443,RotatableBonds_div_Chi4,-0.12378346199220135,0.0
443,HBD_div_Fused_ring_count,-0.5907056875796379,-0.03368694931646062
443,Min_EState_div_BalabanIndex,1.0411164520756948,0.0
443,Fused_ring_count_div_Min_EState,0.000907607443612213,0.0
443,BertzCTIndex_div_Max_EState,0.20825756606266532,0.0
443,LogP_div_Chi4,1.1020434806170698,0.0
443,FragmentComplexityScore_div_TotalPathCount,0.14557744693578964,0.0
443,FractionCSP3_div_Chi3,-0.8942436571379057,0.0
446,BalabanIndex_div_PathComplexityIndex,-0.639498513346694,0.0
446,RingCount_div_PMI_Ratio1,0.27042491619428943,0.0
446,Max_EState_div_BalabanIndex,0.28810346405759685,0.0
446,BalabanIndex_div_ZagrebIndex,-0.45977556439246675,0.0
446,Largest_ring_size_div_BalabanIndex,-0.046942756100564476,0.0
446,TotalPathCount_div_Largest_ring_size,0.4534068457666386,0.0
446,SSSR_count_div_AtomInformationContent,1.96293331740837,-0.18915743964974543
446,Fused_ring_count_div_PMI_Ratio1,0.7395666202931914,-0.12068246421664731
446,PMI2_div_Largest_ring_size,-0.1747593878777836,0.0
446,SSSR_count_div_SpherocityIndex,-0.05111053295313954,0.0
446,SSSR_count_div_partial_charge_max,0.429779933480196,0.0
446,BalabanIndex_div_partial_charge_max,-0.25335538431475263,0.0
446,RingCount_div_FractionCSP3,-0.33028263649371487,0.0
446,ZagrebIndex_div_Chi0,1.1477735223635828,0.0
446,TPSA_div_BalabanIndex,-0.5815417220655538,0.0
446,MolarRefractivity_div_TotalPathCount,-0.6988657052925051,0.0
446,GraphDistanceDistributionEntropy_div_TotalPathCount,-0.4997158342542279,-0.13629316514305614
446,PMI2_div_Fused_ring_count,-0.22322008800037066,0.0
446,SSSR_count_div_BondInformationContent,1.704464742765282,0.0
446,Fused_ring_count_div_FragmentComplexityScore,0.794925742576987,0.0
446,AtomInformationContent_div_BalabanIndex,-0.990803479984841,-0.14147275261295067
446,TotalPathCount_div_RadiusOfGyration,0.5115081330903736,0.0
446,GraphDistanceDistributionEntropy_div_BertzCTIndex,0.03791827223504194,0.0
446,Fused_ring_count_div_InertialShapeFactor,-0.140203298520672,0.0
446,StereocenterCount_div_BalabanIndex,0.2003945608650719,0.0
446,BalabanIndex_div_Asphericity,-0.3111451600861428,0.0
446,RadiusOfGyration_div_Largest_ring_size,0.3130443910930128,0.0
446,ZagrebIndex_div_CovalentRadiusSum,0.02882367908842354,0.0
446,MolarRefractivity_div_BertzCTIndex,0.21106504206956378,0.0
446,PMI1_div_Largest_ring_size,-0.22073256176032657,0.0
446,BalabanIndex_div_HBA,0.619587933142884,0.0
446,RingCount_div_Fused_ring_count,0.10651935631298814,0.0
446,Fused_ring_count_div_FractionCSP3,-0.106484292377167,0.0
446,Largest_ring_size_div_PMI_Ratio1,0.03366824950268652,0.0
446,Chi4_div_FractionCSP3,-0.1358886760572674,0.0
446,PMI1_div_WienerIndex,-0.45230025275991426,0.0
446,SSSR_count_div_DoubleBondCount,1.846749555505158,-0.16843820767249576
446,RingCount_div_SSSR_count,0.4191681070021959,0.0
446,Chi4_div_RadiusOfGyration,1.613365488220472,0.0
446,Fused_ring_count_div_Bridged_ring_count,0.6317929850256704,0.0
446,HBD_div_BalabanIndex,-0.5897772847378491,0.0
446,BalabanIndex_div_TopologicalRadius,-0.4141192287555175,0.0
446,TopologicalDiameter_div_BertzCTIndex,-0.026845460413560295,0.0
446,HeteroatomCount_div_Largest_ring_size,-0.7303888409259912,0.0
446,WienerIndex_div_RingCount,-0.18829211333299717,0.0
446,Chi2_div_Chi4,-1.2382836066320608,0.0
446,Chi4_div_Bridged_ring_count,0.714325798437873,0.0
446,Fused_ring_count_div_BondInformationContent,2.775965977989675,-0.14606051639350257
446,TotalPathCount_div_FractionCSP3,-0.4738398786311196,0.0
446,StereocenterCount_div_PMI_Ratio1,0.18199375997433065,0.0
446,partial_charge_max_div_BertzCTIndex,-0.15253460282295575,0.0
446,PMI1_div_Bridged_ring_count,-0.2762340330769029,0.0
446,Fused_ring_count_div_DoubleBondCount,2.537827669193663,-0.11445795075936377
446,SSSR_count_div_Min_EState,0.22194020108655135,0.0
446,Asphericity_div_Largest_ring_size,0.7602100696102433,-0.10840764609596973
446,PathComplexityIndex_div_Largest_ring_size,1.0762043103197334,0.0
446,WienerIndex_div_RotatableBonds,-0.2935210736333016,0.0
446,RingCount_div_RotatableBonds,0.03081999031199337,0.0
446,Bridged_ring_count_div_Fused_ring_count,0.7211421597349512,0.0
446,RotatableBonds_div_WienerIndex,-0.07680174032600069,0.0
446,StereocenterCount_div_Fused_ring_count,0.2702522840085478,0.0
446,BondInformationContent_div_BalabanIndex,-1.0846725095271164,0.0
446,Avg_EState_div_PathComplexityIndex,-1.7608947355515063,0.0
446,RingCount_div_Asphericity,-0.18050279187367815,0.0
446,PMI_Ratio1_div_BertzCTIndex,-0.24600666395869217,-0.20015403270241022
446,Max_EState_div_Largest_ring_size,0.6282019504246953,0.0
446,BalabanIndex_div_BondInformationContent,1.00723512931886,0.0
446,WienerIndex_div_PMI3,-0.2834433820567197,0.0
446,SSSR_count_div_ZagrebIndex,0.6340380387131295,0.0
446,TPSA_div_Fused_ring_count,-0.576454653504616,0.0
446,RotatableBonds_div_BertzCTIndex,-0.3343660237179051,0.0
446,Asphericity_div_Bridged_ring_count,0.19951364934554494,0.0
446,RotatableBonds_div_Chi4,-0.6970921192258376,0.0
446,HBD_div_Fused_ring_count,-0.5907056875796379,0.0
446,Min_EState_div_BalabanIndex,0.9703061821057524,0.0
446,Fused_ring_count_div_Min_EState,0.22148006987320482,0.0
446,BertzCTIndex_div_Max_EState,-0.573305052720315,0.0
446,LogP_div_Chi4,-0.07860862396823409,0.0
446,FragmentComplexityScore_div_TotalPathCount,-0.3795185615179376,-0.12443886345473354
446,FractionCSP3_div_Chi3,-0.13823674960746135,0.0
452,BalabanIndex_div_PathComplexityIndex,-0.531774985593668,0.0
452,RingCount_div_PMI_Ratio1,1.2185333741114428,-0.19393541264910827
452,Max_EState_div_BalabanIndex,0.5904553485097325,0.0
452,BalabanIndex_div_ZagrebIndex,-0.4643265585229394,0.0
452,Largest_ring_size_div_BalabanIndex,0.06214471230805965,0.0
452,TotalPathCount_div_Largest_ring_size,0.13433501473246864,0.0
452,SSSR_count_div_AtomInformationContent,-0.11330228871921481,0.0
452,Fused_ring_count_div_PMI_Ratio1,0.6451045918266815,-0.14032962227855955
452,PMI2_div_Largest_ring_size,0.06983528114798483,0.0
452,SSSR_count_div_SpherocityIndex,-0.0511104856196834,0.0
452,SSSR_count_div_partial_charge_max,0.05547932228148921,0.0
452,BalabanIndex_div_partial_charge_max,-0.3845197848576707,0.0
452,RingCount_div_FractionCSP3,1.5119313899028193,-0.1474956941066316
452,ZagrebIndex_div_Chi0,0.11023478511863788,0.0
452,TPSA_div_BalabanIndex,-0.18316391743818836,0.0
452,MolarRefractivity_div_TotalPathCount,-0.1557926576299196,0.0
452,GraphDistanceDistributionEntropy_div_TotalPathCount,0.0124358545253955,0.0
452,PMI2_div_Fused_ring_count,0.731517050366489,0.0
452,SSSR_count_div_BondInformationContent,-0.301030111688599,0.0
452,Fused_ring_count_div_FragmentComplexityScore,-0.29893477271205665,0.0
452,AtomInformationContent_div_BalabanIndex,0.5517445097000236,0.0
452,TotalPathCount_div_RadiusOfGyration,-0.5021819755209,0.0
452,GraphDistanceDistributionEntropy_div_BertzCTIndex,-0.5328594548149627,0.0
452,Fused_ring_count_div_InertialShapeFactor,-0.22441116126726576,0.0
452,StereocenterCount_div_BalabanIndex,-0.6376549350429598,0.0
452,BalabanIndex_div_Asphericity,-0.39761265777127225,0.0
452,RadiusOfGyration_div_Largest_ring_size,0.8227469634113925,0.0
452,ZagrebIndex_div_CovalentRadiusSum,0.6512598830549468,0.0
452,MolarRefractivity_div_BertzCTIndex,-0.8829387007112286,0.0
452,PMI1_div_Largest_ring_size,-0.29535446630682427,-0.15039571075702202
452,BalabanIndex_div_HBA,-0.47960197043911607,0.0
452,RingCount_div_Fused_ring_count,1.4571572109746214,0.0
452,Fused_ring_count_div_FractionCSP3,0.8004977635448353,0.0
452,Largest_ring_size_div_PMI_Ratio1,0.9465514283721757,-0.12853792549016352
452,Chi4_div_FractionCSP3,1.113024900043873,0.0
452,PMI1_div_WienerIndex,-1.0534460629826297,-0.12332988216182339
452,SSSR_count_div_DoubleBondCount,0.20506406921312895,0.0
452,RingCount_div_SSSR_count,0.4191681070021959,0.0
452,Chi4_div_RadiusOfGyration,-0.9077470435243871,0.0
452,Fused_ring_count_div_Bridged_ring_count,0.6317929850256704,0.0
452,HBD_div_BalabanIndex,-0.40260149268846485,-0.14830614080551396
452,BalabanIndex_div_TopologicalRadius,-0.6208116753427589,0.0
452,TopologicalDiameter_div_BertzCTIndex,-0.5151008597388523,0.0
452,HeteroatomCount_div_Largest_ring_size,0.04113600909032489,0.0
452,WienerIndex_div_RingCount,-0.12070821061409573,0.0
452,Chi2_div_Chi4,0.36310300962098185,0.0
452,Chi4_div_Bridged_ring_count,0.41323240210524415,0.0
452,Fused_ring_count_div_BondInformationContent,-0.4151122576352406,0.0
452,TotalPathCount_div_FractionCSP3,1.6287450651630517,0.0
452,StereocenterCount_div_PMI_Ratio1,-0.5007552387378665,0.0
452,partial_charge_max_div_BertzCTIndex,-0.5487900706015133,-0.1405970228708885
452,PMI1_div_Bridged_ring_count,-0.10220298703276287,0.0
452,Fused_ring_count_div_DoubleBondCount,-0.10522224493608466,0.0
452,SSSR_count_div_Min_EState,-0.02327472487686805,0.0
452,Asphericity_div_Largest_ring_size,1.7240135690549308,-0.1655920147748327
452,PathComplexityIndex_div_Largest_ring_size,0.39770539380706377,0.0
452,WienerIndex_div_RotatableBonds,-0.23089033350318078,0.0
452,RingCount_div_RotatableBonds,-0.22519381323977486,0.0
452,Bridged_ring_count_div_Fused_ring_count,0.7211421597349512,0.0
452,RotatableBonds_div_WienerIndex,-0.1763273921857398,0.0
452,StereocenterCount_div_Fused_ring_count,-0.7677027582855365,0.0
452,BondInformationContent_div_BalabanIndex,1.1252846343294174,0.0
452,Avg_EState_div_PathComplexityIndex,-0.09090768056524458,0.0
452,RingCount_div_Asphericity,-0.3771253189645462,0.0
452,PMI_Ratio1_div_BertzCTIndex,-0.6471018340205237,0.0
452,Max_EState_div_Largest_ring_size,0.690231186539869,0.0
452,BalabanIndex_div_BondInformationContent,-0.671141580142568,0.0
452,WienerIndex_div_PMI3,-0.5963036335454927,0.0
452,SSSR_count_div_ZagrebIndex,0.3239699562885593,0.0
452,TPSA_div_Fused_ring_count,0.5018594368649125,0.0
452,RotatableBonds_div_BertzCTIndex,-0.46847463366672576,0.0
452,Asphericity_div_Bridged_ring_count,3.20807409837605,-0.15073611797266367
452,RotatableBonds_div_Chi4,-0.09591369761606935,0.0
452,HBD_div_Fused_ring_count,-0.16310884399935974,0.0
452,Min_EState_div_BalabanIndex,0.5364531571778371,0.0
452,Fused_ring_count_div_Min_EState,-0.011950314533379193,0.0
452,BertzCTIndex_div_Max_EState,0.291331330227398,0.0
452,LogP_div_Chi4,0.7145012612799282,0.0
452,FragmentComplexityScore_div_TotalPathCount,-0.1464368528474223,0.0
452,FractionCSP3_div_Chi3,-0.752340860405318,0.0
463,BalabanIndex_div_PathComplexityIndex,-0.5478185331328379,0.0
463,RingCount_div_PMI_Ratio1,3.0357200268537055,-0.17921382359983445
463,Max_EState_div_BalabanIndex,0.5429249687014858,0.0
463,BalabanIndex_div_ZagrebIndex,-0.3136158719309923,-0.09909240984578299
463,Largest_ring_size_div_BalabanIndex,0.0783969836455275,0.0
463,TotalPathCount_div_Largest_ring_size,-0.17506797293702941,0.0
463,SSSR_count_div_AtomInformationContent,-0.1737783786358098,0.0
463,Fused_ring_count_div_PMI_Ratio1,1.8976140445073548,-0.12110704708840245
463,PMI2_div_Largest_ring_size,0.013705453228470067,0.0
463,SSSR_count_div_SpherocityIndex,-0.05110978725808781,0.0
463,SSSR_count_div_partial_charge_max,-0.13453503459414146,-0.10255724208118465
463,BalabanIndex_div_partial_charge_max,-0.5312279629841433,0.0
463,RingCount_div_FractionCSP3,-0.7884662279645507,0.0
463,ZagrebIndex_div_Chi0,0.4431240909753141,0.0
463,TPSA_div_BalabanIndex,-0.31826940877903287,0.0
463,MolarRefractivity_div_TotalPathCount,-0.2652372549460516,0.0
463,GraphDistanceDistributionEntropy_div_TotalPathCount,0.35336088462011106,0.0
463,PMI2_div_Fused_ring_count,0.6017163638147387,0.0
463,SSSR_count_div_BondInformationContent,-0.33401716929608144,0.0
463,Fused_ring_count_div_FragmentComplexityScore,-0.29893477271205665,0.0
463,AtomInformationContent_div_BalabanIndex,0.7479185518900447,0.0
463,TotalPathCount_div_RadiusOfGyration,-0.8537580182048613,0.0
463,GraphDistanceDistributionEntropy_div_BertzCTIndex,-0.3310308774575839,0.0
463,Fused_ring_count_div_InertialShapeFactor,-0.2396624235807159,0.0
463,StereocenterCount_div_BalabanIndex,-0.6376549350429598,0.0
463,BalabanIndex_div_Asphericity,-0.41564572945764416,0.0
463,RadiusOfGyration_div_Largest_ring_size,0.770032903865101,0.0
463,ZagrebIndex_div_CovalentRadiusSum,1.273681041948491,0.0
463,MolarRefractivity_div_BertzCTIndex,-0.8674174000677024,0.0
463,PMI1_div_Largest_ring_size,-0.39596794041954897,0.0
463,BalabanIndex_div_HBA,-0.39157677912311034,0.0
463,RingCount_div_Fused_ring_count,1.4571572109746214,0.0
463,Fused_ring_count_div_FractionCSP3,-0.7069975257501818,0.0
463,Largest_ring_size_div_PMI_Ratio1,2.3703109826094515,-0.10112007810008344
463,Chi4_div_FractionCSP3,-1.2645230303893642,0.0
463,PMI1_div_WienerIndex,-1.100334381653619,-0.12156285208489316
463,SSSR_count_div_DoubleBondCount,-0.1597549277406553,0.0
463,RingCount_div_SSSR_count,0.4191681070021959,0.0
463,Chi4_div_RadiusOfGyration,-1.1454537493548111,0.0
463,Fused_ring_count_div_Bridged_ring_count,0.6317929850256704,0.0
463,HBD_div_BalabanIndex,-0.5897772847378491,0.0
463,BalabanIndex_div_TopologicalRadius,-0.3863859970951654,0.0
463,TopologicalDiameter_div_BertzCTIndex,-0.4901085980431217,0.0
463,HeteroatomCount_div_Largest_ring_size,-0.11316896091293838,0.0
463,WienerIndex_div_RingCount,-0.1947745446800721,0.0
463,Chi2_div_Chi4,0.49765586746557583,0.0
463,Chi4_div_Bridged_ring_count,-0.02498663213233213,0.0
463,Fused_ring_count_div_BondInformationContent,-0.43955752037513907,0.0
463,TotalPathCount_div_FractionCSP3,-0.9768414096396241,0.0
463,StereocenterCount_div_PMI_Ratio1,-0.5007552387378665,0.0
463,partial_charge_max_div_BertzCTIndex,-0.24028372411928658,0.0
463,PMI1_div_Bridged_ring_count,-0.3062003400993106,0.0
463,Fused_ring_count_div_DoubleBondCount,-0.325476404446897,0.0
463,SSSR_count_div_Min_EState,-0.013920175651375225,0.0
463,Asphericity_div_Largest_ring_size,2.1166544107156238,-0.11661483761193714
463,PathComplexityIndex_div_Largest_ring_size,0.4184928750245489,0.0
463,WienerIndex_div_RotatableBonds,-0.21695764766914966,0.0
463,RingCount_div_RotatableBonds,0.2868337938637615,0.0
463,Bridged_ring_count_div_Fused_ring_count,0.7211421597349512,0.0
463,RotatableBonds_div_WienerIndex,-0.19428598975945152,0.0
463,StereocenterCount_div_Fused_ring_count,-0.7677027582855365,-0.10454429035194868
463,BondInformationContent_div_BalabanIndex,1.490104606407822,0.0
463,Avg_EState_div_PathComplexityIndex,0.0284039454316611,0.0
463,RingCount_div_Asphericity,-0.40427910865065825,0.0
463,PMI_Ratio1_div_BertzCTIndex,-0.6850019067884762,-0.17852463127141413
463,Max_EState_div_Largest_ring_size,0.6095925664260811,-0.08896482125424249
463,BalabanIndex_div_BondInformationContent,-0.7065588825268592,0.0
463,WienerIndex_div_PMI3,-1.3322725238278585,0.0
463,SSSR_count_div_ZagrebIndex,0.844240037447701,0.0
463,TPSA_div_Fused_ring_count,0.19684403557092417,0.0
463,RotatableBonds_div_BertzCTIndex,-0.5599675057761424,0.0
463,Asphericity_div_Bridged_ring_count,3.734433807710568,0.0
463,RotatableBonds_div_Chi4,-0.3517742732370945,0.0
463,HBD_div_Fused_ring_count,-0.5907056875796379,0.0
463,Min_EState_div_BalabanIndex,0.30778824505147534,0.0
463,Fused_ring_count_div_Min_EState,-0.007252566065016975,0.0
463,BertzCTIndex_div_Max_EState,-0.14546209374475014,0.0
463,LogP_div_Chi4,1.2596793081132642,0.0
463,FragmentComplexityScore_div_TotalPathCount,0.19805927961570935,0.0
463,FractionCSP3_div_Chi3,-1.1308579816782642,0.0
464,BalabanIndex_div_PathComplexityIndex,0.4308744885110887,0.0
464,RingCount_div_PMI_Ratio1,-0.6536267789859034,0.0
464,Max_EState_div_BalabanIndex,-1.097349703123995,0.0
464,BalabanIndex_div_ZagrebIndex,2.8441055538707096,0.3090886127601534
464,Largest_ring_size_div_BalabanIndex,-0.5162022091348947,0.0
464,TotalPathCount_div_Largest_ring_size,-0.9195689120167594,0.0
464,SSSR_count_div_AtomInformationContent,-0.9289018525315726,0.0
464,Fused_ring_count_div_PMI_Ratio1,-0.7563390875513493,0.0
464,PMI2_div_Largest_ring_size,-0.4190298363490933,0.0
464,SSSR_count_div_SpherocityIndex,-0.051110515569656734,0.0
464,SSSR_count_div_partial_charge_max,-0.8672357623076379,0.0
464,BalabanIndex_div_partial_charge_max,0.38618061497926937,0.0
464,RingCount_div_FractionCSP3,-0.0806515763130525,0.0
464,ZagrebIndex_div_Chi0,-1.1161195847531866,0.0
464,TPSA_div_BalabanIndex,-0.5777360763078135,0.0
464,MolarRefractivity_div_TotalPathCount,0.5752727760122744,0.0
464,GraphDistanceDistributionEntropy_div_TotalPathCount,2.1567945975356593,0.20417600282341902
464,PMI2_div_Fused_ring_count,-0.4826267306358038,0.0
464,SSSR_count_div_BondInformationContent,-0.5311632050585087,0.0
464,Fused_ring_count_div_FragmentComplexityScore,-1.0281751162380857,0.0
464,AtomInformationContent_div_BalabanIndex,0.184373406930524,0.0
464,TotalPathCount_div_RadiusOfGyration,-1.1472687099507421,0.0
464,GraphDistanceDistributionEntropy_div_BertzCTIndex,0.9228105547033462,0.2179429514900062
464,Fused_ring_count_div_InertialShapeFactor,-0.25401378127090635,0.0
464,StereocenterCount_div_BalabanIndex,-0.6376549350429598,0.0
464,BalabanIndex_div_Asphericity,-0.037296102808562714,0.0
464,RadiusOfGyration_div_Largest_ring_size,-0.4709956837635899,0.0
464,ZagrebIndex_div_CovalentRadiusSum,-0.13709170143956415,0.0
464,MolarRefractivity_div_BertzCTIndex,-0.10343120916499145,0.0
464,PMI1_div_Largest_ring_size,-0.43323177982697475,0.0
464,BalabanIndex_div_HBA,0.8795699728974934,0.0
464,RingCount_div_Fused_ring_count,-1.244118498348645,0.0
464,Fused_ring_count_div_FractionCSP3,-0.7069975257501818,0.0
464,Largest_ring_size_div_PMI_Ratio1,-0.14160228428515795,0.0
464,Chi4_div_FractionCSP3,-0.5542064621573907,0.0
464,PMI1_div_WienerIndex,1.5512055927666797,0.0
464,SSSR_count_div_DoubleBondCount,-0.3421644262175474,0.0
464,RingCount_div_SSSR_count,0.4191681070021959,0.0
464,Chi4_div_RadiusOfGyration,-1.3339686321964384,0.0
464,Fused_ring_count_div_Bridged_ring_count,-1.4270536095030357,0.0
464,HBD_div_BalabanIndex,-0.394895742372508,0.0
464,BalabanIndex_div_TopologicalRadius,3.5356142180188757,0.19152411514032
464,TopologicalDiameter_div_BertzCTIndex,-0.11629752442060598,0.0
464,HeteroatomCount_div_Largest_ring_size,-0.4217789009194648,0.0
464,WienerIndex_div_RingCount,-0.24098464765620847,0.0
464,Chi2_div_Chi4,1.649917907913366,0.0
464,Chi4_div_Bridged_ring_count,-1.1576317652007062,0.0
464,Fused_ring_count_div_BondInformationContent,-0.6338218010298348,0.0
464,TotalPathCount_div_FractionCSP3,-0.01066733219800113,0.0
464,StereocenterCount_div_PMI_Ratio1,-0.5007552387378665,0.0
464,partial_charge_max_div_BertzCTIndex,1.2768738046931594,0.23854538072746667
464,PMI1_div_Bridged_ring_count,-0.49312041894055575,0.0
464,Fused_ring_count_div_DoubleBondCount,-0.7659847234685216,0.0
464,SSSR_count_div_Min_EState,0.05214799171398748,0.0
464,Asphericity_div_Largest_ring_size,0.33448937889714797,0.0
464,PathComplexityIndex_div_Largest_ring_size,-0.00389719471408723,0.0
464,WienerIndex_div_RotatableBonds,-0.4949479031195801,0.0
464,RingCount_div_RotatableBonds,0.03081999031199337,0.0
464,Bridged_ring_count_div_Fused_ring_count,-1.439196676874029,0.0
464,RotatableBonds_div_WienerIndex,0.9067916159441033,0.0
464,StereocenterCount_div_Fused_ring_count,-0.7677027582855365,0.0
464,BondInformationContent_div_BalabanIndex,0.06690066513539844,0.0
464,Avg_EState_div_PathComplexityIndex,1.629851208613098,0.0
464,RingCount_div_Asphericity,-0.509085081179929,0.0
464,PMI_Ratio1_div_BertzCTIndex,0.8911320708968494,0.0
464,Max_EState_div_Largest_ring_size,-0.04300770128064626,0.20877143735836695
464,BalabanIndex_div_BondInformationContent,-0.47274850076383307,0.0
464,WienerIndex_div_PMI3,-1.2826694348019578,0.23484816181434537
464,SSSR_count_div_ZagrebIndex,-0.1542194565415386,0.0
464,TPSA_div_Fused_ring_count,-0.7463221206410611,0.0
464,RotatableBonds_div_BertzCTIndex,-0.5479733420075258,0.0
464,Asphericity_div_Bridged_ring_count,-0.9448338994567288,0.21436683119175745
464,RotatableBonds_div_Chi4,-0.3574925086922836,0.0
464,HBD_div_Fused_ring_count,-0.5907056875796379,0.0
464,Min_EState_div_BalabanIndex,0.9451502639902114,0.0
464,Fused_ring_count_div_Min_EState,0.000907607443612213,0.0
464,BertzCTIndex_div_Max_EState,-1.0569498423965855,0.0
464,LogP_div_Chi4,2.0462915111909044,0.24809690910021154
464,FragmentComplexityScore_div_TotalPathCount,2.9494472737295765,0.33241803168680073
464,FractionCSP3_div_Chi3,-0.05370435382162299,0.0
470,BalabanIndex_div_PathComplexityIndex,-0.5009651790260419,0.0
470,RingCount_div_PMI_Ratio1,0.3867390187943677,-0.1264613169667157
470,Max_EState_div_BalabanIndex,0.3958580976677629,0.0
470,BalabanIndex_div_ZagrebIndex,-0.28642066089464696,0.0
470,Largest_ring_size_div_BalabanIndex,-0.024965114787234233,0.0
470,TotalPathCount_div_Largest_ring_size,-0.09771722601965495,0.0
470,SSSR_count_div_AtomInformationContent,-0.4637194782430463,0.0
470,Fused_ring_count_div_PMI_Ratio1,0.4858457373347759,-0.1311936180224312
470,PMI2_div_Largest_ring_size,-0.1757268778891181,0.0
470,SSSR_count_div_SpherocityIndex,-0.05111057209462165,0.0
470,SSSR_count_div_partial_charge_max,-0.7705627027698846,0.0
470,BalabanIndex_div_partial_charge_max,-0.9572662284729331,0.0
470,RingCount_div_FractionCSP3,-0.0806515763130525,0.0
470,ZagrebIndex_div_Chi0,0.4870545504435488,0.0
470,TPSA_div_BalabanIndex,-0.1621297968584206,0.0
470,MolarRefractivity_div_TotalPathCount,-0.26408894456342524,0.0
470,GraphDistanceDistributionEntropy_div_TotalPathCount,0.17694086456730326,0.0
470,PMI2_div_Fused_ring_count,-0.05177387862424247,0.0
470,SSSR_count_div_BondInformationContent,-0.3430342423936596,0.0
470,Fused_ring_count_div_FragmentComplexityScore,0.06568539905095791,0.0
470,AtomInformationContent_div_BalabanIndex,1.6564378000704827,-0.15410983184721153
470,TotalPathCount_div_RadiusOfGyration,-0.38269264348403353,0.0
470,GraphDistanceDistributionEntropy_div_BertzCTIndex,-0.2982334790470615,0.0
470,Fused_ring_count_div_InertialShapeFactor,-0.21220214980719732,0.0
470,StereocenterCount_div_BalabanIndex,-0.44769157832965656,0.0
470,BalabanIndex_div_Asphericity,-0.3546881137793134,0.0
470,RadiusOfGyration_div_Largest_ring_size,0.3338668093145451,0.0
470,ZagrebIndex_div_CovalentRadiusSum,0.5257003800290304,-0.13350805421708226
470,MolarRefractivity_div_BertzCTIndex,-0.7118267497355627,0.0
470,PMI1_div_Largest_ring_size,-0.31058861143615163,0.0
470,BalabanIndex_div_HBA,-0.5160208092320208,-0.11016669778318056
470,RingCount_div_Fused_ring_count,0.5567319745335324,0.0
470,Fused_ring_count_div_FractionCSP3,-0.011230469152481808,0.0
470,Largest_ring_size_div_PMI_Ratio1,0.2948433835457583,0.0
470,Chi4_div_FractionCSP3,-0.4039293894579573,0.0
470,PMI1_div_WienerIndex,-0.6116082223908258,-0.13739267998333118
470,SSSR_count_div_DoubleBondCount,-0.1597549277406553,0.0
470,RingCount_div_SSSR_count,0.4191681070021959,0.0
470,Chi4_div_RadiusOfGyration,-0.4745742184280315,0.0
470,Fused_ring_count_div_Bridged_ring_count,0.6317929850256704,0.0
470,HBD_div_BalabanIndex,-0.4161172595444366,0.0
470,BalabanIndex_div_TopologicalRadius,-0.4353141352131962,0.0
470,TopologicalDiameter_div_BertzCTIndex,-0.37039437671532294,0.0
470,HeteroatomCount_div_Largest_ring_size,0.34974594909685125,0.0
470,WienerIndex_div_RingCount,-0.19212776882885677,0.0
470,Chi2_div_Chi4,-0.3510848555736664,0.0
470,Chi4_div_Bridged_ring_count,0.07433668753442169,0.0
470,Fused_ring_count_div_BondInformationContent,-0.3524486165988364,0.0
470,TotalPathCount_div_FractionCSP3,-0.29846386590401647,0.0
470,StereocenterCount_div_PMI_Ratio1,-0.2907745732258125,0.0
470,partial_charge_max_div_BertzCTIndex,1.2417656878924417,0.0
470,PMI1_div_Bridged_ring_count,-0.2531006405937783,0.0
470,Fused_ring_count_div_DoubleBondCount,-0.10522224493608466,0.0
470,SSSR_count_div_Min_EState,-0.0005668519264672825,0.0
470,Asphericity_div_Largest_ring_size,1.2028290227132878,-0.165800020082919
470,PathComplexityIndex_div_Largest_ring_size,0.47777569182997187,0.0
470,WienerIndex_div_RotatableBonds,-0.37101334531972235,0.0
470,RingCount_div_RotatableBonds,-0.12278829181906752,0.0
470,Bridged_ring_count_div_Fused_ring_count,0.7211421597349512,0.0
470,RotatableBonds_div_WienerIndex,0.11499795834773785,0.0
470,StereocenterCount_div_Fused_ring_count,-0.3832749648432831,0.0
470,BondInformationContent_div_BalabanIndex,1.3367959704667265,-0.11984690600703088
470,Avg_EState_div_PathComplexityIndex,-0.19212927707787378,0.0
470,RingCount_div_Asphericity,-0.3282990568491929,0.0
470,PMI_Ratio1_div_BertzCTIndex,-0.4809626540159053,0.0
470,Max_EState_div_Largest_ring_size,0.6908238958708407,0.0
470,BalabanIndex_div_BondInformationContent,-0.692800194421545,0.0
470,WienerIndex_div_PMI3,-0.6253277750864407,0.0
470,SSSR_count_div_ZagrebIndex,0.7003179482240307,0.0
470,TPSA_div_Fused_ring_count,0.18326228988771734,0.0
470,RotatableBonds_div_BertzCTIndex,-0.42872825233497797,0.0
470,Asphericity_div_Bridged_ring_count,1.3579843530545563,-0.14072889548808146
470,RotatableBonds_div_Chi4,-0.33931219611813784,0.0
470,HBD_div_Fused_ring_count,-0.30564112519278586,0.0
470,Min_EState_div_BalabanIndex,-2.2228212876447584,-0.1646650625568519
470,Fused_ring_count_div_Min_EState,-0.0012738213517586967,0.0
470,BertzCTIndex_div_Max_EState,-0.2591341882111277,0.0
470,LogP_div_Chi4,-0.5055230076690485,0.0
470,FragmentComplexityScore_div_TotalPathCount,0.09627633138795914,0.0
470,FractionCSP3_div_Chi3,0.11605993797055432,0.0
471,BalabanIndex_div_PathComplexityIndex,0.7228347324550451,0.0
471,RingCount_div_PMI_Ratio1,-0.7080741297385469,0.0
471,Max_EState_div_BalabanIndex,-0.767945936415299,0.10548770952161217
471,BalabanIndex_div_ZagrebIndex,-0.3688784626573048,0.0
471,Largest_ring_size_div_BalabanIndex,-0.5557838136270098,0.0
471,TotalPathCount_div_Largest_ring_size,1.0045309175529322,0.0
471,SSSR_count_div_AtomInformationContent,-0.8836958043411383,0.0
471,Fused_ring_count_div_PMI_Ratio1,-0.7563390875513493,0.0
471,PMI2_div_Largest_ring_size,3.4560847224739293,0.0
471,SSSR_count_div_SpherocityIndex,-0.05111031037974648,0.0
471,SSSR_count_div_partial_charge_max,-1.0668259462978915,0.0
471,BalabanIndex_div_partial_charge_max,-0.6815422939588739,0.0
471,RingCount_div_FractionCSP3,-0.6870415675144884,0.13237338812237384
471,ZagrebIndex_div_Chi0,-1.172058358274495,0.0
471,TPSA_div_BalabanIndex,0.21858890145817875,0.0
471,MolarRefractivity_div_TotalPathCount,0.8078249262132792,0.1302359439293514
471,GraphDistanceDistributionEntropy_div_TotalPathCount,-0.3625388994943284,0.0
471,PMI2_div_Fused_ring_count,-0.4826267306358038,0.0
471,SSSR_count_div_BondInformationContent,-0.41430109210013205,0.0
471,Fused_ring_count_div_FragmentComplexityScore,-1.0281751162380857,0.0
471,AtomInformationContent_div_BalabanIndex,-0.3928081020473977,0.0
471,TotalPathCount_div_RadiusOfGyration,-1.0350366868205159,0.0
471,GraphDistanceDistributionEntropy_div_BertzCTIndex,-0.40524962688249655,0.0
471,Fused_ring_count_div_InertialShapeFactor,-0.25401378127090635,0.0
471,StereocenterCount_div_BalabanIndex,-0.2381724126942966,0.0
471,BalabanIndex_div_Asphericity,0.2679638225115102,0.0
471,RadiusOfGyration_div_Largest_ring_size,3.695819687980552,0.13884844707136634
471,ZagrebIndex_div_CovalentRadiusSum,-1.1036939889206783,0.11307795651049068
471,MolarRefractivity_div_BertzCTIndex,0.2516557889871598,0.0
471,PMI1_div_Largest_ring_size,10.271849438526763,0.14382741777879832
471,BalabanIndex_div_HBA,-0.5376507948652018,0.0
471,RingCount_div_Fused_ring_count,-1.244118498348645,0.0
471,Fused_ring_count_div_FractionCSP3,-0.7069975257501818,0.0
471,Largest_ring_size_div_PMI_Ratio1,-0.3122395398912373,0.0
471,Chi4_div_FractionCSP3,-0.3196703056442236,0.0
471,PMI1_div_WienerIndex,1.9210578320627656,0.0
471,SSSR_count_div_DoubleBondCount,-0.8112174223009843,0.0
471,RingCount_div_SSSR_count,0.4191681070021959,0.0
471,Chi4_div_RadiusOfGyration,-0.8864663025294444,0.0
471,Fused_ring_count_div_Bridged_ring_count,-1.4270536095030357,0.0
471,HBD_div_BalabanIndex,0.14061773560386628,0.0
471,BalabanIndex_div_TopologicalRadius,-0.726732157933754,0.0
471,TopologicalDiameter_div_BertzCTIndex,0.48245298913402684,0.0
471,HeteroatomCount_div_Largest_ring_size,2.3557105591392724,0.0
471,WienerIndex_div_RingCount,5.580533752439818,0.0
471,Chi2_div_Chi4,0.716104746943191,0.0
471,Chi4_div_Bridged_ring_count,-1.1576317652007062,0.0
471,Fused_ring_count_div_BondInformationContent,-0.6338218010298348,0.0
471,TotalPathCount_div_FractionCSP3,-0.2522108515584069,0.10372074471244935
471,StereocenterCount_div_PMI_Ratio1,-0.20250498785414012,0.0
471,partial_charge_max_div_BertzCTIndex,0.4103679857268076,0.0
471,PMI1_div_Bridged_ring_count,-0.49312041894055575,0.0
471,Fused_ring_count_div_DoubleBondCount,-0.7659847234685216,0.0
471,SSSR_count_div_Min_EState,0.0018785877054288502,0.0
471,Asphericity_div_Largest_ring_size,-0.2371538136955193,0.0
471,PathComplexityIndex_div_Largest_ring_size,-0.1780174555641754,0.0
471,WienerIndex_div_RotatableBonds,-0.11366879705971986,0.0
471,RingCount_div_RotatableBonds,-0.7197659337375089,0.0
471,Bridged_ring_count_div_Fused_ring_count,-1.439196676874029,0.0
471,RotatableBonds_div_WienerIndex,-0.29673974151215377,0.0
471,StereocenterCount_div_Fused_ring_count,-0.7677027582855365,0.0
471,BondInformationContent_div_BalabanIndex,-0.950025144966337,0.11043286129562886
471,Avg_EState_div_PathComplexityIndex,1.7041605199201997,0.0
471,RingCount_div_Asphericity,-0.454051930884104,0.0
471,PMI_Ratio1_div_BertzCTIndex,-0.24438230085754012,0.0
471,Max_EState_div_Largest_ring_size,0.742155570457588,0.0
471,BalabanIndex_div_BondInformationContent,0.4904990172755539,0.0
471,WienerIndex_div_PMI3,-0.9163929054893862,0.0
471,SSSR_count_div_ZagrebIndex,-1.5196341491763932,0.0
471,TPSA_div_Fused_ring_count,-0.7463221206410611,0.0
471,RotatableBonds_div_BertzCTIndex,1.0096819853386536,0.0
471,Asphericity_div_Bridged_ring_count,-0.9448338994567288,0.09613062867713378
471,RotatableBonds_div_Chi4,1.7856842558049668,0.0
471,HBD_div_Fused_ring_count,-0.5907056875796379,0.0
471,Min_EState_div_BalabanIndex,-1.7356464527411868,0.12764443186674745
471,Fused_ring_count_div_Min_EState,0.000907607443612213,0.0
471,BertzCTIndex_div_Max_EState,0.5032897641115175,0.0
471,LogP_div_Chi4,0.5003408705710315,0.0
471,FragmentComplexityScore_div_TotalPathCount,-0.6348231381991306,0.0
471,FractionCSP3_div_Chi3,-0.17314744395470488,0.0
477,BalabanIndex_div_PathComplexityIndex,-0.6512352224823097,0.0
477,RingCount_div_PMI_Ratio1,0.9410775323752232,-0.12394902088025404
477,Max_EState_div_BalabanIndex,0.8981801502642327,-0.15053574708686016
477,BalabanIndex_div_ZagrebIndex,-0.5718304568376348,0.0
477,Largest_ring_size_div_BalabanIndex,0.2620788932883511,-0.13757475366528488
477,TotalPathCount_div_Largest_ring_size,0.17301038819115597,0.0
477,SSSR_count_div_AtomInformationContent,-0.18717833215427943,0.0
477,Fused_ring_count_div_PMI_Ratio1,0.21182504944183228,0.0
477,PMI2_div_Largest_ring_size,0.007241966768764142,0.0
477,SSSR_count_div_SpherocityIndex,-0.05111052416818124,0.0
477,SSSR_count_div_partial_charge_max,0.005837639644921322,0.0
477,BalabanIndex_div_partial_charge_max,-0.6848998600307764,0.0
477,RingCount_div_FractionCSP3,0.3420710628677033,0.0
477,ZagrebIndex_div_Chi0,0.5160185581633568,0.0
477,TPSA_div_BalabanIndex,0.04100234237425525,0.0
477,MolarRefractivity_div_TotalPathCount,-0.40345538127339053,0.0
477,GraphDistanceDistributionEntropy_div_TotalPathCount,-0.002373118668861051,0.0
477,PMI2_div_Fused_ring_count,0.5867694984655206,0.0
477,SSSR_count_div_BondInformationContent,-0.22172783621503078,0.0
477,Fused_ring_count_div_FragmentComplexityScore,-0.29893477271205665,0.0
477,AtomInformationContent_div_BalabanIndex,1.9461160288096608,-0.1333690963784218
477,TotalPathCount_div_RadiusOfGyration,-0.3399259437940577,0.0
477,GraphDistanceDistributionEntropy_div_BertzCTIndex,-0.2833621613888561,0.0
477,Fused_ring_count_div_InertialShapeFactor,-0.21546374128813303,0.0
477,StereocenterCount_div_BalabanIndex,-0.16029164953542785,0.0
477,BalabanIndex_div_Asphericity,-0.4027218762315011,0.0
477,RadiusOfGyration_div_Largest_ring_size,0.6890256361958389,0.0
477,ZagrebIndex_div_CovalentRadiusSum,0.6212573533841482,0.0
477,MolarRefractivity_div_BertzCTIndex,-0.6320745907885702,0.0
477,PMI1_div_Largest_ring_size,-0.23972442115695386,0.0
477,BalabanIndex_div_HBA,-0.6843570788731164,0.0
477,RingCount_div_Fused_ring_count,2.132476138305438,-0.16662480223388865
477,Fused_ring_count_div_FractionCSP3,-0.11430707012991889,0.0
477,Largest_ring_size_div_PMI_Ratio1,0.4540314822706122,0.0
477,Chi4_div_FractionCSP3,-0.1406200501798667,0.0
477,PMI1_div_WienerIndex,-0.902807810075949,0.0
477,SSSR_count_div_DoubleBondCount,1.846749555505158,0.0
477,RingCount_div_SSSR_count,0.4191681070021959,0.0
477,Chi4_div_RadiusOfGyration,-0.6602195167406009,-0.1371943045980967
477,Fused_ring_count_div_Bridged_ring_count,0.6317929850256704,0.0
477,HBD_div_BalabanIndex,-0.3715801502432187,0.0
477,BalabanIndex_div_TopologicalRadius,-0.8197456882310398,-0.13418489615055823
477,TopologicalDiameter_div_BertzCTIndex,-0.19922461945371148,0.0
477,HeteroatomCount_div_Largest_ring_size,0.5040509191001145,0.0
477,WienerIndex_div_RingCount,-0.14722803684791222,0.0
477,Chi2_div_Chi4,0.08372891556833433,0.0
477,Chi4_div_Bridged_ring_count,0.7310822594211625,0.0
477,Fused_ring_count_div_BondInformationContent,-0.4118402135599507,0.0
477,TotalPathCount_div_FractionCSP3,0.07384434833471759,0.0
477,StereocenterCount_div_PMI_Ratio1,-0.009775766751396624,0.0
477,partial_charge_max_div_BertzCTIndex,-0.20095416099421565,0.0
477,PMI1_div_Bridged_ring_count,0.010588883654772145,0.0
477,Fused_ring_count_div_DoubleBondCount,0.5555402335963523,0.0
477,SSSR_count_div_Min_EState,-0.023103328739609044,0.0
477,Asphericity_div_Largest_ring_size,1.380576537397351,-0.135428196182104
477,PathComplexityIndex_div_Largest_ring_size,0.45775811732424454,0.0
477,WienerIndex_div_RotatableBonds,-0.21751053202764298,0.0
477,RingCount_div_RotatableBonds,-0.0971869114638907,0.0
477,Bridged_ring_count_div_Fused_ring_count,0.7211421597349512,0.0
477,RotatableBonds_div_WienerIndex,-0.19359690061072915,0.0
477,StereocenterCount_div_Fused_ring_count,0.38558062204122384,0.0
477,BondInformationContent_div_BalabanIndex,1.5096339933152485,-0.14096106073604484
477,Avg_EState_div_PathComplexityIndex,-0.45757418793254556,0.0
477,RingCount_div_Asphericity,-0.27915435785567166,0.0
477,PMI_Ratio1_div_BertzCTIndex,-0.5454720883648146,0.0
477,Max_EState_div_Largest_ring_size,0.5731314531882664,0.0
477,BalabanIndex_div_BondInformationContent,-0.7082096098460429,0.0
477,WienerIndex_div_PMI3,-0.31820177116538295,0.0
477,SSSR_count_div_ZagrebIndex,0.7993654534481874,-0.15856747099699198
477,TPSA_div_Fused_ring_count,0.7404486242364566,0.0
477,RotatableBonds_div_BertzCTIndex,-0.40041311075695685,0.0
477,Asphericity_div_Bridged_ring_count,2.7476751867564353,0.0
477,RotatableBonds_div_Chi4,-0.2363751039552248,0.0
477,HBD_div_Fused_ring_count,-0.16310884399935974,0.0
477,Min_EState_div_BalabanIndex,0.3575621863957675,0.0
477,Fused_ring_count_div_Min_EState,-0.0093098715818382,0.0
477,BertzCTIndex_div_Max_EState,-0.039921752409560696,0.0
477,LogP_div_Chi4,-0.3485141231026785,0.0
477,FragmentComplexityScore_div_TotalPathCount,-0.17980991567978685,0.0
477,FractionCSP3_div_Chi3,-0.28436878374142804,0.0
478,BalabanIndex_div_PathComplexityIndex,-0.5750533151722523,0.0
478,RingCount_div_PMI_Ratio1,0.16118024311895002,0.0
478,Max_EState_div_BalabanIndex,0.7072774866765938,0.0
478,BalabanIndex_div_ZagrebIndex,-0.6320661901212166,0.0
478,Largest_ring_size_div_BalabanIndex,-0.03076295453009355,0.0
478,TotalPathCount_div_Largest_ring_size,0.9948620741882604,0.0
478,SSSR_count_div_AtomInformationContent,0.5115861583446616,0.0
478,Fused_ring_count_div_PMI_Ratio1,0.2045968385577299,0.0
478,PMI2_div_Largest_ring_size,-0.007599177279271638,0.0
478,SSSR_count_div_SpherocityIndex,-0.051110505654052396,0.0
478,SSSR_count_div_partial_charge_max,0.6781634164712609,-0.10408023052871183
478,BalabanIndex_div_partial_charge_max,-0.44178363435059803,0.0
478,RingCount_div_FractionCSP3,0.5663352537121452,0.0
478,ZagrebIndex_div_Chi0,0.5283999639219308,-0.0829214447401482
478,TPSA_div_BalabanIndex,-0.028557336969669493,0.0
478,MolarRefractivity_div_TotalPathCount,-0.6996303718372281,0.0
478,GraphDistanceDistributionEntropy_div_TotalPathCount,-0.7794641078839197,0.0
478,PMI2_div_Fused_ring_count,-0.06859634583651182,0.0
478,SSSR_count_div_BondInformationContent,-0.12267907079419592,0.0
478,Fused_ring_count_div_FragmentComplexityScore,0.794925742576987,0.0
478,AtomInformationContent_div_BalabanIndex,0.5030082647760299,0.0
478,TotalPathCount_div_RadiusOfGyration,1.0363707081302287,0.0
478,GraphDistanceDistributionEntropy_div_BertzCTIndex,-0.6647928767179935,0.0
478,Fused_ring_count_div_InertialShapeFactor,0.057093424919796264,-0.08843135766345644
478,StereocenterCount_div_BalabanIndex,-0.2596962878853766,0.0
478,BalabanIndex_div_Asphericity,-0.20258887261571268,0.0
478,RadiusOfGyration_div_Largest_ring_size,0.4958240898596867,0.0
478,ZagrebIndex_div_CovalentRadiusSum,0.7389696962534683,0.0
478,MolarRefractivity_div_BertzCTIndex,-0.6732712483430214,0.0
478,PMI1_div_Largest_ring_size,0.20878588461899744,0.0
478,BalabanIndex_div_HBA,-0.5692393119323075,0.0
478,RingCount_div_Fused_ring_count,0.6467744981776413,0.0
478,Fused_ring_count_div_FractionCSP3,0.5613278378393757,0.0
478,Largest_ring_size_div_PMI_Ratio1,-0.2095772881158724,0.0
478,Chi4_div_FractionCSP3,0.6131248785109797,0.0
478,PMI1_div_WienerIndex,-0.43631304256659875,0.0
478,SSSR_count_div_DoubleBondCount,-0.25095967697910126,0.0
478,RingCount_div_SSSR_count,0.4191681070021959,0.0
478,Chi4_div_RadiusOfGyration,0.6470308804637499,0.0
478,Fused_ring_count_div_Bridged_ring_count,0.6317929850256704,0.0
478,HBD_div_BalabanIndex,-0.5897772847378491,0.0
478,BalabanIndex_div_TopologicalRadius,-0.5479930460288325,-0.08288632766205108
478,TopologicalDiameter_div_BertzCTIndex,-0.6232583791070481,-0.10661641154947236
478,HeteroatomCount_div_Largest_ring_size,0.5040509191001145,0.0
478,WienerIndex_div_RingCount,-0.1162700571961328,0.0
478,Chi2_div_Chi4,-0.8960265546918467,0.0
478,Chi4_div_Bridged_ring_count,0.316881882074235,0.0
478,Fused_ring_count_div_BondInformationContent,-0.13256796732557427,0.0
478,TotalPathCount_div_FractionCSP3,0.40030997235205124,-0.09543563738847477
478,StereocenterCount_div_PMI_Ratio1,-0.30582969023361006,0.0
478,partial_charge_max_div_BertzCTIndex,-0.5319192659699549,0.0
478,PMI1_div_Bridged_ring_count,0.07211146210586013,0.0
478,Fused_ring_count_div_DoubleBondCount,-0.2153493246914908,0.0
478,SSSR_count_div_Min_EState,-0.009460453676055181,0.0
478,Asphericity_div_Largest_ring_size,0.057957061320341126,0.0
478,PathComplexityIndex_div_Largest_ring_size,0.7530173412837198,0.0
478,WienerIndex_div_RotatableBonds,-0.19944227119208197,0.0
478,RingCount_div_RotatableBonds,-0.19959243288459805,0.0
478,Bridged_ring_count_div_Fused_ring_count,0.7211421597349512,0.0
478,RotatableBonds_div_WienerIndex,-0.21518361820596604,0.0
478,StereocenterCount_div_Fused_ring_count,-0.30638940615483234,0.0
478,BondInformationContent_div_BalabanIndex,1.1428872510233365,-0.12011395887228091
478,Avg_EState_div_PathComplexityIndex,-0.5484017535107593,0.0
478,RingCount_div_Asphericity,0.2954643151939967,0.0
478,PMI_Ratio1_div_BertzCTIndex,-0.36723767624227377,0.0
478,Max_EState_div_Largest_ring_size,1.0330212907456724,-0.1259036533391588
478,BalabanIndex_div_BondInformationContent,-0.6730782520242948,0.0
478,WienerIndex_div_PMI3,0.8065450976048846,0.0
478,SSSR_count_div_ZagrebIndex,0.7702800749299787,-0.08699142853411332
478,TPSA_div_Fused_ring_count,-0.06042483441984753,0.0
478,RotatableBonds_div_BertzCTIndex,-0.33896294531378035,0.0
478,Asphericity_div_Bridged_ring_count,-0.17705205661551976,0.0
478,RotatableBonds_div_Chi4,-0.33776903958518034,0.0
478,HBD_div_Fused_ring_count,-0.5907056875796379,0.0
478,Min_EState_div_BalabanIndex,-0.4242410356891797,0.0
478,Fused_ring_count_div_Min_EState,-0.007550323613873639,0.0
478,BertzCTIndex_div_Max_EState,0.2808846872147684,-0.08472771094924998
478,LogP_div_Chi4,-0.25064975109609633,0.0
478,FragmentComplexityScore_div_TotalPathCount,-0.6313678882891637,0.0
478,FractionCSP3_div_Chi3,-0.529555414605851,0.0
479,BalabanIndex_div_PathComplexityIndex,-0.3310797307297129,0.0
479,RingCount_div_PMI_Ratio1,-0.26491994866526103,0.0
479,Max_EState_div_BalabanIndex,-0.4727796173504288,0.08053101384050323
479,BalabanIndex_div_ZagrebIndex,0.42488309257061213,0.0
479,Largest_ring_size_div_BalabanIndex,-0.20796312523309324,0.0
479,TotalPathCount_div_Largest_ring_size,-0.5424840207945585,0.0
479,SSSR_count_div_AtomInformationContent,0.17390531423905345,0.0
479,Fused_ring_count_div_PMI_Ratio1,-0.2510558698124167,0.0
479,PMI2_div_Largest_ring_size,-0.37878335746131364,0.0
479,SSSR_count_div_SpherocityIndex,-0.051110623505921556,0.0
479,SSSR_count_div_partial_charge_max,-0.17565455270727787,0.0
479,BalabanIndex_div_partial_charge_max,-0.03919846573995367,0.0
479,RingCount_div_FractionCSP3,0.2732557495126966,0.0
479,ZagrebIndex_div_Chi0,0.3672950203808655,0.0
479,TPSA_div_BalabanIndex,-0.6084612902610941,0.0
479,MolarRefractivity_div_TotalPathCount,-0.14422394557189488,0.0
479,GraphDistanceDistributionEntropy_div_TotalPathCount,0.7300602354831612,0.0
479,PMI2_div_Fused_ring_count,-0.3059172238824305,0.0
479,SSSR_count_div_BondInformationContent,-0.3300585026658059,0.0
479,Fused_ring_count_div_FragmentComplexityScore,-0.29893477271205665,0.06375085373369711
479,AtomInformationContent_div_BalabanIndex,-0.7785249564393437,0.11124267291852438
479,TotalPathCount_div_RadiusOfGyration,-0.48790301886929177,0.0
479,GraphDistanceDistributionEntropy_div_BertzCTIndex,0.19593634670308427,0.0
479,Fused_ring_count_div_InertialShapeFactor,-0.24040649794727678,0.0
479,StereocenterCount_div_BalabanIndex,-0.4787507510241423,0.0
479,BalabanIndex_div_Asphericity,-0.23616069377697582,0.0
479,RadiusOfGyration_div_Largest_ring_size,-0.2601031692645028,0.0
479,ZagrebIndex_div_CovalentRadiusSum,0.3001718288550776,0.0
479,MolarRefractivity_div_BertzCTIndex,-0.4166810627388159,0.0
479,PMI1_div_Largest_ring_size,-0.4051062632427501,0.0
479,BalabanIndex_div_HBA,0.8908867838544748,0.05966259196098578
479,RingCount_div_Fused_ring_count,0.7818382836438047,0.0
479,Fused_ring_count_div_FractionCSP3,0.22069188304675152,0.060084967753369786
479,Largest_ring_size_div_PMI_Ratio1,-0.07213710659862453,0.0
479,Chi4_div_FractionCSP3,-0.193505480080341,0.0
479,PMI1_div_WienerIndex,-0.0444399890841101,0.0
479,SSSR_count_div_DoubleBondCount,-0.8893929216482237,0.06487176806147459
479,RingCount_div_SSSR_count,0.4191681070021959,0.0
479,Chi4_div_RadiusOfGyration,-0.6019735637646236,0.0
479,Fused_ring_count_div_Bridged_ring_count,0.6317929850256704,0.0
479,HBD_div_BalabanIndex,-0.4445108234713538,0.0
479,BalabanIndex_div_TopologicalRadius,0.5305323365430161,0.07719123592832407
479,TopologicalDiameter_div_BertzCTIndex,-0.3078381019849631,0.0
479,HeteroatomCount_div_Largest_ring_size,-0.7303888409259912,0.0
479,WienerIndex_div_RingCount,-0.24098464765620847,0.0
479,Chi2_div_Chi4,-0.1802961562842288,0.0
479,Chi4_div_Bridged_ring_count,-0.007733800978291257,0.0
479,Fused_ring_count_div_BondInformationContent,-0.3708913010212974,0.0
479,TotalPathCount_div_FractionCSP3,-0.09289491325686267,0.0
479,StereocenterCount_div_PMI_Ratio1,-0.37263456272338574,0.0
479,partial_charge_max_div_BertzCTIndex,0.13375016045935498,0.0
479,PMI1_div_Bridged_ring_count,-0.3247286106300753,0.0
479,Fused_ring_count_div_DoubleBondCount,-0.7659847234685216,0.07869973316645912
479,SSSR_count_div_Min_EState,-0.006903940680061346,0.0
479,Asphericity_div_Largest_ring_size,0.5154402737902362,0.0
479,PathComplexityIndex_div_Largest_ring_size,0.42272736193922206,0.0
479,WienerIndex_div_RotatableBonds,-0.24017879072586817,0.0
479,RingCount_div_RotatableBonds,1.5669028116226025,0.0
479,Bridged_ring_count_div_Fused_ring_count,0.7211421597349512,0.0
479,RotatableBonds_div_WienerIndex,-0.1636275043181972,0.0
479,StereocenterCount_div_Fused_ring_count,-0.19106106812215634,0.0
479,BondInformationContent_div_BalabanIndex,0.20825415542198703,0.07533592556578046
479,Avg_EState_div_PathComplexityIndex,-0.5498546787067068,0.0
479,RingCount_div_Asphericity,-0.3216609050299872,0.0
479,PMI_Ratio1_div_BertzCTIndex,0.06708687428617077,0.0
479,Max_EState_div_Largest_ring_size,0.1155834071360079,0.0
479,BalabanIndex_div_BondInformationContent,-0.5137922813802154,0.0
479,WienerIndex_div_PMI3,-0.5143659246129775,0.0
479,SSSR_count_div_ZagrebIndex,1.0938549109450177,0.0
479,TPSA_div_Fused_ring_count,-0.323662020823521,0.0
479,RotatableBonds_div_BertzCTIndex,-0.6285226305549079,0.0
479,Asphericity_div_Bridged_ring_count,1.5879056876870823,0.0
479,RotatableBonds_div_Chi4,-0.740524436472076,0.0
479,HBD_div_Fused_ring_count,-0.16310884399935974,0.0
479,Min_EState_div_BalabanIndex,0.30119530128296934,0.0
479,Fused_ring_count_div_Min_EState,-0.005274659122003081,0.0
479,BertzCTIndex_div_Max_EState,-0.6563664365907966,0.0
479,LogP_div_Chi4,0.5436151060689518,0.0641269465115019
479,FragmentComplexityScore_div_TotalPathCount,0.9401279835552027,0.0
479,FractionCSP3_div_Chi3,-0.22283424099437707,0.0
491,BalabanIndex_div_PathComplexityIndex,2.1865150722909674,0.2667947242628562
491,RingCount_div_PMI_Ratio1,-0.8147325172439013,0.0
491,Max_EState_div_BalabanIndex,-1.26073572050025,0.0
491,BalabanIndex_div_ZagrebIndex,0.4059594285842924,0.0
491,Largest_ring_size_div_BalabanIndex,-1.144213095990653,0.0
491,TotalPathCount_div_Largest_ring_size,-1.3740045501563347,0.0
491,SSSR_count_div_AtomInformationContent,-1.0768367558935874,0.0
491,Fused_ring_count_div_PMI_Ratio1,-0.7563390875513493,0.0
491,PMI2_div_Largest_ring_size,-0.4551980087956476,0.21801517249910307
491,SSSR_count_div_SpherocityIndex,-0.05111066915440397,0.0
491,SSSR_count_div_partial_charge_max,-1.165410654555062,0.25194231155775937
491,BalabanIndex_div_partial_charge_max,-0.3660645045303605,0.0
491,RingCount_div_FractionCSP3,-0.7884662279645507,0.0
491,ZagrebIndex_div_Chi0,-1.6248972261716879,0.0
491,TPSA_div_BalabanIndex,-0.4728562519648637,0.0
491,MolarRefractivity_div_TotalPathCount,1.883298536906765,0.2789194809054745
491,GraphDistanceDistributionEntropy_div_TotalPathCount,0.3475315818757253,0.0
491,PMI2_div_Fused_ring_count,-0.4826267306358038,0.0
491,SSSR_count_div_BondInformationContent,-0.5961623172217534,0.0
491,Fused_ring_count_div_FragmentComplexityScore,-1.0281751162380857,0.0
491,AtomInformationContent_div_BalabanIndex,-1.1176787104536885,0.0
491,TotalPathCount_div_RadiusOfGyration,-1.463563842772736,0.0
491,GraphDistanceDistributionEntropy_div_BertzCTIndex,-0.1340134846703995,0.0
491,Fused_ring_count_div_InertialShapeFactor,-0.25401378127090635,0.0
491,StereocenterCount_div_BalabanIndex,-0.5716603927838528,0.0
491,BalabanIndex_div_Asphericity,0.45393218576300154,0.0
491,RadiusOfGyration_div_Largest_ring_size,-1.5682951534675906,0.0
491,ZagrebIndex_div_CovalentRadiusSum,-1.5414680355312758,0.0
491,MolarRefractivity_div_BertzCTIndex,0.5470537740393749,0.0
491,PMI1_div_Largest_ring_size,-0.48815873716732344,0.0
491,BalabanIndex_div_HBA,0.15500514412889385,0.0
491,RingCount_div_Fused_ring_count,-1.244118498348645,0.0
491,Fused_ring_count_div_FractionCSP3,-0.7069975257501818,0.0
491,Largest_ring_size_div_PMI_Ratio1,-0.6465054734894813,0.0
491,Chi4_div_FractionCSP3,-0.3771255733615954,0.0
491,PMI1_div_WienerIndex,1.8891525072772253,0.2342428197122559
491,SSSR_count_div_DoubleBondCount,-0.8893929216482237,0.0
491,RingCount_div_SSSR_count,-2.385677687054472,0.22867893315634072
491,Chi4_div_RadiusOfGyration,-1.2299192199540232,0.0
491,Fused_ring_count_div_Bridged_ring_count,-1.4270536095030357,0.0
491,HBD_div_BalabanIndex,-0.46911597331829125,0.0
491,BalabanIndex_div_TopologicalRadius,-0.4340366844708334,0.0
491,TopologicalDiameter_div_BertzCTIndex,1.1741446824680561,0.0
491,HeteroatomCount_div_Largest_ring_size,-1.0389987809325176,0.0
491,WienerIndex_div_RingCount,-0.27430798952068997,0.0
491,Chi2_div_Chi4,1.4014453855425055,0.0
491,Chi4_div_Bridged_ring_count,-1.1576317652007062,0.0
491,Fused_ring_count_div_BondInformationContent,-0.6338218010298348,0.0
491,TotalPathCount_div_FractionCSP3,-0.23971722124666167,0.0
491,StereocenterCount_div_PMI_Ratio1,-0.409589645460746,0.0
491,partial_charge_max_div_BertzCTIndex,0.7232072791550962,0.0
491,PMI1_div_Bridged_ring_count,-0.49312041894055575,0.0
491,Fused_ring_count_div_DoubleBondCount,-0.7659847234685216,0.0
491,SSSR_count_div_Min_EState,0.0023290435839932806,0.0
491,Asphericity_div_Largest_ring_size,-1.3738703736010778,0.0
491,PathComplexityIndex_div_Largest_ring_size,-1.9443508233630105,0.0
491,WienerIndex_div_RotatableBonds,-0.21343619960120774,0.0
491,RingCount_div_RotatableBonds,-0.7372214203433113,0.0
491,Bridged_ring_count_div_Fused_ring_count,-1.439196676874029,0.0
491,RotatableBonds_div_WienerIndex,-0.19863122492588492,0.0
491,StereocenterCount_div_Fused_ring_count,-0.7677027582855365,0.0
491,BondInformationContent_div_BalabanIndex,-0.9514099238742468,0.0
491,Avg_EState_div_PathComplexityIndex,1.5516398836855225,0.0
491,RingCount_div_Asphericity,-0.618518892507779,0.0
491,PMI_Ratio1_div_BertzCTIndex,-0.24114878675846935,0.0
491,Max_EState_div_Largest_ring_size,-1.9411212229100354,0.23787489269014134
491,BalabanIndex_div_BondInformationContent,0.494426468609213,0.0
491,WienerIndex_div_PMI3,-1.1608745166825738,0.0
491,SSSR_count_div_ZagrebIndex,-1.8183186131902682,0.22016145413794755
491,TPSA_div_Fused_ring_count,-0.7463221206410611,0.0
491,RotatableBonds_div_BertzCTIndex,1.1675401652710455,0.2057096105045955
491,Asphericity_div_Bridged_ring_count,-0.9448338994567288,0.0
491,RotatableBonds_div_Chi4,2.693642469297242,0.0
491,HBD_div_Fused_ring_count,-0.5907056875796379,0.0
491,Min_EState_div_BalabanIndex,-0.45850241498382166,0.0
491,Fused_ring_count_div_Min_EState,0.000907607443612213,0.21353477207385252
491,BertzCTIndex_div_Max_EState,0.1660450991533198,0.0
491,LogP_div_Chi4,1.785206651697587,0.0
491,FragmentComplexityScore_div_TotalPathCount,-0.304817490017994,0.0
491,FractionCSP3_div_Chi3,-0.18846201179726316,0.0
494,BalabanIndex_div_PathComplexityIndex,-0.06317567744997386,0.0
494,RingCount_div_PMI_Ratio1,-0.56418256340202,0.0
494,Max_EState_div_BalabanIndex,-0.39446654442545126,0.0
494,BalabanIndex_div_ZagrebIndex,-0.7626733660345772,0.0
494,Largest_ring_size_div_BalabanIndex,-0.26388385075373827,0.0
494,TotalPathCount_div_Largest_ring_size,2.1357855912195345,0.0
494,SSSR_count_div_AtomInformationContent,-0.6155971355910995,0.0
494,Fused_ring_count_div_PMI_Ratio1,-0.7563390875513493,0.0
494,PMI2_div_Largest_ring_size,3.994613786685069,0.028290639503535882
494,SSSR_count_div_SpherocityIndex,-0.051110247692972045,0.0
494,SSSR_count_div_partial_charge_max,-0.537507745906869,0.0
494,BalabanIndex_div_partial_charge_max,-0.024441830692702882,0.0
494,RingCount_div_FractionCSP3,-0.5804680627862596,0.03197112504011429
494,ZagrebIndex_div_Chi0,-1.0051178576115396,0.0
494,TPSA_div_BalabanIndex,1.4829131788431418,0.0
494,MolarRefractivity_div_TotalPathCount,0.3755482375041715,0.0
494,GraphDistanceDistributionEntropy_div_TotalPathCount,-0.7813701850570776,0.0
494,PMI2_div_Fused_ring_count,-0.4826267306358038,0.0
494,SSSR_count_div_BondInformationContent,-0.02612875344814339,0.0
494,Fused_ring_count_div_FragmentComplexityScore,-1.0281751162380857,0.0
494,AtomInformationContent_div_BalabanIndex,-0.021713639775524828,-0.030353317071691876
494,TotalPathCount_div_RadiusOfGyration,-0.19370197068617712,0.0
494,GraphDistanceDistributionEntropy_div_BertzCTIndex,-0.5724760443832555,0.0
494,Fused_ring_count_div_InertialShapeFactor,-0.25401378127090635,0.0
494,StereocenterCount_div_BalabanIndex,1.4541283135772523,0.0
494,BalabanIndex_div_Asphericity,-0.08241065224824692,0.0
494,RadiusOfGyration_div_Largest_ring_size,3.210505268743758,0.0
494,ZagrebIndex_div_CovalentRadiusSum,-0.6980199544944375,0.04009067681746748
494,MolarRefractivity_div_BertzCTIndex,0.2551235771462448,0.0
494,PMI1_div_Largest_ring_size,9.074233501264514,0.2244745786108624
494,BalabanIndex_div_HBA,-0.7940243238259125,0.0
494,RingCount_div_Fused_ring_count,-1.244118498348645,0.0
494,Fused_ring_count_div_FractionCSP3,-0.7069975257501818,0.0
494,Largest_ring_size_div_PMI_Ratio1,-0.2538954022480189,0.0
494,Chi4_div_FractionCSP3,0.2084077664609041,0.0
494,PMI1_div_WienerIndex,-0.3293925354987164,0.0
494,SSSR_count_div_DoubleBondCount,-0.6705015234759532,0.026208006650799753
494,RingCount_div_SSSR_count,0.4191681070021959,0.0
494,Chi4_div_RadiusOfGyration,-0.26162152743073047,0.0
494,Fused_ring_count_div_Bridged_ring_count,-1.4270536095030357,0.0
494,HBD_div_BalabanIndex,2.415201086831998,-0.03447705121026029
494,BalabanIndex_div_TopologicalRadius,-1.1347368979910832,-0.032765533647826264
494,TopologicalDiameter_div_BertzCTIndex,0.7009540148977269,0.0
494,HeteroatomCount_div_Largest_ring_size,2.818625469149063,0.0
494,WienerIndex_div_RingCount,6.707799926449229,-0.057609936186828324
494,Chi2_div_Chi4,0.5287242646963735,0.0
494,Chi4_div_Bridged_ring_count,-1.1576317652007062,0.0
494,Fused_ring_count_div_BondInformationContent,-0.6338218010298348,0.0
494,TotalPathCount_div_FractionCSP3,0.11957141872253117,0.0
494,StereocenterCount_div_PMI_Ratio1,0.7253229872231967,0.0
494,partial_charge_max_div_BertzCTIndex,-0.7386136979272756,0.0
494,PMI1_div_Bridged_ring_count,-0.49312041894055575,0.0
494,Fused_ring_count_div_DoubleBondCount,-0.7659847234685216,0.0
494,SSSR_count_div_Min_EState,-0.0003628431085657146,0.0
494,Asphericity_div_Largest_ring_size,-0.03570905296821227,0.0
494,PathComplexityIndex_div_Largest_ring_size,0.010463239170456206,0.0
494,WienerIndex_div_RotatableBonds,0.4452828138592552,0.0
494,RingCount_div_RotatableBonds,-0.706499763917099,0.0
494,Bridged_ring_count_div_Fused_ring_count,-1.439196676874029,0.0
494,RotatableBonds_div_WienerIndex,-0.5072584105954522,0.0
494,StereocenterCount_div_Fused_ring_count,-0.7677027582855365,0.0
494,BondInformationContent_div_BalabanIndex,-0.9732718287221525,0.0
494,Avg_EState_div_PathComplexityIndex,1.304946714441264,0.0
494,RingCount_div_Asphericity,-0.3391021795115215,0.0
494,PMI_Ratio1_div_BertzCTIndex,-0.4310448063606202,0.0
494,Max_EState_div_Largest_ring_size,0.3507120648009356,0.0
494,BalabanIndex_div_BondInformationContent,0.5593792628079025,0.0
494,WienerIndex_div_PMI3,0.8810072734448879,0.0
494,SSSR_count_div_ZagrebIndex,-1.386885498503562,0.0
494,TPSA_div_Fused_ring_count,-0.7463221206410611,0.0
494,RotatableBonds_div_BertzCTIndex,0.7693612103541253,0.0
494,Asphericity_div_Bridged_ring_count,-0.9448338994567288,0.0
494,RotatableBonds_div_Chi4,1.0997109669819232,0.0
494,HBD_div_Fused_ring_count,-0.5907056875796379,0.0
494,Min_EState_div_BalabanIndex,-0.4099141734190386,-0.029139297729929296
494,Fused_ring_count_div_Min_EState,0.000907607443612213,0.0
494,BertzCTIndex_div_Max_EState,1.7075482861698759,0.0
494,LogP_div_Chi4,-0.8191897738300125,0.0
494,FragmentComplexityScore_div_TotalPathCount,-0.9076736579493451,0.0
494,FractionCSP3_div_Chi3,-0.5353380729346888,0.0
495,BalabanIndex_div_PathComplexityIndex,-0.4302554096913804,0.0
495,RingCount_div_PMI_Ratio1,-0.3288798765199083,0.0
495,Max_EState_div_BalabanIndex,0.21545270184837842,0.0
495,BalabanIndex_div_ZagrebIndex,-0.3805068833278225,-0.03584780181454213
495,Largest_ring_size_div_BalabanIndex,-0.13096534040064325,0.0
495,TotalPathCount_div_Largest_ring_size,0.2503611351085304,0.0
495,SSSR_count_div_AtomInformationContent,-0.32606480521678327,0.0
495,Fused_ring_count_div_PMI_Ratio1,-0.25402275350964837,0.0
495,PMI2_div_Largest_ring_size,-0.17917724737449617,0.0
495,SSSR_count_div_SpherocityIndex,-0.051110599613825886,0.0
495,SSSR_count_div_partial_charge_max,0.04906066218819939,0.0
495,BalabanIndex_div_partial_charge_max,-0.22245523272580892,0.0
495,RingCount_div_FractionCSP3,-0.2133668234977084,0.0
495,ZagrebIndex_div_Chi0,0.22063872579833996,0.0
495,TPSA_div_BalabanIndex,-0.12117865268539706,0.0
495,MolarRefractivity_div_TotalPathCount,-0.18128407152678735,0.0
495,GraphDistanceDistributionEntropy_div_TotalPathCount,-0.27321851667195307,0.0
495,PMI2_div_Fused_ring_count,-0.057093217077723135,0.0
495,SSSR_count_div_BondInformationContent,-0.26594059254170743,0.0
495,Fused_ring_count_div_FragmentComplexityScore,0.06568539905095791,0.0
495,AtomInformationContent_div_BalabanIndex,0.739737567537499,0.0
495,TotalPathCount_div_RadiusOfGyration,0.24087127045237525,0.0
495,GraphDistanceDistributionEntropy_div_BertzCTIndex,-0.32592386224362724,-0.0352172682123317
495,Fused_ring_count_div_InertialShapeFactor,-0.11873079648350895,0.0
495,StereocenterCount_div_BalabanIndex,-0.2077235255908207,0.0
495,BalabanIndex_div_Asphericity,-0.09622217277856716,0.0
495,RadiusOfGyration_div_Largest_ring_size,0.2766810769616626,-0.030913891486563563
495,ZagrebIndex_div_CovalentRadiusSum,0.026129745901186097,-0.043744591940049926
495,MolarRefractivity_div_BertzCTIndex,-0.31201202198091227,0.0
495,PMI1_div_Largest_ring_size,0.011012774525987652,0.0
495,BalabanIndex_div_HBA,-0.4697966129783231,0.0
495,RingCount_div_Fused_ring_count,0.5567319745335324,-0.027338896088959477
495,Fused_ring_count_div_FractionCSP3,-0.14168679226455055,0.0
495,Largest_ring_size_div_PMI_Ratio1,-0.2658415839884685,0.0
495,Chi4_div_FractionCSP3,-0.23573018670275936,0.0
495,PMI1_div_WienerIndex,0.023358042095428508,0.0
495,SSSR_count_div_DoubleBondCount,1.2995210600744818,0.0
495,RingCount_div_SSSR_count,0.4191681070021959,0.0
495,Chi4_div_RadiusOfGyration,0.21706206678996473,0.0
495,Fused_ring_count_div_Bridged_ring_count,0.6317929850256704,0.0
495,HBD_div_BalabanIndex,0.1962890460396088,0.0
495,BalabanIndex_div_TopologicalRadius,-0.32461220274238567,0.0
495,TopologicalDiameter_div_BertzCTIndex,-0.41128381328538827,-0.03476905306431589
495,HeteroatomCount_div_Largest_ring_size,0.19544097909358796,0.0
495,WienerIndex_div_RingCount,-0.13012379028153384,0.0
495,Chi2_div_Chi4,-0.43022344614482716,0.0
495,Chi4_div_Bridged_ring_count,0.6549851112504816,0.0
495,Fused_ring_count_div_BondInformationContent,-0.26675252866791904,0.0
495,TotalPathCount_div_FractionCSP3,-0.2753373587312117,0.0
495,StereocenterCount_div_PMI_Ratio1,-0.2884745941700966,0.0
495,partial_charge_max_div_BertzCTIndex,-0.3650785006984389,0.0
495,PMI1_div_Bridged_ring_count,0.18160476414029358,0.0
495,Fused_ring_count_div_DoubleBondCount,1.2163027121287893,0.0
495,SSSR_count_div_Min_EState,-0.013578002401490905,0.0
495,Asphericity_div_Largest_ring_size,-0.17528552135431266,0.0
495,PathComplexityIndex_div_Largest_ring_size,0.5036807882491485,0.0
495,WienerIndex_div_RotatableBonds,-0.34674725082545144,0.0
495,RingCount_div_RotatableBonds,-0.3532007150156589,0.0
495,Bridged_ring_count_div_Fused_ring_count,0.7211421597349512,0.0
495,RotatableBonds_div_WienerIndex,0.04333737222965383,0.0
495,StereocenterCount_div_Fused_ring_count,0.19336672532009713,0.0
495,BondInformationContent_div_BalabanIndex,0.480192203141408,0.0
495,Avg_EState_div_PathComplexityIndex,-0.43341009416189025,0.0
495,RingCount_div_Asphericity,0.005391274501385093,0.0
495,PMI_Ratio1_div_BertzCTIndex,-0.07865958319295523,0.0
495,Max_EState_div_Largest_ring_size,0.7570483282184844,0.0
495,BalabanIndex_div_BondInformationContent,-0.5759507840047378,0.0
495,WienerIndex_div_PMI3,0.29295104586942927,0.0
495,SSSR_count_div_ZagrebIndex,0.2075412296864518,0.0
495,TPSA_div_Fused_ring_count,0.3508342507115079,0.0
495,RotatableBonds_div_BertzCTIndex,-0.26172832697701987,-0.02639247536496192
495,Asphericity_div_Bridged_ring_count,0.12635161752107257,0.0
495,RotatableBonds_div_Chi4,-0.287601494268163,0.0
495,HBD_div_Fused_ring_count,0.8346171243546229,-0.04539392428305658
495,Min_EState_div_BalabanIndex,0.4016381598114146,0.0
495,Fused_ring_count_div_Min_EState,-0.011074899534516198,0.0
495,BertzCTIndex_div_Max_EState,-0.24116579154903248,-0.030730630765950725
495,LogP_div_Chi4,-0.06094491492689825,0.0
495,FragmentComplexityScore_div_TotalPathCount,-0.24178846093990766,-0.03445675060936087
495,FractionCSP3_div_Chi3,-0.16417079275772253,0.0
497,BalabanIndex_div_PathComplexityIndex,-0.4223912356427369,0.0
497,RingCount_div_PMI_Ratio1,0.5651041375046859,-0.029250092034837864
497,Max_EState_div_BalabanIndex,0.3603856634199381,0.0
497,BalabanIndex_div_ZagrebIndex,-0.3286033782571605,0.0
497,Largest_ring_size_div_BalabanIndex,0.01822495102165213,0.0
497,TotalPathCount_div_Largest_ring_size,-0.13639259947834229,0.0
497,SSSR_count_div_AtomInformationContent,-0.532699960480837,0.0
497,Fused_ring_count_div_PMI_Ratio1,-0.7563390875513493,0.0
497,PMI2_div_Largest_ring_size,0.03153721182473637,0.0
497,SSSR_count_div_SpherocityIndex,-0.05111053335931372,0.0
497,SSSR_count_div_partial_charge_max,-0.23316012888562096,0.0
497,BalabanIndex_div_partial_charge_max,-0.3347756465929522,0.0
497,RingCount_div_FractionCSP3,-0.3596938909064316,0.0
497,ZagrebIndex_div_Chi0,-0.29672225407630354,0.0
497,TPSA_div_BalabanIndex,0.0089942498708795,0.0
497,MolarRefractivity_div_TotalPathCount,-0.002442329063597835,0.0
497,GraphDistanceDistributionEntropy_div_TotalPathCount,0.5082339735253212,0.0
497,PMI2_div_Fused_ring_count,-0.4826267306358038,0.0
497,SSSR_count_div_BondInformationContent,-0.3413804867840045,0.0
497,Fused_ring_count_div_FragmentComplexityScore,-1.0281751162380857,0.0
497,AtomInformationContent_div_BalabanIndex,1.2263405219162793,0.0
497,TotalPathCount_div_RadiusOfGyration,-0.8272644191186969,0.0
497,GraphDistanceDistributionEntropy_div_BertzCTIndex,0.34049746748227594,0.0
497,Fused_ring_count_div_InertialShapeFactor,-0.25401378127090635,0.0
497,StereocenterCount_div_BalabanIndex,-0.24306743148671126,0.0
497,BalabanIndex_div_Asphericity,-0.38798134980999927,0.0
497,RadiusOfGyration_div_Largest_ring_size,0.8042824912896916,-0.0461121047884825
497,ZagrebIndex_div_CovalentRadiusSum,-0.23489692218825492,0.0
497,MolarRefractivity_div_BertzCTIndex,0.01849135627598983,0.0
497,PMI1_div_Largest_ring_size,-0.2903238342287176,0.0
497,BalabanIndex_div_HBA,-0.5324377517980519,0.0
497,RingCount_div_Fused_ring_count,-1.244118498348645,0.0
497,Fused_ring_count_div_FractionCSP3,-0.7069975257501818,0.0
497,Largest_ring_size_div_PMI_Ratio1,0.7949576200387853,-0.04688735319470162
497,Chi4_div_FractionCSP3,-0.6590241579632824,0.0
497,PMI1_div_WienerIndex,-0.9372142408507452,-0.04470968994622776
497,SSSR_count_div_DoubleBondCount,-0.06855017850220922,0.0
497,RingCount_div_SSSR_count,0.4191681070021959,0.0
497,Chi4_div_RadiusOfGyration,-0.8781291943556152,-0.022295529333128578
497,Fused_ring_count_div_Bridged_ring_count,-1.4270536095030357,0.0
497,HBD_div_BalabanIndex,0.13166791389592603,0.0
497,BalabanIndex_div_TopologicalRadius,-0.678405771306286,0.0
497,TopologicalDiameter_div_BertzCTIndex,0.49702469120333304,0.0
497,HeteroatomCount_div_Largest_ring_size,0.34974594909685125,0.0
497,WienerIndex_div_RingCount,-0.09768270703412418,0.0
497,Chi2_div_Chi4,0.4606262157261518,0.0
497,Chi4_div_Bridged_ring_count,-1.1576317652007062,0.0
497,Fused_ring_count_div_BondInformationContent,-0.6338218010298348,0.0
497,TotalPathCount_div_FractionCSP3,-0.44552473202851883,0.0
497,StereocenterCount_div_PMI_Ratio1,0.14232065693679888,0.0
497,partial_charge_max_div_BertzCTIndex,-0.05780437866227357,0.0
497,PMI1_div_Bridged_ring_count,-0.49312041894055575,0.0
497,Fused_ring_count_div_DoubleBondCount,-0.7659847234685216,0.0
497,SSSR_count_div_Min_EState,-0.004064245362215044,0.0
497,Asphericity_div_Largest_ring_size,1.6409370179560023,-0.07476757308372439
497,PathComplexityIndex_div_Largest_ring_size,0.16950504444177403,0.0
497,WienerIndex_div_RotatableBonds,-0.36913906734443,0.0
497,RingCount_div_RotatableBonds,-0.449205891347572,0.0
497,Bridged_ring_count_div_Fused_ring_count,-1.439196676874029,0.0
497,RotatableBonds_div_WienerIndex,0.10897349994118714,0.0
497,StereocenterCount_div_Fused_ring_count,-0.7677027582855365,0.0
497,BondInformationContent_div_BalabanIndex,0.7039371437836177,0.0
497,Avg_EState_div_PathComplexityIndex,0.5074050321545234,0.0
497,RingCount_div_Asphericity,-0.43248480022194324,-0.02705824292801939
497,PMI_Ratio1_div_BertzCTIndex,-0.5059776412061805,-0.022869210255664907
497,Max_EState_div_Largest_ring_size,0.5571943769519688,-0.034368832934864
497,BalabanIndex_div_BondInformationContent,-0.615389534453871,0.0
497,WienerIndex_div_PMI3,-0.7185311790127454,0.0
497,SSSR_count_div_ZagrebIndex,0.04547244225631489,0.0
497,TPSA_div_Fused_ring_count,-0.7463221206410611,0.0
497,RotatableBonds_div_BertzCTIndex,-0.04664993381963758,0.0
497,Asphericity_div_Bridged_ring_count,-0.9448338994567288,0.0
497,RotatableBonds_div_Chi4,0.15541403778641294,0.0
497,HBD_div_Fused_ring_count,-0.5907056875796379,0.0
497,Min_EState_div_BalabanIndex,-0.18918174080327035,0.0
497,Fused_ring_count_div_Min_EState,0.000907607443612213,0.0
497,BertzCTIndex_div_Max_EState,-0.6193382219014574,0.0
497,LogP_div_Chi4,-1.1802414375585966,-0.061707524149550996
497,FragmentComplexityScore_div_TotalPathCount,0.14557744693578964,0.0
497,FractionCSP3_div_Chi3,0.32790721801120637,0.0
501,BalabanIndex_div_PathComplexityIndex,-0.1156870114371169,0.0
501,RingCount_div_PMI_Ratio1,-0.40189705441706974,0.0
501,Max_EState_div_BalabanIndex,-0.3575645893284133,0.0
501,BalabanIndex_div_ZagrebIndex,0.6916168456214274,0.0870645454545755
501,Largest_ring_size_div_BalabanIndex,-0.2723883000400143,0.0
501,TotalPathCount_div_Largest_ring_size,-0.6488412978059485,0.0
501,SSSR_count_div_AtomInformationContent,-0.6514317034178663,0.0
501,Fused_ring_count_div_PMI_Ratio1,-0.7563390875513493,0.0
501,PMI2_div_Largest_ring_size,-0.3610447409111873,0.0
501,SSSR_count_div_SpherocityIndex,-0.051110617690910964,0.0
501,SSSR_count_div_partial_charge_max,-0.6388295091641444,0.0
501,BalabanIndex_div_partial_charge_max,-0.21428453442992124,0.0
501,RingCount_div_FractionCSP3,-0.16912840776948979,0.0
501,ZagrebIndex_div_Chi0,-0.47344230873023413,0.0
501,TPSA_div_BalabanIndex,-0.5486392248912797,0.0
501,MolarRefractivity_div_TotalPathCount,0.2309879297434268,0.0
501,GraphDistanceDistributionEntropy_div_TotalPathCount,1.4282063994476546,0.1195339114653543
501,PMI2_div_Fused_ring_count,-0.4826267306358038,0.0
501,SSSR_count_div_BondInformationContent,-0.4539029198712142,0.0
501,Fused_ring_count_div_FragmentComplexityScore,-1.0281751162380857,0.0
501,AtomInformationContent_div_BalabanIndex,0.11387920611396257,0.0
501,TotalPathCount_div_RadiusOfGyration,-0.8830477618454561,0.0
501,GraphDistanceDistributionEntropy_div_BertzCTIndex,0.450257503125135,0.0
501,Fused_ring_count_div_InertialShapeFactor,-0.25401378127090635,0.0
501,StereocenterCount_div_BalabanIndex,-0.6376549350429598,0.11573754031192462
501,BalabanIndex_div_Asphericity,-0.24113694189516388,0.0
501,RadiusOfGyration_div_Largest_ring_size,-0.12631417367843276,0.09594402059997742
501,ZagrebIndex_div_CovalentRadiusSum,-0.1658577154888782,0.0
501,MolarRefractivity_div_BertzCTIndex,-0.3569574224475904,0.0
501,PMI1_div_Largest_ring_size,-0.39499494192913787,0.0
501,BalabanIndex_div_HBA,0.03481515378652982,0.0
501,RingCount_div_Fused_ring_count,-1.244118498348645,0.0
501,Fused_ring_count_div_FractionCSP3,-0.7069975257501818,0.0
501,Largest_ring_size_div_PMI_Ratio1,0.0004048850481740663,0.0
501,Chi4_div_FractionCSP3,-0.632960887182777,0.0
501,PMI1_div_WienerIndex,-0.07127785726361945,0.0
501,SSSR_count_div_DoubleBondCount,0.20506406921312895,0.0
501,RingCount_div_SSSR_count,0.4191681070021959,0.0
501,Chi4_div_RadiusOfGyration,-1.072412772649295,0.0
501,Fused_ring_count_div_Bridged_ring_count,-1.4270536095030357,0.0
501,HBD_div_BalabanIndex,-0.5897772847378491,0.11454876341176765
501,BalabanIndex_div_TopologicalRadius,0.3178345520314375,0.0
501,TopologicalDiameter_div_BertzCTIndex,0.03863960500155072,0.0
501,HeteroatomCount_div_Largest_ring_size,-0.4217789009194648,0.0
501,WienerIndex_div_RingCount,-0.2172938342994287,0.0
501,Chi2_div_Chi4,0.7972831578501175,0.0
501,Chi4_div_Bridged_ring_count,-1.1576317652007062,0.0
501,Fused_ring_count_div_BondInformationContent,-0.6338218010298348,0.0
501,TotalPathCount_div_FractionCSP3,-0.3023182837661506,0.07634371050312497
501,StereocenterCount_div_PMI_Ratio1,-0.5007552387378665,0.0
501,partial_charge_max_div_BertzCTIndex,0.5341134395388225,0.0
501,PMI1_div_Bridged_ring_count,-0.49312041894055575,0.0
501,Fused_ring_count_div_DoubleBondCount,-0.7659847234685216,0.0
501,SSSR_count_div_Min_EState,-0.011379087726472028,0.0
501,Asphericity_div_Largest_ring_size,0.6885341250432917,0.0
501,PathComplexityIndex_div_Largest_ring_size,0.11996154754009958,0.0
501,WienerIndex_div_RotatableBonds,-0.5133589522574069,0.0
501,RingCount_div_RotatableBonds,-0.3532007150156589,0.0
501,Bridged_ring_count_div_Fused_ring_count,-1.439196676874029,0.0
501,RotatableBonds_div_WienerIndex,1.1780622149146982,0.12746962664426123
501,StereocenterCount_div_Fused_ring_count,-0.7677027582855365,0.0
501,BondInformationContent_div_BalabanIndex,0.4775475902100801,0.0
501,Avg_EState_div_PathComplexityIndex,0.273924427754145,0.0
501,RingCount_div_Asphericity,-0.43722340080586686,0.0
501,PMI_Ratio1_div_BertzCTIndex,0.015779197438947727,0.0
501,Max_EState_div_Largest_ring_size,0.4227814734074159,0.0
501,BalabanIndex_div_BondInformationContent,-0.5754302172733798,0.0
501,WienerIndex_div_PMI3,-0.6893946592675415,0.0
501,SSSR_count_div_ZagrebIndex,0.2996257679990282,0.0
501,TPSA_div_Fused_ring_count,-0.7463221206410611,0.0
501,RotatableBonds_div_BertzCTIndex,-0.27814006742543645,0.0
501,Asphericity_div_Bridged_ring_count,-0.9448338994567288,0.0
501,RotatableBonds_div_Chi4,0.1973612047526527,0.0
501,HBD_div_Fused_ring_count,-0.5907056875796379,0.0
501,Min_EState_div_BalabanIndex,0.6609851419079416,0.12607631915396494
501,Fused_ring_count_div_Min_EState,0.000907607443612213,0.0
501,BertzCTIndex_div_Max_EState,-0.8440768049749454,0.0
501,LogP_div_Chi4,0.6675144688253322,0.08554908897327887
501,FragmentComplexityScore_div_TotalPathCount,1.2952794615108196,0.11923094532900243
501,FractionCSP3_div_Chi3,0.26605170866965094,0.0
505,BalabanIndex_div_PathComplexityIndex,0.023949825898517914,0.0
505,RingCount_div_PMI_Ratio1,-0.642271795417516,0.0
505,Max_EState_div_BalabanIndex,-0.640935464190728,0.16966641328650095
505,BalabanIndex_div_ZagrebIndex,0.7539515232864593,0.14458068112224012
505,Largest_ring_size_div_BalabanIndex,-0.45733919944027274,0.0
505,TotalPathCount_div_Largest_ring_size,-0.4167890570538249,0.0
505,SSSR_count_div_AtomInformationContent,-0.7594888944257057,0.0
505,Fused_ring_count_div_PMI_Ratio1,-0.518599410146491,0.0
505,PMI2_div_Largest_ring_size,-0.3931811114175764,0.0
505,SSSR_count_div_SpherocityIndex,-0.05111061901436573,0.0
505,SSSR_count_div_partial_charge_max,-0.6662642778185217,0.0
505,BalabanIndex_div_partial_charge_max,-0.0011003976303084056,0.0
505,RingCount_div_FractionCSP3,-0.4598379968406408,0.0
505,ZagrebIndex_div_Chi0,-0.4018358115489317,0.0
505,TPSA_div_BalabanIndex,-0.3827375353886552,0.0
505,MolarRefractivity_div_TotalPathCount,-0.6333384414039652,0.0
505,GraphDistanceDistributionEntropy_div_TotalPathCount,0.35593716920877155,0.0
505,PMI2_div_Fused_ring_count,-0.33921214776863645,0.0
505,SSSR_count_div_BondInformationContent,-0.4123909777326946,0.0
505,Fused_ring_count_div_FragmentComplexityScore,-0.29893477271205665,0.0
505,AtomInformationContent_div_BalabanIndex,0.22465874624376997,0.0
505,TotalPathCount_div_RadiusOfGyration,-0.1756790155260011,0.0
505,GraphDistanceDistributionEntropy_div_BertzCTIndex,0.18144617372406902,0.0
505,Fused_ring_count_div_InertialShapeFactor,-0.20060686760605365,0.0
505,StereocenterCount_div_BalabanIndex,-0.4627863537918732,0.13239764058847425
505,BalabanIndex_div_Asphericity,0.42776140072537905,0.0
505,RadiusOfGyration_div_Largest_ring_size,-0.27564124094806364,0.0
505,ZagrebIndex_div_CovalentRadiusSum,0.5341449054130293,0.0
505,MolarRefractivity_div_BertzCTIndex,-0.47562329385730207,0.0
505,PMI1_div_Largest_ring_size,-0.2720616551711643,0.0
505,BalabanIndex_div_HBA,-0.11788383041847944,0.0
505,RingCount_div_Fused_ring_count,0.10651935631298814,0.0
505,Fused_ring_count_div_FractionCSP3,-0.2762845859516056,0.0
505,Largest_ring_size_div_PMI_Ratio1,-0.3762606969714146,0.0
505,Chi4_div_FractionCSP3,-0.7879082883675105,0.0
505,PMI1_div_WienerIndex,1.2690391010884,0.17492111747551287
505,SSSR_count_div_DoubleBondCount,-0.6157786739328855,0.0
505,RingCount_div_SSSR_count,0.4191681070021959,0.0
505,Chi4_div_RadiusOfGyration,-0.6382830607180285,0.0
505,Fused_ring_count_div_Bridged_ring_count,0.6317929850256704,0.0
505,HBD_div_BalabanIndex,-0.5897772847378491,0.14914548680197126
505,BalabanIndex_div_TopologicalRadius,1.2653783118988973,0.1995348185101451
505,TopologicalDiameter_div_BertzCTIndex,-0.3122784647879244,0.0
505,HeteroatomCount_div_Largest_ring_size,0.19544097909358796,0.0
505,WienerIndex_div_RingCount,-0.2024545336254018,0.0
505,Chi2_div_Chi4,-0.012641831587539256,0.0
505,Chi4_div_Bridged_ring_count,-0.05547120055368634,0.0
505,Fused_ring_count_div_BondInformationContent,-0.3614520291436565,0.0
505,TotalPathCount_div_FractionCSP3,-0.5043999059666116,0.0
505,StereocenterCount_div_PMI_Ratio1,-0.4103325793799836,0.0
505,partial_charge_max_div_BertzCTIndex,0.5242191978896699,0.0
505,PMI1_div_Bridged_ring_count,-0.05497599423625149,0.0
505,Fused_ring_count_div_DoubleBondCount,-0.4356034842023031,0.0
505,SSSR_count_div_Min_EState,-0.002765814203740542,0.0
505,Asphericity_div_Largest_ring_size,-0.5604171815602855,0.15264556383107325
505,PathComplexityIndex_div_Largest_ring_size,0.3912711734302223,0.0
505,WienerIndex_div_RotatableBonds,-0.3476595100169654,0.0
505,RingCount_div_RotatableBonds,0.03081999031199337,0.0
505,Bridged_ring_count_div_Fused_ring_count,0.7211421597349512,0.0
505,RotatableBonds_div_WienerIndex,0.0458023235591933,0.0
505,StereocenterCount_div_Fused_ring_count,0.09725977695953374,0.0
505,BondInformationContent_div_BalabanIndex,-0.2791080975212573,0.0
505,Avg_EState_div_PathComplexityIndex,0.7842777707636224,0.0
505,RingCount_div_Asphericity,-0.15886781322205606,0.0
505,PMI_Ratio1_div_BertzCTIndex,1.0045604991139498,0.16220377492436724
505,Max_EState_div_Largest_ring_size,0.5747578326178948,0.0
505,BalabanIndex_div_BondInformationContent,-0.3308882695546819,0.0
505,WienerIndex_div_PMI3,-0.20064872062985098,0.0
505,SSSR_count_div_ZagrebIndex,-0.09258615444343375,0.0
505,TPSA_div_Fused_ring_count,0.6875085099008584,0.1739137531191009
505,RotatableBonds_div_BertzCTIndex,-0.5208473941218309,0.0
505,Asphericity_div_Bridged_ring_count,0.14565119605413582,0.0
505,RotatableBonds_div_Chi4,-0.5340296848142153,0.0
505,HBD_div_Fused_ring_count,-0.5907056875796379,0.0
505,Min_EState_div_BalabanIndex,0.37147039174660124,0.0
505,Fused_ring_count_div_Min_EState,-0.0042095520884846286,0.0
505,BertzCTIndex_div_Max_EState,-0.8464460767715061,0.0
505,LogP_div_Chi4,-0.8554293391178006,0.0
505,FragmentComplexityScore_div_TotalPathCount,0.6221548972313309,0.1446600680043737
505,FractionCSP3_div_Chi3,0.8399339022959826,0.0
506,BalabanIndex_div_PathComplexityIndex,0.052247057407495405,0.0
506,RingCount_div_PMI_Ratio1,-0.5489389970383775,0.062090977040196275
506,Max_EState_div_BalabanIndex,-0.5807966468594915,0.07378546332703326
506,BalabanIndex_div_ZagrebIndex,0.1397244453190248,0.0
506,Largest_ring_size_div_BalabanIndex,-0.4476158515633174,0.0
506,TotalPathCount_div_Largest_ring_size,-0.010697635737608601,0.0
506,SSSR_count_div_AtomInformationContent,-0.594023765568847,0.0
506,Fused_ring_count_div_PMI_Ratio1,-0.38993875545964335,0.05243291044211795
506,PMI2_div_Largest_ring_size,-0.20824516913617747,0.0
506,SSSR_count_div_SpherocityIndex,-0.05111061484772014,0.0
506,SSSR_count_div_partial_charge_max,-0.6910784482768214,0.0685337816613422
506,BalabanIndex_div_partial_charge_max,-0.08061898503742243,0.0
506,RingCount_div_FractionCSP3,-0.5103961862443194,0.0
506,ZagrebIndex_div_Chi0,-0.5413716335468738,0.052324513086831524
506,TPSA_div_BalabanIndex,-0.23767263209051379,0.0
506,MolarRefractivity_div_TotalPathCount,-0.3504327939842914,0.0
506,GraphDistanceDistributionEntropy_div_TotalPathCount,0.012823926783341473,0.0
506,PMI2_div_Fused_ring_count,0.08845373267270838,0.0
506,SSSR_count_div_BondInformationContent,-0.34875342415102156,0.0
506,Fused_ring_count_div_FragmentComplexityScore,-0.29893477271205665,0.0
506,AtomInformationContent_div_BalabanIndex,-0.47036589153622976,0.060718312550421774
506,TotalPathCount_div_RadiusOfGyration,-0.20116723695918978,0.0
506,GraphDistanceDistributionEntropy_div_BertzCTIndex,-0.04229369643605186,0.0
506,Fused_ring_count_div_InertialShapeFactor,-0.17077102842437086,0.0
506,StereocenterCount_div_BalabanIndex,-0.2829669131274557,0.05452067468812926
506,BalabanIndex_div_Asphericity,0.02946551565777308,0.0
506,RadiusOfGyration_div_Largest_ring_size,0.294292554278759,0.0
506,ZagrebIndex_div_CovalentRadiusSum,0.00032421076523395895,0.0
506,MolarRefractivity_div_BertzCTIndex,-0.2726362603808736,0.0
506,PMI1_div_Largest_ring_size,-0.054499822362878626,0.0
506,BalabanIndex_div_HBA,-0.40569721937066927,0.0
506,RingCount_div_Fused_ring_count,0.10651935631298814,0.051970553273578614
506,Fused_ring_count_div_FractionCSP3,-0.34254811515138656,0.0
506,Largest_ring_size_div_PMI_Ratio1,-0.2300088375760471,0.0
506,Chi4_div_FractionCSP3,-0.5142568844720486,0.0
506,PMI1_div_WienerIndex,0.20113536592570327,0.0
506,SSSR_count_div_DoubleBondCount,-0.7069834231713317,0.0
506,RingCount_div_SSSR_count,0.4191681070021959,0.0
506,Chi4_div_RadiusOfGyration,-0.2964350004917347,0.0
506,Fused_ring_count_div_Bridged_ring_count,0.6317929850256704,0.0
506,HBD_div_BalabanIndex,-0.37361232925256993,0.06881627244972488
506,BalabanIndex_div_TopologicalRadius,0.4496191418659869,0.05337502203568324
506,TopologicalDiameter_div_BertzCTIndex,-0.28745982255952957,0.0
506,HeteroatomCount_div_Largest_ring_size,0.34974594909685125,0.0
506,WienerIndex_div_RingCount,-0.04763984121333171,0.0
506,Chi2_div_Chi4,-0.21140196141250167,0.0
506,Chi4_div_Bridged_ring_count,0.8927909956638234,0.0
506,Fused_ring_count_div_BondInformationContent,-0.2671340250379797,0.0
506,TotalPathCount_div_FractionCSP3,-0.4074888282900963,0.0
506,StereocenterCount_div_PMI_Ratio1,-0.22203952094942722,0.0
506,partial_charge_max_div_BertzCTIndex,0.10864852064753205,0.0
506,PMI1_div_Bridged_ring_count,0.38613826419271974,0.0
506,Fused_ring_count_div_DoubleBondCount,-0.5457305639577094,0.0
506,SSSR_count_div_Min_EState,-0.0012945909014006147,0.0
506,Asphericity_div_Largest_ring_size,-0.013421173251543753,0.0
506,PathComplexityIndex_div_Largest_ring_size,0.3090791970034813,0.0
506,WienerIndex_div_RotatableBonds,-0.33350567043953694,0.0
506,RingCount_div_RotatableBonds,-0.4812076167915431,0.0
506,Bridged_ring_count_div_Fused_ring_count,0.7211421597349512,0.0
506,RotatableBonds_div_WienerIndex,0.009311572538880169,0.0
506,StereocenterCount_div_Fused_ring_count,0.962222312204604,0.0
506,BondInformationContent_div_BalabanIndex,-0.5709400297122176,0.0
506,Avg_EState_div_PathComplexityIndex,0.8416314494810856,0.0
506,RingCount_div_Asphericity,-0.34367978967769836,0.0
506,PMI_Ratio1_div_BertzCTIndex,0.04287722458345438,0.0
506,Max_EState_div_Largest_ring_size,0.6410370222299383,0.0
506,BalabanIndex_div_BondInformationContent,-0.12559737705111815,0.0
506,WienerIndex_div_PMI3,-0.1584119511454677,0.0
506,SSSR_count_div_ZagrebIndex,-0.638704021135475,0.0
506,TPSA_div_Fused_ring_count,1.211027418330663,0.0
506,RotatableBonds_div_BertzCTIndex,-0.27861706867620134,0.0
506,Asphericity_div_Bridged_ring_count,0.8789337010599154,0.0
506,RotatableBonds_div_Chi4,-0.2911225285075028,0.0
506,HBD_div_Fused_ring_count,0.2644879995809185,0.0
506,Min_EState_div_BalabanIndex,0.13804677614942712,0.0
506,Fused_ring_count_div_Min_EState,-0.0027318887936352548,0.0
506,BertzCTIndex_div_Max_EState,-0.5175351583899425,0.0
506,LogP_div_Chi4,-0.6768356635655643,0.0
506,FragmentComplexityScore_div_TotalPathCount,-0.004423819518216938,0.0
506,FractionCSP3_div_Chi3,0.16510406254514842,0.0
507,BalabanIndex_div_PathComplexityIndex,-0.24746794972993325,0.0
507,RingCount_div_PMI_Ratio1,-0.45811170882504826,0.048312066084423885
507,Max_EState_div_BalabanIndex,-0.25914475130564985,0.04153764898302226
507,BalabanIndex_div_ZagrebIndex,-0.05185273978270186,0.0
507,Largest_ring_size_div_BalabanIndex,-0.2801073475350963,0.0
507,TotalPathCount_div_Largest_ring_size,-0.08804838265498306,0.0
507,SSSR_count_div_AtomInformationContent,-0.3009667398390569,0.0
507,Fused_ring_count_div_PMI_Ratio1,-0.2647319839077262,0.0287337423038956
507,PMI2_div_Largest_ring_size,-0.2791932866761836,0.0
507,SSSR_count_div_SpherocityIndex,-0.051110620548290006,0.0
507,SSSR_count_div_partial_charge_max,-0.46012809001792176,0.0
507,BalabanIndex_div_partial_charge_max,-0.3183031003386315,0.0
507,RingCount_div_FractionCSP3,-0.23106218978899581,0.0
507,ZagrebIndex_div_Chi0,-0.010924025532848367,0.0
507,TPSA_div_BalabanIndex,-0.3228982648572748,0.0
507,MolarRefractivity_div_TotalPathCount,-0.3579136945328808,0.0
507,GraphDistanceDistributionEntropy_div_TotalPathCount,0.018413660619116957,0.0
507,PMI2_div_Fused_ring_count,-0.21128515683283447,0.0
507,SSSR_count_div_BondInformationContent,-0.40429158434296514,0.0
507,Fused_ring_count_div_FragmentComplexityScore,0.06568539905095791,0.0
507,AtomInformationContent_div_BalabanIndex,-0.25096623436226717,0.044988014096793004
507,TotalPathCount_div_RadiusOfGyration,-0.0971586121445567,0.0
507,GraphDistanceDistributionEntropy_div_BertzCTIndex,-0.3508366843015272,0.0
507,Fused_ring_count_div_InertialShapeFactor,-0.15760022978284494,0.0
507,StereocenterCount_div_BalabanIndex,-0.49099536425205614,0.0
507,BalabanIndex_div_Asphericity,-0.004650865596261663,0.0
507,RadiusOfGyration_div_Largest_ring_size,0.10857313202857045,0.0
507,ZagrebIndex_div_CovalentRadiusSum,0.46843454915571525,0.0
507,MolarRefractivity_div_BertzCTIndex,-0.7183495849441619,0.0
507,PMI1_div_Largest_ring_size,-0.1480105941756689,0.0
507,BalabanIndex_div_HBA,-0.38555590896516867,0.0
507,RingCount_div_Fused_ring_count,0.10651935631298814,0.0
507,Fused_ring_count_div_FractionCSP3,0.023557883677403274,0.0
507,Largest_ring_size_div_PMI_Ratio1,-0.27395722152725566,0.0
507,Chi4_div_FractionCSP3,-0.5823028782903354,0.0
507,PMI1_div_WienerIndex,0.3242815002106847,0.058819205295721794
507,SSSR_count_div_DoubleBondCount,-0.3421644262175474,0.0
507,RingCount_div_SSSR_count,0.4191681070021959,0.0
507,Chi4_div_RadiusOfGyration,-0.666685928005734,0.0
507,Fused_ring_count_div_Bridged_ring_count,0.6317929850256704,0.0
507,HBD_div_BalabanIndex,-0.5897772847378491,0.04854524690810616
507,BalabanIndex_div_TopologicalRadius,0.33401523025437874,0.04613542875318126
507,TopologicalDiameter_div_BertzCTIndex,-0.5768878023541061,0.0
507,HeteroatomCount_div_Largest_ring_size,0.04113600909032489,0.0
507,WienerIndex_div_RingCount,-0.1631144772576112,0.0
507,Chi2_div_Chi4,1.0551754716814454,0.0
507,Chi4_div_Bridged_ring_count,-0.22751665657745557,0.0
507,Fused_ring_count_div_BondInformationContent,-0.34944781817087633,0.0
507,TotalPathCount_div_FractionCSP3,-0.2591488037102481,0.0
507,StereocenterCount_div_PMI_Ratio1,-0.41765328424167913,0.0
507,partial_charge_max_div_BertzCTIndex,-0.09595433159102716,0.0
507,PMI1_div_Bridged_ring_count,-0.033345546620392415,0.0
507,Fused_ring_count_div_DoubleBondCount,-0.10522224493608466,0.0
507,SSSR_count_div_Min_EState,-0.004849423479832788,0.0
507,Asphericity_div_Largest_ring_size,-0.2076070780021866,0.05036864800582723
507,PathComplexityIndex_div_Largest_ring_size,0.4089652794665346,0.0
507,WienerIndex_div_RotatableBonds,-0.3672979624306474,0.04570199554200896
507,RingCount_div_RotatableBonds,-0.2763965739501285,0.0
507,Bridged_ring_count_div_Fused_ring_count,0.7211421597349512,0.0
507,RotatableBonds_div_WienerIndex,0.10314188101250918,0.0
507,StereocenterCount_div_Fused_ring_count,-0.3832749648432831,0.0
507,BondInformationContent_div_BalabanIndex,0.6759745432846881,0.0
507,Avg_EState_div_PathComplexityIndex,0.1787191492430917,0.0
507,RingCount_div_Asphericity,-0.1376180885285688,0.0
507,PMI_Ratio1_div_BertzCTIndex,-0.02205495128324648,0.0
507,Max_EState_div_Largest_ring_size,0.5776705793085155,0.0
507,BalabanIndex_div_BondInformationContent,-0.6109120089663747,0.0
507,WienerIndex_div_PMI3,-0.05317829899012706,0.0
507,SSSR_count_div_ZagrebIndex,0.04547244225631489,0.0
507,TPSA_div_Fused_ring_count,0.1340045502620028,0.0
507,RotatableBonds_div_BertzCTIndex,-0.422554248912975,0.0
507,Asphericity_div_Bridged_ring_count,0.09746556635625099,0.0
507,RotatableBonds_div_Chi4,-0.14743337988061567,0.0
507,HBD_div_Fused_ring_count,-0.5907056875796379,0.04815895594216883
507,Min_EState_div_BalabanIndex,0.18550843827233574,0.0
507,Fused_ring_count_div_Min_EState,-0.00630228195701808,0.0
507,BertzCTIndex_div_Max_EState,-0.22358303711674274,0.0
507,LogP_div_Chi4,0.3729445606756822,0.0
507,FragmentComplexityScore_div_TotalPathCount,0.0844144088501543,0.0
507,FractionCSP3_div_Chi3,0.19071317662650814,0.0
534,BalabanIndex_div_PathComplexityIndex,-0.6792490413004171,0.0
534,RingCount_div_PMI_Ratio1,1.0523062806534564,-0.1753084727370833
534,Max_EState_div_BalabanIndex,0.9964447245428499,0.0
534,BalabanIndex_div_ZagrebIndex,-0.5725524815516534,0.0
534,Largest_ring_size_div_BalabanIndex,0.13458323719242782,0.0
534,TotalPathCount_div_Largest_ring_size,0.4630756891313105,-0.15364184982220488
534,SSSR_count_div_AtomInformationContent,1.2996988867800852,0.0
534,Fused_ring_count_div_PMI_Ratio1,1.4497244819078936,-0.17886849603293029
534,PMI2_div_Largest_ring_size,-0.08726953895776075,0.0
534,SSSR_count_div_SpherocityIndex,-0.05111050695330015,0.0
534,SSSR_count_div_partial_charge_max,0.8747452000973093,0.0
534,BalabanIndex_div_partial_charge_max,-0.4717480867783411,-0.17470697990203868
534,RingCount_div_FractionCSP3,1.0695472326206321,-0.14423770261132174
534,ZagrebIndex_div_Chi0,1.0460482409894083,0.0
534,TPSA_div_BalabanIndex,-0.4324371327682456,0.0
534,MolarRefractivity_div_TotalPathCount,-0.6050587598202799,0.0
534,GraphDistanceDistributionEntropy_div_TotalPathCount,-0.43363262262605007,0.0
534,PMI2_div_Fused_ring_count,-0.19901419782839544,0.0
534,SSSR_count_div_BondInformationContent,-0.10998954113025484,0.0
534,Fused_ring_count_div_FragmentComplexityScore,1.1595459143400015,-0.1530444176372998
534,AtomInformationContent_div_BalabanIndex,-0.046072766488216094,0.0
534,TotalPathCount_div_RadiusOfGyration,0.31964887942389236,0.0
534,GraphDistanceDistributionEntropy_div_BertzCTIndex,-0.4840873543358564,0.0
534,Fused_ring_count_div_InertialShapeFactor,-0.1342630622554414,0.0
534,StereocenterCount_div_BalabanIndex,-0.42061237782259414,0.0
534,BalabanIndex_div_Asphericity,-0.36891186170742907,0.0
534,RadiusOfGyration_div_Largest_ring_size,0.457401063492258,0.0
534,ZagrebIndex_div_CovalentRadiusSum,0.8468357035399131,0.0
534,MolarRefractivity_div_BertzCTIndex,-0.6708498440318518,0.0
534,PMI1_div_Largest_ring_size,-0.22942221905955654,0.0
534,BalabanIndex_div_HBA,-0.05551399605103118,-0.1455991954858782
534,RingCount_div_Fused_ring_count,0.33162566542326044,0.0
534,Fused_ring_count_div_FractionCSP3,1.3803036440429182,0.0
534,Largest_ring_size_div_PMI_Ratio1,0.1893908351970762,0.0
534,Chi4_div_FractionCSP3,0.8112571871060776,0.0
534,PMI1_div_WienerIndex,-0.7932102070602691,0.0
534,SSSR_count_div_DoubleBondCount,1.0259068123591435,-0.13231086736910805
534,RingCount_div_SSSR_count,0.4191681070021959,0.0
534,Chi4_div_RadiusOfGyration,0.20774609639506025,0.0
534,Fused_ring_count_div_Bridged_ring_count,0.6317929850256704,0.0
534,HBD_div_BalabanIndex,-0.5897772847378491,0.0
534,BalabanIndex_div_TopologicalRadius,-0.5673387786675452,0.0
534,TopologicalDiameter_div_BertzCTIndex,-0.5299246891671234,0.0
534,HeteroatomCount_div_Largest_ring_size,-0.4217789009194648,0.0
534,WienerIndex_div_RingCount,-0.19164428284198373,0.0
534,Chi2_div_Chi4,-0.8825672244001699,0.0
534,Chi4_div_Bridged_ring_count,-0.1671155985546511,0.0
534,Fused_ring_count_div_BondInformationContent,-0.01619665032674572,0.0
534,TotalPathCount_div_FractionCSP3,0.4878373779713469,0.0
534,StereocenterCount_div_PMI_Ratio1,-0.31429719835751685,0.0
534,partial_charge_max_div_BertzCTIndex,-0.46073862130947313,0.0
534,PMI1_div_Bridged_ring_count,-0.31825462586097863,0.0
534,Fused_ring_count_div_DoubleBondCount,1.2163027121287893,0.0
534,SSSR_count_div_Min_EState,-0.030913733850483984,0.0
534,Asphericity_div_Largest_ring_size,1.065920505985663,-0.1750713186147756
534,PathComplexityIndex_div_Largest_ring_size,0.8242563564364541,0.0
534,WienerIndex_div_RotatableBonds,-0.2536691690731047,0.0
534,RingCount_div_RotatableBonds,0.15882689208787754,0.0
534,Bridged_ring_count_div_Fused_ring_count,0.7211421597349512,0.0
534,RotatableBonds_div_WienerIndex,-0.14404275136798447,0.0
534,StereocenterCount_div_Fused_ring_count,-0.5754888615644098,0.0
534,BondInformationContent_div_BalabanIndex,1.4516293458859608,-0.14932853124691686
534,Avg_EState_div_PathComplexityIndex,-1.079731842988679,0.0
534,RingCount_div_Asphericity,-0.08213430201101073,0.0
534,PMI_Ratio1_div_BertzCTIndex,-0.5083950563762679,0.0
534,Max_EState_div_Largest_ring_size,0.9140515954408113,0.0
534,BalabanIndex_div_BondInformationContent,-0.7032420069208691,0.0
534,WienerIndex_div_PMI3,-0.016144482253082564,0.0
534,SSSR_count_div_ZagrebIndex,1.5098797001072,0.0
534,TPSA_div_Fused_ring_count,-0.5234188930726571,0.0
534,RotatableBonds_div_BertzCTIndex,-0.439488195461481,0.0
534,Asphericity_div_Bridged_ring_count,0.14539707157918152,0.0
534,RotatableBonds_div_Chi4,-0.48933570017599365,0.0
534,HBD_div_Fused_ring_count,-0.5907056875796379,0.0
534,Min_EState_div_BalabanIndex,0.3721927861482949,0.0
534,Fused_ring_count_div_Min_EState,-0.027710927867773846,0.0
534,BertzCTIndex_div_Max_EState,-0.0462084702321968,0.0
534,LogP_div_Chi4,0.09048362448579965,0.0
534,FragmentComplexityScore_div_TotalPathCount,-0.3853177236475282,0.0
534,FractionCSP3_div_Chi3,-0.6030514111601314,0.0
546,BalabanIndex_div_PathComplexityIndex,-0.3161548986343365,0.0
546,RingCount_div_PMI_Ratio1,-0.15334973648245567,0.0
546,Max_EState_div_BalabanIndex,-0.011222417483732072,0.0
546,BalabanIndex_div_ZagrebIndex,-0.15069943179810402,0.0
546,Largest_ring_size_div_BalabanIndex,-0.20542286999137105,0.0
546,TotalPathCount_div_Largest_ring_size,-0.05904185256096762,0.0
546,SSSR_count_div_AtomInformationContent,-0.40892191839754505,0.0
546,Fused_ring_count_div_PMI_Ratio1,-0.1485217353867864,0.0
546,PMI2_div_Largest_ring_size,-0.15370063173799148,0.0
546,SSSR_count_div_SpherocityIndex,-0.05111061135066161,0.0
546,SSSR_count_div_partial_charge_max,-0.3283751336671873,0.0
546,BalabanIndex_div_partial_charge_max,-0.2309501977056345,0.0
546,RingCount_div_FractionCSP3,-0.49775663889339966,0.0
546,ZagrebIndex_div_Chi0,-0.10034987396892978,0.0
546,TPSA_div_BalabanIndex,-0.29326659368370417,0.0
546,MolarRefractivity_div_TotalPathCount,-0.04779286108160541,0.0
546,GraphDistanceDistributionEntropy_div_TotalPathCount,0.1317475020074986,0.0
546,PMI2_div_Fused_ring_count,0.21458842191644067,0.0
546,SSSR_count_div_BondInformationContent,0.1524922583128392,0.0
546,Fused_ring_count_div_FragmentComplexityScore,-0.29893477271205665,0.0
546,AtomInformationContent_div_BalabanIndex,0.17063787651837045,0.0
546,TotalPathCount_div_RadiusOfGyration,-0.38369466960284376,-0.03249142206218677
546,GraphDistanceDistributionEntropy_div_BertzCTIndex,0.4840052208483093,0.0
546,Fused_ring_count_div_InertialShapeFactor,-0.21200855366285518,0.0
546,StereocenterCount_div_BalabanIndex,-0.07998129210235845,0.0
546,BalabanIndex_div_Asphericity,-0.276881608270548,-0.02600968978874285
546,RadiusOfGyration_div_Largest_ring_size,0.3924917020979185,0.0
546,ZagrebIndex_div_CovalentRadiusSum,-0.584977576355093,0.0
546,MolarRefractivity_div_BertzCTIndex,0.5896295708359242,0.0
546,PMI1_div_Largest_ring_size,-0.2238856902121051,0.0
546,BalabanIndex_div_HBA,0.27129809098518576,0.0
546,RingCount_div_Fused_ring_count,0.7818382836438047,-0.03645211823416114
546,Fused_ring_count_div_FractionCSP3,-0.45298733048435486,0.0
546,Largest_ring_size_div_PMI_Ratio1,0.044416068478417246,0.0
546,Chi4_div_FractionCSP3,-0.5254415004875026,0.0
546,PMI1_div_WienerIndex,-0.3664474174974494,0.0
546,SSSR_count_div_DoubleBondCount,-0.06855017850220922,0.0
546,RingCount_div_SSSR_count,0.4191681070021959,0.0
546,Chi4_div_RadiusOfGyration,0.22300420840192844,0.0
546,Fused_ring_count_div_Bridged_ring_count,0.6317929850256704,0.0
546,HBD_div_BalabanIndex,-0.007134878278204852,0.0
546,BalabanIndex_div_TopologicalRadius,-0.23190471856901593,0.0
546,TopologicalDiameter_div_BertzCTIndex,0.3840650457039071,0.0
546,HeteroatomCount_div_Largest_ring_size,-0.11316896091293838,0.0
546,WienerIndex_div_RingCount,-0.1419981234719589,0.0
546,Chi2_div_Chi4,-0.7318907713667501,0.0
546,Chi4_div_Bridged_ring_count,1.7404225236226423,-0.03515197922087787
546,Fused_ring_count_div_BondInformationContent,0.10590499397108352,0.0
546,TotalPathCount_div_FractionCSP3,-0.594091597806114,0.0
546,StereocenterCount_div_PMI_Ratio1,0.03866282545978283,0.0
546,partial_charge_max_div_BertzCTIndex,0.28618544282456254,0.0
546,PMI1_div_Bridged_ring_count,0.04270246702097584,0.0
546,Fused_ring_count_div_DoubleBondCount,-0.10522224493608466,0.0
546,SSSR_count_div_Min_EState,-0.01258703849770016,0.0
546,Asphericity_div_Largest_ring_size,0.7989624907021934,-0.04736996631048075
546,PathComplexityIndex_div_Largest_ring_size,0.3790683416810412,0.0
546,WienerIndex_div_RotatableBonds,-0.31886529262663443,0.0
546,RingCount_div_RotatableBonds,-0.2763965739501285,0.0
546,Bridged_ring_count_div_Fused_ring_count,0.7211421597349512,0.0
546,RotatableBonds_div_WienerIndex,-0.024852135206812058,0.0
546,StereocenterCount_div_Fused_ring_count,1.2505431572862942,-0.0667877980404512
546,BondInformationContent_div_BalabanIndex,-0.8667381241477001,0.0
546,Avg_EState_div_PathComplexityIndex,-0.4150015752816444,0.0
546,RingCount_div_Asphericity,-0.3603964360045306,0.0
546,PMI_Ratio1_div_BertzCTIndex,-0.10907083395212494,0.0
546,Max_EState_div_Largest_ring_size,0.6874593174247634,0.0
546,BalabanIndex_div_BondInformationContent,0.2878813209964672,0.0
546,WienerIndex_div_PMI3,-0.4471916553798878,0.0
546,SSSR_count_div_ZagrebIndex,0.02094887573727559,0.0
546,TPSA_div_Fused_ring_count,0.5514997608760696,-0.03094795596551221
546,RotatableBonds_div_BertzCTIndex,-0.2215016562886282,0.0
546,Asphericity_div_Bridged_ring_count,1.9679850269948838,-0.05752708117949846
546,RotatableBonds_div_Chi4,-0.5535482426573922,-0.029956189917594172
546,HBD_div_Fused_ring_count,1.119681686741475,-0.07425136891587145
546,Min_EState_div_BalabanIndex,0.5357443746062713,0.0
546,Fused_ring_count_div_Min_EState,-0.009079975433858307,0.0
546,BertzCTIndex_div_Max_EState,-0.8435300950748915,0.0
546,LogP_div_Chi4,-0.3377781723431523,0.0
546,FragmentComplexityScore_div_TotalPathCount,0.049875281460601606,0.0
546,FractionCSP3_div_Chi3,0.28971624285133635,0.0
