level,dataset,timestamp
dataset_start,data/spearman_reduced_features/descriptors_only.csv,1780805863.736964
fold_feature_subset,data/spearman_reduced_features/descriptors_only.csv,5,1,0.7242292650811946,1780805864.6768131
fold_feature_subset,data/spearman_reduced_features/descriptors_only.csv,5,2,0.7359504838566613,1780805865.545266
fold_feature_subset,data/spearman_reduced_features/descriptors_only.csv,5,3,0.7159809897077765,1780805866.3363242
fold_feature_subset,data/spearman_reduced_features/descriptors_only.csv,5,4,0.7528274104050373,1780805867.247803
fold_feature_subset,data/spearman_reduced_features/descriptors_only.csv,5,5,0.7307317668421653,1780805868.140827
feature_subset_complete,data/spearman_reduced_features/descriptors_only.csv,5,0.731943983178567,1780805868.141304
fold_feature_subset,data/spearman_reduced_features/descriptors_only.csv,10,1,0.6842823395305824,1780805869.3591318
fold_feature_subset,data/spearman_reduced_features/descriptors_only.csv,10,2,0.7013609657192627,1780805870.557429
fold_feature_subset,data/spearman_reduced_features/descriptors_only.csv,10,3,0.670543102638073,1780805871.8746529
fold_feature_subset,data/spearman_reduced_features/descriptors_only.csv,10,4,0.7114239578277403,1780805873.098343
fold_feature_subset,data/spearman_reduced_features/descriptors_only.csv,10,5,0.6974499390967986,1780805874.2999701
feature_subset_complete,data/spearman_reduced_features/descriptors_only.csv,10,0.6930120609624913,1780805874.300452
fold_feature_subset,data/spearman_reduced_features/descriptors_only.csv,15,1,0.6611125523258732,1780805876.353699
fold_feature_subset,data/spearman_reduced_features/descriptors_only.csv,15,2,0.6788227500893294,1780805878.342832
fold_feature_subset,data/spearman_reduced_features/descriptors_only.csv,15,3,0.654395412042893,1780805880.172647
fold_feature_subset,data/spearman_reduced_features/descriptors_only.csv,15,4,0.6877187598319102,1780805882.231551
fold_feature_subset,data/spearman_reduced_features/descriptors_only.csv,15,5,0.6852496855303568,1780805884.153982
feature_subset_complete,data/spearman_reduced_features/descriptors_only.csv,15,0.6734598319640724,1780805884.154476
fold_feature_subset,data/spearman_reduced_features/descriptors_only.csv,20,1,0.6340632279648217,1780805886.7286808
fold_feature_subset,data/spearman_reduced_features/descriptors_only.csv,20,2,0.654566815242486,1780805889.097736
fold_feature_subset,data/spearman_reduced_features/descriptors_only.csv,20,3,0.6256723835182693,1780805891.470787
fold_feature_subset,data/spearman_reduced_features/descriptors_only.csv,20,4,0.6636320152106573,1780805893.904674
fold_feature_subset,data/spearman_reduced_features/descriptors_only.csv,20,5,0.6500897515895081,1780805896.339961
feature_subset_complete,data/spearman_reduced_features/descriptors_only.csv,20,0.6456048387051485,1780805896.340467
fold_feature_subset,data/spearman_reduced_features/descriptors_only.csv,25,1,0.614920665270168,1780805899.535161
fold_feature_subset,data/spearman_reduced_features/descriptors_only.csv,25,2,0.6398225221296905,1780805902.496319
fold_feature_subset,data/spearman_reduced_features/descriptors_only.csv,25,3,0.6083583580403857,1780805905.8857448
fold_feature_subset,data/spearman_reduced_features/descriptors_only.csv,25,4,0.6532465132786622,1780805909.021322
fold_feature_subset,data/spearman_reduced_features/descriptors_only.csv,25,5,0.6215206073771342,1780805912.010439
feature_subset_complete,data/spearman_reduced_features/descriptors_only.csv,25,0.6275737332192082,1780805912.0109298
dataset_complete,data/spearman_reduced_features/descriptors_only.csv,48.274192094802856,1780805912.011157
dataset_start,data/spearman_reduced_features/raw_descs_and_ratios.csv,1780805912.0246882
fold_feature_subset,data/spearman_reduced_features/raw_descs_and_ratios.csv,5,1,0.708373584661504,1780806336.6360939
fold_feature_subset,data/spearman_reduced_features/raw_descs_and_ratios.csv,5,2,0.7306658530494745,1780806337.6543412
fold_feature_subset,data/spearman_reduced_features/raw_descs_and_ratios.csv,5,3,0.6978494781900202,1780806338.72222
fold_feature_subset,data/spearman_reduced_features/raw_descs_and_ratios.csv,5,4,0.7331637612753922,1780806339.925458
fold_feature_subset,data/spearman_reduced_features/raw_descs_and_ratios.csv,5,5,0.7245973531154605,1780806341.011039
feature_subset_complete,data/spearman_reduced_features/raw_descs_and_ratios.csv,5,0.7189300060583703,1780806341.0115478
fold_feature_subset,data/spearman_reduced_features/raw_descs_and_ratios.csv,10,1,0.686636343176292,1780806342.8671842
fold_feature_subset,data/spearman_reduced_features/raw_descs_and_ratios.csv,10,2,0.7136037510339664,1780806344.609086
fold_feature_subset,data/spearman_reduced_features/raw_descs_and_ratios.csv,10,3,0.6923395226446518,1780806346.493629
fold_feature_subset,data/spearman_reduced_features/raw_descs_and_ratios.csv,10,4,0.7192620481767418,1780806348.5407329
fold_feature_subset,data/spearman_reduced_features/raw_descs_and_ratios.csv,10,5,0.7035955008533966,1780806350.489857
feature_subset_complete,data/spearman_reduced_features/raw_descs_and_ratios.csv,10,0.7030874331770096,1780806350.490359
fold_feature_subset,data/spearman_reduced_features/raw_descs_and_ratios.csv,15,1,0.6614139134192093,1780806353.327737
fold_feature_subset,data/spearman_reduced_features/raw_descs_and_ratios.csv,15,2,0.6810047784212042,1780806356.152149
fold_feature_subset,data/spearman_reduced_features/raw_descs_and_ratios.csv,15,3,0.6633222687802623,1780806358.801234
fold_feature_subset,data/spearman_reduced_features/raw_descs_and_ratios.csv,15,4,0.6869348602798513,1780806361.661039
fold_feature_subset,data/spearman_reduced_features/raw_descs_and_ratios.csv,15,5,0.6758399544236847,1780806364.5669088
feature_subset_complete,data/spearman_reduced_features/raw_descs_and_ratios.csv,15,0.6737031550648424,1780806364.5674
fold_feature_subset,data/spearman_reduced_features/raw_descs_and_ratios.csv,20,1,0.6486824438722025,1780806368.1190379
fold_feature_subset,data/spearman_reduced_features/raw_descs_and_ratios.csv,20,2,0.6719459803356066,1780806371.907257
fold_feature_subset,data/spearman_reduced_features/raw_descs_and_ratios.csv,20,3,0.6514652672443446,1780806375.3720949
fold_feature_subset,data/spearman_reduced_features/raw_descs_and_ratios.csv,20,4,0.6809583523183247,1780806621.270095
fold_feature_subset,data/spearman_reduced_features/raw_descs_and_ratios.csv,20,5,0.6633448912976053,1780806624.763844
feature_subset_complete,data/spearman_reduced_features/raw_descs_and_ratios.csv,20,0.6632793870136168,1780806624.7643871
fold_feature_subset,data/spearman_reduced_features/raw_descs_and_ratios.csv,25,1,0.6430294823467894,1780806629.064048
fold_feature_subset,data/spearman_reduced_features/raw_descs_and_ratios.csv,25,2,0.6641628116813426,1780806633.3520262
fold_feature_subset,data/spearman_reduced_features/raw_descs_and_ratios.csv,25,3,0.6463669272609324,1780806637.468656
fold_feature_subset,data/spearman_reduced_features/raw_descs_and_ratios.csv,25,4,0.6725431231734945,1780806642.141115
fold_feature_subset,data/spearman_reduced_features/raw_descs_and_ratios.csv,25,5,0.6556645768242058,1780806646.6576781
feature_subset_complete,data/spearman_reduced_features/raw_descs_and_ratios.csv,25,0.6563533842573529,1780806646.658192
fold_feature_subset,data/spearman_reduced_features/raw_descs_and_ratios.csv,30,1,0.639811967302845,1780806651.954856
fold_feature_subset,data/spearman_reduced_features/raw_descs_and_ratios.csv,30,2,0.6623177503580945,1780806656.844575
fold_feature_subset,data/spearman_reduced_features/raw_descs_and_ratios.csv,30,3,0.6382508127057936,1780806662.0065029
fold_feature_subset,data/spearman_reduced_features/raw_descs_and_ratios.csv,30,4,0.6675850155294292,1780806668.175362
fold_feature_subset,data/spearman_reduced_features/raw_descs_and_ratios.csv,30,5,0.6534128198153605,1780806673.538713
feature_subset_complete,data/spearman_reduced_features/raw_descs_and_ratios.csv,30,0.6522756731423045,1780806673.539201
fold_feature_subset,data/spearman_reduced_features/raw_descs_and_ratios.csv,35,1,0.635666998755017,1780806679.797817
fold_feature_subset,data/spearman_reduced_features/raw_descs_and_ratios.csv,35,2,0.6600992558486737,1780806685.9485922
fold_feature_subset,data/spearman_reduced_features/raw_descs_and_ratios.csv,35,3,0.6362285252511484,1780806692.65404
fold_feature_subset,data/spearman_reduced_features/raw_descs_and_ratios.csv,35,4,0.6658125193140758,1780806699.555705
fold_feature_subset,data/spearman_reduced_features/raw_descs_and_ratios.csv,35,5,0.6505569549190423,1780806705.827688
feature_subset_complete,data/spearman_reduced_features/raw_descs_and_ratios.csv,35,0.6496728508175915,1780806705.8285608
fold_feature_subset,data/spearman_reduced_features/raw_descs_and_ratios.csv,40,1,0.6386373817506742,1780806713.0356638
fold_feature_subset,data/spearman_reduced_features/raw_descs_and_ratios.csv,40,2,0.6612182817057563,1780806719.3971462
fold_feature_subset,data/spearman_reduced_features/raw_descs_and_ratios.csv,40,3,0.6351524580703758,1780806726.2955
fold_feature_subset,data/spearman_reduced_features/raw_descs_and_ratios.csv,40,4,0.6633988033263891,1780806734.019884
fold_feature_subset,data/spearman_reduced_features/raw_descs_and_ratios.csv,40,5,0.6505486096616885,1780806740.788911
feature_subset_complete,data/spearman_reduced_features/raw_descs_and_ratios.csv,40,0.6497911069029768,1780806740.789474
fold_feature_subset,data/spearman_reduced_features/raw_descs_and_ratios.csv,45,1,0.6352654115067473,1780806748.432396
fold_feature_subset,data/spearman_reduced_features/raw_descs_and_ratios.csv,45,2,0.6588536564357057,1780806756.329896
fold_feature_subset,data/spearman_reduced_features/raw_descs_and_ratios.csv,45,3,0.6307819532858593,1780807721.472852
fold_feature_subset,data/spearman_reduced_features/raw_descs_and_ratios.csv,45,4,0.6595210154141796,1780807734.464268
fold_feature_subset,data/spearman_reduced_features/raw_descs_and_ratios.csv,45,5,0.6447360260892324,1780808332.502502
feature_subset_complete,data/spearman_reduced_features/raw_descs_and_ratios.csv,45,0.6458316125463448,1780808332.503008
fold_feature_subset,data/spearman_reduced_features/raw_descs_and_ratios.csv,50,1,0.632313537638421,1780808340.4334521
fold_feature_subset,data/spearman_reduced_features/raw_descs_and_ratios.csv,50,2,0.6576927107512575,1780808347.923189
fold_feature_subset,data/spearman_reduced_features/raw_descs_and_ratios.csv,50,3,0.6280972913138656,1780808356.111558
fold_feature_subset,data/spearman_reduced_features/raw_descs_and_ratios.csv,50,4,0.6591128227169152,1780808364.113921
fold_feature_subset,data/spearman_reduced_features/raw_descs_and_ratios.csv,50,5,0.6435756898310667,1780808372.2487712
feature_subset_complete,data/spearman_reduced_features/raw_descs_and_ratios.csv,50,0.6441584104503052,1780808372.249284
fold_feature_subset,data/spearman_reduced_features/raw_descs_and_ratios.csv,55,1,0.6313444641953041,1780808381.404237
fold_feature_subset,data/spearman_reduced_features/raw_descs_and_ratios.csv,55,2,0.6584239547330574,1780808390.1773891
fold_feature_subset,data/spearman_reduced_features/raw_descs_and_ratios.csv,55,3,0.6294193842658354,1780808398.987247
fold_feature_subset,data/spearman_reduced_features/raw_descs_and_ratios.csv,55,4,0.6596242339034094,1780808408.5534909
fold_feature_subset,data/spearman_reduced_features/raw_descs_and_ratios.csv,55,5,0.6431459168801689,1780808417.994174
feature_subset_complete,data/spearman_reduced_features/raw_descs_and_ratios.csv,55,0.6443915907955551,1780808417.9948459
fold_feature_subset,data/spearman_reduced_features/raw_descs_and_ratios.csv,60,1,0.6101541314984191,1780808428.645226
fold_feature_subset,data/spearman_reduced_features/raw_descs_and_ratios.csv,60,2,0.6361960483511102,1780808438.756342
fold_feature_subset,data/spearman_reduced_features/raw_descs_and_ratios.csv,60,3,0.6096983756453023,1780808448.358786
fold_feature_subset,data/spearman_reduced_features/raw_descs_and_ratios.csv,60,4,0.6362126721564886,1780808458.410509
fold_feature_subset,data/spearman_reduced_features/raw_descs_and_ratios.csv,60,5,0.6162087457657489,1780808468.490619
feature_subset_complete,data/spearman_reduced_features/raw_descs_and_ratios.csv,60,0.6216939946834138,1780808468.491609
fold_feature_subset,data/spearman_reduced_features/raw_descs_and_ratios.csv,65,1,0.6098565746129418,1780808479.1851509
fold_feature_subset,data/spearman_reduced_features/raw_descs_and_ratios.csv,65,2,0.636222364435446,1780808490.0025642
fold_feature_subset,data/spearman_reduced_features/raw_descs_and_ratios.csv,65,3,0.6097762223117246,1780808501.368174
fold_feature_subset,data/spearman_reduced_features/raw_descs_and_ratios.csv,65,4,0.6374105341375665,1780808512.632736
fold_feature_subset,data/spearman_reduced_features/raw_descs_and_ratios.csv,65,5,0.6153338627419702,1780808523.216201
feature_subset_complete,data/spearman_reduced_features/raw_descs_and_ratios.csv,65,0.6217199116479298,1780808523.216748
fold_feature_subset,data/spearman_reduced_features/raw_descs_and_ratios.csv,70,1,0.6083679757509692,1780808535.7025018
fold_feature_subset,data/spearman_reduced_features/raw_descs_and_ratios.csv,70,2,0.6353296692660751,1780808547.7923808
fold_feature_subset,data/spearman_reduced_features/raw_descs_and_ratios.csv,70,3,0.6105873934823683,1780808559.064887
fold_feature_subset,data/spearman_reduced_features/raw_descs_and_ratios.csv,70,4,0.6363728344832692,1780808570.6781719
fold_feature_subset,data/spearman_reduced_features/raw_descs_and_ratios.csv,70,5,0.6161216269778003,1780808582.578475
feature_subset_complete,data/spearman_reduced_features/raw_descs_and_ratios.csv,70,0.6213558999920965,1780808582.579193
fold_feature_subset,data/spearman_reduced_features/raw_descs_and_ratios.csv,75,1,0.6009576302769495,1780808595.931454
fold_feature_subset,data/spearman_reduced_features/raw_descs_and_ratios.csv,75,2,0.6313305525111488,1780808608.55877
fold_feature_subset,data/spearman_reduced_features/raw_descs_and_ratios.csv,75,3,0.6066029982963863,1780808621.436676
fold_feature_subset,data/spearman_reduced_features/raw_descs_and_ratios.csv,75,4,0.6333842933480589,1780808635.5816
fold_feature_subset,data/spearman_reduced_features/raw_descs_and_ratios.csv,75,5,0.6131632516381382,1780808650.0502222
feature_subset_complete,data/spearman_reduced_features/raw_descs_and_ratios.csv,75,0.6170877452141363,1780808650.050987
fold_feature_subset,data/spearman_reduced_features/raw_descs_and_ratios.csv,80,1,0.5995391997570182,1780808664.324963
fold_feature_subset,data/spearman_reduced_features/raw_descs_and_ratios.csv,80,2,0.6317690720639072,1780808679.662038
fold_feature_subset,data/spearman_reduced_features/raw_descs_and_ratios.csv,80,3,0.6049330887528073,1780808694.125578
fold_feature_subset,data/spearman_reduced_features/raw_descs_and_ratios.csv,80,4,0.6311217393708399,1780808709.997043
fold_feature_subset,data/spearman_reduced_features/raw_descs_and_ratios.csv,80,5,0.6105634088784112,1780808724.569293
feature_subset_complete,data/spearman_reduced_features/raw_descs_and_ratios.csv,80,0.6155853017645967,1780808724.5699131
fold_feature_subset,data/spearman_reduced_features/raw_descs_and_ratios.csv,85,1,0.5990887608191772,1780808740.175581
fold_feature_subset,data/spearman_reduced_features/raw_descs_and_ratios.csv,85,2,0.6307184456978177,1780808755.82472
fold_feature_subset,data/spearman_reduced_features/raw_descs_and_ratios.csv,85,3,0.6061240884178002,1780808771.2625852
fold_feature_subset,data/spearman_reduced_features/raw_descs_and_ratios.csv,85,4,0.6305643401199224,1780808786.782134
fold_feature_subset,data/spearman_reduced_features/raw_descs_and_ratios.csv,85,5,0.610072557340888,1780808802.943703
feature_subset_complete,data/spearman_reduced_features/raw_descs_and_ratios.csv,85,0.615313638479121,1780808802.9445179
fold_feature_subset,data/spearman_reduced_features/raw_descs_and_ratios.csv,90,1,0.5978761031440338,1780808820.674092
fold_feature_subset,data/spearman_reduced_features/raw_descs_and_ratios.csv,90,2,0.6308162036906381,1780808837.073466
fold_feature_subset,data/spearman_reduced_features/raw_descs_and_ratios.csv,90,3,0.6053794180427947,1780808853.728511
fold_feature_subset,data/spearman_reduced_features/raw_descs_and_ratios.csv,90,4,0.6307106776956615,1780808870.622633
fold_feature_subset,data/spearman_reduced_features/raw_descs_and_ratios.csv,90,5,0.6094428985622166,1780808887.020394
feature_subset_complete,data/spearman_reduced_features/raw_descs_and_ratios.csv,90,0.614845060227069,1780808887.0210292
fold_feature_subset,data/spearman_reduced_features/raw_descs_and_ratios.csv,95,1,0.5974699365258601,1780808904.335316
fold_feature_subset,data/spearman_reduced_features/raw_descs_and_ratios.csv,95,2,0.631122827882209,1780808921.738286
fold_feature_subset,data/spearman_reduced_features/raw_descs_and_ratios.csv,95,3,0.6042421969151195,1780808939.594357
fold_feature_subset,data/spearman_reduced_features/raw_descs_and_ratios.csv,95,4,0.6278593332616638,1780808958.6380732
fold_feature_subset,data/spearman_reduced_features/raw_descs_and_ratios.csv,95,5,0.6093262922335211,1780809720.96292
feature_subset_complete,data/spearman_reduced_features/raw_descs_and_ratios.csv,95,0.6140041173636748,1780809720.963525
fold_feature_subset,data/spearman_reduced_features/raw_descs_and_ratios.csv,100,1,0.597520973617396,1780809735.285666
fold_feature_subset,data/spearman_reduced_features/raw_descs_and_ratios.csv,100,2,0.6325189195938185,1780809751.683784
fold_feature_subset,data/spearman_reduced_features/raw_descs_and_ratios.csv,100,3,0.6043773737820892,1780809769.312487
fold_feature_subset,data/spearman_reduced_features/raw_descs_and_ratios.csv,100,4,0.6306123086377423,1780809785.521069
fold_feature_subset,data/spearman_reduced_features/raw_descs_and_ratios.csv,100,5,0.6092768235503846,1780809803.301601
feature_subset_complete,data/spearman_reduced_features/raw_descs_and_ratios.csv,100,0.6148612798362861,1780809803.3030221
fold_feature_subset,data/spearman_reduced_features/raw_descs_and_ratios.csv,200,1,0.5890778861537036,1780809834.349298
fold_feature_subset,data/spearman_reduced_features/raw_descs_and_ratios.csv,200,2,0.614530623201549,1780809864.008884
fold_feature_subset,data/spearman_reduced_features/raw_descs_and_ratios.csv,200,3,0.5905009465620432,1780809896.6805272
fold_feature_subset,data/spearman_reduced_features/raw_descs_and_ratios.csv,200,4,0.6157558771575458,1780809932.9277692
fold_feature_subset,data/spearman_reduced_features/raw_descs_and_ratios.csv,200,5,0.5962678542563135,1780809968.0989382
feature_subset_complete,data/spearman_reduced_features/raw_descs_and_ratios.csv,200,0.601226637466231,1780809968.099585
fold_feature_subset,data/spearman_reduced_features/raw_descs_and_ratios.csv,300,1,0.5921638051133663,1780810021.485012
fold_feature_subset,data/spearman_reduced_features/raw_descs_and_ratios.csv,300,2,0.6125000207080216,1780810074.9011998
fold_feature_subset,data/spearman_reduced_features/raw_descs_and_ratios.csv,300,3,0.5883939414961901,1780810128.986937
fold_feature_subset,data/spearman_reduced_features/raw_descs_and_ratios.csv,300,4,0.6124782479155989,1780810183.714669
fold_feature_subset,data/spearman_reduced_features/raw_descs_and_ratios.csv,300,5,0.5973626019392254,1780810238.633674
feature_subset_complete,data/spearman_reduced_features/raw_descs_and_ratios.csv,300,0.6005797234344804,1780810238.6350589
fold_feature_subset,data/spearman_reduced_features/raw_descs_and_ratios.csv,400,1,0.588939338259365,1780810310.9712489
fold_feature_subset,data/spearman_reduced_features/raw_descs_and_ratios.csv,400,2,0.6117410090218031,1780810386.669297
fold_feature_subset,data/spearman_reduced_features/raw_descs_and_ratios.csv,400,3,0.5870482908534365,1780810465.1785831
fold_feature_subset,data/spearman_reduced_features/raw_descs_and_ratios.csv,400,4,0.611270252958334,1780810551.0217862
fold_feature_subset,data/spearman_reduced_features/raw_descs_and_ratios.csv,400,5,0.5966246636852683,1780810626.857457
feature_subset_complete,data/spearman_reduced_features/raw_descs_and_ratios.csv,400,0.5991247109556415,1780810626.8581278
dataset_complete,data/spearman_reduced_features/raw_descs_and_ratios.csv,4714.83377289772,1780810626.85846
dataset_start,data/spearman_reduced_features/raw_descs_and_interactions.csv,1780810626.886324
fold_feature_subset,data/spearman_reduced_features/raw_descs_and_interactions.csv,5,1,0.7668751619628643,1780810688.9296799
fold_feature_subset,data/spearman_reduced_features/raw_descs_and_interactions.csv,5,2,0.7900546886997994,1780810690.4165592
fold_feature_subset,data/spearman_reduced_features/raw_descs_and_interactions.csv,5,3,0.7574081682011132,1780810691.9646761
fold_feature_subset,data/spearman_reduced_features/raw_descs_and_interactions.csv,5,4,0.7994666775954338,1780810693.427903
fold_feature_subset,data/spearman_reduced_features/raw_descs_and_interactions.csv,5,5,0.7712318666982448,1780810694.9084601
feature_subset_complete,data/spearman_reduced_features/raw_descs_and_interactions.csv,5,0.7770073126314911,1780810694.909169
fold_feature_subset,data/spearman_reduced_features/raw_descs_and_interactions.csv,10,1,0.6798414876702776,1780810697.723831
fold_feature_subset,data/spearman_reduced_features/raw_descs_and_interactions.csv,10,2,0.710999186457321,1780810700.544147
fold_feature_subset,data/spearman_reduced_features/raw_descs_and_interactions.csv,10,3,0.6846607653211756,1780810703.610868
fold_feature_subset,data/spearman_reduced_features/raw_descs_and_interactions.csv,10,4,0.7073678458300711,1780810706.416357
fold_feature_subset,data/spearman_reduced_features/raw_descs_and_interactions.csv,10,5,0.6976238945631229,1780810709.2532039
feature_subset_complete,data/spearman_reduced_features/raw_descs_and_interactions.csv,10,0.6960986359683936,1780810709.253855
fold_feature_subset,data/spearman_reduced_features/raw_descs_and_interactions.csv,15,1,0.6596746680428824,1780810713.060226
fold_feature_subset,data/spearman_reduced_features/raw_descs_and_interactions.csv,15,2,0.6862832687330525,1780810717.008393
fold_feature_subset,data/spearman_reduced_features/raw_descs_and_interactions.csv,15,3,0.6576729292243647,1780810720.7106009
fold_feature_subset,data/spearman_reduced_features/raw_descs_and_interactions.csv,15,4,0.6852250553433702,1780810724.5457122
fold_feature_subset,data/spearman_reduced_features/raw_descs_and_interactions.csv,15,5,0.6766020370081266,1780810728.431436
feature_subset_complete,data/spearman_reduced_features/raw_descs_and_interactions.csv,15,0.6730915916703594,1780810728.432121
fold_feature_subset,data/spearman_reduced_features/raw_descs_and_interactions.csv,20,1,0.6544421272714261,1780810733.371843
fold_feature_subset,data/spearman_reduced_features/raw_descs_and_interactions.csv,20,2,0.6827911189752556,1780810738.194667
fold_feature_subset,data/spearman_reduced_features/raw_descs_and_interactions.csv,20,3,0.6539380964408461,1780810743.136391
fold_feature_subset,data/spearman_reduced_features/raw_descs_and_interactions.csv,20,4,0.6815621047622125,1780810747.968585
fold_feature_subset,data/spearman_reduced_features/raw_descs_and_interactions.csv,20,5,0.6708806694152205,1780810752.912832
feature_subset_complete,data/spearman_reduced_features/raw_descs_and_interactions.csv,20,0.6687228233729922,1780810752.9135308
fold_feature_subset,data/spearman_reduced_features/raw_descs_and_interactions.csv,25,1,0.652464107053978,1780810758.52156
fold_feature_subset,data/spearman_reduced_features/raw_descs_and_interactions.csv,25,2,0.6804595609414804,1780810764.111115
fold_feature_subset,data/spearman_reduced_features/raw_descs_and_interactions.csv,25,3,0.6495720796283336,1780810769.790613
fold_feature_subset,data/spearman_reduced_features/raw_descs_and_interactions.csv,25,4,0.6797779397742051,1780810775.8635461
fold_feature_subset,data/spearman_reduced_features/raw_descs_and_interactions.csv,25,5,0.6666389258156235,1780810781.603897
feature_subset_complete,data/spearman_reduced_features/raw_descs_and_interactions.csv,25,0.6657825226427241,1780810781.6045692
fold_feature_subset,data/spearman_reduced_features/raw_descs_and_interactions.csv,30,1,0.6265227888147568,1780810788.152354
fold_feature_subset,data/spearman_reduced_features/raw_descs_and_interactions.csv,30,2,0.6541019756937967,1780810794.8674922
fold_feature_subset,data/spearman_reduced_features/raw_descs_and_interactions.csv,30,3,0.6224046784224465,1780810801.6322718
fold_feature_subset,data/spearman_reduced_features/raw_descs_and_interactions.csv,30,4,0.6519068015876164,1780810808.297935
fold_feature_subset,data/spearman_reduced_features/raw_descs_and_interactions.csv,30,5,0.6419332105705745,1780810815.236335
feature_subset_complete,data/spearman_reduced_features/raw_descs_and_interactions.csv,30,0.6393738910178383,1780810815.237074
fold_feature_subset,data/spearman_reduced_features/raw_descs_and_interactions.csv,35,1,0.6218879528592532,1780810822.99346
fold_feature_subset,data/spearman_reduced_features/raw_descs_and_interactions.csv,35,2,0.6525966912505545,1780810830.359235
fold_feature_subset,data/spearman_reduced_features/raw_descs_and_interactions.csv,35,3,0.6242782624098243,1780810838.0046332
fold_feature_subset,data/spearman_reduced_features/raw_descs_and_interactions.csv,35,4,0.6498532559696769,1780810845.523092
fold_feature_subset,data/spearman_reduced_features/raw_descs_and_interactions.csv,35,5,0.637993007706531,1780810852.7090418
feature_subset_complete,data/spearman_reduced_features/raw_descs_and_interactions.csv,35,0.6373218340391681,1780810852.7100182
fold_feature_subset,data/spearman_reduced_features/raw_descs_and_interactions.csv,40,1,0.6204006116494963,1780810861.544003
fold_feature_subset,data/spearman_reduced_features/raw_descs_and_interactions.csv,40,2,0.6489966322203282,1780810870.511198
fold_feature_subset,data/spearman_reduced_features/raw_descs_and_interactions.csv,40,3,0.6219686603945247,1780810879.563961
fold_feature_subset,data/spearman_reduced_features/raw_descs_and_interactions.csv,40,4,0.6491355156344063,1780810888.2569978
fold_feature_subset,data/spearman_reduced_features/raw_descs_and_interactions.csv,40,5,0.6377155928466032,1780810896.834652
feature_subset_complete,data/spearman_reduced_features/raw_descs_and_interactions.csv,40,0.6356434025490717,1780810896.835385
fold_feature_subset,data/spearman_reduced_features/raw_descs_and_interactions.csv,45,1,0.6201449698987902,1780810906.718497
fold_feature_subset,data/spearman_reduced_features/raw_descs_and_interactions.csv,45,2,0.6520289132115987,1780810917.6064792
fold_feature_subset,data/spearman_reduced_features/raw_descs_and_interactions.csv,45,3,0.6192862054863942,1780810927.6845288
fold_feature_subset,data/spearman_reduced_features/raw_descs_and_interactions.csv,45,4,0.6475219102376029,1780810936.892429
fold_feature_subset,data/spearman_reduced_features/raw_descs_and_interactions.csv,45,5,0.6379612356126007,1780810946.804684
feature_subset_complete,data/spearman_reduced_features/raw_descs_and_interactions.csv,45,0.6353886468893973,1780810946.8053892
fold_feature_subset,data/spearman_reduced_features/raw_descs_and_interactions.csv,50,1,0.6211466415983201,1780810958.175719
fold_feature_subset,data/spearman_reduced_features/raw_descs_and_interactions.csv,50,2,0.6511165668998383,1780810969.148491
fold_feature_subset,data/spearman_reduced_features/raw_descs_and_interactions.csv,50,3,0.6202135509523259,1780810980.269252
fold_feature_subset,data/spearman_reduced_features/raw_descs_and_interactions.csv,50,4,0.6463146304369092,1780810991.425122
fold_feature_subset,data/spearman_reduced_features/raw_descs_and_interactions.csv,50,5,0.6368025638069496,1780811002.589616
feature_subset_complete,data/spearman_reduced_features/raw_descs_and_interactions.csv,50,0.6351187907388686,1780811002.590705
fold_feature_subset,data/spearman_reduced_features/raw_descs_and_interactions.csv,55,1,0.61923117902949,1780811014.111776
fold_feature_subset,data/spearman_reduced_features/raw_descs_and_interactions.csv,55,2,0.6497186826208716,1780811026.702889
fold_feature_subset,data/spearman_reduced_features/raw_descs_and_interactions.csv,55,3,0.6180395918725733,1780811038.634412
fold_feature_subset,data/spearman_reduced_features/raw_descs_and_interactions.csv,55,4,0.6404665908439485,1780811050.493781
fold_feature_subset,data/spearman_reduced_features/raw_descs_and_interactions.csv,55,5,0.6354436132291038,1780811064.417356
feature_subset_complete,data/spearman_reduced_features/raw_descs_and_interactions.csv,55,0.6325799315191974,1780811064.418009
fold_feature_subset,data/spearman_reduced_features/raw_descs_and_interactions.csv,60,1,0.6203009999877935,1780811077.901581
fold_feature_subset,data/spearman_reduced_features/raw_descs_and_interactions.csv,60,2,0.6501440886932216,1780811090.647601
fold_feature_subset,data/spearman_reduced_features/raw_descs_and_interactions.csv,60,3,0.6194077552792374,1780811103.5216389
fold_feature_subset,data/spearman_reduced_features/raw_descs_and_interactions.csv,60,4,0.6398489775938727,1780811116.197515
fold_feature_subset,data/spearman_reduced_features/raw_descs_and_interactions.csv,60,5,0.6361347707916899,1780811128.984784
feature_subset_complete,data/spearman_reduced_features/raw_descs_and_interactions.csv,60,0.6331673184691631,1780811128.98595
fold_feature_subset,data/spearman_reduced_features/raw_descs_and_interactions.csv,65,1,0.6210260585529397,1780811143.0565782
fold_feature_subset,data/spearman_reduced_features/raw_descs_and_interactions.csv,65,2,0.6496454288281757,1780811156.668003
fold_feature_subset,data/spearman_reduced_features/raw_descs_and_interactions.csv,65,3,0.6190508329524504,1780811171.752806
fold_feature_subset,data/spearman_reduced_features/raw_descs_and_interactions.csv,65,4,0.6419899323080983,1780811186.360897
fold_feature_subset,data/spearman_reduced_features/raw_descs_and_interactions.csv,65,5,0.6365229650602268,1780811200.4452229
feature_subset_complete,data/spearman_reduced_features/raw_descs_and_interactions.csv,65,0.6336470435403782,1780811200.445993
fold_feature_subset,data/spearman_reduced_features/raw_descs_and_interactions.csv,70,1,0.6213388159811126,1780811215.23867
fold_feature_subset,data/spearman_reduced_features/raw_descs_and_interactions.csv,70,2,0.6503201962815295,1780811230.135084
fold_feature_subset,data/spearman_reduced_features/raw_descs_and_interactions.csv,70,3,0.6183749391629453,1780811245.0404701
fold_feature_subset,data/spearman_reduced_features/raw_descs_and_interactions.csv,70,4,0.6414949240416481,1780811259.741805
fold_feature_subset,data/spearman_reduced_features/raw_descs_and_interactions.csv,70,5,0.636926428541397,1780811273.984014
feature_subset_complete,data/spearman_reduced_features/raw_descs_and_interactions.csv,70,0.6336910608017264,1780811273.984734
fold_feature_subset,data/spearman_reduced_features/raw_descs_and_interactions.csv,75,1,0.6216925635013076,1780811290.2663229
fold_feature_subset,data/spearman_reduced_features/raw_descs_and_interactions.csv,75,2,0.6507264191470248,1780811307.172402
fold_feature_subset,data/spearman_reduced_features/raw_descs_and_interactions.csv,75,3,0.6195118023403996,1780811323.122587
fold_feature_subset,data/spearman_reduced_features/raw_descs_and_interactions.csv,75,4,0.6430687835375584,1780811339.458307
fold_feature_subset,data/spearman_reduced_features/raw_descs_and_interactions.csv,75,5,0.6352531365797722,1780811358.098378
feature_subset_complete,data/spearman_reduced_features/raw_descs_and_interactions.csv,75,0.6340505410212126,1780811358.099964
fold_feature_subset,data/spearman_reduced_features/raw_descs_and_interactions.csv,80,1,0.6227494739833723,1780811376.6150458
fold_feature_subset,data/spearman_reduced_features/raw_descs_and_interactions.csv,80,2,0.6496120462094572,1780811395.153196
fold_feature_subset,data/spearman_reduced_features/raw_descs_and_interactions.csv,80,3,0.6199188891569507,1780811414.725724
fold_feature_subset,data/spearman_reduced_features/raw_descs_and_interactions.csv,80,4,0.6427746075645361,1780811433.639188
fold_feature_subset,data/spearman_reduced_features/raw_descs_and_interactions.csv,80,5,0.6351480786437548,1780811452.896459
feature_subset_complete,data/spearman_reduced_features/raw_descs_and_interactions.csv,80,0.6340406191116142,1780811452.8972642
fold_feature_subset,data/spearman_reduced_features/raw_descs_and_interactions.csv,85,1,0.6233485175487254,1780811471.980119
fold_feature_subset,data/spearman_reduced_features/raw_descs_and_interactions.csv,85,2,0.6485591363152703,1780811493.544406
fold_feature_subset,data/spearman_reduced_features/raw_descs_and_interactions.csv,85,3,0.6196575850453936,1780811516.508647
fold_feature_subset,data/spearman_reduced_features/raw_descs_and_interactions.csv,85,4,0.6424563883055018,1780811539.328863
fold_feature_subset,data/spearman_reduced_features/raw_descs_and_interactions.csv,85,5,0.6358008183616782,1780811561.387313
feature_subset_complete,data/spearman_reduced_features/raw_descs_and_interactions.csv,85,0.6339644891153139,1780811561.38881
fold_feature_subset,data/spearman_reduced_features/raw_descs_and_interactions.csv,90,1,0.6228365127464686,1780811582.35185
fold_feature_subset,data/spearman_reduced_features/raw_descs_and_interactions.csv,90,2,0.649324739702636,1780811601.896846
fold_feature_subset,data/spearman_reduced_features/raw_descs_and_interactions.csv,90,3,0.6190962078590301,1780811622.645548
fold_feature_subset,data/spearman_reduced_features/raw_descs_and_interactions.csv,90,4,0.6427095726331441,1780811642.559048
fold_feature_subset,data/spearman_reduced_features/raw_descs_and_interactions.csv,90,5,0.6346646219709858,1780811661.4000692
feature_subset_complete,data/spearman_reduced_features/raw_descs_and_interactions.csv,90,0.6337263309824529,1780811661.401109
fold_feature_subset,data/spearman_reduced_features/raw_descs_and_interactions.csv,95,1,0.6248544755618896,1780811680.8885891
fold_feature_subset,data/spearman_reduced_features/raw_descs_and_interactions.csv,95,2,0.6489335656244504,1780811700.57536
fold_feature_subset,data/spearman_reduced_features/raw_descs_and_interactions.csv,95,3,0.6188265314664299,1780811721.5983849
fold_feature_subset,data/spearman_reduced_features/raw_descs_and_interactions.csv,95,4,0.6427360571564532,1780811742.2671812
fold_feature_subset,data/spearman_reduced_features/raw_descs_and_interactions.csv,95,5,0.6348332238578476,1780811761.7373068
feature_subset_complete,data/spearman_reduced_features/raw_descs_and_interactions.csv,95,0.634036770733414,1780811761.738004
fold_feature_subset,data/spearman_reduced_features/raw_descs_and_interactions.csv,100,1,0.6234530316352223,1780811783.028335
fold_feature_subset,data/spearman_reduced_features/raw_descs_and_interactions.csv,100,2,0.6485416635556327,1780811804.867167
fold_feature_subset,data/spearman_reduced_features/raw_descs_and_interactions.csv,100,3,0.6187565952856444,1780811826.07569
fold_feature_subset,data/spearman_reduced_features/raw_descs_and_interactions.csv,100,4,0.6412870058494912,1780811846.514179
fold_feature_subset,data/spearman_reduced_features/raw_descs_and_interactions.csv,100,5,0.6340461321340408,1780811867.070965
feature_subset_complete,data/spearman_reduced_features/raw_descs_and_interactions.csv,100,0.6332168856920062,1780811867.0726888
fold_feature_subset,data/spearman_reduced_features/raw_descs_and_interactions.csv,200,1,0.6122334049968591,1780811910.55235
fold_feature_subset,data/spearman_reduced_features/raw_descs_and_interactions.csv,200,2,0.6316103151340617,1780811962.305941
fold_feature_subset,data/spearman_reduced_features/raw_descs_and_interactions.csv,200,3,0.6021833117673289,1780812012.92678
fold_feature_subset,data/spearman_reduced_features/raw_descs_and_interactions.csv,200,4,0.6350352300647428,1780812058.34658
fold_feature_subset,data/spearman_reduced_features/raw_descs_and_interactions.csv,200,5,0.6173600215909313,1780812103.5892632
feature_subset_complete,data/spearman_reduced_features/raw_descs_and_interactions.csv,200,0.6196844567107848,1780812103.5905569
dataset_complete,data/spearman_reduced_features/raw_descs_and_interactions.csv,1476.7047390937805,1780812103.591064
dataset_start,data/spearman_reduced_features/transforms_and_interactions.csv,1780812103.618402
fold_feature_subset,data/spearman_reduced_features/transforms_and_interactions.csv,5,1,0.7668751619628643,1780812261.435595
fold_feature_subset,data/spearman_reduced_features/transforms_and_interactions.csv,5,2,0.7900546886997994,1780812263.103041
fold_feature_subset,data/spearman_reduced_features/transforms_and_interactions.csv,5,3,0.7574081682011132,1780812264.751632
fold_feature_subset,data/spearman_reduced_features/transforms_and_interactions.csv,5,4,0.7994666775954338,1780812266.3626828
fold_feature_subset,data/spearman_reduced_features/transforms_and_interactions.csv,5,5,0.7712318666982448,1780812267.943191
feature_subset_complete,data/spearman_reduced_features/transforms_and_interactions.csv,5,0.7770073126314911,1780812267.9440389
fold_feature_subset,data/spearman_reduced_features/transforms_and_interactions.csv,10,1,0.6798414876702776,1780812270.920012
fold_feature_subset,data/spearman_reduced_features/transforms_and_interactions.csv,10,2,0.710999186457321,1780812273.912276
fold_feature_subset,data/spearman_reduced_features/transforms_and_interactions.csv,10,3,0.6846607653211757,1780812277.05542
fold_feature_subset,data/spearman_reduced_features/transforms_and_interactions.csv,10,4,0.7073678458300711,1780812280.506785
fold_feature_subset,data/spearman_reduced_features/transforms_and_interactions.csv,10,5,0.6976238945631229,1780812283.653041
feature_subset_complete,data/spearman_reduced_features/transforms_and_interactions.csv,10,0.6960986359683936,1780812283.6540391
fold_feature_subset,data/spearman_reduced_features/transforms_and_interactions.csv,15,1,0.6596746680428824,1780812288.21346
fold_feature_subset,data/spearman_reduced_features/transforms_and_interactions.csv,15,2,0.6862832687330526,1780812292.381952
fold_feature_subset,data/spearman_reduced_features/transforms_and_interactions.csv,15,3,0.6576729292243647,1780812296.446014
fold_feature_subset,data/spearman_reduced_features/transforms_and_interactions.csv,15,4,0.6852250553433702,1780812300.587478
fold_feature_subset,data/spearman_reduced_features/transforms_and_interactions.csv,15,5,0.6766020370081265,1780812305.330368
feature_subset_complete,data/spearman_reduced_features/transforms_and_interactions.csv,15,0.6730915916703593,1780812305.3318741
fold_feature_subset,data/spearman_reduced_features/transforms_and_interactions.csv,20,1,0.6544421272714261,1780812311.894907
fold_feature_subset,data/spearman_reduced_features/transforms_and_interactions.csv,20,2,0.6827911189752556,1780812317.657274
fold_feature_subset,data/spearman_reduced_features/transforms_and_interactions.csv,20,3,0.6539380964408461,1780812323.908989
fold_feature_subset,data/spearman_reduced_features/transforms_and_interactions.csv,20,4,0.6815621047622125,1780812329.345066
fold_feature_subset,data/spearman_reduced_features/transforms_and_interactions.csv,20,5,0.6708806694152205,1780812334.797606
feature_subset_complete,data/spearman_reduced_features/transforms_and_interactions.csv,20,0.6687228233729922,1780812334.798692
fold_feature_subset,data/spearman_reduced_features/transforms_and_interactions.csv,25,1,0.652464107053978,1780812342.0391371
fold_feature_subset,data/spearman_reduced_features/transforms_and_interactions.csv,25,2,0.6804595609414804,1780812348.307061
fold_feature_subset,data/spearman_reduced_features/transforms_and_interactions.csv,25,3,0.6495720796283336,1780812355.3051782
fold_feature_subset,data/spearman_reduced_features/transforms_and_interactions.csv,25,4,0.6797779397742051,1780812361.7720351
fold_feature_subset,data/spearman_reduced_features/transforms_and_interactions.csv,25,5,0.6666389258156235,1780812368.4619231
feature_subset_complete,data/spearman_reduced_features/transforms_and_interactions.csv,25,0.6657825226427241,1780812368.462976
fold_feature_subset,data/spearman_reduced_features/transforms_and_interactions.csv,30,1,0.6265227888147568,1780812376.602922
fold_feature_subset,data/spearman_reduced_features/transforms_and_interactions.csv,30,2,0.6541019756937968,1780812384.599047
fold_feature_subset,data/spearman_reduced_features/transforms_and_interactions.csv,30,3,0.6224046784224465,1780812392.618759
fold_feature_subset,data/spearman_reduced_features/transforms_and_interactions.csv,30,4,0.6519068015876164,1780812400.7189991
fold_feature_subset,data/spearman_reduced_features/transforms_and_interactions.csv,30,5,0.6419332105705746,1780812407.9183822
feature_subset_complete,data/spearman_reduced_features/transforms_and_interactions.csv,30,0.6393738910178383,1780812407.919046
fold_feature_subset,data/spearman_reduced_features/transforms_and_interactions.csv,35,1,0.6218879528592531,1780812416.471931
fold_feature_subset,data/spearman_reduced_features/transforms_and_interactions.csv,35,2,0.6525966912505545,1780812424.966799
fold_feature_subset,data/spearman_reduced_features/transforms_and_interactions.csv,35,3,0.6242782624098244,1780812433.204597
fold_feature_subset,data/spearman_reduced_features/transforms_and_interactions.csv,35,4,0.6498532559696769,1780812442.029161
fold_feature_subset,data/spearman_reduced_features/transforms_and_interactions.csv,35,5,0.637993007706531,1780812450.127437
feature_subset_complete,data/spearman_reduced_features/transforms_and_interactions.csv,35,0.6373218340391681,1780812450.128226
fold_feature_subset,data/spearman_reduced_features/transforms_and_interactions.csv,40,1,0.6204006116494963,1780812460.090521
fold_feature_subset,data/spearman_reduced_features/transforms_and_interactions.csv,40,2,0.6489966322203282,1780812469.740143
fold_feature_subset,data/spearman_reduced_features/transforms_and_interactions.csv,40,3,0.6219686603945247,1780812479.142678
fold_feature_subset,data/spearman_reduced_features/transforms_and_interactions.csv,40,4,0.6491355156344063,1780812489.126797
fold_feature_subset,data/spearman_reduced_features/transforms_and_interactions.csv,40,5,0.6377155928466032,1780812498.486399
feature_subset_complete,data/spearman_reduced_features/transforms_and_interactions.csv,40,0.6356434025490717,1780812498.4870908
fold_feature_subset,data/spearman_reduced_features/transforms_and_interactions.csv,45,1,0.6201449698987901,1780812508.7703412
fold_feature_subset,data/spearman_reduced_features/transforms_and_interactions.csv,45,2,0.6520289132115987,1780812519.1831172
fold_feature_subset,data/spearman_reduced_features/transforms_and_interactions.csv,45,3,0.6192862054863942,1780812531.062958
fold_feature_subset,data/spearman_reduced_features/transforms_and_interactions.csv,45,4,0.6475219102376027,1780812541.739053
fold_feature_subset,data/spearman_reduced_features/transforms_and_interactions.csv,45,5,0.6379612356126007,1780812552.9070919
feature_subset_complete,data/spearman_reduced_features/transforms_and_interactions.csv,45,0.6353886468893973,1780812552.907876
fold_feature_subset,data/spearman_reduced_features/transforms_and_interactions.csv,50,1,0.6211466415983201,1780812565.460493
fold_feature_subset,data/spearman_reduced_features/transforms_and_interactions.csv,50,2,0.6511165668998383,1780812577.787201
fold_feature_subset,data/spearman_reduced_features/transforms_and_interactions.csv,50,3,0.6202135509523259,1780812592.34338
fold_feature_subset,data/spearman_reduced_features/transforms_and_interactions.csv,50,4,0.6463146304369092,1780812606.697899
fold_feature_subset,data/spearman_reduced_features/transforms_and_interactions.csv,50,5,0.6368025638069496,1780812619.175426
feature_subset_complete,data/spearman_reduced_features/transforms_and_interactions.csv,50,0.6351187907388686,1780812619.177006
fold_feature_subset,data/spearman_reduced_features/transforms_and_interactions.csv,55,1,0.6192311790294901,1780812632.3718421
fold_feature_subset,data/spearman_reduced_features/transforms_and_interactions.csv,55,2,0.6497186826208715,1780812645.8381782
fold_feature_subset,data/spearman_reduced_features/transforms_and_interactions.csv,55,3,0.6180395918725733,1780812658.541501
fold_feature_subset,data/spearman_reduced_features/transforms_and_interactions.csv,55,4,0.6404665908439485,1780812672.85474
fold_feature_subset,data/spearman_reduced_features/transforms_and_interactions.csv,55,5,0.6354436132291038,1780812686.5469189
feature_subset_complete,data/spearman_reduced_features/transforms_and_interactions.csv,55,0.6325799315191974,1780812686.547859
fold_feature_subset,data/spearman_reduced_features/transforms_and_interactions.csv,60,1,0.6203009999877934,1780812700.811142
fold_feature_subset,data/spearman_reduced_features/transforms_and_interactions.csv,60,2,0.6501440886932216,1780812714.0014431
fold_feature_subset,data/spearman_reduced_features/transforms_and_interactions.csv,60,3,0.6194077552792374,1780812727.925856
fold_feature_subset,data/spearman_reduced_features/transforms_and_interactions.csv,60,4,0.6398489775938727,1780812741.9392781
fold_feature_subset,data/spearman_reduced_features/transforms_and_interactions.csv,60,5,0.6361347707916899,1780812755.437521
feature_subset_complete,data/spearman_reduced_features/transforms_and_interactions.csv,60,0.6331673184691631,1780812755.438261
fold_feature_subset,data/spearman_reduced_features/transforms_and_interactions.csv,65,1,0.6210260585529397,1780812769.638828
fold_feature_subset,data/spearman_reduced_features/transforms_and_interactions.csv,65,2,0.6496454288281757,1780812784.114064
fold_feature_subset,data/spearman_reduced_features/transforms_and_interactions.csv,65,3,0.6190508329524504,1780812800.438903
fold_feature_subset,data/spearman_reduced_features/transforms_and_interactions.csv,65,4,0.6419899323080983,1780812814.951135
fold_feature_subset,data/spearman_reduced_features/transforms_and_interactions.csv,65,5,0.6365229650602269,1780812829.160197
feature_subset_complete,data/spearman_reduced_features/transforms_and_interactions.csv,65,0.6336470435403783,1780812829.160893
fold_feature_subset,data/spearman_reduced_features/transforms_and_interactions.csv,70,1,0.6213350016041954,1780812845.2415738
fold_feature_subset,data/spearman_reduced_features/transforms_and_interactions.csv,70,2,0.6503169097886935,1780812861.1037598
fold_feature_subset,data/spearman_reduced_features/transforms_and_interactions.csv,70,3,0.6183766311240109,1780812876.6099
fold_feature_subset,data/spearman_reduced_features/transforms_and_interactions.csv,70,4,0.641491311477993,1780812892.219224
fold_feature_subset,data/spearman_reduced_features/transforms_and_interactions.csv,70,5,0.6369293997273533,1780812907.614742
feature_subset_complete,data/spearman_reduced_features/transforms_and_interactions.csv,70,0.6336898507444493,1780812907.6155
fold_feature_subset,data/spearman_reduced_features/transforms_and_interactions.csv,75,1,0.6216397942248217,1780812924.585811
fold_feature_subset,data/spearman_reduced_features/transforms_and_interactions.csv,75,2,0.6507144844242214,1780812941.0942342
fold_feature_subset,data/spearman_reduced_features/transforms_and_interactions.csv,75,3,0.6191201350410386,1780812959.327928
fold_feature_subset,data/spearman_reduced_features/transforms_and_interactions.csv,75,4,0.6426183437514756,1780812975.135481
fold_feature_subset,data/spearman_reduced_features/transforms_and_interactions.csv,75,5,0.6356389331134678,1780812990.9967182
feature_subset_complete,data/spearman_reduced_features/transforms_and_interactions.csv,75,0.6339463381110051,1780812990.9974241
fold_feature_subset,data/spearman_reduced_features/transforms_and_interactions.csv,80,1,0.6229870154312611,1780813009.601195
fold_feature_subset,data/spearman_reduced_features/transforms_and_interactions.csv,80,2,0.6497959231584481,1780813028.341701
fold_feature_subset,data/spearman_reduced_features/transforms_and_interactions.csv,80,3,0.6205518182903743,1780813045.840331
fold_feature_subset,data/spearman_reduced_features/transforms_and_interactions.csv,80,4,0.6423346622107139,1780813064.440638
fold_feature_subset,data/spearman_reduced_features/transforms_and_interactions.csv,80,5,0.6355626163536959,1780813082.9782841
feature_subset_complete,data/spearman_reduced_features/transforms_and_interactions.csv,80,0.6342464070888987,1780813082.978987
fold_feature_subset,data/spearman_reduced_features/transforms_and_interactions.csv,85,1,0.6233542985553484,1780813101.7547321
fold_feature_subset,data/spearman_reduced_features/transforms_and_interactions.csv,85,2,0.6493698987855215,1780813120.1417768
fold_feature_subset,data/spearman_reduced_features/transforms_and_interactions.csv,85,3,0.6205198368073934,1780813139.000024
fold_feature_subset,data/spearman_reduced_features/transforms_and_interactions.csv,85,4,0.6431966859688066,1780813157.871079
fold_feature_subset,data/spearman_reduced_features/transforms_and_interactions.csv,85,5,0.6354023004795843,1780813176.50327
feature_subset_complete,data/spearman_reduced_features/transforms_and_interactions.csv,85,0.6343686041193309,1780813176.50405
fold_feature_subset,data/spearman_reduced_features/transforms_and_interactions.csv,90,1,0.6232870209999971,1780813196.015268
fold_feature_subset,data/spearman_reduced_features/transforms_and_interactions.csv,90,2,0.6493901292828682,1780813216.000742
fold_feature_subset,data/spearman_reduced_features/transforms_and_interactions.csv,90,3,0.6198294404794905,1780813235.341938
fold_feature_subset,data/spearman_reduced_features/transforms_and_interactions.csv,90,4,0.6428755240896196,1780813255.737362
fold_feature_subset,data/spearman_reduced_features/transforms_and_interactions.csv,90,5,0.6352064203390562,1780813277.123899
feature_subset_complete,data/spearman_reduced_features/transforms_and_interactions.csv,90,0.6341177070382062,1780813277.124584
fold_feature_subset,data/spearman_reduced_features/transforms_and_interactions.csv,95,1,0.6238103530312188,1780813296.841881
fold_feature_subset,data/spearman_reduced_features/transforms_and_interactions.csv,95,2,0.6490179406242156,1780813317.728367
fold_feature_subset,data/spearman_reduced_features/transforms_and_interactions.csv,95,3,0.6188460417096175,1780813339.883872
fold_feature_subset,data/spearman_reduced_features/transforms_and_interactions.csv,95,4,0.6429559550134862,1780813361.0591009
fold_feature_subset,data/spearman_reduced_features/transforms_and_interactions.csv,95,5,0.6351017134222617,1780813383.1818979
feature_subset_complete,data/spearman_reduced_features/transforms_and_interactions.csv,95,0.63394640076016,1780813383.1830232
fold_feature_subset,data/spearman_reduced_features/transforms_and_interactions.csv,100,1,0.6241840738073603,1780813406.156318
fold_feature_subset,data/spearman_reduced_features/transforms_and_interactions.csv,100,2,0.6484540026020691,1780813428.5213592
fold_feature_subset,data/spearman_reduced_features/transforms_and_interactions.csv,100,3,0.6187445619067631,1780813452.4937322
fold_feature_subset,data/spearman_reduced_features/transforms_and_interactions.csv,100,4,0.6419999941327957,1780813474.2308109
fold_feature_subset,data/spearman_reduced_features/transforms_and_interactions.csv,100,5,0.6341689877967925,1780813494.9111428
feature_subset_complete,data/spearman_reduced_features/transforms_and_interactions.csv,100,0.6335103240491562,1780813494.9118102
fold_feature_subset,data/spearman_reduced_features/transforms_and_interactions.csv,200,1,0.6127939105885086,1780813536.943549
fold_feature_subset,data/spearman_reduced_features/transforms_and_interactions.csv,200,2,0.6306000158591265,1780813577.9970329
fold_feature_subset,data/spearman_reduced_features/transforms_and_interactions.csv,200,3,0.6034056853352715,1780813623.809273
fold_feature_subset,data/spearman_reduced_features/transforms_and_interactions.csv,200,4,0.6362379896976613,1780813665.7695749
fold_feature_subset,data/spearman_reduced_features/transforms_and_interactions.csv,200,5,0.6169165857900945,1780813712.039496
feature_subset_complete,data/spearman_reduced_features/transforms_and_interactions.csv,200,0.6199908374541325,1780813712.040382
dataset_complete,data/spearman_reduced_features/transforms_and_interactions.csv,1608.4223928451538,1780813712.0407948
dataset_start,data/spearman_reduced_features/transforms_and_ratios.csv,1780813712.072535
fold_feature_subset,data/spearman_reduced_features/transforms_and_ratios.csv,5,1,0.7090018329933822,1780814115.60925
fold_feature_subset,data/spearman_reduced_features/transforms_and_ratios.csv,5,2,0.7310386954855927,1780814117.0552971
fold_feature_subset,data/spearman_reduced_features/transforms_and_ratios.csv,5,3,0.6983589816824314,1780814118.49668
fold_feature_subset,data/spearman_reduced_features/transforms_and_ratios.csv,5,4,0.733034898861732,1780814120.0157409
fold_feature_subset,data/spearman_reduced_features/transforms_and_ratios.csv,5,5,0.7239506416416996,1780814121.4786801
feature_subset_complete,data/spearman_reduced_features/transforms_and_ratios.csv,5,0.7190770101329675,1780814121.479299
fold_feature_subset,data/spearman_reduced_features/transforms_and_ratios.csv,10,1,0.6853535789905835,1780814123.919911
fold_feature_subset,data/spearman_reduced_features/transforms_and_ratios.csv,10,2,0.7129911416202553,1780814126.3250601
fold_feature_subset,data/spearman_reduced_features/transforms_and_ratios.csv,10,3,0.6914276462676118,1780814128.85139
fold_feature_subset,data/spearman_reduced_features/transforms_and_ratios.csv,10,4,0.7190389172993688,1780814131.3012888
fold_feature_subset,data/spearman_reduced_features/transforms_and_ratios.csv,10,5,0.7030328537438658,1780814133.814661
feature_subset_complete,data/spearman_reduced_features/transforms_and_ratios.csv,10,0.702368827584337,1780814133.815315
fold_feature_subset,data/spearman_reduced_features/transforms_and_ratios.csv,15,1,0.660912588550414,1780814137.505472
fold_feature_subset,data/spearman_reduced_features/transforms_and_ratios.csv,15,2,0.6822258010782484,1780814141.136171
fold_feature_subset,data/spearman_reduced_features/transforms_and_ratios.csv,15,3,0.6640191549191505,1780814144.668308
fold_feature_subset,data/spearman_reduced_features/transforms_and_ratios.csv,15,4,0.6871976282666481,1780814148.659512
fold_feature_subset,data/spearman_reduced_features/transforms_and_ratios.csv,15,5,0.6748731834755556,1780814152.596232
feature_subset_complete,data/spearman_reduced_features/transforms_and_ratios.csv,15,0.6738456712580033,1780814152.596875
fold_feature_subset,data/spearman_reduced_features/transforms_and_ratios.csv,20,1,0.6491801394109767,1780814157.1723788
fold_feature_subset,data/spearman_reduced_features/transforms_and_ratios.csv,20,2,0.6730701912667686,1780814162.129587
fold_feature_subset,data/spearman_reduced_features/transforms_and_ratios.csv,20,3,0.6506939621768631,1780814166.61116
fold_feature_subset,data/spearman_reduced_features/transforms_and_ratios.csv,20,4,0.6805371061865324,1780814171.593189
fold_feature_subset,data/spearman_reduced_features/transforms_and_ratios.csv,20,5,0.6626564877571275,1780814176.354327
feature_subset_complete,data/spearman_reduced_features/transforms_and_ratios.csv,20,0.6632275773596537,1780814176.355029
fold_feature_subset,data/spearman_reduced_features/transforms_and_ratios.csv,25,1,0.6425449081831601,1780814182.434369
fold_feature_subset,data/spearman_reduced_features/transforms_and_ratios.csv,25,2,0.662759473080869,1780814188.4525812
fold_feature_subset,data/spearman_reduced_features/transforms_and_ratios.csv,25,3,0.6469611001899224,1780814194.618025
fold_feature_subset,data/spearman_reduced_features/transforms_and_ratios.csv,25,4,0.6715835540286691,1780814200.878905
fold_feature_subset,data/spearman_reduced_features/transforms_and_ratios.csv,25,5,0.6566292367295673,1780814207.2474308
feature_subset_complete,data/spearman_reduced_features/transforms_and_ratios.csv,25,0.6560956544424376,1780814207.248184
fold_feature_subset,data/spearman_reduced_features/transforms_and_ratios.csv,30,1,0.6389196408230882,1780814215.1435142
fold_feature_subset,data/spearman_reduced_features/transforms_and_ratios.csv,30,2,0.6623283042210966,1780814223.127737
fold_feature_subset,data/spearman_reduced_features/transforms_and_ratios.csv,30,3,0.6378424453921311,1780814231.0840409
fold_feature_subset,data/spearman_reduced_features/transforms_and_ratios.csv,30,4,0.6674614857215107,1780814239.720001
fold_feature_subset,data/spearman_reduced_features/transforms_and_ratios.csv,30,5,0.6540661286270396,1780814247.7847428
feature_subset_complete,data/spearman_reduced_features/transforms_and_ratios.csv,30,0.6521236009569733,1780814247.7855449
fold_feature_subset,data/spearman_reduced_features/transforms_and_ratios.csv,35,1,0.6359831811738716,1780814256.779985
fold_feature_subset,data/spearman_reduced_features/transforms_and_ratios.csv,35,2,0.6604411075098333,1780814265.844577
fold_feature_subset,data/spearman_reduced_features/transforms_and_ratios.csv,35,3,0.6366123981052578,1780814274.51322
fold_feature_subset,data/spearman_reduced_features/transforms_and_ratios.csv,35,4,0.6651541095164608,1780814284.336055
fold_feature_subset,data/spearman_reduced_features/transforms_and_ratios.csv,35,5,0.6507862212194503,1780814293.5533628
feature_subset_complete,data/spearman_reduced_features/transforms_and_ratios.csv,35,0.6497954035049748,1780814293.554079
fold_feature_subset,data/spearman_reduced_features/transforms_and_ratios.csv,40,1,0.6385182209558742,1780814303.9283571
fold_feature_subset,data/spearman_reduced_features/transforms_and_ratios.csv,40,2,0.6616488774815378,1780814313.277627
fold_feature_subset,data/spearman_reduced_features/transforms_and_ratios.csv,40,3,0.6359509364688202,1780814322.7887201
fold_feature_subset,data/spearman_reduced_features/transforms_and_ratios.csv,40,4,0.6634701312080907,1780814332.476772
fold_feature_subset,data/spearman_reduced_features/transforms_and_ratios.csv,40,5,0.6516228755684255,1780814342.2633421
feature_subset_complete,data/spearman_reduced_features/transforms_and_ratios.csv,40,0.6502422083365497,1780814342.26404
fold_feature_subset,data/spearman_reduced_features/transforms_and_ratios.csv,45,1,0.635876735603254,1780814352.6909099
fold_feature_subset,data/spearman_reduced_features/transforms_and_ratios.csv,45,2,0.6590181476591721,1780814362.910343
fold_feature_subset,data/spearman_reduced_features/transforms_and_ratios.csv,45,3,0.6313473069212653,1780814373.846242
fold_feature_subset,data/spearman_reduced_features/transforms_and_ratios.csv,45,4,0.6586624043721698,1780814384.585941
fold_feature_subset,data/spearman_reduced_features/transforms_and_ratios.csv,45,5,0.6450377851577893,1780814395.613068
feature_subset_complete,data/spearman_reduced_features/transforms_and_ratios.csv,45,0.6459884759427301,1780814395.613773
fold_feature_subset,data/spearman_reduced_features/transforms_and_ratios.csv,50,1,0.632778833293548,1780814407.410135
fold_feature_subset,data/spearman_reduced_features/transforms_and_ratios.csv,50,2,0.6574748403203272,1780814418.652726
fold_feature_subset,data/spearman_reduced_features/transforms_and_ratios.csv,50,3,0.6282253923961418,1780814430.664206
fold_feature_subset,data/spearman_reduced_features/transforms_and_ratios.csv,50,4,0.6584830648497096,1780814442.311042
fold_feature_subset,data/spearman_reduced_features/transforms_and_ratios.csv,50,5,0.644908924580109,1780814453.820023
feature_subset_complete,data/spearman_reduced_features/transforms_and_ratios.csv,50,0.6443742110879671,1780814453.820735
fold_feature_subset,data/spearman_reduced_features/transforms_and_ratios.csv,55,1,0.6315257633672643,1780814465.756743
fold_feature_subset,data/spearman_reduced_features/transforms_and_ratios.csv,55,2,0.6579056161682979,1780814478.4140391
fold_feature_subset,data/spearman_reduced_features/transforms_and_ratios.csv,55,3,0.6292610675423169,1780814490.373121
fold_feature_subset,data/spearman_reduced_features/transforms_and_ratios.csv,55,4,0.6599524252151208,1780814502.8396218
fold_feature_subset,data/spearman_reduced_features/transforms_and_ratios.csv,55,5,0.6425563616801584,1780814514.770014
feature_subset_complete,data/spearman_reduced_features/transforms_and_ratios.csv,55,0.6442402467946315,1780814514.7707362
fold_feature_subset,data/spearman_reduced_features/transforms_and_ratios.csv,60,1,0.6115204953744184,1780814527.564645
fold_feature_subset,data/spearman_reduced_features/transforms_and_ratios.csv,60,2,0.6360958743646812,1780814540.4852102
fold_feature_subset,data/spearman_reduced_features/transforms_and_ratios.csv,60,3,0.6091893204534319,1780814553.141152
fold_feature_subset,data/spearman_reduced_features/transforms_and_ratios.csv,60,4,0.637010177129747,1780814566.090256
fold_feature_subset,data/spearman_reduced_features/transforms_and_ratios.csv,60,5,0.6160099467916923,1780814579.5299132
feature_subset_complete,data/spearman_reduced_features/transforms_and_ratios.csv,60,0.6219651628227941,1780814579.5312011
fold_feature_subset,data/spearman_reduced_features/transforms_and_ratios.csv,65,1,0.6100050479191981,1780814594.012359
fold_feature_subset,data/spearman_reduced_features/transforms_and_ratios.csv,65,2,0.6368089807819055,1780814608.146629
fold_feature_subset,data/spearman_reduced_features/transforms_and_ratios.csv,65,3,0.6104704762661424,1780814622.771838
fold_feature_subset,data/spearman_reduced_features/transforms_and_ratios.csv,65,4,0.6375324409625943,1780814637.622565
fold_feature_subset,data/spearman_reduced_features/transforms_and_ratios.csv,65,5,0.6153974185583739,1780814652.499532
feature_subset_complete,data/spearman_reduced_features/transforms_and_ratios.csv,65,0.6220428728976428,1780814652.5002759
fold_feature_subset,data/spearman_reduced_features/transforms_and_ratios.csv,70,1,0.6083411219588787,1780814668.321224
fold_feature_subset,data/spearman_reduced_features/transforms_and_ratios.csv,70,2,0.6351479433291685,1780814683.696245
fold_feature_subset,data/spearman_reduced_features/transforms_and_ratios.csv,70,3,0.6103180780481244,1780814699.349474
fold_feature_subset,data/spearman_reduced_features/transforms_and_ratios.csv,70,4,0.6364909012732608,1780814714.450531
fold_feature_subset,data/spearman_reduced_features/transforms_and_ratios.csv,70,5,0.6162475113919336,1780814731.183682
feature_subset_complete,data/spearman_reduced_features/transforms_and_ratios.csv,70,0.6213091112002732,1780814731.184337
fold_feature_subset,data/spearman_reduced_features/transforms_and_ratios.csv,75,1,0.6011574985373973,1780814747.8175292
fold_feature_subset,data/spearman_reduced_features/transforms_and_ratios.csv,75,2,0.6314420430912793,1780814764.6707468
fold_feature_subset,data/spearman_reduced_features/transforms_and_ratios.csv,75,3,0.60718788926539,1780814781.627156
fold_feature_subset,data/spearman_reduced_features/transforms_and_ratios.csv,75,4,0.6332402559308565,1780814797.743459
fold_feature_subset,data/spearman_reduced_features/transforms_and_ratios.csv,75,5,0.6132895767958986,1780814814.054153
feature_subset_complete,data/spearman_reduced_features/transforms_and_ratios.csv,75,0.6172634527241644,1780814814.0548449
fold_feature_subset,data/spearman_reduced_features/transforms_and_ratios.csv,80,1,0.5981696869556623,1780814831.790774
fold_feature_subset,data/spearman_reduced_features/transforms_and_ratios.csv,80,2,0.6317777633271825,1780814848.326781
fold_feature_subset,data/spearman_reduced_features/transforms_and_ratios.csv,80,3,0.6049175110707246,1780814865.545831
fold_feature_subset,data/spearman_reduced_features/transforms_and_ratios.csv,80,4,0.6311329943706356,1780814883.176215
fold_feature_subset,data/spearman_reduced_features/transforms_and_ratios.csv,80,5,0.6108914579788003,1780814901.7676558
feature_subset_complete,data/spearman_reduced_features/transforms_and_ratios.csv,80,0.6153778827406011,1780814901.768686
fold_feature_subset,data/spearman_reduced_features/transforms_and_ratios.csv,85,1,0.5983018685751265,1780814920.184608
fold_feature_subset,data/spearman_reduced_features/transforms_and_ratios.csv,85,2,0.6309573771023596,1780814938.337319
fold_feature_subset,data/spearman_reduced_features/transforms_and_ratios.csv,85,3,0.6056211165950864,1780814956.907954
fold_feature_subset,data/spearman_reduced_features/transforms_and_ratios.csv,85,4,0.6306138140649891,1780814975.2566972
fold_feature_subset,data/spearman_reduced_features/transforms_and_ratios.csv,85,5,0.6092834904139071,1780814994.687432
feature_subset_complete,data/spearman_reduced_features/transforms_and_ratios.csv,85,0.6149555333502936,1780814994.688133
fold_feature_subset,data/spearman_reduced_features/transforms_and_ratios.csv,90,1,0.5987905267983339,1780815017.465421
fold_feature_subset,data/spearman_reduced_features/transforms_and_ratios.csv,90,2,0.6310817135810755,1780815038.37363
fold_feature_subset,data/spearman_reduced_features/transforms_and_ratios.csv,90,3,0.6053252118298144,1780815057.958457
fold_feature_subset,data/spearman_reduced_features/transforms_and_ratios.csv,90,4,0.6302531700649675,1780815077.5948942
fold_feature_subset,data/spearman_reduced_features/transforms_and_ratios.csv,90,5,0.6098065696761368,1780815097.06619
feature_subset_complete,data/spearman_reduced_features/transforms_and_ratios.csv,90,0.6150514383900656,1780815097.0669188
fold_feature_subset,data/spearman_reduced_features/transforms_and_ratios.csv,95,1,0.5969582942883405,1780815117.4888809
fold_feature_subset,data/spearman_reduced_features/transforms_and_ratios.csv,95,2,0.631031436572224,1780815138.303647
fold_feature_subset,data/spearman_reduced_features/transforms_and_ratios.csv,95,3,0.6046622641088826,1780815159.9494872
fold_feature_subset,data/spearman_reduced_features/transforms_and_ratios.csv,95,4,0.6291759656043726,1780815179.9878469
fold_feature_subset,data/spearman_reduced_features/transforms_and_ratios.csv,95,5,0.6088904686407169,1780815199.7567601
feature_subset_complete,data/spearman_reduced_features/transforms_and_ratios.csv,95,0.6141436858429073,1780815199.757941
fold_feature_subset,data/spearman_reduced_features/transforms_and_ratios.csv,100,1,0.5982008926997274,1780815223.4290712
fold_feature_subset,data/spearman_reduced_features/transforms_and_ratios.csv,100,2,0.6312762013271993,1780815244.6337972
fold_feature_subset,data/spearman_reduced_features/transforms_and_ratios.csv,100,3,0.6052325692639753,1780815268.068788
fold_feature_subset,data/spearman_reduced_features/transforms_and_ratios.csv,100,4,0.6309289719813129,1780815291.130089
fold_feature_subset,data/spearman_reduced_features/transforms_and_ratios.csv,100,5,0.6092391122531383,1780815312.4008331
feature_subset_complete,data/spearman_reduced_features/transforms_and_ratios.csv,100,0.6149755495050707,1780815312.401487
fold_feature_subset,data/spearman_reduced_features/transforms_and_ratios.csv,200,1,0.5890481099677035,1780815355.834622
fold_feature_subset,data/spearman_reduced_features/transforms_and_ratios.csv,200,2,0.6140937530580558,1780815396.7739651
fold_feature_subset,data/spearman_reduced_features/transforms_and_ratios.csv,200,3,0.5897700990364373,1780815436.181204
fold_feature_subset,data/spearman_reduced_features/transforms_and_ratios.csv,200,4,0.6142071225775668,1780815485.9965298
fold_feature_subset,data/spearman_reduced_features/transforms_and_ratios.csv,200,5,0.5958724652179745,1780815528.8218849
feature_subset_complete,data/spearman_reduced_features/transforms_and_ratios.csv,200,0.6005983099715475,1780815528.822434
fold_feature_subset,data/spearman_reduced_features/transforms_and_ratios.csv,300,1,0.5915323709943349,1780815598.155755
fold_feature_subset,data/spearman_reduced_features/transforms_and_ratios.csv,300,2,0.6127646067775846,1780815668.314709
fold_feature_subset,data/spearman_reduced_features/transforms_and_ratios.csv,300,3,0.5883906147052483,1780815743.017288
fold_feature_subset,data/spearman_reduced_features/transforms_and_ratios.csv,300,4,0.6132463605506586,1780815809.462065
fold_feature_subset,data/spearman_reduced_features/transforms_and_ratios.csv,300,5,0.5969337228451607,1780815873.1622348
feature_subset_complete,data/spearman_reduced_features/transforms_and_ratios.csv,300,0.6005735351745974,1780815873.1647549
fold_feature_subset,data/spearman_reduced_features/transforms_and_ratios.csv,400,1,0.5899035983925499,1780815963.6902652
fold_feature_subset,data/spearman_reduced_features/transforms_and_ratios.csv,400,2,0.6129759411127242,1780816057.124206
fold_feature_subset,data/spearman_reduced_features/transforms_and_ratios.csv,400,3,0.5877203959406475,1780816146.406678
fold_feature_subset,data/spearman_reduced_features/transforms_and_ratios.csv,400,4,0.6114608219090928,1780816231.096958
fold_feature_subset,data/spearman_reduced_features/transforms_and_ratios.csv,400,5,0.595480036706401,1780816315.486804
feature_subset_complete,data/spearman_reduced_features/transforms_and_ratios.csv,400,0.5995081588122831,1780816315.487574
dataset_complete,data/spearman_reduced_features/transforms_and_ratios.csv,2603.415557861328,1780816315.488093
dataset_start,data/spearman_reduced_features/raw_descs_and_transforms.csv,1780816315.525564
fold_feature_subset,data/spearman_reduced_features/raw_descs_and_transforms.csv,5,1,0.7803701689715268,1780816324.420832
fold_feature_subset,data/spearman_reduced_features/raw_descs_and_transforms.csv,5,2,0.8083573194082213,1780816325.250925
fold_feature_subset,data/spearman_reduced_features/raw_descs_and_transforms.csv,5,3,0.7740861929770588,1780816326.207097
fold_feature_subset,data/spearman_reduced_features/raw_descs_and_transforms.csv,5,4,0.8146461667478824,1780816327.209075
fold_feature_subset,data/spearman_reduced_features/raw_descs_and_transforms.csv,5,5,0.793353383239455,1780816328.225874
feature_subset_complete,data/spearman_reduced_features/raw_descs_and_transforms.csv,5,0.7941626462688289,1780816328.226706
fold_feature_subset,data/spearman_reduced_features/raw_descs_and_transforms.csv,10,1,0.684883717576101,1780816329.9895391
fold_feature_subset,data/spearman_reduced_features/raw_descs_and_transforms.csv,10,2,0.7056170637271059,1780816331.7671301
fold_feature_subset,data/spearman_reduced_features/raw_descs_and_transforms.csv,10,3,0.6805889034870494,1780816333.55685
fold_feature_subset,data/spearman_reduced_features/raw_descs_and_transforms.csv,10,4,0.7109509472950035,1780816335.328542
fold_feature_subset,data/spearman_reduced_features/raw_descs_and_transforms.csv,10,5,0.6967852303865655,1780816337.1236758
feature_subset_complete,data/spearman_reduced_features/raw_descs_and_transforms.csv,10,0.6957651724943651,1780816337.124539
fold_feature_subset,data/spearman_reduced_features/raw_descs_and_transforms.csv,15,1,0.6712976364782077,1780816339.7824378
fold_feature_subset,data/spearman_reduced_features/raw_descs_and_transforms.csv,15,2,0.6863927605982417,1780816342.450509
fold_feature_subset,data/spearman_reduced_features/raw_descs_and_transforms.csv,15,3,0.653884170874306,1780816345.0478048
fold_feature_subset,data/spearman_reduced_features/raw_descs_and_transforms.csv,15,4,0.6953588521353725,1780816347.602006
fold_feature_subset,data/spearman_reduced_features/raw_descs_and_transforms.csv,15,5,0.6811887050262875,1780816350.148721
feature_subset_complete,data/spearman_reduced_features/raw_descs_and_transforms.csv,15,0.6776244250224831,1780816350.1495092
fold_feature_subset,data/spearman_reduced_features/raw_descs_and_transforms.csv,20,1,0.6577129140434568,1780816353.278738
fold_feature_subset,data/spearman_reduced_features/raw_descs_and_transforms.csv,20,2,0.6793298304361783,1780816356.371426
fold_feature_subset,data/spearman_reduced_features/raw_descs_and_transforms.csv,20,3,0.6535451786194496,1780816359.438933
fold_feature_subset,data/spearman_reduced_features/raw_descs_and_transforms.csv,20,4,0.6851621811954005,1780816362.874605
fold_feature_subset,data/spearman_reduced_features/raw_descs_and_transforms.csv,20,5,0.6831970570377776,1780816366.355079
feature_subset_complete,data/spearman_reduced_features/raw_descs_and_transforms.csv,20,0.6717894322664526,1780816366.355894
fold_feature_subset,data/spearman_reduced_features/raw_descs_and_transforms.csv,25,1,0.6332923425219497,1780816370.358258
fold_feature_subset,data/spearman_reduced_features/raw_descs_and_transforms.csv,25,2,0.6527634265970588,1780816374.3678489
fold_feature_subset,data/spearman_reduced_features/raw_descs_and_transforms.csv,25,3,0.624842810667722,1780816378.443182
fold_feature_subset,data/spearman_reduced_features/raw_descs_and_transforms.csv,25,4,0.6639664304988366,1780816382.470276
fold_feature_subset,data/spearman_reduced_features/raw_descs_and_transforms.csv,25,5,0.6444158104549408,1780816386.46184
feature_subset_complete,data/spearman_reduced_features/raw_descs_and_transforms.csv,25,0.6438561641481015,1780816386.46266
fold_feature_subset,data/spearman_reduced_features/raw_descs_and_transforms.csv,30,1,0.6327896406935813,1780816391.156811
fold_feature_subset,data/spearman_reduced_features/raw_descs_and_transforms.csv,30,2,0.6530845943146999,1780816396.301077
fold_feature_subset,data/spearman_reduced_features/raw_descs_and_transforms.csv,30,3,0.6208744203328008,1780816401.093632
fold_feature_subset,data/spearman_reduced_features/raw_descs_and_transforms.csv,30,4,0.6625104504255446,1780816405.8412511
fold_feature_subset,data/spearman_reduced_features/raw_descs_and_transforms.csv,30,5,0.6423687188185997,1780816410.6117399
feature_subset_complete,data/spearman_reduced_features/raw_descs_and_transforms.csv,30,0.6423255649170453,1780816410.612926
dataset_complete,data/spearman_reduced_features/raw_descs_and_transforms.csv,95.08782720565796,1780816410.6133912
dataset_start,data/spearman_reduced_features/ratios_only.csv,1780816410.6264892
fold_feature_subset,data/spearman_reduced_features/ratios_only.csv,5,1,0.7090018329933822,1780816609.4490528
fold_feature_subset,data/spearman_reduced_features/ratios_only.csv,5,2,0.7310386954855927,1780816611.4625862
fold_feature_subset,data/spearman_reduced_features/ratios_only.csv,5,3,0.6983589816824314,1780816613.448988
fold_feature_subset,data/spearman_reduced_features/ratios_only.csv,5,4,0.7330348988617321,1780816615.362172
fold_feature_subset,data/spearman_reduced_features/ratios_only.csv,5,5,0.7239506416416996,1780816617.266099
feature_subset_complete,data/spearman_reduced_features/ratios_only.csv,5,0.7190770101329675,1780816617.266935
fold_feature_subset,data/spearman_reduced_features/ratios_only.csv,10,1,0.6853535789905835,1780816620.663119
fold_feature_subset,data/spearman_reduced_features/ratios_only.csv,10,2,0.7129911416202555,1780816623.797195
fold_feature_subset,data/spearman_reduced_features/ratios_only.csv,10,3,0.6914276462676118,1780816627.1461802
fold_feature_subset,data/spearman_reduced_features/ratios_only.csv,10,4,0.7190389172993688,1780816630.685477
fold_feature_subset,data/spearman_reduced_features/ratios_only.csv,10,5,0.7030328537438658,1780816634.423691
feature_subset_complete,data/spearman_reduced_features/ratios_only.csv,10,0.702368827584337,1780816634.424721
fold_feature_subset,data/spearman_reduced_features/ratios_only.csv,15,1,0.660912588550414,1780816639.656149
fold_feature_subset,data/spearman_reduced_features/ratios_only.csv,15,2,0.6822258010782484,1780816644.705699
fold_feature_subset,data/spearman_reduced_features/ratios_only.csv,15,3,0.6640191549191504,1780816649.536463
fold_feature_subset,data/spearman_reduced_features/ratios_only.csv,15,4,0.6871976282666481,1780816654.577736
fold_feature_subset,data/spearman_reduced_features/ratios_only.csv,15,5,0.6748731834755556,1780816659.4080288
feature_subset_complete,data/spearman_reduced_features/ratios_only.csv,15,0.6738456712580033,1780816659.40912
fold_feature_subset,data/spearman_reduced_features/ratios_only.csv,20,1,0.6491665689878471,1780816665.7029278
fold_feature_subset,data/spearman_reduced_features/ratios_only.csv,20,2,0.6730800184228197,1780816672.1275918
fold_feature_subset,data/spearman_reduced_features/ratios_only.csv,20,3,0.6506785635604149,1780816678.6667671
fold_feature_subset,data/spearman_reduced_features/ratios_only.csv,20,4,0.6805561383333465,1780816684.8322392
fold_feature_subset,data/spearman_reduced_features/ratios_only.csv,20,5,0.6626603700717161,1780816690.7985852
feature_subset_complete,data/spearman_reduced_features/ratios_only.csv,20,0.6632283318752289,1780816690.7994711
fold_feature_subset,data/spearman_reduced_features/ratios_only.csv,25,1,0.6425478038599817,1780816698.55511
fold_feature_subset,data/spearman_reduced_features/ratios_only.csv,25,2,0.6627529958099669,1780816705.8325608
fold_feature_subset,data/spearman_reduced_features/ratios_only.csv,25,3,0.6469799338504973,1780816713.123869
fold_feature_subset,data/spearman_reduced_features/ratios_only.csv,25,4,0.6715782331914077,1780816720.446671
fold_feature_subset,data/spearman_reduced_features/ratios_only.csv,25,5,0.6566327733212974,1780816727.582041
feature_subset_complete,data/spearman_reduced_features/ratios_only.csv,25,0.6560983480066302,1780816727.582905
fold_feature_subset,data/spearman_reduced_features/ratios_only.csv,30,1,0.6389184879235299,1780816736.356106
fold_feature_subset,data/spearman_reduced_features/ratios_only.csv,30,2,0.6623457560434339,1780816745.0853
fold_feature_subset,data/spearman_reduced_features/ratios_only.csv,30,3,0.6378423754647249,1780816753.317824
fold_feature_subset,data/spearman_reduced_features/ratios_only.csv,30,4,0.6674591029434448,1780816761.8600671
fold_feature_subset,data/spearman_reduced_features/ratios_only.csv,30,5,0.6540661482670649,1780816769.9389179
feature_subset_complete,data/spearman_reduced_features/ratios_only.csv,30,0.6521263741284397,1780816769.939615
fold_feature_subset,data/spearman_reduced_features/ratios_only.csv,35,1,0.6359726468174207,1780816779.010614
fold_feature_subset,data/spearman_reduced_features/ratios_only.csv,35,2,0.6604486695887952,1780816787.707937
fold_feature_subset,data/spearman_reduced_features/ratios_only.csv,35,3,0.6366266958906818,1780816796.471582
fold_feature_subset,data/spearman_reduced_features/ratios_only.csv,35,4,0.6651587788660956,1780816805.8009531
fold_feature_subset,data/spearman_reduced_features/ratios_only.csv,35,5,0.6507850262700877,1780816814.509839
feature_subset_complete,data/spearman_reduced_features/ratios_only.csv,35,0.6497983634866162,1780816814.510516
fold_feature_subset,data/spearman_reduced_features/ratios_only.csv,40,1,0.638520877202381,1780816823.892648
fold_feature_subset,data/spearman_reduced_features/ratios_only.csv,40,2,0.6616446397455288,1780816833.25174
fold_feature_subset,data/spearman_reduced_features/ratios_only.csv,40,3,0.635957461703833,1780816842.511658
fold_feature_subset,data/spearman_reduced_features/ratios_only.csv,40,4,0.6634713028961612,1780816852.212658
fold_feature_subset,data/spearman_reduced_features/ratios_only.csv,40,5,0.6516371505613059,1780816862.013269
feature_subset_complete,data/spearman_reduced_features/ratios_only.csv,40,0.6502462864218419,1780816862.013953
fold_feature_subset,data/spearman_reduced_features/ratios_only.csv,45,1,0.6358779044200938,1780816872.731819
fold_feature_subset,data/spearman_reduced_features/ratios_only.csv,45,2,0.6590232657389907,1780816883.019107
fold_feature_subset,data/spearman_reduced_features/ratios_only.csv,45,3,0.631343233608111,1780816893.476192
fold_feature_subset,data/spearman_reduced_features/ratios_only.csv,45,4,0.6586444728965734,1780816904.1141682
fold_feature_subset,data/spearman_reduced_features/ratios_only.csv,45,5,0.6450398127138807,1780816914.8849542
feature_subset_complete,data/spearman_reduced_features/ratios_only.csv,45,0.6459857378755298,1780816914.885657
fold_feature_subset,data/spearman_reduced_features/ratios_only.csv,50,1,0.6327871683724452,1780816926.459351
fold_feature_subset,data/spearman_reduced_features/ratios_only.csv,50,2,0.6574730697129687,1780816938.1747258
fold_feature_subset,data/spearman_reduced_features/ratios_only.csv,50,3,0.6282240562664333,1780816950.0690958
fold_feature_subset,data/spearman_reduced_features/ratios_only.csv,50,4,0.6584723159187826,1780816961.9445162
fold_feature_subset,data/spearman_reduced_features/ratios_only.csv,50,5,0.6449140204853908,1780816973.916641
feature_subset_complete,data/spearman_reduced_features/ratios_only.csv,50,0.644374126151204,1780816973.9173388
fold_feature_subset,data/spearman_reduced_features/ratios_only.csv,55,1,0.6315113570352942,1780816986.744019
fold_feature_subset,data/spearman_reduced_features/ratios_only.csv,55,2,0.6579118154102946,1780816999.585175
fold_feature_subset,data/spearman_reduced_features/ratios_only.csv,55,3,0.6292677807896807,1780817012.086874
fold_feature_subset,data/spearman_reduced_features/ratios_only.csv,55,4,0.6599398210352163,1780817024.784116
fold_feature_subset,data/spearman_reduced_features/ratios_only.csv,55,5,0.6425550464119819,1780817037.2970161
feature_subset_complete,data/spearman_reduced_features/ratios_only.csv,55,0.6442371641364935,1780817037.2979681
fold_feature_subset,data/spearman_reduced_features/ratios_only.csv,60,1,0.6115186899353032,1780817050.528329
fold_feature_subset,data/spearman_reduced_features/ratios_only.csv,60,2,0.6360990089272851,1780817063.832871
fold_feature_subset,data/spearman_reduced_features/ratios_only.csv,60,3,0.6091914557482891,1780817077.184923
fold_feature_subset,data/spearman_reduced_features/ratios_only.csv,60,4,0.6369893244719498,1780817090.2217898
fold_feature_subset,data/spearman_reduced_features/ratios_only.csv,60,5,0.6160030627613364,1780817104.558882
feature_subset_complete,data/spearman_reduced_features/ratios_only.csv,60,0.6219603083688326,1780817104.559973
fold_feature_subset,data/spearman_reduced_features/ratios_only.csv,65,1,0.6103529944464623,1780817118.82956
fold_feature_subset,data/spearman_reduced_features/ratios_only.csv,65,2,0.6365902092149387,1780817133.559959
fold_feature_subset,data/spearman_reduced_features/ratios_only.csv,65,3,0.6106554155016716,1780817147.978998
fold_feature_subset,data/spearman_reduced_features/ratios_only.csv,65,4,0.6378580482245362,1780817162.748974
fold_feature_subset,data/spearman_reduced_features/ratios_only.csv,65,5,0.6151755544100365,1780817177.926653
feature_subset_complete,data/spearman_reduced_features/ratios_only.csv,65,0.6221264443595291,1780817177.927453
fold_feature_subset,data/spearman_reduced_features/ratios_only.csv,70,1,0.6075031396223941,1780817193.8905432
fold_feature_subset,data/spearman_reduced_features/ratios_only.csv,70,2,0.6348198594412098,1780817210.743733
fold_feature_subset,data/spearman_reduced_features/ratios_only.csv,70,3,0.6111280213150746,1780817229.99453
fold_feature_subset,data/spearman_reduced_features/ratios_only.csv,70,4,0.6370874861143998,1780817255.02087
fold_feature_subset,data/spearman_reduced_features/ratios_only.csv,70,5,0.6155306489241964,1780817289.922071
feature_subset_complete,data/spearman_reduced_features/ratios_only.csv,70,0.621213831083455,1780817289.923916
fold_feature_subset,data/spearman_reduced_features/ratios_only.csv,75,1,0.6017898687787576,1780817326.7260642
fold_feature_subset,data/spearman_reduced_features/ratios_only.csv,75,2,0.6318928191023443,1780817357.682976
fold_feature_subset,data/spearman_reduced_features/ratios_only.csv,75,3,0.606673700122391,1780817387.31794
fold_feature_subset,data/spearman_reduced_features/ratios_only.csv,75,4,0.6337685099028727,1780817415.031302
fold_feature_subset,data/spearman_reduced_features/ratios_only.csv,75,5,0.6127669579973392,1780817436.0935428
feature_subset_complete,data/spearman_reduced_features/ratios_only.csv,75,0.617378371180741,1780817436.095665
fold_feature_subset,data/spearman_reduced_features/ratios_only.csv,80,1,0.5990587738254253,1780817456.7544441
fold_feature_subset,data/spearman_reduced_features/ratios_only.csv,80,2,0.630804370105739,1780817477.564238
fold_feature_subset,data/spearman_reduced_features/ratios_only.csv,80,3,0.6045444024964006,1780817500.912411
fold_feature_subset,data/spearman_reduced_features/ratios_only.csv,80,4,0.6310567061755891,1780817526.244818
fold_feature_subset,data/spearman_reduced_features/ratios_only.csv,80,5,0.6105028371971136,1780817553.695047
feature_subset_complete,data/spearman_reduced_features/ratios_only.csv,80,0.6151934179600536,1780817553.696998
fold_feature_subset,data/spearman_reduced_features/ratios_only.csv,85,1,0.5983728832149684,1780817577.307433
fold_feature_subset,data/spearman_reduced_features/ratios_only.csv,85,2,0.6302205396060482,1780817599.651284
fold_feature_subset,data/spearman_reduced_features/ratios_only.csv,85,3,0.6052848699464264,1780817620.788905
fold_feature_subset,data/spearman_reduced_features/ratios_only.csv,85,4,0.6296493508372891,1780817642.153662
fold_feature_subset,data/spearman_reduced_features/ratios_only.csv,85,5,0.6098143192203271,1780817667.40735
feature_subset_complete,data/spearman_reduced_features/ratios_only.csv,85,0.6146683925650118,1780817667.40854
fold_feature_subset,data/spearman_reduced_features/ratios_only.csv,90,1,0.5984643164012488,1780817695.777438
fold_feature_subset,data/spearman_reduced_features/ratios_only.csv,90,2,0.6304430387613479,1780817723.030824
fold_feature_subset,data/spearman_reduced_features/ratios_only.csv,90,3,0.605360575751234,1780817745.0027258
fold_feature_subset,data/spearman_reduced_features/ratios_only.csv,90,4,0.6302382624815238,1780817766.155979
fold_feature_subset,data/spearman_reduced_features/ratios_only.csv,90,5,0.6100154365786412,1780817785.295128
feature_subset_complete,data/spearman_reduced_features/ratios_only.csv,90,0.614904325994799,1780817785.296038
fold_feature_subset,data/spearman_reduced_features/ratios_only.csv,95,1,0.5971723755710555,1780817806.644952
fold_feature_subset,data/spearman_reduced_features/ratios_only.csv,95,2,0.6310350997656067,1780817834.36899
fold_feature_subset,data/spearman_reduced_features/ratios_only.csv,95,3,0.6048961326384205,1780817857.788812
fold_feature_subset,data/spearman_reduced_features/ratios_only.csv,95,4,0.6296634773388083,1780817882.097184
fold_feature_subset,data/spearman_reduced_features/ratios_only.csv,95,5,0.6092216135762715,1780817911.523493
feature_subset_complete,data/spearman_reduced_features/ratios_only.csv,95,0.6143977397780325,1780817911.5246599
fold_feature_subset,data/spearman_reduced_features/ratios_only.csv,100,1,0.5983308913437193,1780817945.956707
fold_feature_subset,data/spearman_reduced_features/ratios_only.csv,100,2,0.6315512662319166,1780817976.782429
fold_feature_subset,data/spearman_reduced_features/ratios_only.csv,100,3,0.6043049084633795,1780818001.6949592
fold_feature_subset,data/spearman_reduced_features/ratios_only.csv,100,4,0.6296374566561752,1780818024.590114
fold_feature_subset,data/spearman_reduced_features/ratios_only.csv,100,5,0.6103721490020707,1780818045.3236349
feature_subset_complete,data/spearman_reduced_features/ratios_only.csv,100,0.6148393343394523,1780818045.3243861
fold_feature_subset,data/spearman_reduced_features/ratios_only.csv,200,1,0.5894700283742843,1780818083.1491761
fold_feature_subset,data/spearman_reduced_features/ratios_only.csv,200,2,0.6142400947014327,1780818126.527027
fold_feature_subset,data/spearman_reduced_features/ratios_only.csv,200,3,0.5902588155587564,1780818165.026022
fold_feature_subset,data/spearman_reduced_features/ratios_only.csv,200,4,0.6153748642677999,1780818204.532367
fold_feature_subset,data/spearman_reduced_features/ratios_only.csv,200,5,0.5967417446098787,1780818244.706309
feature_subset_complete,data/spearman_reduced_features/ratios_only.csv,200,0.6012171095024305,1780818244.7073689
fold_feature_subset,data/spearman_reduced_features/ratios_only.csv,300,1,0.5917902185422466,1780818311.385837
fold_feature_subset,data/spearman_reduced_features/ratios_only.csv,300,2,0.6120480262263334,1780818368.3103309
fold_feature_subset,data/spearman_reduced_features/ratios_only.csv,300,3,0.5890663109537959,1780818426.700049
fold_feature_subset,data/spearman_reduced_features/ratios_only.csv,300,4,0.6131605889062001,1780818486.8031402
fold_feature_subset,data/spearman_reduced_features/ratios_only.csv,300,5,0.5976783852941809,1780818544.5567942
feature_subset_complete,data/spearman_reduced_features/ratios_only.csv,300,0.6007487059845513,1780818544.558621
fold_feature_subset,data/spearman_reduced_features/ratios_only.csv,400,1,0.5898449301892845,1780818618.3784409
fold_feature_subset,data/spearman_reduced_features/ratios_only.csv,400,2,0.6132133212855329,1780818689.735528
fold_feature_subset,data/spearman_reduced_features/ratios_only.csv,400,3,0.5877234168195088,1780818762.6470358
fold_feature_subset,data/spearman_reduced_features/ratios_only.csv,400,4,0.611339273861121,1780818841.9788039
fold_feature_subset,data/spearman_reduced_features/ratios_only.csv,400,5,0.5962235464645618,1780818918.395005
feature_subset_complete,data/spearman_reduced_features/ratios_only.csv,400,0.5996688977240018,1780818918.3966951
dataset_complete,data/spearman_reduced_features/ratios_only.csv,2507.770631790161,1780818918.397121
dataset_start,data/spearman_reduced_features/interactions_only.csv,1780818918.41837
fold_feature_subset,data/spearman_reduced_features/interactions_only.csv,5,1,0.7668751619628643,1780818975.20518
fold_feature_subset,data/spearman_reduced_features/interactions_only.csv,5,2,0.7900546886997994,1780818976.3300962
fold_feature_subset,data/spearman_reduced_features/interactions_only.csv,5,3,0.7574081682011132,1780818977.587868
fold_feature_subset,data/spearman_reduced_features/interactions_only.csv,5,4,0.7994666775954338,1780818978.880675
fold_feature_subset,data/spearman_reduced_features/interactions_only.csv,5,5,0.7712318666982448,1780818980.238562
feature_subset_complete,data/spearman_reduced_features/interactions_only.csv,5,0.7770073126314911,1780818980.2392378
fold_feature_subset,data/spearman_reduced_features/interactions_only.csv,10,1,0.6798414876702776,1780818982.864573
fold_feature_subset,data/spearman_reduced_features/interactions_only.csv,10,2,0.710999186457321,1780818985.3292742
fold_feature_subset,data/spearman_reduced_features/interactions_only.csv,10,3,0.6846607653211757,1780818987.843078
fold_feature_subset,data/spearman_reduced_features/interactions_only.csv,10,4,0.7073678458300712,1780818990.3957288
fold_feature_subset,data/spearman_reduced_features/interactions_only.csv,10,5,0.6976238945631228,1780818993.192489
feature_subset_complete,data/spearman_reduced_features/interactions_only.csv,10,0.6960986359683937,1780818993.1931899
fold_feature_subset,data/spearman_reduced_features/interactions_only.csv,15,1,0.6596746680428824,1780818996.981312
fold_feature_subset,data/spearman_reduced_features/interactions_only.csv,15,2,0.6862832687330525,1780819000.55025
fold_feature_subset,data/spearman_reduced_features/interactions_only.csv,15,3,0.6576729292243647,1780819004.1435058
fold_feature_subset,data/spearman_reduced_features/interactions_only.csv,15,4,0.6852250553433702,1780819008.208666
fold_feature_subset,data/spearman_reduced_features/interactions_only.csv,15,5,0.6766020370081265,1780819012.0222762
feature_subset_complete,data/spearman_reduced_features/interactions_only.csv,15,0.6730915916703593,1780819012.022951
fold_feature_subset,data/spearman_reduced_features/interactions_only.csv,20,1,0.6544421272714261,1780819016.771811
fold_feature_subset,data/spearman_reduced_features/interactions_only.csv,20,2,0.6827911189752556,1780819021.453394
fold_feature_subset,data/spearman_reduced_features/interactions_only.csv,20,3,0.6539380964408461,1780819026.707932
fold_feature_subset,data/spearman_reduced_features/interactions_only.csv,20,4,0.6815621047622126,1780819031.923502
fold_feature_subset,data/spearman_reduced_features/interactions_only.csv,20,5,0.6708806694152205,1780819036.849961
feature_subset_complete,data/spearman_reduced_features/interactions_only.csv,20,0.6687228233729922,1780819036.850967
fold_feature_subset,data/spearman_reduced_features/interactions_only.csv,25,1,0.652464107053978,1780819043.566174
fold_feature_subset,data/spearman_reduced_features/interactions_only.csv,25,2,0.6804595609414804,1780819049.393579
fold_feature_subset,data/spearman_reduced_features/interactions_only.csv,25,3,0.6495720796283336,1780819055.577451
fold_feature_subset,data/spearman_reduced_features/interactions_only.csv,25,4,0.6797779397742051,1780819061.480298
fold_feature_subset,data/spearman_reduced_features/interactions_only.csv,25,5,0.6666389258156235,1780819067.166243
feature_subset_complete,data/spearman_reduced_features/interactions_only.csv,25,0.6657825226427241,1780819067.1669278
fold_feature_subset,data/spearman_reduced_features/interactions_only.csv,30,1,0.6265227888147568,1780819074.241717
fold_feature_subset,data/spearman_reduced_features/interactions_only.csv,30,2,0.6541019756937968,1780819080.8266912
fold_feature_subset,data/spearman_reduced_features/interactions_only.csv,30,3,0.6224046784224465,1780819087.6583638
fold_feature_subset,data/spearman_reduced_features/interactions_only.csv,30,4,0.6519068015876164,1780819094.08466
fold_feature_subset,data/spearman_reduced_features/interactions_only.csv,30,5,0.6419332105705746,1780819100.063464
feature_subset_complete,data/spearman_reduced_features/interactions_only.csv,30,0.6393738910178383,1780819100.06416
fold_feature_subset,data/spearman_reduced_features/interactions_only.csv,35,1,0.6218879528592531,1780819107.433014
fold_feature_subset,data/spearman_reduced_features/interactions_only.csv,35,2,0.6525966912505545,1780819114.26305
fold_feature_subset,data/spearman_reduced_features/interactions_only.csv,35,3,0.6242782624098244,1780819121.543317
fold_feature_subset,data/spearman_reduced_features/interactions_only.csv,35,4,0.6498532559696769,1780819129.0519948
fold_feature_subset,data/spearman_reduced_features/interactions_only.csv,35,5,0.6379930077065311,1780819136.1317089
feature_subset_complete,data/spearman_reduced_features/interactions_only.csv,35,0.6373218340391681,1780819136.132431
fold_feature_subset,data/spearman_reduced_features/interactions_only.csv,40,1,0.6204006116494963,1780819145.0973928
fold_feature_subset,data/spearman_reduced_features/interactions_only.csv,40,2,0.6489966322203282,1780819153.331927
fold_feature_subset,data/spearman_reduced_features/interactions_only.csv,40,3,0.6219686603945247,1780819161.916249
fold_feature_subset,data/spearman_reduced_features/interactions_only.csv,40,4,0.6491355156344063,1780819170.01431
fold_feature_subset,data/spearman_reduced_features/interactions_only.csv,40,5,0.6377155928466032,1780819178.3711889
feature_subset_complete,data/spearman_reduced_features/interactions_only.csv,40,0.6356434025490717,1780819178.372043
fold_feature_subset,data/spearman_reduced_features/interactions_only.csv,45,1,0.6201449698987902,1780819188.299815
fold_feature_subset,data/spearman_reduced_features/interactions_only.csv,45,2,0.6520289132115986,1780819197.4638798
fold_feature_subset,data/spearman_reduced_features/interactions_only.csv,45,3,0.6192862054863942,1780819206.879636
fold_feature_subset,data/spearman_reduced_features/interactions_only.csv,45,4,0.6475219102376029,1780819215.863741
fold_feature_subset,data/spearman_reduced_features/interactions_only.csv,45,5,0.6379612356126007,1780819224.7124548
feature_subset_complete,data/spearman_reduced_features/interactions_only.csv,45,0.6353886468893973,1780819224.7130592
fold_feature_subset,data/spearman_reduced_features/interactions_only.csv,50,1,0.6211466415983202,1780819235.08141
fold_feature_subset,data/spearman_reduced_features/interactions_only.csv,50,2,0.6511165668998383,1780819245.303173
fold_feature_subset,data/spearman_reduced_features/interactions_only.csv,50,3,0.6202135509523259,1780819255.989974
fold_feature_subset,data/spearman_reduced_features/interactions_only.csv,50,4,0.6463146304369092,1780819266.46314
fold_feature_subset,data/spearman_reduced_features/interactions_only.csv,50,5,0.6368025638069496,1780819276.724894
feature_subset_complete,data/spearman_reduced_features/interactions_only.csv,50,0.6351187907388686,1780819276.725755
fold_feature_subset,data/spearman_reduced_features/interactions_only.csv,55,1,0.6192311790294901,1780819287.347445
fold_feature_subset,data/spearman_reduced_features/interactions_only.csv,55,2,0.6497186826208715,1780819298.396586
fold_feature_subset,data/spearman_reduced_features/interactions_only.csv,55,3,0.6180395918725733,1780819309.5951722
fold_feature_subset,data/spearman_reduced_features/interactions_only.csv,55,4,0.6404665908439485,1780819321.6995142
fold_feature_subset,data/spearman_reduced_features/interactions_only.csv,55,5,0.6354436132291038,1780819333.741098
feature_subset_complete,data/spearman_reduced_features/interactions_only.csv,55,0.6325799315191974,1780819333.741763
fold_feature_subset,data/spearman_reduced_features/interactions_only.csv,60,1,0.6203009999877934,1780819346.789624
fold_feature_subset,data/spearman_reduced_features/interactions_only.csv,60,2,0.6501440886932216,1780819359.399529
fold_feature_subset,data/spearman_reduced_features/interactions_only.csv,60,3,0.6194077552792374,1780819371.889251
fold_feature_subset,data/spearman_reduced_features/interactions_only.csv,60,4,0.6398489775938727,1780819385.0386162
fold_feature_subset,data/spearman_reduced_features/interactions_only.csv,60,5,0.6361347707916899,1780819398.232977
feature_subset_complete,data/spearman_reduced_features/interactions_only.csv,60,0.6331673184691631,1780819398.2336352
fold_feature_subset,data/spearman_reduced_features/interactions_only.csv,65,1,0.6210260585529397,1780819411.9779258
fold_feature_subset,data/spearman_reduced_features/interactions_only.csv,65,2,0.6496454288281757,1780819426.409288
fold_feature_subset,data/spearman_reduced_features/interactions_only.csv,65,3,0.6190508329524504,1780819440.224571
fold_feature_subset,data/spearman_reduced_features/interactions_only.csv,65,4,0.6419899323080983,1780819454.117684
fold_feature_subset,data/spearman_reduced_features/interactions_only.csv,65,5,0.6365229650602269,1780819467.129202
feature_subset_complete,data/spearman_reduced_features/interactions_only.csv,65,0.6336470435403783,1780819467.129898
fold_feature_subset,data/spearman_reduced_features/interactions_only.csv,70,1,0.6213388159811126,1780819480.5301461
fold_feature_subset,data/spearman_reduced_features/interactions_only.csv,70,2,0.6503201962815295,1780819494.5323572
fold_feature_subset,data/spearman_reduced_features/interactions_only.csv,70,3,0.6183749391629453,1780819509.114322
fold_feature_subset,data/spearman_reduced_features/interactions_only.csv,70,4,0.6414949240416481,1780819523.6490061
fold_feature_subset,data/spearman_reduced_features/interactions_only.csv,70,5,0.6369264285413971,1780819537.8087249
feature_subset_complete,data/spearman_reduced_features/interactions_only.csv,70,0.6336910608017264,1780819537.809365
fold_feature_subset,data/spearman_reduced_features/interactions_only.csv,75,1,0.6216925635013076,1780819552.433952
fold_feature_subset,data/spearman_reduced_features/interactions_only.csv,75,2,0.6507264191470248,1780819567.6627488
fold_feature_subset,data/spearman_reduced_features/interactions_only.csv,75,3,0.6195118023403996,1780819584.5571892
fold_feature_subset,data/spearman_reduced_features/interactions_only.csv,75,4,0.6430687835375584,1780819599.4921339
fold_feature_subset,data/spearman_reduced_features/interactions_only.csv,75,5,0.6352531365797722,1780819614.437537
feature_subset_complete,data/spearman_reduced_features/interactions_only.csv,75,0.6340505410212126,1780819614.438625
fold_feature_subset,data/spearman_reduced_features/interactions_only.csv,80,1,0.6227494739833722,1780819629.656883
fold_feature_subset,data/spearman_reduced_features/interactions_only.csv,80,2,0.6496120462094573,1780819645.740233
fold_feature_subset,data/spearman_reduced_features/interactions_only.csv,80,3,0.6199188891569507,1780819662.324534
fold_feature_subset,data/spearman_reduced_features/interactions_only.csv,80,4,0.6427746075645361,1780819678.5802612
fold_feature_subset,data/spearman_reduced_features/interactions_only.csv,80,5,0.6351480786437548,1780819695.373753
feature_subset_complete,data/spearman_reduced_features/interactions_only.csv,80,0.6340406191116142,1780819695.374324
fold_feature_subset,data/spearman_reduced_features/interactions_only.csv,85,1,0.6233485175487254,1780819711.810029
fold_feature_subset,data/spearman_reduced_features/interactions_only.csv,85,2,0.6485591363152703,1780819729.035149
fold_feature_subset,data/spearman_reduced_features/interactions_only.csv,85,3,0.6196575850453936,1780819747.1307971
fold_feature_subset,data/spearman_reduced_features/interactions_only.csv,85,4,0.6424563883055018,1780819763.1966982
fold_feature_subset,data/spearman_reduced_features/interactions_only.csv,85,5,0.6358008183616782,1780819780.344247
feature_subset_complete,data/spearman_reduced_features/interactions_only.csv,85,0.6339644891153139,1780819780.34482
fold_feature_subset,data/spearman_reduced_features/interactions_only.csv,90,1,0.6228365127464686,1780819797.8314
fold_feature_subset,data/spearman_reduced_features/interactions_only.csv,90,2,0.649324739702636,1780819815.310046
fold_feature_subset,data/spearman_reduced_features/interactions_only.csv,90,3,0.61909620785903,1780819834.1335738
fold_feature_subset,data/spearman_reduced_features/interactions_only.csv,90,4,0.6427095726331441,1780819852.166512
fold_feature_subset,data/spearman_reduced_features/interactions_only.csv,90,5,0.6346646219709858,1780819870.1244009
feature_subset_complete,data/spearman_reduced_features/interactions_only.csv,90,0.6337263309824529,1780819870.125082
fold_feature_subset,data/spearman_reduced_features/interactions_only.csv,95,1,0.6248544755618896,1780819889.515877
fold_feature_subset,data/spearman_reduced_features/interactions_only.csv,95,2,0.6489335656244504,1780819909.501361
fold_feature_subset,data/spearman_reduced_features/interactions_only.csv,95,3,0.6188265314664299,1780819929.2792819
fold_feature_subset,data/spearman_reduced_features/interactions_only.csv,95,4,0.6427360571564532,1780819950.1786098
fold_feature_subset,data/spearman_reduced_features/interactions_only.csv,95,5,0.6348332238578476,1780819969.2418602
feature_subset_complete,data/spearman_reduced_features/interactions_only.csv,95,0.634036770733414,1780819969.2434921
fold_feature_subset,data/spearman_reduced_features/interactions_only.csv,100,1,0.6234530316352223,1780819991.512633
fold_feature_subset,data/spearman_reduced_features/interactions_only.csv,100,2,0.6485416635556328,1780820012.4016042
fold_feature_subset,data/spearman_reduced_features/interactions_only.csv,100,3,0.6187565952856444,1780820034.054333
fold_feature_subset,data/spearman_reduced_features/interactions_only.csv,100,4,0.641287005849491,1780820054.6882272
fold_feature_subset,data/spearman_reduced_features/interactions_only.csv,100,5,0.6340461321340409,1780820076.250575
feature_subset_complete,data/spearman_reduced_features/interactions_only.csv,100,0.6332168856920063,1780820076.251661
fold_feature_subset,data/spearman_reduced_features/interactions_only.csv,200,1,0.6122334049968591,1780820113.847873
fold_feature_subset,data/spearman_reduced_features/interactions_only.csv,200,2,0.6316103151340617,1780820151.471236
fold_feature_subset,data/spearman_reduced_features/interactions_only.csv,200,3,0.6021833117673289,1780820189.7865448
fold_feature_subset,data/spearman_reduced_features/interactions_only.csv,200,4,0.6350352300647428,1780820227.717746
fold_feature_subset,data/spearman_reduced_features/interactions_only.csv,200,5,0.6173600215909313,1780820265.859305
feature_subset_complete,data/spearman_reduced_features/interactions_only.csv,200,0.6196844567107848,1780820265.861082
dataset_complete,data/spearman_reduced_features/interactions_only.csv,1347.4430429935455,1780820265.861413
dataset_start,data/spearman_reduced_features/transformations_only.csv,1780820265.879256
fold_feature_subset,data/spearman_reduced_features/transformations_only.csv,5,1,0.7802444668751601,1780820274.178352
fold_feature_subset,data/spearman_reduced_features/transformations_only.csv,5,2,0.8082517062206453,1780820274.925736
fold_feature_subset,data/spearman_reduced_features/transformations_only.csv,5,3,0.7742868563944098,1780820275.654648
fold_feature_subset,data/spearman_reduced_features/transformations_only.csv,5,4,0.8145866644008193,1780820276.388461
fold_feature_subset,data/spearman_reduced_features/transformations_only.csv,5,5,0.793038752319701,1780820277.097714
feature_subset_complete,data/spearman_reduced_features/transformations_only.csv,5,0.794081689242147,1780820277.09853
fold_feature_subset,data/spearman_reduced_features/transformations_only.csv,10,1,0.6850792778274507,1780820278.4408588
fold_feature_subset,data/spearman_reduced_features/transformations_only.csv,10,2,0.7054694411138853,1780820280.0225742
fold_feature_subset,data/spearman_reduced_features/transformations_only.csv,10,3,0.680719117171403,1780820281.615287
fold_feature_subset,data/spearman_reduced_features/transformations_only.csv,10,4,0.7106960139190691,1780820283.188546
fold_feature_subset,data/spearman_reduced_features/transformations_only.csv,10,5,0.6969671619785806,1780820284.730028
feature_subset_complete,data/spearman_reduced_features/transformations_only.csv,10,0.6957862024020778,1780820284.730745
fold_feature_subset,data/spearman_reduced_features/transformations_only.csv,15,1,0.671417047770758,1780820286.977997
fold_feature_subset,data/spearman_reduced_features/transformations_only.csv,15,2,0.6860590774344301,1780820289.288244
fold_feature_subset,data/spearman_reduced_features/transformations_only.csv,15,3,0.6540143756208755,1780820291.4843268
fold_feature_subset,data/spearman_reduced_features/transformations_only.csv,15,4,0.6951850346520176,1780820293.683636
fold_feature_subset,data/spearman_reduced_features/transformations_only.csv,15,5,0.6814720952133922,1780820295.938035
feature_subset_complete,data/spearman_reduced_features/transformations_only.csv,15,0.6776295261382946,1780820295.938693
fold_feature_subset,data/spearman_reduced_features/transformations_only.csv,20,1,0.6578499234926236,1780820298.689431
fold_feature_subset,data/spearman_reduced_features/transformations_only.csv,20,2,0.6789443505771793,1780820301.442923
fold_feature_subset,data/spearman_reduced_features/transformations_only.csv,20,3,0.6536556390583125,1780820304.23743
fold_feature_subset,data/spearman_reduced_features/transformations_only.csv,20,4,0.6852243355659478,1780820307.021564
fold_feature_subset,data/spearman_reduced_features/transformations_only.csv,20,5,0.6830391806012093,1780820309.655884
feature_subset_complete,data/spearman_reduced_features/transformations_only.csv,20,0.6717426858590544,1780820309.6566458
fold_feature_subset,data/spearman_reduced_features/transformations_only.csv,25,1,0.6333497448121681,1780820313.158026
fold_feature_subset,data/spearman_reduced_features/transformations_only.csv,25,2,0.6522737458563393,1780820316.589102
fold_feature_subset,data/spearman_reduced_features/transformations_only.csv,25,3,0.6248765894788596,1780820320.0396621
fold_feature_subset,data/spearman_reduced_features/transformations_only.csv,25,4,0.6639680664472445,1780820323.455542
fold_feature_subset,data/spearman_reduced_features/transformations_only.csv,25,5,0.6446416509595364,1780820327.115315
feature_subset_complete,data/spearman_reduced_features/transformations_only.csv,25,0.6438219595108297,1780820327.116395
fold_feature_subset,data/spearman_reduced_features/transformations_only.csv,30,1,0.632869073591519,1780820331.259596
fold_feature_subset,data/spearman_reduced_features/transformations_only.csv,30,2,0.6529257668319236,1780820335.322865
fold_feature_subset,data/spearman_reduced_features/transformations_only.csv,30,3,0.621223052686287,1780820339.610453
fold_feature_subset,data/spearman_reduced_features/transformations_only.csv,30,4,0.6626550084787972,1780820343.642327
fold_feature_subset,data/spearman_reduced_features/transformations_only.csv,30,5,0.6426468607219766,1780820347.8549209
feature_subset_complete,data/spearman_reduced_features/transformations_only.csv,30,0.6424639524621008,1780820347.855904
dataset_complete,data/spearman_reduced_features/transformations_only.csv,81.97702407836914,1780820347.85628
dataset_start,data/spearman_reduced_features/all_4_combined.csv,1780820347.869478
fold_feature_subset,data/spearman_reduced_features/all_4_combined.csv,5,1,0.7313619150360996,1780821231.9808419
fold_feature_subset,data/spearman_reduced_features/all_4_combined.csv,5,2,0.7544996239037414,1780821233.095894
fold_feature_subset,data/spearman_reduced_features/all_4_combined.csv,5,3,0.7230831623260358,1780821234.198334
fold_feature_subset,data/spearman_reduced_features/all_4_combined.csv,5,4,0.7502532142268242,1780821235.399796
fold_feature_subset,data/spearman_reduced_features/all_4_combined.csv,5,5,0.7456791487687361,1780821236.543726
feature_subset_complete,data/spearman_reduced_features/all_4_combined.csv,5,0.7409754128522874,1780821236.5442219
fold_feature_subset,data/spearman_reduced_features/all_4_combined.csv,10,1,0.6665284706249782,1780821238.349518
fold_feature_subset,data/spearman_reduced_features/all_4_combined.csv,10,2,0.6906423802958152,1780821240.165893
fold_feature_subset,data/spearman_reduced_features/all_4_combined.csv,10,3,0.6659864915086788,1780821241.97871
fold_feature_subset,data/spearman_reduced_features/all_4_combined.csv,10,4,0.6923113640079205,1780821243.837204
fold_feature_subset,data/spearman_reduced_features/all_4_combined.csv,10,5,0.6837740545932992,1780821245.675242
feature_subset_complete,data/spearman_reduced_features/all_4_combined.csv,10,0.6798485522061384,1780821245.6758668
fold_feature_subset,data/spearman_reduced_features/all_4_combined.csv,15,1,0.6619849090705081,1780821248.5703151
fold_feature_subset,data/spearman_reduced_features/all_4_combined.csv,15,2,0.68039142273399,1780821251.739302
fold_feature_subset,data/spearman_reduced_features/all_4_combined.csv,15,3,0.6636756234365966,1780821254.706673
fold_feature_subset,data/spearman_reduced_features/all_4_combined.csv,15,4,0.6898453532496197,1780821257.7039628
fold_feature_subset,data/spearman_reduced_features/all_4_combined.csv,15,5,0.6760463070745445,1780821260.871721
feature_subset_complete,data/spearman_reduced_features/all_4_combined.csv,15,0.6743887231130518,1780821260.872231
fold_feature_subset,data/spearman_reduced_features/all_4_combined.csv,20,1,0.6524070823719448,1780821264.938844
fold_feature_subset,data/spearman_reduced_features/all_4_combined.csv,20,2,0.671455998463662,1780821268.978135
fold_feature_subset,data/spearman_reduced_features/all_4_combined.csv,20,3,0.6598987357600241,1780821273.0176919
fold_feature_subset,data/spearman_reduced_features/all_4_combined.csv,20,4,0.6841984415723902,1780821277.133325
fold_feature_subset,data/spearman_reduced_features/all_4_combined.csv,20,5,0.6682157324601654,1780821280.9654799
feature_subset_complete,data/spearman_reduced_features/all_4_combined.csv,20,0.6672351981256373,1780821280.96607
fold_feature_subset,data/spearman_reduced_features/all_4_combined.csv,25,1,0.6523666545545508,1780821285.6549718
fold_feature_subset,data/spearman_reduced_features/all_4_combined.csv,25,2,0.6672575609203498,1780821290.444837
fold_feature_subset,data/spearman_reduced_features/all_4_combined.csv,25,3,0.6547191992098906,1780821295.534102
fold_feature_subset,data/spearman_reduced_features/all_4_combined.csv,25,4,0.6842520199334705,1780821300.368879
fold_feature_subset,data/spearman_reduced_features/all_4_combined.csv,25,5,0.6684436524828884,1780821305.720418
feature_subset_complete,data/spearman_reduced_features/all_4_combined.csv,25,0.66540781742023,1780821305.72097
fold_feature_subset,data/spearman_reduced_features/all_4_combined.csv,30,1,0.6473408144114168,1780821312.00371
fold_feature_subset,data/spearman_reduced_features/all_4_combined.csv,30,2,0.6671738733811253,1780821317.804278
fold_feature_subset,data/spearman_reduced_features/all_4_combined.csv,30,3,0.6535115776145979,1780821323.883094
fold_feature_subset,data/spearman_reduced_features/all_4_combined.csv,30,4,0.6808607937980264,1780821329.750509
fold_feature_subset,data/spearman_reduced_features/all_4_combined.csv,30,5,0.6618338155088818,1780821336.1379468
feature_subset_complete,data/spearman_reduced_features/all_4_combined.csv,30,0.6621441749428096,1780821336.1385229
fold_feature_subset,data/spearman_reduced_features/all_4_combined.csv,35,1,0.6422581411377871,1780821343.548152
fold_feature_subset,data/spearman_reduced_features/all_4_combined.csv,35,2,0.6594943071512712,1780821351.57725
fold_feature_subset,data/spearman_reduced_features/all_4_combined.csv,35,3,0.6429854157546696,1780821359.941715
fold_feature_subset,data/spearman_reduced_features/all_4_combined.csv,35,4,0.6724520259109968,1780821368.585431
fold_feature_subset,data/spearman_reduced_features/all_4_combined.csv,35,5,0.6614114950384632,1780821376.4429572
feature_subset_complete,data/spearman_reduced_features/all_4_combined.csv,35,0.6557202769986377,1780821376.443696
fold_feature_subset,data/spearman_reduced_features/all_4_combined.csv,40,1,0.6388423868824497,1780821386.0283258
fold_feature_subset,data/spearman_reduced_features/all_4_combined.csv,40,2,0.6576664450349039,1780821394.807873
fold_feature_subset,data/spearman_reduced_features/all_4_combined.csv,40,3,0.6397488033500208,1780821404.104832
fold_feature_subset,data/spearman_reduced_features/all_4_combined.csv,40,4,0.6722675335790467,1780821413.053003
fold_feature_subset,data/spearman_reduced_features/all_4_combined.csv,40,5,0.6551782367555209,1780821422.168767
feature_subset_complete,data/spearman_reduced_features/all_4_combined.csv,40,0.6527406811203883,1780821422.1694632
fold_feature_subset,data/spearman_reduced_features/all_4_combined.csv,45,1,0.6358878626781138,1780821432.260701
fold_feature_subset,data/spearman_reduced_features/all_4_combined.csv,45,2,0.6560356777201973,1780821442.258559
fold_feature_subset,data/spearman_reduced_features/all_4_combined.csv,45,3,0.6378490534635548,1780821452.429473
fold_feature_subset,data/spearman_reduced_features/all_4_combined.csv,45,4,0.6688477174679881,1780821462.6777852
fold_feature_subset,data/spearman_reduced_features/all_4_combined.csv,45,5,0.6524496542356782,1780821473.4379892
feature_subset_complete,data/spearman_reduced_features/all_4_combined.csv,45,0.6502139931131065,1780821473.438771
fold_feature_subset,data/spearman_reduced_features/all_4_combined.csv,50,1,0.6354184231651161,1780821484.607632
fold_feature_subset,data/spearman_reduced_features/all_4_combined.csv,50,2,0.6548128205425126,1780821495.7761679
fold_feature_subset,data/spearman_reduced_features/all_4_combined.csv,50,3,0.6365366641873189,1780821508.533507
fold_feature_subset,data/spearman_reduced_features/all_4_combined.csv,50,4,0.665501352752766,1780821519.4691598
fold_feature_subset,data/spearman_reduced_features/all_4_combined.csv,50,5,0.6476346612960167,1780821531.0078678
feature_subset_complete,data/spearman_reduced_features/all_4_combined.csv,50,0.6479807843887461,1780821531.008527
fold_feature_subset,data/spearman_reduced_features/all_4_combined.csv,55,1,0.6351464162009312,1780821542.994576
fold_feature_subset,data/spearman_reduced_features/all_4_combined.csv,55,2,0.6541147573394209,1780821555.1317608
fold_feature_subset,data/spearman_reduced_features/all_4_combined.csv,55,3,0.6343746600653787,1780821567.3708942
fold_feature_subset,data/spearman_reduced_features/all_4_combined.csv,55,4,0.6641083177535484,1780821580.783699
fold_feature_subset,data/spearman_reduced_features/all_4_combined.csv,55,5,0.6492250338287477,1780821593.155759
feature_subset_complete,data/spearman_reduced_features/all_4_combined.csv,55,0.6473938370376053,1780821593.156437
fold_feature_subset,data/spearman_reduced_features/all_4_combined.csv,60,1,0.6233440860661088,1780821606.4884
fold_feature_subset,data/spearman_reduced_features/all_4_combined.csv,60,2,0.6444505880989676,1780821619.3001542
fold_feature_subset,data/spearman_reduced_features/all_4_combined.csv,60,3,0.6254609087369061,1780821632.714426
fold_feature_subset,data/spearman_reduced_features/all_4_combined.csv,60,4,0.6479821337074456,1780821645.5196018
fold_feature_subset,data/spearman_reduced_features/all_4_combined.csv,60,5,0.6340559024441128,1780821658.463891
feature_subset_complete,data/spearman_reduced_features/all_4_combined.csv,60,0.6350587238107083,1780821658.465384
fold_feature_subset,data/spearman_reduced_features/all_4_combined.csv,65,1,0.6235134553982074,1780821671.577981
fold_feature_subset,data/spearman_reduced_features/all_4_combined.csv,65,2,0.6433034291963218,1780821684.7808268
fold_feature_subset,data/spearman_reduced_features/all_4_combined.csv,65,3,0.624993660225968,1780821698.0125802
fold_feature_subset,data/spearman_reduced_features/all_4_combined.csv,65,4,0.6475029684161621,1780821711.036593
fold_feature_subset,data/spearman_reduced_features/all_4_combined.csv,65,5,0.6357932792671143,1780821725.2364988
feature_subset_complete,data/spearman_reduced_features/all_4_combined.csv,65,0.6350213585007547,1780821725.237182
fold_feature_subset,data/spearman_reduced_features/all_4_combined.csv,70,1,0.6215084406883546,1780821740.151497
fold_feature_subset,data/spearman_reduced_features/all_4_combined.csv,70,2,0.6420951987266846,1780821754.6901739
fold_feature_subset,data/spearman_reduced_features/all_4_combined.csv,70,3,0.6231300986011924,1780821769.330816
fold_feature_subset,data/spearman_reduced_features/all_4_combined.csv,70,4,0.6478842884947622,1780821783.49629
fold_feature_subset,data/spearman_reduced_features/all_4_combined.csv,70,5,0.6325727330019649,1780821798.608055
feature_subset_complete,data/spearman_reduced_features/all_4_combined.csv,70,0.6334381519025918,1780821798.6086452
fold_feature_subset,data/spearman_reduced_features/all_4_combined.csv,75,1,0.6192227114617193,1780821814.288787
fold_feature_subset,data/spearman_reduced_features/all_4_combined.csv,75,2,0.6414543812325131,1780821829.543191
fold_feature_subset,data/spearman_reduced_features/all_4_combined.csv,75,3,0.6220605983780207,1780821845.002678
fold_feature_subset,data/spearman_reduced_features/all_4_combined.csv,75,4,0.646567368230923,1780821861.062391
fold_feature_subset,data/spearman_reduced_features/all_4_combined.csv,75,5,0.6320246890628168,1780821875.4473479
feature_subset_complete,data/spearman_reduced_features/all_4_combined.csv,75,0.6322659496731986,1780821875.4481049
fold_feature_subset,data/spearman_reduced_features/all_4_combined.csv,80,1,0.6210213100460236,1780821891.6068559
fold_feature_subset,data/spearman_reduced_features/all_4_combined.csv,80,2,0.6411894389376122,1780821907.920479
fold_feature_subset,data/spearman_reduced_features/all_4_combined.csv,80,3,0.6204990914308067,1780821923.570946
fold_feature_subset,data/spearman_reduced_features/all_4_combined.csv,80,4,0.6464225504452782,1780821940.311641
fold_feature_subset,data/spearman_reduced_features/all_4_combined.csv,80,5,0.631551017426151,1780821955.988957
feature_subset_complete,data/spearman_reduced_features/all_4_combined.csv,80,0.6321366816571743,1780821955.98985
fold_feature_subset,data/spearman_reduced_features/all_4_combined.csv,85,1,0.6180767343300504,1780821972.044336
fold_feature_subset,data/spearman_reduced_features/all_4_combined.csv,85,2,0.6413982826335884,1780821988.260382
fold_feature_subset,data/spearman_reduced_features/all_4_combined.csv,85,3,0.6203772713299116,1780822004.181088
fold_feature_subset,data/spearman_reduced_features/all_4_combined.csv,85,4,0.6467527153642983,1780822020.722529
fold_feature_subset,data/spearman_reduced_features/all_4_combined.csv,85,5,0.6300947880053488,1780822037.262841
feature_subset_complete,data/spearman_reduced_features/all_4_combined.csv,85,0.6313399583326395,1780822037.263409
fold_feature_subset,data/spearman_reduced_features/all_4_combined.csv,90,1,0.6184223531606072,1780822054.375596
fold_feature_subset,data/spearman_reduced_features/all_4_combined.csv,90,2,0.6436230169999199,1780822072.3208342
fold_feature_subset,data/spearman_reduced_features/all_4_combined.csv,90,3,0.6216558369338075,1780822090.308414
fold_feature_subset,data/spearman_reduced_features/all_4_combined.csv,90,4,0.6472642874662073,1780822108.962507
fold_feature_subset,data/spearman_reduced_features/all_4_combined.csv,90,5,0.6295096002275025,1780822127.248137
feature_subset_complete,data/spearman_reduced_features/all_4_combined.csv,90,0.6320950189576089,1780822127.248704
fold_feature_subset,data/spearman_reduced_features/all_4_combined.csv,95,1,0.6113747707029806,1780822146.262828
fold_feature_subset,data/spearman_reduced_features/all_4_combined.csv,95,2,0.6385852638287581,1780822165.0422301
fold_feature_subset,data/spearman_reduced_features/all_4_combined.csv,95,3,0.6141800238409781,1780822183.1158888
fold_feature_subset,data/spearman_reduced_features/all_4_combined.csv,95,4,0.637779917722882,1780822203.146732
fold_feature_subset,data/spearman_reduced_features/all_4_combined.csv,95,5,0.6256254912021955,1780822222.647736
feature_subset_complete,data/spearman_reduced_features/all_4_combined.csv,95,0.625509093459559,1780822222.6482902
fold_feature_subset,data/spearman_reduced_features/all_4_combined.csv,100,1,0.6056886605119257,1780822242.8539011
fold_feature_subset,data/spearman_reduced_features/all_4_combined.csv,100,2,0.6337983741837945,1780822263.384931
fold_feature_subset,data/spearman_reduced_features/all_4_combined.csv,100,3,0.6068500151619662,1780822282.7235572
fold_feature_subset,data/spearman_reduced_features/all_4_combined.csv,100,4,0.6276090247789062,1780822302.5878131
fold_feature_subset,data/spearman_reduced_features/all_4_combined.csv,100,5,0.6197770226833873,1780822323.959832
feature_subset_complete,data/spearman_reduced_features/all_4_combined.csv,100,0.618744619463996,1780822323.960604
fold_feature_subset,data/spearman_reduced_features/all_4_combined.csv,200,1,0.5912641768838598,1780822362.610809
fold_feature_subset,data/spearman_reduced_features/all_4_combined.csv,200,2,0.6212226618588799,1780822401.425994
fold_feature_subset,data/spearman_reduced_features/all_4_combined.csv,200,3,0.5956423868633075,1780822440.900733
fold_feature_subset,data/spearman_reduced_features/all_4_combined.csv,200,4,0.6185055672033527,1780822480.844772
fold_feature_subset,data/spearman_reduced_features/all_4_combined.csv,200,5,0.605639664985899,1780822521.129787
feature_subset_complete,data/spearman_reduced_features/all_4_combined.csv,200,0.6064548915590597,1780822521.131864
fold_feature_subset,data/spearman_reduced_features/all_4_combined.csv,300,1,0.5924353250180106,1780822581.91076
fold_feature_subset,data/spearman_reduced_features/all_4_combined.csv,300,2,0.6169880116972968,1780822640.920206
fold_feature_subset,data/spearman_reduced_features/all_4_combined.csv,300,3,0.5887599900883711,1780822698.41779
fold_feature_subset,data/spearman_reduced_features/all_4_combined.csv,300,4,0.6201465785464501,1780822755.059314
fold_feature_subset,data/spearman_reduced_features/all_4_combined.csv,300,5,0.6016886906201264,1780822813.866303
feature_subset_complete,data/spearman_reduced_features/all_4_combined.csv,300,0.6040037191940509,1780822813.8668191
fold_feature_subset,data/spearman_reduced_features/all_4_combined.csv,400,1,0.5919476766876409,1780822883.930371
fold_feature_subset,data/spearman_reduced_features/all_4_combined.csv,400,2,0.6172814612835552,1780822956.515927
fold_feature_subset,data/spearman_reduced_features/all_4_combined.csv,400,3,0.5885301796035747,1780823025.692757
fold_feature_subset,data/spearman_reduced_features/all_4_combined.csv,400,4,0.6170600789328754,1780823098.6785011
fold_feature_subset,data/spearman_reduced_features/all_4_combined.csv,400,5,0.6005746880167961,1780823173.202027
feature_subset_complete,data/spearman_reduced_features/all_4_combined.csv,400,0.6030788169048884,1780823173.203394
fold_feature_subset,data/spearman_reduced_features/all_4_combined.csv,500,1,0.591672105364406,1780823271.1746418
fold_feature_subset,data/spearman_reduced_features/all_4_combined.csv,500,2,0.6166667016246421,1780823365.4915159
fold_feature_subset,data/spearman_reduced_features/all_4_combined.csv,500,3,0.5878783642111816,1780823465.154824
fold_feature_subset,data/spearman_reduced_features/all_4_combined.csv,500,4,0.6183846378586694,1780823562.6317172
fold_feature_subset,data/spearman_reduced_features/all_4_combined.csv,500,5,0.602217313700021,1780823665.329661
feature_subset_complete,data/spearman_reduced_features/all_4_combined.csv,500,0.603363824551784,1780823665.331518
dataset_complete,data/spearman_reduced_features/all_4_combined.csv,3317.4623568058014,1780823665.3318348
dataset_start,data/spearman_reduced_features/interactions_and_ratios.csv,1780823665.368159
fold_feature_subset,data/spearman_reduced_features/interactions_and_ratios.csv,5,1,0.7310268511524418,1780824155.428671
fold_feature_subset,data/spearman_reduced_features/interactions_and_ratios.csv,5,2,0.7537736250120806,1780824156.580441
fold_feature_subset,data/spearman_reduced_features/interactions_and_ratios.csv,5,3,0.7224729648089168,1780824157.80771
fold_feature_subset,data/spearman_reduced_features/interactions_and_ratios.csv,5,4,0.7501422833978109,1780824158.946058
fold_feature_subset,data/spearman_reduced_features/interactions_and_ratios.csv,5,5,0.7458500098263278,1780824160.2365701
feature_subset_complete,data/spearman_reduced_features/interactions_and_ratios.csv,5,0.7406531468395154,1780824160.237071
fold_feature_subset,data/spearman_reduced_features/interactions_and_ratios.csv,10,1,0.666694806124165,1780824162.135246
fold_feature_subset,data/spearman_reduced_features/interactions_and_ratios.csv,10,2,0.6906889550477763,1780824163.956629
fold_feature_subset,data/spearman_reduced_features/interactions_and_ratios.csv,10,3,0.6668351826886297,1780824165.8371189
fold_feature_subset,data/spearman_reduced_features/interactions_and_ratios.csv,10,4,0.6926167544358572,1780824167.754648
fold_feature_subset,data/spearman_reduced_features/interactions_and_ratios.csv,10,5,0.6841103414614432,1780824169.611031
feature_subset_complete,data/spearman_reduced_features/interactions_and_ratios.csv,10,0.6801892079515743,1780824169.611947
fold_feature_subset,data/spearman_reduced_features/interactions_and_ratios.csv,15,1,0.6611551506218148,1780824172.4709601
fold_feature_subset,data/spearman_reduced_features/interactions_and_ratios.csv,15,2,0.6795339789195675,1780824175.5257778
fold_feature_subset,data/spearman_reduced_features/interactions_and_ratios.csv,15,3,0.6632289807593176,1780824178.846764
fold_feature_subset,data/spearman_reduced_features/interactions_and_ratios.csv,15,4,0.6910675582340299,1780824181.750893
fold_feature_subset,data/spearman_reduced_features/interactions_and_ratios.csv,15,5,0.6764523591715668,1780824184.706172
feature_subset_complete,data/spearman_reduced_features/interactions_and_ratios.csv,15,0.6742876055412592,1780824184.706923
fold_feature_subset,data/spearman_reduced_features/interactions_and_ratios.csv,20,1,0.6528829547418614,1780824188.508121
fold_feature_subset,data/spearman_reduced_features/interactions_and_ratios.csv,20,2,0.671529073930157,1780824192.561557
fold_feature_subset,data/spearman_reduced_features/interactions_and_ratios.csv,20,3,0.6593245133580674,1780824196.594178
fold_feature_subset,data/spearman_reduced_features/interactions_and_ratios.csv,20,4,0.6843281994544529,1780824200.681996
fold_feature_subset,data/spearman_reduced_features/interactions_and_ratios.csv,20,5,0.66790113068066,1780824204.7597451
feature_subset_complete,data/spearman_reduced_features/interactions_and_ratios.csv,20,0.6671931744330398,1780824204.760499
fold_feature_subset,data/spearman_reduced_features/interactions_and_ratios.csv,25,1,0.6514278872980783,1780824209.219867
fold_feature_subset,data/spearman_reduced_features/interactions_and_ratios.csv,25,2,0.66705326801304,1780824214.033866
fold_feature_subset,data/spearman_reduced_features/interactions_and_ratios.csv,25,3,0.6546896551863639,1780824218.866252
fold_feature_subset,data/spearman_reduced_features/interactions_and_ratios.csv,25,4,0.6843666452024769,1780824223.7277749
fold_feature_subset,data/spearman_reduced_features/interactions_and_ratios.csv,25,5,0.6681398770709792,1780824229.226272
feature_subset_complete,data/spearman_reduced_features/interactions_and_ratios.csv,25,0.6651354665541878,1780824229.2268422
fold_feature_subset,data/spearman_reduced_features/interactions_and_ratios.csv,30,1,0.6473174064191748,1780824235.220513
fold_feature_subset,data/spearman_reduced_features/interactions_and_ratios.csv,30,2,0.6664341088003308,1780824241.800253
fold_feature_subset,data/spearman_reduced_features/interactions_and_ratios.csv,30,3,0.6531736591691477,1780824248.306227
fold_feature_subset,data/spearman_reduced_features/interactions_and_ratios.csv,30,4,0.6804743020725629,1780824254.814307
fold_feature_subset,data/spearman_reduced_features/interactions_and_ratios.csv,30,5,0.662106141908126,1780824261.4667652
feature_subset_complete,data/spearman_reduced_features/interactions_and_ratios.csv,30,0.6619011236738684,1780824261.4674728
fold_feature_subset,data/spearman_reduced_features/interactions_and_ratios.csv,35,1,0.6421955777921231,1780824269.012362
fold_feature_subset,data/spearman_reduced_features/interactions_and_ratios.csv,35,2,0.6594717143959372,1780824277.3045068
fold_feature_subset,data/spearman_reduced_features/interactions_and_ratios.csv,35,3,0.6437080701008454,1780824284.9399931
fold_feature_subset,data/spearman_reduced_features/interactions_and_ratios.csv,35,4,0.6730194616753689,1780824292.944479
fold_feature_subset,data/spearman_reduced_features/interactions_and_ratios.csv,35,5,0.6614839809512142,1780824300.480187
feature_subset_complete,data/spearman_reduced_features/interactions_and_ratios.csv,35,0.6559757609830978,1780824300.480814
fold_feature_subset,data/spearman_reduced_features/interactions_and_ratios.csv,40,1,0.6386805826813509,1780824309.42506
fold_feature_subset,data/spearman_reduced_features/interactions_and_ratios.csv,40,2,0.6571876352678797,1780824318.234812
fold_feature_subset,data/spearman_reduced_features/interactions_and_ratios.csv,40,3,0.6397276274080833,1780824327.229932
fold_feature_subset,data/spearman_reduced_features/interactions_and_ratios.csv,40,4,0.6710315581838769,1780824336.0696902
fold_feature_subset,data/spearman_reduced_features/interactions_and_ratios.csv,40,5,0.6554341881091282,1780824344.821932
feature_subset_complete,data/spearman_reduced_features/interactions_and_ratios.csv,40,0.6524123183300639,1780824344.8233678
fold_feature_subset,data/spearman_reduced_features/interactions_and_ratios.csv,45,1,0.6357306322296576,1780824353.8830478
fold_feature_subset,data/spearman_reduced_features/interactions_and_ratios.csv,45,2,0.6555087462463991,1780824363.4213278
fold_feature_subset,data/spearman_reduced_features/interactions_and_ratios.csv,45,3,0.6373681312307995,1780824373.0719821
fold_feature_subset,data/spearman_reduced_features/interactions_and_ratios.csv,45,4,0.6691835297362346,1780824382.28043
fold_feature_subset,data/spearman_reduced_features/interactions_and_ratios.csv,45,5,0.6520481604458366,1780824391.610691
feature_subset_complete,data/spearman_reduced_features/interactions_and_ratios.csv,45,0.6499678399777855,1780824391.611476
fold_feature_subset,data/spearman_reduced_features/interactions_and_ratios.csv,50,1,0.6358384542820018,1780824401.588626
fold_feature_subset,data/spearman_reduced_features/interactions_and_ratios.csv,50,2,0.6549305845020986,1780824411.6225312
fold_feature_subset,data/spearman_reduced_features/interactions_and_ratios.csv,50,3,0.636573148423459,1780824421.683699
fold_feature_subset,data/spearman_reduced_features/interactions_and_ratios.csv,50,4,0.6655830640801796,1780824431.7719412
fold_feature_subset,data/spearman_reduced_features/interactions_and_ratios.csv,50,5,0.6488472378294229,1780824442.10848
feature_subset_complete,data/spearman_reduced_features/interactions_and_ratios.csv,50,0.6483544978234324,1780824442.1093068
fold_feature_subset,data/spearman_reduced_features/interactions_and_ratios.csv,55,1,0.6347834733764073,1780824452.9084642
fold_feature_subset,data/spearman_reduced_features/interactions_and_ratios.csv,55,2,0.6541896761292761,1780824464.408586
fold_feature_subset,data/spearman_reduced_features/interactions_and_ratios.csv,55,3,0.6338996855819063,1780824475.1733508
fold_feature_subset,data/spearman_reduced_features/interactions_and_ratios.csv,55,4,0.6632609296174491,1780824485.6491761
fold_feature_subset,data/spearman_reduced_features/interactions_and_ratios.csv,55,5,0.6486428410828434,1780824496.626344
feature_subset_complete,data/spearman_reduced_features/interactions_and_ratios.csv,55,0.6469553211575765,1780824496.627271
fold_feature_subset,data/spearman_reduced_features/interactions_and_ratios.csv,60,1,0.6222116452143798,1780824508.651625
fold_feature_subset,data/spearman_reduced_features/interactions_and_ratios.csv,60,2,0.6435374226235487,1780824521.188116
fold_feature_subset,data/spearman_reduced_features/interactions_and_ratios.csv,60,3,0.6262143835659313,1780824532.72107
fold_feature_subset,data/spearman_reduced_features/interactions_and_ratios.csv,60,4,0.6477105384550444,1780824544.310772
fold_feature_subset,data/spearman_reduced_features/interactions_and_ratios.csv,60,5,0.6340016914026056,1780824556.0972831
feature_subset_complete,data/spearman_reduced_features/interactions_and_ratios.csv,60,0.6347351362523019,1780824556.0978749
fold_feature_subset,data/spearman_reduced_features/interactions_and_ratios.csv,65,1,0.6236145900224781,1780824568.0449438
fold_feature_subset,data/spearman_reduced_features/interactions_and_ratios.csv,65,2,0.6433358404658713,1780824580.142516
fold_feature_subset,data/spearman_reduced_features/interactions_and_ratios.csv,65,3,0.625448412055282,1780824592.464403
fold_feature_subset,data/spearman_reduced_features/interactions_and_ratios.csv,65,4,0.6476170644606493,1780824606.6908102
fold_feature_subset,data/spearman_reduced_features/interactions_and_ratios.csv,65,5,0.6352605662234528,1780824620.080279
feature_subset_complete,data/spearman_reduced_features/interactions_and_ratios.csv,65,0.6350552946455467,1780824620.080887
fold_feature_subset,data/spearman_reduced_features/interactions_and_ratios.csv,70,1,0.6219512983358646,1780824634.474656
fold_feature_subset,data/spearman_reduced_features/interactions_and_ratios.csv,70,2,0.6425839905842229,1780824648.846907
fold_feature_subset,data/spearman_reduced_features/interactions_and_ratios.csv,70,3,0.6232133499617487,1780824663.0399091
fold_feature_subset,data/spearman_reduced_features/interactions_and_ratios.csv,70,4,0.6480666273779483,1780824678.24761
fold_feature_subset,data/spearman_reduced_features/interactions_and_ratios.csv,70,5,0.6332115526628644,1780824692.661692
feature_subset_complete,data/spearman_reduced_features/interactions_and_ratios.csv,70,0.6338053637845298,1780824692.662904
fold_feature_subset,data/spearman_reduced_features/interactions_and_ratios.csv,75,1,0.6200018288395429,1780824707.317141
fold_feature_subset,data/spearman_reduced_features/interactions_and_ratios.csv,75,2,0.6422677452188291,1780824722.088011
fold_feature_subset,data/spearman_reduced_features/interactions_and_ratios.csv,75,3,0.6222593261998443,1780824737.776528
fold_feature_subset,data/spearman_reduced_features/interactions_and_ratios.csv,75,4,0.6461244101192896,1780824754.704812
fold_feature_subset,data/spearman_reduced_features/interactions_and_ratios.csv,75,5,0.6307596430818831,1780824769.422805
feature_subset_complete,data/spearman_reduced_features/interactions_and_ratios.csv,75,0.6322825906918779,1780824769.4242308
fold_feature_subset,data/spearman_reduced_features/interactions_and_ratios.csv,80,1,0.6205295115329831,1780824785.966104
fold_feature_subset,data/spearman_reduced_features/interactions_and_ratios.csv,80,2,0.6410891342388122,1780824801.622186
fold_feature_subset,data/spearman_reduced_features/interactions_and_ratios.csv,80,3,0.621614171177567,1780824817.4996061
fold_feature_subset,data/spearman_reduced_features/interactions_and_ratios.csv,80,4,0.6464762857879888,1780824832.990491
fold_feature_subset,data/spearman_reduced_features/interactions_and_ratios.csv,80,5,0.6317941340599059,1780824848.690146
feature_subset_complete,data/spearman_reduced_features/interactions_and_ratios.csv,80,0.6323006473594515,1780824848.6913931
fold_feature_subset,data/spearman_reduced_features/interactions_and_ratios.csv,85,1,0.6187606553325354,1780824867.3437598
fold_feature_subset,data/spearman_reduced_features/interactions_and_ratios.csv,85,2,0.6421616641381578,1780824883.234136
fold_feature_subset,data/spearman_reduced_features/interactions_and_ratios.csv,85,3,0.6203621816051327,1780824899.515512
fold_feature_subset,data/spearman_reduced_features/interactions_and_ratios.csv,85,4,0.6457922171438518,1780824916.181393
fold_feature_subset,data/spearman_reduced_features/interactions_and_ratios.csv,85,5,0.6303513669666573,1780824932.604037
feature_subset_complete,data/spearman_reduced_features/interactions_and_ratios.csv,85,0.631485617037267,1780824932.604615
fold_feature_subset,data/spearman_reduced_features/interactions_and_ratios.csv,90,1,0.6186122553449374,1780824950.2522602
fold_feature_subset,data/spearman_reduced_features/interactions_and_ratios.csv,90,2,0.6435122243951008,1780824969.4554508
fold_feature_subset,data/spearman_reduced_features/interactions_and_ratios.csv,90,3,0.6216746676620069,1780824986.716088
fold_feature_subset,data/spearman_reduced_features/interactions_and_ratios.csv,90,4,0.6476489363037571,1780825004.572052
fold_feature_subset,data/spearman_reduced_features/interactions_and_ratios.csv,90,5,0.6295433404825725,1780825022.621768
feature_subset_complete,data/spearman_reduced_features/interactions_and_ratios.csv,90,0.6321982848376748,1780825022.623039
fold_feature_subset,data/spearman_reduced_features/interactions_and_ratios.csv,95,1,0.6114549693645297,1780825041.267939
fold_feature_subset,data/spearman_reduced_features/interactions_and_ratios.csv,95,2,0.6394203795903256,1780825060.746685
fold_feature_subset,data/spearman_reduced_features/interactions_and_ratios.csv,95,3,0.6139970099492378,1780825078.900856
fold_feature_subset,data/spearman_reduced_features/interactions_and_ratios.csv,95,4,0.638146162269551,1780825100.014156
fold_feature_subset,data/spearman_reduced_features/interactions_and_ratios.csv,95,5,0.6246471618396614,1780825117.775779
feature_subset_complete,data/spearman_reduced_features/interactions_and_ratios.csv,95,0.6255331366026612,1780825117.776649
fold_feature_subset,data/spearman_reduced_features/interactions_and_ratios.csv,100,1,0.6059109671356074,1780825137.790327
fold_feature_subset,data/spearman_reduced_features/interactions_and_ratios.csv,100,2,0.6335439638304051,1780825156.775959
fold_feature_subset,data/spearman_reduced_features/interactions_and_ratios.csv,100,3,0.6065448852901534,1780825176.2607841
fold_feature_subset,data/spearman_reduced_features/interactions_and_ratios.csv,100,4,0.6271239483766456,1780825195.629152
fold_feature_subset,data/spearman_reduced_features/interactions_and_ratios.csv,100,5,0.620158053723387,1780825216.401134
feature_subset_complete,data/spearman_reduced_features/interactions_and_ratios.csv,100,0.6186563636712397,1780825216.4017138
fold_feature_subset,data/spearman_reduced_features/interactions_and_ratios.csv,200,1,0.5914568702513253,1780825253.5649998
fold_feature_subset,data/spearman_reduced_features/interactions_and_ratios.csv,200,2,0.6192251186089005,1780825290.008696
fold_feature_subset,data/spearman_reduced_features/interactions_and_ratios.csv,200,3,0.5934469175540237,1780825328.175887
fold_feature_subset,data/spearman_reduced_features/interactions_and_ratios.csv,200,4,0.6191886373670024,1780825364.477773
fold_feature_subset,data/spearman_reduced_features/interactions_and_ratios.csv,200,5,0.6061179075820183,1780825402.98068
feature_subset_complete,data/spearman_reduced_features/interactions_and_ratios.csv,200,0.6058870902726541,1780825402.981672
fold_feature_subset,data/spearman_reduced_features/interactions_and_ratios.csv,300,1,0.5925082193159097,1780825459.1873212
fold_feature_subset,data/spearman_reduced_features/interactions_and_ratios.csv,300,2,0.6164033233731693,1780825516.679039
fold_feature_subset,data/spearman_reduced_features/interactions_and_ratios.csv,300,3,0.5880565152964259,1780825571.0124211
fold_feature_subset,data/spearman_reduced_features/interactions_and_ratios.csv,300,4,0.6200502704354678,1780825625.1798909
fold_feature_subset,data/spearman_reduced_features/interactions_and_ratios.csv,300,5,0.6009424721316655,1780825679.477083
feature_subset_complete,data/spearman_reduced_features/interactions_and_ratios.csv,300,0.6035921601105276,1780825679.478465
fold_feature_subset,data/spearman_reduced_features/interactions_and_ratios.csv,400,1,0.5923139884246647,1780825753.3181288
fold_feature_subset,data/spearman_reduced_features/interactions_and_ratios.csv,400,2,0.6176408642553791,1780825827.34241
fold_feature_subset,data/spearman_reduced_features/interactions_and_ratios.csv,400,3,0.5886051239901761,1780825900.771012
fold_feature_subset,data/spearman_reduced_features/interactions_and_ratios.csv,400,4,0.6176009601510462,1780825972.3964632
fold_feature_subset,data/spearman_reduced_features/interactions_and_ratios.csv,400,5,0.6009502490397807,1780826042.176887
feature_subset_complete,data/spearman_reduced_features/interactions_and_ratios.csv,400,0.6034222371722093,1780826042.178577
fold_feature_subset,data/spearman_reduced_features/interactions_and_ratios.csv,500,1,0.5907537007261696,1780826132.494024
fold_feature_subset,data/spearman_reduced_features/interactions_and_ratios.csv,500,2,0.6167038876438314,1780826217.188656
fold_feature_subset,data/spearman_reduced_features/interactions_and_ratios.csv,500,3,0.5891916163529896,1780826306.714051
fold_feature_subset,data/spearman_reduced_features/interactions_and_ratios.csv,500,4,0.6180443303223825,1780826393.235198
fold_feature_subset,data/spearman_reduced_features/interactions_and_ratios.csv,500,5,0.6018680816143868,1780826481.490082
feature_subset_complete,data/spearman_reduced_features/interactions_and_ratios.csv,500,0.603312323331952,1780826481.490607
dataset_complete,data/spearman_reduced_features/interactions_and_ratios.csv,2816.1227169036865,1780826481.490876
