OriginalIndex,ActualScore,PredictedScore,Residual
15,-5.5,-5.617049999999997,0.11704999999999721
26,-5.4,-5.617049999999997,0.21704999999999686
27,-5.9,-5.617049999999997,-0.28295000000000314
28,-10.6,-10.408715189873417,-0.19128481012658227
34,-8.715,-7.328214285714284,-1.3867857142857156
44,-10.0,-9.512787037037041,-0.4872129629629587
51,-7.1,-6.464519607843137,-0.6354803921568628
52,-7.7,-6.877401785714282,-0.8225982142857182
66,-4.6,-4.757000000000001,0.15700000000000092
67,-4.4,-4.757000000000001,0.3570000000000002
69,-9.0,-8.652115384615387,-0.3478846153846131
71,-11.78,-10.82451048951049,-0.9554895104895085
75,-10.3,-10.656666666666668,0.35666666666666735
90,-7.7,-7.500744186046514,-0.1992558139534859
109,-9.4,-9.584543478260871,0.18454347826087059
110,-11.0,-10.408715189873417,-0.5912848101265826
121,-9.3,-9.025147058823531,-0.2748529411764693
124,-9.6,-10.008634285714287,0.40863428571428706
128,-8.0,-8.908322404371585,0.9083224043715852
129,-9.1,-9.671007653061224,0.5710076530612245
142,-9.7,-9.584543478260871,-0.11545652173912835
143,-9.0,-9.511037037037037,0.5110370370370365
151,-9.2,-9.59763333333333,0.3976333333333315
156,-8.3,-8.473793650793647,0.1737936507936464
170,-12.5,-11.71433333333333,-0.7856666666666694
171,-10.5,-10.408715189873417,-0.09128481012658263
178,-11.5,-9.2,-2.3000000000000007
183,-8.9,-8.473793650793647,-0.42620634920635325
184,-7.9,-7.922935714285711,0.02293571428571095
186,-11.5,-10.656666666666668,-0.8433333333333319
191,-9.5,-10.33424840764331,0.8342484076433099
198,-8.8,-8.71005925925926,-0.08994074074074021
220,-9.4,-10.124599999999997,0.724599999999997
223,-8.7,-10.008634285714287,1.3086342857142874
228,-10.24,-12.383714285714287,2.143714285714287
237,-10.0,-9.671007653061224,-0.3289923469387759
240,-9.9,-9.410023255813952,-0.4899767441860483
242,-9.0,-9.59763333333333,0.5976333333333308
243,-9.3,-8.842269607843141,-0.4577303921568596
256,-9.758,-10.808620155038753,1.0506201550387537
268,-10.2,-10.593939393939396,0.39393939393939625
272,-8.3,-8.473793650793647,0.1737936507936464
273,-11.4,-11.713958333333338,0.31395833333333734
275,-9.0,-10.07076923076923,1.0707692307692298
279,-10.7,-10.656666666666668,-0.043333333333331225
284,-10.0,-9.512787037037041,-0.4872129629629587
287,-7.4,-7.865140000000003,0.46514000000000255
296,-10.0,-9.445920353982295,-0.5540796460177049
297,-9.7,-9.137642857142858,-0.5623571428571417
300,-8.7,-8.173804347826087,-0.5261956521739126
307,-9.566,-10.008634285714287,0.442634285714286
310,-7.0,-7.479530054644808,0.47953005464480825
312,-9.2,-9.067254355400692,-0.13274564459930716
314,-9.4,-9.408413043478259,0.00841304347825833
320,-5.7,-6.464519607843137,0.7645196078431367
322,-10.86,-11.71433333333333,0.8543333333333312
324,-9.0,-8.994147727272727,-0.005852272727272734
325,-10.5,-9.415920000000002,-1.0840799999999984
326,-8.8,-8.114285714285716,-0.685714285714285
327,-10.6,-10.93,0.33000000000000007
336,-10.0,-10.3485,0.3484999999999996
339,-8.5,-8.908322404371585,0.4083224043715852
343,-5.8,-5.617049999999997,-0.1829500000000026
344,-10.5,-9.584543478260871,-0.9154565217391291
348,-9.5,-8.237586402266299,-1.2624135977337012
351,-9.8,-10.008634285714287,0.208634285714286
363,-8.9,-9.445920353982295,0.5459203539822948
366,-5.6,-5.617049999999997,0.017049999999997567
371,-10.1,-9.512787037037041,-0.5872129629629583
375,-8.2,-8.842269607843141,0.6422696078431418
377,-5.9,-6.464519607843137,0.5645196078431365
378,-9.3,-10.408715189873417,1.1087151898734167
380,-8.6,-8.237586402266299,-0.36241359773370085
387,-9.0,-8.908322404371585,-0.09167759562841482
397,-10.4,-9.9263,-0.4737000000000009
421,-6.9,-6.464519607843137,-0.4354803921568635
422,-5.8,-5.617049999999997,-0.1829500000000026
425,-9.7,-10.008634285714287,0.3086342857142874
430,-9.9,-10.408715189873417,0.508715189873417
437,-7.1,-6.9984218749999965,-0.10157812500000318
443,-9.6,-9.59763333333333,-0.0023666666666688485
446,-9.7,-10.008634285714287,0.3086342857142874
452,-10.8,-10.3485,-0.4515000000000011
463,-9.8,-10.3485,0.5484999999999989
464,-6.2,-5.617049999999997,-0.582950000000003
470,-9.9,-9.59763333333333,-0.30236666666666956
471,-7.6,-7.328214285714284,-0.2717857142857154
477,-10.4,-10.408715189873417,0.008715189873417017
478,-8.1,-9.584543478260871,1.4845434782608713
479,-8.5,-8.822294736842105,0.32229473684210497
491,-7.0,-6.464519607843137,-0.5354803921568632
494,-8.7,-8.733333333333333,0.033333333333333215
495,-7.9,-8.908322404371585,1.0083224043715848
497,-10.1,-9.137642857142858,-0.962357142857142
501,-6.9,-7.035442105263157,0.1354421052631567
505,-6.4,-7.479530054644808,1.079530054644808
506,-7.8,-7.865140000000003,0.06514000000000308
507,-8.9,-8.237586402266299,-0.6624135977337016
534,-10.1,-10.408715189873417,0.30871518987341773
546,-10.2,-9.067254355400692,-1.1327456445993072
547,-7.61,-7.328214285714284,-0.2817857142857161
548,-8.3,-6.877401785714282,-1.4225982142857188
553,-9.0,-10.008634285714287,1.0086342857142867
555,-8.3,-7.922935714285711,-0.3770642857142894
558,-9.6,-9.671007653061224,0.07100765306122447
570,-9.5,-10.008634285714287,0.5086342857142867
584,-9.5,-8.733333333333333,-0.7666666666666675
585,-12.2,-9.415920000000002,-2.7840799999999977
588,-10.1,-10.408715189873417,0.30871518987341773
589,-10.5,-10.3485,-0.1515000000000004
598,-7.2,-7.602860215053764,0.4028602150537637
599,-7.6,-7.602860215053764,0.0028602150537642146
616,-7.3,-7.479530054644808,0.17953005464480842
622,-10.6,-10.008634285714287,-0.5913657142857129
626,-9.6,-9.671007653061224,0.07100765306122447
627,-7.8,-7.479530054644808,-0.3204699453551916
636,-7.3,-7.328214285714284,0.028214285714284415
640,-7.8,-7.865140000000003,0.06514000000000308
641,-8.0,-7.865140000000003,-0.1348599999999971
642,-8.7,-9.182275,0.48227500000000134
650,-8.5,-8.908322404371585,0.4083224043715852
652,-9.9,-10.008634285714287,0.10863428571428635
656,-8.5,-6.877401785714282,-1.622598214285718
657,-9.7,-9.182275,-0.5177249999999987
662,-10.9,-9.375642857142855,-1.524357142857145
665,-8.0,-8.842269607843141,0.8422696078431411
672,-6.5,-6.7537796610169485,0.2537796610169485
677,-9.5,-9.025382352941179,-0.47461764705882103
681,-10.3,-10.327272727272726,0.02727272727272556
684,-9.5,-9.671007653061224,0.17100765306122412
691,-9.419,-8.908322404371585,-0.5106775956284153
709,-8.6,-8.822294736842105,0.22229473684210532
721,-10.2,-10.008634285714287,-0.19136571428571258
723,-8.5,-8.473793650793647,-0.026206349206352897
725,-8.2,-8.237586402266299,0.0375864022662995
729,-6.4,-6.483445945945946,0.08344594594594579
732,-8.7,-8.842269607843141,0.1422696078431418
734,-4.4,-4.757000000000001,0.3570000000000002
746,-8.8,-9.445920353982295,0.6459203539822944
751,-7.0,-8.908322404371585,1.9083224043715852
755,-6.4,-6.877401785714282,0.4774017857142816
757,-8.038,-8.114285714285716,0.0762857142857154
762,-8.6,-8.822442748091605,0.22244274809160558
773,-6.9,-5.770854166666667,-1.1291458333333333
776,-10.6,-10.008634285714287,-0.5913657142857129
783,-8.6,-7.865140000000003,-0.7348599999999967
786,-8.8,-8.473793650793647,-0.3262063492063536
787,-7.6,-8.114285714285716,0.514285714285716
790,-8.2,-8.822442748091605,0.6224427480916059
797,-9.0,-9.512787037037041,0.5127870370370413
798,-10.3,-10.008634285714287,-0.291365714285714
805,-9.589,-10.33424840764331,0.7452484076433095
807,-10.8,-10.008634285714287,-0.791365714285714
808,-10.4,-10.008634285714287,-0.39136571428571365
813,-7.0,-6.283999999999996,-0.7160000000000037
815,-8.8,-8.908322404371585,0.10832240437158447
817,-11.5,-11.71433333333333,0.2143333333333306
826,-9.1,-9.043458333333335,-0.05654166666666427
829,-11.4,-11.276827586206899,-0.1231724137931014
838,-8.6,-8.442765217391306,-0.15723478260869328
840,-10.8,-10.975000000000001,0.1750000000000007
843,-10.8,-9.584543478260871,-1.2154565217391298
844,-7.6,-7.922935714285711,0.32293571428571166
848,-10.9,-10.408715189873417,-0.491284810126583
849,-7.728,-7.479530054644808,-0.2484699453551915
861,-9.1,-9.067254355400692,-0.03274564459930751
864,-9.4,-9.025147058823531,-0.37485294117646895
865,-8.5,-9.375642857142855,0.8756428571428554
870,-9.6,-9.596085714285712,-0.003914285714287757
875,-8.9,-9.025147058823531,0.12514705882353105
884,-7.1,-6.877401785714282,-0.2225982142857177
886,-9.5,-9.445920353982295,-0.054079646017704874
888,-12.22,-11.664821428571425,-0.5551785714285753
889,-7.381,-7.479530054644808,0.09853005464480802
890,-9.5,-10.008634285714287,0.5086342857142867
893,-10.6,-10.82451048951049,0.22451048951049124
896,-8.5,-8.27130612244898,-0.2286938775510201
901,-8.724,-9.671007653061224,0.9470076530612239
903,-7.721,-7.035442105263157,-0.685557894736843
904,-8.5,-10.008634285714287,1.5086342857142867
907,-8.5,-8.237586402266299,-0.2624135977337012
911,-8.8,-8.908322404371585,0.10832240437158447
912,-9.0,-9.067254355400692,0.06725435540069213
915,-9.6,-9.445920353982295,-0.15407964601770452
925,-7.7,-7.479530054644808,-0.22046994535519193
926,-10.6,-10.975000000000001,0.3750000000000018
931,-9.4,-9.59763333333333,0.19763333333333044
938,-9.5,-8.533833333333334,-0.9661666666666662
939,-10.0,-10.33424840764331,0.3342484076433099
941,-9.0,-9.445920353982295,0.4459203539822951
944,-9.718,-9.408413043478259,-0.3095869565217413
961,-7.7,-7.922935714285711,0.22293571428571113
962,-7.5,-7.922935714285711,0.4229357142857113
969,-8.2,-7.922935714285711,-0.277064285714288
975,-7.9,-7.865140000000003,-0.03485999999999745
977,-8.2,-7.500744186046514,-0.699255813953485
978,-7.6,-10.408715189873417,2.8087151898734177
983,-10.8,-10.07076923076923,-0.7292307692307709
985,-10.6,-9.671007653061224,-0.9289923469387755
991,-9.9,-9.671007653061224,-0.22899234693877624
996,-10.5,-10.593939393939396,0.09393939393939554
998,-9.0,-8.908322404371585,-0.09167759562841482
1001,-8.2,-8.237586402266299,0.0375864022662995
1003,-9.3,-9.512787037037041,0.2127870370370406
1004,-11.0,-10.008634285714287,-0.9913657142857133
1008,-9.9,-9.671007653061224,-0.22899234693877624
1024,-7.9,-7.479530054644808,-0.4204699453551921
1030,-7.4,-7.035442105263157,-0.3645578947368433
1032,-7.5,-7.479530054644808,-0.020469945355191754
1033,-10.4,-10.408715189873417,0.008715189873417017
1036,-9.3,-9.025382352941179,-0.27461764705882175
1049,-8.8,-9.445920353982295,0.6459203539822944
1051,-9.061,-9.596085714285712,0.5350857142857119
1067,-10.6,-10.396749999999997,-0.20325000000000237
1073,-8.8,-10.408715189873417,1.6087151898734167
1079,-11.1,-10.656666666666668,-0.4433333333333316
1083,-9.6,-9.511037037037037,-0.08896296296296313
1086,-8.016,-8.237586402266299,0.22158640226629878
1094,-10.7,-10.008634285714287,-0.6913657142857126
1106,-9.6,-9.671007653061224,0.07100765306122447
1117,-10.6,-10.008634285714287,-0.5913657142857129
1119,-7.6,-6.7537796610169485,-0.8462203389830512
1128,-12.7,-10.0662,-2.633799999999999
1129,-11.3,-10.07076923076923,-1.229230769230771
1131,-10.4,-10.07076923076923,-0.32923076923077055
1133,-10.0,-9.573250000000002,-0.4267499999999984
1152,-10.0,-10.008634285714287,0.008634285714286705
1158,-9.079,-9.573250000000002,0.49425000000000097
1161,-8.2,-7.839806451612905,-0.3601935483870946
1163,-8.5,-8.842269607843141,0.3422696078431411
1164,-5.7,-5.617049999999997,-0.08295000000000297
1170,-12.1,-11.276827586206899,-0.8231724137931007
1172,-7.3,-7.500744186046514,0.20074418604651445
1174,-12.47,-12.640000000000002,0.1700000000000017
1181,-8.7,-8.71005925925926,0.01005925925926121
1182,-6.7,-6.7782608695652184,0.07826086956521827
1186,-11.0,-9.671007653061224,-1.3289923469387759
1187,-11.2,-10.82451048951049,-0.3754895104895084
1189,-10.0,-9.512787037037041,-0.4872129629629587
1192,-9.1,-9.445920353982295,0.3459203539822955
1203,-9.4,-8.822442748091605,-0.5775572519083951
1209,-8.7,-8.908322404371585,0.2083224043715859
1211,-9.3,-8.822442748091605,-0.4775572519083955
1212,-8.5,-7.9399999999999995,-0.5600000000000005
1215,-7.1,-8.237586402266299,1.1375864022662991
1221,-9.1,-8.908322404371585,-0.19167759562841447
1225,-10.0,-9.9263,-0.07370000000000054
1231,-6.5,-6.7537796610169485,0.2537796610169485
1232,-9.7,-9.671007653061224,-0.02899234693877517
1234,-8.4,-8.237586402266299,-0.16241359773370156
1235,-10.2,-10.3485,0.1485000000000003
1243,-9.6,-8.994147727272727,-0.6058522727272724
1251,-8.4,-8.442765217391306,0.04276521739130601
1257,-10.5,-8.908322404371585,-1.5916775956284148
1258,-6.8,-7.035442105263157,0.23544210526315723
1260,-10.6,-9.671007653061224,-0.9289923469387755
1262,-9.092,-9.512787037037041,0.4207870370370408
1264,-9.0,-8.994147727272727,-0.005852272727272734
1268,-10.3,-8.908322404371585,-1.3916775956284155
1269,-9.9,-10.008634285714287,0.10863428571428635
1270,-9.8,-10.593939393939396,0.7939393939393948
1273,-5.9,-5.617049999999997,-0.28295000000000314
1289,-9.6,-10.008634285714287,0.40863428571428706
1292,-9.2,-9.067254355400692,-0.13274564459930716
1294,-9.8,-9.512787037037041,-0.2872129629629594
1299,-9.1,-10.008634285714287,0.9086342857142871
1305,-7.2,-7.479530054644808,0.27953005464480807
1311,-11.29,-10.82451048951049,-0.46548951048950826
1317,-10.8,-10.408715189873417,-0.39128481012658334
1319,-7.1,-7.922935714285711,0.8229357142857117
1326,-7.3,-7.9044769230769205,0.6044769230769207
1329,-5.1,-5.617049999999997,0.5170499999999976
1335,-8.8,-8.237586402266299,-0.5624135977337019
1338,-9.1,-9.671007653061224,0.5710076530612245
1340,-8.6,-8.521212765957445,-0.07878723404255439
1344,-9.9,-10.008634285714287,0.10863428571428635
1357,-10.4,-10.37801923076923,-0.021980769230770747
1366,-9.4,-8.437,-0.963000000000001
1370,-8.8,-9.511037037037037,0.7110370370370358
1371,-9.3,-8.908322404371585,-0.39167759562841553
1375,-10.5,-10.408715189873417,-0.09128481012658263
1384,-8.9,-10.008634285714287,1.1086342857142863
1397,-11.3,-10.793166666666666,-0.5068333333333346
1398,-10.2,-9.9263,-0.27369999999999983
1404,-7.439,-6.9984218749999965,-0.4405781250000036
1407,-7.6,-9.137642857142858,1.537642857142858
1410,-8.4,-9.067254355400692,0.6672543554006918
1411,-8.5,-9.067254355400692,0.5672543554006921
1412,-12.0,-11.276827586206899,-0.723172413793101
1423,-9.4,-9.511037037037037,0.11103703703703616
1436,-10.6,-9.408413043478259,-1.191586956521741
1445,-9.1,-8.842269607843141,-0.25773039215685856
1448,-10.99,-11.276827586206899,0.28682758620689874
1450,-9.3,-9.025147058823531,-0.2748529411764693
1451,-8.7,-8.842269607843141,0.1422696078431418
1462,-9.0,-9.067254355400692,0.06725435540069213
1464,-12.08,-12.012222222222222,-0.06777777777777771
1465,-10.44,-12.012222222222222,1.5722222222222229
1469,-11.3,-10.975000000000001,-0.3249999999999993
1471,-11.4,-11.276827586206899,-0.1231724137931014
1475,-10.47,-10.808620155038753,0.3386201550387522
1480,-8.4,-9.410023255813952,1.0100232558139517
1485,-10.2,-10.396749999999997,0.19674999999999798
1490,-9.9,-10.975000000000001,1.075000000000001
1499,-5.2,-5.617049999999997,0.41704999999999703
1504,-9.9,-9.573250000000002,-0.32674999999999876
1514,-9.7,-10.07076923076923,0.3707692307692305
1515,-9.1,-8.521212765957445,-0.5787872340425544
1520,-11.2,-10.808620155038753,-0.39137984496124645
1522,-10.3,-9.584543478260871,-0.7154565217391298
1532,-8.941,-9.408413043478259,0.46741304347825796
1534,-8.8,-10.396749999999997,1.5967499999999966
1535,-5.6,-5.617049999999997,0.017049999999997567
1539,-10.4,-10.33424840764331,-0.06575159235669048
1541,-8.6,-9.671007653061224,1.0710076530612245
1545,-10.1,-9.34825,-0.7517499999999995
1547,-7.6,-7.602860215053764,0.0028602150537642146
1553,-7.9,-8.27130612244898,0.37130612244897954
1564,-8.4,-10.008634285714287,1.6086342857142863
1574,-10.2,-9.067254355400692,-1.1327456445993072
1580,-7.8,-7.500744186046514,-0.29925581395348555
1583,-10.8,-10.808620155038753,0.00862015503875213
1587,-8.4,-8.237586402266299,-0.16241359773370156
1590,-8.6,-8.260000000000002,-0.3399999999999981
1596,-9.7,-8.842269607843141,-0.8577303921568582
1601,-10.5,-12.383714285714287,1.8837142857142872
1609,-6.3,-6.283999999999996,-0.016000000000003567
1610,-7.6,-7.479530054644808,-0.1204699453551914
1611,-8.2,-7.479530054644808,-0.720469945355191
1620,-6.4,-7.328214285714284,0.9282142857142839
1630,-5.3,-7.341750000000001,2.0417500000000013
1632,-11.1,-10.656666666666668,-0.4433333333333316
1641,-9.8,-8.237586402266299,-1.562413597733702
1644,-10.0,-9.59763333333333,-0.4023666666666692
1652,-6.8,-6.464519607843137,-0.335480392156863
1654,-10.5,-10.82451048951049,0.3245104895104909
1657,-10.9,-10.327272727272726,-0.5727272727272741
1666,-6.7,-7.328214285714284,0.6282142857142841
1677,-11.2,-10.07076923076923,-1.1292307692307695
1680,-8.811,-9.671007653061224,0.8600076530612242
1681,-7.9,-8.237586402266299,0.33758640226629844
1690,-8.5,-8.71005925925926,0.2100592592592605
1694,-10.5,-10.008634285714287,-0.4913657142857133
1695,-7.6,-8.473793650793647,0.8737936507936475
1698,-11.0,-11.276827586206899,0.27682758620689896
1706,-8.9,-9.671007653061224,0.7710076530612238
1711,-8.0,-8.822442748091605,0.8224427480916052
1714,-8.7,-8.842269607843141,0.1422696078431418
1716,-7.6,-8.114285714285716,0.514285714285716
1719,-8.3,-9.671007653061224,1.3710076530612234
1725,-8.3,-9.02,0.7199999999999989
1738,-8.5,-8.822294736842105,0.32229473684210497
1748,-7.8,-7.9044769230769205,0.10447692307692069
1754,-5.9,-6.7782608695652184,0.8782608695652181
1755,-8.4,-8.842269607843141,0.44226960784314073
1756,-9.4,-9.067254355400692,-0.3327456445993082
1764,-11.05,-10.968629629629628,-0.08137037037037231
1767,-10.0,-9.671007653061224,-0.3289923469387759
1773,-9.966,-9.687692307692307,-0.2783076923076919
1781,-10.21,-10.793166666666666,0.5831666666666653
1782,-8.6,-8.994147727272727,0.3941477272727276
1784,-5.5,-5.770854166666667,0.27085416666666706
1789,-8.3,-8.842269607843141,0.5422696078431404
1797,-10.5,-9.9263,-0.5737000000000005
1799,-5.5,-4.757000000000001,-0.7429999999999994
1801,-8.6,-9.375642857142855,0.7756428571428557
1806,-10.2,-10.968629629629628,0.7686296296296291
1811,-8.3,-7.839806451612905,-0.46019354838709603
1820,-10.3,-10.008634285714287,-0.291365714285714
1830,-8.074,-7.500744186046514,-0.5732558139534856
1831,-9.4,-10.008634285714287,0.6086342857142863
1848,-6.9,-7.500744186046514,0.6007441860465139
1850,-9.166,-10.008634285714287,0.8426342857142863
1857,-6.8,-6.877401785714282,0.07740178571428213
1858,-10.9,-11.276827586206899,0.3768275862068986
1859,-11.2,-10.3485,-0.8514999999999997
1861,-9.6,-9.671007653061224,0.07100765306122447
1867,-11.6,-10.008634285714287,-1.591365714285713
1869,-8.626,-7.341750000000001,-1.2842499999999983
1871,-9.202,-10.008634285714287,0.8066342857142867
1872,-10.6,-10.82451048951049,0.22451048951049124
1874,-8.748,-8.822442748091605,0.07444274809160589
1876,-9.5,-10.33424840764331,0.8342484076433099
1878,-9.451,-10.008634285714287,0.5576342857142862
1879,-9.1,-9.671007653061224,0.5710076530612245
1881,-8.9,-9.025382352941179,0.1253823529411786
1882,-10.6,-10.3485,-0.25150000000000006
1893,-8.858,-10.008634285714287,1.1506342857142862
1894,-9.9,-10.408715189873417,0.508715189873417
1902,-11.4,-10.33424840764331,-1.0657515923566905
1909,-8.119,-9.067254355400692,0.9482543554006924
1910,-10.1,-9.043458333333335,-1.0565416666666643
1912,-8.1,-8.473793650793647,0.37379365079364746
1916,-8.2,-8.473793650793647,0.2737936507936478
1926,-8.3,-8.908322404371585,0.6083224043715845
1940,-9.7,-9.9263,0.22630000000000017
1942,-6.721,-6.283999999999996,-0.43700000000000383
1943,-10.24,-10.793166666666666,0.5531666666666659
1944,-7.704,-7.865140000000003,0.16114000000000317
1951,-9.3,-8.473793650793647,-0.8262063492063536
1956,-8.1,-8.27130612244898,0.17130612244898025
1961,-8.9,-9.59763333333333,0.6976333333333304
1966,-9.2,-9.067254355400692,-0.13274564459930716
1972,-8.6,-10.37801923076923,1.77801923076923
1973,-9.2,-8.842269607843141,-0.3577303921568582
1975,-7.1,-8.733333333333333,1.6333333333333329
1977,-7.5,-7.500744186046514,0.0007441860465142724
1979,-8.7,-8.71005925925926,0.01005925925926121
1985,-11.5,-9.9263,-1.5737000000000005
1996,-9.26,-8.114285714285716,-1.1457142857142841
2017,-8.592,-8.822294736842105,0.23029473684210444
2028,-9.6,-9.067254355400692,-0.5327456445993075
2031,-8.37,-7.865140000000003,-0.5048599999999963
2035,-9.1,-8.842269607843141,-0.25773039215685856
2037,-9.7,-9.59763333333333,-0.1023666666666685
2040,-9.4,-9.512787037037041,0.11278703703704096
2042,-12.3,-10.93,-1.370000000000001
2053,-10.6,-10.008634285714287,-0.5913657142857129
2059,-9.7,-10.82451048951049,1.1245104895104916
2061,-9.9,-10.008634285714287,0.10863428571428635
2076,-9.449,-10.008634285714287,0.5596342857142869
2077,-6.5,-6.877401785714282,0.37740178571428196
2080,-8.7,-8.842269607843141,0.1422696078431418
2081,-6.9,-6.464519607843137,-0.4354803921568635
2091,-8.4,-8.908322404371585,0.5083224043715848
2095,-10.1,-11.276827586206899,1.1768275862068993
2099,-5.4,-5.617049999999997,0.21704999999999686
2112,-9.2,-10.008634285714287,0.8086342857142874
2117,-7.0,-6.464519607843137,-0.5354803921568632
2118,-7.5,-7.9044769230769205,0.4044769230769205
2121,-5.988,-6.483445945945946,0.4954459459459457
2123,-9.7,-7.811111111111111,-1.8888888888888884
2126,-6.8,-6.464519607843137,-0.335480392156863
2131,-7.146,-6.283999999999996,-0.8620000000000037
2146,-7.417,-7.479530054644808,0.06253005464480843
2148,-10.7,-11.276827586206899,0.5768275862068997
2153,-7.3,-6.9984218749999965,-0.30157812500000336
2155,-7.5,-6.283999999999996,-1.2160000000000037
2163,-6.2,-6.464519607843137,0.26451960784313666
2166,-6.0,-5.9341147540983625,-0.06588524590163747
2170,-5.5,-5.9341147540983625,0.43411475409836253
2173,-6.1,-5.9341147540983625,-0.1658852459016371
2181,-9.3,-9.511037037037037,0.2110370370370358
2182,-6.1,-5.9341147540983625,-0.1658852459016371
2185,-8.4,-8.908322404371585,0.5083224043715848
2186,-6.0,-5.9341147540983625,-0.06588524590163747
2197,-5.6,-6.283999999999996,0.6839999999999966
2202,-8.8,-9.671007653061224,0.8710076530612234
2206,-6.98,-7.479530054644808,0.4995300546448078
2208,-6.7,-5.9341147540983625,-0.7658852459016376
2209,-7.2,-6.283999999999996,-0.9160000000000039
2212,-5.8,-5.770854166666667,-0.02914583333333276
2220,-6.8,-6.283999999999996,-0.5160000000000036
2223,-6.3,-6.464519607843137,0.16451960784313702
2226,-9.8,-9.445920353982295,-0.3540796460177056
2229,-5.862,-6.464519607843137,0.6025196078431367
2234,-5.9,-5.9341147540983625,0.03411475409836218
2237,-6.7,-6.464519607843137,-0.23548039215686334
2244,-6.98,-6.464519607843137,-0.5154803921568636
2256,-9.8,-8.842269607843141,-0.9577303921568596
2258,-9.3,-8.822442748091605,-0.4775572519083955
2263,-10.9,-10.975000000000001,0.07500000000000107
2276,-7.8,-8.71005925925926,0.9100592592592607
2280,-8.2,-9.9263,1.7263000000000002
2283,-6.4,-5.9341147540983625,-0.4658852459016378
2284,-9.2,-7.865140000000003,-1.3348599999999964
2296,-6.3,-5.9341147540983625,-0.3658852459016373
2298,-10.4,-8.822442748091605,-1.5775572519083951
2300,-5.9,-6.283999999999996,0.3839999999999959
2306,-9.2,-9.512787037037041,0.312787037037042
2313,-6.6,-5.9341147540983625,-0.6658852459016371
2314,-10.0,-9.671007653061224,-0.3289923469387759
2321,-10.2,-10.008634285714287,-0.19136571428571258
2323,-6.6,-7.035442105263157,0.4354421052631574
2331,-6.748,-6.283999999999996,-0.46400000000000396
2334,-10.9,-9.408413043478259,-1.4915869565217417
2338,-5.893,-5.9341147540983625,0.04111475409836274
2341,-10.5,-10.311117647058824,-0.18888235294117628
2345,-10.6,-10.07076923076923,-0.5292307692307698
2350,-9.3,-7.602860215053764,-1.6971397849462369
2354,-7.5,-7.976444444444446,0.47644444444444556
2363,-13.1,-9.415920000000002,-3.684079999999998
2364,-7.2,-6.464519607843137,-0.7354803921568633
2374,-11.2,-11.713958333333338,0.5139583333333384
2381,-10.16,-9.671007653061224,-0.488992346938776
2387,-10.7,-11.440714285714288,0.7407142857142883
2395,-9.8,-10.008634285714287,0.208634285714286
2397,-10.0,-10.940142857142856,0.9401428571428561
2398,-9.4,-9.671007653061224,0.27100765306122376
2402,-7.0,-6.464519607843137,-0.5354803921568632
2411,-6.8,-6.283999999999996,-0.5160000000000036
2415,-10.0,-10.408715189873417,0.4087151898734174
2418,-9.6,-8.521212765957445,-1.0787872340425544
2431,-9.6,-8.842269607843141,-0.7577303921568586
2432,-9.6,-8.71005925925926,-0.8899407407407391
2440,-10.22,-10.408715189873417,0.18871518987341673
2445,-9.4,-9.671007653061224,0.27100765306122376
2449,-8.4,-8.867076923076924,0.46707692307692383
2462,-6.7,-6.464519607843137,-0.23548039215686334
2476,-11.5,-10.808620155038753,-0.6913798449612472
2477,-8.2,-8.842269607843141,0.6422696078431418
2481,-7.8,-8.237586402266299,0.43758640226629897
2488,-10.9,-10.656666666666668,-0.2433333333333323
2499,-6.5,-6.464519607843137,-0.03548039215686316
2501,-6.2,-6.283999999999996,0.08399999999999608
2518,-8.9,-10.593939393939396,1.6939393939393952
2521,-10.0,-10.593939393939396,0.5939393939393955
2528,-6.7,-6.283999999999996,-0.4160000000000039
2532,-6.0,-6.283999999999996,0.28399999999999626
2537,-6.7,-6.464519607843137,-0.23548039215686334
2548,-8.2,-8.237586402266299,0.0375864022662995
2549,-6.4,-6.877401785714282,0.4774017857142816
2550,-11.2,-9.671007653061224,-1.5289923469387752
2553,-10.6,-9.512787037037041,-1.0872129629629583
2562,-6.4,-5.9341147540983625,-0.4658852459016378
2570,-5.6,-5.3984666666666685,-0.20153333333333112
2572,-7.3,-6.464519607843137,-0.835480392156863
2578,-10.4,-10.408715189873417,0.008715189873417017
2579,-10.7,-9.671007653061224,-1.0289923469387752
2580,-9.1,-9.155409090909094,0.055409090909094516
2584,-9.7,-10.408715189873417,0.7087151898734181
2598,-6.4,-6.283999999999996,-0.1160000000000041
2601,-8.5,-8.237586402266299,-0.2624135977337012
2603,-5.3,-6.464519607843137,1.164519607843137
2617,-6.4,-6.283999999999996,-0.1160000000000041
2622,-6.349,-6.283999999999996,-0.06500000000000394
2630,-5.659,-5.617049999999997,-0.041950000000002596
2639,-10.4,-10.408715189873417,0.008715189873417017
2641,-10.4,-10.808620155038753,0.4086201550387525
2644,-9.9,-8.822294736842105,-1.0777052631578954
2646,-6.66,-6.283999999999996,-0.3760000000000039
2647,-8.0,-8.473793650793647,0.4737936507936471
2653,-8.4,-8.71005925925926,0.31005925925926014
2654,-7.7,-8.334515873015873,0.6345158730158724
2656,-6.407,-5.9341147540983625,-0.4728852459016375
2662,-8.4,-7.479530054644808,-0.9204699453551921
2669,-7.1,-5.9341147540983625,-1.1658852459016371
2670,-6.0,-6.283999999999996,0.28399999999999626
2671,-8.2,-8.237586402266299,0.0375864022662995
2683,-8.3,-7.9044769230769205,-0.3955230769230802
2690,-7.0,-6.283999999999996,-0.7160000000000037
2694,-6.897,-6.283999999999996,-0.613000000000004
2696,-6.484,-6.283999999999996,-0.20000000000000373
2699,-6.6,-6.283999999999996,-0.3160000000000034
2705,-6.7,-6.283999999999996,-0.4160000000000039
2706,-5.9,-6.283999999999996,0.3839999999999959
2710,-10.6,-7.3433125,-3.2566875
2716,-5.8,-5.9341147540983625,0.1341147540983627
2721,-9.0,-8.521212765957445,-0.47878723404255474
2722,-9.3,-8.822442748091605,-0.4775572519083955
2726,-6.7,-6.283999999999996,-0.4160000000000039
2728,-10.1,-9.512787037037041,-0.5872129629629583
2730,-9.6,-8.842269607843141,-0.7577303921568586
2741,-8.802,-8.71005925925926,-0.0919407407407391
2746,-8.8,-10.408715189873417,1.6087151898734167
2756,-10.5,-9.155409090909094,-1.3445909090909058
2764,-10.2,-10.408715189873417,0.20871518987341808
2775,-4.3,-5.3984666666666685,1.0984666666666687
2776,-7.7,-8.237586402266299,0.5375864022662986
2778,-6.5,-6.283999999999996,-0.21600000000000374
2789,-9.753,-9.671007653061224,-0.081992346938776
2793,-6.812,-6.464519607843137,-0.34748039215686344
2795,-5.9,-5.9341147540983625,0.03411475409836218
2796,-8.7,-9.043458333333335,0.3434583333333361
2799,-7.7,-8.27130612244898,0.5713061224489797
2805,-9.4,-8.842269607843141,-0.5577303921568593
2809,-6.4,-7.865140000000003,1.4651400000000026
2812,-8.4,-8.442765217391306,0.04276521739130601
2821,-6.5,-6.464519607843137,-0.03548039215686316
2825,-10.87,-10.593285714285711,-0.2767142857142879
2827,-6.9,-6.283999999999996,-0.6160000000000041
2829,-7.0,-6.283999999999996,-0.7160000000000037
2842,-9.873,-11.71433333333333,1.8413333333333313
2845,-6.4,-6.283999999999996,-0.1160000000000041
2851,-9.9,-10.008634285714287,0.10863428571428635
2853,-5.8,-6.283999999999996,0.48399999999999643
2857,-5.7,-5.9341147540983625,0.23411475409836235
2860,-7.8,-7.500744186046514,-0.29925581395348555
2877,-9.9,-8.867076923076924,-1.0329230769230762
2881,-6.5,-6.877401785714282,0.37740178571428196
2883,-5.7,-6.283999999999996,0.5839999999999961
2887,-10.1,-10.3485,0.24849999999999994
2888,-9.5,-8.842269607843141,-0.6577303921568589
2892,-8.1,-8.473793650793647,0.37379365079364746
2893,-6.3,-6.464519607843137,0.16451960784313702
2897,-6.1,-5.967500000000001,-0.1324999999999985
2902,-6.735,-6.283999999999996,-0.45100000000000406
2904,-6.7,-5.9341147540983625,-0.7658852459016376
2905,-6.6,-7.976444444444446,1.376444444444446
2917,-11.1,-10.82451048951049,-0.27548951048950876
2918,-11.2,-11.713958333333338,0.5139583333333384
2921,-9.0,-9.408413043478259,0.4084130434782587
2925,-6.47,-6.283999999999996,-0.1860000000000035
2933,-8.659,-9.025147058823531,0.3661470588235307
2937,-9.5,-10.808620155038753,1.3086201550387528
2938,-6.3,-6.283999999999996,-0.016000000000003567
2939,-9.6,-9.408413043478259,-0.19158695652174096
2940,-5.9,-6.283999999999996,0.3839999999999959
2941,-7.975,-7.602860215053764,-0.3721397849462358
2959,-10.1,-8.867076923076924,-1.2329230769230755
2965,-6.592,-5.9341147540983625,-0.6578852459016371
2966,-9.7,-10.33424840764331,0.6342484076433106
2985,-6.6,-6.283999999999996,-0.3160000000000034
2987,-10.1,-11.752,1.652000000000001
2988,-9.2,-10.311117647058824,1.1111176470588244
2999,-9.8,-9.671007653061224,-0.1289923469387766
3001,-8.0,-9.2,1.1999999999999993
3049,-6.4,-6.283999999999996,-0.1160000000000041
3066,-6.7,-6.283999999999996,-0.4160000000000039
3076,-8.4,-6.464519607843137,-1.9354803921568635
3084,-8.3,-7.865140000000003,-0.4348599999999978
3085,-6.3,-6.464519607843137,0.16451960784313702
3087,-8.2,-10.07076923076923,1.8707692307692305
3091,-6.7,-6.283999999999996,-0.4160000000000039
3092,-7.0,-7.602860215053764,0.6028602150537639
3096,-5.4,-6.283999999999996,0.8839999999999959
3102,-6.6,-6.877401785714282,0.2774017857142823
3103,-8.5,-8.842269607843141,0.3422696078431411
3106,-8.5,-9.445920353982295,0.9459203539822951
3113,-6.2,-6.464519607843137,0.26451960784313666
3114,-9.9,-9.584543478260871,-0.3154565217391294
3121,-6.9,-6.464519607843137,-0.4354803921568635
3122,-9.8,-10.37801923076923,0.5780192307692289
3129,-6.4,-5.3984666666666685,-1.0015333333333318
3135,-6.5,-5.9341147540983625,-0.5658852459016375
3136,-7.7,-6.877401785714282,-0.8225982142857182
3140,-11.6,-9.671007653061224,-1.9289923469387755
3142,-9.8,-10.008634285714287,0.208634285714286
3150,-8.6,-8.994147727272727,0.3941477272727276
3153,-7.9,-9.671007653061224,1.7710076530612238
3158,-11.0,-10.408715189873417,-0.5912848101265826
3159,-8.1,-7.922935714285711,-0.17706428571428834
3161,-8.7,-8.27130612244898,-0.4286938775510194
3164,-9.4,-9.025147058823531,-0.37485294117646895
3165,-4.8,-6.283999999999996,1.4839999999999964
3176,-7.1,-6.283999999999996,-0.8160000000000034
3182,-11.1,-10.93,-0.16999999999999993
3183,-7.0,-8.114285714285716,1.1142857142857157
3185,-8.8,-9.043458333333335,0.24345833333333466
3188,-6.021,-5.9341147540983625,-0.08688524590163738
3190,-9.6,-9.155409090909094,-0.4445909090909055
3195,-10.4,-10.07076923076923,-0.32923076923077055
3196,-7.3,-9.025382352941179,1.7253823529411791
3199,-6.9,-6.283999999999996,-0.6160000000000041
3201,-8.3,-8.334515873015873,0.03451587301587189
3202,-6.6,-6.877401785714282,0.2774017857142823
3203,-8.1,-7.865140000000003,-0.23485999999999674
3205,-9.2,-10.008634285714287,0.8086342857142874
3213,-9.2,-8.237586402266299,-0.9624135977337005
3214,-6.6,-5.617049999999997,-0.9829500000000024
3217,-6.8,-6.283999999999996,-0.5160000000000036
3221,-5.341,-5.9341147540983625,0.5931147540983623
3226,-6.0,-5.9341147540983625,-0.06588524590163747
3246,-9.104,-8.994147727272727,-0.10985227272727194
3248,-6.0,-6.283999999999996,0.28399999999999626
3255,-7.8,-7.9399999999999995,0.13999999999999968
3256,-5.9,-5.9341147540983625,0.03411475409836218
3260,-11.0,-11.276827586206899,0.27682758620689896
3261,-6.742,-6.283999999999996,-0.45800000000000374
3262,-6.9,-6.877401785714282,-0.0225982142857184
3268,-8.141,-8.822442748091605,0.6814427480916052
3269,-10.3,-10.3485,0.04849999999999888
3280,-6.3,-6.366056603773586,0.06605660377358635
3283,-10.6,-10.33424840764331,-0.26575159235668977
3289,-6.1,-6.283999999999996,0.1839999999999966
3296,-6.2,-6.283999999999996,0.08399999999999608
3301,-9.8,-10.07076923076923,0.2707692307692291
3303,-9.6,-10.396749999999997,0.7967499999999976
3308,-6.1,-5.967500000000001,-0.1324999999999985
3309,-6.1,-5.9341147540983625,-0.1658852459016371
3322,-9.0,-9.59763333333333,0.5976333333333308
3332,-6.2,-5.9341147540983625,-0.26588524590163765
3338,-9.015,-9.155409090909094,0.1404090909090936
3339,-9.5,-8.908322404371585,-0.5916775956284148
3341,-5.4,-6.283999999999996,0.8839999999999959
3346,-8.6,-8.822442748091605,0.22244274809160558
3357,-9.3,-9.671007653061224,0.3710076530612234
3358,-9.9,-9.573250000000002,-0.32674999999999876
3359,-8.7,-8.994147727272727,0.294147727272728
3362,-6.352,-6.283999999999996,-0.06800000000000406
3364,-9.6,-9.408413043478259,-0.19158695652174096
3365,-6.3,-6.283999999999996,-0.016000000000003567
3367,-9.6,-9.573250000000002,-0.026749999999998053
3371,-7.2,-7.11086956521739,-0.08913043478260985
3377,-6.6,-7.922935714285711,1.3229357142857117
3395,-8.1,-7.3433125,-0.7566875
3398,-7.619,-7.479530054644808,-0.13946994535519153
3409,-5.8,-6.283999999999996,0.48399999999999643
3410,-9.9,-9.258461538461539,-0.6415384615384614
3416,-9.5,-9.671007653061224,0.17100765306122412
3435,-6.592,-5.9341147540983625,-0.6578852459016371
3442,-9.8,-9.671007653061224,-0.1289923469387766
3454,-5.2,-5.9341147540983625,0.7341147540983624
3475,-6.1,-6.283999999999996,0.1839999999999966
3477,-8.9,-8.842269607843141,-0.05773039215685927
3478,-6.4,-6.283999999999996,-0.1160000000000041
3479,-6.9,-7.479530054644808,0.5795300546448079
3480,-6.4,-6.283999999999996,-0.1160000000000041
3498,-5.8,-5.9341147540983625,0.1341147540983627
3502,-8.9,-8.822294736842105,-0.07770526315789539
3503,-9.1,-9.408413043478259,0.30841304347825904
3504,-7.4,-7.9399999999999995,0.5399999999999991
3505,-7.8,-8.442765217391306,0.6427652173913065
3514,-9.9,-10.07076923076923,0.17076923076922945
3518,-5.8,-5.9341147540983625,0.1341147540983627
3521,-6.384,-6.283999999999996,-0.10000000000000409
3534,-6.6,-6.283999999999996,-0.3160000000000034
3539,-8.7,-8.908322404371585,0.2083224043715859
3548,-8.6,-9.671007653061224,1.0710076530612245
3558,-9.2,-9.2,0.0
3567,-11.1,-10.808620155038753,-0.2913798449612468
3569,-6.603,-6.366056603773586,-0.23694339622641358
3577,-7.4,-7.865140000000003,0.46514000000000255
3580,-6.1,-5.9341147540983625,-0.1658852459016371
3587,-8.6,-8.27130612244898,-0.32869387755101975
3588,-10.2,-10.07076923076923,-0.12923076923076948
3589,-9.7,-9.671007653061224,-0.02899234693877517
3590,-6.4,-6.283999999999996,-0.1160000000000041
3597,-9.6,-10.008634285714287,0.40863428571428706
3603,-5.9,-5.9341147540983625,0.03411475409836218
3605,-5.2,-4.757000000000001,-0.4429999999999996
3618,-8.6,-7.865140000000003,-0.7348599999999967
3623,-7.9,-8.473793650793647,0.5737936507936467
3624,-9.38,-9.596085714285712,0.2160857142857111
3626,-8.4,-8.842269607843141,0.44226960784314073
3634,-7.6,-7.976444444444446,0.3764444444444459
3639,-8.5,-8.842269607843141,0.3422696078431411
3653,-6.8,-6.283999999999996,-0.5160000000000036
3661,-8.4,-8.92,0.5199999999999996
3662,-7.1,-6.464519607843137,-0.6354803921568628
3681,-10.78,-9.445920353982295,-1.3340796460177042
3682,-5.957,-6.283999999999996,0.3269999999999964
3715,-8.7,-8.473793650793647,-0.2262063492063522
3720,-6.2,-6.366056603773586,0.166056603773586
3723,-6.3,-6.283999999999996,-0.016000000000003567
3729,-6.4,-6.283999999999996,-0.1160000000000041
3732,-9.4,-10.008634285714287,0.6086342857142863
3733,-6.4,-5.9341147540983625,-0.4658852459016378
3734,-5.4,-6.283999999999996,0.8839999999999959
3767,-6.246,-6.483445945945946,0.2374459459459457
3768,-8.9,-8.908322404371585,0.008322404371584824
3774,-11.6,-10.975000000000001,-0.6249999999999982
3779,-6.012,-6.283999999999996,0.2719999999999967
3783,-6.5,-5.9341147540983625,-0.5658852459016375
3789,-5.9,-6.283999999999996,0.3839999999999959
3791,-6.0,-6.283999999999996,0.28399999999999626
3793,-7.7,-8.71005925925926,1.0100592592592603
3795,-10.1,-9.408413043478259,-0.691586956521741
3803,-6.1,-6.283999999999996,0.1839999999999966
3805,-9.8,-10.008634285714287,0.208634285714286
3806,-5.1,-6.464519607843137,1.3645196078431372
3820,-8.1,-7.602860215053764,-0.4971397849462358
3829,-9.9,-10.656666666666668,0.7566666666666677
3836,-11.0,-10.124599999999997,-0.8754000000000026
3847,-9.038,-8.994147727272727,-0.04385227272727299
3861,-8.6,-8.442765217391306,-0.15723478260869328
3862,-7.91,-8.994147727272727,1.0841477272727271
3865,-6.7,-6.283999999999996,-0.4160000000000039
3878,-4.9,-6.283999999999996,1.383999999999996
3879,-6.8,-6.464519607843137,-0.335480392156863
3882,-5.2,-6.283999999999996,1.083999999999996
3888,-7.1,-6.877401785714282,-0.2225982142857177
3892,-9.6,-10.396749999999997,0.7967499999999976
3899,-6.1,-6.464519607843137,0.3645196078431372
3903,-7.1,-6.283999999999996,-0.8160000000000034
3908,-6.2,-5.9341147540983625,-0.26588524590163765
3915,-6.4,-6.464519607843137,0.06451960784313648
3916,-12.0,-10.656666666666668,-1.343333333333332
3917,-11.8,-10.82451048951049,-0.9754895104895098
3918,-9.5,-10.408715189873417,0.9087151898734174
3924,-6.892,-6.283999999999996,-0.6080000000000041
3932,-10.9,-11.276827586206899,0.3768275862068986
3939,-9.5,-9.671007653061224,0.17100765306122412
3950,-6.4,-6.283999999999996,-0.1160000000000041
3956,-10.1,-9.067254355400692,-1.0327456445993075
3957,-6.2,-5.770854166666667,-0.4291458333333331
3960,-6.7,-6.283999999999996,-0.4160000000000039
3961,-9.2,-9.671007653061224,0.47100765306122483
3962,-10.3,-10.008634285714287,-0.291365714285714
3966,-7.1,-7.035442105263157,-0.06455789473684259
3968,-9.3,-8.842269607843141,-0.4577303921568596
3969,-4.7,-5.967500000000001,1.267500000000001
3977,-5.3,-4.757000000000001,-0.5429999999999993
3978,-6.2,-6.283999999999996,0.08399999999999608
3980,-7.95,-8.237586402266299,0.2875864022662986
3981,-6.6,-6.464519607843137,-0.1354803921568628
3985,-5.7,-6.283999999999996,0.5839999999999961
3986,-7.2,-6.283999999999996,-0.9160000000000039
3990,-7.6,-8.908322404371585,1.3083224043715855
3992,-5.2,-5.9341147540983625,0.7341147540983624
4006,-6.5,-5.9341147540983625,-0.5658852459016375
4011,-5.687,-5.9341147540983625,0.24711475409836225
4013,-9.648,-10.33424840764331,0.6862484076433102
4016,-9.821,-9.512787037037041,-0.3082129629629584
4019,-8.6,-8.71005925925926,0.11005925925926086
4038,-10.0,-10.008634285714287,0.008634285714286705
4039,-8.8,-11.440714285714288,2.640714285714287
4041,-10.1,-10.3485,0.24849999999999994
4042,-10.1,-10.008634285714287,-0.09136571428571294
4045,-9.627,-9.258461538461539,-0.3685384615384617
4050,-8.5,-7.839806451612905,-0.6601935483870953
4051,-5.3,-5.617049999999997,0.3170499999999974
4054,-10.9,-11.276827586206899,0.3768275862068986
4056,-10.7,-10.008634285714287,-0.6913657142857126
4057,-6.4,-6.877401785714282,0.4774017857142816
4062,-10.4,-10.656666666666668,0.2566666666666677
4069,-6.573,-6.283999999999996,-0.28900000000000414
4078,-4.9,-6.283999999999996,1.383999999999996
4085,-11.0,-10.808620155038753,-0.19137984496124716
4087,-10.2,-10.327272727272726,0.12727272727272698
4101,-10.9,-11.752,0.8520000000000003
4103,-8.4,-8.237586402266299,-0.16241359773370156
4106,-5.8,-6.366056603773586,0.5660566037735864
4108,-10.7,-10.37801923076923,-0.3219807692307697
4125,-8.8,-8.442765217391306,-0.35723478260869435
4126,-6.314,-6.283999999999996,-0.0300000000000038
4130,-9.3,-8.994147727272727,-0.30585227272727344
4131,-6.051,-5.9341147540983625,-0.11688524590163762
4134,-6.5,-6.283999999999996,-0.21600000000000374
4136,-6.848,-6.9984218749999965,0.1504218749999966
4141,-4.853,-5.9341147540983625,1.0811147540983628
4145,-8.7,-8.473793650793647,-0.2262063492063522
4151,-6.313,-5.89304347826087,-0.4199565217391301
4153,-10.2,-9.511037037037037,-0.6889629629629628
4155,-10.3,-10.808620155038753,0.5086201550387521
4159,-6.4,-6.464519607843137,0.06451960784313648
4174,-4.4,-4.757000000000001,0.3570000000000002
4180,-5.0,-6.464519607843137,1.4645196078431368
4181,-6.5,-6.7782608695652184,0.27826086956521845
4182,-5.8,-5.9341147540983625,0.1341147540983627
4185,-10.7,-10.37801923076923,-0.3219807692307697
4187,-8.9,-8.994147727272727,0.09414772727272691
4196,-5.9,-6.283999999999996,0.3839999999999959
4198,-10.2,-10.33424840764331,0.13424840764331059
4204,-7.7,-8.842269607843141,1.142269607843141
4229,-6.7,-6.464519607843137,-0.23548039215686334
4230,-8.0,-8.237586402266299,0.2375864022662988
4231,-6.3,-7.328214285714284,1.0282142857142844
4235,-9.206,-10.396749999999997,1.1907499999999978
4239,-10.6,-10.408715189873417,-0.19128481012658227
4240,-6.7,-6.464519607843137,-0.23548039215686334
4241,-10.7,-9.511037037037037,-1.1889629629629628
4244,-8.1,-8.994147727272727,0.8941477272727276
4247,-7.3,-6.877401785714282,-0.42259821428571787
4248,-7.049,-6.464519607843137,-0.5844803921568635
4252,-7.5,-8.842269607843141,1.342269607843141
4267,-10.4,-8.908322404371585,-1.4916775956284152
4270,-6.8,-6.877401785714282,0.07740178571428213
4272,-6.335,-6.283999999999996,-0.05100000000000371
4274,-11.6,-10.808620155038753,-0.7913798449612468
4275,-8.8,-8.114285714285716,-0.685714285714285
4280,-9.262,-10.311117647058824,1.0491176470588233
4284,-4.8,-6.283999999999996,1.4839999999999964
4294,-9.0,-8.473793650793647,-0.5262063492063529
4296,-10.1,-10.008634285714287,-0.09136571428571294
4298,-5.3,-5.9341147540983625,0.6341147540983627
4304,-6.3,-6.283999999999996,-0.016000000000003567
4305,-6.8,-6.464519607843137,-0.335480392156863
4306,-6.4,-6.877401785714282,0.4774017857142816
4309,-6.2,-6.283999999999996,0.08399999999999608
4319,-6.7,-6.283999999999996,-0.4160000000000039
4321,-5.6,-6.283999999999996,0.6839999999999966
4322,-8.047,-8.473793650793647,0.4267936507936465
4323,-10.8,-10.808620155038753,0.00862015503875213
4327,-10.9,-10.33424840764331,-0.5657515923566905
4331,-8.7,-9.067254355400692,0.36725435540069284
4348,-9.5,-9.067254355400692,-0.43274564459930787
4350,-11.3,-10.82451048951049,-0.4754895104895098
4355,-7.7,-8.173804347826087,0.4738043478260865
4362,-10.1,-10.07076923076923,-0.029230769230769837
4368,-6.2,-6.283999999999996,0.08399999999999608
4371,-5.668,-6.283999999999996,0.6159999999999961
4383,-7.2,-5.9341147540983625,-1.2658852459016376
4386,-10.1,-9.9263,-0.1737000000000002
4391,-10.26,-10.808620155038753,0.548620155038753
4405,-6.3,-6.464519607843137,0.16451960784313702
4416,-9.5,-9.067254355400692,-0.43274564459930787
4423,-6.692,-6.283999999999996,-0.4080000000000039
4427,-10.48,-10.008634285714287,-0.4713657142857137
4455,-6.4,-5.9341147540983625,-0.4658852459016378
4461,-4.7,-4.757000000000001,0.057000000000000384
4469,-5.6,-5.9341147540983625,0.3341147540983629
4471,-6.1,-6.464519607843137,0.3645196078431372
4472,-5.6,-5.9341147540983625,0.3341147540983629
4476,-5.7,-5.9341147540983625,0.23411475409836235
4478,-9.0,-7.3433125,-1.6566875000000003
4479,-10.5,-10.33424840764331,-0.16575159235669013
4482,-8.5,-10.37801923076923,1.8780192307692296
4486,-8.0,-8.842269607843141,0.8422696078431411
4501,-6.2,-6.464519607843137,0.26451960784313666
4503,-6.6,-6.283999999999996,-0.3160000000000034
4505,-7.9,-8.237586402266299,0.33758640226629844
4506,-6.0,-6.283999999999996,0.28399999999999626
4510,-9.48,-10.808620155038753,1.3286201550387524
4512,-10.9,-10.07076923076923,-0.8292307692307705
4514,-9.51,-10.3485,0.8384999999999998
4516,-7.205,-6.464519607843137,-0.7404803921568632
4522,-6.9,-6.283999999999996,-0.6160000000000041
4527,-6.5,-5.9341147540983625,-0.5658852459016375
4528,-6.8,-5.9341147540983625,-0.8658852459016373
4534,-8.522,-8.473793650793647,-0.04820634920635314
4535,-8.5,-9.511037037037037,1.0110370370370365
4539,-6.3,-5.9341147540983625,-0.3658852459016373
4542,-8.3,-9.596085714285712,1.2960857142857112
4554,-10.2,-10.008634285714287,-0.19136571428571258
4556,-9.9,-9.512787037037041,-0.38721296296295904
4563,-10.2,-10.37801923076923,0.17801923076923032
4564,-5.9,-6.877401785714282,0.9774017857142816
4565,-9.9,-8.908322404371585,-0.9916775956284152
4567,-5.9,-5.3984666666666685,-0.5015333333333318
4571,-4.6,-6.283999999999996,1.6839999999999966
4575,-9.4,-8.994147727272727,-0.4058522727272731
4581,-6.0,-6.464519607843137,0.46451960784313684
4582,-11.4,-9.258461538461539,-2.1415384615384614
4586,-11.54,-7.328214285714284,-4.211785714285715
4588,-6.5,-6.283999999999996,-0.21600000000000374
4589,-10.2,-10.808620155038753,0.6086201550387536
4593,-12.4,-10.808620155038753,-1.5913798449612475
4613,-9.5,-9.584543478260871,0.08454347826087094
4623,-7.8,-8.842269607843141,1.0422696078431413
4626,-6.0,-6.283999999999996,0.28399999999999626
4627,-8.6,-9.671007653061224,1.0710076530612245
4631,-7.7,-7.922935714285711,0.22293571428571113
4633,-5.699,-5.9341147540983625,0.2351147540983627
4645,-9.4,-9.671007653061224,0.27100765306122376
4651,-9.3,-10.311117647058824,1.011117647058823
4657,-5.2,-6.283999999999996,1.083999999999996
4659,-9.7,-9.408413043478259,-0.2915869565217406
4660,-11.0,-9.584543478260871,-1.415456521739129
4661,-5.2,-5.9341147540983625,0.7341147540983624
4668,-10.5,-9.2,-1.3000000000000007
4681,-8.8,-7.9044769230769205,-0.8955230769230802
4683,-6.7,-5.770854166666667,-0.9291458333333331
4686,-5.9,-5.9341147540983625,0.03411475409836218
4689,-7.7,-6.7782608695652184,-0.9217391304347817
4692,-6.932,-5.9341147540983625,-0.9978852459016379
4694,-8.6,-8.842269607843141,0.24226960784314144
4701,-6.9,-6.283999999999996,-0.6160000000000041
4704,-7.9,-7.865140000000003,-0.03485999999999745
4709,-8.7,-8.842269607843141,0.1422696078431418
4712,-8.1,-7.479530054644808,-0.6204699453551914
4718,-6.3,-6.366056603773586,0.06605660377358635
4723,-11.0,-10.008634285714287,-0.9913657142857133
4725,-6.3,-5.9341147540983625,-0.3658852459016373
4734,-5.9,-6.283999999999996,0.3839999999999959
4745,-5.919,-6.283999999999996,0.36499999999999666
4747,-8.4,-8.237586402266299,-0.16241359773370156
4749,-12.4,-12.640000000000002,0.240000000000002
4750,-9.8,-9.155409090909094,-0.6445909090909065
4751,-7.3,-9.573250000000002,2.2732500000000018
4756,-6.7,-6.283999999999996,-0.4160000000000039
4758,-5.2,-6.283999999999996,1.083999999999996
4763,-9.5,-10.008634285714287,0.5086342857142867
4765,-10.4,-9.573250000000002,-0.8267499999999988
4774,-10.7,-10.82451048951049,0.1245104895104916
4775,-6.1,-5.9341147540983625,-0.1658852459016371
4787,-6.3,-6.877401785714282,0.5774017857142821
4797,-9.07,-8.473793650793647,-0.5962063492063532
4800,-6.051,-5.770854166666667,-0.2801458333333331
4801,-10.4,-10.70526923076923,0.3052692307692304
4803,-6.0,-5.967500000000001,-0.03249999999999886
4813,-6.6,-6.464519607843137,-0.1354803921568628
4817,-6.9,-6.283999999999996,-0.6160000000000041
4818,-5.94,-5.9341147540983625,-0.005885245901637859
4827,-6.4,-6.464519607843137,0.06451960784313648
4834,-11.5,-11.71433333333333,0.2143333333333306
4845,-10.4,-10.33424840764331,-0.06575159235669048
4848,-10.1,-8.842269607843141,-1.2577303921568586
4852,-9.078,-7.500744186046514,-1.5772558139534851
4856,-5.918,-6.283999999999996,0.3659999999999961
4861,-9.1,-7.865140000000003,-1.2348599999999967
4865,-5.4,-6.283999999999996,0.8839999999999959
4866,-7.1,-7.035442105263157,-0.06455789473684259
4872,-9.5,-10.07076923076923,0.5707692307692298
4877,-9.2,-8.71005925925926,-0.4899407407407388
4878,-6.3,-5.9341147540983625,-0.3658852459016373
4883,-4.78,-5.9341147540983625,1.1541147540983623
4885,-6.1,-5.9341147540983625,-0.1658852459016371
4891,-7.6,-6.464519607843137,-1.1354803921568628
4903,-6.9,-6.283999999999996,-0.6160000000000041
4905,-9.309,-9.671007653061224,0.36200765306122484
4906,-6.3,-6.283999999999996,-0.016000000000003567
4908,-5.8,-6.283999999999996,0.48399999999999643
4915,-8.8,-8.237586402266299,-0.5624135977337019
4920,-6.348,-6.283999999999996,-0.06400000000000361
4922,-8.8,-9.182275,0.3822749999999999
4925,-8.9,-9.445920353982295,0.5459203539822948
4930,-9.4,-9.182275,-0.21772499999999972
4932,-6.1,-6.464519607843137,0.3645196078431372
4936,-9.2,-10.124599999999997,0.9245999999999981
4938,-9.7,-8.908322404371585,-0.7916775956284141
4942,-10.63,-10.37801923076923,-0.2519807692307712
4947,-6.4,-5.9341147540983625,-0.4658852459016378
4957,-6.0,-6.283999999999996,0.28399999999999626
4963,-9.3,-8.908322404371585,-0.39167759562841553
4965,-9.4,-9.671007653061224,0.27100765306122376
4974,-5.6,-5.617049999999997,0.017049999999997567
4983,-8.9,-8.442765217391306,-0.457234782608694
4992,-5.2,-5.617049999999997,0.41704999999999703
4993,-7.0,-7.479530054644808,0.47953005464480825
4996,-10.8,-9.671007653061224,-1.1289923469387766
5001,-9.1,-9.02,-0.08000000000000007
5008,-9.1,-8.842269607843141,-0.25773039215685856
5014,-8.268,-8.473793650793647,0.20579365079364642
5018,-8.7,-9.408413043478259,0.7084130434782594
5021,-8.2,-7.3433125,-0.8566874999999996
5023,-6.304,-6.7537796610169485,0.4497796610169482
5033,-9.6,-9.410023255813952,-0.1899767441860476
5040,-8.7,-7.479530054644808,-1.220469945355191
5044,-4.8,-4.757000000000001,-0.04299999999999926
5048,-6.9,-7.328214285714284,0.4282142857142839
5060,-6.8,-6.7782608695652184,-0.021739130434781373
5067,-6.0,-6.283999999999996,0.28399999999999626
5072,-6.9,-6.283999999999996,-0.6160000000000041
5074,-8.0,-7.341750000000001,-0.6582499999999989
5077,-6.4,-6.464519607843137,0.06451960784313648
5080,-7.4,-6.877401785714282,-0.5225982142857184
5096,-7.1,-9.410023255813952,2.3100232558139524
5112,-7.5,-8.822442748091605,1.3224427480916052
5117,-7.3,-8.27130612244898,0.9713061224489801
5120,-10.4,-10.37801923076923,-0.021980769230770747
5123,-8.6,-8.334515873015873,-0.26548412698412704
5127,-9.8,-9.410023255813952,-0.38997674418604866
5133,-7.4,-7.839806451612905,0.4398064516129043
5139,-10.0,-9.671007653061224,-0.3289923469387759
5148,-10.7,-9.408413043478259,-1.2915869565217406
5159,-9.3,-9.155409090909094,-0.14459090909090655
5162,-11.4,-10.33424840764331,-1.0657515923566905
5165,-9.3,-9.025382352941179,-0.27461764705882175
5176,-6.1,-6.283999999999996,0.1839999999999966
5183,-8.9,-8.114666666666666,-0.7853333333333339
5190,-9.1,-10.396749999999997,1.2967499999999976
5192,-9.2,-9.025147058823531,-0.17485294117646788
5195,-9.5,-10.808620155038753,1.3086201550387528
5197,-9.195,-10.008634285714287,0.8136342857142864
5201,-9.768,-9.155409090909094,-0.6125909090909065
5205,-8.7,-9.410023255813952,0.7100232558139528
5212,-9.143,-9.375642857142855,0.2326428571428547
5213,-9.2,-10.008634285714287,0.8086342857142874
5215,-8.7,-8.822294736842105,0.12229473684210568
5217,-9.8,-10.33424840764331,0.5342484076433092
5219,-11.0,-10.37801923076923,-0.6219807692307704
5227,-9.5,-9.408413043478259,-0.09158695652174131
5228,-11.3,-10.396749999999997,-0.9032500000000034
5229,-9.7,-10.396749999999997,0.696749999999998
5231,-10.9,-10.33424840764331,-0.5657515923566905
5244,-11.1,-10.593939393939396,-0.5060606060606041
5246,-8.5,-9.671007653061224,1.1710076530612241
5247,-9.7,-10.808620155038753,1.1086201550387536
5257,-11.0,-10.008634285714287,-0.9913657142857133
5263,-8.3,-8.842269607843141,0.5422696078431404
5266,-10.4,-10.808620155038753,0.4086201550387525
5267,-8.2,-8.71005925925926,0.5100592592592612
5269,-11.1,-9.671007653061224,-1.4289923469387755
5270,-9.3,-10.593939393939396,1.2939393939393948
5274,-10.78,-10.33424840764331,-0.4457515923566895
5275,-7.9,-8.237586402266299,0.33758640226629844
5282,-11.4,-10.808620155038753,-0.5913798449612475
5284,-5.4,-4.757000000000001,-0.6429999999999998
5290,-8.0,-8.237586402266299,0.2375864022662988
5296,-11.2,-9.9263,-1.2736999999999998
5300,-8.3,-9.067254355400692,0.7672543554006914
5304,-9.7,-9.671007653061224,-0.02899234693877517
5308,-9.0,-8.114285714285716,-0.8857142857142843
5309,-9.3,-9.408413043478259,0.10841304347825798
5313,-11.7,-10.808620155038753,-0.8913798449612464
5314,-10.5,-9.687692307692307,-0.8123076923076926
5316,-3.9,-4.757000000000001,0.8570000000000007
5321,-4.2,-4.757000000000001,0.5570000000000004
5325,-10.3,-10.808620155038753,0.5086201550387521
5326,-8.6,-9.408413043478259,0.808413043478259
5327,-8.6,-8.842269607843141,0.24226960784314144
5351,-8.385,-7.328214285714284,-1.0567857142857155
5356,-9.1,-8.908322404371585,-0.19167759562841447
5364,-8.1,-8.334515873015873,0.23451587301587296
5368,-7.0,-7.839806451612905,0.8398064516129047
5375,-9.5,-8.71005925925926,-0.7899407407407395
5389,-10.55,-9.9263,-0.6237000000000013
5395,-7.9,-7.479530054644808,-0.4204699453551921
5402,-9.4,-8.822294736842105,-0.5777052631578954
5406,-11.7,-11.71433333333333,0.01433333333333131
5417,-8.6,-8.442765217391306,-0.15723478260869328
5419,-9.009,-10.33424840764331,1.3252484076433095
5427,-10.4,-9.584543478260871,-0.8154565217391294
5428,-10.2,-10.008634285714287,-0.19136571428571258
5431,-5.5,-5.3984666666666685,-0.10153333333333148
5436,-10.0,-10.408715189873417,0.4087151898734174
5446,-11.0,-10.311117647058824,-0.6888823529411763
5447,-8.4,-8.822442748091605,0.42244274809160487
5454,-11.5,-10.37801923076923,-1.1219807692307704
5456,-10.2,-10.07076923076923,-0.12923076923076948
5457,-10.56,-9.043458333333335,-1.5165416666666651
5458,-9.713,-9.043458333333335,-0.6695416666666638
5462,-7.1,-7.976444444444446,0.8764444444444459
5465,-10.2,-9.375642857142855,-0.8243571428571439
5466,-6.8,-6.464519607843137,-0.335480392156863
5474,-12.0,-10.82451048951049,-1.1754895104895091
5481,-7.7,-7.922935714285711,0.22293571428571113
5483,-9.941,-9.445920353982295,-0.4950796460177056
5487,-9.719,-9.584543478260871,-0.13445652173912848
5489,-5.7,-5.3984666666666685,-0.30153333333333165
5504,-10.3,-10.008634285714287,-0.291365714285714
5505,-8.8,-8.994147727272727,0.19414772727272656
5507,-8.7,-8.822294736842105,0.12229473684210568
5512,-10.95,-10.33424840764331,-0.6157515923566894
5517,-8.014,-7.500744186046514,-0.5132558139534851
5518,-11.72,-12.383714285714287,0.6637142857142866
5519,-8.6,-7.976444444444446,-0.6235555555555541
5529,-7.5,-7.328214285714284,-0.17178571428571576
5537,-8.7,-8.822442748091605,0.12244274809160594
5538,-9.9,-9.067254355400692,-0.8327456445993082
5550,-4.4,-4.757000000000001,0.3570000000000002
5554,-10.4,-10.008634285714287,-0.39136571428571365
5557,-8.2,-8.334515873015873,0.1345158730158733
5558,-10.2,-9.512787037037041,-0.687212962962958
5559,-7.3,-8.822294736842105,1.5222947368421051
5561,-9.4,-8.994147727272727,-0.4058522727272731
5563,-6.7,-6.464519607843137,-0.23548039215686334
5564,-8.2,-8.237586402266299,0.0375864022662995
5570,-6.793,-8.114285714285716,1.3212857142857155
5573,-10.3,-10.008634285714287,-0.291365714285714
5581,-8.4,-8.442765217391306,0.04276521739130601
5586,-7.3,-7.035442105263157,-0.26455789473684277
5593,-8.5,-8.822442748091605,0.3224427480916052
5594,-5.5,-6.464519607843137,0.9645196078431368
5605,-6.9,-8.237586402266299,1.3375864022662984
5606,-11.55,-11.276827586206899,-0.27317241379310175
5609,-10.3,-10.07076923076923,-0.2292307692307709
5610,-7.8,-8.27130612244898,0.47130612244898007
5636,-8.1,-8.27130612244898,0.17130612244898025
5639,-7.6,-7.479530054644808,-0.1204699453551914
5642,-7.7,-7.500744186046514,-0.1992558139534859
5649,-9.8,-9.671007653061224,-0.1289923469387766
5654,-10.9,-11.713958333333338,0.8139583333333373
5660,-8.6,-9.067254355400692,0.4672543554006925
5662,-7.813,-8.114285714285716,0.30128571428571593
5665,-9.0,-8.994147727272727,-0.005852272727272734
5666,-8.2,-8.842269607843141,0.6422696078431418
5667,-11.0,-8.842269607843141,-2.157730392156859
5673,-9.0,-8.237586402266299,-0.7624135977337012
5681,-8.9,-8.71005925925926,-0.18994074074073986
5688,-6.9,-5.770854166666667,-1.1291458333333333
5695,-11.0,-10.37801923076923,-0.6219807692307704
5697,-9.6,-9.596085714285712,-0.003914285714287757
5698,-10.4,-10.3485,-0.05150000000000077
5702,-11.6,-9.155409090909094,-2.4445909090909055
5708,-12.06,-10.959,-1.1010000000000009
5716,-8.9,-9.671007653061224,0.7710076530612238
5719,-8.2,-8.237586402266299,0.0375864022662995
5723,-8.6,-8.733333333333333,0.13333333333333286
5730,-7.5,-7.602860215053764,0.10286021505376386
5736,-7.8,-8.27130612244898,0.47130612244898007
5737,-11.0,-10.008634285714287,-0.9913657142857133
5741,-9.2,-8.822442748091605,-0.37755725190839406
5746,-7.602,-8.237586402266299,0.6355864022662985
5749,-10.3,-10.959,0.6589999999999989
5758,-5.1,-5.617049999999997,0.5170499999999976
5768,-11.2,-11.276827586206899,0.07682758620689967
5769,-5.4,-5.9341147540983625,0.5341147540983622
5771,-10.7,-8.867076923076924,-1.832923076923075
5778,-11.9,-11.664821428571425,-0.235178571428575
5780,-9.0,-10.008634285714287,1.0086342857142867
5781,-8.58,-7.865140000000003,-0.7148599999999972
5792,-8.4,-8.442765217391306,0.04276521739130601
5802,-7.9,-7.328214285714284,-0.5717857142857161
5807,-8.3,-8.473793650793647,0.1737936507936464
5814,-10.54,-10.311117647058824,-0.22888235294117543
5815,-10.83,-10.808620155038753,-0.02137984496124723
5817,-11.6,-9.511037037037037,-2.088962962962963
5819,-10.5,-9.671007653061224,-0.8289923469387759
5821,-8.2,-8.442765217391306,0.24276521739130708
5824,-9.1,-9.408413043478259,0.30841304347825904
5831,-8.5,-9.445920353982295,0.9459203539822951
5834,-9.5,-10.975000000000001,1.4750000000000014
5836,-8.9,-9.067254355400692,0.16725435540069178
5838,-8.2,-8.237586402266299,0.0375864022662995
5839,-10.4,-10.07076923076923,-0.32923076923077055
5841,-10.3,-10.408715189873417,0.10871518987341666
5846,-9.7,-10.37801923076923,0.6780192307692303
5849,-7.1,-6.7537796610169485,-0.34622033898305116
5850,-8.7,-9.375642857142855,0.6756428571428561
5862,-9.9,-9.445920353982295,-0.45407964601770523
5866,-9.0,-8.27130612244898,-0.7286938775510201
5869,-5.5,-6.877401785714282,1.377401785714282
5871,-10.2,-9.671007653061224,-0.5289923469387752
5874,-9.2,-8.173804347826087,-1.0261956521739126
5884,-9.8,-8.842269607843141,-0.9577303921568596
5894,-7.1,-7.602860215053764,0.5028602150537642
5898,-8.5,-9.584543478260871,1.084543478260871
5900,-8.2,-7.9044769230769205,-0.2955230769230788
5902,-8.4,-8.237586402266299,-0.16241359773370156
5909,-8.9,-8.842269607843141,-0.05773039215685927
5918,-9.6,-8.842269607843141,-0.7577303921568586
5921,-7.1,-6.483445945945946,-0.6165540540540535
5927,-6.0,-6.464519607843137,0.46451960784313684
5938,-8.7,-9.043458333333335,0.3434583333333361
5942,-9.2,-8.822294736842105,-0.3777052631578943
5953,-9.6,-9.584543478260871,-0.015456521739128704
5958,-10.7,-10.33424840764331,-0.3657515923566894
5964,-8.8,-9.9263,1.1262999999999987
5965,-9.0,-9.067254355400692,0.06725435540069213
5967,-10.3,-10.07076923076923,-0.2292307692307709
5969,-6.6,-7.035442105263157,0.4354421052631574
5972,-10.9,-11.276827586206899,0.3768275862068986
5983,-7.6,-7.922935714285711,0.32293571428571166
5985,-8.1,-7.922935714285711,-0.17706428571428834
5990,-9.9,-8.908322404371585,-0.9916775956284152
5999,-10.6,-11.664821428571425,1.0648214285714257
6013,-7.601,-8.71005925925926,1.1090592592592605
6026,-7.2,-7.865140000000003,0.6651400000000027
6034,-8.8,-10.008634285714287,1.208634285714286
6039,-9.0,-10.008634285714287,1.0086342857142867
6065,-7.7,-7.500744186046514,-0.1992558139534859
6072,-9.8,-9.375642857142855,-0.4243571428571453
6083,-9.9,-10.593285714285711,0.693285714285711
6087,-13.4,-10.550875000000001,-2.849124999999999
6088,-7.3,-7.479530054644808,0.17953005464480842
6092,-12.3,-11.276827586206899,-1.0231724137931018
6094,-9.4,-9.512787037037041,0.11278703703704096
6098,-11.0,-10.37801923076923,-0.6219807692307704
6100,-8.0,-7.479530054644808,-0.5204699453551918
6112,-6.9,-7.035442105263157,0.1354421052631567
6128,-9.1,-8.71005925925926,-0.38994074074073914
6129,-8.4,-9.671007653061224,1.2710076530612238
6130,-8.288,-9.182275,0.8942750000000004
6133,-5.1,-4.757000000000001,-0.3429999999999991
6134,-9.3,-9.375642857142855,0.07564285714285468
6138,-9.8,-9.596085714285712,-0.20391428571428882
6143,-9.4,-10.008634285714287,0.6086342857142863
6149,-12.74,-11.664821428571425,-1.0751785714285749
6151,-9.3,-9.408413043478259,0.10841304347825798
6159,-9.225,-9.687692307692307,0.46269230769230774
6161,-7.8,-7.602860215053764,-0.19713978494623596
6173,-5.5,-5.617049999999997,0.11704999999999721
6174,-7.3,-8.822294736842105,1.5222947368421051
6180,-8.4,-8.237586402266299,-0.16241359773370156
6181,-7.4,-8.237586402266299,0.8375864022662984
6182,-8.4,-8.842269607843141,0.44226960784314073
6187,-10.44,-10.07076923076923,-0.3692307692307697
6191,-9.6,-10.0662,0.4662000000000006
6192,-9.5,-8.822294736842105,-0.677705263157895
6196,-9.1,-9.067254355400692,-0.03274564459930751
6199,-9.5,-9.9263,0.42629999999999946
6206,-8.6,-9.137642857142858,0.537642857142858
6209,-9.7,-9.067254355400692,-0.6327456445993072
6210,-7.7,-9.067254355400692,1.367254355400692
6222,-8.9,-8.842269607843141,-0.05773039215685927
6226,-11.1,-10.008634285714287,-1.091365714285713
6231,-7.5,-7.602860215053764,0.10286021505376386
6232,-8.3,-8.842269607843141,0.5422696078431404
6234,-7.1,-7.500744186046514,0.4007441860465146
6244,-6.1,-6.366056603773586,0.26605660377358653
6247,-7.6,-7.839806451612905,0.23980645161290504
6250,-6.883,-7.602860215053764,0.7198602150537639
6263,-9.981,-9.408413043478259,-0.5725869565217412
6275,-9.8,-9.445920353982295,-0.3540796460177056
6281,-10.37,-10.07076923076923,-0.2992307692307694
6286,-8.7,-8.442765217391306,-0.2572347826086929
6300,-8.7,-8.908322404371585,0.2083224043715859
6302,-9.1,-9.137642857142858,0.03764285714285798
6306,-10.1,-9.671007653061224,-0.4289923469387755
6307,-9.0,-8.237586402266299,-0.7624135977337012
6321,-9.9,-10.07076923076923,0.17076923076922945
6324,-9.7,-10.07076923076923,0.3707692307692305
6325,-11.5,-9.408413043478259,-2.0915869565217413
6335,-8.4,-8.334515873015873,-0.06548412698412776
6336,-9.7,-8.842269607843141,-0.8577303921568582
6349,-8.0,-7.035442105263157,-0.964557894736843
6350,-10.43,-10.656666666666668,0.22666666666666835
6360,-9.3,-10.975000000000001,1.6750000000000007
6363,-10.7,-10.07076923076923,-0.6292307692307695
6366,-6.9,-6.483445945945946,-0.4165540540540542
6367,-7.6,-7.479530054644808,-0.1204699453551914
6380,-9.0,-8.237586402266299,-0.7624135977337012
6383,-10.3,-10.33424840764331,0.034248407643309164
6386,-10.8,-9.671007653061224,-1.1289923469387766
6394,-7.1,-6.9984218749999965,-0.10157812500000318
6398,-9.914,-10.37801923076923,0.4640192307692299
6407,-6.9,-8.237586402266299,1.3375864022662984
6419,-4.6,-5.617049999999997,1.0170499999999976
6421,-7.2,-6.877401785714282,-0.3225982142857182
6437,-10.2,-10.008634285714287,-0.19136571428571258
6438,-8.2,-10.07076923076923,1.8707692307692305
6442,-7.9,-7.949999999999999,0.049999999999998934
6447,-11.4,-9.596085714285712,-1.8039142857142885
6448,-8.16,-9.511037037037037,1.3510370370370364
6452,-10.1,-9.584543478260871,-0.5154565217391287
6478,-8.7,-8.27130612244898,-0.4286938775510194
6482,-7.063,-7.602860215053764,0.5398602150537641
6485,-6.5,-7.035442105263157,0.535442105263157
6486,-8.5,-9.671007653061224,1.1710076530612241
6487,-11.2,-10.37801923076923,-0.8219807692307697
6495,-8.9,-8.842269607843141,-0.05773039215685927
6497,-10.3,-10.3485,0.04849999999999888
6501,-11.2,-10.82451048951049,-0.3754895104895084
6502,-8.0,-8.237586402266299,0.2375864022662988
6503,-9.198,-9.408413043478259,0.2104130434782583
6507,-9.6,-9.182275,-0.417724999999999
6512,-8.1,-7.9399999999999995,-0.16000000000000014
6513,-9.1,-10.793166666666666,1.6931666666666665
6515,-8.8,-9.067254355400692,0.2672543554006914
6522,-9.3,-9.043458333333335,-0.25654166666666534
6523,-6.0,-6.483445945945946,0.48344594594594614
6524,-9.0,-10.33424840764331,1.3342484076433099
6532,-8.6,-10.959,2.359
6536,-9.1,-8.842269607843141,-0.25773039215685856
6550,-8.4,-7.602860215053764,-0.7971397849462365
6551,-9.9,-10.07076923076923,0.17076923076922945
6554,-8.8,-9.137642857142858,0.3376428571428569
6558,-7.1,-6.7537796610169485,-0.34622033898305116
6562,-8.8,-8.442765217391306,-0.35723478260869435
6571,-5.2,-6.464519607843137,1.2645196078431367
6576,-8.6,-10.808620155038753,2.208620155038753
6582,-10.3,-9.445920353982295,-0.8540796460177056
6587,-8.3,-8.27130612244898,-0.02869387755102082
6590,-12.5,-12.640000000000002,0.14000000000000234
6597,-11.1,-11.276827586206899,0.1768275862068993
6603,-6.0,-6.483445945945946,0.48344594594594614
6604,-7.5,-7.500744186046514,0.0007441860465142724
6605,-9.5,-9.067254355400692,-0.43274564459930787
6618,-9.8,-9.137642857142858,-0.6623571428571431
6627,-8.0,-9.043458333333335,1.0434583333333354
6634,-9.8,-9.584543478260871,-0.21545652173912977
6636,-7.6,-7.341750000000001,-0.25824999999999854
6637,-8.3,-7.479530054644808,-0.8204699453551925
6646,-6.6,-6.483445945945946,-0.1165540540540535
6648,-9.6,-9.512787037037041,-0.08721296296295833
6661,-12.6,-10.808620155038753,-1.7913798449612468
6666,-9.5,-8.908322404371585,-0.5916775956284148
6671,-9.2,-8.908322404371585,-0.2916775956284141
6673,-8.7,-10.37801923076923,1.6780192307692303
6678,-7.2,-8.442765217391306,1.2427652173913062
6679,-9.9,-8.521212765957445,-1.378787234042555
6681,-8.5,-8.425999999999998,-0.07400000000000162
6685,-8.8,-8.908322404371585,0.10832240437158447
6690,-9.0,-8.994147727272727,-0.005852272727272734
6700,-10.42,-10.82451048951049,0.40451048951049096
6702,-8.1,-8.334515873015873,0.23451587301587296
6720,-8.6,-8.425999999999998,-0.17400000000000126
6723,-7.8,-8.237586402266299,0.43758640226629897
6728,-10.2,-10.008634285714287,-0.19136571428571258
6730,-10.48,-10.008634285714287,-0.4713657142857137
6735,-8.9,-10.07076923076923,1.1707692307692295
6745,-8.5,-8.842269607843141,0.3422696078431411
6749,-10.8,-12.383714285714287,1.5837142857142865
6752,-8.786,-8.822294736842105,0.03629473684210538
6757,-8.1,-8.822442748091605,0.7224427480916056
6761,-5.8,-6.464519607843137,0.664519607843137
6781,-8.9,-9.025382352941179,0.1253823529411786
6782,-9.3,-9.671007653061224,0.3710076530612234
6784,-7.597,-7.500744186046514,-0.09625581395348615
6786,-11.5,-10.008634285714287,-1.4913657142857133
6791,-9.4,-9.512787037037041,0.11278703703704096
6794,-10.1,-9.671007653061224,-0.4289923469387755
6797,-10.2,-8.114666666666666,-2.085333333333333
6798,-10.3,-10.008634285714287,-0.291365714285714
6802,-7.6,-7.602860215053764,0.0028602150537642146
6817,-10.3,-8.842269607843141,-1.4577303921568596
6820,-5.8,-6.464519607843137,0.664519607843137
6825,-8.031,-9.025147058823531,0.9941470588235308
6830,-10.11,-10.82451048951049,0.7145104895104915
6831,-9.9,-10.975000000000001,1.075000000000001
6832,-10.8,-10.975000000000001,0.1750000000000007
6835,-10.9,-10.07076923076923,-0.8292307692307705
6836,-9.6,-10.82451048951049,1.2245104895104912
6844,-11.8,-10.33424840764331,-1.4657515923566908
6849,-8.1,-8.27130612244898,0.17130612244898025
6854,-6.9,-6.283999999999996,-0.6160000000000041
6855,-5.1,-4.757000000000001,-0.3429999999999991
6858,-4.0,-4.757000000000001,0.7570000000000006
6862,-11.3,-9.9263,-1.3737000000000013
6866,-7.9,-8.442765217391306,0.542765217391306
6867,-8.6,-8.842269607843141,0.24226960784314144
6877,-11.9,-10.82451048951049,-1.0754895104895095
6878,-7.9,-7.922935714285711,0.02293571428571095
6880,-9.0,-9.671007653061224,0.6710076530612241
6884,-9.7,-9.408413043478259,-0.2915869565217406
6890,-9.807,-10.37801923076923,0.5710192307692292
6899,-8.1,-7.479530054644808,-0.6204699453551914
6904,-9.0,-10.008634285714287,1.0086342857142867
6909,-7.473,-8.237586402266299,0.7645864022662989
6911,-7.8,-6.7537796610169485,-1.0462203389830513
6913,-9.7,-10.940142857142856,1.2401428571428568
6921,-8.777,-9.410023255813952,0.6330232558139528
6927,-7.0,-7.479530054644808,0.47953005464480825
6932,-10.3,-9.671007653061224,-0.6289923469387766
6940,-10.0,-10.808620155038753,0.8086201550387528
6942,-8.5,-9.445920353982295,0.9459203539822951
6945,-7.732,-7.922935714285711,0.1909357142857111
6946,-7.2,-8.442765217391306,1.2427652173913062
6952,-10.4,-9.584543478260871,-0.8154565217391294
6953,-9.7,-9.025147058823531,-0.6748529411764679
6958,-8.1,-7.9044769230769205,-0.19552307692307913
6959,-9.8,-9.9263,0.12629999999999875
6965,-5.6,-5.89304347826087,0.29304347826086996
6967,-9.0,-8.842269607843141,-0.1577303921568589
6975,-9.4,-9.182275,-0.21772499999999972
6992,-9.4,-8.822442748091605,-0.5775572519083951
6995,-10.1,-10.975000000000001,0.8750000000000018
7008,-7.1,-6.9984218749999965,-0.10157812500000318
7020,-9.0,-8.334515873015873,-0.6654841269841274
7033,-8.9,-8.842269607843141,-0.05773039215685927
7038,-9.9,-10.33424840764331,0.4342484076433095
7046,-8.1,-9.043458333333335,0.9434583333333357
7051,-6.5,-5.89304347826087,-0.6069565217391304
7053,-7.9,-10.008634285714287,2.1086342857142863
7054,-10.0,-9.573250000000002,-0.4267499999999984
7058,-6.8,-7.035442105263157,0.23544210526315723
7060,-7.9,-7.341750000000001,-0.5582499999999992
7068,-9.4,-8.842269607843141,-0.5577303921568593
7074,-8.9,-9.182275,0.2822750000000003
7078,-9.9,-10.593285714285711,0.693285714285711
7080,-7.6,-7.865140000000003,0.26514000000000326
7090,-8.1,-7.865140000000003,-0.23485999999999674
7091,-8.5,-8.822442748091605,0.3224427480916052
7095,-8.2,-7.976444444444446,-0.22355555555555373
7108,-9.0,-8.442765217391306,-0.5572347826086936
7109,-7.9,-8.334515873015873,0.43451587301587224
7127,-8.9,-8.473793650793647,-0.42620634920635325
7129,-9.176,-9.067254355400692,-0.10874564459930802
7130,-9.9,-10.37801923076923,0.47801923076922925
7135,-9.227,-10.37801923076923,1.1510192307692293
7139,-9.1,-8.842269607843141,-0.25773039215685856
7144,-9.0,-10.396749999999997,1.3967499999999973
7145,-7.0,-7.500744186046514,0.5007441860465143
7146,-10.7,-9.025382352941179,-1.6746176470588203
7148,-8.6,-9.067254355400692,0.4672543554006925
7149,-6.3,-5.3984666666666685,-0.9015333333333313
7150,-9.7,-10.07076923076923,0.3707692307692305
7153,-8.7,-8.237586402266299,-0.4624135977337005
7157,-8.8,-9.59763333333333,0.7976333333333301
7168,-10.0,-9.408413043478259,-0.5915869565217413
7172,-8.6,-9.067254355400692,0.4672543554006925
7174,-11.0,-10.70526923076923,-0.29473076923076924
7178,-8.4,-8.442765217391306,0.04276521739130601
7180,-8.4,-9.067254355400692,0.6672543554006918
7181,-9.3,-8.237586402266299,-1.062413597733702
7187,-10.0,-10.408715189873417,0.4087151898734174
7188,-11.6,-11.276827586206899,-0.3231724137931007
7201,-8.9,-9.137642857142858,0.23764285714285727
7203,-11.6,-11.276827586206899,-0.3231724137931007
7209,-8.6,-8.237586402266299,-0.36241359773370085
7217,-12.9,-12.383714285714287,-0.5162857142857131
7233,-8.4,-9.408413043478259,1.0084130434782583
7234,-9.2,-9.671007653061224,0.47100765306122483
7242,-5.6,-5.617049999999997,0.017049999999997567
7243,-10.1,-9.584543478260871,-0.5154565217391287
7244,-12.6,-11.276827586206899,-1.3231724137931007
7247,-9.3,-8.842269607843141,-0.4577303921568596
7250,-7.8,-7.976444444444446,0.17644444444444574
7252,-8.8,-8.71005925925926,-0.08994074074074021
7267,-11.41,-11.276827586206899,-0.13317241379310119
7268,-9.9,-10.33424840764331,0.4342484076433095
7271,-9.0,-8.822442748091605,-0.17755725190839478
7292,-11.8,-10.008634285714287,-1.791365714285714
7293,-8.7,-9.671007653061224,0.9710076530612248
7296,-6.6,-6.283999999999996,-0.3160000000000034
7298,-9.2,-10.008634285714287,0.8086342857142874
7300,-8.2,-8.237586402266299,0.0375864022662995
7303,-11.2,-10.37801923076923,-0.8219807692307697
7307,-8.5,-9.511037037037037,1.0110370370370365
7316,-9.0,-7.9044769230769205,-1.0955230769230795
7320,-9.7,-11.276827586206899,1.5768275862068997
7334,-10.31,-11.276827586206899,0.9668275862068985
7336,-6.27,-7.035442105263157,0.7654421052631575
7344,-9.6,-8.842269607843141,-0.7577303921568586
7349,-11.5,-10.008634285714287,-1.4913657142857133
7354,-9.0,-8.842269607843141,-0.1577303921568589
7356,-9.7,-8.822294736842105,-0.8777052631578943
7363,-9.3,-9.59763333333333,0.2976333333333301
7369,-11.4,-11.276827586206899,-0.1231724137931014
7372,-10.1,-8.437,-1.6630000000000003
7375,-4.4,-4.757000000000001,0.3570000000000002
7377,-8.3,-8.237586402266299,-0.06241359773370192
7379,-9.9,-9.671007653061224,-0.22899234693877624
7381,-8.5,-9.408413043478259,0.9084130434782587
7382,-10.5,-10.07076923076923,-0.4292307692307702
7393,-11.0,-9.5652,-1.4347999999999992
7396,-11.0,-11.276827586206899,0.27682758620689896
7399,-8.1,-8.822294736842105,0.7222947368421053
7401,-10.7,-11.276827586206899,0.5768275862068997
7412,-9.0,-8.521212765957445,-0.47878723404255474
7414,-9.8,-9.512787037037041,-0.2872129629629594
7416,-9.2,-8.994147727272727,-0.20585227272727202
7425,-11.4,-11.276827586206899,-0.1231724137931014
7433,-12.34,-12.383714285714287,0.04371428571428737
7436,-10.8,-10.70526923076923,-0.09473076923076995
7452,-7.775,-7.865140000000003,0.09014000000000255
7460,-5.7,-6.283999999999996,0.5839999999999961
7465,-10.1,-10.008634285714287,-0.09136571428571294
7467,-8.4,-6.464519607843137,-1.9354803921568635
7469,-10.85,-10.07076923076923,-0.7792307692307698
7475,-9.5,-9.512787037037041,0.012787037037041316
7492,-9.5,-9.137642857142858,-0.3623571428571424
7497,-9.3,-9.067254355400692,-0.23274564459930858
7498,-9.9,-10.07076923076923,0.17076923076922945
7503,-10.1,-10.793166666666666,0.6931666666666665
7517,-9.9,-9.671007653061224,-0.22899234693877624
7518,-9.4,-9.512787037037041,0.11278703703704096
7534,-10.3,-10.33424840764331,0.034248407643309164
7541,-9.8,-10.82451048951049,1.0245104895104902
7552,-9.3,-9.067254355400692,-0.23274564459930858
7553,-7.2,-7.479530054644808,0.27953005464480807
7558,-7.3,-8.237586402266299,0.937586402266299
7559,-8.3,-9.182275,0.8822749999999999
7562,-9.3,-8.842269607843141,-0.4577303921568596
7567,-8.7,-9.584543478260871,0.8845434782608717
7583,-6.936,-6.9984218749999965,0.06242187499999652
7586,-8.0,-8.334515873015873,0.3345158730158726
7592,-10.51,-10.33424840764331,-0.1757515923566899
7593,-5.5,-5.3984666666666685,-0.10153333333333148
7601,-9.9,-10.124599999999997,0.22459999999999702
7603,-9.4,-10.82451048951049,1.4245104895104905
7608,-11.36,-10.808620155038753,-0.5513798449612466
7610,-9.8,-10.940142857142856,1.1401428571428553
7612,-9.7,-10.008634285714287,0.3086342857142874
7630,-7.1,-7.035442105263157,-0.06455789473684259
7632,-8.2,-8.652115384615387,0.4521153846153876
7634,-9.443,-10.33424840764331,0.8912484076433103
7645,-9.1,-8.237586402266299,-0.8624135977337009
7646,-8.6,-8.822442748091605,0.22244274809160558
7656,-8.1,-8.442765217391306,0.3427652173913067
7671,-9.69,-9.596085714285712,-0.09391428571428762
7677,-10.8,-9.512787037037041,-1.2872129629629594
7688,-9.9,-8.71005925925926,-1.1899407407407399
7690,-7.9,-7.602860215053764,-0.2971397849462365
7691,-8.1,-7.865140000000003,-0.23485999999999674
7699,-6.6,-6.877401785714282,0.2774017857142823
7702,-8.9,-8.71005925925926,-0.18994074074073986
7704,-8.2,-8.27130612244898,0.0713061224489806
7709,-5.6,-7.3433125,1.7433125
7712,-8.2,-7.9044769230769205,-0.2955230769230788
7716,-10.28,-10.808620155038753,0.5286201550387535
7719,-12.0,-10.008634285714287,-1.9913657142857133
7722,-9.935,-10.793166666666666,0.8581666666666656
7724,-5.9,-6.9984218749999965,1.098421874999996
7726,-6.9,-7.865140000000003,0.9651400000000026
7727,-7.0,-6.7537796610169485,-0.2462203389830515
7732,-7.9,-7.11086956521739,-0.78913043478261
7735,-10.6,-9.584543478260871,-1.0154565217391287
7738,-6.3,-6.7537796610169485,0.45377966101694867
7754,-8.6,-8.822294736842105,0.22229473684210532
7767,-4.4,-4.757000000000001,0.3570000000000002
7768,-5.3,-5.617049999999997,0.3170499999999974
7770,-10.0,-11.276827586206899,1.276827586206899
7771,-9.8,-10.3485,0.5484999999999989
7773,-10.5,-9.445920353982295,-1.0540796460177049
7775,-9.0,-9.671007653061224,0.6710076530612241
7779,-6.1,-6.7537796610169485,0.6537796610169488
7780,-6.8,-6.283999999999996,-0.5160000000000036
7781,-6.9,-6.9984218749999965,0.0984218749999961
7785,-9.7,-8.822442748091605,-0.8775572519083941
7786,-8.4,-8.237586402266299,-0.16241359773370156
7791,-7.913,-8.237586402266299,0.32458640226629853
7800,-9.2,-8.27130612244898,-0.9286938775510194
7807,-6.1,-6.483445945945946,0.3834459459459465
7808,-10.7,-10.07076923076923,-0.6292307692307695
7810,-8.4,-7.602860215053764,-0.7971397849462365
7822,-7.3,-7.9044769230769205,0.6044769230769207
7825,-9.734,-8.842269607843141,-0.8917303921568589
7826,-12.0,-12.383714285714287,0.38371428571428723
7837,-10.2,-9.512787037037041,-0.687212962962958
7839,-12.6,-11.664821428571425,-0.9351785714285743
7840,-12.3,-11.664821428571425,-0.6351785714285754
7873,-7.4,-7.479530054644808,0.07953005464480789
7887,-8.6,-8.521212765957445,-0.07878723404255439
7889,-5.4,-5.3984666666666685,-0.0015333333333318322
7890,-5.9,-5.617049999999997,-0.28295000000000314
7894,-11.28,-10.656666666666668,-0.6233333333333313
7907,-8.2,-8.237586402266299,0.0375864022662995
7911,-7.562,-6.9984218749999965,-0.5635781250000038
7914,-8.5,-7.922935714285711,-0.5770642857142887
7919,-7.932,-8.842269607843141,0.9102696078431407
7920,-10.57,-10.008634285714287,-0.5613657142857136
7928,-10.8,-10.82451048951049,0.024510489510490174
7931,-8.6,-9.025382352941179,0.4253823529411793
7932,-7.3,-7.035442105263157,-0.26455789473684277
7933,-10.4,-10.82451048951049,0.42451048951049053
7934,-9.1,-7.3433125,-1.7566875
7937,-8.8,-8.822442748091605,0.022442748091604514
7940,-10.7,-10.008634285714287,-0.6913657142857126
7947,-9.6,-9.584543478260871,-0.015456521739128704
7948,-7.6,-7.479530054644808,-0.1204699453551914
7953,-9.057,-9.584543478260871,0.5275434782608706
7957,-10.8,-10.550875000000001,-0.24912499999999937
7971,-9.9,-9.584543478260871,-0.3154565217391294
7974,-10.8,-11.276827586206899,0.47682758620689825
7977,-6.8,-7.035442105263157,0.23544210526315723
7981,-8.5,-9.671007653061224,1.1710076530612241
7988,-7.8,-7.9044769230769205,0.10447692307692069
7991,-7.1,-7.479530054644808,0.3795300546448086
7995,-8.794,-8.842269607843141,0.048269607843140605
8001,-11.9,-11.664821428571425,-0.235178571428575
8003,-9.553,-10.327272727272726,0.7742727272727254
8005,-7.9,-7.479530054644808,-0.4204699453551921
8012,-7.8,-8.994147727272727,1.1941477272727274
8020,-8.7,-8.473793650793647,-0.2262063492063522
8021,-9.8,-8.908322404371585,-0.8916775956284155
8022,-9.0,-8.842269607843141,-0.1577303921568589
8023,-8.6,-8.27130612244898,-0.32869387755101975
8025,-9.2,-10.396749999999997,1.196749999999998
8027,-5.7,-5.9341147540983625,0.23411475409836235
8034,-12.0,-11.276827586206899,-0.723172413793101
8037,-9.1,-8.842269607843141,-0.25773039215685856
8039,-9.3,-10.33424840764331,1.0342484076433092
8040,-7.9,-8.822442748091605,0.9224427480916049
8052,-8.0,-7.479530054644808,-0.5204699453551918
8054,-10.3,-10.33424840764331,0.034248407643309164
8055,-7.3,-6.877401785714282,-0.42259821428571787
8057,-9.9,-9.408413043478259,-0.49158695652174167
8061,-10.3,-10.37801923076923,0.0780192307692289
8062,-8.7,-9.445920353982295,0.7459203539822958
8063,-10.8,-9.375642857142855,-1.4243571428571453
8065,-9.269,-10.408715189873417,1.1397151898734172
8067,-8.182,-8.237586402266299,0.05558640226629841
8069,-10.5,-10.07076923076923,-0.4292307692307702
8074,-8.6,-7.11086956521739,-1.4891304347826093
8079,-7.1,-6.877401785714282,-0.2225982142857177
8083,-10.8,-10.396749999999997,-0.40325000000000344
8084,-9.6,-8.842269607843141,-0.7577303921568586
8085,-10.4,-9.596085714285712,-0.8039142857142885
8090,-9.0,-8.822442748091605,-0.17755725190839478
8091,-7.5,-7.479530054644808,-0.020469945355191754
8093,-5.1,-5.617049999999997,0.5170499999999976
8114,-9.7,-9.671007653061224,-0.02899234693877517
8128,-8.2,-8.237586402266299,0.0375864022662995
8138,-9.3,-9.067254355400692,-0.23274564459930858
8139,-9.9,-9.671007653061224,-0.22899234693877624
8140,-8.7,-8.473793650793647,-0.2262063492063522
8141,-5.9,-6.877401785714282,0.9774017857142816
8145,-10.5,-10.008634285714287,-0.4913657142857133
8146,-10.42,-10.82451048951049,0.40451048951049096
8156,-9.8,-9.671007653061224,-0.1289923469387766
8157,-8.1,-8.334515873015873,0.23451587301587296
8160,-8.7,-10.008634285714287,1.3086342857142874
8161,-9.3,-9.671007653061224,0.3710076530612234
8165,-6.1,-6.877401785714282,0.7774017857142823
8170,-10.8,-10.82451048951049,0.024510489510490174
8187,-7.6,-9.155409090909094,1.5554090909090945
8191,-9.2,-9.067254355400692,-0.13274564459930716
8193,-8.9,-9.067254355400692,0.16725435540069178
8196,-8.1,-7.865140000000003,-0.23485999999999674
8200,-9.8,-9.584543478260871,-0.21545652173912977
8206,-8.8,-8.425999999999998,-0.37400000000000233
8215,-11.4,-10.008634285714287,-1.3913657142857137
8218,-8.322,-8.822442748091605,0.500442748091606
8223,-8.5,-8.842269607843141,0.3422696078431411
8229,-8.5,-9.025147058823531,0.5251470588235314
8236,-7.0,-6.483445945945946,-0.5165540540540539
8243,-10.1,-10.70526923076923,0.6052692307692311
8251,-10.4,-11.664821428571425,1.264821428571425
8253,-11.5,-11.664821428571425,0.16482142857142534
8257,-9.5,-8.442765217391306,-1.0572347826086936
8267,-12.0,-12.126000000000001,0.12600000000000122
8278,-6.5,-5.617049999999997,-0.8829500000000028
8279,-6.4,-5.89304347826087,-0.5069565217391307
8293,-8.5,-8.237586402266299,-0.2624135977337012
8294,-8.3,-8.842269607843141,0.5422696078431404
8298,-10.0,-9.511037037037037,-0.4889629629629635
8303,-9.5,-9.445920353982295,-0.054079646017704874
8304,-6.8,-6.366056603773586,-0.43394339622641365
8305,-11.1,-10.550875000000001,-0.5491249999999983
8307,-6.1,-5.617049999999997,-0.48295000000000243
8316,-10.7,-11.276827586206899,0.5768275862068997
8318,-8.4,-8.71005925925926,0.31005925925926014
8324,-8.9,-8.822294736842105,-0.07770526315789539
8326,-8.4,-7.479530054644808,-0.9204699453551921
8342,-8.045,-7.500744186046514,-0.5442558139534857
8343,-8.9,-8.237586402266299,-0.6624135977337016
8348,-10.6,-10.33424840764331,-0.26575159235668977
8349,-9.9,-9.671007653061224,-0.22899234693877624
8358,-9.0,-9.067254355400692,0.06725435540069213
8359,-10.7,-10.3485,-0.3514999999999997
8367,-5.9,-7.479530054644808,1.579530054644808
8371,-9.1,-9.671007653061224,0.5710076530612245
8375,-8.666,-10.008634285714287,1.3426342857142863
8380,-11.7,-10.82451048951049,-0.8754895104895084
8398,-11.1,-9.408413043478259,-1.691586956521741
8401,-10.4,-10.008634285714287,-0.39136571428571365
8404,-7.4,-7.602860215053764,0.2028602150537635
8405,-9.757,-10.33424840764331,0.5772484076433102
8410,-9.4,-10.408715189873417,1.008715189873417
8413,-10.55,-10.70526923076923,0.15526923076923005
8417,-7.3,-6.283999999999996,-1.0160000000000036
8418,-8.6,-9.182275,0.582275000000001
8421,-7.8,-7.865140000000003,0.06514000000000308
8422,-8.3,-8.442765217391306,0.14276521739130565
8432,-12.5,-11.664821428571425,-0.8351785714285747
8437,-8.2,-8.425999999999998,0.2259999999999991
8440,-7.8,-7.602860215053764,-0.19713978494623596
8444,-10.1,-9.59763333333333,-0.5023666666666688
8447,-8.1,-8.822442748091605,0.7224427480916056
8448,-9.2,-9.067254355400692,-0.13274564459930716
8452,-10.2,-9.025382352941179,-1.1746176470588203
8457,-5.1,-4.757000000000001,-0.3429999999999991
8480,-9.2,-8.842269607843141,-0.3577303921568582
8481,-8.8,-8.822294736842105,0.022294736842104257
8484,-9.7,-10.940142857142856,1.2401428571428568
8486,-9.5,-9.671007653061224,0.17100765306122412
8487,-11.3,-10.408715189873417,-0.8912848101265833
8488,-11.9,-11.71433333333333,-0.18566666666666976
8490,-10.11,-9.687692307692307,-0.42230769230769205
8493,-10.4,-10.37801923076923,-0.021980769230770747
8494,-7.9,-7.479530054644808,-0.4204699453551921
8495,-9.0,-9.025147058823531,0.02514705882353141
8496,-8.2,-7.602860215053764,-0.5971397849462354
8501,-9.3,-8.822442748091605,-0.4775572519083955
8509,-9.3,-9.043458333333335,-0.25654166666666534
8517,-11.6,-10.82451048951049,-0.7754895104895088
8522,-8.3,-8.521212765957445,0.22121276595744455
8525,-10.9,-10.008634285714287,-0.8913657142857137
8532,-9.2,-9.445920353982295,0.24592035398229584
8536,-6.7,-5.89304347826087,-0.8069565217391306
8542,-7.1,-7.500744186046514,0.4007441860465146
8548,-4.4,-4.757000000000001,0.3570000000000002
8560,-7.4,-7.865140000000003,0.46514000000000255
8568,-11.92,-11.664821428571425,-0.2551785714285746
8570,-8.7,-9.671007653061224,0.9710076530612248
8575,-8.629,-8.822442748091605,0.19344274809160567
8576,-8.568,-8.822442748091605,0.2544427480916056
8583,-8.1,-9.067254355400692,0.9672543554006925
8596,-9.8,-9.067254355400692,-0.7327456445993086
8600,-8.6,-8.442765217391306,-0.15723478260869328
8605,-9.9,-10.3485,0.44849999999999923
8610,-10.5,-10.07076923076923,-0.4292307692307702
8612,-9.0,-10.07076923076923,1.0707692307692298
8614,-11.7,-10.311117647058824,-1.3888823529411756
8617,-11.0,-10.82451048951049,-0.17548951048950912
8620,-10.4,-9.671007653061224,-0.7289923469387762
8626,-9.4,-9.408413043478259,0.00841304347825833
8628,-8.9,-7.865140000000003,-1.0348599999999974
8629,-9.5,-8.908322404371585,-0.5916775956284148
8630,-9.4,-9.067254355400692,-0.3327456445993082
8634,-8.7,-8.71005925925926,0.01005925925926121
8635,-11.4,-10.82451048951049,-0.5754895104895095
8641,-8.9,-9.512787037037041,0.612787037037041
8642,-10.1,-9.59763333333333,-0.5023666666666688
8643,-8.7,-8.334515873015873,-0.3654841269841267
8644,-9.3,-9.671007653061224,0.3710076530612234
8654,-9.669,-9.182275,-0.48672499999999985
8665,-10.15,-9.596085714285712,-0.5539142857142885
8687,-8.1,-8.334515873015873,0.23451587301587296
8693,-7.4,-8.237586402266299,0.8375864022662984
8695,-9.2,-8.473793650793647,-0.7262063492063522
8700,-11.29,-11.664821428571425,0.3748214285714262
8708,-9.1,-9.182275,0.08227500000000099
8718,-9.5,-10.37801923076923,0.8780192307692296
8720,-8.6,-8.908322404371585,0.30832240437158553
8721,-9.3,-9.512787037037041,0.2127870370370406
8723,-9.152,-8.994147727272727,-0.15785227272727198
8726,-7.9,-7.922935714285711,0.02293571428571095
8727,-8.2,-8.237586402266299,0.0375864022662995
8728,-8.1,-8.334515873015873,0.23451587301587296
8729,-10.3,-10.37801923076923,0.0780192307692289
8731,-10.9,-10.408715189873417,-0.491284810126583
8741,-10.2,-10.37801923076923,0.17801923076923032
8743,-6.2,-7.949999999999999,1.7499999999999991
8745,-9.645,-9.025147058823531,-0.6198529411764682
8749,-7.9,-8.27130612244898,0.37130612244897954
8753,-10.1,-10.408715189873417,0.30871518987341773
8763,-8.5,-8.237586402266299,-0.2624135977337012
8767,-9.563,-9.025147058823531,-0.5378529411764692
8775,-10.5,-10.37801923076923,-0.12198076923077039
8779,-9.9,-9.671007653061224,-0.22899234693877624
8781,-9.6,-8.521212765957445,-1.0787872340425544
8790,-11.0,-10.959,-0.04100000000000037
8798,-7.5,-7.865140000000003,0.3651400000000029
8806,-9.8,-10.07076923076923,0.2707692307692291
8816,-9.5,-9.671007653061224,0.17100765306122412
8817,-5.7,-4.757000000000001,-0.9429999999999996
8818,-10.2,-10.3485,0.1485000000000003
8822,-10.94,-9.512787037037041,-1.4272129629629582
8823,-7.8,-8.908322404371585,1.1083224043715854
8824,-9.5,-8.908322404371585,-0.5916775956284148
8828,-7.1,-6.877401785714282,-0.2225982142857177
8831,-7.7,-8.842269607843141,1.142269607843141
8832,-5.4,-5.617049999999997,0.21704999999999686
8833,-8.6,-7.922935714285711,-0.6770642857142883
8835,-8.1,-8.334515873015873,0.23451587301587296
8839,-8.3,-8.334515873015873,0.03451587301587189
8854,-10.0,-9.59763333333333,-0.4023666666666692
8855,-9.9,-9.445920353982295,-0.45407964601770523
8859,-11.6,-10.008634285714287,-1.591365714285713
8860,-11.6,-10.82451048951049,-0.7754895104895088
8872,-8.2,-8.822294736842105,0.6222947368421057
8874,-7.0,-7.479530054644808,0.47953005464480825
8875,-7.7,-7.479530054644808,-0.22046994535519193
8878,-8.3,-10.008634285714287,1.708634285714286
8892,-9.3,-9.9263,0.6262999999999987
8903,-9.2,-9.671007653061224,0.47100765306122483
8908,-6.9,-6.9984218749999965,0.0984218749999961
8913,-9.7,-9.671007653061224,-0.02899234693877517
8917,-8.5,-9.067254355400692,0.5672543554006921
8918,-6.8,-6.7537796610169485,-0.046220338983051334
8922,-8.3,-8.842269607843141,0.5422696078431404
8923,-9.1,-9.025147058823531,-0.07485294117646824
8949,-9.0,-8.237586402266299,-0.7624135977337012
8951,-9.3,-9.408413043478259,0.10841304347825798
8972,-9.331,-8.71005925925926,-0.620940740740739
8979,-8.8,-8.842269607843141,0.04226960784314038
8981,-10.7,-10.37801923076923,-0.3219807692307697
8982,-8.4,-8.237586402266299,-0.16241359773370156
8983,-9.7,-9.671007653061224,-0.02899234693877517
8992,-12.2,-12.126000000000001,-0.07399999999999807
9002,-11.1,-8.842269607843141,-2.2577303921568586
9003,-8.6,-8.473793650793647,-0.12620634920635254
9009,-8.3,-8.27130612244898,-0.02869387755102082
9019,-11.8,-11.664821428571425,-0.13517857142857537
9030,-9.0,-9.9263,0.9262999999999995
9044,-9.5,-9.182275,-0.31772499999999937
9048,-6.1,-6.483445945945946,0.3834459459459465
9051,-8.5,-8.27130612244898,-0.2286938775510201
9057,-8.6,-8.822442748091605,0.22244274809160558
9061,-8.8,-9.067254355400692,0.2672543554006914
9071,-9.3,-9.671007653061224,0.3710076530612234
9072,-10.4,-9.671007653061224,-0.7289923469387762
9079,-9.7,-10.07076923076923,0.3707692307692305
9080,-7.3,-6.464519607843137,-0.835480392156863
9088,-7.6,-8.237586402266299,0.6375864022662991
9089,-8.5,-9.067254355400692,0.5672543554006921
9095,-10.0,-10.408715189873417,0.4087151898734174
9100,-9.7,-9.584543478260871,-0.11545652173912835
9112,-6.272,-6.7782608695652184,0.5062608695652182
9114,-9.729,-9.9263,0.19730000000000025
9116,-8.3,-8.27130612244898,-0.02869387755102082
9119,-8.3,-8.237586402266299,-0.06241359773370192
9122,-9.1,-9.671007653061224,0.5710076530612245
9124,-9.5,-8.334515873015873,-1.1654841269841274
9132,-9.271,-9.512787037037041,0.24178703703704052
9136,-6.6,-6.7537796610169485,0.15377966101694884
9141,-11.0,-10.396749999999997,-0.6032500000000027
9143,-8.8,-9.067254355400692,0.2672543554006914
9170,-10.5,-10.37801923076923,-0.12198076923077039
9174,-8.8,-8.908322404371585,0.10832240437158447
9177,-8.2,-8.237586402266299,0.0375864022662995
9180,-8.7,-8.908322404371585,0.2083224043715859
9188,-7.8,-8.237586402266299,0.43758640226629897
9189,-8.4,-9.025147058823531,0.625147058823531
9197,-8.0,-7.839806451612905,-0.16019354838709532
9199,-10.2,-10.33424840764331,0.13424840764331059
9210,-10.1,-10.37801923076923,0.27801923076922996
9212,-7.6,-7.865140000000003,0.26514000000000326
9220,-9.4,-8.842269607843141,-0.5577303921568593
9221,-9.0,-10.33424840764331,1.3342484076433099
9222,-9.1,-8.842269607843141,-0.25773039215685856
9229,-5.9,-5.89304347826087,-0.00695652173913075
9234,-9.9,-9.445920353982295,-0.45407964601770523
9241,-6.7,-7.479530054644808,0.7795300546448081
9243,-9.6,-10.37801923076923,0.77801923076923
9244,-9.6,-9.445920353982295,-0.15407964601770452
9248,-8.1,-8.442765217391306,0.3427652173913067
9250,-10.0,-9.584543478260871,-0.41545652173912906
9252,-5.6,-5.617049999999997,0.017049999999997567
9254,-9.3,-9.445920353982295,0.14592035398229442
9255,-8.2,-8.237586402266299,0.0375864022662995
9256,-9.7,-8.334515873015873,-1.3654841269841267
9257,-8.5,-8.237586402266299,-0.2624135977337012
9266,-9.1,-8.27130612244898,-0.8286938775510198
9269,-11.8,-10.70526923076923,-1.09473076923077
9272,-10.4,-9.671007653061224,-0.7289923469387762
9275,-9.1,-8.842269607843141,-0.25773039215685856
9281,-8.4,-9.067254355400692,0.6672543554006918
9284,-10.8,-10.82451048951049,0.024510489510490174
9285,-7.5,-8.237586402266299,0.7375864022662988
9287,-5.5,-5.617049999999997,0.11704999999999721
9290,-9.7,-9.408413043478259,-0.2915869565217406
9296,-8.4,-8.473793650793647,0.07379365079364675
9297,-8.5,-7.602860215053764,-0.8971397849462361
9307,-8.7,-9.408413043478259,0.7084130434782594
9322,-9.3,-9.445920353982295,0.14592035398229442
9327,-10.5,-9.584543478260871,-0.9154565217391291
9334,-11.1,-11.664821428571425,0.5648214285714257
9338,-10.8,-10.07076923076923,-0.7292307692307709
9349,-9.5,-10.33424840764331,0.8342484076433099
9350,-8.2,-8.237586402266299,0.0375864022662995
9355,-6.9,-6.483445945945946,-0.4165540540540542
9366,-9.8,-9.671007653061224,-0.1289923469387766
9367,-11.62,-10.968629629629628,-0.6513703703703708
9369,-7.5,-7.479530054644808,-0.020469945355191754
9370,-9.1,-9.596085714285712,0.49608571428571224
9371,-9.1,-9.671007653061224,0.5710076530612245
9372,-10.3,-10.408715189873417,0.10871518987341666
9375,-10.6,-10.3485,-0.25150000000000006
9377,-8.7,-8.908322404371585,0.2083224043715859
9379,-9.588,-10.008634285714287,0.4206342857142875
9381,-8.257,-8.842269607843141,0.5852696078431414
9386,-11.2,-8.867076923076924,-2.332923076923075
9392,-8.5,-8.822442748091605,0.3224427480916052
9393,-6.3,-6.366056603773586,0.06605660377358635
9395,-8.0,-7.865140000000003,-0.1348599999999971
9399,-9.8,-9.025147058823531,-0.7748529411764693
9404,-10.57,-10.008634285714287,-0.5613657142857136
9405,-5.2,-5.617049999999997,0.41704999999999703
9415,-7.8,-8.842269607843141,1.0422696078431413
9422,-3.9,-4.757000000000001,0.8570000000000007
9425,-10.3,-11.276827586206899,0.9768275862068982
9430,-9.1,-9.596085714285712,0.49608571428571224
9432,-11.4,-10.808620155038753,-0.5913798449612475
9436,-8.164,-8.27130612244898,0.10730612244898019
9440,-8.0,-8.27130612244898,0.2713061224489799
9443,-9.6,-9.512787037037041,-0.08721296296295833
9450,-8.4,-9.584543478260871,1.1845434782608706
9455,-8.1,-8.473793650793647,0.37379365079364746
9456,-8.9,-8.473793650793647,-0.42620634920635325
9457,-12.1,-10.008634285714287,-2.091365714285713
9459,-9.3,-9.067254355400692,-0.23274564459930858
9464,-8.3,-8.822442748091605,0.5224427480916045
9468,-10.7,-11.276827586206899,0.5768275862068997
9473,-9.5,-10.008634285714287,0.5086342857142867
9475,-12.5,-10.550875000000001,-1.9491249999999987
9483,-10.6,-10.3485,-0.25150000000000006
9486,-8.3,-8.908322404371585,0.6083224043715845
9495,-7.1,-6.483445945945946,-0.6165540540540535
9496,-10.16,-10.808620155038753,0.6486201550387527
9500,-10.1,-8.71005925925926,-1.3899407407407391
9501,-7.5,-7.602860215053764,0.10286021505376386
9512,-12.1,-9.2,-2.9000000000000004
9513,-10.3,-11.713958333333338,1.413958333333337
9517,-8.2,-8.237586402266299,0.0375864022662995
9523,-6.7,-5.9341147540983625,-0.7658852459016376
9525,-7.5,-7.976444444444446,0.47644444444444556
9529,-9.6,-9.137642857142858,-0.462357142857142
9530,-9.5,-9.137642857142858,-0.3623571428571424
9532,-9.4,-8.334515873015873,-1.0654841269841278
9533,-8.6,-9.067254355400692,0.4672543554006925
9536,-7.1,-6.7537796610169485,-0.34622033898305116
9548,-10.4,-9.671007653061224,-0.7289923469387762
9549,-7.1,-7.479530054644808,0.3795300546448086
9559,-10.8,-10.07076923076923,-0.7292307692307709
9562,-11.12,-10.593939393939396,-0.5260606060606037
9569,-7.9,-9.025382352941179,1.1253823529411786
9570,-7.8,-7.865140000000003,0.06514000000000308
9574,-12.0,-11.664821428571425,-0.33517857142857466
9575,-9.2,-9.512787037037041,0.312787037037042
9584,-5.3,-5.617049999999997,0.3170499999999974
9587,-7.457,-7.328214285714284,-0.1287857142857156
9591,-10.9,-10.975000000000001,0.07500000000000107
9595,-8.9,-8.334515873015873,-0.5654841269841278
9601,-7.4,-7.839806451612905,0.4398064516129043
9603,-9.8,-10.33424840764331,0.5342484076433092
9621,-7.7,-7.387499999999999,-0.3125000000000009
9633,-8.7,-7.922935714285711,-0.777064285714288
9653,-9.6,-9.59763333333333,-0.0023666666666688485
9660,-8.5,-7.9044769230769205,-0.5955230769230795
9661,-9.3,-8.994147727272727,-0.30585227272727344
9664,-9.0,-9.137642857142858,0.13764285714285762
9667,-10.1,-9.584543478260871,-0.5154565217391287
9668,-9.563,-9.59763333333333,0.034633333333330185
9673,-5.1,-4.757000000000001,-0.3429999999999991
9675,-6.175,-5.3984666666666685,-0.7765333333333313
9676,-8.6,-9.137642857142858,0.537642857142858
9682,-8.5,-8.71005925925926,0.2100592592592605
9683,-7.2,-6.7537796610169485,-0.4462203389830517
9694,-10.6,-10.37801923076923,-0.22198076923077004
9696,-8.2,-8.27130612244898,0.0713061224489806
9699,-12.0,-11.71433333333333,-0.2856666666666694
9706,-9.4,-9.671007653061224,0.27100765306122376
9711,-7.5,-8.334515873015873,0.8345158730158726
9720,-10.3,-10.408715189873417,0.10871518987341666
9722,-9.3,-8.908322404371585,-0.39167759562841553
9723,-8.2,-10.311117647058824,2.1111176470588244
9732,-11.1,-10.33424840764331,-0.7657515923566898
9747,-7.0,-6.483445945945946,-0.5165540540540539
9756,-9.4,-10.940142857142856,1.5401428571428557
9757,-8.5,-8.822442748091605,0.3224427480916052
9768,-12.3,-10.940142857142856,-1.3598571428571447
9769,-5.727,-6.283999999999996,0.5569999999999959
9775,-8.2,-7.500744186046514,-0.699255813953485
9778,-8.9,-9.584543478260871,0.6845434782608706
9781,-8.6,-9.025147058823531,0.42514705882353176
9793,-11.3,-9.584543478260871,-1.7154565217391298
9797,-9.8,-10.008634285714287,0.208634285714286
9798,-10.9,-9.9263,-0.9737000000000009
9801,-10.1,-10.07076923076923,-0.029230769230769837
9804,-8.3,-8.842269607843141,0.5422696078431404
9810,-8.7,-10.82451048951049,2.1245104895104916
9818,-7.2,-8.521212765957445,1.321212765957445
9832,-8.4,-9.067254355400692,0.6672543554006918
9843,-10.07,-8.867076923076924,-1.202923076923076
9846,-10.3,-10.3485,0.04849999999999888
9852,-11.0,-10.396749999999997,-0.6032500000000027
9856,-9.5,-8.822442748091605,-0.6775572519083948
9858,-5.9,-5.617049999999997,-0.28295000000000314
9881,-9.3,-9.671007653061224,0.3710076530612234
9882,-9.8,-10.968629629629628,1.1686296296296277
9905,-8.6,-8.842269607843141,0.24226960784314144
9908,-9.2,-8.71005925925926,-0.4899407407407388
9926,-8.6,-10.311117647058824,1.711117647058824
9934,-9.0,-8.237586402266299,-0.7624135977337012
9937,-10.6,-10.808620155038753,0.2086201550387532
9941,-7.2,-7.479530054644808,0.27953005464480807
9942,-7.7,-8.71005925925926,1.0100592592592603
9944,-9.6,-9.59763333333333,-0.0023666666666688485
9946,-11.0,-11.276827586206899,0.27682758620689896
9948,-9.5,-8.71005925925926,-0.7899407407407395
9950,-11.41,-10.82451048951049,-0.5854895104895093
9962,-7.4,-6.366056603773586,-1.0339433962264142
9964,-6.3,-7.035442105263157,0.7354421052631572
9972,-9.4,-9.59763333333333,0.19763333333333044
9974,-8.5,-9.671007653061224,1.1710076530612241
9975,-5.9,-6.366056603773586,0.4660566037735858
9985,-9.568,-9.067254355400692,-0.5007456445993075
9991,-6.9,-7.328214285714284,0.4282142857142839
9992,-8.259,-7.865140000000003,-0.39385999999999743
9995,-7.2,-7.976444444444446,0.7764444444444454
10000,-10.3,-9.155409090909094,-1.1445909090909065
10001,-6.7,-7.839806451612905,1.1398064516129045
10008,-7.3,-7.9044769230769205,0.6044769230769207
10018,-10.0,-10.07076923076923,0.07076923076922981
10023,-9.5,-10.008634285714287,0.5086342857142867
10029,-9.4,-10.008634285714287,0.6086342857142863
10032,-7.8,-8.842269607843141,1.0422696078431413
10033,-8.4,-9.2,0.7999999999999989
10044,-10.5,-9.584543478260871,-0.9154565217391291
10064,-10.3,-10.396749999999997,0.09674999999999656
10067,-11.4,-10.70526923076923,-0.6947307692307696
10071,-8.8,-8.114666666666666,-0.6853333333333342
10079,-8.9,-7.865140000000003,-1.0348599999999974
10080,-8.7,-9.584543478260871,0.8845434782608717
10081,-8.9,-8.842269607843141,-0.05773039215685927
10082,-11.1,-12.126000000000001,1.0260000000000016
10087,-7.8,-7.479530054644808,-0.3204699453551916
10090,-12.95,-11.276827586206899,-1.6731724137931003
10098,-8.7,-8.237586402266299,-0.4624135977337005
10103,-7.353,-7.328214285714284,-0.02478571428571552
10104,-7.639,-7.865140000000003,0.22614000000000267
10105,-10.5,-10.008634285714287,-0.4913657142857133
10106,-8.5,-7.865140000000003,-0.6348599999999971
10107,-8.7,-8.71005925925926,0.01005925925926121
10110,-6.7,-7.035442105263157,0.3354421052631569
10119,-8.3,-9.137642857142858,0.8376428571428569
10126,-8.8,-7.328214285714284,-1.4717857142857165
10129,-8.6,-8.822442748091605,0.22244274809160558
10130,-9.563,-9.043458333333335,-0.5195416666666652
10145,-9.3,-9.408413043478259,0.10841304347825798
10157,-9.2,-9.408413043478259,0.2084130434782594
10182,-10.4,-8.521212765957445,-1.878787234042555
10185,-8.088,-7.479530054644808,-0.6084699453551909
10197,-10.4,-10.07076923076923,-0.32923076923077055
10203,-7.0,-6.483445945945946,-0.5165540540540539
10208,-8.1,-8.442765217391306,0.3427652173913067
10211,-9.4,-9.671007653061224,0.27100765306122376
10214,-10.2,-9.584543478260871,-0.6154565217391283
10215,-8.1,-9.687692307692307,1.5876923076923077
10217,-9.6,-9.410023255813952,-0.1899767441860476
10220,-7.7,-7.479530054644808,-0.22046994535519193
10224,-7.6,-7.479530054644808,-0.1204699453551914
10234,-5.1,-4.757000000000001,-0.3429999999999991
10235,-8.4,-8.842269607843141,0.44226960784314073
10236,-9.8,-10.008634285714287,0.208634285714286
10240,-7.1,-6.483445945945946,-0.6165540540540535
10243,-6.0,-6.483445945945946,0.48344594594594614
10244,-10.1,-10.808620155038753,0.7086201550387532
10245,-10.0,-9.415920000000002,-0.5840799999999984
10249,-6.228,-6.483445945945946,0.2554459459459464
10256,-12.7,-12.640000000000002,-0.059999999999996945
10261,-10.8,-10.656666666666668,-0.14333333333333265
10268,-9.547,-9.182275,-0.36472499999999997
10269,-7.3,-6.7537796610169485,-0.5462203389830513
10270,-8.6,-7.500744186046514,-1.0992558139534854
10277,-11.4,-10.37801923076923,-1.0219807692307707
10280,-8.7,-8.822294736842105,0.12229473684210568
10281,-7.5,-8.237586402266299,0.7375864022662988
10296,-9.1,-11.71433333333333,2.614333333333331
10298,-9.4,-9.596085714285712,0.19608571428571153
10302,-8.922,-8.71005925925926,-0.2119407407407401
10311,-9.1,-8.71005925925926,-0.38994074074073914
10316,-10.2,-10.3485,0.1485000000000003
10318,-8.226,-8.71005925925926,0.48405925925925963
10321,-7.5,-5.770854166666667,-1.729145833333333
10323,-6.6,-6.7537796610169485,0.15377966101694884
10333,-10.4,-11.276827586206899,0.8768275862068986
10338,-8.8,-8.442765217391306,-0.35723478260869435
10340,-5.7,-6.9984218749999965,1.2984218749999963
10341,-9.3,-9.59763333333333,0.2976333333333301
10345,-9.1,-9.9263,0.8262999999999998
10351,-9.5,-9.067254355400692,-0.43274564459930787
10354,-10.4,-10.968629629629628,0.568629629629628
10365,-9.1,-8.71005925925926,-0.38994074074073914
10366,-8.1,-8.822442748091605,0.7224427480916056
10383,-9.4,-9.511037037037037,0.11103703703703616
10384,-10.4,-10.82451048951049,0.42451048951049053
10387,-9.572,-9.512787037037041,-0.05921296296295786
10398,-9.6,-9.067254355400692,-0.5327456445993075
10404,-9.3,-8.908322404371585,-0.39167759562841553
10405,-10.0,-9.137642857142858,-0.8623571428571424
10407,-11.0,-10.70526923076923,-0.29473076923076924
10409,-7.9,-8.842269607843141,0.9422696078431407
10433,-4.8,-4.757000000000001,-0.04299999999999926
10439,-6.7,-7.602860215053764,0.9028602150537637
10442,-9.7,-8.521212765957445,-1.178787234042554
10443,-9.8,-9.584543478260871,-0.21545652173912977
10448,-10.5,-10.975000000000001,0.4750000000000014
10451,-10.9,-12.383714285714287,1.4837142857142869
10472,-8.525,-8.842269607843141,0.31726960784314073
10474,-7.7,-8.27130612244898,0.5713061224489797
10476,-10.5,-10.82451048951049,0.3245104895104909
10482,-9.6,-9.511037037037037,-0.08896296296296313
10485,-8.8,-8.425999999999998,-0.37400000000000233
10487,-9.4,-10.008634285714287,0.6086342857142863
10489,-8.0,-7.479530054644808,-0.5204699453551918
10494,-7.3,-7.839806451612905,0.5398064516129049
10498,-9.9,-8.237586402266299,-1.6624135977337016
10500,-9.5,-9.067254355400692,-0.43274564459930787
10503,-8.578,-8.71005925925926,0.1320592592592611
10504,-9.0,-8.334515873015873,-0.6654841269841274
10507,-9.7,-8.473793650793647,-1.2262063492063522
10508,-10.3,-10.37801923076923,0.0780192307692289
10509,-9.1,-9.067254355400692,-0.03274564459930751
10515,-11.4,-11.664821428571425,0.264821428571425
10517,-9.7,-10.327272727272726,0.627272727272727
10520,-5.6,-5.617049999999997,0.017049999999997567
10532,-8.9,-8.822442748091605,-0.07755725190839513
10536,-7.3,-7.328214285714284,0.028214285714284415
10556,-9.9,-9.408413043478259,-0.49158695652174167
10557,-7.845,-7.865140000000003,0.020140000000003155
10568,-8.5,-7.976444444444446,-0.5235555555555544
10569,-8.6,-7.976444444444446,-0.6235555555555541
10570,-8.4,-9.408413043478259,1.0084130434782583
10582,-7.4,-7.500744186046514,0.10074418604651392
10584,-11.7,-10.37801923076923,-1.3219807692307697
10595,-7.8,-8.842269607843141,1.0422696078431413
10596,-7.975,-8.334515873015873,0.35951587301587296
10601,-6.8,-6.483445945945946,-0.3165540540540537
10605,-10.2,-9.596085714285712,-0.6039142857142874
10616,-9.8,-10.940142857142856,1.1401428571428553
10617,-7.9,-7.602860215053764,-0.2971397849462365
10619,-8.7,-9.025147058823531,0.3251470588235321
10621,-11.49,-12.383714285714287,0.893714285714287
10624,-11.4,-10.82451048951049,-0.5754895104895095
10628,-7.1,-7.035442105263157,-0.06455789473684259
10637,-9.3,-8.652115384615387,-0.6478846153846138
10638,-9.3,-8.652115384615387,-0.6478846153846138
10644,-8.7,-10.550875000000001,1.850875000000002
10657,-8.9,-9.671007653061224,0.7710076530612238
10658,-6.4,-6.283999999999996,-0.1160000000000041
10659,-12.7,-11.713958333333338,-0.9860416666666616
10661,-8.3,-8.425999999999998,0.12599999999999767
10662,-8.8,-10.124599999999997,1.3245999999999967
10664,-9.2,-8.842269607843141,-0.3577303921568582
10667,-9.8,-9.445920353982295,-0.3540796460177056
10668,-6.3,-6.9984218749999965,0.6984218749999966
10672,-3.9,-4.757000000000001,0.8570000000000007
10679,-9.9,-10.008634285714287,0.10863428571428635
10682,-8.2,-9.067254355400692,0.8672543554006928
10697,-8.3,-8.842269607843141,0.5422696078431404
10702,-8.6,-8.842269607843141,0.24226960784314144
10715,-9.7,-9.59763333333333,-0.1023666666666685
10722,-8.7,-8.114666666666666,-0.5853333333333328
10723,-6.9,-6.877401785714282,-0.0225982142857184
10724,-9.1,-10.008634285714287,0.9086342857142871
10726,-6.0,-6.283999999999996,0.28399999999999626
10730,-8.9,-9.067254355400692,0.16725435540069178
10731,-7.9,-8.842269607843141,0.9422696078431407
10733,-5.7,-6.464519607843137,0.7645196078431367
10740,-9.5,-10.33424840764331,0.8342484076433099
10741,-6.6,-6.9984218749999965,0.3984218749999968
10756,-8.5,-8.908322404371585,0.4083224043715852
10761,-10.3,-10.37801923076923,0.0780192307692289
10770,-9.4,-10.008634285714287,0.6086342857142863
10773,-10.7,-10.07076923076923,-0.6292307692307695
10774,-8.6,-9.671007653061224,1.0710076530612245
10775,-6.1,-7.479530054644808,1.3795300546448086
10788,-8.5,-8.442765217391306,-0.057234782608693635
10790,-10.6,-9.511037037037037,-1.0889629629629631
10795,-8.2,-9.512787037037041,1.312787037037042
10800,-6.8,-6.483445945945946,-0.3165540540540537
10809,-9.6,-10.008634285714287,0.40863428571428706
10811,-10.6,-10.3485,-0.25150000000000006
10821,-9.5,-9.408413043478259,-0.09158695652174131
10822,-10.2,-10.008634285714287,-0.19136571428571258
10825,-6.5,-6.366056603773586,-0.13394339622641382
10828,-10.4,-10.656666666666668,0.2566666666666677
10833,-9.2,-9.025147058823531,-0.17485294117646788
10834,-8.9,-9.025147058823531,0.12514705882353105
10837,-11.1,-10.82451048951049,-0.27548951048950876
10846,-8.5,-8.27130612244898,-0.2286938775510201
10847,-8.7,-8.237586402266299,-0.4624135977337005
10858,-8.3,-7.479530054644808,-0.8204699453551925
10866,-9.0,-8.842269607843141,-0.1577303921568589
10870,-6.5,-7.035442105263157,0.535442105263157
10876,-7.9,-8.521212765957445,0.6212127659574449
10878,-7.6,-7.922935714285711,0.32293571428571166
10886,-8.1,-9.375642857142855,1.2756428571428557
10892,-7.4,-7.865140000000003,0.46514000000000255
10900,-7.1,-7.865140000000003,0.7651400000000033
10906,-6.8,-6.7537796610169485,-0.046220338983051334
10908,-10.7,-10.008634285714287,-0.6913657142857126
10911,-8.8,-9.584543478260871,0.7845434782608702
10912,-11.5,-10.311117647058824,-1.1888823529411763
10914,-10.9,-10.008634285714287,-0.8913657142857137
10920,-9.2,-8.994147727272727,-0.20585227272727202
10922,-10.0,-9.025382352941179,-0.974617647058821
10935,-9.4,-9.067254355400692,-0.3327456445993082
10959,-11.6,-10.82451048951049,-0.7754895104895088
10977,-7.9,-7.865140000000003,-0.03485999999999745
10981,-7.1,-6.877401785714282,-0.2225982142857177
10988,-11.83,-10.93,-0.9000000000000004
10991,-10.0,-9.671007653061224,-0.3289923469387759
10992,-7.5,-7.602860215053764,0.10286021505376386
10994,-8.9,-10.008634285714287,1.1086342857142863
11003,-9.1,-8.334515873015873,-0.765484126984127
11008,-8.437,-9.408413043478259,0.9714130434782593
11014,-6.4,-6.283999999999996,-0.1160000000000041
11026,-8.6,-8.71005925925926,0.11005925925926086
11027,-9.5,-10.33424840764331,0.8342484076433099
11030,-5.6,-5.9341147540983625,0.3341147540983629
11034,-9.2,-9.445920353982295,0.24592035398229584
11035,-8.4,-8.237586402266299,-0.16241359773370156
11036,-12.6,-10.82451048951049,-1.7754895104895088
11037,-8.2,-7.602860215053764,-0.5971397849462354
11041,-5.5,-5.617049999999997,0.11704999999999721
11048,-10.0,-9.671007653061224,-0.3289923469387759
11049,-11.5,-10.808620155038753,-0.6913798449612472
11050,-8.518,-8.27130612244898,-0.2466938775510208
11055,-7.5,-8.334515873015873,0.8345158730158726
11064,-10.5,-9.375642857142855,-1.1243571428571446
11071,-9.1,-8.71005925925926,-0.38994074074073914
11076,-7.0,-6.483445945945946,-0.5165540540540539
11081,-10.0,-9.671007653061224,-0.3289923469387759
11091,-8.5,-6.877401785714282,-1.622598214285718
11099,-8.6,-9.025147058823531,0.42514705882353176
11101,-9.4,-10.37801923076923,0.9780192307692293
11102,-9.3,-9.511037037037037,0.2110370370370358
11104,-7.4,-7.500744186046514,0.10074418604651392
11105,-7.5,-7.976444444444446,0.47644444444444556
11108,-9.6,-9.067254355400692,-0.5327456445993075
11110,-8.8,-8.237586402266299,-0.5624135977337019
11117,-8.5,-7.9044769230769205,-0.5955230769230795
11124,-7.6,-7.9044769230769205,0.30447692307692087
11133,-8.8,-9.512787037037041,0.7127870370370406
11136,-8.2,-8.237586402266299,0.0375864022662995
11138,-10.1,-9.067254355400692,-1.0327456445993075
11140,-7.7,-6.877401785714282,-0.8225982142857182
11143,-12.0,-10.968629629629628,-1.0313703703703716
11150,-5.8,-5.89304347826087,0.09304347826086978
11160,-9.2,-9.155409090909094,-0.04459090909090513
11167,-6.5,-7.9044769230769205,1.4044769230769205
11169,-9.7,-10.408715189873417,0.7087151898734181
11181,-9.0,-9.415920000000002,0.4159200000000016
11191,-10.1,-9.584543478260871,-0.5154565217391287
11193,-10.12,-10.408715189873417,0.28871518987341815
11194,-9.1,-10.3485,1.2485
11195,-10.6,-10.008634285714287,-0.5913657142857129
11197,-5.5,-5.617049999999997,0.11704999999999721
11199,-9.1,-8.908322404371585,-0.19167759562841447
11204,-8.9,-9.067254355400692,0.16725435540069178
11212,-9.8,-9.573250000000002,-0.22674999999999912
11217,-9.0,-8.237586402266299,-0.7624135977337012
11221,-7.3,-9.025382352941179,1.7253823529411791
11228,-8.4,-8.334515873015873,-0.06548412698412776
11229,-8.3,-7.922935714285711,-0.3770642857142894
11231,-10.4,-9.59763333333333,-0.8023666666666696
11256,-8.9,-7.839806451612905,-1.0601935483870957
11259,-8.6,-8.822294736842105,0.22229473684210532
11264,-9.6,-11.713958333333338,2.113958333333338
11266,-9.1,-8.822294736842105,-0.2777052631578947
11269,-7.59,-8.173804347826087,0.5838043478260868
11272,-9.6,-10.07076923076923,0.47076923076923016
11275,-8.6,-8.442765217391306,-0.15723478260869328
11289,-10.3,-10.82451048951049,0.5245104895104902
11290,-6.0,-7.500744186046514,1.5007441860465143
11297,-8.9,-9.067254355400692,0.16725435540069178
11305,-11.3,-10.37801923076923,-0.9219807692307711
11307,-4.5,-4.757000000000001,0.25700000000000056
11310,-10.1,-10.3485,0.24849999999999994
11313,-8.1,-7.479530054644808,-0.6204699453551914
11328,-9.4,-8.842269607843141,-0.5577303921568593
11330,-9.4,-9.59763333333333,0.19763333333333044
11347,-8.9,-8.822294736842105,-0.07770526315789539
11349,-9.6,-10.37801923076923,0.77801923076923
11355,-9.8,-9.025147058823531,-0.7748529411764693
