Nuclear Response_NR-AR,Nuclear Response_NR-AR-LBD,Nuclear Response_NR-AhR,Nuclear Response_NR-Aromatase,Nuclear Response_NR-ER,Nuclear Response_NR-ER-LBD,Nuclear Response_NR-PPAR-gamma,Nuclear Response_NR-GR,Nuclear Response_NR-TR,Stress Response_SR-ARE,Stress Response_SR-ATAD5,Stress Response_SR-HSE,Stress Response_SR-MMP,Stress Response_SR-p53,Genomic_AMES_Mutagenesis,Genomic_Carcinogenesis,Genomic_Micronucleus,Environmental_Fathead_Minnow,Environmental_T._Pyriformis,Environmental_Honey_Bee,Environmental_Biodegradation,Environmental_Crustacean,Environmental_Avian,Environmental_Fathead_Minnow_(Regression),Environmental_T._Pyriformis_(Regression),Environmental_Rat_(Acute),Environmental_Rat_(Chronic_Oral),Dose Response_Maximum_Tolerated_Dose,Organic_Skin_Sensitisation,Organic_hERG_I_Inhibitor,Organic_hERG_II_Inhibitor,Organic_Liver_Injury_I,Organic_Liver_Injury_II,Organic_Eye_Irritation,Organic_Eye_Corrosion,Organic_Respiratory_Disease,identifier,SMILES
High Safety,High Safety,High Safety,High Safety,Medium Safety,High Safety,High Safety,High Safety,High Safety,Medium Safety,High Safety,High Safety,Medium Safety,High Safety,High Safety,High Safety,Low Toxicity,Medium Toxicity,Medium Toxicity,Medium Toxicity,High Safety,Medium Safety,High Safety,,,,,,Medium Safety,High Safety,Medium Safety,High Safety,Medium Safety,High Safety,High Safety,Medium Toxicity,CNP0017240.4,CC1OC(OC2C(CO)OC(OC(=O)C34CCC(C)(C)CC3C3=CCC5C6(C)CCC(OC7OC(C(=O)O)C(O)C(O)C7O)C(C)(C)C6CCC5(C)C3(C)CC4)C(O)C2O)C(O)C(O)C1O
High Safety,Medium Safety,High Safety,High Safety,Medium Safety,Low Safety,High Safety,Low Safety,Medium Safety,Low Safety,Medium Safety,High Safety,Medium Toxicity,Medium Safety,Low Toxicity,High Safety,Low Toxicity,High Toxicity,High Toxicity,Medium Toxicity,High Safety,Medium Toxicity,High Safety,,,,,,Medium Safety,High Safety,Medium Toxicity,Medium Safety,Medium Safety,High Safety,High Safety,Low Toxicity,CNP0072566.1,COc1cc2c(c3c(O)cc(C)cc13)C(=O)c1ccc(C3CC(OC4CCC(OC5CC(O)C(O)C(C)O5)C(C)O4)C(O)C(C)O3)c(O)c1C2=O
High Safety,High Safety,High Safety,High Safety,Medium Safety,High Safety,High Safety,Low Safety,Medium Safety,Low Toxicity,High Safety,High Safety,Medium Toxicity,Low Safety,Low Safety,High Safety,Low Toxicity,High Toxicity,High Toxicity,High Toxicity,High Safety,High Toxicity,Low Toxicity,,,,,,Medium Safety,Medium Safety,Medium Toxicity,Medium Safety,Medium Safety,Low Safety,High Safety,Medium Toxicity,CNP0073589.1,Cc1cc(O)c2cc3c(c(O)c2c1)C(=O)c1ccc(C2CC(C)C(OC4CCC(OC5C=CC(=O)C(C)O5)C(C)O4)C(O)C2)c(O)c1C3=O
High Safety,High Safety,High Safety,High Safety,Medium Safety,High Safety,High Safety,Low Toxicity,Medium Safety,Low Toxicity,High Safety,High Safety,Low Toxicity,Low Safety,Low Toxicity,High Toxicity,Low Toxicity,High Toxicity,High Toxicity,High Safety,High Safety,Medium Toxicity,High Safety,,,,,,Low Safety,Medium Safety,Low Toxicity,Medium Safety,Medium Safety,High Safety,High Safety,Low Toxicity,CNP0073590.1,CC1OC(OC2CCC(OC3(C)CC(=O)c4cc5c(c(O)c4C3)C(=O)c3ccc(C4CC6OC7CC(=O)C(C)OC7OC6C(C)O4)c(O)c3C5=O)OC2C)C=CC1=O
High Safety,High Safety,High Safety,High Safety,Medium Safety,High Safety,High Safety,Low Toxicity,Medium Safety,Low Toxicity,High Safety,High Safety,Low Toxicity,Low Safety,Low Toxicity,High Toxicity,Low Toxicity,High Toxicity,High Toxicity,High Safety,High Safety,Medium Toxicity,High Safety,,,,,,Low Safety,Medium Safety,Low Toxicity,Medium Safety,Medium Safety,High Safety,High Safety,Low Toxicity,CNP0073590.2,CC1OC(OC2CCC(OC3(C)CC(=O)c4cc5c(c(O)c4C3)C(=O)c3ccc(C4CC6OC7CC(=O)C(C)OC7OC6C(C)O4)c(O)c3C5=O)OC2C)C=CC1=O
High Safety,Medium Safety,High Safety,High Safety,Medium Safety,High Safety,High Safety,Low Safety,Medium Safety,Low Safety,High Safety,Medium Safety,Low Toxicity,Medium Safety,Low Toxicity,High Safety,Low Toxicity,High Toxicity,High Toxicity,High Toxicity,High Safety,Medium Toxicity,High Safety,,,,,,Low Safety,High Safety,Medium Toxicity,Low Safety,Medium Safety,High Safety,High Safety,Low Toxicity,CNP0073635.1,Cc1cc(O)c2c3c(ccc2c1)C(=O)c1c(ccc(C2CC(O)C(OC4CCC(OC5CCC(O)C(C)O5)C(C)O4)C(C)O2)c1O)C3=O
High Safety,Medium Safety,High Safety,High Safety,Medium Safety,High Safety,High Safety,Medium Safety,Medium Safety,High Safety,High Safety,High Safety,High Safety,Medium Safety,High Safety,High Safety,Low Toxicity,Low Safety,Medium Toxicity,Medium Safety,High Safety,Medium Safety,High Safety,,,,,,Low Safety,High Safety,Low Toxicity,High Safety,Low Safety,High Safety,High Safety,Medium Toxicity,CNP0074376.1,CC1CCC2(OC1)OC1CC3C4CCC5CC(OC6OC(CO)C(OC7OC(CO)C(O)C(O)C7O)C(O)C6O)CCC5(C)C4C(=O)CC3(C)C1C2C
High Safety,Medium Safety,High Safety,High Safety,Medium Safety,High Safety,High Safety,Medium Safety,High Safety,Medium Safety,High Safety,High Safety,High Safety,High Safety,High Safety,High Safety,Low Safety,Low Safety,Medium Toxicity,Medium Safety,High Safety,Medium Safety,High Safety,,,,,,Low Safety,High Safety,Low Toxicity,High Safety,Low Toxicity,High Safety,High Safety,Low Toxicity,CNP0075927.1,CC1OC(OC2C(CO)OC(OC3CCC4(C)C(=CC(O)C5C4CCC4(C)C5CC5OC6(CCC(C)(CO)CO6)C(C)C54)C3)C(O)C2O)C(O)C(O)C1O
High Safety,Medium Safety,High Safety,High Safety,High Safety,High Safety,High Safety,Medium Safety,High Safety,Medium Safety,High Safety,High Safety,High Safety,High Safety,High Safety,High Safety,Low Toxicity,Low Safety,Medium Toxicity,Low Toxicity,High Safety,Low Safety,High Safety,,,,,,Low Safety,High Safety,Low Toxicity,High Safety,Low Safety,High Safety,High Safety,High Toxicity,CNP0076125.1,CC1CCC2(NC1)OC1CC3C4CC=C5CC(OC6OC(CO)C(OC7OC(C)C(O)C(O)C7O)C(O)C6O)CCC5(C)C4CC(O)C3(C)C1C2C
Medium Safety,Low Toxicity,High Safety,Low Safety,Low Safety,High Safety,High Safety,Medium Safety,High Safety,Medium Safety,High Safety,High Safety,Low Toxicity,High Safety,High Safety,High Safety,Low Toxicity,Low Toxicity,Medium Toxicity,Low Safety,Medium Safety,Medium Safety,High Safety,,,,,,Low Safety,High Safety,Low Toxicity,High Safety,Low Safety,High Safety,High Safety,High Toxicity,CNP0076447.1,CC1OC(OC2CCC3(C)C(CCC4C3CC(O)C3(C)C(C5=CC(=O)OC5)CCC43O)C2)CC(O)C1OC1CC(O)C(OC2CC(O)C(OC3CC(CO)C(O)C(O)C3O)C(C)O2)C(C)O1
High Safety,Medium Safety,High Safety,High Safety,Medium Safety,High Safety,High Safety,Low Safety,High Safety,Medium Safety,High Safety,High Safety,Low Toxicity,Medium Safety,High Safety,High Safety,Low Toxicity,High Toxicity,High Toxicity,High Toxicity,High Safety,Low Toxicity,High Safety,,,,,,Medium Safety,High Safety,Low Toxicity,High Toxicity,Low Safety,High Safety,High Safety,Medium Toxicity,CNP0376228.1,COC1CC(OC2C(O)CC(OC3C(C)OC(OC4CCC5(C)C(=CCC6C(=O)OC7COC8(C)OC=C(CCC65)C78O)C4)CC3OC)OC2C)OC(C)C1O
High Safety,Medium Safety,High Safety,High Safety,Medium Safety,High Safety,High Safety,Low Safety,High Safety,Medium Safety,High Safety,High Safety,Low Toxicity,Medium Safety,High Safety,High Safety,Low Toxicity,High Toxicity,High Toxicity,High Toxicity,High Safety,Low Toxicity,High Safety,,,,,,Medium Safety,High Safety,Low Toxicity,High Toxicity,Low Safety,High Safety,High Safety,Medium Toxicity,CNP0376228.2,COC1CC(OC2C(O)CC(OC3C(C)OC(OC4CCC5(C)C(=CCC6C(=O)OC7COC8(C)OC=C(CCC65)C78O)C4)CC3OC)OC2C)OC(C)C1O
High Safety,High Safety,High Safety,Medium Safety,High Safety,High Safety,High Safety,Medium Safety,Medium Safety,Low Safety,High Safety,High Safety,High Safety,High Safety,Low Safety,Low Safety,Low Toxicity,Low Toxicity,Medium Toxicity,Medium Safety,High Safety,Medium Safety,High Safety,,,,,,Medium Safety,Medium Safety,Medium Toxicity,Medium Safety,Medium Safety,High Safety,High Safety,High Toxicity,CNP0380042.1,CC1OC(OCC2OC(Oc3ccc4c5c([nH]c4c3)-c3nc4ccccc4c(=O)n3CC5)C(O)C(O)C2O)C(O)C(O)C1O
High Safety,High Safety,Low Safety,High Safety,High Safety,High Safety,High Safety,Medium Safety,Low Safety,Low Safety,High Safety,High Safety,Low Safety,High Safety,Low Safety,High Safety,Low Toxicity,High Toxicity,High Toxicity,High Safety,High Safety,Low Toxicity,High Safety,,,,,,Medium Safety,High Safety,Medium Toxicity,Low Safety,Medium Safety,High Safety,High Safety,Medium Toxicity,CNP0383458.1,COc1ccc2[nH]c3c(c2c1)CCN1C(=O)N(c2ccc(C(=O)Nc4ccc5c(c4)OCO5)cc2)C(=O)C31C
High Safety,High Safety,High Safety,High Safety,Medium Safety,High Safety,High Safety,Medium Safety,Medium Safety,Low Safety,High Safety,Medium Safety,High Safety,Low Safety,High Safety,High Safety,Low Toxicity,Low Safety,Low Toxicity,Low Toxicity,High Safety,Medium Safety,High Safety,,,,,,Low Safety,High Safety,Low Safety,High Safety,Low Toxicity,High Safety,High Safety,Medium Toxicity,CNP0384769.0,CC1COC2(C)OC3C(C4CC=C5C6=C(CCC54C)C4(C)CCC(OC5OC(CO)C(O)C(OC7OCC(O)C(O)C7O)C5O)CC4CC6)C(O)OC3C12O
High Safety,Medium Safety,High Safety,High Safety,Medium Safety,High Safety,High Safety,Medium Safety,High Safety,Medium Safety,High Safety,High Safety,High Safety,Medium Safety,High Safety,High Safety,Low Toxicity,Low Safety,Low Toxicity,Low Toxicity,High Safety,Medium Safety,High Safety,,,,,,Low Safety,High Safety,Low Toxicity,High Safety,Low Toxicity,High Safety,High Safety,Medium Toxicity,CNP0386461.0,CC1CCC2(OC1)OC1CC3C4CC=C5CC(OC6OC(CO)C(OC7OC(COC8OCC(O)C(O)C8O)C(O)C7O)C(O)C6O)CCC5(C)C4CCC3(C)C1(O)C2C
High Safety,High Safety,High Safety,High Safety,Medium Safety,High Safety,High Safety,Medium Safety,High Safety,Medium Safety,High Safety,High Safety,Medium Safety,High Safety,High Safety,High Safety,Low Toxicity,Low Toxicity,Medium Toxicity,Medium Toxicity,Medium Safety,Medium Safety,High Safety,,,,,,Low Safety,High Safety,Low Safety,High Safety,Low Toxicity,High Safety,High Safety,Medium Toxicity,CNP0387900.2,CC1CCC2(C(=O)OC3OC(COC4OC(CO)C(O)C(O)C4O)C(O)C(O)C3O)CCC3(C)C(=CCC4C5(C)CCC(OC6OCC(O)C(O)C6O)C(C)(C)C5CCC43C)C2C1(C)O
High Safety,High Safety,High Safety,High Safety,Medium Safety,Medium Safety,High Safety,Low Toxicity,Medium Safety,Low Safety,Medium Safety,Medium Safety,Low Toxicity,Low Toxicity,Low Safety,High Safety,Low Toxicity,High Toxicity,High Toxicity,High Toxicity,High Safety,Low Safety,Low Safety,,,,,,Low Safety,High Safety,Low Safety,Low Safety,High Safety,High Safety,High Safety,Medium Toxicity,CNP0389765.1,CC1OC(C)(C(=O)O)OC1C=CC=CC=CC(=O)OC1CCC(c2ccc3c(c2O)C(=O)c2cc(O)c4c(c2C3=O)C(=O)C(O)C(C)(O)C4)OC1C
High Safety,Medium Toxicity,High Safety,Low Safety,Medium Safety,Medium Safety,High Safety,Medium Toxicity,High Safety,Medium Safety,High Safety,High Safety,Medium Safety,High Safety,High Safety,High Safety,Low Toxicity,Low Toxicity,Low Toxicity,Low Safety,High Safety,Medium Safety,High Safety,,,,,,Low Safety,High Safety,Low Toxicity,High Safety,Low Safety,High Safety,High Safety,Medium Toxicity,CNP0389968.1,CC12CCC(OC3OCC(OC4OCC(O)C(O)C4O)C(O)C3O)CC1(O)CCC1C2C(O)CC2(C)C(C3=CC(=O)OC3)CCC12O
High Safety,High Safety,High Safety,High Safety,Medium Safety,High Safety,High Safety,Medium Safety,High Safety,Medium Safety,High Safety,High Safety,Medium Safety,High Safety,High Safety,High Safety,Low Toxicity,Low Toxicity,Medium Toxicity,Medium Toxicity,Medium Safety,Medium Safety,High Safety,,,,,,Low Safety,High Safety,Low Safety,High Safety,Low Toxicity,High Safety,High Safety,Medium Toxicity,CNP0394131.1,CC1(C)CCC2(C(=O)OC3OC(CO)C(O)C(O)C3O)CCC3(C)C(=CCC4C5(C)CCC(OC6OCC(O)C(OC7OC(CO)C(O)C(O)C7O)C6O)C(C)(C)C5CCC43C)C2C1O
High Safety,High Safety,High Safety,High Safety,Medium Safety,High Safety,High Safety,Medium Safety,High Safety,High Safety,High Safety,High Safety,High Safety,High Safety,High Safety,High Safety,Low Toxicity,Low Toxicity,Medium Toxicity,Low Toxicity,High Safety,Medium Safety,High Safety,,,,,,Low Safety,High Safety,Low Toxicity,Medium Safety,Low Safety,High Safety,High Safety,Medium Toxicity,CNP0398157.1,CC(=O)OC1CC(OC2CCC3(C)C(CCC45OC46CCC(C4COC(=O)C4)C6(C)C(=O)CC35)C2)OC(C)C1OC1OCC(OC2OC(C)C(O)C(O)C2O)C(O)C1O
High Safety,High Safety,High Safety,High Safety,Medium Safety,High Safety,High Safety,Low Toxicity,High Safety,Medium Safety,High Safety,High Safety,Low Toxicity,Low Safety,Medium Safety,High Safety,Low Toxicity,Medium Toxicity,High Toxicity,Low Toxicity,High Safety,Low Toxicity,High Safety,,,,,,Medium Safety,Medium Safety,Low Safety,Low Safety,Medium Safety,High Safety,High Safety,Medium Toxicity,CNP0398964.3,CC1=CC(=O)OC2CC3OC4CC(C)C5OC6CC7OC8(C)CC=CC9OC%10CC%11OC(CC(=O)CCl)CC(O)C%11(C)OC%10CC9OC8CC7(C)OC6(C)CCC5OC4CC3(C)OC12
High Safety,High Safety,High Safety,High Safety,Medium Safety,High Safety,High Safety,Low Safety,Medium Safety,Low Toxicity,High Safety,High Safety,High Safety,High Safety,Low Safety,High Toxicity,Low Toxicity,Medium Toxicity,High Toxicity,Medium Toxicity,High Safety,Low Toxicity,High Safety,,,,,,Medium Safety,High Safety,Low Toxicity,Medium Safety,Medium Safety,High Safety,High Safety,Medium Toxicity,CNP0400872.0,CC1OC(OC2C(O)CC(c3ccc4c(c3)C(=O)C3=C(C4=O)C4(O)C(=O)CC(C)(OC5C=CC(=O)C(C)O5)CC4(O)C=C3)OC2C)C=CC1=O
High Safety,High Safety,High Safety,High Safety,Medium Safety,High Safety,High Safety,Medium Safety,High Safety,Medium Safety,High Safety,High Safety,Medium Safety,High Safety,High Safety,High Safety,Low Toxicity,Low Toxicity,Medium Toxicity,High Toxicity,Medium Safety,Low Safety,High Safety,,,,,,Low Safety,High Safety,Low Safety,High Safety,Low Safety,High Safety,High Safety,Medium Toxicity,CNP0403720.1,CC1(C)CCC2(C(=O)OC3OCC(O)C(O)C3O)CCC3(C)C(=CCC4C5(C)CCC(OC6OCC(OC7OC(CO)C(O)C(O)C7O)C(O)C6O)C(C)(C)C5CCC43C)C2C1
High Safety,High Safety,High Safety,High Safety,Medium Safety,High Safety,High Safety,Medium Safety,High Safety,Medium Safety,High Safety,High Safety,Medium Safety,High Safety,High Safety,High Safety,Low Toxicity,Low Toxicity,Medium Toxicity,High Toxicity,Medium Safety,Low Safety,High Safety,,,,,,Low Safety,High Safety,Low Safety,High Safety,Low Safety,High Safety,High Safety,Medium Toxicity,CNP0403720.2,CC1(C)CCC2(C(=O)OC3OCC(O)C(O)C3O)CCC3(C)C(=CCC4C5(C)CCC(OC6OCC(OC7OC(CO)C(O)C(O)C7O)C(O)C6O)C(C)(C)C5CCC43C)C2C1
High Safety,High Safety,High Safety,High Safety,Medium Safety,High Safety,High Safety,Medium Safety,High Safety,Medium Safety,High Safety,High Safety,Medium Safety,High Safety,High Safety,High Safety,Low Toxicity,Low Toxicity,Medium Toxicity,High Toxicity,High Safety,Medium Safety,High Safety,,,,,,Medium Safety,High Safety,Low Safety,High Safety,Low Safety,High Safety,High Safety,Medium Toxicity,CNP0409471.1,CC1OC(OC2C(CO)OC(OCC3OC(OC(=O)C45CCC6=C(CCC7C6CCC6C(C)(C)C(=O)CCC76C)C4(C)CC(C)(C)CC5)C(O)C(O)C3O)C(O)C2O)C(O)C(O)C1O
High Safety,High Safety,High Safety,High Safety,Medium Safety,High Safety,High Safety,Medium Safety,Medium Safety,Medium Safety,High Safety,High Safety,High Safety,High Safety,Medium Safety,High Safety,Low Toxicity,High Toxicity,Medium Toxicity,Low Toxicity,High Safety,Low Safety,High Safety,,,,,,Low Safety,High Safety,Low Safety,Medium Safety,Low Safety,High Safety,High Safety,High Toxicity,CNP0411203.4,CC1=C2C(=O)C3C(CC=C4CC(OC5OC(O)C(O)C(O)C5CO)CCC43C)C2CCC12OC1CC(C)CNC1C2C
High Safety,High Safety,High Safety,High Safety,Medium Safety,High Safety,High Safety,Medium Safety,Medium Safety,Medium Safety,High Safety,High Safety,High Safety,High Safety,Medium Safety,High Safety,Low Toxicity,High Toxicity,Medium Toxicity,Low Toxicity,High Safety,Low Safety,High Safety,,,,,,Low Safety,High Safety,Low Safety,Medium Safety,Low Safety,High Safety,High Safety,High Toxicity,CNP0411203.5,CC1=C2C(=O)C3C(CC=C4CC(OC5OC(O)C(O)C(O)C5CO)CCC43C)C2CCC12OC1CC(C)CNC1C2C
High Safety,Medium Safety,High Safety,High Safety,Medium Safety,High Safety,High Safety,Low Safety,High Safety,Medium Safety,High Safety,High Safety,Low Toxicity,Medium Safety,Medium Safety,High Safety,Low Toxicity,High Toxicity,High Toxicity,High Toxicity,High Safety,Low Toxicity,High Safety,,,,,,Medium Safety,High Safety,Low Toxicity,Medium Toxicity,Low Safety,High Safety,High Safety,Medium Toxicity,CNP0413252.1,COC1CC(OC2C(O)CC(OC3C(C)OC(OC4CC5=CCC6C(=O)OC7COC8(C)OC=C(CCC6C5(C)CC4O)C78)CC3OC)OC2C)OC(C)C1O
High Safety,Medium Safety,High Safety,High Safety,Medium Safety,High Safety,High Safety,Low Safety,High Safety,Medium Safety,High Safety,High Safety,Low Toxicity,Medium Safety,Medium Safety,High Safety,Low Toxicity,High Toxicity,High Toxicity,High Toxicity,High Safety,Low Toxicity,High Safety,,,,,,Medium Safety,High Safety,Low Toxicity,Medium Toxicity,Low Safety,High Safety,High Safety,Medium Toxicity,CNP0413252.10,COC1CC(OC2C(O)CC(OC3C(C)OC(OC4CC5=CCC6C(=O)OC7COC8(C)OC=C(CCC6C5(C)CC4O)C78)CC3OC)OC2C)OC(C)C1O
High Safety,Medium Safety,High Safety,High Safety,Medium Safety,High Safety,High Safety,Low Safety,High Safety,Medium Safety,High Safety,High Safety,Low Toxicity,Medium Safety,Medium Safety,High Safety,Low Toxicity,High Toxicity,High Toxicity,High Toxicity,High Safety,Low Toxicity,High Safety,,,,,,Medium Safety,High Safety,Low Toxicity,Medium Toxicity,Low Safety,High Safety,High Safety,Medium Toxicity,CNP0413252.2,COC1CC(OC2C(O)CC(OC3C(C)OC(OC4CC5=CCC6C(=O)OC7COC8(C)OC=C(CCC6C5(C)CC4O)C78)CC3OC)OC2C)OC(C)C1O
High Safety,Medium Safety,High Safety,High Safety,Medium Safety,High Safety,High Safety,Low Safety,High Safety,Medium Safety,High Safety,High Safety,Low Toxicity,Medium Safety,Medium Safety,High Safety,Low Toxicity,High Toxicity,High Toxicity,High Toxicity,High Safety,Low Toxicity,High Safety,,,,,,Medium Safety,High Safety,Low Toxicity,Medium Toxicity,Low Safety,High Safety,High Safety,Medium Toxicity,CNP0413252.3,COC1CC(OC2C(O)CC(OC3C(C)OC(OC4CC5=CCC6C(=O)OC7COC8(C)OC=C(CCC6C5(C)CC4O)C78)CC3OC)OC2C)OC(C)C1O
High Safety,Medium Safety,High Safety,High Safety,Medium Safety,High Safety,High Safety,Low Safety,High Safety,Medium Safety,High Safety,High Safety,Low Toxicity,Medium Safety,Medium Safety,High Safety,Low Toxicity,High Toxicity,High Toxicity,High Toxicity,High Safety,Low Toxicity,High Safety,,,,,,Medium Safety,High Safety,Low Toxicity,Medium Toxicity,Low Safety,High Safety,High Safety,Medium Toxicity,CNP0413252.4,COC1CC(OC2C(O)CC(OC3C(C)OC(OC4CC5=CCC6C(=O)OC7COC8(C)OC=C(CCC6C5(C)CC4O)C78)CC3OC)OC2C)OC(C)C1O
High Safety,Medium Safety,High Safety,High Safety,Medium Safety,High Safety,High Safety,Low Safety,High Safety,Medium Safety,High Safety,High Safety,Low Toxicity,Medium Safety,Medium Safety,High Safety,Low Toxicity,High Toxicity,High Toxicity,High Toxicity,High Safety,Low Toxicity,High Safety,,,,,,Medium Safety,High Safety,Low Toxicity,Medium Toxicity,Low Safety,High Safety,High Safety,Medium Toxicity,CNP0413252.5,COC1CC(OC2C(O)CC(OC3C(C)OC(OC4CC5=CCC6C(=O)OC7COC8(C)OC=C(CCC6C5(C)CC4O)C78)CC3OC)OC2C)OC(C)C1O
High Safety,Medium Safety,High Safety,High Safety,Medium Safety,High Safety,High Safety,Low Safety,High Safety,Medium Safety,High Safety,High Safety,Low Toxicity,Medium Safety,Medium Safety,High Safety,Low Toxicity,High Toxicity,High Toxicity,High Toxicity,High Safety,Low Toxicity,High Safety,,,,,,Medium Safety,High Safety,Low Toxicity,Medium Toxicity,Low Safety,High Safety,High Safety,Medium Toxicity,CNP0413252.6,COC1CC(OC2C(O)CC(OC3C(C)OC(OC4CC5=CCC6C(=O)OC7COC8(C)OC=C(CCC6C5(C)CC4O)C78)CC3OC)OC2C)OC(C)C1O
High Safety,Medium Safety,High Safety,High Safety,Medium Safety,High Safety,High Safety,Low Safety,High Safety,Medium Safety,High Safety,High Safety,Low Toxicity,Medium Safety,Medium Safety,High Safety,Low Toxicity,High Toxicity,High Toxicity,High Toxicity,High Safety,Low Toxicity,High Safety,,,,,,Medium Safety,High Safety,Low Toxicity,Medium Toxicity,Low Safety,High Safety,High Safety,Medium Toxicity,CNP0413252.7,COC1CC(OC2C(O)CC(OC3C(C)OC(OC4CC5=CCC6C(=O)OC7COC8(C)OC=C(CCC6C5(C)CC4O)C78)CC3OC)OC2C)OC(C)C1O
High Safety,Medium Safety,High Safety,High Safety,Medium Safety,High Safety,High Safety,Low Safety,High Safety,Medium Safety,High Safety,High Safety,Low Toxicity,Medium Safety,Medium Safety,High Safety,Low Toxicity,High Toxicity,High Toxicity,High Toxicity,High Safety,Low Toxicity,High Safety,,,,,,Medium Safety,High Safety,Low Toxicity,Medium Toxicity,Low Safety,High Safety,High Safety,Medium Toxicity,CNP0413252.8,COC1CC(OC2C(O)CC(OC3C(C)OC(OC4CC5=CCC6C(=O)OC7COC8(C)OC=C(CCC6C5(C)CC4O)C78)CC3OC)OC2C)OC(C)C1O
High Safety,Medium Safety,High Safety,High Safety,Medium Safety,High Safety,High Safety,Low Safety,High Safety,Medium Safety,High Safety,High Safety,Low Toxicity,Medium Safety,Medium Safety,High Safety,Low Toxicity,High Toxicity,High Toxicity,High Toxicity,High Safety,Low Toxicity,High Safety,,,,,,Medium Safety,High Safety,Low Toxicity,Medium Toxicity,Low Safety,High Safety,High Safety,Medium Toxicity,CNP0413252.9,COC1CC(OC2C(O)CC(OC3C(C)OC(OC4CC5=CCC6C(=O)OC7COC8(C)OC=C(CCC6C5(C)CC4O)C78)CC3OC)OC2C)OC(C)C1O
Medium Safety,Medium Toxicity,High Safety,Low Safety,Low Safety,High Safety,High Safety,Low Safety,High Safety,Medium Safety,High Safety,High Safety,Low Toxicity,Medium Safety,High Safety,High Safety,Low Toxicity,High Toxicity,High Toxicity,Medium Toxicity,High Safety,Low Toxicity,High Safety,,,,,,Low Safety,High Safety,Low Toxicity,High Safety,Low Safety,High Safety,High Safety,High Toxicity,CNP0413769.2,CC1OC(OC2C(O)CC(OC3C(O)CC(OC4CCC5(C)C(CCC6C5CCC5(C)C(C7=CC(=O)OC7)C(OC=O)CC65O)C4)OC3C)OC2C)CC(O)C1O
Medium Safety,Medium Toxicity,High Safety,Low Safety,Low Safety,High Safety,High Safety,Low Safety,High Safety,Medium Safety,High Safety,High Safety,Low Toxicity,Medium Safety,High Safety,High Safety,Low Toxicity,High Toxicity,High Toxicity,Medium Toxicity,High Safety,Low Toxicity,High Safety,,,,,,Low Safety,High Safety,Low Toxicity,High Safety,Low Safety,High Safety,High Safety,High Toxicity,CNP0413769.3,CC1OC(OC2C(O)CC(OC3C(O)CC(OC4CCC5(C)C(CCC6C5CCC5(C)C(C7=CC(=O)OC7)C(OC=O)CC65O)C4)OC3C)OC2C)CC(O)C1O
High Safety,Medium Safety,High Safety,High Safety,Medium Safety,High Safety,High Safety,Medium Safety,High Safety,Medium Safety,High Safety,High Safety,Medium Safety,High Safety,High Safety,High Safety,Low Toxicity,Low Toxicity,Medium Toxicity,Low Toxicity,High Safety,Medium Safety,High Safety,,,,,,Low Safety,High Safety,Low Toxicity,High Safety,Low Safety,High Safety,High Safety,Medium Toxicity,CNP0414994.1,CC1CCC2(CC3C(CC4C5CC=C6CC(OC7OC(COC8OC(COC9OC(C)C(O)C(O)C9O)C(O)C(O)C8O)C(O)C(O)C7O)CCC6(C)C5CCC34C)O2)OC1
High Safety,Medium Safety,High Safety,High Safety,Medium Safety,High Safety,High Safety,Low Safety,High Safety,Medium Safety,High Safety,High Safety,Low Safety,Medium Safety,High Safety,High Safety,Low Toxicity,High Toxicity,Medium Toxicity,High Toxicity,High Safety,Low Safety,High Safety,,,,,,Medium Safety,High Safety,Low Toxicity,High Toxicity,Low Safety,High Safety,High Safety,Medium Toxicity,CNP0417684.1,COC1CC(OC2C(O)CC(OC3C(C)OC(OC4CC5=CCC6C(=O)OC7COC8(C)OC=C(CCC6C5(C)CC4O)C78O)CC3OC)OC2C)OC(C)C1O
High Safety,Medium Safety,High Safety,High Safety,Medium Safety,High Safety,High Safety,Low Safety,High Safety,Medium Safety,High Safety,High Safety,Low Safety,Medium Safety,High Safety,High Safety,Low Toxicity,High Toxicity,Medium Toxicity,High Toxicity,High Safety,Low Safety,High Safety,,,,,,Medium Safety,High Safety,Low Toxicity,High Toxicity,Low Safety,High Safety,High Safety,Medium Toxicity,CNP0417684.2,COC1CC(OC2C(O)CC(OC3C(C)OC(OC4CC5=CCC6C(=O)OC7COC8(C)OC=C(CCC6C5(C)CC4O)C78O)CC3OC)OC2C)OC(C)C1O
High Safety,Medium Safety,High Safety,High Safety,Medium Safety,High Safety,High Safety,Medium Safety,High Safety,Medium Safety,High Safety,High Safety,High Safety,High Safety,High Safety,High Safety,Low Toxicity,Low Safety,Medium Toxicity,Low Toxicity,High Safety,Medium Safety,High Safety,,,,,,Low Safety,High Safety,Low Toxicity,High Safety,Low Safety,High Safety,High Safety,Low Toxicity,CNP0418012.1,CC1CCC2(OC1)OC1CC3C4CC=C5CC(OC6OC(CO)C(OC7OC(CO)C(O)C7OC7OC(C)C(O)C(O)C7O)C(O)C6O)CCC5(C)C4CCC3(C)C1(O)C2C
High Safety,Medium Safety,High Safety,High Safety,Medium Safety,High Safety,High Safety,Medium Safety,High Safety,Medium Safety,High Safety,High Safety,High Safety,High Safety,High Safety,High Safety,Low Toxicity,Low Safety,Medium Toxicity,Low Toxicity,High Safety,Medium Safety,High Safety,,,,,,Low Safety,High Safety,Low Toxicity,High Safety,Low Safety,High Safety,High Safety,Low Toxicity,CNP0418012.2,CC1CCC2(OC1)OC1CC3C4CC=C5CC(OC6OC(CO)C(OC7OC(CO)C(O)C7OC7OC(C)C(O)C(O)C7O)C(O)C6O)CCC5(C)C4CCC3(C)C1(O)C2C
Medium Safety,Medium Toxicity,High Safety,Low Safety,Medium Safety,High Safety,High Safety,Low Safety,High Safety,Medium Safety,High Safety,High Safety,Low Toxicity,Medium Safety,High Safety,High Safety,Low Toxicity,Low Toxicity,Medium Toxicity,Low Safety,High Safety,Medium Safety,High Safety,,,,,,Low Safety,High Safety,Low Toxicity,Medium Safety,Medium Safety,High Safety,High Safety,High Toxicity,CNP0418992.1,COC1C(O)C(OC2CCC3(C)C4CCC5(C)C(C6=CC(=O)OC6)CCC5(O)C4CCC3(O)C2)OC(C)C1OC1OC(C)C(O)C(O)C1O
High Safety,High Safety,High Safety,Medium Safety,Medium Safety,High Safety,High Safety,Low Safety,Medium Safety,Low Safety,High Safety,High Safety,Low Safety,High Safety,Low Safety,Medium Safety,Low Toxicity,Medium Toxicity,High Toxicity,Low Toxicity,High Safety,Low Safety,High Safety,,,,,,Medium Safety,High Safety,Low Safety,Low Safety,Medium Safety,High Safety,High Safety,Medium Toxicity,CNP0420705.1,CC1OC(OC2CCC(OC3(C)CC(=O)C4(O)C5=C(C=CC4(O)C3)C(=O)c3c(ccc(C4CC(O)C(O)C(C)O4)c3O)C5=O)OC2C)C=CC1=O
High Safety,High Safety,High Safety,High Safety,Medium Safety,High Safety,Low Safety,Low Toxicity,Medium Safety,Medium Safety,High Safety,High Safety,Low Safety,High Safety,High Safety,High Safety,Low Toxicity,High Toxicity,High Toxicity,Low Toxicity,High Safety,Medium Toxicity,High Safety,,,,,,Low Safety,High Safety,Low Toxicity,Low Toxicity,Low Toxicity,Medium Safety,High Safety,Medium Toxicity,CNP0424077.1,CC1C(O)C2(OCC34C(=O)CC5C(CCC6Cc7nc8c(nc7CC65C)CC5CCC6C(CC(=O)C67CC6OC9(CCC(C)(C)O9)C(C)C6C7(C)O)C5(C)C8)C3CC(O)C4C2C)OC1(C)C
High Safety,Medium Safety,High Safety,Medium Safety,Medium Safety,Medium Safety,High Safety,Low Safety,Medium Safety,Low Safety,High Safety,High Safety,Low Safety,High Safety,Low Safety,High Safety,Low Toxicity,High Toxicity,High Toxicity,Low Toxicity,High Safety,Low Toxicity,High Safety,,,,,,Medium Safety,High Safety,Low Safety,Low Safety,Medium Safety,High Safety,High Safety,Medium Toxicity,CNP0424393.1,CC1OC(OC2CCC(OC3CCC(OC4(C)CC(=O)C5(O)C6=C(C=CC5(O)C4)C(=O)c4c(ccc(C5CC(O)C(O)C(C)O5)c4O)C6=O)OC3C)OC2C)CCC1O
Medium Safety,Medium Safety,High Safety,High Safety,Medium Safety,High Safety,High Safety,Medium Safety,Medium Safety,Medium Safety,High Safety,High Safety,Medium Safety,High Safety,High Safety,High Safety,Low Toxicity,Low Toxicity,Low Toxicity,Low Toxicity,High Safety,Medium Safety,High Safety,,,,,,Low Safety,High Safety,Low Safety,High Safety,Low Safety,High Safety,High Safety,Medium Toxicity,CNP0424583.1,CC1C2C(CC3C4CC=C5CC(OC6OC(CO)C(OC7OC(CO)C(O)C(O)C7O)C(O)C6O)CCC5(C)C4CC(=O)C32C)OC12CCC(CO)CO2
High Safety,High Safety,High Safety,Medium Safety,Medium Safety,High Safety,Low Safety,Low Toxicity,Medium Safety,Medium Safety,High Safety,High Safety,Low Safety,Low Safety,High Safety,Low Toxicity,Low Toxicity,High Toxicity,High Toxicity,High Toxicity,Medium Safety,Medium Toxicity,High Safety,,,,,,Low Safety,High Safety,Low Toxicity,Low Safety,Low Toxicity,High Safety,High Safety,Medium Toxicity,CNP0427395.1,CC1C2C(CC3(C(=O)CC4C3CCC3Cc5nc6c(nc5CC34C)CC3CCC4C(CC(O)C5(C)C7C(CC45O)OC4(CCC(C)(O)CO4)C7C)C3(C)C6)C2(C)O)OC12CCC(C)(C)O2
High Safety,High Safety,High Safety,High Safety,Medium Safety,High Safety,Medium Safety,Low Safety,High Safety,Low Safety,High Safety,High Safety,Low Toxicity,High Safety,Low Safety,High Toxicity,Low Toxicity,High Toxicity,High Toxicity,Low Safety,High Safety,Medium Safety,High Safety,,,,,,Low Safety,Medium Safety,Low Safety,Medium Safety,Medium Safety,High Safety,High Safety,Low Toxicity,CNP0427510.1,CC1OC(OC2CCC(OC(C)(CC(=O)O)Cc3ccc4c(c3O)C(=O)c3ccc(C5CC6OC7OC(C)C(=O)CC7OC6C(C)O5)c(O)c3C4=O)OC2C)C=CC1=O
High Safety,High Safety,High Safety,High Safety,Medium Safety,High Safety,High Safety,Low Toxicity,Medium Safety,Low Toxicity,Medium Safety,High Safety,Low Toxicity,Low Toxicity,Low Safety,High Safety,Low Toxicity,High Toxicity,High Toxicity,High Toxicity,High Safety,Medium Toxicity,Low Toxicity,,,,,,Medium Safety,High Safety,Medium Toxicity,Low Toxicity,Medium Safety,Low Safety,High Safety,Medium Toxicity,CNP0429931.1,Cc1cc(O)c2cc3c(c(O)c2c1)C(=O)c1ccc(C2CC(O)C(OC4CCC(OC5C=CC(=O)C(C)O5)C(C)O4)C(C)O2)c(O)c1C3=O
High Safety,High Safety,High Safety,High Safety,Medium Safety,Low Safety,High Safety,Low Safety,Medium Safety,Low Safety,Medium Safety,Medium Safety,Low Toxicity,High Safety,Medium Safety,High Safety,Low Toxicity,High Toxicity,High Toxicity,High Toxicity,High Safety,Low Toxicity,Low Safety,,,,,,Medium Safety,Medium Safety,Low Toxicity,Medium Toxicity,Medium Safety,High Safety,High Safety,Medium Toxicity,CNP0430564.1,CC(=O)OC1C(C)OC(c2ccc3c(c2O)C(O)C24OC2(C3=O)C2(O)C=CC(C)(O)CC2(O)CC4O)CC1OC(=O)C=CC=CC=CC=CC(=O)Nc1c(O)c2ccc(O)c(Cl)c2oc1=O
High Safety,High Safety,High Safety,High Safety,Medium Safety,High Safety,Medium Safety,Low Safety,High Safety,Low Safety,High Safety,High Safety,Low Toxicity,High Safety,Low Safety,High Toxicity,Low Toxicity,High Toxicity,High Toxicity,Low Safety,High Safety,Medium Safety,High Safety,,,,,,Low Safety,Medium Safety,Low Safety,Medium Safety,Medium Safety,High Safety,High Safety,Low Toxicity,CNP0430708.1,CC1OC(OC2CCC(OC(C)(CC(=O)O)Cc3ccc4c(c3O)C(=O)c3ccc(C5CC6OC7CC(=O)C(C)OC7OC6C(C)O5)c(O)c3C4=O)OC2C)C=CC1=O
High Safety,Medium Safety,High Safety,High Safety,Medium Safety,Low Safety,High Safety,Low Safety,Medium Safety,Low Safety,High Safety,High Safety,Medium Safety,Medium Safety,Low Safety,High Safety,Low Toxicity,Medium Toxicity,High Toxicity,Low Toxicity,High Safety,Low Safety,High Safety,,,,,,Medium Safety,High Safety,Low Safety,High Safety,Low Safety,High Safety,High Safety,Medium Toxicity,CNP0431091.1,CC1CC(=O)C2C3=C(C=CC2(OC2CC(O)C(OC4CC(O)C(O)C(C)O4)C(C)O2)C1)C(=O)c1c(ccc(C2CC(O)C(OC4CC(O)C(O)C(C)O4)C(C)O2)c1O)C3=O
High Safety,High Safety,High Safety,High Safety,Medium Safety,High Safety,High Safety,Low Toxicity,High Safety,Medium Safety,High Safety,High Safety,Low Toxicity,Low Toxicity,Medium Safety,High Safety,Low Toxicity,Medium Toxicity,High Toxicity,Medium Safety,High Safety,Medium Safety,High Safety,,,,,,Medium Safety,High Safety,Medium Safety,Low Safety,Low Safety,High Safety,High Safety,Medium Toxicity,CNP0436073.1,C=C(CC1CC(O)C2(C)OC3CC4OC5CC6(C)OC7(C)CCC8OC9CC%10(C)OC%11C(C)=CC(=O)OC%11CC%10OC9CC(C)C8OC7CC6OC5(C)CC=CC4OC3CC2O1)C(=O)O
Medium Safety,High Safety,High Safety,Medium Safety,Medium Safety,High Safety,High Safety,Low Safety,High Safety,Medium Safety,High Safety,High Safety,High Safety,High Safety,High Safety,High Toxicity,Low Toxicity,Low Toxicity,Low Toxicity,Low Toxicity,High Safety,Medium Safety,High Safety,,,,,,Low Safety,High Safety,Medium Safety,Medium Safety,Low Safety,High Safety,High Safety,Medium Toxicity,CNP0437649.1,CC1(C)CCC(C2(C)OC(=O)C34C(O)C=C5C(CCC6C5(C)CCC(OC5OCC(OS(=O)(=O)[O-])C(O)C5O)C6(C)C)C3(C)CCC24)O1.[Na+]
High Safety,Medium Safety,High Safety,High Safety,Medium Safety,High Safety,High Safety,Low Safety,Medium Safety,Low Safety,Low Safety,High Safety,Low Safety,Medium Safety,Low Toxicity,Medium Safety,Low Toxicity,High Toxicity,High Toxicity,Low Safety,High Safety,Medium Toxicity,High Safety,,,,,,Low Safety,High Safety,Low Toxicity,Low Toxicity,Medium Safety,High Safety,High Safety,Medium Toxicity,CNP0439266.1,CC1OC(OC2CCC(OC3C(O)CC(c4ccc5c(c4O)C(=O)c4ccc6c(c4C5=O)C(=O)CC(C)(O)C6)OC3C)OC2C)CCC1=O
High Safety,Medium Safety,High Safety,High Safety,Medium Safety,High Safety,High Safety,Low Safety,Medium Safety,Low Safety,Low Safety,High Safety,Low Safety,Medium Safety,Low Toxicity,Medium Safety,Low Toxicity,High Toxicity,High Toxicity,Low Safety,High Safety,Medium Toxicity,High Safety,,,,,,Low Safety,High Safety,Low Toxicity,Low Toxicity,Medium Safety,High Safety,High Safety,Medium Toxicity,CNP0439266.2,CC1OC(OC2CCC(OC3C(O)CC(c4ccc5c(c4O)C(=O)c4ccc6c(c4C5=O)C(=O)CC(C)(O)C6)OC3C)OC2C)CCC1=O
High Safety,High Safety,High Safety,High Safety,Medium Safety,High Safety,High Safety,Low Toxicity,High Safety,Medium Safety,High Safety,High Safety,Low Toxicity,Low Safety,Medium Safety,High Safety,Low Toxicity,Medium Toxicity,High Toxicity,Medium Toxicity,Low Safety,Low Toxicity,High Safety,,,,,,Low Safety,High Safety,Low Toxicity,Low Safety,Low Toxicity,High Safety,High Safety,Medium Toxicity,CNP0443759.1,C=C(CC1CC(O)C2(C)OC3CC4OC5CC6(C)OC7(C)CCC8OC9CC%10(C)OC%11C(C)=CC(=O)OC%11CC%10OC9CC(C)C8OC7CC6OC5(C)CC=CC4OC3CC2O1)C1OC(C)C(C)O1
High Safety,High Safety,High Safety,High Safety,Medium Safety,High Safety,High Safety,Low Toxicity,High Safety,Medium Safety,High Safety,High Safety,Low Toxicity,Medium Safety,Medium Safety,High Safety,Low Toxicity,Low Safety,Low Toxicity,High Safety,High Safety,High Safety,High Safety,,,,,,Low Safety,High Safety,Medium Safety,Low Safety,Low Toxicity,High Safety,High Safety,Medium Toxicity,CNP0455691.1,C=C(CC1CC(O)C2(C)OC3CC4OC5CC6(C)OC7(C)CCC8OC9CC%10(C)OC%11C(C)=CC(=O)OC%11CC%10OC9CC(C)C8OC7CC6OC5(C)CC=CC4OC3CC2O1)C(=O)NCCS(=O)(=O)[O-].[Na+]
High Safety,High Safety,High Safety,High Safety,Low Safety,High Safety,High Safety,Low Safety,Medium Safety,Low Safety,Medium Safety,High Safety,Low Toxicity,Medium Safety,Low Safety,High Toxicity,Low Toxicity,High Toxicity,High Toxicity,Low Safety,High Safety,Medium Toxicity,High Safety,,,,,,Low Safety,High Safety,Medium Toxicity,Low Toxicity,Medium Safety,High Safety,High Safety,Medium Toxicity,CNP0461379.1,CC1OC(OC2CCC(OC3C(O)CC(c4ccc5c(c4O)C(=O)c4ccc6c(c4C5=O)C(=O)CC(C)(OC4CCC(OC5CCC(=O)C(C)O5)C(C)O4)C6)OC3C)OC2C)CCC1=O
High Safety,High Safety,High Safety,High Safety,Low Safety,High Safety,High Safety,Low Safety,Medium Safety,Low Safety,Medium Safety,High Safety,Low Toxicity,Medium Safety,Low Safety,High Toxicity,Low Toxicity,High Toxicity,High Toxicity,Low Safety,High Safety,Medium Toxicity,High Safety,,,,,,Low Safety,High Safety,Medium Toxicity,Low Toxicity,Medium Safety,High Safety,High Safety,Medium Toxicity,CNP0461379.2,CC1OC(OC2CCC(OC3C(O)CC(c4ccc5c(c4O)C(=O)c4ccc6c(c4C5=O)C(=O)CC(C)(OC4CCC(OC5CCC(=O)C(C)O5)C(C)O4)C6)OC3C)OC2C)CCC1=O
High Safety,High Safety,High Safety,High Safety,High Safety,High Safety,High Safety,Low Safety,Low Safety,Low Safety,Medium Safety,High Safety,Low Safety,High Safety,Medium Safety,High Safety,Low Toxicity,High Toxicity,High Toxicity,Low Toxicity,High Safety,Medium Toxicity,High Safety,,,,,,Low Safety,Medium Safety,Low Toxicity,Medium Toxicity,Low Safety,High Safety,High Safety,Medium Toxicity,CNP0480210.1,Cc1cc(=O)c2c(O)c3c(cc2o1)OC(C)(C)C1OC(=O)C2(OC2CCc2cc(N)nc(-c4cc(N)nc(C[N+]5=CC6=CC=NC6=C5)c4)c2)C2C=CC(C2)C31
High Safety,High Safety,High Safety,High Safety,High Safety,High Safety,High Safety,Low Safety,Low Safety,Low Safety,Medium Safety,High Safety,Low Safety,High Safety,Medium Safety,High Safety,Low Toxicity,High Toxicity,High Toxicity,Low Toxicity,High Safety,Medium Toxicity,High Safety,,,,,,Low Safety,Medium Safety,Low Toxicity,Low Toxicity,Low Safety,High Safety,High Safety,Medium Toxicity,CNP0481710.1,Cc1cc(=O)c2c(O)c3c(cc2o1)OC(C)(C)C1OC(=O)C2(OC2CCc2cc(N)nc(-c4cc(N)nc(C[N+]5=CC6=CC=NC6=C5)c4)c2)C2C=CC(CC2)C31
High Safety,High Safety,High Safety,High Safety,High Safety,High Safety,High Safety,Low Safety,Low Safety,Low Safety,Medium Safety,High Safety,Low Safety,High Safety,Medium Safety,High Safety,Low Toxicity,High Toxicity,High Toxicity,Low Toxicity,High Safety,Medium Toxicity,High Safety,,,,,,Low Safety,Medium Safety,Low Toxicity,Low Toxicity,Low Safety,High Safety,High Safety,Medium Toxicity,CNP0481710.2,Cc1cc(=O)c2c(O)c3c(cc2o1)OC(C)(C)C1OC(=O)C2(OC2CCc2cc(N)nc(-c4cc(N)nc(C[N+]5=CC6=CC=NC6=C5)c4)c2)C2C=CC(CC2)C31
High Safety,High Safety,High Safety,High Safety,High Safety,High Safety,High Safety,Low Safety,Low Safety,Low Safety,Medium Safety,High Safety,Low Safety,High Safety,Medium Safety,High Safety,Low Toxicity,High Toxicity,High Toxicity,Low Toxicity,High Safety,Medium Toxicity,High Safety,,,,,,Low Safety,Medium Safety,Low Toxicity,Medium Toxicity,Medium Safety,High Safety,High Safety,Medium Toxicity,CNP0484741.1,Cc1cc(=O)c2c(O)c3c(cc2o1)OC(C)(C)C1OC(=O)C2(OC2CCc2cc(N)nc(-c4cc(N)nc(C[N+]5=CC6=NC=CC6=C5)c4)c2)C2C=CC(C2)C31
High Safety,High Safety,High Safety,High Safety,High Safety,High Safety,High Safety,Low Safety,Low Safety,Low Safety,Medium Safety,High Safety,Low Safety,High Safety,Medium Safety,High Safety,Low Toxicity,High Toxicity,High Toxicity,Low Toxicity,High Safety,Medium Toxicity,High Safety,,,,,,Low Safety,Medium Safety,Low Toxicity,Medium Toxicity,Medium Safety,High Safety,High Safety,Medium Toxicity,CNP0484741.2,Cc1cc(=O)c2c(O)c3c(cc2o1)OC(C)(C)C1OC(=O)C2(OC2CCc2cc(N)nc(-c4cc(N)nc(C[N+]5=CC6=NC=CC6=C5)c4)c2)C2C=CC(C2)C31
High Safety,High Safety,High Safety,High Safety,Medium Safety,High Safety,High Safety,Low Safety,Low Safety,Low Safety,Medium Safety,High Safety,Low Safety,High Safety,Medium Safety,High Safety,Low Toxicity,High Toxicity,High Toxicity,Low Toxicity,High Safety,Medium Toxicity,High Toxicity,,,,,,Low Toxicity,Medium Safety,Medium Toxicity,Low Toxicity,Medium Safety,High Safety,High Safety,Medium Toxicity,CNP0486176.1,CNCC1CC2CCC1C1c3c(cc4oc(C)cc(=O)c4c3O)OC(C)(C)C1OC(=O)C21OC1CCc1cc(N)nc(-c2cc(N)nc(C[N+]3=CC4=NC=CC4=C3)c2)c1
High Safety,Low Toxicity,High Safety,Low Safety,Medium Safety,High Safety,High Safety,Low Toxicity,High Safety,High Safety,High Safety,High Safety,Low Safety,High Safety,High Safety,High Safety,Low Toxicity,Low Toxicity,Medium Toxicity,Low Safety,High Safety,Medium Safety,High Safety,,,,,,Low Safety,High Safety,Low Safety,Medium Safety,Low Safety,High Safety,High Safety,High Toxicity,CNP0490429.1,CC1OC(OC2CCC3(C=O)C4C(O)CC5(C)C(C6=CC(=O)OC6)CCC5(O)C4CCC3(O)C2)CC(O)C1OC1OC(CO)C(O)C(O)C1O
High Safety,High Safety,High Safety,High Safety,Medium Safety,High Safety,High Safety,Low Safety,Low Safety,Low Safety,Medium Safety,Medium Safety,Low Safety,High Safety,Low Safety,High Safety,Low Toxicity,High Toxicity,High Toxicity,Low Safety,High Safety,Medium Toxicity,Low Toxicity,,,,,,Medium Safety,Medium Safety,Medium Toxicity,Low Toxicity,Low Safety,High Safety,High Safety,Medium Toxicity,CNP0493932.1,Cc1cc(=O)c2c(O)c3c(cc2o1)OC(C)(C)C1OC(=O)C2(CC(O)CCC31)OC2CCc1cc(N)nc(-c2cc(N)nc(Cn3cc4cc[nH]c4c3)c2)c1
High Safety,High Safety,High Safety,High Safety,Medium Safety,High Safety,High Safety,Low Safety,Medium Safety,Medium Safety,High Safety,High Safety,Low Safety,High Safety,Medium Safety,High Safety,Low Toxicity,High Toxicity,High Toxicity,Medium Safety,High Safety,High Toxicity,High Safety,,,,,,Low Safety,High Safety,Low Toxicity,High Safety,Medium Safety,High Safety,High Safety,High Toxicity,CNP0495063.1,CC1(C)C=C2C(=Cc3cc4c5c([nH]c4cc32)C2(C)C(CCC34OC6(O)C(OC(C)(C)C6O)C3C(=O)CCC42C)C5)C(C)(C)O1
High Safety,High Safety,High Safety,High Safety,Medium Safety,High Safety,High Safety,Low Safety,Low Safety,Low Safety,Low Toxicity,High Safety,Low Safety,High Safety,Low Safety,High Safety,Low Toxicity,High Toxicity,High Toxicity,Low Safety,High Safety,High Toxicity,Low Toxicity,,,,,,Medium Safety,Medium Safety,Medium Toxicity,Low Toxicity,Medium Safety,High Safety,High Safety,Medium Toxicity,CNP0496129.1,Cc1cc(=O)c2c(O)c3c(cc2o1)OC(C)(C)C1OC(=O)C2(CCCC31)OC2CCc1cc(N)nc2c1CCc1c-2cc(Cn2cc3cc[nH]c3c2)nc1N
High Safety,High Safety,High Safety,High Safety,Medium Safety,High Safety,Low Safety,Low Toxicity,Medium Safety,Medium Safety,High Safety,High Safety,Low Safety,Low Toxicity,High Safety,Low Toxicity,Low Toxicity,High Toxicity,High Toxicity,Low Safety,High Safety,High Toxicity,High Safety,,,,,,Low Safety,High Safety,Low Toxicity,Low Safety,Low Toxicity,High Safety,High Safety,Medium Toxicity,CNP0497568.1,CC1C2C(C=C3C4CCC5Cc6nc7c(nc6CC5(C)C4CC(O)C32C)CC2CCC3C(CC(=O)C34CC3OC5(CCC(C)(C)O5)C(C)C3C4(C)O)C2(C)C7)OC12CC(C)(CO)CO2
High Safety,Low Safety,High Safety,High Safety,Medium Safety,High Safety,High Safety,Low Safety,Medium Safety,Medium Safety,High Safety,High Safety,Low Safety,Medium Safety,Medium Safety,High Safety,Low Toxicity,Low Toxicity,Medium Toxicity,Low Toxicity,High Safety,Medium Safety,High Safety,,,,,,Low Safety,High Safety,Low Safety,Low Safety,Low Safety,High Safety,High Safety,Medium Toxicity,CNP0508227.1,COC1CC(OC2CCC3(C)C(=CCC4C3C(=O)C3OC(C)C5CCC4(O)C35C)C2)OC(C)C1OC1OC(CO)C(O)C(O)C1O
High Safety,High Safety,High Safety,High Safety,High Safety,High Safety,High Safety,Low Safety,Low Safety,Low Safety,Low Safety,High Safety,Low Safety,High Safety,Low Safety,High Safety,Low Toxicity,High Toxicity,High Toxicity,Low Toxicity,High Safety,High Toxicity,High Safety,,,,,,Low Safety,Medium Safety,Medium Toxicity,Low Toxicity,Medium Safety,High Safety,High Safety,Medium Toxicity,CNP0515158.1,Cc1cc(=O)c2c(O)c3c(cc2o1)OC(C)(C)C1OC(=O)C2(CCCC31)OC2CCc1cc(N)nc2c1CCc1c-2cc(C[N+]2=CC3=CC=NC3=C2)nc1N
High Safety,Medium Safety,High Safety,High Safety,Low Safety,High Safety,High Safety,Low Safety,High Safety,Medium Safety,High Safety,High Safety,Low Safety,High Safety,High Safety,High Safety,Low Toxicity,High Toxicity,High Toxicity,Low Safety,High Safety,Medium Toxicity,High Safety,,,,,,Low Safety,High Safety,Low Toxicity,Medium Safety,Low Safety,High Safety,High Safety,Medium Toxicity,CNP0515535.1,CC1OC(OC2C(O)CC(OC3C(O)CC(OC4CCC5(C)C(CCC6C5CCC5(C)C7CCC65OC5N=C(O)CC57)C4)OC3C)OC2C)CC(O)C1O
Medium Safety,High Safety,High Safety,High Safety,High Safety,High Safety,High Safety,Medium Safety,Medium Safety,Low Safety,High Safety,High Safety,High Safety,High Safety,Medium Safety,High Safety,Low Toxicity,Low Toxicity,Medium Toxicity,High Toxicity,High Safety,Medium Safety,High Safety,,,,,,Medium Safety,High Safety,Low Toxicity,High Toxicity,Low Safety,High Safety,High Safety,Medium Toxicity,CNP0518218.1,COC(=O)C1(C)NC2=C(C1=O)C13CC1CN(C(=O)c1cc(NC(=O)c4cc(NC(=O)c5cc(NC(C)=O)cn5C)cn4C)cn1C)C3=CC2=O
Medium Safety,Low Toxicity,High Safety,High Safety,Medium Safety,High Safety,High Safety,Medium Safety,High Safety,Medium Safety,High Safety,High Safety,Medium Safety,High Safety,High Safety,High Safety,Low Toxicity,Low Toxicity,Medium Toxicity,Low Safety,High Safety,Low Safety,High Safety,,,,,,Low Safety,High Safety,Low Safety,Medium Safety,Low Toxicity,High Safety,High Safety,High Toxicity,CNP0524073.2,C=C1C(C2=CC(=O)OC2)CCC2(O)C3CCC4CC(OC5OC(C)C(OC6OC(CO)C(O)C(O)C6O)C(OC)C5O)CCC4(C)C3CC12C
High Safety,High Safety,High Safety,High Safety,Medium Safety,High Safety,High Safety,Low Toxicity,High Safety,High Safety,High Safety,High Safety,Medium Safety,High Safety,High Safety,High Safety,Low Toxicity,Medium Toxicity,Medium Toxicity,Medium Safety,High Safety,Medium Safety,High Safety,,,,,,Medium Safety,Medium Safety,Medium Safety,Medium Safety,Low Safety,High Safety,High Safety,Medium Toxicity,CNP0528149.1,CC1=CC(=O)OC2CC3OC4CC(C)C5OC6CC7OC8(C)CC=CC9OC%10CC%11OC(C(CO)[S+]([O-])CC(N)C(=O)O)CC(O)C%11(C)OC%10CC9OC8CC7(C)OC6(C)CCC5OC4CC3(C)OC12
High Safety,High Safety,High Safety,High Safety,Medium Safety,High Safety,High Safety,Low Safety,Low Safety,Low Safety,High Safety,Medium Safety,Low Safety,High Safety,Low Safety,High Safety,Low Toxicity,High Toxicity,High Toxicity,Low Safety,High Safety,Medium Toxicity,Medium Toxicity,,,,,,Medium Safety,Medium Safety,Medium Toxicity,Low Toxicity,Medium Safety,High Safety,High Safety,Medium Toxicity,CNP0528372.1,Cc1cc(=O)c2c(O)c3c(cc2o1)OC(C)(C)C1OC(=O)C2(CCCC31)OC2CCc1cc(N)nc(-c2cc(N)nc(Cn3cc4cc[nH]c4c3)c2)c1
High Safety,High Safety,High Safety,High Safety,Medium Safety,High Safety,High Safety,Low Safety,Low Safety,Low Safety,Low Safety,High Safety,Low Safety,High Safety,Medium Safety,High Safety,Low Toxicity,High Toxicity,High Toxicity,Low Toxicity,High Safety,Medium Toxicity,High Safety,,,,,,Low Safety,Medium Safety,Medium Toxicity,Low Toxicity,Medium Safety,High Safety,High Safety,Medium Toxicity,CNP0529618.1,Cc1cc(=O)c2c(O)c3c(cc2o1)OC(C)(C)C1OC(=O)C2(CCCCC31)OC2CCc1cc(N)nc(-c2cc(N)nc(C[N+]3=CC4=NC=CC4=C3)c2)c1
High Safety,High Safety,High Safety,High Safety,Medium Safety,High Safety,High Safety,Low Safety,Low Safety,Low Safety,Low Safety,High Safety,Low Safety,High Safety,Medium Safety,High Safety,Low Toxicity,High Toxicity,High Toxicity,Low Toxicity,High Safety,Medium Toxicity,High Safety,,,,,,Low Safety,Medium Safety,Medium Toxicity,Low Toxicity,Medium Safety,High Safety,High Safety,Medium Toxicity,CNP0531412.1,Cc1cc(=O)c2c(O)c3c(cc2o1)OC(C)(C)C1OC(=O)C2(CC(O)CCC31)OC2CCc1cc(N)nc(-c2cc(N)nc(C[N+]3=CC4=NC=CC4=C3)c2)c1
High Safety,High Safety,High Safety,High Safety,Medium Safety,High Safety,High Safety,Low Safety,Low Safety,Low Safety,Low Safety,High Safety,Low Safety,High Safety,Medium Safety,High Safety,Low Toxicity,High Toxicity,High Toxicity,Low Toxicity,High Safety,Medium Toxicity,High Safety,,,,,,Low Safety,Medium Safety,Medium Toxicity,Low Toxicity,Medium Safety,High Safety,High Safety,Medium Toxicity,CNP0531412.2,Cc1cc(=O)c2c(O)c3c(cc2o1)OC(C)(C)C1OC(=O)C2(CC(O)CCC31)OC2CCc1cc(N)nc(-c2cc(N)nc(C[N+]3=CC4=NC=CC4=C3)c2)c1
Medium Safety,Low Safety,High Safety,Low Safety,Medium Safety,High Safety,High Safety,Low Safety,High Safety,High Safety,High Safety,High Safety,Medium Safety,Low Toxicity,Medium Safety,High Safety,Low Toxicity,High Toxicity,Medium Toxicity,Low Toxicity,High Safety,Low Safety,High Safety,,,,,,Low Safety,High Safety,Low Safety,Medium Safety,Low Toxicity,High Safety,High Safety,High Toxicity,CNP0531993.1,COC1CC(OC2CCC3(C)C(CCC45OC46CCC(C4=CC(=O)OC4)C6(C)CCC35)C2)OC(C)C1OC1OC(CO)C(O)C(O)C1O
High Safety,High Safety,High Safety,High Safety,Medium Safety,High Safety,High Safety,Low Safety,Low Safety,Low Safety,High Safety,High Safety,Low Safety,High Safety,Medium Safety,High Safety,Low Toxicity,High Toxicity,High Toxicity,Medium Toxicity,High Safety,Medium Toxicity,Medium Toxicity,,,,,,Medium Safety,Medium Safety,Medium Toxicity,Low Toxicity,Medium Safety,High Safety,High Safety,Medium Toxicity,CNP0534862.1,Cc1cc(=O)c2c(O)c3c(cc2o1)OC(C)(C)C1OC(=O)C2(OC2CCc2cc(N)nc(-c4cc(N)nc(Cn5cc6cc[nH]c6c5)c4)c2)C2C=CC(C2)C31
High Safety,High Safety,High Safety,High Safety,Medium Safety,High Safety,High Safety,Low Toxicity,High Safety,High Safety,High Safety,High Safety,Low Safety,Medium Safety,High Safety,High Safety,Low Toxicity,Medium Toxicity,Medium Toxicity,Medium Safety,High Safety,Medium Safety,High Safety,,,,,,Medium Safety,High Safety,Medium Safety,Medium Safety,Low Safety,High Safety,High Safety,Medium Toxicity,CNP0535248.1,CC1=CC(=O)OC2CC3OC4CC(C)C5OC6CC7OC8(C)CC=CC9OC%10CC%11OC(CC(CO)C[S+]([O-])CC(N)C(=O)O)CC(O)C%11(C)OC%10CC9OC8CC7(C)OC6(C)CCC5OC4CC3(C)OC12
High Safety,High Safety,High Safety,High Safety,Medium Safety,High Safety,High Safety,Low Toxicity,High Safety,High Safety,High Safety,High Safety,Low Safety,Medium Safety,High Safety,High Safety,Low Toxicity,Medium Toxicity,Medium Toxicity,Medium Safety,High Safety,Medium Safety,High Safety,,,,,,Medium Safety,High Safety,Medium Safety,Medium Safety,Low Safety,High Safety,High Safety,Medium Toxicity,CNP0535248.2,CC1=CC(=O)OC2CC3OC4CC(C)C5OC6CC7OC8(C)CC=CC9OC%10CC%11OC(CC(CO)C[S+]([O-])CC(N)C(=O)O)CC(O)C%11(C)OC%10CC9OC8CC7(C)OC6(C)CCC5OC4CC3(C)OC12
High Safety,Medium Safety,High Safety,High Safety,Medium Safety,High Safety,High Safety,Low Safety,Medium Safety,Medium Safety,High Safety,High Safety,Medium Safety,Medium Safety,High Safety,High Safety,Low Toxicity,High Toxicity,Medium Toxicity,Medium Toxicity,High Safety,Low Safety,High Safety,,,,,,Medium Safety,High Safety,Low Safety,Low Safety,Low Safety,High Safety,High Safety,Medium Toxicity,CNP0538100.1,COC1CC(OC2C(C)OC(OC3C(C)OC(OC4CC5=CCC6C(CCC78COC9(C)OCC(O)(OC67O)C98)C5(C)CC4O)CC3OC)CC2OC)OC(C)C1O
High Safety,Medium Safety,High Safety,High Safety,Medium Safety,High Safety,High Safety,Medium Safety,High Safety,Medium Safety,High Safety,High Safety,High Safety,High Safety,High Safety,High Safety,Low Toxicity,Low Safety,Medium Toxicity,Low Toxicity,High Safety,Medium Safety,High Safety,,,,,,Low Safety,High Safety,Low Toxicity,High Safety,Low Safety,High Safety,High Safety,Medium Toxicity,CNP0539545.1,CC1CCC2(OC1)OC1CC3C4CC=C5CC(OC6OC(CO)C(OC7OC(CO)C(O)C(O)C7O)C(O)C6O)CCC5(C)C4CCC3(C)C1(O)C2C
High Safety,High Safety,High Safety,High Safety,Medium Safety,High Safety,High Safety,Medium Safety,Medium Safety,Low Safety,High Safety,Medium Safety,High Safety,High Safety,High Safety,High Safety,Low Toxicity,Low Safety,Low Toxicity,Low Toxicity,High Safety,Medium Safety,High Safety,,,,,,Low Safety,High Safety,Low Safety,High Safety,Low Toxicity,High Safety,High Safety,Medium Toxicity,CNP0540933.1,CC1COC2(C)OC3C(C4CC=C5C6=C(CCC54C)C4(C)CCC(OC5OC(CO)C(O)C(OC7OC(CO)C(O)C(O)C7O)C5O)CC4CC6)C(O)OC3C12O
High Safety,Medium Safety,High Safety,High Safety,Medium Safety,High Safety,High Safety,Low Toxicity,Medium Safety,Low Safety,High Safety,High Safety,Low Toxicity,Medium Safety,Medium Toxicity,High Safety,Low Toxicity,High Toxicity,High Toxicity,Medium Toxicity,High Safety,Medium Toxicity,Low Toxicity,,,,,,Low Safety,Medium Safety,Medium Toxicity,Low Toxicity,Medium Safety,High Safety,High Safety,Low Toxicity,CNP0545248.1,Cc1cc(O)c2cc3c(c(O)c2c1)C(=O)c1ccc(OC2CC(OC4CCC(OC5CC(OC6CCC(O)C(C)O6)C(O)C(C)O5)C(C)O4)C(O)C(C)O2)c(O)c1C3=O
High Safety,Medium Safety,High Safety,High Safety,Medium Safety,High Safety,High Safety,Medium Safety,High Safety,Medium Safety,High Safety,High Safety,Medium Safety,High Safety,High Safety,High Safety,Low Toxicity,Low Toxicity,Low Toxicity,High Toxicity,Medium Safety,Medium Safety,High Safety,,,,,,Low Safety,High Safety,Low Safety,High Safety,Low Toxicity,High Safety,High Safety,Medium Toxicity,CNP0547899.0,CC1CC(C(=O)OC2OC(COC3OC(CO)C(OC4OC(C)C(O)C(O)C4O)C(O)C3O)C(O)C(O)C2O)C2CCC3(C)C(=CCC4(C)C3CCC3C(C)(CO)C(O)C(O)CC34C)C2C1C
High Safety,High Safety,High Safety,High Safety,Medium Safety,High Safety,High Safety,Low Safety,Low Safety,Low Safety,Medium Safety,High Safety,Low Safety,High Safety,Medium Safety,High Safety,Low Toxicity,High Toxicity,High Toxicity,Low Toxicity,High Safety,High Toxicity,High Toxicity,,,,,,Low Toxicity,Medium Safety,Medium Toxicity,Low Toxicity,Low Safety,High Safety,High Safety,Medium Toxicity,CNP0548649.1,CNCC1CC2CCC1C1c3c(cc4oc(C)cc(=O)c4c3O)OC(C)(C)C1OC(=O)C21OC1CCc1cc(N)nc(-c2cc(N)nc(C[N+]3=CC4=CC=NC4=C3)c2)c1
High Safety,High Safety,High Safety,High Safety,Medium Safety,High Safety,High Safety,Low Safety,Low Safety,Low Safety,Medium Safety,High Safety,Low Safety,High Safety,Medium Safety,High Safety,Low Toxicity,High Toxicity,High Toxicity,Low Toxicity,High Safety,High Toxicity,High Toxicity,,,,,,Low Toxicity,Medium Safety,Medium Toxicity,Low Toxicity,Low Safety,High Safety,High Safety,Medium Toxicity,CNP0548649.2,CNCC1CC2CCC1C1c3c(cc4oc(C)cc(=O)c4c3O)OC(C)(C)C1OC(=O)C21OC1CCc1cc(N)nc(-c2cc(N)nc(C[N+]3=CC4=CC=NC4=C3)c2)c1
High Safety,High Safety,High Safety,High Safety,Medium Safety,High Safety,High Safety,Low Safety,Low Safety,Low Safety,Medium Safety,High Safety,Low Safety,High Safety,Medium Safety,High Safety,Low Toxicity,High Toxicity,High Toxicity,Low Toxicity,High Safety,High Toxicity,High Safety,,,,,,Low Safety,Medium Safety,Medium Toxicity,Low Toxicity,Medium Safety,High Safety,High Safety,Medium Toxicity,CNP0549660.1,Cc1cc(=O)c2c(O)c3c(cc2o1)OC(C)(C)C1OC(=O)C2(OC2CCc2cc(N)nc(-c4cc(N)nc(C[N+]5=CC6=CC=NC6=C5)c4)c2)C2CCC(CC2)C31
High Safety,High Safety,High Safety,High Safety,Medium Safety,High Safety,High Safety,Low Safety,Low Safety,Low Safety,Medium Safety,High Safety,Low Safety,High Safety,Medium Safety,High Safety,Low Toxicity,High Toxicity,High Toxicity,Low Toxicity,High Safety,High Toxicity,High Safety,,,,,,Low Safety,Medium Safety,Medium Toxicity,Low Toxicity,Medium Safety,High Safety,High Safety,Medium Toxicity,CNP0549660.2,Cc1cc(=O)c2c(O)c3c(cc2o1)OC(C)(C)C1OC(=O)C2(OC2CCc2cc(N)nc(-c4cc(N)nc(C[N+]5=CC6=CC=NC6=C5)c4)c2)C2CCC(CC2)C31
High Safety,High Safety,High Safety,High Safety,Medium Safety,High Safety,High Safety,Low Safety,Low Safety,Low Safety,Medium Safety,High Safety,Low Safety,High Safety,Medium Safety,High Safety,Low Toxicity,High Toxicity,High Toxicity,Low Toxicity,High Safety,Low Toxicity,High Safety,,,,,,Low Safety,Medium Safety,Medium Toxicity,Low Toxicity,Medium Safety,High Safety,High Safety,Medium Toxicity,CNP0552121.1,Cc1cc(=O)c2c(O)c3c(cc2o1)OC(C)(C)C1OC(=O)C2(CC(CO)CC31)OC2CCc1cc(N)nc(-c2cc(N)nc(C[N+]3=CC4=NC=CC4=C3)c2)c1
High Safety,High Safety,High Safety,High Safety,Medium Safety,High Safety,High Safety,Low Safety,Low Safety,Low Safety,Medium Safety,High Safety,Low Safety,High Safety,Medium Safety,High Safety,Low Toxicity,High Toxicity,High Toxicity,Low Toxicity,High Safety,Low Toxicity,High Safety,,,,,,Low Safety,Medium Safety,Medium Toxicity,Low Toxicity,Medium Safety,High Safety,High Safety,Medium Toxicity,CNP0552121.2,Cc1cc(=O)c2c(O)c3c(cc2o1)OC(C)(C)C1OC(=O)C2(CC(CO)CC31)OC2CCc1cc(N)nc(-c2cc(N)nc(C[N+]3=CC4=NC=CC4=C3)c2)c1
High Safety,High Safety,High Safety,High Safety,Medium Safety,High Safety,High Safety,Low Safety,Low Safety,Low Safety,Low Safety,High Safety,Low Safety,High Safety,Medium Safety,High Safety,Low Toxicity,High Toxicity,High Toxicity,Low Toxicity,High Safety,Low Toxicity,Low Toxicity,,,,,,Low Safety,Medium Safety,Medium Toxicity,Low Toxicity,Medium Safety,High Safety,High Safety,Medium Toxicity,CNP0557905.1,Cc1cc(=O)c2c(O)c3c(cc2o1)OC(C)(C)C1OC(=O)C2(CCC(O)C31)OC2CCc1cc(N)nc(-c2cc(N)nc(C[N+]3=CC4=NC=CC4=C3)c2)c1
High Safety,High Safety,High Safety,High Safety,Medium Safety,Medium Safety,High Safety,Medium Safety,High Safety,High Safety,High Safety,High Safety,High Safety,High Safety,Medium Safety,High Safety,Low Toxicity,Low Toxicity,Medium Toxicity,Low Safety,High Safety,Low Safety,High Safety,,,,,,Low Safety,High Safety,Low Safety,High Safety,Low Safety,Medium Safety,High Safety,Medium Toxicity,CNP0560411.1,CC1CCC2(NC1)OC1CC3C4CCC5CC(OC6OC(CO)C(O)C(OC7OCC(O)C(O)C7O)C6O)CCC5(C)C4CCC3(C)C1C2C
High Safety,High Safety,High Safety,High Safety,Medium Safety,High Safety,High Safety,Low Safety,Low Safety,Low Safety,Medium Safety,High Safety,Low Safety,High Safety,Medium Safety,High Safety,Low Toxicity,High Toxicity,High Toxicity,Low Toxicity,High Safety,Medium Toxicity,Low Toxicity,,,,,,Low Safety,Medium Safety,Medium Toxicity,Medium Toxicity,Low Safety,High Safety,High Safety,Medium Toxicity,CNP0561828.1,CNCC1CCC2(OC2CCc2cc(N)nc(-c3cc(N)nc(C[N+]4=CC5=CC=NC5=C4)c3)c2)C(=O)OC2C(C1)c1c(cc3oc(C)cc(=O)c3c1O)OC2(C)C
High Safety,Medium Toxicity,High Safety,Medium Safety,Low Safety,High Safety,High Safety,Medium Safety,High Safety,Medium Safety,High Safety,High Safety,Low Safety,High Safety,High Safety,High Safety,Low Toxicity,Low Toxicity,Medium Toxicity,Low Safety,High Safety,Medium Safety,High Safety,,,,,,Low Safety,High Safety,Low Safety,Medium Safety,Medium Safety,High Safety,High Safety,High Toxicity,CNP0564211.1,CC1OC(OC2CCC3(C=O)C(CCC4C3CCC3(C)C(C5=CC(=O)OC5)C(O)CC43O)C2)C(O)C(O)C1OC1OCC(O)C(O)C1O
High Safety,High Safety,High Safety,High Safety,Medium Safety,High Safety,High Safety,Low Safety,Low Safety,Low Safety,Low Safety,High Safety,Low Safety,High Safety,Medium Safety,High Safety,Low Toxicity,High Toxicity,High Toxicity,Low Toxicity,High Safety,Medium Toxicity,High Safety,,,,,,Low Safety,Medium Safety,Medium Toxicity,Low Toxicity,Low Safety,High Safety,High Safety,Medium Toxicity,CNP0569620.1,Cc1cc(=O)c2c(O)c3c(cc2o1)OC(C)(C)C12CCC(CC31)CC1(OC1CCc1cc(N)nc(-c3cc(N)nc(C[N+]4=CC5=CC=NC5=C4)c3)c1)C(=O)O2
High Safety,High Safety,High Safety,High Safety,Medium Safety,High Safety,High Safety,Low Safety,Low Safety,Low Safety,Low Safety,High Safety,Low Safety,High Safety,Medium Safety,High Safety,Low Toxicity,High Toxicity,High Toxicity,Low Toxicity,High Safety,Medium Toxicity,High Safety,,,,,,Low Safety,Medium Safety,Medium Toxicity,Low Toxicity,Low Safety,High Safety,High Safety,Medium Toxicity,CNP0569620.2,Cc1cc(=O)c2c(O)c3c(cc2o1)OC(C)(C)C12CCC(CC31)CC1(OC1CCc1cc(N)nc(-c3cc(N)nc(C[N+]4=CC5=CC=NC5=C4)c3)c1)C(=O)O2
Medium Safety,Medium Toxicity,High Safety,Medium Safety,Low Safety,High Safety,High Safety,Low Safety,High Safety,Medium Safety,High Safety,High Safety,Low Toxicity,Medium Safety,High Safety,High Safety,Low Toxicity,High Toxicity,High Toxicity,Medium Toxicity,High Safety,Low Toxicity,High Safety,,,,,,Low Safety,High Safety,Low Safety,High Safety,Low Toxicity,High Safety,High Safety,High Toxicity,CNP0572972.1,CC(=O)OC1CC(OC2C(O)CC(OC3C(O)CC(OC4CC(O)C5(C)C(CCC6C5CCC5(C)C(C7=CC(=O)OC7)CCC65O)C4)OC3C)OC2C)OC(C)C1O
Medium Safety,Medium Toxicity,High Safety,Medium Safety,Low Safety,High Safety,High Safety,Low Safety,High Safety,Medium Safety,High Safety,High Safety,Low Toxicity,Medium Safety,High Safety,High Safety,Low Toxicity,High Toxicity,High Toxicity,Medium Toxicity,High Safety,Low Toxicity,High Safety,,,,,,Low Safety,High Safety,Low Safety,High Safety,Low Toxicity,High Safety,High Safety,High Toxicity,CNP0572972.2,CC(=O)OC1CC(OC2C(O)CC(OC3C(O)CC(OC4CC(O)C5(C)C(CCC6C5CCC5(C)C(C7=CC(=O)OC7)CCC65O)C4)OC3C)OC2C)OC(C)C1O
Medium Safety,Medium Toxicity,High Safety,Medium Safety,Low Safety,High Safety,High Safety,Low Safety,High Safety,Medium Safety,High Safety,High Safety,Low Toxicity,Medium Safety,High Safety,High Safety,Low Toxicity,High Toxicity,High Toxicity,Medium Toxicity,High Safety,Low Toxicity,High Safety,,,,,,Low Safety,High Safety,Low Safety,High Safety,Low Toxicity,High Safety,High Safety,High Toxicity,CNP0572972.3,CC(=O)OC1CC(OC2C(O)CC(OC3C(O)CC(OC4CC(O)C5(C)C(CCC6C5CCC5(C)C(C7=CC(=O)OC7)CCC65O)C4)OC3C)OC2C)OC(C)C1O
Medium Safety,Medium Toxicity,High Safety,Medium Safety,Low Safety,High Safety,High Safety,Low Safety,High Safety,Medium Safety,High Safety,High Safety,Low Toxicity,Medium Safety,High Safety,High Safety,Low Toxicity,High Toxicity,High Toxicity,Medium Toxicity,High Safety,Low Toxicity,High Safety,,,,,,Low Safety,High Safety,Low Safety,High Safety,Low Toxicity,High Safety,High Safety,High Toxicity,CNP0572972.4,CC(=O)OC1CC(OC2C(O)CC(OC3C(O)CC(OC4CC(O)C5(C)C(CCC6C5CCC5(C)C(C7=CC(=O)OC7)CCC65O)C4)OC3C)OC2C)OC(C)C1O
High Safety,High Safety,High Safety,High Safety,Medium Safety,High Safety,High Safety,Low Safety,Low Safety,Low Safety,Low Safety,High Safety,Low Safety,High Safety,Medium Safety,High Safety,Low Toxicity,High Toxicity,High Toxicity,Low Toxicity,High Safety,Medium Toxicity,High Safety,,,,,,Low Safety,Medium Safety,Medium Toxicity,Low Toxicity,Low Safety,High Safety,High Safety,Medium Toxicity,CNP0576093.1,Cc1cc(=O)c2c(O)c3c(cc2o1)OC(C)(C)C12CCC(CC31)CC1(OC1CCc1cc(N)nc(-c3cc(N)nc(C[N+]4=CC5=NC=CC5=C4)c3)c1)C(=O)O2
High Safety,High Safety,High Safety,High Safety,Medium Safety,High Safety,High Safety,Low Safety,Low Safety,Low Safety,Low Safety,High Safety,Low Safety,High Safety,Medium Safety,High Safety,Low Toxicity,High Toxicity,High Toxicity,Low Toxicity,High Safety,Medium Toxicity,High Safety,,,,,,Low Safety,Medium Safety,Medium Toxicity,Low Toxicity,Low Safety,High Safety,High Safety,Medium Toxicity,CNP0576093.2,Cc1cc(=O)c2c(O)c3c(cc2o1)OC(C)(C)C12CCC(CC31)CC1(OC1CCc1cc(N)nc(-c3cc(N)nc(C[N+]4=CC5=NC=CC5=C4)c3)c1)C(=O)O2
High Safety,High Safety,High Safety,High Safety,High Safety,High Safety,High Safety,Low Safety,Low Safety,Low Safety,Low Safety,High Safety,Low Safety,High Safety,Low Safety,High Safety,Low Toxicity,High Toxicity,High Toxicity,Low Toxicity,High Safety,Medium Toxicity,High Safety,,,,,,Low Safety,Medium Safety,Medium Toxicity,Low Toxicity,Medium Safety,High Safety,High Safety,Medium Toxicity,CNP0579111.1,Cc1cc(=O)c2c(O)c3c(cc2o1)OC(C)(C)C1OC(=O)C2(CC(O)CCC31)OC2CCc1cc(N)nc(-c2cc(N)nc(C[N+]3=CC4=CC=NC4=C3)c2)c1
High Safety,High Safety,High Safety,High Safety,High Safety,High Safety,High Safety,Low Safety,Low Safety,Low Safety,Low Safety,High Safety,Low Safety,High Safety,Medium Safety,High Safety,Low Toxicity,High Toxicity,High Toxicity,Low Toxicity,High Safety,Low Toxicity,Low Toxicity,,,,,,Low Safety,Medium Safety,Medium Toxicity,Low Toxicity,Medium Safety,High Safety,High Safety,Medium Toxicity,CNP0582361.1,Cc1cc(=O)c2c(O)c3c(cc2o1)OC(C)(C)C1OC(=O)C2(CCC(O)C31)OC2CCc1cc(N)nc(-c2cc(N)nc(C[N+]3=CC4=CC=NC4=C3)c2)c1
High Safety,High Safety,High Safety,High Safety,High Safety,High Safety,High Safety,Low Safety,Low Safety,Low Safety,Low Safety,High Safety,Low Safety,High Safety,Medium Safety,High Safety,Low Toxicity,High Toxicity,High Toxicity,Low Toxicity,High Safety,Low Toxicity,Low Toxicity,,,,,,Low Safety,Medium Safety,Medium Toxicity,Low Toxicity,Medium Safety,High Safety,High Safety,Medium Toxicity,CNP0582361.2,Cc1cc(=O)c2c(O)c3c(cc2o1)OC(C)(C)C1OC(=O)C2(CCC(O)C31)OC2CCc1cc(N)nc(-c2cc(N)nc(C[N+]3=CC4=CC=NC4=C3)c2)c1
High Safety,Medium Safety,High Safety,High Safety,Medium Safety,High Safety,High Safety,Medium Safety,High Safety,Medium Safety,High Safety,High Safety,High Safety,High Safety,High Safety,High Safety,Low Toxicity,Medium Toxicity,Medium Toxicity,Low Toxicity,High Safety,Low Safety,High Safety,,,,,,Low Safety,High Safety,Low Toxicity,High Safety,Low Safety,High Safety,High Safety,High Toxicity,CNP0586463.0,CC1CCC2(NC1)OC1CC3C4CC=C5CC(OC6OC(C)C(O)C(OC7OC(CO)C(O)C(O)C7O)C6O)CCC5(C)C4CCC3(C)C1C2C
High Safety,High Safety,High Safety,High Safety,High Safety,High Safety,High Safety,Low Safety,Low Safety,Low Safety,High Safety,High Safety,Low Safety,High Safety,Medium Safety,High Safety,Low Toxicity,High Toxicity,High Toxicity,Low Toxicity,High Safety,Medium Toxicity,High Safety,,,,,,Low Safety,Medium Safety,Low Toxicity,Low Toxicity,Low Safety,High Safety,High Safety,Medium Toxicity,CNP0586769.2,Cc1cc(=O)c2c(O)c3c(cc2o1)OC(C)(C)C(OC(=O)C1(C)OC1CCc1cc(N)nc(-c2cc(N)nc(C[N+]4=CC5=CC=NC5=C4)c2)c1)C3
Low Safety,High Toxicity,High Safety,Low Toxicity,Low Safety,High Safety,High Safety,Low Safety,High Safety,Medium Safety,High Safety,High Safety,Low Toxicity,Medium Safety,High Safety,High Safety,Low Toxicity,High Toxicity,High Toxicity,Low Toxicity,High Safety,Medium Toxicity,High Safety,,,,,,Low Safety,High Safety,Medium Toxicity,Low Safety,Medium Toxicity,High Safety,High Safety,High Toxicity,CNP0588664.1,COC1C(O)CC(OC2C(O)CC(OC3C(O)CC(OC4CCC5(C)C(CCC6C5CCC5(C)C(C7=CC(=O)OC7)CCC65O)C4)OC3C)OC2C)OC1C
High Safety,High Safety,High Safety,High Safety,Medium Safety,High Safety,High Safety,Low Safety,Low Safety,Low Safety,High Safety,High Safety,Low Safety,High Safety,Medium Safety,High Safety,Low Toxicity,High Toxicity,High Toxicity,Low Safety,High Safety,High Toxicity,High Toxicity,,,,,,Medium Safety,Medium Safety,Medium Toxicity,Low Toxicity,Medium Safety,High Safety,High Safety,Medium Toxicity,CNP0589980.1,Cc1cc(=O)c2c(O)c3c(cc2o1)OC(C)(C)C1OC(=O)C2(OC2CCc2cc(N)nc(-c4cc(N)nc(Cn5cc6cc[nH]c6c5)c4)c2)C2CCC(CC2)C31
High Safety,High Safety,High Safety,High Safety,Medium Safety,High Safety,High Safety,Low Safety,Low Safety,Low Safety,Medium Safety,High Safety,Low Safety,High Safety,Medium Safety,High Safety,Low Toxicity,High Toxicity,High Toxicity,Low Safety,High Safety,Medium Toxicity,Low Toxicity,,,,,,Medium Safety,Medium Safety,Medium Toxicity,Low Toxicity,Medium Safety,High Safety,High Safety,Medium Toxicity,CNP0590390.1,Cc1cc(=O)c2c(O)c3c(cc2o1)OC(C)(C)C1OC(=O)C2(CC(CO)CC31)OC2CCc1cc(N)nc(-c2cc(N)nc(Cn3cc4cc[nH]c4c3)c2)c1
High Safety,High Safety,High Safety,High Safety,Medium Safety,High Safety,High Safety,Low Safety,Low Safety,Low Safety,Medium Safety,High Safety,Low Safety,High Safety,Medium Safety,High Safety,Low Toxicity,High Toxicity,High Toxicity,Low Toxicity,High Safety,Medium Toxicity,High Safety,,,,,,Low Safety,Medium Safety,Low Toxicity,Low Toxicity,Medium Safety,High Safety,High Safety,Medium Toxicity,CNP0590724.1,Cc1cc(=O)c2c(O)c3c(cc2o1)OC(C)(C)C1OC(=O)C2(OC2CCc2cc(N)nc(-c4cc(N)nc(C[N+]5=CC6=NC=CC6=C5)c4)c2)C2C=CC(CC2)C31
High Safety,High Safety,High Safety,High Safety,Medium Safety,High Safety,High Safety,Low Safety,Low Safety,Low Safety,Medium Safety,High Safety,Low Safety,High Safety,Medium Safety,High Safety,Low Toxicity,High Toxicity,High Toxicity,Low Toxicity,High Safety,Medium Toxicity,High Safety,,,,,,Low Safety,Medium Safety,Low Toxicity,Low Toxicity,Medium Safety,High Safety,High Safety,Medium Toxicity,CNP0590724.2,Cc1cc(=O)c2c(O)c3c(cc2o1)OC(C)(C)C1OC(=O)C2(OC2CCc2cc(N)nc(-c4cc(N)nc(C[N+]5=CC6=NC=CC6=C5)c4)c2)C2C=CC(CC2)C31
High Safety,High Safety,High Safety,High Safety,Medium Safety,Medium Safety,High Safety,Low Safety,Medium Safety,Low Safety,Low Safety,Medium Safety,Low Toxicity,High Safety,Medium Safety,Medium Safety,Low Toxicity,High Toxicity,High Toxicity,High Toxicity,High Safety,Medium Toxicity,Low Safety,,,,,,Medium Safety,Medium Safety,Low Toxicity,Medium Toxicity,Medium Safety,High Safety,High Safety,Low Toxicity,CNP0591331.1,CC(=O)OC1C(C)OC(c2ccc3c(c2O)C(O)C24OC2(C3=O)C2(O)C(=O)C=C(C)CC2(O)CC4O)CC1OC(=O)C=CC=CC=CC=CC(=O)Nc1c(C)c2ccc(O)c(Cl)c2oc1=O
Medium Safety,Low Toxicity,High Safety,Low Safety,Low Safety,High Safety,High Safety,Medium Safety,High Safety,High Safety,High Safety,High Safety,Low Safety,Low Safety,High Safety,High Safety,Low Toxicity,Low Toxicity,Medium Toxicity,Low Safety,High Safety,Low Safety,High Safety,,,,,,Low Safety,High Safety,Low Toxicity,High Safety,Low Safety,High Safety,High Safety,High Toxicity,CNP0597014.1,CC1OC(OC2CCC3(C)C(CCC4C3CCC3(C)C4CC(O)C3C3=CC(=O)OC3)C2)C(O)C(O)C1OC1OC(CO)C(O)C(O)C1O
High Safety,High Safety,High Safety,High Safety,Medium Safety,High Safety,High Safety,Low Safety,Low Safety,Low Safety,High Safety,Medium Safety,Low Safety,High Safety,Low Safety,High Safety,Low Toxicity,High Toxicity,High Toxicity,Low Safety,High Safety,Medium Toxicity,Low Toxicity,,,,,,Medium Safety,Medium Safety,Medium Toxicity,Low Toxicity,Low Safety,High Safety,High Safety,Medium Toxicity,CNP0599667.1,Cc1cc(=O)c2c(O)c3c(cc2o1)OC(C)(C)C(OC(=O)C1(C)OC1CCc1cc(N)nc(-c2cc(N)nc(Cn4cc5cc[nH]c5c4)c2)c1)C3
Low Safety,Low Safety,High Safety,Low Safety,Medium Safety,High Safety,High Safety,Low Safety,High Safety,Medium Safety,High Safety,High Safety,Low Toxicity,Medium Safety,High Safety,High Safety,Low Toxicity,High Toxicity,High Toxicity,Medium Toxicity,High Safety,Low Toxicity,High Safety,,,,,,Low Safety,High Safety,Low Safety,High Safety,Low Toxicity,High Safety,High Safety,High Toxicity,CNP0600437.0,CC(=O)OC1CC(OC2C(O)CC(OCC3CC(O)CC(OC4CCC5(C)C(CCC6C5CC(O)C5(C)C(C7=CC(=O)OC7)CCC65O)C4)O3)OC2C)OC(C)C1O
Medium Safety,Medium Safety,High Safety,High Safety,Medium Safety,High Safety,High Safety,Low Safety,High Safety,Low Safety,High Safety,High Safety,Low Toxicity,Medium Safety,High Safety,High Safety,Low Toxicity,Low Toxicity,Medium Toxicity,High Toxicity,Medium Safety,Low Safety,High Safety,,,,,,Medium Safety,High Safety,Low Toxicity,High Safety,Low Safety,High Safety,High Safety,Medium Toxicity,CNP0601335.1,COC1CC(OC2C(C)OC(C3CC4=CCC5C(=O)OC6COC7(C)OC=C(CCC5C4(C)CC3O)C67)CC2OC)OC(C)C1OC1CC(OC)C(OC2OC(CO)C(O)C(O)C2O)C(C)O1
Low Safety,Medium Toxicity,High Safety,Low Toxicity,Low Safety,Medium Safety,High Safety,Medium Safety,High Safety,High Safety,High Safety,High Safety,Low Safety,Low Safety,High Safety,High Safety,Low Toxicity,Low Toxicity,Medium Toxicity,Low Safety,High Safety,Low Safety,High Safety,,,,,,Low Safety,High Safety,Low Toxicity,Medium Safety,Low Toxicity,High Safety,High Safety,Medium Toxicity,CNP0601926.1,COC1OC(OC2C(C)OC(OC3CCC4(C)C(CCC5C4CCC4(C)C(C6=CC(=O)OC6)CCC54O)C3)C(O)C2O)C(O)C(O)C1O
High Safety,High Safety,High Safety,High Safety,High Safety,High Safety,High Safety,Low Safety,Low Safety,Low Safety,Medium Safety,High Safety,Low Safety,High Safety,Medium Safety,High Safety,Low Toxicity,High Toxicity,High Toxicity,Low Toxicity,High Safety,Low Toxicity,High Safety,,,,,,Low Safety,Medium Safety,Medium Toxicity,Low Toxicity,Low Safety,High Safety,High Safety,Medium Toxicity,CNP0604312.1,Cc1cc(=O)c2c(O)c3c(cc2o1)OC(C)(C)C1OC(=O)C2(CC(CO)CC31)OC2CCc1cc(N)nc(-c2cc(N)nc(C[N+]3=CC4=CC=NC4=C3)c2)c1
High Safety,High Safety,High Safety,High Safety,High Safety,High Safety,High Safety,Low Safety,Low Safety,Low Safety,Medium Safety,High Safety,Low Safety,High Safety,Medium Safety,High Safety,Low Toxicity,High Toxicity,High Toxicity,Low Toxicity,High Safety,Low Toxicity,High Safety,,,,,,Low Safety,Medium Safety,Medium Toxicity,Low Toxicity,Low Safety,High Safety,High Safety,Medium Toxicity,CNP0604312.2,Cc1cc(=O)c2c(O)c3c(cc2o1)OC(C)(C)C1OC(=O)C2(CC(CO)CC31)OC2CCc1cc(N)nc(-c2cc(N)nc(C[N+]3=CC4=CC=NC4=C3)c2)c1
High Safety,High Safety,High Safety,High Safety,Medium Safety,High Safety,High Safety,Low Safety,Medium Safety,Low Toxicity,High Safety,High Safety,Low Safety,High Safety,Low Safety,High Toxicity,Low Toxicity,High Toxicity,High Toxicity,Medium Toxicity,High Safety,Low Toxicity,High Safety,,,,,,Medium Safety,High Safety,Low Safety,Medium Toxicity,Medium Safety,High Safety,High Safety,Medium Toxicity,CNP0080815.0,CC1OC(OC2CCC(OC3C(O)CC(c4ccc5c(c4)C(=O)C4=C(C5=O)C5(O)C(=O)CC(C)(OC6C=CC(=O)C(C)O6)CC5(O)C=C4)OC3C)OC2C)C=CC1=O
High Safety,High Safety,High Safety,High Safety,Medium Safety,High Safety,High Safety,Low Safety,Medium Safety,Low Toxicity,High Safety,High Safety,Medium Safety,High Safety,Low Safety,High Toxicity,Low Toxicity,High Toxicity,High Toxicity,Low Toxicity,High Safety,Low Toxicity,High Safety,,,,,,Low Safety,Medium Safety,Low Toxicity,Medium Safety,Medium Safety,High Safety,High Safety,Medium Toxicity,CNP0080816.0,CC1OC(OC2(C)CC(=O)C3(O)C4=C(C=CC3(O)C2)C(=O)c2cc(C3CC5OC6CC(=O)C(C)OC6OC5C(C)O3)ccc2C4=O)C=CC1=O
High Safety,High Safety,High Safety,High Safety,Medium Safety,High Safety,High Safety,Low Safety,Medium Safety,Low Safety,High Safety,High Safety,Medium Safety,High Safety,Low Toxicity,High Toxicity,Low Toxicity,High Toxicity,High Toxicity,Low Toxicity,High Safety,Low Toxicity,High Safety,,,,,,Low Safety,High Safety,Low Safety,Low Safety,Medium Safety,High Safety,High Safety,Medium Toxicity,CNP0080817.0,CC1OC(OC2(C)CC(=O)C3(O)C4=C(C=CC3(O)C2)C(=O)c2cc(C3CC5OC6CC(=O)C(C)OC6OC5C(C)O3)ccc2C4=O)CCC1=O
High Safety,High Safety,High Safety,High Safety,Medium Safety,High Safety,High Safety,Low Toxicity,Low Safety,Low Safety,High Safety,Low Safety,Low Toxicity,High Safety,Low Safety,High Safety,Low Toxicity,High Toxicity,High Toxicity,High Toxicity,High Safety,Low Toxicity,Low Toxicity,,,,,,Medium Safety,High Safety,Low Toxicity,High Safety,Medium Safety,High Safety,High Safety,Medium Toxicity,CNP0080938.1,CCCC1Cc2cc3c(c(O)c2C(=O)O1)-c1c(O)c2c(c(OC)c1C(O)C3O)OC1C=CC(OC3CC(O)C(OC4CC(O)C(OC5CC(OC)C(O)C(C)O5)C(C)O4)C(C)O3)=C(O)C1C2=O
High Safety,High Safety,High Safety,Medium Safety,Medium Safety,High Safety,High Safety,Low Toxicity,Medium Safety,Low Safety,Medium Safety,Medium Safety,Medium Safety,Low Safety,Low Safety,Medium Toxicity,Low Safety,Medium Toxicity,Medium Toxicity,High Safety,High Safety,Medium Safety,Low Toxicity,,,,,,Medium Safety,Medium Safety,Low Safety,Low Toxicity,Medium Safety,Medium Safety,High Safety,Medium Toxicity,CNP0080945.1,CC1OC(CC(=O)O)CC23OC12C(=O)c1c(O)c(-c2cc(O)c4c(c2O)C(=O)C25OC2(CC(CC(=O)O)OC5C)C4=O)cc(O)c1C3=O
High Safety,High Safety,High Safety,High Safety,Medium Safety,High Safety,High Safety,Medium Safety,High Safety,Medium Safety,High Safety,High Safety,High Safety,High Safety,High Safety,High Safety,Low Toxicity,Low Toxicity,Low Toxicity,High Toxicity,Medium Safety,Medium Safety,High Safety,,,,,,Low Safety,High Safety,Low Safety,High Safety,Low Toxicity,High Safety,High Safety,Medium Toxicity,CNP0086353.1,CC1CCC2(C(=O)OC3OC(COC4OC(CO)C(OC5OC(C)C(O)C(O)C5O)C(O)C4O)C(O)C(O)C3O)CCC3(C)C(=CCC4C5(C)CCC(O)C(C)(CO)C5C(O)CC43C)C2C1C
High Safety,Medium Safety,High Safety,Medium Safety,Medium Safety,High Safety,High Safety,Medium Safety,High Safety,Medium Safety,High Safety,High Safety,Medium Safety,High Safety,High Safety,High Safety,Low Toxicity,Low Toxicity,Medium Toxicity,High Toxicity,High Safety,Medium Safety,High Safety,,,,,,Low Safety,High Safety,Low Safety,High Safety,Low Safety,High Safety,High Safety,High Toxicity,CNP0087101.1,CC1=C(C)C(=O)OC(C(C)(O)C2CC=C3C4CC=C5CC(OC6OC(COC7OC(CO)C(O)C(O)C7O)C(O)C(O)C6O)CC(=O)C5(C)C4CCC32C)C1
High Safety,Medium Safety,High Safety,Medium Safety,Medium Safety,High Safety,High Safety,Medium Safety,High Safety,Medium Safety,High Safety,High Safety,Medium Safety,High Safety,High Safety,High Safety,Low Toxicity,Low Toxicity,Medium Toxicity,High Toxicity,High Safety,Medium Safety,High Safety,,,,,,Low Safety,High Safety,Low Safety,High Safety,Low Safety,High Safety,High Safety,High Toxicity,CNP0087101.4,CC1=C(C)C(=O)OC(C(C)(O)C2CC=C3C4CC=C5CC(OC6OC(COC7OC(CO)C(O)C(O)C7O)C(O)C(O)C6O)CC(=O)C5(C)C4CCC32C)C1
High Safety,High Safety,High Safety,High Safety,Medium Safety,High Safety,High Safety,Medium Safety,High Safety,Medium Safety,High Safety,High Safety,High Safety,High Safety,Medium Safety,High Safety,Low Safety,Low Safety,Medium Toxicity,Medium Safety,High Safety,Medium Safety,High Safety,,,,,,Low Safety,High Safety,Low Safety,High Safety,Medium Toxicity,High Safety,High Safety,Low Toxicity,CNP0087250.1,CC1CCOC2(C1)OC1CC3C4CC(O)C5CC(OC6OC(COC7OC(CO)C(O)C(O)C7O)C(O)C(O)C6O)CCC5(C)C4CCC3(C)C1C2C
High Safety,Low Safety,High Safety,High Safety,Medium Safety,High Safety,High Safety,Medium Safety,High Safety,Medium Safety,High Safety,High Safety,High Safety,High Safety,High Safety,High Safety,Low Toxicity,Low Toxicity,Low Toxicity,Low Toxicity,High Safety,Medium Safety,High Safety,,,,,,Low Safety,High Safety,Low Toxicity,Medium Safety,Low Safety,High Safety,High Safety,High Toxicity,CNP0087291.1,CC1=C(C)C(=O)OC(C(C)C2C(O)CC3C4C5OC5C5(O)CC(OC6OC(CO)C(OC7OC(C)C(O)C(O)C7O)C(O)C6O)CC(O)C5(C)C4CCC32C)C1
High Safety,Low Safety,High Safety,High Safety,Medium Safety,High Safety,High Safety,Medium Safety,High Safety,Medium Safety,High Safety,High Safety,High Safety,High Safety,High Safety,High Safety,Low Toxicity,Low Toxicity,Low Toxicity,Low Toxicity,High Safety,Medium Safety,High Safety,,,,,,Low Safety,High Safety,Low Toxicity,Medium Safety,Low Safety,High Safety,High Safety,High Toxicity,CNP0087291.2,CC1=C(C)C(=O)OC(C(C)C2C(O)CC3C4C5OC5C5(O)CC(OC6OC(CO)C(OC7OC(C)C(O)C(O)C7O)C(O)C6O)CC(O)C5(C)C4CCC32C)C1
High Safety,Low Safety,High Safety,High Safety,Medium Safety,High Safety,High Safety,Medium Safety,High Safety,Medium Safety,High Safety,High Safety,High Safety,High Safety,High Safety,High Safety,Low Toxicity,Low Toxicity,Low Toxicity,Low Toxicity,High Safety,Medium Safety,High Safety,,,,,,Low Safety,High Safety,Low Toxicity,Medium Safety,Low Safety,High Safety,High Safety,High Toxicity,CNP0087291.3,CC1=C(C)C(=O)OC(C(C)C2C(O)CC3C4C5OC5C5(O)CC(OC6OC(CO)C(OC7OC(C)C(O)C(O)C7O)C(O)C6O)CC(O)C5(C)C4CCC32C)C1
High Safety,Low Safety,High Safety,High Safety,Medium Safety,High Safety,High Safety,Medium Safety,High Safety,Medium Safety,High Safety,High Safety,High Safety,High Safety,High Safety,High Safety,Low Toxicity,Low Toxicity,Low Toxicity,Low Toxicity,High Safety,Medium Safety,High Safety,,,,,,Low Safety,High Safety,Low Toxicity,Medium Safety,Low Safety,High Safety,High Safety,High Toxicity,CNP0087291.4,CC1=C(C)C(=O)OC(C(C)C2C(O)CC3C4C5OC5C5(O)CC(OC6OC(CO)C(OC7OC(C)C(O)C(O)C7O)C(O)C6O)CC(O)C5(C)C4CCC32C)C1
High Safety,High Safety,High Safety,High Safety,Medium Safety,High Safety,High Safety,Medium Safety,Medium Safety,High Safety,High Safety,High Safety,High Safety,High Safety,High Safety,High Safety,Low Toxicity,Low Toxicity,Medium Toxicity,Medium Safety,High Safety,Medium Safety,High Safety,,,,,,Low Safety,High Safety,Low Toxicity,High Safety,Low Safety,High Safety,High Safety,Medium Toxicity,CNP0087783.1,CC1CCC2(OC1)OC1CCC3C4CCC5CC(OC6OC(CO)C(OC7OC(CO)C(OC8OC(CO)C(O)C(O)C8O)C(O)C7O)C(O)C6O)CCC5(C)C4CC(=O)C3(C)C1C2C
High Safety,High Safety,High Safety,High Safety,Medium Safety,High Safety,High Safety,Medium Safety,High Safety,Medium Safety,High Safety,High Safety,Medium Safety,Medium Safety,High Safety,High Safety,Low Toxicity,Low Toxicity,Medium Toxicity,High Toxicity,Medium Safety,Medium Safety,High Safety,,,,,,Medium Safety,High Safety,Low Safety,High Safety,Low Toxicity,High Safety,High Safety,Medium Toxicity,CNP0089516.1,CC1(C)CCC2(C(=O)OC3OCC(O)(COC4OC(CO)C(O)C(O)C4O)C(O)C3O)CCC3(C)C(=CCC4C5(C)CCC(OC6OCC(O)C(O)C6O)C(C)(CO)C5CCC43C)C2C1
High Safety,Medium Safety,High Safety,High Safety,Medium Safety,High Safety,High Safety,Medium Safety,High Safety,Medium Safety,High Safety,High Safety,Medium Safety,High Safety,High Safety,High Safety,Low Toxicity,Low Toxicity,Medium Toxicity,High Toxicity,Low Toxicity,Low Safety,High Safety,,,,,,Low Safety,High Safety,Low Safety,High Safety,Low Safety,High Safety,High Safety,Medium Toxicity,CNP0089617.1,CC1OC(OC2C(CO)OC(OCC3OC(OC(=O)C4CC(C)(C)CC5C6=CCC7(C)C8(C)CCC(O)C(C)(CO)C8CCC7(C)C6(C)CCC45)C(O)C(O)C3O)C(O)C2O)C(O)C(O)C1O
High Safety,High Safety,High Safety,High Safety,Medium Safety,High Safety,High Safety,Medium Safety,High Safety,Medium Safety,High Safety,High Safety,High Safety,High Safety,High Safety,High Safety,Low Toxicity,Low Toxicity,Low Toxicity,High Toxicity,Medium Safety,Low Safety,High Safety,,,,,,Medium Safety,High Safety,Low Safety,High Safety,Low Toxicity,High Safety,High Safety,Medium Toxicity,CNP0090222.1,CC1CCC2(C(=O)OC3OC(COC4CC(CO)C(OC5OC(C)C(O)C(O)C5O)C(O)C4O)C(O)C(O)C3O)CCC3(C)C(=CCC4C5(C)CC(O)C(O)C(C)(CO)C5CCC43C)C2C1C
High Safety,High Safety,High Safety,High Safety,High Safety,High Safety,High Safety,Medium Safety,High Safety,Medium Safety,High Safety,High Safety,Medium Safety,High Safety,High Safety,High Safety,Low Toxicity,High Toxicity,High Toxicity,Low Toxicity,High Safety,Low Toxicity,High Safety,,,,,,Low Safety,High Safety,Low Safety,High Safety,Low Safety,High Safety,High Safety,Medium Toxicity,CNP0090698.1,CC1CCC2(OC1)OC1CC3C(CCC4C5(C)CCC(OC6OC(CO)C(O)C(O)C6OC6OC(C)C(O)C(O)C6O)CC5=CCC34C)C1C2C
High Safety,High Safety,High Safety,High Safety,Medium Safety,High Safety,High Safety,Medium Safety,High Safety,Medium Safety,High Safety,High Safety,High Safety,High Safety,High Safety,High Safety,Low Toxicity,Low Toxicity,Medium Toxicity,High Toxicity,Medium Safety,Low Safety,High Safety,,,,,,Low Safety,High Safety,Low Safety,High Safety,Low Toxicity,High Safety,High Safety,Medium Toxicity,CNP0092795.1,CC1(C)CC(C(=O)OC2OC(COC3OC(CO)C(O)C(O)C3O)C(O)C(O)C2O)C2CCC3(C)C(=CCC4C5(C)CCC(OC6OCC(O)C(O)C6O)C(C)(C)C5CCC43C)C2C1
High Safety,High Safety,High Safety,High Safety,Medium Safety,High Safety,High Safety,Medium Safety,Medium Safety,High Safety,High Safety,High Safety,High Safety,High Safety,High Safety,High Safety,Low Toxicity,Low Toxicity,Medium Toxicity,Medium Safety,High Safety,Medium Safety,High Safety,,,,,,Low Safety,High Safety,Low Toxicity,High Safety,Low Safety,High Safety,High Safety,Medium Toxicity,CNP0098022.1,CC1CCC2(OC1)OC1CC3C4CCC5CC(OC6OC(COC7OC(CO)C(O)C(O)C7O)C(O)C(O)C6O)CCC5(C)C4CC(=O)C3C1C2C
High Safety,High Safety,High Safety,High Safety,Medium Safety,High Safety,High Safety,Medium Safety,High Safety,Medium Safety,High Safety,High Safety,Medium Safety,High Safety,High Safety,High Safety,Low Toxicity,Medium Toxicity,High Toxicity,Low Toxicity,High Safety,Low Toxicity,High Safety,,,,,,Low Safety,High Safety,Low Toxicity,High Safety,Low Safety,High Safety,High Safety,Medium Toxicity,CNP0098938.1,CC(C)C1C=C2CC(OC3OC(CO)C(OC4OC(C)C(O)C(O)C4O)C(O)C3O)CCC2(C)C2CCC3(C)C(CC4OC5(CCC(C)(O)CO5)C(C)C43)C12
High Safety,Medium Safety,High Safety,High Safety,Medium Safety,High Safety,High Safety,Low Safety,High Safety,Medium Safety,High Safety,High Safety,Medium Safety,High Safety,Medium Safety,High Safety,Low Toxicity,High Toxicity,High Toxicity,High Toxicity,Medium Safety,Low Toxicity,High Safety,,,,,,Low Safety,High Safety,Low Safety,Medium Safety,Low Safety,High Safety,High Safety,Medium Toxicity,CNP0102500.2,CC(C)C1(C2CC(C3C(O)CC4C5=CCC6CC(OC7OC(CO)C(O)C(O)C7O)CCC6(C)C5CCC43C)C(=O)O2)OC1C
High Safety,High Safety,High Safety,High Safety,Medium Safety,High Safety,High Safety,Medium Safety,High Safety,Medium Safety,High Safety,High Safety,Medium Safety,High Safety,High Safety,High Safety,Low Toxicity,Low Toxicity,Medium Toxicity,High Toxicity,Medium Safety,Medium Safety,High Safety,,,,,,Low Safety,High Safety,Low Safety,High Safety,Low Safety,High Safety,High Safety,Medium Toxicity,CNP0103092.1,CC1(C)CCC2(C(=O)OC3OC(COC4OC(CO)C(O)C(O)C4O)C(O)C(O)C3O)CCC3(C)C(=CCC4C5(C)CCC(OC6OCC(O)C(O)C6O)C(C)(CO)C5CCC43C)C2C1
High Safety,High Safety,High Safety,High Safety,Medium Safety,High Safety,High Safety,Medium Safety,High Safety,Medium Safety,High Safety,High Safety,High Safety,High Safety,High Safety,High Safety,Low Toxicity,Medium Toxicity,Medium Toxicity,Low Toxicity,High Safety,Low Toxicity,High Safety,,,,,,Low Safety,High Safety,Low Safety,High Safety,Low Safety,High Safety,High Safety,Medium Toxicity,CNP0103758.1,CC1CCC2(OC1)OC1CC3C4CC=C5CC(OC6OC(CO)C(OC7OCC(O)(CO)C7O)C(O)C6O)CCC5(C)C4CCC3(C)C1C2C
Medium Safety,Medium Toxicity,High Safety,Low Safety,Low Toxicity,High Safety,High Safety,Low Safety,High Safety,Medium Safety,High Safety,High Safety,Medium Toxicity,High Safety,High Safety,High Safety,Low Toxicity,High Toxicity,High Toxicity,Low Toxicity,High Safety,Low Toxicity,High Safety,,,,,,Low Safety,High Safety,Medium Toxicity,High Safety,Low Toxicity,High Safety,High Safety,High Toxicity,CNP0104406.1,CC1OC(OC2C(O)CC(OC3C(O)CC(OC4CCC5(C)C(CCC6C5CCC5(C)C(C7=CCOC7=O)C(O)CC65O)C4)OC3C)OC2C)CC(O)C1O
High Safety,High Safety,High Safety,High Safety,Medium Safety,High Safety,High Safety,Medium Safety,Medium Safety,High Safety,High Safety,High Safety,High Safety,High Safety,High Safety,High Safety,Low Toxicity,Low Toxicity,Medium Toxicity,Medium Safety,High Safety,Medium Safety,High Safety,,,,,,Low Safety,High Safety,Low Toxicity,High Safety,Low Safety,High Safety,High Safety,Medium Toxicity,CNP0104581.1,CC1CCC2(OC1)OC1CC3C4CCC5CC(OC6OC(CO)C(O)C(OC7OC(CO)C(O)C(O)C7O)C6O)CCC5(C)C4CC(=O)C3(C)C1C2C
High Safety,Medium Safety,High Safety,High Safety,Medium Safety,High Safety,High Safety,Low Safety,High Safety,Low Safety,High Safety,High Safety,Low Safety,Medium Safety,High Safety,High Safety,Low Toxicity,Medium Toxicity,Medium Toxicity,High Toxicity,High Safety,Low Safety,High Safety,,,,,,Medium Safety,High Safety,Low Toxicity,Medium Safety,Medium Safety,High Safety,High Safety,Medium Toxicity,CNP0105597.1,COC1CC(OC2C(O)CC(OC3C(C)OC(OC4CC5=CCC6C(=O)OC7COC8(C)OC=C(CCC6C5(C)CC4O)C78)C(O)C3OC)OC2C)OC(C)C1O
High Safety,Medium Safety,High Safety,High Safety,Medium Safety,High Safety,High Safety,Low Safety,Medium Safety,Medium Safety,High Safety,High Safety,Medium Safety,High Safety,High Safety,High Safety,Low Toxicity,Low Toxicity,Medium Toxicity,Low Toxicity,High Safety,Medium Safety,High Safety,,,,,,Low Safety,High Safety,Medium Toxicity,High Safety,Low Safety,High Safety,High Safety,Medium Toxicity,CNP0106519.1,CC1COC2(CC1O)OC1CC3C4CC=C5CC(OC6OC(CO)C(OC7OC(CO)C(O)C(O)C7O)C(O)C6O)CCC5(C)C4CC(=O)C3(C)C1C2C
High Safety,Medium Safety,High Safety,High Safety,Medium Safety,High Safety,High Safety,Low Safety,Medium Safety,Medium Safety,High Safety,High Safety,Medium Safety,High Safety,High Safety,High Safety,Low Toxicity,Low Toxicity,Medium Toxicity,Low Toxicity,High Safety,Medium Safety,High Safety,,,,,,Low Safety,High Safety,Medium Toxicity,High Safety,Low Safety,High Safety,High Safety,Medium Toxicity,CNP0106519.2,CC1COC2(CC1O)OC1CC3C4CC=C5CC(OC6OC(CO)C(OC7OC(CO)C(O)C(O)C7O)C(O)C6O)CCC5(C)C4CC(=O)C3(C)C1C2C
High Safety,High Safety,High Safety,High Safety,Medium Safety,High Safety,High Safety,Medium Safety,High Safety,High Safety,High Safety,High Safety,Medium Safety,High Safety,Medium Safety,High Safety,Low Toxicity,Medium Toxicity,High Toxicity,Low Safety,High Safety,Low Safety,High Safety,,,,,,Low Safety,High Safety,Low Safety,High Safety,Medium Toxicity,Medium Safety,High Safety,Low Toxicity,CNP0106801.1,CC1CCC2(OC1)OC1CC3C4CCC5CC(OC6OCC(OC7OC(CO)C(O)C(O)C7O)C(O)C6O)CCC5(C)C4CCC3(C)C1C2C
High Safety,High Safety,High Safety,High Safety,Medium Safety,High Safety,High Safety,Medium Safety,High Safety,High Safety,High Safety,High Safety,Medium Safety,High Safety,Medium Safety,High Safety,Low Toxicity,Medium Toxicity,High Toxicity,Low Safety,High Safety,Low Safety,High Safety,,,,,,Low Safety,High Safety,Low Safety,High Safety,Medium Toxicity,Medium Safety,High Safety,Low Toxicity,CNP0106801.2,CC1CCC2(OC1)OC1CC3C4CCC5CC(OC6OCC(OC7OC(CO)C(O)C(O)C7O)C(O)C6O)CCC5(C)C4CCC3(C)C1C2C
High Safety,High Safety,High Safety,High Safety,Medium Safety,High Safety,High Safety,Medium Safety,High Safety,High Safety,High Safety,High Safety,Medium Safety,High Safety,Medium Safety,High Safety,Low Toxicity,Medium Toxicity,High Toxicity,Low Safety,High Safety,Low Safety,High Safety,,,,,,Low Safety,High Safety,Low Safety,High Safety,Medium Toxicity,Medium Safety,High Safety,Low Toxicity,CNP0106801.3,CC1CCC2(OC1)OC1CC3C4CCC5CC(OC6OCC(OC7OC(CO)C(O)C(O)C7O)C(O)C6O)CCC5(C)C4CCC3(C)C1C2C
Medium Safety,Low Toxicity,High Safety,Low Safety,Medium Safety,High Safety,High Safety,Low Toxicity,High Safety,Medium Safety,High Safety,High Safety,Low Safety,High Safety,High Safety,High Safety,Low Toxicity,Low Toxicity,Medium Toxicity,Low Safety,High Safety,Medium Safety,High Safety,,,,,,Low Safety,High Safety,Low Toxicity,High Safety,Low Toxicity,High Safety,High Safety,High Toxicity,CNP0107000.1,CC1OC(OC2CCC3(C)C(CCC4C3C(O)CC3(C)C(C5=CC(=O)OC5)CCC43O)C2)CC(O)C1OC1OC(CO)C(O)C(O)C1O
High Safety,Medium Safety,High Safety,High Safety,Medium Safety,High Safety,High Safety,Medium Safety,High Safety,Medium Safety,High Safety,High Safety,Medium Safety,High Safety,High Safety,High Safety,Low Safety,Low Toxicity,Medium Toxicity,Low Toxicity,High Safety,Low Safety,High Safety,,,,,,Low Safety,High Safety,Low Toxicity,High Safety,Low Safety,High Safety,High Safety,Low Toxicity,CNP0107153.1,CC1OC(OC2C(CO)OC(OC3CCC4(C)C(=CCC5C4CCC4(C)C5CC5OC6(CCC(C)(CO)CO6)C(C)C54)C3)C(O)C2O)C(O)C(O)C1O
High Safety,Low Safety,High Safety,High Safety,Medium Safety,High Safety,High Safety,Medium Safety,High Safety,Medium Safety,High Safety,High Safety,Low Safety,Medium Safety,High Safety,High Safety,Low Toxicity,Low Safety,Low Toxicity,Low Toxicity,High Safety,Medium Safety,High Safety,,,,,,Low Safety,High Safety,Low Toxicity,High Safety,Low Safety,High Safety,High Safety,Medium Toxicity,CNP0108140.0,CC1OC(OC2C(C)OC(OC3C(CO)OC(OC4CCC5(C)C(=CCC6C5CCC5(C)C6CC6OC7(OCC(C)(O)CC7O)C(C)C65O)C4)C(O)C3O)C(O)C2O)C(O)C(O)C1O
High Safety,High Safety,High Safety,High Safety,High Safety,High Safety,High Safety,Medium Safety,High Safety,Medium Safety,High Safety,High Safety,Medium Safety,High Safety,High Safety,High Safety,Low Toxicity,Medium Toxicity,Medium Toxicity,Low Toxicity,High Safety,Low Toxicity,High Safety,,,,,,Low Safety,High Safety,Low Toxicity,High Safety,Low Toxicity,High Safety,High Safety,Low Toxicity,CNP0108681.1,CC1CCC2(OC1)OC1CC3C4C(CO)C=C5CC(CC6OC(CO)C(OC7OC(C)C(O)C(O)C7O)C(O)C6O)CCC5(C)C4CCC3(C)C1C2C
High Safety,High Safety,High Safety,High Safety,High Safety,High Safety,High Safety,Medium Safety,High Safety,Medium Safety,High Safety,High Safety,Medium Safety,High Safety,High Safety,High Safety,Low Toxicity,Medium Toxicity,Medium Toxicity,Low Toxicity,High Safety,Low Toxicity,High Safety,,,,,,Low Safety,High Safety,Low Toxicity,High Safety,Low Toxicity,High Safety,High Safety,Low Toxicity,CNP0108681.2,CC1CCC2(OC1)OC1CC3C4C(CO)C=C5CC(CC6OC(CO)C(OC7OC(C)C(O)C(O)C7O)C(O)C6O)CCC5(C)C4CCC3(C)C1C2C
Medium Safety,Low Toxicity,High Safety,Medium Safety,Medium Safety,High Safety,High Safety,Low Toxicity,High Safety,Medium Safety,High Safety,High Safety,Low Safety,High Safety,High Safety,High Safety,Low Toxicity,Low Toxicity,Medium Toxicity,Low Safety,High Safety,High Safety,High Safety,,,,,,Low Safety,High Safety,Medium Safety,Medium Safety,Low Safety,High Safety,High Safety,High Toxicity,CNP0108851.1,CC1OC(OC2C(O)CC(OC3CCC4(C(=O)O)C5CCC6(C)C(C7=CC(=O)OC7)CCC6(O)C5CCC4(O)C3)OC2C)C(O)C(O)C1O
Medium Safety,Low Toxicity,High Safety,Medium Safety,Medium Safety,High Safety,High Safety,Low Toxicity,High Safety,Medium Safety,High Safety,High Safety,Low Safety,High Safety,High Safety,High Safety,Low Toxicity,Low Toxicity,Medium Toxicity,Low Safety,High Safety,High Safety,High Safety,,,,,,Low Safety,High Safety,Medium Safety,Medium Safety,Low Safety,High Safety,High Safety,High Toxicity,CNP0108851.2,CC1OC(OC2C(O)CC(OC3CCC4(C(=O)O)C5CCC6(C)C(C7=CC(=O)OC7)CCC6(O)C5CCC4(O)C3)OC2C)C(O)C(O)C1O
Medium Safety,Low Toxicity,High Safety,Medium Safety,Medium Safety,High Safety,High Safety,Low Toxicity,High Safety,Medium Safety,High Safety,High Safety,Low Safety,High Safety,High Safety,High Safety,Low Toxicity,Low Toxicity,Medium Toxicity,Low Safety,High Safety,High Safety,High Safety,,,,,,Low Safety,High Safety,Medium Safety,Medium Safety,Low Safety,High Safety,High Safety,High Toxicity,CNP0108851.3,CC1OC(OC2C(O)CC(OC3CCC4(C(=O)O)C5CCC6(C)C(C7=CC(=O)OC7)CCC6(O)C5CCC4(O)C3)OC2C)C(O)C(O)C1O
High Safety,High Safety,High Safety,High Safety,Medium Safety,High Safety,High Safety,Low Safety,Medium Safety,High Safety,High Safety,High Safety,High Safety,High Safety,High Safety,High Safety,Low Toxicity,High Toxicity,High Toxicity,Medium Safety,High Safety,Low Toxicity,High Safety,,,,,,Low Safety,High Safety,Low Safety,Low Safety,Low Toxicity,High Safety,High Safety,Medium Toxicity,CNP0108955.3,CC1CCC2(OC1)OC1CC3C4CCC5CC(OC6OC(CO)C(O)C(O)C6O)CCC5(C)C4CC(=O)C3(C)C1C2C
High Safety,High Safety,High Safety,High Safety,Medium Safety,High Safety,High Safety,Low Safety,Medium Safety,High Safety,High Safety,High Safety,High Safety,High Safety,High Safety,High Safety,Low Toxicity,High Toxicity,High Toxicity,Medium Safety,High Safety,Low Toxicity,High Safety,,,,,,Low Safety,High Safety,Low Safety,Low Safety,Low Toxicity,High Safety,High Safety,Medium Toxicity,CNP0108955.4,CC1CCC2(OC1)OC1CC3C4CCC5CC(OC6OC(CO)C(O)C(O)C6O)CCC5(C)C4CC(=O)C3(C)C1C2C
High Safety,High Safety,High Safety,High Safety,Medium Safety,High Safety,High Safety,Low Safety,Medium Safety,High Safety,High Safety,High Safety,High Safety,High Safety,High Safety,High Safety,Low Toxicity,High Toxicity,High Toxicity,Medium Safety,High Safety,Low Toxicity,High Safety,,,,,,Low Safety,High Safety,Low Safety,Low Safety,Low Toxicity,High Safety,High Safety,Medium Toxicity,CNP0108955.5,CC1CCC2(OC1)OC1CC3C4CCC5CC(OC6OC(CO)C(O)C(O)C6O)CCC5(C)C4CC(=O)C3(C)C1C2C
High Safety,High Safety,High Safety,High Safety,Medium Safety,High Safety,High Safety,Low Safety,Medium Safety,High Safety,High Safety,High Safety,High Safety,High Safety,High Safety,High Safety,Low Toxicity,High Toxicity,High Toxicity,Medium Safety,High Safety,Low Toxicity,High Safety,,,,,,Low Safety,High Safety,Low Safety,Low Safety,Low Toxicity,High Safety,High Safety,Medium Toxicity,CNP0108955.6,CC1CCC2(OC1)OC1CC3C4CCC5CC(OC6OC(CO)C(O)C(O)C6O)CCC5(C)C4CC(=O)C3(C)C1C2C
High Safety,High Safety,High Safety,High Safety,Medium Safety,High Safety,High Safety,Low Safety,Medium Safety,Medium Safety,High Safety,High Safety,Low Safety,Medium Safety,Medium Safety,High Safety,Low Toxicity,High Toxicity,High Toxicity,Low Toxicity,Low Safety,Low Safety,High Safety,,,,,,Low Safety,High Safety,Low Toxicity,Low Toxicity,Low Toxicity,Medium Safety,High Safety,Low Toxicity,CNP0109837.1,CC(C=O)=CCC1CC2OC3CC4OC5CC6OC7CCC8OC9CC%10OC%11CC%12(C)OC%13CC%14OC(C)C(O)CC%14OC%13CCC%12OC%11CC%10OC9CC8OC7(C)CC6OC5C(O)CC4OC3C(O)CC2O1
High Safety,High Safety,High Safety,High Safety,Medium Safety,High Safety,High Safety,Low Toxicity,High Safety,Medium Safety,Medium Safety,High Safety,Medium Safety,High Safety,Low Safety,High Safety,Low Toxicity,Medium Toxicity,High Toxicity,Medium Toxicity,High Safety,Low Safety,High Safety,,,,,,Medium Safety,Medium Safety,Low Safety,Medium Toxicity,Medium Safety,High Safety,High Safety,High Toxicity,CNP0109945.1,CC1=CC(=O)C2(O)C(O)(C1)C(OC1CCC(N)C(C)O1)CC13OC12C(=O)c1ccc(C2CCC(OC4CCC(O)C(C)O4)C(C)O2)c(O)c1C3=O
High Safety,High Safety,High Safety,High Safety,High Safety,High Safety,High Safety,High Safety,High Safety,Medium Safety,High Safety,High Safety,High Safety,High Safety,High Safety,High Toxicity,Low Toxicity,Low Toxicity,Medium Toxicity,Low Safety,High Safety,Medium Safety,High Safety,,,,,,Low Safety,High Safety,Low Safety,High Safety,Low Safety,Medium Safety,High Safety,Low Toxicity,CNP0109978.3,CC(C)=CC1COC23CC4(CO2)C(CCC2C5(C)CCC(OC6OCC(O)C(OC7OC(COS(=O)(=O)O)C(O)C(O)C7O)C6O)C(C)(C)C5CCC24C)C3C1(C)O
High Safety,Medium Safety,High Safety,High Safety,Medium Safety,High Safety,High Safety,Medium Safety,High Safety,Medium Safety,High Safety,High Safety,High Safety,High Safety,High Safety,High Safety,Low Toxicity,Low Safety,Medium Toxicity,Low Toxicity,High Safety,Medium Safety,High Safety,,,,,,Low Safety,High Safety,Low Toxicity,High Safety,Low Safety,High Safety,High Safety,Medium Toxicity,CNP0110279.1,CC1CCC2(NC1)OC1CC3C4CC=C5CC(OC6OC(CO)C(OC7OC(C)C(O)C(O)C7OC7OC(C)C(O)C(O)C7O)C(O)C6O)CCC5(C)C4CCC3(C)C1C2C
High Safety,Medium Safety,High Safety,High Safety,Medium Safety,High Safety,High Safety,Medium Safety,High Safety,Medium Safety,High Safety,High Safety,High Safety,High Safety,High Safety,High Safety,Low Toxicity,Low Safety,Medium Toxicity,Low Toxicity,High Safety,Medium Safety,High Safety,,,,,,Low Safety,High Safety,Low Toxicity,High Safety,Low Safety,High Safety,High Safety,Medium Toxicity,CNP0110279.3,CC1CCC2(NC1)OC1CC3C4CC=C5CC(OC6OC(CO)C(OC7OC(C)C(O)C(O)C7OC7OC(C)C(O)C(O)C7O)C(O)C6O)CCC5(C)C4CCC3(C)C1C2C
Low Safety,Low Safety,High Safety,Medium Safety,Medium Safety,High Safety,High Safety,High Safety,High Safety,Medium Safety,High Safety,High Safety,Low Safety,High Safety,High Safety,High Safety,Low Toxicity,Low Toxicity,Medium Toxicity,Low Toxicity,High Safety,Medium Safety,High Safety,,,,,,Low Safety,High Safety,Low Safety,High Safety,Low Safety,High Safety,High Safety,High Toxicity,CNP0110784.1,CC1OC(OC2C=C3CCC4C(CC(O)C5(C)C(c6ccc(=O)oc6)CCC45O)C3(C)CC2)C(O)C(O)C1OC1OC(CO)C(O)C(O)C1O
High Safety,High Safety,High Safety,High Safety,High Safety,High Safety,High Safety,High Safety,Medium Safety,Medium Safety,High Safety,High Safety,High Safety,High Safety,Medium Safety,High Safety,Low Toxicity,Low Safety,Medium Toxicity,Low Toxicity,High Safety,Medium Safety,High Safety,,,,,,Low Safety,High Safety,Low Safety,High Safety,Low Safety,High Safety,High Safety,Medium Toxicity,CNP0111592.1,CC1COC2(C)OC3C(C4C(O)CC5C6=CCC7CC(OC8OC(CO)C(O)C(O)C8O)CCC7(C)C6=CCC54C)C(O)OC3C12O
Low Toxicity,Medium Toxicity,High Safety,Medium Safety,Low Safety,Medium Safety,High Safety,Low Toxicity,High Safety,Medium Safety,High Safety,High Safety,Medium Safety,Medium Safety,High Safety,High Safety,Low Toxicity,High Toxicity,High Toxicity,Medium Toxicity,High Safety,Low Toxicity,High Safety,,,,,,Low Safety,High Safety,Low Safety,Medium Safety,Low Safety,High Safety,High Safety,High Toxicity,CNP0111955.0,CC1OC(OC2C=C3CCC4C(CCC5(C)C(C6=CC(=O)OC6)CCC45)C3(C)CC2)CC(O)C1OC1OC(CO)C(O)C(O)C1O
High Safety,High Safety,High Safety,High Safety,Medium Safety,High Safety,High Safety,Medium Safety,High Safety,Medium Safety,High Safety,High Safety,High Safety,High Safety,High Safety,High Safety,Low Toxicity,Low Safety,Low Toxicity,Low Toxicity,High Safety,Medium Safety,High Safety,,,,,,Low Safety,High Safety,Low Toxicity,High Safety,Low Safety,High Safety,High Safety,Medium Toxicity,CNP0114877.1,CC1CCC2(OC1)OC1CC3C4CC=C5CC(OC6OC(CO)C(O)C(OC7OC(O)C(OC8OC(CO)C(O)C(O)C8O)C(O)C7O)C6O)CCC5(C)C4CCC3(C)C1C2C
High Safety,Medium Safety,High Safety,High Safety,Medium Safety,High Safety,High Safety,Medium Safety,High Safety,High Safety,High Safety,High Safety,Medium Safety,High Safety,High Safety,High Safety,Low Toxicity,Low Safety,Medium Toxicity,Low Safety,High Safety,Medium Safety,High Safety,,,,,,Low Toxicity,High Safety,Low Safety,High Safety,Low Safety,High Safety,High Safety,Medium Toxicity,CNP0115315.1,COC1C(O)C(OC2CCC3(C)C(CCC4C3CCC35COC6(COC(=O)C6)C3CCC45O)C2)OC(C)C1OC1OC(CO)C(O)C(O)C1O
High Safety,Medium Safety,High Safety,High Safety,Medium Safety,High Safety,High Safety,Medium Safety,High Safety,Medium Safety,High Safety,High Safety,Medium Safety,High Safety,High Safety,High Safety,Low Toxicity,Medium Toxicity,Medium Toxicity,Low Toxicity,High Safety,Low Toxicity,High Safety,,,,,,Low Safety,High Safety,Low Safety,High Safety,Low Safety,High Safety,High Safety,Medium Toxicity,CNP0115791.1,CC1CCC2(CC3C(CC4C5CC=C6CC(OC7OC(CO)C(O)C(OC8OC(C)C(O)C(O)C8O)C7O)CCC6(C)C5CCC34C)O2)OC1
Medium Safety,Medium Toxicity,High Safety,Medium Safety,Medium Safety,High Safety,High Safety,Medium Toxicity,High Safety,Medium Safety,High Safety,High Safety,Low Safety,High Safety,High Safety,High Safety,Low Toxicity,Low Toxicity,Low Toxicity,Low Safety,High Safety,High Safety,High Safety,,,,,,Low Safety,High Safety,Low Toxicity,High Safety,Low Safety,High Safety,High Safety,High Toxicity,CNP0115974.1,CC1OC(OC2CCC3(CO)C4C(O)CC5(C)C(C6=CC(=O)OC6)CCC5(O)C4CCC3(O)C2)C(O)C(O)C1OC1OC(CO)C(O)C(O)C1O
High Safety,Medium Toxicity,High Safety,Low Safety,Medium Safety,Medium Safety,High Safety,Medium Toxicity,High Safety,Medium Safety,High Safety,High Safety,Low Safety,High Safety,High Safety,High Safety,Low Toxicity,Low Toxicity,Low Toxicity,Low Safety,High Safety,Medium Safety,High Safety,,,,,,Low Safety,High Safety,Low Toxicity,High Safety,Low Safety,High Safety,High Safety,High Toxicity,CNP0116318.1,CC1OC(OC2CCC3(C)C4C(O)CC5(C)C(C6=CC(=O)OC6)CCC5(O)C4CCC3(O)C2)C(O)C(O)C1OC1OC(CO)C(O)C(O)C1O
High Safety,Medium Toxicity,High Safety,Low Safety,Medium Safety,Medium Safety,High Safety,Medium Toxicity,High Safety,Medium Safety,High Safety,High Safety,Low Safety,High Safety,High Safety,High Safety,Low Toxicity,Low Toxicity,Low Toxicity,Low Safety,High Safety,Medium Safety,High Safety,,,,,,Low Safety,High Safety,Low Toxicity,High Safety,Low Safety,High Safety,High Safety,High Toxicity,CNP0116318.2,CC1OC(OC2CCC3(C)C4C(O)CC5(C)C(C6=CC(=O)OC6)CCC5(O)C4CCC3(O)C2)C(O)C(O)C1OC1OC(CO)C(O)C(O)C1O
High Safety,Low Safety,High Safety,High Safety,Medium Safety,High Safety,High Safety,Medium Safety,High Safety,Medium Safety,High Safety,High Safety,Low Safety,High Safety,High Safety,High Safety,Low Toxicity,Low Safety,Low Toxicity,Low Toxicity,High Safety,Medium Safety,High Safety,,,,,,Low Safety,High Safety,Low Toxicity,High Safety,Low Safety,High Safety,High Safety,Medium Toxicity,CNP0116362.0,CC1OC(OC2C(CO)OC(OC3CCC4(C)C(=CCC5C4CCC4(C)C5CC5OC6(CC(O)C(C)(O)CO6)C(C)C54O)C3)C(O)C2O)C(O)C(O)C1O
Medium Safety,Low Toxicity,High Safety,Low Safety,Low Safety,High Safety,High Safety,Medium Safety,High Safety,High Safety,High Safety,High Safety,Medium Toxicity,Medium Safety,High Safety,High Safety,Low Toxicity,Low Toxicity,Medium Toxicity,Low Safety,Medium Safety,Medium Safety,High Safety,,,,,,Low Safety,High Safety,Medium Toxicity,High Safety,Low Toxicity,High Safety,High Safety,High Toxicity,CNP0116456.1,CC1OC(OC2CCC3(C)C(CCC4C3CC(O)C3(C)C(C5=CC(=O)OC5)CCC43O)C2)CC(O)C1OC1CC(O)C(OC2CC(O)C(OC3OC(CO)C(O)C(O)C3O)C(C)O2)C(C)O1
Medium Safety,Low Toxicity,High Safety,Low Safety,Low Safety,High Safety,High Safety,Medium Safety,High Safety,High Safety,High Safety,High Safety,Medium Toxicity,Medium Safety,High Safety,High Safety,Low Toxicity,Low Toxicity,Medium Toxicity,Low Safety,Medium Safety,Medium Safety,High Safety,,,,,,Low Safety,High Safety,Medium Toxicity,High Safety,Low Toxicity,High Safety,High Safety,High Toxicity,CNP0116456.2,CC1OC(OC2CCC3(C)C(CCC4C3CC(O)C3(C)C(C5=CC(=O)OC5)CCC43O)C2)CC(O)C1OC1CC(O)C(OC2CC(O)C(OC3OC(CO)C(O)C(O)C3O)C(C)O2)C(C)O1
High Safety,Medium Safety,High Safety,Medium Safety,Medium Safety,High Safety,High Safety,Medium Safety,High Safety,Medium Safety,High Safety,High Safety,High Safety,High Safety,High Safety,High Safety,Low Toxicity,Low Toxicity,Low Toxicity,Medium Toxicity,High Safety,Medium Safety,High Safety,,,,,,Low Safety,High Safety,Low Safety,High Safety,Low Safety,High Safety,High Safety,Medium Toxicity,CNP0116817.3,CC1=C(C)C(=O)OC(C(C)(O)C2(O)CCC3(O)C4CC=C5CC(OC6OC(CO)C(OC7OC(CO)C(O)C(O)C7O)C(O)C6O)CC(=O)C5(C)C4CCC32C)C1
High Safety,Low Safety,High Safety,High Safety,Medium Safety,High Safety,High Safety,Medium Safety,High Safety,Medium Safety,High Safety,High Safety,Medium Safety,Medium Safety,High Safety,High Safety,Low Toxicity,Low Toxicity,Low Toxicity,Low Toxicity,High Safety,Medium Safety,High Safety,,,,,,Low Safety,High Safety,Low Toxicity,High Safety,Medium Safety,High Safety,High Safety,Medium Toxicity,CNP0117528.0,CC1OC(OC2C(CO)OC(OC3CCC4(C)C(=CCC5C4CCC4(C)C5CC5OC6(OCC(CO)CC6O)C(C)C54O)C3)C(O)C2O)C(O)C(O)C1O
High Safety,High Safety,High Safety,High Safety,Medium Safety,High Safety,High Safety,Medium Safety,High Safety,Medium Safety,High Safety,High Safety,High Safety,High Safety,Medium Safety,High Safety,Low Safety,Low Safety,Medium Toxicity,Medium Safety,High Safety,Medium Safety,High Safety,,,,,,Low Safety,High Safety,Low Safety,High Safety,Medium Toxicity,High Safety,High Safety,Low Toxicity,CNP0119984.3,CC1CCC2(OC1)OC1CC3C4CC(O)C5CC(OC6OC(CO)C(OC7OC(CO)C(O)C(O)C7O)C(O)C6O)C(O)CC5(C)C4CCC3(C)C1C2C
Medium Safety,High Safety,High Safety,High Safety,Medium Safety,High Safety,High Safety,Medium Safety,High Safety,Medium Safety,High Safety,High Safety,Medium Safety,High Safety,High Safety,High Safety,Low Toxicity,Low Toxicity,Medium Toxicity,Medium Toxicity,High Safety,Medium Safety,High Safety,,,,,,Medium Safety,High Safety,Medium Safety,High Safety,Low Safety,High Safety,High Safety,Medium Toxicity,CNP0120750.1,CC1(C)CC(C(=O)OC2OC(COC3OC(CO)C(O)C(O)C3O)C(O)C(O)C2O)C2CCC3(C)C(=CCC4C5(C)CCC(OC6OC(C(=O)O)C(O)C(O)C6O)C(C)(C)C5CCC43C)C2C1
High Safety,High Safety,High Safety,High Safety,Medium Safety,High Safety,High Safety,Low Safety,High Safety,Medium Safety,High Safety,High Safety,Medium Safety,High Safety,Medium Safety,High Safety,Low Toxicity,High Toxicity,High Toxicity,High Toxicity,High Safety,Low Toxicity,High Safety,,,,,,Low Safety,High Safety,Medium Safety,Low Safety,Low Safety,High Safety,High Safety,High Toxicity,CNP0121074.2,CC(C)C1(C2CC(C3C(O)CC4C5=CCC6CC(OC7OC(CO)C(O)C(O)C7O)CCC6(C)C5=CCC43C)C(=O)O2)OC1C
High Safety,Low Safety,High Safety,Medium Safety,Medium Safety,High Safety,High Safety,Low Safety,Medium Safety,Low Safety,High Safety,High Safety,Low Safety,High Safety,Low Safety,High Toxicity,Low Toxicity,Medium Toxicity,High Toxicity,High Toxicity,High Safety,Low Safety,High Safety,,,,,,Medium Safety,High Safety,Low Safety,Low Toxicity,Medium Safety,High Safety,High Safety,Medium Toxicity,CNP0121440.1,COC(=O)CC(=O)OC1CCC(OC2CCC(OC3CC(c4ccc5c(c4O)C(=O)C4=C(C5=O)C5(O)C(=O)CC(C)(O)CC5(O)C=C4)OC(C)C3O)OC2C)OC1C
High Safety,Medium Safety,High Safety,High Safety,Medium Safety,High Safety,High Safety,Medium Safety,High Safety,Medium Safety,High Safety,High Safety,Medium Safety,Medium Safety,High Safety,High Safety,Low Toxicity,Low Safety,Low Toxicity,Low Toxicity,High Safety,Medium Safety,High Safety,,,,,,Low Safety,High Safety,Low Toxicity,High Safety,Low Safety,High Safety,High Safety,Low Toxicity,CNP0122619.0,CC1OC(OC2C(C)OC(OC3C(CO)OC(OC4CCC5(C)C(=CCC6C5CCC5(C)C6CC6OC7(CCC(C)(O)CO7)C(C)C65O)C4)C(O)C3O)C(O)C2O)C(O)C(O)C1O
Medium Safety,Medium Safety,High Safety,High Safety,Medium Safety,High Safety,High Safety,Low Safety,High Safety,Medium Safety,High Safety,High Safety,Low Toxicity,Medium Safety,Medium Safety,High Safety,Low Toxicity,High Toxicity,High Toxicity,High Toxicity,High Safety,Low Toxicity,High Safety,,,,,,Low Safety,High Safety,Low Toxicity,Medium Toxicity,Low Safety,High Safety,High Safety,Medium Toxicity,CNP0123164.1,COC1CC(OC2C(O)CC(OC3C(O)CC(OC4CCC5(C)C(=CCC6C(=O)OC7COC8(C)OC=C(CCC65)C78)C4)OC3C)OC2C)OC(C)C1O
High Safety,High Safety,High Safety,High Safety,Medium Safety,High Safety,High Safety,Low Safety,Medium Safety,Low Safety,High Safety,High Safety,Low Safety,High Safety,Low Safety,Medium Safety,Low Toxicity,High Toxicity,High Toxicity,Medium Toxicity,High Safety,Low Toxicity,High Safety,,,,,,Medium Safety,High Safety,Low Safety,Low Safety,Medium Safety,High Safety,High Safety,Medium Toxicity,CNP0123327.1,CC1OC2OC3C(C)OC(c4ccc5c(c4O)C(=O)C4=C(C5=O)C5(O)C(=O)CC(C)(OC6CCC(OC7CCC(O)C(C)O7)C(C)O6)CC5(O)C=C4)CC3OC2CC1=O
High Safety,High Safety,High Safety,High Safety,Medium Safety,High Safety,High Safety,Low Safety,Medium Safety,Low Safety,High Safety,High Safety,Low Safety,High Safety,Low Safety,Medium Safety,Low Toxicity,High Toxicity,High Toxicity,Medium Toxicity,High Safety,Low Toxicity,High Safety,,,,,,Medium Safety,High Safety,Low Safety,Low Safety,Medium Safety,High Safety,High Safety,Medium Toxicity,CNP0123327.2,CC1OC2OC3C(C)OC(c4ccc5c(c4O)C(=O)C4=C(C5=O)C5(O)C(=O)CC(C)(OC6CCC(OC7CCC(O)C(C)O7)C(C)O6)CC5(O)C=C4)CC3OC2CC1=O
High Safety,Medium Safety,High Safety,High Safety,Medium Safety,High Safety,High Safety,Medium Safety,High Safety,Medium Safety,High Safety,High Safety,High Safety,High Safety,High Safety,High Safety,Low Toxicity,Medium Toxicity,Medium Toxicity,Low Toxicity,High Safety,Low Safety,High Safety,,,,,,Low Safety,High Safety,Low Safety,High Safety,Low Safety,High Safety,High Safety,Medium Toxicity,CNP0123502.1,CC1CCC2(OC1)OC1CC3C4CC=C5CC(OC6OC(CO)C(O)C(OC7OCC(O)C(O)C7O)C6O)CCC5(C)C4CCC3(C)C1C2C
High Safety,Medium Safety,High Safety,High Safety,Medium Safety,High Safety,High Safety,Medium Safety,High Safety,Medium Safety,High Safety,High Safety,Medium Safety,Medium Safety,High Safety,High Safety,Low Toxicity,Low Toxicity,Low Toxicity,Low Toxicity,High Safety,Medium Safety,High Safety,,,,,,Low Safety,High Safety,Low Toxicity,High Safety,Low Safety,High Safety,High Safety,Medium Toxicity,CNP0123913.0,CC1OC(OC2C(OC3C(CO)OC(OC4CCC5(C)C(=CCC6C5CCC5(C)C6CC6OC7(OCC(CO)CC7O)C(C)C65O)C4)C(O)C3O)OC(C)C(O)C2O)C(O)C(O)C1O
High Safety,High Safety,High Safety,High Safety,Medium Safety,High Safety,High Safety,High Safety,High Safety,Medium Safety,High Safety,High Safety,Medium Safety,High Safety,High Safety,High Safety,Low Toxicity,Low Toxicity,High Toxicity,High Toxicity,High Safety,Medium Safety,High Safety,,,,,,Medium Safety,High Safety,Low Safety,Medium Safety,Low Safety,High Safety,High Safety,Medium Toxicity,CNP0124185.2,C=C1CCC2(C(=O)OC3OC(COC4OC(CO)C(OC5OC(C)C(O)C(O)C5O)C(O)C4O)C(O)C(O)C3O)CCC3(C)C(=CCC4C5(C)CCC(O)C(C)(C=O)C5CCC43C)C2C1
High Safety,High Safety,High Safety,High Safety,Medium Safety,High Safety,High Safety,High Safety,High Safety,Medium Safety,High Safety,High Safety,Medium Safety,High Safety,High Safety,High Safety,Low Toxicity,Low Toxicity,High Toxicity,High Toxicity,High Safety,Medium Safety,High Safety,,,,,,Medium Safety,High Safety,Low Safety,Medium Safety,Low Safety,High Safety,High Safety,Medium Toxicity,CNP0124185.3,C=C1CCC2(C(=O)OC3OC(COC4OC(CO)C(OC5OC(C)C(O)C(O)C5O)C(O)C4O)C(O)C(O)C3O)CCC3(C)C(=CCC4C5(C)CCC(O)C(C)(C=O)C5CCC43C)C2C1
High Safety,High Safety,High Safety,High Safety,Medium Safety,High Safety,High Safety,Low Safety,Medium Safety,Medium Safety,High Safety,High Safety,Low Safety,Medium Safety,Medium Safety,High Safety,Low Toxicity,Medium Toxicity,High Toxicity,High Safety,Low Safety,High Safety,High Safety,,,,,,Low Safety,High Safety,Medium Safety,Low Safety,Low Toxicity,High Safety,High Safety,Low Toxicity,CNP0125025.0,CC(=CCC1CC2OC3CC4OC5CC6OC7CCC8OC9CC%10OC%11CC%12(C)OC%13CC%14OC(C)C(O)CC%14OC%13CCC%12OC%11CC%10OC9CC8OC7(C)CC6OC5C(O)CC4OC3C(O)CC2O1)C(=O)O
Medium Safety,Low Toxicity,High Safety,Medium Safety,Low Safety,High Safety,High Safety,Medium Safety,High Safety,High Safety,High Safety,High Safety,Low Toxicity,Low Toxicity,High Safety,High Safety,Low Toxicity,Low Toxicity,Medium Toxicity,Low Toxicity,High Safety,Low Safety,High Safety,,,,,,Low Safety,High Safety,Low Toxicity,High Safety,Low Toxicity,High Safety,High Safety,High Toxicity,CNP0125430.0,CC(=O)OC1CC(OC2CCC3(C)C(CCC4C3CCC3(C)C(C5=CC(=O)OC5)CCC43O)C2)OC(C)C1OC1CC(O)C(OC2OC(CO)C(O)C(O)C2O)C(C)O1
High Safety,High Safety,High Safety,High Safety,High Safety,High Safety,Low Toxicity,Low Safety,Low Safety,Low Safety,Low Safety,Medium Safety,Low Toxicity,High Safety,Medium Safety,High Safety,Low Toxicity,High Toxicity,High Toxicity,Low Safety,High Safety,Medium Toxicity,Medium Toxicity,,,,,,Medium Safety,Medium Safety,Low Toxicity,Low Safety,Medium Safety,High Safety,High Safety,High Toxicity,CNP0125481.0,COc1cc2cc(C(=O)N3CC4CC45C3=CC(=O)c3[nH]c(C(=O)N4CCc6c4c(O)c(OC)c4[nH]c(SC(C)=O)cc64)cc35)[nH]c2cc1O
Medium Safety,Medium Safety,High Safety,High Safety,Medium Safety,High Safety,High Safety,Medium Safety,High Safety,Medium Safety,High Safety,High Safety,Medium Safety,Medium Safety,High Safety,High Safety,Low Toxicity,Low Toxicity,Medium Toxicity,Low Toxicity,High Safety,Medium Safety,High Safety,,,,,,Medium Safety,High Safety,Low Safety,Medium Safety,Low Safety,High Safety,High Safety,Medium Toxicity,CNP0125862.1,COC1CC(OC2CCC3(C)C(=CCC4C3C(=O)C3OC(C)C5CC(=O)C4C35C)C2O)OC(C)C1OC1OC(CO)C(O)C(O)C1O
Medium Safety,Medium Safety,High Safety,High Safety,Medium Safety,High Safety,High Safety,Medium Safety,High Safety,Medium Safety,High Safety,High Safety,Medium Safety,Medium Safety,High Safety,High Safety,Low Toxicity,Low Toxicity,Medium Toxicity,Low Toxicity,High Safety,Medium Safety,High Safety,,,,,,Medium Safety,High Safety,Low Safety,Medium Safety,Low Safety,High Safety,High Safety,Medium Toxicity,CNP0125862.2,COC1CC(OC2CCC3(C)C(=CCC4C3C(=O)C3OC(C)C5CC(=O)C4C35C)C2O)OC(C)C1OC1OC(CO)C(O)C(O)C1O
Medium Safety,Medium Toxicity,High Safety,Medium Safety,Low Safety,High Safety,High Safety,Low Toxicity,High Safety,Medium Safety,High Safety,High Safety,Low Safety,Medium Safety,High Safety,High Safety,Low Toxicity,High Toxicity,High Toxicity,Low Toxicity,High Safety,Medium Toxicity,High Safety,,,,,,Low Safety,High Safety,Low Toxicity,Medium Toxicity,Low Toxicity,High Safety,High Safety,High Toxicity,CNP0126324.1,COC1CC(OC2C(O)CC(OC3CCC4(C)C(CCC5C4C(O)CC4(C)C(C6=CC(=O)OC6)CCC54O)C3)OC2C)OC(C)C1O
High Safety,Medium Safety,High Safety,High Safety,Medium Safety,High Safety,High Safety,Medium Safety,High Safety,Medium Safety,High Safety,High Safety,Medium Safety,Medium Safety,High Safety,High Safety,Low Toxicity,Low Toxicity,Low Toxicity,Low Toxicity,High Safety,Medium Safety,High Safety,,,,,,Low Safety,High Safety,Low Toxicity,High Safety,Low Safety,High Safety,High Safety,Medium Toxicity,CNP0126692.0,CC1OC(OC2C(C)OC(OC3C(CO)OC(OC4CCC5(C)C(=CCC6C5CCC5(C)C6CC6OC7(OCC(CO)CC7O)C(C)C65O)C4)C(O)C3O)C(O)C2O)C(O)C(O)C1O
High Safety,High Safety,High Safety,High Safety,Medium Safety,High Safety,High Safety,Low Safety,Medium Safety,Low Toxicity,High Safety,High Safety,Low Safety,High Safety,Low Safety,High Toxicity,Low Toxicity,High Toxicity,High Toxicity,Medium Toxicity,High Safety,Low Toxicity,High Safety,,,,,,Low Safety,High Safety,Low Safety,Medium Toxicity,Medium Safety,High Safety,High Safety,Medium Toxicity,CNP0127480.1,CC1OC(OC2CCC(OC3(C)CC(=O)C4(O)C5=C(C=CC4(O)C3)C(=O)c3c(ccc(C4CC(O)C(OC6C=CC(=O)C(C)O6)C(C)O4)c3O)C5=O)OC2C)C=CC1=O
High Safety,High Safety,High Safety,High Safety,Medium Safety,High Safety,High Safety,Low Safety,Medium Safety,Low Toxicity,High Safety,High Safety,Low Safety,High Safety,Low Safety,High Toxicity,Low Toxicity,High Toxicity,High Toxicity,Medium Toxicity,High Safety,Low Toxicity,High Safety,,,,,,Low Safety,High Safety,Low Safety,Medium Toxicity,Medium Safety,High Safety,High Safety,Medium Toxicity,CNP0127480.2,CC1OC(OC2CCC(OC3(C)CC(=O)C4(O)C5=C(C=CC4(O)C3)C(=O)c3c(ccc(C4CC(O)C(OC6C=CC(=O)C(C)O6)C(C)O4)c3O)C5=O)OC2C)C=CC1=O
High Safety,High Safety,High Safety,High Safety,Medium Safety,High Safety,High Safety,Low Safety,Medium Safety,Low Toxicity,High Safety,High Safety,Low Safety,High Safety,Low Safety,High Toxicity,Low Toxicity,High Toxicity,High Toxicity,Medium Toxicity,High Safety,Low Toxicity,High Safety,,,,,,Low Safety,High Safety,Low Safety,Medium Toxicity,Medium Safety,High Safety,High Safety,Medium Toxicity,CNP0127480.3,CC1OC(OC2CCC(OC3(C)CC(=O)C4(O)C5=C(C=CC4(O)C3)C(=O)c3c(ccc(C4CC(O)C(OC6C=CC(=O)C(C)O6)C(C)O4)c3O)C5=O)OC2C)C=CC1=O
High Safety,High Safety,High Safety,High Safety,Medium Safety,High Safety,High Safety,Low Safety,Medium Safety,Low Toxicity,High Safety,High Safety,Low Safety,High Safety,Low Safety,High Toxicity,Low Toxicity,High Toxicity,High Toxicity,Medium Toxicity,High Safety,Low Toxicity,High Safety,,,,,,Low Safety,High Safety,Low Safety,Medium Toxicity,Medium Safety,High Safety,High Safety,Medium Toxicity,CNP0127480.4,CC1OC(OC2CCC(OC3(C)CC(=O)C4(O)C5=C(C=CC4(O)C3)C(=O)c3c(ccc(C4CC(O)C(OC6C=CC(=O)C(C)O6)C(C)O4)c3O)C5=O)OC2C)C=CC1=O
High Safety,High Safety,High Safety,High Safety,Medium Safety,High Safety,High Safety,Low Safety,Medium Safety,Low Toxicity,High Safety,High Safety,Low Safety,High Safety,Low Safety,High Toxicity,Low Toxicity,High Toxicity,High Toxicity,Medium Toxicity,High Safety,Low Toxicity,High Safety,,,,,,Low Safety,High Safety,Low Safety,Medium Toxicity,Medium Safety,High Safety,High Safety,Medium Toxicity,CNP0127480.5,CC1OC(OC2CCC(OC3(C)CC(=O)C4(O)C5=C(C=CC4(O)C3)C(=O)c3c(ccc(C4CC(O)C(OC6C=CC(=O)C(C)O6)C(C)O4)c3O)C5=O)OC2C)C=CC1=O
High Safety,Medium Safety,High Safety,High Safety,Low Safety,Low Toxicity,High Safety,Medium Safety,High Safety,Medium Safety,High Safety,High Safety,Low Safety,High Toxicity,High Safety,High Safety,Low Toxicity,Low Toxicity,Medium Toxicity,High Toxicity,High Safety,Medium Safety,High Safety,,,,,,Medium Safety,High Safety,Low Safety,High Safety,Low Safety,High Safety,High Safety,Medium Toxicity,CNP0128255.2,CC1OC(OC(=O)C23CCC(C)(C)CC2C2=CCC4C5(C)CCC(=O)C(C)C5CCC4(C)C2(C)CC3O)C(OC2OC(C)C(OC3OCC(O)C(OC4OCC(OC5OCC(O)C(O)C5O)C(O)C4O)C3O)C(O)C2O)C(O)C1O
Medium Safety,Low Toxicity,High Safety,Low Safety,Medium Safety,High Safety,High Safety,Medium Safety,High Safety,High Safety,High Safety,High Safety,Medium Safety,Medium Safety,High Safety,High Safety,Low Toxicity,Low Toxicity,Medium Toxicity,Low Safety,High Safety,Medium Safety,High Safety,,,,,,Low Safety,High Safety,Low Toxicity,High Safety,Low Toxicity,High Safety,High Safety,High Toxicity,CNP0128822.1,COC1C(O)C(OC2C(O)CC(OC3CCC4(C)C(CCC5C4CCC4(C)C(C6=CC(=O)OC6)CCC54O)C3)OC2C)OC(C)C1OC1OC(CO)C(O)C(O)C1O
High Safety,High Safety,High Safety,Medium Safety,Medium Safety,High Safety,High Safety,Low Safety,Medium Safety,Low Safety,High Safety,High Safety,Low Safety,High Safety,Low Safety,High Toxicity,Low Toxicity,High Toxicity,High Toxicity,Medium Toxicity,High Safety,Low Toxicity,High Safety,,,,,,Low Safety,Medium Safety,Low Safety,Low Safety,Medium Safety,High Safety,High Safety,Medium Toxicity,CNP0130566.1,CC1OC(OC2CCC(OC3C(O)CC(c4ccc5c(c4O)C(=O)C4=C(C5=O)C5(O)C(=O)CC(C)(OC6CCC(OC7CCC(=O)C(C)O7)C(C)O6)CC5(O)C=C4)OC3C)OC2C)CCC1=O
High Safety,High Safety,High Safety,Medium Safety,Medium Safety,High Safety,High Safety,Low Safety,Medium Safety,Low Safety,High Safety,High Safety,Low Safety,High Safety,Low Safety,High Toxicity,Low Toxicity,High Toxicity,High Toxicity,Medium Toxicity,High Safety,Low Toxicity,High Safety,,,,,,Low Safety,Medium Safety,Low Safety,Low Safety,Medium Safety,High Safety,High Safety,Medium Toxicity,CNP0130566.2,CC1OC(OC2CCC(OC3C(O)CC(c4ccc5c(c4O)C(=O)C4=C(C5=O)C5(O)C(=O)CC(C)(OC6CCC(OC7CCC(=O)C(C)O7)C(C)O6)CC5(O)C=C4)OC3C)OC2C)CCC1=O
High Safety,High Safety,High Safety,Medium Safety,Medium Safety,High Safety,High Safety,Low Safety,Medium Safety,Low Safety,High Safety,High Safety,Low Safety,High Safety,Low Safety,High Toxicity,Low Toxicity,High Toxicity,High Toxicity,Medium Toxicity,High Safety,Low Toxicity,High Safety,,,,,,Low Safety,Medium Safety,Low Safety,Low Safety,Medium Safety,High Safety,High Safety,Medium Toxicity,CNP0130566.3,CC1OC(OC2CCC(OC3C(O)CC(c4ccc5c(c4O)C(=O)C4=C(C5=O)C5(O)C(=O)CC(C)(OC6CCC(OC7CCC(=O)C(C)O7)C(C)O6)CC5(O)C=C4)OC3C)OC2C)CCC1=O
High Safety,High Safety,Medium Safety,High Safety,Medium Safety,High Safety,High Safety,Medium Safety,Medium Safety,Low Safety,High Safety,High Safety,Medium Toxicity,Medium Toxicity,Low Safety,High Safety,Low Safety,High Toxicity,High Toxicity,Low Safety,High Safety,Medium Toxicity,High Toxicity,,,,,,Low Safety,High Safety,Medium Toxicity,Medium Safety,Low Safety,Low Safety,High Safety,Low Toxicity,CNP0132314.0,Cc1c(O)cc2c(c1O)C(=O)CC(c1ccc(Oc3cc(-c4cc(=O)c5c(O)c(C)c(O)cc5o4)ccc3O)cc1)O2
High Safety,Low Safety,High Safety,Medium Safety,Medium Safety,High Safety,High Safety,Low Safety,High Safety,High Safety,High Safety,High Safety,Medium Safety,High Safety,High Safety,High Safety,Low Toxicity,Low Toxicity,Medium Toxicity,Low Safety,High Safety,High Safety,High Safety,,,,,,Low Safety,High Safety,Low Toxicity,Medium Safety,Low Safety,High Safety,High Safety,High Toxicity,CNP0132325.1,CC1OC(OC2CCC3(C=O)C4CCC5(C)C(C6=CC(=O)OC6)CCC5(O)C4CCC3(O)C2)C(O)C(O)C1OC1OCC(O)C(OC2OCC(O)(CO)C2O)C1O
Medium Safety,Medium Safety,High Safety,High Safety,Medium Safety,High Safety,High Safety,Low Safety,High Safety,Medium Safety,High Safety,High Safety,Low Toxicity,Medium Safety,High Safety,High Safety,Low Toxicity,High Toxicity,Medium Toxicity,Low Toxicity,High Safety,Low Toxicity,High Safety,,,,,,Medium Safety,High Safety,Low Toxicity,Medium Toxicity,Low Safety,High Safety,High Safety,Medium Toxicity,CNP0134260.1,COC1CC(OC2C(O)CC(OC3C(C)OC(OC4CCC5(C)C(=CC(O)C6C(=O)OC7COC8(C)OC=C(CCC65)C78)C4)CC3OC)OC2C)OC(C)C1O
High Safety,Medium Safety,High Safety,High Safety,Medium Safety,High Safety,High Safety,Medium Safety,Medium Safety,Medium Safety,High Safety,High Safety,Low Safety,High Safety,High Safety,High Safety,Low Toxicity,Low Toxicity,Low Toxicity,Low Toxicity,High Safety,Medium Safety,High Safety,,,,,,Low Safety,High Safety,Low Toxicity,High Safety,Low Safety,High Safety,High Safety,Medium Toxicity,CNP0134461.1,CC1OC(OC2CCC3(C)C(=CCC4C3CC(=O)C3(C)C4CC4OC5(OCC(CO)CC5O)C(C)C43)C2)C(O)C(O)C1OC1OC(CO)C(O)C(O)C1O
High Safety,Medium Safety,High Safety,High Safety,Medium Safety,High Safety,High Safety,Medium Safety,Medium Safety,Medium Safety,High Safety,High Safety,Low Safety,High Safety,High Safety,High Safety,Low Toxicity,Low Toxicity,Low Toxicity,Low Toxicity,High Safety,Medium Safety,High Safety,,,,,,Low Safety,High Safety,Low Toxicity,High Safety,Low Safety,High Safety,High Safety,Medium Toxicity,CNP0134461.2,CC1OC(OC2CCC3(C)C(=CCC4C3CC(=O)C3(C)C4CC4OC5(OCC(CO)CC5O)C(C)C43)C2)C(O)C(O)C1OC1OC(CO)C(O)C(O)C1O
High Safety,High Safety,High Safety,High Safety,Medium Safety,High Safety,High Safety,Medium Safety,High Safety,Medium Safety,High Safety,High Safety,Medium Safety,High Safety,High Safety,High Safety,Low Toxicity,Low Toxicity,Medium Toxicity,Low Toxicity,High Safety,Low Safety,High Safety,,,,,,Low Safety,High Safety,Low Safety,High Safety,Low Safety,High Safety,High Safety,Medium Toxicity,CNP0134936.1,CC1CCC2(OC1)OC1CC3C4CC=C5CC(OC6OC(COC7OC(CO)C(O)C(O)C7O)C(O)C(O)C6O)CCC5(C)C4CCC3(C)C1C2C
High Safety,High Safety,High Safety,High Safety,Medium Safety,High Safety,High Safety,Medium Safety,High Safety,Medium Safety,High Safety,High Safety,Medium Safety,High Safety,High Safety,High Safety,Low Toxicity,Low Toxicity,Medium Toxicity,Low Toxicity,High Safety,Low Safety,High Safety,,,,,,Low Safety,High Safety,Low Safety,High Safety,Low Safety,High Safety,High Safety,Medium Toxicity,CNP0134936.2,CC1CCC2(OC1)OC1CC3C4CC=C5CC(OC6OC(COC7OC(CO)C(O)C(O)C7O)C(O)C(O)C6O)CCC5(C)C4CCC3(C)C1C2C
High Safety,High Safety,High Safety,High Safety,Medium Safety,High Safety,High Safety,Medium Safety,High Safety,Medium Safety,High Safety,High Safety,Medium Safety,High Safety,High Safety,High Safety,Low Toxicity,Low Toxicity,Medium Toxicity,Low Toxicity,High Safety,Low Safety,High Safety,,,,,,Low Safety,High Safety,Low Safety,High Safety,Low Safety,High Safety,High Safety,Medium Toxicity,CNP0134936.3,CC1CCC2(OC1)OC1CC3C4CC=C5CC(OC6OC(COC7OC(CO)C(O)C(O)C7O)C(O)C(O)C6O)CCC5(C)C4CCC3(C)C1C2C
High Safety,High Safety,High Safety,High Safety,Medium Safety,High Safety,High Safety,Low Safety,Medium Safety,Low Toxicity,High Safety,High Safety,Low Safety,High Safety,Low Safety,High Toxicity,Low Toxicity,High Toxicity,High Toxicity,Medium Toxicity,High Safety,Low Toxicity,High Safety,,,,,,Low Safety,Medium Safety,Low Safety,Low Toxicity,Medium Safety,High Safety,High Safety,Medium Toxicity,CNP0136154.1,CC1OC(OC2C(O)CC(c3ccc4c(c3O)C(=O)C3=C(C4=O)C4(O)C(=O)CC(C)(OC5CCC(OC6CCC(=O)C(C)O6)C(C)O5)CC4(O)C=C3)OC2C)C=CC1=O
High Safety,High Safety,High Safety,High Safety,Medium Safety,High Safety,High Safety,Low Safety,Medium Safety,Low Toxicity,High Safety,High Safety,Low Safety,High Safety,Low Safety,High Toxicity,Low Toxicity,High Toxicity,High Toxicity,Medium Toxicity,High Safety,Low Toxicity,High Safety,,,,,,Low Safety,Medium Safety,Low Safety,Low Toxicity,Medium Safety,High Safety,High Safety,Medium Toxicity,CNP0136154.2,CC1OC(OC2C(O)CC(c3ccc4c(c3O)C(=O)C3=C(C4=O)C4(O)C(=O)CC(C)(OC5CCC(OC6CCC(=O)C(C)O6)C(C)O5)CC4(O)C=C3)OC2C)C=CC1=O
High Safety,High Safety,High Safety,High Safety,Medium Safety,High Safety,High Safety,Low Safety,Medium Safety,Low Toxicity,High Safety,High Safety,Low Safety,High Safety,Low Safety,High Toxicity,Low Toxicity,High Toxicity,High Toxicity,Medium Toxicity,High Safety,Low Toxicity,High Safety,,,,,,Low Safety,Medium Safety,Low Safety,Low Toxicity,Medium Safety,High Safety,High Safety,Medium Toxicity,CNP0136154.3,CC1OC(OC2C(O)CC(c3ccc4c(c3O)C(=O)C3=C(C4=O)C4(O)C(=O)CC(C)(OC5CCC(OC6CCC(=O)C(C)O6)C(C)O5)CC4(O)C=C3)OC2C)C=CC1=O
High Safety,High Safety,High Safety,High Safety,Medium Safety,High Safety,High Safety,Medium Safety,High Safety,Medium Safety,High Safety,High Safety,Medium Safety,High Safety,High Safety,High Safety,Low Toxicity,Medium Toxicity,Medium Toxicity,High Toxicity,Medium Safety,Low Safety,High Safety,,,,,,Low Safety,High Safety,Low Safety,High Safety,Low Toxicity,High Safety,High Safety,Medium Toxicity,CNP0136563.1,CC1OC(OC2CCC3(C)C(CCC4(C)C3CC=C3C5CC(C)(C)CCC5(C(=O)OC5OC(CO)C(O)C(O)C5O)CCC34C)C2(C)C)C(O)C(O)C1OC1OCC(O)C(O)C1O
Medium Safety,Medium Safety,High Safety,High Safety,Medium Safety,High Safety,High Safety,Medium Safety,High Safety,Medium Safety,High Safety,High Safety,Low Safety,High Safety,High Safety,High Safety,Low Toxicity,Medium Toxicity,Medium Toxicity,Medium Toxicity,High Safety,Low Safety,High Safety,,,,,,Low Safety,High Safety,Low Toxicity,High Safety,Low Safety,High Safety,High Safety,High Toxicity,CNP0136758.5,CC1=C(C)C(=O)OC(C(C)C2CCC3C4CC=C5CC(OC6OC(COC7OC(CO)C(O)C(O)C7O)C(O)C(O)C6O)CC(O)C5(C)C4CCC23C)C1
High Safety,High Safety,High Safety,High Safety,Medium Safety,High Safety,High Safety,Medium Safety,High Safety,Low Safety,High Safety,High Safety,Low Toxicity,Medium Safety,High Safety,High Safety,Low Toxicity,Low Toxicity,Medium Toxicity,Medium Toxicity,Medium Safety,Medium Safety,High Safety,,,,,,Medium Safety,High Safety,Low Toxicity,High Safety,Low Safety,High Safety,High Safety,Medium Toxicity,CNP0136979.1,COC1CC(OC2C(O)CC(OC3C(O)CC(OC4CC5=CCC6C(=O)OC7COC8(C)OC=C(CCC6C5(C)CC4O)C78)OC3C)OC2C)OC(C)C1OC1OC(CO)C(O)C(O)C1O
High Safety,High Safety,High Safety,High Safety,Medium Safety,High Safety,High Safety,Medium Safety,High Safety,Low Safety,High Safety,High Safety,Low Toxicity,Medium Safety,High Safety,High Safety,Low Toxicity,Low Toxicity,Medium Toxicity,Medium Toxicity,Medium Safety,Medium Safety,High Safety,,,,,,Medium Safety,High Safety,Low Toxicity,High Safety,Low Safety,High Safety,High Safety,Medium Toxicity,CNP0136979.2,COC1CC(OC2C(O)CC(OC3C(O)CC(OC4CC5=CCC6C(=O)OC7COC8(C)OC=C(CCC6C5(C)CC4O)C78)OC3C)OC2C)OC(C)C1OC1OC(CO)C(O)C(O)C1O
High Safety,High Safety,High Safety,High Safety,Medium Safety,High Safety,High Safety,Medium Safety,High Safety,Low Safety,High Safety,High Safety,Low Toxicity,Medium Safety,High Safety,High Safety,Low Toxicity,Low Toxicity,Medium Toxicity,Medium Toxicity,Medium Safety,Medium Safety,High Safety,,,,,,Medium Safety,High Safety,Low Toxicity,High Safety,Low Safety,High Safety,High Safety,Medium Toxicity,CNP0136979.3,COC1CC(OC2C(O)CC(OC3C(O)CC(OC4CC5=CCC6C(=O)OC7COC8(C)OC=C(CCC6C5(C)CC4O)C78)OC3C)OC2C)OC(C)C1OC1OC(CO)C(O)C(O)C1O
High Safety,High Safety,High Safety,High Safety,Medium Safety,High Safety,High Safety,Medium Safety,High Safety,High Safety,High Safety,High Safety,Medium Safety,High Safety,Medium Safety,High Safety,Low Safety,Medium Toxicity,High Toxicity,Medium Safety,High Safety,Low Safety,High Safety,,,,,,Low Safety,High Safety,Low Safety,High Safety,Low Toxicity,Medium Safety,High Safety,Low Toxicity,CNP0137465.1,CC1CCC2(OC1)OC1CC3C4CCC5CC(OC6OC(CO)C(OC7OC(C)C(O)C(O)C7O)C(O)C6O)CCC5(C)C4CCC3(C)C1C2C
High Safety,High Safety,High Safety,High Safety,Medium Safety,High Safety,High Safety,Medium Safety,High Safety,High Safety,High Safety,High Safety,Medium Safety,High Safety,Medium Safety,High Safety,Low Safety,Medium Toxicity,High Toxicity,Medium Safety,High Safety,Low Safety,High Safety,,,,,,Low Safety,High Safety,Low Safety,High Safety,Low Toxicity,Medium Safety,High Safety,Low Toxicity,CNP0137465.2,CC1CCC2(OC1)OC1CC3C4CCC5CC(OC6OC(CO)C(OC7OC(C)C(O)C(O)C7O)C(O)C6O)CCC5(C)C4CCC3(C)C1C2C
High Safety,Medium Safety,High Safety,High Safety,Medium Safety,High Safety,High Safety,Medium Safety,Medium Safety,High Safety,High Safety,High Safety,High Safety,Medium Safety,High Safety,High Safety,Low Toxicity,Low Toxicity,Medium Toxicity,Medium Safety,High Safety,Low Safety,High Safety,,,,,,Low Safety,High Safety,Low Safety,High Safety,Low Safety,High Safety,High Safety,Medium Toxicity,CNP0137718.1,CC1CCC2(OC1)OC1CC3C4CC(=O)C5CC(OC6OCC(OC7OC(CO)C(O)C(O)C7O)C(O)C6O)CCC5(C)C4CCC3(C)C1C2C
High Safety,Medium Safety,High Safety,High Safety,Medium Safety,High Safety,High Safety,Medium Safety,Medium Safety,High Safety,High Safety,High Safety,High Safety,Medium Safety,High Safety,High Safety,Low Toxicity,Low Toxicity,Medium Toxicity,Medium Safety,High Safety,Low Safety,High Safety,,,,,,Low Safety,High Safety,Low Safety,High Safety,Low Safety,High Safety,High Safety,Medium Toxicity,CNP0137718.2,CC1CCC2(OC1)OC1CC3C4CC(=O)C5CC(OC6OCC(OC7OC(CO)C(O)C(O)C7O)C(O)C6O)CCC5(C)C4CCC3(C)C1C2C
Medium Safety,Medium Safety,High Safety,High Safety,Medium Safety,High Safety,High Safety,Low Safety,High Safety,Medium Safety,High Safety,High Safety,Low Toxicity,Low Safety,High Safety,High Safety,Low Toxicity,High Toxicity,Medium Toxicity,Medium Toxicity,High Safety,Low Toxicity,High Safety,,,,,,High Safety,High Safety,Low Safety,Medium Toxicity,Low Safety,High Safety,High Safety,Medium Toxicity,CNP0138875.0,COC1CC(OC2C(O)CC(OC3C(C)OC(OC4CCC5(C)C(=CC(O)C6C(=O)OC7C(=O)OC8(C)OC=C(CCC65)C78)C4)CC3OC)OC2C)OC(C)C1O
High Safety,Low Safety,High Safety,Medium Safety,Medium Safety,High Safety,High Safety,Medium Safety,High Safety,Medium Safety,High Safety,High Safety,High Safety,Low Safety,High Safety,High Safety,Low Toxicity,Low Safety,Low Toxicity,Low Safety,High Safety,Medium Safety,High Safety,,,,,,Low Safety,High Safety,Low Toxicity,High Safety,Low Safety,High Safety,High Safety,High Toxicity,CNP0139000.1,CC1OC(OC2CCC3(C)C(CCC4(O)C3CCC3(C)C(C5=CC(=O)OC5)CC(=O)C34O)C2)CC(O)C1OC1OCC(O)C(OC2OCC(O)(CO)C2O)C1O
High Safety,High Safety,High Safety,High Safety,High Safety,High Safety,High Safety,Low Safety,High Safety,Medium Safety,High Safety,High Safety,Low Toxicity,Low Safety,Medium Safety,High Safety,Low Toxicity,Medium Toxicity,High Toxicity,Low Toxicity,Medium Safety,Low Toxicity,High Safety,,,,,,Low Safety,High Safety,Low Toxicity,Low Safety,Medium Toxicity,High Safety,High Safety,Low Toxicity,CNP0140162.1,CC1CC2OC3C(CC2OC2CC4COC5CC=CC(C)C6OC7C=CC8OC9C(CC8OC7CC=CC6OC5CC4(O)OC2C1)OC1CC=CCOC1C9O)OC1C(C)C(C)C2(CC(O)CO2)OC1C(O)C3C
High Safety,High Safety,High Safety,High Safety,Medium Safety,High Safety,High Safety,Medium Safety,Medium Safety,High Safety,High Safety,High Safety,High Safety,Medium Safety,High Safety,High Safety,Low Toxicity,Low Toxicity,Medium Toxicity,Medium Safety,High Safety,Low Safety,High Safety,,,,,,Low Safety,High Safety,Low Toxicity,High Safety,Low Safety,High Safety,High Safety,Medium Toxicity,CNP0140398.0,CC1CCC2(OC1)OC1CC3C4CC(=O)C5CC(OC6OC(CO)C(O)C(O)C6OC6OCC(O)C(O)C6O)CCC5(C)C4CCC3(C)C1C2C
High Safety,Medium Safety,High Safety,High Safety,Medium Safety,High Safety,High Safety,Medium Safety,High Safety,Medium Safety,High Safety,High Safety,High Safety,High Safety,High Safety,High Safety,Low Toxicity,Medium Toxicity,Medium Toxicity,Low Toxicity,High Safety,Low Safety,High Safety,,,,,,Low Safety,High Safety,Low Toxicity,High Safety,Low Safety,High Safety,High Safety,High Toxicity,CNP0140612.2,CC1CCC2(NC1)OC1CC3C4CC=C5CC(OC6OC(CO)C(OC7OC(C)C(O)C(O)C7O)C(O)C6O)CCC5(C)C4CCC3(C)C1C2C
High Safety,Medium Safety,High Safety,High Safety,Medium Safety,High Safety,High Safety,Medium Safety,High Safety,Medium Safety,High Safety,High Safety,High Safety,High Safety,High Safety,High Safety,Low Toxicity,Medium Toxicity,Medium Toxicity,Low Toxicity,High Safety,Low Safety,High Safety,,,,,,Low Safety,High Safety,Low Toxicity,High Safety,Low Safety,High Safety,High Safety,High Toxicity,CNP0140612.3,CC1CCC2(NC1)OC1CC3C4CC=C5CC(OC6OC(CO)C(OC7OC(C)C(O)C(O)C7O)C(O)C6O)CCC5(C)C4CCC3(C)C1C2C
High Safety,Medium Safety,High Safety,High Safety,Medium Safety,High Safety,High Safety,Medium Safety,High Safety,Medium Safety,High Safety,High Safety,High Safety,High Safety,High Safety,High Safety,Low Toxicity,Medium Toxicity,Medium Toxicity,Low Toxicity,High Safety,Low Safety,High Safety,,,,,,Low Safety,High Safety,Low Toxicity,High Safety,Low Safety,High Safety,High Safety,High Toxicity,CNP0140612.4,CC1CCC2(NC1)OC1CC3C4CC=C5CC(OC6OC(CO)C(OC7OC(C)C(O)C(O)C7O)C(O)C6O)CCC5(C)C4CCC3(C)C1C2C
High Safety,Medium Safety,High Safety,High Safety,Medium Safety,High Safety,High Safety,Medium Safety,High Safety,Medium Safety,High Safety,High Safety,High Safety,High Safety,High Safety,High Safety,Low Toxicity,Medium Toxicity,Medium Toxicity,Low Toxicity,High Safety,Low Safety,High Safety,,,,,,Low Safety,High Safety,Low Toxicity,High Safety,Low Safety,High Safety,High Safety,High Toxicity,CNP0140612.6,CC1CCC2(NC1)OC1CC3C4CC=C5CC(OC6OC(CO)C(OC7OC(C)C(O)C(O)C7O)C(O)C6O)CCC5(C)C4CCC3(C)C1C2C
High Safety,Medium Safety,High Safety,High Safety,Medium Safety,High Safety,High Safety,Medium Safety,High Safety,Medium Safety,High Safety,High Safety,High Safety,High Safety,High Safety,High Safety,Low Toxicity,Medium Toxicity,Medium Toxicity,Low Toxicity,High Safety,Low Safety,High Safety,,,,,,Low Safety,High Safety,Low Toxicity,High Safety,Low Safety,High Safety,High Safety,High Toxicity,CNP0140612.7,CC1CCC2(NC1)OC1CC3C4CC=C5CC(OC6OC(CO)C(OC7OC(C)C(O)C(O)C7O)C(O)C6O)CCC5(C)C4CCC3(C)C1C2C
High Safety,Medium Safety,High Safety,High Safety,Medium Safety,High Safety,High Safety,Medium Safety,High Safety,Medium Safety,High Safety,High Safety,High Safety,High Safety,High Safety,High Safety,Low Toxicity,Medium Toxicity,Medium Toxicity,Low Toxicity,High Safety,Low Safety,High Safety,,,,,,Low Safety,High Safety,Low Toxicity,High Safety,Low Safety,High Safety,High Safety,High Toxicity,CNP0140612.8,CC1CCC2(NC1)OC1CC3C4CC=C5CC(OC6OC(CO)C(OC7OC(C)C(O)C(O)C7O)C(O)C6O)CCC5(C)C4CCC3(C)C1C2C
High Safety,Medium Safety,High Safety,High Safety,Medium Safety,High Safety,High Safety,Low Safety,High Safety,Medium Safety,High Safety,High Safety,High Safety,Medium Safety,High Safety,High Safety,Low Toxicity,Low Toxicity,Medium Toxicity,High Toxicity,High Safety,Medium Safety,High Safety,,,,,,Medium Safety,High Safety,Low Safety,Medium Safety,Medium Safety,High Safety,High Safety,High Toxicity,CNP0145057.1,COC1CC(OC2C(O)CC(OC3C(C)OC(OC4CCC5(C)C(=CC(O)C6C(=O)OC7COC8(C)OC(=O)C(=CCC65)C78)C4)C(O)C3OC)OC2C)OC(C)C1O
High Safety,Medium Safety,High Safety,High Safety,Medium Safety,High Safety,High Safety,Medium Safety,High Safety,Medium Safety,High Safety,High Safety,Medium Safety,Medium Safety,High Safety,High Safety,Low Toxicity,Low Toxicity,Medium Toxicity,Low Toxicity,High Safety,Low Safety,High Safety,,,,,,Low Safety,High Safety,Low Toxicity,High Safety,Low Safety,High Safety,High Safety,Medium Toxicity,CNP0145160.1,CC1CCC2(OC1)OC1CC3C4CC=C5CC(OC6OC(CO)C(O)C(OC7OC(C)C(O)C(O)C7O)C6O)CCC5(C)C4CCC3(C)C1(O)C2C
High Safety,Medium Safety,High Safety,High Safety,Medium Safety,High Safety,High Safety,Medium Safety,High Safety,Low Safety,High Safety,Medium Safety,High Safety,High Safety,High Safety,High Safety,Low Toxicity,Low Toxicity,Medium Toxicity,High Toxicity,High Safety,Medium Safety,High Safety,,,,,,Low Safety,High Safety,Medium Safety,Medium Safety,Low Safety,High Safety,High Safety,Medium Toxicity,CNP0145307.1,CC(CO)C1(O)C2OC(=O)C(C3CC=C4C5=C(CCC43C)C3(C)CCC(OC4OC(CO)C(O)C(O)C4O)CC3CC5)C2OC1(C)O
High Safety,High Safety,High Safety,High Safety,Medium Safety,High Safety,High Safety,Medium Safety,High Safety,Medium Safety,High Safety,High Safety,Medium Safety,Medium Safety,High Safety,High Safety,Low Toxicity,Low Toxicity,Medium Toxicity,High Toxicity,Medium Safety,Low Safety,High Safety,,,,,,Low Safety,High Safety,Low Safety,High Safety,Low Toxicity,High Safety,High Safety,Medium Toxicity,CNP0145485.1,CC1OC(OC(=O)C23CCC(C)(C)CC2C2=CCC4C5(C)CCC(OC6OCC(OC7OC(CO)C(O)C(O)C7O)C(O)C6O)C(C)(CO)C5CCC4(C)C2(C)CC3)C(O)C(O)C1O
High Safety,High Safety,High Safety,High Safety,Medium Safety,High Safety,High Safety,Medium Safety,High Safety,Medium Safety,High Safety,High Safety,High Safety,High Safety,High Safety,High Safety,Low Toxicity,Low Toxicity,Medium Toxicity,Low Toxicity,High Safety,Medium Safety,High Safety,,,,,,Low Safety,High Safety,Low Toxicity,High Safety,Low Safety,High Safety,High Safety,Medium Toxicity,CNP0147317.1,CC1CCC2(CC3C(CCC4C3CCC3C4CC=C4CC(OC5OC(C)C(OC6OC(COC7OCC(O)(CO)C7O)C(O)C(O)C6O)C(O)C5O)CCC43C)O2)OC1
High Safety,High Safety,High Safety,High Safety,Medium Safety,High Safety,High Safety,Medium Safety,Medium Safety,Low Toxicity,High Safety,High Safety,Low Safety,High Safety,Medium Safety,High Toxicity,Low Toxicity,High Toxicity,High Toxicity,Medium Toxicity,High Safety,Low Safety,High Safety,,,,,,Low Safety,High Safety,Low Safety,Low Safety,Medium Safety,High Safety,High Safety,Medium Toxicity,CNP0148135.2,CC1OC(OC2CCC(OC3(C)CC(=O)C4(O)C5=C(C=CC4(O)C3)C(=O)c3c(ccc(C4CC6OC7CC(=O)C(C)OC7OC6C(C)O4)c3O)C5=O)OC2C)C(N)=CC1=O
High Safety,High Safety,High Safety,High Safety,Medium Safety,High Safety,High Safety,Low Safety,Medium Safety,Low Toxicity,High Safety,High Safety,Low Safety,High Safety,Low Safety,High Toxicity,Low Toxicity,High Toxicity,High Toxicity,Medium Toxicity,High Safety,Medium Toxicity,High Safety,,,,,,Medium Safety,High Safety,Low Safety,Low Toxicity,Medium Safety,High Safety,High Safety,Medium Toxicity,CNP0148179.0,CC1OC(OC2CCC(OC3C(O)CC(c4ccc5c(c4)C(=O)C4=C(C5=O)C5(O)C(=O)CC(C)(OC6CCC(=O)C(C)O6)CC5(O)C=C4)OC3C)OC2C)C=CC1=O
Medium Safety,Medium Toxicity,High Safety,Medium Safety,Medium Safety,Medium Safety,High Safety,Low Toxicity,High Safety,Medium Safety,High Safety,High Safety,Low Safety,High Safety,High Safety,High Safety,Low Toxicity,Low Toxicity,Medium Toxicity,Medium Toxicity,High Safety,Low Safety,High Safety,,,,,,Low Safety,High Safety,Low Safety,Medium Safety,Low Safety,High Safety,High Safety,High Toxicity,CNP0148484.1,CC1OC(OC2C=C3CCC4C(CCC5(C)C(C6=CC(=O)OC6)CCC45O)C3(C)CC2)CC(O)C1OC1OC(CO)C(O)C(O)C1O
High Safety,Medium Safety,High Safety,High Safety,Medium Safety,High Safety,High Safety,Medium Safety,Medium Safety,High Safety,High Safety,High Safety,High Safety,High Safety,High Safety,High Safety,Low Toxicity,Low Toxicity,Medium Toxicity,Medium Safety,High Safety,Low Safety,High Safety,,,,,,Low Safety,High Safety,Low Safety,High Safety,Low Safety,High Safety,High Safety,Medium Toxicity,CNP0148737.1,CC1CCC2(OC1)OC1CC3C4CC(=O)C5CC(OC6OC(CO)C(OC7OCC(O)C(O)C7O)C(O)C6O)CCC5(C)C4CCC3(C)C1C2C
High Safety,Medium Safety,High Safety,High Safety,Medium Safety,High Safety,High Safety,Medium Safety,High Safety,Medium Safety,High Safety,High Safety,High Safety,High Safety,High Safety,High Safety,Low Toxicity,Low Safety,Low Toxicity,Low Toxicity,High Safety,Medium Safety,High Safety,,,,,,Low Safety,High Safety,Low Toxicity,High Safety,Low Safety,High Safety,High Safety,Medium Toxicity,CNP0148962.1,CC1CNC2(OC3CC4C5CC=C6CC(OC7OC(CO)C(OC8OC(C)C(O)C(O)C8OC8OC(C)C(O)C(O)C8O)C(O)C7O)CCC6(C)C5CCC4(C)C3C2C)C(O)C1
High Safety,High Safety,High Safety,High Safety,High Safety,High Safety,High Safety,Medium Safety,High Safety,Medium Safety,High Safety,High Safety,High Safety,High Safety,Medium Safety,High Safety,Low Toxicity,Medium Toxicity,High Toxicity,Low Toxicity,High Safety,Low Safety,High Safety,,,,,,Low Safety,High Safety,Low Toxicity,High Safety,Medium Toxicity,Medium Safety,High Safety,Low Toxicity,CNP0150930.3,CC(C)=CC1COC23CC4(CO2)C(CCC2C5(C)CCC(OC6OCC(O)C(OC7OC(CO)C(O)C(O)C7O)C6O)C(C)(C)C5CCC24C)C3C1(C)O
High Safety,High Safety,High Safety,High Safety,High Safety,High Safety,High Safety,Medium Safety,High Safety,Medium Safety,High Safety,High Safety,High Safety,High Safety,Medium Safety,High Safety,Low Toxicity,Medium Toxicity,High Toxicity,Low Toxicity,High Safety,Low Safety,High Safety,,,,,,Low Safety,High Safety,Low Toxicity,High Safety,Medium Toxicity,Medium Safety,High Safety,Low Toxicity,CNP0150930.4,CC(C)=CC1COC23CC4(CO2)C(CCC2C5(C)CCC(OC6OCC(O)C(OC7OC(CO)C(O)C(O)C7O)C6O)C(C)(C)C5CCC24C)C3C1(C)O
High Safety,High Safety,High Safety,High Safety,Medium Safety,High Safety,High Safety,Low Toxicity,Medium Safety,Medium Safety,High Safety,High Safety,Low Toxicity,High Safety,High Safety,High Safety,Low Toxicity,High Toxicity,High Toxicity,Medium Toxicity,High Safety,Low Toxicity,High Safety,,,,,,Medium Safety,High Safety,Low Toxicity,Low Toxicity,Low Safety,High Safety,High Safety,Medium Toxicity,CNP0151900.2,COC1CC(OC2C(O)CC(OC3CCC4(C)C(=CCC5C4CCC4(C)C6C7COC6(C)OC54O7)C3)OC2C)OC(C)C1OC1CC(OC)C(OC2OC(C)C(O)C(OC)C2O)C(C)O1
High Safety,High Safety,High Safety,High Safety,High Safety,High Safety,High Safety,Low Safety,High Safety,High Safety,High Safety,High Safety,Medium Safety,Medium Safety,High Safety,High Safety,Low Toxicity,Low Toxicity,Medium Toxicity,Low Safety,High Safety,Medium Safety,High Safety,,,,,,Medium Safety,High Safety,Low Safety,Medium Safety,Low Safety,High Safety,High Safety,Medium Toxicity,CNP0151984.1,COC1CC(OC2CCC3(C)C(=CCC4(O)C3CCC35C(=O)OC6(C)OC43CCC65)C2)OC(C)C1OC1OC(CO)C(O)C(O)C1O
High Safety,Medium Safety,High Safety,High Safety,Medium Safety,High Safety,High Safety,Medium Safety,High Safety,Medium Safety,High Safety,High Safety,Medium Safety,High Safety,High Safety,High Safety,Low Toxicity,Low Toxicity,Medium Toxicity,Low Toxicity,High Safety,Low Safety,High Safety,,,,,,Low Safety,High Safety,Low Toxicity,High Safety,Low Safety,High Safety,High Safety,Medium Toxicity,CNP0152201.1,CC1OC(OC2C(CO)OC(OC3CCC4(C)C(=CCC5C4CCC4(C)C5CC5OC6(CCC(C)(O)CO6)C(C)C54)C3)C(O)C2O)C(O)C(O)C1O
High Safety,Medium Safety,High Safety,High Safety,Medium Safety,High Safety,High Safety,Medium Safety,High Safety,Medium Safety,High Safety,High Safety,Medium Safety,High Safety,High Safety,High Safety,Low Toxicity,Low Toxicity,Medium Toxicity,Low Toxicity,High Safety,Low Safety,High Safety,,,,,,Low Safety,High Safety,Low Toxicity,High Safety,Low Safety,High Safety,High Safety,Medium Toxicity,CNP0152201.2,CC1OC(OC2C(CO)OC(OC3CCC4(C)C(=CCC5C4CCC4(C)C5CC5OC6(CCC(C)(O)CO6)C(C)C54)C3)C(O)C2O)C(O)C(O)C1O
High Safety,High Safety,High Safety,High Safety,Medium Safety,High Safety,High Safety,Low Safety,Medium Safety,Low Toxicity,High Safety,High Safety,Low Safety,High Safety,Low Safety,High Toxicity,Low Toxicity,High Toxicity,High Toxicity,Medium Toxicity,High Safety,Low Toxicity,High Safety,,,,,,Low Safety,High Safety,Low Safety,Low Toxicity,Medium Safety,High Safety,High Safety,Medium Toxicity,CNP0152935.1,CC1OC(OC2CCC(OC3CCC(OC4(C)CC(=O)C5(O)C6=C(C=CC5(O)C4)C(=O)c4c(ccc(C5CC(O)C(OC7C=CC(=O)C(C)O7)C(C)O5)c4O)C6=O)OC3C)OC2C)C=CC1=O
High Safety,Medium Safety,High Safety,High Safety,Medium Safety,High Safety,High Safety,Medium Safety,High Safety,Medium Safety,High Safety,High Safety,Medium Safety,Medium Safety,High Safety,High Safety,Low Toxicity,Low Safety,Medium Toxicity,Low Toxicity,Medium Safety,Medium Safety,High Safety,,,,,,Low Safety,High Safety,Low Toxicity,High Safety,Low Safety,High Safety,High Safety,Low Toxicity,CNP0153482.1,CC1CCC2(OC1)OC1CC3C4CC=C5CC(OC6OC(CO)C(OC7OC(C)C(OC8OC(C)C(O)C(OC9OC(C)C(O)C(O)C9O)C8O)C(O)C7O)C(O)C6O)CCC5(C)C4CCC3(C)C1C2C
High Safety,Medium Safety,High Safety,High Safety,Medium Safety,High Safety,High Safety,Medium Safety,High Safety,Medium Safety,High Safety,High Safety,Medium Safety,Medium Safety,High Safety,High Safety,Low Toxicity,Low Safety,Medium Toxicity,Low Toxicity,Medium Safety,Medium Safety,High Safety,,,,,,Low Safety,High Safety,Low Toxicity,High Safety,Low Safety,High Safety,High Safety,Low Toxicity,CNP0153482.2,CC1CCC2(OC1)OC1CC3C4CC=C5CC(OC6OC(CO)C(OC7OC(C)C(OC8OC(C)C(O)C(OC9OC(C)C(O)C(O)C9O)C8O)C(O)C7O)C(O)C6O)CCC5(C)C4CCC3(C)C1C2C
High Safety,High Safety,High Safety,High Safety,Medium Safety,High Safety,High Safety,Low Safety,High Safety,Medium Safety,High Safety,Medium Safety,Medium Toxicity,Medium Safety,High Safety,High Safety,Low Toxicity,High Toxicity,High Toxicity,Medium Toxicity,Medium Safety,Medium Toxicity,High Safety,,,,,,Medium Safety,High Safety,Low Safety,High Safety,Low Safety,High Safety,High Safety,Medium Toxicity,CNP0153498.1,CC1CCC2(C(=O)OC3OC(COC(=O)c4cc(O)c(O)c(O)c4)C(O)C(O)C3O)CCC3(C)C(=CCC4C5(C)CCC(OC6OCC(O)C(O)C6O)C(C)(C)C5CCC43C)C2C1(C)O
High Safety,High Safety,High Safety,High Safety,Medium Safety,High Safety,High Safety,High Safety,High Safety,High Safety,High Safety,High Safety,Low Safety,High Safety,High Safety,High Safety,Low Toxicity,Medium Toxicity,High Toxicity,Low Safety,High Safety,Low Safety,High Safety,,,,,,Low Safety,High Safety,Medium Safety,High Safety,Low Safety,High Safety,High Safety,Medium Toxicity,CNP0155189.1,CC1=C2C3=CCC4C5(C)CCC(OC6OCC(OC7OC(CO)C(O)C(O)C7O)C(O)C6O)C(C)(C)C5CCC4(C)C3(C)CCC2(C(=O)O)CCC1C
Low Safety,Low Safety,High Safety,Medium Safety,Low Safety,Low Toxicity,High Safety,Low Safety,High Safety,Medium Safety,High Safety,High Safety,Low Safety,High Safety,Medium Safety,High Safety,Low Toxicity,Low Toxicity,Low Toxicity,Low Toxicity,High Safety,Medium Safety,High Safety,,,,,,Low Safety,High Safety,Low Safety,High Safety,Low Safety,High Safety,High Safety,High Toxicity,CNP0155820.2,CC12CCC(OC3OC(CO)C(OC4OC(CO)C(O)C(O)C4O)C(O)C3O)C=C1CCC1C2CCC2(C)C(c3ccc(=O)oc3)CCC12O
High Safety,Medium Safety,High Safety,Medium Safety,Medium Safety,High Safety,High Safety,Medium Safety,High Safety,Medium Safety,High Safety,High Safety,Medium Safety,Medium Safety,High Safety,High Safety,Low Toxicity,Low Toxicity,Medium Toxicity,Low Toxicity,High Safety,Medium Safety,High Safety,,,,,,Low Safety,High Safety,Medium Toxicity,High Safety,Low Safety,High Safety,High Safety,Medium Toxicity,CNP0155833.1,CC1OC(OC2COC(OC3C(O)CC(OC4CCC5(C)C(C4)CC(O)C46OC47CCC(C4=CC(=O)OC4)C7(C)C(=O)CC56)OC3C)C(O)C2O)C(O)C(O)C1O
Low Safety,Medium Toxicity,High Safety,Low Toxicity,Low Safety,Medium Safety,High Safety,Medium Safety,High Safety,High Safety,High Safety,High Safety,Low Toxicity,Low Safety,High Safety,High Safety,Low Toxicity,Low Toxicity,Medium Toxicity,Low Safety,High Safety,Medium Safety,High Safety,,,,,,Low Safety,High Safety,Low Toxicity,High Safety,Low Safety,High Safety,High Safety,High Toxicity,CNP0156119.1,CC1OC(OC2C(CO)OC(OC3CCC4(C)C(CCC5C4CCC4(C)C(C6=CC(=O)OC6)CCC54O)C3)C(O)C2O)C(O)C(O)C1O
High Safety,Low Safety,High Safety,High Safety,Medium Safety,High Safety,High Safety,Low Safety,High Safety,Low Safety,High Safety,High Safety,Low Safety,High Safety,Medium Safety,High Safety,Low Toxicity,High Toxicity,High Toxicity,Medium Toxicity,High Safety,Low Toxicity,High Safety,,,,,,Low Safety,High Safety,Low Toxicity,Medium Safety,Low Safety,High Safety,High Safety,Medium Toxicity,CNP0156536.1,CC(O)C1CCC2(O)C3CC=C4CC(OC5CC(O)C(OC6CC(O)C(OC7CC(O)C(O)C(C)O7)C(C)O6)C(C)O5)CCC4(C)C3CCC12C
High Safety,Low Safety,High Safety,High Safety,Medium Safety,High Safety,High Safety,Low Safety,High Safety,Low Safety,High Safety,High Safety,Low Safety,High Safety,Medium Safety,High Safety,Low Toxicity,High Toxicity,High Toxicity,Medium Toxicity,High Safety,Low Toxicity,High Safety,,,,,,Low Safety,High Safety,Low Toxicity,Medium Safety,Low Safety,High Safety,High Safety,Medium Toxicity,CNP0156536.2,CC(O)C1CCC2(O)C3CC=C4CC(OC5CC(O)C(OC6CC(O)C(OC7CC(O)C(O)C(C)O7)C(C)O6)C(C)O5)CCC4(C)C3CCC12C
Medium Safety,High Safety,High Safety,High Safety,Medium Safety,High Safety,High Safety,Medium Safety,High Safety,Medium Safety,High Safety,High Safety,High Safety,High Safety,High Safety,High Safety,Low Toxicity,Low Toxicity,Medium Toxicity,High Toxicity,Medium Safety,Low Safety,High Safety,,,,,,Low Safety,High Safety,Low Safety,High Safety,Low Safety,High Safety,High Safety,Medium Toxicity,CNP0156791.1,C=C1CCC2(C(=O)OC3OC(CO)C(O)C(O)C3O)CCC3(C)C(=CCC4C5(C)CCC(OC6OCC(O)C(OC7OC(CO)C(O)C(O)C7O)C6O)C(C)(C)C5CCC43C)C2C1
Medium Safety,High Safety,High Safety,High Safety,Medium Safety,High Safety,High Safety,Medium Safety,High Safety,Medium Safety,High Safety,High Safety,High Safety,High Safety,High Safety,High Safety,Low Toxicity,Low Toxicity,Medium Toxicity,High Toxicity,Medium Safety,Low Safety,High Safety,,,,,,Low Safety,High Safety,Low Safety,High Safety,Low Safety,High Safety,High Safety,Medium Toxicity,CNP0156791.2,C=C1CCC2(C(=O)OC3OC(CO)C(O)C(O)C3O)CCC3(C)C(=CCC4C5(C)CCC(OC6OCC(O)C(OC7OC(CO)C(O)C(O)C7O)C6O)C(C)(C)C5CCC43C)C2C1
Medium Safety,High Safety,High Safety,High Safety,Medium Safety,High Safety,High Safety,Medium Safety,High Safety,Medium Safety,High Safety,High Safety,High Safety,High Safety,High Safety,High Safety,Low Toxicity,Low Toxicity,Medium Toxicity,High Toxicity,Medium Safety,Low Safety,High Safety,,,,,,Low Safety,High Safety,Low Safety,High Safety,Low Safety,High Safety,High Safety,Medium Toxicity,CNP0156791.3,C=C1CCC2(C(=O)OC3OC(CO)C(O)C(O)C3O)CCC3(C)C(=CCC4C5(C)CCC(OC6OCC(O)C(OC7OC(CO)C(O)C(O)C7O)C6O)C(C)(C)C5CCC43C)C2C1
Medium Safety,High Safety,High Safety,High Safety,Medium Safety,High Safety,High Safety,Medium Safety,High Safety,Medium Safety,High Safety,High Safety,High Safety,High Safety,High Safety,High Safety,Low Toxicity,Low Toxicity,Medium Toxicity,High Toxicity,Medium Safety,Low Safety,High Safety,,,,,,Low Safety,High Safety,Low Safety,High Safety,Low Safety,High Safety,High Safety,Medium Toxicity,CNP0156791.4,C=C1CCC2(C(=O)OC3OC(CO)C(O)C(O)C3O)CCC3(C)C(=CCC4C5(C)CCC(OC6OCC(O)C(OC7OC(CO)C(O)C(O)C7O)C6O)C(C)(C)C5CCC43C)C2C1
Medium Safety,Low Toxicity,High Safety,Medium Safety,Low Safety,High Safety,High Safety,Low Safety,High Safety,Medium Safety,High Safety,High Safety,Low Safety,High Safety,High Safety,High Safety,Low Toxicity,Low Toxicity,Low Toxicity,Low Safety,High Safety,Medium Safety,High Safety,,,,,,Low Safety,High Safety,Low Toxicity,High Safety,Low Toxicity,High Safety,High Safety,High Toxicity,CNP0157323.1,CC1OC(OC2CCC3(C)C(CCC4C3CCC3(C)C(C5=CC(=O)OC5)C(O)CC43O)C2)CC(O)C1OC1OC(CO)C(OC2OC(CO)C(O)C(O)C2O)C(O)C1O
High Safety,High Safety,High Safety,High Safety,Medium Safety,High Safety,High Safety,High Safety,High Safety,High Safety,High Safety,High Safety,Medium Safety,Medium Safety,High Safety,High Safety,Low Toxicity,Medium Toxicity,Medium Toxicity,Low Safety,Medium Safety,Medium Safety,High Safety,,,,,,Low Safety,High Safety,Medium Safety,High Safety,Low Toxicity,High Safety,High Safety,Medium Toxicity,CNP0157339.1,CC1OC(OC2COC(OC3CCC4(C)C(CCC5(C)C4CC=C4C6CC(C)(C)CCC6(C(=O)O)C(O)CC45C)C3(C)C)C(O)C2O)C(O)C(O)C1OC1OC(CO)C(O)C(O)C1O
High Safety,Medium Toxicity,High Safety,Low Safety,Medium Safety,Medium Safety,High Safety,Medium Toxicity,High Safety,Medium Safety,High Safety,High Safety,Low Safety,High Safety,High Safety,High Safety,Low Toxicity,Low Toxicity,Low Toxicity,Low Safety,High Safety,Medium Safety,High Safety,,,,,,Low Safety,High Safety,Low Toxicity,High Safety,Low Safety,High Safety,High Safety,High Toxicity,CNP0158320.1,CC1OC(OC2C(CO)OC(OC3CCC4(C)C5C(O)CC6(C)C(C7=CC(=O)OC7)CCC6(O)C5CCC4(O)C3)C(O)C2O)C(O)C(O)C1O
Medium Safety,Low Toxicity,High Safety,Low Safety,Medium Safety,High Safety,High Safety,Low Toxicity,High Safety,High Safety,High Safety,High Safety,Low Safety,Medium Safety,High Safety,High Safety,Low Toxicity,Low Toxicity,Medium Toxicity,Low Safety,High Safety,Low Safety,High Safety,,,,,,Low Safety,High Safety,Low Toxicity,Medium Safety,Low Toxicity,High Safety,High Safety,High Toxicity,CNP0158365.1,COC1CC(OC2CCC3(C)C(CCC4C3C(O)CC3(C)C(C5=CC(=O)OC5)CCC43O)C2)OC(C)C1OC1OC(CO)C(O)C(O)C1O
High Safety,Medium Safety,High Safety,High Safety,Medium Safety,High Safety,High Safety,Medium Safety,High Safety,Medium Safety,High Safety,High Safety,High Safety,High Safety,High Safety,High Safety,Low Toxicity,Low Safety,Medium Toxicity,Low Toxicity,High Safety,Medium Safety,High Safety,,,,,,Low Safety,High Safety,Low Toxicity,High Safety,Low Safety,High Safety,High Safety,Low Toxicity,CNP0158529.1,CC1CCC2(OC1)OC1CC3C4CC=C5CC(OC6OC(CO)C(OC7OC(CO)C(O)C(O)C7O)C(O)C6O)CC(O)C5(C)C4CCC3(C)C1C2C
High Safety,Medium Safety,High Safety,High Safety,Medium Safety,High Safety,High Safety,Medium Safety,Medium Safety,Medium Safety,High Safety,High Safety,Medium Safety,High Safety,High Safety,High Safety,Low Toxicity,Low Toxicity,Low Toxicity,Low Toxicity,High Safety,High Safety,High Safety,,,,,,Medium Safety,High Safety,Low Toxicity,High Safety,Low Safety,High Safety,High Safety,Medium Toxicity,CNP0159069.1,CC1C2C(CC3C4CC=C5CC(OC6OC(CO)C(OC7OC(CO)C(O)C(O)C7O)C(O)C6O)CCC5(C)C4CC(=O)C32C)OC12CCC(COC1OC(CO)C(O)C(O)C1O)CO2
High Safety,High Safety,High Safety,High Safety,Medium Safety,High Safety,High Safety,Low Safety,Medium Safety,Low Safety,High Safety,High Safety,Low Safety,High Safety,Low Safety,High Toxicity,Low Toxicity,High Toxicity,High Toxicity,Medium Toxicity,High Safety,Low Toxicity,High Safety,,,,,,Low Safety,High Safety,Low Safety,High Safety,Medium Safety,High Safety,High Safety,Medium Toxicity,CNP0160065.1,CC1OC(OC2CCC(OC3(C)CC(=O)C4(O)C5=C(C=CC4(O)C3)C(=O)c3c(ccc(C4CC6OC7CC(=O)C(C)OC7OC6C(C)O4)c3O)C5=O)OC2C)CCC1=O
High Safety,High Safety,High Safety,High Safety,Medium Safety,High Safety,High Safety,Low Safety,Medium Safety,Low Safety,High Safety,High Safety,Low Safety,High Safety,Low Safety,High Toxicity,Low Toxicity,High Toxicity,High Toxicity,Medium Toxicity,High Safety,Low Toxicity,High Safety,,,,,,Low Safety,High Safety,Low Safety,High Safety,Medium Safety,High Safety,High Safety,Medium Toxicity,CNP0160065.2,CC1OC(OC2CCC(OC3(C)CC(=O)C4(O)C5=C(C=CC4(O)C3)C(=O)c3c(ccc(C4CC6OC7CC(=O)C(C)OC7OC6C(C)O4)c3O)C5=O)OC2C)CCC1=O
High Safety,High Safety,High Safety,High Safety,Medium Safety,High Safety,High Safety,Low Safety,Medium Safety,Low Safety,High Safety,High Safety,Low Safety,High Safety,Low Safety,High Toxicity,Low Toxicity,High Toxicity,High Toxicity,Medium Toxicity,High Safety,Low Toxicity,High Safety,,,,,,Low Safety,High Safety,Low Safety,High Safety,Medium Safety,High Safety,High Safety,Medium Toxicity,CNP0160065.3,CC1OC(OC2CCC(OC3(C)CC(=O)C4(O)C5=C(C=CC4(O)C3)C(=O)c3c(ccc(C4CC6OC7CC(=O)C(C)OC7OC6C(C)O4)c3O)C5=O)OC2C)CCC1=O
High Safety,High Safety,High Safety,High Safety,Medium Safety,High Safety,High Safety,Low Safety,Medium Safety,Low Safety,High Safety,High Safety,Low Safety,High Safety,Low Safety,High Toxicity,Low Toxicity,High Toxicity,High Toxicity,Medium Toxicity,High Safety,Low Toxicity,High Safety,,,,,,Low Safety,High Safety,Low Safety,High Safety,Medium Safety,High Safety,High Safety,Medium Toxicity,CNP0160065.4,CC1OC(OC2CCC(OC3(C)CC(=O)C4(O)C5=C(C=CC4(O)C3)C(=O)c3c(ccc(C4CC6OC7CC(=O)C(C)OC7OC6C(C)O4)c3O)C5=O)OC2C)CCC1=O
High Safety,High Safety,High Safety,High Safety,Medium Safety,High Safety,High Safety,Low Safety,Medium Safety,Low Safety,High Safety,High Safety,Medium Safety,Medium Safety,High Safety,High Safety,Low Toxicity,High Toxicity,Medium Toxicity,Medium Toxicity,Medium Safety,Low Safety,High Safety,,,,,,Medium Safety,High Safety,Low Safety,Low Safety,Low Safety,High Safety,High Safety,Medium Toxicity,CNP0161786.1,COC1CC(OC2C(C)OC(OC3C(C)OC(OC4C(C)OC(OC5C=C6C=CC7(O)C(CCC89COC%10(C)OCC(OC78O)C%109)C6(C)CC5)C(O)C4OC)CC3OC)CC2OC)OC(C)C1O
High Safety,Low Toxicity,High Safety,Medium Safety,Medium Safety,High Safety,High Safety,Low Safety,High Safety,Medium Safety,High Safety,High Safety,Low Safety,High Safety,High Safety,High Safety,Low Toxicity,Low Toxicity,Medium Toxicity,Low Safety,High Safety,Medium Safety,High Safety,,,,,,Low Safety,High Safety,Low Safety,Low Safety,Medium Safety,High Safety,High Safety,High Toxicity,CNP0161969.1,CC1OC(OC2C(O)CC(OC3CCC4(C=O)C5CCC6(C)C(C7=CC(=O)OC7)C(O)CC6(O)C5CCC4(O)C3)OC2C)C(O)C(O)C1O
Medium Safety,Low Toxicity,High Safety,Low Safety,Low Safety,High Safety,High Safety,Medium Safety,High Safety,Medium Safety,High Safety,High Safety,Low Toxicity,Low Safety,High Safety,High Safety,Low Toxicity,Low Toxicity,Medium Toxicity,Low Safety,Medium Safety,Medium Safety,High Safety,,,,,,Low Safety,High Safety,Medium Toxicity,High Safety,Low Toxicity,High Safety,High Safety,High Toxicity,CNP0163701.1,CC1OC(OC2CCC3(C)C(CCC4C3CCC3(C)C(C5=CC(=O)OC5)CCC43O)C2)CC(O)C1OC1CC(O)C(OC2CC(O)C(OC3OC(CO)C(O)C(O)C3O)C(C)O2)C(C)O1
Medium Safety,Low Toxicity,High Safety,Low Safety,Low Safety,High Safety,High Safety,Medium Safety,High Safety,Medium Safety,High Safety,High Safety,Low Toxicity,Low Safety,High Safety,High Safety,Low Toxicity,Low Toxicity,Medium Toxicity,Low Safety,Medium Safety,Medium Safety,High Safety,,,,,,Low Safety,High Safety,Medium Toxicity,High Safety,Low Toxicity,High Safety,High Safety,High Toxicity,CNP0163701.2,CC1OC(OC2CCC3(C)C(CCC4C3CCC3(C)C(C5=CC(=O)OC5)CCC43O)C2)CC(O)C1OC1CC(O)C(OC2CC(O)C(OC3OC(CO)C(O)C(O)C3O)C(C)O2)C(C)O1
Low Safety,Medium Toxicity,High Safety,Low Safety,Low Safety,Medium Safety,High Safety,Low Toxicity,High Safety,Medium Safety,High Safety,High Safety,Low Safety,High Safety,High Safety,High Safety,Low Toxicity,Low Toxicity,Medium Toxicity,Low Safety,High Safety,Medium Safety,High Safety,,,,,,Low Safety,High Safety,Low Toxicity,High Safety,Low Toxicity,High Safety,High Safety,High Toxicity,CNP0163980.1,CC12CCC(OC3OCC(OC4OCC(O)C(O)C4O)C(O)C3O)CC1CCC1C2C(O)CC2(C)C(C3=CC(=O)OC3)CCC12O
High Safety,High Safety,High Safety,High Safety,Medium Safety,High Safety,High Safety,Medium Safety,High Safety,Medium Safety,High Safety,High Safety,Medium Safety,High Safety,High Safety,High Safety,Low Toxicity,Low Toxicity,Medium Toxicity,High Toxicity,Medium Safety,Medium Safety,High Safety,,,,,,Low Safety,High Safety,Low Safety,High Safety,Low Toxicity,High Safety,High Safety,Medium Toxicity,CNP0164648.3,CC1OC(OC(=O)C23CCC4=C(CCC5C4(C)CCC4C(C)(C)C(OC6OC(COC7OC(CO)C(O)C(O)C7O)C(O)C(O)C6O)CCC54C)C2CC(C)(C)CC3)C(O)C(O)C1O
Medium Safety,Low Safety,High Safety,High Safety,Medium Safety,High Safety,High Safety,Low Toxicity,High Safety,Medium Safety,High Safety,High Safety,Medium Safety,High Safety,Medium Safety,High Safety,Low Toxicity,High Toxicity,High Toxicity,Medium Toxicity,High Safety,Low Toxicity,High Safety,,,,,,Low Safety,High Safety,Low Safety,Low Safety,Low Safety,High Safety,High Safety,High Toxicity,CNP0165067.1,CC(C1CC2(C)OC2(C)C(=O)O1)C1CCC2C3CC=C4CC(OC5OC(CO)C(O)C(O)C5O)CC(O)C4(C)C3CCC12C
Medium Safety,Low Safety,High Safety,High Safety,Medium Safety,High Safety,High Safety,Low Toxicity,High Safety,Medium Safety,High Safety,High Safety,Medium Safety,High Safety,Medium Safety,High Safety,Low Toxicity,High Toxicity,High Toxicity,Medium Toxicity,High Safety,Low Toxicity,High Safety,,,,,,Low Safety,High Safety,Low Safety,Low Safety,Low Safety,High Safety,High Safety,High Toxicity,CNP0165067.2,CC(C1CC2(C)OC2(C)C(=O)O1)C1CCC2C3CC=C4CC(OC5OC(CO)C(O)C(O)C5O)CC(O)C4(C)C3CCC12C
High Safety,Low Safety,High Safety,Medium Safety,Medium Safety,High Safety,High Safety,Medium Safety,High Safety,Medium Safety,High Safety,High Safety,Medium Safety,Medium Safety,High Safety,High Safety,Low Toxicity,Low Safety,Low Toxicity,Low Toxicity,High Safety,Medium Safety,High Safety,,,,,,Low Safety,High Safety,Low Toxicity,Medium Safety,Low Toxicity,High Safety,High Safety,Medium Toxicity,CNP0165424.1,COC1CC(OC2CCC3(C)C(C2)CC2OC24C3CCC2(C)C(C3=CC(=O)OC3)CCC24O)OC(C)C1OC1OC(COC2OC(CO)C(O)C(O)C2O)C(O)C(O)C1O
High Safety,Low Safety,High Safety,High Safety,Medium Safety,High Safety,High Safety,Medium Safety,Medium Safety,Medium Safety,High Safety,High Safety,Low Safety,Medium Safety,High Safety,High Safety,Low Toxicity,Low Toxicity,Medium Toxicity,Medium Safety,High Safety,Medium Safety,High Safety,,,,,,Low Safety,High Safety,Low Toxicity,High Safety,Low Safety,High Safety,High Safety,Medium Toxicity,CNP0166055.2,CC1OC(OC2C(CO)OC(OC(C)(C)C3CCC4(C)C3CC(O)C3(C)C4CCC4C5(C)CCC(OC6OCC(O)C(O)C6O)C(C)(C)C5C(=O)CC43C)C(O)C2O)C(O)C(O)C1O
Low Safety,High Toxicity,High Safety,High Toxicity,Low Safety,High Safety,High Safety,Low Safety,High Safety,Medium Safety,High Safety,High Safety,Medium Toxicity,High Safety,High Safety,High Safety,Low Toxicity,High Toxicity,Medium Toxicity,Low Toxicity,High Safety,Low Toxicity,High Safety,,,,,,Low Safety,High Safety,High Toxicity,High Safety,Medium Toxicity,High Safety,High Safety,High Toxicity,CNP0166169.1,CC1OC(OC2C(O)CC(OC3C(O)CC(OC4CCC5(C)C(CCC6C5CC(O)C5(C)C(C7=CC(=O)OC7)CCC65O)C4)OC3C)OC2C)CC(O)C1O
Low Safety,High Toxicity,High Safety,High Toxicity,Low Safety,High Safety,High Safety,Low Safety,High Safety,Medium Safety,High Safety,High Safety,Medium Toxicity,High Safety,High Safety,High Safety,Low Toxicity,High Toxicity,Medium Toxicity,Low Toxicity,High Safety,Low Toxicity,High Safety,,,,,,Low Safety,High Safety,High Toxicity,High Safety,Medium Toxicity,High Safety,High Safety,High Toxicity,CNP0166169.10,CC1OC(OC2C(O)CC(OC3C(O)CC(OC4CCC5(C)C(CCC6C5CC(O)C5(C)C(C7=CC(=O)OC7)CCC65O)C4)OC3C)OC2C)CC(O)C1O
Low Safety,High Toxicity,High Safety,High Toxicity,Low Safety,High Safety,High Safety,Low Safety,High Safety,Medium Safety,High Safety,High Safety,Medium Toxicity,High Safety,High Safety,High Safety,Low Toxicity,High Toxicity,Medium Toxicity,Low Toxicity,High Safety,Low Toxicity,High Safety,,,,,,Low Safety,High Safety,High Toxicity,High Safety,Medium Toxicity,High Safety,High Safety,High Toxicity,CNP0166169.11,CC1OC(OC2C(O)CC(OC3C(O)CC(OC4CCC5(C)C(CCC6C5CC(O)C5(C)C(C7=CC(=O)OC7)CCC65O)C4)OC3C)OC2C)CC(O)C1O
Low Safety,High Toxicity,High Safety,High Toxicity,Low Safety,High Safety,High Safety,Low Safety,High Safety,Medium Safety,High Safety,High Safety,Medium Toxicity,High Safety,High Safety,High Safety,Low Toxicity,High Toxicity,Medium Toxicity,Low Toxicity,High Safety,Low Toxicity,High Safety,,,,,,Low Safety,High Safety,High Toxicity,High Safety,Medium Toxicity,High Safety,High Safety,High Toxicity,CNP0166169.13,CC1OC(OC2C(O)CC(OC3C(O)CC(OC4CCC5(C)C(CCC6C5CC(O)C5(C)C(C7=CC(=O)OC7)CCC65O)C4)OC3C)OC2C)CC(O)C1O
Low Safety,High Toxicity,High Safety,High Toxicity,Low Safety,High Safety,High Safety,Low Safety,High Safety,Medium Safety,High Safety,High Safety,Medium Toxicity,High Safety,High Safety,High Safety,Low Toxicity,High Toxicity,Medium Toxicity,Low Toxicity,High Safety,Low Toxicity,High Safety,,,,,,Low Safety,High Safety,High Toxicity,High Safety,Medium Toxicity,High Safety,High Safety,High Toxicity,CNP0166169.14,CC1OC(OC2C(O)CC(OC3C(O)CC(OC4CCC5(C)C(CCC6C5CC(O)C5(C)C(C7=CC(=O)OC7)CCC65O)C4)OC3C)OC2C)CC(O)C1O
Low Safety,High Toxicity,High Safety,High Toxicity,Low Safety,High Safety,High Safety,Low Safety,High Safety,Medium Safety,High Safety,High Safety,Medium Toxicity,High Safety,High Safety,High Safety,Low Toxicity,High Toxicity,Medium Toxicity,Low Toxicity,High Safety,Low Toxicity,High Safety,,,,,,Low Safety,High Safety,High Toxicity,High Safety,Medium Toxicity,High Safety,High Safety,High Toxicity,CNP0166169.15,CC1OC(OC2C(O)CC(OC3C(O)CC(OC4CCC5(C)C(CCC6C5CC(O)C5(C)C(C7=CC(=O)OC7)CCC65O)C4)OC3C)OC2C)CC(O)C1O
Low Safety,High Toxicity,High Safety,High Toxicity,Low Safety,High Safety,High Safety,Low Safety,High Safety,Medium Safety,High Safety,High Safety,Medium Toxicity,High Safety,High Safety,High Safety,Low Toxicity,High Toxicity,Medium Toxicity,Low Toxicity,High Safety,Low Toxicity,High Safety,,,,,,Low Safety,High Safety,High Toxicity,High Safety,Medium Toxicity,High Safety,High Safety,High Toxicity,CNP0166169.2,CC1OC(OC2C(O)CC(OC3C(O)CC(OC4CCC5(C)C(CCC6C5CC(O)C5(C)C(C7=CC(=O)OC7)CCC65O)C4)OC3C)OC2C)CC(O)C1O
Low Safety,High Toxicity,High Safety,High Toxicity,Low Safety,High Safety,High Safety,Low Safety,High Safety,Medium Safety,High Safety,High Safety,Medium Toxicity,High Safety,High Safety,High Safety,Low Toxicity,High Toxicity,Medium Toxicity,Low Toxicity,High Safety,Low Toxicity,High Safety,,,,,,Low Safety,High Safety,High Toxicity,High Safety,Medium Toxicity,High Safety,High Safety,High Toxicity,CNP0166169.3,CC1OC(OC2C(O)CC(OC3C(O)CC(OC4CCC5(C)C(CCC6C5CC(O)C5(C)C(C7=CC(=O)OC7)CCC65O)C4)OC3C)OC2C)CC(O)C1O
Low Safety,High Toxicity,High Safety,High Toxicity,Low Safety,High Safety,High Safety,Low Safety,High Safety,Medium Safety,High Safety,High Safety,Medium Toxicity,High Safety,High Safety,High Safety,Low Toxicity,High Toxicity,Medium Toxicity,Low Toxicity,High Safety,Low Toxicity,High Safety,,,,,,Low Safety,High Safety,High Toxicity,High Safety,Medium Toxicity,High Safety,High Safety,High Toxicity,CNP0166169.4,CC1OC(OC2C(O)CC(OC3C(O)CC(OC4CCC5(C)C(CCC6C5CC(O)C5(C)C(C7=CC(=O)OC7)CCC65O)C4)OC3C)OC2C)CC(O)C1O
Low Safety,High Toxicity,High Safety,High Toxicity,Low Safety,High Safety,High Safety,Low Safety,High Safety,Medium Safety,High Safety,High Safety,Medium Toxicity,High Safety,High Safety,High Safety,Low Toxicity,High Toxicity,Medium Toxicity,Low Toxicity,High Safety,Low Toxicity,High Safety,,,,,,Low Safety,High Safety,High Toxicity,High Safety,Medium Toxicity,High Safety,High Safety,High Toxicity,CNP0166169.5,CC1OC(OC2C(O)CC(OC3C(O)CC(OC4CCC5(C)C(CCC6C5CC(O)C5(C)C(C7=CC(=O)OC7)CCC65O)C4)OC3C)OC2C)CC(O)C1O
Low Safety,High Toxicity,High Safety,High Toxicity,Low Safety,High Safety,High Safety,Low Safety,High Safety,Medium Safety,High Safety,High Safety,Medium Toxicity,High Safety,High Safety,High Safety,Low Toxicity,High Toxicity,Medium Toxicity,Low Toxicity,High Safety,Low Toxicity,High Safety,,,,,,Low Safety,High Safety,High Toxicity,High Safety,Medium Toxicity,High Safety,High Safety,High Toxicity,CNP0166169.6,CC1OC(OC2C(O)CC(OC3C(O)CC(OC4CCC5(C)C(CCC6C5CC(O)C5(C)C(C7=CC(=O)OC7)CCC65O)C4)OC3C)OC2C)CC(O)C1O
Low Safety,High Toxicity,High Safety,High Toxicity,Low Safety,High Safety,High Safety,Low Safety,High Safety,Medium Safety,High Safety,High Safety,Medium Toxicity,High Safety,High Safety,High Safety,Low Toxicity,High Toxicity,Medium Toxicity,Low Toxicity,High Safety,Low Toxicity,High Safety,,,,,,Low Safety,High Safety,High Toxicity,High Safety,Medium Toxicity,High Safety,High Safety,High Toxicity,CNP0166169.8,CC1OC(OC2C(O)CC(OC3C(O)CC(OC4CCC5(C)C(CCC6C5CC(O)C5(C)C(C7=CC(=O)OC7)CCC65O)C4)OC3C)OC2C)CC(O)C1O
Low Safety,High Toxicity,High Safety,High Toxicity,Low Safety,High Safety,High Safety,Low Safety,High Safety,Medium Safety,High Safety,High Safety,Medium Toxicity,High Safety,High Safety,High Safety,Low Toxicity,High Toxicity,Medium Toxicity,Low Toxicity,High Safety,Low Toxicity,High Safety,,,,,,Low Safety,High Safety,High Toxicity,High Safety,Medium Toxicity,High Safety,High Safety,High Toxicity,CNP0166169.9,CC1OC(OC2C(O)CC(OC3C(O)CC(OC4CCC5(C)C(CCC6C5CC(O)C5(C)C(C7=CC(=O)OC7)CCC65O)C4)OC3C)OC2C)CC(O)C1O
Medium Safety,Low Safety,High Safety,Low Safety,Medium Safety,High Safety,High Safety,Low Safety,High Safety,High Safety,High Safety,High Safety,Medium Safety,Medium Safety,High Safety,High Safety,Low Toxicity,Low Toxicity,Medium Toxicity,Low Toxicity,High Safety,Medium Safety,High Safety,,,,,,Medium Safety,High Safety,Low Toxicity,Low Safety,Low Safety,High Safety,High Safety,High Toxicity,CNP0166209.1,COC1C(O)C(OC2CCC3(C)C(C2)CC2OC24C3CCC2(C)C(C3=CC(=O)OC3)CCC24O)OC(C)C1OC1OC(CO)C(O)C(=O)C1O
High Safety,Low Safety,High Safety,Medium Safety,Medium Safety,Medium Safety,High Safety,Low Safety,High Safety,High Safety,High Safety,High Safety,Low Safety,Medium Safety,High Safety,High Safety,Low Toxicity,Low Toxicity,Medium Toxicity,Medium Toxicity,High Safety,Medium Safety,High Safety,,,,,,Low Safety,High Safety,Low Safety,Medium Safety,Low Safety,High Safety,High Safety,High Toxicity,CNP0167093.3,CC12CCC3C(CCC4=CC(OC5OCC(OC6OC(CO)C(O)C(O)C6O)C(O)C5O)CCC43C=O)C1(O)CCC2C1=CC(=O)OC1
High Safety,Low Safety,High Safety,Medium Safety,Medium Safety,Medium Safety,High Safety,Low Safety,High Safety,High Safety,High Safety,High Safety,Low Safety,Medium Safety,High Safety,High Safety,Low Toxicity,Low Toxicity,Medium Toxicity,Medium Toxicity,High Safety,Medium Safety,High Safety,,,,,,Low Safety,High Safety,Low Safety,Medium Safety,Low Safety,High Safety,High Safety,High Toxicity,CNP0167093.4,CC12CCC3C(CCC4=CC(OC5OCC(OC6OC(CO)C(O)C(O)C6O)C(O)C5O)CCC43C=O)C1(O)CCC2C1=CC(=O)OC1
High Safety,Medium Safety,High Safety,High Safety,Medium Safety,High Safety,High Safety,Medium Safety,High Safety,Medium Safety,High Safety,High Safety,Medium Safety,High Safety,High Safety,High Safety,Low Toxicity,Low Safety,Medium Toxicity,Low Toxicity,High Safety,Low Safety,High Safety,,,,,,Low Safety,High Safety,Low Toxicity,High Safety,Low Safety,High Safety,High Safety,Medium Toxicity,CNP0169870.1,C=C1CCC2(OC1)OC1CC3C4CC=C5CC(OC6OC(CO)C(OC7OC(C)C(O)C(O)C7O)C(O)C6O)CC(O)C5(C)C4CCC3(C)C1C2C
Low Toxicity,High Toxicity,High Safety,High Toxicity,Low Safety,High Safety,High Safety,Low Safety,High Safety,Medium Safety,High Safety,High Safety,Medium Toxicity,High Safety,High Safety,High Safety,Low Toxicity,High Toxicity,High Toxicity,Medium Toxicity,High Safety,Medium Toxicity,High Safety,,,,,,Low Safety,High Safety,Medium Toxicity,High Safety,Medium Toxicity,High Safety,High Safety,High Toxicity,CNP0170620.2,COC1C(O)CC(OC2C(O)CC(OC3C(O)CC(OC4CCC5(C)C(CCC6C5CC(O)C5(C)C(C7=CC(=O)OC7)CCC65O)C4)OC3C)OC2C)OC1C
Low Toxicity,High Toxicity,High Safety,High Toxicity,Low Safety,High Safety,High Safety,Low Safety,High Safety,Medium Safety,High Safety,High Safety,Medium Toxicity,High Safety,High Safety,High Safety,Low Toxicity,High Toxicity,High Toxicity,Medium Toxicity,High Safety,Medium Toxicity,High Safety,,,,,,Low Safety,High Safety,Medium Toxicity,High Safety,Medium Toxicity,High Safety,High Safety,High Toxicity,CNP0170620.3,COC1C(O)CC(OC2C(O)CC(OC3C(O)CC(OC4CCC5(C)C(CCC6C5CC(O)C5(C)C(C7=CC(=O)OC7)CCC65O)C4)OC3C)OC2C)OC1C
High Safety,High Safety,High Safety,Low Safety,Medium Safety,High Safety,High Safety,Low Safety,Medium Safety,Low Safety,High Safety,Medium Safety,Low Safety,Low Safety,Low Safety,Medium Safety,Low Toxicity,High Toxicity,High Toxicity,Medium Safety,High Safety,High Toxicity,Medium Safety,,,,,,Low Safety,High Safety,Medium Toxicity,Low Toxicity,Medium Safety,High Toxicity,High Safety,Low Safety,CNP0171082.0,Cc1cc(C)cc(N2C(=O)c3ccc4c5ccc6c7c(ccc(c8ccc(c3c48)C2=O)c75)C(=O)N(c2cc(C)cc(C)c2)C6=O)c1
High Safety,High Safety,High Safety,High Safety,Medium Safety,High Safety,High Safety,Low Safety,Medium Safety,Low Safety,Low Safety,High Safety,Low Toxicity,Medium Safety,Low Toxicity,High Safety,Low Toxicity,High Toxicity,High Toxicity,Low Toxicity,High Safety,Medium Toxicity,High Safety,,,,,,Low Safety,High Safety,Medium Toxicity,Medium Safety,Medium Safety,High Safety,High Safety,Medium Toxicity,CNP0171733.1,Cc1cc(O)c2c3c(ccc2c1)C(=O)c1c(OC2CC(O)C(OC4CC(OC5CCC(O)C(C)O5)C(O)C(C)O4)C(C)O2)ccc(O)c1C3=O
High Safety,High Safety,High Safety,High Safety,Medium Safety,High Safety,High Safety,Medium Safety,Medium Safety,Medium Safety,High Safety,High Safety,Medium Safety,High Safety,High Safety,High Safety,Low Toxicity,Low Toxicity,Low Toxicity,Low Toxicity,High Safety,High Safety,High Safety,,,,,,Low Safety,High Safety,Low Toxicity,High Safety,Low Safety,High Safety,High Safety,Medium Toxicity,CNP0172406.1,CC1OC(OC2CCC3(C)C(=CCC4C3CC(=O)C3(C)C4CC4OC5(CCC(COC6OC(CO)C(O)C(O)C6O)CO5)C(C)C43)C2)C(O)C(O)C1OC1OC(CO)C(O)C(O)C1O
High Safety,High Safety,High Safety,High Safety,Medium Safety,High Safety,High Safety,Medium Safety,Medium Safety,Medium Safety,High Safety,High Safety,Medium Safety,High Safety,High Safety,High Safety,Low Toxicity,Low Toxicity,Low Toxicity,Low Toxicity,High Safety,High Safety,High Safety,,,,,,Low Safety,High Safety,Low Toxicity,High Safety,Low Safety,High Safety,High Safety,Medium Toxicity,CNP0172406.2,CC1OC(OC2CCC3(C)C(=CCC4C3CC(=O)C3(C)C4CC4OC5(CCC(COC6OC(CO)C(O)C(O)C6O)CO5)C(C)C43)C2)C(O)C(O)C1OC1OC(CO)C(O)C(O)C1O
Medium Safety,Low Toxicity,High Safety,Low Safety,Medium Safety,Medium Safety,High Safety,Medium Safety,High Safety,High Safety,High Safety,High Safety,Medium Safety,Medium Safety,High Safety,High Safety,Low Toxicity,Medium Toxicity,Medium Toxicity,Low Safety,High Safety,Low Safety,High Safety,,,,,,Low Safety,High Safety,Low Safety,Low Safety,Low Toxicity,High Safety,High Safety,High Toxicity,CNP0172890.3,COC1CC(OC2CCC3(C)C(CCC4C3CCC3(C)C(C5=CC(=O)OC5)CCC43O)C2)OC(C)C1OC1OC(CO)C(O)C(O)C1O
High Safety,High Safety,High Safety,High Safety,Medium Safety,High Safety,High Safety,Medium Safety,High Safety,Medium Safety,High Safety,High Safety,Medium Safety,High Safety,High Safety,High Safety,Low Toxicity,Low Toxicity,Medium Toxicity,High Toxicity,Medium Safety,Low Safety,High Safety,,,,,,Low Safety,High Safety,Low Safety,High Safety,Low Toxicity,High Safety,High Safety,Medium Toxicity,CNP0172930.1,CC1OC(OC2C(CO)OC(OCC3OC(OC(=O)C45CCC(C)(C)CC4C4=CCC6C7(C)CCC(O)C(C)(C)C7CCC6(C)C4(C)CC5)C(O)C(O)C3O)C(O)C2O)C(O)C(O)C1O
High Safety,High Safety,High Safety,High Safety,Medium Safety,High Safety,High Safety,Medium Safety,High Safety,Medium Safety,High Safety,High Safety,Medium Safety,High Safety,High Safety,High Safety,Low Toxicity,Low Toxicity,Medium Toxicity,High Toxicity,Medium Safety,Low Safety,High Safety,,,,,,Low Safety,High Safety,Low Safety,High Safety,Low Toxicity,High Safety,High Safety,Medium Toxicity,CNP0172930.3,CC1OC(OC2C(CO)OC(OCC3OC(OC(=O)C45CCC(C)(C)CC4C4=CCC6C7(C)CCC(O)C(C)(C)C7CCC6(C)C4(C)CC5)C(O)C(O)C3O)C(O)C2O)C(O)C(O)C1O
High Safety,Medium Safety,High Safety,High Safety,Medium Safety,High Safety,High Safety,Medium Safety,High Safety,Medium Safety,High Safety,High Safety,High Safety,High Safety,High Safety,High Safety,Low Toxicity,Medium Toxicity,Medium Toxicity,Low Toxicity,High Safety,Low Safety,High Safety,,,,,,Low Safety,High Safety,Low Toxicity,High Safety,Low Safety,High Safety,High Safety,High Toxicity,CNP0174304.1,CC1CCC2(NC1)OC1CC3C4CC=C5CC(OC6OC(C)C(OC7OC(CO)C(O)C(O)C7O)C(O)C6O)CCC5(C)C4CCC3(C)C1C2C
High Safety,Medium Safety,High Safety,High Safety,Medium Safety,High Safety,High Safety,Medium Safety,High Safety,Medium Safety,High Safety,High Safety,High Safety,High Safety,High Safety,High Safety,Low Toxicity,Medium Toxicity,Medium Toxicity,Low Toxicity,High Safety,Low Safety,High Safety,,,,,,Low Safety,High Safety,Low Toxicity,High Safety,Low Safety,High Safety,High Safety,High Toxicity,CNP0174304.2,CC1CCC2(NC1)OC1CC3C4CC=C5CC(OC6OC(C)C(OC7OC(CO)C(O)C(O)C7O)C(O)C6O)CCC5(C)C4CCC3(C)C1C2C
High Safety,High Safety,High Safety,High Safety,Medium Safety,High Safety,High Safety,Medium Safety,High Safety,Medium Safety,High Safety,High Safety,High Safety,High Safety,High Safety,High Safety,Low Toxicity,Low Toxicity,Medium Toxicity,Low Toxicity,High Safety,Low Safety,High Safety,,,,,,Low Safety,High Safety,Low Toxicity,High Safety,Low Safety,High Safety,High Safety,Medium Toxicity,CNP0174534.1,CC1C2C(CC3C4CC=C5CC(OC6OC(COC7OCC(O)C(O)C7O)C(O)C(O)C6O)CCC5(C)C4CCC32C)OC12CCC(CO)CO2
High Safety,High Safety,High Safety,High Safety,Medium Safety,Medium Safety,High Safety,Low Toxicity,High Safety,Low Safety,Medium Safety,High Safety,Low Safety,Low Toxicity,Low Toxicity,High Safety,Low Toxicity,High Toxicity,High Toxicity,Medium Toxicity,High Safety,Low Safety,High Safety,,,,,,Low Safety,High Safety,Low Toxicity,High Safety,Low Safety,High Safety,High Safety,Low Toxicity,CNP0175015.1,Cc1cc(O)c2c(c1)CC(O)C1=C2C(=O)c2c(O)ccc(OC3CC(O)C(OC4CC(OC5CCC(OC6CC(O)C(OC7CC(O)C(O)C(C)O7)C(C)O6)C(C)O5)C(O)C(C)O4)C(C)O3)c2C1=O
High Safety,High Safety,High Safety,High Safety,Medium Safety,High Safety,High Safety,Medium Safety,High Safety,Medium Safety,High Safety,High Safety,High Safety,High Safety,Medium Safety,High Safety,Low Safety,Low Safety,Medium Toxicity,Medium Safety,High Safety,Medium Safety,High Safety,,,,,,Low Safety,High Safety,Low Safety,High Safety,Medium Toxicity,Medium Safety,High Safety,Low Toxicity,CNP0175961.1,CC1CCC2(OC1)OC1CC3C4CCC5CC(OC6OC(CO)C(OC7OC(CO)C(O)C(O)C7O)C(O)C6O)C(O)CC5(C)C4CCC3(C)C1C2C
High Safety,High Safety,High Safety,High Safety,Medium Safety,High Safety,High Safety,Medium Safety,High Safety,Medium Safety,High Safety,High Safety,High Safety,High Safety,Medium Safety,High Safety,Low Safety,Low Safety,Medium Toxicity,Medium Safety,High Safety,Medium Safety,High Safety,,,,,,Low Safety,High Safety,Low Safety,High Safety,Medium Toxicity,Medium Safety,High Safety,Low Toxicity,CNP0175961.2,CC1CCC2(OC1)OC1CC3C4CCC5CC(OC6OC(CO)C(OC7OC(CO)C(O)C(O)C7O)C(O)C6O)C(O)CC5(C)C4CCC3(C)C1C2C
High Safety,High Safety,High Safety,High Safety,Medium Safety,High Safety,High Safety,Medium Safety,High Safety,Medium Safety,High Safety,High Safety,High Safety,High Safety,Medium Safety,High Safety,Low Safety,Low Safety,Medium Toxicity,Medium Safety,High Safety,Medium Safety,High Safety,,,,,,Low Safety,High Safety,Low Safety,High Safety,Medium Toxicity,Medium Safety,High Safety,Low Toxicity,CNP0175961.3,CC1CCC2(OC1)OC1CC3C4CCC5CC(OC6OC(CO)C(OC7OC(CO)C(O)C(O)C7O)C(O)C6O)C(O)CC5(C)C4CCC3(C)C1C2C
High Safety,Medium Safety,High Safety,High Safety,Medium Safety,High Safety,High Safety,Medium Safety,High Safety,Low Safety,High Safety,Medium Safety,High Safety,High Safety,High Safety,High Safety,Low Toxicity,Low Toxicity,Medium Toxicity,High Toxicity,High Safety,Low Safety,High Safety,,,,,,Low Safety,High Safety,Medium Safety,Medium Safety,Low Safety,High Safety,High Safety,Medium Toxicity,CNP0176052.1,CC(C)C1(O)C2OC(=O)C(C3CCC4C5=CCC6CC(OC7OC(CO)C(O)C(O)C7O)CCC6(C)C5=CCC43C)C2OC1(C)O
High Safety,High Safety,High Safety,High Safety,Medium Safety,High Safety,High Safety,Medium Safety,High Safety,Medium Safety,High Safety,High Safety,High Safety,Medium Safety,High Safety,High Safety,Low Toxicity,Low Toxicity,Low Toxicity,High Toxicity,Medium Safety,Medium Safety,High Safety,,,,,,Medium Safety,High Safety,Low Safety,High Safety,Low Safety,High Safety,High Safety,Medium Toxicity,CNP0176573.10,CC1CCC2(C(=O)OC3OC(COC4OC(CO)C(OC5OC(C)C(O)C(O)C5O)C(O)C4O)C(O)C(O)C3O)CCC3(C)C(=CCC4C5(C)CC(O)C(O)C(C)(CO)C5CCC43C)C2C1C
High Safety,High Safety,High Safety,High Safety,Medium Safety,High Safety,High Safety,Medium Safety,High Safety,Medium Safety,High Safety,High Safety,High Safety,Medium Safety,High Safety,High Safety,Low Toxicity,Low Toxicity,Low Toxicity,High Toxicity,Medium Safety,Medium Safety,High Safety,,,,,,Medium Safety,High Safety,Low Safety,High Safety,Low Safety,High Safety,High Safety,Medium Toxicity,CNP0176573.13,CC1CCC2(C(=O)OC3OC(COC4OC(CO)C(OC5OC(C)C(O)C(O)C5O)C(O)C4O)C(O)C(O)C3O)CCC3(C)C(=CCC4C5(C)CC(O)C(O)C(C)(CO)C5CCC43C)C2C1C
High Safety,High Safety,High Safety,High Safety,Medium Safety,High Safety,High Safety,Medium Safety,High Safety,Medium Safety,High Safety,High Safety,High Safety,Medium Safety,High Safety,High Safety,Low Toxicity,Low Toxicity,Low Toxicity,High Toxicity,Medium Safety,Medium Safety,High Safety,,,,,,Medium Safety,High Safety,Low Safety,High Safety,Low Safety,High Safety,High Safety,Medium Toxicity,CNP0176573.14,CC1CCC2(C(=O)OC3OC(COC4OC(CO)C(OC5OC(C)C(O)C(O)C5O)C(O)C4O)C(O)C(O)C3O)CCC3(C)C(=CCC4C5(C)CC(O)C(O)C(C)(CO)C5CCC43C)C2C1C
High Safety,Medium Safety,High Safety,High Safety,Medium Safety,High Safety,High Safety,Medium Safety,Medium Safety,Medium Safety,High Safety,High Safety,Medium Safety,High Safety,High Safety,High Safety,Low Toxicity,Low Toxicity,High Toxicity,Medium Safety,High Safety,Low Safety,High Safety,,,,,,Low Safety,High Safety,Low Toxicity,High Safety,Low Safety,High Safety,High Safety,Medium Toxicity,CNP0177268.0,CC(C)C1OC2OC(C)C(O)C(O)C2OC12CC(C)C1C(CC3C4CC(=O)C5CC(OC6OC(CO)C(O)C(O)C6O)CCC5(C)C4CCC31C)O2
High Safety,Low Toxicity,High Safety,Medium Safety,Medium Safety,High Safety,High Safety,High Safety,High Safety,Medium Safety,High Safety,High Safety,Medium Safety,Medium Safety,High Safety,High Safety,Low Toxicity,Low Toxicity,Medium Toxicity,Low Safety,High Safety,Medium Safety,High Safety,,,,,,Low Safety,High Safety,Low Toxicity,High Safety,Low Safety,High Safety,High Safety,Medium Toxicity,CNP0177728.1,CC1OC(OC2COC(OC3C(O)CC(OC4CCC5(C)C(CCC6(O)C5CCC5(C)C(C7=CC(=O)OC7)CC(=O)C56O)C4)OC3C)C(O)C2O)C(O)C(O)C1O
High Safety,High Safety,High Safety,Medium Safety,Medium Safety,High Safety,Low Safety,Low Toxicity,High Safety,Medium Safety,High Safety,High Safety,Low Safety,Medium Safety,High Safety,High Safety,Low Toxicity,High Toxicity,High Toxicity,Medium Safety,High Safety,Medium Toxicity,High Safety,,,,,,Low Safety,High Safety,Low Safety,High Safety,Low Toxicity,High Safety,High Safety,Medium Toxicity,CNP0177797.1,CC1C2C(CC3(C(=O)CC4C3CCC3Cc5nc6c(nc5CC34C)CC3CCC4C(CC(=O)C45CC4OC7(CCC(C)(C)O7)C(C)C4C5(C)O)C3(C)C6)C2(C)O)OC12CCC(C)(O)CO2
High Safety,High Safety,High Safety,Medium Safety,Medium Safety,High Safety,Low Safety,Low Toxicity,High Safety,Medium Safety,High Safety,High Safety,Low Safety,Medium Safety,High Safety,High Safety,Low Toxicity,High Toxicity,High Toxicity,Low Safety,High Safety,Medium Toxicity,High Safety,,,,,,Low Safety,High Safety,Low Toxicity,High Safety,Low Toxicity,High Safety,High Safety,Medium Toxicity,CNP0179112.2,CC1C2C(CC3(C(=O)CC4C3CCC3Cc5nc6c(nc5CC34C)CC3CCC4C(CC(=O)C5(C)C7C(CC45O)OC4(CCC(C)(O)CO4)C7C)C3(C)C6)C2(C)O)OC12CCC(C)(C)O2
High Safety,High Safety,High Safety,High Safety,Medium Safety,High Safety,High Safety,Medium Safety,High Safety,Medium Safety,High Safety,High Safety,High Safety,High Safety,High Safety,High Safety,Low Toxicity,Medium Toxicity,Medium Toxicity,Low Toxicity,High Safety,Low Safety,High Safety,,,,,,Low Safety,High Safety,Low Safety,High Safety,Low Safety,High Safety,High Safety,Medium Toxicity,CNP0180142.1,CC1CCC2(OC1)OC1CC3C4CC=C5CC(OC6OC(CO)C(OC7OC(CO)C(O)C7O)C(O)C6O)CCC5(C)C4CCC3(C)C1C2C
High Safety,High Safety,High Safety,High Safety,Medium Safety,High Safety,High Safety,Medium Safety,High Safety,Medium Safety,High Safety,High Safety,Medium Safety,High Safety,High Safety,High Safety,Low Toxicity,Low Toxicity,Medium Toxicity,High Toxicity,Medium Safety,Medium Safety,High Safety,,,,,,Low Safety,High Safety,Low Safety,High Safety,Low Toxicity,High Safety,High Safety,Medium Toxicity,CNP0180197.1,CC1=CC2C3=CCC4C5(C)CCC(OC6OC(C)C(O)C(O)C6O)C(C)(C)C5CCC4(C)C3(C)CCC2(C(=O)OC2OC(CO)C(OC3OC(CO)C(O)C(O)C3O)C(O)C2O)CC1
High Safety,Low Toxicity,High Safety,Low Safety,Medium Safety,High Safety,High Safety,Low Toxicity,High Safety,Medium Safety,High Safety,High Safety,Low Safety,High Safety,High Safety,High Safety,Low Toxicity,Low Toxicity,Medium Toxicity,Low Safety,High Safety,Medium Safety,High Safety,,,,,,Low Safety,High Safety,Low Safety,Medium Safety,Low Safety,High Safety,High Safety,High Toxicity,CNP0180671.2,CC1OC(OC2CCC3(C=O)C4C(O)CC5(C)C(C6=CC(=O)OC6)CCC5(O)C4CCC3(O)C2)C(O)C(O)C1OC1OC(CO)C(O)C(O)C1O
Medium Safety,Medium Safety,High Safety,High Safety,Medium Safety,High Safety,High Safety,Medium Safety,High Safety,Medium Safety,High Safety,High Safety,High Safety,High Safety,High Safety,High Safety,Low Toxicity,Low Toxicity,Medium Toxicity,Medium Toxicity,High Safety,Medium Safety,High Safety,,,,,,Low Safety,High Safety,Low Safety,High Safety,Low Safety,High Safety,High Safety,High Toxicity,CNP0181001.1,CC1=C(COC2OC(CO)C(OC3OC(C)C(O)C(O)C3O)C(O)C2O)C(=O)OC(C(C)C2CCC3C4CC5OC56C(O)C=CC(=O)C6(C)C4CCC23C)C1
Medium Safety,Low Safety,High Safety,Medium Safety,Medium Safety,High Safety,High Safety,Low Toxicity,High Safety,Medium Safety,High Safety,High Safety,Low Safety,High Safety,High Safety,High Safety,Low Toxicity,Medium Toxicity,Medium Toxicity,Medium Toxicity,High Safety,Low Safety,High Safety,,,,,,Medium Safety,High Safety,Low Safety,Medium Safety,Low Safety,High Safety,High Safety,High Toxicity,CNP0181969.1,CC(=O)OC1C(O)C(OC2C=C3CCC4C(CCC5(C)C(c6ccc(=O)oc6)CCC45O)C3(C)CC2)OC(C)C1OC1OC(CO)C(O)C(O)C1O
Medium Safety,Low Safety,High Safety,Medium Safety,Medium Safety,High Safety,High Safety,Low Toxicity,High Safety,Medium Safety,High Safety,High Safety,Low Safety,High Safety,High Safety,High Safety,Low Toxicity,Medium Toxicity,Medium Toxicity,Medium Toxicity,High Safety,Low Safety,High Safety,,,,,,Medium Safety,High Safety,Low Safety,Medium Safety,Low Safety,High Safety,High Safety,High Toxicity,CNP0181969.2,CC(=O)OC1C(O)C(OC2C=C3CCC4C(CCC5(C)C(c6ccc(=O)oc6)CCC45O)C3(C)CC2)OC(C)C1OC1OC(CO)C(O)C(O)C1O
Medium Safety,Low Safety,High Safety,Medium Safety,Medium Safety,High Safety,High Safety,Low Toxicity,High Safety,Medium Safety,High Safety,High Safety,Low Safety,High Safety,High Safety,High Safety,Low Toxicity,Medium Toxicity,Medium Toxicity,Medium Toxicity,High Safety,Low Safety,High Safety,,,,,,Medium Safety,High Safety,Low Safety,Medium Safety,Low Safety,High Safety,High Safety,High Toxicity,CNP0181969.3,CC(=O)OC1C(O)C(OC2C=C3CCC4C(CCC5(C)C(c6ccc(=O)oc6)CCC45O)C3(C)CC2)OC(C)C1OC1OC(CO)C(O)C(O)C1O
High Safety,High Safety,High Safety,High Safety,Medium Safety,High Safety,High Safety,Medium Safety,Medium Safety,Medium Safety,High Safety,High Safety,High Safety,High Safety,Medium Safety,High Safety,Low Toxicity,Medium Toxicity,Medium Toxicity,Low Toxicity,High Safety,Low Safety,High Safety,,,,,,Low Safety,High Safety,Low Safety,Medium Safety,Low Safety,High Safety,High Safety,High Toxicity,CNP0183210.1,CC1=C2C(=O)C3C(CC=C4CC(OC5OC(CO)C(O)C(O)C5O)CCC43C)C2CCC12OC1CC(C)CNC1C2C
High Safety,High Safety,High Safety,High Safety,Medium Safety,High Safety,High Safety,Medium Safety,Medium Safety,Medium Safety,High Safety,High Safety,High Safety,High Safety,Medium Safety,High Safety,Low Toxicity,Medium Toxicity,Medium Toxicity,Low Toxicity,High Safety,Low Safety,High Safety,,,,,,Low Safety,High Safety,Low Safety,Medium Safety,Low Safety,High Safety,High Safety,High Toxicity,CNP0183210.2,CC1=C2C(=O)C3C(CC=C4CC(OC5OC(CO)C(O)C(O)C5O)CCC43C)C2CCC12OC1CC(C)CNC1C2C
High Safety,High Safety,High Safety,High Safety,Medium Safety,High Safety,High Safety,Medium Safety,Medium Safety,Medium Safety,High Safety,High Safety,High Safety,High Safety,Medium Safety,High Safety,Low Toxicity,Medium Toxicity,Medium Toxicity,Low Toxicity,High Safety,Low Safety,High Safety,,,,,,Low Safety,High Safety,Low Safety,Medium Safety,Low Safety,High Safety,High Safety,High Toxicity,CNP0183210.3,CC1=C2C(=O)C3C(CC=C4CC(OC5OC(CO)C(O)C(O)C5O)CCC43C)C2CCC12OC1CC(C)CNC1C2C
High Safety,High Safety,High Safety,High Safety,Medium Safety,High Safety,High Safety,Medium Safety,Medium Safety,Medium Safety,High Safety,High Safety,High Safety,High Safety,Medium Safety,High Safety,Low Toxicity,Medium Toxicity,Medium Toxicity,Low Toxicity,High Safety,Low Safety,High Safety,,,,,,Low Safety,High Safety,Low Safety,Medium Safety,Low Safety,High Safety,High Safety,High Toxicity,CNP0183210.5,CC1=C2C(=O)C3C(CC=C4CC(OC5OC(CO)C(O)C(O)C5O)CCC43C)C2CCC12OC1CC(C)CNC1C2C
High Safety,High Safety,High Safety,High Safety,Medium Safety,High Safety,High Safety,Medium Safety,Medium Safety,Medium Safety,High Safety,High Safety,High Safety,High Safety,Medium Safety,High Safety,Low Toxicity,Medium Toxicity,Medium Toxicity,Low Toxicity,High Safety,Low Safety,High Safety,,,,,,Low Safety,High Safety,Low Safety,Medium Safety,Low Safety,High Safety,High Safety,High Toxicity,CNP0183210.6,CC1=C2C(=O)C3C(CC=C4CC(OC5OC(CO)C(O)C(O)C5O)CCC43C)C2CCC12OC1CC(C)CNC1C2C
High Safety,High Safety,High Safety,High Safety,Medium Safety,High Safety,High Safety,Medium Safety,Medium Safety,Medium Safety,High Safety,High Safety,High Safety,High Safety,Medium Safety,High Safety,Low Toxicity,Medium Toxicity,Medium Toxicity,Low Toxicity,High Safety,Low Safety,High Safety,,,,,,Low Safety,High Safety,Low Safety,Medium Safety,Low Safety,High Safety,High Safety,High Toxicity,CNP0183210.7,CC1=C2C(=O)C3C(CC=C4CC(OC5OC(CO)C(O)C(O)C5O)CCC43C)C2CCC12OC1CC(C)CNC1C2C
High Safety,High Safety,High Safety,High Safety,Medium Safety,High Safety,High Safety,Medium Safety,Medium Safety,Medium Safety,High Safety,High Safety,High Safety,High Safety,Medium Safety,High Safety,Low Toxicity,Medium Toxicity,Medium Toxicity,Low Toxicity,High Safety,Low Safety,High Safety,,,,,,Low Safety,High Safety,Low Safety,Medium Safety,Low Safety,High Safety,High Safety,High Toxicity,CNP0183210.9,CC1=C2C(=O)C3C(CC=C4CC(OC5OC(CO)C(O)C(O)C5O)CCC43C)C2CCC12OC1CC(C)CNC1C2C
High Safety,Low Toxicity,High Safety,Low Safety,Medium Safety,High Safety,High Safety,Low Safety,High Safety,High Safety,High Safety,High Safety,Low Safety,High Safety,High Safety,High Safety,Low Toxicity,Low Toxicity,Medium Toxicity,Low Safety,High Safety,Medium Safety,High Safety,,,,,,Low Safety,High Safety,Low Safety,Medium Safety,Low Safety,High Safety,High Safety,High Toxicity,CNP0183354.1,CC1OC(OC2CCC3(C=O)C4CCC5(C)C(C6=CC(=O)OC6)CCC5(O)C4CCC3(O)C2)C(O)C(O)C1OC1OC(CO)C(O)C(O)C1O
High Safety,Low Toxicity,High Safety,Low Safety,Medium Safety,High Safety,High Safety,Low Safety,High Safety,High Safety,High Safety,High Safety,Low Safety,High Safety,High Safety,High Safety,Low Toxicity,Low Toxicity,Medium Toxicity,Low Safety,High Safety,Medium Safety,High Safety,,,,,,Low Safety,High Safety,Low Safety,Medium Safety,Low Safety,High Safety,High Safety,High Toxicity,CNP0183354.15,CC1OC(OC2CCC3(C=O)C4CCC5(C)C(C6=CC(=O)OC6)CCC5(O)C4CCC3(O)C2)C(O)C(O)C1OC1OC(CO)C(O)C(O)C1O
High Safety,Low Toxicity,High Safety,Low Safety,Medium Safety,High Safety,High Safety,Low Safety,High Safety,High Safety,High Safety,High Safety,Low Safety,High Safety,High Safety,High Safety,Low Toxicity,Low Toxicity,Medium Toxicity,Low Safety,High Safety,Medium Safety,High Safety,,,,,,Low Safety,High Safety,Low Safety,Medium Safety,Low Safety,High Safety,High Safety,High Toxicity,CNP0183354.7,CC1OC(OC2CCC3(C=O)C4CCC5(C)C(C6=CC(=O)OC6)CCC5(O)C4CCC3(O)C2)C(O)C(O)C1OC1OC(CO)C(O)C(O)C1O
High Safety,Low Toxicity,High Safety,Low Safety,Medium Safety,High Safety,High Safety,Low Safety,High Safety,High Safety,High Safety,High Safety,Low Safety,High Safety,High Safety,High Safety,Low Toxicity,Low Toxicity,Medium Toxicity,Low Safety,High Safety,Medium Safety,High Safety,,,,,,Low Safety,High Safety,Low Safety,Medium Safety,Low Safety,High Safety,High Safety,High Toxicity,CNP0183354.8,CC1OC(OC2CCC3(C=O)C4CCC5(C)C(C6=CC(=O)OC6)CCC5(O)C4CCC3(O)C2)C(O)C(O)C1OC1OC(CO)C(O)C(O)C1O
High Safety,High Safety,High Safety,High Safety,Medium Safety,High Safety,High Safety,Low Safety,Medium Safety,Low Safety,High Safety,High Safety,Low Safety,Medium Safety,Medium Safety,High Safety,Low Toxicity,High Toxicity,High Toxicity,Medium Toxicity,Low Safety,Low Safety,High Safety,,,,,,Low Safety,High Safety,Low Toxicity,Medium Safety,Medium Toxicity,High Safety,High Safety,Low Toxicity,CNP0184035.1,CC(C=O)=CC=CCC1OC2CC3OC4CC5OC6CCC7OC8CC9OC%10CC%11(C)OC%12CC%13OC(C)C(O)CC%13OC%12CCC%11OC%10CC9OC8CC7OC6(C)CC5OC4C(O)CC3OC2C(O)CC1O
High Safety,Medium Safety,High Safety,High Safety,Medium Safety,High Safety,High Safety,Low Safety,Medium Safety,Low Safety,High Safety,High Safety,Medium Safety,Medium Safety,Low Safety,High Safety,Low Toxicity,Low Toxicity,High Toxicity,Low Toxicity,High Safety,Medium Safety,High Safety,,,,,,Medium Safety,High Safety,Low Safety,Low Safety,Medium Safety,High Safety,High Safety,Medium Toxicity,CNP0186541.4,CC1OC(OC2CC(c3ccc4c(c3O)C(=O)C3=C(C4=O)C4(O)C(=O)CC(C)(O)CC4(O)C=C3)OC(C)C2O)CCC1OC1CC(O)C(O)C(C)O1
High Safety,High Safety,High Safety,High Safety,Medium Safety,High Safety,High Safety,High Safety,High Safety,Medium Safety,High Safety,High Safety,High Safety,High Safety,High Safety,High Safety,Low Toxicity,Low Safety,Medium Toxicity,High Toxicity,Medium Safety,Medium Safety,High Safety,,,,,,Low Safety,High Safety,Medium Safety,High Safety,Low Safety,High Safety,High Safety,Low Toxicity,CNP0186702.1,CC1CCC2(C(=O)OC3OC(CO)C(O)C(O)C3O)CCC3=C(CCC4C3(C)CCC3C(C)(C)C(OC5OC(C)C(OC6OC(CO)C(O)C(O)C6O)C(O)C5O)CCC43C)C2C1C
High Safety,Medium Safety,High Safety,High Safety,Medium Safety,High Safety,High Safety,Low Safety,High Safety,Medium Safety,High Safety,High Safety,Low Toxicity,Medium Safety,Medium Safety,High Safety,Low Toxicity,High Toxicity,High Toxicity,High Toxicity,High Safety,Low Toxicity,High Safety,,,,,,Medium Safety,High Safety,Low Toxicity,Medium Toxicity,Low Safety,High Safety,High Safety,Medium Toxicity,CNP0188145.2,COC1CC(OC2C(O)CC(OC3C(C)OC(OC4CCC5(C)C(=CCC6C(=O)OC7COC8(C)OC=C(CCC65)C78)C4)CC3OC)OC2C)OC(C)C1O
High Safety,Medium Safety,High Safety,High Safety,Medium Safety,High Safety,High Safety,Low Safety,High Safety,Medium Safety,High Safety,High Safety,Low Toxicity,Medium Safety,Medium Safety,High Safety,Low Toxicity,High Toxicity,High Toxicity,High Toxicity,High Safety,Low Toxicity,High Safety,,,,,,Medium Safety,High Safety,Low Toxicity,Medium Toxicity,Low Safety,High Safety,High Safety,Medium Toxicity,CNP0188145.3,COC1CC(OC2C(O)CC(OC3C(C)OC(OC4CCC5(C)C(=CCC6C(=O)OC7COC8(C)OC=C(CCC65)C78)C4)CC3OC)OC2C)OC(C)C1O
High Safety,Medium Safety,High Safety,High Safety,Medium Safety,High Safety,High Safety,Low Safety,High Safety,Medium Safety,High Safety,High Safety,Low Toxicity,Medium Safety,Medium Safety,High Safety,Low Toxicity,High Toxicity,High Toxicity,High Toxicity,High Safety,Low Toxicity,High Safety,,,,,,Medium Safety,High Safety,Low Toxicity,Medium Toxicity,Low Safety,High Safety,High Safety,Medium Toxicity,CNP0188145.5,COC1CC(OC2C(O)CC(OC3C(C)OC(OC4CCC5(C)C(=CCC6C(=O)OC7COC8(C)OC=C(CCC65)C78)C4)CC3OC)OC2C)OC(C)C1O
High Safety,Medium Safety,High Safety,High Safety,Medium Safety,High Safety,High Safety,Low Safety,High Safety,Medium Safety,High Safety,High Safety,Low Toxicity,Medium Safety,Medium Safety,High Safety,Low Toxicity,High Toxicity,High Toxicity,High Toxicity,High Safety,Low Toxicity,High Safety,,,,,,Medium Safety,High Safety,Low Toxicity,Medium Toxicity,Low Safety,High Safety,High Safety,Medium Toxicity,CNP0188145.6,COC1CC(OC2C(O)CC(OC3C(C)OC(OC4CCC5(C)C(=CCC6C(=O)OC7COC8(C)OC=C(CCC65)C78)C4)CC3OC)OC2C)OC(C)C1O
High Safety,Medium Safety,High Safety,High Safety,Medium Safety,High Safety,High Safety,Low Safety,High Safety,Medium Safety,High Safety,High Safety,Low Toxicity,Medium Safety,Medium Safety,High Safety,Low Toxicity,High Toxicity,High Toxicity,High Toxicity,High Safety,Low Toxicity,High Safety,,,,,,Medium Safety,High Safety,Low Toxicity,Medium Toxicity,Low Safety,High Safety,High Safety,Medium Toxicity,CNP0188145.7,COC1CC(OC2C(O)CC(OC3C(C)OC(OC4CCC5(C)C(=CCC6C(=O)OC7COC8(C)OC=C(CCC65)C78)C4)CC3OC)OC2C)OC(C)C1O
High Safety,Low Toxicity,High Safety,Low Safety,Medium Safety,Medium Safety,High Safety,Medium Safety,High Safety,Medium Safety,High Safety,High Safety,Low Safety,High Safety,High Safety,High Safety,Low Toxicity,Low Toxicity,Low Toxicity,Low Safety,High Safety,Medium Safety,High Safety,,,,,,Low Safety,High Safety,Low Toxicity,High Safety,Low Toxicity,High Safety,High Safety,High Toxicity,CNP0188206.17,CC1OC(OC2CCC3(CO)C(CCC4C3CCC3(C)C(C5=CC(=O)OC5)CCC43O)C2)C(O)C(O)C1OC1OC(CO)C(O)C(O)C1O
High Safety,High Safety,High Safety,High Safety,Medium Safety,High Safety,High Safety,Medium Safety,High Safety,Medium Safety,High Safety,High Safety,Medium Safety,High Safety,High Safety,High Safety,Low Toxicity,Low Toxicity,Medium Toxicity,High Toxicity,Medium Safety,Low Safety,High Safety,,,,,,Low Safety,High Safety,Low Safety,High Safety,Low Safety,High Safety,High Safety,Medium Toxicity,CNP0189407.2,CC1(C)CCC2(C(=O)OC3OC(COC4OC(CO)C(O)C(O)C4O)C(O)C(O)C3O)CCC3(C)C(=CCC4C5(C)CCC(OC6OCC(O)C(O)C6O)C(C)(C)C5CCC43C)C2C1
High Safety,High Safety,High Safety,High Safety,Medium Safety,High Safety,High Safety,Medium Safety,High Safety,Medium Safety,High Safety,High Safety,Medium Safety,High Safety,High Safety,High Safety,Low Toxicity,Low Toxicity,Medium Toxicity,High Toxicity,Medium Safety,Low Safety,High Safety,,,,,,Low Safety,High Safety,Low Safety,High Safety,Low Safety,High Safety,High Safety,Medium Toxicity,CNP0189407.3,CC1(C)CCC2(C(=O)OC3OC(COC4OC(CO)C(O)C(O)C4O)C(O)C(O)C3O)CCC3(C)C(=CCC4C5(C)CCC(OC6OCC(O)C(O)C6O)C(C)(C)C5CCC43C)C2C1
Medium Safety,Medium Toxicity,High Safety,Low Safety,Low Safety,Medium Safety,High Safety,Low Safety,High Safety,High Safety,High Safety,High Safety,Medium Safety,Low Safety,High Safety,High Safety,Low Toxicity,Low Toxicity,Medium Toxicity,Low Safety,High Safety,Low Safety,High Safety,,,,,,Low Safety,High Safety,Low Toxicity,Medium Safety,Low Toxicity,High Safety,High Safety,Medium Toxicity,CNP0189659.1,COC1C(O)C(OC2CCC3(C)C(CCC4C3CCC3(C)C(C5=CC(=O)OC5)CCC43O)C2)OC(C)C1OC1OCC(O)C(O)C1O
Medium Safety,Medium Safety,High Safety,High Safety,Medium Safety,High Safety,High Safety,Medium Safety,High Safety,High Safety,High Safety,High Safety,Medium Safety,High Safety,High Safety,High Safety,Low Toxicity,Medium Toxicity,High Toxicity,Low Safety,High Safety,Low Toxicity,High Safety,,,,,,Low Safety,High Safety,Low Safety,High Safety,Low Toxicity,High Safety,High Safety,Medium Toxicity,CNP0192031.0,CC(=O)OC1C(C)OC2OC(C(C)C)C3(CC(C)C4C(CC5C6CC(=O)C7CC(OC8OC(CO)C(O)C(O)C8O)CCC7(C)C6CCC54C)O3)OC2C1O
High Safety,Medium Safety,High Safety,High Safety,Medium Safety,High Safety,High Safety,Medium Safety,High Safety,Medium Safety,High Safety,High Safety,Medium Safety,High Safety,High Safety,High Safety,Low Toxicity,Low Toxicity,Medium Toxicity,High Toxicity,Medium Safety,Low Safety,High Safety,,,,,,Low Safety,High Safety,Low Safety,High Safety,Low Toxicity,High Safety,High Safety,Medium Toxicity,CNP0192260.2,CC1OC(OC2C(CO)OC(OCC3OC(OC(=O)C45CCC(C)(C)CC4C4=CCC6C7(C)CCC(O)C(C)(CO)C7CCC6(C)C4(C)CC5)C(O)C(O)C3O)C(O)C2O)C(O)C(O)C1O
High Safety,Medium Safety,High Safety,High Safety,Medium Safety,High Safety,High Safety,Medium Safety,High Safety,Medium Safety,High Safety,High Safety,Medium Safety,High Safety,High Safety,High Safety,Low Toxicity,Low Toxicity,Medium Toxicity,High Toxicity,Medium Safety,Low Safety,High Safety,,,,,,Low Safety,High Safety,Low Safety,High Safety,Low Toxicity,High Safety,High Safety,Medium Toxicity,CNP0192260.5,CC1OC(OC2C(CO)OC(OCC3OC(OC(=O)C45CCC(C)(C)CC4C4=CCC6C7(C)CCC(O)C(C)(CO)C7CCC6(C)C4(C)CC5)C(O)C(O)C3O)C(O)C2O)C(O)C(O)C1O
Medium Safety,Medium Safety,High Safety,High Safety,Medium Safety,High Safety,High Safety,Low Toxicity,Medium Safety,Low Safety,High Safety,High Safety,Low Toxicity,Medium Safety,High Safety,High Safety,Low Toxicity,High Toxicity,High Toxicity,High Toxicity,High Safety,Low Toxicity,High Safety,,,,,,Medium Safety,High Safety,Low Toxicity,Low Toxicity,Medium Safety,High Safety,High Safety,Medium Toxicity,CNP0193878.2,COC1CC(OC2C(C)OC(OC3C(C)OC(OC4CC5=CCC6C(=O)OC7COC8(C)OC=C(CCC6C5(C)CC4O)C78)CC3OC)CC2OC)OC(C)C1O
High Safety,Medium Safety,High Safety,High Safety,Medium Safety,High Safety,High Safety,Medium Safety,High Safety,Medium Safety,High Safety,High Safety,Medium Safety,High Safety,High Safety,High Safety,Low Toxicity,Low Toxicity,Medium Toxicity,Low Toxicity,High Safety,Medium Safety,High Safety,,,,,,Low Safety,High Safety,Low Safety,Medium Safety,Medium Safety,High Safety,High Safety,High Toxicity,CNP0193886.1,CC1=C(C)C(=O)OC(C(C)C2C(O)CC3C4C5OC5C5(O)CC(OC6OC(CO)C(O)C(O)C6O)CC(O)C5(C)C4CCC32C)C1
High Safety,Medium Safety,High Safety,High Safety,Medium Safety,High Safety,High Safety,Medium Safety,High Safety,Medium Safety,High Safety,High Safety,Medium Safety,Medium Safety,High Safety,High Safety,Low Toxicity,Low Safety,Medium Toxicity,Low Toxicity,High Safety,Medium Safety,High Safety,,,,,,Low Safety,High Safety,Low Toxicity,High Safety,Low Safety,High Safety,High Safety,Low Toxicity,CNP0194151.1,CC1CCC2(OC1)OC1CC3C4CC=C5CC(OC6OC(CO)C(OC7OC(C)C(OC8OC(C)C(O)C(O)C8O)C(O)C7O)C(O)C6O)CCC5(C)C4CCC3(C)C1(O)C2C
High Safety,Medium Safety,High Safety,High Safety,Medium Safety,High Safety,High Safety,Medium Safety,High Safety,Medium Safety,High Safety,High Safety,High Safety,High Safety,High Safety,High Safety,Low Toxicity,Low Safety,Medium Toxicity,Low Toxicity,High Safety,Medium Safety,High Safety,,,,,,Low Safety,High Safety,Low Toxicity,High Safety,Low Safety,High Safety,High Safety,Low Toxicity,CNP0195108.1,CC1CCC2(OC1)OC1CC3C4CC=C5CC(OC6OC(CO)C(OC7OCC(O)C(O)C7OC7OC(C)C(O)C(O)C7O)C(O)C6O)CCC5(C)C4CCC3(C)C1C2C
High Safety,Medium Safety,High Safety,High Safety,Medium Safety,High Safety,High Safety,Medium Safety,High Safety,Medium Safety,High Safety,High Safety,High Safety,High Safety,High Safety,High Safety,Low Toxicity,Low Safety,Medium Toxicity,Low Toxicity,High Safety,Medium Safety,High Safety,,,,,,Low Safety,High Safety,Low Toxicity,High Safety,Low Safety,High Safety,High Safety,Low Toxicity,CNP0195108.2,CC1CCC2(OC1)OC1CC3C4CC=C5CC(OC6OC(CO)C(OC7OCC(O)C(O)C7OC7OC(C)C(O)C(O)C7O)C(O)C6O)CCC5(C)C4CCC3(C)C1C2C
High Safety,High Safety,High Safety,High Safety,Medium Safety,High Safety,High Safety,Medium Safety,High Safety,Medium Safety,High Safety,High Safety,Medium Safety,High Safety,High Safety,High Safety,Low Toxicity,Medium Toxicity,Medium Toxicity,Medium Toxicity,High Safety,Medium Safety,High Safety,,,,,,Medium Safety,High Safety,Medium Safety,High Safety,Medium Safety,High Safety,High Safety,Medium Toxicity,CNP0195259.6,CC1(C)CCC2(C(=O)OC3OC(CO)C(O)C(O)C3O)CCC3(C)C(=CCC4C5(C)CCC(OC6OC(C(=O)O)C(OC7OCC(O)C(O)C7O)C(O)C6O)C(C)(C)C5CCC43C)C2C1
High Safety,High Safety,High Safety,High Safety,Medium Safety,High Safety,High Safety,Medium Safety,Medium Safety,High Safety,High Safety,High Safety,High Safety,High Safety,High Safety,High Safety,Low Toxicity,Low Safety,Medium Toxicity,Low Safety,High Safety,Medium Safety,High Safety,,,,,,Low Safety,High Safety,Low Toxicity,High Safety,Low Safety,High Safety,High Safety,Medium Toxicity,CNP0196339.1,CC1CCC2(OC1)OC1CC3C4CCC5CC(OC6OC(CO)C(OC7OC(CO)C(O)C(OC8OCC(O)C(O)C8O)C7O)C(O)C6O)CCC5(C)C4CC(=O)C3(C)C1C2C
High Safety,High Safety,High Safety,High Safety,Medium Safety,High Safety,High Safety,Medium Safety,High Safety,Medium Safety,High Safety,High Safety,Medium Safety,Medium Safety,High Safety,High Safety,Low Toxicity,Low Toxicity,Medium Toxicity,High Toxicity,Low Toxicity,Medium Safety,High Safety,,,,,,Low Safety,High Safety,Low Safety,High Safety,Low Toxicity,High Safety,High Safety,Medium Toxicity,CNP0197409.1,CC1OC(OC2C(OC(=O)C34CCC(C)(C)CC3C3=CCC5C6(C)CCC(OC7OC(CO)C(O)C(O)C7O)C(C)(C)C6CCC5(C)C3(C)CC4)OCC(O)C2O)C(O)C(O)C1OC1OCC(O)C(O)C1O
High Safety,High Safety,High Safety,High Safety,Medium Safety,Medium Safety,High Safety,Medium Safety,High Safety,Medium Safety,High Safety,High Safety,High Safety,High Safety,Medium Safety,High Safety,Low Safety,Low Safety,Medium Toxicity,Medium Safety,High Safety,Medium Safety,High Safety,,,,,,Low Safety,High Safety,Low Safety,High Safety,Medium Toxicity,Medium Safety,High Safety,Low Toxicity,CNP0197515.1,CC1CCC2(OC1)OC1CC3C4CCC5CC(OC6OC(CO)C(O)C(OC7OC(CO)C(O)C(O)C7O)C6O)C(O)CC5(C)C4CCC3(C)C1C2C
High Safety,High Safety,High Safety,High Safety,Medium Safety,High Safety,High Safety,Medium Safety,High Safety,Medium Safety,High Safety,High Safety,Medium Safety,High Safety,High Safety,High Safety,Low Toxicity,Low Toxicity,Medium Toxicity,High Toxicity,Medium Safety,Medium Safety,High Safety,,,,,,Low Safety,High Safety,Low Safety,High Safety,Low Safety,High Safety,High Safety,Medium Toxicity,CNP0197607.1,CC1(C)CCC2(C(=O)OC3OC(COC4OC(CO)C(OC5OC(O)C(O)C(O)C5O)C(O)C4O)C(O)C(O)C3O)CCC3(C)C(=CCC4C5(C)CCC(O)C(C)(C)C5CCC43C)C2C1
High Safety,High Safety,High Safety,High Safety,High Safety,High Safety,High Safety,Medium Safety,Medium Safety,Low Safety,High Safety,High Safety,High Safety,High Safety,Medium Safety,High Safety,Low Toxicity,Low Toxicity,Medium Toxicity,Low Toxicity,High Safety,Low Safety,High Safety,,,,,,Low Safety,High Safety,Medium Safety,Medium Safety,Low Safety,High Safety,High Safety,Medium Toxicity,CNP0197845.2,CC(=O)C(O)(C(C)C)C1OC(O)C2C1OC1C=C3C4=C(CCC3(C)C12)C1(C)CCC(OC2OC(CO)C(O)C(O)C2O)CC1CC4
High Safety,High Safety,High Safety,Medium Safety,Medium Safety,High Safety,High Safety,Medium Safety,Medium Safety,Low Toxicity,High Safety,High Safety,Low Safety,High Safety,Low Safety,High Toxicity,Low Toxicity,High Toxicity,High Toxicity,Medium Toxicity,High Safety,Low Toxicity,High Safety,,,,,,Low Safety,Medium Safety,Low Safety,Medium Safety,Medium Safety,High Safety,High Safety,Medium Toxicity,CNP0197847.1,CC1OC(OC2CCC(OC3(C)CC(=O)C4(O)C5=C(C=CC4(O)C3)C(=O)c3c(ccc(C4CC6OC7CC(=O)C(C)OC7OC6C(C)O4)c3O)C5=O)OC2C)C=CC1=O
High Safety,High Safety,High Safety,Medium Safety,Medium Safety,High Safety,High Safety,Medium Safety,Medium Safety,Low Toxicity,High Safety,High Safety,Low Safety,High Safety,Low Safety,High Toxicity,Low Toxicity,High Toxicity,High Toxicity,Medium Toxicity,High Safety,Low Toxicity,High Safety,,,,,,Low Safety,Medium Safety,Low Safety,Medium Safety,Medium Safety,High Safety,High Safety,Medium Toxicity,CNP0197847.2,CC1OC(OC2CCC(OC3(C)CC(=O)C4(O)C5=C(C=CC4(O)C3)C(=O)c3c(ccc(C4CC6OC7CC(=O)C(C)OC7OC6C(C)O4)c3O)C5=O)OC2C)C=CC1=O
High Safety,High Safety,High Safety,Medium Safety,Medium Safety,High Safety,High Safety,Medium Safety,Medium Safety,Low Toxicity,High Safety,High Safety,Low Safety,High Safety,Low Safety,High Toxicity,Low Toxicity,High Toxicity,High Toxicity,Medium Toxicity,High Safety,Low Toxicity,High Safety,,,,,,Low Safety,Medium Safety,Low Safety,Medium Safety,Medium Safety,High Safety,High Safety,Medium Toxicity,CNP0197847.3,CC1OC(OC2CCC(OC3(C)CC(=O)C4(O)C5=C(C=CC4(O)C3)C(=O)c3c(ccc(C4CC6OC7CC(=O)C(C)OC7OC6C(C)O4)c3O)C5=O)OC2C)C=CC1=O
High Safety,High Safety,High Safety,Medium Safety,Medium Safety,High Safety,High Safety,Medium Safety,Medium Safety,Low Toxicity,High Safety,High Safety,Low Safety,High Safety,Low Safety,High Toxicity,Low Toxicity,High Toxicity,High Toxicity,Medium Toxicity,High Safety,Low Toxicity,High Safety,,,,,,Low Safety,Medium Safety,Low Safety,Medium Safety,Medium Safety,High Safety,High Safety,Medium Toxicity,CNP0197847.4,CC1OC(OC2CCC(OC3(C)CC(=O)C4(O)C5=C(C=CC4(O)C3)C(=O)c3c(ccc(C4CC6OC7CC(=O)C(C)OC7OC6C(C)O4)c3O)C5=O)OC2C)C=CC1=O
High Safety,High Safety,High Safety,Medium Safety,Medium Safety,High Safety,High Safety,Medium Safety,Medium Safety,Low Toxicity,High Safety,High Safety,Low Safety,High Safety,Low Safety,High Toxicity,Low Toxicity,High Toxicity,High Toxicity,Medium Toxicity,High Safety,Low Toxicity,High Safety,,,,,,Low Safety,Medium Safety,Low Safety,Medium Safety,Medium Safety,High Safety,High Safety,Medium Toxicity,CNP0197847.5,CC1OC(OC2CCC(OC3(C)CC(=O)C4(O)C5=C(C=CC4(O)C3)C(=O)c3c(ccc(C4CC6OC7CC(=O)C(C)OC7OC6C(C)O4)c3O)C5=O)OC2C)C=CC1=O
High Safety,High Safety,High Safety,High Safety,Medium Safety,High Safety,High Safety,Medium Safety,High Safety,Medium Safety,High Safety,High Safety,Medium Safety,High Safety,High Safety,High Safety,Low Toxicity,Low Toxicity,Medium Toxicity,Low Toxicity,High Safety,Low Safety,High Safety,,,,,,Low Safety,High Safety,Low Safety,High Safety,Low Safety,High Safety,High Safety,Medium Toxicity,CNP0198476.1,CC1CCC2(OC1)OC1CC3C4CC=C5CC(OC6OC(CO)C(O)C(OC7OC(CO)C(O)C(O)C7O)C6O)CCC5(C)C4CCC3(C)C1C2C
High Safety,High Safety,High Safety,High Safety,Medium Safety,Low Safety,High Safety,High Safety,High Safety,Medium Safety,High Safety,High Safety,High Safety,Medium Toxicity,High Safety,High Safety,Low Toxicity,Low Toxicity,Low Toxicity,High Toxicity,Low Toxicity,Medium Safety,High Safety,,,,,,Low Safety,High Safety,Low Safety,High Safety,Low Toxicity,High Safety,High Safety,Medium Toxicity,CNP0198595.2,CC1OC(OC2COC(OC(=O)C34CCC(C)(C)CC3C3=CCC5C6(C)CCC(OC7OCC(OC8OC(CO)C(O)C(O)C8O)C(O)C7O)C(C)(C)C6CCC5(C)C3(C)CC4)C(O)C2O)C(O)C(OC2OCC(O)C(O)C2O)C1O
High Safety,Medium Safety,High Safety,Medium Safety,Medium Safety,High Safety,High Safety,Medium Safety,Medium Safety,Medium Safety,High Safety,High Safety,Medium Safety,Medium Safety,High Safety,High Safety,Low Toxicity,Medium Toxicity,Medium Toxicity,Low Toxicity,High Safety,Low Safety,High Safety,,,,,,Low Safety,High Safety,Low Safety,High Safety,Low Safety,High Safety,High Safety,Medium Toxicity,CNP0200093.1,CC1CCC(C(C)C2CCC3C4=CC(=O)C5CC(OC6OC(CO)C(O)C(O)C6O)CCC5(C)C4CCC32C)OC1OC1OC(C)C(O)C(O)C1O
High Safety,High Safety,High Safety,High Safety,Medium Safety,High Safety,High Safety,Medium Safety,High Safety,Medium Safety,High Safety,High Safety,Medium Safety,High Safety,High Safety,High Safety,Low Toxicity,Low Toxicity,Medium Toxicity,High Toxicity,Medium Safety,Low Safety,High Safety,,,,,,Low Safety,High Safety,Low Safety,High Safety,Low Safety,High Safety,High Safety,Medium Toxicity,CNP0200896.5,CC1(C)CCC2(C(=O)OC3OC(CO)C(O)C(O)C3O)CCC3(C)C(=CCC4C5(C)CCC(OC6OCC(O)C(OC7OC(CO)C(O)C(O)C7O)C6O)C(C)(C)C5CCC43C)C2C1
High Safety,High Safety,High Safety,High Safety,Medium Safety,High Safety,High Safety,Medium Safety,High Safety,Medium Safety,High Safety,High Safety,Medium Safety,High Safety,High Safety,High Safety,Low Toxicity,Low Toxicity,Medium Toxicity,High Toxicity,Medium Safety,Low Safety,High Safety,,,,,,Low Safety,High Safety,Low Safety,High Safety,Low Safety,High Safety,High Safety,Medium Toxicity,CNP0200896.7,CC1(C)CCC2(C(=O)OC3OC(CO)C(O)C(O)C3O)CCC3(C)C(=CCC4C5(C)CCC(OC6OCC(O)C(OC7OC(CO)C(O)C(O)C7O)C6O)C(C)(C)C5CCC43C)C2C1
High Safety,High Safety,Low Safety,High Safety,High Safety,High Safety,High Safety,Low Safety,Low Safety,Low Safety,Medium Safety,Medium Safety,Low Toxicity,High Safety,High Safety,High Safety,Low Toxicity,High Toxicity,High Toxicity,Medium Safety,High Safety,Medium Toxicity,Low Toxicity,,,,,,Medium Safety,Medium Safety,Medium Toxicity,Medium Safety,Medium Safety,High Safety,High Safety,Medium Toxicity,CNP0201047.1,COc1c(O)c2c(c3cc(C(=O)N4CCc5c4c(O)c(OC)c4[nH]c(C(=O)N6CC7CC78C6=CC(=O)c6[nH]cc(C)c68)cc54)[nH]c13)CCN2C(N)=O
High Safety,High Safety,High Safety,High Safety,Medium Safety,High Safety,High Safety,Low Safety,Medium Safety,Low Safety,High Safety,High Safety,Low Safety,High Safety,Low Safety,Medium Safety,Low Toxicity,Medium Toxicity,High Toxicity,Medium Toxicity,High Safety,Low Safety,High Safety,,,,,,Medium Safety,High Safety,Low Safety,Medium Safety,Medium Safety,High Safety,High Safety,Medium Toxicity,CNP0201578.2,CC1OC(OC2CCC(OC3C(O)CC(c4ccc5c(c4O)C(=O)C4=C(C5=O)C5(O)C(=O)CC(C)(O)CC5(O)C=C4)OC3C)OC2C)C=CC1=O
High Safety,High Safety,High Safety,High Safety,Medium Safety,High Safety,High Safety,Low Safety,Medium Safety,Low Safety,High Safety,High Safety,Low Safety,High Safety,Low Safety,Medium Safety,Low Toxicity,Medium Toxicity,High Toxicity,Medium Toxicity,High Safety,Low Safety,High Safety,,,,,,Medium Safety,High Safety,Low Safety,Medium Safety,Medium Safety,High Safety,High Safety,Medium Toxicity,CNP0201578.3,CC1OC(OC2CCC(OC3C(O)CC(c4ccc5c(c4O)C(=O)C4=C(C5=O)C5(O)C(=O)CC(C)(O)CC5(O)C=C4)OC3C)OC2C)C=CC1=O
Medium Safety,Low Safety,High Safety,Low Safety,Medium Safety,High Safety,High Safety,Medium Safety,High Safety,High Safety,High Safety,High Safety,Medium Safety,Medium Safety,High Safety,High Safety,Low Toxicity,Low Toxicity,Medium Toxicity,Low Toxicity,High Safety,Medium Safety,High Safety,,,,,,Low Safety,High Safety,Low Toxicity,Medium Safety,Low Toxicity,High Safety,High Safety,High Toxicity,CNP0201697.1,COC1C(O)C(OC2CCC3(C)C(C2)CC2OC24C3CCC2(C)C(C3=CC(=O)OC3)CCC24O)OC(C)C1OC1OC(CO)C(O)C(O)C1O
Medium Safety,Low Safety,High Safety,Low Safety,Medium Safety,High Safety,High Safety,Medium Safety,High Safety,High Safety,High Safety,High Safety,Medium Safety,Medium Safety,High Safety,High Safety,Low Toxicity,Low Toxicity,Medium Toxicity,Low Toxicity,High Safety,Medium Safety,High Safety,,,,,,Low Safety,High Safety,Low Toxicity,Medium Safety,Low Toxicity,High Safety,High Safety,High Toxicity,CNP0201697.2,COC1C(O)C(OC2CCC3(C)C(C2)CC2OC24C3CCC2(C)C(C3=CC(=O)OC3)CCC24O)OC(C)C1OC1OC(CO)C(O)C(O)C1O
High Safety,High Safety,High Safety,Medium Safety,Medium Safety,High Safety,High Safety,Low Safety,Medium Safety,Low Toxicity,High Safety,High Safety,Low Safety,High Safety,Low Safety,High Toxicity,Low Toxicity,High Toxicity,High Toxicity,Medium Toxicity,High Safety,Low Toxicity,High Safety,,,,,,Low Safety,Medium Safety,Low Safety,Low Toxicity,Medium Safety,High Safety,High Safety,Medium Toxicity,CNP0202293.1,CC1OC(OC2CCC(OC3(C)CC(=O)C4(O)C5=C(C=CC4(O)C3)C(=O)c3c(ccc(C4CC(O)C(OC6CCC(=O)C(C)O6)C(C)O4)c3O)C5=O)OC2C)C=CC1=O
High Safety,High Safety,High Safety,Medium Safety,Medium Safety,High Safety,High Safety,Low Safety,Medium Safety,Low Toxicity,High Safety,High Safety,Low Safety,High Safety,Low Safety,High Toxicity,Low Toxicity,High Toxicity,High Toxicity,Medium Toxicity,High Safety,Low Toxicity,High Safety,,,,,,Low Safety,Medium Safety,Low Safety,Low Toxicity,Medium Safety,High Safety,High Safety,Medium Toxicity,CNP0202293.2,CC1OC(OC2CCC(OC3(C)CC(=O)C4(O)C5=C(C=CC4(O)C3)C(=O)c3c(ccc(C4CC(O)C(OC6CCC(=O)C(C)O6)C(C)O4)c3O)C5=O)OC2C)C=CC1=O
High Safety,Medium Safety,High Safety,High Safety,Low Safety,High Safety,High Safety,Low Toxicity,Medium Safety,Medium Safety,High Safety,High Safety,Low Toxicity,Low Toxicity,High Safety,High Safety,Low Toxicity,High Toxicity,High Toxicity,Low Safety,High Safety,Low Toxicity,High Safety,,,,,,Medium Safety,High Safety,Low Toxicity,Low Toxicity,Low Safety,High Safety,High Safety,Medium Toxicity,CNP0202331.1,COC1CC(OC2C(C)OC(OC3C(O)CC(OC4C(O)CC(OC5CCC6(C)C(CCC78OC(C)C9CCC(=O)C9(C)C(CC76)O8)C5)OC4C)OC3C)CC2OC)OC(C)C1O
High Safety,High Safety,High Safety,High Safety,Medium Safety,High Safety,High Safety,Medium Safety,High Safety,Medium Safety,High Safety,High Safety,High Safety,Medium Safety,High Safety,High Safety,Low Toxicity,Low Safety,Low Toxicity,Low Toxicity,Medium Safety,Medium Safety,High Safety,,,,,,Low Safety,High Safety,Low Toxicity,High Safety,Low Safety,High Safety,High Safety,Medium Toxicity,CNP0202462.1,CC1CCC2(OC1)OC1CC3C4CC=C5CC(OC6OC(CO)C(O)C(OC7OC(C)C(OC8OC(C)C(O)C(OC9OC(CO)C(O)C(O)C9O)C8O)C(O)C7O)C6O)CCC5(C)C4CCC3(C)C1C2C
High Safety,High Safety,High Safety,Medium Safety,Medium Safety,High Safety,High Safety,Medium Safety,High Safety,Low Safety,High Safety,High Safety,High Safety,Medium Safety,High Safety,High Safety,Low Toxicity,Low Toxicity,Low Toxicity,High Toxicity,High Safety,Medium Safety,High Safety,,,,,,Low Safety,High Safety,Low Safety,High Safety,Low Safety,High Safety,High Safety,Medium Toxicity,CNP0202976.1,CC(CO)C1(O)C2OC(=O)C(C3CC=C4C5=C(CCC43C)C3(C)CCC(OC4OC(CO)C(O)C(OC6OCC(O)C(O)C6O)C4O)CC3CC5)C2OC1(C)O
High Safety,High Safety,High Safety,Medium Safety,Medium Safety,High Safety,High Safety,Medium Safety,High Safety,Low Safety,High Safety,High Safety,High Safety,Medium Safety,High Safety,High Safety,Low Toxicity,Low Toxicity,Low Toxicity,High Toxicity,High Safety,Medium Safety,High Safety,,,,,,Low Safety,High Safety,Low Safety,High Safety,Low Safety,High Safety,High Safety,Medium Toxicity,CNP0202976.2,CC(CO)C1(O)C2OC(=O)C(C3CC=C4C5=C(CCC43C)C3(C)CCC(OC4OC(CO)C(O)C(OC6OCC(O)C(O)C6O)C4O)CC3CC5)C2OC1(C)O
High Safety,Low Toxicity,High Safety,Low Safety,Medium Safety,Medium Safety,High Safety,Low Safety,High Safety,High Safety,High Safety,High Safety,Low Safety,High Safety,High Safety,High Safety,Low Toxicity,Low Toxicity,Medium Toxicity,Low Safety,High Safety,Medium Safety,High Safety,,,,,,Low Safety,High Safety,Low Safety,Low Safety,Low Safety,High Safety,High Safety,High Toxicity,CNP0203452.14,CC1OC(OC2CCC3(C=O)C4CCC5(C)C(C6=CC(=O)OC6)CCC5(O)C4CCC3(O)C2)CC(O)C1OC1OC(CO)C(O)C(O)C1O
High Safety,Low Toxicity,High Safety,Low Safety,Medium Safety,Medium Safety,High Safety,Low Safety,High Safety,High Safety,High Safety,High Safety,Low Safety,High Safety,High Safety,High Safety,Low Toxicity,Low Toxicity,Medium Toxicity,Low Safety,High Safety,Medium Safety,High Safety,,,,,,Low Safety,High Safety,Low Safety,Low Safety,Low Safety,High Safety,High Safety,High Toxicity,CNP0203452.16,CC1OC(OC2CCC3(C=O)C4CCC5(C)C(C6=CC(=O)OC6)CCC5(O)C4CCC3(O)C2)CC(O)C1OC1OC(CO)C(O)C(O)C1O
High Safety,High Safety,High Safety,High Safety,Medium Safety,Low Safety,High Safety,Low Toxicity,High Safety,Medium Safety,High Safety,High Safety,Medium Toxicity,High Safety,High Safety,High Safety,Low Toxicity,High Toxicity,High Toxicity,Medium Safety,High Safety,Low Toxicity,High Safety,,,,,,Medium Safety,High Safety,Low Safety,Low Safety,Medium Safety,High Safety,High Safety,Medium Toxicity,CNP0204025.1,CC1CCC2C(C)(C)C(O)CCC2(C)C12Cc1c(cc3c(c1O)CN(CCCCC(C(=O)O)N1Cc4c(cc5c(c4O)CC4(O5)C(C)CCC5C(C)(C)C(O)CCC54C)C1=O)C3=O)O2
High Safety,Medium Safety,High Safety,High Safety,Medium Safety,High Safety,High Safety,Medium Safety,High Safety,Medium Safety,High Safety,High Safety,Medium Safety,High Safety,High Safety,High Safety,Low Toxicity,Low Toxicity,Medium Toxicity,High Toxicity,High Safety,Low Safety,High Safety,,,,,,Medium Safety,High Safety,Low Safety,High Safety,Low Safety,High Safety,High Safety,Medium Toxicity,CNP0204358.2,CC1OC(OC2C(CO)OC(OCC3OC(OC(=O)C45CCC(C)(C)CC4C4=CCC6C7(C)CCC(=O)C(C)(CO)C7CCC6(C)C4(C)CC5)C(O)C(O)C3O)C(O)C2O)C(O)C(O)C1O
High Safety,Low Toxicity,High Safety,High Safety,Low Safety,High Safety,High Safety,Medium Safety,High Safety,Medium Safety,High Safety,High Safety,Medium Safety,Medium Safety,High Safety,High Safety,Low Toxicity,Low Toxicity,Low Toxicity,Low Safety,High Safety,Medium Safety,High Safety,,,,,,Low Safety,High Safety,Low Toxicity,High Safety,Low Toxicity,High Safety,High Safety,Medium Toxicity,CNP0204684.1,CC1OC(OC2COC(OC3C(O)CC(OC4CCC5(C)C(CCC6C5CCC5(C)C(C7=CC(=O)OC7)C(O)C(O)C65O)C4)OC3C)C(O)C2O)C(O)C(O)C1O
Medium Safety,Low Safety,High Safety,Medium Safety,Medium Safety,High Safety,High Safety,Low Safety,High Safety,Medium Safety,High Safety,High Safety,Medium Safety,High Safety,High Safety,High Safety,Low Toxicity,Low Toxicity,Medium Toxicity,Medium Safety,High Safety,High Safety,High Safety,,,,,,Medium Safety,High Safety,Low Safety,Medium Safety,Low Safety,High Safety,High Safety,Medium Toxicity,CNP0204757.3,CC1OC(OC2CCC3(C=O)C4CCC5(C)C(c6ccc(=O)oc6)CCC5(O)C4CCC3(O)C2)C(O)C(O)C1OC1OC(CO)C(O)C(O)C1O
Medium Safety,Low Safety,High Safety,Medium Safety,Medium Safety,High Safety,High Safety,Low Safety,High Safety,Medium Safety,High Safety,High Safety,Medium Safety,High Safety,High Safety,High Safety,Low Toxicity,Low Toxicity,Medium Toxicity,Medium Safety,High Safety,High Safety,High Safety,,,,,,Medium Safety,High Safety,Low Safety,Medium Safety,Low Safety,High Safety,High Safety,Medium Toxicity,CNP0204757.5,CC1OC(OC2CCC3(C=O)C4CCC5(C)C(c6ccc(=O)oc6)CCC5(O)C4CCC3(O)C2)C(O)C(O)C1OC1OC(CO)C(O)C(O)C1O
High Safety,Medium Safety,High Safety,High Safety,Medium Safety,High Safety,High Safety,Medium Safety,High Safety,Medium Safety,High Safety,High Safety,High Safety,High Safety,High Safety,High Safety,Low Toxicity,Low Safety,Medium Toxicity,Low Toxicity,High Safety,Low Safety,High Safety,,,,,,Low Safety,High Safety,Low Toxicity,High Safety,Low Safety,High Safety,High Safety,High Toxicity,CNP0205219.3,CC1CCC2(NC1)OC1CC3C4CC=C5CC(OC6OC(CO)C(O)C(OC7OC(CO)C(O)C(O)C7O)C6O)CCC5(C)C4CCC3(C)C1C2C
High Safety,Medium Safety,High Safety,High Safety,Medium Safety,High Safety,High Safety,Medium Safety,High Safety,Medium Safety,High Safety,High Safety,High Safety,High Safety,High Safety,High Safety,Low Toxicity,Low Safety,Medium Toxicity,Low Toxicity,High Safety,Low Safety,High Safety,,,,,,Low Safety,High Safety,Low Toxicity,High Safety,Low Safety,High Safety,High Safety,High Toxicity,CNP0205219.4,CC1CCC2(NC1)OC1CC3C4CC=C5CC(OC6OC(CO)C(O)C(OC7OC(CO)C(O)C(O)C7O)C6O)CCC5(C)C4CCC3(C)C1C2C
High Safety,Medium Safety,High Safety,High Safety,Medium Safety,High Safety,High Safety,Medium Safety,High Safety,Medium Safety,High Safety,High Safety,High Safety,High Safety,High Safety,High Safety,Low Toxicity,Low Safety,Medium Toxicity,Low Toxicity,High Safety,Low Safety,High Safety,,,,,,Low Safety,High Safety,Low Toxicity,High Safety,Low Safety,High Safety,High Safety,High Toxicity,CNP0205219.5,CC1CCC2(NC1)OC1CC3C4CC=C5CC(OC6OC(CO)C(O)C(OC7OC(CO)C(O)C(O)C7O)C6O)CCC5(C)C4CCC3(C)C1C2C
High Safety,High Safety,High Safety,High Safety,Medium Safety,High Safety,High Safety,Medium Safety,High Safety,Medium Safety,High Safety,High Safety,High Safety,Medium Safety,High Safety,High Safety,Low Toxicity,Low Safety,Medium Toxicity,Low Toxicity,High Safety,Medium Safety,High Safety,,,,,,Low Safety,High Safety,Low Toxicity,Medium Safety,Low Toxicity,High Safety,High Safety,Medium Toxicity,CNP0205250.3,COC1CC(OC2CCC3(C)C(CCC45OC46CC=C(C4=CC(=O)OC4)C6(C)CCC35)C2)OC(C)C1OC1OC(COC2OC(CO)C(O)C(O)C2O)C(O)C(O)C1O
High Safety,High Safety,High Safety,High Safety,Medium Safety,High Safety,High Safety,Medium Safety,High Safety,Medium Safety,High Safety,High Safety,High Safety,Medium Safety,High Safety,High Safety,Low Toxicity,Low Safety,Medium Toxicity,Low Toxicity,High Safety,Medium Safety,High Safety,,,,,,Low Safety,High Safety,Low Toxicity,Medium Safety,Low Toxicity,High Safety,High Safety,Medium Toxicity,CNP0205250.4,COC1CC(OC2CCC3(C)C(CCC45OC46CC=C(C4=CC(=O)OC4)C6(C)CCC35)C2)OC(C)C1OC1OC(COC2OC(CO)C(O)C(O)C2O)C(O)C(O)C1O
High Safety,High Safety,High Safety,High Safety,Medium Safety,High Safety,High Safety,Medium Safety,High Safety,High Safety,High Safety,High Safety,Low Safety,High Safety,High Safety,High Safety,Low Toxicity,Medium Toxicity,High Toxicity,Low Safety,Medium Safety,Low Safety,High Safety,,,,,,Low Safety,High Safety,Medium Safety,High Safety,Low Safety,High Safety,High Safety,Medium Toxicity,CNP0206403.2,CC1(C)CCC2(C(=O)O)CCC3(C)C(=CCC4C5(C)CCC(OC6OCC(OC7OC(CO)C(O)C(O)C7O)C(O)C6O)C(C)(C)C5CCC43C)C2C1
High Safety,High Safety,High Safety,High Safety,Medium Safety,High Safety,High Safety,Medium Safety,High Safety,High Safety,High Safety,High Safety,Low Safety,High Safety,High Safety,High Safety,Low Toxicity,Medium Toxicity,High Toxicity,Low Safety,Medium Safety,Low Safety,High Safety,,,,,,Low Safety,High Safety,Medium Safety,High Safety,Low Safety,High Safety,High Safety,Medium Toxicity,CNP0206403.4,CC1(C)CCC2(C(=O)O)CCC3(C)C(=CCC4C5(C)CCC(OC6OCC(OC7OC(CO)C(O)C(O)C7O)C(O)C6O)C(C)(C)C5CCC43C)C2C1
High Safety,High Safety,High Safety,High Safety,Medium Safety,High Safety,High Safety,Medium Safety,High Safety,High Safety,High Safety,High Safety,Low Safety,High Safety,High Safety,High Safety,Low Toxicity,Medium Toxicity,High Toxicity,Low Safety,Medium Safety,Low Safety,High Safety,,,,,,Low Safety,High Safety,Medium Safety,High Safety,Low Safety,High Safety,High Safety,Medium Toxicity,CNP0206403.5,CC1(C)CCC2(C(=O)O)CCC3(C)C(=CCC4C5(C)CCC(OC6OCC(OC7OC(CO)C(O)C(O)C7O)C(O)C6O)C(C)(C)C5CCC43C)C2C1
High Safety,High Safety,High Safety,High Safety,Medium Safety,High Safety,High Safety,Medium Safety,High Safety,High Safety,High Safety,High Safety,Low Safety,High Safety,High Safety,High Safety,Low Toxicity,Medium Toxicity,High Toxicity,Low Safety,Medium Safety,Low Safety,High Safety,,,,,,Low Safety,High Safety,Medium Safety,High Safety,Low Safety,High Safety,High Safety,Medium Toxicity,CNP0206403.6,CC1(C)CCC2(C(=O)O)CCC3(C)C(=CCC4C5(C)CCC(OC6OCC(OC7OC(CO)C(O)C(O)C7O)C(O)C6O)C(C)(C)C5CCC43C)C2C1
High Safety,High Safety,High Safety,High Safety,Medium Safety,High Safety,High Safety,Medium Safety,High Safety,High Safety,High Safety,High Safety,Low Safety,High Safety,High Safety,High Safety,Low Toxicity,Medium Toxicity,High Toxicity,Low Safety,Medium Safety,Low Safety,High Safety,,,,,,Low Safety,High Safety,Medium Safety,High Safety,Low Safety,High Safety,High Safety,Medium Toxicity,CNP0206403.8,CC1(C)CCC2(C(=O)O)CCC3(C)C(=CCC4C5(C)CCC(OC6OCC(OC7OC(CO)C(O)C(O)C7O)C(O)C6O)C(C)(C)C5CCC43C)C2C1
High Safety,Medium Safety,High Safety,High Safety,Medium Safety,High Safety,High Safety,Medium Safety,Medium Safety,High Safety,High Safety,High Safety,High Safety,High Safety,High Safety,High Safety,Low Toxicity,Low Safety,Medium Toxicity,Medium Safety,High Safety,Medium Safety,High Safety,,,,,,Low Safety,High Safety,Low Toxicity,High Safety,Low Safety,High Safety,High Safety,Low Toxicity,CNP0207261.2,CC1CCC2(OC1)OC1CC3C4CC(=O)C5CC(OC6OC(COC7OCC(O)C(O)C7O)C(OC7OCC(O)C(O)C7O)C(O)C6O)CCC5(C)C4CCC3(C)C1C2C
High Safety,Medium Safety,High Safety,High Safety,Medium Safety,High Safety,High Safety,Low Safety,High Safety,Medium Safety,High Safety,High Safety,Low Safety,Medium Safety,High Safety,High Safety,Low Toxicity,High Toxicity,High Toxicity,High Toxicity,High Safety,Low Toxicity,High Safety,,,,,,Medium Safety,High Safety,Low Safety,Low Safety,Low Safety,High Safety,High Safety,Medium Toxicity,CNP0209031.2,COC1CC(OC2C(C)OC(OC3C(O)CC(OC4C(C)OC(OC5CCC6(C)C(=CCC7C(=O)OC8COC9(C)OC(=O)C(=CCC76)C89)C5)C(O)C4OC)OC3C)CC2OC)OC(C)C1O
High Safety,High Safety,High Safety,High Safety,Medium Safety,Low Toxicity,High Safety,High Safety,High Safety,High Safety,High Safety,High Safety,Medium Safety,Medium Safety,High Safety,High Safety,Low Toxicity,Low Safety,Medium Toxicity,Low Safety,Low Toxicity,Medium Safety,High Safety,,,,,,Low Safety,High Safety,Low Safety,High Safety,Low Toxicity,High Safety,High Safety,Low Toxicity,CNP0209217.1,CC1OC(OC2C(O)COC(OC3CCC4(C)C(CCC5(C)C4CCC4C6CC(C)(C)CCC6(C(=O)OC6OC(CO)C(O)C(O)C6O)CCC45C)C3(C)C)C2O)C(O)C(OC2OCC(O)C(O)C2O)C1O
High Safety,Low Safety,High Safety,High Safety,Medium Safety,High Safety,High Safety,Medium Safety,High Safety,Medium Safety,High Safety,High Safety,Low Safety,Medium Safety,High Safety,High Safety,Low Toxicity,Low Safety,Low Toxicity,Low Toxicity,High Safety,Medium Safety,High Safety,,,,,,Low Safety,High Safety,Low Toxicity,High Safety,Low Toxicity,High Safety,High Safety,Medium Toxicity,CNP0209411.0,CC1OC(OC2C(C)OC(OC3C(CO)OC(OC4CCC5(C)C(=CCC6C5CCC5(C)C6CC6OC7(CC(O)C(C)(O)CO7)C(C)C65O)C4)C(O)C3O)C(O)C2O)C(O)C(O)C1O
High Safety,Medium Safety,High Safety,High Safety,Medium Safety,High Safety,High Safety,Medium Safety,High Safety,Medium Safety,High Safety,High Safety,High Safety,High Safety,High Safety,High Safety,Low Toxicity,Low Safety,Medium Toxicity,Low Toxicity,High Safety,Medium Safety,High Safety,,,,,,Low Safety,High Safety,Low Toxicity,High Safety,Low Safety,High Safety,High Safety,Medium Toxicity,CNP0209594.1,CC1CCC2(NC1)OC1CC3C4CC=C5CC(OC6OC(COC7OC(C)C(OC8OC(C)C(O)C(O)C8O)C(O)C7O)C(O)C(O)C6O)CCC5(C)C4CCC3(C)C1C2C
Medium Safety,Low Toxicity,High Safety,Medium Safety,Low Safety,High Safety,High Safety,Low Safety,High Safety,Medium Safety,High Safety,High Safety,Low Safety,High Safety,High Safety,High Safety,Low Toxicity,Low Toxicity,Medium Toxicity,Low Toxicity,High Safety,Medium Safety,High Safety,,,,,,Low Safety,High Safety,Medium Safety,Medium Safety,Low Toxicity,High Safety,High Safety,High Toxicity,CNP0210147.1,CC(=O)OC1CC2(O)C3CCC4CC(OC5CC(O)C(OC6OC(CO)C(O)C(O)C6O)C(C)O5)CCC4(C)C3CCC2(C)C1C1=CC(=O)OC1
Medium Safety,Low Toxicity,High Safety,Medium Safety,Low Safety,High Safety,High Safety,Low Safety,High Safety,Medium Safety,High Safety,High Safety,Low Safety,High Safety,High Safety,High Safety,Low Toxicity,Low Toxicity,Medium Toxicity,Low Toxicity,High Safety,Medium Safety,High Safety,,,,,,Low Safety,High Safety,Medium Safety,Medium Safety,Low Toxicity,High Safety,High Safety,High Toxicity,CNP0210147.2,CC(=O)OC1CC2(O)C3CCC4CC(OC5CC(O)C(OC6OC(CO)C(O)C(O)C6O)C(C)O5)CCC4(C)C3CCC2(C)C1C1=CC(=O)OC1
Medium Safety,Low Toxicity,High Safety,Medium Safety,Low Safety,High Safety,High Safety,Low Safety,High Safety,Medium Safety,High Safety,High Safety,Low Safety,High Safety,High Safety,High Safety,Low Toxicity,Low Toxicity,Medium Toxicity,Low Toxicity,High Safety,Medium Safety,High Safety,,,,,,Low Safety,High Safety,Medium Safety,Medium Safety,Low Toxicity,High Safety,High Safety,High Toxicity,CNP0210147.3,CC(=O)OC1CC2(O)C3CCC4CC(OC5CC(O)C(OC6OC(CO)C(O)C(O)C6O)C(C)O5)CCC4(C)C3CCC2(C)C1C1=CC(=O)OC1
High Safety,Medium Safety,High Safety,High Safety,Medium Safety,High Safety,High Safety,Medium Safety,Medium Safety,Medium Safety,High Safety,High Safety,Low Safety,High Safety,High Safety,High Safety,Low Toxicity,Low Toxicity,Medium Toxicity,Low Toxicity,High Safety,Medium Safety,High Safety,,,,,,Low Safety,High Safety,Low Toxicity,High Safety,Low Safety,High Safety,High Safety,Medium Toxicity,CNP0210563.1,CC1CCC2(OC1)OC1CC3C4CC=C5CC(OC6OC(CO)C(OC7OC(CO)C(O)C(O)C7O)C(O)C6O)CCC5(C)C4CC(=O)C3(C)C1C2C
High Safety,Medium Safety,High Safety,High Safety,Medium Safety,High Safety,High Safety,Medium Safety,Medium Safety,Medium Safety,High Safety,High Safety,Low Safety,High Safety,High Safety,High Safety,Low Toxicity,Low Toxicity,Medium Toxicity,Low Toxicity,High Safety,Medium Safety,High Safety,,,,,,Low Safety,High Safety,Low Toxicity,High Safety,Low Safety,High Safety,High Safety,Medium Toxicity,CNP0210563.2,CC1CCC2(OC1)OC1CC3C4CC=C5CC(OC6OC(CO)C(OC7OC(CO)C(O)C(O)C7O)C(O)C6O)CCC5(C)C4CC(=O)C3(C)C1C2C
High Safety,Medium Safety,High Safety,High Safety,Medium Safety,High Safety,High Safety,Medium Safety,Medium Safety,Medium Safety,High Safety,High Safety,Low Safety,High Safety,High Safety,High Safety,Low Toxicity,Low Toxicity,Medium Toxicity,Low Toxicity,High Safety,Medium Safety,High Safety,,,,,,Low Safety,High Safety,Low Toxicity,High Safety,Low Safety,High Safety,High Safety,Medium Toxicity,CNP0210563.3,CC1CCC2(OC1)OC1CC3C4CC=C5CC(OC6OC(CO)C(OC7OC(CO)C(O)C(O)C7O)C(O)C6O)CCC5(C)C4CC(=O)C3(C)C1C2C
High Safety,Medium Safety,High Safety,High Safety,Medium Safety,High Safety,High Safety,Medium Safety,Medium Safety,Medium Safety,High Safety,High Safety,Low Safety,High Safety,High Safety,High Safety,Low Toxicity,Low Toxicity,Medium Toxicity,Low Toxicity,High Safety,Medium Safety,High Safety,,,,,,Low Safety,High Safety,Low Toxicity,High Safety,Low Safety,High Safety,High Safety,Medium Toxicity,CNP0210563.4,CC1CCC2(OC1)OC1CC3C4CC=C5CC(OC6OC(CO)C(OC7OC(CO)C(O)C(O)C7O)C(O)C6O)CCC5(C)C4CC(=O)C3(C)C1C2C
High Safety,Medium Safety,High Safety,High Safety,Medium Safety,High Safety,High Safety,Medium Safety,Medium Safety,Medium Safety,High Safety,High Safety,Low Safety,High Safety,High Safety,High Safety,Low Toxicity,Low Toxicity,Medium Toxicity,Low Toxicity,High Safety,Medium Safety,High Safety,,,,,,Low Safety,High Safety,Low Toxicity,High Safety,Low Safety,High Safety,High Safety,Medium Toxicity,CNP0210563.5,CC1CCC2(OC1)OC1CC3C4CC=C5CC(OC6OC(CO)C(OC7OC(CO)C(O)C(O)C7O)C(O)C6O)CCC5(C)C4CC(=O)C3(C)C1C2C
High Safety,Low Safety,High Safety,High Safety,Medium Safety,High Safety,High Safety,High Safety,High Safety,Medium Safety,High Safety,High Safety,High Safety,Medium Safety,High Safety,High Safety,Low Toxicity,Low Toxicity,Medium Toxicity,Medium Toxicity,High Safety,Medium Safety,High Safety,,,,,,Low Safety,High Safety,Low Toxicity,High Safety,Low Safety,High Safety,High Safety,Medium Toxicity,CNP0211194.0,CC1OC(OC2COC(OC3C(O)CC(OC4CCC5(C)C(CCC6C7=C(C(=O)C(O)C65)C(C5=CC(=O)OC5)CC7)C4)OC3C)C(O)C2O)C(O)C(O)C1O
High Safety,Medium Safety,High Safety,Medium Safety,High Safety,High Safety,High Safety,Medium Safety,High Safety,High Safety,High Safety,High Safety,Medium Safety,Medium Safety,High Safety,High Safety,Low Toxicity,Low Toxicity,Medium Toxicity,Low Toxicity,High Safety,Medium Safety,High Safety,,,,,,Low Safety,High Safety,Low Toxicity,Medium Safety,Low Toxicity,High Safety,High Safety,High Toxicity,CNP0212184.1,COC1C(O)C(OC2CCC3(C)C(CCC45OC46CC=C(C4=CC(=O)OC4)C6(C)CCC35)C2)OC(C)C1OC1OC(CO)C(O)C(O)C1O
Medium Safety,Low Toxicity,High Safety,Low Safety,Medium Safety,High Safety,High Safety,Medium Safety,High Safety,Medium Safety,High Safety,High Safety,Low Safety,High Safety,High Safety,High Safety,Low Toxicity,Low Toxicity,Low Toxicity,Low Safety,High Safety,Medium Safety,High Safety,,,,,,Low Safety,High Safety,Low Toxicity,High Safety,Low Safety,High Safety,High Safety,High Toxicity,CNP0213055.1,CC1OC(OC2CCC3(CO)C(CCC4C3CC(O)C3(C)C(C5=CC(=O)OC5)CCC43O)C2)C(O)C(O)C1OC1OC(CO)C(O)C(O)C1O
Medium Safety,High Toxicity,High Safety,Low Safety,Low Toxicity,High Safety,High Safety,Low Toxicity,High Safety,Medium Safety,High Safety,High Safety,Medium Toxicity,High Safety,High Safety,High Safety,Low Toxicity,High Toxicity,Medium Toxicity,Low Toxicity,High Safety,Low Toxicity,High Safety,,,,,,Low Safety,High Safety,Medium Toxicity,High Safety,Low Toxicity,High Safety,High Safety,High Toxicity,CNP0213332.1,CC1OC(OC2C(O)CC(OC3C(O)CC(OC4CCC5(C)C(CCC6C5CCC5(C)C(C7=CC(=O)OC7)C(O)CC65O)C4)OC3C)OC2C)CC(O)C1O
Medium Safety,High Toxicity,High Safety,Low Safety,Low Toxicity,High Safety,High Safety,Low Toxicity,High Safety,Medium Safety,High Safety,High Safety,Medium Toxicity,High Safety,High Safety,High Safety,Low Toxicity,High Toxicity,Medium Toxicity,Low Toxicity,High Safety,Low Toxicity,High Safety,,,,,,Low Safety,High Safety,Medium Toxicity,High Safety,Low Toxicity,High Safety,High Safety,High Toxicity,CNP0213332.11,CC1OC(OC2C(O)CC(OC3C(O)CC(OC4CCC5(C)C(CCC6C5CCC5(C)C(C7=CC(=O)OC7)C(O)CC65O)C4)OC3C)OC2C)CC(O)C1O
Medium Safety,High Toxicity,High Safety,Low Safety,Low Toxicity,High Safety,High Safety,Low Toxicity,High Safety,Medium Safety,High Safety,High Safety,Medium Toxicity,High Safety,High Safety,High Safety,Low Toxicity,High Toxicity,Medium Toxicity,Low Toxicity,High Safety,Low Toxicity,High Safety,,,,,,Low Safety,High Safety,Medium Toxicity,High Safety,Low Toxicity,High Safety,High Safety,High Toxicity,CNP0213332.12,CC1OC(OC2C(O)CC(OC3C(O)CC(OC4CCC5(C)C(CCC6C5CCC5(C)C(C7=CC(=O)OC7)C(O)CC65O)C4)OC3C)OC2C)CC(O)C1O
Medium Safety,High Toxicity,High Safety,Low Safety,Low Toxicity,High Safety,High Safety,Low Toxicity,High Safety,Medium Safety,High Safety,High Safety,Medium Toxicity,High Safety,High Safety,High Safety,Low Toxicity,High Toxicity,Medium Toxicity,Low Toxicity,High Safety,Low Toxicity,High Safety,,,,,,Low Safety,High Safety,Medium Toxicity,High Safety,Low Toxicity,High Safety,High Safety,High Toxicity,CNP0213332.2,CC1OC(OC2C(O)CC(OC3C(O)CC(OC4CCC5(C)C(CCC6C5CCC5(C)C(C7=CC(=O)OC7)C(O)CC65O)C4)OC3C)OC2C)CC(O)C1O
Medium Safety,High Toxicity,High Safety,Low Safety,Low Toxicity,High Safety,High Safety,Low Toxicity,High Safety,Medium Safety,High Safety,High Safety,Medium Toxicity,High Safety,High Safety,High Safety,Low Toxicity,High Toxicity,Medium Toxicity,Low Toxicity,High Safety,Low Toxicity,High Safety,,,,,,Low Safety,High Safety,Medium Toxicity,High Safety,Low Toxicity,High Safety,High Safety,High Toxicity,CNP0213332.3,CC1OC(OC2C(O)CC(OC3C(O)CC(OC4CCC5(C)C(CCC6C5CCC5(C)C(C7=CC(=O)OC7)C(O)CC65O)C4)OC3C)OC2C)CC(O)C1O
Medium Safety,High Toxicity,High Safety,Low Safety,Low Toxicity,High Safety,High Safety,Low Toxicity,High Safety,Medium Safety,High Safety,High Safety,Medium Toxicity,High Safety,High Safety,High Safety,Low Toxicity,High Toxicity,Medium Toxicity,Low Toxicity,High Safety,Low Toxicity,High Safety,,,,,,Low Safety,High Safety,Medium Toxicity,High Safety,Low Toxicity,High Safety,High Safety,High Toxicity,CNP0213332.4,CC1OC(OC2C(O)CC(OC3C(O)CC(OC4CCC5(C)C(CCC6C5CCC5(C)C(C7=CC(=O)OC7)C(O)CC65O)C4)OC3C)OC2C)CC(O)C1O
Medium Safety,High Toxicity,High Safety,Low Safety,Low Toxicity,High Safety,High Safety,Low Toxicity,High Safety,Medium Safety,High Safety,High Safety,Medium Toxicity,High Safety,High Safety,High Safety,Low Toxicity,High Toxicity,Medium Toxicity,Low Toxicity,High Safety,Low Toxicity,High Safety,,,,,,Low Safety,High Safety,Medium Toxicity,High Safety,Low Toxicity,High Safety,High Safety,High Toxicity,CNP0213332.5,CC1OC(OC2C(O)CC(OC3C(O)CC(OC4CCC5(C)C(CCC6C5CCC5(C)C(C7=CC(=O)OC7)C(O)CC65O)C4)OC3C)OC2C)CC(O)C1O
Medium Safety,High Toxicity,High Safety,Low Safety,Low Toxicity,High Safety,High Safety,Low Toxicity,High Safety,Medium Safety,High Safety,High Safety,Medium Toxicity,High Safety,High Safety,High Safety,Low Toxicity,High Toxicity,Medium Toxicity,Low Toxicity,High Safety,Low Toxicity,High Safety,,,,,,Low Safety,High Safety,Medium Toxicity,High Safety,Low Toxicity,High Safety,High Safety,High Toxicity,CNP0213332.6,CC1OC(OC2C(O)CC(OC3C(O)CC(OC4CCC5(C)C(CCC6C5CCC5(C)C(C7=CC(=O)OC7)C(O)CC65O)C4)OC3C)OC2C)CC(O)C1O
Medium Safety,High Toxicity,High Safety,Low Safety,Low Toxicity,High Safety,High Safety,Low Toxicity,High Safety,Medium Safety,High Safety,High Safety,Medium Toxicity,High Safety,High Safety,High Safety,Low Toxicity,High Toxicity,Medium Toxicity,Low Toxicity,High Safety,Low Toxicity,High Safety,,,,,,Low Safety,High Safety,Medium Toxicity,High Safety,Low Toxicity,High Safety,High Safety,High Toxicity,CNP0213332.7,CC1OC(OC2C(O)CC(OC3C(O)CC(OC4CCC5(C)C(CCC6C5CCC5(C)C(C7=CC(=O)OC7)C(O)CC65O)C4)OC3C)OC2C)CC(O)C1O
High Safety,High Safety,High Safety,Medium Safety,High Safety,High Safety,High Safety,Medium Safety,Medium Safety,Low Safety,High Safety,High Safety,High Safety,High Safety,Low Safety,Low Safety,Low Toxicity,Low Toxicity,Medium Toxicity,Medium Safety,High Safety,Medium Safety,High Safety,,,,,,Medium Safety,Medium Safety,Medium Toxicity,Medium Safety,Medium Safety,High Safety,High Safety,High Toxicity,CNP0213563.0,CC1OC(OCC2OC(Oc3ccc4[nH]c5c(c4c3)CCn3c-5nc4ccccc4c3=O)C(O)C(O)C2O)C(O)C(O)C1O
High Safety,Low Safety,High Safety,High Safety,Medium Safety,High Safety,High Safety,High Safety,High Safety,Low Safety,High Safety,High Safety,High Safety,Medium Safety,High Safety,High Safety,Low Toxicity,Medium Toxicity,Medium Toxicity,Low Toxicity,High Safety,Medium Safety,High Safety,,,,,,Low Safety,High Safety,Low Safety,High Safety,Medium Safety,High Safety,High Safety,Medium Toxicity,CNP0214069.1,CC1OC(OC2C(C)OC(OC3C=C4CCC5(O)C(CCC6(C)C(c7ccc(=O)oc7)CCC65O)C4(C)CC3)C(O)C2O)C(O)C(O)C1O
High Safety,Low Safety,High Safety,High Safety,Medium Safety,High Safety,High Safety,High Safety,High Safety,Low Safety,High Safety,High Safety,High Safety,Medium Safety,High Safety,High Safety,Low Toxicity,Medium Toxicity,Medium Toxicity,Low Toxicity,High Safety,Medium Safety,High Safety,,,,,,Low Safety,High Safety,Low Safety,High Safety,Medium Safety,High Safety,High Safety,Medium Toxicity,CNP0214069.2,CC1OC(OC2C(C)OC(OC3C=C4CCC5(O)C(CCC6(C)C(c7ccc(=O)oc7)CCC65O)C4(C)CC3)C(O)C2O)C(O)C(O)C1O
High Safety,Low Safety,High Safety,Medium Safety,Medium Safety,Low Safety,High Safety,Medium Safety,High Safety,Medium Safety,High Safety,High Safety,Medium Safety,High Safety,High Safety,High Safety,Low Toxicity,Low Toxicity,Low Toxicity,Medium Toxicity,High Safety,Medium Safety,High Safety,,,,,,Low Safety,High Safety,Low Safety,High Safety,Low Safety,High Safety,High Safety,High Toxicity,CNP0214193.1,CC12CCC(OC3OC(CO)C(O)C(OC4OC(CO)C(O)C(O)C4O)C3O)CC1=CCC1C2CCC2(C)C(=C3COC(=O)C3)CCC12O
High Safety,Low Safety,High Safety,Medium Safety,Medium Safety,Low Safety,High Safety,Medium Safety,High Safety,Medium Safety,High Safety,High Safety,Medium Safety,High Safety,High Safety,High Safety,Low Toxicity,Low Toxicity,Low Toxicity,Medium Toxicity,High Safety,Medium Safety,High Safety,,,,,,Low Safety,High Safety,Low Safety,High Safety,Low Safety,High Safety,High Safety,High Toxicity,CNP0214193.4,CC12CCC(OC3OC(CO)C(O)C(OC4OC(CO)C(O)C(O)C4O)C3O)CC1=CCC1C2CCC2(C)C(=C3COC(=O)C3)CCC12O
